label,ablation,arm,tape,steps,k,seed,replicate,horizon,steps_run,stopped_early,t_02,t_10,tq_10,tq_50,t02_tape,t02_mech,final_top_share,final_q_share_x,final_H,final_hoe_x,final_tape_top1,wall_s,file,t_rep,t_faith,final_tape,final_rank,final_share,final_score,final_gen2,final_gen2_cond,final_q75,final_faithful,final_replicator,final_offset,final_self_b,final_mechs,final_period,final_period_match,final_insitu_score,final_insitu_gen2,final_insitu_n_inf,final_insitu_replicator,final_insitu_best_gen2,final_insitu_best_tape,final_func_n,final_func_rnd,final_func_rnd_faithful,final_func_insitu,final_func_insitu_n,final_c_blockcopy,final_c_push2,final_c_zero8,final_hoe_y,final_H0,final_zero_frac,final_q_share_y,final_q_shift_share,trep_tape,trep_rank,trep_share,trep_score,trep_gen2,trep_gen2_cond,trep_q75,trep_faithful,trep_self_b,trep_offset,trep_mechs,trep_period,trep_period_match,tfaith_tape,em_tape,em_rank,em_score,em_gen2,em_q75,em_faithful
all-ld,all-ld,nominal,16,128,4,101,,1000000,1000000,False,-1,-1,-1,-1,,,0.0061,0.0662,14.050471556821567,0.6969849181840546,ff 41 00 41 00 41 00 41 00 41 00 41 00 41 00 41,249.04,all-ld_L16_st128_k4_s101.summary.json,-1,-1,00 41 00 41 00 41 00 41 00 41 00 41 00 01 00 00,2,0.0042,0.102,0.144,,0.0,False,False,,0.841,-,15,1.0,0.0,0.001,59,False,0.001,00 41 00 41 00 41 00 41 00 41 00 41 00 01 00 00,32,0.0,0.0,0.0,32,0.0001,0.0004,0.2408,0.6969849181840546,5.8971099181840545,0.328328125,0.0662,0.07415,,,,,,,,,,,,,,,,,,,,
all-ld,all-ld,nominal,16,128,4,102,,1000000,1000000,False,-1,-1,-1,-1,,,0.0072,0.07025,14.026169826882086,0.7109077791560097,ff 41 00 41 00 41 00 41 00 41 00 41 00 41 00 41,240.94,all-ld_L16_st128_k4_s102.summary.json,-1,-1,00 41 00 41 00 41 00 41 00 41 00 41 00 01 00 00,2,0.0046,0.102,0.144,,0.0,False,False,,0.841,-,15,1.0,0.0,0.015,56,False,0.015,00 41 00 41 00 41 00 41 00 41 00 41 00 01 00 00,32,0.0,0.0,0.0,32,0.0001,0.0004,0.24745,0.7109077791560097,5.88930777915601,0.328278125,0.07025,0.0779,,,,,,,,,,,,,,,,,,,,
all-ld,all-ld,nominal,16,128,4,103,,1000000,1000000,False,-1,-1,-1,-1,,,0.00245,0.004,11.89257714908058,5.399752273610088,d1 d1 74 1d c3 09 d7 50 72 ed b0 4d d1 57 d7 1d,211.89,all-ld_L16_st128_k4_s103.summary.json,-1,-1,d1 d1 74 1d c3 09 d7 50 72 ed b0 4d d1 57 d7 1d,0,0.0024,1.0,1.0,1.0,1.0,True,True,0.0,0.789,block-copy+stack,16,0.5,1.0,1.0,64,True,1.0,d1 d1 74 1d c3 09 d7 50 72 ed b0 4d d1 57 d7 1d,32,0.8125,0.8125,0.875,32,0.9543,0.0061,0.00205,5.399752273610088,6.654652273610088,0.01885,0.004,0.004,,,,,,,,,,,,,,,,,,,,
all-ld,all-ld,nominal,16,128,4,104,,1000000,1000000,False,-1,-1,-1,-1,,,0.0069,0.01085,14.023404970763856,0.7217698652669249,ff 41 00 41 00 51 00 51 00 51 00 51 00 11 00 41,241.53,all-ld_L16_st128_k4_s104.summary.json,-1,-1,00 41 00 41 00 41 00 41 00 41 00 41 00 01 00 00,2,0.0047,0.102,0.144,,0.0,False,False,,0.841,-,15,1.0,0.0,0.003,58,False,0.018,ff 41 00 41 00 51 00 51 00 51 00 51 00 11 00 41,32,0.0,0.0,0.0,32,0.00025,0.00065,0.2433,0.7217698652669249,5.896744865266925,0.327628125,0.01085,0.0109,,,,,,,,,,,,,,,,,,,,
all-ld,all-ld,nominal,16,128,4,105,,1000000,1000000,False,-1,-1,-1,-1,,,0.0069,0.0681,14.031361743074942,0.7135041583327943,ff 41 00 41 00 41 00 41 00 41 00 41 00 41 00 41,242.08,all-ld_L16_st128_k4_s105.summary.json,-1,-1,00 41 00 41 00 41 00 41 00 41 00 41 00 01 00 00,2,0.004,0.102,0.144,,0.0,False,False,,0.841,-,15,1.0,0.008,0.042,59,False,0.042,00 41 00 41 00 41 00 41 00 41 00 41 00 01 00 00,32,0.0,0.0,0.0,32,0.0002,0.00035,0.2475,0.7135041583327943,5.893454158332794,0.328134375,0.0681,0.07595,,,,,,,,,,,,,,,,,,,,
all-ld,all-ld,nominal,16,128,4,106,,1000000,1000000,False,-1,-1,-1,-1,,,0.00145,0.0037,11.92071013427237,5.646008524160055,4b 28 ed b0 53 c2 35 aa d1 f0 3c 59 58 43 3d b4,210.14,all-ld_L16_st128_k4_s106.summary.json,313000,313000,4b 28 ed b0 53 c2 35 aa d1 f0 3c 59 58 43 3d b4,0,0.0014,1.0,1.0,1.0,1.0,True,True,0.0,0.808,-,16,0.0,1.0,1.0,64,True,1.0,4b 28 ed b0 53 c2 35 aa d1 f0 3c 59 58 43 3d b4,32,0.84375,0.84375,0.84375,32,0.97415,0.0027,0.00105,5.646008524160055,6.860883524160055,0.033209375,0.0037,0.0037,d9 cb db ed b0 76 e3 78 d9 cb db ed b0 76 e3 78,0.0,0.0063,1.0,1.0,1.0,1.0,True,0.584,0.0,block-copy+stack,8.0,1.0,d9 cb db ed b0 76 e3 78 d9 cb db ed b0 76 e3 78,,,,,,
all-ld,all-ld,nominal,16,128,4,107,,1000000,1000000,False,-1,-1,-1,-1,,,0.00725,0.06735,14.024255942200153,0.7066565506615401,ff 41 00 41 00 41 00 41 00 41 00 41 00 41 00 41,242.41,all-ld_L16_st128_k4_s107.summary.json,-1,-1,00 41 00 41 00 41 00 41 00 41 00 41 00 01 00 00,2,0.004,0.102,0.144,,0.0,False,False,,0.841,-,15,1.0,0.0,0.022,54,False,0.022,00 41 00 41 00 41 00 41 00 41 00 41 00 01 00 00,32,0.0,0.0,0.0,32,0.00015,0.0006,0.24775,0.7066565506615401,5.89518155066154,0.328040625,0.06735,0.0753,,,,,,,,,,,,,,,,,,,,
all-ld,all-ld,nominal,16,128,4,108,,1000000,1000000,False,-1,-1,254000,-1,,,0.00635,0.03885,11.64784471248127,5.4614312310396205,d1 c0 a1 88 da e6 ed b0 d1 c0 a1 88 da e6 ed b0,202.73,all-ld_L16_st128_k4_s108.summary.json,132000,132000,d1 c0 a1 88 da e6 ed b0 d1 c0 a1 88 da e6 ed b0,0,0.0063,1.0,1.0,1.0,1.0,True,True,0.0,0.812,-,8,1.0,1.0,1.0,61,True,1.0,d1 c0 a1 88 da e6 ed b0 d1 c0 a1 88 da e6 ed b0,32,0.875,0.875,0.90625,32,0.96605,0.0104,0.00305,5.4614312310396205,6.63120623103962,0.021453125,0.03885,0.03885,d1 00 27 c8 0c c6 ed b0 d1 00 27 c8 0c c6 ed b0,0.0,0.0057,1.0,1.0,1.0,1.0,True,0.854,0.0,-,8.0,1.0,d1 00 27 c8 0c c6 ed b0 d1 00 27 c8 0c c6 ed b0,d1 c0 db 28 5d e6 ed b0 d1 c0 db 28 5d e6 ed b0,0.0,1.0,1.0,1.0,True
all-ld,all-ld,nominal,16,128,4,109,,1000000,1000000,False,-1,-1,-1,-1,,,0.0073,0.0648,14.033468691683979,0.7171113776470373,ff 41 00 41 00 41 00 41 00 41 00 41 00 41 00 41,250.64,all-ld_L16_st128_k4_s109.summary.json,-1,-1,00 41 00 41 00 41 00 41 00 41 00 41 00 01 00 00,2,0.0043,0.102,0.144,,0.0,False,False,,0.841,-,15,1.0,0.0,-0.003,58,False,0.031,ff 41 00 41 00 51 00 51 00 51 00 51 00 11 00 41,32,0.0,0.0,0.0,32,5e-05,0.0005,0.2436,0.7171113776470373,5.901961377647037,0.326828125,0.0648,0.07325,,,,,,,,,,,,,,,,,,,,
all-ld,all-ld,nominal,16,128,4,110,,1000000,1000000,False,-1,-1,-1,-1,,,0.0019,0.00485,11.925305084724913,5.533385908635415,d1 90 d1 c3 8b 84 66 3e 7d 53 c6 ed b0 38 19 da,204.51,all-ld_L16_st128_k4_s110.summary.json,-1,-1,d1 90 d1 c3 8b 84 66 3e 7d 53 c6 ed b0 38 19 da,0,0.0019,1.0,1.0,1.0,1.0,True,True,0.0,0.815,-,16,0.071,1.0,1.0,64,True,1.0,d1 90 d1 c3 8b 84 66 3e 7d 53 c6 ed b0 38 19 da,32,0.96875,0.96875,0.96875,32,0.95355,0.0107,0.00185,5.533385908635415,6.792385908635415,0.023478125,0.00485,0.0049,,,,,,,,,,,,,,,,,,,,
all-ld,all-ld,nominal,16,32,2,101,,1000000,1000000,False,-1,-1,-1,-1,,,0.00065,0.00075,13.42377261175744,4.29385106520164,d1 e0 ed b0 97 02 28 32 61 f1 10 13 c8 e7 78 f9,136.89,all-ld_L16_st32_k2_s101.summary.json,-1,-1,d1 e0 ed b0 97 02 28 32 61 f1 10 13 c8 e7 78 f9,0,0.0006,1.0,1.0,1.0,1.0,True,True,0.0,0.825,block-copy+stack,16,0.0,1.0,1.0,64,True,1.0,d1 e0 ed b0 97 02 28 32 61 f1 10 13 c8 e7 78 f9,32,0.625,0.625,0.65625,32,0.85295,0.00935,0.00595,4.29385106520164,6.94635106520164,0.04873125,0.00075,0.00075,,,,,,,,,,,,,,,,,,,,
all-ld,all-ld,nominal,16,32,2,102,,1000000,1000000,False,-1,-1,-1,-1,,,0.00095,0.0037,13.45061456100983,3.942626606999647,cb db d2 e4 ed b0 55 7f cb db d2 e4 ed b0 55 7f,141.5,all-ld_L16_st32_k2_s102.summary.json,881000,881000,cb db d2 e4 ed b0 55 7f cb db d2 e4 ed b0 55 7f,0,0.0009,1.0,1.0,1.0,1.0,True,True,0.0,0.824,-,8,1.0,1.0,1.0,64,True,1.0,cb db d2 e4 ed b0 55 7f cb db d2 e4 ed b0 55 7f,32,0.71875,0.71875,0.71875,32,0.80415,0.01725,0.01205,3.942626606999647,6.648301606999647,0.098625,0.0037,0.0037,cb d3 ed b0 cb d3 ed b0 cb d3 ed b0 cb d3 ed b0,0.0,0.0112,1.0,1.0,1.0,1.0,True,0.675,0.0,block-copy,4.0,1.0,cb d3 ed b0 cb d3 ed b0 cb d3 ed b0 cb d3 ed b0,,,,,,
all-ld,all-ld,nominal,16,32,2,103,,1000000,1000000,False,-1,-1,-1,-1,,,0.00065,0.00075,13.409819146308509,4.296318112749757,d1 e0 ed b0 da 62 38 01 0d 01 00 00 6d 00 50 65,154.5,all-ld_L16_st32_k2_s103.summary.json,-1,-1,d1 e0 ed b0 da 62 38 01 0d 01 00 00 6d 00 50 65,0,0.0006,1.0,1.0,1.0,1.0,True,True,0.0,0.868,block-copy,16,0.143,1.0,1.0,64,True,1.0,d1 e0 ed b0 da 62 38 01 0d 01 00 00 6d 00 50 65,32,0.8125,0.8125,0.84375,32,0.8581,0.0068,0.00465,4.296318112749757,6.912668112749757,0.0514375,0.00075,0.00075,,,,,,,,,,,,,,,,,,,,
all-ld,all-ld,nominal,16,32,2,104,,1000000,1000000,False,-1,-1,-1,-1,,,0.00055,0.00125,13.445822304129345,4.288642542287427,d1 e0 ed b0 9d a1 9d 42 4d 61 0a 11 97 ff 1e 7f,145.14,all-ld_L16_st32_k2_s104.summary.json,-1,-1,d1 e0 ed b0 9d a1 9d 42 4d 61 0a 11 97 ff 1e 7f,0,0.0006,1.0,1.0,1.0,1.0,True,True,0.0,0.855,block-copy+stack,16,0.071,1.0,1.0,64,True,1.0,d1 e0 ed b0 9d a1 9d 42 4d 61 0a 11 97 ff 1e 7f,32,0.5625,0.5625,0.5625,32,0.8529,0.0088,0.00515,4.288642542287427,6.931867542287427,0.052915625,0.00125,0.00125,,,,,,,,,,,,,,,,,,,,
all-ld,all-ld,nominal,16,32,2,105,,1000000,1000000,False,-1,-1,-1,-1,,,0.0007,0.00135,13.428721901487975,4.272112190730699,d1 e0 ed b0 bb 82 8f 26 9b 82 f6 60 39 01 1c b3,142.06,all-ld_L16_st32_k2_s105.summary.json,-1,-1,d1 e0 ed b0 bb 82 8f 26 9b 82 f6 60 39 01 1c b3,0,0.0007,1.0,1.0,1.0,1.0,True,True,0.0,0.883,block-copy,16,0.083,1.0,1.0,64,True,1.0,d1 e0 ed b0 bb 82 8f 26 9b 82 f6 60 39 01 1c b3,32,0.75,0.75,0.75,32,0.8518,0.00785,0.00655,4.272112190730699,6.922162190730699,0.054703125,0.00135,0.00135,,,,,,,,,,,,,,,,,,,,
all-ld,all-ld,nominal,16,32,2,106,,1000000,1000000,False,219000,221000,220000,223000,b0 f5 d1 ed b0 f5 d1 ed b0 f5 d1 ed b0 f5 d1 ed,block-copy+stack,0.561,0.80385,6.4320526307882,1.8782226756660965,b0 f5 d1 ed b0 f5 d1 ed b0 f5 d1 ed b0 f5 d1 ed,130.9,all-ld_L16_st32_k2_s106.summary.json,218000,218000,b0 f5 d1 ed b0 f5 d1 ed b0 f5 d1 ed b0 f5 d1 ed,0,0.561,1.0,1.0,1.0,1.0,True,True,0.0,0.673,block-copy+stack,4,1.0,1.0,1.0,18,True,1.0,b0 f5 d1 ed b0 f5 d1 ed b0 f5 d1 ed b0 f5 d1 ed,32,0.6875,0.6875,0.0,6,0.91985,0.9094,0.01015,1.8782226756660965,3.0487476756660965,0.0289,0.80385,0.8048,b0 f5 d1 ed b0 f5 d1 ed b0 f5 d1 ed b0 f5 d1 ed,0.0,0.009,1.0,1.0,1.0,1.0,True,0.673,0.0,block-copy+stack,4.0,1.0,b0 f5 d1 ed b0 f5 d1 ed b0 f5 d1 ed b0 f5 d1 ed,b0 f5 d1 ed b0 f5 d1 ed b0 f5 d1 ed b0 f5 d1 ed,0.0,1.0,1.0,1.0,True
all-ld,all-ld,nominal,16,32,2,107,,1000000,1000000,False,-1,-1,-1,-1,,,0.00055,0.0015,13.440114069863242,4.234079533140483,d1 e0 ed b0 24 a2 56 96 7d 47 49 c1 ba 00 00 11,142.51,all-ld_L16_st32_k2_s107.summary.json,-1,-1,d1 e0 ed b0 24 a2 56 96 7d 47 49 c1 ba 00 00 11,0,0.0006,1.0,1.0,1.0,1.0,True,True,0.0,0.919,block-copy,16,0.067,1.0,1.0,64,True,1.0,d1 e0 ed b0 24 a2 56 96 7d 47 49 c1 ba 00 00 11,32,0.625,0.625,0.625,32,0.84825,0.0077,0.0063,4.234079533140483,6.915954533140483,0.055965625,0.0015,0.00155,,,,,,,,,,,,,,,,,,,,
all-ld,all-ld,nominal,16,32,2,108,,1000000,1000000,False,-1,-1,-1,-1,,,0.0009,0.0039,14.274475055022695,0.2714892136292679,00 01 00 01 00 01 00 01 00 01 00 01 00 01 00 01,135.58,all-ld_L16_st32_k2_s108.summary.json,-1,-1,00 21 00 21 00 21 00 21 00 21 00 21 00 21 00 21,2,0.0004,0.031,0.086,,0.0,False,False,,0.923,-,2,1.0,0.001,0.014,64,False,0.019,00 21 00 21 00 21 00 21 00 21 00 21 00 01 00 21,32,0.0,0.0,0.0,32,0.00035,0.0058,0.0893,0.2714892136292679,6.495339213629268,0.26314375,0.0039,0.00395,,,,,,,,,,,,,,,,,,,,
all-ld,all-ld,nominal,16,32,2,109,,1000000,1000000,False,-1,-1,-1,-1,,,0.0007,0.00085,13.413830853310284,4.314660103338067,d1 e0 ed b0 55 62 d1 e0 ed 5b 60 d3 a6 01 6e 1b,143.44,all-ld_L16_st32_k2_s109.summary.json,-1,-1,d1 e0 ed b0 55 62 d1 e0 ed 5b 60 d3 a6 01 6e 1b,0,0.0007,1.0,1.0,1.0,1.0,True,True,0.0,0.858,block-copy,16,0.3,1.0,1.0,64,True,1.0,d1 e0 ed b0 55 62 d1 e0 ed 5b 60 d3 a6 01 6e 1b,32,0.65625,0.65625,0.71875,32,0.8512,0.0085,0.00615,4.314660103338067,6.947760103338068,0.052540625,0.00085,0.00085,,,,,,,,,,,,,,,,,,,,
all-ld,all-ld,nominal,16,32,2,110,,1000000,1000000,False,-1,-1,708000,-1,,,0.0018,0.0161,12.853019565298952,3.9102224247046387,cb dd eb ed b0 d2 dd d2 cb dd eb ed b0 d2 dd d2,146.15,all-ld_L16_st32_k2_s110.summary.json,-1,-1,cb dd eb ed b0 d2 dd d2 cb dd eb ed b0 d2 dd d2,0,0.0018,1.0,1.0,1.0,1.0,True,True,0.0,0.789,block-copy,8,1.0,1.0,1.0,63,True,1.0,cb dd eb ed b0 d2 dd d2 cb dd eb ed b0 d2 dd d2,32,0.78125,0.78125,0.78125,32,0.9267,0.03375,0.00555,3.910222424704638,5.577472424704639,0.020875,0.0161,0.0184,,,,,,,,,,,,,,,cb db c2 e4 ed b0 7c bf cb db c2 e4 ed b0 7c bf,0.0,1.0,1.0,1.0,True
block-copy,block-copy,nominal,16,128,2,101,,300000,300000,False,2500,-1,3750,-1,11 d5 11 d5 11 d5 11 d5 11 d5 11 d5 11 d5 11 d5,stack,0.0749,0.12085,12.69862893162582,1.6256797775600327,11 d5 11 d5 11 d5 11 d5 11 d5 11 d5 11 d5 11 d5,100.92,block-copy_L16_st128_k2_s101.summary.json,1900,1900,21 e5 21 e5 21 e5 21 e5 21 e5 21 e5 21 e5 21 e5,1,0.043,0.787,0.532,0.749,0.656,True,True,0.0,0.598,stack,2,1.0,0.89,0.712,60,True,0.77,11 d5 11 d5 11 d5 11 d5 11 d5 11 d5 11 d5 11 d5,32,0.0625,0.0625,0.0625,32,0.0002,0.31195,0.2112,1.625679777560033,5.106854777560033,0.2331125,0.12085,0.12245,11 d5 11 d5 11 d5 11 d5 11 d5 11 d5 11 d5 11 d5,2.0,0.0057,0.746,0.44,0.691,0.625,True,0.548,0.0,stack,2.0,1.0,11 d5 11 d5 11 d5 11 d5 11 d5 11 d5 11 d5 11 d5,01 c5 01 c5 01 c5 01 c5 01 c5 01 c5 01 c5 01 c5,2.0,0.822,0.585,0.719,True
block-copy,block-copy,nominal,16,128,2,102,,300000,300000,False,2100,-1,3750,-1,01 c5 01 c5 01 c5 01 c5 01 c5 01 c5 01 c5 01 c5,stack,0.05995,0.09345,12.779011817423267,1.6581944781816267,11 d5 11 d5 11 d5 11 d5 11 d5 11 d5 11 d5 11 d5,101.66,block-copy_L16_st128_k2_s102.summary.json,1400,1400,21 e5 21 e5 21 e5 21 e5 21 e5 21 e5 21 e5 21 e5,1,0.0542,0.787,0.532,0.749,0.656,True,True,0.0,0.598,stack,2,1.0,0.857,0.669,57,True,0.707,11 d5 11 d5 11 d5 11 d5 11 d5 11 d5 11 d5 11 d5,32,0.21875,0.1875,0.25,32,0.0001,0.2926,0.20485,1.658194478181627,5.2302944781816265,0.231353125,0.09345,0.0942,01 c5 01 c5 01 c5 01 c5 01 c5 01 c5 01 c5 01 c5,0.0,0.0067,0.822,0.585,0.76,0.719,True,0.588,0.0,stack,2.0,1.0,01 c5 01 c5 01 c5 01 c5 01 c5 01 c5 01 c5 01 c5,01 c5 01 c5 01 c5 01 c5 01 c5 01 c5 01 c5 01 c5,0.0,0.822,0.585,0.719,True
block-copy,block-copy,nominal,16,128,2,103,,300000,300000,False,1650,99000,3600,-1,21 e5 21 e5 21 e5 21 e5 21 e5 21 e5 21 e5 21 e5,stack,0.31195,0.45745,9.69450720624,1.276965516068643,c8 e3 21 e3 21 81 c8 81 c8 e3 21 e3 21 81 c8 81,88.87,block-copy_L16_st128_k2_s103.summary.json,850,850,c8 e3 21 e3 21 81 c8 81 c8 e3 21 e3 21 81 c8 81,0,0.312,1.0,1.0,1.0,1.0,True,True,0.0,0.698,stack,8,1.0,1.0,1.0,34,True,1.0,c8 e3 21 e3 21 81 c8 81 c8 e3 21 e3 21 81 c8 81,32,0.28125,0.28125,0.28125,32,0.0,0.00245,0.05505,1.276965516068643,3.572690516068643,0.085975,0.45745,0.4653,21 e5 21 e5 21 e5 21 e5 21 e5 21 e5 21 e5 21 e5,2.0,0.0053,0.787,0.532,0.749,0.656,True,0.598,0.0,stack,2.0,1.0,21 e5 21 e5 21 e5 21 e5 21 e5 21 e5 21 e5 21 e5,01 c5 01 c5 01 c5 01 c5 01 c5 01 c5 01 c5 01 c5,1.0,0.822,0.585,0.719,True
block-copy,block-copy,nominal,16,128,2,104,,300000,300000,False,950,119500,2200,-1,01 c5 01 c5 01 c5 01 c5 01 c5 01 c5 01 c5 01 c5,stack,0.3182,0.46995,9.602874605592541,1.2810287802310452,c8 e3 21 e3 21 81 c8 81 c8 e3 21 e3 21 81 c8 81,91.9,block-copy_L16_st128_k2_s104.summary.json,650,650,c8 e3 21 e3 21 81 c8 81 c8 e3 21 e3 21 81 c8 81,0,0.3182,1.0,1.0,1.0,1.0,True,True,0.0,0.698,stack,8,1.0,1.0,1.0,31,True,1.0,c8 e3 21 e3 21 81 c8 81 c8 e3 21 e3 21 81 c8 81,32,0.375,0.375,0.40625,32,0.0,0.0019,0.0474,1.2810287802310452,3.521903780231045,0.07969375,0.46995,0.4776,01 c5 01 c5 01 c5 01 c5 01 c5 01 c5 01 c5 01 c5,0.0,0.0067,0.822,0.585,0.76,0.719,True,0.588,0.0,stack,2.0,1.0,01 c5 01 c5 01 c5 01 c5 01 c5 01 c5 01 c5 01 c5,01 c5 01 c5 01 c5 01 c5 01 c5 01 c5 01 c5 01 c5,0.0,0.822,0.585,0.719,True
block-copy,block-copy,nominal,16,128,2,105,,300000,300000,False,950,2650,2000,-1,11 d5 11 d5 11 d5 11 d5 11 d5 11 d5 11 d5 11 d5,stack,0.0588,0.1998,12.293561953960333,1.7469890919383664,21 e3 21 e3 21 e3 21 e3 21 e3 21 e3 21 e3 21 e3,99.75,block-copy_L16_st128_k2_s105.summary.json,300,300,ae e3 21 e3 21 e0 ae e0 ae e3 21 e3 21 e0 ae e0,1,0.0214,1.0,1.0,1.0,1.0,True,True,0.0,0.745,stack,8,1.0,1.0,1.0,51,True,1.0,ae e3 21 e3 21 e0 ae e0 ae e3 21 e3 21 e0 ae e0,32,0.21875,0.21875,0.21875,32,5e-05,0.00335,0.05195,1.7469890919383664,4.631814091938367,0.085334375,0.1998,0.2002,11 d5 11 d5 11 d5 11 d5 11 d5 11 d5 11 d5 11 d5,1.0,0.0051,0.746,0.44,0.691,0.625,True,0.548,0.0,stack,2.0,1.0,11 d5 11 d5 11 d5 11 d5 11 d5 11 d5 11 d5 11 d5,01 c5 01 c5 01 c5 01 c5 01 c5 01 c5 01 c5 01 c5,1.0,0.822,0.585,0.719,True
block-copy,block-copy,nominal,16,128,2,106,,300000,300000,False,1150,-1,2050,-1,01 c5 01 c5 01 c5 01 c5 01 c5 01 c5 01 c5 01 c5,stack,0.06895,0.1058,12.762436235649838,1.6534426709021406,21 e5 21 e5 21 e5 21 e5 21 e5 21 e5 21 e5 21 e5,101.01,block-copy_L16_st128_k2_s106.summary.json,600,600,01 c5 01 c5 01 c5 01 c5 01 c5 01 c5 01 c5 01 c5,2,0.0126,0.822,0.585,0.76,0.719,True,True,0.0,0.588,stack,2,1.0,0.867,0.671,63,True,0.723,11 d5 11 d5 11 d5 11 d5 11 d5 11 d5 11 d5 11 d5,32,0.21875,0.15625,0.21875,32,0.0002,0.2956,0.2021,1.6534426709021406,5.2123426709021405,0.22758125,0.1058,0.10615,01 c5 01 c5 01 c5 01 c5 01 c5 01 c5 01 c5 01 c5,1.0,0.0051,0.822,0.585,0.76,0.719,True,0.588,0.0,stack,2.0,1.0,01 c5 01 c5 01 c5 01 c5 01 c5 01 c5 01 c5 01 c5,01 c5 01 c5 01 c5 01 c5 01 c5 01 c5 01 c5 01 c5,0.0,0.822,0.585,0.719,True
block-copy,block-copy,nominal,16,128,2,107,,300000,300000,False,3000,-1,4600,-1,01 c5 01 c5 01 c5 01 c5 01 c5 01 c5 01 c5 01 c5,stack,0.0597,0.09375,12.860687525860639,1.580313222067864,21 e5 21 e5 21 e5 21 e5 21 e5 21 e5 21 e5 21 e5,101.69,block-copy_L16_st128_k2_s107.summary.json,2050,2050,21 e5 21 e5 21 e5 21 e5 21 e5 21 e5 21 e5 21 e5,0,0.0597,0.787,0.532,0.749,0.656,True,True,0.0,0.598,stack,2,1.0,0.875,0.749,56,True,0.749,21 e5 21 e5 21 e5 21 e5 21 e5 21 e5 21 e5 21 e5,32,0.25,0.25,0.25,32,5e-05,0.2808,0.2022,1.580313222067864,5.215638222067864,0.233253125,0.09375,0.09435,01 c5 01 c5 01 c5 01 c5 01 c5 01 c5 01 c5 01 c5,1.0,0.0052,0.822,0.585,0.76,0.719,True,0.588,0.0,stack,2.0,1.0,01 c5 01 c5 01 c5 01 c5 01 c5 01 c5 01 c5 01 c5,01 c5 01 c5 01 c5 01 c5 01 c5 01 c5 01 c5 01 c5,0.0,0.822,0.585,0.719,True
block-copy,block-copy,nominal,16,128,2,108,,300000,300000,False,1900,-1,3800,-1,21 e5 21 e5 21 e5 21 e5 21 e5 21 e5 21 e5 21 e5,stack,0.0546,0.08375,12.78807843430581,1.6959521775507889,11 d5 11 d5 11 d5 11 d5 11 d5 11 d5 11 d5 11 d5,101.12,block-copy_L16_st128_k2_s108.summary.json,1150,1150,01 c5 01 c5 01 c5 01 c5 01 c5 01 c5 01 c5 01 c5,2,0.0182,0.822,0.585,0.76,0.719,True,True,0.0,0.588,stack,2,1.0,0.83,0.623,64,True,0.756,11 d5 11 d5 11 d5 11 d5 11 d5 11 d5 11 d5 11 d5,32,0.0625,0.0625,0.0625,32,0.0001,0.2912,0.2,1.6959521775507889,5.312077177550789,0.231909375,0.08375,0.0841,21 e5 21 e5 21 e5 21 e5 21 e5 21 e5 21 e5 21 e5,1.0,0.0056,0.787,0.532,0.749,0.656,True,0.598,0.0,stack,2.0,1.0,21 e5 21 e5 21 e5 21 e5 21 e5 21 e5 21 e5 21 e5,01 c5 01 c5 01 c5 01 c5 01 c5 01 c5 01 c5 01 c5,1.0,0.822,0.585,0.719,True
block-copy,block-copy,nominal,16,128,2,109,,300000,300000,False,1050,-1,2000,-1,01 c5 01 c5 01 c5 01 c5 01 c5 01 c5 01 c5 01 c5,stack,0.06615,0.2859,11.904902781973638,1.6633898900738346,ad e3 21 e3 21 c0 ad c0 ad e3 21 e3 21 c0 ad c0,97.31,block-copy_L16_st128_k2_s109.summary.json,600,600,ad e3 21 e3 21 c0 ad c0 ad e3 21 e3 21 c0 ad c0,0,0.0662,1.0,1.0,1.0,1.0,True,True,0.0,0.752,stack,8,1.0,1.0,1.0,52,True,1.0,ad e3 21 e3 21 c0 ad c0 ad e3 21 e3 21 c0 ad c0,32,0.21875,0.21875,0.21875,32,5e-05,0.0071,0.04725,1.6633898900738346,4.437714890073835,0.078890625,0.2859,0.2873,01 c5 01 c5 01 c5 01 c5 01 c5 01 c5 01 c5 01 c5,0.0,0.0076,0.822,0.585,0.76,0.719,True,0.588,0.0,stack,2.0,1.0,01 c5 01 c5 01 c5 01 c5 01 c5 01 c5 01 c5 01 c5,01 c5 01 c5 01 c5 01 c5 01 c5 01 c5 01 c5 01 c5,0.0,0.822,0.585,0.719,True
block-copy,block-copy,nominal,16,128,2,110,,300000,300000,False,2300,-1,3500,-1,01 c5 01 c5 01 c5 01 c5 01 c5 01 c5 01 c5 01 c5,stack,0.05675,0.0868,12.685330443356467,1.7812920998673851,11 d5 11 d5 11 d5 11 d5 11 d5 11 d5 11 d5 11 d5,100.11,block-copy_L16_st128_k2_s110.summary.json,1800,1800,01 c5 01 c5 01 c5 01 c5 01 c5 01 c5 01 c5 01 c5,2,0.0317,0.822,0.585,0.76,0.719,True,True,0.0,0.588,stack,2,1.0,0.911,0.7,59,True,0.7,01 c5 01 c5 01 c5 01 c5 01 c5 01 c5 01 c5 01 c5,32,0.09375,0.03125,0.09375,32,0.0002,0.3059,0.20975,1.7812920998673851,5.237442099867385,0.230715625,0.0868,0.0878,01 c5 01 c5 01 c5 01 c5 01 c5 01 c5 01 c5 01 c5,1.0,0.0059,0.822,0.585,0.76,0.719,True,0.588,0.0,stack,2.0,1.0,01 c5 01 c5 01 c5 01 c5 01 c5 01 c5 01 c5 01 c5,01 c5 01 c5 01 c5 01 c5 01 c5 01 c5 01 c5 01 c5,0.0,0.822,0.585,0.719,True
block-copy,block-copy,nominal,16,128,4,101,,300000,300000,False,550,1850,1200,47500,01 c5 01 c5 01 c5 01 c5 01 c5 01 c5 01 c5 01 c5,stack,0.55315,0.87905,4.026729007024948,2.0897553189055573,ad e3 21 e3 21 c0 ad c0 ad e3 21 e3 21 c0 ad c0,68.37,block-copy_L16_st128_k4_s101.summary.json,400,400,ad e3 21 e3 21 c0 ad c0 ad e3 21 e3 21 c0 ad c0,0,0.5532,1.0,1.0,1.0,1.0,True,True,0.0,0.752,stack,8,1.0,1.0,1.0,20,True,1.0,ad e3 21 e3 21 c0 ad c0 ad e3 21 e3 21 c0 ad c0,32,0.78125,0.78125,0.7777777777777778,18,0.0,0.0006,0.00115,2.0897553189055573,2.6514553189055574,0.004253125,0.87905,0.88045,01 c5 01 c5 01 c5 01 c5 01 c5 01 c5 01 c5 01 c5,2.0,0.007,0.822,0.585,0.76,0.719,True,0.588,0.0,stack,2.0,1.0,01 c5 01 c5 01 c5 01 c5 01 c5 01 c5 01 c5 01 c5,01 c5 01 c5 01 c5 01 c5 01 c5 01 c5 01 c5 01 c5,0.0,0.822,0.585,0.719,True
block-copy,block-copy,nominal,16,128,4,102,,300000,300000,False,350,1100,950,52000,01 c5 01 c5 01 c5 01 c5 01 c5 01 c5 01 c5 01 c5,stack,0.51745,0.87035,4.223210072112617,2.122066822379524,ad e3 21 e3 21 c0 ad c0 ad e3 21 e3 21 c0 ad c0,68.43,block-copy_L16_st128_k4_s102.summary.json,200,200,ad e3 21 e3 21 c0 ad c0 ad e3 21 e3 21 c0 ad c0,0,0.5174,1.0,1.0,1.0,1.0,True,True,0.0,0.752,stack,8,1.0,1.0,1.0,19,True,1.0,ad e3 21 e3 21 c0 ad c0 ad e3 21 e3 21 c0 ad c0,32,0.75,0.75,0.5,8,0.0,0.0004,0.0013,2.122066822379524,2.694616822379524,0.004115625,0.87035,0.87225,01 c5 01 c5 01 c5 01 c5 01 c5 01 c5 01 c5 01 c5,2.0,0.0078,0.822,0.585,0.76,0.719,True,0.588,0.0,stack,2.0,1.0,01 c5 01 c5 01 c5 01 c5 01 c5 01 c5 01 c5 01 c5,01 c5 01 c5 01 c5 01 c5 01 c5 01 c5 01 c5 01 c5,0.0,0.822,0.585,0.719,True
block-copy,block-copy,nominal,16,128,4,103,,300000,300000,False,2150,2550,2500,129000,11 d5 11 d5 11 d5 11 d5 11 d5 11 d5 11 d5 11 d5,stack,0.54715,0.8758,4.1312587700700725,2.124991394559455,ad e3 21 e3 21 c0 ad c0 ad e3 21 e3 21 c0 ad c0,77.88,block-copy_L16_st128_k4_s103.summary.json,2050,2050,ad e3 21 e3 21 c0 ad c0 ad e3 21 e3 21 c0 ad c0,0,0.5472,1.0,1.0,1.0,1.0,True,True,0.0,0.752,stack,8,1.0,1.0,1.0,21,True,1.0,ad e3 21 e3 21 c0 ad c0 ad e3 21 e3 21 c0 ad c0,32,0.8125,0.8125,0.25,8,0.0,0.0005,0.00185,2.124991394559455,2.678041394559455,0.0043625,0.8758,0.8776,11 d5 11 d5 11 d5 11 d5 11 d5 11 d5 11 d5 11 d5,2.0,0.0065,0.746,0.44,0.691,0.625,True,0.548,0.0,stack,2.0,1.0,11 d5 11 d5 11 d5 11 d5 11 d5 11 d5 11 d5 11 d5,11 d5 11 d5 11 d5 11 d5 11 d5 11 d5 11 d5 11 d5,0.0,0.746,0.44,0.625,True
block-copy,block-copy,nominal,16,128,4,104,,300000,300000,False,250,450,400,18000,01 c5 01 c5 01 c5 01 c5 01 c5 01 c5 01 c5 01 c5,stack,0.56555,0.88785,3.8784924390606337,2.075654190361897,ad e3 21 e3 21 c0 ad c0 ad e3 21 e3 21 c0 ad c0,73.3,block-copy_L16_st128_k4_s104.summary.json,150,150,ad e3 21 e3 21 c0 ad c0 ad e3 21 e3 21 c0 ad c0,0,0.5655,1.0,1.0,1.0,1.0,True,True,0.0,0.752,stack,8,1.0,1.0,1.0,17,True,1.0,ad e3 21 e3 21 c0 ad c0 ad e3 21 e3 21 c0 ad c0,32,0.84375,0.84375,0.2857142857142857,7,0.0,0.00025,0.0016,2.075654190361897,2.610304190361897,0.0035875,0.88785,0.8891,01 c5 01 c5 01 c5 01 c5 01 c5 01 c5 01 c5 01 c5,2.0,0.0086,0.822,0.585,0.76,0.719,True,0.588,0.0,stack,2.0,1.0,01 c5 01 c5 01 c5 01 c5 01 c5 01 c5 01 c5 01 c5,01 c5 01 c5 01 c5 01 c5 01 c5 01 c5 01 c5 01 c5,0.0,0.822,0.585,0.719,True
block-copy,block-copy,nominal,16,128,4,105,,300000,300000,False,250,800,600,9000,11 d5 11 d5 11 d5 11 d5 11 d5 11 d5 11 d5 11 d5,stack,0.57685,0.8762,4.113003908398716,2.1182633180150403,ad e3 21 e3 21 c0 ad c0 ad e3 21 e3 21 c0 ad c0,64.7,block-copy_L16_st128_k4_s105.summary.json,150,150,ad e3 21 e3 21 c0 ad c0 ad e3 21 e3 21 c0 ad c0,0,0.5768,1.0,1.0,1.0,1.0,True,True,0.0,0.752,stack,8,1.0,1.0,1.0,18,True,1.0,ad e3 21 e3 21 c0 ad c0 ad e3 21 e3 21 c0 ad c0,32,0.96875,0.96875,0.0,1,0.0,0.0004,0.00095,2.1182633180150403,2.6755883180150404,0.003728125,0.8762,0.87745,11 d5 11 d5 11 d5 11 d5 11 d5 11 d5 11 d5 11 d5,2.0,0.0075,0.746,0.44,0.691,0.625,True,0.548,0.0,stack,2.0,1.0,11 d5 11 d5 11 d5 11 d5 11 d5 11 d5 11 d5 11 d5,01 c5 01 c5 01 c5 01 c5 01 c5 01 c5 01 c5 01 c5,0.0,0.822,0.585,0.719,True
block-copy,block-copy,nominal,16,128,4,106,,300000,300000,False,300,4950,1600,28000,11 d5 11 d5 11 d5 11 d5 11 d5 11 d5 11 d5 11 d5,stack,0.49275,0.8753,4.164325094138758,2.122411700098231,ad e3 21 e3 21 c0 ad c0 ad e3 21 e3 21 c0 ad c0,66.52,block-copy_L16_st128_k4_s106.summary.json,200,200,ad e3 21 e3 21 c0 ad c0 ad e3 21 e3 21 c0 ad c0,0,0.4928,1.0,1.0,1.0,1.0,True,True,0.0,0.752,stack,8,1.0,1.0,1.0,17,True,1.0,ad e3 21 e3 21 c0 ad c0 ad e3 21 e3 21 c0 ad c0,32,0.84375,0.84375,0.4444444444444444,9,0.0,0.00055,0.0015,2.122411700098231,2.681711700098231,0.00388125,0.8753,0.8773,11 d5 11 d5 11 d5 11 d5 11 d5 11 d5 11 d5 11 d5,1.0,0.0095,0.746,0.44,0.691,0.625,True,0.548,0.0,stack,2.0,1.0,11 d5 11 d5 11 d5 11 d5 11 d5 11 d5 11 d5 11 d5,01 c5 01 c5 01 c5 01 c5 01 c5 01 c5 01 c5 01 c5,1.0,0.822,0.585,0.719,True
block-copy,block-copy,nominal,16,128,4,107,,300000,300000,False,450,850,700,114500,01 c5 01 c5 01 c5 01 c5 01 c5 01 c5 01 c5 01 c5,stack,0.65195,0.8838,3.7526383966781762,2.0664100319735326,ad e3 21 e3 21 c0 ad c0 ad e3 21 e3 21 c0 ad c0,77.45,block-copy_L16_st128_k4_s107.summary.json,350,350,ad e3 21 e3 21 c0 ad c0 ad e3 21 e3 21 c0 ad c0,0,0.652,1.0,1.0,1.0,1.0,True,True,0.0,0.752,stack,8,1.0,1.0,1.0,17,True,1.0,ad e3 21 e3 21 c0 ad c0 ad e3 21 e3 21 c0 ad c0,32,0.84375,0.84375,0.875,8,0.0,0.00035,0.00155,2.066410031973533,2.5831350319735327,0.00349375,0.8838,0.8859,01 c5 01 c5 01 c5 01 c5 01 c5 01 c5 01 c5 01 c5,0.0,0.01,0.822,0.585,0.76,0.719,True,0.588,0.0,stack,2.0,1.0,01 c5 01 c5 01 c5 01 c5 01 c5 01 c5 01 c5 01 c5,01 c5 01 c5 01 c5 01 c5 01 c5 01 c5 01 c5 01 c5,0.0,0.822,0.585,0.719,True
block-copy,block-copy,nominal,16,128,4,108,,300000,300000,False,1450,2350,1900,19500,01 c5 01 c5 01 c5 01 c5 01 c5 01 c5 01 c5 01 c5,stack,0.62825,0.887,3.994413747947905,2.092415556457139,ad e3 21 e3 21 c0 ad c0 ad e3 21 e3 21 c0 ad c0,65.34,block-copy_L16_st128_k4_s108.summary.json,1350,1350,ad e3 21 e3 21 c0 ad c0 ad e3 21 e3 21 c0 ad c0,0,0.6282,1.0,1.0,1.0,1.0,True,True,0.0,0.752,stack,8,1.0,1.0,1.0,19,True,1.0,ad e3 21 e3 21 c0 ad c0 ad e3 21 e3 21 c0 ad c0,32,0.84375,0.84375,0.0,2,0.0,0.0004,0.0018,2.092415556457139,2.6365405564571387,0.004334375,0.887,0.88925,01 c5 01 c5 01 c5 01 c5 01 c5 01 c5 01 c5 01 c5,2.0,0.0057,0.822,0.585,0.76,0.719,True,0.588,0.0,stack,2.0,1.0,01 c5 01 c5 01 c5 01 c5 01 c5 01 c5 01 c5 01 c5,01 c5 01 c5 01 c5 01 c5 01 c5 01 c5 01 c5 01 c5,0.0,0.822,0.585,0.719,True
block-copy,block-copy,nominal,16,128,4,109,,300000,300000,False,1900,2700,2250,20500,01 c5 01 c5 01 c5 01 c5 01 c5 01 c5 01 c5 01 c5,stack,0.328,0.8481,4.55272925672944,2.1952377716585385,ad e3 21 e3 21 c0 ad c0 ad e3 21 e3 21 c0 ad c0,65.08,block-copy_L16_st128_k4_s109.summary.json,1750,1750,ad e3 21 e3 21 c0 ad c0 ad e3 21 e3 21 c0 ad c0,0,0.328,1.0,1.0,1.0,1.0,True,True,0.0,0.752,stack,8,1.0,1.0,1.0,24,True,1.0,ad e3 21 e3 21 c0 ad c0 ad e3 21 e3 21 c0 ad c0,32,0.90625,0.90625,0.6666666666666666,6,0.0,0.00025,0.00115,2.1952377716585385,2.7885877716585385,0.003553125,0.8481,0.8494,01 c5 01 c5 01 c5 01 c5 01 c5 01 c5 01 c5 01 c5,1.0,0.0073,0.822,0.585,0.76,0.719,True,0.588,0.0,stack,2.0,1.0,01 c5 01 c5 01 c5 01 c5 01 c5 01 c5 01 c5 01 c5,01 c5 01 c5 01 c5 01 c5 01 c5 01 c5 01 c5 01 c5,0.0,0.822,0.585,0.719,True
block-copy,block-copy,nominal,16,128,4,110,,300000,300000,False,1650,3900,2250,4900,01 c5 01 c5 01 c5 01 c5 01 c5 01 c5 01 c5 01 c5,stack,0.5293,0.8685,4.28361020915601,2.139312243254254,ad e3 21 e3 21 c0 ad c0 ad e3 21 e3 21 c0 ad c0,64.35,block-copy_L16_st128_k4_s110.summary.json,1400,1400,ad e3 21 e3 21 c0 ad c0 ad e3 21 e3 21 c0 ad c0,0,0.5293,1.0,1.0,1.0,1.0,True,True,0.0,0.752,stack,8,1.0,1.0,1.0,16,True,1.0,ad e3 21 e3 21 c0 ad c0 ad e3 21 e3 21 c0 ad c0,32,0.84375,0.84375,0.25,4,0.0,0.0002,0.0008,2.139312243254254,2.712662243254254,0.00363125,0.8685,0.87045,01 c5 01 c5 01 c5 01 c5 01 c5 01 c5 01 c5 01 c5,2.0,0.0057,0.822,0.585,0.76,0.719,True,0.588,0.0,stack,2.0,1.0,01 c5 01 c5 01 c5 01 c5 01 c5 01 c5 01 c5 01 c5,01 c5 01 c5 01 c5 01 c5 01 c5 01 c5 01 c5 01 c5,1.0,0.822,0.585,0.719,True
block-copy,block-copy,nominal,16,128,6,101,,300000,300000,False,34,14500,250,119500,00 41 00 41 00 41 00 41 00 41 00 41 00 41 00 41,-,0.45195,0.46105,5.079139370588036,2.009259151302392,e5 2a e5 2a e5 2a e5 2a e5 2a e5 2a e5 2a e5 2a,81.13,block-copy_L16_st128_k6_s101.summary.json,8000,8000,e5 2a e5 2a e5 2a e5 2a e5 2a e5 2a e5 2a e5 2a,0,0.452,0.845,0.694,0.91,0.734,True,True,0.0,0.391,stack,2,1.0,1.0,0.972,36,True,0.972,e5 2a e5 2a e5 2a e5 2a e5 2a e5 2a e5 2a e5 2a,32,0.5,0.5,0.6875,32,0.0,0.68585,0.0974,2.009259151302392,2.755159151302392,0.0958,0.46105,0.4619,21 e5 21 e5 21 e5 21 e5 21 e5 21 e5 21 e5 21 e5,0.0,0.0213,0.787,0.532,0.749,0.656,True,0.598,0.0,stack,2.0,1.0,21 e5 21 e5 21 e5 21 e5 21 e5 21 e5 21 e5 21 e5,00 40 00 40 00 40 00 40 00 40 00 40 00 40 00 40,2.0,0.095,0.115,0.0,False
block-copy,block-copy,nominal,16,128,6,102,,300000,300000,False,34,1100,600,174500,00 41 00 41 00 41 00 41 00 41 00 41 00 41 00 41,-,0.57285,0.97125,2.4857535720501023,2.277325499372979,ad e3 21 e3 21 c0 ad c0 ad e3 21 e3 21 c0 ad c0,75.08,block-copy_L16_st128_k6_s102.summary.json,100,100,ad e3 21 e3 21 c0 ad c0 ad e3 21 e3 21 c0 ad c0,0,0.5728,1.0,1.0,1.0,1.0,True,True,0.0,0.752,stack,8,1.0,1.0,1.0,15,True,1.0,ad e3 21 e3 21 c0 ad c0 ad e3 21 e3 21 c0 ad c0,32,0.96875,0.96875,1.0,1,0.0,0.0,0.0004,2.277325499372979,2.5239504993729787,0.000903125,0.97125,0.97165,01 c5 01 c5 01 c5 01 c5 01 c5 01 c5 01 c5 01 c5,2.0,0.0075,0.822,0.585,0.76,0.719,True,0.588,0.0,stack,2.0,1.0,01 c5 01 c5 01 c5 01 c5 01 c5 01 c5 01 c5 01 c5,01 c5 01 c5 01 c5 01 c5 01 c5 01 c5 01 c5 01 c5,0.0,0.822,0.585,0.719,True
block-copy,block-copy,nominal,16,128,6,103,,300000,300000,False,34,1850,200,178000,00 41 00 41 00 41 00 41 00 41 00 41 00 41 00 41,-,0.40435,0.4125,6.010341192465326,1.9829019203625937,e5 2a e5 2a e5 2a e5 2a e5 2a e5 2a e5 2a e5 2a,83.91,block-copy_L16_st128_k6_s103.summary.json,1300,1300,e5 2a e5 2a e5 2a e5 2a e5 2a e5 2a e5 2a e5 2a,0,0.4043,0.845,0.694,0.91,0.734,True,True,0.0,0.391,stack,2,1.0,1.0,1.0,32,True,1.0,e5 2a e5 2a e5 2a e5 2a e5 2a e5 2a e5 2a e5 2a,32,0.75,0.75,0.84375,32,0.0,0.6294,0.08045,1.9829019203625935,2.930076920362594,0.082134375,0.4125,0.41395,01 c5 01 c5 01 c5 01 c5 01 c5 01 c5 01 c5 01 c5,0.0,0.0114,0.822,0.585,0.76,0.719,True,0.588,0.0,stack,2.0,1.0,01 c5 01 c5 01 c5 01 c5 01 c5 01 c5 01 c5 01 c5,00 40 00 40 00 40 00 40 00 40 00 40 00 40 00 40,2.0,0.095,0.115,0.0,False
block-copy,block-copy,nominal,16,128,6,104,,300000,300000,False,21,52000,150,61000,00 41 00 41 00 41 00 41 00 41 00 41 00 41 00 41,-,0.63435,0.96545,2.8170476618076936,2.353329775769625,ad e3 21 e3 21 c0 ad c0 ad e3 21 e3 21 c0 ad c0,64.74,block-copy_L16_st128_k6_s104.summary.json,4100,4100,ad e3 21 e3 21 c0 ad c0 ad e3 21 e3 21 c0 ad c0,0,0.6343,1.0,1.0,1.0,1.0,True,True,0.0,0.752,stack,8,1.0,1.0,1.0,16,True,1.0,ad e3 21 e3 21 c0 ad c0 ad e3 21 e3 21 c0 ad c0,32,0.96875,0.96875,0.5,2,0.0,0.0,0.00045,2.353329775769625,2.607904775769625,0.0009,0.96545,0.96575,01 c5 01 c5 01 c5 01 c5 01 c5 01 c5 01 c5 01 c5,2.0,0.0066,0.822,0.585,0.76,0.719,True,0.588,0.0,stack,2.0,1.0,01 c5 01 c5 01 c5 01 c5 01 c5 01 c5 01 c5 01 c5,00 40 00 40 00 40 00 40 00 40 00 40 00 40 00 40,2.0,0.095,0.115,0.0,False
block-copy,block-copy,nominal,16,128,6,105,,300000,300000,False,34,41000,400,117500,00 41 00 41 00 41 00 41 00 41 00 41 00 41 00 41,-,0.7784,0.97255,1.9056934638102079,2.1804049350439088,ad e3 21 e3 21 c0 ad c0 ad e3 21 e3 21 c0 ad c0,68.81,block-copy_L16_st128_k6_s105.summary.json,100,100,ad e3 21 e3 21 c0 ad c0 ad e3 21 e3 21 c0 ad c0,0,0.7784,1.0,1.0,1.0,1.0,True,True,0.0,0.752,stack,8,1.0,1.0,1.0,13,True,1.0,ad e3 21 e3 21 c0 ad c0 ad e3 21 e3 21 c0 ad c0,32,1.0,1.0,,0,0.0,5e-05,0.0002,2.1804049350439088,2.3782299350439087,0.00083125,0.97255,0.97265,11 d5 11 d5 11 d5 11 d5 11 d5 11 d5 11 d5 11 d5,2.0,0.0079,0.746,0.44,0.691,0.625,True,0.548,0.0,stack,2.0,1.0,11 d5 11 d5 11 d5 11 d5 11 d5 11 d5 11 d5 11 d5,11 d5 11 d5 11 d5 11 d5 11 d5 11 d5 11 d5 11 d5,0.0,0.746,0.44,0.625,True
block-copy,block-copy,nominal,16,128,6,106,,300000,300000,False,34,70000,150,146500,00 41 00 41 00 41 00 41 00 41 00 41 00 41 00 41,-,0.4295,0.43755,5.417697484157216,1.987142321255197,e5 2a e5 2a e5 2a e5 2a e5 2a e5 2a e5 2a e5 2a,81.35,block-copy_L16_st128_k6_s106.summary.json,9500,9500,e5 2a e5 2a e5 2a e5 2a e5 2a e5 2a e5 2a e5 2a,0,0.4295,0.845,0.694,0.91,0.734,True,True,0.0,0.391,stack,2,1.0,0.986,0.97,39,True,0.97,e5 2a e5 2a e5 2a e5 2a e5 2a e5 2a e5 2a e5 2a,32,0.5625,0.5625,0.5625,32,0.0,0.64615,0.1076,1.987142321255197,2.795117321255197,0.103809375,0.43755,0.44045,01 c5 01 c5 01 c5 01 c5 01 c5 01 c5 01 c5 01 c5,2.0,0.0068,0.822,0.585,0.76,0.719,True,0.588,0.0,stack,2.0,1.0,01 c5 01 c5 01 c5 01 c5 01 c5 01 c5 01 c5 01 c5,00 40 00 40 00 40 00 40 00 40 00 40 00 40 00 40,2.0,0.095,0.115,0.0,False
block-copy,block-copy,nominal,16,128,6,107,,300000,300000,False,34,29500,150,54500,00 41 00 41 00 41 00 41 00 41 00 41 00 41 00 41,-,0.4584,0.46775,5.016182468152442,2.0508485864647636,e5 2a e5 2a e5 2a e5 2a e5 2a e5 2a e5 2a e5 2a,76.68,block-copy_L16_st128_k6_s107.summary.json,4550,4550,e5 2a e5 2a e5 2a e5 2a e5 2a e5 2a e5 2a e5 2a,0,0.4584,0.845,0.694,0.91,0.734,True,True,0.0,0.391,stack,2,1.0,1.0,0.905,31,True,0.905,e5 2a e5 2a e5 2a e5 2a e5 2a e5 2a e5 2a e5 2a,32,0.6875,0.6875,0.8125,32,0.0,0.7016,0.09295,2.0508485864647636,2.7765235864647635,0.09241875,0.46775,0.4701,01 c5 01 c5 01 c5 01 c5 01 c5 01 c5 01 c5 01 c5,0.0,0.0131,0.822,0.585,0.76,0.719,True,0.588,0.0,stack,2.0,1.0,01 c5 01 c5 01 c5 01 c5 01 c5 01 c5 01 c5 01 c5,00 40 00 40 00 40 00 40 00 40 00 40 00 40 00 40,2.0,0.095,0.115,0.0,False
block-copy,block-copy,nominal,16,128,6,108,,300000,300000,False,34,9500,150,239000,00 41 00 41 00 41 00 41 00 41 00 41 00 41 00 41,-,0.41085,0.957,3.643544950476307,2.5002981468583174,ae e3 21 e3 21 e0 ae e0 ae e3 21 e3 21 e0 ae e0,84.56,block-copy_L16_st128_k6_s108.summary.json,9000,9000,ae e3 21 e3 21 e0 ae e0 ae e3 21 e3 21 e0 ae e0,0,0.4108,1.0,1.0,1.0,1.0,True,True,0.0,0.745,stack,8,1.0,1.0,,15,False,1.0,ad e3 21 e3 21 e0 ad e0 ad e3 21 e3 21 e0 ad e0,32,1.0,1.0,1.0,2,0.0,0.0,0.0004,2.5002981468583174,2.815298146858318,0.001490625,0.957,0.95735,01 c5 01 c5 01 c5 01 c5 01 c5 01 c5 01 c5 01 c5,0.0,0.0959,0.822,0.585,0.76,0.719,True,0.588,0.0,stack,2.0,1.0,01 c5 01 c5 01 c5 01 c5 01 c5 01 c5 01 c5 01 c5,00 40 00 40 00 40 00 40 00 40 00 40 00 40 00 40,2.0,0.095,0.115,0.0,False
block-copy,block-copy,nominal,16,128,6,109,,300000,300000,False,34,57000,3600,110000,00 41 00 41 00 41 00 41 00 41 00 41 00 41 00 41,-,0.6085,0.96965,2.5294604048139706,2.2912094486768257,ad e3 21 e3 21 c0 ad c0 ad e3 21 e3 21 c0 ad c0,70.02,block-copy_L16_st128_k6_s109.summary.json,2700,2700,ad e3 21 e3 21 c0 ad c0 ad e3 21 e3 21 c0 ad c0,0,0.6085,1.0,1.0,1.0,1.0,True,True,0.0,0.752,stack,8,1.0,1.0,1.0,16,True,1.0,ad e3 21 e3 21 c0 ad c0 ad e3 21 e3 21 c0 ad c0,32,0.96875,0.96875,1.0,5,0.0,0.0,0.00045,2.2912094486768257,2.551434448676826,0.001109375,0.96965,0.9702,01 c5 01 c5 01 c5 01 c5 01 c5 01 c5 01 c5 01 c5,2.0,0.0063,0.822,0.585,0.76,0.719,True,0.588,0.0,stack,2.0,1.0,01 c5 01 c5 01 c5 01 c5 01 c5 01 c5 01 c5 01 c5,01 c5 01 c5 01 c5 01 c5 01 c5 01 c5 01 c5 01 c5,0.0,0.822,0.585,0.719,True
block-copy,block-copy,nominal,16,128,6,110,,300000,300000,False,34,10000,250,11000,00 41 00 41 00 41 00 41 00 41 00 41 00 41 00 41,-,0.7938,0.9783,1.7720823464092774,2.157666531596636,ad e3 21 e3 21 c0 ad c0 ad e3 21 e3 21 c0 ad c0,59.05,block-copy_L16_st128_k6_s110.summary.json,8000,8000,ad e3 21 e3 21 c0 ad c0 ad e3 21 e3 21 c0 ad c0,0,0.7938,1.0,1.0,1.0,1.0,True,True,0.0,0.752,stack,8,1.0,1.0,1.0,11,True,1.0,ad e3 21 e3 21 c0 ad c0 ad e3 21 e3 21 c0 ad c0,32,0.96875,0.96875,,0,0.0,0.0,0.0001,2.157666531596636,2.345316531596636,0.000603125,0.9783,0.9788,11 d5 11 d5 11 d5 11 d5 11 d5 11 d5 11 d5 11 d5,0.0,0.0798,0.746,0.44,0.691,0.625,True,0.548,0.0,stack,2.0,1.0,11 d5 11 d5 11 d5 11 d5 11 d5 11 d5 11 d5 11 d5,00 40 00 40 00 40 00 40 00 40 00 40 00 40 00 40,2.0,0.095,0.115,0.0,False
block-copy,block-copy,nominal,16,512,2,101,,300000,300000,False,1100,1550,1450,-1,01 c5 01 c5 01 c5 01 c5 01 c5 01 c5 01 c5 01 c5,stack,0.17475,0.241,10.760884363417457,1.923399202747786,01 c5 01 c5 01 c5 01 c5 01 c5 01 c5 01 c5 01 c5,280.41,block-copy_L16_st512_k2_s101.summary.json,950,950,01 c5 01 c5 01 c5 01 c5 01 c5 01 c5 01 c5 01 c5,0,0.1747,0.815,0.537,0.732,0.719,True,True,0.0,0.533,stack,2,1.0,0.861,0.603,48,True,0.688,21 e5 21 e5 21 e5 21 e5 21 e5 21 e5 21 e5 21 e5,32,0.34375,0.34375,0.375,32,0.0,0.4144,0.13175,1.923399202747786,4.491774202747786,0.137190625,0.241,0.24305,01 c5 01 c5 01 c5 01 c5 01 c5 01 c5 01 c5 01 c5,0.0,0.0081,0.815,0.537,0.732,0.719,True,0.533,0.0,stack,2.0,1.0,01 c5 01 c5 01 c5 01 c5 01 c5 01 c5 01 c5 01 c5,01 c5 01 c5 01 c5 01 c5 01 c5 01 c5 01 c5 01 c5,0.0,0.815,0.537,0.719,True
block-copy,block-copy,nominal,16,512,2,102,,300000,300000,False,450,850,700,-1,01 c5 01 c5 01 c5 01 c5 01 c5 01 c5 01 c5 01 c5,stack,0.1729,0.2409,10.357012476258104,2.152007422695291,01 c5 01 c5 01 c5 01 c5 01 c5 01 c5 01 c5 01 c5,279.26,block-copy_L16_st512_k2_s102.summary.json,300,300,01 c5 01 c5 01 c5 01 c5 01 c5 01 c5 01 c5 01 c5,0,0.1729,0.815,0.537,0.732,0.719,True,True,0.0,0.533,stack,2,1.0,0.783,0.607,42,True,0.633,21 e5 21 e5 21 e5 21 e5 21 e5 21 e5 21 e5 21 e5,32,0.4375,0.4375,0.4375,32,0.0,0.4708,0.1217,2.152007422695291,4.462707422695291,0.1241875,0.2409,0.2425,01 c5 01 c5 01 c5 01 c5 01 c5 01 c5 01 c5 01 c5,1.0,0.006,0.815,0.537,0.732,0.719,True,0.533,0.0,stack,2.0,1.0,01 c5 01 c5 01 c5 01 c5 01 c5 01 c5 01 c5 01 c5,01 c5 01 c5 01 c5 01 c5 01 c5 01 c5 01 c5 01 c5,0.0,0.815,0.537,0.719,True
block-copy,block-copy,nominal,16,512,2,103,,300000,300000,False,2250,2950,2750,-1,21 e5 21 e5 21 e5 21 e5 21 e5 21 e5 21 e5 21 e5,stack,0.17135,0.2381,10.590714762615015,2.0431974111583537,01 c5 01 c5 01 c5 01 c5 01 c5 01 c5 01 c5 01 c5,279.62,block-copy_L16_st512_k2_s103.summary.json,2000,2000,01 c5 01 c5 01 c5 01 c5 01 c5 01 c5 01 c5 01 c5,0,0.1714,0.815,0.537,0.732,0.719,True,True,0.0,0.533,stack,2,1.0,0.686,0.54,49,True,0.576,21 e5 21 e5 21 e5 21 e5 21 e5 21 e5 21 e5 21 e5,32,0.25,0.25,0.3125,32,5e-05,0.43725,0.12785,2.0431974111583537,4.4960224111583535,0.1308625,0.2381,0.2404,21 e5 21 e5 21 e5 21 e5 21 e5 21 e5 21 e5 21 e5,0.0,0.0065,0.757,0.484,0.737,0.641,True,0.571,0.0,stack,2.0,1.0,21 e5 21 e5 21 e5 21 e5 21 e5 21 e5 21 e5 21 e5,01 c5 01 c5 01 c5 01 c5 01 c5 01 c5 01 c5 01 c5,1.0,0.815,0.537,0.719,True
block-copy,block-copy,nominal,16,512,2,104,,300000,300000,False,350,650,600,-1,01 c5 01 c5 01 c5 01 c5 01 c5 01 c5 01 c5 01 c5,stack,0.1579,0.22105,10.558819632237514,2.0026541155853863,01 c5 01 c5 01 c5 01 c5 01 c5 01 c5 01 c5 01 c5,279.51,block-copy_L16_st512_k2_s104.summary.json,250,250,01 c5 01 c5 01 c5 01 c5 01 c5 01 c5 01 c5 01 c5,0,0.1579,0.815,0.537,0.732,0.719,True,True,0.0,0.533,stack,2,1.0,0.774,0.572,50,True,0.574,21 e5 21 e5 21 e5 21 e5 21 e5 21 e5 21 e5 21 e5,32,0.0625,0.0625,0.0625,32,0.0001,0.43355,0.13055,2.0026541155853863,4.461854115585386,0.136509375,0.22105,0.2226,01 c5 01 c5 01 c5 01 c5 01 c5 01 c5 01 c5 01 c5,0.0,0.0069,0.815,0.537,0.732,0.719,True,0.533,0.0,stack,2.0,1.0,01 c5 01 c5 01 c5 01 c5 01 c5 01 c5 01 c5 01 c5,01 c5 01 c5 01 c5 01 c5 01 c5 01 c5 01 c5 01 c5,0.0,0.815,0.537,0.719,True
block-copy,block-copy,nominal,16,512,2,105,,300000,300000,False,550,1750,1050,-1,11 d5 11 d5 11 d5 11 d5 11 d5 11 d5 11 d5 11 d5,stack,0.1612,0.21955,10.485471169987449,2.0807289734419596,01 c5 01 c5 01 c5 01 c5 01 c5 01 c5 01 c5 01 c5,281.85,block-copy_L16_st512_k2_s105.summary.json,350,350,01 c5 01 c5 01 c5 01 c5 01 c5 01 c5 01 c5 01 c5,0,0.1612,0.815,0.537,0.732,0.719,True,True,0.0,0.533,stack,2,1.0,0.777,0.531,50,True,0.606,21 e5 21 e5 21 e5 21 e5 21 e5 21 e5 21 e5 21 e5,32,0.28125,0.28125,0.3125,32,0.0002,0.4418,0.12595,2.0807289734419596,4.4630289734419595,0.129678125,0.21955,0.22155,11 d5 11 d5 11 d5 11 d5 11 d5 11 d5 11 d5 11 d5,0.0,0.0082,0.686,0.391,0.73,0.531,True,0.496,0.0,stack,2.0,1.0,11 d5 11 d5 11 d5 11 d5 11 d5 11 d5 11 d5 11 d5,01 c5 01 c5 01 c5 01 c5 01 c5 01 c5 01 c5 01 c5,1.0,0.815,0.537,0.719,True
block-copy,block-copy,nominal,16,512,2,106,,300000,300000,False,350,900,700,-1,01 c5 01 c5 01 c5 01 c5 01 c5 01 c5 01 c5 01 c5,stack,0.1499,0.20855,10.43647978625557,2.0420986300898374,01 c5 01 c5 01 c5 01 c5 01 c5 01 c5 01 c5 01 c5,278.66,block-copy_L16_st512_k2_s106.summary.json,250,250,01 c5 01 c5 01 c5 01 c5 01 c5 01 c5 01 c5 01 c5,0,0.1499,0.815,0.537,0.732,0.719,True,True,0.0,0.533,stack,2,1.0,0.749,0.604,48,True,0.604,01 c5 01 c5 01 c5 01 c5 01 c5 01 c5 01 c5 01 c5,32,0.40625,0.375,0.375,32,5e-05,0.45135,0.1224,2.0420986300898374,4.428148630089837,0.12676875,0.20855,0.21,01 c5 01 c5 01 c5 01 c5 01 c5 01 c5 01 c5 01 c5,0.0,0.0085,0.815,0.537,0.732,0.719,True,0.533,0.0,stack,2.0,1.0,01 c5 01 c5 01 c5 01 c5 01 c5 01 c5 01 c5 01 c5,01 c5 01 c5 01 c5 01 c5 01 c5 01 c5 01 c5 01 c5,0.0,0.815,0.537,0.719,True
block-copy,block-copy,nominal,16,512,2,107,,300000,300000,False,1450,2150,2050,-1,01 c5 01 c5 01 c5 01 c5 01 c5 01 c5 01 c5 01 c5,stack,0.1861,0.2535,10.496432065736155,1.9758879263083236,01 c5 01 c5 01 c5 01 c5 01 c5 01 c5 01 c5 01 c5,279.64,block-copy_L16_st512_k2_s107.summary.json,1100,1100,01 c5 01 c5 01 c5 01 c5 01 c5 01 c5 01 c5 01 c5,0,0.1861,0.815,0.537,0.732,0.719,True,True,0.0,0.533,stack,2,1.0,0.774,0.429,51,True,0.644,21 e5 21 e5 21 e5 21 e5 21 e5 21 e5 21 e5 21 e5,32,0.25,0.25,0.25,32,0.0,0.4495,0.1325,1.9758879263083236,4.428987926308324,0.13575,0.2535,0.2557,01 c5 01 c5 01 c5 01 c5 01 c5 01 c5 01 c5 01 c5,0.0,0.0063,0.815,0.537,0.732,0.719,True,0.533,0.0,stack,2.0,1.0,01 c5 01 c5 01 c5 01 c5 01 c5 01 c5 01 c5 01 c5,01 c5 01 c5 01 c5 01 c5 01 c5 01 c5 01 c5 01 c5,0.0,0.815,0.537,0.719,True
block-copy,block-copy,nominal,16,512,2,108,,300000,300000,False,600,1050,900,-1,01 c5 01 c5 01 c5 01 c5 01 c5 01 c5 01 c5 01 c5,stack,0.1509,0.20725,10.479638687637586,2.0421296071253647,01 c5 01 c5 01 c5 01 c5 01 c5 01 c5 01 c5 01 c5,279.27,block-copy_L16_st512_k2_s108.summary.json,300,300,01 c5 01 c5 01 c5 01 c5 01 c5 01 c5 01 c5 01 c5,0,0.1509,0.815,0.537,0.732,0.719,True,True,0.0,0.533,stack,2,1.0,0.842,0.643,52,True,0.66,21 e5 21 e5 21 e5 21 e5 21 e5 21 e5 21 e5 21 e5,32,0.28125,0.28125,0.3125,32,5e-05,0.45355,0.12125,2.0421296071253647,4.440954607125365,0.127540625,0.20725,0.2085,01 c5 01 c5 01 c5 01 c5 01 c5 01 c5 01 c5 01 c5,1.0,0.0057,0.815,0.537,0.732,0.719,True,0.533,0.0,stack,2.0,1.0,01 c5 01 c5 01 c5 01 c5 01 c5 01 c5 01 c5 01 c5,01 c5 01 c5 01 c5 01 c5 01 c5 01 c5 01 c5 01 c5,0.0,0.815,0.537,0.719,True
block-copy,block-copy,nominal,16,512,2,109,,300000,300000,False,1150,1550,1450,-1,01 c5 01 c5 01 c5 01 c5 01 c5 01 c5 01 c5 01 c5,stack,0.17435,0.2386,10.499438803294744,2.0127523757267713,01 c5 01 c5 01 c5 01 c5 01 c5 01 c5 01 c5 01 c5,280.82,block-copy_L16_st512_k2_s109.summary.json,900,900,01 c5 01 c5 01 c5 01 c5 01 c5 01 c5 01 c5 01 c5,0,0.1744,0.815,0.537,0.732,0.719,True,True,0.0,0.533,stack,2,1.0,0.739,0.509,46,True,0.613,21 e5 21 e5 21 e5 21 e5 21 e5 21 e5 21 e5 21 e5,32,0.375,0.34375,0.375,32,5e-05,0.43805,0.1262,2.0127523757267713,4.4612273757267715,0.130296875,0.2386,0.2407,01 c5 01 c5 01 c5 01 c5 01 c5 01 c5 01 c5 01 c5,1.0,0.0059,0.815,0.537,0.732,0.719,True,0.533,0.0,stack,2.0,1.0,01 c5 01 c5 01 c5 01 c5 01 c5 01 c5 01 c5 01 c5,01 c5 01 c5 01 c5 01 c5 01 c5 01 c5 01 c5 01 c5,0.0,0.815,0.537,0.719,True
block-copy,block-copy,nominal,16,512,2,110,,300000,300000,False,500,1100,950,-1,01 c5 01 c5 01 c5 01 c5 01 c5 01 c5 01 c5 01 c5,stack,0.1659,0.2239,10.3590191667536,2.044409731460097,01 c5 01 c5 01 c5 01 c5 01 c5 01 c5 01 c5 01 c5,282.94,block-copy_L16_st512_k2_s110.summary.json,350,350,01 c5 01 c5 01 c5 01 c5 01 c5 01 c5 01 c5 01 c5,0,0.1659,0.815,0.537,0.732,0.719,True,True,0.0,0.533,stack,2,1.0,0.72,0.501,49,True,0.607,21 e5 21 e5 21 e5 21 e5 21 e5 21 e5 21 e5 21 e5,32,0.28125,0.28125,0.3125,32,0.0,0.4522,0.1234,2.044409731460097,4.416384731460097,0.127,0.2239,0.2258,01 c5 01 c5 01 c5 01 c5 01 c5 01 c5 01 c5 01 c5,0.0,0.0069,0.815,0.537,0.732,0.719,True,0.533,0.0,stack,2.0,1.0,01 c5 01 c5 01 c5 01 c5 01 c5 01 c5 01 c5 01 c5,01 c5 01 c5 01 c5 01 c5 01 c5 01 c5 01 c5 01 c5,0.0,0.815,0.537,0.719,True
block-copy,block-copy,nominal,16,512,4,101,,300000,300000,False,400,750,650,51000,01 c5 01 c5 01 c5 01 c5 01 c5 01 c5 01 c5 01 c5,stack,0.5793,0.644,4.592130097356863,2.2754361473524165,c8 e3 21 e3 21 81 c8 81 c8 e3 21 e3 21 81 c8 81,203.26,block-copy_L16_st512_k4_s101.summary.json,300,300,c8 e3 21 e3 21 81 c8 81 c8 e3 21 e3 21 81 c8 81,0,0.5793,1.0,1.0,1.0,1.0,True,True,0.0,0.634,stack,8,1.0,1.0,1.0,30,True,1.0,c8 e3 21 e3 21 81 c8 81 c8 e3 21 e3 21 81 c8 81,32,0.6875,0.6875,0.71875,32,0.0,0.00045,0.00725,2.2754361473524165,2.9184361473524163,0.0147375,0.644,0.64525,01 c5 01 c5 01 c5 01 c5 01 c5 01 c5 01 c5 01 c5,1.0,0.0053,0.815,0.537,0.732,0.719,True,0.533,0.0,stack,2.0,1.0,01 c5 01 c5 01 c5 01 c5 01 c5 01 c5 01 c5 01 c5,01 c5 01 c5 01 c5 01 c5 01 c5 01 c5 01 c5 01 c5,0.0,0.815,0.537,0.719,True
block-copy,block-copy,nominal,16,512,4,102,,300000,300000,False,250,800,600,54500,01 c5 01 c5 01 c5 01 c5 01 c5 01 c5 01 c5 01 c5,stack,0.7829,0.8968,2.8382027071476728,1.8000739426857846,b5 e3 21 e3 21 e8 b5 e8 b5 e3 21 e3 21 e8 b5 e8,179.85,block-copy_L16_st512_k4_s102.summary.json,150,150,b5 e3 21 e3 21 e8 b5 e8 b5 e3 21 e3 21 e8 b5 e8,0,0.7829,1.0,1.0,1.0,1.0,True,True,0.0,0.703,stack,8,1.0,1.0,1.0,19,True,1.0,b5 e3 21 e3 21 e8 b5 e8 b5 e3 21 e3 21 e8 b5 e8,32,0.84375,0.84375,0.0,3,0.0,0.0004,0.00215,1.8000739426857846,2.2852989426857846,0.006884375,0.8968,0.90145,01 c5 01 c5 01 c5 01 c5 01 c5 01 c5 01 c5 01 c5,1.0,0.0084,0.815,0.537,0.732,0.719,True,0.533,0.0,stack,2.0,1.0,01 c5 01 c5 01 c5 01 c5 01 c5 01 c5 01 c5 01 c5,01 c5 01 c5 01 c5 01 c5 01 c5 01 c5 01 c5 01 c5,0.0,0.815,0.537,0.719,True
block-copy,block-copy,nominal,16,512,4,103,,300000,300000,False,400,1050,750,89500,01 c5 01 c5 01 c5 01 c5 01 c5 01 c5 01 c5 01 c5,stack,0.53445,0.61785,4.927841123057622,2.3394819285212187,c8 e3 21 e3 21 81 c8 81 c8 e3 21 e3 21 81 c8 81,190.22,block-copy_L16_st512_k4_s103.summary.json,300,300,c8 e3 21 e3 21 81 c8 81 c8 e3 21 e3 21 81 c8 81,0,0.5344,1.0,1.0,1.0,1.0,True,True,0.0,0.634,stack,8,1.0,1.0,1.0,27,True,1.0,c8 e3 21 e3 21 81 c8 81 c8 e3 21 e3 21 81 c8 81,32,0.75,0.75,0.75,32,0.0,0.00035,0.00705,2.3394819285212187,2.995956928521218,0.013796875,0.61785,0.6188,01 c5 01 c5 01 c5 01 c5 01 c5 01 c5 01 c5 01 c5,1.0,0.0069,0.815,0.537,0.732,0.719,True,0.533,0.0,stack,2.0,1.0,01 c5 01 c5 01 c5 01 c5 01 c5 01 c5 01 c5 01 c5,01 c5 01 c5 01 c5 01 c5 01 c5 01 c5 01 c5 01 c5,0.0,0.815,0.537,0.719,True
block-copy,block-copy,nominal,16,512,4,104,,300000,300000,False,750,1150,1050,63000,01 c5 01 c5 01 c5 01 c5 01 c5 01 c5 01 c5 01 c5,stack,0.4116,0.46515,5.8981287209687085,2.500352162168201,c8 e3 21 e3 21 81 c8 81 c8 e3 21 e3 21 81 c8 81,200.4,block-copy_L16_st512_k4_s104.summary.json,650,650,c8 e3 21 e3 21 81 c8 81 c8 e3 21 e3 21 81 c8 81,0,0.4116,1.0,1.0,1.0,1.0,True,True,0.0,0.634,stack,8,1.0,1.0,1.0,41,True,1.0,c8 e3 21 e3 21 81 c8 81 c8 e3 21 e3 21 81 c8 81,32,0.71875,0.71875,0.71875,32,0.0,0.0008,0.0078,2.500352162168201,3.248452162168201,0.014725,0.46515,0.4665,01 c5 01 c5 01 c5 01 c5 01 c5 01 c5 01 c5 01 c5,1.0,0.0081,0.815,0.537,0.732,0.719,True,0.533,0.0,stack,2.0,1.0,01 c5 01 c5 01 c5 01 c5 01 c5 01 c5 01 c5 01 c5,01 c5 01 c5 01 c5 01 c5 01 c5 01 c5 01 c5 01 c5,0.0,0.815,0.537,0.719,True
block-copy,block-copy,nominal,16,512,4,105,,300000,300000,False,200,800,700,39000,11 d5 11 d5 11 d5 11 d5 11 d5 11 d5 11 d5 11 d5,stack,0.134,0.29365,8.094454921188648,2.374745657007657,21 e3 21 e3 21 e3 21 e3 21 e3 21 e3 21 e3 21 e3,202.23,block-copy_L16_st512_k4_s105.summary.json,100,100,5a e3 21 e3 21 c0 5a c0 5a e3 21 e3 21 c0 5a c0,1,0.0328,1.0,1.0,1.0,1.0,True,True,0.0,0.653,stack,8,1.0,1.0,1.0,25,True,1.0,5a e3 21 e3 21 c0 5a c0 5a e3 21 e3 21 c0 5a c0,32,0.65625,0.65625,0.84375,32,0.0,0.00025,0.00485,2.374745657007657,3.315995657007657,0.014178125,0.29365,0.29375,11 d5 11 d5 11 d5 11 d5 11 d5 11 d5 11 d5 11 d5,1.0,0.0067,0.686,0.391,0.73,0.531,True,0.496,0.0,stack,2.0,1.0,11 d5 11 d5 11 d5 11 d5 11 d5 11 d5 11 d5 11 d5,01 c5 01 c5 01 c5 01 c5 01 c5 01 c5 01 c5 01 c5,0.0,0.815,0.537,0.719,True
block-copy,block-copy,nominal,16,512,4,106,,300000,300000,False,200,600,450,49500,01 c5 01 c5 01 c5 01 c5 01 c5 01 c5 01 c5 01 c5,stack,0.441,0.49245,5.731774462984127,2.4746033802335266,c8 e3 21 e3 21 81 c8 81 c8 e3 21 e3 21 81 c8 81,190.83,block-copy_L16_st512_k4_s106.summary.json,100,100,c8 e3 21 e3 21 81 c8 81 c8 e3 21 e3 21 81 c8 81,0,0.441,1.0,1.0,1.0,1.0,True,True,0.0,0.634,stack,8,1.0,1.0,1.0,30,True,1.0,c8 e3 21 e3 21 81 c8 81 c8 e3 21 e3 21 81 c8 81,32,0.6875,0.6875,0.6875,32,0.0,0.00015,0.0086,2.4746033802335266,3.199028380233526,0.013915625,0.49245,0.4937,01 c5 01 c5 01 c5 01 c5 01 c5 01 c5 01 c5 01 c5,1.0,0.01,0.815,0.537,0.732,0.719,True,0.533,0.0,stack,2.0,1.0,01 c5 01 c5 01 c5 01 c5 01 c5 01 c5 01 c5 01 c5,01 c5 01 c5 01 c5 01 c5 01 c5 01 c5 01 c5 01 c5,0.0,0.815,0.537,0.719,True
block-copy,block-copy,nominal,16,512,4,107,,300000,300000,False,450,700,650,288500,21 e5 21 e5 21 e5 21 e5 21 e5 21 e5 21 e5 21 e5,stack,0.5603,0.63445,4.784272295540602,2.273119680319759,c8 e3 21 e3 21 81 c8 81 c8 e3 21 e3 21 81 c8 81,208.96,block-copy_L16_st512_k4_s107.summary.json,350,350,c8 e3 21 e3 21 81 c8 81 c8 e3 21 e3 21 81 c8 81,0,0.5603,1.0,1.0,1.0,1.0,True,True,0.0,0.634,stack,8,1.0,1.0,1.0,27,True,1.0,c8 e3 21 e3 21 81 c8 81 c8 e3 21 e3 21 81 c8 81,32,0.84375,0.84375,0.875,32,0.0,0.0003,0.0083,2.273119680319759,2.936819680319759,0.015409375,0.63445,0.63555,21 e5 21 e5 21 e5 21 e5 21 e5 21 e5 21 e5 21 e5,1.0,0.0055,0.757,0.484,0.737,0.641,True,0.571,0.0,stack,2.0,1.0,21 e5 21 e5 21 e5 21 e5 21 e5 21 e5 21 e5 21 e5,21 e5 21 e5 21 e5 21 e5 21 e5 21 e5 21 e5 21 e5,0.0,0.757,0.484,0.641,True
block-copy,block-copy,nominal,16,512,4,108,,300000,300000,False,300,1000,950,74000,21 e5 21 e5 21 e5 21 e5 21 e5 21 e5 21 e5 21 e5,stack,0.5588,0.6419,4.7092127198008065,2.277760722928404,c8 e3 21 e3 21 81 c8 81 c8 e3 21 e3 21 81 c8 81,198.42,block-copy_L16_st512_k4_s108.summary.json,200,200,c8 e3 21 e3 21 81 c8 81 c8 e3 21 e3 21 81 c8 81,0,0.5588,1.0,1.0,1.0,1.0,True,True,0.0,0.634,stack,8,1.0,1.0,1.0,29,True,1.0,c8 e3 21 e3 21 81 c8 81 c8 e3 21 e3 21 81 c8 81,32,0.84375,0.84375,0.6666666666666666,6,0.0,0.00025,0.0081,2.277760722928404,2.931785722928404,0.01575625,0.6419,0.6427,21 e5 21 e5 21 e5 21 e5 21 e5 21 e5 21 e5 21 e5,0.0,0.0121,0.757,0.484,0.737,0.641,True,0.571,0.0,stack,2.0,1.0,21 e5 21 e5 21 e5 21 e5 21 e5 21 e5 21 e5 21 e5,21 e5 21 e5 21 e5 21 e5 21 e5 21 e5 21 e5 21 e5,0.0,0.757,0.484,0.641,True
block-copy,block-copy,nominal,16,512,4,109,,300000,300000,False,1250,1500,1450,127500,01 c5 01 c5 01 c5 01 c5 01 c5 01 c5 01 c5 01 c5,stack,0.4926,0.5468,5.304842138852949,2.3901039288298795,c8 e3 21 e3 21 81 c8 81 c8 e3 21 e3 21 81 c8 81,210.49,block-copy_L16_st512_k4_s109.summary.json,1150,1150,c8 e3 21 e3 21 81 c8 81 c8 e3 21 e3 21 81 c8 81,0,0.4926,1.0,1.0,1.0,1.0,True,True,0.0,0.634,stack,8,1.0,1.0,1.0,28,True,1.0,c8 e3 21 e3 21 81 c8 81 c8 e3 21 e3 21 81 c8 81,32,0.78125,0.78125,0.8125,32,0.0,0.0002,0.007,2.3901039288298795,3.09540392882988,0.014265625,0.5468,0.5479,01 c5 01 c5 01 c5 01 c5 01 c5 01 c5 01 c5 01 c5,0.0,0.0092,0.815,0.537,0.732,0.719,True,0.533,0.0,stack,2.0,1.0,01 c5 01 c5 01 c5 01 c5 01 c5 01 c5 01 c5 01 c5,01 c5 01 c5 01 c5 01 c5 01 c5 01 c5 01 c5 01 c5,0.0,0.815,0.537,0.719,True
block-copy,block-copy,nominal,16,512,4,110,,300000,300000,False,350,650,600,201500,01 c5 01 c5 01 c5 01 c5 01 c5 01 c5 01 c5 01 c5,stack,0.65305,0.7226,3.997580119849852,2.1351172364537994,c8 e3 21 e3 21 81 c8 81 c8 e3 21 e3 21 81 c8 81,204.62,block-copy_L16_st512_k4_s110.summary.json,250,250,c8 e3 21 e3 21 81 c8 81 c8 e3 21 e3 21 81 c8 81,0,0.6531,1.0,1.0,1.0,1.0,True,True,0.0,0.634,stack,8,1.0,1.0,1.0,30,True,1.0,c8 e3 21 e3 21 81 c8 81 c8 e3 21 e3 21 81 c8 81,32,0.8125,0.8125,0.4444444444444444,9,0.0,0.0002,0.0079,2.1351172364537994,2.7302422364537993,0.014496875,0.7226,0.72375,01 c5 01 c5 01 c5 01 c5 01 c5 01 c5 01 c5 01 c5,1.0,0.0059,0.815,0.537,0.732,0.719,True,0.533,0.0,stack,2.0,1.0,01 c5 01 c5 01 c5 01 c5 01 c5 01 c5 01 c5 01 c5,01 c5 01 c5 01 c5 01 c5 01 c5 01 c5 01 c5 01 c5,0.0,0.815,0.537,0.719,True
block-copy,block-copy,nominal,16,512,6,101,,300000,300000,False,21,2550,2550,-1,00 41 00 41 00 41 00 41 00 41 00 41 00 41 00 41,-,0.1882,0.19295,8.42172509345181,2.059801050647069,e5 2a e5 2a e5 2a e5 2a e5 2a e5 2a e5 2a e5 2a,230.23,block-copy_L16_st512_k6_s101.summary.json,2300,2300,e5 2a e5 2a e5 2a e5 2a e5 2a e5 2a e5 2a e5 2a,0,0.1882,0.832,0.681,0.914,0.734,True,True,0.0,0.368,stack,2,1.0,0.961,0.902,55,True,0.902,e5 2a e5 2a e5 2a e5 2a e5 2a e5 2a e5 2a e5 2a,32,0.34375,0.34375,0.34375,32,0.0,0.5733,0.0684,2.059801050647069,3.409851050647069,0.0755625,0.19295,0.1951,11 d5 11 d5 11 d5 11 d5 11 d5 11 d5 11 d5 11 d5,1.0,0.007,0.686,0.391,0.73,0.531,True,0.496,0.0,stack,2.0,1.0,11 d5 11 d5 11 d5 11 d5 11 d5 11 d5 11 d5 11 d5,11 d5 11 d5 11 d5 11 d5 11 d5 11 d5 11 d5 11 d5,0.0,0.686,0.391,0.531,True
block-copy,block-copy,nominal,16,512,6,102,,300000,300000,False,21,3850,3750,42500,00 41 00 41 00 41 00 41 00 41 00 41 00 41 00 41,-,0.58215,0.59905,3.3134394982893336,2.6035757944260327,c8 e3 21 e3 21 81 c8 81 c8 e3 21 e3 21 81 c8 81,174.13,block-copy_L16_st512_k6_s102.summary.json,3400,3400,c8 e3 21 e3 21 81 c8 81 c8 e3 21 e3 21 81 c8 81,0,0.5821,1.0,1.0,1.0,1.0,True,True,0.0,0.634,stack,8,1.0,1.0,1.0,21,True,1.0,c8 e3 21 e3 21 81 c8 81 c8 e3 21 e3 21 81 c8 81,32,0.875,0.875,0.9375,32,0.0,0.0,0.0018,2.6035757944260327,2.9220007944260327,0.003521875,0.59905,0.59945,01 c5 01 c5 01 c5 01 c5 01 c5 01 c5 01 c5 01 c5,1.0,0.0086,0.815,0.537,0.732,0.719,True,0.533,0.0,stack,2.0,1.0,01 c5 01 c5 01 c5 01 c5 01 c5 01 c5 01 c5 01 c5,01 c5 01 c5 01 c5 01 c5 01 c5 01 c5 01 c5 01 c5,0.0,0.815,0.537,0.719,True
block-copy,block-copy,nominal,16,512,6,103,,300000,300000,False,34,1550,1300,-1,00 41 00 41 00 41 00 41 00 41 00 41 00 41 00 41,-,0.18635,0.19095,7.939163343418467,2.069428848409336,e5 2a e5 2a e5 2a e5 2a e5 2a e5 2a e5 2a e5 2a,233.36,block-copy_L16_st512_k6_s103.summary.json,1050,1050,e5 2a e5 2a e5 2a e5 2a e5 2a e5 2a e5 2a e5 2a,0,0.1863,0.832,0.681,0.914,0.734,True,True,0.0,0.368,stack,2,1.0,1.0,1.0,50,True,1.0,e5 2a e5 2a e5 2a e5 2a e5 2a e5 2a e5 2a e5 2a,32,0.4375,0.4375,0.53125,32,0.0,0.62085,0.06335,2.069428848409336,3.286728848409336,0.070403125,0.19095,0.19265,01 c5 01 c5 01 c5 01 c5 01 c5 01 c5 01 c5 01 c5,1.0,0.0085,0.815,0.537,0.732,0.719,True,0.533,0.0,stack,2.0,1.0,01 c5 01 c5 01 c5 01 c5 01 c5 01 c5 01 c5 01 c5,01 c5 01 c5 01 c5 01 c5 01 c5 01 c5 01 c5 01 c5,0.0,0.815,0.537,0.719,True
block-copy,block-copy,nominal,16,512,6,104,,300000,300000,False,21,850,600,-1,00 41 00 41 00 41 00 41 00 41 00 41 00 41 00 41,-,0.2477,0.2541,7.5741677675742975,2.0227367938338,e5 2a e5 2a e5 2a e5 2a e5 2a e5 2a e5 2a e5 2a,229.11,block-copy_L16_st512_k6_s104.summary.json,100,100,e5 2a e5 2a e5 2a e5 2a e5 2a e5 2a e5 2a e5 2a,0,0.2477,0.832,0.681,0.914,0.734,True,True,0.0,0.368,stack,2,1.0,0.967,0.926,44,True,0.926,e5 2a e5 2a e5 2a e5 2a e5 2a e5 2a e5 2a e5 2a,32,0.375,0.375,0.375,32,0.0,0.63785,0.0574,2.0227367938338,3.1724617938338,0.062509375,0.2541,0.2552,01 c5 01 c5 01 c5 01 c5 01 c5 01 c5 01 c5 01 c5,2.0,0.0089,0.815,0.537,0.732,0.719,True,0.533,0.0,stack,2.0,1.0,01 c5 01 c5 01 c5 01 c5 01 c5 01 c5 01 c5 01 c5,01 c5 01 c5 01 c5 01 c5 01 c5 01 c5 01 c5 01 c5,0.0,0.815,0.537,0.719,True
block-copy,block-copy,nominal,16,512,6,105,,300000,300000,False,34,2150,500,-1,00 41 00 41 00 41 00 41 00 41 00 41 00 41 00 41,-,0.1591,0.1639,8.520113806760339,2.038723038479575,e5 2a e5 2a e5 2a e5 2a e5 2a e5 2a e5 2a e5 2a,229.86,block-copy_L16_st512_k6_s105.summary.json,100,100,e5 2a e5 2a e5 2a e5 2a e5 2a e5 2a e5 2a e5 2a,0,0.1591,0.832,0.681,0.914,0.734,True,True,0.0,0.368,stack,2,1.0,0.947,0.878,55,True,0.878,e5 2a e5 2a e5 2a e5 2a e5 2a e5 2a e5 2a e5 2a,32,0.40625,0.40625,0.40625,32,0.0,0.60435,0.06975,2.038723038479575,3.400498038479575,0.076853125,0.1639,0.16525,11 d5 11 d5 11 d5 11 d5 11 d5 11 d5 11 d5 11 d5,2.0,0.0075,0.686,0.391,0.73,0.531,True,0.496,0.0,stack,2.0,1.0,11 d5 11 d5 11 d5 11 d5 11 d5 11 d5 11 d5 11 d5,11 d5 11 d5 11 d5 11 d5 11 d5 11 d5 11 d5 11 d5,1.0,0.686,0.391,0.531,True
block-copy,block-copy,nominal,16,512,6,106,,300000,300000,False,21,550,400,-1,00 41 00 41 00 41 00 41 00 41 00 41 00 41 00 41,-,0.1754,0.18165,8.607583599305341,1.9693350585506095,e5 2a e5 2a e5 2a e5 2a e5 2a e5 2a e5 2a e5 2a,233.47,block-copy_L16_st512_k6_s106.summary.json,100,100,e5 2a e5 2a e5 2a e5 2a e5 2a e5 2a e5 2a e5 2a,0,0.1754,0.832,0.681,0.914,0.734,True,True,0.0,0.368,stack,2,1.0,0.909,0.829,53,True,0.829,e5 2a e5 2a e5 2a e5 2a e5 2a e5 2a e5 2a e5 2a,32,0.40625,0.40625,0.40625,32,0.0,0.59495,0.0669,1.9693350585506095,3.3907100585506096,0.076015625,0.18165,0.1833,01 c5 01 c5 01 c5 01 c5 01 c5 01 c5 01 c5 01 c5,2.0,0.0107,0.815,0.537,0.732,0.719,True,0.533,0.0,stack,2.0,1.0,01 c5 01 c5 01 c5 01 c5 01 c5 01 c5 01 c5 01 c5,01 c5 01 c5 01 c5 01 c5 01 c5 01 c5 01 c5 01 c5,0.0,0.815,0.537,0.719,True
block-copy,block-copy,nominal,16,512,6,107,,300000,300000,False,21,550,500,279000,00 41 00 41 00 41 00 41 00 41 00 41 00 41 00 41,-,0.1458,0.27635,6.590038413551765,2.5541577505100768,21 e3 21 e3 21 e3 21 e3 21 e3 21 e3 21 e3 21 e3,226.8,block-copy_L16_st512_k6_s107.summary.json,250,250,5e e3 21 e3 21 e0 5e e0 5e e3 21 e3 21 e0 5e e0,1,0.0505,1.0,1.0,1.0,1.0,True,True,0.0,0.7,stack,8,1.0,1.0,1.0,29,True,1.0,5e e3 21 e3 21 e0 5e e0 5e e3 21 e3 21 e0 5e e0,32,0.75,0.75,1.0,8,0.0,0.00415,0.00175,2.5541577505100768,3.109182750510077,0.006353125,0.27635,0.2764,01 c5 01 c5 01 c5 01 c5 01 c5 01 c5 01 c5 01 c5,2.0,0.0062,0.815,0.537,0.732,0.719,True,0.533,0.0,stack,2.0,1.0,01 c5 01 c5 01 c5 01 c5 01 c5 01 c5 01 c5 01 c5,01 c5 01 c5 01 c5 01 c5 01 c5 01 c5 01 c5 01 c5,0.0,0.815,0.537,0.719,True
block-copy,block-copy,nominal,16,512,6,108,,300000,300000,False,21,1650,1650,-1,00 41 00 41 00 41 00 41 00 41 00 41 00 41 00 41,-,0.2214,0.22625,7.934991888131632,2.0717189455106872,e5 2a e5 2a e5 2a e5 2a e5 2a e5 2a e5 2a e5 2a,229.96,block-copy_L16_st512_k6_s108.summary.json,1400,1400,e5 2a e5 2a e5 2a e5 2a e5 2a e5 2a e5 2a e5 2a,0,0.2214,0.832,0.681,0.914,0.734,True,True,0.0,0.368,stack,2,1.0,0.968,0.882,54,True,0.882,e5 2a e5 2a e5 2a e5 2a e5 2a e5 2a e5 2a e5 2a,32,0.34375,0.34375,0.375,32,0.0,0.60965,0.07855,2.0717189455106872,3.289393945510687,0.083634375,0.22625,0.2275,01 c5 01 c5 01 c5 01 c5 01 c5 01 c5 01 c5 01 c5,0.0,0.0132,0.815,0.537,0.732,0.719,True,0.533,0.0,stack,2.0,1.0,01 c5 01 c5 01 c5 01 c5 01 c5 01 c5 01 c5 01 c5,01 c5 01 c5 01 c5 01 c5 01 c5 01 c5 01 c5 01 c5,0.0,0.815,0.537,0.719,True
block-copy,block-copy,nominal,16,512,6,109,,300000,300000,False,34,3050,3050,20000,00 41 00 41 00 41 00 41 00 41 00 41 00 41 00 41,-,0.1578,0.2943,6.152845917085384,2.4287721573504664,21 e3 21 e3 21 e3 21 e3 21 e3 21 e3 21 e3 21 e3,175.5,block-copy_L16_st512_k6_s109.summary.json,2800,2800,f3 e3 21 e3 21 c0 f3 c0 f3 e3 21 e3 21 c0 f3 c0,1,0.0752,1.0,1.0,1.0,1.0,True,True,0.0,0.637,stack,8,1.0,1.0,1.0,24,True,1.0,f3 e3 21 e3 21 c0 f3 c0 f3 e3 21 e3 21 c0 f3 c0,32,0.625,0.625,0.90625,32,0.0,0.0001,0.0008,2.4287721573504664,2.980897157350466,0.00198125,0.2943,0.29435,01 c5 01 c5 01 c5 01 c5 01 c5 01 c5 01 c5 01 c5,1.0,0.0096,0.815,0.537,0.732,0.719,True,0.533,0.0,stack,2.0,1.0,01 c5 01 c5 01 c5 01 c5 01 c5 01 c5 01 c5 01 c5,01 c5 01 c5 01 c5 01 c5 01 c5 01 c5 01 c5 01 c5,0.0,0.815,0.537,0.719,True
block-copy,block-copy,nominal,16,512,6,110,,300000,300000,False,1700,16000,1750,-1,11 e0 11 e0 11 e0 11 e0 11 e0 11 e0 11 e0 11 e0,-,0.2076,0.21325,7.823468552994798,2.019829570923071,e5 2a e5 2a e5 2a e5 2a e5 2a e5 2a e5 2a e5 2a,232.59,block-copy_L16_st512_k6_s110.summary.json,1400,1400,e5 2a e5 2a e5 2a e5 2a e5 2a e5 2a e5 2a e5 2a,0,0.2076,0.832,0.681,0.914,0.734,True,True,0.0,0.368,stack,2,1.0,0.988,0.92,53,True,0.92,e5 2a e5 2a e5 2a e5 2a e5 2a e5 2a e5 2a e5 2a,32,0.40625,0.40625,0.40625,32,0.0,0.61935,0.06685,2.019829570923071,3.2065295709230712,0.07229375,0.21325,0.21465,11 d5 11 d5 11 d5 11 d5 11 d5 11 d5 11 d5 11 d5,1.0,0.0065,0.686,0.391,0.73,0.531,True,0.496,0.0,stack,2.0,1.0,11 d5 11 d5 11 d5 11 d5 11 d5 11 d5 11 d5 11 d5,11 d5 11 d5 11 d5 11 d5 11 d5 11 d5 11 d5 11 d5,1.0,0.686,0.391,0.531,True
call-rst,call-rst,nominal,16,128,4,101,,300000,300000,False,1550,2700,2150,-1,01 c5 01 c5 01 c5 01 c5 01 c5 01 c5 01 c5 01 c5,stack,0.00275,0.01505,11.78308533462051,5.515977685234706,e2 e2 11 68 3d ed b0 51 e2 e2 11 68 3d ed b0 51,77.04,call-rst_L16_st128_k4_s101.summary.json,1450,1450,e2 e2 11 68 3d ed b0 51 e2 e2 11 68 3d ed b0 51,0,0.0027,1.0,1.0,1.0,1.0,True,True,0.0,0.768,block-copy,8,1.0,1.0,1.0,64,True,1.0,e2 e2 11 68 3d ed b0 51 e2 e2 11 68 3d ed b0 51,32,0.875,0.875,0.875,32,0.96135,0.01395,0.0012,5.515977685234706,6.712452685234706,0.019765625,0.01505,0.01505,01 c5 01 c5 01 c5 01 c5 01 c5 01 c5 01 c5 01 c5,0.0,0.0083,0.854,0.664,0.83,0.75,True,0.729,0.0,stack,2.0,1.0,01 c5 01 c5 01 c5 01 c5 01 c5 01 c5 01 c5 01 c5,01 c5 01 c5 01 c5 01 c5 01 c5 01 c5 01 c5 01 c5,0.0,0.854,0.664,0.75,True
call-rst,call-rst,nominal,16,128,4,102,,300000,300000,False,350,1350,1100,-1,01 c5 01 c5 01 c5 01 c5 01 c5 01 c5 01 c5 01 c5,stack,0.0036,0.00665,11.464650438902936,5.128127650170416,28 e4 5e ed b0 2c bb 41 28 e4 5e ed b0 2c bb 41,74.94,call-rst_L16_st128_k4_s102.summary.json,300,300,28 e4 5e ed b0 2c bb 41 28 e4 5e ed b0 2c bb 41,0,0.0036,1.0,1.0,1.0,1.0,True,True,0.0,0.619,block-copy,8,1.0,1.0,1.0,64,True,1.0,28 e4 5e ed b0 2c bb 41 28 e4 5e ed b0 2c bb 41,32,0.875,0.875,0.875,32,0.9544,0.0426,0.00165,5.128127650170416,6.219302650170416,0.00906875,0.00665,0.00665,01 c5 01 c5 01 c5 01 c5 01 c5 01 c5 01 c5 01 c5,0.0,0.0134,0.854,0.664,0.83,0.75,True,0.729,0.0,stack,2.0,1.0,01 c5 01 c5 01 c5 01 c5 01 c5 01 c5 01 c5 01 c5,01 c5 01 c5 01 c5 01 c5 01 c5 01 c5 01 c5 01 c5,0.0,0.854,0.664,0.75,True
call-rst,call-rst,nominal,16,128,4,103,,300000,300000,False,300,650,550,-1,01 c5 01 c5 01 c5 01 c5 01 c5 01 c5 01 c5 01 c5,stack,0.00195,0.00505,11.932739009395727,5.843470765569547,f0 5e c3 ce 82 f2 68 b6 e1 46 2c 1a 05 f0 ed b0,72.0,call-rst_L16_st128_k4_s103.summary.json,150,150,f0 5e c3 ce 82 f2 68 b6 e1 46 2c 1a 05 f0 ed b0,0,0.0019,1.0,1.0,1.0,1.0,True,True,0.0,0.884,block-copy,16,0.333,1.0,1.0,63,True,1.0,f0 5e c3 ce 82 f2 68 b6 e1 46 2c 1a 05 f0 ed b0,32,0.875,0.875,0.875,32,0.9626,0.0081,0.00135,5.843470765569547,7.097220765569547,0.0114875,0.00505,0.0051,01 c5 01 c5 01 c5 01 c5 01 c5 01 c5 01 c5 01 c5,0.0,0.008,0.854,0.664,0.83,0.75,True,0.729,0.0,stack,2.0,1.0,01 c5 01 c5 01 c5 01 c5 01 c5 01 c5 01 c5 01 c5,01 c5 01 c5 01 c5 01 c5 01 c5 01 c5 01 c5 01 c5,0.0,0.854,0.664,0.75,True
call-rst,call-rst,nominal,16,128,4,104,,300000,300000,False,1700,2100,2050,-1,01 c5 01 c5 01 c5 01 c5 01 c5 01 c5 01 c5 01 c5,stack,0.0029,0.0031,11.896572076381133,5.832075208001013,cb d3 ed b0 cb d3 ed b0 cb d3 ed b0 cb d3 ed b0,85.56,call-rst_L16_st128_k4_s104.summary.json,1600,1600,cb d3 ed b0 cb d3 ed b0 cb d3 ed b0 cb d3 ed b0,0,0.0029,1.0,1.0,1.0,1.0,True,True,0.0,0.518,block-copy,4,1.0,1.0,1.0,63,True,1.0,cb d3 ed b0 cb d3 ed b0 cb d3 ed b0 cb d3 ed b0,32,0.875,0.875,0.90625,32,0.9618,0.00915,0.0011,5.832075208001013,7.072725208001014,0.007434375,0.0031,0.0031,01 c5 01 c5 01 c5 01 c5 01 c5 01 c5 01 c5 01 c5,0.0,0.0063,0.854,0.664,0.83,0.75,True,0.729,0.0,stack,2.0,1.0,01 c5 01 c5 01 c5 01 c5 01 c5 01 c5 01 c5 01 c5,01 c5 01 c5 01 c5 01 c5 01 c5 01 c5 01 c5 01 c5,0.0,0.854,0.664,0.75,True
call-rst,call-rst,nominal,16,128,4,105,,300000,300000,False,2200,2500,2500,-1,01 c5 01 c5 01 c5 01 c5 01 c5 01 c5 01 c5 01 c5,stack,0.0015,0.0047,11.954936794534513,5.635317528362632,cb e3 c3 0b e2 fa 29 f6 a9 43 22 ed b0 d4 9b 00,74.86,call-rst_L16_st128_k4_s105.summary.json,2050,2050,cb e3 c3 0b e2 fa 29 f6 a9 43 22 ed b0 d4 9b 00,0,0.0015,1.0,1.0,1.0,1.0,True,True,0.0,0.941,ld-mem,16,0.0,1.0,1.0,64,True,1.0,cb e3 c3 0b e2 fa 29 f6 a9 43 22 ed b0 d4 9b 00,32,0.9375,0.9375,0.9375,32,0.96975,0.0088,0.00215,5.635317528362632,6.870192528362631,0.042134375,0.0047,0.0047,01 c5 01 c5 01 c5 01 c5 01 c5 01 c5 01 c5 01 c5,0.0,0.005,0.854,0.664,0.83,0.75,True,0.729,0.0,stack,2.0,1.0,01 c5 01 c5 01 c5 01 c5 01 c5 01 c5 01 c5 01 c5,01 c5 01 c5 01 c5 01 c5 01 c5 01 c5 01 c5 01 c5,0.0,0.854,0.664,0.75,True
call-rst,call-rst,nominal,16,128,4,106,,300000,300000,False,450,1650,1400,-1,01 c5 01 c5 01 c5 01 c5 01 c5 01 c5 01 c5 01 c5,stack,0.002,0.00405,11.935538987361301,5.905568408060351,11 90 bd c3 8e ed bb ea 8d ce eb b6 a2 dd ed b0,76.66,call-rst_L16_st128_k4_s106.summary.json,200,200,11 90 bd c3 8e ed bb ea 8d ce eb b6 a2 dd ed b0,0,0.002,1.0,1.0,1.0,1.0,True,True,0.0,0.945,block-copy,16,0.143,1.0,1.0,64,True,1.0,11 90 bd c3 8e ed bb ea 8d ce eb b6 a2 dd ed b0,32,0.96875,0.96875,0.96875,32,0.9638,0.00865,0.0012,5.905568408060351,7.155968408060351,0.013353125,0.00405,0.00405,01 c5 01 c5 01 c5 01 c5 01 c5 01 c5 01 c5 01 c5,0.0,0.0078,0.854,0.664,0.83,0.75,True,0.729,0.0,stack,2.0,1.0,01 c5 01 c5 01 c5 01 c5 01 c5 01 c5 01 c5 01 c5,01 c5 01 c5 01 c5 01 c5 01 c5 01 c5 01 c5 01 c5,0.0,0.854,0.664,0.75,True
call-rst,call-rst,nominal,16,128,4,107,,300000,300000,False,250,-1,900,-1,11 d5 11 d5 11 d5 11 d5 11 d5 11 d5 11 d5 11 d5,stack,0.00315,0.00405,11.872839572075709,5.484169193574922,2f 2f 2f 2f 2f 2f 2f 2f 2f 2f 2f 2f 2f 2f 2f 2f,73.53,call-rst_L16_st128_k4_s107.summary.json,150,150,2f c3 e9 1e 83 28 cc 52 78 1d 6e ed b8 47 41 c8,1,0.0021,1.0,1.0,1.0,1.0,True,True,0.0,0.883,block-copy,16,0.0,1.0,1.0,64,True,1.0,2f c3 e9 1e 83 28 cc 52 78 1d 6e ed b8 47 41 c8,32,0.875,0.875,0.90625,32,0.9494,0.0159,0.0027,5.484169193574922,6.725144193574922,0.01886875,0.00405,0.00405,11 d5 11 d5 11 d5 11 d5 11 d5 11 d5 11 d5 11 d5,0.0,0.0092,0.847,0.641,0.815,0.766,True,0.731,0.0,stack,2.0,1.0,11 d5 11 d5 11 d5 11 d5 11 d5 11 d5 11 d5 11 d5,21 e5 21 e5 21 e5 21 e5 21 e5 21 e5 21 e5 21 e5,1.0,0.874,0.674,0.766,True
call-rst,call-rst,nominal,16,128,4,108,,300000,300000,False,350,1150,1000,-1,01 c5 01 c5 01 c5 01 c5 01 c5 01 c5 01 c5 01 c5,stack,0.0022,0.00365,11.887821003455018,5.873395601117865,90 5e c3 4b 5f 7f 58 95 48 f7 f7 62 ed b0 cc 0b,72.96,call-rst_L16_st128_k4_s108.summary.json,200,200,90 5e c3 4b 5f 7f 58 95 48 f7 f7 62 ed b0 cc 0b,0,0.0022,1.0,1.0,1.0,1.0,True,True,0.0,0.915,block-copy,16,0.067,1.0,1.0,64,True,1.0,90 5e c3 4b 5f 7f 58 95 48 f7 f7 62 ed b0 cc 0b,32,0.9375,0.9375,0.9375,32,0.9674,0.0052,0.0005,5.873395601117865,7.111520601117865,0.007921875,0.00365,0.00365,01 c5 01 c5 01 c5 01 c5 01 c5 01 c5 01 c5 01 c5,0.0,0.0073,0.854,0.664,0.83,0.75,True,0.729,0.0,stack,2.0,1.0,01 c5 01 c5 01 c5 01 c5 01 c5 01 c5 01 c5 01 c5,01 c5 01 c5 01 c5 01 c5 01 c5 01 c5 01 c5 01 c5,0.0,0.854,0.664,0.75,True
call-rst,call-rst,nominal,16,128,4,109,,300000,300000,False,350,-1,1400,-1,01 c5 01 c5 01 c5 01 c5 01 c5 01 c5 01 c5 01 c5,stack,0.0036,0.00715,11.559353452058375,5.3776049731702225,28 f6 5e ed b0 3f a2 48 28 f6 5e ed b0 3f a2 48,76.85,call-rst_L16_st128_k4_s109.summary.json,250,250,28 f6 5e ed b0 3f a2 48 28 f6 5e ed b0 3f a2 48,0,0.0036,1.0,1.0,1.0,1.0,True,True,0.0,0.727,block-copy,8,1.0,1.0,1.0,63,True,1.0,28 f6 5e ed b0 3f a2 48 28 f6 5e ed b0 3f a2 48,32,0.9375,0.9375,0.9375,32,0.9613,0.0298,0.00105,5.3776049731702225,6.514929973170222,0.0089,0.00715,0.00715,01 c5 01 c5 01 c5 01 c5 01 c5 01 c5 01 c5 01 c5,0.0,0.0102,0.854,0.664,0.83,0.75,True,0.729,0.0,stack,2.0,1.0,01 c5 01 c5 01 c5 01 c5 01 c5 01 c5 01 c5 01 c5,01 c5 01 c5 01 c5 01 c5 01 c5 01 c5 01 c5 01 c5,0.0,0.854,0.664,0.75,True
call-rst,call-rst,nominal,16,128,4,110,,300000,300000,False,650,1900,1600,-1,01 c5 01 c5 01 c5 01 c5 01 c5 01 c5 01 c5 01 c5,stack,0.00205,0.0045,11.888138143829508,5.89175107783409,11 d0 56 c3 6c fe ee c8 4e d5 c6 63 ed b0 ee cf,74.32,call-rst_L16_st128_k4_s110.summary.json,550,550,11 d0 56 c3 6c fe ee c8 4e d5 c6 63 ed b0 ee cf,0,0.0021,1.0,1.0,1.0,1.0,True,True,0.0,0.918,block-copy+stack,16,0.125,1.0,1.0,64,True,1.0,11 d0 56 c3 6c fe ee c8 4e d5 c6 63 ed b0 ee cf,32,0.9375,0.9375,0.96875,32,0.962,0.00445,0.001,5.89175107783409,7.1143260778340895,0.00838125,0.0045,0.0045,01 c5 01 c5 01 c5 01 c5 01 c5 01 c5 01 c5 01 c5,0.0,0.008,0.854,0.664,0.83,0.75,True,0.729,0.0,stack,2.0,1.0,01 c5 01 c5 01 c5 01 c5 01 c5 01 c5 01 c5 01 c5,01 c5 01 c5 01 c5 01 c5 01 c5 01 c5 01 c5 01 c5,0.0,0.854,0.664,0.75,True
call-rst,call-rst,nominal,16,32,2,101,,300000,300000,False,229000,257000,239000,-1,b0 f5 d1 ed b0 f5 d1 ed b0 f5 d1 ed b0 f5 d1 ed,block-copy+stack,0.0291,0.04145,13.009519539979848,4.15875319750989,b0 f5 d1 ed b0 f5 d1 ed b0 f5 d1 ed b0 f5 d1 ed,54.05,call-rst_L16_st32_k2_s101.summary.json,219000,219000,b0 f5 d1 ed b0 f5 d1 ed b0 f5 d1 ed b0 f5 d1 ed,0,0.0291,1.0,1.0,1.0,1.0,True,True,0.0,0.71,block-copy+stack,4,1.0,1.0,1.0,62,True,1.0,b0 f5 d1 ed b0 f5 d1 ed b0 f5 d1 ed b0 f5 d1 ed,32,0.84375,0.84375,0.84375,32,0.869,0.07105,0.0027,4.15875319750989,6.46342819750989,0.02283125,0.04145,0.0415,b0 f5 d1 ed b0 f5 d1 ed b0 f5 d1 ed b0 f5 d1 ed,0.0,0.0073,1.0,1.0,1.0,1.0,True,0.71,0.0,block-copy+stack,4.0,1.0,b0 f5 d1 ed b0 f5 d1 ed b0 f5 d1 ed b0 f5 d1 ed,b0 f5 d1 ed b0 f5 d1 ed b0 f5 d1 ed b0 f5 d1 ed,0.0,1.0,1.0,1.0,True
call-rst,call-rst,nominal,16,32,2,102,,300000,300000,False,-1,-1,-1,-1,,,0.00145,0.0019,13.2625784588408,4.198337399343815,b0 f5 d1 ed b0 f5 d1 ed b0 f5 d1 ed b0 f5 d1 ed,55.37,call-rst_L16_st32_k2_s102.summary.json,-1,-1,b0 f5 d1 ed b0 f5 d1 ed b0 f5 d1 ed b0 f5 d1 ed,0,0.0014,1.0,1.0,1.0,1.0,True,True,0.0,0.71,block-copy+stack,4,1.0,1.0,1.0,64,True,1.0,b0 f5 d1 ed b0 f5 d1 ed b0 f5 d1 ed b0 f5 d1 ed,32,0.78125,0.78125,0.78125,32,0.8609,0.04805,0.00245,4.198337399343815,6.575887399343815,0.02356875,0.0019,0.00195,,,,,,,,,,,,,,,,,,,,
call-rst,call-rst,nominal,16,32,2,103,,300000,300000,False,-1,-1,-1,-1,,,0.0021,0.00475,13.238880198225829,4.192747519294112,e4 5e ed b0 e4 5e ed b0 e4 5e ed b0 e4 5e ed b0,52.74,call-rst_L16_st32_k2_s103.summary.json,-1,-1,e4 5e ed b0 e4 5e ed b0 e4 5e ed b0 e4 5e ed b0,0,0.0021,1.0,1.0,1.0,1.0,True,True,0.0,0.771,block-copy,4,1.0,1.0,1.0,64,True,1.0,e4 5e ed b0 e4 5e ed b0 e4 5e ed b0 e4 5e ed b0,32,0.78125,0.75,0.78125,32,0.855,0.0378,0.00335,4.192747519294112,6.5688225192941125,0.0245875,0.00475,0.0051,,,,,,,,,,,,,,,,,,,,
call-rst,call-rst,nominal,16,32,2,104,,300000,300000,False,25500,-1,-1,-1,e5 2a e5 2a e5 2a e5 2a e5 2a e5 2a e5 2a e5 2a,stack,0.00125,0.00215,13.238745311184434,4.175034627181349,28 a4 5e ed b0 69 26 85 28 a4 5e ed b0 69 26 85,55.01,call-rst_L16_st32_k2_s104.summary.json,23500,23500,28 a4 5e ed b0 69 26 85 28 a4 5e ed b0 69 26 85,0,0.0013,1.0,1.0,1.0,1.0,True,True,0.0,0.826,block-copy,8,1.0,1.0,1.0,64,True,1.0,28 a4 5e ed b0 69 26 85 28 a4 5e ed b0 69 26 85,32,0.84375,0.84375,0.875,32,0.85615,0.03105,0.0028,4.175034627181349,6.550609627181348,0.024475,0.00215,0.00215,e5 2a e5 2a e5 2a e5 2a e5 2a e5 2a e5 2a e5 2a,0.0,0.008,0.705,0.566,0.703,0.625,True,0.67,0.0,stack,2.0,1.0,e5 2a e5 2a e5 2a e5 2a e5 2a e5 2a e5 2a e5 2a,,,,,,
call-rst,call-rst,nominal,16,32,2,105,,300000,300000,False,8000,-1,8500,-1,e5 2a e5 2a e5 2a e5 2a e5 2a e5 2a e5 2a e5 2a,stack,0.0016,0.00235,13.266310421222634,4.14950096186763,24 5e ed b0 24 5e ed b0 24 5e ed b0 24 5e ed b0,56.23,call-rst_L16_st32_k2_s105.summary.json,5500,5500,24 5e ed b0 24 5e ed b0 24 5e ed b0 24 5e ed b0,0,0.0016,1.0,1.0,1.0,1.0,True,True,0.0,0.771,block-copy,4,1.0,1.0,1.0,64,True,1.0,24 5e ed b0 24 5e ed b0 24 5e ed b0 24 5e ed b0,32,0.71875,0.71875,0.75,32,0.84845,0.03115,0.0024,4.14950096186763,6.57332596186763,0.026546875,0.00235,0.00235,e5 2a e5 2a e5 2a e5 2a e5 2a e5 2a e5 2a e5 2a,0.0,0.0062,0.705,0.566,0.703,0.625,True,0.67,0.0,stack,2.0,1.0,e5 2a e5 2a e5 2a e5 2a e5 2a e5 2a e5 2a e5 2a,e5 2a e5 2a e5 2a e5 2a e5 2a e5 2a e5 00 00 2a,1.0,0.831,0.63,0.797,True
call-rst,call-rst,nominal,16,32,2,106,,300000,300000,False,24500,61500,52500,98500,b0 f5 d1 ed b0 f5 d1 ed b0 f5 d1 ed b0 f5 d1 ed,block-copy+stack,0.4486,0.6477,7.9676362560760685,2.513134929865738,b0 f5 d1 ed b0 f5 d1 ed b0 f5 d1 ed b0 f5 d1 ed,54.07,call-rst_L16_st32_k2_s106.summary.json,2600,2600,b0 f5 d1 ed b0 f5 d1 ed b0 f5 d1 ed b0 f5 d1 ed,0,0.4486,1.0,1.0,1.0,1.0,True,True,0.0,0.71,block-copy+stack,4,1.0,1.0,1.0,25,True,1.0,b0 f5 d1 ed b0 f5 d1 ed b0 f5 d1 ed b0 f5 d1 ed,32,0.71875,0.71875,0.71875,32,0.9217,0.75705,0.0069,2.513134929865738,3.9650599298657383,0.0273625,0.6477,0.64875,e5 2a e5 2a e5 2a e5 2a e5 2a e5 2a e5 2a e5 2a,0.0,0.0056,0.705,0.566,0.703,0.625,True,0.67,0.0,stack,2.0,1.0,e5 2a e5 2a e5 2a e5 2a e5 2a e5 2a e5 2a e5 2a,b0 f5 d1 ed b0 f5 d1 ed b0 f5 d1 ed b0 f5 d1 ed,0.0,1.0,1.0,1.0,True
call-rst,call-rst,nominal,16,32,2,107,,300000,300000,False,38000,-1,45000,-1,1e c4 ed b0 1e c4 ed b0 1e c4 ed b0 1e c4 ed b0,block-copy,0.00105,0.00245,13.254892911350076,4.2144259714390255,28 22 5e ed b0 d2 f4 8b 28 22 5e ed b0 d2 f4 8b,55.0,call-rst_L16_st32_k2_s107.summary.json,35500,35500,28 22 5e ed b0 d2 f4 8b 28 22 5e ed b0 d2 f4 8b,0,0.001,1.0,1.0,1.0,1.0,True,True,0.0,0.856,block-copy,8,1.0,1.0,1.0,64,True,1.0,28 22 5e ed b0 d2 f4 8b 28 22 5e ed b0 d2 f4 8b,32,0.8125,0.8125,0.8125,32,0.85935,0.03775,0.0037,4.2144259714390255,6.564775971439026,0.023003125,0.00245,0.00245,1e c4 ed b0 1e c4 ed b0 1e c4 ed b0 1e c4 ed b0,0.0,0.0053,1.0,1.0,1.0,1.0,True,0.812,0.0,block-copy,4.0,1.0,1e c4 ed b0 1e c4 ed b0 1e c4 ed b0 1e c4 ed b0,1e c4 ed b0 1e c4 ed b0 1e c4 ed b0 1e c4 ed b0,0.0,1.0,1.0,1.0,True
call-rst,call-rst,nominal,16,32,2,108,,300000,300000,False,45000,-1,46500,-1,e5 2a e5 2a e5 2a e5 2a e5 2a e5 2a e5 2a e5 2a,stack,0.0017,0.00365,13.259662710853402,4.1970694408723785,24 5e ed b0 24 5e ed b0 24 5e ed b0 24 5e ed b0,52.46,call-rst_L16_st32_k2_s108.summary.json,42500,42500,24 5e ed b0 24 5e ed b0 24 5e ed b0 24 5e ed b0,0,0.0017,1.0,1.0,1.0,1.0,True,True,0.0,0.771,block-copy,4,1.0,1.0,1.0,64,True,1.0,24 5e ed b0 24 5e ed b0 24 5e ed b0 24 5e ed b0,32,0.75,0.75,0.75,32,0.8527,0.03675,0.00315,4.1970694408723785,6.5686694408723785,0.024371875,0.00365,0.0038,e5 2a e5 2a e5 2a e5 2a e5 2a e5 2a e5 2a e5 2a,0.0,0.0055,0.705,0.566,0.703,0.625,True,0.67,0.0,stack,2.0,1.0,e5 2a e5 2a e5 2a e5 2a e5 2a e5 2a e5 2a e5 2a,e5 2a e5 2a e5 2a e5 2a e5 2a e5 2a e5 00 00 2a,1.0,0.831,0.63,0.797,True
call-rst,call-rst,nominal,16,32,2,109,,300000,300000,False,-1,-1,-1,-1,,,0.0017,0.00555,13.27459748431942,4.169389311959819,04 5e ed b0 04 5e ed b0 04 5e ed b0 04 5e ed b0,56.53,call-rst_L16_st32_k2_s109.summary.json,-1,-1,04 5e ed b0 04 5e ed b0 04 5e ed b0 04 5e ed b0,0,0.0017,1.0,1.0,1.0,1.0,True,True,0.0,0.772,block-copy,4,1.0,1.0,1.0,64,True,1.0,04 5e ed b0 04 5e ed b0 04 5e ed b0 04 5e ed b0,32,0.65625,0.65625,0.6875,32,0.84865,0.0388,0.0023,4.169389311959819,6.586089311959819,0.026190625,0.00555,0.0061,,,,,,,,,,,,,,,,,,,,
call-rst,call-rst,nominal,16,32,2,110,,300000,300000,False,-1,-1,-1,-1,,,0.00105,0.00245,13.257157479893491,4.173014474780433,28 39 5e ed b0 9f a5 09 28 39 5e ed b0 9f a5 09,53.9,call-rst_L16_st32_k2_s110.summary.json,-1,-1,28 39 5e ed b0 9f a5 09 28 39 5e ed b0 9f a5 09,0,0.001,1.0,1.0,1.0,1.0,True,True,0.0,0.811,block-copy,8,1.0,1.0,1.0,64,True,1.0,28 39 5e ed b0 9f a5 09 28 39 5e ed b0 9f a5 09,32,0.65625,0.65625,0.65625,32,0.85195,0.04685,0.00395,4.173014474780433,6.543389474780433,0.030325,0.00245,0.00245,,,,,,,,,,,,,,,,,,,,
cb-page,cb-page,nominal,16,128,4,101,,300000,300000,False,1700,2350,2300,14500,01 c5 01 c5 01 c5 01 c5 01 c5 01 c5 01 c5 01 c5,stack,0.5248,0.8747,4.104239905132957,2.1127269388357623,ad e3 21 e3 21 c0 ad c0 ad e3 21 e3 21 c0 ad c0,65.29,cb-page_L16_st128_k4_s101.summary.json,1500,1500,ad e3 21 e3 21 c0 ad c0 ad e3 21 e3 21 c0 ad c0,0,0.5248,1.0,1.0,1.0,1.0,True,True,0.0,0.752,stack,8,1.0,1.0,1.0,19,True,1.0,ad e3 21 e3 21 c0 ad c0 ad e3 21 e3 21 c0 ad c0,32,0.71875,0.71875,0.5294117647058824,17,0.0,0.00055,0.0019,2.1127269388357623,2.6765019388357625,0.004453125,0.8747,0.876,01 c5 01 c5 01 c5 01 c5 01 c5 01 c5 01 c5 01 c5,2.0,0.005,0.817,0.583,0.763,0.703,True,0.588,0.0,stack,2.0,1.0,01 c5 01 c5 01 c5 01 c5 01 c5 01 c5 01 c5 01 c5,01 c5 01 c5 01 c5 01 c5 01 c5 01 c5 01 c5 01 c5,0.0,0.817,0.583,0.703,True
cb-page,cb-page,nominal,16,128,4,102,,300000,300000,False,1800,2600,2400,7500,01 c5 01 c5 01 c5 01 c5 01 c5 01 c5 01 c5 01 c5,stack,0.58575,0.88345,4.083291193621263,2.111781026194596,ad e3 21 e3 21 c0 ad c0 ad e3 21 e3 21 c0 ad c0,64.25,cb-page_L16_st128_k4_s102.summary.json,1550,1550,ad e3 21 e3 21 c0 ad c0 ad e3 21 e3 21 c0 ad c0,0,0.5857,1.0,1.0,1.0,1.0,True,True,0.0,0.752,stack,8,1.0,1.0,1.0,17,True,1.0,ad e3 21 e3 21 c0 ad c0 ad e3 21 e3 21 c0 ad c0,32,0.8125,0.8125,0.6666666666666666,6,0.0,5e-05,0.00165,2.111781026194596,2.656581026194596,0.00396875,0.88345,0.8845,01 c5 01 c5 01 c5 01 c5 01 c5 01 c5 01 c5 01 c5,0.0,0.0089,0.817,0.583,0.763,0.703,True,0.588,0.0,stack,2.0,1.0,01 c5 01 c5 01 c5 01 c5 01 c5 01 c5 01 c5 01 c5,01 c5 01 c5 01 c5 01 c5 01 c5 01 c5 01 c5 01 c5,0.0,0.817,0.583,0.703,True
cb-page,cb-page,nominal,16,128,4,103,,300000,300000,False,350,34000,1100,34500,21 e5 21 e5 21 e5 21 e5 21 e5 21 e5 21 e5 21 e5,stack,0.47265,0.87215,4.341511354411585,2.1808121581979907,ad e3 21 e3 21 c0 ad c0 ad e3 21 e3 21 c0 ad c0,66.06,cb-page_L16_st128_k4_s103.summary.json,200,200,ad e3 21 e3 21 c0 ad c0 ad e3 21 e3 21 c0 ad c0,0,0.4727,1.0,1.0,1.0,1.0,True,True,0.0,0.752,stack,8,1.0,1.0,1.0,20,True,1.0,ad e3 21 e3 21 c0 ad c0 ad e3 21 e3 21 c0 ad c0,32,0.875,0.875,0.2,5,0.0,0.00035,0.00165,2.1808121581979907,2.744412158197991,0.003721875,0.87215,0.87415,21 e5 21 e5 21 e5 21 e5 21 e5 21 e5 21 e5 21 e5,2.0,0.0057,0.787,0.54,0.761,0.656,True,0.598,0.0,stack,2.0,1.0,21 e5 21 e5 21 e5 21 e5 21 e5 21 e5 21 e5 21 e5,01 c5 01 c5 01 c5 01 c5 01 c5 01 c5 01 c5 01 c5,1.0,0.817,0.583,0.703,True
cb-page,cb-page,nominal,16,128,4,104,,300000,300000,False,1650,2300,2200,60500,01 c5 01 c5 01 c5 01 c5 01 c5 01 c5 01 c5 01 c5,stack,0.6364,0.89365,3.771808007243525,2.0497996269981718,ad e3 21 e3 21 c0 ad c0 ad e3 21 e3 21 c0 ad c0,70.72,cb-page_L16_st128_k4_s104.summary.json,1300,1300,ad e3 21 e3 21 c0 ad c0 ad e3 21 e3 21 c0 ad c0,0,0.6364,1.0,1.0,1.0,1.0,True,True,0.0,0.752,stack,8,1.0,1.0,1.0,16,True,1.0,ad e3 21 e3 21 c0 ad c0 ad e3 21 e3 21 c0 ad c0,32,0.90625,0.90625,0.4,5,0.0,0.00025,0.0017,2.049799626998172,2.575024626998172,0.004303125,0.89365,0.8951,01 c5 01 c5 01 c5 01 c5 01 c5 01 c5 01 c5 01 c5,2.0,0.006,0.817,0.583,0.763,0.703,True,0.588,0.0,stack,2.0,1.0,01 c5 01 c5 01 c5 01 c5 01 c5 01 c5 01 c5 01 c5,01 c5 01 c5 01 c5 01 c5 01 c5 01 c5 01 c5 01 c5,0.0,0.817,0.583,0.703,True
cb-page,cb-page,nominal,16,128,4,105,,300000,300000,False,250,3700,950,32000,11 d5 11 d5 11 d5 11 d5 11 d5 11 d5 11 d5 11 d5,stack,0.51085,0.865,4.3606087409844285,2.1570697093333613,ad e3 21 e3 21 c0 ad c0 ad e3 21 e3 21 c0 ad c0,66.87,cb-page_L16_st128_k4_s105.summary.json,150,150,ad e3 21 e3 21 c0 ad c0 ad e3 21 e3 21 c0 ad c0,0,0.5109,1.0,1.0,1.0,1.0,True,True,0.0,0.752,stack,8,1.0,1.0,1.0,20,True,1.0,ad e3 21 e3 21 c0 ad c0 ad e3 21 e3 21 c0 ad c0,32,0.875,0.875,0.0,3,0.0,0.0002,0.00135,2.1570697093333613,2.7418697093333613,0.003928125,0.865,0.866,11 d5 11 d5 11 d5 11 d5 11 d5 11 d5 11 d5 11 d5,0.0,0.0102,0.746,0.44,0.691,0.625,True,0.548,0.0,stack,2.0,1.0,11 d5 11 d5 11 d5 11 d5 11 d5 11 d5 11 d5 11 d5,11 d5 11 d5 11 d5 11 d5 11 d5 11 d5 11 d5 11 d5,0.0,0.746,0.44,0.625,True
cb-page,cb-page,nominal,16,128,4,106,,300000,300000,False,300,1350,1150,30000,01 c5 01 c5 01 c5 01 c5 01 c5 01 c5 01 c5 01 c5,stack,0.6455,0.8912,3.738889930016125,2.054533062513532,ad e3 21 e3 21 c0 ad c0 ad e3 21 e3 21 c0 ad c0,66.91,cb-page_L16_st128_k4_s106.summary.json,200,200,ad e3 21 e3 21 c0 ad c0 ad e3 21 e3 21 c0 ad c0,0,0.6455,1.0,1.0,1.0,1.0,True,True,0.0,0.752,stack,8,1.0,1.0,1.0,18,True,1.0,ad e3 21 e3 21 c0 ad c0 ad e3 21 e3 21 c0 ad c0,32,0.78125,0.78125,0.4,10,0.0,0.00075,0.0024,2.054533062513532,2.581358062513532,0.00475,0.8912,0.8931,01 c5 01 c5 01 c5 01 c5 01 c5 01 c5 01 c5 01 c5,2.0,0.0076,0.817,0.583,0.763,0.703,True,0.588,0.0,stack,2.0,1.0,01 c5 01 c5 01 c5 01 c5 01 c5 01 c5 01 c5 01 c5,01 c5 01 c5 01 c5 01 c5 01 c5 01 c5 01 c5 01 c5,0.0,0.817,0.583,0.703,True
cb-page,cb-page,nominal,16,128,4,107,,300000,300000,False,2100,2950,2500,44000,01 c5 01 c5 01 c5 01 c5 01 c5 01 c5 01 c5 01 c5,stack,0.49415,0.861,4.531723847634597,2.198642488412584,ad e3 21 e3 21 c0 ad c0 ad e3 21 e3 21 c0 ad c0,68.19,cb-page_L16_st128_k4_s107.summary.json,1850,1850,ad e3 21 e3 21 c0 ad c0 ad e3 21 e3 21 c0 ad c0,0,0.4941,1.0,1.0,1.0,1.0,True,True,0.0,0.752,stack,8,1.0,1.0,1.0,21,True,1.0,ad e3 21 e3 21 c0 ad c0 ad e3 21 e3 21 c0 ad c0,32,0.875,0.875,0.8666666666666667,15,0.0,0.0003,0.00175,2.198642488412584,2.788617488412584,0.00398125,0.861,0.86275,01 c5 01 c5 01 c5 01 c5 01 c5 01 c5 01 c5 01 c5,2.0,0.0069,0.817,0.583,0.763,0.703,True,0.588,0.0,stack,2.0,1.0,01 c5 01 c5 01 c5 01 c5 01 c5 01 c5 01 c5 01 c5,01 c5 01 c5 01 c5 01 c5 01 c5 01 c5 01 c5 01 c5,0.0,0.817,0.583,0.703,True
cb-page,cb-page,nominal,16,128,4,108,,300000,300000,False,3450,28000,3700,29000,21 e5 21 e5 21 e5 21 e5 21 e5 21 e5 21 e5 21 e5,stack,0.47215,0.8736,4.104445948315742,2.1090396455148532,ad e3 21 e3 21 c0 ad c0 ad e3 21 e3 21 c0 ad c0,67.23,cb-page_L16_st128_k4_s108.summary.json,3350,3350,ad e3 21 e3 21 c0 ad c0 ad e3 21 e3 21 c0 ad c0,0,0.4722,1.0,1.0,1.0,1.0,True,True,0.0,0.752,stack,8,1.0,1.0,1.0,17,True,1.0,ad e3 21 e3 21 c0 ad c0 ad e3 21 e3 21 c0 ad c0,32,0.84375,0.84375,0.4285714285714285,7,0.0,0.0003,0.00185,2.1090396455148532,2.6750646455148535,0.0040625,0.8736,0.87525,21 e5 21 e5 21 e5 21 e5 21 e5 21 e5 21 e5 21 e5,2.0,0.0083,0.787,0.54,0.761,0.656,True,0.598,0.0,stack,2.0,1.0,21 e5 21 e5 21 e5 21 e5 21 e5 21 e5 21 e5 21 e5,01 c5 01 c5 01 c5 01 c5 01 c5 01 c5 01 c5 01 c5,1.0,0.817,0.583,0.703,True
cb-page,cb-page,nominal,16,128,4,109,,300000,300000,False,350,8000,950,8500,11 d5 11 d5 11 d5 11 d5 11 d5 11 d5 11 d5 11 d5,stack,0.59225,0.874,4.228439814254183,2.1383658770959615,ad e3 21 e3 21 c0 ad c0 ad e3 21 e3 21 c0 ad c0,64.92,cb-page_L16_st128_k4_s109.summary.json,150,150,ad e3 21 e3 21 c0 ad c0 ad e3 21 e3 21 c0 ad c0,0,0.5923,1.0,1.0,1.0,1.0,True,True,0.0,0.752,stack,8,1.0,1.0,1.0,22,True,1.0,ad e3 21 e3 21 c0 ad c0 ad e3 21 e3 21 c0 ad c0,32,0.875,0.875,0.4285714285714285,7,0.0,0.00015,0.00095,2.1383658770959615,2.6989908770959614,0.00378125,0.874,0.8761,11 d5 11 d5 11 d5 11 d5 11 d5 11 d5 11 d5 11 d5,2.0,0.0063,0.746,0.44,0.691,0.625,True,0.548,0.0,stack,2.0,1.0,11 d5 11 d5 11 d5 11 d5 11 d5 11 d5 11 d5 11 d5,11 d5 11 d5 11 d5 11 d5 11 d5 11 d5 11 d5 11 d5,0.0,0.746,0.44,0.625,True
cb-page,cb-page,nominal,16,128,4,110,,300000,300000,False,2100,2500,2350,95500,01 c5 01 c5 01 c5 01 c5 01 c5 01 c5 01 c5 01 c5,stack,0.6011,0.6656,3.4893324952523566,2.2820592863211897,c8 e3 21 e3 21 81 c8 81 c8 e3 21 e3 21 81 c8 81,80.42,cb-page_L16_st128_k4_s110.summary.json,1900,1900,c8 e3 21 e3 21 81 c8 81 c8 e3 21 e3 21 81 c8 81,0,0.6011,1.0,1.0,1.0,1.0,True,True,0.0,0.698,stack,8,1.0,1.0,1.0,17,True,1.0,c8 e3 21 e3 21 81 c8 81 c8 e3 21 e3 21 81 c8 81,32,0.84375,0.84375,0.5454545454545454,11,0.0,0.2149,0.0177,2.2820592863211897,2.8656842863211898,0.02234375,0.6656,0.6684,01 c5 01 c5 01 c5 01 c5 01 c5 01 c5 01 c5 01 c5,2.0,0.0063,0.817,0.583,0.763,0.703,True,0.588,0.0,stack,2.0,1.0,01 c5 01 c5 01 c5 01 c5 01 c5 01 c5 01 c5 01 c5,01 c5 01 c5 01 c5 01 c5 01 c5 01 c5 01 c5 01 c5,0.0,0.817,0.583,0.703,True
cb-page,cb-page,nominal,16,32,2,101,,300000,300000,False,-1,-1,-1,-1,,,0.003,0.0141,13.246746959058676,4.018764671338964,44 5e ed b0 44 5e ed b0 44 5e ed b0 44 5e ed b0,59.39,cb-page_L16_st32_k2_s101.summary.json,42000,42000,44 5e ed b0 44 5e ed b0 44 5e ed b0 44 5e ed b0,0,0.003,1.0,1.0,1.0,1.0,True,True,0.0,0.714,block-copy,4,1.0,1.0,1.0,62,True,1.0,44 5e ed b0 44 5e ed b0 44 5e ed b0 44 5e ed b0,32,0.75,0.75,0.75,32,0.8327,0.03315,0.0099,4.018764671338964,6.5433146713389645,0.054303125,0.0141,0.01435,04 5e ed b0 04 5e ed b0 04 5e ed b0 04 5e ed b0,0.0,0.0052,1.0,1.0,1.0,1.0,True,0.714,0.0,block-copy,4.0,1.0,04 5e ed b0 04 5e ed b0 04 5e ed b0 04 5e ed b0,,,,,,
cb-page,cb-page,nominal,16,32,2,102,,300000,300000,False,126500,-1,-1,-1,1e 84 ed b0 1e 84 ed b0 1e 84 ed b0 1e 84 ed b0,block-copy,0.0034,0.01135,13.244411765636217,4.111490731182211,44 5e ed b0 44 5e ed b0 44 5e ed b0 44 5e ed b0,54.25,cb-page_L16_st32_k2_s102.summary.json,125000,125000,44 5e ed b0 44 5e ed b0 44 5e ed b0 44 5e ed b0,0,0.0034,1.0,1.0,1.0,1.0,True,True,0.0,0.714,block-copy,4,1.0,1.0,1.0,64,True,1.0,44 5e ed b0 44 5e ed b0 44 5e ed b0 44 5e ed b0,32,0.59375,0.59375,0.59375,32,0.8455,0.02775,0.0075,4.111490731182211,6.5391407311822105,0.048334375,0.01135,0.01145,1e 84 ed b0 1e 84 ed b0 1e 84 ed b0 1e 84 ed b0,0.0,0.0057,1.0,1.0,1.0,1.0,True,0.732,0.0,block-copy,4.0,1.0,1e 84 ed b0 1e 84 ed b0 1e 84 ed b0 1e 84 ed b0,,,,,,
cb-page,cb-page,nominal,16,32,2,103,,300000,300000,False,-1,-1,-1,-1,,,0.0048,0.01435,13.228886548442299,4.096397868047237,24 5e ed b0 24 5e ed b0 24 5e ed b0 24 5e ed b0,53.56,cb-page_L16_st32_k2_s103.summary.json,149500,149500,24 5e ed b0 24 5e ed b0 24 5e ed b0 24 5e ed b0,0,0.0048,1.0,1.0,1.0,1.0,True,True,0.0,0.714,block-copy,4,1.0,1.0,1.0,63,True,1.0,24 5e ed b0 24 5e ed b0 24 5e ed b0 24 5e ed b0,32,0.71875,0.71875,0.71875,32,0.8482,0.02715,0.00715,4.096397868047237,6.550747868047237,0.048771875,0.01435,0.0149,44 5e ed b0 44 5e ed b0 44 5e ed b0 44 5e ed b0,0.0,0.0064,1.0,1.0,1.0,1.0,True,0.714,0.0,block-copy,4.0,1.0,44 5e ed b0 44 5e ed b0 44 5e ed b0 44 5e ed b0,,,,,,
cb-page,cb-page,nominal,16,32,2,104,,300000,300000,False,-1,-1,-1,-1,,,0.0042,0.02035,13.237518155006057,4.0423383943409,44 5e ed b0 44 5e ed b0 44 5e ed b0 44 5e ed b0,63.91,cb-page_L16_st32_k2_s104.summary.json,99000,99000,44 5e ed b0 44 5e ed b0 44 5e ed b0 44 5e ed b0,0,0.0042,1.0,1.0,1.0,1.0,True,True,0.0,0.714,block-copy,4,1.0,1.0,1.0,64,True,1.0,44 5e ed b0 44 5e ed b0 44 5e ed b0 44 5e ed b0,32,0.8125,0.8125,0.84375,32,0.8379,0.02805,0.0071,4.0423383943409,6.5114383943409,0.0531375,0.02035,0.02035,24 5e ed b0 24 5e ed b0 24 5e ed b0 24 5e ed b0,0.0,0.0076,1.0,1.0,1.0,1.0,True,0.714,0.0,block-copy,4.0,1.0,24 5e ed b0 24 5e ed b0 24 5e ed b0 24 5e ed b0,,,,,,
cb-page,cb-page,nominal,16,32,2,105,,300000,300000,False,-1,-1,-1,-1,,,0.00095,0.0044,14.271479577018663,0.19956878194854877,00 01 00 01 00 01 00 01 00 01 00 01 00 01 00 01,56.4,cb-page_L16_st32_k2_s105.summary.json,-1,-1,00 04 00 04 00 04 00 04 00 04 00 04 00 04 00 00,2,0.0004,0.027,0.082,,0.0,False,False,,0.93,-,2,0.929,0.002,0.017,63,False,0.017,00 24 00 24 00 24 00 24 00 24 00 24 00 04 00 00,32,0.0,0.0,0.0,32,0.0002,0.0062,0.1533,0.1995687819485487,5.934868781948548,0.321290625,0.0044,0.00445,,,,,,,,,,,,,,,,,,,,
cb-page,cb-page,nominal,16,32,2,106,,300000,300000,False,-1,-1,-1,-1,,,0.0033,0.01445,13.277392579342173,4.08892690379991,04 5e ed b0 04 5e ed b0 04 5e ed b0 04 5e ed b0,54.61,cb-page_L16_st32_k2_s106.summary.json,20500,20500,04 5e ed b0 04 5e ed b0 04 5e ed b0 04 5e ed b0,0,0.0033,1.0,1.0,1.0,1.0,True,True,0.0,0.714,block-copy,4,1.0,1.0,1.0,62,True,1.0,04 5e ed b0 04 5e ed b0 04 5e ed b0 04 5e ed b0,32,0.6875,0.6875,0.71875,32,0.83275,0.0295,0.0086,4.08892690379991,6.608851903799911,0.048365625,0.01445,0.0147,44 5e ed b0 44 5e ed b0 44 5e ed b0 44 5e ed b0,0.0,0.005,1.0,1.0,1.0,1.0,True,0.714,0.0,block-copy,4.0,1.0,44 5e ed b0 44 5e ed b0 44 5e ed b0 44 5e ed b0,,,,,,
cb-page,cb-page,nominal,16,32,2,107,,300000,300000,False,-1,-1,-1,-1,,,0.0024,0.01365,13.269807126784904,4.065031112532399,24 5e ed b0 24 5e ed b0 24 5e ed b0 24 5e ed b0,56.79,cb-page_L16_st32_k2_s107.summary.json,22000,22000,24 5e ed b0 24 5e ed b0 24 5e ed b0 24 5e ed b0,0,0.0024,1.0,1.0,1.0,1.0,True,True,0.0,0.714,block-copy,4,1.0,1.0,1.0,62,True,1.0,24 5e ed b0 24 5e ed b0 24 5e ed b0 24 5e ed b0,32,0.84375,0.84375,0.84375,32,0.8316,0.0253,0.0082,4.065031112532399,6.594681112532399,0.053846875,0.01365,0.0137,24 5e ed b0 24 5e ed b0 24 5e ed b0 24 5e ed b0,0.0,0.0053,1.0,1.0,1.0,1.0,True,0.714,0.0,block-copy,4.0,1.0,24 5e ed b0 24 5e ed b0 24 5e ed b0 24 5e ed b0,,,,,,
cb-page,cb-page,nominal,16,32,2,108,,300000,300000,False,-1,-1,-1,-1,,,0.00505,0.01905,13.267117884237315,4.039396340187638,44 5e ed b0 44 5e ed b0 44 5e ed b0 44 5e ed b0,57.32,cb-page_L16_st32_k2_s108.summary.json,235500,235500,44 5e ed b0 44 5e ed b0 44 5e ed b0 44 5e ed b0,0,0.005,1.0,1.0,1.0,1.0,True,True,0.0,0.714,block-copy,4,1.0,1.0,1.0,64,True,1.0,44 5e ed b0 44 5e ed b0 44 5e ed b0 44 5e ed b0,32,0.84375,0.84375,0.84375,32,0.83195,0.0345,0.00775,4.039396340187638,6.571021340187638,0.0498125,0.01905,0.01935,44 5e ed b0 44 5e ed b0 44 5e ed b0 44 5e ed b0,0.0,0.0061,1.0,1.0,1.0,1.0,True,0.714,0.0,block-copy,4.0,1.0,44 5e ed b0 44 5e ed b0 44 5e ed b0 44 5e ed b0,,,,,,
cb-page,cb-page,nominal,16,32,2,109,,300000,300000,False,-1,-1,-1,-1,,,0.003,0.01435,13.278982070534727,4.053161922234208,64 5e ed b0 64 5e ed b0 64 5e ed b0 64 5e ed b0,57.32,cb-page_L16_st32_k2_s109.summary.json,56000,56000,64 5e ed b0 64 5e ed b0 64 5e ed b0 64 5e ed b0,0,0.003,1.0,1.0,1.0,1.0,True,True,0.0,0.716,block-copy,4,1.0,1.0,1.0,61,True,1.0,64 5e ed b0 64 5e ed b0 64 5e ed b0 64 5e ed b0,32,0.78125,0.78125,0.78125,32,0.83575,0.0238,0.0084,4.053161922234208,6.584036922234208,0.05375,0.01435,0.01465,04 5e ed b0 04 5e ed b0 04 5e ed b0 04 5e ed b0,0.0,0.0065,1.0,1.0,1.0,1.0,True,0.714,0.0,block-copy,4.0,1.0,04 5e ed b0 04 5e ed b0 04 5e ed b0 04 5e ed b0,,,,,,
cb-page,cb-page,nominal,16,32,2,110,,300000,300000,False,-1,-1,-1,-1,,,0.00375,0.01895,13.212359391915253,4.017116296875848,24 5e ed b0 24 5e ed b0 24 5e ed b0 24 5e ed b0,60.9,cb-page_L16_st32_k2_s110.summary.json,116000,116000,24 5e ed b0 24 5e ed b0 24 5e ed b0 24 5e ed b0,0,0.0037,1.0,1.0,1.0,1.0,True,True,0.0,0.714,block-copy,4,1.0,1.0,1.0,61,True,1.0,24 5e ed b0 24 5e ed b0 24 5e ed b0 24 5e ed b0,32,0.6875,0.6875,0.71875,32,0.8435,0.03295,0.0088,4.017116296875848,6.474891296875848,0.048728125,0.01895,0.019,64 5e ed b0 64 5e ed b0 64 5e ed b0 64 5e ed b0,0.0,0.0053,1.0,1.0,1.0,1.0,True,0.716,0.0,block-copy,4.0,1.0,64 5e ed b0 64 5e ed b0 64 5e ed b0 64 5e ed b0,,,,,,
ed-loads,ed-loads,nominal,16,128,4,101,,300000,300000,False,1050,1400,1300,16500,01 c5 01 c5 01 c5 01 c5 01 c5 01 c5 01 c5 01 c5,stack,0.35275,0.86365,4.296884691257833,2.152109573176226,ad e3 21 e3 21 c0 ad c0 ad e3 21 e3 21 c0 ad c0,65.46,ed-loads_L16_st128_k4_s101.summary.json,950,950,ad e3 21 e3 21 c0 ad c0 ad e3 21 e3 21 c0 ad c0,0,0.3528,1.0,1.0,1.0,1.0,True,True,0.0,0.752,stack,8,1.0,1.0,1.0,24,True,1.0,ad e3 21 e3 21 c0 ad c0 ad e3 21 e3 21 c0 ad c0,32,0.71875,0.71875,0.4285714285714285,14,0.0,0.00035,0.0016,2.152109573176226,2.734809573176226,0.005821875,0.86365,0.86415,01 c5 01 c5 01 c5 01 c5 01 c5 01 c5 01 c5 01 c5,0.0,0.0124,0.822,0.585,0.76,0.719,True,0.588,0.0,stack,2.0,1.0,01 c5 01 c5 01 c5 01 c5 01 c5 01 c5 01 c5 01 c5,01 c5 01 c5 01 c5 01 c5 01 c5 01 c5 01 c5 01 c5,0.0,0.822,0.585,0.719,True
ed-loads,ed-loads,nominal,16,128,4,102,,300000,300000,False,1200,2550,1850,35000,01 c5 01 c5 01 c5 01 c5 01 c5 01 c5 01 c5 01 c5,stack,0.3748,0.8577,4.3905775889852645,2.1742104413372374,ad e3 21 e3 21 c0 ad c0 ad e3 21 e3 21 c0 ad c0,67.36,ed-loads_L16_st128_k4_s102.summary.json,1050,1050,ad e3 21 e3 21 c0 ad c0 ad e3 21 e3 21 c0 ad c0,0,0.3748,1.0,1.0,1.0,1.0,True,True,0.0,0.752,stack,8,1.0,1.0,1.0,16,True,1.0,ad e3 21 e3 21 c0 ad c0 ad e3 21 e3 21 c0 ad c0,32,0.8125,0.8125,0.25,8,0.0,0.00025,0.00185,2.1742104413372374,2.7500354413372374,0.00413125,0.8577,0.8582,01 c5 01 c5 01 c5 01 c5 01 c5 01 c5 01 c5 01 c5,2.0,0.0063,0.822,0.585,0.76,0.719,True,0.588,0.0,stack,2.0,1.0,01 c5 01 c5 01 c5 01 c5 01 c5 01 c5 01 c5 01 c5,01 c5 01 c5 01 c5 01 c5 01 c5 01 c5 01 c5 01 c5,0.0,0.822,0.585,0.719,True
ed-loads,ed-loads,nominal,16,128,4,103,,300000,300000,False,350,950,700,4650,21 e5 21 e5 21 e5 21 e5 21 e5 21 e5 21 e5 21 e5,stack,0.4558,0.87375,4.045976555601149,2.1235384000499073,ad e3 21 e3 21 c0 ad c0 ad e3 21 e3 21 c0 ad c0,63.28,ed-loads_L16_st128_k4_s103.summary.json,200,200,ad e3 21 e3 21 c0 ad c0 ad e3 21 e3 21 c0 ad c0,0,0.4558,1.0,1.0,1.0,1.0,True,True,0.0,0.752,stack,8,1.0,1.0,1.0,20,True,1.0,ad e3 21 e3 21 c0 ad c0 ad e3 21 e3 21 c0 ad c0,32,0.84375,0.84375,0.1666666666666666,6,0.0,0.0003,0.00145,2.1235384000499073,2.6522884000499074,0.00390625,0.87375,0.87515,21 e5 21 e5 21 e5 21 e5 21 e5 21 e5 21 e5 21 e5,2.0,0.0076,0.787,0.532,0.749,0.656,True,0.598,0.0,stack,2.0,1.0,21 e5 21 e5 21 e5 21 e5 21 e5 21 e5 21 e5 21 e5,01 c5 01 c5 01 c5 01 c5 01 c5 01 c5 01 c5 01 c5,0.0,0.822,0.585,0.719,True
ed-loads,ed-loads,nominal,16,128,4,104,,300000,300000,False,1700,2350,2050,41000,01 c5 01 c5 01 c5 01 c5 01 c5 01 c5 01 c5 01 c5,stack,0.4899,0.86035,4.4069104934671515,2.193394804292759,ad e3 21 e3 21 c0 ad c0 ad e3 21 e3 21 c0 ad c0,69.16,ed-loads_L16_st128_k4_s104.summary.json,1500,1500,ad e3 21 e3 21 c0 ad c0 ad e3 21 e3 21 c0 ad c0,0,0.4899,1.0,1.0,1.0,1.0,True,True,0.0,0.752,stack,8,1.0,1.0,1.0,16,True,1.0,ad e3 21 e3 21 c0 ad c0 ad e3 21 e3 21 c0 ad c0,32,0.875,0.875,0.625,8,0.0,0.0004,0.0013,2.193394804292759,2.760269804292759,0.004040625,0.86035,0.86125,01 c5 01 c5 01 c5 01 c5 01 c5 01 c5 01 c5 01 c5,2.0,0.0056,0.822,0.585,0.76,0.719,True,0.588,0.0,stack,2.0,1.0,01 c5 01 c5 01 c5 01 c5 01 c5 01 c5 01 c5 01 c5,01 c5 01 c5 01 c5 01 c5 01 c5 01 c5 01 c5 01 c5,0.0,0.822,0.585,0.719,True
ed-loads,ed-loads,nominal,16,128,4,105,,300000,300000,False,250,3000,550,-1,11 d5 11 d5 11 d5 11 d5 11 d5 11 d5 11 d5 11 d5,stack,0.0047,0.007,11.368700106362816,4.9998519875909935,28 1b 5e ed b0 27 c1 c5 28 1b 5e ed b0 27 c1 c5,76.47,ed-loads_L16_st128_k4_s105.summary.json,150,150,28 1b 5e ed b0 27 c1 c5 28 1b 5e ed b0 27 c1 c5,0,0.0047,1.0,1.0,1.0,1.0,True,True,0.0,0.519,block-copy+stack,8,1.0,1.0,1.0,64,True,1.0,28 1b 5e ed b0 27 c1 c5 28 1b 5e ed b0 27 c1 c5,32,0.9375,0.9375,0.9375,32,0.95255,0.0693,0.0055,4.9998519875909935,6.071926987590993,0.0131375,0.007,0.007,11 d5 11 d5 11 d5 11 d5 11 d5 11 d5 11 d5 11 d5,1.0,0.0091,0.746,0.44,0.691,0.625,True,0.548,0.0,stack,2.0,1.0,11 d5 11 d5 11 d5 11 d5 11 d5 11 d5 11 d5 11 d5,01 c5 01 c5 01 c5 01 c5 01 c5 01 c5 01 c5 01 c5,1.0,0.822,0.585,0.719,True
ed-loads,ed-loads,nominal,16,128,4,106,,300000,300000,False,400,3400,1550,50000,11 d5 11 d5 11 d5 11 d5 11 d5 11 d5 11 d5 11 d5,stack,0.5888,0.88195,4.125395435306034,2.129197809512411,ad e3 21 e3 21 c0 ad c0 ad e3 21 e3 21 c0 ad c0,72.39,ed-loads_L16_st128_k4_s106.summary.json,200,200,ad e3 21 e3 21 c0 ad c0 ad e3 21 e3 21 c0 ad c0,0,0.5888,1.0,1.0,1.0,1.0,True,True,0.0,0.752,stack,8,1.0,1.0,1.0,19,True,1.0,ad e3 21 e3 21 c0 ad c0 ad e3 21 e3 21 c0 ad c0,32,0.875,0.875,0.4285714285714285,7,0.0,0.0006,0.0022,2.129197809512411,2.680972809512411,0.00489375,0.88195,0.88375,11 d5 11 d5 11 d5 11 d5 11 d5 11 d5 11 d5 11 d5,2.0,0.006,0.746,0.44,0.691,0.625,True,0.548,0.0,stack,2.0,1.0,11 d5 11 d5 11 d5 11 d5 11 d5 11 d5 11 d5 11 d5,01 c5 01 c5 01 c5 01 c5 01 c5 01 c5 01 c5 01 c5,0.0,0.822,0.585,0.719,True
ed-loads,ed-loads,nominal,16,128,4,107,,300000,300000,False,1400,1750,1650,37500,01 c5 01 c5 01 c5 01 c5 01 c5 01 c5 01 c5 01 c5,stack,0.6637,0.87175,3.7784919939971684,2.068384516272503,ad e3 21 e3 21 c0 ad c0 ad e3 21 e3 21 c0 ad c0,67.8,ed-loads_L16_st128_k4_s107.summary.json,1200,1200,ad e3 21 e3 21 c0 ad c0 ad e3 21 e3 21 c0 ad c0,0,0.6637,1.0,1.0,1.0,1.0,True,True,0.0,0.752,stack,8,1.0,1.0,1.0,17,True,1.0,ad e3 21 e3 21 c0 ad c0 ad e3 21 e3 21 c0 ad c0,32,0.84375,0.84375,0.2,5,0.0,0.00035,0.00175,2.068384516272503,2.597359516272503,0.00429375,0.87175,0.8734,01 c5 01 c5 01 c5 01 c5 01 c5 01 c5 01 c5 01 c5,2.0,0.0064,0.822,0.585,0.76,0.719,True,0.588,0.0,stack,2.0,1.0,01 c5 01 c5 01 c5 01 c5 01 c5 01 c5 01 c5 01 c5,01 c5 01 c5 01 c5 01 c5 01 c5 01 c5 01 c5 01 c5,0.0,0.822,0.585,0.719,True
ed-loads,ed-loads,nominal,16,128,4,108,,300000,300000,False,1000,1400,1250,61000,01 c5 01 c5 01 c5 01 c5 01 c5 01 c5 01 c5 01 c5,stack,0.4451,0.8626,4.336831166218316,2.179506780347936,ad e3 21 e3 21 c0 ad c0 ad e3 21 e3 21 c0 ad c0,70.86,ed-loads_L16_st128_k4_s108.summary.json,750,750,ad e3 21 e3 21 c0 ad c0 ad e3 21 e3 21 c0 ad c0,0,0.4451,1.0,1.0,1.0,1.0,True,True,0.0,0.752,stack,8,1.0,1.0,1.0,20,True,1.0,ad e3 21 e3 21 c0 ad c0 ad e3 21 e3 21 c0 ad c0,32,0.8125,0.8125,0.4285714285714285,7,0.0,0.00035,0.00195,2.179506780347936,2.755306780347936,0.003975,0.8626,0.86405,01 c5 01 c5 01 c5 01 c5 01 c5 01 c5 01 c5 01 c5,1.0,0.0066,0.822,0.585,0.76,0.719,True,0.588,0.0,stack,2.0,1.0,01 c5 01 c5 01 c5 01 c5 01 c5 01 c5 01 c5 01 c5,01 c5 01 c5 01 c5 01 c5 01 c5 01 c5 01 c5 01 c5,0.0,0.822,0.585,0.719,True
ed-loads,ed-loads,nominal,16,128,4,109,,300000,300000,False,550,850,800,36500,01 c5 01 c5 01 c5 01 c5 01 c5 01 c5 01 c5 01 c5,stack,0.45005,0.8468,4.421518004452551,2.1694476991293548,ad e3 21 e3 21 c0 ad c0 ad e3 21 e3 21 c0 ad c0,68.01,ed-loads_L16_st128_k4_s109.summary.json,450,450,ad e3 21 e3 21 c0 ad c0 ad e3 21 e3 21 c0 ad c0,0,0.4501,1.0,1.0,1.0,1.0,True,True,0.0,0.752,stack,8,1.0,1.0,1.0,18,True,1.0,ad e3 21 e3 21 c0 ad c0 ad e3 21 e3 21 c0 ad c0,32,0.90625,0.90625,0.5,6,0.0,0.0001,0.00105,2.1694476991293548,2.7674226991293547,0.003825,0.8468,0.8485,01 c5 01 c5 01 c5 01 c5 01 c5 01 c5 01 c5 01 c5,1.0,0.0088,0.822,0.585,0.76,0.719,True,0.588,0.0,stack,2.0,1.0,01 c5 01 c5 01 c5 01 c5 01 c5 01 c5 01 c5 01 c5,01 c5 01 c5 01 c5 01 c5 01 c5 01 c5 01 c5 01 c5,0.0,0.822,0.585,0.719,True
ed-loads,ed-loads,nominal,16,128,4,110,,300000,300000,False,550,1400,1200,28000,01 c5 01 c5 01 c5 01 c5 01 c5 01 c5 01 c5 01 c5,stack,0.443,0.8622,4.303383629532373,2.159392690473476,ad e3 21 e3 21 c0 ad c0 ad e3 21 e3 21 c0 ad c0,67.76,ed-loads_L16_st128_k4_s110.summary.json,400,400,ad e3 21 e3 21 c0 ad c0 ad e3 21 e3 21 c0 ad c0,0,0.443,1.0,1.0,1.0,1.0,True,True,0.0,0.752,stack,8,1.0,1.0,1.0,19,True,1.0,ad e3 21 e3 21 c0 ad c0 ad e3 21 e3 21 c0 ad c0,32,0.84375,0.84375,0.7142857142857143,7,0.0,0.00015,0.00105,2.159392690473476,2.7334426904734763,0.0035625,0.8622,0.86385,01 c5 01 c5 01 c5 01 c5 01 c5 01 c5 01 c5 01 c5,2.0,0.0069,0.822,0.585,0.76,0.719,True,0.588,0.0,stack,2.0,1.0,01 c5 01 c5 01 c5 01 c5 01 c5 01 c5 01 c5 01 c5,01 c5 01 c5 01 c5 01 c5 01 c5 01 c5 01 c5 01 c5,0.0,0.822,0.585,0.719,True
ed-loads,ed-loads,nominal,16,32,2,101,,300000,300000,False,-1,-1,-1,-1,,,0.0009,0.00105,13.415470452428178,4.240455428335677,d1 e0 ed b0 1f a2 f9 1f f4 0e 7c 9b 27 9f 43 a3,53.93,ed-loads_L16_st32_k2_s101.summary.json,84500,84500,d1 e0 ed b0 1f a2 f9 1f f4 0e 7c 9b 27 9f 43 a3,0,0.0009,1.0,1.0,1.0,1.0,True,True,0.0,0.826,block-copy+stack,16,0.077,1.0,1.0,64,True,1.0,d1 e0 ed b0 1f a2 f9 1f f4 0e 7c 9b 27 9f 43 a3,32,0.6875,0.6875,0.6875,32,0.85295,0.0065,0.0082,4.240455428335677,6.916155428335677,0.065225,0.00105,0.00105,24 5e ed b0 24 5e ed b0 24 5e ed b0 24 5e ed b0,0.0,0.0053,1.0,1.0,1.0,1.0,True,0.714,0.0,block-copy,4.0,1.0,24 5e ed b0 24 5e ed b0 24 5e ed b0 24 5e ed b0,,,,,,
ed-loads,ed-loads,nominal,16,32,2,102,,300000,300000,False,-1,-1,-1,-1,,,0.0067,0.0236,13.230186099874318,4.05268081532785,44 5e ed b0 44 5e ed b0 44 5e ed b0 44 5e ed b0,55.74,ed-loads_L16_st32_k2_s102.summary.json,95500,95500,44 5e ed b0 44 5e ed b0 44 5e ed b0 44 5e ed b0,0,0.0067,1.0,1.0,1.0,1.0,True,True,0.0,0.714,block-copy,4,1.0,1.0,1.0,62,True,1.0,44 5e ed b0 44 5e ed b0 44 5e ed b0 44 5e ed b0,32,0.75,0.75,0.75,32,0.8392,0.02845,0.00725,4.05268081532785,6.54038081532785,0.052215625,0.0236,0.02455,a4 5e ed b0 a4 5e ed b0 a4 5e ed b0 a4 5e ed b0,0.0,0.0056,1.0,1.0,1.0,1.0,True,0.718,0.0,block-copy,4.0,1.0,a4 5e ed b0 a4 5e ed b0 a4 5e ed b0 a4 5e ed b0,,,,,,
ed-loads,ed-loads,nominal,16,32,2,103,,300000,300000,False,-1,-1,-1,-1,,,0.00505,0.02065,13.203789664250536,4.028432932856076,64 5e ed b0 64 5e ed b0 64 5e ed b0 64 5e ed b0,54.81,ed-loads_L16_st32_k2_s103.summary.json,58000,58000,64 5e ed b0 64 5e ed b0 64 5e ed b0 64 5e ed b0,0,0.005,1.0,1.0,1.0,1.0,True,True,0.0,0.716,block-copy,4,1.0,1.0,1.0,62,True,1.0,64 5e ed b0 64 5e ed b0 64 5e ed b0 64 5e ed b0,32,0.71875,0.71875,0.71875,32,0.8445,0.02905,0.00855,4.028432932856076,6.455257932856076,0.0474375,0.02065,0.0208,24 5e ed b0 24 5e ed b0 24 5e ed b0 24 5e ed b0,0.0,0.0055,1.0,1.0,1.0,1.0,True,0.714,0.0,block-copy,4.0,1.0,24 5e ed b0 24 5e ed b0 24 5e ed b0 24 5e ed b0,,,,,,
ed-loads,ed-loads,nominal,16,32,2,104,,300000,300000,False,-1,-1,-1,-1,,,0.00365,0.01445,13.255885350367805,4.054189019815174,44 5e ed b0 44 5e ed b0 44 5e ed b0 44 5e ed b0,55.07,ed-loads_L16_st32_k2_s104.summary.json,53500,53500,44 5e ed b0 44 5e ed b0 44 5e ed b0 44 5e ed b0,0,0.0037,1.0,1.0,1.0,1.0,True,True,0.0,0.714,block-copy,4,1.0,1.0,1.0,63,True,1.0,44 5e ed b0 44 5e ed b0 44 5e ed b0 44 5e ed b0,32,0.65625,0.65625,0.65625,32,0.8395,0.039,0.00805,4.054189019815174,6.5331890198151745,0.0519625,0.01445,0.01455,04 5e ed b0 04 5e ed b0 04 5e ed b0 04 5e ed b0,0.0,0.0086,1.0,1.0,1.0,1.0,True,0.714,0.0,block-copy,4.0,1.0,04 5e ed b0 04 5e ed b0 04 5e ed b0 04 5e ed b0,,,,,,
ed-loads,ed-loads,nominal,16,32,2,105,,300000,300000,False,-1,-1,-1,-1,,,0.00385,0.017,13.237217886618819,4.028228369357391,64 5e ed b0 64 5e ed b0 64 5e ed b0 64 5e ed b0,55.65,ed-loads_L16_st32_k2_s105.summary.json,83000,83000,64 5e ed b0 64 5e ed b0 64 5e ed b0 64 5e ed b0,0,0.0039,1.0,1.0,1.0,1.0,True,True,0.0,0.716,block-copy,4,1.0,1.0,1.0,63,True,1.0,64 5e ed b0 64 5e ed b0 64 5e ed b0 64 5e ed b0,32,0.875,0.875,0.875,32,0.83605,0.03645,0.0083,4.028228369357391,6.511278369357392,0.049815625,0.017,0.0172,44 5e ed b0 44 5e ed b0 44 5e ed b0 44 5e ed b0,0.0,0.0054,1.0,1.0,1.0,1.0,True,0.714,0.0,block-copy,4.0,1.0,44 5e ed b0 44 5e ed b0 44 5e ed b0 44 5e ed b0,,,,,,
ed-loads,ed-loads,nominal,16,32,2,106,,300000,300000,False,-1,-1,-1,-1,,,0.003,0.0118,13.26219286188824,4.056615180627727,64 5e ed b0 64 5e ed b0 64 5e ed b0 64 5e ed b0,56.11,ed-loads_L16_st32_k2_s106.summary.json,60500,60500,64 5e ed b0 64 5e ed b0 64 5e ed b0 64 5e ed b0,0,0.003,1.0,1.0,1.0,1.0,True,True,0.0,0.716,block-copy,4,1.0,1.0,1.0,62,True,1.0,64 5e ed b0 64 5e ed b0 64 5e ed b0 64 5e ed b0,32,0.8125,0.78125,0.8125,32,0.83705,0.02795,0.00745,4.056615180627727,6.534715180627726,0.047415625,0.0118,0.0119,24 5e ed b0 24 5e ed b0 24 5e ed b0 24 5e ed b0,0.0,0.0053,1.0,1.0,1.0,1.0,True,0.714,0.0,block-copy,4.0,1.0,24 5e ed b0 24 5e ed b0 24 5e ed b0 24 5e ed b0,,,,,,
ed-loads,ed-loads,nominal,16,32,2,107,,300000,300000,False,-1,-1,-1,-1,,,0.00335,0.01655,13.216104190940602,4.099849768901818,a4 5e ed b0 a4 5e ed b0 a4 5e ed b0 a4 5e ed b0,59.35,ed-loads_L16_st32_k2_s107.summary.json,87000,87000,a4 5e ed b0 a4 5e ed b0 a4 5e ed b0 a4 5e ed b0,0,0.0034,1.0,1.0,1.0,1.0,True,True,0.0,0.718,block-copy,4,1.0,1.0,1.0,64,True,1.0,a4 5e ed b0 a4 5e ed b0 a4 5e ed b0 a4 5e ed b0,32,0.875,0.875,0.875,32,0.83995,0.02825,0.0083,4.099849768901818,6.542124768901818,0.046921875,0.01655,0.01655,24 5e ed b0 24 5e ed b0 24 5e ed b0 24 5e ed b0,0.0,0.0069,1.0,1.0,1.0,1.0,True,0.714,0.0,block-copy,4.0,1.0,24 5e ed b0 24 5e ed b0 24 5e ed b0 24 5e ed b0,,,,,,
ed-loads,ed-loads,nominal,16,32,2,108,,300000,300000,False,-1,-1,-1,-1,,,0.0008,0.001,13.427136737872155,4.231863177209168,d1 e0 f8 b0 7d 4a 90 ac d1 3f ed b0 d1 e0 f8 b0,60.72,ed-loads_L16_st32_k2_s108.summary.json,-1,-1,d1 e0 f8 b0 7d 4a 90 ac d1 3f ed b0 d1 e0 f8 b0,0,0.0008,1.0,1.0,1.0,1.0,True,True,0.0,0.721,block-copy,12,1.0,1.0,1.0,64,True,1.0,d1 e0 f8 b0 7d 4a 90 ac d1 3f ed b0 d1 e0 f8 b0,32,0.71875,0.71875,0.71875,32,0.8512,0.00815,0.00665,4.231863177209168,6.906388177209168,0.065525,0.001,0.0011,,,,,,,,,,,,,,,,,,,,
ed-loads,ed-loads,nominal,16,32,2,109,,300000,300000,False,-1,-1,-1,-1,,,0.00205,0.0096,13.303128368351924,4.078993590058571,a4 5e ed b0 a4 5e ed b0 a4 5e ed b0 a4 5e ed b0,55.36,ed-loads_L16_st32_k2_s109.summary.json,51000,51000,a4 5e ed b0 a4 5e ed b0 a4 5e ed b0 a4 5e ed b0,0,0.0021,1.0,1.0,1.0,1.0,True,True,0.0,0.718,block-copy,4,1.0,1.0,1.0,62,True,1.0,a4 5e ed b0 a4 5e ed b0 a4 5e ed b0 a4 5e ed b0,32,0.75,0.75,0.75,32,0.82995,0.02845,0.00725,4.078993590058571,6.627668590058571,0.052875,0.0096,0.01025,64 5e ed b0 64 5e ed b0 64 5e ed b0 64 5e ed b0,0.0,0.0056,1.0,1.0,1.0,1.0,True,0.716,0.0,block-copy,4.0,1.0,64 5e ed b0 64 5e ed b0 64 5e ed b0 64 5e ed b0,,,,,,
ed-loads,ed-loads,nominal,16,32,2,110,,300000,300000,False,-1,-1,-1,-1,,,0.0027,0.0103,13.267219563891528,4.044035066209778,64 5e ed b0 64 5e ed b0 64 5e ed b0 64 5e ed b0,62.13,ed-loads_L16_st32_k2_s110.summary.json,27000,27000,64 5e ed b0 64 5e ed b0 64 5e ed b0 64 5e ed b0,0,0.0027,1.0,1.0,1.0,1.0,True,True,0.0,0.716,block-copy,4,1.0,1.0,1.0,64,True,1.0,64 5e ed b0 64 5e ed b0 64 5e ed b0 64 5e ed b0,32,0.71875,0.71875,0.78125,32,0.83465,0.0308,0.0068,4.044035066209778,6.529535066209778,0.048159375,0.0103,0.0106,04 5e ed b0 04 5e ed b0 04 5e ed b0 04 5e ed b0,0.0,0.0056,1.0,1.0,1.0,1.0,True,0.714,0.0,block-copy,4.0,1.0,04 5e ed b0 04 5e ed b0 04 5e ed b0 04 5e ed b0,,,,,,
ex-sp-only,ex-sp-only,nominal,16,128,4,101,,300000,300000,False,950,1750,1500,-1,21 e5 21 e5 21 e5 21 e5 21 e5 21 e5 21 e5 21 e5,stack,0.00455,0.0074,11.096406103200943,4.863909260684283,d2 21 48 f0 ed b8 58 5c d2 21 48 f0 ed b8 58 5c,75.58,ex-sp-only_L16_st128_k4_s101.summary.json,850,850,d2 21 48 f0 ed b8 58 5c d2 21 48 f0 ed b8 58 5c,0,0.0046,1.0,1.0,1.0,1.0,True,True,0.0,0.604,block-copy,8,1.0,1.0,1.0,64,True,1.0,d2 21 48 f0 ed b8 58 5c d2 21 48 f0 ed b8 58 5c,32,0.8125,0.8125,0.8125,32,0.9436,0.0555,0.0028,4.863909260684283,5.806859260684282,0.007278125,0.0074,0.0074,21 e5 21 e5 21 e5 21 e5 21 e5 21 e5 21 e5 21 e5,0.0,0.0094,0.787,0.532,0.749,0.656,True,0.61,0.0,stack,2.0,1.0,21 e5 21 e5 21 e5 21 e5 21 e5 21 e5 21 e5 21 e5,21 e5 21 e5 21 e5 21 e5 21 e5 21 e5 21 e5 21 e5,0.0,0.787,0.532,0.656,True
ex-sp-only,ex-sp-only,nominal,16,128,4,102,,300000,300000,False,300,1350,800,-1,21 e5 21 e5 21 e5 21 e5 21 e5 21 e5 21 e5 21 e5,stack,0.00805,0.00985,11.26537902289575,5.047114613172409,44 5e ed b0 44 5e ed b0 44 5e ed b0 44 5e ed b0,80.51,ex-sp-only_L16_st128_k4_s102.summary.json,150,150,44 5e ed b0 44 5e ed b0 44 5e ed b0 44 5e ed b0,0,0.008,1.0,1.0,1.0,1.0,True,True,0.0,0.436,block-copy,4,1.0,1.0,1.0,64,True,1.0,44 5e ed b0 44 5e ed b0 44 5e ed b0 44 5e ed b0,32,0.90625,0.90625,0.90625,32,0.95385,0.06005,0.0045,5.047114613172409,6.089614613172409,0.012321875,0.00985,0.0116,21 e5 21 e5 21 e5 21 e5 21 e5 21 e5 21 e5 21 e5,2.0,0.0063,0.787,0.532,0.749,0.656,True,0.61,0.0,stack,2.0,1.0,21 e5 21 e5 21 e5 21 e5 21 e5 21 e5 21 e5 21 e5,21 e5 21 e5 21 e5 21 e5 21 e5 21 e5 21 e5 21 e5,0.0,0.787,0.532,0.656,True
ex-sp-only,ex-sp-only,nominal,16,128,4,103,,300000,300000,False,600,1350,1200,-1,01 c5 01 c5 01 c5 01 c5 01 c5 01 c5 01 c5 01 c5,stack,0.0759,0.1021,12.31124184642214,1.6116519764548687,01 c5 01 c5 01 c5 01 c5 01 c5 01 c5 01 c5 01 c5,96.24,ex-sp-only_L16_st128_k4_s103.summary.json,550,550,01 c5 01 c5 01 c5 01 c5 01 c5 01 c5 01 c5 01 c5,0,0.0759,0.832,0.608,0.774,0.734,True,True,0.0,0.594,stack,2,1.0,0.755,0.471,56,True,0.573,21 e5 21 e5 21 e5 21 e5 21 e5 21 e5 21 e5 21 e5,32,0.09375,0.09375,0.09375,32,5e-05,0.2642,0.13185,1.611651976454869,4.567976976454869,0.153965625,0.1021,0.1028,01 c5 01 c5 01 c5 01 c5 01 c5 01 c5 01 c5 01 c5,0.0,0.0117,0.832,0.608,0.774,0.734,True,0.594,0.0,stack,2.0,1.0,01 c5 01 c5 01 c5 01 c5 01 c5 01 c5 01 c5 01 c5,01 c5 01 c5 01 c5 01 c5 01 c5 01 c5 01 c5 01 c5,0.0,0.832,0.608,0.734,True
ex-sp-only,ex-sp-only,nominal,16,128,4,104,,300000,300000,False,700,1200,1050,-1,01 c5 01 c5 01 c5 01 c5 01 c5 01 c5 01 c5 01 c5,stack,0.0164,0.0252,11.345588949116411,5.0164154669055225,84 5e ed b0 84 5e ed b0 84 5e ed b0 84 5e ed b0,81.51,ex-sp-only_L16_st128_k4_s104.summary.json,600,600,84 5e ed b0 84 5e ed b0 84 5e ed b0 84 5e ed b0,0,0.0164,1.0,1.0,1.0,1.0,True,True,0.0,0.446,block-copy,4,1.0,1.0,1.0,63,True,1.0,84 5e ed b0 84 5e ed b0 84 5e ed b0 84 5e ed b0,32,0.9375,0.9375,0.9375,32,0.95585,0.027,0.0046,5.0164154669055225,6.108615466905523,0.019259375,0.0252,0.0295,01 c5 01 c5 01 c5 01 c5 01 c5 01 c5 01 c5 01 c5,0.0,0.0102,0.832,0.608,0.774,0.734,True,0.594,0.0,stack,2.0,1.0,01 c5 01 c5 01 c5 01 c5 01 c5 01 c5 01 c5 01 c5,01 c5 01 c5 01 c5 01 c5 01 c5 01 c5 01 c5 01 c5,0.0,0.832,0.608,0.734,True
ex-sp-only,ex-sp-only,nominal,16,128,4,105,,300000,300000,False,300,1800,800,-1,11 d5 11 d5 11 d5 11 d5 11 d5 11 d5 11 d5 11 d5,stack,0.00195,0.00435,11.974291314085015,5.698185324671824,b0 8c 5e c3 6b 7e ba e7 5a 14 23 ed b0 8f 24 de,89.8,ex-sp-only_L16_st128_k4_s105.summary.json,100,100,b0 8c 5e c3 6b 7e ba e7 5a 14 23 ed b0 8f 24 de,0,0.0019,1.0,1.0,1.0,1.0,True,True,0.0,0.681,block-copy+stack,16,0.25,1.0,1.0,64,True,1.0,b0 8c 5e c3 6b 7e ba e7 5a 14 23 ed b0 8f 24 de,32,0.875,0.875,0.875,32,0.95335,0.00555,0.0031,5.698185324671824,6.9804103246718245,0.0174,0.00435,0.00435,01 c5 01 c5 01 c5 01 c5 01 c5 01 c5 01 c5 01 c5,2.0,0.0051,0.832,0.608,0.774,0.734,True,0.594,0.0,stack,2.0,1.0,01 c5 01 c5 01 c5 01 c5 01 c5 01 c5 01 c5 01 c5,01 c5 01 c5 01 c5 01 c5 01 c5 01 c5 01 c5 01 c5,0.0,0.832,0.608,0.734,True
ex-sp-only,ex-sp-only,nominal,16,128,4,106,,300000,300000,False,950,-1,278000,-1,01 c5 01 c5 01 c5 01 c5 01 c5 01 c5 01 c5 01 c5,stack,0.0073,0.05645,11.484419979021808,5.620870657824919,d1 88 d1 e2 e5 ed b0 b2 d1 88 d1 e2 e5 ed b0 b2,75.95,ex-sp-only_L16_st128_k4_s106.summary.json,750,750,d1 88 d1 e2 e5 ed b0 b2 d1 88 d1 e2 e5 ed b0 b2,0,0.0073,1.0,1.0,1.0,1.0,True,True,0.0,0.826,-,8,1.0,1.0,1.0,60,True,1.0,d1 88 d1 e2 e5 ed b0 b2 d1 88 d1 e2 e5 ed b0 b2,32,0.8125,0.8125,0.8125,32,0.95925,0.1122,0.004,5.620870657824919,6.777220657824919,0.0197375,0.05645,0.0565,01 c5 01 c5 01 c5 01 c5 01 c5 01 c5 01 c5 01 c5,1.0,0.0084,0.832,0.608,0.774,0.734,True,0.594,0.0,stack,2.0,1.0,01 c5 01 c5 01 c5 01 c5 01 c5 01 c5 01 c5 01 c5,c1 88 d1 e2 e5 ed b0 7c c1 88 d1 e2 e5 ed b0 7c,0.0,1.0,1.0,1.0,True
ex-sp-only,ex-sp-only,nominal,16,128,4,107,,300000,300000,False,2250,3000,2700,-1,01 c5 01 c5 01 c5 01 c5 01 c5 01 c5 01 c5 01 c5,stack,0.0019,0.0034,12.018579906208572,5.600022866498232,b0 1e f3 f2 c6 a5 5e c3 c9 ed b0 cc 83 ce 7a 46,96.58,ex-sp-only_L16_st128_k4_s107.summary.json,2100,2100,b0 1e f3 f2 c6 a5 5e c3 c9 ed b0 cc 83 ce 7a 46,0,0.0019,1.0,1.0,1.0,1.0,True,True,0.0,0.76,stack,16,0.167,1.0,1.0,64,True,1.0,b0 1e f3 f2 c6 a5 5e c3 c9 ed b0 cc 83 ce 7a 46,32,0.875,0.875,0.875,32,0.9395,0.02705,0.00695,5.600022866498232,6.947372866498232,0.04965625,0.0034,0.0034,01 c5 01 c5 01 c5 01 c5 01 c5 01 c5 01 c5 01 c5,2.0,0.0056,0.832,0.608,0.774,0.734,True,0.594,0.0,stack,2.0,1.0,01 c5 01 c5 01 c5 01 c5 01 c5 01 c5 01 c5 01 c5,01 c5 01 c5 01 c5 01 c5 01 c5 01 c5 01 c5 01 c5,0.0,0.832,0.608,0.734,True
ex-sp-only,ex-sp-only,nominal,16,128,4,108,,300000,300000,False,950,1900,1700,-1,01 c5 01 c5 01 c5 01 c5 01 c5 01 c5 01 c5 01 c5,stack,0.0054,0.013,10.927897506165811,4.753436339253243,b8 c3 63 75 21 68 ab ed b8 c3 63 75 21 68 ab ed,80.72,ex-sp-only_L16_st128_k4_s108.summary.json,700,700,b8 c3 63 75 21 68 ab ed b8 c3 63 75 21 68 ab ed,0,0.0054,1.0,1.0,1.0,1.0,True,True,0.0,0.684,block-copy,8,1.0,1.0,1.0,60,True,1.0,b8 c3 63 75 21 68 ab ed b8 c3 63 75 21 68 ab ed,32,0.8125,0.8125,0.84375,32,0.94305,0.02125,0.0047,4.753436339253243,5.676311339253243,0.010828125,0.013,0.0133,01 c5 01 c5 01 c5 01 c5 01 c5 01 c5 01 c5 01 c5,0.0,0.0089,0.832,0.608,0.774,0.734,True,0.594,0.0,stack,2.0,1.0,01 c5 01 c5 01 c5 01 c5 01 c5 01 c5 01 c5 01 c5,01 c5 01 c5 01 c5 01 c5 01 c5 01 c5 01 c5 01 c5,0.0,0.832,0.608,0.734,True
ex-sp-only,ex-sp-only,nominal,16,128,4,109,,300000,300000,False,4500,8000,4900,-1,01 c5 01 c5 01 c5 01 c5 01 c5 01 c5 01 c5 01 c5,stack,0.0867,0.1186,11.871764047682372,1.6734664440198146,01 c5 01 c5 01 c5 01 c5 01 c5 01 c5 01 c5 01 c5,95.98,ex-sp-only_L16_st128_k4_s109.summary.json,4450,4450,01 c5 01 c5 01 c5 01 c5 01 c5 01 c5 01 c5 01 c5,0,0.0867,0.832,0.608,0.774,0.734,True,True,0.0,0.594,stack,2,1.0,0.703,0.441,56,True,0.608,21 e5 21 e5 21 e5 21 e5 21 e5 21 e5 21 e5 21 e5,32,0.125,0.125,0.125,32,0.0,0.3108,0.11855,1.6734664440198146,4.368691444019815,0.13504375,0.1186,0.11925,01 c5 01 c5 01 c5 01 c5 01 c5 01 c5 01 c5 01 c5,0.0,0.0104,0.832,0.608,0.774,0.734,True,0.594,0.0,stack,2.0,1.0,01 c5 01 c5 01 c5 01 c5 01 c5 01 c5 01 c5 01 c5,01 c5 01 c5 01 c5 01 c5 01 c5 01 c5 01 c5 01 c5,0.0,0.832,0.608,0.734,True
ex-sp-only,ex-sp-only,nominal,16,128,4,110,,300000,300000,False,950,1800,1650,-1,01 c5 01 c5 01 c5 01 c5 01 c5 01 c5 01 c5 01 c5,stack,0.0019,0.00345,12.44214577810602,5.039392240504201,2b 5d 2e 30 19 ed b8 a7 5e 92 2e 30 47 ed 2f ba,87.9,ex-sp-only_L16_st128_k4_s110.summary.json,750,750,2b 5d 2e 30 19 ed b8 a7 5e 92 2e 30 47 ed 2f ba,0,0.0019,1.0,1.0,1.0,1.0,True,True,0.0,0.484,block-copy,16,0.375,1.0,1.0,64,True,1.0,2b 5d 2e 30 19 ed b8 a7 5e 92 2e 30 47 ed 2f ba,32,0.78125,0.78125,0.78125,32,0.92855,0.00835,0.0068,5.039392240504201,6.452767240504201,0.05200625,0.00345,0.00345,01 c5 01 c5 01 c5 01 c5 01 c5 01 c5 01 c5 01 c5,2.0,0.007,0.832,0.608,0.774,0.734,True,0.594,0.0,stack,2.0,1.0,01 c5 01 c5 01 c5 01 c5 01 c5 01 c5 01 c5 01 c5,01 c5 01 c5 01 c5 01 c5 01 c5 01 c5 01 c5 01 c5,0.0,0.832,0.608,0.734,True
ex-sp-only,ex-sp-only,nominal,16,32,2,101,,300000,300000,False,-1,-1,-1,-1,,,0.00455,0.0219,13.245561085133373,4.019969878170096,24 5e ed b0 24 5e ed b0 24 5e ed b0 24 5e ed b0,57.43,ex-sp-only_L16_st32_k2_s101.summary.json,16500,16500,24 5e ed b0 24 5e ed b0 24 5e ed b0 24 5e ed b0,0,0.0046,1.0,1.0,1.0,1.0,True,True,0.0,0.703,block-copy,4,1.0,1.0,1.0,63,True,1.0,24 5e ed b0 24 5e ed b0 24 5e ed b0 24 5e ed b0,32,0.59375,0.59375,0.625,32,0.83485,0.03315,0.0092,4.019969878170096,6.552619878170096,0.0542,0.0219,0.0221,04 5e ed b0 04 5e ed b0 04 5e ed b0 04 5e ed b0,0.0,0.0063,1.0,1.0,1.0,1.0,True,0.703,0.0,block-copy,4.0,1.0,04 5e ed b0 04 5e ed b0 04 5e ed b0 04 5e ed b0,,,,,,
ex-sp-only,ex-sp-only,nominal,16,32,2,102,,300000,300000,False,-1,-1,-1,-1,,,0.0023,0.0113,13.25689271300755,4.098595992003505,84 5e ed b0 84 5e ed b0 84 5e ed b0 84 5e ed b0,55.6,ex-sp-only_L16_st32_k2_s102.summary.json,39000,39000,84 5e ed b0 84 5e ed b0 84 5e ed b0 84 5e ed b0,0,0.0023,1.0,1.0,1.0,1.0,True,True,0.0,0.707,block-copy,4,1.0,1.0,1.0,64,True,1.0,84 5e ed b0 84 5e ed b0 84 5e ed b0 84 5e ed b0,32,0.78125,0.78125,0.78125,32,0.8433,0.0352,0.00765,4.098595992003505,6.566445992003505,0.04256875,0.0113,0.0118,64 5e ed b0 64 5e ed b0 64 5e ed b0 64 5e ed b0,0.0,0.0059,1.0,1.0,1.0,1.0,True,0.705,0.0,block-copy,4.0,1.0,64 5e ed b0 64 5e ed b0 64 5e ed b0 64 5e ed b0,,,,,,
ex-sp-only,ex-sp-only,nominal,16,32,2,103,,300000,300000,False,-1,-1,-1,-1,,,0.0041,0.01645,13.269762973256775,4.09925777157413,a4 5e ed b0 a4 5e ed b0 a4 5e ed b0 a4 5e ed b0,54.7,ex-sp-only_L16_st32_k2_s103.summary.json,229000,229000,a4 5e ed b0 a4 5e ed b0 a4 5e ed b0 a4 5e ed b0,0,0.0041,1.0,1.0,1.0,1.0,True,True,0.0,0.707,block-copy,4,1.0,1.0,1.0,63,True,1.0,a4 5e ed b0 a4 5e ed b0 a4 5e ed b0 a4 5e ed b0,32,0.8125,0.8125,0.8125,32,0.8357,0.02945,0.00755,4.09925777157413,6.651932771574129,0.05676875,0.01645,0.01665,64 5e ed b0 64 5e ed b0 64 5e ed b0 64 5e ed b0,0.0,0.0051,1.0,1.0,1.0,1.0,True,0.705,0.0,block-copy,4.0,1.0,64 5e ed b0 64 5e ed b0 64 5e ed b0 64 5e ed b0,,,,,,
ex-sp-only,ex-sp-only,nominal,16,32,2,104,,300000,300000,False,-1,-1,-1,-1,,,0.00615,0.0176,13.210745274891782,4.108771300337686,24 5e ed b0 24 5e ed b0 24 5e ed b0 24 5e ed b0,55.54,ex-sp-only_L16_st32_k2_s104.summary.json,74000,74000,24 5e ed b0 24 5e ed b0 24 5e ed b0 24 5e ed b0,0,0.0062,1.0,1.0,1.0,1.0,True,True,0.0,0.703,block-copy,4,1.0,1.0,1.0,64,True,1.0,24 5e ed b0 24 5e ed b0 24 5e ed b0 24 5e ed b0,32,0.6875,0.6875,0.6875,32,0.8417,0.0312,0.0071,4.108771300337686,6.519471300337686,0.048378125,0.0176,0.0179,04 5e ed b0 04 5e ed b0 04 5e ed b0 04 5e ed b0,0.0,0.0072,1.0,1.0,1.0,1.0,True,0.703,0.0,block-copy,4.0,1.0,04 5e ed b0 04 5e ed b0 04 5e ed b0 04 5e ed b0,,,,,,
ex-sp-only,ex-sp-only,nominal,16,32,2,105,,300000,300000,False,-1,-1,-1,-1,,,0.0041,0.0147,13.25986458375537,4.037261549801416,04 5e ed b0 04 5e ed b0 04 5e ed b0 04 5e ed b0,55.26,ex-sp-only_L16_st32_k2_s105.summary.json,34000,34000,04 5e ed b0 04 5e ed b0 04 5e ed b0 04 5e ed b0,0,0.0041,1.0,1.0,1.0,1.0,True,True,0.0,0.703,block-copy,4,1.0,1.0,1.0,62,True,1.0,04 5e ed b0 04 5e ed b0 04 5e ed b0 04 5e ed b0,32,0.6875,0.6875,0.6875,32,0.8294,0.02775,0.00775,4.037261549801416,6.527511549801416,0.049728125,0.0147,0.0149,04 5e ed b0 04 5e ed b0 04 5e ed b0 04 5e ed b0,0.0,0.006,1.0,1.0,1.0,1.0,True,0.703,0.0,block-copy,4.0,1.0,04 5e ed b0 04 5e ed b0 04 5e ed b0 04 5e ed b0,,,,,,
ex-sp-only,ex-sp-only,nominal,16,32,2,106,,300000,300000,False,-1,-1,-1,-1,,,0.00325,0.01285,13.328304165973329,4.040656587516271,84 5e ed b0 84 5e ed b0 84 5e ed b0 84 5e ed b0,56.78,ex-sp-only_L16_st32_k2_s106.summary.json,159000,159000,84 5e ed b0 84 5e ed b0 84 5e ed b0 84 5e ed b0,0,0.0032,1.0,1.0,1.0,1.0,True,True,0.0,0.707,block-copy,4,1.0,1.0,1.0,64,True,1.0,84 5e ed b0 84 5e ed b0 84 5e ed b0 84 5e ed b0,32,0.75,0.75,0.75,32,0.8207,0.0249,0.00905,4.040656587516271,6.648181587516271,0.058834375,0.01285,0.0134,a4 5e ed b0 a4 5e ed b0 a4 5e ed b0 a4 5e ed b0,0.0,0.0051,1.0,1.0,1.0,1.0,True,0.707,0.0,block-copy,4.0,1.0,a4 5e ed b0 a4 5e ed b0 a4 5e ed b0 a4 5e ed b0,,,,,,
ex-sp-only,ex-sp-only,nominal,16,32,2,107,,300000,300000,False,-1,-1,-1,-1,,,0.00315,0.0168,13.294301761345135,4.034908645640156,04 5e ed b0 04 5e ed b0 04 5e ed b0 04 5e ed b0,53.39,ex-sp-only_L16_st32_k2_s107.summary.json,79500,79500,04 5e ed b0 04 5e ed b0 04 5e ed b0 04 5e ed b0,0,0.0032,1.0,1.0,1.0,1.0,True,True,0.0,0.703,block-copy,4,1.0,1.0,1.0,62,True,1.0,04 5e ed b0 04 5e ed b0 04 5e ed b0 04 5e ed b0,32,0.8125,0.8125,0.8125,32,0.82595,0.0285,0.0092,4.034908645640156,6.576308645640156,0.052703125,0.0168,0.0174,24 5e ed b0 24 5e ed b0 24 5e ed b0 24 5e ed b0,0.0,0.0051,1.0,1.0,1.0,1.0,True,0.703,0.0,block-copy,4.0,1.0,24 5e ed b0 24 5e ed b0 24 5e ed b0 24 5e ed b0,,,,,,
ex-sp-only,ex-sp-only,nominal,16,32,2,108,,300000,300000,False,-1,-1,-1,-1,,,0.0068,0.0214,13.227165396939068,4.020701105746462,44 5e ed b0 44 5e ed b0 44 5e ed b0 44 5e ed b0,56.25,ex-sp-only_L16_st32_k2_s108.summary.json,86000,86000,44 5e ed b0 44 5e ed b0 44 5e ed b0 44 5e ed b0,0,0.0068,1.0,1.0,1.0,1.0,True,True,0.0,0.703,block-copy,4,1.0,1.0,1.0,62,True,1.0,44 5e ed b0 44 5e ed b0 44 5e ed b0 44 5e ed b0,32,0.84375,0.84375,0.84375,32,0.8389,0.0421,0.0087,4.020701105746462,6.499276105746462,0.05054375,0.0214,0.0215,04 5e ed b0 04 5e ed b0 04 5e ed b0 04 5e ed b0,0.0,0.006,1.0,1.0,1.0,1.0,True,0.703,0.0,block-copy,4.0,1.0,04 5e ed b0 04 5e ed b0 04 5e ed b0 04 5e ed b0,,,,,,
ex-sp-only,ex-sp-only,nominal,16,32,2,109,,300000,300000,False,-1,-1,-1,-1,,,0.00675,0.0224,13.228505505452894,4.000045766578891,04 5e ed b0 04 5e ed b0 04 5e ed b0 04 5e ed b0,57.31,ex-sp-only_L16_st32_k2_s109.summary.json,120000,120000,04 5e ed b0 04 5e ed b0 04 5e ed b0 04 5e ed b0,0,0.0067,1.0,1.0,1.0,1.0,True,True,0.0,0.703,block-copy,4,1.0,1.0,1.0,62,True,1.0,04 5e ed b0 04 5e ed b0 04 5e ed b0 04 5e ed b0,32,0.8125,0.8125,0.8125,32,0.84135,0.03865,0.00715,4.000045766578891,6.501670766578892,0.04819375,0.0224,0.0229,64 5e ed b0 64 5e ed b0 64 5e ed b0 64 5e ed b0,0.0,0.0052,1.0,1.0,1.0,1.0,True,0.705,0.0,block-copy,4.0,1.0,64 5e ed b0 64 5e ed b0 64 5e ed b0 64 5e ed b0,,,,,,
ex-sp-only,ex-sp-only,nominal,16,32,2,110,,300000,300000,False,-1,-1,-1,-1,,,0.0006,0.00085,13.404408202968728,4.253607654740655,d1 c0 ed b0 f3 c2 f8 f8 00 00 22 34 a6 8e 00 00,55.04,ex-sp-only_L16_st32_k2_s110.summary.json,38000,38000,d1 c0 ed b0 f3 c2 f8 f8 00 00 22 34 a6 8e 00 00,0,0.0006,1.0,1.0,1.0,1.0,True,True,0.0,0.858,block-copy+ld-mem,16,0.2,1.0,1.0,64,True,1.0,d1 c0 ed b0 f3 c2 f8 f8 00 00 22 34 a6 8e 00 00,32,0.71875,0.71875,0.71875,32,0.85335,0.00875,0.00695,4.253607654740655,6.908532654740656,0.064078125,0.00085,0.00085,64 5e ed b0 64 5e ed b0 64 5e ed b0 64 5e ed b0,0.0,0.0076,1.0,1.0,1.0,1.0,True,0.705,0.0,block-copy,4.0,1.0,64 5e ed b0 64 5e ed b0 64 5e ed b0 64 5e ed b0,,,,,,
ld-imm,ld-imm,nominal,16,128,4,101,,300000,300000,False,168000,-1,100,-1,84 5e ed b0 84 5e ed b0 84 5e ed b0 84 5e ed b0,block-copy,0.0041,0.00635,11.399669744145115,4.987362324785279,28 de 5e ed b0 75 77 ff 28 de 5e ed b0 75 77 ff,81.25,ld-imm_L16_st128_k4_s101.summary.json,168000,168000,28 de 5e ed b0 75 77 ff 28 de 5e ed b0 75 77 ff,0,0.0041,1.0,1.0,1.0,1.0,True,True,0.0,0.635,block-copy+ld-mem+stack,8,1.0,1.0,1.0,64,True,1.0,28 de 5e ed b0 75 77 ff 28 de 5e ed b0 75 77 ff,32,0.96875,0.96875,0.96875,32,0.94965,0.0463,0.0063,4.987362324785279,6.079062324785278,0.0157125,0.00635,0.00635,84 5e ed b0 84 5e ed b0 84 5e ed b0 84 5e ed b0,0.0,0.0214,1.0,1.0,1.0,1.0,True,0.521,0.0,block-copy,4.0,1.0,84 5e ed b0 84 5e ed b0 84 5e ed b0 84 5e ed b0,00 41 00 41 00 41 00 41 00 41 00 41 00 01 00 00,0.0,0.106,0.137,0.0,False
ld-imm,ld-imm,nominal,16,128,4,102,,300000,300000,False,-1,-1,100,-1,,,0.01415,0.13995,13.60917506519471,0.6793034823517017,ff 41 00 41 00 41 00 41 00 41 00 41 00 41 00 41,89.03,ld-imm_L16_st128_k4_s102.summary.json,-1,-1,00 41 00 41 00 41 00 41 00 41 00 41 00 01 00 00,1,0.0124,0.106,0.137,,0.0,False,False,,0.846,-,15,1.0,0.003,0.02,57,False,0.02,00 41 00 41 00 41 00 41 00 41 00 41 00 01 00 00,32,0.0,0.0,0.0,32,0.0,0.00025,0.4127,0.6793034823517017,4.923428482351702,0.413878125,0.13995,0.1559,,,,,,,,,,,,,,,00 41 00 41 00 41 00 41 00 41 00 41 00 01 00 00,1.0,0.106,0.137,0.0,False
ld-imm,ld-imm,nominal,16,128,4,103,,300000,300000,False,-1,-1,50,-1,,,0.0146,0.1752,13.574182551636117,0.668946971106748,00 41 00 41 00 41 00 41 00 41 00 41 00 01 00 00,88.13,ld-imm_L16_st128_k4_s103.summary.json,-1,-1,00 41 00 41 00 41 00 41 00 41 00 41 00 01 00 00,0,0.0146,0.106,0.137,,0.0,False,False,,0.846,-,15,1.0,0.022,0.03,56,False,0.03,00 41 00 41 00 41 00 41 00 41 00 41 00 01 00 00,32,0.0,0.0,0.0,32,0.0001,0.00035,0.42195,0.668946971106748,4.862371971106748,0.4193875,0.1752,0.18495,,,,,,,,,,,,,,,00 41 00 41 00 41 00 41 00 41 00 41 00 01 00 00,1.0,0.106,0.137,0.0,False
ld-imm,ld-imm,nominal,16,128,4,104,,300000,300000,False,-1,-1,100,-1,,,0.01415,0.17485,13.61852910668462,0.6616802107402586,00 41 00 41 00 41 00 41 00 41 00 41 00 01 00 00,90.0,ld-imm_L16_st128_k4_s104.summary.json,-1,-1,00 41 00 41 00 41 00 41 00 41 00 41 00 01 00 00,0,0.0141,0.106,0.137,,0.0,False,False,,0.846,-,15,1.0,0.0,-0.002,51,False,0.032,ff 41 00 41 00 51 00 51 00 51 00 51 00 11 00 41,32,0.0,0.0,0.0,32,0.0001,0.00065,0.4213,0.6616802107402586,4.876705210740258,0.41900625,0.17485,0.1843,,,,,,,,,,,,,,,00 41 00 41 00 41 00 41 00 41 00 41 00 01 00 00,1.0,0.106,0.137,0.0,False
ld-imm,ld-imm,nominal,16,128,4,105,,300000,300000,False,-1,-1,100,-1,,,0.0133,0.1709,13.594873152829948,0.6621121803457868,00 41 00 41 00 41 00 41 00 41 00 41 00 01 00 00,90.82,ld-imm_L16_st128_k4_s105.summary.json,-1,-1,00 41 00 41 00 41 00 41 00 41 00 41 00 01 00 00,0,0.0133,0.106,0.137,,0.0,False,False,,0.846,-,15,1.0,0.0,0.009,55,False,0.009,00 41 00 41 00 41 00 41 00 41 00 41 00 01 00 00,32,0.0,0.0,0.0,32,0.0,0.00045,0.42135,0.6621121803457868,4.864012180345787,0.421434375,0.1709,0.17945,,,,,,,,,,,,,,,00 41 00 41 00 41 00 41 00 41 00 41 00 01 00 00,0.0,0.106,0.137,0.0,False
ld-imm,ld-imm,nominal,16,128,4,106,,300000,300000,False,-1,-1,100,-1,,,0.01615,0.1769,13.54579193107599,0.6833576464378437,00 41 00 41 00 41 00 41 00 41 00 41 00 01 00 00,88.62,ld-imm_L16_st128_k4_s106.summary.json,-1,-1,00 41 00 41 00 41 00 41 00 41 00 41 00 01 00 00,0,0.0162,0.106,0.137,,0.0,False,False,,0.846,-,15,1.0,0.008,0.032,52,False,0.032,00 41 00 41 00 41 00 41 00 41 00 41 00 01 00 00,32,0.0,0.0,0.0,32,5e-05,0.00045,0.4198,0.6833576464378437,4.879032646437843,0.41791875,0.1769,0.1854,,,,,,,,,,,,,,,00 41 00 41 00 41 00 41 00 41 00 41 00 01 00 00,1.0,0.106,0.137,0.0,False
ld-imm,ld-imm,nominal,16,128,4,107,,300000,300000,False,-1,-1,100,-1,,,0.01485,0.17525,13.575290533619174,0.6660158677085208,00 41 00 41 00 41 00 41 00 41 00 41 00 01 00 00,88.74,ld-imm_L16_st128_k4_s107.summary.json,-1,-1,00 41 00 41 00 41 00 41 00 41 00 41 00 01 00 00,0,0.0149,0.106,0.137,,0.0,False,False,,0.846,-,15,1.0,0.012,0.019,52,False,0.019,00 41 00 41 00 41 00 41 00 41 00 41 00 01 00 00,32,0.0,0.0,0.0,32,0.0,0.0002,0.42785,0.6660158677085208,4.835565867708521,0.422396875,0.17525,0.18365,,,,,,,,,,,,,,,00 41 00 41 00 41 00 41 00 41 00 41 00 01 00 00,1.0,0.106,0.137,0.0,False
ld-imm,ld-imm,nominal,16,128,4,108,,300000,300000,False,-1,-1,100,-1,,,0.00305,0.00465,11.417098158910616,5.039981275134724,28 02 5e ed b0 de 80 e6 28 02 5e ed b0 de 80 e6,82.37,ld-imm_L16_st128_k4_s108.summary.json,205500,205500,28 02 5e ed b0 de 80 e6 28 02 5e ed b0 de 80 e6,0,0.0031,1.0,1.0,1.0,1.0,True,True,0.0,0.61,block-copy+ld-mem,8,1.0,1.0,1.0,64,True,1.0,28 02 5e ed b0 de 80 e6 28 02 5e ed b0 de 80 e6,32,0.9375,0.9375,0.9375,32,0.95955,0.0373,0.00435,5.039981275134724,6.100556275134724,0.013378125,0.00465,0.00465,a4 5e ed b0 a4 5e ed b0 a4 5e ed b0 a4 5e ed b0,0.0,0.0063,1.0,1.0,1.0,1.0,True,0.514,0.0,block-copy,4.0,1.0,a4 5e ed b0 a4 5e ed b0 a4 5e ed b0 a4 5e ed b0,00 41 00 41 00 41 00 41 00 41 00 41 00 01 00 00,0.0,0.106,0.137,0.0,False
ld-imm,ld-imm,nominal,16,128,4,109,,300000,300000,False,-1,-1,100,-1,,,0.01395,0.16715,13.619298531725779,0.6496417226312055,00 41 00 41 00 41 00 41 00 41 00 41 00 01 00 00,87.34,ld-imm_L16_st128_k4_s109.summary.json,-1,-1,00 41 00 41 00 41 00 41 00 41 00 41 00 01 00 00,0,0.014,0.106,0.137,,0.0,False,False,,0.846,-,15,1.0,-0.002,0.046,47,False,0.046,00 41 00 41 00 41 00 41 00 41 00 41 00 01 00 00,32,0.0,0.0,0.0,32,0.00015,0.00035,0.421,0.6496417226312055,4.894741722631205,0.41878125,0.16715,0.17635,,,,,,,,,,,,,,,00 41 00 41 00 41 00 41 00 41 00 41 00 01 00 00,0.0,0.106,0.137,0.0,False
ld-imm,ld-imm,nominal,16,128,4,110,,300000,300000,False,-1,-1,100,-1,,,0.00235,0.00775,11.95160101682262,5.276017540047546,00 c3 c6 48 b1 c9 2a a9 ef 70 ed b8 c2 01 00 00,79.68,ld-imm_L16_st128_k4_s110.summary.json,-1,-1,00 c3 c6 48 b1 c9 2a a9 ef 70 ed b8 c2 01 00 00,0,0.0024,1.0,1.0,1.0,1.0,True,True,0.0,0.735,block-copy+ld-mem,15,1.0,1.0,1.0,64,True,1.0,00 c3 c6 48 b1 c9 2a a9 ef 70 ed b8 c2 01 00 00,32,0.78125,0.78125,0.84375,32,0.9346,0.0107,0.0104,5.276017540047546,6.571417540047546,0.108165625,0.00775,0.00775,,,,,,,,,,,,,,,00 41 00 41 00 41 00 41 00 41 00 41 00 01 00 00,1.0,0.106,0.137,0.0,False
ld-imm,ld-imm,nominal,16,32,2,101,,300000,300000,False,-1,-1,-1,-1,,,0.00325,0.0167,13.27067140776942,4.067282023568268,04 5e ed b0 04 5e ed b0 04 5e ed b0 04 5e ed b0,54.04,ld-imm_L16_st32_k2_s101.summary.json,9500,9500,04 5e ed b0 04 5e ed b0 04 5e ed b0 04 5e ed b0,0,0.0032,1.0,1.0,1.0,1.0,True,True,0.0,0.74,block-copy,4,1.0,1.0,1.0,62,True,1.0,04 5e ed b0 04 5e ed b0 04 5e ed b0 04 5e ed b0,32,0.71875,0.71875,0.71875,32,0.8444,0.0219,0.0063,4.067282023568268,6.613632023568268,0.057090625,0.0167,0.0169,a4 5e ed b0 a4 5e ed b0 a4 5e ed b0 a4 5e ed b0,0.0,0.0053,1.0,1.0,1.0,1.0,True,0.737,0.0,block-copy,4.0,1.0,a4 5e ed b0 a4 5e ed b0 a4 5e ed b0 a4 5e ed b0,,,,,,
ld-imm,ld-imm,nominal,16,32,2,102,,300000,300000,False,-1,-1,-1,-1,,,0.0028,0.01385,13.215856862063742,4.124867822533052,64 5e ed b0 64 5e ed b0 64 5e ed b0 64 5e ed b0,58.32,ld-imm_L16_st32_k2_s102.summary.json,194500,194500,64 5e ed b0 64 5e ed b0 64 5e ed b0 64 5e ed b0,0,0.0028,1.0,1.0,1.0,1.0,True,True,0.0,0.735,block-copy,4,1.0,1.0,1.0,64,True,1.0,64 5e ed b0 64 5e ed b0 64 5e ed b0 64 5e ed b0,32,0.75,0.75,0.75,32,0.854,0.0333,0.0065,4.124867822533052,6.534942822533052,0.045234375,0.01385,0.0139,24 5e ed b0 24 5e ed b0 24 5e ed b0 24 5e ed b0,0.0,0.0066,1.0,1.0,1.0,1.0,True,0.733,0.0,block-copy,4.0,1.0,24 5e ed b0 24 5e ed b0 24 5e ed b0 24 5e ed b0,,,,,,
ld-imm,ld-imm,nominal,16,32,2,103,,300000,300000,False,-1,-1,-1,-1,,,0.00055,0.0076,14.272153411719605,0.1868938136403493,00 03 00 03 00 03 00 03 00 03 00 03 00 03 00 00,54.89,ld-imm_L16_st32_k2_s103.summary.json,-1,-1,00 03 00 03 00 03 00 03 00 03 00 03 00 03 00 00,0,0.0006,0.036,0.092,,0.0,False,False,,0.93,-,2,0.929,0.002,0.005,64,False,0.009,00 23 00 23 00 23 00 23 00 23 00 23 00 03 00 00,32,0.0,0.0,0.0,32,0.00015,0.00615,0.1513,0.1868938136403493,6.0046438136403495,0.320746875,0.0076,0.0079,,,,,,,,,,,,,,,,,,,,
ld-imm,ld-imm,nominal,16,32,2,104,,300000,300000,False,-1,-1,-1,-1,,,0.00495,0.02,13.247499563679703,4.056957842047872,44 5e ed b0 44 5e ed b0 44 5e ed b0 44 5e ed b0,57.27,ld-imm_L16_st32_k2_s104.summary.json,130000,130000,44 5e ed b0 44 5e ed b0 44 5e ed b0 44 5e ed b0,0,0.005,1.0,1.0,1.0,1.0,True,True,0.0,0.733,block-copy,4,1.0,1.0,1.0,64,True,1.0,44 5e ed b0 44 5e ed b0 44 5e ed b0 44 5e ed b0,32,0.75,0.75,0.75,32,0.84465,0.02995,0.0067,4.056957842047872,6.533907842047872,0.05206875,0.02,0.02035,44 5e ed b0 44 5e ed b0 44 5e ed b0 44 5e ed b0,0.0,0.0062,1.0,1.0,1.0,1.0,True,0.733,0.0,block-copy,4.0,1.0,44 5e ed b0 44 5e ed b0 44 5e ed b0 44 5e ed b0,,,,,,
ld-imm,ld-imm,nominal,16,32,2,105,,300000,300000,False,-1,-1,-1,-1,,,0.00245,0.01325,13.248749487012853,4.069304954870923,24 5e ed b0 24 5e ed b0 24 5e ed b0 24 5e ed b0,59.45,ld-imm_L16_st32_k2_s105.summary.json,49500,49500,24 5e ed b0 24 5e ed b0 24 5e ed b0 24 5e ed b0,0,0.0024,1.0,1.0,1.0,1.0,True,True,0.0,0.733,block-copy,4,1.0,1.0,1.0,63,True,1.0,24 5e ed b0 24 5e ed b0 24 5e ed b0 24 5e ed b0,32,0.75,0.75,0.75,32,0.84295,0.01895,0.00715,4.069304954870923,6.530529954870923,0.047928125,0.01325,0.01335,44 5e ed b0 44 5e ed b0 44 5e ed b0 44 5e ed b0,0.0,0.0056,1.0,1.0,1.0,1.0,True,0.733,0.0,block-copy,4.0,1.0,44 5e ed b0 44 5e ed b0 44 5e ed b0 44 5e ed b0,,,,,,
ld-imm,ld-imm,nominal,16,32,2,106,,300000,300000,False,-1,-1,-1,-1,,,0.0047,0.01565,13.263248633514484,4.056447086191291,24 5e ed b0 24 5e ed b0 24 5e ed b0 24 5e ed b0,56.26,ld-imm_L16_st32_k2_s106.summary.json,67500,67500,24 5e ed b0 24 5e ed b0 24 5e ed b0 24 5e ed b0,0,0.0047,1.0,1.0,1.0,1.0,True,True,0.0,0.733,block-copy,4,1.0,1.0,1.0,62,True,1.0,24 5e ed b0 24 5e ed b0 24 5e ed b0 24 5e ed b0,32,0.71875,0.71875,0.71875,32,0.8332,0.0224,0.0068,4.056447086191291,6.568997086191291,0.051321875,0.01565,0.0158,24 5e ed b0 24 5e ed b0 24 5e ed b0 24 5e ed b0,0.0,0.0086,1.0,1.0,1.0,1.0,True,0.733,0.0,block-copy,4.0,1.0,24 5e ed b0 24 5e ed b0 24 5e ed b0 24 5e ed b0,,,,,,
ld-imm,ld-imm,nominal,16,32,2,107,,300000,300000,False,-1,-1,-1,-1,,,0.0028,0.0101,13.313876587971361,4.0330761763538465,04 5e ed b0 04 5e ed b0 04 5e ed b0 04 5e ed b0,56.05,ld-imm_L16_st32_k2_s107.summary.json,109500,109500,04 5e ed b0 04 5e ed b0 04 5e ed b0 04 5e ed b0,0,0.0028,1.0,1.0,1.0,1.0,True,True,0.0,0.74,block-copy,4,1.0,1.0,1.0,63,True,1.0,04 5e ed b0 04 5e ed b0 04 5e ed b0 04 5e ed b0,32,0.84375,0.84375,0.84375,32,0.8277,0.02,0.0073,4.0330761763538465,6.595776176353847,0.051896875,0.0101,0.0102,44 5e ed b0 44 5e ed b0 44 5e ed b0 44 5e ed b0,0.0,0.0062,1.0,1.0,1.0,1.0,True,0.733,0.0,block-copy,4.0,1.0,44 5e ed b0 44 5e ed b0 44 5e ed b0 44 5e ed b0,,,,,,
ld-imm,ld-imm,nominal,16,32,2,108,,300000,300000,False,-1,-1,-1,-1,,,0.0038,0.01705,13.2527462576381,4.045218719203639,84 5e ed b0 84 5e ed b0 84 5e ed b0 84 5e ed b0,56.31,ld-imm_L16_st32_k2_s108.summary.json,122000,122000,84 5e ed b0 84 5e ed b0 84 5e ed b0 84 5e ed b0,0,0.0038,1.0,1.0,1.0,1.0,True,True,0.0,0.737,block-copy,4,1.0,1.0,1.0,64,True,1.0,84 5e ed b0 84 5e ed b0 84 5e ed b0 84 5e ed b0,32,0.78125,0.78125,0.84375,32,0.8393,0.02965,0.0089,4.045218719203639,6.552843719203639,0.056746875,0.01705,0.0174,04 5e ed b0 04 5e ed b0 04 5e ed b0 04 5e ed b0,0.0,0.0073,1.0,1.0,1.0,1.0,True,0.74,0.0,block-copy,4.0,1.0,04 5e ed b0 04 5e ed b0 04 5e ed b0 04 5e ed b0,,,,,,
ld-imm,ld-imm,nominal,16,32,2,109,,300000,300000,False,-1,-1,-1,-1,,,0.00245,0.01025,13.258241339585076,4.066202214757386,04 5e ed b0 04 5e ed b0 04 5e ed b0 04 5e ed b0,58.02,ld-imm_L16_st32_k2_s109.summary.json,29500,29500,04 5e ed b0 04 5e ed b0 04 5e ed b0 04 5e ed b0,0,0.0024,1.0,1.0,1.0,1.0,True,True,0.0,0.74,block-copy,4,1.0,1.0,1.0,63,True,1.0,04 5e ed b0 04 5e ed b0 04 5e ed b0 04 5e ed b0,32,0.78125,0.75,0.78125,32,0.84315,0.03855,0.00745,4.066202214757386,6.529502214757385,0.04751875,0.01025,0.01025,04 5e ed b0 04 5e ed b0 04 5e ed b0 04 5e ed b0,0.0,0.0056,1.0,1.0,1.0,1.0,True,0.74,0.0,block-copy,4.0,1.0,04 5e ed b0 04 5e ed b0 04 5e ed b0 04 5e ed b0,,,,,,
ld-imm,ld-imm,nominal,16,32,2,110,,300000,300000,False,-1,-1,-1,-1,,,0.00285,0.016,13.261909753129624,4.089485470658126,84 5e ed b0 84 5e ed b0 84 5e ed b0 84 5e ed b0,55.49,ld-imm_L16_st32_k2_s110.summary.json,59500,59500,84 5e ed b0 84 5e ed b0 84 5e ed b0 84 5e ed b0,0,0.0029,1.0,1.0,1.0,1.0,True,True,0.0,0.737,block-copy,4,1.0,1.0,1.0,63,True,1.0,84 5e ed b0 84 5e ed b0 84 5e ed b0 84 5e ed b0,32,0.6875,0.6875,0.6875,32,0.84055,0.0321,0.0064,4.089485470658126,6.591310470658126,0.051946875,0.016,0.01615,84 5e ed b0 84 5e ed b0 84 5e ed b0 84 5e ed b0,0.0,0.0056,1.0,1.0,1.0,1.0,True,0.737,0.0,block-copy,4.0,1.0,84 5e ed b0 84 5e ed b0 84 5e ed b0 84 5e ed b0,,,,,,
ld-mem,ld-mem,nominal,16,128,2,101,,300000,300000,False,2150,3650,2900,-1,01 c5 01 c5 01 c5 01 c5 01 c5 01 c5 01 c5 01 c5,stack,0.0631,0.20695,12.065194030145914,1.7924787019599084,21 e3 21 e3 21 e3 21 e3 21 e3 21 e3 21 e3 21 e3,96.06,ld-mem_L16_st128_k2_s101.summary.json,1750,1750,ad e3 21 e3 21 c0 ad c0 ad e3 21 e3 21 c0 ad c0,1,0.033,1.0,1.0,1.0,1.0,True,True,0.0,0.81,stack,8,1.0,1.0,1.0,51,True,1.0,ad e3 21 e3 21 c0 ad c0 ad e3 21 e3 21 c0 ad c0,32,0.3125,0.3125,0.3125,32,0.0,0.00305,0.03395,1.7924787019599084,4.532853701959908,0.063321875,0.20695,0.20715,01 c5 01 c5 01 c5 01 c5 01 c5 01 c5 01 c5 01 c5,0.0,0.0054,0.806,0.606,0.796,0.688,True,0.612,0.0,stack,2.0,1.0,01 c5 01 c5 01 c5 01 c5 01 c5 01 c5 01 c5 01 c5,01 c5 01 c5 01 c5 01 c5 01 c5 01 c5 01 c5 01 c5,0.0,0.806,0.606,0.688,True
ld-mem,ld-mem,nominal,16,128,2,102,,300000,300000,False,2600,-1,3600,-1,01 c5 01 c5 01 c5 01 c5 01 c5 01 c5 01 c5 01 c5,stack,0.0592,0.19865,11.974827227167491,1.7848776639464972,21 e3 21 e3 21 e3 21 e3 21 e3 21 e3 21 e3 21 e3,91.35,ld-mem_L16_st128_k2_s102.summary.json,1800,1800,ad e3 21 e3 21 c0 ad c0 ad e3 21 e3 21 c0 ad c0,1,0.0427,1.0,1.0,1.0,1.0,True,True,0.0,0.81,stack,8,1.0,1.0,1.0,41,True,1.0,ad e3 21 e3 21 c0 ad c0 ad e3 21 e3 21 c0 ad c0,32,0.34375,0.34375,0.34375,32,0.0,0.00335,0.0336,1.7848776639464972,4.470277663946497,0.06345,0.19865,0.1988,01 c5 01 c5 01 c5 01 c5 01 c5 01 c5 01 c5 01 c5,0.0,0.0058,0.806,0.606,0.796,0.688,True,0.612,0.0,stack,2.0,1.0,01 c5 01 c5 01 c5 01 c5 01 c5 01 c5 01 c5 01 c5,01 c5 01 c5 01 c5 01 c5 01 c5 01 c5 01 c5 01 c5,0.0,0.806,0.606,0.688,True
ld-mem,ld-mem,nominal,16,128,2,103,,300000,300000,False,1700,4400,2850,-1,01 c5 01 c5 01 c5 01 c5 01 c5 01 c5 01 c5 01 c5,stack,0.00075,0.003,13.404265727888879,4.519847810718927,00 00 00 00 00 00 00 00 00 00 00 00 00 00 00 00,97.82,ld-mem_L16_st128_k2_s103.summary.json,1150,1150,1d 83 e2 c0 9a ed b0 be 6d f6 78 00 00 e7 00 4d,1,0.0006,1.0,1.0,1.0,1.0,True,True,0.0,0.729,block-copy+stack,16,0.077,1.0,1.0,64,True,1.0,1d 83 e2 c0 9a ed b0 be 6d f6 78 00 00 e7 00 4d,32,0.8125,0.8125,0.8125,32,0.8309,0.0053,0.0138,4.519847810718927,7.088222810718927,0.042465625,0.003,0.003,01 c5 01 c5 01 c5 01 c5 01 c5 01 c5 01 c5 01 c5,0.0,0.0056,0.806,0.606,0.796,0.688,True,0.612,0.0,stack,2.0,1.0,01 c5 01 c5 01 c5 01 c5 01 c5 01 c5 01 c5 01 c5,01 c5 01 c5 01 c5 01 c5 01 c5 01 c5 01 c5 01 c5,0.0,0.806,0.606,0.688,True
ld-mem,ld-mem,nominal,16,128,2,104,,300000,300000,False,1450,-1,2800,-1,01 c5 01 c5 01 c5 01 c5 01 c5 01 c5 01 c5 01 c5,stack,0.0616,0.2012,11.954615257644353,1.7940348949121967,21 e3 21 e3 21 e3 21 e3 21 e3 21 e3 21 e3 21 e3,91.56,ld-mem_L16_st128_k2_s104.summary.json,450,450,ad e3 21 e3 21 c0 ad c0 ad e3 21 e3 21 c0 ad c0,1,0.0302,1.0,1.0,1.0,1.0,True,True,0.0,0.81,stack,8,1.0,1.0,1.0,46,True,1.0,ad e3 21 e3 21 c0 ad c0 ad e3 21 e3 21 c0 ad c0,32,0.3125,0.3125,0.4375,32,0.0,0.0027,0.0349,1.7940348949121967,4.484584894912197,0.062978125,0.2012,0.20135,01 c5 01 c5 01 c5 01 c5 01 c5 01 c5 01 c5 01 c5,0.0,0.0063,0.806,0.606,0.796,0.688,True,0.612,0.0,stack,2.0,1.0,01 c5 01 c5 01 c5 01 c5 01 c5 01 c5 01 c5 01 c5,01 c5 01 c5 01 c5 01 c5 01 c5 01 c5 01 c5 01 c5,0.0,0.806,0.606,0.688,True
ld-mem,ld-mem,nominal,16,128,2,105,,300000,300000,False,2400,3950,3300,-1,01 c5 01 c5 01 c5 01 c5 01 c5 01 c5 01 c5 01 c5,stack,0.01195,0.01685,12.69158300688003,4.121774071428613,b0 1e 84 ed b0 1e 84 ed b0 1e 84 ed b0 1e 84 ed,95.78,ld-mem_L16_st128_k2_s105.summary.json,1950,1950,b0 1e 84 ed b0 1e 84 ed b0 1e 84 ed b0 1e 84 ed,0,0.012,1.0,1.0,1.0,1.0,True,True,0.0,0.571,block-copy,4,1.0,1.0,1.0,62,True,1.0,b0 1e 84 ed b0 1e 84 ed b0 1e 84 ed b0 1e 84 ed,32,0.65625,0.65625,0.65625,32,0.93235,0.0153,0.0094,4.121774071428613,5.9587240714286125,0.0131625,0.01685,0.02495,01 c5 01 c5 01 c5 01 c5 01 c5 01 c5 01 c5 01 c5,0.0,0.005,0.806,0.606,0.796,0.688,True,0.612,0.0,stack,2.0,1.0,01 c5 01 c5 01 c5 01 c5 01 c5 01 c5 01 c5 01 c5,01 c5 01 c5 01 c5 01 c5 01 c5 01 c5 01 c5 01 c5,0.0,0.806,0.606,0.688,True
ld-mem,ld-mem,nominal,16,128,2,106,,300000,300000,False,1100,-1,2000,-1,11 d5 11 d5 11 d5 11 d5 11 d5 11 d5 11 d5 11 d5,stack,0.00075,0.001,13.44099099441121,4.45991587391916,11 70 28 c3 2b 8f b9 c3 6d eb ad ed b0 a2 ea 12,93.89,ld-mem_L16_st128_k2_s106.summary.json,650,650,11 70 28 c3 2b 8f b9 c3 6d eb ad ed b0 a2 ea 12,0,0.0008,1.0,1.0,1.0,1.0,True,True,0.0,0.812,block-copy,16,0.083,1.0,1.0,64,True,1.0,11 70 28 c3 2b 8f b9 c3 6d eb ad ed b0 a2 ea 12,32,0.8125,0.8125,0.875,32,0.79595,0.00815,0.01315,4.45991587391916,7.14189087391916,0.03690625,0.001,0.00105,11 d5 11 d5 11 d5 11 d5 11 d5 11 d5 11 d5 11 d5,0.0,0.0084,0.765,0.498,0.748,0.641,True,0.602,0.0,stack,2.0,1.0,11 d5 11 d5 11 d5 11 d5 11 d5 11 d5 11 d5 11 d5,01 c5 01 c5 01 c5 01 c5 01 c5 01 c5 01 c5 01 c5,1.0,0.806,0.606,0.688,True
ld-mem,ld-mem,nominal,16,128,2,107,,300000,300000,False,1850,3900,3150,-1,01 c5 01 c5 01 c5 01 c5 01 c5 01 c5 01 c5 01 c5,stack,0.0014,0.00555,12.858004326740335,4.1120892053427855,6b cb db 1f ed b0 c0 2f 6b cb db 1f ed b0 c0 2f,91.01,ld-mem_L16_st128_k2_s107.summary.json,1150,1150,6b cb db 1f ed b0 c0 2f 6b cb db 1f ed b0 c0 2f,0,0.0014,1.0,1.0,1.0,1.0,True,True,0.0,0.646,block-copy,8,1.0,1.0,1.0,64,True,1.0,6b cb db 1f ed b0 c0 2f 6b cb db 1f ed b0 c0 2f,32,0.90625,0.90625,0.90625,32,0.8922,0.0375,0.01095,4.1120892053427855,5.861864205342785,0.017209375,0.00555,0.00915,01 c5 01 c5 01 c5 01 c5 01 c5 01 c5 01 c5 01 c5,0.0,0.0054,0.806,0.606,0.796,0.688,True,0.612,0.0,stack,2.0,1.0,01 c5 01 c5 01 c5 01 c5 01 c5 01 c5 01 c5 01 c5,01 c5 01 c5 01 c5 01 c5 01 c5 01 c5 01 c5 01 c5,0.0,0.806,0.606,0.688,True
ld-mem,ld-mem,nominal,16,128,2,108,,300000,300000,False,1900,-1,4600,-1,01 c5 01 c5 01 c5 01 c5 01 c5 01 c5 01 c5 01 c5,stack,0.0007,0.0009,13.435764064743179,4.452734697042334,1e b0 c3 2b ff 84 93 ec 7a f2 4c ed b0 8c 53 95,95.72,ld-mem_L16_st128_k2_s108.summary.json,750,750,1e b0 c3 2b ff 84 93 ec 7a f2 4c ed b0 8c 53 95,0,0.0007,1.0,1.0,1.0,1.0,True,True,0.0,0.771,block-copy+stack,16,0.2,1.0,1.0,64,True,1.0,1e b0 c3 2b ff 84 93 ec 7a f2 4c ed b0 8c 53 95,32,0.78125,0.78125,0.8125,32,0.792,0.00575,0.0156,4.452734697042334,7.108984697042334,0.03561875,0.0009,0.0009,01 c5 01 c5 01 c5 01 c5 01 c5 01 c5 01 c5 01 c5,0.0,0.0064,0.806,0.606,0.796,0.688,True,0.612,0.0,stack,2.0,1.0,01 c5 01 c5 01 c5 01 c5 01 c5 01 c5 01 c5 01 c5,01 c5 01 c5 01 c5 01 c5 01 c5 01 c5 01 c5 01 c5,0.0,0.806,0.606,0.688,True
ld-mem,ld-mem,nominal,16,128,2,109,,300000,300000,False,1400,4350,2650,-1,01 c5 01 c5 01 c5 01 c5 01 c5 01 c5 01 c5 01 c5,stack,0.0007,0.0011,13.45495625318019,4.460994487994877,11 50 a1 c3 eb 05 c8 9c 0b dc e8 ed b0 46 71 6f,97.45,ld-mem_L16_st128_k2_s109.summary.json,350,350,11 50 a1 c3 eb 05 c8 9c 0b dc e8 ed b0 46 71 6f,0,0.0007,1.0,1.0,1.0,1.0,True,True,0.0,0.803,stack,16,0.0,1.0,1.0,64,True,1.0,11 50 a1 c3 eb 05 c8 9c 0b dc e8 ed b0 46 71 6f,32,0.625,0.625,0.65625,32,0.7804,0.006,0.01705,4.460994487994877,7.148544487994877,0.035078125,0.0011,0.00115,01 c5 01 c5 01 c5 01 c5 01 c5 01 c5 01 c5 01 c5,0.0,0.0066,0.806,0.606,0.796,0.688,True,0.612,0.0,stack,2.0,1.0,01 c5 01 c5 01 c5 01 c5 01 c5 01 c5 01 c5 01 c5,01 c5 01 c5 01 c5 01 c5 01 c5 01 c5 01 c5 01 c5,0.0,0.806,0.606,0.688,True
ld-mem,ld-mem,nominal,16,128,2,110,,300000,300000,False,1850,3300,2500,-1,01 c5 01 c5 01 c5 01 c5 01 c5 01 c5 01 c5 01 c5,stack,0.00065,0.0013,13.436775685801937,4.4549349837998715,1e 50 c3 eb c2 0f ea c3 91 12 a2 ed b0 c5 dc 1f,94.24,ld-mem_L16_st128_k2_s110.summary.json,1500,1500,1e 50 c3 eb c2 0f ea c3 91 12 a2 ed b0 c5 dc 1f,0,0.0006,1.0,1.0,1.0,1.0,True,True,0.0,0.816,block-copy+stack,16,0.091,1.0,1.0,64,True,1.0,1e 50 c3 eb c2 0f ea c3 91 12 a2 ed b0 c5 dc 1f,32,0.65625,0.65625,0.65625,32,0.79705,0.0063,0.01455,4.4549349837998715,7.122134983799871,0.03780625,0.0013,0.0013,01 c5 01 c5 01 c5 01 c5 01 c5 01 c5 01 c5 01 c5,0.0,0.0059,0.806,0.606,0.796,0.688,True,0.612,0.0,stack,2.0,1.0,01 c5 01 c5 01 c5 01 c5 01 c5 01 c5 01 c5 01 c5,01 c5 01 c5 01 c5 01 c5 01 c5 01 c5 01 c5 01 c5,0.0,0.806,0.606,0.688,True
ld-mem,ld-mem,nominal,16,128,4,101,,300000,300000,False,350,1150,800,81500,01 c5 01 c5 01 c5 01 c5 01 c5 01 c5 01 c5 01 c5,stack,0.5893,0.8827,3.967244593722524,2.07322475903561,ad e3 21 e3 21 c0 ad c0 ad e3 21 e3 21 c0 ad c0,70.56,ld-mem_L16_st128_k4_s101.summary.json,200,200,ad e3 21 e3 21 c0 ad c0 ad e3 21 e3 21 c0 ad c0,0,0.5893,1.0,1.0,1.0,1.0,True,True,0.0,0.81,stack,8,1.0,1.0,1.0,19,True,1.0,ad e3 21 e3 21 c0 ad c0 ad e3 21 e3 21 c0 ad c0,32,0.71875,0.71875,0.4166666666666667,12,0.0,0.00035,0.00135,2.07322475903561,2.6161747590356104,0.003871875,0.8827,0.88445,01 c5 01 c5 01 c5 01 c5 01 c5 01 c5 01 c5 01 c5,0.0,0.0073,0.806,0.606,0.796,0.688,True,0.612,0.0,stack,2.0,1.0,01 c5 01 c5 01 c5 01 c5 01 c5 01 c5 01 c5 01 c5,01 c5 01 c5 01 c5 01 c5 01 c5 01 c5 01 c5 01 c5,0.0,0.806,0.606,0.688,True
ld-mem,ld-mem,nominal,16,128,4,102,,300000,300000,False,200,500,400,20500,01 c5 01 c5 01 c5 01 c5 01 c5 01 c5 01 c5 01 c5,stack,0.5566,0.87885,4.230324370062066,2.1389630610050263,ad e3 21 e3 21 c0 ad c0 ad e3 21 e3 21 c0 ad c0,65.26,ld-mem_L16_st128_k4_s102.summary.json,100,100,ad e3 21 e3 21 c0 ad c0 ad e3 21 e3 21 c0 ad c0,0,0.5566,1.0,1.0,1.0,1.0,True,True,0.0,0.81,stack,8,1.0,1.0,1.0,16,True,1.0,ad e3 21 e3 21 c0 ad c0 ad e3 21 e3 21 c0 ad c0,32,0.78125,0.78125,0.1428571428571428,7,0.0,0.00035,0.0014,2.1389630610050263,2.6946380610050262,0.00340625,0.87885,0.87965,01 c5 01 c5 01 c5 01 c5 01 c5 01 c5 01 c5 01 c5,0.0,0.0059,0.806,0.606,0.796,0.688,True,0.612,0.0,stack,2.0,1.0,01 c5 01 c5 01 c5 01 c5 01 c5 01 c5 01 c5 01 c5,01 c5 01 c5 01 c5 01 c5 01 c5 01 c5 01 c5 01 c5,0.0,0.806,0.606,0.688,True
ld-mem,ld-mem,nominal,16,128,4,103,,300000,300000,False,200,450,400,24500,01 c5 01 c5 01 c5 01 c5 01 c5 01 c5 01 c5 01 c5,stack,0.59085,0.8823,4.05199828987004,2.115217872895383,ad e3 21 e3 21 c0 ad c0 ad e3 21 e3 21 c0 ad c0,65.33,ld-mem_L16_st128_k4_s103.summary.json,100,100,ad e3 21 e3 21 c0 ad c0 ad e3 21 e3 21 c0 ad c0,0,0.5908,1.0,1.0,1.0,1.0,True,True,0.0,0.81,stack,8,1.0,1.0,1.0,16,True,1.0,ad e3 21 e3 21 c0 ad c0 ad e3 21 e3 21 c0 ad c0,32,0.875,0.875,0.2,5,0.0,0.0004,0.0012,2.115217872895383,2.654267872895383,0.0033375,0.8823,0.88425,01 c5 01 c5 01 c5 01 c5 01 c5 01 c5 01 c5 01 c5,0.0,0.0092,0.806,0.606,0.796,0.688,True,0.612,0.0,stack,2.0,1.0,01 c5 01 c5 01 c5 01 c5 01 c5 01 c5 01 c5 01 c5,01 c5 01 c5 01 c5 01 c5 01 c5 01 c5 01 c5 01 c5,0.0,0.806,0.606,0.688,True
ld-mem,ld-mem,nominal,16,128,4,104,,300000,300000,False,500,2900,1500,3650,21 e5 21 e5 21 e5 21 e5 21 e5 21 e5 21 e5 21 e5,stack,0.6289,0.8773,4.036581818617308,2.0928134601396438,ad e3 21 e3 21 c0 ad c0 ad e3 21 e3 21 c0 ad c0,63.11,ld-mem_L16_st128_k4_s104.summary.json,200,200,ad e3 21 e3 21 c0 ad c0 ad e3 21 e3 21 c0 ad c0,0,0.6289,1.0,1.0,1.0,1.0,True,True,0.0,0.81,stack,8,1.0,1.0,1.0,19,True,1.0,ad e3 21 e3 21 c0 ad c0 ad e3 21 e3 21 c0 ad c0,32,0.9375,0.9375,0.0,1,0.0,0.00025,0.0013,2.092813460139644,2.634138460139644,0.00413125,0.8773,0.87875,21 e5 21 e5 21 e5 21 e5 21 e5 21 e5 21 e5 21 e5,0.0,0.0055,0.81,0.593,0.783,0.688,True,0.62,0.0,stack,2.0,1.0,21 e5 21 e5 21 e5 21 e5 21 e5 21 e5 21 e5 21 e5,01 c5 01 c5 01 c5 01 c5 01 c5 01 c5 01 c5 01 c5,1.0,0.806,0.606,0.688,True
ld-mem,ld-mem,nominal,16,128,4,105,,300000,300000,False,300,1550,1400,31000,01 c5 01 c5 01 c5 01 c5 01 c5 01 c5 01 c5 01 c5,stack,0.52925,0.8757,4.307960623693093,2.146155859585594,ad e3 21 e3 21 c0 ad c0 ad e3 21 e3 21 c0 ad c0,66.04,ld-mem_L16_st128_k4_s105.summary.json,200,200,ad e3 21 e3 21 c0 ad c0 ad e3 21 e3 21 c0 ad c0,0,0.5292,1.0,1.0,1.0,1.0,True,True,0.0,0.81,stack,8,1.0,1.0,1.0,22,True,1.0,ad e3 21 e3 21 c0 ad c0 ad e3 21 e3 21 c0 ad c0,32,0.90625,0.90625,0.0,3,0.0,0.00025,0.00115,2.146155859585594,2.7026308595855943,0.004096875,0.8757,0.8767,11 d5 11 d5 11 d5 11 d5 11 d5 11 d5 11 d5 11 d5,0.0,0.0104,0.765,0.498,0.748,0.641,True,0.602,0.0,stack,2.0,1.0,11 d5 11 d5 11 d5 11 d5 11 d5 11 d5 11 d5 11 d5,01 c5 01 c5 01 c5 01 c5 01 c5 01 c5 01 c5 01 c5,0.0,0.806,0.606,0.688,True
ld-mem,ld-mem,nominal,16,128,4,106,,300000,300000,False,950,4150,1450,45500,11 d5 11 d5 11 d5 11 d5 11 d5 11 d5 11 d5 11 d5,stack,0.6135,0.88495,4.078739680146413,2.1310947088376073,ad e3 21 e3 21 c0 ad c0 ad e3 21 e3 21 c0 ad c0,69.52,ld-mem_L16_st128_k4_s106.summary.json,850,850,ad e3 21 e3 21 c0 ad c0 ad e3 21 e3 21 c0 ad c0,0,0.6135,1.0,1.0,1.0,1.0,True,True,0.0,0.81,stack,8,1.0,1.0,1.0,16,True,1.0,ad e3 21 e3 21 c0 ad c0 ad e3 21 e3 21 c0 ad c0,32,0.8125,0.8125,0.6470588235294118,17,0.0,0.00055,0.0017,2.1310947088376073,2.675344708837607,0.00425,0.88495,0.88665,11 d5 11 d5 11 d5 11 d5 11 d5 11 d5 11 d5 11 d5,0.0,0.0054,0.765,0.498,0.748,0.641,True,0.602,0.0,stack,2.0,1.0,11 d5 11 d5 11 d5 11 d5 11 d5 11 d5 11 d5 11 d5,11 d5 11 d5 11 d5 11 d5 11 d5 11 d5 11 d5 11 d5,0.0,0.765,0.498,0.641,True
ld-mem,ld-mem,nominal,16,128,4,107,,300000,300000,False,550,950,900,17500,21 e5 21 e5 21 e5 21 e5 21 e5 21 e5 21 e5 21 e5,stack,0.60475,0.8843,4.074162166824128,2.119392253787983,ad e3 21 e3 21 c0 ad c0 ad e3 21 e3 21 c0 ad c0,64.32,ld-mem_L16_st128_k4_s107.summary.json,450,450,ad e3 21 e3 21 c0 ad c0 ad e3 21 e3 21 c0 ad c0,0,0.6048,1.0,1.0,1.0,1.0,True,True,0.0,0.81,stack,8,1.0,1.0,1.0,17,True,1.0,ad e3 21 e3 21 c0 ad c0 ad e3 21 e3 21 c0 ad c0,32,0.875,0.875,0.2,5,0.0,0.00035,0.00165,2.119392253787983,2.663542253787983,0.00388125,0.8843,0.88615,21 e5 21 e5 21 e5 21 e5 21 e5 21 e5 21 e5 21 e5,0.0,0.0066,0.81,0.593,0.783,0.688,True,0.62,0.0,stack,2.0,1.0,21 e5 21 e5 21 e5 21 e5 21 e5 21 e5 21 e5 21 e5,21 e5 21 e5 21 e5 21 e5 21 e5 21 e5 21 e5 21 e5,0.0,0.81,0.593,0.688,True
ld-mem,ld-mem,nominal,16,128,4,108,,300000,300000,False,1800,24500,2200,26500,11 d5 11 d5 11 d5 11 d5 11 d5 11 d5 11 d5 11 d5,stack,0.5486,0.88135,4.16095876118454,2.1346876700678195,ad e3 21 e3 21 c0 ad c0 ad e3 21 e3 21 c0 ad c0,65.74,ld-mem_L16_st128_k4_s108.summary.json,1700,1700,ad e3 21 e3 21 c0 ad c0 ad e3 21 e3 21 c0 ad c0,0,0.5486,1.0,1.0,1.0,1.0,True,True,0.0,0.81,stack,8,1.0,1.0,1.0,17,True,1.0,ad e3 21 e3 21 c0 ad c0 ad e3 21 e3 21 c0 ad c0,32,0.8125,0.8125,0.3333333333333333,9,0.0,0.00025,0.00095,2.1346876700678195,2.6865876700678193,0.003303125,0.88135,0.8828,11 d5 11 d5 11 d5 11 d5 11 d5 11 d5 11 d5 11 d5,0.0,0.0069,0.765,0.498,0.748,0.641,True,0.602,0.0,stack,2.0,1.0,11 d5 11 d5 11 d5 11 d5 11 d5 11 d5 11 d5 11 d5,01 c5 01 c5 01 c5 01 c5 01 c5 01 c5 01 c5 01 c5,1.0,0.806,0.606,0.688,True
ld-mem,ld-mem,nominal,16,128,4,109,,300000,300000,False,650,1700,1000,27500,01 c5 01 c5 01 c5 01 c5 01 c5 01 c5 01 c5 01 c5,stack,0.4751,0.862,4.3335536906798,2.150924257129024,ad e3 21 e3 21 c0 ad c0 ad e3 21 e3 21 c0 ad c0,66.33,ld-mem_L16_st128_k4_s109.summary.json,500,500,ad e3 21 e3 21 c0 ad c0 ad e3 21 e3 21 c0 ad c0,0,0.4751,1.0,1.0,1.0,1.0,True,True,0.0,0.81,stack,8,1.0,1.0,1.0,17,True,1.0,ad e3 21 e3 21 c0 ad c0 ad e3 21 e3 21 c0 ad c0,32,0.875,0.875,0.5,8,0.0,0.00015,0.001,2.150924257129024,2.731774257129024,0.00468125,0.862,0.8632,01 c5 01 c5 01 c5 01 c5 01 c5 01 c5 01 c5 01 c5,0.0,0.0052,0.806,0.606,0.796,0.688,True,0.612,0.0,stack,2.0,1.0,01 c5 01 c5 01 c5 01 c5 01 c5 01 c5 01 c5 01 c5,01 c5 01 c5 01 c5 01 c5 01 c5 01 c5 01 c5 01 c5,0.0,0.806,0.606,0.688,True
ld-mem,ld-mem,nominal,16,128,4,110,,300000,300000,False,1500,2400,2100,10000,01 c5 01 c5 01 c5 01 c5 01 c5 01 c5 01 c5 01 c5,stack,0.48615,0.86645,4.17697070579554,2.1448721084970757,ad e3 21 e3 21 c0 ad c0 ad e3 21 e3 21 c0 ad c0,64.54,ld-mem_L16_st128_k4_s110.summary.json,1100,1100,ad e3 21 e3 21 c0 ad c0 ad e3 21 e3 21 c0 ad c0,0,0.4862,1.0,1.0,1.0,1.0,True,True,0.0,0.81,stack,8,1.0,1.0,1.0,18,True,1.0,ad e3 21 e3 21 c0 ad c0 ad e3 21 e3 21 c0 ad c0,32,0.875,0.875,0.3333333333333333,3,0.0,0.00015,0.0009,2.1448721084970757,2.7031471084970757,0.003025,0.86645,0.86745,01 c5 01 c5 01 c5 01 c5 01 c5 01 c5 01 c5 01 c5,0.0,0.0083,0.806,0.606,0.796,0.688,True,0.612,0.0,stack,2.0,1.0,01 c5 01 c5 01 c5 01 c5 01 c5 01 c5 01 c5 01 c5,01 c5 01 c5 01 c5 01 c5 01 c5 01 c5 01 c5 01 c5,0.0,0.806,0.606,0.688,True
ld-mem,ld-mem,nominal,16,128,6,101,,300000,300000,False,6500,51500,7000,52500,01 c5 01 c5 01 c5 01 c5 01 c5 01 c5 01 c5 01 c5,stack,0.486,0.9552,2.9317215669298076,2.3470804370343177,ac e3 21 e3 21 c0 ac c0 ac e3 21 e3 21 c0 ac c0,62.18,ld-mem_L16_st128_k6_s101.summary.json,6500,6500,ac e3 21 e3 21 c0 ac c0 ac e3 21 e3 21 c0 ac c0,0,0.486,1.0,1.0,1.0,1.0,True,True,0.0,0.793,stack,8,1.0,1.0,1.0,17,True,1.0,ac e3 21 e3 21 c0 ac c0 ac e3 21 e3 21 c0 ac c0,32,0.96875,0.96875,0.0,1,0.0,5e-05,0.0003,2.3470804370343177,2.632630437034318,0.000890625,0.9552,0.9558,01 c5 01 c5 01 c5 01 c5 01 c5 01 c5 01 c5 01 c5,0.0,0.0539,0.806,0.606,0.796,0.688,True,0.612,0.0,stack,2.0,1.0,01 c5 01 c5 01 c5 01 c5 01 c5 01 c5 01 c5 01 c5,01 c5 01 c5 01 c5 01 c5 01 c5 01 c5 01 c5 01 c5,0.0,0.806,0.606,0.688,True
ld-mem,ld-mem,nominal,16,128,6,102,,300000,300000,False,900,1450,1400,20500,11 d5 11 d5 11 d5 11 d5 11 d5 11 d5 11 d5 11 d5,stack,0.57565,0.964,2.681653804656314,2.312645037117433,ac e3 21 e3 21 c0 ac c0 ac e3 21 e3 21 c0 ac c0,59.14,ld-mem_L16_st128_k6_s102.summary.json,850,850,ac e3 21 e3 21 c0 ac c0 ac e3 21 e3 21 c0 ac c0,0,0.5756,1.0,1.0,1.0,1.0,True,True,0.0,0.793,stack,8,1.0,1.0,1.0,10,True,1.0,ac e3 21 e3 21 c0 ac c0 ac e3 21 e3 21 c0 ac c0,32,0.96875,0.96875,1.0,1,0.0,0.0,0.0004,2.312645037117433,2.568120037117433,0.00119375,0.964,0.96425,11 d5 11 d5 11 d5 11 d5 11 d5 11 d5 11 d5 11 d5,0.0,0.0116,0.765,0.498,0.748,0.641,True,0.602,0.0,stack,2.0,1.0,11 d5 11 d5 11 d5 11 d5 11 d5 11 d5 11 d5 11 d5,01 c5 01 c5 01 c5 01 c5 01 c5 01 c5 01 c5 01 c5,0.0,0.806,0.606,0.688,True
ld-mem,ld-mem,nominal,16,128,6,103,,300000,300000,False,250,64500,600,65500,01 c5 01 c5 01 c5 01 c5 01 c5 01 c5 01 c5 01 c5,stack,0.79095,0.9732,1.9310665480978226,2.188004311003005,ad e3 21 e3 21 c0 ad c0 ad e3 21 e3 21 c0 ad c0,62.58,ld-mem_L16_st128_k6_s103.summary.json,150,150,ad e3 21 e3 21 c0 ad c0 ad e3 21 e3 21 c0 ad c0,0,0.791,1.0,1.0,1.0,1.0,True,True,0.0,0.81,stack,8,1.0,1.0,1.0,12,True,1.0,ad e3 21 e3 21 c0 ad c0 ad e3 21 e3 21 c0 ad c0,32,0.96875,0.96875,0.0,1,0.0,0.00015,0.0003,2.188004311003005,2.379804311003005,0.00074375,0.9732,0.97355,01 c5 01 c5 01 c5 01 c5 01 c5 01 c5 01 c5 01 c5,2.0,0.0069,0.806,0.606,0.796,0.688,True,0.612,0.0,stack,2.0,1.0,01 c5 01 c5 01 c5 01 c5 01 c5 01 c5 01 c5 01 c5,01 c5 01 c5 01 c5 01 c5 01 c5 01 c5 01 c5 01 c5,0.0,0.806,0.606,0.688,True
ld-mem,ld-mem,nominal,16,128,6,104,,300000,300000,False,250,44000,850,44500,21 e5 21 e5 21 e5 21 e5 21 e5 21 e5 21 e5 21 e5,stack,0.7412,0.9687,2.313510378614496,2.2411925184196138,ad e3 21 e3 21 c0 ad c0 ad e3 21 e3 21 c0 ad c0,65.49,ld-mem_L16_st128_k6_s104.summary.json,100,100,ad e3 21 e3 21 c0 ad c0 ad e3 21 e3 21 c0 ad c0,0,0.7412,1.0,1.0,1.0,1.0,True,True,0.0,0.81,stack,8,1.0,1.0,1.0,13,True,1.0,ad e3 21 e3 21 c0 ad c0 ad e3 21 e3 21 c0 ad c0,32,1.0,1.0,,0,0.0,0.0,0.0001,2.2411925184196138,2.4683175184196138,0.000621875,0.9687,0.9692,21 e5 21 e5 21 e5 21 e5 21 e5 21 e5 21 e5 21 e5,2.0,0.0053,0.81,0.593,0.783,0.688,True,0.62,0.0,stack,2.0,1.0,21 e5 21 e5 21 e5 21 e5 21 e5 21 e5 21 e5 21 e5,21 e5 21 e5 21 e5 21 e5 21 e5 21 e5 21 e5 21 e5,0.0,0.81,0.593,0.688,True
ld-mem,ld-mem,nominal,16,128,6,105,,300000,300000,False,250,42000,5000,43000,11 d5 11 d5 11 d5 11 d5 11 d5 11 d5 11 d5 11 d5,stack,0.71225,0.97545,2.0491058710911125,2.2112858596529277,ad e3 21 e3 21 c0 ad c0 ad e3 21 e3 21 c0 ad c0,68.37,ld-mem_L16_st128_k6_s105.summary.json,150,150,ad e3 21 e3 21 c0 ad c0 ad e3 21 e3 21 c0 ad c0,0,0.7123,1.0,1.0,1.0,1.0,True,True,0.0,0.81,stack,8,1.0,1.0,1.0,9,True,1.0,ad e3 21 e3 21 c0 ad c0 ad e3 21 e3 21 c0 ad c0,32,1.0,1.0,,0,0.0,0.0001,0.00025,2.2112858596529277,2.422760859652928,0.001084375,0.97545,0.97585,11 d5 11 d5 11 d5 11 d5 11 d5 11 d5 11 d5 11 d5,0.0,0.0083,0.765,0.498,0.748,0.641,True,0.602,0.0,stack,2.0,1.0,11 d5 11 d5 11 d5 11 d5 11 d5 11 d5 11 d5 11 d5,01 c5 01 c5 01 c5 01 c5 01 c5 01 c5 01 c5 01 c5,0.0,0.806,0.606,0.688,True
ld-mem,ld-mem,nominal,16,128,6,106,,300000,300000,False,1100,1450,1350,80000,01 c5 01 c5 01 c5 01 c5 01 c5 01 c5 01 c5 01 c5,stack,0.78485,0.97605,1.8378409746525466,2.162577446284257,ac e3 21 e3 21 c0 ac c0 ac e3 21 e3 21 c0 ac c0,64.94,ld-mem_L16_st128_k6_s106.summary.json,1000,1000,ac e3 21 e3 21 c0 ac c0 ac e3 21 e3 21 c0 ac c0,0,0.7849,1.0,1.0,1.0,1.0,True,True,0.0,0.793,stack,8,1.0,1.0,1.0,18,True,1.0,ac e3 21 e3 21 c0 ac c0 ac e3 21 e3 21 c0 ac c0,32,0.875,0.875,0.0,2,0.0,0.00015,0.0002,2.162577446284257,2.3617524462842567,0.000684375,0.97605,0.97665,01 c5 01 c5 01 c5 01 c5 01 c5 01 c5 01 c5 01 c5,0.0,0.0077,0.806,0.606,0.796,0.688,True,0.612,0.0,stack,2.0,1.0,01 c5 01 c5 01 c5 01 c5 01 c5 01 c5 01 c5 01 c5,01 c5 01 c5 01 c5 01 c5 01 c5 01 c5 01 c5 01 c5,0.0,0.806,0.606,0.688,True
ld-mem,ld-mem,nominal,16,128,6,107,,300000,300000,False,450,39000,1000,39500,01 c5 01 c5 01 c5 01 c5 01 c5 01 c5 01 c5 01 c5,stack,0.54495,0.95915,2.2920268961776418,2.244867480688364,ad e3 21 e3 21 c0 ad c0 ad e3 21 e3 21 c0 ad c0,59.82,ld-mem_L16_st128_k6_s107.summary.json,300,300,ad e3 21 e3 21 c0 ad c0 ad e3 21 e3 21 c0 ad c0,0,0.545,1.0,1.0,1.0,1.0,True,True,0.0,0.81,stack,8,1.0,1.0,1.0,17,True,1.0,ad e3 21 e3 21 c0 ad c0 ad e3 21 e3 21 c0 ad c0,32,1.0,1.0,,0,0.0,0.00015,0.00035,2.244867480688364,2.499092480688364,0.00075,0.95915,0.95945,01 c5 01 c5 01 c5 01 c5 01 c5 01 c5 01 c5 01 c5,0.0,0.0071,0.806,0.606,0.796,0.688,True,0.612,0.0,stack,2.0,1.0,01 c5 01 c5 01 c5 01 c5 01 c5 01 c5 01 c5 01 c5,01 c5 01 c5 01 c5 01 c5 01 c5 01 c5 01 c5 01 c5,0.0,0.806,0.606,0.688,True
ld-mem,ld-mem,nominal,16,128,6,108,,300000,300000,False,1850,35500,2500,36500,01 c5 01 c5 01 c5 01 c5 01 c5 01 c5 01 c5 01 c5,stack,0.53615,0.92785,2.6313240856021496,2.332497261772894,ad e3 21 e3 21 c0 ad c0 ad e3 21 e3 21 c0 ad c0,62.39,ld-mem_L16_st128_k6_s108.summary.json,1650,1650,ad e3 21 e3 21 c0 ad c0 ad e3 21 e3 21 c0 ad c0,0,0.5362,1.0,1.0,1.0,1.0,True,True,0.0,0.81,stack,8,1.0,1.0,1.0,16,True,1.0,ad e3 21 e3 21 c0 ad c0 ad e3 21 e3 21 c0 ad c0,32,1.0,1.0,1.0,6,0.0,5e-05,0.00035,2.332497261772894,2.577672261772894,0.00076875,0.92785,0.92805,01 c5 01 c5 01 c5 01 c5 01 c5 01 c5 01 c5 01 c5,0.0,0.0067,0.806,0.606,0.796,0.688,True,0.612,0.0,stack,2.0,1.0,01 c5 01 c5 01 c5 01 c5 01 c5 01 c5 01 c5 01 c5,01 c5 01 c5 01 c5 01 c5 01 c5 01 c5 01 c5 01 c5,0.0,0.806,0.606,0.688,True
ld-mem,ld-mem,nominal,16,128,6,109,,300000,300000,False,2000,2950,2650,-1,01 c5 01 c5 01 c5 01 c5 01 c5 01 c5 01 c5 01 c5,stack,0.0057,0.01045,10.372651152663325,6.2417206851758325,11 10 f6 c3 6b 01 f0 cd eb ea f3 ed b0 4a 00 71,71.54,ld-mem_L16_st128_k6_s109.summary.json,1900,1900,11 10 f6 c3 6b 01 f0 cd eb ea f3 ed b0 4a 00 71,0,0.0057,1.0,1.0,1.0,1.0,True,True,0.0,0.816,block-copy+stack,16,0.0,1.0,1.0,64,True,1.0,11 10 f6 c3 6b 01 f0 cd eb ea f3 ed b0 4a 00 71,32,1.0,1.0,1.0,32,0.98915,0.0093,0.001,6.2417206851758325,6.967245685175833,0.016553125,0.01045,0.01045,01 c5 01 c5 01 c5 01 c5 01 c5 01 c5 01 c5 01 c5,0.0,0.0069,0.806,0.606,0.796,0.688,True,0.612,0.0,stack,2.0,1.0,01 c5 01 c5 01 c5 01 c5 01 c5 01 c5 01 c5 01 c5,01 c5 01 c5 01 c5 01 c5 01 c5 01 c5 01 c5 01 c5,0.0,0.806,0.606,0.688,True
ld-mem,ld-mem,nominal,16,128,6,110,,300000,300000,False,3800,30000,4400,30500,01 c5 01 c5 01 c5 01 c5 01 c5 01 c5 01 c5 01 c5,stack,0.7973,0.979,1.7561594057355232,2.1635568689541853,ad e3 21 e3 21 c0 ad c0 ad e3 21 e3 21 c0 ad c0,60.75,ld-mem_L16_st128_k6_s110.summary.json,3700,3700,ad e3 21 e3 21 c0 ad c0 ad e3 21 e3 21 c0 ad c0,0,0.7973,1.0,1.0,1.0,1.0,True,True,0.0,0.81,stack,8,1.0,1.0,1.0,10,True,1.0,ad e3 21 e3 21 c0 ad c0 ad e3 21 e3 21 c0 ad c0,32,0.9375,0.9375,0.0,1,0.0,0.0,0.0001,2.1635568689541853,2.3444068689541853,0.0006625,0.979,0.9796,01 c5 01 c5 01 c5 01 c5 01 c5 01 c5 01 c5 01 c5,0.0,0.0068,0.806,0.606,0.796,0.688,True,0.612,0.0,stack,2.0,1.0,01 c5 01 c5 01 c5 01 c5 01 c5 01 c5 01 c5 01 c5,01 c5 01 c5 01 c5 01 c5 01 c5 01 c5 01 c5 01 c5,0.0,0.806,0.606,0.688,True
ld-mem,ld-mem,nominal,16,512,2,101,,300000,300000,False,550,1100,950,-1,01 c5 01 c5 01 c5 01 c5 01 c5 01 c5 01 c5 01 c5,stack,0.15235,0.21265,10.183442103820209,2.142965378114257,21 e5 21 e5 21 e5 21 e5 21 e5 21 e5 21 e5 21 e5,268.44,ld-mem_L16_st512_k2_s101.summary.json,300,300,21 e5 21 e5 21 e5 21 e5 21 e5 21 e5 21 e5 21 e5,0,0.1524,0.781,0.565,0.789,0.688,True,True,0.0,0.575,stack,2,1.0,0.778,0.641,49,True,0.641,21 e5 21 e5 21 e5 21 e5 21 e5 21 e5 21 e5 21 e5,32,0.375,0.34375,0.375,32,5e-05,0.4888,0.1064,2.142965378114257,4.441565378114257,0.10975625,0.21265,0.21325,01 c5 01 c5 01 c5 01 c5 01 c5 01 c5 01 c5 01 c5,0.0,0.0068,0.797,0.552,0.795,0.688,True,0.532,0.0,stack,2.0,1.0,01 c5 01 c5 01 c5 01 c5 01 c5 01 c5 01 c5 01 c5,01 c5 01 c5 01 c5 01 c5 01 c5 01 c5 01 c5 01 c5,0.0,0.797,0.552,0.688,True
ld-mem,ld-mem,nominal,16,512,2,102,,300000,300000,False,350,950,700,-1,01 c5 01 c5 01 c5 01 c5 01 c5 01 c5 01 c5 01 c5,stack,0.1708,0.2327,10.063813378438695,2.111810814581203,01 c5 01 c5 01 c5 01 c5 01 c5 01 c5 01 c5 01 c5,270.76,ld-mem_L16_st512_k2_s102.summary.json,150,150,21 e5 21 e5 21 e5 21 e5 21 e5 21 e5 21 e5 21 e5,1,0.1282,0.781,0.565,0.789,0.688,True,True,0.0,0.575,stack,2,1.0,0.801,0.588,47,True,0.615,01 c5 01 c5 01 c5 01 c5 01 c5 01 c5 01 c5 01 c5,32,0.53125,0.5,0.53125,32,5e-05,0.4978,0.10705,2.111810814581203,4.350585814581203,0.10799375,0.2327,0.23415,01 c5 01 c5 01 c5 01 c5 01 c5 01 c5 01 c5 01 c5,0.0,0.0053,0.797,0.552,0.795,0.688,True,0.532,0.0,stack,2.0,1.0,01 c5 01 c5 01 c5 01 c5 01 c5 01 c5 01 c5 01 c5,01 c5 01 c5 01 c5 01 c5 01 c5 01 c5 01 c5 01 c5,0.0,0.797,0.552,0.688,True
ld-mem,ld-mem,nominal,16,512,2,103,,300000,300000,False,450,850,700,-1,01 c5 01 c5 01 c5 01 c5 01 c5 01 c5 01 c5 01 c5,stack,0.15425,0.2104,10.286577655688681,2.1271404736364397,01 c5 01 c5 01 c5 01 c5 01 c5 01 c5 01 c5 01 c5,268.34,ld-mem_L16_st512_k2_s103.summary.json,350,350,21 e5 21 e5 21 e5 21 e5 21 e5 21 e5 21 e5 21 e5,1,0.1341,0.781,0.565,0.789,0.688,True,True,0.0,0.575,stack,2,1.0,0.719,0.594,55,True,0.594,21 e5 21 e5 21 e5 21 e5 21 e5 21 e5 21 e5 21 e5,32,0.375,0.34375,0.375,32,0.0,0.48025,0.1081,2.1271404736364397,4.5073404736364395,0.10931875,0.2104,0.2117,01 c5 01 c5 01 c5 01 c5 01 c5 01 c5 01 c5 01 c5,0.0,0.0089,0.797,0.552,0.795,0.688,True,0.532,0.0,stack,2.0,1.0,01 c5 01 c5 01 c5 01 c5 01 c5 01 c5 01 c5 01 c5,01 c5 01 c5 01 c5 01 c5 01 c5 01 c5 01 c5 01 c5,0.0,0.797,0.552,0.688,True
ld-mem,ld-mem,nominal,16,512,2,104,,300000,300000,False,600,1100,900,-1,01 c5 01 c5 01 c5 01 c5 01 c5 01 c5 01 c5 01 c5,stack,0.16915,0.23175,10.345605502799424,2.094750536642629,01 c5 01 c5 01 c5 01 c5 01 c5 01 c5 01 c5 01 c5,269.66,ld-mem_L16_st512_k2_s104.summary.json,400,400,21 e5 21 e5 21 e5 21 e5 21 e5 21 e5 21 e5 21 e5,1,0.114,0.781,0.565,0.789,0.688,True,True,0.0,0.575,stack,2,1.0,0.812,0.595,53,True,0.639,01 c5 01 c5 01 c5 01 c5 01 c5 01 c5 01 c5 01 c5,32,0.3125,0.25,0.375,32,5e-05,0.4783,0.10675,2.094750536642629,4.452075536642629,0.110378125,0.23175,0.23355,01 c5 01 c5 01 c5 01 c5 01 c5 01 c5 01 c5 01 c5,0.0,0.0062,0.797,0.552,0.795,0.688,True,0.532,0.0,stack,2.0,1.0,01 c5 01 c5 01 c5 01 c5 01 c5 01 c5 01 c5 01 c5,01 c5 01 c5 01 c5 01 c5 01 c5 01 c5 01 c5 01 c5,0.0,0.797,0.552,0.688,True
ld-mem,ld-mem,nominal,16,512,2,105,,300000,300000,False,350,1050,850,-1,11 d5 11 d5 11 d5 11 d5 11 d5 11 d5 11 d5 11 d5,stack,0.1474,0.20525,10.207590482590266,2.0893943588721626,21 e5 21 e5 21 e5 21 e5 21 e5 21 e5 21 e5 21 e5,269.87,ld-mem_L16_st512_k2_s105.summary.json,200,200,21 e5 21 e5 21 e5 21 e5 21 e5 21 e5 21 e5 21 e5,0,0.1474,0.781,0.565,0.789,0.688,True,True,0.0,0.575,stack,2,1.0,0.636,0.526,50,True,0.552,01 c5 01 c5 01 c5 01 c5 01 c5 01 c5 01 c5 01 c5,32,0.46875,0.4375,0.40625,32,0.0,0.485,0.11265,2.089394358872162,4.3889943588721625,0.113928125,0.20525,0.20575,11 d5 11 d5 11 d5 11 d5 11 d5 11 d5 11 d5 11 d5,0.0,0.0092,0.74,0.465,0.725,0.641,True,0.558,0.0,stack,2.0,1.0,11 d5 11 d5 11 d5 11 d5 11 d5 11 d5 11 d5 11 d5,01 c5 01 c5 01 c5 01 c5 01 c5 01 c5 01 c5 01 c5,0.0,0.797,0.552,0.688,True
ld-mem,ld-mem,nominal,16,512,2,106,,300000,300000,False,650,1250,1150,-1,01 c5 01 c5 01 c5 01 c5 01 c5 01 c5 01 c5 01 c5,stack,0.17425,0.2367,10.137475320530816,2.0706193154003683,01 c5 01 c5 01 c5 01 c5 01 c5 01 c5 01 c5 01 c5,269.53,ld-mem_L16_st512_k2_s106.summary.json,350,350,21 e5 21 e5 21 e5 21 e5 21 e5 21 e5 21 e5 21 e5,1,0.1216,0.781,0.565,0.789,0.688,True,True,0.0,0.575,stack,2,1.0,0.862,0.718,53,True,0.718,21 e5 21 e5 21 e5 21 e5 21 e5 21 e5 21 e5 21 e5,32,0.40625,0.40625,0.5,32,5e-05,0.489,0.1095,2.0706193154003683,4.3847443154003685,0.111234375,0.2367,0.2383,01 c5 01 c5 01 c5 01 c5 01 c5 01 c5 01 c5 01 c5,0.0,0.0052,0.797,0.552,0.795,0.688,True,0.532,0.0,stack,2.0,1.0,01 c5 01 c5 01 c5 01 c5 01 c5 01 c5 01 c5 01 c5,01 c5 01 c5 01 c5 01 c5 01 c5 01 c5 01 c5 01 c5,0.0,0.797,0.552,0.688,True
ld-mem,ld-mem,nominal,16,512,2,107,,300000,300000,False,300,800,650,-1,01 c5 01 c5 01 c5 01 c5 01 c5 01 c5 01 c5 01 c5,stack,0.15135,0.2061,10.129563816737246,2.1203901187712972,01 c5 01 c5 01 c5 01 c5 01 c5 01 c5 01 c5 01 c5,269.28,ld-mem_L16_st512_k2_s107.summary.json,200,200,21 e5 21 e5 21 e5 21 e5 21 e5 21 e5 21 e5 21 e5,1,0.1481,0.781,0.565,0.789,0.688,True,True,0.0,0.575,stack,2,1.0,0.814,0.589,48,True,0.652,01 c5 01 c5 01 c5 01 c5 01 c5 01 c5 01 c5 01 c5,32,0.5,0.5,0.5,32,0.0,0.50255,0.1102,2.1203901187712972,4.372640118771297,0.11005,0.2061,0.2075,01 c5 01 c5 01 c5 01 c5 01 c5 01 c5 01 c5 01 c5,0.0,0.0089,0.797,0.552,0.795,0.688,True,0.532,0.0,stack,2.0,1.0,01 c5 01 c5 01 c5 01 c5 01 c5 01 c5 01 c5 01 c5,01 c5 01 c5 01 c5 01 c5 01 c5 01 c5 01 c5 01 c5,0.0,0.797,0.552,0.688,True
ld-mem,ld-mem,nominal,16,512,2,108,,300000,300000,False,450,850,700,-1,01 c5 01 c5 01 c5 01 c5 01 c5 01 c5 01 c5 01 c5,stack,0.16495,0.225,9.994532831244936,2.1483821021790406,01 c5 01 c5 01 c5 01 c5 01 c5 01 c5 01 c5 01 c5,268.07,ld-mem_L16_st512_k2_s108.summary.json,300,300,21 e5 21 e5 21 e5 21 e5 21 e5 21 e5 21 e5 21 e5,1,0.1398,0.781,0.565,0.789,0.688,True,True,0.0,0.575,stack,2,1.0,0.75,0.626,51,True,0.626,21 e5 21 e5 21 e5 21 e5 21 e5 21 e5 21 e5 21 e5,32,0.34375,0.28125,0.40625,32,0.0001,0.5137,0.1039,2.148382102179041,4.3048571021790405,0.105359375,0.225,0.22695,01 c5 01 c5 01 c5 01 c5 01 c5 01 c5 01 c5 01 c5,0.0,0.0081,0.797,0.552,0.795,0.688,True,0.532,0.0,stack,2.0,1.0,01 c5 01 c5 01 c5 01 c5 01 c5 01 c5 01 c5 01 c5,01 c5 01 c5 01 c5 01 c5 01 c5 01 c5 01 c5 01 c5,0.0,0.797,0.552,0.688,True
ld-mem,ld-mem,nominal,16,512,2,109,,300000,300000,False,350,800,700,-1,01 c5 01 c5 01 c5 01 c5 01 c5 01 c5 01 c5 01 c5,stack,0.15705,0.215,10.143533282468152,2.1102303480253104,01 c5 01 c5 01 c5 01 c5 01 c5 01 c5 01 c5 01 c5,268.41,ld-mem_L16_st512_k2_s109.summary.json,200,200,21 e5 21 e5 21 e5 21 e5 21 e5 21 e5 21 e5 21 e5,1,0.1363,0.781,0.565,0.789,0.688,True,True,0.0,0.575,stack,2,1.0,0.727,0.524,54,True,0.524,21 e5 21 e5 21 e5 21 e5 21 e5 21 e5 21 e5 21 e5,32,0.375,0.375,0.375,32,0.0,0.49555,0.10985,2.1102303480253104,4.35565534802531,0.1106375,0.215,0.2163,01 c5 01 c5 01 c5 01 c5 01 c5 01 c5 01 c5 01 c5,0.0,0.008,0.797,0.552,0.795,0.688,True,0.532,0.0,stack,2.0,1.0,01 c5 01 c5 01 c5 01 c5 01 c5 01 c5 01 c5 01 c5,01 c5 01 c5 01 c5 01 c5 01 c5 01 c5 01 c5 01 c5,0.0,0.797,0.552,0.688,True
ld-mem,ld-mem,nominal,16,512,2,110,,300000,300000,False,400,750,650,-1,01 c5 01 c5 01 c5 01 c5 01 c5 01 c5 01 c5 01 c5,stack,0.15665,0.21145,10.26802396874119,2.1030661666004153,01 c5 01 c5 01 c5 01 c5 01 c5 01 c5 01 c5 01 c5,268.87,ld-mem_L16_st512_k2_s110.summary.json,200,200,21 e5 21 e5 21 e5 21 e5 21 e5 21 e5 21 e5 21 e5,1,0.1278,0.781,0.565,0.789,0.688,True,True,0.0,0.575,stack,2,1.0,0.84,0.52,52,True,0.635,01 c5 01 c5 01 c5 01 c5 01 c5 01 c5 01 c5 01 c5,32,0.40625,0.375,0.4375,32,0.0,0.4681,0.11225,2.1030661666004153,4.444891166600415,0.1131125,0.21145,0.21325,01 c5 01 c5 01 c5 01 c5 01 c5 01 c5 01 c5 01 c5,0.0,0.0063,0.797,0.552,0.795,0.688,True,0.532,0.0,stack,2.0,1.0,01 c5 01 c5 01 c5 01 c5 01 c5 01 c5 01 c5 01 c5,01 c5 01 c5 01 c5 01 c5 01 c5 01 c5 01 c5 01 c5,0.0,0.797,0.552,0.688,True
ld-mem,ld-mem,nominal,16,512,4,101,,300000,300000,False,550,1300,1200,-1,01 c5 01 c5 01 c5 01 c5 01 c5 01 c5 01 c5 01 c5,stack,0.12665,0.2844,8.318292990478636,2.443067816317709,21 e3 21 e3 21 e3 21 e3 21 e3 21 e3 21 e3 21 e3,187.59,ld-mem_L16_st512_k4_s101.summary.json,400,400,22 e3 21 e3 21 c0 22 c0 22 e3 21 e3 21 c0 22 c0,1,0.0263,1.0,1.0,1.0,1.0,True,True,0.0,0.696,stack,8,1.0,1.0,1.0,26,True,1.0,22 e3 21 e3 21 c0 22 c0 22 e3 21 e3 21 c0 22 c0,32,0.5625,0.5625,0.875,32,0.0,0.00195,0.0048,2.443067816317709,3.393367816317709,0.00879375,0.2844,0.2844,01 c5 01 c5 01 c5 01 c5 01 c5 01 c5 01 c5 01 c5,0.0,0.0084,0.797,0.552,0.795,0.688,True,0.532,0.0,stack,2.0,1.0,01 c5 01 c5 01 c5 01 c5 01 c5 01 c5 01 c5 01 c5,01 c5 01 c5 01 c5 01 c5 01 c5 01 c5 01 c5 01 c5,0.0,0.797,0.552,0.688,True
ld-mem,ld-mem,nominal,16,512,4,102,,300000,300000,False,250,750,600,195000,21 e5 21 e5 21 e5 21 e5 21 e5 21 e5 21 e5 21 e5,stack,0.77865,0.89735,2.8463901425956726,1.803235376188387,b5 e3 21 e3 21 e8 b5 e8 b5 e3 21 e3 21 e8 b5 e8,177.69,ld-mem_L16_st512_k4_s102.summary.json,150,150,b5 e3 21 e3 21 e8 b5 e8 b5 e3 21 e3 21 e8 b5 e8,0,0.7786,1.0,1.0,1.0,1.0,True,True,0.0,0.723,stack,8,1.0,1.0,1.0,19,True,1.0,b5 e3 21 e3 21 e8 b5 e8 b5 e3 21 e3 21 e8 b5 e8,32,0.84375,0.84375,0.0,3,0.0,0.0004,0.00195,1.803235376188387,2.287635376188387,0.00594375,0.89735,0.9018,21 e5 21 e5 21 e5 21 e5 21 e5 21 e5 21 e5 21 e5,0.0,0.0076,0.781,0.565,0.789,0.688,True,0.575,0.0,stack,2.0,1.0,21 e5 21 e5 21 e5 21 e5 21 e5 21 e5 21 e5 21 e5,21 e5 21 e5 21 e5 21 e5 21 e5 21 e5 21 e5 21 e5,0.0,0.781,0.565,0.688,True
ld-mem,ld-mem,nominal,16,512,4,103,,300000,300000,False,550,1050,950,21000,01 c5 01 c5 01 c5 01 c5 01 c5 01 c5 01 c5 01 c5,stack,0.38965,0.43735,6.173173591018293,2.539649733442153,c8 e3 21 e3 21 81 c8 81 c8 e3 21 e3 21 81 c8 81,190.14,ld-mem_L16_st512_k4_s103.summary.json,400,400,c8 e3 21 e3 21 81 c8 81 c8 e3 21 e3 21 81 c8 81,0,0.3896,1.0,1.0,1.0,1.0,True,True,0.0,0.7,stack,8,1.0,1.0,1.0,33,True,1.0,c8 e3 21 e3 21 81 c8 81 c8 e3 21 e3 21 81 c8 81,32,0.6875,0.6875,0.75,32,0.0,0.0004,0.0074,2.539649733442153,3.301499733442153,0.01383125,0.43735,0.43825,01 c5 01 c5 01 c5 01 c5 01 c5 01 c5 01 c5 01 c5,0.0,0.0059,0.797,0.552,0.795,0.688,True,0.532,0.0,stack,2.0,1.0,01 c5 01 c5 01 c5 01 c5 01 c5 01 c5 01 c5 01 c5,01 c5 01 c5 01 c5 01 c5 01 c5 01 c5 01 c5 01 c5,0.0,0.797,0.552,0.688,True
ld-mem,ld-mem,nominal,16,512,4,104,,300000,300000,False,300,1200,1050,115500,01 c5 01 c5 01 c5 01 c5 01 c5 01 c5 01 c5 01 c5,stack,0.49065,0.543,5.451288996441224,2.410919872652898,c8 e3 21 e3 21 81 c8 81 c8 e3 21 e3 21 81 c8 81,189.51,ld-mem_L16_st512_k4_s104.summary.json,200,200,c8 e3 21 e3 21 81 c8 81 c8 e3 21 e3 21 81 c8 81,0,0.4906,1.0,1.0,1.0,1.0,True,True,0.0,0.7,stack,8,1.0,1.0,1.0,26,True,1.0,c8 e3 21 e3 21 81 c8 81 c8 e3 21 e3 21 81 c8 81,32,0.6875,0.6875,0.6875,32,0.0,0.0005,0.0084,2.410919872652898,3.1334448726528983,0.014134375,0.543,0.5442,01 c5 01 c5 01 c5 01 c5 01 c5 01 c5 01 c5 01 c5,0.0,0.0083,0.797,0.552,0.795,0.688,True,0.532,0.0,stack,2.0,1.0,01 c5 01 c5 01 c5 01 c5 01 c5 01 c5 01 c5 01 c5,21 e5 21 e5 21 e5 21 e5 21 e5 21 e5 21 e5 21 e5,1.0,0.781,0.565,0.688,True
ld-mem,ld-mem,nominal,16,512,4,105,,300000,300000,False,200,4550,1200,-1,11 d5 11 d5 11 d5 11 d5 11 d5 11 d5 11 d5 11 d5,stack,0.1401,0.31845,8.354535671704495,2.339959608571071,21 e3 21 e3 21 e3 21 e3 21 e3 21 e3 21 e3 21 e3,191.26,ld-mem_L16_st512_k4_s105.summary.json,100,100,6d e3 21 e3 21 c0 6d c0 6d e3 21 e3 21 c0 6d c0,1,0.0307,1.0,1.0,1.0,1.0,True,True,0.0,0.67,stack,8,1.0,1.0,1.0,28,True,1.0,6d e3 21 e3 21 c0 6d c0 6d e3 21 e3 21 c0 6d c0,32,0.5625,0.5625,0.875,32,0.0,0.0011,0.00395,2.339959608571071,3.316809608571071,0.00760625,0.31845,0.3188,11 d5 11 d5 11 d5 11 d5 11 d5 11 d5 11 d5 11 d5,0.0,0.0092,0.74,0.465,0.725,0.641,True,0.558,0.0,stack,2.0,1.0,11 d5 11 d5 11 d5 11 d5 11 d5 11 d5 11 d5 11 d5,01 c5 01 c5 01 c5 01 c5 01 c5 01 c5 01 c5 01 c5,0.0,0.797,0.552,0.688,True
ld-mem,ld-mem,nominal,16,512,4,106,,300000,300000,False,400,900,850,69500,01 c5 01 c5 01 c5 01 c5 01 c5 01 c5 01 c5 01 c5,stack,0.3223,0.35665,6.588638377094609,2.5940532701601695,c8 e3 21 e3 21 81 c8 81 c8 e3 21 e3 21 81 c8 81,196.1,ld-mem_L16_st512_k4_s106.summary.json,300,300,c8 e3 21 e3 21 81 c8 81 c8 e3 21 e3 21 81 c8 81,0,0.3223,1.0,1.0,1.0,1.0,True,True,0.0,0.7,stack,8,1.0,1.0,1.0,41,True,1.0,c8 e3 21 e3 21 81 c8 81 c8 e3 21 e3 21 81 c8 81,32,0.65625,0.65625,0.65625,32,0.0,0.0002,0.00875,2.5940532701601695,3.37785327016017,0.0176125,0.35665,0.3576,01 c5 01 c5 01 c5 01 c5 01 c5 01 c5 01 c5 01 c5,0.0,0.0077,0.797,0.552,0.795,0.688,True,0.532,0.0,stack,2.0,1.0,01 c5 01 c5 01 c5 01 c5 01 c5 01 c5 01 c5 01 c5,21 e5 21 e5 21 e5 21 e5 21 e5 21 e5 21 e5 21 e5,2.0,0.781,0.565,0.688,True
ld-mem,ld-mem,nominal,16,512,4,107,,300000,300000,False,200,650,550,47500,01 c5 01 c5 01 c5 01 c5 01 c5 01 c5 01 c5 01 c5,stack,0.78135,0.89545,2.8239341596077727,1.7998071643091593,b5 e3 21 e3 21 e8 b5 e8 b5 e3 21 e3 21 e8 b5 e8,167.9,ld-mem_L16_st512_k4_s107.summary.json,100,100,b5 e3 21 e3 21 e8 b5 e8 b5 e3 21 e3 21 e8 b5 e8,0,0.7813,1.0,1.0,1.0,1.0,True,True,0.0,0.723,stack,8,1.0,1.0,1.0,18,True,1.0,b5 e3 21 e3 21 e8 b5 e8 b5 e3 21 e3 21 e8 b5 e8,32,0.78125,0.78125,0.0,4,0.0,0.0001,0.00235,1.799807164309159,2.2823821643091593,0.00623125,0.89545,0.89985,01 c5 01 c5 01 c5 01 c5 01 c5 01 c5 01 c5 01 c5,0.0,0.0086,0.797,0.552,0.795,0.688,True,0.532,0.0,stack,2.0,1.0,01 c5 01 c5 01 c5 01 c5 01 c5 01 c5 01 c5 01 c5,21 e5 21 e5 21 e5 21 e5 21 e5 21 e5 21 e5 21 e5,1.0,0.781,0.565,0.688,True
ld-mem,ld-mem,nominal,16,512,4,108,,300000,300000,False,250,600,450,47500,01 c5 01 c5 01 c5 01 c5 01 c5 01 c5 01 c5 01 c5,stack,0.3237,0.3672,6.525429612121979,2.5280248230116165,c8 e3 21 e3 21 81 c8 81 c8 e3 21 e3 21 81 c8 81,192.21,ld-mem_L16_st512_k4_s108.summary.json,150,150,c8 e3 21 e3 21 81 c8 81 c8 e3 21 e3 21 81 c8 81,0,0.3237,1.0,1.0,1.0,1.0,True,True,0.0,0.7,stack,8,1.0,1.0,1.0,39,True,1.0,c8 e3 21 e3 21 81 c8 81 c8 e3 21 e3 21 81 c8 81,32,0.65625,0.65625,0.71875,32,0.0,0.00015,0.0069,2.5280248230116165,3.3394748230116167,0.015884375,0.3672,0.36775,11 d5 11 d5 11 d5 11 d5 11 d5 11 d5 11 d5 11 d5,0.0,0.0097,0.74,0.465,0.725,0.641,True,0.558,0.0,stack,2.0,1.0,11 d5 11 d5 11 d5 11 d5 11 d5 11 d5 11 d5 11 d5,01 c5 01 c5 01 c5 01 c5 01 c5 01 c5 01 c5 01 c5,0.0,0.797,0.552,0.688,True
ld-mem,ld-mem,nominal,16,512,4,109,,300000,300000,False,1850,2200,2100,-1,01 c5 01 c5 01 c5 01 c5 01 c5 01 c5 01 c5 01 c5,stack,0.1231,0.27785,8.139568943945768,2.422911618102564,21 e3 21 e3 21 e3 21 e3 21 e3 21 e3 21 e3 21 e3,186.87,ld-mem_L16_st512_k4_s109.summary.json,1750,1750,7e e3 21 e3 21 c0 7e c0 7e e3 21 e3 21 c0 7e c0,1,0.0364,1.0,1.0,1.0,1.0,True,True,0.0,0.679,stack,8,1.0,1.0,1.0,30,True,1.0,7e e3 21 e3 21 c0 7e c0 7e e3 21 e3 21 c0 7e c0,32,0.53125,0.53125,0.84375,32,0.0,0.00045,0.0034,2.422911618102564,3.347386618102564,0.009678125,0.27785,0.2779,01 c5 01 c5 01 c5 01 c5 01 c5 01 c5 01 c5 01 c5,0.0,0.0055,0.797,0.552,0.795,0.688,True,0.532,0.0,stack,2.0,1.0,01 c5 01 c5 01 c5 01 c5 01 c5 01 c5 01 c5 01 c5,21 e5 21 e5 21 e5 21 e5 21 e5 21 e5 21 e5 21 e5,1.0,0.781,0.565,0.688,True
ld-mem,ld-mem,nominal,16,512,4,110,,300000,300000,False,700,1000,900,19000,01 c5 01 c5 01 c5 01 c5 01 c5 01 c5 01 c5 01 c5,stack,0.27115,0.3086,6.922001076946092,2.6046982862292047,c8 e3 21 e3 21 81 c8 81 c8 e3 21 e3 21 81 c8 81,189.06,ld-mem_L16_st512_k4_s110.summary.json,650,650,c8 e3 21 e3 21 81 c8 81 c8 e3 21 e3 21 81 c8 81,0,0.2712,1.0,1.0,1.0,1.0,True,True,0.0,0.7,stack,8,1.0,1.0,1.0,39,True,1.0,c8 e3 21 e3 21 81 c8 81 c8 e3 21 e3 21 81 c8 81,32,0.71875,0.71875,0.78125,32,0.0,0.00105,0.00705,2.6046982862292047,3.430073286229205,0.0140625,0.3086,0.3089,01 c5 01 c5 01 c5 01 c5 01 c5 01 c5 01 c5 01 c5,0.0,0.0149,0.797,0.552,0.795,0.688,True,0.532,0.0,stack,2.0,1.0,01 c5 01 c5 01 c5 01 c5 01 c5 01 c5 01 c5 01 c5,01 c5 01 c5 01 c5 01 c5 01 c5 01 c5 01 c5 01 c5,0.0,0.797,0.552,0.688,True
ld-mem,ld-mem,nominal,16,512,6,101,,300000,300000,False,250,650,450,103000,01 c5 01 c5 01 c5 01 c5 01 c5 01 c5 01 c5 01 c5,stack,0.1995,0.39295,5.134733990702511,2.931329370720797,e8 e3 21 e3 21 a1 e8 a1 e8 e3 21 e3 21 a1 e8 a1,188.23,ld-mem_L16_st512_k6_s101.summary.json,150,150,e8 e3 21 e3 21 a1 e8 a1 e8 e3 21 e3 21 a1 e8 a1,0,0.1995,1.0,1.0,1.0,1.0,True,True,0.0,0.649,stack,8,1.0,1.0,1.0,38,True,1.0,e8 e3 21 e3 21 a1 e8 a1 e8 e3 21 e3 21 a1 e8 a1,32,0.90625,0.90625,0.9375,32,0.0,0.0001,0.00125,2.931329370720797,3.350479370720797,0.002534375,0.39295,0.393,01 c5 01 c5 01 c5 01 c5 01 c5 01 c5 01 c5 01 c5,0.0,0.0076,0.797,0.552,0.795,0.688,True,0.532,0.0,stack,2.0,1.0,01 c5 01 c5 01 c5 01 c5 01 c5 01 c5 01 c5 01 c5,01 c5 01 c5 01 c5 01 c5 01 c5 01 c5 01 c5 01 c5,0.0,0.797,0.552,0.688,True
ld-mem,ld-mem,nominal,16,512,6,102,,300000,300000,False,200,500,400,-1,21 e5 21 e5 21 e5 21 e5 21 e5 21 e5 21 e5 21 e5,stack,0.008,0.01795,10.30281556330177,6.135071319515827,2e 30 eb 6c 9c ee 51 f6 d2 fa 6d 36 26 ed b0 0c,171.64,ld-mem_L16_st512_k6_s102.summary.json,100,100,2e 30 eb 6c 9c ee 51 f6 d2 fa 6d 36 26 ed b0 0c,0,0.008,1.0,1.0,1.0,1.0,True,True,0.0,0.811,-,16,0.0,1.0,1.0,64,True,1.0,2e 30 eb 6c 9c ee 51 f6 d2 fa 6d 36 26 ed b0 0c,32,1.0,1.0,1.0,32,0.98745,0.0181,0.0009,6.135071319515827,6.851321319515828,0.012,0.01795,0.01795,21 e5 21 e5 21 e5 21 e5 21 e5 21 e5 21 e5 21 e5,2.0,0.0054,0.781,0.565,0.789,0.688,True,0.575,0.0,stack,2.0,1.0,21 e5 21 e5 21 e5 21 e5 21 e5 21 e5 21 e5 21 e5,21 e5 21 e5 21 e5 21 e5 21 e5 21 e5 21 e5 21 e5,0.0,0.781,0.565,0.688,True
ld-mem,ld-mem,nominal,16,512,6,103,,300000,300000,False,11000,11000,11000,48500,01 c5 01 c5 01 c5 01 c5 01 c5 01 c5 01 c5 01 c5,stack,0.4661,0.4793,4.170707425677737,2.7454764961364413,c8 e3 21 e3 21 81 c8 81 c8 e3 21 e3 21 81 c8 81,176.16,ld-mem_L16_st512_k6_s103.summary.json,11000,11000,c8 e3 21 e3 21 81 c8 81 c8 e3 21 e3 21 81 c8 81,0,0.4661,1.0,1.0,1.0,1.0,True,True,0.0,0.7,stack,8,1.0,1.0,1.0,32,True,1.0,c8 e3 21 e3 21 81 c8 81 c8 e3 21 e3 21 81 c8 81,32,0.875,0.875,0.875,32,0.0,0.00015,0.00175,2.7454764961364413,3.1166764961364413,0.003096875,0.4793,0.47975,01 c5 01 c5 01 c5 01 c5 01 c5 01 c5 01 c5 01 c5,0.0,0.1518,0.797,0.552,0.795,0.688,True,0.532,0.0,stack,2.0,1.0,01 c5 01 c5 01 c5 01 c5 01 c5 01 c5 01 c5 01 c5,01 c5 01 c5 01 c5 01 c5 01 c5 01 c5 01 c5 01 c5,0.0,0.797,0.552,0.688,True
ld-mem,ld-mem,nominal,16,512,6,104,,300000,300000,False,-1,-1,1100,-1,,,0.00655,0.0133,10.33512553194921,6.311530603538597,1e 90 d2 ea 92 d8 6b d3 57 58 ed b0 27 7d f4 e7,172.31,ld-mem_L16_st512_k6_s104.summary.json,400,400,1e 90 d2 ea 92 d8 6b d3 57 58 ed b0 27 7d f4 e7,0,0.0066,1.0,1.0,1.0,1.0,True,True,0.0,0.673,block-copy+stack,16,0.0,1.0,1.0,63,True,1.0,1e 90 d2 ea 92 d8 6b d3 57 58 ed b0 27 7d f4 e7,32,0.96875,0.96875,0.96875,32,0.9869,0.0025,0.00125,6.311530603538597,7.040980603538597,0.018671875,0.0133,0.0133,1e 50 ed 50 ed 50 ed 50 ed 50 ed b0 75 0b 00 86,0.0,0.005,1.0,1.0,1.0,1.0,True,0.569,0.0,block-copy,16.0,0.571,1e 50 ed 50 ed 50 ed 50 ed 50 ed b0 75 0b 00 86,1e 50 ed 50 ed 50 ed 50 ed 1f ed b0 75 0b 00 06,0.0,1.0,1.0,1.0,True
ld-mem,ld-mem,nominal,16,512,6,105,,300000,300000,False,150,450,400,20500,11 d5 11 d5 11 d5 11 d5 11 d5 11 d5 11 d5 11 d5,stack,0.4413,0.45895,4.541306854009473,2.845734858874243,c8 e3 21 e3 21 81 c8 81 c8 e3 21 e3 21 81 c8 81,171.62,ld-mem_L16_st512_k6_s105.summary.json,100,100,c8 e3 21 e3 21 81 c8 81 c8 e3 21 e3 21 81 c8 81,0,0.4413,1.0,1.0,1.0,1.0,True,True,0.0,0.7,stack,8,1.0,1.0,1.0,37,True,1.0,c8 e3 21 e3 21 81 c8 81 c8 e3 21 e3 21 81 c8 81,32,0.96875,0.96875,0.96875,32,0.0,5e-05,0.00135,2.845734858874243,3.230709858874243,0.003815625,0.45895,0.45925,11 d5 11 d5 11 d5 11 d5 11 d5 11 d5 11 d5 11 d5,0.0,0.0113,0.74,0.465,0.725,0.641,True,0.558,0.0,stack,2.0,1.0,11 d5 11 d5 11 d5 11 d5 11 d5 11 d5 11 d5 11 d5,01 c5 01 c5 01 c5 01 c5 01 c5 01 c5 01 c5 01 c5,0.0,0.797,0.552,0.688,True
ld-mem,ld-mem,nominal,16,512,6,106,,300000,300000,False,2050,2250,2250,284000,01 c5 01 c5 01 c5 01 c5 01 c5 01 c5 01 c5 01 c5,stack,0.1457,0.2776,6.528839833953507,2.5312986248353813,21 e3 21 e3 21 e3 21 e3 21 e3 21 e3 21 e3 21 e3,212.11,ld-mem_L16_st512_k6_s106.summary.json,1900,1900,0f e3 21 e3 21 c0 0f c0 0f e3 21 e3 21 c0 0f c0,1,0.0583,1.0,1.0,1.0,1.0,True,True,0.0,0.679,stack,8,1.0,1.0,1.0,22,True,1.0,0f e3 21 e3 21 c0 0f c0 0f e3 21 e3 21 c0 0f c0,32,0.59375,0.59375,0.9375,32,0.0,0.00015,0.00125,2.5312986248353813,3.100698624835381,0.0095625,0.2776,0.27765,01 c5 01 c5 01 c5 01 c5 01 c5 01 c5 01 c5 01 c5,0.0,0.0065,0.797,0.552,0.795,0.688,True,0.532,0.0,stack,2.0,1.0,01 c5 01 c5 01 c5 01 c5 01 c5 01 c5 01 c5 01 c5,01 c5 01 c5 01 c5 01 c5 01 c5 01 c5 01 c5 01 c5,0.0,0.797,0.552,0.688,True
ld-mem,ld-mem,nominal,16,512,6,107,,300000,300000,False,150,500,400,28000,01 c5 01 c5 01 c5 01 c5 01 c5 01 c5 01 c5 01 c5,stack,0.23125,0.23725,5.4297219069977185,2.889107367841719,e8 e3 21 e3 21 a1 e8 a1 e8 e3 21 e3 21 a1 e8 a1,179.18,ld-mem_L16_st512_k6_s107.summary.json,100,100,e8 e3 21 e3 21 a1 e8 a1 e8 e3 21 e3 21 a1 e8 a1,0,0.2313,1.0,1.0,1.0,1.0,True,True,0.0,0.649,stack,8,1.0,1.0,1.0,50,True,1.0,e8 e3 21 e3 21 a1 e8 a1 e8 e3 21 e3 21 a1 e8 a1,32,0.96875,0.96875,0.96875,32,0.0,0.0004,0.0008,2.889107367841719,3.331457367841719,0.00215625,0.23725,0.2373,01 c5 01 c5 01 c5 01 c5 01 c5 01 c5 01 c5 01 c5,0.0,0.014,0.797,0.552,0.795,0.688,True,0.532,0.0,stack,2.0,1.0,01 c5 01 c5 01 c5 01 c5 01 c5 01 c5 01 c5 01 c5,01 c5 01 c5 01 c5 01 c5 01 c5 01 c5 01 c5 01 c5,0.0,0.797,0.552,0.688,True
ld-mem,ld-mem,nominal,16,512,6,108,,300000,300000,False,300,500,450,44000,01 c5 01 c5 01 c5 01 c5 01 c5 01 c5 01 c5 01 c5,stack,0.2089,0.27535,5.713692196267271,2.9723707909235504,35 e3 21 e3 21 c9 35 c9 35 e3 21 e3 21 c9 35 c9,183.59,ld-mem_L16_st512_k6_s108.summary.json,250,250,35 e3 21 e3 21 c9 35 c9 35 e3 21 e3 21 c9 35 c9,0,0.2089,1.0,1.0,1.0,1.0,True,True,0.0,0.664,rmw+stack,8,1.0,1.0,1.0,45,True,1.0,35 e3 21 e3 21 c9 35 c9 35 e3 21 e3 21 c9 35 c9,32,0.84375,0.84375,1.0,32,0.0,5e-05,0.00165,2.9723707909235504,3.4513707909235505,0.002778125,0.27535,0.27555,01 c5 01 c5 01 c5 01 c5 01 c5 01 c5 01 c5 01 c5,0.0,0.0181,0.797,0.552,0.795,0.688,True,0.532,0.0,stack,2.0,1.0,01 c5 01 c5 01 c5 01 c5 01 c5 01 c5 01 c5 01 c5,01 c5 01 c5 01 c5 01 c5 01 c5 01 c5 01 c5 01 c5,0.0,0.797,0.552,0.688,True
ld-mem,ld-mem,nominal,16,512,6,109,,300000,300000,False,5500,5500,5500,52000,01 c5 01 c5 01 c5 01 c5 01 c5 01 c5 01 c5 01 c5,stack,0.4524,0.4656,4.007329418051406,2.738521795639412,c8 e3 21 e3 21 81 c8 81 c8 e3 21 e3 21 81 c8 81,181.73,ld-mem_L16_st512_k6_s109.summary.json,5500,5500,c8 e3 21 e3 21 81 c8 81 c8 e3 21 e3 21 81 c8 81,0,0.4524,1.0,1.0,1.0,1.0,True,True,0.0,0.7,stack,8,1.0,1.0,1.0,32,True,1.0,c8 e3 21 e3 21 81 c8 81 c8 e3 21 e3 21 81 c8 81,32,0.9375,0.9375,0.9375,32,0.0,5e-05,0.0013,2.738521795639412,3.092321795639412,0.0039,0.4656,0.46575,01 c5 01 c5 01 c5 01 c5 01 c5 01 c5 01 c5 01 c5,0.0,0.1384,0.797,0.552,0.795,0.688,True,0.532,0.0,stack,2.0,1.0,01 c5 01 c5 01 c5 01 c5 01 c5 01 c5 01 c5 01 c5,01 c5 01 c5 01 c5 01 c5 01 c5 01 c5 01 c5 01 c5,0.0,0.797,0.552,0.688,True
ld-mem,ld-mem,nominal,16,512,6,110,,300000,300000,False,150,300,300,29500,01 c5 01 c5 01 c5 01 c5 01 c5 01 c5 01 c5 01 c5,stack,0.61125,0.64895,3.1853442015912874,2.5775982871485117,c8 e3 21 e3 21 81 c8 81 c8 e3 21 e3 21 81 c8 81,170.89,ld-mem_L16_st512_k6_s110.summary.json,100,100,c8 e3 21 e3 21 81 c8 81 c8 e3 21 e3 21 81 c8 81,0,0.6112,1.0,1.0,1.0,1.0,True,True,0.0,0.7,stack,8,1.0,1.0,1.0,25,True,1.0,c8 e3 21 e3 21 81 c8 81 c8 e3 21 e3 21 81 c8 81,32,0.8125,0.8125,0.8125,32,0.0,0.0,0.0021,2.5775982871485117,2.8796982871485115,0.003940625,0.64895,0.64915,01 c5 01 c5 01 c5 01 c5 01 c5 01 c5 01 c5 01 c5,0.0,0.0091,0.797,0.552,0.795,0.688,True,0.532,0.0,stack,2.0,1.0,01 c5 01 c5 01 c5 01 c5 01 c5 01 c5 01 c5 01 c5,01 c5 01 c5 01 c5 01 c5 01 c5 01 c5 01 c5 01 c5,0.0,0.797,0.552,0.688,True
ld-reg,ld-reg,nominal,16,128,4,101,,300000,300000,False,600,1000,950,42500,01 c5 01 c5 01 c5 01 c5 01 c5 01 c5 01 c5 01 c5,stack,0.622,0.86965,4.0815930330625925,2.085370226557778,ad e3 21 e3 21 c0 ad c0 ad e3 21 e3 21 c0 ad c0,67.65,ld-reg_L16_st128_k4_s101.summary.json,500,500,ad e3 21 e3 21 c0 ad c0 ad e3 21 e3 21 c0 ad c0,0,0.622,1.0,1.0,1.0,1.0,True,True,0.0,0.74,stack,8,1.0,1.0,1.0,19,True,1.0,ad e3 21 e3 21 c0 ad c0 ad e3 21 e3 21 c0 ad c0,32,0.65625,0.65625,0.3846153846153846,13,0.0,0.0004,0.0013,2.085370226557778,2.653270226557778,0.00388125,0.86965,0.87145,01 c5 01 c5 01 c5 01 c5 01 c5 01 c5 01 c5 01 c5,0.0,0.0092,0.801,0.609,0.772,0.719,True,0.623,0.0,stack,2.0,1.0,01 c5 01 c5 01 c5 01 c5 01 c5 01 c5 01 c5 01 c5,01 c5 01 c5 01 c5 01 c5 01 c5 01 c5 01 c5 01 c5,0.0,0.801,0.609,0.719,True
ld-reg,ld-reg,nominal,16,128,4,102,,300000,300000,False,800,22000,1100,23500,21 e5 21 e5 21 e5 21 e5 21 e5 21 e5 21 e5 21 e5,stack,0.6322,0.88725,3.8385407038728347,2.0582701535491625,ad e3 21 e3 21 c0 ad c0 ad e3 21 e3 21 c0 ad c0,64.27,ld-reg_L16_st128_k4_s102.summary.json,700,700,ad e3 21 e3 21 c0 ad c0 ad e3 21 e3 21 c0 ad c0,0,0.6322,1.0,1.0,1.0,1.0,True,True,0.0,0.74,stack,8,1.0,1.0,1.0,18,True,1.0,ad e3 21 e3 21 c0 ad c0 ad e3 21 e3 21 c0 ad c0,32,0.75,0.75,0.3333333333333333,6,0.0,0.00015,0.0013,2.0582701535491625,2.5847451535491626,0.00335625,0.88725,0.8886,21 e5 21 e5 21 e5 21 e5 21 e5 21 e5 21 e5 21 e5,0.0,0.0093,0.822,0.595,0.792,0.703,True,0.624,0.0,stack,2.0,1.0,21 e5 21 e5 21 e5 21 e5 21 e5 21 e5 21 e5 21 e5,01 c5 01 c5 01 c5 01 c5 01 c5 01 c5 01 c5 01 c5,1.0,0.801,0.609,0.719,True
ld-reg,ld-reg,nominal,16,128,4,103,,300000,300000,False,200,4700,600,-1,11 d5 11 d5 11 d5 11 d5 11 d5 11 d5 11 d5 11 d5,stack,0.00195,0.0025,11.910035741300726,5.838128078572748,11 50 66 c3 07 e2 d2 59 6c ce 80 ed b0 11 1d 22,77.18,ld-reg_L16_st128_k4_s103.summary.json,100,100,11 50 66 c3 07 e2 d2 59 6c ce 80 ed b0 11 1d 22,0,0.0019,1.0,1.0,1.0,1.0,True,True,0.0,0.691,block-copy,16,0.333,1.0,1.0,64,True,1.0,11 50 66 c3 07 e2 d2 59 6c ce 80 ed b0 11 1d 22,32,0.875,0.875,0.90625,32,0.95125,0.0068,0.00335,5.838128078572748,7.097803078572748,0.015521875,0.0025,0.0025,11 d5 11 d5 11 d5 11 d5 11 d5 11 d5 11 d5 11 d5,2.0,0.005,0.784,0.455,0.656,0.672,True,0.614,0.0,stack,2.0,1.0,11 d5 11 d5 11 d5 11 d5 11 d5 11 d5 11 d5 11 d5,01 c5 01 c5 01 c5 01 c5 01 c5 01 c5 01 c5 01 c5,1.0,0.801,0.609,0.719,True
ld-reg,ld-reg,nominal,16,128,4,104,,300000,300000,False,200,750,500,-1,01 c5 01 c5 01 c5 01 c5 01 c5 01 c5 01 c5 01 c5,stack,0.00475,0.13895,11.006883727991346,4.729974944115662,b8 c3 c4 29 21 68 f3 ed b8 c3 c4 29 21 68 f3 ed,75.22,ld-reg_L16_st128_k4_s104.summary.json,100,100,b8 c3 c4 29 21 68 f3 ed b8 c3 c4 29 21 68 f3 ed,0,0.0047,1.0,1.0,1.0,1.0,True,True,0.0,0.667,block-copy,8,1.0,1.0,1.0,57,True,1.0,b8 c3 c4 29 21 68 f3 ed b8 c3 c4 29 21 68 f3 ed,32,0.9375,0.9375,0.9375,32,0.9521,0.0409,0.0033,4.729974944115662,5.650074944115662,0.008,0.13895,0.1402,01 c5 01 c5 01 c5 01 c5 01 c5 01 c5 01 c5 01 c5,2.0,0.0087,0.801,0.609,0.772,0.719,True,0.623,0.0,stack,2.0,1.0,01 c5 01 c5 01 c5 01 c5 01 c5 01 c5 01 c5 01 c5,01 c5 01 c5 01 c5 01 c5 01 c5 01 c5 01 c5 01 c5,0.0,0.801,0.609,0.719,True
ld-reg,ld-reg,nominal,16,128,4,105,,300000,300000,False,200,36000,800,34000,11 d5 11 d5 11 d5 11 d5 11 d5 11 d5 11 d5 11 d5,stack,0.54125,0.88375,4.012976421550735,2.0950971088082437,ad e3 21 e3 21 c0 ad c0 ad e3 21 e3 21 c0 ad c0,66.9,ld-reg_L16_st128_k4_s105.summary.json,100,100,ad e3 21 e3 21 c0 ad c0 ad e3 21 e3 21 c0 ad c0,0,0.5413,1.0,1.0,1.0,1.0,True,True,0.0,0.74,stack,8,1.0,1.0,1.0,17,True,1.0,ad e3 21 e3 21 c0 ad c0 ad e3 21 e3 21 c0 ad c0,32,0.9375,0.9375,0.3333333333333333,3,0.0,0.00015,0.00095,2.0950971088082437,2.6443221088082436,0.003096875,0.88375,0.88505,11 d5 11 d5 11 d5 11 d5 11 d5 11 d5 11 d5 11 d5,2.0,0.0051,0.784,0.455,0.656,0.672,True,0.614,0.0,stack,2.0,1.0,11 d5 11 d5 11 d5 11 d5 11 d5 11 d5 11 d5 11 d5,11 d5 11 d5 11 d5 11 d5 11 d5 11 d5 11 d5 11 d5,0.0,0.784,0.455,0.672,True
ld-reg,ld-reg,nominal,16,128,4,106,,300000,300000,False,250,3100,950,-1,11 d5 11 d5 11 d5 11 d5 11 d5 11 d5 11 d5 11 d5,stack,0.0033,0.0038,11.413422777976978,5.053908752486239,28 c3 5e ed b0 69 67 3e 28 c3 5e ed b0 69 67 3e,71.75,ld-reg_L16_st128_k4_s106.summary.json,150,150,28 c3 5e ed b0 69 67 3e 28 c3 5e ed b0 69 67 3e,0,0.0033,1.0,1.0,1.0,1.0,True,True,0.0,0.604,block-copy,8,1.0,1.0,1.0,64,True,1.0,28 c3 5e ed b0 69 67 3e 28 c3 5e ed b0 69 67 3e,32,0.9375,0.9375,0.9375,32,0.94975,0.05015,0.00575,5.053908752486239,6.13613375248624,0.017075,0.0038,0.0038,11 d5 11 d5 11 d5 11 d5 11 d5 11 d5 11 d5 11 d5,0.0,0.0089,0.784,0.455,0.656,0.672,True,0.614,0.0,stack,2.0,1.0,11 d5 11 d5 11 d5 11 d5 11 d5 11 d5 11 d5 11 d5,11 d5 11 d5 11 d5 11 d5 11 d5 11 d5 11 d5 11 d5,0.0,0.784,0.455,0.672,True
ld-reg,ld-reg,nominal,16,128,4,107,,300000,300000,False,1650,2550,2100,-1,01 c5 01 c5 01 c5 01 c5 01 c5 01 c5 01 c5 01 c5,stack,0.0031,0.00705,11.3127371112424,5.04019964248706,28 63 5e ed b0 4e b4 42 28 63 5e ed b0 4e b4 42,74.39,ld-reg_L16_st128_k4_s107.summary.json,1550,1550,28 63 5e ed b0 4e b4 42 28 63 5e ed b0 4e b4 42,0,0.0031,1.0,1.0,1.0,1.0,True,True,0.0,0.516,block-copy,8,1.0,1.0,1.0,63,True,1.0,28 63 5e ed b0 4e b4 42 28 63 5e ed b0 4e b4 42,32,0.875,0.875,0.875,32,0.96105,0.05085,0.0039,5.04019964248706,6.07689964248706,0.0158375,0.00705,0.00705,01 c5 01 c5 01 c5 01 c5 01 c5 01 c5 01 c5 01 c5,0.0,0.01,0.801,0.609,0.772,0.719,True,0.623,0.0,stack,2.0,1.0,01 c5 01 c5 01 c5 01 c5 01 c5 01 c5 01 c5 01 c5,01 c5 01 c5 01 c5 01 c5 01 c5 01 c5 01 c5 01 c5,0.0,0.801,0.609,0.719,True
ld-reg,ld-reg,nominal,16,128,4,108,,300000,300000,False,350,2600,1800,3250,11 d5 11 d5 11 d5 11 d5 11 d5 11 d5 11 d5 11 d5,stack,0.47485,0.87215,4.112093295784584,2.1030255950012746,ad e3 21 e3 21 c0 ad c0 ad e3 21 e3 21 c0 ad c0,64.07,ld-reg_L16_st128_k4_s108.summary.json,150,150,ad e3 21 e3 21 c0 ad c0 ad e3 21 e3 21 c0 ad c0,0,0.4748,1.0,1.0,1.0,1.0,True,True,0.0,0.74,stack,8,1.0,1.0,1.0,22,True,1.0,ad e3 21 e3 21 c0 ad c0 ad e3 21 e3 21 c0 ad c0,32,0.8125,0.8125,0.375,8,0.0,0.0002,0.00175,2.1030255950012746,2.6612255950012744,0.003771875,0.87215,0.8737,11 d5 11 d5 11 d5 11 d5 11 d5 11 d5 11 d5 11 d5,2.0,0.0052,0.784,0.455,0.656,0.672,True,0.614,0.0,stack,2.0,1.0,11 d5 11 d5 11 d5 11 d5 11 d5 11 d5 11 d5 11 d5,01 c5 01 c5 01 c5 01 c5 01 c5 01 c5 01 c5 01 c5,0.0,0.801,0.609,0.719,True
ld-reg,ld-reg,nominal,16,128,4,109,,300000,300000,False,400,1000,850,28500,01 c5 01 c5 01 c5 01 c5 01 c5 01 c5 01 c5 01 c5,stack,0.5154,0.8598,4.646209009113347,2.2313541410083895,ad e3 21 e3 21 c0 ad c0 ad e3 21 e3 21 c0 ad c0,66.2,ld-reg_L16_st128_k4_s109.summary.json,250,250,ad e3 21 e3 21 c0 ad c0 ad e3 21 e3 21 c0 ad c0,0,0.5154,1.0,1.0,1.0,1.0,True,True,0.0,0.74,stack,8,1.0,1.0,1.0,24,True,1.0,ad e3 21 e3 21 c0 ad c0 ad e3 21 e3 21 c0 ad c0,32,0.9375,0.9375,0.75,4,0.0,0.0001,0.0012,2.2313541410083895,2.8246041410083897,0.003784375,0.8598,0.86155,01 c5 01 c5 01 c5 01 c5 01 c5 01 c5 01 c5 01 c5,2.0,0.0055,0.801,0.609,0.772,0.719,True,0.623,0.0,stack,2.0,1.0,01 c5 01 c5 01 c5 01 c5 01 c5 01 c5 01 c5 01 c5,01 c5 01 c5 01 c5 01 c5 01 c5 01 c5 01 c5 01 c5,0.0,0.801,0.609,0.719,True
ld-reg,ld-reg,nominal,16,128,4,110,,300000,300000,False,700,1300,1100,20000,01 c5 01 c5 01 c5 01 c5 01 c5 01 c5 01 c5 01 c5,stack,0.4916,0.86415,4.297006741964106,2.1612285372486295,ad e3 21 e3 21 c0 ad c0 ad e3 21 e3 21 c0 ad c0,64.1,ld-reg_L16_st128_k4_s110.summary.json,500,500,ad e3 21 e3 21 c0 ad c0 ad e3 21 e3 21 c0 ad c0,0,0.4916,1.0,1.0,1.0,1.0,True,True,0.0,0.74,stack,8,1.0,1.0,1.0,21,True,1.0,ad e3 21 e3 21 c0 ad c0 ad e3 21 e3 21 c0 ad c0,32,0.84375,0.84375,0.25,4,0.0,0.0002,0.0012,2.1612285372486295,2.7301535372486296,0.0033,0.86415,0.8654,01 c5 01 c5 01 c5 01 c5 01 c5 01 c5 01 c5 01 c5,1.0,0.0076,0.801,0.609,0.772,0.719,True,0.623,0.0,stack,2.0,1.0,01 c5 01 c5 01 c5 01 c5 01 c5 01 c5 01 c5 01 c5,01 c5 01 c5 01 c5 01 c5 01 c5 01 c5 01 c5 01 c5,0.0,0.801,0.609,0.719,True
ld-reg,ld-reg,nominal,16,32,2,101,,300000,300000,False,-1,-1,-1,-1,,,0.0043,0.0159,13.24895898916503,4.043191261177082,44 5e ed b0 44 5e ed b0 44 5e ed b0 44 5e ed b0,57.47,ld-reg_L16_st32_k2_s101.summary.json,163500,163500,44 5e ed b0 44 5e ed b0 44 5e ed b0 44 5e ed b0,0,0.0043,1.0,1.0,1.0,1.0,True,True,0.0,0.714,block-copy,4,1.0,1.0,1.0,63,True,1.0,44 5e ed b0 44 5e ed b0 44 5e ed b0 44 5e ed b0,32,0.84375,0.8125,0.84375,32,0.837,0.03395,0.0086,4.043191261177082,6.534741261177082,0.05019375,0.0159,0.01605,84 5e ed b0 84 5e ed b0 84 5e ed b0 84 5e ed b0,0.0,0.0052,1.0,1.0,1.0,1.0,True,0.714,0.0,block-copy,4.0,1.0,84 5e ed b0 84 5e ed b0 84 5e ed b0 84 5e ed b0,,,,,,
ld-reg,ld-reg,nominal,16,32,2,102,,300000,300000,False,-1,-1,-1,-1,,,0.00165,0.00595,12.940321263360332,3.896493504240797,c8 6e eb ed b0 82 99 76 c8 6e eb ed b0 82 99 76,53.56,ld-reg_L16_st32_k2_s102.summary.json,242000,242000,c8 6e eb ed b0 82 99 76 c8 6e eb ed b0 82 99 76,0,0.0016,1.0,1.0,1.0,1.0,True,True,0.0,0.82,block-copy,8,1.0,1.0,1.0,64,True,1.0,c8 6e eb ed b0 82 99 76 c8 6e eb ed b0 82 99 76,32,0.875,0.875,0.875,32,0.9306,0.0418,0.00475,3.896493504240797,5.796518504240797,0.021028125,0.00595,0.00595,a4 5e ed b0 a4 5e ed b0 a4 5e ed b0 a4 5e ed b0,0.0,0.005,1.0,1.0,1.0,1.0,True,0.714,0.0,block-copy,4.0,1.0,a4 5e ed b0 a4 5e ed b0 a4 5e ed b0 a4 5e ed b0,,,,,,
ld-reg,ld-reg,nominal,16,32,2,103,,300000,300000,False,-1,-1,-1,-1,,,0.00385,0.01645,13.267639353453358,4.066346804335337,24 5e ed b0 24 5e ed b0 24 5e ed b0 24 5e ed b0,52.69,ld-reg_L16_st32_k2_s103.summary.json,33500,33500,24 5e ed b0 24 5e ed b0 24 5e ed b0 24 5e ed b0,0,0.0039,1.0,1.0,1.0,1.0,True,True,0.0,0.714,block-copy,4,1.0,1.0,1.0,63,True,1.0,24 5e ed b0 24 5e ed b0 24 5e ed b0 24 5e ed b0,32,0.6875,0.6875,0.6875,32,0.8309,0.0249,0.0081,4.066346804335337,6.610021804335338,0.055003125,0.01645,0.0168,64 5e ed b0 64 5e ed b0 64 5e ed b0 64 5e ed b0,0.0,0.0054,1.0,1.0,1.0,1.0,True,0.716,0.0,block-copy,4.0,1.0,64 5e ed b0 64 5e ed b0 64 5e ed b0 64 5e ed b0,,,,,,
ld-reg,ld-reg,nominal,16,32,2,104,,300000,300000,False,-1,-1,-1,-1,,,0.00305,0.0183,13.253813938226354,4.053742679293034,64 5e ed b0 64 5e ed b0 64 5e ed b0 64 5e ed b0,53.77,ld-reg_L16_st32_k2_s104.summary.json,72000,72000,64 5e ed b0 64 5e ed b0 64 5e ed b0 64 5e ed b0,0,0.0031,1.0,1.0,1.0,1.0,True,True,0.0,0.716,block-copy,4,1.0,1.0,1.0,64,True,1.0,64 5e ed b0 64 5e ed b0 64 5e ed b0 64 5e ed b0,32,0.6875,0.6875,0.6875,32,0.8342,0.0227,0.0066,4.053742679293034,6.568092679293034,0.0522,0.0183,0.01845,84 5e ed b0 84 5e ed b0 84 5e ed b0 84 5e ed b0,0.0,0.005,1.0,1.0,1.0,1.0,True,0.714,0.0,block-copy,4.0,1.0,84 5e ed b0 84 5e ed b0 84 5e ed b0 84 5e ed b0,,,,,,
ld-reg,ld-reg,nominal,16,32,2,105,,300000,300000,False,-1,-1,-1,-1,,,0.00135,0.0069,12.929749210087937,3.886060567685312,c8 6e eb ed b0 97 87 b8 c8 6e eb ed b0 97 87 b8,54.95,ld-reg_L16_st32_k2_s105.summary.json,26500,26500,c8 6e eb ed b0 97 87 b8 c8 6e eb ed b0 97 87 b8,0,0.0014,1.0,1.0,1.0,1.0,True,True,0.0,0.77,block-copy,8,1.0,1.0,1.0,64,True,1.0,c8 6e eb ed b0 97 87 b8 c8 6e eb ed b0 97 87 b8,32,0.71875,0.71875,0.71875,32,0.92655,0.03535,0.00505,3.886060567685312,5.803960567685312,0.024596875,0.0069,0.0069,64 5e ed b0 64 5e ed b0 64 5e ed b0 64 5e ed b0,0.0,0.0059,1.0,1.0,1.0,1.0,True,0.716,0.0,block-copy,4.0,1.0,64 5e ed b0 64 5e ed b0 64 5e ed b0 64 5e ed b0,,,,,,
ld-reg,ld-reg,nominal,16,32,2,106,,300000,300000,False,-1,-1,-1,-1,,,0.00475,0.01855,13.250720873885793,4.037011113491314,44 5e ed b0 44 5e ed b0 44 5e ed b0 44 5e ed b0,55.29,ld-reg_L16_st32_k2_s106.summary.json,220500,220500,44 5e ed b0 44 5e ed b0 44 5e ed b0 44 5e ed b0,0,0.0047,1.0,1.0,1.0,1.0,True,True,0.0,0.714,block-copy,4,1.0,1.0,1.0,62,True,1.0,44 5e ed b0 44 5e ed b0 44 5e ed b0 44 5e ed b0,32,0.6875,0.6875,0.6875,32,0.8261,0.03185,0.0077,4.037011113491314,6.549636113491314,0.050278125,0.01855,0.01875,24 5e ed b0 24 5e ed b0 24 5e ed b0 24 5e ed b0,0.0,0.0056,1.0,1.0,1.0,1.0,True,0.714,0.0,block-copy,4.0,1.0,24 5e ed b0 24 5e ed b0 24 5e ed b0 24 5e ed b0,,,,,,
ld-reg,ld-reg,nominal,16,32,2,107,,300000,300000,False,-1,-1,-1,-1,,,0.0029,0.01295,13.28454239057157,4.066493680421464,44 5e ed b0 44 5e ed b0 44 5e ed b0 44 5e ed b0,57.52,ld-reg_L16_st32_k2_s107.summary.json,104500,104500,44 5e ed b0 44 5e ed b0 44 5e ed b0 44 5e ed b0,0,0.0029,1.0,1.0,1.0,1.0,True,True,0.0,0.714,block-copy,4,1.0,1.0,1.0,64,True,1.0,44 5e ed b0 44 5e ed b0 44 5e ed b0 44 5e ed b0,32,0.8125,0.8125,0.8125,32,0.8386,0.0246,0.00795,4.066493680421464,6.597568680421465,0.0525375,0.01295,0.01305,44 5e ed b0 44 5e ed b0 44 5e ed b0 44 5e ed b0,0.0,0.0055,1.0,1.0,1.0,1.0,True,0.714,0.0,block-copy,4.0,1.0,44 5e ed b0 44 5e ed b0 44 5e ed b0 44 5e ed b0,,,,,,
ld-reg,ld-reg,nominal,16,32,2,108,,300000,300000,False,-1,-1,-1,-1,,,0.00585,0.02,13.269495809431291,4.068421398318227,64 5e ed b0 64 5e ed b0 64 5e ed b0 64 5e ed b0,56.81,ld-reg_L16_st32_k2_s108.summary.json,75000,75000,64 5e ed b0 64 5e ed b0 64 5e ed b0 64 5e ed b0,0,0.0059,1.0,1.0,1.0,1.0,True,True,0.0,0.716,block-copy,4,1.0,1.0,1.0,64,True,1.0,64 5e ed b0 64 5e ed b0 64 5e ed b0 64 5e ed b0,32,0.75,0.71875,0.75,32,0.8351,0.0223,0.0064,4.068421398318227,6.573296398318227,0.049553125,0.02,0.0203,84 5e ed b0 84 5e ed b0 84 5e ed b0 84 5e ed b0,0.0,0.0062,1.0,1.0,1.0,1.0,True,0.714,0.0,block-copy,4.0,1.0,84 5e ed b0 84 5e ed b0 84 5e ed b0 84 5e ed b0,,,,,,
ld-reg,ld-reg,nominal,16,32,2,109,,300000,300000,False,-1,-1,-1,-1,,,0.004,0.01735,13.25224054986699,4.035196631387023,04 5e ed b0 04 5e ed b0 04 5e ed b0 04 5e ed b0,56.49,ld-reg_L16_st32_k2_s109.summary.json,227000,227000,04 5e ed b0 04 5e ed b0 04 5e ed b0 04 5e ed b0,0,0.004,1.0,1.0,1.0,1.0,True,True,0.0,0.715,block-copy,4,1.0,1.0,1.0,64,True,1.0,04 5e ed b0 04 5e ed b0 04 5e ed b0 04 5e ed b0,32,0.78125,0.78125,0.78125,32,0.83415,0.02845,0.0081,4.035196631387023,6.5413466313870225,0.05020625,0.01735,0.0175,a4 5e ed b0 a4 5e ed b0 a4 5e ed b0 a4 5e ed b0,0.0,0.0069,1.0,1.0,1.0,1.0,True,0.714,0.0,block-copy,4.0,1.0,a4 5e ed b0 a4 5e ed b0 a4 5e ed b0 a4 5e ed b0,,,,,,
ld-reg,ld-reg,nominal,16,32,2,110,,300000,300000,False,-1,-1,-1,-1,,,0.0016,0.00495,12.907295198600744,3.838779442153153,c8 6e eb ed b0 cc f4 7b c8 6e eb ed b0 cc f4 7b,56.75,ld-reg_L16_st32_k2_s110.summary.json,207000,207000,c8 6e eb ed b0 cc f4 7b c8 6e eb ed b0 cc f4 7b,0,0.0016,1.0,1.0,1.0,1.0,True,True,0.0,0.756,block-copy+stack,8,1.0,1.0,1.0,64,True,1.0,c8 6e eb ed b0 cc f4 7b c8 6e eb ed b0 cc f4 7b,32,0.6875,0.6875,0.75,32,0.93,0.04615,0.00475,3.838779442153153,5.744304442153153,0.022925,0.00495,0.00495,24 5e ed b0 24 5e ed b0 24 5e ed b0 24 5e ed b0,0.0,0.0052,1.0,1.0,1.0,1.0,True,0.714,0.0,block-copy,4.0,1.0,24 5e ed b0 24 5e ed b0 24 5e ed b0 24 5e ed b0,,,,,,
no-copy,no-copy,nominal,16,128,4,101,,1000000,1000000,False,-1,-1,-1,-1,,,0.00485,0.05,14.129702124708817,0.8161666630227735,ff 41 00 41 00 41 00 41 00 41 00 41 00 41 00 41,248.67,no-copy_L16_st128_k4_s101.summary.json,-1,-1,ff 41 00 41 00 41 00 41 00 41 00 41 00 41 00 41,0,0.0049,0.571,0.108,0.141,0.625,False,False,0.0,0.765,stack,2,0.929,0.645,0.0,61,False,0.006,00 41 00 41 00 41 00 41 00 41 00 41 00 01 00 00,32,0.0,0.0,0.0,32,0.00015,0.0126,0.1347,0.8161666630227735,6.4991166630227735,0.249928125,0.05,0.0558,,,,,,,,,,,,,,,,,,,,
no-copy,no-copy,nominal,16,128,4,102,,1000000,1000000,False,-1,-1,-1,-1,,,0.0056,0.05205,14.108057079196202,0.8264995226233705,ff 41 00 41 00 41 00 41 00 41 00 41 00 41 00 41,251.16,no-copy_L16_st128_k4_s102.summary.json,-1,-1,ff 41 00 41 00 41 00 41 00 41 00 41 00 41 00 41,0,0.0056,0.571,0.108,0.141,0.625,False,False,0.0,0.765,stack,2,0.929,0.59,0.0,60,False,0.016,ff 41 00 41 00 51 00 51 00 51 00 51 00 11 00 41,32,0.0,0.0,0.0,32,0.00025,0.0151,0.1328,0.8264995226233705,6.529949522623371,0.245353125,0.05205,0.0579,,,,,,,,,,,,,,,,,,,,
no-copy,no-copy,nominal,16,128,4,103,,1000000,1000000,False,-1,-1,-1,-1,,,0.0051,0.0522,14.11884282837523,0.8282603924247471,ff 41 00 41 00 41 00 41 00 41 00 41 00 41 00 41,249.41,no-copy_L16_st128_k4_s103.summary.json,-1,-1,ff 41 00 41 00 41 00 41 00 41 00 41 00 41 00 41,0,0.0051,0.571,0.108,0.141,0.625,False,False,0.0,0.765,stack,2,0.929,0.611,0.01,62,False,0.036,00 41 00 41 00 41 00 41 00 41 00 41 00 01 00 00,32,0.0,0.0,0.0,32,0.00015,0.014,0.13315,0.8282603924247471,6.521110392424747,0.246271875,0.0522,0.0587,,,,,,,,,,,,,,,,,,,,
no-copy,no-copy,nominal,16,128,4,104,,1000000,1000000,False,-1,-1,-1,-1,,,0.00655,0.05915,14.092890870663327,0.8026610789229878,ff 41 00 41 00 41 00 41 00 41 00 41 00 41 00 41,249.41,no-copy_L16_st128_k4_s104.summary.json,-1,-1,ff 41 00 41 00 41 00 41 00 41 00 41 00 41 00 41,0,0.0066,0.571,0.108,0.141,0.625,False,False,0.0,0.765,stack,2,0.929,0.625,-0.012,56,False,0.014,00 41 00 41 00 41 00 41 00 41 00 41 00 01 00 41,32,0.0,0.0,0.0,32,0.0003,0.01455,0.13355,0.8026610789229878,6.516261078922987,0.246634375,0.05915,0.0647,,,,,,,,,,,,,,,,,,,,
no-copy,no-copy,nominal,16,128,4,105,,1000000,1000000,False,-1,-1,-1,-1,,,0.0056,0.0518,14.117562627178028,0.8148858758335145,ff 41 00 41 00 41 00 41 00 41 00 41 00 41 00 41,248.23,no-copy_L16_st128_k4_s105.summary.json,-1,-1,ff 41 00 41 00 41 00 41 00 41 00 41 00 41 00 41,0,0.0056,0.571,0.108,0.141,0.625,False,False,0.0,0.765,stack,2,0.929,0.532,0.0,62,False,0.032,00 41 00 41 00 41 00 41 00 41 00 41 00 01 00 00,32,0.0,0.0,0.0,32,0.0003,0.016,0.13065,0.8148858758335145,6.549310875833514,0.24295,0.0518,0.057,,,,,,,,,,,,,,,,,,,,
no-copy,no-copy,nominal,16,128,4,106,,1000000,1000000,False,-1,-1,-1,-1,,,0.0057,0.0082,14.11029885537391,0.815938335075491,ff 41 00 41 00 51 00 51 00 51 00 51 00 11 00 41,249.88,no-copy_L16_st128_k4_s106.summary.json,-1,-1,ff 41 00 41 00 41 00 41 00 41 00 41 00 41 00 41,1,0.0054,0.571,0.108,0.141,0.625,False,False,0.0,0.765,stack,2,0.929,0.622,0.0,61,False,0.005,00 41 00 41 00 41 00 41 00 41 00 41 00 01 00 00,32,0.0,0.0,0.0,32,0.00015,0.0117,0.13415,0.815938335075491,6.520588335075491,0.24600625,0.0082,0.0084,,,,,,,,,,,,,,,,,,,,
no-copy,no-copy,nominal,16,128,4,107,,1000000,1000000,False,-1,-1,-1,-1,,,0.0056,0.0562,14.113818641371513,0.8021376438814789,ff 41 00 41 00 41 00 41 00 41 00 41 00 41 00 41,249.61,no-copy_L16_st128_k4_s107.summary.json,-1,-1,ff 41 00 41 00 41 00 41 00 41 00 41 00 41 00 41,0,0.0056,0.571,0.108,0.141,0.625,False,False,0.0,0.765,stack,2,0.929,0.569,0.001,59,False,0.023,00 41 00 41 00 41 00 41 00 41 00 41 00 01 00 00,32,0.0,0.0,0.0,32,0.0003,0.0133,0.13365,0.8021376438814789,6.506312643881479,0.247065625,0.0562,0.06185,,,,,,,,,,,,,,,,,,,,
no-copy,no-copy,nominal,16,128,4,108,,1000000,1000000,False,-1,-1,-1,-1,,,0.0061,0.056,14.107421896909772,0.822109803614441,ff 41 00 41 00 41 00 41 00 41 00 41 00 41 00 41,251.93,no-copy_L16_st128_k4_s108.summary.json,-1,-1,ff 41 00 41 00 41 00 41 00 41 00 41 00 41 00 41,0,0.0061,0.571,0.108,0.141,0.625,False,False,0.0,0.765,stack,2,0.929,0.542,0.013,60,False,0.024,ff 41 00 41 00 51 00 51 00 51 00 51 00 11 00 41,32,0.0,0.0,0.0,32,0.00045,0.01235,0.13495,0.822109803614441,6.497059803614441,0.249525,0.056,0.06175,,,,,,,,,,,,,,,,,,,,
no-copy,no-copy,nominal,16,128,4,109,,1000000,1000000,False,-1,-1,-1,-1,,,0.00625,0.05365,14.107619349648287,0.8061829744230309,ff 41 00 41 00 41 00 41 00 41 00 41 00 41 00 41,249.71,no-copy_L16_st128_k4_s109.summary.json,-1,-1,ff 41 00 41 00 41 00 41 00 41 00 41 00 41 00 41,0,0.0063,0.571,0.108,0.141,0.625,False,False,0.0,0.765,stack,2,0.929,0.526,0.0,60,False,0.016,ff 41 00 41 00 51 00 51 00 51 00 51 00 11 00 41,32,0.0,0.0,0.0,32,0.0003,0.01295,0.1336,0.8061829744230309,6.514457974423031,0.246578125,0.05365,0.0603,,,,,,,,,,,,,,,,,,,,
no-copy,no-copy,nominal,16,128,4,110,,1000000,1000000,False,-1,-1,-1,-1,,,0.0054,0.05165,14.112787647208277,0.7880343068362565,ff 41 00 41 00 41 00 41 00 41 00 41 00 41 00 41,248.74,no-copy_L16_st128_k4_s110.summary.json,-1,-1,ff 41 00 41 00 41 00 41 00 41 00 41 00 41 00 41,0,0.0054,0.571,0.108,0.141,0.625,False,False,0.0,0.765,stack,2,0.929,0.587,0.0,60,False,0.036,00 41 00 41 00 41 00 41 00 41 00 41 00 01 00 00,32,0.0,0.0,0.0,32,0.00015,0.0131,0.135,0.7880343068362565,6.533184306836256,0.245603125,0.05165,0.0579,,,,,,,,,,,,,,,,,,,,
no-copy,no-copy,nominal,16,32,2,101,,1000000,1000000,False,-1,-1,-1,-1,,,0.00055,0.0041,14.2797151763886,0.4003972298247618,00 01 00 01 00 01 00 01 00 01 00 01 00 01 00 01,140.46,no-copy_L16_st32_k2_s101.summary.json,-1,-1,00 21 00 21 00 21 00 21 00 21 00 21 00 01 00 21,2,0.0003,0.022,0.061,,0.0,False,False,,0.943,-,4,0.917,0.007,0.031,64,False,0.033,00 21 00 21 00 21 00 21 00 21 00 21 00 21 00 21,32,0.0,0.0,0.0,32,0.00025,0.01775,0.03765,0.4003972298247618,6.986347229824762,0.1933,0.0041,0.0041,,,,,,,,,,,,,,,,,,,,
no-copy,no-copy,nominal,16,32,2,102,,1000000,1000000,False,-1,-1,-1,-1,,,0.00065,0.00425,14.281132896559885,0.3876999136321855,00 01 00 01 00 01 00 01 00 01 00 01 00 01 00 01,143.35,no-copy_L16_st32_k2_s102.summary.json,-1,-1,00 23 00 23 00 23 00 23 00 23 00 23 00 03 00 00,1,0.0003,0.023,0.061,,0.0,False,False,,0.948,-,15,1.0,0.008,0.022,64,False,0.022,00 23 00 23 00 23 00 23 00 23 00 23 00 03 00 00,32,0.0,0.0,0.0,32,0.00015,0.01715,0.03915,0.3876999136321855,6.969349913632185,0.195021875,0.00425,0.00425,,,,,,,,,,,,,,,,,,,,
no-copy,no-copy,nominal,16,32,2,103,,1000000,1000000,False,-1,-1,-1,-1,,,0.00055,0.00445,14.279688778370115,0.42127737190875436,00 01 00 01 00 01 00 01 00 01 00 01 00 01 00 01,141.06,no-copy_L16_st32_k2_s103.summary.json,-1,-1,00 21 00 21 00 21 00 21 00 21 00 21 00 01 00 21,1,0.0006,0.022,0.061,,0.0,False,False,,0.943,-,4,0.917,0.007,0.01,64,False,0.011,00 21 00 21 00 21 00 21 00 21 00 21 00 21 00 21,32,0.0,0.0,0.0,32,0.00055,0.0176,0.03765,0.4212773719087543,6.9684523719087546,0.19566875,0.00445,0.0045,,,,,,,,,,,,,,,,,,,,
no-copy,no-copy,nominal,16,32,2,104,,1000000,1000000,False,-1,-1,-1,-1,,,0.0007,0.0046,14.27984527610314,0.40983105835375966,00 01 00 01 00 01 00 01 00 01 00 01 00 01 00 01,144.09,no-copy_L16_st32_k2_s104.summary.json,-1,-1,00 21 00 21 00 21 00 21 00 21 00 21 00 01 00 21,1,0.0004,0.022,0.061,,0.0,False,False,,0.943,-,4,0.917,0.003,0.009,64,False,0.022,00 01 00 01 00 01 00 01 00 01 00 01 00 01 00 01,32,0.0,0.0,0.0,32,0.00045,0.0198,0.03875,0.4098310583537596,6.97070605835376,0.19488125,0.0046,0.0046,,,,,,,,,,,,,,,,,,,,
no-copy,no-copy,nominal,16,32,2,105,,1000000,1000000,False,-1,-1,-1,-1,,,0.00065,0.00395,14.278311423582743,0.38840629115720926,00 21 00 21 00 21 00 21 00 21 00 21 00 01 00 21,141.41,no-copy_L16_st32_k2_s105.summary.json,-1,-1,00 21 00 21 00 21 00 21 00 21 00 21 00 01 00 21,0,0.0006,0.022,0.061,,0.0,False,False,,0.943,-,4,0.917,0.003,0.012,64,False,0.012,00 21 00 21 00 21 00 21 00 21 00 21 00 01 00 21,32,0.0,0.0,0.0,32,0.0005,0.0163,0.0362,0.3884062911572092,6.975406291157209,0.19434375,0.00395,0.00405,,,,,,,,,,,,,,,,,,,,
no-copy,no-copy,nominal,16,32,2,106,,1000000,1000000,False,-1,-1,-1,-1,,,0.00105,0.0054,14.27945575360605,0.39227476166604447,00 01 00 01 00 01 00 01 00 01 00 01 00 01 00 01,143.4,no-copy_L16_st32_k2_s106.summary.json,-1,-1,00 21 00 21 00 21 00 21 00 21 00 21 00 01 00 21,1,0.0003,0.022,0.061,,0.0,False,False,,0.943,-,4,0.917,0.002,0.014,63,False,0.015,00 01 00 01 00 01 00 01 00 01 00 01 00 01 00 01,32,0.0,0.0,0.0,32,0.0004,0.0192,0.0348,0.3922747616660444,6.990824761666045,0.192275,0.0054,0.0054,,,,,,,,,,,,,,,,,,,,
no-copy,no-copy,nominal,16,32,2,107,,1000000,1000000,False,-1,-1,-1,-1,,,0.0009,0.004,14.279561684699239,0.4010628230619808,00 01 00 01 00 01 00 01 00 01 00 01 00 01 00 01,133.3,no-copy_L16_st32_k2_s107.summary.json,-1,-1,00 21 00 21 00 21 00 21 00 21 00 21 00 01 00 21,1,0.0004,0.022,0.061,,0.0,False,False,,0.943,-,4,0.917,0.006,0.007,64,False,0.009,00 21 00 21 00 21 00 21 00 21 00 21 00 21 00 21,32,0.0,0.0,0.0,32,0.0005,0.0182,0.03535,0.4010628230619808,7.000587823061981,0.190953125,0.004,0.004,,,,,,,,,,,,,,,,,,,,
no-copy,no-copy,nominal,16,32,2,108,,1000000,1000000,False,-1,-1,-1,-1,,,0.0006,0.00395,14.27898524987538,0.39003273718285936,00 01 00 01 00 01 00 01 00 01 00 01 00 01 00 01,147.28,no-copy_L16_st32_k2_s108.summary.json,-1,-1,00 21 00 21 00 21 00 21 00 21 00 21 00 01 00 21,2,0.0004,0.022,0.061,,0.0,False,False,,0.943,-,4,0.917,0.002,0.009,63,False,0.011,00 21 00 21 00 21 00 21 00 21 00 21 00 21 00 21,32,0.0,0.0,0.0,32,0.0005,0.018,0.03965,0.3900327371828593,6.98130773718286,0.193734375,0.00395,0.00395,,,,,,,,,,,,,,,,,,,,
no-copy,no-copy,nominal,16,32,2,109,,1000000,1000000,False,-1,-1,-1,-1,,,0.0008,0.0035,14.2797186644004,0.4159320403045159,00 01 00 01 00 01 00 01 00 01 00 01 00 01 00 01,133.14,no-copy_L16_st32_k2_s109.summary.json,-1,-1,00 21 00 21 00 21 00 21 00 21 00 21 00 01 00 21,1,0.0004,0.022,0.061,,0.0,False,False,,0.943,-,4,0.917,0.001,0.01,62,False,0.016,00 01 00 01 00 01 00 01 00 01 00 01 00 01 00 01,32,0.0,0.0,0.0,32,0.0003,0.02095,0.03645,0.4159320403045159,7.016807040304516,0.18929375,0.0035,0.0035,,,,,,,,,,,,,,,,,,,,
no-copy,no-copy,nominal,16,32,2,110,,1000000,1000000,False,-1,-1,-1,-1,,,0.00075,0.0043,14.281488496453694,0.4022713616077649,00 01 00 01 00 01 00 01 00 01 00 01 00 01 00 01,141.68,no-copy_L16_st32_k2_s110.summary.json,-1,-1,00 03 00 03 00 03 00 03 00 03 00 03 00 03 00 00,2,0.0001,0.025,0.062,,0.0,False,False,,0.951,-,2,0.929,0.006,0.025,64,False,0.025,00 03 00 03 00 03 00 03 00 03 00 03 00 03 00 00,32,0.0,0.0,0.0,32,0.00045,0.01805,0.03675,0.4022713616077649,6.997296361607765,0.191584375,0.0043,0.0043,,,,,,,,,,,,,,,,,,,,
none,none,nominal,100,128,4,101,,300000,300000,False,1950,3550,1750,2650,01 c5 01 c5 01 c5 01 c5 01 c5 01 c5 01 c5 01 c5 01 c5 01 c5 01 c5 01 c5 01 c5 01 c5 01 c5 01 c5 01 c5 01 c5 01 c5 01 c5 01 c5 01 c5 01 c5 01 c5 01 c5 01 c5 01 c5 01 c5 01 c5 01 c5 01 c5 01 c5 01 c5 01 c5 01 c5 01 c5 01 c5 01 c5 01 c5 01 c5 01 c5 01 c5 01 c5 01 c5 01 c5 01 c5 01 c5 01 c5 01 c5 01 c5,stack,0.36695,0.9125,4.4828600459989545,1.5632456501856544,c2 c5 01 c5 01 c5 01 c5 c2 c5 c2 c5 01 c5 01 c5 01 c5 c2 c5 c2 c5 01 c5 01 c5 01 c5 c2 c5 c2 c5 01 c5 01 c5 01 c5 c2 c5 c2 c5 01 c5 01 c5 01 c5 c2 c5 c2 c5 01 c5 01 c5 01 c5 c2 c5 c2 c5 01 c5 01 c5 01 c5 c2 c5 c2 c5 01 c5 01 c5 01 c5 c2 c5 c2 c5 01 c5 01 c5 01 c5 c2 c5 c2 c5 01 c5 01 c5 01 00 00 c5,114.59,none_L100_st128_k4_s101.summary.json,1600,1600,c2 c5 01 c5 01 c5 01 c5 c2 c5 c2 c5 01 c5 01 c5 01 c5 c2 c5 c2 c5 01 c5 01 c5 01 c5 c2 c5 c2 c5 01 c5 01 c5 01 c5 c2 c5 c2 c5 01 c5 01 c5 01 c5 c2 c5 c2 c5 01 c5 01 c5 01 c5 c2 c5 c2 c5 01 c5 01 c5 01 c5 c2 c5 c2 c5 01 c5 01 c5 01 c5 c2 c5 c2 c5 01 c5 01 c5 01 c5 c2 c5 c2 c5 01 c5 01 c5 01 00 00 c5,0,0.3669,0.99,0.99,0.99,1.0,True,True,0.0,0.78,stack,10,0.978,0.993,0.989,16,True,0.989,c2 c5 01 c5 01 c5 01 c5 c2 c5 c2 c5 01 c5 01 c5 01 c5 c2 c5 c2 c5 01 c5 01 c5 01 c5 c2 c5 c2 c5 01 c5 01 c5 01 c5 c2 c5 c2 c5 01 c5 01 c5 01 c5 c2 c5 c2 c5 01 c5 01 c5 01 c5 c2 c5 c2 c5 01 c5 01 c5 01 c5 c2 c5 c2 c5 01 c5 01 c5 01 c5 c2 c5 c2 c5 01 c5 01 c5 01 c5 c2 c5 c2 c5 01 c5 01 c5 01 00 00 c5,32,0.875,0.84375,0.0,2,0.0,0.9758,0.05405,1.5632456501856544,1.7517136501856545,0.041336,0.9125,0.92875,01 c5 01 c5 01 c5 01 c5 01 c5 01 c5 01 c5 01 c5 01 c5 01 c5 01 c5 01 c5 01 c5 01 c5 01 c5 01 c5 01 c5 01 c5 01 c5 01 c5 01 c5 01 c5 01 c5 01 c5 01 c5 01 c5 01 c5 01 c5 01 c5 01 c5 01 c5 01 c5 01 c5 01 c5 01 c5 01 c5 01 c5 01 c5 01 c5 01 c5 01 c5 01 c5 01 c5 01 c5 01 c5 01 c5 01 c5 01 c5 01 c5 01 c5,0.0,0.0062,0.86,0.718,0.842,0.766,True,0.835,0.0,stack,2.0,1.0,01 c5 01 c5 01 c5 01 c5 01 c5 01 c5 01 c5 01 c5 01 c5 01 c5 01 c5 01 c5 01 c5 01 c5 01 c5 01 c5 01 c5 01 c5 01 c5 01 c5 01 c5 01 c5 01 c5 01 c5 01 c5 01 c5 01 c5 01 c5 01 c5 01 c5 01 c5 01 c5 01 c5 01 c5 01 c5 01 c5 01 c5 01 c5 01 c5 01 c5 01 c5 01 c5 01 c5 01 c5 01 c5 01 c5 01 c5 01 c5 01 c5 01 c5,01 c5 01 c5 01 c5 01 c5 01 c5 01 c5 01 c5 01 c5 01 c5 01 c5 01 c5 01 c5 01 c5 01 c5 01 c5 01 c5 01 c5 01 c5 01 c5 01 c5 01 c5 01 c5 01 c5 01 c5 01 c5 01 c5 01 c5 01 c5 01 c5 01 c5 01 c5 01 c5 01 c5 01 c5 01 c5 01 c5 01 c5 01 c5 01 c5 01 c5 01 c5 01 c5 01 c5 01 c5 01 c5 01 c5 01 c5 01 c5 01 c5 01 c5,0.0,0.86,0.718,0.766,True
none,none,nominal,100,128,4,102,,300000,300000,False,1650,35500,1450,2800,01 c5 01 c5 01 c5 01 c5 01 c5 01 c5 01 c5 01 c5 01 c5 01 c5 01 c5 01 c5 01 c5 01 c5 01 c5 01 c5 01 c5 01 c5 01 c5 01 c5 01 c5 01 c5 01 c5 01 c5 01 c5 01 c5 01 c5 01 c5 01 c5 01 c5 01 c5 01 c5 01 c5 01 c5 01 c5 01 c5 01 c5 01 c5 01 c5 01 c5 01 c5 01 c5 01 c5 01 c5 01 c5 01 c5 01 c5 01 c5 01 c5 01 c5,stack,0.36215,0.9116,4.5850532118513625,1.5560433333190624,c2 c5 01 c5 01 c5 01 c5 c2 c5 c2 c5 01 c5 01 c5 01 c5 c2 c5 c2 c5 01 c5 01 c5 01 c5 c2 c5 c2 c5 01 c5 01 c5 01 c5 c2 c5 c2 c5 01 c5 01 c5 01 c5 c2 c5 c2 c5 01 c5 01 c5 01 c5 c2 c5 c2 c5 01 c5 01 c5 01 c5 c2 c5 c2 c5 01 c5 01 c5 01 c5 c2 c5 c2 c5 01 c5 01 c5 01 c5 c2 c5 c2 c5 01 c5 01 c5 01 00 00 c5,121.37,none_L100_st128_k4_s102.summary.json,1200,1200,c2 c5 01 c5 01 c5 01 c5 c2 c5 c2 c5 01 c5 01 c5 01 c5 c2 c5 c2 c5 01 c5 01 c5 01 c5 c2 c5 c2 c5 01 c5 01 c5 01 c5 c2 c5 c2 c5 01 c5 01 c5 01 c5 c2 c5 c2 c5 01 c5 01 c5 01 c5 c2 c5 c2 c5 01 c5 01 c5 01 c5 c2 c5 c2 c5 01 c5 01 c5 01 c5 c2 c5 c2 c5 01 c5 01 c5 01 c5 c2 c5 c2 c5 01 c5 01 c5 01 00 00 c5,0,0.3622,0.99,0.99,0.99,1.0,True,True,0.0,0.78,stack,10,0.978,0.992,0.992,16,True,0.992,c2 c5 01 c5 01 c5 01 c5 c2 c5 c2 c5 01 c5 01 c5 01 c5 c2 c5 c2 c5 01 c5 01 c5 01 c5 c2 c5 c2 c5 01 c5 01 c5 01 c5 c2 c5 c2 c5 01 c5 01 c5 01 c5 c2 c5 c2 c5 01 c5 01 c5 01 c5 c2 c5 c2 c5 01 c5 01 c5 01 c5 c2 c5 c2 c5 01 c5 01 c5 01 c5 c2 c5 c2 c5 01 c5 01 c5 01 c5 c2 c5 c2 c5 01 c5 01 c5 01 00 00 c5,32,0.9375,0.9375,0.0,2,0.0,0.97585,0.0574,1.5560433333190624,1.7511833333190625,0.042244,0.9116,0.92775,01 c5 01 c5 01 c5 01 c5 01 c5 01 c5 01 c5 01 c5 01 c5 01 c5 01 c5 01 c5 01 c5 01 c5 01 c5 01 c5 01 c5 01 c5 01 c5 01 c5 01 c5 01 c5 01 c5 01 c5 01 c5 01 c5 01 c5 01 c5 01 c5 01 c5 01 c5 01 c5 01 c5 01 c5 01 c5 01 c5 01 c5 01 c5 01 c5 01 c5 01 c5 01 c5 01 c5 01 c5 01 c5 01 c5 01 c5 01 c5 01 c5 01 c5,0.0,0.0052,0.86,0.718,0.842,0.766,True,0.835,0.0,stack,2.0,1.0,01 c5 01 c5 01 c5 01 c5 01 c5 01 c5 01 c5 01 c5 01 c5 01 c5 01 c5 01 c5 01 c5 01 c5 01 c5 01 c5 01 c5 01 c5 01 c5 01 c5 01 c5 01 c5 01 c5 01 c5 01 c5 01 c5 01 c5 01 c5 01 c5 01 c5 01 c5 01 c5 01 c5 01 c5 01 c5 01 c5 01 c5 01 c5 01 c5 01 c5 01 c5 01 c5 01 c5 01 c5 01 c5 01 c5 01 c5 01 c5 01 c5 01 c5,01 c5 01 c5 01 c5 01 c5 01 c5 01 c5 01 c5 01 c5 01 c5 01 c5 01 c5 01 c5 01 c5 01 c5 01 c5 01 c5 01 c5 01 c5 01 c5 01 c5 01 c5 01 c5 01 c5 01 c5 01 c5 01 c5 01 c5 01 c5 01 c5 01 c5 01 c5 01 c5 01 c5 01 c5 01 c5 01 c5 01 c5 01 c5 01 c5 01 c5 01 c5 01 c5 01 c5 01 c5 01 c5 01 c5 01 c5 01 c5 01 c5 01 c5,0.0,0.86,0.718,0.766,True
none,none,nominal,100,128,4,103,,300000,300000,False,1600,4150,1400,2900,01 c5 01 c5 01 c5 01 c5 01 c5 01 c5 01 c5 01 c5 01 c5 01 c5 01 c5 01 c5 01 c5 01 c5 01 c5 01 c5 01 c5 01 c5 01 c5 01 c5 01 c5 01 c5 01 c5 01 c5 01 c5 01 c5 01 c5 01 c5 01 c5 01 c5 01 c5 01 c5 01 c5 01 c5 01 c5 01 c5 01 c5 01 c5 01 c5 01 c5 01 c5 01 c5 01 c5 01 c5 01 c5 01 c5 01 c5 01 c5 01 c5 01 c5,stack,0.36215,0.91335,4.579399642203136,1.5636043414048808,c2 c5 01 c5 01 c5 01 c5 c2 c5 c2 c5 01 c5 01 c5 01 c5 c2 c5 c2 c5 01 c5 01 c5 01 c5 c2 c5 c2 c5 01 c5 01 c5 01 c5 c2 c5 c2 c5 01 c5 01 c5 01 c5 c2 c5 c2 c5 01 c5 01 c5 01 c5 c2 c5 c2 c5 01 c5 01 c5 01 c5 c2 c5 c2 c5 01 c5 01 c5 01 c5 c2 c5 c2 c5 01 c5 01 c5 01 c5 c2 c5 c2 c5 01 c5 01 c5 01 00 00 c5,118.17,none_L100_st128_k4_s103.summary.json,1050,1050,c2 c5 01 c5 01 c5 01 c5 c2 c5 c2 c5 01 c5 01 c5 01 c5 c2 c5 c2 c5 01 c5 01 c5 01 c5 c2 c5 c2 c5 01 c5 01 c5 01 c5 c2 c5 c2 c5 01 c5 01 c5 01 c5 c2 c5 c2 c5 01 c5 01 c5 01 c5 c2 c5 c2 c5 01 c5 01 c5 01 c5 c2 c5 c2 c5 01 c5 01 c5 01 c5 c2 c5 c2 c5 01 c5 01 c5 01 c5 c2 c5 c2 c5 01 c5 01 c5 01 00 00 c5,0,0.3622,0.99,0.99,0.99,1.0,True,True,0.0,0.78,stack,10,0.978,0.995,0.989,18,True,0.989,c2 c5 01 c5 01 c5 01 c5 c2 c5 c2 c5 01 c5 01 c5 01 c5 c2 c5 c2 c5 01 c5 01 c5 01 c5 c2 c5 c2 c5 01 c5 01 c5 01 c5 c2 c5 c2 c5 01 c5 01 c5 01 c5 c2 c5 c2 c5 01 c5 01 c5 01 c5 c2 c5 c2 c5 01 c5 01 c5 01 c5 c2 c5 c2 c5 01 c5 01 c5 01 c5 c2 c5 c2 c5 01 c5 01 c5 01 c5 c2 c5 c2 c5 01 c5 01 c5 01 00 00 c5,32,0.875,0.875,0.0,3,0.0,0.97475,0.0567,1.5636043414048808,1.7555923414048809,0.042627,0.91335,0.92795,01 c5 01 c5 01 c5 01 c5 01 c5 01 c5 01 c5 01 c5 01 c5 01 c5 01 c5 01 c5 01 c5 01 c5 01 c5 01 c5 01 c5 01 c5 01 c5 01 c5 01 c5 01 c5 01 c5 01 c5 01 c5 01 c5 01 c5 01 c5 01 c5 01 c5 01 c5 01 c5 01 c5 01 c5 01 c5 01 c5 01 c5 01 c5 01 c5 01 c5 01 c5 01 c5 01 c5 01 c5 01 c5 01 c5 01 c5 01 c5 01 c5 01 c5,0.0,0.0053,0.86,0.718,0.842,0.766,True,0.835,0.0,stack,2.0,1.0,01 c5 01 c5 01 c5 01 c5 01 c5 01 c5 01 c5 01 c5 01 c5 01 c5 01 c5 01 c5 01 c5 01 c5 01 c5 01 c5 01 c5 01 c5 01 c5 01 c5 01 c5 01 c5 01 c5 01 c5 01 c5 01 c5 01 c5 01 c5 01 c5 01 c5 01 c5 01 c5 01 c5 01 c5 01 c5 01 c5 01 c5 01 c5 01 c5 01 c5 01 c5 01 c5 01 c5 01 c5 01 c5 01 c5 01 c5 01 c5 01 c5 01 c5,01 c5 01 c5 01 c5 01 c5 01 c5 01 c5 01 c5 01 c5 01 c5 01 c5 01 c5 01 c5 01 c5 01 c5 01 c5 01 c5 01 c5 01 c5 01 c5 01 c5 01 c5 01 c5 01 c5 01 c5 01 c5 01 c5 01 c5 01 c5 01 c5 01 c5 01 c5 01 c5 01 c5 01 c5 01 c5 01 c5 01 c5 01 c5 01 c5 01 c5 01 c5 01 c5 01 c5 01 c5 01 c5 01 c5 01 c5 01 c5 01 c5 01 c5,0.0,0.86,0.718,0.766,True
none,none,nominal,100,128,4,104,,300000,300000,False,1400,5500,1200,6000,01 c5 01 c5 01 c5 01 c5 01 c5 01 c5 01 c5 01 c5 01 c5 01 c5 01 c5 01 c5 01 c5 01 c5 01 c5 01 c5 01 c5 01 c5 01 c5 01 c5 01 c5 01 c5 01 c5 01 c5 01 c5 01 c5 01 c5 01 c5 01 c5 01 c5 01 c5 01 c5 01 c5 01 c5 01 c5 01 c5 01 c5 01 c5 01 c5 01 c5 01 c5 01 c5 01 c5 01 c5 01 c5 01 c5 01 c5 01 c5 01 c5 01 c5,stack,0.3523,0.9011,4.811975837546304,1.5625417613241288,c2 c5 01 c5 01 c5 01 c5 c2 c5 c2 c5 01 c5 01 c5 01 c5 c2 c5 c2 c5 01 c5 01 c5 01 c5 c2 c5 c2 c5 01 c5 01 c5 01 c5 c2 c5 c2 c5 01 c5 01 c5 01 c5 c2 c5 c2 c5 01 c5 01 c5 01 c5 c2 c5 c2 c5 01 c5 01 c5 01 c5 c2 c5 c2 c5 01 c5 01 c5 01 c5 c2 c5 c2 c5 01 c5 01 c5 01 c5 c2 c5 c2 c5 01 c5 01 c5 01 00 00 c5,116.14,none_L100_st128_k4_s104.summary.json,750,750,c2 c5 01 c5 01 c5 01 c5 c2 c5 c2 c5 01 c5 01 c5 01 c5 c2 c5 c2 c5 01 c5 01 c5 01 c5 c2 c5 c2 c5 01 c5 01 c5 01 c5 c2 c5 c2 c5 01 c5 01 c5 01 c5 c2 c5 c2 c5 01 c5 01 c5 01 c5 c2 c5 c2 c5 01 c5 01 c5 01 c5 c2 c5 c2 c5 01 c5 01 c5 01 c5 c2 c5 c2 c5 01 c5 01 c5 01 c5 c2 c5 c2 c5 01 c5 01 c5 01 00 00 c5,0,0.3523,0.99,0.99,0.99,1.0,True,True,0.0,0.78,stack,10,0.978,0.994,0.979,17,True,0.979,c2 c5 01 c5 01 c5 01 c5 c2 c5 c2 c5 01 c5 01 c5 01 c5 c2 c5 c2 c5 01 c5 01 c5 01 c5 c2 c5 c2 c5 01 c5 01 c5 01 c5 c2 c5 c2 c5 01 c5 01 c5 01 c5 c2 c5 c2 c5 01 c5 01 c5 01 c5 c2 c5 c2 c5 01 c5 01 c5 01 c5 c2 c5 c2 c5 01 c5 01 c5 01 c5 c2 c5 c2 c5 01 c5 01 c5 01 c5 c2 c5 c2 c5 01 c5 01 c5 01 00 00 c5,32,0.875,0.875,0.3333333333333333,3,0.0,0.9746,0.05965,1.5625417613241288,1.7682057613241289,0.0435225,0.9011,0.91795,01 c5 01 c5 01 c5 01 c5 01 c5 01 c5 01 c5 01 c5 01 c5 01 c5 01 c5 01 c5 01 c5 01 c5 01 c5 01 c5 01 c5 01 c5 01 c5 01 c5 01 c5 01 c5 01 c5 01 c5 01 c5 01 c5 01 c5 01 c5 01 c5 01 c5 01 c5 01 c5 01 c5 01 c5 01 c5 01 c5 01 c5 01 c5 01 c5 01 c5 01 c5 01 c5 01 c5 01 c5 01 c5 01 c5 01 c5 01 c5 01 c5 01 c5,0.0,0.0069,0.86,0.718,0.842,0.766,True,0.835,0.0,stack,2.0,1.0,01 c5 01 c5 01 c5 01 c5 01 c5 01 c5 01 c5 01 c5 01 c5 01 c5 01 c5 01 c5 01 c5 01 c5 01 c5 01 c5 01 c5 01 c5 01 c5 01 c5 01 c5 01 c5 01 c5 01 c5 01 c5 01 c5 01 c5 01 c5 01 c5 01 c5 01 c5 01 c5 01 c5 01 c5 01 c5 01 c5 01 c5 01 c5 01 c5 01 c5 01 c5 01 c5 01 c5 01 c5 01 c5 01 c5 01 c5 01 c5 01 c5 01 c5,01 c5 01 c5 01 c5 01 c5 01 c5 01 c5 01 c5 01 c5 01 c5 01 c5 01 c5 01 c5 01 c5 01 c5 01 c5 01 c5 01 c5 01 c5 01 c5 01 c5 01 c5 01 c5 01 c5 01 c5 01 c5 01 c5 01 c5 01 c5 01 c5 01 c5 01 c5 01 c5 01 c5 01 c5 01 c5 01 c5 01 c5 01 c5 01 c5 01 c5 01 c5 01 c5 01 c5 01 c5 01 c5 01 c5 01 c5 01 c5 01 c5 01 c5,0.0,0.86,0.718,0.766,True
none,none,nominal,100,128,4,105,,300000,300000,False,-1,-1,1700,-1,,,0.00615,0.0486,12.160750756536094,5.983033601651969,b8 16 b6 17 21 41 67 63 ed b8 16 b6 17 21 41 67 63 ed b8 16 b6 17 21 41 67 63 ed b8 16 b6 17 21 41 67 63 ed b8 16 b6 17 21 41 67 63 ed b8 16 b6 17 21 41 67 63 ed b8 16 b6 17 21 41 67 63 ed b8 16 b6 17 21 41 67 67 63 ed b8 16 b6 17 21 41 67 63 ed b8 16 b6 17 21 41 67 63 ed b8 16 b6 17 21 41 67 63 ed,135.09,none_L100_st128_k4_s105.summary.json,1300,1300,b8 16 b6 17 21 41 67 63 ed b8 16 b6 17 21 41 67 63 ed b8 16 b6 17 21 41 67 63 ed b8 16 b6 17 21 41 67 63 ed b8 16 b6 17 21 41 67 63 ed b8 16 b6 17 21 41 67 63 ed b8 16 b6 17 21 41 67 63 ed b8 16 b6 17 21 41 67 67 63 ed b8 16 b6 17 21 41 67 63 ed b8 16 b6 17 21 41 67 63 ed b8 16 b6 17 21 41 67 63 ed,0,0.0062,0.929,0.929,0.929,1.0,True,True,27.0,0.663,block-copy,9,0.901,0.916,0.917,55,True,0.921,b8 16 b6 17 21 41 67 63 ed b8 16 b6 17 21 41 67 63 ed b8 16 b6 17 21 41 67 63 ed b8 16 b6 17 21 41 67 63 ed b8 16 b6 17 21 41 67 63 ed b8 16 b6 17 21 41 67 63 ed b8 16 b6 17 21 41 67 63 ed b8 16 b6 17 21 41 67 63 ed b8 16 b6 17 21 41 67 63 ed b8 16 b6 17 21 41 67 63 ed b8 16 b6 b6 17 21 41 67 63 ed,32,0.96875,0.53125,0.71875,32,0.99725,0.1505,0.29375,5.983033601651969,6.338825601651969,0.0401665,0.0486,0.08325,01 c5 01 c5 01 c5 01 c5 01 c5 01 c5 01 c5 01 c5 01 c5 01 c5 01 c5 01 c5 01 c5 01 c5 01 c5 01 c5 01 c5 01 c5 01 c5 01 c5 01 c5 01 c5 01 c5 01 c5 01 c5 01 c5 01 c5 01 c5 01 c5 01 c5 01 c5 01 c5 01 c5 01 c5 01 c5 01 c5 01 c5 01 c5 01 c5 01 c5 01 c5 01 c5 01 c5 01 c5 01 c5 01 c5 01 c5 01 c5 01 c5 01 c5,0.0,0.008,0.86,0.718,0.842,0.766,True,0.835,0.0,stack,2.0,1.0,01 c5 01 c5 01 c5 01 c5 01 c5 01 c5 01 c5 01 c5 01 c5 01 c5 01 c5 01 c5 01 c5 01 c5 01 c5 01 c5 01 c5 01 c5 01 c5 01 c5 01 c5 01 c5 01 c5 01 c5 01 c5 01 c5 01 c5 01 c5 01 c5 01 c5 01 c5 01 c5 01 c5 01 c5 01 c5 01 c5 01 c5 01 c5 01 c5 01 c5 01 c5 01 c5 01 c5 01 c5 01 c5 01 c5 01 c5 01 c5 01 c5 01 c5,01 c5 01 c5 01 c5 01 c5 01 c5 01 c5 01 c5 01 c5 01 c5 01 c5 01 c5 01 c5 01 c5 01 c5 01 c5 01 c5 01 c5 01 c5 01 c5 01 c5 01 c5 01 c5 01 c5 01 c5 01 c5 01 c5 01 c5 01 c5 01 c5 01 c5 01 c5 01 c5 01 c5 01 c5 01 c5 01 c5 01 c5 01 c5 01 c5 01 c5 01 c5 01 c5 01 c5 01 c5 01 c5 01 c5 01 c5 01 c5 01 c5 01 c5,0.0,0.86,0.718,0.766,True
none,none,nominal,100,128,4,106,,300000,300000,False,1450,-1,1350,-1,21 e5 21 e5 21 e5 21 e5 21 e5 21 e5 21 e5 21 e5 21 e5 21 e5 21 e5 21 e5 21 e5 21 e5 21 e5 21 e5 21 e5 21 e5 21 e5 21 e5 21 e5 21 e5 21 e5 21 e5 21 e5 21 e5 21 e5 21 e5 21 e5 21 e5 21 e5 21 e5 21 e5 21 e5 21 e5 21 e5 21 e5 21 e5 21 e5 21 e5 21 e5 21 e5 21 e5 21 e5 21 e5 21 e5 21 e5 21 e5 21 e5 21 e5,stack,0.0029,0.00405,12.814245503017279,6.739073003787663,2b 15 6a 15 36 2b ed b0 e8 ad 2b 3f 2b ad 2b 2b 15 6a 15 36 2b 40 b0 e8 2b 2b 15 6a 15 36 2b ed b0 e8 ad 2b 3f 2b ad 2b 2b 15 6a 15 36 2b 40 b0 e8 2b 2b 15 6a 15 36 2b ed b0 e8 ad 2b 3f 2b ad 2b 2b 15 6a 15 36 2b 40 b0 e8 2b 2b 15 6a 15 36 2b ed b0 e8 ad 2b 3f 2b ad 2b 2b 15 6a 15 36 2b 40 b0 e8 2b,120.31,none_L100_st128_k4_s106.summary.json,950,950,2b 15 6a 15 36 2b ed b0 e8 ad 2b 3f 2b ad 2b 2b 15 6a 15 36 2b 40 b0 e8 2b 2b 15 6a 15 36 2b ed b0 e8 ad 2b 3f 2b ad 2b 2b 15 6a 15 36 2b 40 b0 e8 2b 2b 15 6a 15 36 2b ed b0 e8 ad 2b 3f 2b ad 2b 2b 15 6a 15 36 2b 40 b0 e8 2b 2b 15 6a 15 36 2b ed b0 e8 ad 2b 3f 2b ad 2b 2b 15 6a 15 36 2b 40 b0 e8 2b,0,0.0029,0.463,0.463,,0.0,False,True,,0.76,block-copy+ld-mem,25,1.0,0.413,0.421,64,True,0.424,2b 15 99 15 36 40 ed b0 b0 ad 2b a6 cd ed b0 00 1a ba 56 76 37 d8 5c 44 40 2b 15 99 15 36 40 ed b0 b0 ad 2b a6 cd ed b0 00 1a ba 56 76 37 d8 5c 44 40 2b 15 99 15 36 40 ed b0 b0 ad 2b a6 cd ed b0 00 1a ba 56 76 37 d8 5c 44 40 2b 15 99 15 36 40 ed b0 b0 ad 2b a6 cd ed b0 00 1a ba 56 76 37 d8 5c 44 40,32,1.0,0.0,0.9375,32,0.9988,0.19535,0.16105,6.739073003787663,7.088533003787663,0.032033,0.00405,0.00405,01 c5 01 c5 01 c5 01 c5 01 c5 01 c5 01 c5 01 c5 01 c5 01 c5 01 c5 01 c5 01 c5 01 c5 01 c5 01 c5 01 c5 01 c5 01 c5 01 c5 01 c5 01 c5 01 c5 01 c5 01 c5 01 c5 01 c5 01 c5 01 c5 01 c5 01 c5 01 c5 01 c5 01 c5 01 c5 01 c5 01 c5 01 c5 01 c5 01 c5 01 c5 01 c5 01 c5 01 c5 01 c5 01 c5 01 c5 01 c5 01 c5 01 c5,0.0,0.005,0.86,0.718,0.842,0.766,True,0.835,0.0,stack,2.0,1.0,01 c5 01 c5 01 c5 01 c5 01 c5 01 c5 01 c5 01 c5 01 c5 01 c5 01 c5 01 c5 01 c5 01 c5 01 c5 01 c5 01 c5 01 c5 01 c5 01 c5 01 c5 01 c5 01 c5 01 c5 01 c5 01 c5 01 c5 01 c5 01 c5 01 c5 01 c5 01 c5 01 c5 01 c5 01 c5 01 c5 01 c5 01 c5 01 c5 01 c5 01 c5 01 c5 01 c5 01 c5 01 c5 01 c5 01 c5 01 c5 01 c5 01 c5,01 c5 01 c5 01 c5 01 c5 01 c5 01 c5 01 c5 01 c5 01 c5 01 c5 01 c5 01 c5 01 c5 01 c5 01 c5 01 c5 01 c5 01 c5 01 c5 01 c5 01 c5 01 c5 01 c5 01 c5 01 c5 01 c5 01 c5 01 c5 01 c5 01 c5 01 c5 01 c5 01 c5 01 c5 01 c5 01 c5 01 c5 01 c5 01 c5 01 c5 01 c5 01 c5 01 c5 01 c5 01 c5 01 c5 01 c5 01 c5 01 c5 01 c5,1.0,0.86,0.718,0.766,True
none,none,nominal,100,128,4,107,,300000,300000,False,1850,3400,1700,3650,01 c5 01 c5 01 c5 01 c5 01 c5 01 c5 01 c5 01 c5 01 c5 01 c5 01 c5 01 c5 01 c5 01 c5 01 c5 01 c5 01 c5 01 c5 01 c5 01 c5 01 c5 01 c5 01 c5 01 c5 01 c5 01 c5 01 c5 01 c5 01 c5 01 c5 01 c5 01 c5 01 c5 01 c5 01 c5 01 c5 01 c5 01 c5 01 c5 01 c5 01 c5 01 c5 01 c5 01 c5 01 c5 01 c5 01 c5 01 c5 01 c5 01 c5,stack,0.3651,0.90505,4.625844556788286,1.5646851819008525,c2 c5 01 c5 01 c5 01 c5 c2 c5 c2 c5 01 c5 01 c5 01 c5 c2 c5 c2 c5 01 c5 01 c5 01 c5 c2 c5 c2 c5 01 c5 01 c5 01 c5 c2 c5 c2 c5 01 c5 01 c5 01 c5 c2 c5 c2 c5 01 c5 01 c5 01 c5 c2 c5 c2 c5 01 c5 01 c5 01 c5 c2 c5 c2 c5 01 c5 01 c5 01 c5 c2 c5 c2 c5 01 c5 01 c5 01 c5 c2 c5 c2 c5 01 c5 01 c5 01 00 00 c5,111.04,none_L100_st128_k4_s107.summary.json,1300,1300,c2 c5 01 c5 01 c5 01 c5 c2 c5 c2 c5 01 c5 01 c5 01 c5 c2 c5 c2 c5 01 c5 01 c5 01 c5 c2 c5 c2 c5 01 c5 01 c5 01 c5 c2 c5 c2 c5 01 c5 01 c5 01 c5 c2 c5 c2 c5 01 c5 01 c5 01 c5 c2 c5 c2 c5 01 c5 01 c5 01 c5 c2 c5 c2 c5 01 c5 01 c5 01 c5 c2 c5 c2 c5 01 c5 01 c5 01 c5 c2 c5 c2 c5 01 c5 01 c5 01 00 00 c5,0,0.3651,0.99,0.99,0.99,1.0,True,True,0.0,0.78,stack,10,0.978,0.993,0.986,17,True,0.986,c2 c5 01 c5 01 c5 01 c5 c2 c5 c2 c5 01 c5 01 c5 01 c5 c2 c5 c2 c5 01 c5 01 c5 01 c5 c2 c5 c2 c5 01 c5 01 c5 01 c5 c2 c5 c2 c5 01 c5 01 c5 01 c5 c2 c5 c2 c5 01 c5 01 c5 01 c5 c2 c5 c2 c5 01 c5 01 c5 01 c5 c2 c5 c2 c5 01 c5 01 c5 01 c5 c2 c5 c2 c5 01 c5 01 c5 01 c5 c2 c5 c2 c5 01 c5 01 c5 01 00 00 c5,32,0.78125,0.78125,0.0,6,0.0,0.97535,0.0573,1.5646851819008525,1.7610811819008525,0.0427625,0.90505,0.92195,01 c5 01 c5 01 c5 01 c5 01 c5 01 c5 01 c5 01 c5 01 c5 01 c5 01 c5 01 c5 01 c5 01 c5 01 c5 01 c5 01 c5 01 c5 01 c5 01 c5 01 c5 01 c5 01 c5 01 c5 01 c5 01 c5 01 c5 01 c5 01 c5 01 c5 01 c5 01 c5 01 c5 01 c5 01 c5 01 c5 01 c5 01 c5 01 c5 01 c5 01 c5 01 c5 01 c5 01 c5 01 c5 01 c5 01 c5 01 c5 01 c5 01 c5,0.0,0.0052,0.86,0.718,0.842,0.766,True,0.835,0.0,stack,2.0,1.0,01 c5 01 c5 01 c5 01 c5 01 c5 01 c5 01 c5 01 c5 01 c5 01 c5 01 c5 01 c5 01 c5 01 c5 01 c5 01 c5 01 c5 01 c5 01 c5 01 c5 01 c5 01 c5 01 c5 01 c5 01 c5 01 c5 01 c5 01 c5 01 c5 01 c5 01 c5 01 c5 01 c5 01 c5 01 c5 01 c5 01 c5 01 c5 01 c5 01 c5 01 c5 01 c5 01 c5 01 c5 01 c5 01 c5 01 c5 01 c5 01 c5 01 c5,c2 c5 01 c5 01 c5 01 c5 c2 c5 c2 c5 01 c5 01 c5 01 c5 c2 c5 c2 c5 01 c5 01 c5 01 c5 c2 c5 c2 c5 01 c5 01 c5 01 c5 c2 c5 c2 c5 01 c5 01 c5 01 c5 c2 c5 c2 c5 01 c5 01 c5 01 c5 c2 c5 c2 c5 01 c5 01 c5 01 c5 c2 c5 c2 c5 01 c5 01 c5 01 c5 c2 c5 c2 c5 01 c5 01 c5 01 c5 c2 c5 c2 c5 01 c5 01 c5 01 00 00 c5,2.0,0.99,0.99,1.0,True
none,none,nominal,100,128,4,108,,300000,300000,False,1500,4400,1250,5500,01 c5 01 c5 01 c5 01 c5 01 c5 01 c5 01 c5 01 c5 01 c5 01 c5 01 c5 01 c5 01 c5 01 c5 01 c5 01 c5 01 c5 01 c5 01 c5 01 c5 01 c5 01 c5 01 c5 01 c5 01 c5 01 c5 01 c5 01 c5 01 c5 01 c5 01 c5 01 c5 01 c5 01 c5 01 c5 01 c5 01 c5 01 c5 01 c5 01 c5 01 c5 01 c5 01 c5 01 c5 01 c5 01 c5 01 c5 01 c5 01 c5 01 c5,stack,0.36335,0.9049,4.580572905878981,1.571134895333366,c2 c5 01 c5 01 c5 01 c5 c2 c5 c2 c5 01 c5 01 c5 01 c5 c2 c5 c2 c5 01 c5 01 c5 01 c5 c2 c5 c2 c5 01 c5 01 c5 01 c5 c2 c5 c2 c5 01 c5 01 c5 01 c5 c2 c5 c2 c5 01 c5 01 c5 01 c5 c2 c5 c2 c5 01 c5 01 c5 01 c5 c2 c5 c2 c5 01 c5 01 c5 01 c5 c2 c5 c2 c5 01 c5 01 c5 01 c5 c2 c5 c2 c5 01 c5 01 c5 01 00 00 c5,115.9,none_L100_st128_k4_s108.summary.json,900,900,c2 c5 01 c5 01 c5 01 c5 c2 c5 c2 c5 01 c5 01 c5 01 c5 c2 c5 c2 c5 01 c5 01 c5 01 c5 c2 c5 c2 c5 01 c5 01 c5 01 c5 c2 c5 c2 c5 01 c5 01 c5 01 c5 c2 c5 c2 c5 01 c5 01 c5 01 c5 c2 c5 c2 c5 01 c5 01 c5 01 c5 c2 c5 c2 c5 01 c5 01 c5 01 c5 c2 c5 c2 c5 01 c5 01 c5 01 c5 c2 c5 c2 c5 01 c5 01 c5 01 00 00 c5,0,0.3634,0.99,0.99,0.99,1.0,True,True,0.0,0.78,stack,10,0.978,0.991,1.0,18,True,1.0,c2 c5 01 c5 01 c5 01 c5 c2 c5 c2 c5 01 c5 01 c5 01 c5 c2 c5 c2 c5 01 c5 01 c5 01 c5 c2 c5 c2 c5 01 c5 01 c5 01 c5 c2 c5 c2 c5 01 c5 01 c5 01 c5 c2 c5 c2 c5 01 c5 01 c5 01 c5 c2 c5 c2 c5 01 c5 01 c5 01 c5 c2 c5 c2 c5 01 c5 01 c5 01 c5 c2 c5 c2 c5 01 c5 01 c5 01 c5 c2 c5 c2 c5 01 c5 01 c5 01 00 00 c5,32,0.875,0.875,0.0,2,0.0,0.97305,0.0616,1.571134895333366,1.765862895333366,0.0452325,0.9049,0.91915,01 c5 01 c5 01 c5 01 c5 01 c5 01 c5 01 c5 01 c5 01 c5 01 c5 01 c5 01 c5 01 c5 01 c5 01 c5 01 c5 01 c5 01 c5 01 c5 01 c5 01 c5 01 c5 01 c5 01 c5 01 c5 01 c5 01 c5 01 c5 01 c5 01 c5 01 c5 01 c5 01 c5 01 c5 01 c5 01 c5 01 c5 01 c5 01 c5 01 c5 01 c5 01 c5 01 c5 01 c5 01 c5 01 c5 01 c5 01 c5 01 c5 01 c5,0.0,0.0055,0.86,0.718,0.842,0.766,True,0.835,0.0,stack,2.0,1.0,01 c5 01 c5 01 c5 01 c5 01 c5 01 c5 01 c5 01 c5 01 c5 01 c5 01 c5 01 c5 01 c5 01 c5 01 c5 01 c5 01 c5 01 c5 01 c5 01 c5 01 c5 01 c5 01 c5 01 c5 01 c5 01 c5 01 c5 01 c5 01 c5 01 c5 01 c5 01 c5 01 c5 01 c5 01 c5 01 c5 01 c5 01 c5 01 c5 01 c5 01 c5 01 c5 01 c5 01 c5 01 c5 01 c5 01 c5 01 c5 01 c5 01 c5,01 c5 01 c5 01 c5 01 c5 01 c5 01 c5 01 c5 01 c5 01 c5 01 c5 01 c5 01 c5 01 c5 01 c5 01 c5 01 c5 01 c5 01 c5 01 c5 01 c5 01 c5 01 c5 01 c5 01 c5 01 c5 01 c5 01 c5 01 c5 01 c5 01 c5 01 c5 01 c5 01 c5 01 c5 01 c5 01 c5 01 c5 01 c5 01 c5 01 c5 01 c5 01 c5 01 c5 01 c5 01 c5 01 c5 01 c5 01 c5 01 c5 01 c5,0.0,0.86,0.718,0.766,True
none,none,nominal,100,128,4,109,,300000,300000,False,180500,189500,187000,206000,cb d3 ed b0 cb d3 ed b0 cb d3 ed b0 cb d3 ed b0 cb d3 ed b0 cb d3 ed b0 cb d3 ed b0 cb d3 ed b0 cb d3 ed b0 cb d3 ed b0 cb d3 ed b0 cb d3 ed b0 cb d3 ed b0 cb d3 ed b0 cb d3 ed b0 cb d3 ed b0 cb d3 ed b0 cb d3 ed b0 cb d3 ed b0 cb d3 ed b0 cb d3 ed b0 cb d3 ed b0 cb d3 ed b0 cb d3 ed b0 cb d3 ed b0,block-copy,0.38755,0.4406,3.3779133530346925,1.9610850358068659,b0 cb d3 ed b0 cb d3 ed b0 cb d3 ed b0 cb d3 ed b0 cb d3 ed b0 cb d3 ed b0 cb d3 ed b0 cb d3 ed b0 cb d3 ed b0 cb d3 ed b0 cb d3 ed b0 cb d3 ed b0 cb d3 ed b0 cb d3 ed b0 cb d3 ed b0 cb d3 ed b0 cb d3 ed b0 cb d3 ed b0 cb d3 ed b0 cb d3 ed b0 cb d3 ed b0 cb d3 ed b0 cb d3 ed b0 cb d3 ed b0 cb d3 ed,126.11,none_L100_st128_k4_s109.summary.json,13000,-1,cb d3 ed b0 cb d3 ed b0 cb d3 ed b0 cb d3 ed b0 cb d3 ed b0 cb d3 ed b0 cb d3 ed b0 cb d3 ed b0 cb d3 ed b0 cb d3 ed b0 cb d3 ed b0 cb d3 ed b0 cb d3 ed b0 cb d3 ed b0 cb d3 ed b0 cb d3 ed b0 cb d3 ed b0 cb d3 ed b0 cb d3 ed b0 cb d3 ed b0 cb d3 ed b0 cb d3 ed b0 cb d3 ed b0 cb d3 ed b0 cb d3 ed b0,1,0.3705,0.305,0.306,,0.0,False,True,,0.754,block-copy,4,1.0,1.0,0.655,17,True,0.655,cb d3 ed b0 cb d3 ed b0 cb d3 ed b0 cb d3 ed b0 cb d3 ed b0 cb d3 ed b0 cb d3 ed b0 cb d3 ed b0 cb d3 ed b0 cb d3 ed b0 cb d3 ed b0 cb d3 ed b0 cb d3 ed b0 cb d3 ed b0 cb d3 ed b0 cb d3 ed b0 cb d3 ed b0 cb d3 ed b0 cb d3 ed b0 cb d3 ed b0 cb d3 ed b0 cb d3 ed b0 cb d3 ed b0 cb d3 ed b0 cb d3 ed b0,32,0.3125,0.0,1.0,5,0.99895,0.0004,0.00055,1.961085035806866,2.056425035806866,0.0002065,0.4406,0.9117,1d 93 54 dd ed 73 2c e8 16 fd 1d 4d 1d 1d 0a 45 dd ed b0 d1 1d 93 54 dd ed 73 2c e8 16 fd 1d 4d 1d 1d 0a 45 dd ed b0 d1 1d 93 54 dd ed 73 2c e8 16 fd 1d 4d 1d 1d 0a 45 dd ed b0 d1 1d 93 54 dd ed 73 2c e8 16 fd 1d 4d 1d 1d 0a 45 dd ed b0 d1 1d 93 54 dd ed 73 2c e8 16 fd 1d 4d 1d 1d 0a 45 dd ed b0 d1,0.0,0.0053,0.34,0.341,,0.0,False,0.736,,block-copy+ld-mem,20.0,1.0,,cb d3 ed b0 cb d3 ed b0 cb d3 ed b0 cb d3 ed b0 cb d3 ed b0 cb d3 ed b0 cb d3 ed b0 cb d3 ed b0 cb d3 ed b0 cb d3 ed b0 cb d3 ed b0 cb d3 ed b0 cb d3 ed b0 cb d3 ed b0 cb d3 ed b0 cb d3 ed b0 cb d3 ed b0 cb d3 ed b0 cb d3 ed b0 cb d3 ed b0 cb d3 ed b0 cb d3 ed b0 cb d3 ed b0 cb d3 ed b0 cb d3 ed b0,0.0,0.305,0.306,0.0,False
none,none,nominal,100,128,4,110,,300000,300000,False,1900,3800,1800,4050,01 c5 01 c5 01 c5 01 c5 01 c5 01 c5 01 c5 01 c5 01 c5 01 c5 01 c5 01 c5 01 c5 01 c5 01 c5 01 c5 01 c5 01 c5 01 c5 01 c5 01 c5 01 c5 01 c5 01 c5 01 c5 01 c5 01 c5 01 c5 01 c5 01 c5 01 c5 01 c5 01 c5 01 c5 01 c5 01 c5 01 c5 01 c5 01 c5 01 c5 01 c5 01 c5 01 c5 01 c5 01 c5 01 c5 01 c5 01 c5 01 c5 01 c5,stack,0.35725,0.90655,4.6793422025171045,1.5711629170486154,c2 c5 01 c5 01 c5 01 c5 c2 c5 c2 c5 01 c5 01 c5 01 c5 c2 c5 c2 c5 01 c5 01 c5 01 c5 c2 c5 c2 c5 01 c5 01 c5 01 c5 c2 c5 c2 c5 01 c5 01 c5 01 c5 c2 c5 c2 c5 01 c5 01 c5 01 c5 c2 c5 c2 c5 01 c5 01 c5 01 c5 c2 c5 c2 c5 01 c5 01 c5 01 c5 c2 c5 c2 c5 01 c5 01 c5 01 c5 c2 c5 c2 c5 01 c5 01 c5 01 00 00 c5,119.75,none_L100_st128_k4_s110.summary.json,1400,1400,c2 c5 01 c5 01 c5 01 c5 c2 c5 c2 c5 01 c5 01 c5 01 c5 c2 c5 c2 c5 01 c5 01 c5 01 c5 c2 c5 c2 c5 01 c5 01 c5 01 c5 c2 c5 c2 c5 01 c5 01 c5 01 c5 c2 c5 c2 c5 01 c5 01 c5 01 c5 c2 c5 c2 c5 01 c5 01 c5 01 c5 c2 c5 c2 c5 01 c5 01 c5 01 c5 c2 c5 c2 c5 01 c5 01 c5 01 c5 c2 c5 c2 c5 01 c5 01 c5 01 00 00 c5,0,0.3573,0.99,0.99,0.99,1.0,True,True,0.0,0.78,stack,10,0.978,0.991,0.993,19,True,0.993,c2 c5 01 c5 01 c5 01 c5 c2 c5 c2 c5 01 c5 01 c5 01 c5 c2 c5 c2 c5 01 c5 01 c5 01 c5 c2 c5 c2 c5 01 c5 01 c5 01 c5 c2 c5 c2 c5 01 c5 01 c5 01 c5 c2 c5 c2 c5 01 c5 01 c5 01 c5 c2 c5 c2 c5 01 c5 01 c5 01 c5 c2 c5 c2 c5 01 c5 01 c5 01 c5 c2 c5 c2 c5 01 c5 01 c5 01 c5 c2 c5 c2 c5 01 c5 01 c5 01 00 00 c5,32,0.9375,0.9375,0.0,2,0.0,0.97335,0.0597,1.5711629170486154,1.7699509170486154,0.0446765,0.90655,0.9222,01 c5 01 c5 01 c5 01 c5 01 c5 01 c5 01 c5 01 c5 01 c5 01 c5 01 c5 01 c5 01 c5 01 c5 01 c5 01 c5 01 c5 01 c5 01 c5 01 c5 01 c5 01 c5 01 c5 01 c5 01 c5 01 c5 01 c5 01 c5 01 c5 01 c5 01 c5 01 c5 01 c5 01 c5 01 c5 01 c5 01 c5 01 c5 01 c5 01 c5 01 c5 01 c5 01 c5 01 c5 01 c5 01 c5 01 c5 01 c5 01 c5 01 c5,0.0,0.0056,0.86,0.718,0.842,0.766,True,0.835,0.0,stack,2.0,1.0,01 c5 01 c5 01 c5 01 c5 01 c5 01 c5 01 c5 01 c5 01 c5 01 c5 01 c5 01 c5 01 c5 01 c5 01 c5 01 c5 01 c5 01 c5 01 c5 01 c5 01 c5 01 c5 01 c5 01 c5 01 c5 01 c5 01 c5 01 c5 01 c5 01 c5 01 c5 01 c5 01 c5 01 c5 01 c5 01 c5 01 c5 01 c5 01 c5 01 c5 01 c5 01 c5 01 c5 01 c5 01 c5 01 c5 01 c5 01 c5 01 c5 01 c5,01 c5 01 c5 01 c5 01 c5 01 c5 01 c5 01 c5 01 c5 01 c5 01 c5 01 c5 01 c5 01 c5 01 c5 01 c5 01 c5 01 c5 01 c5 01 c5 01 c5 01 c5 01 c5 01 c5 01 c5 01 c5 01 c5 01 c5 01 c5 01 c5 01 c5 01 c5 01 c5 01 c5 01 c5 01 c5 01 c5 01 c5 01 c5 01 c5 01 c5 01 c5 01 c5 01 c5 01 c5 01 c5 01 c5 01 c5 01 c5 01 c5 01 c5,0.0,0.86,0.718,0.766,True
none,none,nominal,16,128,2,101,,300000,300000,False,1700,-1,3600,-1,01 c5 01 c5 01 c5 01 c5 01 c5 01 c5 01 c5 01 c5,stack,0.00145,0.0022,13.184890435168116,4.027902277830341,64 5e ed b0 64 5e ed b0 64 5e ed b0 64 5e ed b0,93.99,none_L16_st128_k2_s101.summary.json,650,650,64 5e ed b0 64 5e ed b0 64 5e ed b0 64 5e ed b0,0,0.0014,1.0,1.0,1.0,1.0,True,True,0.0,0.474,block-copy,4,1.0,1.0,1.0,64,True,1.0,64 5e ed b0 64 5e ed b0 64 5e ed b0 64 5e ed b0,32,0.6875,0.6875,0.6875,32,0.8019,0.0342,0.02195,4.027902277830341,6.346927277830341,0.03841875,0.0022,0.00515,01 c5 01 c5 01 c5 01 c5 01 c5 01 c5 01 c5 01 c5,1.0,0.0053,0.822,0.585,0.76,0.719,True,0.588,0.0,stack,2.0,1.0,01 c5 01 c5 01 c5 01 c5 01 c5 01 c5 01 c5 01 c5,01 c5 01 c5 01 c5 01 c5 01 c5 01 c5 01 c5 01 c5,0.0,0.822,0.585,0.719,True
none,none,nominal,16,128,2,102,,300000,300000,False,2500,-1,8000,-1,01 c5 01 c5 01 c5 01 c5 01 c5 01 c5 01 c5 01 c5,stack,0.0026,0.0062,13.153321513269685,4.052818033527648,44 5e ed b0 44 5e ed b0 44 5e ed b0 44 5e ed b0,92.53,none_L16_st128_k2_s102.summary.json,850,850,44 5e ed b0 44 5e ed b0 44 5e ed b0 44 5e ed b0,0,0.0026,1.0,1.0,1.0,1.0,True,True,0.0,0.464,block-copy,4,1.0,1.0,1.0,64,True,1.0,44 5e ed b0 44 5e ed b0 44 5e ed b0 44 5e ed b0,32,0.75,0.75,0.75,32,0.81555,0.03285,0.02135,4.052818033527648,6.319118033527648,0.0356875,0.0062,0.00905,01 c5 01 c5 01 c5 01 c5 01 c5 01 c5 01 c5 01 c5,2.0,0.005,0.822,0.585,0.76,0.719,True,0.588,0.0,stack,2.0,1.0,01 c5 01 c5 01 c5 01 c5 01 c5 01 c5 01 c5 01 c5,01 c5 01 c5 01 c5 01 c5 01 c5 01 c5 01 c5 01 c5,1.0,0.822,0.585,0.719,True
none,none,nominal,16,128,2,103,,300000,300000,False,2250,-1,3550,-1,01 c5 01 c5 01 c5 01 c5 01 c5 01 c5 01 c5 01 c5,stack,0.00165,0.0046,12.801427713816317,4.053296661224978,6b cb db 81 ed b0 57 af 6b cb db 81 ed b0 57 af,96.88,none_L16_st128_k2_s103.summary.json,1450,1450,6b cb db 81 ed b0 57 af 6b cb db 81 ed b0 57 af,0,0.0016,1.0,1.0,1.0,1.0,True,True,0.0,0.677,block-copy,8,1.0,1.0,1.0,62,True,1.0,6b cb db 81 ed b0 57 af 6b cb db 81 ed b0 57 af,32,0.78125,0.78125,0.78125,32,0.89795,0.03545,0.0131,4.053296661224978,5.796721661224979,0.0293375,0.0046,0.0066,01 c5 01 c5 01 c5 01 c5 01 c5 01 c5 01 c5 01 c5,0.0,0.0053,0.822,0.585,0.76,0.719,True,0.588,0.0,stack,2.0,1.0,01 c5 01 c5 01 c5 01 c5 01 c5 01 c5 01 c5 01 c5,01 c5 01 c5 01 c5 01 c5 01 c5 01 c5 01 c5 01 c5,0.0,0.822,0.585,0.719,True
none,none,nominal,16,128,2,104,,300000,300000,False,1050,2900,2250,-1,11 d5 11 d5 11 d5 11 d5 11 d5 11 d5 11 d5 11 d5,stack,0.0544,0.18145,12.020401425922106,1.6811078872001066,21 e3 21 e3 21 e3 21 e3 21 e3 21 e3 21 e3 21 e3,94.4,none_L16_st128_k2_s104.summary.json,350,350,ad e3 21 e3 21 c0 ad c0 ad e3 21 e3 21 c0 ad c0,1,0.0442,1.0,1.0,1.0,1.0,True,True,0.0,0.752,stack,8,1.0,1.0,1.0,46,True,1.0,ad e3 21 e3 21 c0 ad c0 ad e3 21 e3 21 c0 ad c0,32,0.21875,0.21875,0.21875,32,0.00025,0.00385,0.051,1.6811078872001066,4.551657887200107,0.087928125,0.18145,0.1818,11 d5 11 d5 11 d5 11 d5 11 d5 11 d5 11 d5 11 d5,0.0,0.0075,0.746,0.44,0.691,0.625,True,0.548,0.0,stack,2.0,1.0,11 d5 11 d5 11 d5 11 d5 11 d5 11 d5 11 d5 11 d5,11 d5 11 d5 11 d5 11 d5 11 d5 11 d5 11 d5 11 d5,0.0,0.746,0.44,0.625,True
none,none,nominal,16,128,2,105,,300000,300000,False,950,-1,2900,-1,11 d5 11 d5 11 d5 11 d5 11 d5 11 d5 11 d5 11 d5,stack,0.0021,0.00305,13.173646601883025,4.004191226679036,04 5e ed b0 04 5e ed b0 04 5e ed b0 04 5e ed b0,90.17,none_L16_st128_k2_s105.summary.json,250,250,04 5e ed b0 04 5e ed b0 04 5e ed b0 04 5e ed b0,0,0.0021,1.0,1.0,1.0,1.0,True,True,0.0,0.462,block-copy,4,1.0,1.0,1.0,64,True,1.0,04 5e ed b0 04 5e ed b0 04 5e ed b0 04 5e ed b0,32,0.78125,0.78125,0.78125,32,0.80465,0.04785,0.02515,4.004191226679036,6.312916226679036,0.03993125,0.00305,0.0055,11 d5 11 d5 11 d5 11 d5 11 d5 11 d5 11 d5 11 d5,2.0,0.0052,0.746,0.44,0.691,0.625,True,0.548,0.0,stack,2.0,1.0,11 d5 11 d5 11 d5 11 d5 11 d5 11 d5 11 d5 11 d5,01 c5 01 c5 01 c5 01 c5 01 c5 01 c5 01 c5 01 c5,1.0,0.822,0.585,0.719,True
none,none,nominal,16,128,2,106,,300000,300000,False,1550,-1,2950,-1,21 e5 21 e5 21 e5 21 e5 21 e5 21 e5 21 e5 21 e5,stack,0.0049,0.01265,13.271342311460483,4.159355076283643,04 5e ed b0 04 5e ed b0 04 5e ed b0 04 5e ed b0,101.04,none_L16_st128_k2_s106.summary.json,650,650,04 5e ed b0 04 5e ed b0 04 5e ed b0 04 5e ed b0,0,0.0049,1.0,1.0,1.0,1.0,True,True,0.0,0.462,block-copy,4,1.0,1.0,1.0,63,True,1.0,04 5e ed b0 04 5e ed b0 04 5e ed b0 04 5e ed b0,32,0.46875,0.46875,0.46875,32,0.7668,0.0341,0.02615,4.159355076283643,6.717980076283643,0.04856875,0.01265,0.01285,21 e5 21 e5 21 e5 21 e5 21 e5 21 e5 21 e5 21 e5,1.0,0.0052,0.787,0.532,0.749,0.656,True,0.598,0.0,stack,2.0,1.0,21 e5 21 e5 21 e5 21 e5 21 e5 21 e5 21 e5 21 e5,21 e5 21 e5 21 e5 21 e5 21 e5 21 e5 21 e5 21 e5,0.0,0.787,0.532,0.656,True
none,none,nominal,16,128,2,107,,300000,300000,False,1150,229500,2650,-1,01 c5 01 c5 01 c5 01 c5 01 c5 01 c5 01 c5 01 c5,stack,0.06165,0.27375,11.977936760734199,1.6737768453166306,ad e3 21 e3 21 c0 ad c0 ad e3 21 e3 21 c0 ad c0,96.09,none_L16_st128_k2_s107.summary.json,450,450,ad e3 21 e3 21 c0 ad c0 ad e3 21 e3 21 c0 ad c0,0,0.0617,1.0,1.0,1.0,1.0,True,True,0.0,0.752,stack,8,1.0,1.0,1.0,47,True,1.0,ad e3 21 e3 21 c0 ad c0 ad e3 21 e3 21 c0 ad c0,32,0.3125,0.3125,0.4375,32,5e-05,0.0053,0.0497,1.6737768453166306,4.500901845316631,0.08274375,0.27375,0.27505,01 c5 01 c5 01 c5 01 c5 01 c5 01 c5 01 c5 01 c5,1.0,0.0056,0.822,0.585,0.76,0.719,True,0.588,0.0,stack,2.0,1.0,01 c5 01 c5 01 c5 01 c5 01 c5 01 c5 01 c5 01 c5,01 c5 01 c5 01 c5 01 c5 01 c5 01 c5 01 c5 01 c5,0.0,0.822,0.585,0.719,True
none,none,nominal,16,128,2,108,,300000,300000,False,1800,-1,4050,-1,01 c5 01 c5 01 c5 01 c5 01 c5 01 c5 01 c5 01 c5,stack,0.0024,0.0044,13.157327874461174,4.02371443303446,24 5e ed b0 24 5e ed b0 24 5e ed b0 24 5e ed b0,100.86,none_L16_st128_k2_s108.summary.json,1100,1100,24 5e ed b0 24 5e ed b0 24 5e ed b0 24 5e ed b0,0,0.0024,1.0,1.0,1.0,1.0,True,True,0.0,0.486,block-copy,4,1.0,1.0,1.0,64,True,1.0,24 5e ed b0 24 5e ed b0 24 5e ed b0 24 5e ed b0,32,0.71875,0.71875,0.71875,32,0.81,0.0336,0.022,4.02371443303446,6.28473943303446,0.040390625,0.0044,0.007,01 c5 01 c5 01 c5 01 c5 01 c5 01 c5 01 c5 01 c5,1.0,0.0052,0.822,0.585,0.76,0.719,True,0.588,0.0,stack,2.0,1.0,01 c5 01 c5 01 c5 01 c5 01 c5 01 c5 01 c5 01 c5,01 c5 01 c5 01 c5 01 c5 01 c5 01 c5 01 c5 01 c5,0.0,0.822,0.585,0.719,True
none,none,nominal,16,128,2,109,,300000,300000,False,1400,-1,3100,-1,01 c5 01 c5 01 c5 01 c5 01 c5 01 c5 01 c5 01 c5,stack,0.0021,0.0044,13.169248377189186,3.986964018275516,24 5e ed b0 24 5e ed b0 24 5e ed b0 24 5e ed b0,92.08,none_L16_st128_k2_s109.summary.json,450,450,24 5e ed b0 24 5e ed b0 24 5e ed b0 24 5e ed b0,0,0.0021,1.0,1.0,1.0,1.0,True,True,0.0,0.486,block-copy,4,1.0,1.0,1.0,63,True,1.0,24 5e ed b0 24 5e ed b0 24 5e ed b0 24 5e ed b0,32,0.6875,0.6875,0.71875,32,0.80015,0.04335,0.0245,3.986964018275516,6.289364018275516,0.041,0.0044,0.0072,11 d5 11 d5 11 d5 11 d5 11 d5 11 d5 11 d5 11 d5,2.0,0.005,0.746,0.44,0.691,0.625,True,0.548,0.0,stack,2.0,1.0,11 d5 11 d5 11 d5 11 d5 11 d5 11 d5 11 d5 11 d5,01 c5 01 c5 01 c5 01 c5 01 c5 01 c5 01 c5 01 c5,0.0,0.822,0.585,0.719,True
none,none,nominal,16,128,2,110,,300000,300000,False,1350,-1,2100,-1,01 c5 01 c5 01 c5 01 c5 01 c5 01 c5 01 c5 01 c5,stack,0.0017,0.00405,13.151395583088313,4.001999167148494,24 5e ed b0 24 5e ed b0 24 5e ed b0 24 5e ed b0,93.89,none_L16_st128_k2_s110.summary.json,1100,1100,24 5e ed b0 24 5e ed b0 24 5e ed b0 24 5e ed b0,0,0.0017,1.0,1.0,1.0,1.0,True,True,0.0,0.486,block-copy,4,1.0,1.0,1.0,63,True,1.0,24 5e ed b0 24 5e ed b0 24 5e ed b0 24 5e ed b0,32,0.71875,0.71875,0.71875,32,0.80875,0.0334,0.02415,4.001999167148494,6.2677241671484945,0.04005,0.00405,0.00775,01 c5 01 c5 01 c5 01 c5 01 c5 01 c5 01 c5 01 c5,1.0,0.005,0.822,0.585,0.76,0.719,True,0.588,0.0,stack,2.0,1.0,01 c5 01 c5 01 c5 01 c5 01 c5 01 c5 01 c5 01 c5,01 c5 01 c5 01 c5 01 c5 01 c5 01 c5 01 c5 01 c5,0.0,0.822,0.585,0.719,True
none,none,nominal,16,128,4,101,,300000,300000,False,450,18000,950,19000,01 c5 01 c5 01 c5 01 c5 01 c5 01 c5 01 c5 01 c5,stack,0.54335,0.87215,4.3192168858692535,2.145586274104977,ad e3 21 e3 21 c0 ad c0 ad e3 21 e3 21 c0 ad c0,66.15,none_L16_st128_k4_s101.summary.json,300,300,ad e3 21 e3 21 c0 ad c0 ad e3 21 e3 21 c0 ad c0,0,0.5433,1.0,1.0,1.0,1.0,True,True,0.0,0.752,stack,8,1.0,1.0,1.0,22,True,1.0,ad e3 21 e3 21 c0 ad c0 ad e3 21 e3 21 c0 ad c0,32,0.75,0.75,0.3636363636363636,11,0.0,0.0005,0.00105,2.145586274104977,2.7263112741049773,0.0055625,0.87215,0.87325,01 c5 01 c5 01 c5 01 c5 01 c5 01 c5 01 c5 01 c5,2.0,0.005,0.822,0.585,0.76,0.719,True,0.588,0.0,stack,2.0,1.0,01 c5 01 c5 01 c5 01 c5 01 c5 01 c5 01 c5 01 c5,01 c5 01 c5 01 c5 01 c5 01 c5 01 c5 01 c5 01 c5,0.0,0.822,0.585,0.719,True
none,none,nominal,16,128,4,102,,300000,300000,False,300,750,650,-1,01 c5 01 c5 01 c5 01 c5 01 c5 01 c5 01 c5 01 c5,stack,0.00195,0.00535,12.062839277944603,5.5600142717765895,d1 c0 ed b0 b8 02 66 d1 55 17 2b 37 18 77 2b bc,76.64,none_L16_st128_k4_s102.summary.json,150,150,d1 c0 ed b0 b8 02 66 d1 55 17 2b 37 18 77 2b bc,0,0.0019,1.0,1.0,1.0,1.0,True,True,0.0,0.771,block-copy+ld-mem,16,0.111,1.0,1.0,64,True,1.0,d1 c0 ed b0 b8 02 66 d1 55 17 2b 37 18 77 2b bc,32,0.84375,0.84375,0.875,32,0.95095,0.0089,0.0067,5.5600142717765895,6.937139271776589,0.049134375,0.00535,0.00535,01 c5 01 c5 01 c5 01 c5 01 c5 01 c5 01 c5 01 c5,2.0,0.007,0.822,0.585,0.76,0.719,True,0.588,0.0,stack,2.0,1.0,01 c5 01 c5 01 c5 01 c5 01 c5 01 c5 01 c5 01 c5,01 c5 01 c5 01 c5 01 c5 01 c5 01 c5 01 c5 01 c5,0.0,0.822,0.585,0.719,True
none,none,nominal,16,128,4,103,,300000,300000,False,700,1350,1250,18000,01 c5 01 c5 01 c5 01 c5 01 c5 01 c5 01 c5 01 c5,stack,0.58655,0.8579,4.190686800227098,2.1652073385745854,ad e3 21 e3 21 c0 ad c0 ad e3 21 e3 21 c0 ad c0,65.16,none_L16_st128_k4_s103.summary.json,650,650,ad e3 21 e3 21 c0 ad c0 ad e3 21 e3 21 c0 ad c0,0,0.5866,1.0,1.0,1.0,1.0,True,True,0.0,0.752,stack,8,1.0,1.0,1.0,17,True,1.0,ad e3 21 e3 21 c0 ad c0 ad e3 21 e3 21 c0 ad c0,32,0.90625,0.90625,0.0,2,0.0,0.0006,0.00205,2.165207338574586,2.7183823385745853,0.004428125,0.8579,0.8599,01 c5 01 c5 01 c5 01 c5 01 c5 01 c5 01 c5 01 c5,0.0,0.0118,0.822,0.585,0.76,0.719,True,0.588,0.0,stack,2.0,1.0,01 c5 01 c5 01 c5 01 c5 01 c5 01 c5 01 c5 01 c5,01 c5 01 c5 01 c5 01 c5 01 c5 01 c5 01 c5 01 c5,0.0,0.822,0.585,0.719,True
none,none,nominal,16,128,4,104,,300000,300000,False,300,1250,750,21500,01 c5 01 c5 01 c5 01 c5 01 c5 01 c5 01 c5 01 c5,stack,0.55945,0.86065,4.102015052287405,2.1412604962994903,ad e3 21 e3 21 c0 ad c0 ad e3 21 e3 21 c0 ad c0,66.14,none_L16_st128_k4_s104.summary.json,200,200,ad e3 21 e3 21 c0 ad c0 ad e3 21 e3 21 c0 ad c0,0,0.5595,1.0,1.0,1.0,1.0,True,True,0.0,0.752,stack,8,1.0,1.0,1.0,20,True,1.0,ad e3 21 e3 21 c0 ad c0 ad e3 21 e3 21 c0 ad c0,32,0.78125,0.78125,0.5833333333333334,12,0.0,0.00025,0.00185,2.1412604962994903,2.6925604962994902,0.00413125,0.86065,0.8619,01 c5 01 c5 01 c5 01 c5 01 c5 01 c5 01 c5 01 c5,0.0,0.0097,0.822,0.585,0.76,0.719,True,0.588,0.0,stack,2.0,1.0,01 c5 01 c5 01 c5 01 c5 01 c5 01 c5 01 c5 01 c5,01 c5 01 c5 01 c5 01 c5 01 c5 01 c5 01 c5 01 c5,0.0,0.822,0.585,0.719,True
none,none,nominal,16,128,4,105,,300000,300000,False,250,2450,1850,28000,11 d5 11 d5 11 d5 11 d5 11 d5 11 d5 11 d5 11 d5,stack,0.49605,0.87675,3.9982852761253587,2.107190463724579,ad e3 21 e3 21 c0 ad c0 ad e3 21 e3 21 c0 ad c0,65.84,none_L16_st128_k4_s105.summary.json,200,200,ad e3 21 e3 21 c0 ad c0 ad e3 21 e3 21 c0 ad c0,0,0.496,1.0,1.0,1.0,1.0,True,True,0.0,0.752,stack,8,1.0,1.0,1.0,17,True,1.0,ad e3 21 e3 21 c0 ad c0 ad e3 21 e3 21 c0 ad c0,32,0.84375,0.84375,0.2,5,0.0,0.00015,0.0012,2.107190463724579,2.659190463724579,0.00365,0.87675,0.878,11 d5 11 d5 11 d5 11 d5 11 d5 11 d5 11 d5 11 d5,0.0,0.012,0.746,0.44,0.691,0.625,True,0.548,0.0,stack,2.0,1.0,11 d5 11 d5 11 d5 11 d5 11 d5 11 d5 11 d5 11 d5,01 c5 01 c5 01 c5 01 c5 01 c5 01 c5 01 c5 01 c5,0.0,0.822,0.585,0.719,True
none,none,nominal,16,128,4,106,,300000,300000,False,550,3350,1400,20000,11 d5 11 d5 11 d5 11 d5 11 d5 11 d5 11 d5 11 d5,stack,0.58305,0.89085,3.7979838295029844,2.078204422649702,ad e3 21 e3 21 c0 ad c0 ad e3 21 e3 21 c0 ad c0,65.27,none_L16_st128_k4_s106.summary.json,450,450,ad e3 21 e3 21 c0 ad c0 ad e3 21 e3 21 c0 ad c0,0,0.583,1.0,1.0,1.0,1.0,True,True,0.0,0.752,stack,8,1.0,1.0,1.0,19,True,1.0,ad e3 21 e3 21 c0 ad c0 ad e3 21 e3 21 c0 ad c0,32,0.84375,0.84375,0.5833333333333334,12,0.0,0.00065,0.00185,2.078204422649702,2.6066294226497018,0.00424375,0.89085,0.89305,11 d5 11 d5 11 d5 11 d5 11 d5 11 d5 11 d5 11 d5,1.0,0.0082,0.746,0.44,0.691,0.625,True,0.548,0.0,stack,2.0,1.0,11 d5 11 d5 11 d5 11 d5 11 d5 11 d5 11 d5 11 d5,11 d5 11 d5 11 d5 11 d5 11 d5 11 d5 11 d5 11 d5,0.0,0.746,0.44,0.625,True
none,none,nominal,16,128,4,107,,300000,300000,False,1350,1750,1700,66500,01 c5 01 c5 01 c5 01 c5 01 c5 01 c5 01 c5 01 c5,stack,0.61785,0.88155,3.8931131942572397,2.0609975784323895,ad e3 21 e3 21 c0 ad c0 ad e3 21 e3 21 c0 ad c0,69.85,none_L16_st128_k4_s107.summary.json,1200,1200,ad e3 21 e3 21 c0 ad c0 ad e3 21 e3 21 c0 ad c0,0,0.6179,1.0,1.0,1.0,1.0,True,True,0.0,0.752,stack,8,1.0,1.0,1.0,17,True,1.0,ad e3 21 e3 21 c0 ad c0 ad e3 21 e3 21 c0 ad c0,32,0.78125,0.78125,0.75,8,0.0,0.0005,0.0019,2.0609975784323895,2.6032475784323896,0.00445,0.88155,0.8831,01 c5 01 c5 01 c5 01 c5 01 c5 01 c5 01 c5 01 c5,2.0,0.0053,0.822,0.585,0.76,0.719,True,0.588,0.0,stack,2.0,1.0,01 c5 01 c5 01 c5 01 c5 01 c5 01 c5 01 c5 01 c5,01 c5 01 c5 01 c5 01 c5 01 c5 01 c5 01 c5 01 c5,0.0,0.822,0.585,0.719,True
none,none,nominal,16,128,4,108,,300000,300000,False,300,950,750,14000,01 c5 01 c5 01 c5 01 c5 01 c5 01 c5 01 c5 01 c5,stack,0.5189,0.8862,4.1269049641261395,2.1315849635002593,ad e3 21 e3 21 c0 ad c0 ad e3 21 e3 21 c0 ad c0,66.27,none_L16_st128_k4_s108.summary.json,200,200,ad e3 21 e3 21 c0 ad c0 ad e3 21 e3 21 c0 ad c0,0,0.5189,1.0,1.0,1.0,1.0,True,True,0.0,0.752,stack,8,1.0,1.0,1.0,16,True,1.0,ad e3 21 e3 21 c0 ad c0 ad e3 21 e3 21 c0 ad c0,32,0.78125,0.78125,0.4444444444444444,9,0.0,0.0005,0.00195,2.1315849635002593,2.685984963500259,0.00416875,0.8862,0.8873,01 c5 01 c5 01 c5 01 c5 01 c5 01 c5 01 c5 01 c5,2.0,0.0068,0.822,0.585,0.76,0.719,True,0.588,0.0,stack,2.0,1.0,01 c5 01 c5 01 c5 01 c5 01 c5 01 c5 01 c5 01 c5,01 c5 01 c5 01 c5 01 c5 01 c5 01 c5 01 c5 01 c5,0.0,0.822,0.585,0.719,True
none,none,nominal,16,128,4,109,,300000,300000,False,300,800,650,28500,01 c5 01 c5 01 c5 01 c5 01 c5 01 c5 01 c5 01 c5,stack,0.54865,0.8729,4.080870225570195,2.0900764010329,ad e3 21 e3 21 c0 ad c0 ad e3 21 e3 21 c0 ad c0,65.17,none_L16_st128_k4_s109.summary.json,200,200,ad e3 21 e3 21 c0 ad c0 ad e3 21 e3 21 c0 ad c0,0,0.5486,1.0,1.0,1.0,1.0,True,True,0.0,0.752,stack,8,1.0,1.0,1.0,20,True,1.0,ad e3 21 e3 21 c0 ad c0 ad e3 21 e3 21 c0 ad c0,32,0.90625,0.90625,0.6,5,0.0,0.00015,0.00095,2.0900764010329,2.6578264010329,0.00365625,0.8729,0.8748,01 c5 01 c5 01 c5 01 c5 01 c5 01 c5 01 c5 01 c5,2.0,0.0069,0.822,0.585,0.76,0.719,True,0.588,0.0,stack,2.0,1.0,01 c5 01 c5 01 c5 01 c5 01 c5 01 c5 01 c5 01 c5,01 c5 01 c5 01 c5 01 c5 01 c5 01 c5 01 c5 01 c5,0.0,0.822,0.585,0.719,True
none,none,nominal,16,128,4,110,,300000,300000,False,400,12500,950,13000,01 c5 01 c5 01 c5 01 c5 01 c5 01 c5 01 c5 01 c5,stack,0.64675,0.889,3.700258221160169,2.0475039298178777,ad e3 21 e3 21 c0 ad c0 ad e3 21 e3 21 c0 ad c0,65.37,none_L16_st128_k4_s110.summary.json,250,250,ad e3 21 e3 21 c0 ad c0 ad e3 21 e3 21 c0 ad c0,0,0.6468,1.0,1.0,1.0,1.0,True,True,0.0,0.752,stack,8,1.0,1.0,1.0,16,True,1.0,ad e3 21 e3 21 c0 ad c0 ad e3 21 e3 21 c0 ad c0,32,0.84375,0.84375,0.3333333333333333,6,0.0,0.00015,0.0014,2.0475039298178777,2.5567539298178774,0.003528125,0.889,0.89095,01 c5 01 c5 01 c5 01 c5 01 c5 01 c5 01 c5 01 c5,0.0,0.0103,0.822,0.585,0.76,0.719,True,0.588,0.0,stack,2.0,1.0,01 c5 01 c5 01 c5 01 c5 01 c5 01 c5 01 c5 01 c5,01 c5 01 c5 01 c5 01 c5 01 c5 01 c5 01 c5 01 c5,0.0,0.822,0.585,0.719,True
none,none,nominal,16,128,6,101,,300000,300000,False,34,1250,150,119000,00 41 00 41 00 41 00 41 00 41 00 41 00 41 00 41,-,0.74225,0.962,2.0853865238353357,2.2193347859989117,ad e3 21 e3 21 c0 ad c0 ad e3 21 e3 21 c0 ad c0,71.44,none_L16_st128_k6_s101.summary.json,200,200,ad e3 21 e3 21 c0 ad c0 ad e3 21 e3 21 c0 ad c0,0,0.7422,1.0,1.0,1.0,1.0,True,True,0.0,0.752,stack,8,1.0,1.0,1.0,18,True,1.0,ad e3 21 e3 21 c0 ad c0 ad e3 21 e3 21 c0 ad c0,32,0.96875,0.96875,0.0,1,0.0,0.0,0.00035,2.2193347859989117,2.4335847859989115,0.001403125,0.962,0.96235,01 c5 01 c5 01 c5 01 c5 01 c5 01 c5 01 c5 01 c5,2.0,0.0073,0.822,0.585,0.76,0.719,True,0.588,0.0,stack,2.0,1.0,01 c5 01 c5 01 c5 01 c5 01 c5 01 c5 01 c5 01 c5,00 40 00 40 00 40 00 40 00 40 00 40 00 40 00 40,2.0,0.095,0.115,0.0,False
none,none,nominal,16,128,6,102,,300000,300000,False,34,1050,150,12500,00 41 00 41 00 41 00 41 00 41 00 41 00 41 00 41,-,0.8077,0.9783,1.6420470196405814,2.1337105835186527,ad e3 21 e3 21 c0 ad c0 ad e3 21 e3 21 c0 ad c0,59.12,none_L16_st128_k6_s102.summary.json,600,600,ad e3 21 e3 21 c0 ad c0 ad e3 21 e3 21 c0 ad c0,0,0.8077,1.0,1.0,1.0,1.0,True,True,0.0,0.752,stack,8,1.0,1.0,1.0,9,True,1.0,ad e3 21 e3 21 c0 ad c0 ad e3 21 e3 21 c0 ad c0,32,0.96875,0.96875,,0,0.0,0.0,0.0003,2.1337105835186527,2.3135855835186527,0.0007,0.9783,0.97895,01 c5 01 c5 01 c5 01 c5 01 c5 01 c5 01 c5 01 c5,0.0,0.0135,0.822,0.585,0.76,0.719,True,0.588,0.0,stack,2.0,1.0,01 c5 01 c5 01 c5 01 c5 01 c5 01 c5 01 c5 01 c5,00 40 00 40 00 40 00 40 00 40 00 40 00 40 00 40,2.0,0.095,0.115,0.0,False
none,none,nominal,16,128,6,103,,300000,300000,False,34,1650,200,-1,00 41 00 41 00 41 00 41 00 41 00 41 00 41 00 41,-,0.00855,0.02105,10.141220574673373,6.121835237546998,11 a8 35 4b 0f ed b0 34 11 a8 35 4b 0f ed b0 34,83.59,none_L16_st128_k6_s103.summary.json,850,850,11 a8 35 4b 0f ed b0 34 11 a8 35 4b 0f ed b0 34,0,0.0086,1.0,1.0,1.0,1.0,True,True,0.0,0.493,block-copy+rmw,8,1.0,1.0,1.0,62,True,1.0,11 a8 35 4b 0f ed b0 34 11 a8 35 4b 0f ed b0 34,32,1.0,1.0,1.0,32,0.9889,0.0116,0.00115,6.121835237546998,6.822485237546998,0.021134375,0.02105,0.0211,21 e5 21 e5 21 e5 21 e5 21 e5 21 e5 21 e5 21 e5,2.0,0.0059,0.787,0.532,0.749,0.656,True,0.598,0.0,stack,2.0,1.0,21 e5 21 e5 21 e5 21 e5 21 e5 21 e5 21 e5 21 e5,00 40 00 40 00 40 00 40 00 40 00 40 00 40 00 40,2.0,0.095,0.115,0.0,False
none,none,nominal,16,128,6,104,,300000,300000,False,34,950,150,6000,00 41 00 41 00 41 00 41 00 41 00 41 00 41 00 41,-,0.60965,0.96925,2.4997421860113143,2.2935162545587056,ad e3 21 e3 21 c0 ad c0 ad e3 21 e3 21 c0 ad c0,62.1,none_L16_st128_k6_s104.summary.json,150,150,ad e3 21 e3 21 c0 ad c0 ad e3 21 e3 21 c0 ad c0,0,0.6097,1.0,1.0,1.0,1.0,True,True,0.0,0.752,stack,8,1.0,1.0,1.0,17,True,1.0,ad e3 21 e3 21 c0 ad c0 ad e3 21 e3 21 c0 ad c0,32,0.9375,0.9375,0.3333333333333333,3,0.0,0.0,0.0001,2.2935162545587056,2.5298162545587055,0.00074375,0.96925,0.9697,21 e5 21 e5 21 e5 21 e5 21 e5 21 e5 21 e5 21 e5,2.0,0.013,0.787,0.532,0.749,0.656,True,0.598,0.0,stack,2.0,1.0,21 e5 21 e5 21 e5 21 e5 21 e5 21 e5 21 e5 21 e5,21 e5 21 e5 21 e5 21 e5 21 e5 21 e5 21 e5 21 e5,2.0,0.787,0.532,0.656,True
none,none,nominal,16,128,6,105,,300000,300000,False,34,15000,200,15500,00 41 00 41 00 41 00 41 00 41 00 41 00 41 00 41,-,0.75465,0.96995,2.218862571245633,2.2415325935609522,ad e3 21 e3 21 c0 ad c0 ad e3 21 e3 21 c0 ad c0,59.68,none_L16_st128_k6_s105.summary.json,3200,3200,ad e3 21 e3 21 c0 ad c0 ad e3 21 e3 21 c0 ad c0,0,0.7547,1.0,1.0,1.0,1.0,True,True,0.0,0.752,stack,8,1.0,1.0,1.0,13,True,1.0,ad e3 21 e3 21 c0 ad c0 ad e3 21 e3 21 c0 ad c0,32,1.0,1.0,,0,0.0,0.0001,0.0003,2.241532593560952,2.4569575935609524,0.000934375,0.96995,0.9703,01 c5 01 c5 01 c5 01 c5 01 c5 01 c5 01 c5 01 c5,2.0,0.0066,0.822,0.585,0.76,0.719,True,0.588,0.0,stack,2.0,1.0,01 c5 01 c5 01 c5 01 c5 01 c5 01 c5 01 c5 01 c5,00 40 00 40 00 40 00 40 00 40 00 40 00 40 00 40,2.0,0.095,0.115,0.0,False
none,none,nominal,16,128,6,106,,300000,300000,False,34,15000,1050,16500,00 41 00 41 00 41 00 41 00 41 00 41 00 41 00 41,-,0.4306,0.9641,2.883132209674684,2.345108496418002,ad e3 21 e3 21 c0 ad c0 ad e3 21 e3 21 c0 ad c0,59.52,none_L16_st128_k6_s106.summary.json,150,150,ad e3 21 e3 21 c0 ad c0 ad e3 21 e3 21 c0 ad c0,0,0.4306,1.0,1.0,1.0,1.0,True,True,0.0,0.752,stack,8,1.0,1.0,1.0,17,True,1.0,ad e3 21 e3 21 c0 ad c0 ad e3 21 e3 21 c0 ad c0,32,0.9375,0.9375,0.0,1,0.0,5e-05,0.00035,2.345108496418002,2.622658496418002,0.00089375,0.9641,0.9642,11 d5 11 d5 11 d5 11 d5 11 d5 11 d5 11 d5 11 d5,2.0,0.0098,0.746,0.44,0.691,0.625,True,0.548,0.0,stack,2.0,1.0,11 d5 11 d5 11 d5 11 d5 11 d5 11 d5 11 d5 11 d5,01 c5 01 c5 01 c5 01 c5 01 c5 01 c5 01 c5 01 c5,1.0,0.822,0.585,0.719,True
none,none,nominal,16,128,6,107,,300000,300000,False,34,650,150,-1,00 41 00 41 00 41 00 41 00 41 00 41 00 41 00 41,-,0.0098,0.03295,9.547003311488847,5.319153914181714,28 14 5e ed b0 65 f2 6d 28 14 5e ed b0 65 f2 6d,68.47,none_L16_st128_k6_s107.summary.json,150,150,28 14 5e ed b0 65 f2 6d 28 14 5e ed b0 65 f2 6d,0,0.0098,1.0,1.0,1.0,1.0,True,True,0.0,0.541,block-copy,8,1.0,1.0,1.0,61,True,1.0,28 14 5e ed b0 65 f2 6d 28 14 5e ed b0 65 f2 6d,32,0.96875,0.96875,0.96875,32,0.98855,0.06445,0.00155,5.319153914181714,5.910478914181715,0.00893125,0.03295,0.03295,01 c5 01 c5 01 c5 01 c5 01 c5 01 c5 01 c5 01 c5,2.0,0.0063,0.822,0.585,0.76,0.719,True,0.588,0.0,stack,2.0,1.0,01 c5 01 c5 01 c5 01 c5 01 c5 01 c5 01 c5 01 c5,01 c5 01 c5 01 c5 01 c5 01 c5 01 c5 01 c5 01 c5,2.0,0.822,0.585,0.719,True
none,none,nominal,16,128,6,108,,300000,300000,False,34,550,150,47500,00 41 00 41 00 41 00 41 00 41 00 41 00 41 00 41,-,0.5134,0.9562,3.050075643770845,2.3789127804600207,ad e3 21 e3 21 c0 ad c0 ad e3 21 e3 21 c0 ad c0,63.54,none_L16_st128_k6_s108.summary.json,200,200,ad e3 21 e3 21 c0 ad c0 ad e3 21 e3 21 c0 ad c0,0,0.5134,1.0,1.0,1.0,1.0,True,True,0.0,0.752,stack,8,1.0,1.0,1.0,17,True,1.0,ad e3 21 e3 21 c0 ad c0 ad e3 21 e3 21 c0 ad c0,32,1.0,1.0,1.0,1,0.0,5e-05,0.00025,2.3789127804600207,2.6799877804600207,0.0007875,0.9562,0.95645,01 c5 01 c5 01 c5 01 c5 01 c5 01 c5 01 c5 01 c5,2.0,0.006,0.822,0.585,0.76,0.719,True,0.588,0.0,stack,2.0,1.0,01 c5 01 c5 01 c5 01 c5 01 c5 01 c5 01 c5 01 c5,00 40 00 40 00 40 00 40 00 40 00 40 00 40 00 40,2.0,0.095,0.115,0.0,False
none,none,nominal,16,128,6,109,,300000,300000,False,34,3550,3500,57000,00 41 00 41 00 41 00 41 00 41 00 41 00 41 00 41,-,0.8576,0.9755,1.4799484072661704,2.0924315881808186,ad e3 21 e3 21 c0 ad c0 ad e3 21 e3 21 c0 ad c0,63.34,none_L16_st128_k6_s109.summary.json,3150,3150,ad e3 21 e3 21 c0 ad c0 ad e3 21 e3 21 c0 ad c0,0,0.8576,1.0,1.0,1.0,1.0,True,True,0.0,0.752,stack,8,1.0,1.0,1.0,16,True,1.0,ad e3 21 e3 21 c0 ad c0 ad e3 21 e3 21 c0 ad c0,32,0.875,0.875,0.0,2,0.0,0.0,0.00045,2.092431588180818,2.268981588180819,0.00103125,0.9755,0.9762,01 c5 01 c5 01 c5 01 c5 01 c5 01 c5 01 c5 01 c5,0.0,0.0095,0.822,0.585,0.76,0.719,True,0.588,0.0,stack,2.0,1.0,01 c5 01 c5 01 c5 01 c5 01 c5 01 c5 01 c5 01 c5,01 c5 01 c5 01 c5 01 c5 01 c5 01 c5 01 c5 01 c5,0.0,0.822,0.585,0.719,True
none,none,nominal,16,128,6,110,,300000,300000,False,34,15000,150,82000,00 41 00 41 00 41 00 41 00 41 00 41 00 41 00 41,-,0.6061,0.9668,2.5484748836092495,2.279713762547442,ad e3 21 e3 21 c0 ad c0 ad e3 21 e3 21 c0 ad c0,68.72,none_L16_st128_k6_s110.summary.json,4950,4950,ad e3 21 e3 21 c0 ad c0 ad e3 21 e3 21 c0 ad c0,0,0.6061,1.0,1.0,1.0,1.0,True,True,0.0,0.752,stack,8,1.0,1.0,1.0,17,True,1.0,ad e3 21 e3 21 c0 ad c0 ad e3 21 e3 21 c0 ad c0,32,0.9375,0.9375,0.0,1,0.0,0.0,0.00015,2.279713762547442,2.532038762547442,0.000696875,0.9668,0.96715,01 c5 01 c5 01 c5 01 c5 01 c5 01 c5 01 c5 01 c5,2.0,0.0054,0.822,0.585,0.76,0.719,True,0.588,0.0,stack,2.0,1.0,01 c5 01 c5 01 c5 01 c5 01 c5 01 c5 01 c5 01 c5,00 40 00 40 00 40 00 40 00 40 00 40 00 40 00 40,2.0,0.095,0.115,0.0,False
none,none,nominal,16,32,2,101,,300000,300000,False,-1,-1,-1,-1,,,0.00525,0.0241,13.165508228493344,4.044826456011569,64 5e ed b0 64 5e ed b0 64 5e ed b0 64 5e ed b0,54.46,none_L16_st32_k2_s101.summary.json,44500,44500,64 5e ed b0 64 5e ed b0 64 5e ed b0 64 5e ed b0,0,0.0053,1.0,1.0,1.0,1.0,True,True,0.0,0.716,block-copy,4,1.0,1.0,1.0,63,True,1.0,64 5e ed b0 64 5e ed b0 64 5e ed b0 64 5e ed b0,32,0.65625,0.65625,0.65625,32,0.8536,0.0411,0.00615,4.044826456011569,6.441951456011569,0.041490625,0.0241,0.0242,24 5e ed b0 24 5e ed b0 24 5e ed b0 24 5e ed b0,0.0,0.006,1.0,1.0,1.0,1.0,True,0.714,0.0,block-copy,4.0,1.0,24 5e ed b0 24 5e ed b0 24 5e ed b0 24 5e ed b0,,,,,,
none,none,nominal,16,32,2,102,,300000,300000,False,66000,-1,-1,-1,1e 04 ed b0 1e 04 ed b0 1e 04 ed b0 1e 04 ed b0,block-copy,0.00535,0.019,13.259249624089255,4.068961882243556,24 5e ed b0 24 5e ed b0 24 5e ed b0 24 5e ed b0,57.33,none_L16_st32_k2_s102.summary.json,64000,64000,24 5e ed b0 24 5e ed b0 24 5e ed b0 24 5e ed b0,0,0.0053,1.0,1.0,1.0,1.0,True,True,0.0,0.714,block-copy,4,1.0,1.0,1.0,64,True,1.0,24 5e ed b0 24 5e ed b0 24 5e ed b0 24 5e ed b0,32,0.84375,0.84375,0.84375,32,0.84375,0.0287,0.0083,4.068961882243556,6.5562868822435565,0.05046875,0.019,0.01925,1e 04 ed b0 1e 04 ed b0 1e 04 ed b0 1e 04 ed b0,0.0,0.0052,1.0,1.0,1.0,1.0,True,0.731,0.0,block-copy,4.0,1.0,1e 04 ed b0 1e 04 ed b0 1e 04 ed b0 1e 04 ed b0,,,,,,
none,none,nominal,16,32,2,103,,300000,300000,False,-1,-1,-1,-1,,,0.00055,0.0061,14.27533483156301,0.21422363232554176,00 03 00 03 00 03 00 03 00 03 00 03 00 03 00 00,58.15,none_L16_st32_k2_s103.summary.json,-1,-1,00 03 00 03 00 03 00 03 00 03 00 03 00 03 00 00,0,0.0006,0.026,0.082,,0.0,False,False,,0.93,-,2,0.929,0.009,0.018,64,False,0.023,00 01 00 01 00 01 00 01 00 01 00 01 00 01 00 01,32,0.0,0.0,0.0,32,0.0002,0.0064,0.15155,0.2142236323255417,5.917223632325542,0.32204375,0.0061,0.00685,,,,,,,,,,,,,,,,,,,,
none,none,nominal,16,32,2,104,,300000,300000,False,-1,-1,-1,-1,,,0.00455,0.0204,13.199143629357573,4.0579645220018845,84 5e ed b0 84 5e ed b0 84 5e ed b0 84 5e ed b0,58.41,none_L16_st32_k2_s104.summary.json,68500,68500,84 5e ed b0 84 5e ed b0 84 5e ed b0 84 5e ed b0,0,0.0046,1.0,1.0,1.0,1.0,True,True,0.0,0.718,block-copy,4,1.0,1.0,1.0,63,True,1.0,84 5e ed b0 84 5e ed b0 84 5e ed b0 84 5e ed b0,32,0.6875,0.65625,0.6875,32,0.8504,0.03255,0.0068,4.0579645220018845,6.506189522001884,0.04539375,0.0204,0.02085,04 5e ed b0 04 5e ed b0 04 5e ed b0 04 5e ed b0,0.0,0.0053,1.0,1.0,1.0,1.0,True,0.714,0.0,block-copy,4.0,1.0,04 5e ed b0 04 5e ed b0 04 5e ed b0 04 5e ed b0,,,,,,
none,none,nominal,16,32,2,105,,300000,300000,False,-1,-1,-1,-1,,,0.00225,0.0109,13.251281065443337,4.079583315772918,64 5e ed b0 64 5e ed b0 64 5e ed b0 64 5e ed b0,60.67,none_L16_st32_k2_s105.summary.json,73500,73500,64 5e ed b0 64 5e ed b0 64 5e ed b0 64 5e ed b0,0,0.0022,1.0,1.0,1.0,1.0,True,True,0.0,0.716,block-copy,4,1.0,1.0,1.0,64,True,1.0,64 5e ed b0 64 5e ed b0 64 5e ed b0 64 5e ed b0,32,0.8125,0.8125,0.8125,32,0.84905,0.03105,0.00865,4.079583315772918,6.550858315772918,0.0510625,0.0109,0.011,44 5e ed b0 44 5e ed b0 44 5e ed b0 44 5e ed b0,0.0,0.0053,1.0,1.0,1.0,1.0,True,0.714,0.0,block-copy,4.0,1.0,44 5e ed b0 44 5e ed b0 44 5e ed b0 44 5e ed b0,,,,,,
none,none,nominal,16,32,2,106,,300000,300000,False,72000,-1,73000,-1,1e 84 ed b0 1e 84 ed b0 1e 84 ed b0 1e 84 ed b0,block-copy,0.0028,0.0133,13.273236597949754,4.036397294021619,24 5e ed b0 24 5e ed b0 24 5e ed b0 24 5e ed b0,55.24,none_L16_st32_k2_s106.summary.json,71500,71500,24 5e ed b0 24 5e ed b0 24 5e ed b0 24 5e ed b0,0,0.0028,1.0,1.0,1.0,1.0,True,True,0.0,0.714,block-copy,4,1.0,1.0,1.0,63,True,1.0,24 5e ed b0 24 5e ed b0 24 5e ed b0 24 5e ed b0,32,0.78125,0.78125,0.78125,32,0.83045,0.0248,0.00695,4.036397294021619,6.5631472940216184,0.05285625,0.0133,0.01335,1e 04 ed b0 1e 04 ed b0 1e 04 ed b0 1e 04 ed b0,0.0,0.011,1.0,1.0,1.0,1.0,True,0.731,0.0,block-copy,4.0,1.0,1e 04 ed b0 1e 04 ed b0 1e 04 ed b0 1e 04 ed b0,1e 04 ed b0 1e 04 ed b0 1e 04 ed b0 1e 04 ed b0,0.0,1.0,1.0,1.0,True
none,none,nominal,16,32,2,107,,300000,300000,False,-1,-1,-1,-1,,,0.00265,0.0112,13.226311891119995,4.119768947400901,04 5e ed b0 04 5e ed b0 04 5e ed b0 04 5e ed b0,56.89,none_L16_st32_k2_s107.summary.json,188500,188500,04 5e ed b0 04 5e ed b0 04 5e ed b0 04 5e ed b0,0,0.0027,1.0,1.0,1.0,1.0,True,True,0.0,0.714,block-copy,4,1.0,1.0,1.0,64,True,1.0,04 5e ed b0 04 5e ed b0 04 5e ed b0 04 5e ed b0,32,0.8125,0.8125,0.8125,32,0.84495,0.0232,0.008,4.119768947400901,6.552568947400902,0.046971875,0.0112,0.0113,64 5e ed b0 64 5e ed b0 64 5e ed b0 64 5e ed b0,0.0,0.0061,1.0,1.0,1.0,1.0,True,0.716,0.0,block-copy,4.0,1.0,64 5e ed b0 64 5e ed b0 64 5e ed b0 64 5e ed b0,,,,,,
none,none,nominal,16,32,2,108,,300000,300000,False,-1,-1,-1,-1,,,0.0038,0.01375,13.294659474683748,4.0387779724492106,24 5e ed b0 24 5e ed b0 24 5e ed b0 24 5e ed b0,54.84,none_L16_st32_k2_s108.summary.json,18000,18000,24 5e ed b0 24 5e ed b0 24 5e ed b0 24 5e ed b0,0,0.0038,1.0,1.0,1.0,1.0,True,True,0.0,0.714,block-copy,4,1.0,1.0,1.0,62,True,1.0,24 5e ed b0 24 5e ed b0 24 5e ed b0 24 5e ed b0,32,0.78125,0.78125,0.78125,32,0.83415,0.03005,0.00815,4.0387779724492106,6.589452972449211,0.054678125,0.01375,0.01405,b0 f5 d1 ed b0 f5 d1 ed b0 f5 d1 ed b0 f5 d1 ed,0.0,0.0053,1.0,1.0,1.0,1.0,True,0.656,0.0,block-copy+stack,4.0,1.0,b0 f5 d1 ed b0 f5 d1 ed b0 f5 d1 ed b0 f5 d1 ed,,,,,,
none,none,nominal,16,32,2,109,,300000,300000,False,-1,-1,-1,-1,,,0.00335,0.0118,13.309582115685991,4.034244625340941,04 5e ed b0 04 5e ed b0 04 5e ed b0 04 5e ed b0,56.75,none_L16_st32_k2_s109.summary.json,142500,142500,04 5e ed b0 04 5e ed b0 04 5e ed b0 04 5e ed b0,0,0.0034,1.0,1.0,1.0,1.0,True,True,0.0,0.714,block-copy,4,1.0,1.0,1.0,63,True,1.0,04 5e ed b0 04 5e ed b0 04 5e ed b0 04 5e ed b0,32,0.875,0.875,0.90625,32,0.82335,0.0275,0.00805,4.034244625340941,6.638494625340941,0.0587,0.0118,0.01195,64 5e ed b0 64 5e ed b0 64 5e ed b0 64 5e ed b0,0.0,0.0052,1.0,1.0,1.0,1.0,True,0.716,0.0,block-copy,4.0,1.0,64 5e ed b0 64 5e ed b0 64 5e ed b0 64 5e ed b0,,,,,,
none,none,nominal,16,32,2,110,,300000,300000,False,15500,17000,16500,-1,1e 04 ed b0 1e 04 ed b0 1e 04 ed b0 1e 04 ed b0,block-copy,0.0043,0.02145,13.183698110283952,3.982811079191844,04 5e ed b0 04 5e ed b0 04 5e ed b0 04 5e ed b0,53.14,none_L16_st32_k2_s110.summary.json,15000,15000,04 5e ed b0 04 5e ed b0 04 5e ed b0 04 5e ed b0,0,0.0043,1.0,1.0,1.0,1.0,True,True,0.0,0.714,block-copy,4,1.0,1.0,1.0,64,True,1.0,04 5e ed b0 04 5e ed b0 04 5e ed b0 04 5e ed b0,32,0.65625,0.65625,0.6875,32,0.83675,0.03275,0.0086,3.982811079191844,6.444411079191844,0.047671875,0.02145,0.0222,1e 04 ed b0 1e 04 ed b0 1e 04 ed b0 1e 04 ed b0,0.0,0.0067,1.0,1.0,1.0,1.0,True,0.731,0.0,block-copy,4.0,1.0,1e 04 ed b0 1e 04 ed b0 1e 04 ed b0 1e 04 ed b0,1e 04 ed b0 1e 04 ed b0 1e 04 ed b0 1e 04 ed b0,0.0,1.0,1.0,1.0,True
none,none,nominal,16,512,2,101,,300000,300000,False,500,1200,1000,-1,01 c5 01 c5 01 c5 01 c5 01 c5 01 c5 01 c5 01 c5,stack,0.16595,0.2258,10.577617109264565,2.0307305991175117,01 c5 01 c5 01 c5 01 c5 01 c5 01 c5 01 c5 01 c5,279.16,none_L16_st512_k2_s101.summary.json,300,300,01 c5 01 c5 01 c5 01 c5 01 c5 01 c5 01 c5 01 c5,0,0.1659,0.815,0.537,0.732,0.719,True,True,0.0,0.533,stack,2,1.0,0.766,0.566,55,True,0.579,21 e5 21 e5 21 e5 21 e5 21 e5 21 e5 21 e5 21 e5,32,0.09375,0.0625,0.0625,32,5e-05,0.43765,0.13035,2.0307305991175117,4.479005599117512,0.135965625,0.2258,0.2278,01 c5 01 c5 01 c5 01 c5 01 c5 01 c5 01 c5 01 c5,0.0,0.0081,0.815,0.537,0.732,0.719,True,0.533,0.0,stack,2.0,1.0,01 c5 01 c5 01 c5 01 c5 01 c5 01 c5 01 c5 01 c5,01 c5 01 c5 01 c5 01 c5 01 c5 01 c5 01 c5 01 c5,0.0,0.815,0.537,0.719,True
none,none,nominal,16,512,2,102,,300000,300000,False,400,800,700,-1,01 c5 01 c5 01 c5 01 c5 01 c5 01 c5 01 c5 01 c5,stack,0.18555,0.25465,10.156803631130416,2.0593195347110416,01 c5 01 c5 01 c5 01 c5 01 c5 01 c5 01 c5 01 c5,287.67,none_L16_st512_k2_s102.summary.json,200,200,01 c5 01 c5 01 c5 01 c5 01 c5 01 c5 01 c5 01 c5,0,0.1855,0.815,0.537,0.732,0.719,True,True,0.0,0.533,stack,2,1.0,0.708,0.475,45,True,0.509,21 e5 21 e5 21 e5 21 e5 21 e5 21 e5 21 e5 21 e5,32,0.3125,0.3125,0.28125,32,0.0,0.47945,0.12485,2.0593195347110416,4.344244534711041,0.126090625,0.25465,0.2568,01 c5 01 c5 01 c5 01 c5 01 c5 01 c5 01 c5 01 c5,1.0,0.006,0.815,0.537,0.732,0.719,True,0.533,0.0,stack,2.0,1.0,01 c5 01 c5 01 c5 01 c5 01 c5 01 c5 01 c5 01 c5,01 c5 01 c5 01 c5 01 c5 01 c5 01 c5 01 c5 01 c5,0.0,0.815,0.537,0.719,True
none,none,nominal,16,512,2,103,,300000,300000,False,650,1200,850,-1,01 c5 01 c5 01 c5 01 c5 01 c5 01 c5 01 c5 01 c5,stack,0.17105,0.23345,10.556241741594409,2.00456277015875,01 c5 01 c5 01 c5 01 c5 01 c5 01 c5 01 c5 01 c5,289.33,none_L16_st512_k2_s103.summary.json,400,400,01 c5 01 c5 01 c5 01 c5 01 c5 01 c5 01 c5 01 c5,0,0.1711,0.815,0.537,0.732,0.719,True,True,0.0,0.533,stack,2,1.0,0.763,0.575,54,True,0.603,21 e5 21 e5 21 e5 21 e5 21 e5 21 e5 21 e5 21 e5,32,0.25,0.15625,0.28125,32,0.0,0.43995,0.13375,2.00456277015875,4.47711277015875,0.139878125,0.23345,0.2358,01 c5 01 c5 01 c5 01 c5 01 c5 01 c5 01 c5 01 c5,0.0,0.0066,0.815,0.537,0.732,0.719,True,0.533,0.0,stack,2.0,1.0,01 c5 01 c5 01 c5 01 c5 01 c5 01 c5 01 c5 01 c5,01 c5 01 c5 01 c5 01 c5 01 c5 01 c5 01 c5 01 c5,0.0,0.815,0.537,0.719,True
none,none,nominal,16,512,2,104,,300000,300000,False,450,850,750,-1,01 c5 01 c5 01 c5 01 c5 01 c5 01 c5 01 c5 01 c5,stack,0.16755,0.2291,10.513576445036586,2.020398742850971,01 c5 01 c5 01 c5 01 c5 01 c5 01 c5 01 c5 01 c5,279.43,none_L16_st512_k2_s104.summary.json,200,200,01 c5 01 c5 01 c5 01 c5 01 c5 01 c5 01 c5 01 c5,0,0.1676,0.815,0.537,0.732,0.719,True,True,0.0,0.533,stack,2,1.0,0.765,0.583,42,True,0.633,21 e5 21 e5 21 e5 21 e5 21 e5 21 e5 21 e5 21 e5,32,0.375,0.34375,0.40625,32,0.0,0.44345,0.12715,2.020398742850971,4.445348742850971,0.1324125,0.2291,0.2314,01 c5 01 c5 01 c5 01 c5 01 c5 01 c5 01 c5 01 c5,1.0,0.0059,0.815,0.537,0.732,0.719,True,0.533,0.0,stack,2.0,1.0,01 c5 01 c5 01 c5 01 c5 01 c5 01 c5 01 c5 01 c5,01 c5 01 c5 01 c5 01 c5 01 c5 01 c5 01 c5 01 c5,0.0,0.815,0.537,0.719,True
none,none,nominal,16,512,2,105,,300000,300000,False,300,850,800,-1,11 d5 11 d5 11 d5 11 d5 11 d5 11 d5 11 d5 11 d5,stack,0.16965,0.23565,10.649012117121888,2.0014317312933185,01 c5 01 c5 01 c5 01 c5 01 c5 01 c5 01 c5 01 c5,281.59,none_L16_st512_k2_s105.summary.json,200,200,01 c5 01 c5 01 c5 01 c5 01 c5 01 c5 01 c5 01 c5,0,0.1696,0.815,0.537,0.732,0.719,True,True,0.0,0.533,stack,2,1.0,0.746,0.571,47,True,0.602,21 e5 21 e5 21 e5 21 e5 21 e5 21 e5 21 e5 21 e5,32,0.4375,0.375,0.40625,32,0.0,0.42825,0.1338,2.0014317312933185,4.480381731293319,0.135703125,0.23565,0.2375,11 d5 11 d5 11 d5 11 d5 11 d5 11 d5 11 d5 11 d5,0.0,0.0096,0.686,0.391,0.73,0.531,True,0.496,0.0,stack,2.0,1.0,11 d5 11 d5 11 d5 11 d5 11 d5 11 d5 11 d5 11 d5,01 c5 01 c5 01 c5 01 c5 01 c5 01 c5 01 c5 01 c5,0.0,0.815,0.537,0.719,True
none,none,nominal,16,512,2,106,,300000,300000,False,500,850,700,-1,01 c5 01 c5 01 c5 01 c5 01 c5 01 c5 01 c5 01 c5,stack,0.17015,0.23435,10.675881544592656,1.9914968917806761,01 c5 01 c5 01 c5 01 c5 01 c5 01 c5 01 c5 01 c5,281.88,none_L16_st512_k2_s106.summary.json,350,350,01 c5 01 c5 01 c5 01 c5 01 c5 01 c5 01 c5 01 c5,0,0.1701,0.815,0.537,0.732,0.719,True,True,0.0,0.533,stack,2,1.0,0.669,0.447,52,True,0.509,21 e5 21 e5 21 e5 21 e5 21 e5 21 e5 21 e5 21 e5,32,0.375,0.375,0.375,32,0.0001,0.42975,0.1274,1.991496891780676,4.479571891780676,0.13279375,0.23435,0.236,01 c5 01 c5 01 c5 01 c5 01 c5 01 c5 01 c5 01 c5,1.0,0.0057,0.815,0.537,0.732,0.719,True,0.533,0.0,stack,2.0,1.0,01 c5 01 c5 01 c5 01 c5 01 c5 01 c5 01 c5 01 c5,01 c5 01 c5 01 c5 01 c5 01 c5 01 c5 01 c5 01 c5,0.0,0.815,0.537,0.719,True
none,none,nominal,16,512,2,107,,300000,300000,False,850,1450,1300,-1,01 c5 01 c5 01 c5 01 c5 01 c5 01 c5 01 c5 01 c5,stack,0.1628,0.2284,10.541531705963402,2.0128699959204925,01 c5 01 c5 01 c5 01 c5 01 c5 01 c5 01 c5 01 c5,279.44,none_L16_st512_k2_s107.summary.json,550,550,01 c5 01 c5 01 c5 01 c5 01 c5 01 c5 01 c5 01 c5,0,0.1628,0.815,0.537,0.732,0.719,True,True,0.0,0.533,stack,2,1.0,0.915,0.652,54,True,0.656,21 e5 21 e5 21 e5 21 e5 21 e5 21 e5 21 e5 21 e5,32,0.46875,0.46875,0.4375,32,5e-05,0.4545,0.131,2.0128699959204925,4.493594995920493,0.134653125,0.2284,0.2299,01 c5 01 c5 01 c5 01 c5 01 c5 01 c5 01 c5 01 c5,1.0,0.006,0.815,0.537,0.732,0.719,True,0.533,0.0,stack,2.0,1.0,01 c5 01 c5 01 c5 01 c5 01 c5 01 c5 01 c5 01 c5,01 c5 01 c5 01 c5 01 c5 01 c5 01 c5 01 c5 01 c5,0.0,0.815,0.537,0.719,True
none,none,nominal,16,512,2,108,,300000,300000,False,900,1350,1250,-1,01 c5 01 c5 01 c5 01 c5 01 c5 01 c5 01 c5 01 c5,stack,0.1675,0.23005,10.444360345112672,2.049452212085639,01 c5 01 c5 01 c5 01 c5 01 c5 01 c5 01 c5 01 c5,279.85,none_L16_st512_k2_s108.summary.json,750,750,01 c5 01 c5 01 c5 01 c5 01 c5 01 c5 01 c5 01 c5,0,0.1675,0.815,0.537,0.732,0.719,True,True,0.0,0.533,stack,2,1.0,0.695,0.492,51,True,0.607,21 e5 21 e5 21 e5 21 e5 21 e5 21 e5 21 e5 21 e5,32,0.3125,0.28125,0.34375,32,0.0,0.45025,0.13005,2.049452212085639,4.424677212085639,0.132078125,0.23005,0.2317,01 c5 01 c5 01 c5 01 c5 01 c5 01 c5 01 c5 01 c5,0.0,0.0082,0.815,0.537,0.732,0.719,True,0.533,0.0,stack,2.0,1.0,01 c5 01 c5 01 c5 01 c5 01 c5 01 c5 01 c5 01 c5,01 c5 01 c5 01 c5 01 c5 01 c5 01 c5 01 c5 01 c5,0.0,0.815,0.537,0.719,True
none,none,nominal,16,512,2,109,,300000,300000,False,850,1400,1300,-1,01 c5 01 c5 01 c5 01 c5 01 c5 01 c5 01 c5 01 c5,stack,0.16505,0.2283,10.574129317048099,2.022462090795239,01 c5 01 c5 01 c5 01 c5 01 c5 01 c5 01 c5 01 c5,280.48,none_L16_st512_k2_s109.summary.json,600,600,01 c5 01 c5 01 c5 01 c5 01 c5 01 c5 01 c5 01 c5,0,0.1651,0.815,0.537,0.732,0.719,True,True,0.0,0.533,stack,2,1.0,0.769,0.567,49,True,0.587,21 e5 21 e5 21 e5 21 e5 21 e5 21 e5 21 e5 21 e5,32,0.375,0.34375,0.375,32,5e-05,0.44425,0.13105,2.022462090795239,4.480537090795239,0.134578125,0.2283,0.23,01 c5 01 c5 01 c5 01 c5 01 c5 01 c5 01 c5 01 c5,1.0,0.0056,0.815,0.537,0.732,0.719,True,0.533,0.0,stack,2.0,1.0,01 c5 01 c5 01 c5 01 c5 01 c5 01 c5 01 c5 01 c5,01 c5 01 c5 01 c5 01 c5 01 c5 01 c5 01 c5 01 c5,0.0,0.815,0.537,0.719,True
none,none,nominal,16,512,2,110,,300000,300000,False,750,1200,1050,-1,11 d5 11 d5 11 d5 11 d5 11 d5 11 d5 11 d5 11 d5,stack,0.17685,0.24155,10.345937799748466,2.0850024317734177,01 c5 01 c5 01 c5 01 c5 01 c5 01 c5 01 c5 01 c5,282.43,none_L16_st512_k2_s110.summary.json,500,500,01 c5 01 c5 01 c5 01 c5 01 c5 01 c5 01 c5 01 c5,0,0.1769,0.815,0.537,0.732,0.719,True,True,0.0,0.533,stack,2,1.0,0.751,0.595,47,True,0.595,01 c5 01 c5 01 c5 01 c5 01 c5 01 c5 01 c5 01 c5,32,0.28125,0.25,0.34375,32,0.0,0.45915,0.12615,2.0850024317734177,4.444627431773418,0.129340625,0.24155,0.24355,11 d5 11 d5 11 d5 11 d5 11 d5 11 d5 11 d5 11 d5,1.0,0.006,0.686,0.391,0.73,0.531,True,0.496,0.0,stack,2.0,1.0,11 d5 11 d5 11 d5 11 d5 11 d5 11 d5 11 d5 11 d5,11 d5 11 d5 11 d5 11 d5 11 d5 11 d5 11 d5 11 d5,0.0,0.686,0.391,0.531,True
none,none,nominal,16,512,4,101,,300000,300000,False,800,1450,1250,29500,01 c5 01 c5 01 c5 01 c5 01 c5 01 c5 01 c5 01 c5,stack,0.4287,0.47895,5.743721842323886,2.435214912313847,c8 e3 21 e3 21 81 c8 81 c8 e3 21 e3 21 81 c8 81,189.82,none_L16_st512_k4_s101.summary.json,500,500,c8 e3 21 e3 21 81 c8 81 c8 e3 21 e3 21 81 c8 81,0,0.4287,1.0,1.0,1.0,1.0,True,True,0.0,0.634,stack,8,1.0,1.0,1.0,39,True,1.0,c8 e3 21 e3 21 81 c8 81 c8 e3 21 e3 21 81 c8 81,32,0.625,0.625,0.625,32,0.0,0.00035,0.00815,2.435214912313847,3.185514912313847,0.014353125,0.47895,0.48015,01 c5 01 c5 01 c5 01 c5 01 c5 01 c5 01 c5 01 c5,1.0,0.0056,0.815,0.537,0.732,0.719,True,0.533,0.0,stack,2.0,1.0,01 c5 01 c5 01 c5 01 c5 01 c5 01 c5 01 c5 01 c5,01 c5 01 c5 01 c5 01 c5 01 c5 01 c5 01 c5 01 c5,1.0,0.815,0.537,0.719,True
none,none,nominal,16,512,4,102,,300000,300000,False,350,1000,700,181500,01 c5 01 c5 01 c5 01 c5 01 c5 01 c5 01 c5 01 c5,stack,0.517,0.5773,5.134568763916828,2.365209576673566,c8 e3 21 e3 21 81 c8 81 c8 e3 21 e3 21 81 c8 81,204.16,none_L16_st512_k4_s102.summary.json,150,150,c8 e3 21 e3 21 81 c8 81 c8 e3 21 e3 21 81 c8 81,0,0.517,1.0,1.0,1.0,1.0,True,True,0.0,0.634,stack,8,1.0,1.0,1.0,27,True,1.0,c8 e3 21 e3 21 81 c8 81 c8 e3 21 e3 21 81 c8 81,32,0.75,0.75,0.78125,32,0.0,0.0002,0.0069,2.365209576673566,3.048084576673566,0.014015625,0.5773,0.57835,01 c5 01 c5 01 c5 01 c5 01 c5 01 c5 01 c5 01 c5,1.0,0.0054,0.815,0.537,0.732,0.719,True,0.533,0.0,stack,2.0,1.0,01 c5 01 c5 01 c5 01 c5 01 c5 01 c5 01 c5 01 c5,01 c5 01 c5 01 c5 01 c5 01 c5 01 c5 01 c5 01 c5,0.0,0.815,0.537,0.719,True
none,none,nominal,16,512,4,103,,300000,300000,False,1050,1300,1250,52500,01 c5 01 c5 01 c5 01 c5 01 c5 01 c5 01 c5 01 c5,stack,0.5281,0.59245,4.967006228583445,2.3533631998281512,c8 e3 21 e3 21 81 c8 81 c8 e3 21 e3 21 81 c8 81,200.81,none_L16_st512_k4_s103.summary.json,1000,1000,c8 e3 21 e3 21 81 c8 81 c8 e3 21 e3 21 81 c8 81,0,0.5281,1.0,1.0,1.0,1.0,True,True,0.0,0.634,stack,8,1.0,1.0,1.0,22,True,1.0,c8 e3 21 e3 21 81 c8 81 c8 e3 21 e3 21 81 c8 81,32,0.8125,0.8125,0.8125,32,0.0,0.00035,0.0062,2.3533631998281512,3.022463199828151,0.013184375,0.59245,0.5931,01 c5 01 c5 01 c5 01 c5 01 c5 01 c5 01 c5 01 c5,0.0,0.0118,0.815,0.537,0.732,0.719,True,0.533,0.0,stack,2.0,1.0,01 c5 01 c5 01 c5 01 c5 01 c5 01 c5 01 c5 01 c5,01 c5 01 c5 01 c5 01 c5 01 c5 01 c5 01 c5 01 c5,0.0,0.815,0.537,0.719,True
none,none,nominal,16,512,4,104,,300000,300000,False,400,750,600,45500,01 c5 01 c5 01 c5 01 c5 01 c5 01 c5 01 c5 01 c5,stack,0.6059,0.6785,4.4305238315869335,2.202252150439856,c8 e3 21 e3 21 81 c8 81 c8 e3 21 e3 21 81 c8 81,200.24,none_L16_st512_k4_s104.summary.json,300,300,c8 e3 21 e3 21 81 c8 81 c8 e3 21 e3 21 81 c8 81,0,0.6059,1.0,1.0,1.0,1.0,True,True,0.0,0.634,stack,8,1.0,1.0,1.0,22,True,1.0,c8 e3 21 e3 21 81 c8 81 c8 e3 21 e3 21 81 c8 81,32,0.78125,0.78125,0.78125,32,0.0,0.00055,0.00895,2.202252150439856,2.8353521504398556,0.015384375,0.6785,0.67965,01 c5 01 c5 01 c5 01 c5 01 c5 01 c5 01 c5 01 c5,1.0,0.0058,0.815,0.537,0.732,0.719,True,0.533,0.0,stack,2.0,1.0,01 c5 01 c5 01 c5 01 c5 01 c5 01 c5 01 c5 01 c5,01 c5 01 c5 01 c5 01 c5 01 c5 01 c5 01 c5 01 c5,0.0,0.815,0.537,0.719,True
none,none,nominal,16,512,4,105,,300000,300000,False,250,2800,550,-1,11 d5 11 d5 11 d5 11 d5 11 d5 11 d5 11 d5 11 d5,stack,0.0032,0.0055,11.392833389622893,5.057653925788552,28 63 5e ed b0 72 c8 0e 28 63 5e ed b0 72 c8 0e,220.35,none_L16_st512_k4_s105.summary.json,150,150,28 63 5e ed b0 72 c8 0e 28 63 5e ed b0 72 c8 0e,0,0.0032,1.0,1.0,1.0,1.0,True,True,0.0,0.476,block-copy+ld-mem,8,1.0,1.0,1.0,64,True,1.0,28 63 5e ed b0 72 c8 0e 28 63 5e ed b0 72 c8 0e,32,0.90625,0.90625,0.90625,32,0.9467,0.04955,0.007,5.057653925788552,6.148178925788551,0.01361875,0.0055,0.0055,11 d5 11 d5 11 d5 11 d5 11 d5 11 d5 11 d5 11 d5,1.0,0.0069,0.686,0.391,0.73,0.531,True,0.496,0.0,stack,2.0,1.0,11 d5 11 d5 11 d5 11 d5 11 d5 11 d5 11 d5 11 d5,11 d5 11 d5 11 d5 11 d5 11 d5 11 d5 11 d5 11 d5,0.0,0.686,0.391,0.531,True
none,none,nominal,16,512,4,106,,300000,300000,False,450,650,600,16500,01 c5 01 c5 01 c5 01 c5 01 c5 01 c5 01 c5 01 c5,stack,0.58475,0.6481,4.621814642193883,2.2395098560233713,c8 e3 21 e3 21 81 c8 81 c8 e3 21 e3 21 81 c8 81,189.07,none_L16_st512_k4_s106.summary.json,350,350,c8 e3 21 e3 21 81 c8 81 c8 e3 21 e3 21 81 c8 81,0,0.5847,1.0,1.0,1.0,1.0,True,True,0.0,0.634,stack,8,1.0,1.0,1.0,20,True,1.0,c8 e3 21 e3 21 81 c8 81 c8 e3 21 e3 21 81 c8 81,32,0.75,0.75,0.75,32,0.0,0.00015,0.00925,2.2395098560233713,2.8911848560233713,0.01579375,0.6481,0.64935,01 c5 01 c5 01 c5 01 c5 01 c5 01 c5 01 c5 01 c5,1.0,0.0065,0.815,0.537,0.732,0.719,True,0.533,0.0,stack,2.0,1.0,01 c5 01 c5 01 c5 01 c5 01 c5 01 c5 01 c5 01 c5,01 c5 01 c5 01 c5 01 c5 01 c5 01 c5 01 c5 01 c5,0.0,0.815,0.537,0.719,True
none,none,nominal,16,512,4,107,,300000,300000,False,850,1300,1000,138500,01 c5 01 c5 01 c5 01 c5 01 c5 01 c5 01 c5 01 c5,stack,0.5372,0.60975,4.97436660172168,2.3414907038831725,c8 e3 21 e3 21 81 c8 81 c8 e3 21 e3 21 81 c8 81,205.35,none_L16_st512_k4_s107.summary.json,750,750,c8 e3 21 e3 21 81 c8 81 c8 e3 21 e3 21 81 c8 81,0,0.5372,1.0,1.0,1.0,1.0,True,True,0.0,0.634,stack,8,1.0,1.0,1.0,26,True,1.0,c8 e3 21 e3 21 81 c8 81 c8 e3 21 e3 21 81 c8 81,32,0.90625,0.90625,0.90625,32,0.0,0.00055,0.0089,2.3414907038831725,3.0079407038831723,0.014975,0.60975,0.61055,01 c5 01 c5 01 c5 01 c5 01 c5 01 c5 01 c5 01 c5,1.0,0.0068,0.815,0.537,0.732,0.719,True,0.533,0.0,stack,2.0,1.0,01 c5 01 c5 01 c5 01 c5 01 c5 01 c5 01 c5 01 c5,01 c5 01 c5 01 c5 01 c5 01 c5 01 c5 01 c5 01 c5,0.0,0.815,0.537,0.719,True
none,none,nominal,16,512,4,108,,300000,300000,False,450,3000,2800,92500,11 d5 11 d5 11 d5 11 d5 11 d5 11 d5 11 d5 11 d5,stack,0.63305,0.7107,3.995279054452576,2.1578012331932745,c8 e3 21 e3 21 81 c8 81 c8 e3 21 e3 21 81 c8 81,199.87,none_L16_st512_k4_s108.summary.json,200,200,c8 e3 21 e3 21 81 c8 81 c8 e3 21 e3 21 81 c8 81,0,0.6331,1.0,1.0,1.0,1.0,True,True,0.0,0.634,stack,8,1.0,1.0,1.0,29,True,1.0,c8 e3 21 e3 21 81 c8 81 c8 e3 21 e3 21 81 c8 81,32,0.78125,0.78125,0.2857142857142857,7,0.0,0.0002,0.0071,2.1578012331932745,2.7533762331932747,0.0138125,0.7107,0.7116,11 d5 11 d5 11 d5 11 d5 11 d5 11 d5 11 d5 11 d5,1.0,0.0073,0.686,0.391,0.73,0.531,True,0.496,0.0,stack,2.0,1.0,11 d5 11 d5 11 d5 11 d5 11 d5 11 d5 11 d5 11 d5,01 c5 01 c5 01 c5 01 c5 01 c5 01 c5 01 c5 01 c5,0.0,0.815,0.537,0.719,True
none,none,nominal,16,512,4,109,,300000,300000,False,1950,3850,3200,15000,21 e5 21 e5 21 e5 21 e5 21 e5 21 e5 21 e5 21 e5,stack,0.5432,0.6033,4.853392726948371,2.310471353089146,c8 e3 21 e3 21 81 c8 81 c8 e3 21 e3 21 81 c8 81,193.57,none_L16_st512_k4_s109.summary.json,1900,1900,c8 e3 21 e3 21 81 c8 81 c8 e3 21 e3 21 81 c8 81,0,0.5432,1.0,1.0,1.0,1.0,True,True,0.0,0.634,stack,8,1.0,1.0,1.0,32,True,1.0,c8 e3 21 e3 21 81 c8 81 c8 e3 21 e3 21 81 c8 81,32,0.75,0.75,0.78125,32,0.0,0.0002,0.00685,2.310471353089146,2.972821353089146,0.013325,0.6033,0.6042,21 e5 21 e5 21 e5 21 e5 21 e5 21 e5 21 e5 21 e5,0.0,0.0116,0.757,0.484,0.737,0.641,True,0.571,0.0,stack,2.0,1.0,21 e5 21 e5 21 e5 21 e5 21 e5 21 e5 21 e5 21 e5,e5 2a e5 2a e5 2a e5 2a e5 2a e5 2a e5 2a e5 2a,2.0,0.832,0.681,0.734,True
none,none,nominal,16,512,4,110,,300000,300000,False,1200,2500,1600,145500,21 e5 21 e5 21 e5 21 e5 21 e5 21 e5 21 e5 21 e5,stack,0.52115,0.57715,5.060042856104097,2.354735099846561,c8 e3 21 e3 21 81 c8 81 c8 e3 21 e3 21 81 c8 81,192.13,none_L16_st512_k4_s110.summary.json,1100,1100,c8 e3 21 e3 21 81 c8 81 c8 e3 21 e3 21 81 c8 81,0,0.5212,1.0,1.0,1.0,1.0,True,True,0.0,0.634,stack,8,1.0,1.0,1.0,30,True,1.0,c8 e3 21 e3 21 81 c8 81 c8 e3 21 e3 21 81 c8 81,32,0.71875,0.71875,0.75,32,0.0,0.00025,0.0077,2.354735099846561,3.032810099846561,0.016021875,0.57715,0.5781,21 e5 21 e5 21 e5 21 e5 21 e5 21 e5 21 e5 21 e5,0.0,0.0082,0.757,0.484,0.737,0.641,True,0.571,0.0,stack,2.0,1.0,21 e5 21 e5 21 e5 21 e5 21 e5 21 e5 21 e5 21 e5,01 c5 01 c5 01 c5 01 c5 01 c5 01 c5 01 c5 01 c5,1.0,0.815,0.537,0.719,True
none,none,nominal,16,512,6,101,,300000,300000,False,34,4200,4150,36500,00 41 00 41 00 41 00 41 00 41 00 41 00 41 00 41,-,0.3163,0.38425,4.524060508001049,2.854598407082523,35 e3 21 e3 21 c9 35 c9 35 e3 21 e3 21 c9 35 c9,190.5,none_L16_st512_k6_s101.summary.json,3850,3850,35 e3 21 e3 21 c9 35 c9 35 e3 21 e3 21 c9 35 c9,0,0.3163,1.0,1.0,1.0,1.0,True,True,0.0,0.667,rmw+stack,8,1.0,1.0,1.0,41,True,1.0,35 e3 21 e3 21 c9 35 c9 35 e3 21 e3 21 c9 35 c9,32,0.9375,0.9375,0.96875,32,0.0,0.0001,0.0014,2.854598407082523,3.306148407082523,0.002875,0.38425,0.38455,01 c5 01 c5 01 c5 01 c5 01 c5 01 c5 01 c5 01 c5,1.0,0.0058,0.815,0.537,0.732,0.719,True,0.533,0.0,stack,2.0,1.0,01 c5 01 c5 01 c5 01 c5 01 c5 01 c5 01 c5 01 c5,01 c5 01 c5 01 c5 01 c5 01 c5 01 c5 01 c5 01 c5,0.0,0.815,0.537,0.719,True
none,none,nominal,16,512,6,102,,300000,300000,False,21,6000,6000,-1,00 41 00 41 00 41 00 41 00 41 00 41 00 41 00 41,-,0.1832,0.1881,8.246656000284576,2.069539651174801,e5 2a e5 2a e5 2a e5 2a e5 2a e5 2a e5 2a e5 2a,239.15,none_L16_st512_k6_s102.summary.json,5500,5500,e5 2a e5 2a e5 2a e5 2a e5 2a e5 2a e5 2a e5 2a,0,0.1832,0.832,0.681,0.914,0.734,True,True,0.0,0.368,stack,2,1.0,0.968,0.928,51,True,0.928,e5 2a e5 2a e5 2a e5 2a e5 2a e5 2a e5 2a e5 2a,32,0.40625,0.40625,0.40625,32,0.0,0.59745,0.06775,2.069539651174801,3.329164651174801,0.072740625,0.1881,0.18965,21 e5 21 e5 21 e5 21 e5 21 e5 21 e5 21 e5 21 e5,0.0,0.081,0.757,0.484,0.737,0.641,True,0.571,0.0,stack,2.0,1.0,21 e5 21 e5 21 e5 21 e5 21 e5 21 e5 21 e5 21 e5,21 e5 21 e5 21 e5 21 e5 21 e5 21 e5 21 e5 21 e5,0.0,0.757,0.484,0.641,True
none,none,nominal,16,512,6,103,,300000,300000,False,21,20500,2100,-1,00 41 00 41 00 41 00 41 00 41 00 41 00 41 00 41,-,0.1839,0.1885,8.480884372087102,2.0355722419521367,e5 2a e5 2a e5 2a e5 2a e5 2a e5 2a e5 2a e5 2a,231.05,none_L16_st512_k6_s103.summary.json,1450,1450,e5 2a e5 2a e5 2a e5 2a e5 2a e5 2a e5 2a e5 2a,0,0.1839,0.832,0.681,0.914,0.734,True,True,0.0,0.368,stack,2,1.0,0.961,0.903,52,True,0.903,e5 2a e5 2a e5 2a e5 2a e5 2a e5 2a e5 2a e5 2a,32,0.4375,0.4375,0.4375,32,0.0001,0.57685,0.08015,2.0355722419521367,3.4010722419521366,0.086221875,0.1885,0.1893,11 d5 11 d5 11 d5 11 d5 11 d5 11 d5 11 d5 11 d5,1.0,0.0067,0.686,0.391,0.73,0.531,True,0.496,0.0,stack,2.0,1.0,11 d5 11 d5 11 d5 11 d5 11 d5 11 d5 11 d5 11 d5,11 d5 11 d5 11 d5 11 d5 11 d5 11 d5 11 d5 11 d5,0.0,0.686,0.391,0.531,True
none,none,nominal,16,512,6,104,,300000,300000,False,21,700,600,205500,00 41 00 41 00 41 00 41 00 41 00 41 00 41 00 41,-,0.1268,0.2405,6.221977410324432,2.5483904972138482,21 e3 21 e3 21 e3 21 e3 21 e3 21 e3 21 e3 21 e3,211.01,none_L16_st512_k6_s104.summary.json,150,150,41 e3 21 e3 21 c0 41 c0 41 e3 21 e3 21 c0 41 c0,1,0.0688,1.0,1.0,1.0,1.0,True,True,0.0,0.665,stack,8,1.0,1.0,1.0,20,True,1.0,41 e3 21 e3 21 c0 41 c0 41 e3 21 e3 21 c0 41 c0,32,0.75,0.75,0.96875,32,0.0,0.0008,0.0008,2.548390497213848,3.085790497213848,0.0035,0.2405,0.24055,01 c5 01 c5 01 c5 01 c5 01 c5 01 c5 01 c5 01 c5,2.0,0.0059,0.815,0.537,0.732,0.719,True,0.533,0.0,stack,2.0,1.0,01 c5 01 c5 01 c5 01 c5 01 c5 01 c5 01 c5 01 c5,01 c5 01 c5 01 c5 01 c5 01 c5 01 c5 01 c5 01 c5,0.0,0.815,0.537,0.719,True
none,none,nominal,16,512,6,105,,300000,300000,False,34,400,350,-1,00 41 00 41 00 41 00 41 00 41 00 41 00 41 00 41,-,0.15405,0.1583,9.154983919035363,2.0020861517591166,e5 2a e5 2a e5 2a e5 2a e5 2a e5 2a e5 2a e5 2a,228.31,none_L16_st512_k6_s105.summary.json,100,100,e5 2a e5 2a e5 2a e5 2a e5 2a e5 2a e5 2a e5 2a,0,0.154,0.832,0.681,0.914,0.734,True,True,0.0,0.368,stack,2,1.0,0.959,0.939,52,True,0.939,e5 2a e5 2a e5 2a e5 2a e5 2a e5 2a e5 2a e5 2a,32,0.375,0.375,0.375,32,0.0,0.58375,0.0583,2.0020861517591166,3.449986151759117,0.067159375,0.1583,0.15885,11 d5 11 d5 11 d5 11 d5 11 d5 11 d5 11 d5 11 d5,1.0,0.011,0.686,0.391,0.73,0.531,True,0.496,0.0,stack,2.0,1.0,11 d5 11 d5 11 d5 11 d5 11 d5 11 d5 11 d5 11 d5,01 c5 01 c5 01 c5 01 c5 01 c5 01 c5 01 c5 01 c5,1.0,0.815,0.537,0.719,True
none,none,nominal,16,512,6,106,,300000,300000,False,21,300,300,-1,00 41 00 41 00 41 00 41 00 41 00 41 00 41 00 41,-,0.1292,0.13325,8.95276138815927,1.9795552122355036,e5 2a e5 2a e5 2a e5 2a e5 2a e5 2a e5 2a e5 2a,228.81,none_L16_st512_k6_s106.summary.json,100,100,e5 2a e5 2a e5 2a e5 2a e5 2a e5 2a e5 2a e5 2a,0,0.1292,0.832,0.681,0.914,0.734,True,True,0.0,0.368,stack,2,1.0,0.946,0.839,62,True,0.839,e5 2a e5 2a e5 2a e5 2a e5 2a e5 2a e5 2a e5 2a,32,0.21875,0.21875,0.15625,32,0.0,0.59425,0.05905,1.9795552122355036,3.3674552122355035,0.065746875,0.13325,0.1339,01 c5 01 c5 01 c5 01 c5 01 c5 01 c5 01 c5 01 c5,0.0,0.0196,0.815,0.537,0.732,0.719,True,0.533,0.0,stack,2.0,1.0,01 c5 01 c5 01 c5 01 c5 01 c5 01 c5 01 c5 01 c5,01 c5 01 c5 01 c5 01 c5 01 c5 01 c5 01 c5 01 c5,0.0,0.815,0.537,0.719,True
none,none,nominal,16,512,6,107,,300000,300000,False,21,4700,4650,-1,00 41 00 41 00 41 00 41 00 41 00 41 00 41 00 41,-,0.1448,0.14805,9.0180517456318,1.9748353883001213,e5 2a e5 2a e5 2a e5 2a e5 2a e5 2a e5 2a e5 2a,230.56,none_L16_st512_k6_s107.summary.json,4400,4400,e5 2a e5 2a e5 2a e5 2a e5 2a e5 2a e5 2a e5 2a,0,0.1448,0.832,0.681,0.914,0.734,True,True,0.0,0.368,stack,2,1.0,0.969,0.95,57,True,0.95,e5 2a e5 2a e5 2a e5 2a e5 2a e5 2a e5 2a e5 2a,32,0.28125,0.28125,0.28125,32,0.0,0.5967,0.05705,1.9748353883001213,3.3927603883001214,0.065196875,0.14805,0.1491,01 c5 01 c5 01 c5 01 c5 01 c5 01 c5 01 c5 01 c5,0.0,0.0111,0.815,0.537,0.732,0.719,True,0.533,0.0,stack,2.0,1.0,01 c5 01 c5 01 c5 01 c5 01 c5 01 c5 01 c5 01 c5,01 c5 01 c5 01 c5 01 c5 01 c5 01 c5 01 c5 01 c5,0.0,0.815,0.537,0.719,True
none,none,nominal,16,512,6,108,,300000,300000,False,21,4500,4400,-1,00 41 00 41 00 41 00 41 00 41 00 41 00 41 00 41,-,0.0249,0.04715,9.27391472416442,5.116576808419519,c3 21 08 c2 ed b8 16 06 c3 21 08 c2 ed b8 16 06,227.76,none_L16_st512_k6_s108.summary.json,3950,3950,c3 21 08 c2 ed b8 16 06 c3 21 08 c2 ed b8 16 06,0,0.0249,1.0,1.0,1.0,1.0,True,True,0.0,0.584,-,8,1.0,1.0,1.0,61,True,1.0,c3 21 08 c2 ed b8 16 06 c3 21 08 c2 ed b8 16 06,32,1.0,1.0,1.0,32,0.97295,0.08955,0.0009,5.116576808419519,5.699751808419519,0.003390625,0.04715,0.04715,01 c5 01 c5 01 c5 01 c5 01 c5 01 c5 01 c5 01 c5,1.0,0.0074,0.815,0.537,0.732,0.719,True,0.533,0.0,stack,2.0,1.0,01 c5 01 c5 01 c5 01 c5 01 c5 01 c5 01 c5 01 c5,01 c5 01 c5 01 c5 01 c5 01 c5 01 c5 01 c5 01 c5,0.0,0.815,0.537,0.719,True
none,none,nominal,16,512,6,109,,300000,300000,False,34,550,400,-1,00 41 00 41 00 41 00 41 00 41 00 41 00 41 00 41,-,0.16825,0.17185,8.296292562136756,1.9988619155916105,e5 2a e5 2a e5 2a e5 2a e5 2a e5 2a e5 2a e5 2a,229.22,none_L16_st512_k6_s109.summary.json,150,150,e5 2a e5 2a e5 2a e5 2a e5 2a e5 2a e5 2a e5 2a,0,0.1683,0.832,0.681,0.914,0.734,True,True,0.0,0.368,stack,2,1.0,0.983,0.951,59,True,0.951,e5 2a e5 2a e5 2a e5 2a e5 2a e5 2a e5 2a e5 2a,32,0.25,0.25,0.25,32,0.0,0.5495,0.06575,1.9988619155916103,3.2626369155916106,0.07070625,0.17185,0.1733,01 c5 01 c5 01 c5 01 c5 01 c5 01 c5 01 c5 01 c5,2.0,0.0089,0.815,0.537,0.732,0.719,True,0.533,0.0,stack,2.0,1.0,01 c5 01 c5 01 c5 01 c5 01 c5 01 c5 01 c5 01 c5,01 c5 01 c5 01 c5 01 c5 01 c5 01 c5 01 c5 01 c5,0.0,0.815,0.537,0.719,True
none,none,nominal,16,512,6,110,,300000,300000,False,50,7500,1300,8000,00 41 00 41 00 41 00 41 00 41 00 41 00 41 00 41,-,0.15865,0.2912,5.924599679168887,2.41750684369402,21 e3 21 e3 21 e3 21 e3 21 e3 21 e3 21 e3 21 e3,171.71,none_L16_st512_k6_s110.summary.json,450,450,0f e3 21 e3 21 c0 0f c0 0f e3 21 e3 21 c0 0f c0,1,0.1343,1.0,1.0,1.0,1.0,True,True,0.0,0.632,stack,8,1.0,1.0,1.0,21,True,1.0,0f e3 21 e3 21 c0 0f c0 0f e3 21 e3 21 c0 0f c0,32,0.65625,0.65625,0.875,32,0.0,0.0,0.0012,2.41750684369402,2.96633184369402,0.006509375,0.2912,0.2912,11 d5 11 d5 11 d5 11 d5 11 d5 11 d5 11 d5 11 d5,1.0,0.0077,0.686,0.391,0.73,0.531,True,0.496,0.0,stack,2.0,1.0,11 d5 11 d5 11 d5 11 d5 11 d5 11 d5 11 d5 11 d5,11 d5 11 d5 11 d5 11 d5 11 d5 11 d5 11 d5 11 d5,0.0,0.686,0.391,0.531,True
none,none,nominal,36,128,4,101,,300000,300000,False,550,850,700,1450,01 c5 01 c5 01 c5 01 c5 01 c5 01 c5 01 c5 01 c5 01 c5 01 c5 01 c5 01 c5 01 c5 01 c5 01 c5 01 c5 01 c5 01 c5,stack,0.19065,0.4792,11.55556688093696,1.2840440630428067,01 c5 01 c5 01 c5 01 c5 01 c5 01 c5 01 c5 01 c5 01 c5 01 c5 01 c5 01 c5 01 c5 01 c5 01 c5 01 c5 01 c5 01 c5,89.67,none_L36_st128_k4_s101.summary.json,350,350,01 c5 01 c5 01 c5 01 c5 01 c5 01 c5 01 c5 01 c5 01 c5 01 c5 01 c5 01 c5 01 c5 01 c5 01 c5 01 c5 01 c5 01 c5,0,0.1906,0.826,0.638,0.781,0.766,True,True,0.0,0.669,stack,2,1.0,0.822,0.771,33,True,0.771,01 c5 01 c5 01 c5 01 c5 01 c5 01 c5 01 c5 01 c5 01 c5 01 c5 01 c5 01 c5 01 c5 01 c5 01 c5 01 c5 01 c5 01 c5,32,0.5,0.375,0.53125,32,0.0,0.91755,0.28805,1.2840440630428067,2.5497107297094734,0.1699152777777778,0.4792,0.48,01 c5 01 c5 01 c5 01 c5 01 c5 01 c5 01 c5 01 c5 01 c5 01 c5 01 c5 01 c5 01 c5 01 c5 01 c5 01 c5 01 c5 01 c5,0.0,0.0059,0.826,0.638,0.781,0.766,True,0.669,0.0,stack,2.0,1.0,01 c5 01 c5 01 c5 01 c5 01 c5 01 c5 01 c5 01 c5 01 c5 01 c5 01 c5 01 c5 01 c5 01 c5 01 c5 01 c5 01 c5 01 c5,01 c5 01 c5 01 c5 01 c5 01 c5 01 c5 01 c5 01 c5 01 c5 01 c5 01 c5 01 c5 01 c5 01 c5 01 c5 01 c5 01 c5 01 c5,0.0,0.826,0.638,0.766,True
none,none,nominal,36,128,4,102,,300000,300000,False,650,1150,900,2700,11 d5 11 d5 11 d5 11 d5 11 d5 11 d5 11 d5 11 d5 11 d5 11 d5 11 d5 11 d5 11 d5 11 d5 11 d5 11 d5 11 d5 11 d5,stack,0.1904,0.60635,10.48473770214077,1.2258430811920022,11 d5 11 d5 11 d5 11 d5 11 d5 11 d5 11 d5 11 d5 11 d5 11 d5 11 d5 11 d5 11 d5 11 d5 11 d5 11 d5 11 d5 11 d5,85.61,none_L36_st128_k4_s102.summary.json,300,300,11 d5 11 d5 11 d5 11 d5 11 10 f0 d5 11 d5 11 d5 11 d5 11 d5 11 d5 11 10 f0 d5 11 d5 11 d5 11 d5 11 d5 11 d5,2,0.0181,0.944,0.831,0.831,1.0,True,True,8.0,0.606,stack,14,1.0,0.878,0.578,19,True,0.696,11 d5 11 d5 11 d5 11 d5 11 d5 11 d5 11 d5 11 d5 11 d5 11 d5 11 d5 11 d5 11 d5 11 d5 11 d5 11 d5 11 d5 11 d5,32,0.5625,0.46875,0.4074074074074074,27,0.0,0.94865,0.1652,1.2258430811920022,2.2888319700808912,0.097,0.60635,0.60705,11 d5 11 d5 11 d5 11 d5 11 d5 11 d5 11 d5 11 d5 11 d5 11 d5 11 d5 11 d5 11 d5 11 d5 11 d5 11 d5 11 d5 11 d5,0.0,0.0055,0.817,0.583,0.685,0.719,True,0.67,0.0,stack,2.0,1.0,11 d5 11 d5 11 d5 11 d5 11 d5 11 d5 11 d5 11 d5 11 d5 11 d5 11 d5 11 d5 11 d5 11 d5 11 d5 11 d5 11 d5 11 d5,01 c5 01 c5 01 c5 01 c5 01 c5 01 c5 01 c5 01 c5 01 c5 01 c5 01 c5 01 c5 01 c5 01 c5 01 c5 01 c5 01 c5 01 c5,0.0,0.826,0.638,0.766,True
none,none,nominal,36,128,4,103,,300000,300000,False,650,1000,800,23000,01 c5 01 c5 01 c5 01 c5 01 c5 01 c5 01 c5 01 c5 01 c5 01 c5 01 c5 01 c5 01 c5 01 c5 01 c5 01 c5 01 c5 01 c5,stack,0.19185,0.60605,10.511189943796818,1.2247102650464703,11 d5 11 d5 11 d5 11 d5 11 d5 11 d5 11 d5 11 d5 11 d5 11 d5 11 d5 11 d5 11 d5 11 d5 11 d5 11 d5 11 d5 11 d5,85.38,none_L36_st128_k4_s103.summary.json,400,400,11 d5 11 d5 11 d5 11 d5 11 10 f0 d5 11 d5 11 d5 11 d5 11 d5 11 d5 11 10 f0 d5 11 d5 11 d5 11 d5 11 d5 11 d5,1,0.0186,0.944,0.831,0.831,1.0,True,True,8.0,0.606,stack,14,1.0,0.865,0.606,22,True,0.699,11 d5 11 d5 11 d5 11 d5 11 d5 11 d5 11 d5 11 d5 11 d5 11 d5 11 d5 11 d5 11 d5 11 d5 11 d5 11 d5 11 d5 11 d5,32,0.65625,0.34375,0.3461538461538461,26,0.0,0.9524,0.16,1.2247102650464703,2.286299153935359,0.09215,0.60605,0.60705,01 c5 01 c5 01 c5 01 c5 01 c5 01 c5 01 c5 01 c5 01 c5 01 c5 01 c5 01 c5 01 c5 01 c5 01 c5 01 c5 01 c5 01 c5,0.0,0.0056,0.826,0.638,0.781,0.766,True,0.669,0.0,stack,2.0,1.0,01 c5 01 c5 01 c5 01 c5 01 c5 01 c5 01 c5 01 c5 01 c5 01 c5 01 c5 01 c5 01 c5 01 c5 01 c5 01 c5 01 c5 01 c5,01 c5 01 c5 01 c5 01 c5 01 c5 01 c5 01 c5 01 c5 01 c5 01 c5 01 c5 01 c5 01 c5 01 c5 01 c5 01 c5 01 c5 01 c5,0.0,0.826,0.638,0.766,True
none,none,nominal,36,128,4,104,,300000,300000,False,450,800,650,1450,11 d5 11 d5 11 d5 11 d5 11 d5 11 d5 11 d5 11 d5 11 d5 11 d5 11 d5 11 d5 11 d5 11 d5 11 d5 11 d5 11 d5 11 d5,stack,0.2079,0.6096,10.465158936876422,1.2268398946160946,11 d5 11 d5 11 d5 11 d5 11 d5 11 d5 11 d5 11 d5 11 d5 11 d5 11 d5 11 d5 11 d5 11 d5 11 d5 11 d5 11 d5 11 d5,85.35,none_L36_st128_k4_s104.summary.json,300,300,11 d5 11 d5 11 d5 11 d5 11 10 f0 d5 11 d5 11 d5 11 d5 11 d5 11 d5 11 10 f0 d5 11 d5 11 d5 11 d5 11 d5 11 d5,2,0.0161,0.944,0.831,0.831,1.0,True,True,8.0,0.606,stack,14,1.0,0.88,0.662,23,True,0.662,11 d5 11 d5 11 d5 11 d5 11 10 f0 d5 11 d5 11 d5 11 d5 11 d5 11 d5 11 10 f0 d5 11 d5 11 d5 11 d5 11 d5 11 d5,32,0.5625,0.5,0.5625,32,0.0,0.9508,0.1738,1.2268398946160946,2.292384339060539,0.10155,0.6096,0.6099,11 d5 11 d5 11 d5 11 d5 11 d5 11 d5 11 d5 11 d5 11 d5 11 d5 11 d5 11 d5 11 d5 11 d5 11 d5 11 d5 11 d5 11 d5,0.0,0.006,0.817,0.583,0.685,0.719,True,0.67,0.0,stack,2.0,1.0,11 d5 11 d5 11 d5 11 d5 11 d5 11 d5 11 d5 11 d5 11 d5 11 d5 11 d5 11 d5 11 d5 11 d5 11 d5 11 d5 11 d5 11 d5,01 c5 01 c5 01 c5 01 c5 01 c5 01 c5 01 c5 01 c5 01 c5 01 c5 01 c5 01 c5 01 c5 01 c5 01 c5 01 c5 01 c5 01 c5,1.0,0.826,0.638,0.766,True
none,none,nominal,36,128,4,105,,300000,300000,False,1150,1600,1400,2350,01 c5 01 c5 01 c5 01 c5 01 c5 01 c5 01 c5 01 c5 01 c5 01 c5 01 c5 01 c5 01 c5 01 c5 01 c5 01 c5 01 c5 01 c5,stack,0.2085,0.6218,10.374576465833584,1.2267457731447033,11 d5 11 d5 11 d5 11 d5 11 d5 11 d5 11 d5 11 d5 11 d5 11 d5 11 d5 11 d5 11 d5 11 d5 11 d5 11 d5 11 d5 11 d5,84.9,none_L36_st128_k4_s105.summary.json,900,900,11 d5 11 d5 11 d5 11 d5 11 10 f0 d5 11 d5 11 d5 11 d5 11 d5 11 d5 11 10 f0 d5 11 d5 11 d5 11 d5 11 d5 11 d5,2,0.0184,0.944,0.831,0.831,1.0,True,True,8.0,0.606,stack,14,1.0,0.88,0.634,26,True,0.781,11 d5 11 d5 11 d5 11 d5 11 d5 11 d5 11 d5 11 d5 11 d5 11 d5 11 d5 11 d5 11 d5 11 d5 11 d5 11 d5 11 d5 11 d5,32,0.78125,0.625,0.2222222222222222,9,0.0,0.95065,0.16675,1.2267457731447031,2.278079106478037,0.0976305555555555,0.6218,0.62235,01 c5 01 c5 01 c5 01 c5 01 c5 01 c5 01 c5 01 c5 01 c5 01 c5 01 c5 01 c5 01 c5 01 c5 01 c5 01 c5 01 c5 01 c5,0.0,0.006,0.826,0.638,0.781,0.766,True,0.669,0.0,stack,2.0,1.0,01 c5 01 c5 01 c5 01 c5 01 c5 01 c5 01 c5 01 c5 01 c5 01 c5 01 c5 01 c5 01 c5 01 c5 01 c5 01 c5 01 c5 01 c5,01 c5 01 c5 01 c5 01 c5 01 c5 01 c5 01 c5 01 c5 01 c5 01 c5 01 c5 01 c5 01 c5 01 c5 01 c5 01 c5 01 c5 01 c5,0.0,0.826,0.638,0.766,True
none,none,nominal,36,128,4,106,,300000,300000,False,450,800,650,1350,01 c5 01 c5 01 c5 01 c5 01 c5 01 c5 01 c5 01 c5 01 c5 01 c5 01 c5 01 c5 01 c5 01 c5 01 c5 01 c5 01 c5 01 c5,stack,0.20325,0.61365,10.421831897573867,1.2202109851101524,11 d5 11 d5 11 d5 11 d5 11 d5 11 d5 11 d5 11 d5 11 d5 11 d5 11 d5 11 d5 11 d5 11 d5 11 d5 11 d5 11 d5 11 d5,86.91,none_L36_st128_k4_s106.summary.json,300,300,11 d5 11 d5 11 d5 11 d5 11 10 f0 d5 11 d5 11 d5 11 d5 11 d5 11 d5 11 10 f0 d5 11 d5 11 d5 11 d5 11 d5 11 d5,1,0.0175,0.944,0.831,0.831,1.0,True,True,8.0,0.606,stack,14,1.0,0.881,0.629,17,True,0.775,11 d5 11 d5 11 d5 11 d5 11 d5 11 d5 11 d5 11 d5 11 d5 11 d5 11 d5 11 d5 11 d5 11 d5 11 d5 11 d5 11 d5 11 d5,32,0.53125,0.4375,0.46875,32,0.0,0.9541,0.1623,1.2202109851101524,2.273566540665708,0.0943694444444444,0.61365,0.6142,01 c5 01 c5 01 c5 01 c5 01 c5 01 c5 01 c5 01 c5 01 c5 01 c5 01 c5 01 c5 01 c5 01 c5 01 c5 01 c5 01 c5 01 c5,0.0,0.007,0.826,0.638,0.781,0.766,True,0.669,0.0,stack,2.0,1.0,01 c5 01 c5 01 c5 01 c5 01 c5 01 c5 01 c5 01 c5 01 c5 01 c5 01 c5 01 c5 01 c5 01 c5 01 c5 01 c5 01 c5 01 c5,01 c5 01 c5 01 c5 01 c5 01 c5 01 c5 01 c5 01 c5 01 c5 01 c5 01 c5 01 c5 01 c5 01 c5 01 c5 01 c5 01 c5 01 c5,0.0,0.826,0.638,0.766,True
none,none,nominal,36,128,4,107,,300000,300000,False,500,900,700,1900,11 d5 11 d5 11 d5 11 d5 11 d5 11 d5 11 d5 11 d5 11 d5 11 d5 11 d5 11 d5 11 d5 11 d5 11 d5 11 d5 11 d5 11 d5,stack,0.19625,0.60465,10.540015509681046,1.2075741802110664,11 d5 11 d5 11 d5 11 d5 11 d5 11 d5 11 d5 11 d5 11 d5 11 d5 11 d5 11 d5 11 d5 11 d5 11 d5 11 d5 11 d5 11 d5,85.57,none_L36_st128_k4_s107.summary.json,350,350,11 d5 11 d5 11 d5 11 d5 11 10 f0 d5 11 d5 11 d5 11 d5 11 d5 11 d5 11 10 f0 d5 11 d5 11 d5 11 d5 11 d5 11 d5,1,0.0175,0.944,0.831,0.831,1.0,True,True,8.0,0.606,stack,14,1.0,0.861,0.586,29,True,0.758,11 d5 11 d5 11 d5 11 d5 11 d5 11 d5 11 d5 11 d5 11 d5 11 d5 11 d5 11 d5 11 d5 11 d5 11 d5 11 d5 11 d5 11 d5,32,0.46875,0.3125,0.40625,32,0.0,0.9517,0.1672,1.2075741802110664,2.277629735766622,0.0980347222222222,0.60465,0.60535,11 d5 11 d5 11 d5 11 d5 11 d5 11 d5 11 d5 11 d5 11 d5 11 d5 11 d5 11 d5 11 d5 11 d5 11 d5 11 d5 11 d5 11 d5,0.0,0.0059,0.817,0.583,0.685,0.719,True,0.67,0.0,stack,2.0,1.0,11 d5 11 d5 11 d5 11 d5 11 d5 11 d5 11 d5 11 d5 11 d5 11 d5 11 d5 11 d5 11 d5 11 d5 11 d5 11 d5 11 d5 11 d5,01 c5 01 c5 01 c5 01 c5 01 c5 01 c5 01 c5 01 c5 01 c5 01 c5 01 c5 01 c5 01 c5 01 c5 01 c5 01 c5 01 c5 01 c5,1.0,0.826,0.638,0.766,True
none,none,nominal,36,128,4,108,,300000,300000,False,650,1100,900,1750,01 c5 01 c5 01 c5 01 c5 01 c5 01 c5 01 c5 01 c5 01 c5 01 c5 01 c5 01 c5 01 c5 01 c5 01 c5 01 c5 01 c5 01 c5,stack,0.18825,0.48155,11.616403898965283,1.2647043654144627,01 c5 01 c5 01 c5 01 c5 01 c5 01 c5 01 c5 01 c5 01 c5 01 c5 01 c5 01 c5 01 c5 01 c5 01 c5 01 c5 01 c5 01 c5,86.51,none_L36_st128_k4_s108.summary.json,350,350,01 c5 01 c5 01 c5 01 c5 01 c5 01 c5 01 c5 01 c5 01 c5 01 c5 01 c5 01 c5 01 c5 01 c5 01 c5 01 c5 01 c5 01 c5,0,0.1883,0.826,0.638,0.781,0.766,True,True,0.0,0.669,stack,2,1.0,0.749,0.742,34,True,0.742,01 c5 01 c5 01 c5 01 c5 01 c5 01 c5 01 c5 01 c5 01 c5 01 c5 01 c5 01 c5 01 c5 01 c5 01 c5 01 c5 01 c5 01 c5,32,0.46875,0.28125,0.375,32,0.0,0.9228,0.2935,1.2647043654144627,2.5408043654144628,0.1712069444444444,0.48155,0.4827,01 c5 01 c5 01 c5 01 c5 01 c5 01 c5 01 c5 01 c5 01 c5 01 c5 01 c5 01 c5 01 c5 01 c5 01 c5 01 c5 01 c5 01 c5,0.0,0.005,0.826,0.638,0.781,0.766,True,0.669,0.0,stack,2.0,1.0,01 c5 01 c5 01 c5 01 c5 01 c5 01 c5 01 c5 01 c5 01 c5 01 c5 01 c5 01 c5 01 c5 01 c5 01 c5 01 c5 01 c5 01 c5,01 c5 01 c5 01 c5 01 c5 01 c5 01 c5 01 c5 01 c5 01 c5 01 c5 01 c5 01 c5 01 c5 01 c5 01 c5 01 c5 01 c5 01 c5,0.0,0.826,0.638,0.766,True
none,none,nominal,36,128,4,109,,300000,300000,False,750,1200,1000,1750,01 c5 01 c5 01 c5 01 c5 01 c5 01 c5 01 c5 01 c5 01 c5 01 c5 01 c5 01 c5 01 c5 01 c5 01 c5 01 c5 01 c5 01 c5,stack,0.18285,0.47195,11.63200202141637,1.2700807258457885,01 c5 01 c5 01 c5 01 c5 01 c5 01 c5 01 c5 01 c5 01 c5 01 c5 01 c5 01 c5 01 c5 01 c5 01 c5 01 c5 01 c5 01 c5,89.79,none_L36_st128_k4_s109.summary.json,550,550,01 c5 01 c5 01 c5 01 c5 01 c5 01 c5 01 c5 01 c5 01 c5 01 c5 01 c5 01 c5 01 c5 01 c5 01 c5 01 c5 01 c5 01 c5,0,0.1829,0.826,0.638,0.781,0.766,True,True,0.0,0.669,stack,2,1.0,0.835,0.746,34,True,0.746,01 c5 01 c5 01 c5 01 c5 01 c5 01 c5 01 c5 01 c5 01 c5 01 c5 01 c5 01 c5 01 c5 01 c5 01 c5 01 c5 01 c5 01 c5,32,0.53125,0.34375,0.375,32,0.0,0.9174,0.29485,1.2700807258457885,2.5307140591791217,0.1742597222222222,0.47195,0.47295,01 c5 01 c5 01 c5 01 c5 01 c5 01 c5 01 c5 01 c5 01 c5 01 c5 01 c5 01 c5 01 c5 01 c5 01 c5 01 c5 01 c5 01 c5,0.0,0.0064,0.826,0.638,0.781,0.766,True,0.669,0.0,stack,2.0,1.0,01 c5 01 c5 01 c5 01 c5 01 c5 01 c5 01 c5 01 c5 01 c5 01 c5 01 c5 01 c5 01 c5 01 c5 01 c5 01 c5 01 c5 01 c5,01 c5 01 c5 01 c5 01 c5 01 c5 01 c5 01 c5 01 c5 01 c5 01 c5 01 c5 01 c5 01 c5 01 c5 01 c5 01 c5 01 c5 01 c5,0.0,0.826,0.638,0.766,True
none,none,nominal,36,128,4,110,,300000,300000,False,600,1150,850,2300,01 c5 01 c5 01 c5 01 c5 01 c5 01 c5 01 c5 01 c5 01 c5 01 c5 01 c5 01 c5 01 c5 01 c5 01 c5 01 c5 01 c5 01 c5,stack,0.20945,0.61055,10.329038863104515,1.2280405532118512,11 d5 11 d5 11 d5 11 d5 11 d5 11 d5 11 d5 11 d5 11 d5 11 d5 11 d5 11 d5 11 d5 11 d5 11 d5 11 d5 11 d5 11 d5,85.17,none_L36_st128_k4_s110.summary.json,400,400,11 d5 11 d5 11 d5 11 d5 11 10 f0 d5 11 d5 11 d5 11 d5 11 d5 11 d5 11 10 f0 d5 11 d5 11 d5 11 d5 11 d5 11 d5,2,0.0196,0.944,0.831,0.831,1.0,True,True,8.0,0.606,stack,14,1.0,0.889,0.627,17,True,0.784,11 d5 11 d5 11 d5 11 d5 11 d5 11 d5 11 d5 11 d5 11 d5 11 d5 11 d5 11 d5 11 d5 11 d5 11 d5 11 d5 11 d5 11 d5,32,0.59375,0.53125,0.6875,32,0.0,0.95265,0.16245,1.2280405532118512,2.27402944210074,0.094925,0.61055,0.61125,01 c5 01 c5 01 c5 01 c5 01 c5 01 c5 01 c5 01 c5 01 c5 01 c5 01 c5 01 c5 01 c5 01 c5 01 c5 01 c5 01 c5 01 c5,0.0,0.0056,0.826,0.638,0.781,0.766,True,0.669,0.0,stack,2.0,1.0,01 c5 01 c5 01 c5 01 c5 01 c5 01 c5 01 c5 01 c5 01 c5 01 c5 01 c5 01 c5 01 c5 01 c5 01 c5 01 c5 01 c5 01 c5,01 c5 01 c5 01 c5 01 c5 01 c5 01 c5 01 c5 01 c5 01 c5 01 c5 01 c5 01 c5 01 c5 01 c5 01 c5 01 c5 01 c5 01 c5,0.0,0.826,0.638,0.766,True
push-only,push-only,nominal,16,128,4,101,,300000,300000,False,-1,-1,100,-1,,,0.00925,0.0898,13.983479352845293,0.6309573638064618,00 41 00 41 00 41 00 41 00 41 00 41 00 41 00 41,102.52,push-only_L16_st128_k4_s101.summary.json,-1,-1,00 40 00 40 00 40 00 40 00 40 00 40 00 40 00 40,2,0.0059,0.074,0.104,,0.0,False,False,,0.866,-,2,1.0,0.003,0.007,61,False,0.019,00 41 00 41 00 41 00 41 00 41 00 41 00 41 00 41,32,0.0,0.0,0.0,32,0.0,0.00885,0.2538,0.6309573638064618,5.6612073638064615,0.340421875,0.0898,0.0912,,,,,,,,,,,,,,,00 40 00 40 00 40 00 40 00 40 00 40 00 40 00 40,2.0,0.074,0.104,0.0,False
push-only,push-only,nominal,16,128,4,102,,300000,300000,False,-1,-1,-1,-1,,,0.0031,0.03545,11.92595356640907,5.197493487892854,de 05 ed 5b 2d c2 00 ab 41 c2 eb 43 ed b0 c4 0f,100.81,push-only_L16_st128_k4_s102.summary.json,-1,-1,de 05 ed 5b 2d c2 00 ab 41 c2 eb 43 ed b0 c4 0f,0,0.0031,1.0,1.0,1.0,1.0,True,True,0.0,0.811,block-copy+stack,16,0.167,1.0,1.0,62,True,1.0,de 05 ed 5b 2d c2 00 ab 41 c2 eb 43 ed b0 c4 0f,32,0.75,0.75,0.8125,32,0.89345,0.00785,0.012,5.197493487892854,6.509568487892854,0.036834375,0.03545,0.0355,,,,,,,,,,,,,,,,,,,,
push-only,push-only,nominal,16,128,4,103,,300000,300000,False,289500,-1,200,-1,64 5e ed b0 64 5e ed b0 64 5e ed b0 64 5e ed b0,block-copy,0.0093,0.01845,11.757857339541086,5.549224279212161,24 5e ed b0 24 5e ed b0 24 5e ed b0 24 5e ed b0,100.98,push-only_L16_st128_k4_s103.summary.json,285500,285500,24 5e ed b0 24 5e ed b0 24 5e ed b0 24 5e ed b0,0,0.0093,1.0,1.0,1.0,1.0,True,True,0.0,0.473,block-copy,4,1.0,1.0,1.0,63,True,1.0,24 5e ed b0 24 5e ed b0 24 5e ed b0 24 5e ed b0,32,0.90625,0.90625,0.90625,32,0.9456,0.0292,0.00445,5.549224279212161,6.825049279212161,0.018028125,0.01845,0.0192,44 5e ed b0 44 5e ed b0 44 5e ed b0 44 5e ed b0,0.0,0.0066,1.0,1.0,1.0,1.0,True,0.46,0.0,block-copy,4.0,1.0,44 5e ed b0 44 5e ed b0 44 5e ed b0 44 5e ed b0,00 40 00 40 00 40 00 40 00 40 00 40 00 40 00 40,2.0,0.074,0.104,0.0,False
push-only,push-only,nominal,16,128,4,104,,300000,300000,False,-1,-1,150,-1,,,0.0019,0.0046,11.939145213186897,5.795726927262511,50 5e c3 8e ea 74 7b e9 55 8f 93 10 87 d7 ed b0,77.56,push-only_L16_st128_k4_s104.summary.json,-1,-1,50 5e c3 8e ea 74 7b e9 55 8f 93 10 87 d7 ed b0,0,0.0019,1.0,1.0,1.0,1.0,True,True,0.0,0.811,block-copy+ld-mem+stack,16,0.0,1.0,1.0,64,True,1.0,50 5e c3 8e ea 74 7b e9 55 8f 93 10 87 d7 ed b0,32,0.90625,0.90625,0.90625,32,0.95625,0.00855,0.00235,5.795726927262511,7.054576927262511,0.009903125,0.0046,0.00465,,,,,,,,,,,,,,,00 40 00 40 00 40 00 40 00 40 00 40 00 40 00 40,2.0,0.074,0.104,0.0,False
push-only,push-only,nominal,16,128,4,105,,300000,300000,False,-1,-1,150,-1,,,0.002,0.0044,11.913602779030963,5.7620627474962225,50 5e c3 6e e5 9d c8 0e 48 89 13 fb e1 77 ed b0,82.7,push-only_L16_st128_k4_s105.summary.json,119500,119500,50 5e c3 6e e5 9d c8 0e 48 89 13 fb e1 77 ed b0,0,0.002,1.0,1.0,1.0,1.0,True,True,0.0,0.798,block-copy+ld-mem,16,0.0,1.0,1.0,64,True,1.0,50 5e c3 6e e5 9d c8 0e 48 89 13 fb e1 77 ed b0,32,0.90625,0.90625,0.9375,32,0.95415,0.01115,0.0027,5.7620627474962225,7.033912747496222,0.0089375,0.0044,0.00445,24 5e ed b0 24 5e ed b0 24 5e ed b0 24 5e ed b0,0.0,0.0063,1.0,1.0,1.0,1.0,True,0.473,0.0,block-copy,4.0,1.0,24 5e ed b0 24 5e ed b0 24 5e ed b0 24 5e ed b0,00 40 00 40 00 40 00 40 00 40 00 40 00 40 00 40,2.0,0.074,0.104,0.0,False
push-only,push-only,nominal,16,128,4,106,,300000,300000,False,-1,-1,150,-1,,,0.0021,0.0029,11.970197962019512,5.773822278598355,90 5e c3 2a 79 52 43 ea 9b 1e d3 de ba a1 ed b0,76.76,push-only_L16_st128_k4_s106.summary.json,47000,47000,90 5e c3 2a 79 52 43 ea 9b 1e d3 de ba a1 ed b0,0,0.0021,1.0,1.0,1.0,1.0,True,True,0.0,0.692,block-copy,16,0.0,1.0,1.0,64,True,1.0,90 5e c3 2a 79 52 43 ea 9b 1e d3 de ba a1 ed b0,32,0.90625,0.90625,0.90625,32,0.9565,0.0135,0.00275,5.773822278598355,7.048872278598355,0.012015625,0.0029,0.0029,c8 d1 5e fd 33 ed b0 71 c8 d1 5e fd 33 ed b0 71,0.0,0.0057,1.0,1.0,1.0,1.0,True,0.569,0.0,block-copy+ld-mem,8.0,1.0,c8 d1 5e fd 33 ed b0 71 c8 d1 5e fd 33 ed b0 71,00 40 00 40 00 40 00 40 00 40 00 40 00 40 00 40,2.0,0.074,0.104,0.0,False
push-only,push-only,nominal,16,128,4,107,,300000,300000,False,-1,-1,-1,-1,,,0.0034,0.00705,11.47592608103011,5.38394226233145,28 c6 5e ed b0 f8 72 6b 28 c6 5e ed b0 f8 72 6b,91.09,push-only_L16_st128_k4_s107.summary.json,198500,198500,28 c6 5e ed b0 f8 72 6b 28 c6 5e ed b0 f8 72 6b,0,0.0034,1.0,1.0,1.0,1.0,True,True,0.0,0.53,block-copy+ld-mem,8,1.0,1.0,1.0,64,True,1.0,28 c6 5e ed b0 f8 72 6b 28 c6 5e ed b0 f8 72 6b,32,0.90625,0.90625,0.90625,32,0.9581,0.05215,0.00325,5.38394226233145,6.49966726233145,0.013903125,0.00705,0.00705,b0 11 08 48 c2 dc c2 ed b0 11 08 48 c2 dc c2 ed,0.0,0.0056,1.0,1.0,1.0,1.0,True,0.776,0.0,block-copy,8.0,1.0,b0 11 08 48 c2 dc c2 ed b0 11 08 48 c2 dc c2 ed,,,,,,
push-only,push-only,nominal,16,128,4,108,,300000,300000,False,-1,-1,100,-1,,,0.0038,0.0124,11.376800784724178,4.995823757708218,28 b5 5e ed b0 e4 a8 b1 28 b5 5e ed b0 e4 a8 b1,76.56,push-only_L16_st128_k4_s108.summary.json,43500,43500,28 b5 5e ed b0 e4 a8 b1 28 b5 5e ed b0 e4 a8 b1,0,0.0038,1.0,1.0,1.0,1.0,True,True,0.0,0.528,block-copy+stack,8,1.0,1.0,1.0,64,True,1.0,28 b5 5e ed b0 e4 a8 b1 28 b5 5e ed b0 e4 a8 b1,32,0.9375,0.9375,0.9375,32,0.95105,0.05465,0.00335,4.995823757708218,6.069398757708218,0.010053125,0.0124,0.0124,64 5e ed b0 64 5e ed b0 64 5e ed b0 64 5e ed b0,0.0,0.0052,1.0,1.0,1.0,1.0,True,0.472,0.0,block-copy,4.0,1.0,64 5e ed b0 64 5e ed b0 64 5e ed b0 64 5e ed b0,00 40 00 40 00 40 00 40 00 40 00 40 00 40 00 40,2.0,0.074,0.104,0.0,False
push-only,push-only,nominal,16,128,4,109,,300000,300000,False,-1,-1,-1,-1,,,0.0082,0.0843,14.036847877920977,0.6138129743330536,00 41 00 41 00 41 00 41 00 41 00 41 00 41 00 41,101.54,push-only_L16_st128_k4_s109.summary.json,-1,-1,00 40 00 40 00 40 00 40 00 40 00 40 00 40 00 40,2,0.0053,0.074,0.104,,0.0,False,False,,0.866,-,2,1.0,0.003,0.01,62,False,0.01,00 40 00 40 00 40 00 40 00 40 00 40 00 40 00 40,32,0.0,0.0,0.0,32,0.0001,0.0088,0.2448,0.6138129743330536,5.710687974333053,0.33668125,0.0843,0.08525,,,,,,,,,,,,,,,,,,,,
push-only,push-only,nominal,16,128,4,110,,300000,300000,False,-1,-1,150,-1,,,0.00195,0.00275,11.900679556971282,5.7437952073018845,90 5e d2 6b 59 a4 33 67 9b 39 f1 ed b0 05 36 31,76.56,push-only_L16_st128_k4_s110.summary.json,43000,43000,90 5e d2 6b 59 a4 33 67 9b 39 f1 ed b0 05 36 31,0,0.0019,1.0,1.0,1.0,1.0,True,True,0.0,0.583,block-copy+ld-mem,16,0.0,1.0,1.0,64,True,1.0,90 5e d2 6b 59 a4 33 67 9b 39 f1 ed b0 05 36 31,32,0.875,0.875,0.90625,32,0.95755,0.0099,0.0022,5.7437952073018845,7.0094202073018845,0.014521875,0.00275,0.00275,b0 57 06 68 58 20 51 ed b0 57 06 68 58 20 51 ed,0.0,0.0066,1.0,1.0,1.0,1.0,True,0.691,0.0,block-copy,8.0,1.0,b0 57 06 68 58 20 51 ed b0 57 06 68 58 20 51 ed,00 40 00 40 00 40 00 40 00 40 00 40 00 40 00 40,2.0,0.074,0.104,0.0,False
push-only,push-only,nominal,16,32,2,101,,300000,300000,False,-1,-1,-1,-1,,,0.0033,0.0128,13.271019826872617,4.098378232143714,64 5e ed b0 64 5e ed b0 64 5e ed b0 64 5e ed b0,56.6,push-only_L16_st32_k2_s101.summary.json,113000,113000,64 5e ed b0 64 5e ed b0 64 5e ed b0 64 5e ed b0,0,0.0033,1.0,1.0,1.0,1.0,True,True,0.0,0.72,block-copy,4,1.0,1.0,1.0,63,True,1.0,64 5e ed b0 64 5e ed b0 64 5e ed b0 64 5e ed b0,32,0.6875,0.6875,0.6875,32,0.832,0.0308,0.00505,4.098378232143714,6.613428232143715,0.04414375,0.0128,0.013,04 5e ed b0 04 5e ed b0 04 5e ed b0 04 5e ed b0,0.0,0.0055,1.0,1.0,1.0,1.0,True,0.718,0.0,block-copy,4.0,1.0,04 5e ed b0 04 5e ed b0 04 5e ed b0 04 5e ed b0,,,,,,
push-only,push-only,nominal,16,32,2,102,,300000,300000,False,-1,-1,-1,-1,,,0.00155,0.00405,12.920276812966808,3.9070420703787585,48 6e eb ed b0 97 00 90 48 6e eb ed b0 97 00 90,53.64,push-only_L16_st32_k2_s102.summary.json,93000,93000,48 6e eb ed b0 97 00 90 48 6e eb ed b0 97 00 90,0,0.0015,1.0,1.0,1.0,1.0,True,True,0.0,0.756,block-copy,8,1.0,1.0,1.0,64,True,1.0,48 6e eb ed b0 97 00 90 48 6e eb ed b0 97 00 90,32,0.8125,0.8125,0.8125,32,0.92965,0.03225,0.00345,3.9070420703787585,5.799142070378759,0.016153125,0.00405,0.00405,84 5e ed b0 84 5e ed b0 84 5e ed b0 84 5e ed b0,0.0,0.0057,1.0,1.0,1.0,1.0,True,0.722,0.0,block-copy,4.0,1.0,84 5e ed b0 84 5e ed b0 84 5e ed b0 84 5e ed b0,,,,,,
push-only,push-only,nominal,16,32,2,103,,300000,300000,False,-1,-1,-1,-1,,,0.0026,0.01145,13.26488308334884,4.130980886622013,64 5e ed b0 64 5e ed b0 64 5e ed b0 64 5e ed b0,55.38,push-only_L16_st32_k2_s103.summary.json,72500,72500,64 5e ed b0 64 5e ed b0 64 5e ed b0 64 5e ed b0,0,0.0026,1.0,1.0,1.0,1.0,True,True,0.0,0.72,block-copy,4,1.0,1.0,1.0,63,True,1.0,64 5e ed b0 64 5e ed b0 64 5e ed b0 64 5e ed b0,32,0.71875,0.71875,0.71875,32,0.83805,0.0352,0.0058,4.130980886622013,6.598680886622013,0.037509375,0.01145,0.01145,a4 5e ed b0 a4 5e ed b0 a4 5e ed b0 a4 5e ed b0,0.0,0.0053,1.0,1.0,1.0,1.0,True,0.722,0.0,block-copy,4.0,1.0,a4 5e ed b0 a4 5e ed b0 a4 5e ed b0 a4 5e ed b0,,,,,,
push-only,push-only,nominal,16,32,2,104,,300000,300000,False,67500,-1,-1,-1,1e 64 ed b0 1e 64 ed b0 1e 64 ed b0 1e 64 ed b0,block-copy,0.0015,0.0036,12.90430305339925,3.9050398486965854,e8 e8 d3 e8 6e eb ed b0 e8 e8 d3 e8 6e eb ed b0,56.75,push-only_L16_st32_k2_s104.summary.json,65000,65000,e8 e8 d3 e8 6e eb ed b0 e8 e8 d3 e8 6e eb ed b0,0,0.0015,1.0,1.0,1.0,1.0,True,True,0.0,0.766,block-copy,8,1.0,1.0,1.0,64,True,1.0,e8 e8 d3 e8 6e eb ed b0 e8 e8 d3 e8 6e eb ed b0,32,0.65625,0.65625,0.65625,32,0.93125,0.0411,0.00275,3.9050398486965854,5.7704398486965855,0.01513125,0.0036,0.00815,1e 64 ed b0 1e 64 ed b0 1e 64 ed b0 1e 64 ed b0,0.0,0.0053,1.0,1.0,1.0,1.0,True,0.74,0.0,block-copy,4.0,1.0,1e 64 ed b0 1e 64 ed b0 1e 64 ed b0 1e 64 ed b0,,,,,,
push-only,push-only,nominal,16,32,2,105,,300000,300000,False,-1,-1,-1,-1,,,0.00925,0.0221,13.237683034602103,4.091001742407267,04 5e ed b0 04 5e ed b0 04 5e ed b0 04 5e ed b0,59.9,push-only_L16_st32_k2_s105.summary.json,114000,114000,04 5e ed b0 04 5e ed b0 04 5e ed b0 04 5e ed b0,0,0.0092,1.0,1.0,1.0,1.0,True,True,0.0,0.718,block-copy,4,1.0,1.0,1.0,62,True,1.0,04 5e ed b0 04 5e ed b0 04 5e ed b0 04 5e ed b0,32,0.84375,0.84375,0.84375,32,0.8398,0.03595,0.0056,4.091001742407267,6.5792767424072665,0.04126875,0.0221,0.0232,84 5e ed b0 84 5e ed b0 84 5e ed b0 84 5e ed b0,0.0,0.0052,1.0,1.0,1.0,1.0,True,0.722,0.0,block-copy,4.0,1.0,84 5e ed b0 84 5e ed b0 84 5e ed b0 84 5e ed b0,,,,,,
push-only,push-only,nominal,16,32,2,106,,300000,300000,False,-1,-1,-1,-1,,,0.00405,0.0177,13.235062254363893,4.108455237607416,84 5e ed b0 84 5e ed b0 84 5e ed b0 84 5e ed b0,55.55,push-only_L16_st32_k2_s106.summary.json,200500,200500,84 5e ed b0 84 5e ed b0 84 5e ed b0 84 5e ed b0,0,0.004,1.0,1.0,1.0,1.0,True,True,0.0,0.722,block-copy,4,1.0,1.0,1.0,61,True,1.0,84 5e ed b0 84 5e ed b0 84 5e ed b0 84 5e ed b0,32,0.6875,0.6875,0.6875,32,0.8365,0.0359,0.0059,4.108455237607416,6.565955237607415,0.0402625,0.0177,0.019,24 5e ed b0 24 5e ed b0 24 5e ed b0 24 5e ed b0,0.0,0.0061,1.0,1.0,1.0,1.0,True,0.718,0.0,block-copy,4.0,1.0,24 5e ed b0 24 5e ed b0 24 5e ed b0 24 5e ed b0,,,,,,
push-only,push-only,nominal,16,32,2,107,,300000,300000,False,23000,-1,-1,-1,1e 24 ed b0 1e 24 ed b0 1e 24 ed b0 1e 24 ed b0,block-copy,0.00595,0.016,13.265929664656596,4.091617386054624,44 5e ed b0 44 5e ed b0 44 5e ed b0 44 5e ed b0,56.42,push-only_L16_st32_k2_s107.summary.json,21500,21500,44 5e ed b0 44 5e ed b0 44 5e ed b0 44 5e ed b0,0,0.006,1.0,1.0,1.0,1.0,True,True,0.0,0.718,block-copy,4,1.0,1.0,1.0,63,True,1.0,44 5e ed b0 44 5e ed b0 44 5e ed b0 44 5e ed b0,32,0.875,0.875,0.875,32,0.83055,0.0234,0.0059,4.091617386054624,6.619817386054624,0.042128125,0.016,0.0161,1e 24 ed b0 1e 24 ed b0 1e 24 ed b0 1e 24 ed b0,0.0,0.0101,1.0,1.0,1.0,1.0,True,0.74,0.0,block-copy,4.0,1.0,1e 24 ed b0 1e 24 ed b0 1e 24 ed b0 1e 24 ed b0,,,,,,
push-only,push-only,nominal,16,32,2,108,,300000,300000,False,-1,-1,-1,-1,,,0.0014,0.00575,12.943403231974449,3.8729578069543833,c8 6e eb ed b0 1e 96 85 c8 6e eb ed b0 1e 96 85,52.56,push-only_L16_st32_k2_s108.summary.json,29500,29500,c8 6e eb ed b0 1e 96 85 c8 6e eb ed b0 1e 96 85,0,0.0014,1.0,1.0,1.0,1.0,True,True,0.0,0.766,block-copy,8,1.0,1.0,1.0,63,True,1.0,c8 6e eb ed b0 1e 96 85 c8 6e eb ed b0 1e 96 85,32,0.71875,0.71875,0.71875,32,0.92525,0.0414,0.0035,3.8729578069543833,5.795032806954383,0.0161625,0.00575,0.00575,64 5e ed b0 64 5e ed b0 64 5e ed b0 64 5e ed b0,0.0,0.0053,1.0,1.0,1.0,1.0,True,0.72,0.0,block-copy,4.0,1.0,64 5e ed b0 64 5e ed b0 64 5e ed b0 64 5e ed b0,,,,,,
push-only,push-only,nominal,16,32,2,109,,300000,300000,False,-1,-1,-1,-1,,,0.00075,0.00335,14.271122821782969,0.28307142964320775,00 01 00 01 00 01 00 01 00 01 00 01 00 01 00 01,55.74,push-only_L16_st32_k2_s109.summary.json,-1,-1,00 03 00 03 00 03 00 03 00 03 00 03 00 03 00 00,1,0.0005,0.022,0.069,,0.0,False,False,,0.952,-,2,0.929,0.003,0.0,64,False,0.012,00 24 00 24 00 24 00 24 00 24 00 24 00 04 00 00,32,0.0,0.0,0.0,32,0.00015,0.01055,0.10285,0.2830714296432077,6.119271429643208,0.292834375,0.00335,0.00335,,,,,,,,,,,,,,,,,,,,
push-only,push-only,nominal,16,32,2,110,,300000,300000,False,-1,-1,-1,-1,,,0.00315,0.0114,13.224389491292492,4.121513903237908,a4 5e ed b0 a4 5e ed b0 a4 5e ed b0 a4 5e ed b0,56.84,push-only_L16_st32_k2_s110.summary.json,114000,114000,a4 5e ed b0 a4 5e ed b0 a4 5e ed b0 a4 5e ed b0,0,0.0032,1.0,1.0,1.0,1.0,True,True,0.0,0.722,block-copy,4,1.0,1.0,1.0,64,True,1.0,a4 5e ed b0 a4 5e ed b0 a4 5e ed b0 a4 5e ed b0,32,0.75,0.75,0.75,32,0.84045,0.04595,0.00575,4.121513903237908,6.544338903237907,0.038453125,0.0114,0.01155,44 5e ed b0 44 5e ed b0 44 5e ed b0 44 5e ed b0,0.0,0.0052,1.0,1.0,1.0,1.0,True,0.718,0.0,block-copy,4.0,1.0,44 5e ed b0 44 5e ed b0 44 5e ed b0 44 5e ed b0,,,,,,
rmw-only,rmw-only,nominal,16,128,4,101,,1000000,1000000,False,-1,-1,-1,-1,,,5e-05,5e-05,14.287712379549445,-0.004023709297998224,ce b8 1e 90 2e 34 5f d9 75 a9 66 53 b8 ba 21 40,325.27,rmw-only_L16_st128_k4_s101.summary.json,-1,-1,ce b8 1e 90 2e 34 5f d9 75 a9 66 53 b8 ba 21 40,0,0.0001,0.0,0.0,,0.0,False,False,,0.999,-,16,0.2,0.0,0.0,64,False,0.0,ce b8 1e 90 2e 34 5f d9 75 a9 66 53 b8 ba 21 40,32,0.0,0.0,0.0,32,0.00105,0.0243,0.0,-0.0040237092979982,7.996101290702002,0.0042375,5e-05,5e-05,,,,,,,,,,,,,,,,,,,,
rmw-only,rmw-only,nominal,16,128,4,102,,1000000,1000000,False,-1,-1,-1,-1,,,5e-05,5e-05,14.287712379549445,-0.004243651366000023,f3 77 ff fe 65 c8 99 ba fe c3 2f 3b d8 87 7e da,324.13,rmw-only_L16_st128_k4_s102.summary.json,-1,-1,f3 77 ff fe 65 c8 99 ba fe c3 2f 3b d8 87 7e da,0,0.0001,0.0,0.0,,0.0,False,False,,0.999,-,16,0.091,0.0,0.001,64,False,0.001,f3 77 ff fe 65 c8 99 ba fe c3 2f 3b d8 87 7e da,32,0.0,0.0,0.0,32,0.0009,0.0248,0.0,-0.004243651366,7.995881348634001,0.004159375,5e-05,5e-05,,,,,,,,,,,,,,,,,,,,
rmw-only,rmw-only,nominal,16,128,4,103,,1000000,1000000,False,-1,-1,-1,-1,,,5e-05,5e-05,14.287712379549445,-0.0043143785935697565,b3 00 9f 37 bc 5e 2f c5 02 d5 39 0b e8 d1 c5 a7,324.94,rmw-only_L16_st128_k4_s103.summary.json,-1,-1,b3 00 9f 37 bc 5e 2f c5 02 d5 39 0b e8 d1 c5 a7,0,0.0001,0.0,0.001,,0.0,False,False,,0.996,-,16,0.111,0.0,0.0,64,False,0.0,b3 00 9f 37 bc 5e 2f c5 02 d5 39 0b e8 d1 c5 a7,32,0.0,0.0,0.0,32,0.0006,0.0238,0.0,-0.0043143785935697,7.995810621406431,0.0043125,5e-05,5e-05,,,,,,,,,,,,,,,,,,,,
rmw-only,rmw-only,nominal,16,128,4,104,,1000000,1000000,False,-1,-1,-1,-1,,,5e-05,5e-05,14.287712379549445,-0.0041306103205052125,25 b6 d9 01 55 9d 51 65 72 84 23 91 ca 1c fb 1e,328.53,rmw-only_L16_st128_k4_s104.summary.json,-1,-1,25 b6 d9 01 55 9d 51 65 72 84 23 91 ca 1c fb 1e,0,0.0001,0.0,0.0,,0.0,False,False,,0.999,-,16,0.0,0.0,0.0,64,False,0.0,25 b6 d9 01 55 9d 51 65 72 84 23 91 ca 1c fb 1e,32,0.0,0.0,0.0,32,0.001,0.0261,0.0,-0.0041306103205052,7.995994389679495,0.0043625,5e-05,5e-05,,,,,,,,,,,,,,,,,,,,
rmw-only,rmw-only,nominal,16,128,4,105,,1000000,1000000,False,-1,-1,-1,-1,,,5e-05,5e-05,14.287712379549445,-0.004329511282948673,3c cd b7 50 57 1b 0a 7e 2b 4c da ea 29 ec 81 c3,325.23,rmw-only_L16_st128_k4_s105.summary.json,-1,-1,3c cd b7 50 57 1b 0a 7e 2b 4c da ea 29 ec 81 c3,0,0.0001,0.0,0.0,,0.0,False,False,,1.0,-,16,0.0,0.0,-0.001,64,False,0.001,5e 49 db 8d 7f 44 62 d4 29 0f a9 32 b7 64 90 e4,32,0.0,0.0,0.0,32,0.001,0.0255,0.0,-0.0043295112829486,7.995795488717052,0.004040625,5e-05,5e-05,,,,,,,,,,,,,,,,,,,,
rmw-only,rmw-only,nominal,16,128,4,106,,1000000,1000000,False,-1,-1,-1,-1,,,5e-05,5e-05,14.287712379549445,-0.00442973100397559,51 4d b8 8c 01 0d 0a 6d a7 f1 7b f7 f4 76 25 10,324.48,rmw-only_L16_st128_k4_s106.summary.json,-1,-1,51 4d b8 8c 01 0d 0a 6d a7 f1 7b f7 f4 76 25 10,0,0.0001,0.0,0.0,,0.0,False,False,,1.0,-,16,0.0,0.0,0.0,64,False,0.0,51 4d b8 8c 01 0d 0a 6d a7 f1 7b f7 f4 76 25 10,32,0.0,0.0,0.0,32,0.00065,0.0246,0.0,-0.0044297310039755,7.995695268996025,0.0040375,5e-05,5e-05,,,,,,,,,,,,,,,,,,,,
rmw-only,rmw-only,nominal,16,128,4,107,,1000000,1000000,False,-1,-1,-1,-1,,,5e-05,5e-05,14.287712379549445,-0.003704100112219777,0e 34 d3 cd ea d1 a4 0b 25 29 c3 5f b3 fe 29 e3,325.03,rmw-only_L16_st128_k4_s107.summary.json,-1,-1,0e 34 d3 cd ea d1 a4 0b 25 29 c3 5f b3 fe 29 e3,0,0.0001,0.001,0.0,,0.0,False,False,,0.982,-,16,0.091,0.001,-0.001,64,False,0.0,61 51 98 b9 fe d0 ae 74 44 4c 6a c5 fa 20 d2 0a,32,0.0,0.0,0.0,32,0.0008,0.0256,0.0,-0.0037041001122197,7.996420899887781,0.00415,5e-05,5e-05,,,,,,,,,,,,,,,,,,,,
rmw-only,rmw-only,nominal,16,128,4,108,,1000000,1000000,False,-1,-1,-1,-1,,,5e-05,5e-05,14.287712379549445,-0.004458338660628058,2d 63 8d 1b e1 58 e3 55 d3 3c 23 52 b3 5a 4b fe,327.13,rmw-only_L16_st128_k4_s108.summary.json,-1,-1,2d 63 8d 1b e1 58 e3 55 d3 3c 23 52 b3 5a 4b fe,0,0.0001,0.0,0.0,,0.0,False,False,,0.997,-,16,0.0,0.001,0.0,64,False,0.0,2d 63 8d 1b e1 58 e3 55 d3 3c 23 52 b3 5a 4b fe,32,0.0,0.0,0.0,32,0.001,0.0244,0.0,-0.004458338660628,7.9956666613393725,0.00436875,5e-05,5e-05,,,,,,,,,,,,,,,,,,,,
rmw-only,rmw-only,nominal,16,128,4,109,,1000000,1000000,False,-1,-1,-1,-1,,,0.0001,5e-05,14.287612379549445,-0.003934375147092162,a5 f1 b7 6d 8e b0 58 0f da e7 28 5e d9 b6 8b 30,325.03,rmw-only_L16_st128_k4_s109.summary.json,-1,-1,a5 f1 b7 6d 8e b0 58 0f da e7 28 5e d9 b6 8b 30,0,0.0001,0.0,0.0,,0.0,False,False,,0.999,-,16,0.0,0.0,0.0,64,False,0.001,21 25 58 62 24 45 b7 ba 8e da 2c a2 ff c6 ca 5a,32,0.0,0.0,0.0,32,0.0011,0.02515,0.0,-0.0039343751470921,7.996190624852908,0.004340625,5e-05,5e-05,,,,,,,,,,,,,,,,,,,,
rmw-only,rmw-only,nominal,16,128,4,110,,1000000,1000000,False,-1,-1,-1,-1,,,5e-05,5e-05,14.287712379549445,-0.004040104111379783,31 12 30 47 50 7f 77 ce 17 2a 68 af f6 64 d8 ca,325.11,rmw-only_L16_st128_k4_s110.summary.json,-1,-1,31 12 30 47 50 7f 77 ce 17 2a 68 af f6 64 d8 ca,0,0.0001,0.0,0.0,,0.0,False,False,,1.0,-,16,0.0,0.0,0.0,64,False,0.0,31 12 30 47 50 7f 77 ce 17 2a 68 af f6 64 d8 ca,32,0.0,0.0,0.0,32,0.0009,0.02125,0.0,-0.0040401041113797,7.996084895888621,0.00413125,5e-05,5e-05,,,,,,,,,,,,,,,,,,,,
rmw-only,rmw-only,nominal,16,32,2,101,,1000000,1000000,False,-1,-1,-1,-1,,,5e-05,5e-05,14.287712379549445,-0.0009064088654850977,7d 26 8d 79 4d 3e 49 33 b2 17 6a e9 9d 5f ec 85,143.16,rmw-only_L16_st32_k2_s101.summary.json,-1,-1,7d 26 8d 79 4d 3e 49 33 b2 17 6a e9 9d 5f ec 85,0,0.0001,0.0,0.0,,0.0,False,False,,1.0,-,16,0.0,0.0,0.0,64,False,0.0,7d 26 8d 79 4d 3e 49 33 b2 17 6a e9 9d 5f ec 85,32,0.0,0.0,0.0,32,0.0011,0.0259,0.0,-0.000906408865485,7.9992185911345155,0.003921875,5e-05,5e-05,,,,,,,,,,,,,,,,,,,,
rmw-only,rmw-only,nominal,16,32,2,102,,1000000,1000000,False,-1,-1,-1,-1,,,5e-05,5e-05,14.287712379549445,-0.0009202082572254966,25 22 11 8e b6 22 16 30 9a f9 61 99 67 41 ad c6,137.18,rmw-only_L16_st32_k2_s102.summary.json,-1,-1,25 22 11 8e b6 22 16 30 9a f9 61 99 67 41 ad c6,0,0.0001,0.0,0.0,,0.0,False,False,,0.999,-,16,0.083,0.0,0.0,64,False,0.0,25 22 11 8e b6 22 16 30 9a f9 61 99 67 41 ad c6,32,0.0,0.0,0.0,32,0.00085,0.02515,0.0,-0.0009202082572254,7.999204791742775,0.003975,5e-05,5e-05,,,,,,,,,,,,,,,,,,,,
rmw-only,rmw-only,nominal,16,32,2,103,,1000000,1000000,False,-1,-1,-1,-1,,,5e-05,5e-05,14.287712379549445,-0.0009979283961145669,19 af 03 30 22 fd e1 e5 15 cd 30 e2 47 3f 45 89,140.89,rmw-only_L16_st32_k2_s103.summary.json,-1,-1,19 af 03 30 22 fd e1 e5 15 cd 30 e2 47 3f 45 89,0,0.0001,0.0,0.0,,0.0,False,False,,0.999,-,16,0.111,0.0,0.0,64,False,0.0,19 af 03 30 22 fd e1 e5 15 cd 30 e2 47 3f 45 89,32,0.0,0.0,0.0,32,0.00105,0.0229,0.0,-0.0009979283961145,7.999127071603886,0.0041125,5e-05,5e-05,,,,,,,,,,,,,,,,,,,,
rmw-only,rmw-only,nominal,16,32,2,104,,1000000,1000000,False,-1,-1,-1,-1,,,5e-05,5e-05,14.287712379549445,-0.0008316965302848089,1b f3 ce 0c 59 a7 e7 19 74 9c 5b b9 42 8c e4 c5,137.53,rmw-only_L16_st32_k2_s104.summary.json,-1,-1,1b f3 ce 0c 59 a7 e7 19 74 9c 5b b9 42 8c e4 c5,0,0.0001,0.0,0.0,,0.0,False,False,,0.999,-,16,0.0,0.0,0.0,64,False,0.001,ac 3e 15 9b 03 da 5a 77 5b 85 40 13 79 a2 17 17,32,0.0,0.0,0.0,32,0.00095,0.0272,0.0,-0.0008316965302848,7.999293303469716,0.004046875,5e-05,5e-05,,,,,,,,,,,,,,,,,,,,
rmw-only,rmw-only,nominal,16,32,2,105,,1000000,1000000,False,-1,-1,-1,-1,,,5e-05,5e-05,14.287712379549445,-0.0009563890366237615,2c be bc 3d 04 e9 74 6d 47 58 27 64 dc 68 0d 01,140.52,rmw-only_L16_st32_k2_s105.summary.json,-1,-1,2c be bc 3d 04 e9 74 6d 47 58 27 64 dc 68 0d 01,0,0.0001,0.0,0.0,,0.0,False,False,,1.0,-,16,0.0,0.0,0.0,64,False,0.0,2c be bc 3d 04 e9 74 6d 47 58 27 64 dc 68 0d 01,32,0.0,0.0,0.0,32,0.00085,0.02445,0.0,-0.0009563890366237,7.999168610963377,0.004115625,5e-05,5e-05,,,,,,,,,,,,,,,,,,,,
rmw-only,rmw-only,nominal,16,32,2,106,,1000000,1000000,False,-1,-1,-1,-1,,,5e-05,5e-05,14.287712379549445,-0.0009757521479594189,9a c0 c0 4b a5 5f ac a3 2c 3a a9 f9 a5 fd b8 df,133.44,rmw-only_L16_st32_k2_s106.summary.json,-1,-1,2f b3 1e a4 d0 83 42 1c c6 a2 27 75 2c a4 88 dc,1,0.0001,0.0,0.001,,0.0,False,False,,0.999,-,16,0.167,0.0,0.0,64,False,0.0,9a c0 c0 4b a5 5f ac a3 2c 3a a9 f9 a5 fd b8 df,32,0.0,0.0,0.0,32,0.0009,0.024,0.0,-0.0009757521479594,7.999149247852041,0.004046875,5e-05,5e-05,,,,,,,,,,,,,,,,,,,,
rmw-only,rmw-only,nominal,16,32,2,107,,1000000,1000000,False,-1,-1,-1,-1,,,5e-05,5e-05,14.287712379549445,-0.0008169202509469287,4c 7f 0a f8 f1 8f 71 55 79 59 82 3e b4 8b 20 e6,138.25,rmw-only_L16_st32_k2_s107.summary.json,-1,-1,4c 7f 0a f8 f1 8f 71 55 79 59 82 3e b4 8b 20 e6,0,0.0001,0.0,0.0,,0.0,False,False,,1.0,-,16,0.0,0.0,0.0,64,False,0.0,4c 7f 0a f8 f1 8f 71 55 79 59 82 3e b4 8b 20 e6,32,0.0,0.0,0.0,32,0.00105,0.0254,0.0,-0.0008169202509469,7.999308079749054,0.00400625,5e-05,5e-05,,,,,,,,,,,,,,,,,,,,
rmw-only,rmw-only,nominal,16,32,2,108,,1000000,1000000,False,-1,-1,-1,-1,,,5e-05,5e-05,14.287712379549445,-0.0009576667503523595,98 09 9e 9f bf 97 c8 89 eb 79 6e 31 52 6f 29 c8,131.91,rmw-only_L16_st32_k2_s108.summary.json,-1,-1,98 09 9e 9f bf 97 c8 89 eb 79 6e 31 52 6f 29 c8,0,0.0001,0.0,0.0,,0.0,False,False,,1.0,-,16,0.143,0.0,0.0,64,False,0.0,98 09 9e 9f bf 97 c8 89 eb 79 6e 31 52 6f 29 c8,32,0.0,0.0,0.0,32,0.0012,0.02485,0.0,-0.0009576667503523,7.999167333249648,0.004046875,5e-05,5e-05,,,,,,,,,,,,,,,,,,,,
rmw-only,rmw-only,nominal,16,32,2,109,,1000000,1000000,False,-1,-1,-1,-1,,,5e-05,5e-05,14.287712379549445,-0.0009576030557241211,c0 79 0d c5 91 7b 59 bd 73 61 0c 96 fa 92 21 bc,145.17,rmw-only_L16_st32_k2_s109.summary.json,-1,-1,c0 79 0d c5 91 7b 59 bd 73 61 0c 96 fa 92 21 bc,0,0.0001,0.0,0.0,,0.0,False,False,,0.999,-,16,0.0,0.0,0.0,64,False,0.0,c0 79 0d c5 91 7b 59 bd 73 61 0c 96 fa 92 21 bc,32,0.0,0.0,0.0,32,0.0006,0.0254,0.0,-0.0009576030557241,7.9991673969442765,0.004015625,5e-05,5e-05,,,,,,,,,,,,,,,,,,,,
rmw-only,rmw-only,nominal,16,32,2,110,,1000000,1000000,False,-1,-1,-1,-1,,,5e-05,5e-05,14.287712379549445,-0.0008912093125079679,f9 1f fb 29 44 f0 9b 00 d8 17 47 ea 5d 89 61 0e,131.08,rmw-only_L16_st32_k2_s110.summary.json,-1,-1,f9 1f fb 29 44 f0 9b 00 d8 17 47 ea 5d 89 61 0e,0,0.0001,0.0,0.0,,0.0,False,False,,1.0,-,16,0.0,0.0,0.0,64,False,0.0,f9 1f fb 29 44 f0 9b 00 d8 17 47 ea 5d 89 61 0e,32,0.0,0.0,0.0,32,0.0012,0.02555,0.0,-0.0008912093125079,7.999233790687493,0.003928125,5e-05,5e-05,,,,,,,,,,,,,,,,,,,,
stack-read-only,stack-read-only,nominal,16,128,4,101,,300000,300000,False,400,750,650,-1,01 c5 01 c5 01 c5 01 c5 01 c5 01 c5 01 c5 01 c5,stack,0.00345,0.0094,11.343119994082477,5.0221555982804045,28 6f 5e ed b0 72 48 88 28 6f 5e ed b0 72 48 88,79.73,stack-read-only_L16_st128_k4_s101.summary.json,250,250,28 6f 5e ed b0 72 48 88 28 6f 5e ed b0 72 48 88,0,0.0034,1.0,1.0,1.0,1.0,True,True,0.0,0.505,block-copy+ld-mem,8,1.0,1.0,1.0,64,True,1.0,28 6f 5e ed b0 72 48 88 28 6f 5e ed b0 72 48 88,32,0.90625,0.90625,0.90625,32,0.9574,0.05835,0.0056,5.0221555982804045,6.071530598280404,0.013959375,0.0094,0.00945,01 c5 01 c5 01 c5 01 c5 01 c5 01 c5 01 c5 01 c5,1.0,0.0084,0.817,0.569,0.75,0.703,True,0.527,0.0,stack,2.0,1.0,01 c5 01 c5 01 c5 01 c5 01 c5 01 c5 01 c5 01 c5,01 c5 01 c5 01 c5 01 c5 01 c5 01 c5 01 c5 01 c5,0.0,0.817,0.569,0.703,True
stack-read-only,stack-read-only,nominal,16,128,4,102,,300000,300000,False,950,1550,1500,-1,11 d5 11 d5 11 d5 11 d5 11 d5 11 d5 11 d5 11 d5,stack,0.00555,0.0562,10.654681243959164,4.7892089454760125,b8 2e e8 c3 c7 f3 1f ed b8 2e e8 c3 c7 f3 1f ed,80.23,stack-read-only_L16_st128_k4_s102.summary.json,900,900,b8 2e e8 c3 c7 f3 1f ed b8 2e e8 c3 c7 f3 1f ed,0,0.0056,1.0,1.0,1.0,1.0,True,True,0.0,0.662,block-copy,8,1.0,1.0,1.0,58,True,1.0,b8 2e e8 c3 c7 f3 1f ed b8 2e e8 c3 c7 f3 1f ed,32,0.90625,0.90625,0.9375,32,0.95375,0.03825,0.00485,4.7892089454760125,5.627808945476012,0.00933125,0.0562,0.0562,11 d5 11 d5 11 d5 11 d5 11 d5 11 d5 11 d5 11 d5,0.0,0.0134,0.711,0.436,0.732,0.578,True,0.569,0.0,stack,2.0,1.0,11 d5 11 d5 11 d5 11 d5 11 d5 11 d5 11 d5 11 d5,01 c5 01 c5 01 c5 01 c5 01 c5 01 c5 01 c5 01 c5,1.0,0.817,0.569,0.703,True
stack-read-only,stack-read-only,nominal,16,128,4,103,,300000,300000,False,4750,6000,5500,-1,01 c5 01 c5 01 c5 01 c5 01 c5 01 c5 01 c5 01 c5,stack,0.00815,0.01285,11.347674871422965,5.023566871226338,84 5e ed b0 84 5e ed b0 84 5e ed b0 84 5e ed b0,74.04,stack-read-only_L16_st128_k4_s103.summary.json,4600,4600,84 5e ed b0 84 5e ed b0 84 5e ed b0 84 5e ed b0,0,0.0081,1.0,1.0,1.0,1.0,True,True,0.0,0.46,block-copy,4,1.0,1.0,1.0,63,True,1.0,84 5e ed b0 84 5e ed b0 84 5e ed b0 84 5e ed b0,32,0.96875,0.9375,0.96875,32,0.9555,0.0699,0.00695,5.023566871226338,6.1087418712263375,0.0176625,0.01285,0.01735,01 c5 01 c5 01 c5 01 c5 01 c5 01 c5 01 c5 01 c5,1.0,0.0089,0.817,0.569,0.75,0.703,True,0.527,0.0,stack,2.0,1.0,01 c5 01 c5 01 c5 01 c5 01 c5 01 c5 01 c5 01 c5,01 c5 01 c5 01 c5 01 c5 01 c5 01 c5 01 c5 01 c5,0.0,0.817,0.569,0.703,True
stack-read-only,stack-read-only,nominal,16,128,4,104,,300000,300000,False,300,650,600,-1,01 c5 01 c5 01 c5 01 c5 01 c5 01 c5 01 c5 01 c5,stack,0.00165,0.004,11.942139878791206,5.785930874968734,50 5e c3 ee cf f6 4d a7 d8 fd 8c e3 25 2e ed b0,74.67,stack-read-only_L16_st128_k4_s104.summary.json,150,150,50 5e c3 ee cf f6 4d a7 d8 fd 8c e3 25 2e ed b0,0,0.0016,1.0,1.0,1.0,1.0,True,True,0.0,0.704,stack,16,0.0,1.0,1.0,64,True,1.0,50 5e c3 ee cf f6 4d a7 d8 fd 8c e3 25 2e ed b0,32,0.90625,0.90625,0.90625,32,0.9499,0.0193,0.00355,5.785930874968734,7.065530874968735,0.0165625,0.004,0.004,01 c5 01 c5 01 c5 01 c5 01 c5 01 c5 01 c5 01 c5,2.0,0.0091,0.817,0.569,0.75,0.703,True,0.527,0.0,stack,2.0,1.0,01 c5 01 c5 01 c5 01 c5 01 c5 01 c5 01 c5 01 c5,01 c5 01 c5 01 c5 01 c5 01 c5 01 c5 01 c5 01 c5,0.0,0.817,0.569,0.703,True
stack-read-only,stack-read-only,nominal,16,128,4,105,,300000,300000,False,250,450,400,-1,11 d5 11 d5 11 d5 11 d5 11 d5 11 d5 11 d5 11 d5,stack,0.0211,0.0376,11.676672278777422,5.717432932746403,b0 1e 04 ed b0 1e 04 ed b0 1e 04 ed b0 1e 04 ed,75.35,stack-read-only_L16_st128_k4_s105.summary.json,150,150,b0 1e 04 ed b0 1e 04 ed b0 1e 04 ed b0 1e 04 ed,0,0.0211,1.0,1.0,1.0,1.0,True,True,0.0,0.547,block-copy,4,1.0,1.0,1.0,61,True,1.0,b0 1e 04 ed b0 1e 04 ed b0 1e 04 ed b0 1e 04 ed,32,0.90625,0.90625,0.90625,32,0.95325,0.01355,0.0047,5.717432932746403,6.943957932746403,0.012553125,0.0376,0.04665,11 d5 11 d5 11 d5 11 d5 11 d5 11 d5 11 d5 11 d5,0.0,0.01,0.711,0.436,0.732,0.578,True,0.569,0.0,stack,2.0,1.0,11 d5 11 d5 11 d5 11 d5 11 d5 11 d5 11 d5 11 d5,11 d5 11 d5 11 d5 11 d5 11 d5 11 d5 11 d5 11 d5,0.0,0.711,0.436,0.578,True
stack-read-only,stack-read-only,nominal,16,128,4,106,,300000,300000,False,4450,5000,4850,-1,01 c5 01 c5 01 c5 01 c5 01 c5 01 c5 01 c5 01 c5,stack,0.0019,0.00365,12.013279626794844,5.5999896199923045,88 5e c2 02 92 ed b0 ee 88 5e c2 02 92 ed b0 ee,78.16,stack-read-only_L16_st128_k4_s106.summary.json,4350,4350,88 5e c2 02 92 ed b0 ee 88 5e c2 02 92 ed b0 ee,0,0.0019,1.0,1.0,1.0,1.0,True,True,0.0,0.644,block-copy,8,1.0,1.0,1.0,64,True,1.0,88 5e c2 02 92 ed b0 ee 88 5e c2 02 92 ed b0 ee,32,0.84375,0.84375,0.84375,32,0.9485,0.00945,0.0051,5.5999896199923045,6.915189619992304,0.034546875,0.00365,0.00365,01 c5 01 c5 01 c5 01 c5 01 c5 01 c5 01 c5 01 c5,0.0,0.0078,0.817,0.569,0.75,0.703,True,0.527,0.0,stack,2.0,1.0,01 c5 01 c5 01 c5 01 c5 01 c5 01 c5 01 c5 01 c5,01 c5 01 c5 01 c5 01 c5 01 c5 01 c5 01 c5 01 c5,0.0,0.817,0.569,0.703,True
stack-read-only,stack-read-only,nominal,16,128,4,107,,300000,300000,False,950,1500,1400,-1,21 e5 21 e5 21 e5 21 e5 21 e5 21 e5 21 e5 21 e5,stack,0.00205,0.00445,11.953583736125042,5.865363687477582,11 b0 b5 c3 2c c6 c1 e9 1e 49 8a fb 08 56 ed b0,77.59,stack-read-only_L16_st128_k4_s107.summary.json,750,750,11 b0 b5 c3 2c c6 c1 e9 1e 49 8a fb 08 56 ed b0,0,0.0021,1.0,1.0,1.0,1.0,True,True,0.0,0.741,block-copy,16,0.5,1.0,1.0,64,True,1.0,11 b0 b5 c3 2c c6 c1 e9 1e 49 8a fb 08 56 ed b0,32,0.8125,0.8125,0.8125,32,0.96065,0.0068,0.00345,5.865363687477582,7.1364636874775815,0.020059375,0.00445,0.00445,21 e5 21 e5 21 e5 21 e5 21 e5 21 e5 21 e5 21 e5,0.0,0.011,0.792,0.55,0.75,0.656,True,0.588,0.0,stack,2.0,1.0,21 e5 21 e5 21 e5 21 e5 21 e5 21 e5 21 e5 21 e5,21 e5 21 e5 21 e5 21 e5 21 e5 21 e5 21 e5 21 e5,0.0,0.792,0.55,0.656,True
stack-read-only,stack-read-only,nominal,16,128,4,108,,300000,300000,False,250,1050,650,-1,01 c5 01 c5 01 c5 01 c5 01 c5 01 c5 01 c5 01 c5,stack,0.00255,0.0045,11.934757441125813,5.906216189816637,11 b0 79 c3 ab 0e 87 4c 6d 20 e3 00 46 40 ed b0,82.36,stack-read-only_L16_st128_k4_s108.summary.json,150,150,11 b0 79 c3 ab 0e 87 4c 6d 20 e3 00 46 40 ed b0,0,0.0026,1.0,1.0,1.0,1.0,True,True,0.0,0.727,block-copy,16,0.5,1.0,1.0,63,True,1.0,11 b0 79 c3 ab 0e 87 4c 6d 20 e3 00 46 40 ed b0,32,0.90625,0.90625,0.90625,32,0.9556,0.00475,0.00305,5.906216189816637,7.174866189816637,0.008990625,0.0045,0.0045,01 c5 01 c5 01 c5 01 c5 01 c5 01 c5 01 c5 01 c5,1.0,0.0095,0.817,0.569,0.75,0.703,True,0.527,0.0,stack,2.0,1.0,01 c5 01 c5 01 c5 01 c5 01 c5 01 c5 01 c5 01 c5,01 c5 01 c5 01 c5 01 c5 01 c5 01 c5 01 c5 01 c5,0.0,0.817,0.569,0.703,True
stack-read-only,stack-read-only,nominal,16,128,4,109,,300000,300000,False,700,1500,1300,-1,01 c5 01 c5 01 c5 01 c5 01 c5 01 c5 01 c5 01 c5,stack,0.00215,0.0028,11.941386347909702,5.811833693924317,b0 5e c3 4e 43 ad 2d 66 a5 6e 5d f6 93 89 ed b0,75.26,stack-read-only_L16_st128_k4_s109.summary.json,600,600,b0 5e c3 4e 43 ad 2d 66 a5 6e 5d f6 93 89 ed b0,0,0.0022,1.0,1.0,1.0,1.0,True,True,0.0,0.777,block-copy,15,1.0,1.0,1.0,64,True,1.0,b0 5e c3 4e 43 ad 2d 66 a5 6e 5d f6 93 89 ed b0,32,0.96875,0.96875,0.96875,32,0.9592,0.01945,0.0022,5.811833693924317,7.072483693924317,0.0149625,0.0028,0.0028,01 c5 01 c5 01 c5 01 c5 01 c5 01 c5 01 c5 01 c5,0.0,0.012,0.817,0.569,0.75,0.703,True,0.527,0.0,stack,2.0,1.0,01 c5 01 c5 01 c5 01 c5 01 c5 01 c5 01 c5 01 c5,01 c5 01 c5 01 c5 01 c5 01 c5 01 c5 01 c5 01 c5,0.0,0.817,0.569,0.703,True
stack-read-only,stack-read-only,nominal,16,128,4,110,,300000,300000,False,2500,3500,3050,-1,21 e5 21 e5 21 e5 21 e5 21 e5 21 e5 21 e5 21 e5,stack,0.0036,0.00955,11.417383370198342,5.025425856041215,28 39 5e ed b0 5d aa 24 28 39 5e ed b0 5d aa 24,74.02,stack-read-only_L16_st128_k4_s110.summary.json,2400,2400,28 39 5e ed b0 5d aa 24 28 39 5e ed b0 5d aa 24,0,0.0036,1.0,1.0,1.0,1.0,True,True,0.0,0.483,block-copy,8,1.0,1.0,1.0,64,True,1.0,28 39 5e ed b0 5d aa 24 28 39 5e ed b0 5d aa 24,32,0.875,0.875,0.90625,32,0.94995,0.0505,0.00715,5.025425856041215,6.1037508560412155,0.014925,0.00955,0.00955,21 e5 21 e5 21 e5 21 e5 21 e5 21 e5 21 e5 21 e5,2.0,0.0083,0.792,0.55,0.75,0.656,True,0.588,0.0,stack,2.0,1.0,21 e5 21 e5 21 e5 21 e5 21 e5 21 e5 21 e5 21 e5,21 e5 21 e5 21 e5 21 e5 21 e5 21 e5 21 e5 21 e5,0.0,0.792,0.55,0.656,True
stack-read-only,stack-read-only,nominal,16,32,2,101,,300000,300000,False,-1,-1,-1,-1,,,0.0031,0.0128,13.272539524627431,4.037219154156344,24 5e ed b0 24 5e ed b0 24 5e ed b0 24 5e ed b0,55.92,stack-read-only_L16_st32_k2_s101.summary.json,116000,116000,24 5e ed b0 24 5e ed b0 24 5e ed b0 24 5e ed b0,0,0.0031,1.0,1.0,1.0,1.0,True,True,0.0,0.688,block-copy,4,1.0,1.0,1.0,63,True,1.0,24 5e ed b0 24 5e ed b0 24 5e ed b0 24 5e ed b0,32,0.75,0.75,0.75,32,0.82575,0.0326,0.00845,4.037219154156344,6.524619154156344,0.05070625,0.0128,0.01285,a4 5e ed b0 a4 5e ed b0 a4 5e ed b0 a4 5e ed b0,0.0,0.0057,1.0,1.0,1.0,1.0,True,0.688,0.0,block-copy,4.0,1.0,a4 5e ed b0 a4 5e ed b0 a4 5e ed b0 a4 5e ed b0,,,,,,
stack-read-only,stack-read-only,nominal,16,32,2,102,,300000,300000,False,-1,-1,-1,-1,,,0.00125,0.0031,13.281292224658916,4.045477699884354,a4 5e ed b0 a4 5e ed b0 a4 5e ed b0 a4 5e ed b0,55.09,stack-read-only_L16_st32_k2_s102.summary.json,98000,98000,a4 5e ed b0 a4 5e ed b0 a4 5e ed b0 a4 5e ed b0,0,0.0013,1.0,1.0,1.0,1.0,True,True,0.0,0.688,block-copy,4,1.0,1.0,1.0,64,True,1.0,a4 5e ed b0 a4 5e ed b0 a4 5e ed b0 a4 5e ed b0,32,0.8125,0.8125,0.8125,32,0.83585,0.03045,0.00815,4.045477699884354,6.508052699884354,0.050953125,0.0031,0.00315,24 5e ed b0 24 5e ed b0 24 5e ed b0 24 5e ed b0,0.0,0.0053,1.0,1.0,1.0,1.0,True,0.688,0.0,block-copy,4.0,1.0,24 5e ed b0 24 5e ed b0 24 5e ed b0 24 5e ed b0,,,,,,
stack-read-only,stack-read-only,nominal,16,32,2,103,,300000,300000,False,7500,-1,8000,-1,1e 84 ed b0 1e 84 ed b0 1e 84 ed b0 1e 84 ed b0,block-copy,0.0025,0.00795,13.256187826702869,4.046056083531033,a4 5e ed b0 a4 5e ed b0 a4 5e ed b0 a4 5e ed b0,56.0,stack-read-only_L16_st32_k2_s103.summary.json,6000,6000,a4 5e ed b0 a4 5e ed b0 a4 5e ed b0 a4 5e ed b0,0,0.0025,1.0,1.0,1.0,1.0,True,True,0.0,0.688,block-copy,4,1.0,1.0,1.0,63,True,1.0,a4 5e ed b0 a4 5e ed b0 a4 5e ed b0 a4 5e ed b0,32,0.75,0.75,0.75,32,0.83405,0.0251,0.00765,4.046056083531033,6.5004810835310325,0.0461625,0.00795,0.0084,1e 64 ed b0 1e 64 ed b0 1e 64 ed b0 1e 64 ed b0,0.0,0.005,1.0,1.0,1.0,1.0,True,0.71,0.0,block-copy,4.0,1.0,1e 64 ed b0 1e 64 ed b0 1e 64 ed b0 1e 64 ed b0,1e 84 ed b0 1e 84 ed b0 1e 84 ed b0 1e 84 ed b0,0.0,1.0,1.0,1.0,True
stack-read-only,stack-read-only,nominal,16,32,2,104,,300000,300000,False,-1,-1,-1,-1,,,0.00115,0.00215,13.234875752343969,4.116669971740386,28 3e 5e ed b0 0c d6 d2 28 3e 5e ed b0 0c d6 d2,56.55,stack-read-only_L16_st32_k2_s104.summary.json,207000,207000,28 3e 5e ed b0 0c d6 d2 28 3e 5e ed b0 0c d6 d2,0,0.0011,1.0,1.0,1.0,1.0,True,True,0.0,0.756,block-copy,8,1.0,1.0,1.0,64,True,1.0,28 3e 5e ed b0 0c d6 d2 28 3e 5e ed b0 0c d6 d2,32,0.75,0.75,0.75,32,0.84805,0.03845,0.00625,4.116669971740386,6.477019971740385,0.04360625,0.00215,0.00215,84 5e ed b0 84 5e ed b0 84 5e ed b0 84 5e ed b0,0.0,0.0063,1.0,1.0,1.0,1.0,True,0.688,0.0,block-copy,4.0,1.0,84 5e ed b0 84 5e ed b0 84 5e ed b0 84 5e ed b0,,,,,,
stack-read-only,stack-read-only,nominal,16,32,2,105,,300000,300000,False,-1,-1,-1,-1,,,0.0025,0.0094,13.277022588312121,4.0366017625999575,64 5e ed b0 64 5e ed b0 64 5e ed b0 64 5e ed b0,58.64,stack-read-only_L16_st32_k2_s105.summary.json,62000,62000,64 5e ed b0 64 5e ed b0 64 5e ed b0 64 5e ed b0,0,0.0025,1.0,1.0,1.0,1.0,True,True,0.0,0.688,block-copy,4,1.0,1.0,1.0,62,True,1.0,64 5e ed b0 64 5e ed b0 64 5e ed b0 64 5e ed b0,32,0.75,0.75,0.75,32,0.83,0.02545,0.0091,4.0366017625999575,6.522701762599958,0.054009375,0.0094,0.0094,44 5e ed b0 44 5e ed b0 44 5e ed b0 44 5e ed b0,0.0,0.0059,1.0,1.0,1.0,1.0,True,0.688,0.0,block-copy,4.0,1.0,44 5e ed b0 44 5e ed b0 44 5e ed b0 44 5e ed b0,,,,,,
stack-read-only,stack-read-only,nominal,16,32,2,106,,300000,300000,False,-1,-1,-1,-1,,,0.00285,0.00755,13.28907932648165,4.0587664734268065,a4 5e ed b0 a4 5e ed b0 a4 5e ed b0 a4 5e ed b0,63.25,stack-read-only_L16_st32_k2_s106.summary.json,46000,46000,a4 5e ed b0 a4 5e ed b0 a4 5e ed b0 a4 5e ed b0,0,0.0029,1.0,1.0,1.0,1.0,True,True,0.0,0.688,block-copy,4,1.0,1.0,1.0,63,True,1.0,a4 5e ed b0 a4 5e ed b0 a4 5e ed b0 a4 5e ed b0,32,0.78125,0.78125,0.78125,32,0.8303,0.02045,0.00865,4.0587664734268065,6.5629664734268065,0.05278125,0.00755,0.00775,24 5e ed b0 24 5e ed b0 24 5e ed b0 24 5e ed b0,0.0,0.0053,1.0,1.0,1.0,1.0,True,0.688,0.0,block-copy,4.0,1.0,24 5e ed b0 24 5e ed b0 24 5e ed b0 24 5e ed b0,,,,,,
stack-read-only,stack-read-only,nominal,16,32,2,107,,300000,300000,False,-1,-1,-1,-1,,,0.0011,0.0036,13.286795030887237,4.1034817990049515,24 5e ed b0 24 5e ed b0 24 5e ed b0 24 5e ed b0,55.39,stack-read-only_L16_st32_k2_s107.summary.json,70500,70500,24 5e ed b0 24 5e ed b0 24 5e ed b0 24 5e ed b0,0,0.0011,1.0,1.0,1.0,1.0,True,True,0.0,0.688,block-copy,4,1.0,1.0,1.0,64,True,1.0,24 5e ed b0 24 5e ed b0 24 5e ed b0 24 5e ed b0,32,0.90625,0.90625,0.90625,32,0.8388,0.0342,0.00825,4.1034817990049515,6.569881799004952,0.049528125,0.0036,0.00365,04 5e ed b0 04 5e ed b0 04 5e ed b0 04 5e ed b0,0.0,0.0053,1.0,1.0,1.0,1.0,True,0.688,0.0,block-copy,4.0,1.0,04 5e ed b0 04 5e ed b0 04 5e ed b0 04 5e ed b0,,,,,,
stack-read-only,stack-read-only,nominal,16,32,2,108,,300000,300000,False,-1,-1,-1,-1,,,0.00195,0.0043,13.281091273239088,4.078207376777924,84 5e ed b0 84 5e ed b0 84 5e ed b0 84 5e ed b0,53.22,stack-read-only_L16_st32_k2_s108.summary.json,217500,217500,84 5e ed b0 84 5e ed b0 84 5e ed b0 84 5e ed b0,0,0.0019,1.0,1.0,1.0,1.0,True,True,0.0,0.688,block-copy,4,1.0,1.0,1.0,64,True,1.0,84 5e ed b0 84 5e ed b0 84 5e ed b0 84 5e ed b0,32,0.65625,0.65625,0.65625,32,0.83805,0.0297,0.00655,4.078207376777924,6.526057376777924,0.048959375,0.0043,0.00455,24 5e ed b0 24 5e ed b0 24 5e ed b0 24 5e ed b0,0.0,0.0051,1.0,1.0,1.0,1.0,True,0.688,0.0,block-copy,4.0,1.0,24 5e ed b0 24 5e ed b0 24 5e ed b0 24 5e ed b0,,,,,,
stack-read-only,stack-read-only,nominal,16,32,2,109,,300000,300000,False,-1,-1,-1,-1,,,0.002,0.0081,13.25647674781139,4.033002961115073,04 5e ed b0 04 5e ed b0 04 5e ed b0 04 5e ed b0,56.07,stack-read-only_L16_st32_k2_s109.summary.json,159500,159500,04 5e ed b0 04 5e ed b0 04 5e ed b0 04 5e ed b0,0,0.002,1.0,1.0,1.0,1.0,True,True,0.0,0.688,block-copy,4,1.0,1.0,1.0,63,True,1.0,04 5e ed b0 04 5e ed b0 04 5e ed b0 04 5e ed b0,32,0.75,0.71875,0.75,32,0.83645,0.03015,0.0081,4.033002961115073,6.483452961115073,0.051184375,0.0081,0.0081,24 5e ed b0 24 5e ed b0 24 5e ed b0 24 5e ed b0,0.0,0.005,1.0,1.0,1.0,1.0,True,0.688,0.0,block-copy,4.0,1.0,24 5e ed b0 24 5e ed b0 24 5e ed b0 24 5e ed b0,,,,,,
stack-read-only,stack-read-only,nominal,16,32,2,110,,300000,300000,False,-1,-1,-1,-1,,,0.0034,0.01035,13.22899369641884,4.036142411191256,a4 5e ed b0 a4 5e ed b0 a4 5e ed b0 a4 5e ed b0,55.93,stack-read-only_L16_st32_k2_s110.summary.json,188000,188000,a4 5e ed b0 a4 5e ed b0 a4 5e ed b0 a4 5e ed b0,0,0.0034,1.0,1.0,1.0,1.0,True,True,0.0,0.688,block-copy,4,1.0,1.0,1.0,63,True,1.0,a4 5e ed b0 a4 5e ed b0 a4 5e ed b0 a4 5e ed b0,32,0.75,0.75,0.78125,32,0.83515,0.03125,0.00745,4.036142411191256,6.472492411191256,0.047184375,0.01035,0.0104,04 5e ed b0 04 5e ed b0 04 5e ed b0 04 5e ed b0,0.0,0.0053,1.0,1.0,1.0,1.0,True,0.688,0.0,block-copy,4.0,1.0,04 5e ed b0 04 5e ed b0 04 5e ed b0 04 5e ed b0,,,,,,
stack-write-only,stack-write-only,nominal,16,128,4,101,,300000,300000,False,227500,-1,-1,-1,b0 cb d3 ed b0 cb d3 ed b0 cb d3 ed b0 cb d3 ed,block-copy,0.002,0.0034,11.947303752575316,5.8087441469507795,11 b0 54 c3 ee 32 0d 00 54 2d 96 28 3b dd ed b0,89.11,stack-write-only_L16_st128_k4_s101.summary.json,144000,144000,11 b0 54 c3 ee 32 0d 00 54 2d 96 28 3b dd ed b0,0,0.002,1.0,1.0,1.0,1.0,True,True,0.0,0.878,block-copy,16,0.5,1.0,1.0,63,True,1.0,11 b0 54 c3 ee 32 0d 00 54 2d 96 28 3b dd ed b0,32,0.8125,0.8125,0.8125,32,0.952,0.01385,0.0003,5.8087441469507795,7.066119146950779,0.007440625,0.0034,0.0034,28 a9 11 a8 54 9a ed b0 28 a9 11 a8 54 9a ed b0,0.0,0.0072,1.0,1.0,1.0,1.0,True,0.431,0.0,block-copy,8.0,1.0,28 a9 11 a8 54 9a ed b0 28 a9 11 a8 54 9a ed b0,,,,,,
stack-write-only,stack-write-only,nominal,16,128,4,102,,300000,300000,False,-1,-1,-1,-1,,,0.00195,0.0033,11.913619372239065,5.812329461069778,b0 48 5e d2 2e e1 df e0 74 ae 25 62 f6 08 ed b0,83.31,stack-write-only_L16_st128_k4_s102.summary.json,237500,237500,b0 48 5e d2 2e e1 df e0 74 ae 25 62 f6 08 ed b0,0,0.0019,1.0,1.0,1.0,1.0,True,True,0.0,0.962,block-copy+ld-mem,15,1.0,1.0,1.0,64,True,1.0,b0 48 5e d2 2e e1 df e0 74 ae 25 62 f6 08 ed b0,32,0.96875,0.96875,0.96875,32,0.96285,0.0125,0.0001,5.812329461069778,7.051354461069778,0.0051625,0.0033,0.0033,04 5e ed b0 04 5e ed b0 04 5e ed b0 04 5e ed b0,0.0,0.0057,1.0,1.0,1.0,1.0,True,0.506,0.0,block-copy,4.0,1.0,04 5e ed b0 04 5e ed b0 04 5e ed b0 04 5e ed b0,,,,,,
stack-write-only,stack-write-only,nominal,16,128,4,103,,300000,300000,False,-1,-1,-1,-1,,,0.00205,0.0037,11.903149798057676,5.813119111758625,b0 5e c3 2b a8 82 17 b5 0e 05 5e ed b0 dd 5e e5,83.1,stack-write-only_L16_st128_k4_s103.summary.json,-1,-1,b0 5e c3 2b a8 82 17 b5 0e 05 5e ed b0 dd 5e e5,0,0.0021,1.0,1.0,1.0,1.0,True,True,0.0,0.954,block-copy,16,0.333,1.0,1.0,64,True,1.0,b0 5e c3 2b a8 82 17 b5 0e 05 5e ed b0 dd 5e e5,32,0.90625,0.90625,0.9375,32,0.96455,0.01105,0.00035,5.813119111758625,7.053644111758625,0.007975,0.0037,0.0037,,,,,,,,,,,,,,,,,,,,
stack-write-only,stack-write-only,nominal,16,128,4,104,,300000,300000,False,-1,-1,-1,-1,,,0.0017,0.00415,11.939924057195235,5.818623895534998,90 5e e2 6e bb 0f 16 41 b9 b4 0a b4 7c 2d ed b0,72.81,stack-write-only_L16_st128_k4_s104.summary.json,76500,76500,90 5e e2 6e bb 0f 16 41 b9 b4 0a b4 7c 2d ed b0,0,0.0017,1.0,1.0,1.0,1.0,True,True,0.0,0.78,block-copy,16,0.071,1.0,1.0,64,True,1.0,90 5e e2 6e bb 0f 16 41 b9 b4 0a b4 7c 2d ed b0,32,0.875,0.875,0.875,32,0.96245,0.01125,0.0001,5.818623895534998,7.063373895534998,0.00686875,0.00415,0.00415,a8 5e ca 0c ed b0 96 15 a8 5e ca 0c ed b0 96 15,0.0,0.0053,1.0,1.0,1.0,1.0,True,0.95,0.0,-,8.0,1.0,a8 5e ca 0c ed b0 96 15 a8 5e ca 0c ed b0 96 15,,,,,,
stack-write-only,stack-write-only,nominal,16,128,4,105,,300000,300000,False,-1,-1,-1,-1,,,0.002,0.0037,11.90748721242366,5.814739846799039,b0 a6 5e c3 09 54 8e 54 27 09 c7 6c ae a6 ed b0,82.15,stack-write-only_L16_st128_k4_s105.summary.json,-1,-1,b0 a6 5e c3 09 54 8e 54 27 09 c7 6c ae a6 ed b0,0,0.002,1.0,1.0,1.0,1.0,True,True,0.0,0.902,block-copy,15,1.0,1.0,1.0,63,True,1.0,b0 a6 5e c3 09 54 8e 54 27 09 c7 6c ae a6 ed b0,32,0.90625,0.90625,0.9375,32,0.9633,0.01335,5e-05,5.814739846799039,7.053389846799039,0.00538125,0.0037,0.0037,,,,,,,,,,,,,,,,,,,,
stack-write-only,stack-write-only,nominal,16,128,4,106,,300000,300000,False,-1,-1,-1,-1,,,0.0048,0.0104,11.369255124337988,5.032493900196361,28 2a 5e ed b0 91 67 29 28 2a 5e ed b0 91 67 29,75.58,stack-write-only_L16_st128_k4_s106.summary.json,43000,43000,28 2a 5e ed b0 91 67 29 28 2a 5e ed b0 91 67 29,0,0.0048,1.0,1.0,1.0,1.0,True,True,0.0,0.619,block-copy,8,1.0,1.0,1.0,64,True,1.0,28 2a 5e ed b0 91 67 29 28 2a 5e ed b0 91 67 29,32,0.8125,0.8125,0.8125,32,0.9561,0.06875,0.0,5.032493900196361,6.103568900196361,0.00513125,0.0104,0.0104,64 5e ed b0 64 5e ed b0 64 5e ed b0 64 5e ed b0,0.0,0.0053,1.0,1.0,1.0,1.0,True,0.523,0.0,block-copy,4.0,1.0,64 5e ed b0 64 5e ed b0 64 5e ed b0 64 5e ed b0,,,,,,
stack-write-only,stack-write-only,nominal,16,128,4,107,,300000,300000,False,-1,-1,-1,-1,,,0.00405,0.0477,10.939674569922428,4.749043972054392,00 6b cb db 17 ed b0 42 00 6b cb db 17 ed b0 42,78.82,stack-write-only_L16_st128_k4_s107.summary.json,89000,89000,00 6b cb db 17 ed b0 42 00 6b cb db 17 ed b0 42,0,0.004,1.0,1.0,1.0,1.0,True,True,0.0,0.936,block-copy,8,1.0,1.0,1.0,61,True,1.0,00 6b cb db 17 ed b0 42 00 6b cb db 17 ed b0 42,32,0.90625,0.90625,0.96875,32,0.9741,0.06605,0.00045,4.749043972054392,5.598618972054392,0.015296875,0.0477,0.0494,61 cb db ed b0 6b 5b 62 61 cb db ed b0 6b 5b 62,0.0,0.0056,1.0,1.0,1.0,1.0,True,0.867,0.0,block-copy,8.0,1.0,61 cb db ed b0 6b 5b 62 61 cb db ed b0 6b 5b 62,,,,,,
stack-write-only,stack-write-only,nominal,16,128,4,108,,300000,300000,False,-1,-1,-1,-1,,,0.00385,0.01465,11.020156814907525,4.680056090308646,28 69 6e eb ed b0 81 99 28 69 6e eb ed b0 81 99,70.5,stack-write-only_L16_st128_k4_s108.summary.json,26500,26500,28 69 6e eb ed b0 81 99 28 69 6e eb ed b0 81 99,0,0.0039,1.0,1.0,1.0,1.0,True,True,0.0,0.562,block-copy,8,1.0,1.0,1.0,63,True,1.0,28 69 6e eb ed b0 81 99 28 69 6e eb ed b0 81 99,32,0.9375,0.9375,0.9375,32,0.97295,0.0387,0.0,4.680056090308646,5.598506090308646,0.002628125,0.01465,0.01465,0e c8 ea 0f 0d 59 ed b0 0e c8 ea 0f 0d 59 ed b0,0.0,0.0076,1.0,1.0,1.0,1.0,True,0.594,0.0,block-copy,8.0,1.0,0e c8 ea 0f 0d 59 ed b0 0e c8 ea 0f 0d 59 ed b0,,,,,,
stack-write-only,stack-write-only,nominal,16,128,4,109,,300000,300000,False,-1,-1,-1,-1,,,0.0026,0.00325,11.867790104368312,5.733302231181158,28 9d 5e ed b0 ef a3 56 28 9d 5e ed b0 ef a3 56,72.41,stack-write-only_L16_st128_k4_s109.summary.json,15500,15500,28 9d 5e ed b0 ef a3 56 28 9d 5e ed b0 ef a3 56,0,0.0026,1.0,1.0,1.0,1.0,True,True,0.0,0.746,block-copy,8,1.0,1.0,1.0,64,True,1.0,28 9d 5e ed b0 ef a3 56 28 9d 5e ed b0 ef a3 56,32,0.9375,0.9375,0.9375,32,0.96125,0.02945,0.0004,5.733302231181158,6.975127231181158,0.0075,0.00325,0.00325,64 5e ed b0 64 5e ed b0 64 5e ed b0 64 5e ed b0,0.0,0.0069,1.0,1.0,1.0,1.0,True,0.523,0.0,block-copy,4.0,1.0,64 5e ed b0 64 5e ed b0 64 5e ed b0 64 5e ed b0,,,,,,
stack-write-only,stack-write-only,nominal,16,128,4,110,,300000,300000,False,235000,-1,89500,-1,1e e4 ed b0 1e e4 ed b0 1e e4 ed b0 1e e4 ed b0,block-copy,0.00735,0.0336,10.477053941100298,4.948620707898155,08 1e 68 ed a0 c2 23 7c 08 1e 68 ed a0 c2 23 7c,86.81,stack-write-only_L16_st128_k4_s110.summary.json,69000,69000,08 1e 68 ed a0 c2 23 7c 08 1e 68 ed a0 c2 23 7c,0,0.0073,1.0,1.0,1.0,1.0,True,True,0.0,0.966,block-copy,8,1.0,1.0,1.0,62,True,1.0,08 1e 68 ed a0 c2 23 7c 08 1e 68 ed a0 c2 23 7c,32,0.875,0.875,0.875,32,0.99555,0.0349,0.00025,4.948620707898155,5.753495707898155,0.00296875,0.0336,0.0336,e3 f9 11 68 ed b0 c9 e5 e3 f9 11 68 ed b0 c9 e5,0.0,0.0063,1.0,1.0,1.0,1.0,True,0.924,0.0,-,8.0,1.0,e3 f9 11 68 ed b0 c9 e5 e3 f9 11 68 ed b0 c9 e5,43 f9 11 68 ed b0 c8 a5 43 f9 11 68 ed b0 c8 a5,0.0,1.0,1.0,1.0,True
stack-write-only,stack-write-only,nominal,16,32,2,101,,300000,300000,False,-1,-1,-1,-1,,,0.0027,0.01405,13.238812561605299,4.200076712814107,e4 5e ed b0 e4 5e ed b0 e4 5e ed b0 e4 5e ed b0,53.1,stack-write-only_L16_st32_k2_s101.summary.json,62000,62000,e4 5e ed b0 e4 5e ed b0 e4 5e ed b0 e4 5e ed b0,0,0.0027,1.0,1.0,1.0,1.0,True,True,0.0,0.774,block-copy,4,1.0,1.0,1.0,63,True,1.0,e4 5e ed b0 e4 5e ed b0 e4 5e ed b0 e4 5e ed b0,32,0.75,0.75,0.75,32,0.8568,0.03175,0.00055,4.200076712814107,6.6009767128141075,0.00914375,0.01405,0.0141,04 5e ed b0 04 5e ed b0 04 5e ed b0 04 5e ed b0,0.0,0.0053,1.0,1.0,1.0,1.0,True,0.775,0.0,block-copy,4.0,1.0,04 5e ed b0 04 5e ed b0 04 5e ed b0 04 5e ed b0,,,,,,
stack-write-only,stack-write-only,nominal,16,32,2,102,,300000,300000,False,-1,-1,-1,-1,,,0.0035,0.0169,13.177640180748234,4.2201090386530655,84 5e ed b0 84 5e ed b0 84 5e ed b0 84 5e ed b0,54.72,stack-write-only_L16_st32_k2_s102.summary.json,10000,10000,84 5e ed b0 84 5e ed b0 84 5e ed b0 84 5e ed b0,0,0.0035,1.0,1.0,1.0,1.0,True,True,0.0,0.777,block-copy,4,1.0,1.0,1.0,64,True,1.0,84 5e ed b0 84 5e ed b0 84 5e ed b0 84 5e ed b0,32,0.875,0.875,0.875,32,0.86665,0.04655,0.00075,4.2201090386530655,6.530934038653065,0.00919375,0.0169,0.0172,04 5e ed b0 04 5e ed b0 04 5e ed b0 04 5e ed b0,0.0,0.0053,1.0,1.0,1.0,1.0,True,0.775,0.0,block-copy,4.0,1.0,04 5e ed b0 04 5e ed b0 04 5e ed b0 04 5e ed b0,,,,,,
stack-write-only,stack-write-only,nominal,16,32,2,103,,300000,300000,False,-1,-1,-1,-1,,,0.002,0.00685,13.265263240194647,4.238737462597636,04 5e ed b0 04 5e ed b0 04 5e ed b0 04 5e ed b0,57.21,stack-write-only_L16_st32_k2_s103.summary.json,20500,20500,04 5e ed b0 04 5e ed b0 04 5e ed b0 04 5e ed b0,0,0.002,1.0,1.0,1.0,1.0,True,True,0.0,0.775,block-copy,4,1.0,1.0,1.0,64,True,1.0,04 5e ed b0 04 5e ed b0 04 5e ed b0 04 5e ed b0,32,0.78125,0.78125,0.8125,32,0.85685,0.04365,0.00085,4.238737462597636,6.645062462597636,0.0106,0.00685,0.00715,a4 5e ed b0 a4 5e ed b0 a4 5e ed b0 a4 5e ed b0,0.0,0.0059,1.0,1.0,1.0,1.0,True,0.777,0.0,block-copy,4.0,1.0,a4 5e ed b0 a4 5e ed b0 a4 5e ed b0 a4 5e ed b0,,,,,,
stack-write-only,stack-write-only,nominal,16,32,2,104,,300000,300000,False,-1,-1,-1,-1,,,0.0012,0.00425,12.868635859630466,3.936300188492182,c8 6e eb ed b0 22 c7 42 c8 6e eb ed b0 22 c7 42,52.66,stack-write-only_L16_st32_k2_s104.summary.json,21500,21500,c8 6e eb ed b0 22 c7 42 c8 6e eb ed b0 22 c7 42,0,0.0012,1.0,1.0,1.0,1.0,True,True,0.0,0.855,block-copy+ld-mem,8,1.0,1.0,1.0,64,True,1.0,c8 6e eb ed b0 22 c7 42 c8 6e eb ed b0 22 c7 42,32,0.75,0.75,0.75,32,0.94805,0.0314,0.0004,3.936300188492182,5.738925188492182,0.004896875,0.00425,0.0044,64 5e ed b0 64 5e ed b0 64 5e ed b0 64 5e ed b0,0.0,0.0056,1.0,1.0,1.0,1.0,True,0.775,0.0,block-copy,4.0,1.0,64 5e ed b0 64 5e ed b0 64 5e ed b0 64 5e ed b0,,,,,,
stack-write-only,stack-write-only,nominal,16,32,2,105,,300000,300000,False,-1,-1,-1,-1,,,0.0027,0.0121,13.213267743342222,4.236372758551044,c4 5e ed b0 c4 5e ed b0 c4 5e ed b0 c4 5e ed b0,54.48,stack-write-only_L16_st32_k2_s105.summary.json,107500,107500,c4 5e ed b0 c4 5e ed b0 c4 5e ed b0 c4 5e ed b0,0,0.0027,1.0,1.0,1.0,1.0,True,True,0.0,0.773,block-copy,4,1.0,1.0,1.0,64,True,1.0,c4 5e ed b0 c4 5e ed b0 c4 5e ed b0 c4 5e ed b0,32,0.6875,0.6875,0.6875,32,0.85935,0.0419,0.0006,4.236372758551044,6.604697758551044,0.00965625,0.0121,0.0128,64 5e ed b0 64 5e ed b0 64 5e ed b0 64 5e ed b0,0.0,0.005,1.0,1.0,1.0,1.0,True,0.775,0.0,block-copy,4.0,1.0,64 5e ed b0 64 5e ed b0 64 5e ed b0 64 5e ed b0,,,,,,
stack-write-only,stack-write-only,nominal,16,32,2,106,,300000,300000,False,-1,-1,-1,-1,,,0.002,0.00825,13.270651315498958,4.1914341490972875,c4 5e ed b0 c4 5e ed b0 c4 5e ed b0 c4 5e ed b0,54.13,stack-write-only_L16_st32_k2_s106.summary.json,80000,80000,c4 5e ed b0 c4 5e ed b0 c4 5e ed b0 c4 5e ed b0,0,0.002,1.0,1.0,1.0,1.0,True,True,0.0,0.773,block-copy,4,1.0,1.0,1.0,64,True,1.0,c4 5e ed b0 c4 5e ed b0 c4 5e ed b0 c4 5e ed b0,32,0.65625,0.65625,0.65625,32,0.85875,0.0329,0.00075,4.1914341490972875,6.589234149097288,0.009753125,0.00825,0.0083,44 5e ed b0 44 5e ed b0 44 5e ed b0 44 5e ed b0,0.0,0.0059,1.0,1.0,1.0,1.0,True,0.772,0.0,block-copy,4.0,1.0,44 5e ed b0 44 5e ed b0 44 5e ed b0 44 5e ed b0,,,,,,
stack-write-only,stack-write-only,nominal,16,32,2,107,,300000,300000,False,-1,-1,-1,-1,,,0.00155,0.008,13.233526248833247,4.220733173232359,04 5e ed b0 04 5e ed b0 04 5e ed b0 04 5e ed b0,55.3,stack-write-only_L16_st32_k2_s107.summary.json,84000,84000,04 5e ed b0 04 5e ed b0 04 5e ed b0 04 5e ed b0,0,0.0015,1.0,1.0,1.0,1.0,True,True,0.0,0.775,block-copy,4,1.0,1.0,1.0,62,True,1.0,04 5e ed b0 04 5e ed b0 04 5e ed b0 04 5e ed b0,32,0.78125,0.78125,0.78125,32,0.8555,0.03935,0.00095,4.220733173232359,6.60388317323236,0.008928125,0.008,0.00805,44 5e ed b0 44 5e ed b0 44 5e ed b0 44 5e ed b0,0.0,0.0053,1.0,1.0,1.0,1.0,True,0.772,0.0,block-copy,4.0,1.0,44 5e ed b0 44 5e ed b0 44 5e ed b0 44 5e ed b0,,,,,,
stack-write-only,stack-write-only,nominal,16,32,2,108,,300000,300000,False,17000,-1,19500,-1,b0 1e 84 ed b0 1e 84 ed b0 1e 84 ed b0 1e 84 ed,block-copy,0.0022,0.0079,13.25077478756394,4.232540006089177,e4 5e ed b0 e4 5e ed b0 e4 5e ed b0 e4 5e ed b0,54.92,stack-write-only_L16_st32_k2_s108.summary.json,14500,14500,e4 5e ed b0 e4 5e ed b0 e4 5e ed b0 e4 5e ed b0,0,0.0022,1.0,1.0,1.0,1.0,True,True,0.0,0.774,block-copy,4,1.0,1.0,1.0,63,True,1.0,e4 5e ed b0 e4 5e ed b0 e4 5e ed b0 e4 5e ed b0,32,0.875,0.875,0.875,32,0.85475,0.03695,0.0006,4.232540006089177,6.638640006089178,0.010053125,0.0079,0.00815,1e 04 ed b0 1e 04 ed b0 1e 04 ed b0 1e 04 ed b0,0.0,0.0055,1.0,1.0,1.0,1.0,True,0.836,0.0,block-copy,4.0,1.0,1e 04 ed b0 1e 04 ed b0 1e 04 ed b0 1e 04 ed b0,1e 84 ed b0 1e 84 ed b0 1e 84 ed b0 1e 84 ed b0,0.0,1.0,1.0,1.0,True
stack-write-only,stack-write-only,nominal,16,32,2,109,,300000,300000,False,-1,-1,-1,-1,,,0.00255,0.0142,13.20908351604496,4.194975852420448,24 5e ed b0 24 5e ed b0 24 5e ed b0 24 5e ed b0,54.87,stack-write-only_L16_st32_k2_s109.summary.json,15000,15000,24 5e ed b0 24 5e ed b0 24 5e ed b0 24 5e ed b0,0,0.0026,1.0,1.0,1.0,1.0,True,True,0.0,0.773,block-copy,4,1.0,1.0,1.0,63,True,1.0,24 5e ed b0 24 5e ed b0 24 5e ed b0 24 5e ed b0,32,0.65625,0.65625,0.65625,32,0.8577,0.0395,0.001,4.194975852420448,6.528425852420448,0.0093875,0.0142,0.0144,c4 5e ed b0 c4 5e ed b0 c4 5e ed b0 c4 5e ed b0,0.0,0.006,1.0,1.0,1.0,1.0,True,0.773,0.0,block-copy,4.0,1.0,c4 5e ed b0 c4 5e ed b0 c4 5e ed b0 c4 5e ed b0,,,,,,
stack-write-only,stack-write-only,nominal,16,32,2,110,,300000,300000,False,-1,-1,-1,-1,,,0.0023,0.01115,13.09543636263297,4.241188504760619,84 5e ed b0 84 5e ed b0 84 5e ed b0 84 5e ed b0,54.23,stack-write-only_L16_st32_k2_s110.summary.json,83500,83500,84 5e ed b0 84 5e ed b0 84 5e ed b0 84 5e ed b0,0,0.0023,1.0,1.0,1.0,1.0,True,True,0.0,0.777,block-copy,4,1.0,1.0,1.0,64,True,1.0,84 5e ed b0 84 5e ed b0 84 5e ed b0 84 5e ed b0,32,0.71875,0.71875,0.71875,32,0.89285,0.0391,0.00065,4.241188504760619,6.418788504760619,0.007603125,0.01115,0.01155,44 5e ed b0 44 5e ed b0 44 5e ed b0 44 5e ed b0,0.0,0.0055,1.0,1.0,1.0,1.0,True,0.772,0.0,block-copy,4.0,1.0,44 5e ed b0 44 5e ed b0 44 5e ed b0 44 5e ed b0,,,,,,
stack-writes,stack-writes,nominal,100,128,4,101,,300000,300000,False,43000,78000,1050,120000,1e cc ed b0 1e cc ed b0 1e cc ed b0 1e cc ed b0 1e cc ed b0 1e cc ed b0 1e cc ed b0 1e cc ed b0 1e cc ed b0 1e cc ed b0 1e cc ed b0 1e cc ed b0 1e cc ed b0 1e cc ed b0 1e cc ed b0 1e cc ed b0 1e cc ed b0 1e cc ed b0 1e cc ed b0 1e cc ed b0 1e cc ed b0 1e cc ed b0 1e cc ed b0 1e cc ed b0 1e cc ed b0,block-copy,0.2488,0.41325,6.471846003835934,3.1892914923932074,1e 04 ed b0 1e 04 ed b0 1e 04 ed b0 1e 04 ed b0 1e 04 ed b0 1e 04 ed b0 1e 04 ed b0 1e 04 ed b0 1e 04 ed b0 1e 04 ed b0 1e 04 ed b0 1e 04 ed b0 1e 04 ed b0 1e 04 ed b0 1e 04 ed b0 1e 04 ed b0 1e 04 ed b0 1e 04 ed b0 1e 04 ed b0 1e 04 ed b0 1e 04 ed b0 1e 04 ed b0 1e 04 ed b0 1e 04 ed b0 1e 04 ed b0,110.67,stack-writes_L100_st128_k4_s101.summary.json,750,-1,1e cc ed b0 1e cc ed b0 1e cc ed b0 1e cc ed b0 1e cc ed b0 1e cc ed b0 1e cc ed b0 1e cc ed b0 1e cc ed b0 1e cc ed b0 1e cc ed b0 1e cc ed b0 1e cc ed b0 1e cc ed b0 1e cc ed b0 1e cc ed b0 1e cc ed b0 1e cc ed b0 1e cc ed b0 1e cc ed b0 1e cc ed b0 1e cc ed b0 1e cc ed b0 1e cc ed b0 1e cc ed b0,1,0.1111,0.306,0.306,,0.0,False,True,,0.885,block-copy,4,1.0,0.287,0.276,28,False,0.38,1e 04 ed b0 1e 04 ed b0 1e 04 ed b0 1e 04 ed b0 1e 04 ed b0 1e 04 ed b0 1e 04 ed b0 1e 04 ed b0 1e 04 ed b0 1e 04 ed b0 1e 04 ed b0 1e 04 ed b0 1e 04 ed b0 1e 04 ed b0 1e 04 ed b0 1e 04 ed b0 1e 04 ed b0 1e 04 ed b0 1e 04 ed b0 1e 04 ed b0 1e 04 ed b0 1e 04 ed b0 1e 04 ed b0 1e 04 ed b0 1e 04 ed b0,32,0.8125,0.0,0.125,32,0.99985,0.02295,5e-05,3.1892914923932074,3.3386474923932075,9.55e-05,0.41325,0.5951,11 11 43 80 14 ed b0 10 2e 4a f8 35 54 39 f7 1a 0f 7c f8 34 fa 38 4f 00 00 11 11 43 80 14 ed b0 10 2e 4a f8 35 54 39 f7 1a 0f 7c f8 34 fa 38 4f 00 00 11 11 43 80 14 ed b0 10 2e 4a f8 35 54 39 f7 1a 0f 7c f8 34 fa 38 4f 00 00 11 11 43 80 14 ed b0 10 2e 4a f8 35 54 39 f7 1a 0f 7c f8 34 fa 38 4f 00 00,0.0,0.0069,0.493,0.491,,0.0,False,0.853,,block-copy+rmw,25.0,1.0,,11 11 43 80 14 ed b0 10 2e 4a f8 35 54 39 f7 1a 0f 7c f8 34 fa 38 4f 00 00 11 11 43 80 14 ed b0 10 2e 4a f8 35 54 39 f7 1a 0f 7c f8 34 fa 38 4f 00 00 11 11 43 80 14 ed b0 10 2e 4a f8 35 54 39 f7 1a 0f 7c f8 34 fa 38 4f 00 00 11 11 43 80 14 ed b0 10 2e 4a f8 35 54 39 f7 1a 0f 7c f8 34 fa 38 4f 00 00,0.0,0.493,0.491,0.0,False
stack-writes,stack-writes,nominal,100,128,4,102,,300000,300000,False,114500,258500,138500,-1,0f 1e cd ed b0 0f 1e cd ed b0 0f 1e cd ed b0 0f 1e cd ed b0 0f 1e cd ed b0 0f 1e cd ed b0 0f 1e cd ed b0 0f 1e cd ed b0 0f 1e cd ed b0 0f 1e cd ed b0 0f 1e cd ed b0 0f 1e cd ed b0 0f 1e cd ed b0 0f 1e cd ed b0 0f 1e cd ed b0 0f 1e cd ed b0 0f 1e cd ed b0 0f 1e cd ed b0 0f 1e cd ed b0 0f 1e cd ed b0,block-copy,0.1739,0.19505,8.413110247380288,4.0829426655269625,1e cc ed b0 1e cc ed b0 1e cc ed b0 1e cc ed b0 1e cc ed b0 1e cc ed b0 1e cc ed b0 1e cc ed b0 1e cc ed b0 1e cc ed b0 1e cc ed b0 1e cc ed b0 1e cc ed b0 1e cc ed b0 1e cc ed b0 1e cc ed b0 1e cc ed b0 1e cc ed b0 1e cc ed b0 1e cc ed b0 1e cc ed b0 1e cc ed b0 1e cc ed b0 1e cc ed b0 1e cc ed b0,118.13,stack-writes_L100_st128_k4_s102.summary.json,25500,-1,1e cc ed b0 1e cc ed b0 1e cc ed b0 1e cc ed b0 1e cc ed b0 1e cc ed b0 1e cc ed b0 1e cc ed b0 1e cc ed b0 1e cc ed b0 1e cc ed b0 1e cc ed b0 1e cc ed b0 1e cc ed b0 1e cc ed b0 1e cc ed b0 1e cc ed b0 1e cc ed b0 1e cc ed b0 1e cc ed b0 1e cc ed b0 1e cc ed b0 1e cc ed b0 1e cc ed b0 1e cc ed b0,0,0.1739,0.306,0.306,,0.0,False,True,,0.885,block-copy,4,1.0,0.314,0.289,48,False,0.289,1e cc ed b0 1e cc ed b0 1e cc ed b0 1e cc ed b0 1e cc ed b0 1e cc ed b0 1e cc ed b0 1e cc ed b0 1e cc ed b0 1e cc ed b0 1e cc ed b0 1e cc ed b0 1e cc ed b0 1e cc ed b0 1e cc ed b0 1e cc ed b0 1e cc ed b0 1e cc ed b0 1e cc ed b0 1e cc ed b0 1e cc ed b0 1e cc ed b0 1e cc ed b0 1e cc ed b0 1e cc ed b0,32,0.71875,0.03125,0.1875,32,0.99995,0.03545,0.04415,4.0829426655269625,4.2641706655269624,0.0088865,0.19505,0.24805,00 f0 b5 01 3c ab 77 62 c7 ab 59 51 bb f3 dc ed b0 85 3a 0c 00 f0 b5 01 3c ab 77 62 c7 ab 59 51 bb f3 dc ed b0 85 3a 0c 00 f0 b5 01 3c ab 77 62 c7 ab 59 51 bb f3 dc ed b0 85 3a 0c 00 f0 b5 01 3c ab 77 62 c7 ab 59 51 bb f3 dc ed b0 85 3a 0c 00 f0 b5 01 3c ab 77 62 c7 ab 59 51 bb f3 dc ed b0 85 3a 0c,0.0,0.0061,0.34,0.339,,0.0,False,0.922,,block-copy+ld-mem,20.0,1.0,,1e cd ed b0 b0 1e cd ed b0 b0 1e cd ed b0 b0 1e cd ed b0 b0 1e cd ed b0 b0 1e cd ed b0 b0 1e cd ed b0 b0 1e cd ed b0 b0 1e cd ed b0 b0 1e cd ed b0 b0 1e cd ed b0 b0 1e cd ed b0 b0 1e cd ed b0 b0 1e cd ed b0 b0 1e cd ed b0 b0 1e cd ed b0 b0 1e cd ed b0 b0 1e cd ed b0 b0 1e cd ed b0 b0 1e cd ed b0 b0,0.0,0.316,0.315,0.0,False
stack-writes,stack-writes,nominal,100,128,4,103,,300000,300000,False,-1,-1,-1,-1,,,0.00605,0.0108,11.621710320027168,5.009000161156072,2e 41 16 39 ed b8 5d 1c 67 2e 41 16 39 ed b8 5d 1c 67 2e 41 16 39 ed b8 5d 1c 67 2e 41 16 39 ed b8 5d 1c 67 2e 41 16 39 ed b8 5d 1c 67 2e 41 16 39 ed b8 5d 1c 67 2e 41 16 39 ed b8 5d 1c 67 2e 41 16 39 39 ed b8 5d 1c 67 2e 41 16 39 ed b8 5d 1c 67 2e 41 16 39 ed b8 5d 1c 67 2e 41 16 39 ed b8 5d 1c 67,120.63,stack-writes_L100_st128_k4_s103.summary.json,63500,63500,42 0a fb 2e 41 16 07 ed b8 42 0a fb 2e 41 16 07 ed b8 42 0a fb 2e 41 16 07 ed b8 42 0a fb 2e 41 16 07 ed b8 42 0a fb 2e 41 16 07 ed b8 42 0a fb 2e 41 16 07 ed b8 42 0a fb 2e 41 16 07 ed b8 42 0a fb 2e 41 16 07 07 ed b8 42 0a fb 2e 41 16 07 ed b8 42 0a fb 2e 41 16 07 ed b8 42 0a fb 2e 41 16 07 ed b8,1,0.0052,0.929,0.929,0.929,1.0,True,True,27.0,0.759,block-copy,9,0.901,0.888,0.876,62,True,0.876,42 0a fb 2e 41 16 07 ed b8 42 0a fb 2e 41 16 07 ed b8 42 0a fb 2e 41 16 07 ed b8 42 0a fb 2e 41 16 07 ed b8 42 0a fb 2e 41 16 07 ed b8 42 0a fb 2e 41 16 07 ed b8 42 0a fb 2e 41 16 07 ed b8 42 0a fb 2e 41 16 07 07 ed b8 42 0a fb 2e 41 16 07 ed b8 42 0a fb 2e 41 16 07 ed b8 42 0a fb 2e 41 16 07 ed b8,32,1.0,0.875,0.96875,32,0.9992,0.0761,0.07745,5.009000161156072,5.322664161156072,0.0104365,0.0108,0.03985,7f d0 7d 2e 44 16 39 e3 ed b8 fb 5d 7f d0 7d 2e 44 16 39 e3 ed b8 fb 5d 7f d0 7d 2e 44 16 39 e3 ed b8 fb 5d 7f d0 7d 2e 44 16 39 e3 ed b8 fb 5d 7f d0 7d 2e 44 16 39 e3 ed b8 fb 5d 7f d0 7d 2e 44 16 39 e3 ed b8 fb e3 ed b8 fb 5d 7f d0 7d 2e 44 16 39 e3 ed b8 fb 5d 7f d0 7d 2e 44 16 39 e3 ed b8 fb 5d,0.0,0.0067,0.929,0.929,0.929,1.0,True,0.744,24.0,block-copy,76.0,1.0,7f d0 7d 2e 44 16 39 e3 ed b8 fb 5d 7f d0 7d 2e 44 16 39 e3 ed b8 fb 5d 7f d0 7d 2e 44 16 39 e3 ed b8 fb 5d 7f d0 7d 2e 44 16 39 e3 ed b8 fb 5d 7f d0 7d 2e 44 16 39 e3 ed b8 fb 5d 7f d0 7d 2e 44 16 39 e3 ed b8 fb e3 ed b8 fb 5d 7f d0 7d 2e 44 16 39 e3 ed b8 fb 5d 7f d0 7d 2e 44 16 39 e3 ed b8 fb 5d,,,,,,
stack-writes,stack-writes,nominal,100,128,4,104,,300000,300000,False,69000,158500,107000,274000,05 5e 29 ed b0 05 5e 29 ed b0 05 5e 29 ed b0 05 5e 29 ed b0 05 5e 29 ed b0 05 5e 29 ed b0 05 5e 29 ed b0 05 5e 29 ed b0 05 5e 29 ed b0 05 5e 29 ed b0 05 5e 29 ed b0 05 5e 29 ed b0 05 5e 29 ed b0 05 5e 29 ed b0 05 5e 29 ed b0 05 5e 29 ed b0 05 5e 29 ed b0 05 5e 29 ed b0 05 5e 29 ed b0 05 5e 29 ed b0,block-copy,0.576,0.67035,4.696933626844654,2.713575837535315,04 5e ed b0 04 5e ed b0 04 5e ed b0 04 5e ed b0 04 5e ed b0 04 5e ed b0 04 5e ed b0 04 5e ed b0 04 5e ed b0 04 5e ed b0 04 5e ed b0 04 5e ed b0 04 5e ed b0 04 5e ed b0 04 5e ed b0 04 5e ed b0 04 5e ed b0 04 5e ed b0 04 5e ed b0 04 5e ed b0 04 5e ed b0 04 5e ed b0 04 5e ed b0 04 5e ed b0 04 5e ed b0,117.57,stack-writes_L100_st128_k4_s104.summary.json,15000,-1,cd 5e ed b0 dd cd 5e ed b0 dd cd 5e ed b0 dd cd 5e ed b0 dd cd 5e ed b0 dd cd 5e ed b0 dd cd 5e ed b0 dd cd 5e ed b0 dd cd 5e ed b0 dd cd 5e ed b0 dd cd 5e ed b0 dd cd 5e ed b0 dd cd 5e ed b0 dd cd 5e ed b0 dd cd 5e ed b0 dd cd 5e ed b0 dd cd 5e ed b0 dd cd 5e ed b0 dd cd 5e ed b0 dd cd 5e ed b0 dd,2,0.0158,0.305,0.305,,0.0,False,True,,0.83,block-copy,5,1.0,0.256,0.247,55,False,0.293,04 5e ed b0 04 5e ed b0 04 5e ed b0 04 5e ed b0 04 5e ed b0 04 5e ed b0 04 5e ed b0 04 5e ed b0 04 5e ed b0 04 5e ed b0 04 5e ed b0 04 5e ed b0 04 5e ed b0 04 5e ed b0 04 5e ed b0 04 5e ed b0 04 5e ed b0 04 5e ed b0 04 5e ed b0 04 5e ed b0 04 5e ed b0 04 5e ed b0 04 5e ed b0 04 5e ed b0 04 5e ed b0,32,0.28125,0.0,0.15625,32,0.99985,0.00645,0.0008,2.713575837535315,2.819067837535315,0.000163,0.67035,0.6707,dc 5e a1 db 8d 9a e5 69 b3 ed b0 ad 41 d4 c5 00 72 7a 2e 5f dc 5e a1 db 8d 9a e5 69 b3 ed b0 ad 41 d4 c5 00 72 7a 2e 5f dc 5e a1 db 8d 9a e5 69 b3 ed b0 ad 41 d4 c5 00 72 7a 2e 5f dc 5e a1 db 8d 9a e5 69 b3 ed b0 ad 41 d4 c5 00 72 7a 2e 5f dc 5e a1 db 8d 9a e5 69 b3 ed b0 ad 41 d4 c5 00 72 7a 2e 5f,0.0,0.0053,0.392,0.39,,0.0,False,0.871,,block-copy+ld-mem,20.0,1.0,,05 5e 0a ed b0 05 5e 0a ed b0 05 5e 0a ed b0 05 5e 0a ed b0 05 5e 0a ed b0 05 5e 0a ed b0 05 5e 0a ed b0 05 5e 0a ed b0 05 5e 0a ed b0 05 5e 0a ed b0 05 5e 0a ed b0 05 5e 0a ed b0 05 5e 0a ed b0 05 5e 0a ed b0 05 5e 0a ed b0 05 5e 0a ed b0 05 5e 0a ed b0 05 5e 0a ed b0 05 5e 0a ed b0 05 5e 0a ed b0,2.0,0.294,0.295,0.0,False
stack-writes,stack-writes,nominal,100,128,4,105,,300000,300000,False,-1,-1,-1,-1,,,0.00665,0.0091,10.943798360541393,5.571770665628915,a6 62 e3 a5 16 c1 ed b0 a6 62 e3 a5 16 c1 ed b0 a6 62 e3 a5 16 c1 ed b0 a6 62 e3 a5 16 c1 ed b0 a6 62 e3 a5 16 c1 ed b0 a6 62 e3 a5 16 c1 ed b0 a6 62 e3 a5 16 c1 ed b0 a6 62 e3 a5 16 c1 ed b0 a6 62 e3 a5 16 c1 ed b0 a6 62 e3 a5 16 c1 ed b0 a6 62 e3 a5 16 c1 ed b0 a6 62 e3 a5 16 c1 ed b0 a6 62 e3 a5,116.96,stack-writes_L100_st128_k4_s105.summary.json,4450,-1,a6 62 e3 a5 16 c1 ed b0 a6 62 e3 a5 16 c1 ed b0 a6 62 e3 a5 16 c1 ed b0 a6 62 e3 a5 16 c1 ed b0 a6 62 e3 a5 16 c1 ed b0 a6 62 e3 a5 16 c1 ed b0 a6 62 e3 a5 16 c1 ed b0 a6 62 e3 a5 16 c1 ed b0 a6 62 e3 a5 16 c1 ed b0 a6 62 e3 a5 16 c1 ed b0 a6 62 e3 a5 16 c1 ed b0 a6 62 e3 a5 16 c1 ed b0 a6 62 e3 a5,0,0.0066,0.303,0.345,,0.0,False,True,,0.876,block-copy,8,1.0,0.106,0.152,62,False,0.152,a6 62 e3 a5 16 c1 ed b0 a6 62 e3 a5 16 c1 ed b0 a6 62 e3 a5 16 c1 ed b0 a6 62 e3 a5 16 c1 ed b0 a6 62 e3 a5 16 c1 ed b0 a6 62 e3 a5 16 c1 ed b0 a6 62 e3 a5 16 c1 ed b0 a6 62 e3 a5 16 c1 ed b0 a6 62 e3 a5 16 c1 ed b0 a6 62 e3 a5 16 c1 ed b0 a6 62 e3 a5 16 c1 ed b0 a6 62 e3 a5 16 c1 ed b0 a6 62 e3 a5,32,0.875,0.03125,0.0,32,0.9999,0.06235,0.12115,5.571770665628915,5.768710665628915,0.015826,0.0091,0.01805,c1 00 14 04 04 56 ed b0 c1 00 14 04 04 56 ed b0 c1 00 14 04 04 56 ed b0 c1 00 14 04 04 56 ed b0 c1 00 14 04 04 56 ed b0 c1 00 14 04 04 56 ed b0 c1 00 14 04 04 56 ed b0 c1 00 14 04 04 56 ed b0 c1 00 14 04 04 56 ed b0 c1 00 14 04 04 56 ed b0 c1 00 14 04 04 56 ed b0 c1 00 14 04 04 56 ed b0 c1 00 14 04,0.0,0.0056,0.294,0.496,,0.0,False,0.805,,block-copy,8.0,1.0,,,,,,,
stack-writes,stack-writes,nominal,100,128,4,106,,300000,300000,False,50000,117000,65500,194500,cc 5e ed b0 cc 5e ed b0 cc 5e ed b0 cc 5e ed b0 cc 5e ed b0 cc 5e ed b0 cc 5e ed b0 cc 5e ed b0 cc 5e ed b0 cc 5e ed b0 cc 5e ed b0 cc 5e ed b0 cc 5e ed b0 cc 5e ed b0 cc 5e ed b0 cc 5e ed b0 cc 5e ed b0 cc 5e ed b0 cc 5e ed b0 cc 5e ed b0 cc 5e ed b0 cc 5e ed b0 cc 5e ed b0 cc 5e ed b0 cc 5e ed b0,block-copy,0.2107,0.3162,7.995524196572782,3.9704534280094266,04 5e ed b0 04 5e ed b0 04 5e ed b0 04 5e ed b0 04 5e ed b0 04 5e ed b0 04 5e ed b0 04 5e ed b0 04 5e ed b0 04 5e ed b0 04 5e ed b0 04 5e ed b0 04 5e ed b0 04 5e ed b0 04 5e ed b0 04 5e ed b0 04 5e ed b0 04 5e ed b0 04 5e ed b0 04 5e ed b0 04 5e ed b0 04 5e ed b0 04 5e ed b0 04 5e ed b0 04 5e ed b0,123.25,stack-writes_L100_st128_k4_s106.summary.json,2800,-1,cd 5e ed b0 5e cd 5e ed b0 5e cd 5e ed b0 5e cd 5e ed b0 5e cd 5e ed b0 5e cd 5e ed b0 5e cd 5e ed b0 5e cd 5e ed b0 5e cd 5e ed b0 5e cd 5e ed b0 5e cd 5e ed b0 5e cd 5e ed b0 5e cd 5e ed b0 5e cd 5e ed b0 5e cd 5e ed b0 5e cd 5e ed b0 5e cd 5e ed b0 5e cd 5e ed b0 5e cd 5e ed b0 5e cd 5e ed b0 5e,2,0.0187,0.306,0.306,,0.0,False,True,,0.83,block-copy,5,1.0,0.307,0.306,52,True,0.306,cd 5e ed b0 5e cd 5e ed b0 5e cd 5e ed b0 5e cd 5e ed b0 5e cd 5e ed b0 5e cd 5e ed b0 5e cd 5e ed b0 5e cd 5e ed b0 5e cd 5e ed b0 5e cd 5e ed b0 5e cd 5e ed b0 5e cd 5e ed b0 5e cd 5e ed b0 5e cd 5e ed b0 5e cd 5e ed b0 5e cd 5e ed b0 5e cd 5e ed b0 5e cd 5e ed b0 5e cd 5e ed b0 5e cd 5e ed b0 5e,32,0.5,0.0625,0.34375,32,0.99985,0.04135,0.0141,3.9704534280094266,4.1445614280094265,0.0031725,0.3162,0.3162,13 fa ae ff ff bf 16 fe e5 00 8b ed 94 ed b0 13 40 fa 06 82 29 fc 8b ed 94 13 fa ae ff ff bf 16 fe e5 00 8b ed 94 ed b0 13 40 fa 06 82 29 fc 8b ed 94 13 fa ae ff ff bf 16 fe e5 00 8b ed 94 ed b0 13 40 fa 06 82 29 fc 8b ed 94 13 fa ae ff ff bf 16 fe e5 00 8b ed 94 ed b0 13 40 fa 06 82 29 fc 8b ed 94,0.0,0.006,0.431,0.431,,0.0,False,0.891,,block-copy,25.0,1.0,,cd 5e ed b0 86 cd 5e ed b0 86 cd 5e ed b0 86 cd 5e ed b0 86 cd 5e ed b0 86 cd 5e ed b0 86 cd 5e ed b0 86 cd 5e ed b0 86 cd 5e ed b0 86 cd 5e ed b0 86 cd 5e ed b0 86 cd 5e ed b0 86 cd 5e ed b0 86 cd 5e ed b0 86 cd 5e ed b0 86 cd 5e ed b0 86 cd 5e ed b0 86 cd 5e ed b0 86 cd 5e ed b0 86 cd 5e ed b0 86,0.0,0.305,0.305,0.0,False
stack-writes,stack-writes,nominal,100,128,4,107,,300000,300000,False,36500,-1,51000,-1,b0 1e 05 a0 ed b0 1e 05 a0 ed b0 1e 05 a0 ed b0 1e 05 a0 ed b0 1e 05 a0 ed b0 1e 05 a0 ed b0 1e 05 a0 ed b0 1e 05 a0 ed b0 1e 05 a0 ed b0 1e 05 a0 ed b0 1e 05 a0 ed b0 1e 05 a0 ed b0 1e 05 a0 ed b0 1e 05 a0 ed b0 1e 05 a0 ed b0 1e 05 a0 ed b0 1e 05 a0 ed b0 1e 05 a0 ed b0 1e 05 a0 ed b0 1e 05 a0 ed,block-copy,0.0086,0.0153,11.049355663684683,5.5593461621634,c4 d8 bc b8 16 76 ed b0 c4 d8 bc b8 16 76 ed b0 c4 d8 bc b8 16 76 ed b0 c4 d8 bc b8 16 76 ed b0 c4 d8 bc b8 16 76 ed b0 c4 d8 bc b8 16 76 ed b0 c4 d8 bc b8 16 76 ed b0 c4 d8 bc b8 16 76 ed b0 c4 d8 bc b8 16 76 ed b0 c4 d8 bc b8 16 76 ed b0 c4 d8 bc b8 16 76 ed b0 c4 d8 bc b8 16 76 ed b0 c4 d8 bc b8,123.85,stack-writes_L100_st128_k4_s107.summary.json,10500,-1,c4 d8 bc b8 16 76 ed b0 c4 d8 bc b8 16 76 ed b0 c4 d8 bc b8 16 76 ed b0 c4 d8 bc b8 16 76 ed b0 c4 d8 bc b8 16 76 ed b0 c4 d8 bc b8 16 76 ed b0 c4 d8 bc b8 16 76 ed b0 c4 d8 bc b8 16 76 ed b0 c4 d8 bc b8 16 76 ed b0 c4 d8 bc b8 16 76 ed b0 c4 d8 bc b8 16 76 ed b0 c4 d8 bc b8 16 76 ed b0 c4 d8 bc b8,0,0.0086,0.303,0.345,,0.0,False,True,,0.889,block-copy,8,1.0,0.211,0.304,61,True,0.304,c4 d8 bc b8 16 76 ed b0 c4 d8 bc b8 16 76 ed b0 c4 d8 bc b8 16 76 ed b0 c4 d8 bc b8 16 76 ed b0 c4 d8 bc b8 16 76 ed b0 c4 d8 bc b8 16 76 ed b0 c4 d8 bc b8 16 76 ed b0 c4 d8 bc b8 16 76 ed b0 c4 d8 bc b8 16 76 ed b0 c4 d8 bc b8 16 76 ed b0 c4 d8 bc b8 16 76 ed b0 c4 d8 bc b8 16 76 ed b0 c4 d8 bc b8,32,0.875,0.0,0.0,32,0.99835,0.1055,0.13465,5.5593461621634,5.7537661621634,0.01843,0.0153,0.0306,1e 05 ff ed b0 1e 05 ff ed b0 1e 05 ff ed b0 1e 05 ff ed b0 1e 05 ff ed b0 1e 05 ff ed b0 1e 05 ff ed b0 1e 05 ff ed b0 1e 05 ff ed b0 1e 05 ff ed b0 1e 05 ff ed b0 1e 05 ff ed b0 1e 05 ff ed b0 1e 05 ff ed b0 1e 05 ff ed b0 1e 05 ff ed b0 1e 05 ff ed b0 1e 05 ff ed b0 1e 05 ff ed b0 1e 05 ff ed b0,0.0,0.0053,0.305,0.305,,0.0,False,0.872,,block-copy,5.0,1.0,,b0 1e 05 4d ed b0 1e 05 4d ed b0 1e 05 4d ed b0 1e 05 4d ed b0 1e 05 4d ed b0 1e 05 4d ed b0 1e 05 4d ed b0 1e 05 4d ed b0 1e 05 4d ed b0 1e 05 4d ed b0 1e 05 4d ed b0 1e 05 4d ed b0 1e 05 4d ed b0 1e 05 4d ed b0 1e 05 4d ed b0 1e 05 4d ed b0 1e 05 4d ed b0 1e 05 4d ed b0 1e 05 4d ed b0 1e 05 4d ed,2.0,0.295,0.296,0.0,False
stack-writes,stack-writes,nominal,100,128,4,108,,300000,300000,False,113000,238000,139500,-1,1e cd ed b0 e9 1e cd ed b0 e9 1e cd ed b0 e9 1e cd ed b0 e9 1e cd ed b0 e9 1e cd ed b0 e9 1e cd ed b0 e9 1e cd ed b0 e9 1e cd ed b0 e9 1e cd ed b0 e9 1e cd ed b0 e9 1e cd ed b0 e9 1e cd ed b0 e9 1e cd ed b0 e9 1e cd ed b0 e9 1e cd ed b0 e9 1e cd ed b0 e9 1e cd ed b0 e9 1e cd ed b0 e9 1e cd ed b0 e9,block-copy,0.22565,0.25545,7.442936934693723,3.4160449363982517,1e 04 ed b0 1e 04 ed b0 1e 04 ed b0 1e 04 ed b0 1e 04 ed b0 1e 04 ed b0 1e 04 ed b0 1e 04 ed b0 1e 04 ed b0 1e 04 ed b0 1e 04 ed b0 1e 04 ed b0 1e 04 ed b0 1e 04 ed b0 1e 04 ed b0 1e 04 ed b0 1e 04 ed b0 1e 04 ed b0 1e 04 ed b0 1e 04 ed b0 1e 04 ed b0 1e 04 ed b0 1e 04 ed b0 1e 04 ed b0 1e 04 ed b0,119.03,stack-writes_L100_st128_k4_s108.summary.json,8500,-1,1e 04 ed b0 1e 04 ed b0 1e 04 ed b0 1e 04 ed b0 1e 04 ed b0 1e 04 ed b0 1e 04 ed b0 1e 04 ed b0 1e 04 ed b0 1e 04 ed b0 1e 04 ed b0 1e 04 ed b0 1e 04 ed b0 1e 04 ed b0 1e 04 ed b0 1e 04 ed b0 1e 04 ed b0 1e 04 ed b0 1e 04 ed b0 1e 04 ed b0 1e 04 ed b0 1e 04 ed b0 1e 04 ed b0 1e 04 ed b0 1e 04 ed b0,0,0.2256,0.306,0.306,,0.0,False,True,,0.887,block-copy,4,1.0,0.302,0.312,43,True,0.312,1e 04 ed b0 1e 04 ed b0 1e 04 ed b0 1e 04 ed b0 1e 04 ed b0 1e 04 ed b0 1e 04 ed b0 1e 04 ed b0 1e 04 ed b0 1e 04 ed b0 1e 04 ed b0 1e 04 ed b0 1e 04 ed b0 1e 04 ed b0 1e 04 ed b0 1e 04 ed b0 1e 04 ed b0 1e 04 ed b0 1e 04 ed b0 1e 04 ed b0 1e 04 ed b0 1e 04 ed b0 1e 04 ed b0 1e 04 ed b0 1e 04 ed b0,32,0.96875,0.0625,0.40625,32,0.9999,0.0306,0.0245,3.4160449363982517,3.580276936398252,0.00436,0.25545,0.36735,00 f5 16 e2 11 0c a8 74 49 80 69 80 ed b0 b3 17 c2 2c 02 21 00 f5 16 e2 11 0c a8 74 49 80 69 80 ed b0 b3 17 c2 2c 02 21 00 f5 16 e2 11 0c a8 74 49 80 69 80 ed b0 b3 17 c2 2c 02 21 00 f5 16 e2 11 0c a8 74 49 80 69 80 ed b0 b3 17 c2 2c 02 21 00 f5 16 e2 11 0c a8 74 49 80 69 80 ed b0 b3 17 c2 2c 02 21,0.0,0.0055,0.381,0.381,,0.0,False,0.93,,block-copy+ld-mem,20.0,1.0,,f3 1e cd ed b0 f3 1e cd ed b0 f3 1e cd ed b0 f3 1e cd ed b0 f3 1e cd ed b0 f3 1e cd ed b0 f3 1e cd ed b0 f3 1e cd ed b0 f3 1e cd ed b0 f3 1e cd ed b0 f3 1e cd ed b0 f3 1e cd ed b0 f3 1e cd ed b0 f3 1e cd ed b0 f3 1e cd ed b0 f3 1e cd ed b0 f3 1e cd ed b0 f3 1e cd ed b0 f3 1e cd ed b0 f3 1e cd ed b0,2.0,0.305,0.305,0.0,False
stack-writes,stack-writes,nominal,100,128,4,109,,300000,300000,False,65000,227000,226000,255500,11 cd 32 ed b0 11 cd 32 ed b0 11 cd 32 ed b0 11 cd 32 ed b0 11 cd 32 ed b0 11 cd 32 ed b0 11 cd 32 ed b0 11 cd 32 ed b0 11 cd 32 ed b0 11 cd 32 ed b0 11 cd 32 ed b0 11 cd 32 ed b0 11 cd 32 ed b0 11 cd 32 ed b0 11 cd 32 ed b0 11 cd 32 ed b0 11 cd 32 ed b0 11 cd 32 ed b0 11 cd 32 ed b0 11 cd 32 ed b0,block-copy,0.8171,0.94095,2.57411918256339,2.3101647319205014,04 5e ed b0 04 5e ed b0 04 5e ed b0 04 5e ed b0 04 5e ed b0 04 5e ed b0 04 5e ed b0 04 5e ed b0 04 5e ed b0 04 5e ed b0 04 5e ed b0 04 5e ed b0 04 5e ed b0 04 5e ed b0 04 5e ed b0 04 5e ed b0 04 5e ed b0 04 5e ed b0 04 5e ed b0 04 5e ed b0 04 5e ed b0 04 5e ed b0 04 5e ed b0 04 5e ed b0 04 5e ed b0,119.37,stack-writes_L100_st128_k4_s109.summary.json,11500,-1,cc 5e ed b0 cc 5e ed b0 cc 5e ed b0 cc 5e ed b0 cc 5e ed b0 cc 5e ed b0 cc 5e ed b0 cc 5e ed b0 cc 5e ed b0 cc 5e ed b0 cc 5e ed b0 cc 5e ed b0 cc 5e ed b0 cc 5e ed b0 cc 5e ed b0 cc 5e ed b0 cc 5e ed b0 cc 5e ed b0 cc 5e ed b0 cc 5e ed b0 cc 5e ed b0 cc 5e ed b0 cc 5e ed b0 cc 5e ed b0 cc 5e ed b0,1,0.0136,0.297,0.297,,0.0,False,False,,0.866,block-copy,4,1.0,0.298,0.332,24,True,0.332,cc 5e ed b0 cc 5e ed b0 cc 5e ed b0 cc 5e ed b0 cc 5e ed b0 cc 5e ed b0 cc 5e ed b0 cc 5e ed b0 cc 5e ed b0 cc 5e ed b0 cc 5e ed b0 cc 5e ed b0 cc 5e ed b0 cc 5e ed b0 cc 5e ed b0 cc 5e ed b0 cc 5e ed b0 cc 5e ed b0 cc 5e ed b0 cc 5e ed b0 cc 5e ed b0 cc 5e ed b0 cc 5e ed b0 cc 5e ed b0 cc 5e ed b0,32,0.03125,0.0,1.0,1,0.9999,0.00495,0.0,2.3101647319205014,2.3767367319205013,0.000135,0.94095,0.9412,11 b4 5a ed b0 f9 a5 00 dd a7 47 fc b0 02 2a dd 28 14 55 71 11 b4 5a ed b0 f9 a5 00 dd a7 47 fc b0 02 2a dd 28 14 55 71 11 b4 5a ed b0 f9 a5 00 dd a7 47 fc b0 02 2a dd 28 14 55 71 11 b4 5a ed b0 f9 a5 00 dd a7 47 fc b0 02 2a dd 28 14 55 71 11 b4 5a ed b0 f9 a5 00 dd a7 47 fc b0 02 2a dd 28 14 55 71,0.0,0.005,0.463,0.462,,0.0,False,0.924,,block-copy+ld-mem,20.0,1.0,,cd 5e ed b0 a8 cd 5e ed b0 a8 cd 5e ed b0 a8 cd 5e ed b0 a8 cd 5e ed b0 a8 cd 5e ed b0 a8 cd 5e ed b0 a8 cd 5e ed b0 a8 cd 5e ed b0 a8 cd 5e ed b0 a8 cd 5e ed b0 a8 cd 5e ed b0 a8 cd 5e ed b0 a8 cd 5e ed b0 a8 cd 5e ed b0 a8 cd 5e ed b0 a8 cd 5e ed b0 a8 cd 5e ed b0 a8 cd 5e ed b0 a8 cd 5e ed b0 a8,2.0,0.305,0.305,0.0,False
stack-writes,stack-writes,nominal,100,128,4,110,,300000,300000,False,84000,-1,86000,188500,1e cd ed b0 b3 1e cd ed b0 b3 1e cd ed b0 b3 1e cd ed b0 b3 1e cd ed b0 b3 1e cd ed b0 b3 1e cd ed b0 b3 1e cd ed b0 b3 1e cd ed b0 b3 1e cd ed b0 b3 1e cd ed b0 b3 1e cd ed b0 b3 1e cd ed b0 b3 1e cd ed b0 b3 1e cd ed b0 b3 1e cd ed b0 b3 1e cd ed b0 b3 1e cd ed b0 b3 1e cd ed b0 b3 1e cd ed b0 b3,block-copy,0.02605,0.03305,9.280532452869744,4.037172484968176,1e 04 ed b0 1e 04 ed b0 1e 04 ed b0 1e 04 ed b0 1e 04 ed b0 1e 04 ed b0 1e 04 ed b0 1e 04 ed b0 1e 04 ed b0 1e 04 ed b0 1e 04 ed b0 1e 04 ed b0 1e 04 ed b0 1e 04 ed b0 1e 04 ed b0 1e 04 ed b0 1e 04 ed b0 1e 04 ed b0 1e 04 ed b0 1e 04 ed b0 1e 04 ed b0 1e 04 ed b0 1e 04 ed b0 1e 04 ed b0 1e 04 ed b0,122.62,stack-writes_L100_st128_k4_s110.summary.json,7500,-1,1e 05 ed b0 1e 1e 05 ed b0 1e 1e 05 ed b0 1e 1e 05 ed b0 1e 1e 05 ed b0 1e 1e 05 ed b0 1e 1e 05 ed b0 1e 1e 05 ed b0 1e 1e 05 ed b0 1e 1e 05 ed b0 1e 1e 05 ed b0 1e 1e 05 ed b0 1e 1e 05 ed b0 1e 1e 05 ed b0 1e 1e 05 ed b0 1e 1e 05 ed b0 1e 1e 05 ed b0 1e 1e 05 ed b0 1e 1e 05 ed b0 1e 1e 05 ed b0 1e,1,0.022,0.316,0.315,,0.0,False,True,,0.838,block-copy,5,1.0,-0.0,0.118,50,False,0.306,1e 04 ed b0 1e 04 ed b0 1e 04 ed b0 1e 04 ed b0 1e 04 ed b0 1e 04 ed b0 1e 04 ed b0 1e 04 ed b0 1e 04 ed b0 1e 04 ed b0 1e 04 ed b0 1e 04 ed b0 1e 04 ed b0 1e 04 ed b0 1e 04 ed b0 1e 04 ed b0 1e 04 ed b0 1e 04 ed b0 1e 04 ed b0 1e 04 ed b0 1e 04 ed b0 1e 04 ed b0 1e 04 ed b0 1e 04 ed b0 1e 04 ed b0,32,0.71875,0.0,0.0625,32,0.9945,0.0256,0.0106,4.037172484968176,4.210520484968176,0.001751,0.03305,0.0565,fb 00 49 00 e0 3f 15 8e 8e a7 eb ff a2 9b 1c 0a 07 15 ba ed b0 99 a7 3b 69 fb 00 49 00 e0 3f 15 8e 8e a7 eb ff a2 9b 1c 0a 07 15 ba ed b0 99 a7 3b 69 fb 00 49 00 e0 3f 15 8e 8e a7 eb ff a2 9b 1c 0a 07 15 ba ed b0 99 a7 3b 69 fb 00 49 00 e0 3f 15 8e 8e a7 eb ff a2 9b 1c 0a 07 15 ba ed b0 99 a7 3b 69,0.0,0.0051,0.329,0.329,,0.0,False,0.822,,block-copy,25.0,1.0,,1e 0a ed b0 24 f9 80 6f 06 14 1e 0a ed b0 24 f9 80 6f 06 14 1e 0a ed b0 24 f9 80 6f 06 14 1e 0a ed b0 24 f9 80 6f 06 14 1e 0a ed b0 24 f9 80 6f 06 14 1e 0a ed b0 24 f9 80 6f 06 14 1e 0a ed b0 24 f9 80 6f 06 14 1e 0a ed b0 24 f9 80 6f 06 14 1e 0a ed b0 24 f9 80 6f 06 14 1e 0a ed b0 24 f9 80 6f 06 14,2.0,0.363,0.362,0.0,False
stack-writes,stack-writes,nominal,16,128,4,101,,300000,300000,False,-1,-1,-1,-1,,,0.0018,0.00245,11.939436909373505,5.845959353625925,f0 5e c3 6e b8 47 29 71 13 76 ec 93 24 0c ed b0,74.04,stack-writes_L16_st128_k4_s101.summary.json,246500,246500,f0 5e c3 6e b8 47 29 71 13 76 ec 93 24 0c ed b0,0,0.0018,1.0,1.0,1.0,1.0,True,True,0.0,0.991,block-copy+ld-mem,16,0.0,1.0,1.0,64,True,1.0,f0 5e c3 6e b8 47 29 71 13 76 ec 93 24 0c ed b0,32,0.6875,0.6875,0.78125,32,0.9578,0.0145,0.0001,5.845959353625925,7.0834343536259246,0.005121875,0.00245,0.00245,e4 5e ed b0 e4 5e ed b0 e4 5e ed b0 e4 5e ed b0,0.0,0.0065,1.0,1.0,1.0,1.0,True,0.541,0.0,block-copy,4.0,1.0,e4 5e ed b0 e4 5e ed b0 e4 5e ed b0 e4 5e ed b0,,,,,,
stack-writes,stack-writes,nominal,16,128,4,102,,300000,300000,False,22000,-1,24000,-1,16 48 83 5a ca 06 ed b0 16 48 83 5a ca 06 ed b0,-,0.00205,0.0047,11.931443742278697,5.8593469653831,11 d0 d2 c3 6e 0c e6 d8 50 4f 08 51 dc 4a ed b0,73.95,stack-writes_L16_st128_k4_s102.summary.json,13000,13000,11 d0 d2 c3 6e 0c e6 d8 50 4f 08 51 dc 4a ed b0,0,0.0021,1.0,1.0,1.0,1.0,True,True,0.0,0.911,block-copy,16,0.0,1.0,1.0,64,True,1.0,11 d0 d2 c3 6e 0c e6 d8 50 4f 08 51 dc 4a ed b0,32,0.9375,0.9375,0.96875,32,0.95455,0.0112,0.0008,5.8593469653831,7.1030719653831,0.006153125,0.0047,0.0047,16 48 ae 5a 22 8b ed b0 16 48 ae 5a 22 8b ed b0,0.0,0.0088,1.0,1.0,1.0,1.0,True,0.978,0.0,ld-mem,8.0,1.0,16 48 ae 5a 22 8b ed b0 16 48 ae 5a 22 8b ed b0,16 48 83 5a ca 06 ed b0 16 48 83 5a ca 06 ed b0,0.0,1.0,1.0,1.0,True
stack-writes,stack-writes,nominal,16,128,4,103,,300000,300000,False,-1,-1,-1,-1,,,0.00185,0.0055,11.916738675323245,5.867284408905055,30 e9 32 97 2f 65 80 9b 7d 3a fb 5e c3 ed b0 a0,80.54,stack-writes_L16_st128_k4_s103.summary.json,-1,-1,30 e9 32 97 2f 65 80 9b 7d 3a fb 5e c3 ed b0 a0,0,0.0019,1.0,1.0,1.0,1.0,True,True,0.0,0.983,ld-mem,16,0.0,1.0,1.0,64,True,1.0,30 e9 32 97 2f 65 80 9b 7d 3a fb 5e c3 ed b0 a0,32,0.875,0.875,0.875,32,0.96545,0.00555,0.0002,5.867284408905055,7.105834408905055,0.005634375,0.0055,0.0055,,,,,,,,,,,,,,,,,,,,
stack-writes,stack-writes,nominal,16,128,4,104,,300000,300000,False,-1,-1,-1,-1,,,0.00215,0.0049,11.906668427290032,5.847148492874518,50 5e c3 0b e3 f5 a9 cc da 78 6b 8c 7f 85 ed b0,73.3,stack-writes_L16_st128_k4_s104.summary.json,16000,16000,50 5e c3 0b e3 f5 a9 cc da 78 6b 8c 7f 85 ed b0,0,0.0022,1.0,1.0,1.0,1.0,True,True,0.0,0.941,block-copy,16,0.0,1.0,1.0,64,True,1.0,50 5e c3 0b e3 f5 a9 cc da 78 6b 8c 7f 85 ed b0,32,0.90625,0.90625,0.90625,32,0.96065,0.0125,0.0006,5.847148492874518,7.089873492874518,0.007809375,0.0049,0.0049,c4 5e ed b0 c4 5e ed b0 c4 5e ed b0 c4 5e ed b0,0.0,0.0069,1.0,1.0,1.0,1.0,True,0.54,0.0,block-copy,4.0,1.0,c4 5e ed b0 c4 5e ed b0 c4 5e ed b0 c4 5e ed b0,,,,,,
stack-writes,stack-writes,nominal,16,128,4,105,,300000,300000,False,58000,-1,-1,-1,64 5e ed b0 64 5e ed b0 64 5e ed b0 64 5e ed b0,block-copy,0.00985,0.0107,11.646997663567879,5.419881264489549,e4 5e ed b0 e4 5e ed b0 e4 5e ed b0 e4 5e ed b0,73.06,stack-writes_L16_st128_k4_s105.summary.json,12000,12000,e4 5e ed b0 e4 5e ed b0 e4 5e ed b0 e4 5e ed b0,0,0.0098,1.0,1.0,1.0,1.0,True,True,0.0,0.541,block-copy,4,1.0,1.0,1.0,63,True,1.0,e4 5e ed b0 e4 5e ed b0 e4 5e ed b0 e4 5e ed b0,32,0.9375,0.9375,0.96875,32,0.9546,0.0243,0.00035,5.419881264489549,6.5929562644895485,0.005575,0.0107,0.01145,84 5e ed b0 84 5e ed b0 84 5e ed b0 84 5e ed b0,0.0,0.0052,1.0,1.0,1.0,1.0,True,0.54,0.0,block-copy,4.0,1.0,84 5e ed b0 84 5e ed b0 84 5e ed b0 84 5e ed b0,,,,,,
stack-writes,stack-writes,nominal,16,128,4,106,,300000,300000,False,-1,-1,-1,-1,,,0.00215,0.0027,11.937703264448057,5.9345582729056945,d0 55 5e c3 0e 4c 43 34 0d 1e 60 a5 8f d9 ed b0,76.72,stack-writes_L16_st128_k4_s106.summary.json,59000,59000,d0 55 5e c3 0e 4c 43 34 0d 1e 60 a5 8f d9 ed b0,0,0.0022,1.0,1.0,1.0,1.0,True,True,0.0,0.977,block-copy+rmw,16,0.0,1.0,1.0,64,True,1.0,d0 55 5e c3 0e 4c 43 34 0d 1e 60 a5 8f d9 ed b0,32,0.875,0.875,0.90625,32,0.95995,0.01815,0.0004,5.9345582729056945,7.171108272905695,0.00616875,0.0027,0.0027,48 5e 7a 44 d2 ed b0 a5 48 5e 7a 44 d2 ed b0 a5,0.0,0.0057,1.0,1.0,1.0,1.0,True,0.987,0.0,-,8.0,1.0,48 5e 7a 44 d2 ed b0 a5 48 5e 7a 44 d2 ed b0 a5,,,,,,
stack-writes,stack-writes,nominal,16,128,4,107,,300000,300000,False,-1,-1,-1,-1,,,0.0017,0.0022,11.938390239112598,5.9168914418322505,1e 70 c3 2c 54 5a ce ea bf 97 fe d6 7d 12 ed b0,75.02,stack-writes_L16_st128_k4_s107.summary.json,41000,41000,1e 70 c3 2c 54 5a ce ea bf 97 fe d6 7d 12 ed b0,0,0.0017,1.0,1.0,1.0,1.0,True,True,0.0,0.916,block-copy+ld-mem,16,0.0,1.0,1.0,64,True,1.0,1e 70 c3 2c 54 5a ce ea bf 97 fe d6 7d 12 ed b0,32,0.84375,0.84375,0.84375,32,0.9598,0.0122,0.00055,5.9168914418322505,7.15864144183225,0.006578125,0.0022,0.0022,e4 5e ed b0 e4 5e ed b0 e4 5e ed b0 e4 5e ed b0,0.0,0.0052,1.0,1.0,1.0,1.0,True,0.541,0.0,block-copy,4.0,1.0,e4 5e ed b0 e4 5e ed b0 e4 5e ed b0 e4 5e ed b0,,,,,,
stack-writes,stack-writes,nominal,16,128,4,108,,300000,300000,False,-1,-1,-1,-1,,,0.00145,0.0054,11.952689634306044,5.898892321442684,1e 90 d2 ae db c2 68 1e 72 40 5d ca 9b a9 ed b0,73.54,stack-writes_L16_st128_k4_s108.summary.json,32000,32000,1e 90 d2 ae db c2 68 1e 72 40 5d ca 9b a9 ed b0,0,0.0014,1.0,1.0,1.0,1.0,True,True,0.0,0.99,block-copy+ld-mem,16,0.111,1.0,1.0,63,True,1.0,1e 90 d2 ae db c2 68 1e 72 40 5d ca 9b a9 ed b0,32,0.90625,0.90625,0.90625,32,0.96265,0.0061,0.00025,5.898892321442684,7.144492321442684,0.006140625,0.0054,0.00545,c3 22 1e 08 49 7a ed b0 c3 22 1e 08 49 7a ed b0,0.0,0.0074,1.0,1.0,1.0,1.0,True,0.884,0.0,block-copy,8.0,1.0,c3 22 1e 08 49 7a ed b0 c3 22 1e 08 49 7a ed b0,,,,,,
stack-writes,stack-writes,nominal,16,128,4,109,,300000,300000,False,-1,-1,-1,-1,,,0.0019,0.00425,11.918558470023072,5.901820365452322,1e b0 d2 4e 67 7f 9b 7e ad fa 09 59 41 a5 ed b0,72.86,stack-writes_L16_st128_k4_s109.summary.json,15000,15000,1e b0 d2 4e 67 7f 9b 7e ad fa 09 59 41 a5 ed b0,0,0.0019,1.0,1.0,1.0,1.0,True,True,0.0,0.854,block-copy,16,0.5,1.0,1.0,64,True,1.0,1e b0 d2 4e 67 7f 9b 7e ad fa 09 59 41 a5 ed b0,32,0.9375,0.9375,1.0,32,0.95935,0.0126,0.00075,5.901820365452322,7.146420365452322,0.006890625,0.00425,0.0043,b0 1e e8 ca 67 fc 01 ed b0 1e e8 ca 67 fc 01 ed,0.0,0.0052,1.0,1.0,1.0,1.0,True,0.98,0.0,-,8.0,1.0,b0 1e e8 ca 67 fc 01 ed b0 1e e8 ca 67 fc 01 ed,,,,,,
stack-writes,stack-writes,nominal,16,128,4,110,,300000,300000,False,-1,-1,-1,-1,,,0.00225,0.00345,11.914368827037668,5.788259863196693,90 5e c3 2c e2 5b 9f c3 a0 6a 8b 34 ed b0 60 ec,79.98,stack-writes_L16_st128_k4_s110.summary.json,-1,-1,90 5e c3 2c e2 5b 9f c3 a0 6a 8b 34 ed b0 60 ec,0,0.0022,1.0,1.0,1.0,1.0,True,True,0.0,0.936,block-copy+rmw,16,0.091,1.0,1.0,64,True,1.0,90 5e c3 2c e2 5b 9f c3 a0 6a 8b 34 ed b0 60 ec,32,0.84375,0.84375,0.875,32,0.961,0.00455,0.00025,5.788259863196693,7.028159863196693,0.006096875,0.00345,0.0035,,,,,,,,,,,,,,,,,,,,
stack-writes,stack-writes,nominal,16,32,2,101,,300000,300000,False,-1,-1,-1,-1,,,0.001,0.0025,13.300494444785556,4.241074068793184,28 3e 5e ed b0 b9 12 ef 28 3e 5e ed b0 b9 12 ef,53.15,stack-writes_L16_st32_k2_s101.summary.json,66000,66000,28 3e 5e ed b0 b9 12 ef 28 3e 5e ed b0 b9 12 ef,0,0.001,1.0,1.0,1.0,1.0,True,True,0.0,0.851,block-copy+ld-mem,8,1.0,1.0,1.0,64,True,1.0,28 3e 5e ed b0 b9 12 ef 28 3e 5e ed b0 b9 12 ef,32,0.6875,0.6875,0.6875,32,0.85345,0.0375,0.0007,4.241074068793184,6.674974068793183,0.011346875,0.0025,0.0025,b0 1e e4 ed b0 1e e4 ed b0 1e e4 ed b0 1e e4 ed,0.0,0.0051,1.0,1.0,1.0,1.0,True,0.822,0.0,block-copy,4.0,1.0,b0 1e e4 ed b0 1e e4 ed b0 1e e4 ed b0 1e e4 ed,,,,,,
stack-writes,stack-writes,nominal,16,32,2,102,,300000,300000,False,-1,-1,-1,-1,,,0.0013,0.003,13.276307912270283,4.260468478194763,e4 5e ed b0 e4 5e ed b0 e4 5e ed b0 e4 5e ed b0,52.46,stack-writes_L16_st32_k2_s102.summary.json,-1,-1,e4 5e ed b0 e4 5e ed b0 e4 5e ed b0 e4 5e ed b0,0,0.0013,1.0,1.0,1.0,1.0,True,True,0.0,0.781,block-copy,4,1.0,1.0,1.0,63,True,1.0,e4 5e ed b0 e4 5e ed b0 e4 5e ed b0 e4 5e ed b0,32,0.875,0.875,0.875,32,0.8629,0.03225,0.0008,4.260468478194763,6.653893478194764,0.0095375,0.003,0.0032,,,,,,,,,,,,,,,,,,,,
stack-writes,stack-writes,nominal,16,32,2,103,,300000,300000,False,-1,-1,-1,-1,,,0.0017,0.0031,13.262904583659143,4.3002944126752585,44 5e ed b0 44 5e ed b0 44 5e ed b0 44 5e ed b0,52.73,stack-writes_L16_st32_k2_s103.summary.json,37000,37000,44 5e ed b0 44 5e ed b0 44 5e ed b0 44 5e ed b0,0,0.0017,1.0,1.0,1.0,1.0,True,True,0.0,0.779,block-copy,4,1.0,1.0,1.0,64,True,1.0,44 5e ed b0 44 5e ed b0 44 5e ed b0 44 5e ed b0,32,0.75,0.71875,0.75,32,0.8629,0.04375,0.00045,4.3002944126752585,6.677844412675258,0.010546875,0.0031,0.0031,44 5e ed b0 44 5e ed b0 44 5e ed b0 44 5e ed b0,0.0,0.0056,1.0,1.0,1.0,1.0,True,0.779,0.0,block-copy,4.0,1.0,44 5e ed b0 44 5e ed b0 44 5e ed b0 44 5e ed b0,,,,,,
stack-writes,stack-writes,nominal,16,32,2,104,,300000,300000,False,-1,-1,-1,-1,,,0.0013,0.0025,13.267975509091976,4.297418731910833,28 72 5e ed b0 af 72 08 28 72 5e ed b0 af 72 08,55.19,stack-writes_L16_st32_k2_s104.summary.json,-1,-1,28 72 5e ed b0 af 72 08 28 72 5e ed b0 af 72 08,0,0.0013,1.0,1.0,1.0,1.0,True,True,0.0,0.889,block-copy+ld-mem,8,1.0,1.0,1.0,64,True,1.0,28 72 5e ed b0 af 72 08 28 72 5e ed b0 af 72 08,32,0.6875,0.6875,0.75,32,0.85625,0.03505,0.00045,4.297418731910833,6.677993731910833,0.01001875,0.0025,0.0025,,,,,,,,,,,,,,,,,,,,
stack-writes,stack-writes,nominal,16,32,2,105,,300000,300000,False,-1,-1,-1,-1,,,0.001,0.00465,13.314024072341308,4.248906943694055,64 5e ed b0 64 5e ed b0 64 5e ed b0 64 5e ed b0,57.38,stack-writes_L16_st32_k2_s105.summary.json,-1,-1,64 5e ed b0 64 5e ed b0 64 5e ed b0 64 5e ed b0,0,0.001,1.0,1.0,1.0,1.0,True,True,0.0,0.78,block-copy,4,1.0,1.0,1.0,63,True,1.0,64 5e ed b0 64 5e ed b0 64 5e ed b0 64 5e ed b0,32,0.6875,0.6875,0.6875,32,0.84735,0.0416,0.00075,4.248906943694055,6.739331943694055,0.00948125,0.00465,0.00465,,,,,,,,,,,,,,,,,,,,
stack-writes,stack-writes,nominal,16,32,2,106,,300000,300000,False,-1,-1,-1,-1,,,0.0014,0.0021,13.27868449270034,4.270840503982866,28 01 5e ed b0 1d 2e bd 28 01 5e ed b0 1d 2e bd,54.83,stack-writes_L16_st32_k2_s106.summary.json,-1,-1,28 01 5e ed b0 1d 2e bd 28 01 5e ed b0 1d 2e bd,0,0.0014,1.0,1.0,1.0,1.0,True,True,0.0,0.893,block-copy,8,1.0,1.0,1.0,64,True,1.0,28 01 5e ed b0 1d 2e bd 28 01 5e ed b0 1d 2e bd,32,0.6875,0.6875,0.6875,32,0.85775,0.04435,0.00075,4.270840503982866,6.677190503982866,0.01020625,0.0021,0.0021,,,,,,,,,,,,,,,,,,,,
stack-writes,stack-writes,nominal,16,32,2,107,,300000,300000,False,-1,-1,-1,-1,,,0.0029,0.00905,13.247195837648356,4.272822786660847,24 5e ed b0 24 5e ed b0 24 5e ed b0 24 5e ed b0,54.37,stack-writes_L16_st32_k2_s107.summary.json,18000,18000,24 5e ed b0 24 5e ed b0 24 5e ed b0 24 5e ed b0,0,0.0029,1.0,1.0,1.0,1.0,True,True,0.0,0.78,block-copy,4,1.0,1.0,1.0,64,True,1.0,24 5e ed b0 24 5e ed b0 24 5e ed b0 24 5e ed b0,32,0.78125,0.78125,0.78125,32,0.8653,0.03825,0.0012,4.272822786660847,6.659247786660847,0.011484375,0.00905,0.0095,1e 84 ed b0 1e 84 ed b0 1e 84 ed b0 1e 84 ed b0,0.0,0.0067,1.0,1.0,1.0,1.0,True,0.842,0.0,block-copy,4.0,1.0,1e 84 ed b0 1e 84 ed b0 1e 84 ed b0 1e 84 ed b0,,,,,,
stack-writes,stack-writes,nominal,16,32,2,108,,300000,300000,False,-1,-1,-1,-1,,,0.0013,0.00445,13.273069243847806,4.234102527089258,24 5e ed b0 24 5e ed b0 24 5e ed b0 24 5e ed b0,61.65,stack-writes_L16_st32_k2_s108.summary.json,228000,228000,24 5e ed b0 24 5e ed b0 24 5e ed b0 24 5e ed b0,0,0.0013,1.0,1.0,1.0,1.0,True,True,0.0,0.78,block-copy,4,1.0,1.0,1.0,64,True,1.0,24 5e ed b0 24 5e ed b0 24 5e ed b0 24 5e ed b0,32,0.71875,0.71875,0.71875,32,0.8493,0.0355,0.00085,4.234102527089258,6.654927527089257,0.012725,0.00445,0.00465,64 5e ed b0 64 5e ed b0 64 5e ed b0 64 5e ed b0,0.0,0.0053,1.0,1.0,1.0,1.0,True,0.78,0.0,block-copy,4.0,1.0,64 5e ed b0 64 5e ed b0 64 5e ed b0 64 5e ed b0,,,,,,
stack-writes,stack-writes,nominal,16,32,2,109,,300000,300000,False,-1,-1,-1,-1,,,0.001,0.0018,13.324795300339918,4.2841257033211555,28 a3 5e ed b0 68 84 87 28 a3 5e ed b0 68 84 87,55.74,stack-writes_L16_st32_k2_s109.summary.json,4350,4350,28 a3 5e ed b0 68 84 87 28 a3 5e ed b0 68 84 87,0,0.001,1.0,1.0,1.0,1.0,True,True,0.0,0.814,block-copy,8,1.0,1.0,1.0,64,True,1.0,28 a3 5e ed b0 68 84 87 28 a3 5e ed b0 68 84 87,32,0.8125,0.8125,0.8125,32,0.8498,0.04345,0.0009,4.2841257033211555,6.769075703321156,0.013753125,0.0018,0.0018,1e e4 ed b0 1e e4 ed b0 1e e4 ed b0 1e e4 ed b0,0.0,0.0061,1.0,1.0,1.0,1.0,True,0.84,0.0,block-copy,4.0,1.0,1e e4 ed b0 1e e4 ed b0 1e e4 ed b0 1e e4 ed b0,,,,,,
stack-writes,stack-writes,nominal,16,32,2,110,,300000,300000,False,-1,-1,-1,-1,,,0.0011,0.0033,13.281024915895987,4.301056548071575,a4 5e ed b0 a4 5e ed b0 a4 5e ed b0 a4 5e ed b0,53.27,stack-writes_L16_st32_k2_s110.summary.json,-1,-1,a4 5e ed b0 a4 5e ed b0 a4 5e ed b0 a4 5e ed b0,0,0.0011,1.0,1.0,1.0,1.0,True,True,0.0,0.78,block-copy,4,1.0,1.0,1.0,64,True,1.0,a4 5e ed b0 a4 5e ed b0 a4 5e ed b0 a4 5e ed b0,32,0.71875,0.71875,0.71875,32,0.8521,0.0357,0.0008,4.301056548071575,6.724731548071575,0.010715625,0.0033,0.00355,,,,,,,,,,,,,,,,,,,,
stack-writes,stack-writes,nominal,36,128,4,101,,300000,300000,False,-1,-1,-1,-1,,,0.0046,0.03025,11.018697828227431,4.7417833240565015,14 14 ed b0 14 14 ed b0 14 14 ed b0 14 14 ed b0 14 14 ed b0 14 14 ed b0 14 14 ed b0 14 14 ed b0 14 14 ed b0,76.33,stack-writes_L36_st128_k4_s101.summary.json,12000,12000,14 14 ed b0 14 14 ed b0 14 14 ed b0 14 14 ed b0 14 14 ed b0 14 14 ed b0 14 14 ed b0 14 14 ed b0 14 14 ed b0,0,0.0046,1.0,1.0,1.0,1.0,True,True,0.0,0.597,block-copy,4,1.0,1.0,1.0,63,True,1.0,14 14 ed b0 14 14 ed b0 14 14 ed b0 14 14 ed b0 14 14 ed b0 14 14 ed b0 14 14 ed b0 14 14 ed b0 14 14 ed b0,32,1.0,0.9375,1.0,32,0.9987,0.05845,0.03105,4.7417833240565015,5.1425055462787235,0.0263611111111111,0.03025,0.03585,00 15 96 ed b0 b0 ae 15 00 15 96 ed b0 b0 ae 15 00 15 96 ed b0 b0 ae 15 00 15 96 ed b0 b0 ae 15 00 15 96 ed,0.0,0.0162,0.663,1.0,,0.0,False,0.64,,block-copy,8.0,1.0,b0 b0 ae 15 00 15 96 ed b0 b0 ae 15 00 15 96 ed b0 b0 ae 15 00 15 96 ed b0 b0 ae 15 00 15 96 ed b0 b0 ae 15,,,,,,
stack-writes,stack-writes,nominal,36,128,4,102,,300000,300000,False,17000,26000,1250,64000,b0 1e 04 ed b0 1e 04 ed b0 1e 04 ed b0 1e 04 ed b0 1e 04 ed b0 1e 04 ed b0 1e 04 ed b0 1e 04 ed b0 1e 04 ed,block-copy,0.2243,0.38175,5.084597345015448,2.9445844303845154,b0 1e 94 ed b0 1e 94 ed b0 1e 94 ed b0 1e 94 ed b0 1e 94 ed b0 1e 94 ed b0 1e 94 ed b0 1e 94 ed b0 1e 94 ed,68.65,stack-writes_L36_st128_k4_s102.summary.json,900,900,b0 1e 94 ed b0 1e 94 ed b0 1e 94 ed b0 1e 94 ed b0 1e 94 ed b0 1e 94 ed b0 1e 94 ed b0 1e 94 ed b0 1e 94 ed,0,0.2243,1.0,1.0,1.0,1.0,True,True,0.0,0.724,block-copy,4,1.0,1.0,1.0,17,True,1.0,b0 1e 94 ed b0 1e 94 ed b0 1e 94 ed b0 1e 94 ed b0 1e 94 ed b0 1e 94 ed b0 1e 94 ed b0 1e 94 ed b0 1e 94 ed,32,1.0,1.0,1.0,5,0.99765,0.0076,0.0002,2.944584430384515,3.2157177637178487,0.0013430555555555,0.38175,0.8058,b0 b0 1e 9c a1 e2 fe c0 47 ed b0 dc b0 b0 1e 9c a1 e2 fe c0 47 ed b0 dc b0 b0 1e 9c a1 e2 fe c0 47 ed b0 dc,0.0,0.0065,1.0,1.0,1.0,1.0,True,0.658,0.0,block-copy,12.0,1.0,b0 b0 1e 9c a1 e2 fe c0 47 ed b0 dc b0 b0 1e 9c a1 e2 fe c0 47 ed b0 dc b0 b0 1e 9c a1 e2 fe c0 47 ed b0 dc,b0 dc b0 b0 1e 9c a1 e2 fe c0 47 ed b0 dc b0 b0 1e 9c a1 e2 fe c0 47 ed b0 dc b0 b0 1e 9c a1 e2 fe c0 47 ed,0.0,1.0,1.0,1.0,True
stack-writes,stack-writes,nominal,36,128,4,103,,300000,300000,False,36500,38000,38000,64500,b0 1e 94 ed b0 1e 94 ed b0 1e 94 ed b0 1e 94 ed b0 1e 94 ed b0 1e 94 ed b0 1e 94 ed b0 1e 94 ed b0 1e 94 ed,block-copy,0.216,0.36605,4.828884022963987,2.8859530490443652,b0 1e 04 ed b0 1e 04 ed b0 1e 04 ed b0 1e 04 ed b0 1e 04 ed b0 1e 04 ed b0 1e 04 ed b0 1e 04 ed b0 1e 04 ed,77.59,stack-writes_L36_st128_k4_s103.summary.json,35500,35500,b0 1e 04 ed b0 1e 04 ed b0 1e 04 ed b0 1e 04 ed b0 1e 04 ed b0 1e 04 ed b0 1e 04 ed b0 1e 04 ed b0 1e 04 ed,0,0.216,1.0,1.0,1.0,1.0,True,True,0.0,0.728,block-copy,4,1.0,1.0,1.0,19,True,1.0,b0 1e 04 ed b0 1e 04 ed b0 1e 04 ed b0 1e 04 ed b0 1e 04 ed b0 1e 04 ed b0 1e 04 ed b0 1e 04 ed b0 1e 04 ed,32,1.0,1.0,1.0,7,0.99705,0.0079,5e-05,2.8859530490443652,3.1400974934888097,0.0015236111111111,0.36605,0.83875,b0 1e 94 ed b0 1e 94 ed b0 1e 94 ed b0 1e 94 ed b0 1e 94 ed b0 1e 94 ed b0 1e 94 ed b0 1e 94 ed b0 1e 94 ed,0.0,0.0051,1.0,1.0,1.0,1.0,True,0.724,0.0,block-copy,4.0,1.0,b0 1e 94 ed b0 1e 94 ed b0 1e 94 ed b0 1e 94 ed b0 1e 94 ed b0 1e 94 ed b0 1e 94 ed b0 1e 94 ed b0 1e 94 ed,b0 1e 94 ed b0 1e 94 ed b0 1e 94 ed b0 1e 94 ed b0 1e 94 ed b0 1e 94 ed b0 1e 94 ed b0 1e 94 ed b0 1e 94 ed,0.0,1.0,1.0,1.0,True
stack-writes,stack-writes,nominal,36,128,4,104,,300000,300000,False,84500,92500,92000,100000,4c 5e ed b0 4c 5e ed b0 4c 5e ed b0 4c 5e ed b0 4c 5e ed b0 4c 5e ed b0 4c 5e ed b0 4c 5e ed b0 4c 5e ed b0,block-copy,0.25925,0.41225,7.380410756674166,4.006334243913488,4c 5e ed b0 4c 5e ed b0 4c 5e ed b0 4c 5e ed b0 4c 5e ed b0 4c 5e ed b0 4c 5e ed b0 4c 5e ed b0 4c 5e ed b0,89.12,stack-writes_L36_st128_k4_s104.summary.json,72500,72500,4c 5e ed b0 4c 5e ed b0 4c 5e ed b0 4c 5e ed b0 4c 5e ed b0 4c 5e ed b0 4c 5e ed b0 4c 5e ed b0 4c 5e ed b0,0,0.2592,1.0,1.0,1.0,1.0,True,True,0.0,0.637,block-copy,4,1.0,1.0,1.0,33,True,1.0,4c 5e ed b0 4c 5e ed b0 4c 5e ed b0 4c 5e ed b0 4c 5e ed b0 4c 5e ed b0 4c 5e ed b0 4c 5e ed b0 4c 5e ed b0,32,1.0,1.0,1.0,32,0.9976,0.03425,0.00205,4.006334243913488,4.347600910580155,0.003375,0.41225,0.416,e1 0b c1 5e 52 b7 7f ed b0 e1 0b c1 5e 52 b7 7f ed b0 e1 0b c1 5e 52 b7 7f ed b0 e1 0b c1 5e 52 b7 7f ed b0,0.0,0.0063,1.0,1.0,1.0,1.0,True,0.589,0.0,block-copy,9.0,1.0,e1 0b c1 5e 52 b7 7f ed b0 e1 0b c1 5e 52 b7 7f ed b0 e1 0b c1 5e 52 b7 7f ed b0 e1 0b c1 5e 52 b7 7f ed b0,4c 5e ed b0 4c 5e ed b0 4c 5e ed b0 4c 5e ed b0 4c 5e ed b0 4c 5e ed b0 4c 5e ed b0 4c 5e ed b0 4c 5e ed b0,0.0,1.0,1.0,1.0,True
stack-writes,stack-writes,nominal,36,128,4,105,,300000,300000,False,42000,94000,89000,120500,11 1e 42 ed b0 1e 11 1e 42 ed b0 1e 11 1e 42 ed b0 1e 11 1e 42 ed b0 1e 11 1e 42 ed b0 1e 11 1e 42 ed b0 1e,block-copy,0.37025,0.56375,4.539646099711068,2.7381683441992246,1e 94 ed b0 1e 94 ed b0 1e 94 ed b0 1e 94 ed b0 1e 94 ed b0 1e 94 ed b0 1e 94 ed b0 1e 94 ed b0 1e 94 ed b0,80.15,stack-writes_L36_st128_k4_s105.summary.json,16500,16500,1e 94 ed b0 1e 94 ed b0 1e 94 ed b0 1e 94 ed b0 1e 94 ed b0 1e 94 ed b0 1e 94 ed b0 1e 94 ed b0 1e 94 ed b0,0,0.3703,1.0,1.0,1.0,1.0,True,True,0.0,0.708,block-copy,4,1.0,1.0,1.0,22,True,1.0,1e 94 ed b0 1e 94 ed b0 1e 94 ed b0 1e 94 ed b0 1e 94 ed b0 1e 94 ed b0 1e 94 ed b0 1e 94 ed b0 1e 94 ed b0,32,0.90625,0.90625,0.75,8,0.9982,0.0049,0.0001,2.7381683441992246,2.9672350108658914,0.0007361111111111,0.56375,0.8114,1e 06 fb ed b0 e4 1e 06 fb ed b0 e4 1e 06 fb ed b0 e4 1e 06 fb ed b0 e4 1e 06 fb ed b0 e4 1e 06 fb ed b0 e4,0.0,0.0057,1.0,1.0,1.0,1.0,True,0.659,0.0,block-copy,6.0,1.0,1e 06 fb ed b0 e4 1e 06 fb ed b0 e4 1e 06 fb ed b0 e4 1e 06 fb ed b0 e4 1e 06 fb ed b0 e4 1e 06 fb ed b0 e4,1e 94 ed b0 1e 94 ed b0 1e 94 ed b0 1e 94 ed b0 1e 94 ed b0 1e 94 ed b0 1e 94 ed b0 1e 94 ed b0 1e 94 ed b0,0.0,1.0,1.0,1.0,True
stack-writes,stack-writes,nominal,36,128,4,106,,300000,300000,False,25000,75000,44000,167500,b0 11 be 6b 83 ed b0 11 be 6b 83 ed b0 11 be 6b 83 ed b0 11 be 6b 83 ed b0 11 be 6b 83 ed b0 11 be 6b 83 ed,block-copy,0.01895,0.77215,8.327652136220498,3.6931579945729,ae 57 5e ed b0 91 ae 57 5e ed b0 91 ae 57 5e ed b0 91 ae 57 5e ed b0 91 ae 57 5e ed b0 91 ae 57 5e ed b0 91,76.78,stack-writes_L36_st128_k4_s106.summary.json,18000,18000,ae 57 5e ed b0 91 ae 57 5e ed b0 91 ae 57 5e ed b0 91 ae 57 5e ed b0 91 ae 57 5e ed b0 91 ae 57 5e ed b0 91,0,0.019,1.0,1.0,1.0,1.0,True,True,0.0,0.605,block-copy,6,1.0,1.0,1.0,22,True,1.0,ae 57 5e ed b0 91 ae 57 5e ed b0 91 ae 57 5e ed b0 91 ae 57 5e ed b0 91 ae 57 5e ed b0 91 ae 57 5e ed b0 91,32,1.0,0.96875,1.0,32,0.99675,0.01225,0.00025,3.6931579945729,4.002824661239567,0.0002944444444444,0.77215,0.77225,11 be 8f d1 ed b0 11 be 8f d1 ed b0 11 be 8f d1 ed b0 11 be 8f d1 ed b0 11 be 8f d1 ed b0 11 be 8f d1 ed b0,0.0,0.0082,1.0,1.0,1.0,1.0,True,0.695,0.0,block-copy,6.0,1.0,11 be 8f d1 ed b0 11 be 8f d1 ed b0 11 be 8f d1 ed b0 11 be 8f d1 ed b0 11 be 8f d1 ed b0 11 be 8f d1 ed b0,97 5e 1b ed b0 3f 97 5e 1b ed b0 3f 97 5e 1b ed b0 3f 97 5e 1b ed b0 3f 97 5e 1b ed b0 3f 97 5e 1b ed b0 3f,0.0,1.0,1.0,1.0,True
stack-writes,stack-writes,nominal,36,128,4,107,,300000,300000,False,10000,-1,11000,16000,ae 1d 5e 57 ed b0 ae 1d 5e 57 ed b0 ae 1d 5e 57 ed b0 ae 1d 5e 57 ed b0 ae 1d 5e 57 ed b0 ae 1d 5e 57 ed b0,block-copy,0.02905,0.73085,8.37255571101236,3.6568842040102227,ae 57 5e ed b0 e7 ae 57 5e ed b0 e7 ae 57 5e ed b0 e7 ae 57 5e ed b0 e7 ae 57 5e ed b0 e7 ae 57 5e ed b0 e7,75.38,stack-writes_L36_st128_k4_s107.summary.json,5500,5500,ae 57 5e ed b0 e7 ae 57 5e ed b0 e7 ae 57 5e ed b0 e7 ae 57 5e ed b0 e7 ae 57 5e ed b0 e7 ae 57 5e ed b0 e7,0,0.029,1.0,1.0,1.0,1.0,True,True,0.0,0.598,block-copy,6,1.0,1.0,1.0,19,True,1.0,ae 57 5e ed b0 e7 ae 57 5e ed b0 e7 ae 57 5e ed b0 e7 ae 57 5e ed b0 e7 ae 57 5e ed b0 e7 ae 57 5e ed b0 e7,32,0.96875,0.9375,0.96875,32,0.99625,0.02115,5e-05,3.6568842040102223,3.973917537343556,0.0008430555555555,0.73085,0.7309,54 ff 5e fd 37 0f 57 ed b0 03 d3 ff 54 ff 5e fd 37 0f 57 ed b0 03 d3 ff 54 ff 5e fd 37 0f 57 ed b0 03 d3 ff,0.0,0.0113,1.0,1.0,1.0,1.0,True,0.618,0.0,block-copy,12.0,1.0,54 ff 5e fd 37 0f 57 ed b0 03 d3 ff 54 ff 5e fd 37 0f 57 ed b0 03 d3 ff 54 ff 5e fd 37 0f 57 ed b0 03 d3 ff,ae 94 5e 57 ed b0 ae 94 5e 57 ed b0 ae 94 5e 57 ed b0 ae 94 5e 57 ed b0 ae 94 5e 57 ed b0 ae 94 5e 57 ed b0,0.0,1.0,1.0,1.0,True
stack-writes,stack-writes,nominal,36,128,4,108,,300000,300000,False,-1,-1,-1,-1,,,0.00465,0.00765,11.087150028894552,4.792929126273303,41 52 85 4d 14 14 ed b0 41 52 85 4d 14 14 ed b0 41 52 85 4d 14 14 ed b0 41 52 85 4d 14 14 ed b0 41 52 85 4d,83.32,stack-writes_L36_st128_k4_s108.summary.json,48500,48500,41 52 85 4d 14 14 ed b0 41 52 85 4d 14 14 ed b0 41 52 85 4d 14 14 ed b0 41 52 85 4d 14 14 ed b0 41 52 85 4d,0,0.0046,0.887,1.0,1.0,1.0,True,True,4.0,0.589,block-copy,8,1.0,0.8,1.0,64,True,1.0,41 52 85 4d 14 14 ed b0 41 52 85 4d 14 14 ed b0 41 52 85 4d 14 14 ed b0 41 52 85 4d 14 14 ed b0 41 52 85 4d,32,0.96875,0.9375,1.0,32,0.99885,0.0559,0.01405,4.792929126273303,5.213118015162192,0.0266930555555555,0.00765,0.0153,14 ed b0 b0 e8 b0 14 8e 14 ed b0 b0 e8 b0 14 8e 14 ed b0 b0 e8 b0 14 8e 14 ed b0 b0 e8 b0 14 8e 14 ed b0 b0,0.0,0.0057,0.775,1.0,1.0,1.0,True,0.478,4.0,block-copy,8.0,1.0,14 ed b0 b0 e8 b0 14 8e 14 ed b0 b0 e8 b0 14 8e 14 ed b0 b0 e8 b0 14 8e 14 ed b0 b0 e8 b0 14 8e 14 ed b0 b0,,,,,,
stack-writes,stack-writes,nominal,36,128,4,109,,300000,300000,False,78500,-1,-1,-1,11 1e 30 ed b0 c6 11 1e 30 ed b0 c6 11 1e 30 ed b0 c6 11 1e 30 ed b0 c6 11 1e 30 ed b0 c6 11 1e 30 ed b0 c6,block-copy,0.00475,0.00835,11.04660946542145,5.0061513659348975,15 15 ed b0 15 15 ed b0 15 15 ed b0 15 15 ed b0 15 15 ed b0 15 15 ed b0 15 15 ed b0 15 15 ed b0 15 15 ed b0,74.56,stack-writes_L36_st128_k4_s109.summary.json,10000,10000,15 15 ed b0 15 15 ed b0 15 15 ed b0 15 15 ed b0 15 15 ed b0 15 15 ed b0 15 15 ed b0 15 15 ed b0 15 15 ed b0,0,0.0047,1.0,1.0,1.0,1.0,True,True,0.0,0.624,block-copy,4,1.0,1.0,1.0,61,True,1.0,15 15 ed b0 15 15 ed b0 15 15 ed b0 15 15 ed b0 15 15 ed b0 15 15 ed b0 15 15 ed b0 15 15 ed b0 15 15 ed b0,32,1.0,0.90625,1.0,32,0.99835,0.0501,0.01115,5.0061513659348975,5.406440254823787,0.0318680555555555,0.00835,0.01035,11 e1 c6 e0 94 ed b0 89 89 11 e1 c6 e0 94 ed b0 89 89 11 e1 c6 e0 94 ed b0 89 89 11 e1 c6 e0 94 ed b0 89 89,0.0,0.0057,1.0,1.0,1.0,1.0,True,0.717,0.0,block-copy,9.0,1.0,11 e1 c6 e0 94 ed b0 89 89 11 e1 c6 e0 94 ed b0 89 89 11 e1 c6 e0 94 ed b0 89 89 11 e1 c6 e0 94 ed b0 89 89,,,,,,
stack-writes,stack-writes,nominal,36,128,4,110,,300000,300000,False,27000,-1,29500,-1,b0 1e a6 4a 56 ed b0 1e a6 4a 56 ed b0 1e a6 4a 56 ed b0 1e a6 4a 56 ed b0 1e a6 4a 56 ed b0 1e a6 4a 56 ed,block-copy,0.00385,0.01,11.04757745167765,4.757333700453299,14 14 ed b0 ed 14 93 c9 14 14 ed b0 ed 14 93 c9 14 14 ed b0 ed 14 93 c9 14 14 ed b0 ed 14 93 c9 14 14 ed b0,77.81,stack-writes_L36_st128_k4_s110.summary.json,6500,6500,14 14 ed b0 ed 14 93 c9 14 14 ed b0 ed 14 93 c9 14 14 ed b0 ed 14 93 c9 14 14 ed b0 ed 14 93 c9 14 14 ed b0,0,0.0039,0.915,1.0,1.0,1.0,True,True,4.0,0.549,block-copy,8,1.0,0.832,1.0,64,True,1.0,14 14 ed b0 ed 14 93 c9 14 14 ed b0 ed 14 93 c9 14 14 ed b0 ed 14 93 c9 14 14 ed b0 ed 14 93 c9 14 14 ed b0,32,1.0,0.9375,1.0,32,0.99855,0.06245,0.0055,4.757333700453299,5.16364481156441,0.0268277777777777,0.01,0.0158,53 53 53 53 53 56 ed b0 53 53 53 53 53 56 ed b0 53 53 53 53 53 56 ed b0 53 53 53 53 53 56 ed b0 53 53 53 53,0.0,0.0164,0.916,1.0,1.0,1.0,True,0.673,4.0,block-copy,8.0,1.0,53 53 53 53 53 56 ed b0 53 53 53 53 53 56 ed b0 53 53 53 53 53 56 ed b0 53 53 53 53 53 56 ed b0 53 53 53 53,b0 1e a6 f1 56 ed b0 1e a6 f1 56 ed b0 1e a6 f1 56 ed b0 1e a6 f1 56 ed b0 1e a6 f1 56 ed b0 1e a6 f1 56 ed,0.0,1.0,1.0,1.0,True
