key,arm,gen,pos,n_ident,n_ok,alive,carry_alive,bg,retained,erased,lost,frac_ok,transmissible,executed
pusher16,U,1,0,32,1,0.6875,0.026041666666666664,0.0,0.015625,0.671875,0.3125,0.03125,False,True
pusher16,U,1,1,32,13,0.765625,0.3671875,0.0,0.3203125,0.4453125,0.234375,0.40625,False,True
pusher16,U,1,2,32,0,0.671875,0.018229166666666664,0.0005208333333333333,0.015625,0.65625,0.328125,0.0,False,True
pusher16,U,1,3,32,5,0.578125,0.17708333333333331,0.0005208333333333333,0.1171875,0.4609375,0.421875,0.15625,False,True
pusher16,U,1,4,32,2,0.7734375,0.0546875,0.0,0.0390625,0.734375,0.2265625,0.0625,False,True
pusher16,U,1,5,32,6,0.65625,0.20052083333333331,0.0005208333333333333,0.171875,0.484375,0.34375,0.1875,False,True
pusher16,U,1,6,32,2,0.6796875,0.05208333333333333,0.0,0.046875,0.6328125,0.3203125,0.0625,False,True
pusher16,U,1,7,32,8,0.5703125,0.2578125,0.0,0.15625,0.4140625,0.4296875,0.25,False,True
pusher16,U,1,8,32,0,0.6796875,0.0078125,0.0,0.0078125,0.671875,0.3203125,0.0,False,True
pusher16,U,1,9,32,16,0.5234375,0.4270833333333333,0.0010416666666666667,0.25,0.2734375,0.4765625,0.5,True,True
pusher16,U,1,10,32,3,0.890625,0.09375,0.0,0.09375,0.796875,0.109375,0.09375,False,True
pusher16,U,1,11,32,3,0.7265625,0.140625,0.0010416666666666667,0.09375,0.6328125,0.2734375,0.09375,False,True
pusher16,U,1,12,32,3,0.65625,0.09895833333333333,0.0,0.0625,0.59375,0.34375,0.09375,False,True
pusher16,U,1,13,32,3,0.6640625,0.1875,0.0026041666666666665,0.140625,0.5234375,0.3359375,0.09375,False,True
pusher16,U,1,14,32,2,0.734375,0.078125,0.0,0.0703125,0.6640625,0.265625,0.0625,False,True
pusher16,U,1,15,32,0,0.6796875,0.0,0.0,0.0,0.6796875,0.3203125,0.0,False,True
pusher16,U,2,0,32,0,0.5859375,0.0,0.0,0.0,0.5859375,0.4140625,0.0,False,True
pusher16,U,2,1,32,5,0.640625,0.09114583333333333,0.0005482456140350877,0.0546875,0.5859375,0.359375,0.15625,False,True
pusher16,U,2,2,32,0,0.5234375,0.0,0.0010964912280701754,0.0,0.5234375,0.4765625,0.0,False,True
pusher16,U,2,3,32,2,0.4765625,0.06510416666666666,0.0005482456140350877,0.03125,0.4453125,0.5234375,0.0625,False,True
pusher16,U,2,4,32,0,0.6796875,0.010416666666666666,0.0,0.0078125,0.671875,0.3203125,0.0,False,True
pusher16,U,2,5,32,2,0.4609375,0.041666666666666664,0.0005482456140350877,0.0234375,0.4375,0.5390625,0.0625,False,True
pusher16,U,2,6,32,0,0.5234375,0.0,0.0,0.0,0.5234375,0.4765625,0.0,False,True
pusher16,U,2,7,32,0,0.40625,0.03645833333333333,0.0,0.03125,0.375,0.59375,0.0,False,True
pusher16,U,2,8,32,0,0.546875,0.0,0.0,0.0,0.546875,0.453125,0.0,False,True
pusher16,U,2,9,32,2,0.328125,0.05989583333333333,0.0010964912280701754,0.0390625,0.2890625,0.671875,0.0625,False,True
pusher16,U,2,10,32,0,0.8203125,0.026041666666666664,0.0005482456140350877,0.0234375,0.796875,0.1796875,0.0,False,True
pusher16,U,2,11,32,1,0.53125,0.0234375,0.0,0.015625,0.515625,0.46875,0.03125,False,True
pusher16,U,2,12,32,0,0.5625,0.0,0.0,0.0,0.5625,0.4375,0.0,False,True
pusher16,U,2,13,32,0,0.5234375,0.0,0.001644736842105263,0.0,0.5234375,0.4765625,0.0,False,True
pusher16,U,2,14,32,0,0.609375,0.0,0.0,0.0,0.609375,0.390625,0.0,False,True
pusher16,U,2,15,32,0,0.5390625,0.0,0.0,0.0,0.5390625,0.4609375,0.0,False,True
pusher16,U,3,0,32,0,0.5625,0.0,0.0,0.0,0.5625,0.4375,0.0,False,True
pusher16,U,3,1,32,0,0.5,0.0,0.0,0.0,0.5,0.5,0.0,False,True
pusher16,U,3,2,32,0,0.4609375,0.010416666666666666,0.0,0.0078125,0.453125,0.5390625,0.0,False,True
pusher16,U,3,3,32,0,0.4140625,0.0,0.0,0.0,0.4140625,0.5859375,0.0,False,True
pusher16,U,3,4,32,0,0.609375,0.0,0.0,0.0,0.609375,0.390625,0.0,False,True
pusher16,U,3,5,32,0,0.3203125,0.0,0.0,0.0,0.3203125,0.6796875,0.0,False,True
pusher16,U,3,6,32,0,0.453125,0.0,0.0,0.0,0.453125,0.546875,0.0,False,True
pusher16,U,3,7,32,0,0.3515625,0.0,0.0,0.0,0.3515625,0.6484375,0.0,False,True
pusher16,U,3,8,32,0,0.515625,0.0,0.0,0.0,0.515625,0.484375,0.0,False,True
pusher16,U,3,9,32,0,0.2578125,0.0,0.0,0.0,0.2578125,0.7421875,0.0,False,True
pusher16,U,3,10,32,0,0.734375,0.0,0.0,0.0,0.734375,0.265625,0.0,False,True
pusher16,U,3,11,32,1,0.421875,0.015625,0.0005580357142857143,0.0078125,0.4140625,0.578125,0.03125,False,True
pusher16,U,3,12,32,0,0.5390625,0.0,0.0,0.0,0.5390625,0.4609375,0.0,False,True
pusher16,U,3,13,32,0,0.4765625,0.0,0.0005580357142857143,0.0,0.4765625,0.5234375,0.0,False,True
pusher16,U,3,14,32,0,0.5390625,0.0,0.0,0.0,0.5390625,0.4609375,0.0,False,True
pusher16,U,3,15,32,0,0.453125,0.0,0.0,0.0,0.453125,0.546875,0.0,False,True
pusher16,U,4,0,32,0,0.5234375,0.0,0.0,0.0,0.5234375,0.4765625,0.0,False,True
pusher16,U,4,1,32,0,0.4453125,0.0,0.0,0.0,0.4453125,0.5546875,0.0,False,True
pusher16,U,4,2,32,0,0.390625,0.0,0.001201923076923077,0.0,0.390625,0.609375,0.0,False,True
pusher16,U,4,3,32,0,0.375,0.0,0.0,0.0,0.375,0.625,0.0,False,True
pusher16,U,4,4,32,0,0.5703125,0.0,0.0,0.0,0.5703125,0.4296875,0.0,False,True
pusher16,U,4,5,32,0,0.3125,0.0,0.0,0.0,0.3125,0.6875,0.0,False,True
pusher16,U,4,6,32,0,0.421875,0.0,0.0,0.0,0.421875,0.578125,0.0,False,True
pusher16,U,4,7,32,0,0.328125,0.0,0.001201923076923077,0.0,0.328125,0.671875,0.0,False,True
pusher16,U,4,8,32,0,0.484375,0.0,0.0,0.0,0.484375,0.515625,0.0,False,True
pusher16,U,4,9,32,0,0.21875,0.0,0.0006009615384615385,0.0,0.21875,0.78125,0.0,False,True
pusher16,U,4,10,32,0,0.671875,0.0,0.001201923076923077,0.0,0.671875,0.328125,0.0,False,True
pusher16,U,4,11,32,1,0.3828125,0.015625,0.0006009615384615385,0.0078125,0.375,0.6171875,0.03125,False,True
pusher16,U,4,12,32,0,0.5,0.0,0.0,0.0,0.5,0.5,0.0,False,True
pusher16,U,4,13,32,0,0.453125,0.0,0.0006009615384615385,0.0,0.453125,0.546875,0.0,False,True
pusher16,U,4,14,32,0,0.484375,0.0,0.0,0.0,0.484375,0.515625,0.0,False,True
pusher16,U,4,15,32,0,0.3984375,0.0,0.0,0.0,0.3984375,0.6015625,0.0,False,True
pusher16,U,5,0,32,0,0.484375,0.0,0.0,0.0,0.484375,0.515625,0.0,False,True
pusher16,U,5,1,32,0,0.4296875,0.0,0.0,0.0,0.4296875,0.5703125,0.0,False,True
pusher16,U,5,2,32,0,0.3671875,0.0,0.0,0.0,0.3671875,0.6328125,0.0,False,True
pusher16,U,5,3,32,0,0.34375,0.0,0.0,0.0,0.34375,0.65625,0.0,False,True
pusher16,U,5,4,32,0,0.5625,0.0,0.0,0.0,0.5625,0.4375,0.0,False,True
pusher16,U,5,5,32,0,0.3046875,0.0,0.0006009615384615385,0.0,0.3046875,0.6953125,0.0,False,True
pusher16,U,5,6,32,0,0.3828125,0.0,0.0,0.0,0.3828125,0.6171875,0.0,False,True
pusher16,U,5,7,32,0,0.3046875,0.0,0.0006009615384615385,0.0,0.3046875,0.6953125,0.0,False,True
pusher16,U,5,8,32,0,0.4609375,0.0,0.0,0.0,0.4609375,0.5390625,0.0,False,True
pusher16,U,5,9,32,0,0.21875,0.0,0.0006009615384615385,0.0,0.21875,0.78125,0.0,False,True
pusher16,U,5,10,32,0,0.65625,0.0,0.0,0.0,0.65625,0.34375,0.0,False,True
pusher16,U,5,11,32,0,0.359375,0.0,0.0006009615384615385,0.0,0.359375,0.640625,0.0,False,True
pusher16,U,5,12,32,0,0.4921875,0.0,0.0,0.0,0.4921875,0.5078125,0.0,False,True
pusher16,U,5,13,32,0,0.4375,0.0,0.001201923076923077,0.0,0.4375,0.5625,0.0,False,True
pusher16,U,5,14,32,0,0.4609375,0.0,0.0006009615384615385,0.0,0.4609375,0.5390625,0.0,False,True
pusher16,U,5,15,32,0,0.375,0.0,0.0,0.0,0.375,0.625,0.0,False,True
pusher16,U,6,0,32,0,0.453125,0.0,0.0,0.0,0.453125,0.546875,0.0,False,True
pusher16,U,6,1,32,0,0.4140625,0.0,0.0,0.0,0.4140625,0.5859375,0.0,False,True
pusher16,U,6,2,32,0,0.3671875,0.0,0.0012254901960784314,0.0,0.3671875,0.6328125,0.0,False,True
pusher16,U,6,3,32,0,0.34375,0.0,0.0,0.0,0.34375,0.65625,0.0,False,True
pusher16,U,6,4,32,0,0.5546875,0.0,0.0,0.0,0.5546875,0.4453125,0.0,False,True
pusher16,U,6,5,32,0,0.2890625,0.0,0.0,0.0,0.2890625,0.7109375,0.0,False,True
pusher16,U,6,6,32,0,0.375,0.0,0.0,0.0,0.375,0.625,0.0,False,True
pusher16,U,6,7,32,0,0.3046875,0.0,0.0,0.0,0.3046875,0.6953125,0.0,False,True
pusher16,U,6,8,32,0,0.4375,0.0,0.0,0.0,0.4375,0.5625,0.0,False,True
pusher16,U,6,9,32,0,0.2109375,0.0,0.0,0.0,0.2109375,0.7890625,0.0,False,True
pusher16,U,6,10,32,0,0.625,0.0,0.0006127450980392157,0.0,0.625,0.375,0.0,False,True
pusher16,U,6,11,32,0,0.328125,0.0,0.0,0.0,0.328125,0.671875,0.0,False,True
pusher16,U,6,12,32,0,0.4609375,0.0,0.0,0.0,0.4609375,0.5390625,0.0,False,True
pusher16,U,6,13,32,0,0.421875,0.0,0.0,0.0,0.421875,0.578125,0.0,False,True
pusher16,U,6,14,32,0,0.453125,0.0,0.0,0.0,0.453125,0.546875,0.0,False,True
pusher16,U,6,15,32,0,0.375,0.0,0.0,0.0,0.375,0.625,0.0,False,True
pusher16,U,7,0,32,0,0.4375,0.0,0.0,0.0,0.4375,0.5625,0.0,False,True
pusher16,U,7,1,32,0,0.4140625,0.0,0.0,0.0,0.4140625,0.5859375,0.0,False,True
pusher16,U,7,2,32,0,0.359375,0.0,0.0,0.0,0.359375,0.640625,0.0,False,True
pusher16,U,7,3,32,0,0.328125,0.0,0.0,0.0,0.328125,0.671875,0.0,False,True
pusher16,U,7,4,32,0,0.546875,0.0,0.0,0.0,0.546875,0.453125,0.0,False,True
pusher16,U,7,5,32,0,0.2734375,0.0,0.0006377551020408163,0.0,0.2734375,0.7265625,0.0,False,True
pusher16,U,7,6,32,0,0.375,0.0,0.0,0.0,0.375,0.625,0.0,False,True
pusher16,U,7,7,32,0,0.2890625,0.0,0.0,0.0,0.2890625,0.7109375,0.0,False,True
pusher16,U,7,8,32,0,0.4296875,0.0,0.0006377551020408163,0.0,0.4296875,0.5703125,0.0,False,True
pusher16,U,7,9,32,0,0.2109375,0.0,0.0006377551020408163,0.0,0.2109375,0.7890625,0.0,False,True
pusher16,U,7,10,32,0,0.6015625,0.0078125,0.0,0.0078125,0.59375,0.3984375,0.0,False,True
pusher16,U,7,11,32,0,0.3046875,0.0,0.0,0.0,0.3046875,0.6953125,0.0,False,True
pusher16,U,7,12,32,0,0.4375,0.0,0.0006377551020408163,0.0,0.4375,0.5625,0.0,False,True
pusher16,U,7,13,32,0,0.4140625,0.0,0.0,0.0,0.4140625,0.5859375,0.0,False,True
pusher16,U,7,14,32,0,0.4375,0.0,0.0,0.0,0.4375,0.5625,0.0,False,True
pusher16,U,7,15,32,0,0.3671875,0.0,0.0,0.0,0.3671875,0.6328125,0.0,False,True
pusher16,U,8,0,32,0,0.4375,0.0,0.0,0.0,0.4375,0.5625,0.0,False,True
pusher16,U,8,1,32,0,0.4140625,0.0,0.0,0.0,0.4140625,0.5859375,0.0,False,True
pusher16,U,8,2,32,0,0.359375,0.0,0.0,0.0,0.359375,0.640625,0.0,False,True
pusher16,U,8,3,32,0,0.3125,0.0,0.0,0.0,0.3125,0.6875,0.0,False,True
pusher16,U,8,4,32,0,0.53125,0.0,0.0,0.0,0.53125,0.46875,0.0,False,True
pusher16,U,8,5,32,0,0.2734375,0.0,0.0,0.0,0.2734375,0.7265625,0.0,False,True
pusher16,U,8,6,32,0,0.3671875,0.0,0.0,0.0,0.3671875,0.6328125,0.0,False,True
pusher16,U,8,7,32,0,0.28125,0.0,0.0,0.0,0.28125,0.71875,0.0,False,True
pusher16,U,8,8,32,0,0.4296875,0.0,0.0,0.0,0.4296875,0.5703125,0.0,False,True
pusher16,U,8,9,32,0,0.2109375,0.0,0.0,0.0,0.2109375,0.7890625,0.0,False,True
pusher16,U,8,10,32,0,0.5703125,0.0,0.0,0.0,0.5703125,0.4296875,0.0,False,True
pusher16,U,8,11,32,0,0.296875,0.0,0.0,0.0,0.296875,0.703125,0.0,False,True
pusher16,U,8,12,32,0,0.4296875,0.0,0.0006510416666666666,0.0,0.4296875,0.5703125,0.0,False,True
pusher16,U,8,13,32,0,0.4140625,0.0,0.0,0.0,0.4140625,0.5859375,0.0,False,True
pusher16,U,8,14,32,0,0.4296875,0.0,0.0,0.0,0.4296875,0.5703125,0.0,False,True
pusher16,U,8,15,32,0,0.3671875,0.0,0.0,0.0,0.3671875,0.6328125,0.0,False,True
pusher16,K,1,0,32,0,0.8828125,0.015625,0.0,0.015625,0.8671875,0.1171875,0.0,False,True
pusher16,K,1,1,32,15,0.8515625,0.4270833333333333,0.0,0.375,0.4765625,0.1484375,0.46875,False,True
pusher16,K,1,2,32,1,0.7421875,0.08072916666666666,0.000992063492063492,0.0703125,0.671875,0.2578125,0.03125,False,True
pusher16,K,1,3,32,5,0.8515625,0.1875,0.002976190476190476,0.1640625,0.6875,0.1484375,0.15625,False,True
pusher16,K,1,4,32,0,0.8671875,0.0,0.0,0.0,0.8671875,0.1328125,0.0,False,True
pusher16,K,1,5,32,14,0.8203125,0.3984375,0.002976190476190476,0.3515625,0.46875,0.1796875,0.4375,False,True
pusher16,K,1,6,32,9,0.7421875,0.23958333333333331,0.0,0.1953125,0.546875,0.2578125,0.28125,False,True
pusher16,K,1,7,32,12,0.75,0.3255208333333333,0.0,0.2421875,0.5078125,0.25,0.375,False,True
pusher16,K,1,8,32,8,0.7890625,0.24739583333333331,0.0,0.203125,0.5859375,0.2109375,0.25,False,True
pusher16,K,1,9,32,13,0.5703125,0.3333333333333333,0.000992063492063492,0.2578125,0.3125,0.4296875,0.40625,False,True
pusher16,K,1,10,32,5,0.8671875,0.14322916666666666,0.000992063492063492,0.109375,0.7578125,0.1328125,0.15625,False,True
pusher16,K,1,11,32,7,0.8125,0.20833333333333334,0.0,0.1640625,0.6484375,0.1875,0.21875,False,True
pusher16,K,1,12,32,3,0.84375,0.13020833333333334,0.0,0.109375,0.734375,0.15625,0.09375,False,True
pusher16,K,1,13,32,4,0.7890625,0.17447916666666666,0.003472222222222222,0.125,0.6640625,0.2109375,0.125,False,True
pusher16,K,1,14,32,2,0.7578125,0.08333333333333333,0.0,0.0703125,0.6875,0.2421875,0.0625,False,True
pusher16,K,1,15,32,1,0.8515625,0.08072916666666667,0.00248015873015873,0.078125,0.7734375,0.1484375,0.03125,False,True
pusher16,K,2,0,32,0,0.8359375,0.0,0.0010245901639344263,0.0,0.8359375,0.1640625,0.0,False,True
pusher16,K,2,1,32,1,0.7734375,0.0859375,0.0010245901639344263,0.0703125,0.703125,0.2265625,0.03125,False,True
pusher16,K,2,2,32,0,0.6640625,0.0078125,0.0005122950819672131,0.0078125,0.65625,0.3359375,0.0,False,True
pusher16,K,2,3,32,0,0.7421875,0.010416666666666666,0.0025614754098360654,0.0078125,0.734375,0.2578125,0.0,False,True
pusher16,K,2,4,32,0,0.8359375,0.0,0.0,0.0,0.8359375,0.1640625,0.0,False,True
pusher16,K,2,5,32,1,0.6953125,0.0625,0.004610655737704918,0.0546875,0.640625,0.3046875,0.03125,False,True
pusher16,K,2,6,32,0,0.6328125,0.0,0.0,0.0,0.6328125,0.3671875,0.0,False,True
pusher16,K,2,7,32,3,0.6171875,0.06510416666666667,0.0,0.0390625,0.578125,0.3828125,0.09375,False,True
pusher16,K,2,8,32,2,0.7109375,0.057291666666666664,0.0,0.0390625,0.671875,0.2890625,0.0625,False,True
pusher16,K,2,9,32,2,0.4453125,0.09114583333333333,0.0015368852459016393,0.0546875,0.390625,0.5546875,0.0625,False,True
pusher16,K,2,10,32,0,0.8359375,0.0078125,0.0010245901639344263,0.0078125,0.828125,0.1640625,0.0,False,True
pusher16,K,2,11,32,0,0.7734375,0.041666666666666664,0.0010245901639344263,0.03125,0.7421875,0.2265625,0.0,False,True
pusher16,K,2,12,32,0,0.8046875,0.0078125,0.0010245901639344263,0.0078125,0.796875,0.1953125,0.0,False,True
pusher16,K,2,13,32,2,0.7265625,0.07552083333333333,0.0035860655737704914,0.0546875,0.671875,0.2734375,0.0625,False,True
pusher16,K,2,14,32,0,0.71875,0.0,0.0,0.0,0.71875,0.28125,0.0,False,True
pusher16,K,2,15,32,1,0.7890625,0.028645833333333332,0.003073770491803279,0.0234375,0.765625,0.2109375,0.03125,False,True
pusher16,K,3,0,32,0,0.8203125,0.0,0.0,0.0,0.8203125,0.1796875,0.0,False,True
pusher16,K,3,1,32,1,0.6796875,0.033854166666666664,0.0,0.0234375,0.65625,0.3203125,0.03125,False,True
pusher16,K,3,2,32,0,0.6015625,0.0,0.0,0.0,0.6015625,0.3984375,0.0,False,True
pusher16,K,3,3,32,0,0.703125,0.0,0.001644736842105263,0.0,0.703125,0.296875,0.0,False,True
pusher16,K,3,4,32,0,0.796875,0.0,0.0,0.0,0.796875,0.203125,0.0,False,True
pusher16,K,3,5,32,0,0.6171875,0.0390625,0.0027412280701754384,0.03125,0.5859375,0.3828125,0.0,False,True
pusher16,K,3,6,32,0,0.578125,0.010416666666666666,0.0,0.0078125,0.5703125,0.421875,0.0,False,True
pusher16,K,3,7,32,0,0.578125,0.0,0.0005482456140350877,0.0,0.578125,0.421875,0.0,False,True
pusher16,K,3,8,32,1,0.6640625,0.015625,0.0,0.0078125,0.65625,0.3359375,0.03125,False,True
pusher16,K,3,9,32,0,0.3515625,0.010416666666666666,0.001644736842105263,0.0078125,0.34375,0.6484375,0.0,False,True
pusher16,K,3,10,32,0,0.78125,0.0,0.0,0.0,0.78125,0.21875,0.0,False,True
pusher16,K,3,11,32,0,0.6875,0.010416666666666666,0.0010964912280701754,0.0078125,0.6796875,0.3125,0.0,False,True
pusher16,K,3,12,32,0,0.765625,0.0,0.0,0.0,0.765625,0.234375,0.0,False,True
pusher16,K,3,13,32,0,0.6796875,0.010416666666666666,0.0027412280701754384,0.0078125,0.671875,0.3203125,0.0,False,True
pusher16,K,3,14,32,0,0.6953125,0.0078125,0.0,0.0078125,0.6875,0.3046875,0.0,False,True
pusher16,K,3,15,32,0,0.65625,0.0,0.0027412280701754384,0.0,0.65625,0.34375,0.0,False,True
pusher16,K,4,0,32,0,0.796875,0.0,0.0,0.0,0.796875,0.203125,0.0,False,True
pusher16,K,4,1,32,0,0.640625,0.010416666666666666,0.0005580357142857143,0.0078125,0.6328125,0.359375,0.0,False,True
pusher16,K,4,2,32,0,0.5546875,0.0,0.0,0.0,0.5546875,0.4453125,0.0,False,True
pusher16,K,4,3,32,0,0.6640625,0.0,0.002232142857142857,0.0,0.6640625,0.3359375,0.0,False,True
pusher16,K,4,4,32,0,0.75,0.0,0.0,0.0,0.75,0.25,0.0,False,True
pusher16,K,4,5,32,1,0.5703125,0.015625,0.0033482142857142855,0.0078125,0.5625,0.4296875,0.03125,False,True
pusher16,K,4,6,32,0,0.5390625,0.0,0.0,0.0,0.5390625,0.4609375,0.0,False,True
pusher16,K,4,7,32,0,0.515625,0.0,0.0,0.0,0.515625,0.484375,0.0,False,True
pusher16,K,4,8,32,0,0.625,0.0,0.0,0.0,0.625,0.375,0.0,False,True
pusher16,K,4,9,32,0,0.3203125,0.010416666666666666,0.0,0.0078125,0.3125,0.6796875,0.0,False,True
pusher16,K,4,10,32,0,0.734375,0.0,0.0,0.0,0.734375,0.265625,0.0,False,True
pusher16,K,4,11,32,1,0.6171875,0.015625,0.0,0.0078125,0.609375,0.3828125,0.03125,False,True
pusher16,K,4,12,32,0,0.71875,0.0,0.0,0.0,0.71875,0.28125,0.0,False,True
pusher16,K,4,13,32,0,0.6640625,0.0,0.002232142857142857,0.0,0.6640625,0.3359375,0.0,False,True
pusher16,K,4,14,32,0,0.671875,0.0078125,0.0,0.0078125,0.6640625,0.328125,0.0,False,True
pusher16,K,4,15,32,0,0.6171875,0.0,0.0011160714285714285,0.0,0.6171875,0.3828125,0.0,False,True
pusher16,K,5,0,32,0,0.78125,0.0,0.0,0.0,0.78125,0.21875,0.0,False,True
pusher16,K,5,1,32,0,0.59375,0.010416666666666666,0.0005787037037037037,0.0078125,0.5859375,0.40625,0.0,False,True
pusher16,K,5,2,32,0,0.5234375,0.0,0.0005787037037037037,0.0,0.5234375,0.4765625,0.0,False,True
pusher16,K,5,3,32,0,0.625,0.0,0.0005787037037037037,0.0,0.625,0.375,0.0,False,True
pusher16,K,5,4,32,0,0.6796875,0.0,0.0,0.0,0.6796875,0.3203125,0.0,False,True
pusher16,K,5,5,32,0,0.515625,0.0,0.0011574074074074073,0.0,0.515625,0.484375,0.0,False,True
pusher16,K,5,6,32,0,0.4921875,0.0,0.0,0.0,0.4921875,0.5078125,0.0,False,True
pusher16,K,5,7,32,0,0.5078125,0.0,0.0,0.0,0.5078125,0.4921875,0.0,False,True
pusher16,K,5,8,32,0,0.6015625,0.0,0.0,0.0,0.6015625,0.3984375,0.0,False,True
pusher16,K,5,9,32,0,0.296875,0.0,0.0,0.0,0.296875,0.703125,0.0,False,True
pusher16,K,5,10,32,0,0.6875,0.0,0.0005787037037037037,0.0,0.6875,0.3125,0.0,False,True
pusher16,K,5,11,32,1,0.5703125,0.03125,0.0,0.0078125,0.5625,0.4296875,0.03125,False,True
pusher16,K,5,12,32,0,0.6875,0.0,0.0,0.0,0.6875,0.3125,0.0,False,True
pusher16,K,5,13,32,0,0.625,0.0,0.0005787037037037037,0.0,0.625,0.375,0.0,False,True
pusher16,K,5,14,32,0,0.6328125,0.0,0.0,0.0,0.6328125,0.3671875,0.0,False,True
pusher16,K,5,15,32,0,0.59375,0.010416666666666666,0.0011574074074074073,0.0078125,0.5859375,0.40625,0.0,False,True
pusher16,K,6,0,32,0,0.7421875,0.0078125,0.0,0.0078125,0.734375,0.2578125,0.0,False,True
pusher16,K,6,1,32,0,0.5703125,0.0,0.0006009615384615385,0.0,0.5703125,0.4296875,0.0,False,True
pusher16,K,6,2,32,0,0.515625,0.0,0.0,0.0,0.515625,0.484375,0.0,False,True
pusher16,K,6,3,32,0,0.609375,0.0,0.0006009615384615385,0.0,0.609375,0.390625,0.0,False,True
pusher16,K,6,4,32,0,0.65625,0.0,0.0,0.0,0.65625,0.34375,0.0,False,True
pusher16,K,6,5,32,0,0.484375,0.0078125,0.0006009615384615385,0.0078125,0.4765625,0.515625,0.0,False,True
pusher16,K,6,6,32,0,0.4765625,0.0,0.0,0.0,0.4765625,0.5234375,0.0,False,True
pusher16,K,6,7,32,0,0.5,0.0,0.0006009615384615385,0.0,0.5,0.5,0.0,False,True
pusher16,K,6,8,32,0,0.578125,0.0,0.0,0.0,0.578125,0.421875,0.0,False,True
pusher16,K,6,9,32,0,0.28125,0.0,0.0006009615384615385,0.0,0.28125,0.71875,0.0,False,True
pusher16,K,6,10,32,0,0.6640625,0.0,0.0,0.0,0.6640625,0.3359375,0.0,False,True
pusher16,K,6,11,32,0,0.5390625,0.0,0.0,0.0,0.5390625,0.4609375,0.0,False,True
pusher16,K,6,12,32,0,0.6875,0.0,0.0,0.0,0.6875,0.3125,0.0,False,True
pusher16,K,6,13,32,0,0.6015625,0.0,0.0,0.0,0.6015625,0.3984375,0.0,False,True
pusher16,K,6,14,32,0,0.625,0.0,0.0,0.0,0.625,0.375,0.0,False,True
pusher16,K,6,15,32,0,0.5703125,0.0,0.001201923076923077,0.0,0.5703125,0.4296875,0.0,False,True
pusher16,K,7,0,32,0,0.7265625,0.0,0.0,0.0,0.7265625,0.2734375,0.0,False,True
pusher16,K,7,1,32,0,0.546875,0.0,0.0006377551020408163,0.0,0.546875,0.453125,0.0,False,True
pusher16,K,7,2,32,0,0.515625,0.0,0.0,0.0,0.515625,0.484375,0.0,False,True
pusher16,K,7,3,32,0,0.5859375,0.0,0.0006377551020408163,0.0,0.5859375,0.4140625,0.0,False,True
pusher16,K,7,4,32,0,0.65625,0.0,0.0,0.0,0.65625,0.34375,0.0,False,True
pusher16,K,7,5,32,0,0.484375,0.0078125,0.0012755102040816326,0.0078125,0.4765625,0.515625,0.0,False,True
pusher16,K,7,6,32,0,0.4765625,0.0,0.0,0.0,0.4765625,0.5234375,0.0,False,True
pusher16,K,7,7,32,0,0.4765625,0.0,0.0,0.0,0.4765625,0.5234375,0.0,False,True
pusher16,K,7,8,32,0,0.546875,0.0,0.0,0.0,0.546875,0.453125,0.0,False,True
pusher16,K,7,9,32,0,0.2734375,0.0,0.0,0.0,0.2734375,0.7265625,0.0,False,True
pusher16,K,7,10,32,0,0.640625,0.0,0.0,0.0,0.640625,0.359375,0.0,False,True
pusher16,K,7,11,32,0,0.515625,0.0,0.0,0.0,0.515625,0.484375,0.0,False,True
pusher16,K,7,12,32,0,0.6484375,0.0,0.0,0.0,0.6484375,0.3515625,0.0,False,True
pusher16,K,7,13,32,0,0.59375,0.0,0.0006377551020408163,0.0,0.59375,0.40625,0.0,False,True
pusher16,K,7,14,32,0,0.609375,0.0,0.0,0.0,0.609375,0.390625,0.0,False,True
pusher16,K,7,15,32,0,0.5625,0.0,0.0006377551020408163,0.0,0.5625,0.4375,0.0,False,True
pusher16,K,8,0,32,0,0.7109375,0.0,0.0,0.0,0.7109375,0.2890625,0.0,False,True
pusher16,K,8,1,32,0,0.53125,0.0,0.0,0.0,0.53125,0.46875,0.0,False,True
pusher16,K,8,2,32,0,0.5078125,0.0,0.0,0.0,0.5078125,0.4921875,0.0,False,True
pusher16,K,8,3,32,0,0.5703125,0.0,0.0006510416666666666,0.0,0.5703125,0.4296875,0.0,False,True
pusher16,K,8,4,32,0,0.6484375,0.0,0.0,0.0,0.6484375,0.3515625,0.0,False,True
pusher16,K,8,5,32,0,0.4765625,0.0,0.0006510416666666666,0.0,0.4765625,0.5234375,0.0,False,True
pusher16,K,8,6,32,0,0.4609375,0.0,0.0,0.0,0.4609375,0.5390625,0.0,False,True
pusher16,K,8,7,32,0,0.4765625,0.0,0.0,0.0,0.4765625,0.5234375,0.0,False,True
pusher16,K,8,8,32,0,0.53125,0.0,0.0,0.0,0.53125,0.46875,0.0,False,True
pusher16,K,8,9,32,0,0.2734375,0.0,0.0,0.0,0.2734375,0.7265625,0.0,False,True
pusher16,K,8,10,32,0,0.6328125,0.0,0.0,0.0,0.6328125,0.3671875,0.0,False,True
pusher16,K,8,11,32,0,0.4921875,0.0,0.0,0.0,0.4921875,0.5078125,0.0,False,True
pusher16,K,8,12,32,0,0.609375,0.0,0.0,0.0,0.609375,0.390625,0.0,False,True
pusher16,K,8,13,32,0,0.5625,0.0,0.0006510416666666666,0.0,0.5625,0.4375,0.0,False,True
pusher16,K,8,14,32,0,0.5703125,0.0,0.0,0.0,0.5703125,0.4296875,0.0,False,True
pusher16,K,8,15,32,0,0.5546875,0.0,0.0,0.0,0.5546875,0.4453125,0.0,False,True
pusher64,U,1,0,32,0,0.8984375,0.0234375,0.0,0.0234375,0.875,0.1015625,0.0,False,True
pusher64,U,1,1,32,7,0.9140625,0.2864583333333333,0.007291666666666667,0.2578125,0.65625,0.0859375,0.21875,False,True
pusher64,U,1,2,32,14,0.921875,0.3463541666666667,0.0005208333333333333,0.3203125,0.6015625,0.078125,0.4375,False,True
pusher64,U,1,3,32,3,0.8515625,0.16666666666666666,0.008333333333333333,0.1484375,0.703125,0.1484375,0.09375,False,True
pusher64,U,1,4,32,3,0.921875,0.10416666666666667,0.0,0.1015625,0.8203125,0.078125,0.09375,False,True
pusher64,U,1,5,32,32,0.9609375,0.9921875,0.005729166666666666,0.953125,0.0078125,0.0390625,1.0,True,True
pusher64,U,1,6,32,32,0.9296875,0.9713541666666666,0.0005208333333333333,0.90625,0.0234375,0.0703125,1.0,True,True
pusher64,U,1,7,32,12,0.90625,0.3307291666666667,0.007291666666666667,0.3125,0.59375,0.09375,0.375,False,True
pusher64,U,1,8,32,11,0.859375,0.30729166666666663,0.0005208333333333333,0.2734375,0.5859375,0.140625,0.34375,False,True
pusher64,U,1,9,32,32,0.8828125,1.0,0.008854166666666666,0.8828125,0.0,0.1171875,1.0,True,True
pusher64,U,1,10,32,32,0.890625,0.9921875,0.0,0.8828125,0.0078125,0.109375,1.0,True,True
pusher64,U,1,11,32,13,0.8515625,0.3671875,0.00625,0.3125,0.5390625,0.1484375,0.40625,False,True
pusher64,U,1,12,32,13,0.8984375,0.3333333333333333,0.0010416666666666667,0.28125,0.6171875,0.1015625,0.40625,False,True
pusher64,U,1,13,32,32,0.9296875,0.9921875,0.00625,0.921875,0.0078125,0.0703125,1.0,True,True
pusher64,U,1,14,32,32,0.8984375,1.0,0.0015625,0.8984375,0.0,0.1015625,1.0,True,True
pusher64,U,1,15,32,13,0.9140625,0.4244791666666667,0.0078125,0.375,0.5390625,0.0859375,0.40625,False,True
pusher64,U,1,16,32,11,0.8671875,0.3619791666666667,0.0015625,0.328125,0.5390625,0.1328125,0.34375,False,True
pusher64,U,1,17,32,32,0.953125,0.984375,0.005208333333333333,0.9375,0.015625,0.046875,1.0,True,True
pusher64,U,1,18,32,32,0.9375,1.0,0.0005208333333333333,0.9375,0.0,0.0625,1.0,True,True
pusher64,U,1,19,32,9,0.90625,0.296875,0.007291666666666667,0.2734375,0.6328125,0.09375,0.28125,False,True
pusher64,U,1,20,32,12,0.9140625,0.3229166666666667,0.0,0.296875,0.6171875,0.0859375,0.375,False,True
pusher64,U,1,21,32,32,0.9375,0.9921875,0.0026041666666666665,0.9296875,0.0078125,0.0625,1.0,True,True
pusher64,U,1,22,32,32,0.890625,1.0,0.0,0.890625,0.0,0.109375,1.0,True,True
pusher64,U,1,23,32,11,0.9296875,0.3984375,0.007291666666666667,0.3671875,0.5625,0.0703125,0.34375,False,True
pusher64,U,1,24,32,20,0.921875,0.4322916666666667,0.0,0.3984375,0.5234375,0.078125,0.625,True,True
pusher64,U,1,25,32,32,0.90625,1.0,0.0078125,0.90625,0.0,0.09375,1.0,True,True
pusher64,U,1,26,32,32,0.921875,0.9921875,0.0010416666666666667,0.9140625,0.0078125,0.078125,1.0,True,True
pusher64,U,1,27,32,12,0.875,0.3541666666666667,0.005208333333333333,0.3359375,0.5390625,0.125,0.375,False,True
pusher64,U,1,28,32,12,0.8828125,0.3333333333333333,0.0020833333333333333,0.296875,0.5859375,0.1171875,0.375,False,True
pusher64,U,1,29,32,32,0.9453125,1.0,0.012499999999999999,0.9453125,0.0,0.0546875,1.0,True,True
pusher64,U,1,30,32,32,0.90625,1.0,0.0005208333333333333,0.90625,0.0,0.09375,1.0,True,True
pusher64,U,1,31,32,9,0.875,0.3385416666666667,0.0036458333333333334,0.3046875,0.5703125,0.125,0.28125,False,True
pusher64,U,1,32,32,13,0.8359375,0.34375,0.0005208333333333333,0.2890625,0.546875,0.1640625,0.40625,False,True
pusher64,U,1,33,32,32,0.9140625,0.9817708333333334,0.009895833333333333,0.8984375,0.015625,0.0859375,1.0,True,True
pusher64,U,1,34,32,32,0.9296875,0.9921875,0.0005208333333333333,0.921875,0.0078125,0.0703125,1.0,True,True
pusher64,U,1,35,32,11,0.8203125,0.3020833333333333,0.0078125,0.2578125,0.5625,0.1796875,0.34375,False,True
pusher64,U,1,36,32,10,0.8359375,0.3307291666666667,0.0005208333333333333,0.2890625,0.546875,0.1640625,0.3125,False,True
pusher64,U,1,37,32,32,0.921875,0.9739583333333334,0.005208333333333333,0.8984375,0.0234375,0.078125,1.0,True,True
pusher64,U,1,38,32,32,0.9140625,1.0,0.0,0.9140625,0.0,0.0859375,1.0,True,True
pusher64,U,1,39,32,8,0.8828125,0.31510416666666663,0.008333333333333333,0.296875,0.5859375,0.1171875,0.25,False,True
pusher64,U,1,40,32,9,0.8984375,0.2864583333333333,0.0010416666666666667,0.2578125,0.640625,0.1015625,0.28125,False,True
pusher64,U,1,41,32,32,0.9375,0.9765625,0.005729166666666667,0.9140625,0.0234375,0.0625,1.0,True,True
pusher64,U,1,42,32,32,0.9609375,0.9895833333333334,0.0,0.953125,0.0078125,0.0390625,1.0,True,True
pusher64,U,1,43,32,13,0.8515625,0.3984375,0.008854166666666666,0.3671875,0.484375,0.1484375,0.40625,False,True
pusher64,U,1,44,32,11,0.859375,0.3489583333333333,0.0010416666666666667,0.3046875,0.5546875,0.140625,0.34375,False,True
pusher64,U,1,45,32,31,0.90625,0.953125,0.005208333333333334,0.875,0.03125,0.09375,0.96875,True,True
pusher64,U,1,46,32,32,0.9296875,0.9609375,0.0005208333333333333,0.8984375,0.03125,0.0703125,1.0,True,True
pusher64,U,1,47,32,5,0.90625,0.2265625,0.0062499999999999995,0.21875,0.6875,0.09375,0.15625,False,True
pusher64,U,1,48,32,6,0.8125,0.23958333333333334,0.0005208333333333333,0.1875,0.625,0.1875,0.1875,False,True
pusher64,U,1,49,32,32,0.90625,0.9895833333333334,0.0062499999999999995,0.8984375,0.0078125,0.09375,1.0,True,True
pusher64,U,1,50,32,32,0.9453125,1.0,0.0,0.9453125,0.0,0.0546875,1.0,True,True
pusher64,U,1,51,32,6,0.953125,0.23697916666666666,0.0067708333333333336,0.2265625,0.7265625,0.046875,0.1875,False,True
pusher64,U,1,52,32,7,0.921875,0.24479166666666666,0.0005208333333333333,0.234375,0.6875,0.078125,0.21875,False,True
pusher64,U,1,53,32,32,0.90625,0.984375,0.00625,0.890625,0.015625,0.09375,1.0,True,True
pusher64,U,1,54,32,32,0.9140625,1.0,0.0015625,0.9140625,0.0,0.0859375,1.0,True,True
pusher64,U,1,55,32,11,0.875,0.34375,0.0078125,0.3046875,0.5703125,0.125,0.34375,False,True
pusher64,U,1,56,32,8,0.890625,0.203125,0.0005208333333333333,0.1875,0.703125,0.109375,0.25,False,True
pusher64,U,1,57,32,32,0.9453125,0.9453125,0.0031249999999999997,0.890625,0.0546875,0.0546875,1.0,True,True
pusher64,U,1,58,32,32,0.8984375,0.9921875,0.0,0.890625,0.0078125,0.1015625,1.0,True,True
pusher64,U,1,59,32,2,0.8671875,0.10677083333333333,0.013020833333333334,0.09375,0.7734375,0.1328125,0.0625,False,True
pusher64,U,1,60,32,0,0.921875,0.018229166666666664,0.0005208333333333333,0.015625,0.90625,0.078125,0.0,False,True
pusher64,U,1,61,32,11,0.9375,0.3880208333333333,0.007291666666666667,0.3515625,0.5859375,0.0625,0.34375,False,True
pusher64,U,1,62,32,8,0.921875,0.23697916666666666,0.0005208333333333333,0.21875,0.703125,0.078125,0.25,False,True
pusher64,U,1,63,32,0,0.8515625,0.0,0.008333333333333333,0.0,0.8515625,0.1484375,0.0,False,True
pusher64,U,2,0,32,0,0.7578125,0.0078125,0.0030637254901960784,0.0078125,0.75,0.2421875,0.0,False,True
pusher64,U,2,1,32,8,0.75,0.3229166666666667,0.00428921568627451,0.2578125,0.4921875,0.25,0.25,False,True
pusher64,U,2,2,32,10,0.7890625,0.3020833333333333,0.0030637254901960784,0.234375,0.5546875,0.2109375,0.3125,False,True
pusher64,U,2,3,32,2,0.7265625,0.078125,0.0024509803921568627,0.0703125,0.65625,0.2734375,0.0625,False,True
pusher64,U,2,4,32,0,0.8046875,0.07291666666666666,0.0,0.0625,0.7421875,0.1953125,0.0,False,True
pusher64,U,2,5,32,5,0.8203125,0.20052083333333334,0.0030637254901960784,0.1640625,0.65625,0.1796875,0.15625,False,True
pusher64,U,2,6,32,1,0.78125,0.057291666666666664,0.0,0.0546875,0.7265625,0.21875,0.03125,False,True
pusher64,U,2,7,32,3,0.8125,0.15104166666666666,0.00428921568627451,0.109375,0.703125,0.1875,0.09375,False,True
pusher64,U,2,8,32,7,0.734375,0.22395833333333331,0.0,0.1484375,0.5859375,0.265625,0.21875,False,True
pusher64,U,2,9,32,17,0.7578125,0.5026041666666666,0.006127450980392157,0.375,0.3828125,0.2421875,0.53125,True,True
pusher64,U,2,10,32,18,0.734375,0.4583333333333333,0.0,0.359375,0.375,0.265625,0.5625,True,True
pusher64,U,2,11,32,2,0.7734375,0.12239583333333333,0.004901960784313725,0.09375,0.6796875,0.2265625,0.0625,False,True
pusher64,U,2,12,32,6,0.734375,0.15104166666666666,0.003676470588235294,0.1171875,0.6171875,0.265625,0.1875,False,True
pusher64,U,2,13,32,17,0.8046875,0.3880208333333333,0.007965686274509803,0.3046875,0.5,0.1953125,0.53125,True,True
pusher64,U,2,14,32,13,0.7421875,0.3411458333333333,0.0030637254901960784,0.2734375,0.46875,0.2578125,0.40625,False,True
pusher64,U,2,15,32,6,0.8125,0.21614583333333331,0.0030637254901960784,0.1796875,0.6328125,0.1875,0.1875,False,True
pusher64,U,2,16,32,4,0.6796875,0.15364583333333334,0.003676470588235294,0.125,0.5546875,0.3203125,0.125,False,True
pusher64,U,2,17,32,32,0.7734375,0.8932291666666666,0.005514705882352941,0.6796875,0.09375,0.2265625,1.0,True,True
pusher64,U,2,18,32,30,0.734375,0.8619791666666666,0.0,0.625,0.109375,0.265625,0.9375,True,True
pusher64,U,2,19,32,4,0.7734375,0.1640625,0.00428921568627451,0.109375,0.6640625,0.2265625,0.125,False,True
pusher64,U,2,20,32,3,0.796875,0.13020833333333334,0.0,0.1015625,0.6953125,0.203125,0.09375,False,True
pusher64,U,2,21,32,18,0.8203125,0.421875,0.0006127450980392157,0.3671875,0.453125,0.1796875,0.5625,True,True
pusher64,U,2,22,32,13,0.7421875,0.40104166666666663,0.0,0.3125,0.4296875,0.2578125,0.40625,False,True
pusher64,U,2,23,32,6,0.8203125,0.265625,0.0030637254901960784,0.2109375,0.609375,0.1796875,0.1875,False,True
pusher64,U,2,24,32,8,0.8203125,0.19791666666666666,0.0,0.171875,0.6484375,0.1796875,0.25,False,True
pusher64,U,2,25,32,30,0.7421875,0.8958333333333334,0.00428921568627451,0.65625,0.0859375,0.2578125,0.9375,True,True
pusher64,U,2,26,32,30,0.7265625,0.8723958333333334,0.0,0.640625,0.0859375,0.2734375,0.9375,True,True
pusher64,U,2,27,32,3,0.75,0.15885416666666666,0.0030637254901960784,0.125,0.625,0.25,0.09375,False,True
pusher64,U,2,28,32,3,0.7109375,0.14583333333333331,0.00428921568627451,0.078125,0.6328125,0.2890625,0.09375,False,True
pusher64,U,2,29,32,17,0.7890625,0.45572916666666663,0.00980392156862745,0.3515625,0.4375,0.2109375,0.53125,True,True
pusher64,U,2,30,32,15,0.75,0.4166666666666667,0.0006127450980392157,0.3515625,0.3984375,0.25,0.46875,False,True
pusher64,U,2,31,32,5,0.7890625,0.21614583333333331,0.006127450980392157,0.15625,0.6328125,0.2109375,0.15625,False,True
pusher64,U,2,32,32,5,0.71875,0.19791666666666666,0.0,0.140625,0.578125,0.28125,0.15625,False,True
pusher64,U,2,33,32,32,0.78125,0.9427083333333334,0.003676470588235294,0.7265625,0.0546875,0.21875,1.0,True,True
pusher64,U,2,34,32,31,0.7421875,0.8697916666666666,0.0,0.6640625,0.078125,0.2578125,0.96875,True,True
pusher64,U,2,35,32,3,0.6875,0.12239583333333333,0.0012254901960784314,0.1015625,0.5859375,0.3125,0.09375,False,True
pusher64,U,2,36,32,2,0.7578125,0.07552083333333333,0.0,0.0625,0.6953125,0.2421875,0.0625,False,True
pusher64,U,2,37,32,20,0.7734375,0.5598958333333334,0.007352941176470588,0.421875,0.3515625,0.2265625,0.625,True,True
pusher64,U,2,38,32,16,0.7578125,0.44791666666666663,0.0030637254901960784,0.3359375,0.421875,0.2421875,0.5,True,True
pusher64,U,2,39,32,7,0.734375,0.234375,0.00428921568627451,0.1640625,0.5703125,0.265625,0.21875,False,True
pusher64,U,2,40,32,6,0.8125,0.17447916666666666,0.0,0.1328125,0.6796875,0.1875,0.1875,False,True
pusher64,U,2,41,32,30,0.7578125,0.828125,0.0030637254901960784,0.640625,0.1171875,0.2421875,0.9375,True,True
pusher64,U,2,42,32,32,0.7578125,0.8723958333333334,0.0,0.65625,0.1015625,0.2421875,1.0,True,True
pusher64,U,2,43,32,4,0.7109375,0.1171875,0.006740196078431373,0.0859375,0.625,0.2890625,0.125,False,True
pusher64,U,2,44,32,3,0.703125,0.12239583333333333,0.0,0.0859375,0.6171875,0.296875,0.09375,False,True
pusher64,U,2,45,32,14,0.7734375,0.4921875,0.007965686274509803,0.375,0.3984375,0.2265625,0.4375,False,True
pusher64,U,2,46,32,19,0.765625,0.4973958333333333,0.0006127450980392157,0.375,0.390625,0.234375,0.59375,True,True
pusher64,U,2,47,32,3,0.75,0.14583333333333331,0.0024509803921568627,0.109375,0.640625,0.25,0.09375,False,True
pusher64,U,2,48,32,2,0.6875,0.10416666666666666,0.0,0.0625,0.625,0.3125,0.0625,False,True
pusher64,U,2,49,32,31,0.765625,0.8802083333333334,0.00428921568627451,0.6640625,0.1015625,0.234375,0.96875,True,True
pusher64,U,2,50,32,30,0.796875,0.7916666666666666,0.0030637254901960784,0.640625,0.15625,0.203125,0.9375,True,True
pusher64,U,2,51,32,0,0.84375,0.0390625,0.00857843137254902,0.03125,0.8125,0.15625,0.0,False,True
pusher64,U,2,52,32,1,0.7421875,0.015625,0.0,0.015625,0.7265625,0.2578125,0.03125,False,True
pusher64,U,2,53,32,11,0.7890625,0.3828125,0.003676470588235294,0.3125,0.4765625,0.2109375,0.34375,False,True
pusher64,U,2,54,32,18,0.75,0.4375,0.0,0.3359375,0.4140625,0.25,0.5625,True,True
pusher64,U,2,55,32,5,0.7421875,0.14322916666666666,0.007352941176470588,0.1171875,0.625,0.2578125,0.15625,False,True
pusher64,U,2,56,32,0,0.7578125,0.07291666666666666,0.0,0.0625,0.6953125,0.2421875,0.0,False,True
pusher64,U,2,57,32,20,0.828125,0.5286458333333334,0.0024509803921568627,0.4453125,0.3828125,0.171875,0.625,True,True
pusher64,U,2,58,32,22,0.75,0.5364583333333334,0.0,0.390625,0.359375,0.25,0.6875,True,True
pusher64,U,2,59,32,1,0.796875,0.09114583333333333,0.00980392156862745,0.078125,0.71875,0.203125,0.03125,False,True
pusher64,U,2,60,32,0,0.734375,0.0078125,0.0,0.0078125,0.7265625,0.265625,0.0,False,True
pusher64,U,2,61,32,4,0.8359375,0.1640625,0.0024509803921568627,0.1328125,0.703125,0.1640625,0.125,False,True
pusher64,U,2,62,32,6,0.640625,0.1640625,0.0,0.1015625,0.5390625,0.359375,0.1875,False,True
pusher64,U,2,63,32,0,0.6953125,0.0,0.007965686274509803,0.0,0.6953125,0.3046875,0.0,False,True
pusher64,U,3,0,32,0,0.5234375,0.0,0.002286585365853659,0.0,0.5234375,0.4765625,0.0,False,True
pusher64,U,3,1,32,12,0.5390625,0.2734375,0.001524390243902439,0.1484375,0.390625,0.4609375,0.375,False,True
pusher64,U,3,2,32,4,0.5859375,0.15364583333333334,0.001524390243902439,0.0859375,0.5,0.4140625,0.125,False,True
pusher64,U,3,3,32,2,0.5546875,0.046875,0.002286585365853659,0.03125,0.5234375,0.4453125,0.0625,False,True
pusher64,U,3,4,32,0,0.59375,0.020833333333333332,0.0007621951219512195,0.015625,0.578125,0.40625,0.0,False,True
pusher64,U,3,5,32,6,0.671875,0.16666666666666666,0.001524390243902439,0.1171875,0.5546875,0.328125,0.1875,False,True
pusher64,U,3,6,32,1,0.578125,0.0390625,0.0,0.03125,0.546875,0.421875,0.03125,False,True
pusher64,U,3,7,32,1,0.5546875,0.0390625,0.004573170731707318,0.0234375,0.53125,0.4453125,0.03125,False,True
pusher64,U,3,8,32,1,0.515625,0.0625,0.0007621951219512195,0.03125,0.484375,0.484375,0.03125,False,True
pusher64,U,3,9,32,11,0.5859375,0.3567708333333333,0.006859756097560976,0.21875,0.3671875,0.4140625,0.34375,False,True
pusher64,U,3,10,32,9,0.4921875,0.2265625,0.0007621951219512195,0.15625,0.3359375,0.5078125,0.28125,False,True
pusher64,U,3,11,32,2,0.5390625,0.057291666666666664,0.0038109756097560975,0.03125,0.5078125,0.4609375,0.0625,False,True
pusher64,U,3,12,32,1,0.53125,0.046875,0.0007621951219512195,0.03125,0.5,0.46875,0.03125,False,True
pusher64,U,3,13,32,7,0.515625,0.15364583333333331,0.009146341463414635,0.1015625,0.4140625,0.484375,0.21875,False,True
pusher64,U,3,14,32,6,0.5546875,0.1328125,0.001524390243902439,0.0703125,0.484375,0.4453125,0.1875,False,True
pusher64,U,3,15,32,1,0.6484375,0.04427083333333333,0.001524390243902439,0.03125,0.6171875,0.3515625,0.03125,False,True
pusher64,U,3,16,32,0,0.5390625,0.0390625,0.0007621951219512195,0.03125,0.5078125,0.4609375,0.0,False,True
pusher64,U,3,17,32,19,0.4453125,0.5338541666666666,0.007621951219512195,0.2578125,0.1875,0.5546875,0.59375,True,True
pusher64,U,3,18,32,12,0.421875,0.3697916666666667,0.002286585365853659,0.1796875,0.2421875,0.578125,0.375,False,True
pusher64,U,3,19,32,2,0.46875,0.06770833333333333,0.004573170731707318,0.0390625,0.4296875,0.53125,0.0625,False,True
pusher64,U,3,20,32,1,0.59375,0.0625,0.0007621951219512195,0.046875,0.546875,0.40625,0.03125,False,True
pusher64,U,3,21,32,3,0.5625,0.109375,0.0007621951219512195,0.0625,0.5,0.4375,0.09375,False,True
pusher64,U,3,22,32,4,0.4765625,0.15625,0.0007621951219512195,0.078125,0.3984375,0.5234375,0.125,False,True
pusher64,U,3,23,32,3,0.5625,0.07291666666666667,0.0038109756097560975,0.046875,0.515625,0.4375,0.09375,False,True
pusher64,U,3,24,32,3,0.6015625,0.05989583333333333,0.0,0.046875,0.5546875,0.3984375,0.09375,False,True
pusher64,U,3,25,32,17,0.4375,0.421875,0.0038109756097560975,0.1953125,0.2421875,0.5625,0.53125,True,True
pusher64,U,3,26,32,12,0.53125,0.3463541666666667,0.0007621951219512195,0.2109375,0.3203125,0.46875,0.375,False,True
pusher64,U,3,27,32,1,0.5078125,0.04427083333333333,0.0038109756097560975,0.03125,0.4765625,0.4921875,0.03125,False,True
pusher64,U,3,28,32,2,0.4921875,0.0625,0.010670731707317074,0.03125,0.4609375,0.5078125,0.0625,False,True
pusher64,U,3,29,32,4,0.5234375,0.15364583333333331,0.006859756097560975,0.09375,0.4296875,0.4765625,0.125,False,True
pusher64,U,3,30,32,8,0.453125,0.17708333333333334,0.0,0.1015625,0.3515625,0.546875,0.25,False,True
pusher64,U,3,31,32,6,0.5546875,0.14583333333333334,0.002286585365853659,0.0703125,0.484375,0.4453125,0.1875,False,True
pusher64,U,3,32,32,2,0.53125,0.07291666666666667,0.0,0.0390625,0.4921875,0.46875,0.0625,False,True
pusher64,U,3,33,32,21,0.46875,0.6145833333333334,0.003048780487804878,0.3515625,0.1171875,0.53125,0.65625,True,True
pusher64,U,3,34,32,17,0.3671875,0.46354166666666663,0.0007621951219512195,0.234375,0.1328125,0.6328125,0.53125,True,True
pusher64,U,3,35,32,1,0.4296875,0.03125,0.002286585365853659,0.015625,0.4140625,0.5703125,0.03125,False,True
pusher64,U,3,36,32,1,0.6015625,0.015625,0.003048780487804878,0.015625,0.5859375,0.3984375,0.03125,False,True
pusher64,U,3,37,32,8,0.515625,0.20052083333333334,0.009146341463414634,0.09375,0.421875,0.484375,0.25,False,True
pusher64,U,3,38,32,7,0.53125,0.18489583333333331,0.0007621951219512195,0.09375,0.4375,0.46875,0.21875,False,True
pusher64,U,3,39,32,2,0.4765625,0.057291666666666664,0.003048780487804878,0.0234375,0.453125,0.5234375,0.0625,False,True
pusher64,U,3,40,32,1,0.578125,0.04427083333333333,0.0007621951219512195,0.03125,0.546875,0.421875,0.03125,False,True
pusher64,U,3,41,32,17,0.515625,0.4895833333333333,0.002286585365853659,0.265625,0.25,0.484375,0.53125,True,True
pusher64,U,3,42,32,17,0.53125,0.4375,0.0007621951219512195,0.2734375,0.2578125,0.46875,0.53125,True,True
pusher64,U,3,43,32,2,0.5,0.057291666666666664,0.009146341463414634,0.03125,0.46875,0.5,0.0625,False,True
pusher64,U,3,44,32,3,0.5703125,0.078125,0.002286585365853659,0.046875,0.5234375,0.4296875,0.09375,False,True
pusher64,U,3,45,32,7,0.46875,0.19791666666666666,0.005335365853658536,0.109375,0.359375,0.53125,0.21875,False,True
pusher64,U,3,46,32,8,0.4296875,0.25,0.0007621951219512195,0.1328125,0.296875,0.5703125,0.25,False,True
pusher64,U,3,47,32,0,0.4921875,0.03125,0.002286585365853659,0.0234375,0.46875,0.5078125,0.0,False,True
pusher64,U,3,48,32,0,0.4609375,0.0078125,0.0,0.0078125,0.453125,0.5390625,0.0,False,True
pusher64,U,3,49,32,15,0.46875,0.4453125,0.004573170731707318,0.21875,0.25,0.53125,0.46875,False,True
pusher64,U,3,50,32,14,0.53125,0.4010416666666667,0.002286585365853659,0.234375,0.296875,0.46875,0.4375,False,True
pusher64,U,3,51,32,0,0.5859375,0.010416666666666666,0.005335365853658536,0.0078125,0.578125,0.4140625,0.0,False,True
pusher64,U,3,52,32,0,0.5703125,0.0,0.0007621951219512195,0.0,0.5703125,0.4296875,0.0,False,True
pusher64,U,3,53,32,3,0.59375,0.09895833333333333,0.002286585365853659,0.0703125,0.5234375,0.40625,0.09375,False,True
pusher64,U,3,54,32,5,0.4765625,0.14322916666666666,0.0,0.078125,0.3984375,0.5234375,0.15625,False,True
pusher64,U,3,55,32,4,0.4609375,0.12239583333333333,0.005335365853658536,0.0625,0.3984375,0.5390625,0.125,False,True
pusher64,U,3,56,32,0,0.5859375,0.0078125,0.0007621951219512195,0.0078125,0.578125,0.4140625,0.0,False,True
pusher64,U,3,57,32,11,0.5,0.27604166666666663,0.003048780487804878,0.1640625,0.3359375,0.5,0.34375,False,True
pusher64,U,3,58,32,10,0.546875,0.24479166666666666,0.0007621951219512195,0.1484375,0.3984375,0.453125,0.3125,False,True
pusher64,U,3,59,32,2,0.6171875,0.06510416666666666,0.007621951219512195,0.046875,0.5703125,0.3828125,0.0625,False,True
pusher64,U,3,60,32,0,0.5234375,0.010416666666666666,0.0,0.0078125,0.515625,0.4765625,0.0,False,True
pusher64,U,3,61,32,2,0.6796875,0.041666666666666664,0.0007621951219512195,0.03125,0.6484375,0.3203125,0.0625,False,True
pusher64,U,3,62,32,3,0.40625,0.1015625,0.0,0.0546875,0.3515625,0.59375,0.09375,False,True
pusher64,U,3,63,32,0,0.5390625,0.010416666666666666,0.008384146341463415,0.0078125,0.53125,0.4609375,0.0,False,True
pusher64,U,4,0,32,1,0.375,0.015625,0.0023148148148148147,0.0078125,0.3671875,0.625,0.03125,False,True
pusher64,U,4,1,32,7,0.328125,0.18229166666666666,0.0023148148148148147,0.0625,0.265625,0.671875,0.21875,False,True
pusher64,U,4,2,32,1,0.375,0.0546875,0.0011574074074074073,0.0390625,0.3359375,0.625,0.03125,False,True
pusher64,U,4,3,32,0,0.3203125,0.0,0.0023148148148148147,0.0,0.3203125,0.6796875,0.0,False,True
pusher64,U,4,4,32,0,0.359375,0.0,0.0,0.0,0.359375,0.640625,0.0,False,True
pusher64,U,4,5,32,5,0.4765625,0.125,0.0011574074074074073,0.0390625,0.4375,0.5234375,0.15625,False,True
pusher64,U,4,6,32,1,0.3125,0.0234375,0.0,0.015625,0.296875,0.6875,0.03125,False,True
pusher64,U,4,7,32,1,0.3203125,0.015625,0.0,0.0078125,0.3125,0.6796875,0.03125,False,True
pusher64,U,4,8,32,0,0.3203125,0.010416666666666666,0.0,0.0078125,0.3125,0.6796875,0.0,False,True
pusher64,U,4,9,32,5,0.34375,0.11979166666666666,0.005787037037037037,0.046875,0.296875,0.65625,0.15625,False,True
pusher64,U,4,10,32,7,0.34375,0.18229166666666666,0.0,0.078125,0.265625,0.65625,0.21875,False,True
pusher64,U,4,11,32,0,0.328125,0.0,0.0023148148148148147,0.0,0.328125,0.671875,0.0,False,True
pusher64,U,4,12,32,1,0.3515625,0.03125,0.0011574074074074073,0.0078125,0.34375,0.6484375,0.03125,False,True
pusher64,U,4,13,32,2,0.40625,0.05208333333333333,0.006944444444444444,0.03125,0.375,0.59375,0.0625,False,True
pusher64,U,4,14,32,2,0.3125,0.06770833333333333,0.0011574074074074073,0.03125,0.28125,0.6875,0.0625,False,True
pusher64,U,4,15,32,1,0.3671875,0.041666666666666664,0.0023148148148148147,0.0234375,0.34375,0.6328125,0.03125,False,True
pusher64,U,4,16,32,0,0.3984375,0.010416666666666666,0.0011574074074074073,0.0078125,0.390625,0.6015625,0.0,False,True
pusher64,U,4,17,32,8,0.2734375,0.1875,0.010416666666666666,0.0703125,0.203125,0.7265625,0.25,False,True
pusher64,U,4,18,32,5,0.2578125,0.11979166666666666,0.0,0.0546875,0.203125,0.7421875,0.15625,False,True
pusher64,U,4,19,32,4,0.28125,0.0625,0.0011574074074074073,0.03125,0.25,0.71875,0.125,False,True
pusher64,U,4,20,32,3,0.359375,0.046875,0.0011574074074074073,0.0234375,0.3359375,0.640625,0.09375,False,True
pusher64,U,4,21,32,2,0.296875,0.057291666666666664,0.0023148148148148147,0.0234375,0.2734375,0.703125,0.0625,False,True
pusher64,U,4,22,32,3,0.2734375,0.07291666666666667,0.0,0.03125,0.2421875,0.7265625,0.09375,False,True
pusher64,U,4,23,32,2,0.3046875,0.046875,0.004629629629629629,0.015625,0.2890625,0.6953125,0.0625,False,True
pusher64,U,4,24,32,2,0.3828125,0.041666666666666664,0.0,0.03125,0.3515625,0.6171875,0.0625,False,True
pusher64,U,4,25,32,5,0.28125,0.1171875,0.004629629629629629,0.046875,0.234375,0.71875,0.15625,False,True
pusher64,U,4,26,32,4,0.2890625,0.09375,0.0011574074074074073,0.046875,0.2421875,0.7109375,0.125,False,True
pusher64,U,4,27,32,0,0.3203125,0.0,0.0011574074074074073,0.0,0.3203125,0.6796875,0.0,False,True
pusher64,U,4,28,32,0,0.296875,0.0,0.004629629629629629,0.0,0.296875,0.703125,0.0,False,True
pusher64,U,4,29,32,3,0.34375,0.0859375,0.006944444444444444,0.03125,0.3125,0.65625,0.09375,False,True
pusher64,U,4,30,32,3,0.2578125,0.046875,0.0,0.0234375,0.234375,0.7421875,0.09375,False,True
pusher64,U,4,31,32,3,0.3125,0.0625,0.003472222222222222,0.0234375,0.2890625,0.6875,0.09375,False,True
pusher64,U,4,32,32,0,0.359375,0.0,0.0,0.0,0.359375,0.640625,0.0,False,True
pusher64,U,4,33,32,12,0.2265625,0.3333333333333333,0.0023148148148148147,0.1171875,0.109375,0.7734375,0.375,False,True
pusher64,U,4,34,32,4,0.15625,0.09375,0.0,0.03125,0.125,0.84375,0.125,False,True
pusher64,U,4,35,32,0,0.296875,0.0,0.0023148148148148147,0.0,0.296875,0.703125,0.0,False,True
pusher64,U,4,36,32,0,0.3671875,0.010416666666666666,0.0011574074074074073,0.0078125,0.359375,0.6328125,0.0,False,True
pusher64,U,4,37,32,2,0.3515625,0.08333333333333333,0.006944444444444444,0.03125,0.3203125,0.6484375,0.0625,False,True
pusher64,U,4,38,32,0,0.3515625,0.010416666666666666,0.0011574074074074073,0.0078125,0.34375,0.6484375,0.0,False,True
pusher64,U,4,39,32,0,0.2734375,0.0,0.0023148148148148147,0.0,0.2734375,0.7265625,0.0,False,True
pusher64,U,4,40,32,1,0.3515625,0.0390625,0.0,0.015625,0.3359375,0.6484375,0.03125,False,True
pusher64,U,4,41,32,3,0.28125,0.1015625,0.005787037037037037,0.0390625,0.2421875,0.71875,0.09375,False,True
pusher64,U,4,42,32,7,0.375,0.20833333333333334,0.0,0.1015625,0.2734375,0.625,0.21875,False,True
pusher64,U,4,43,32,1,0.3046875,0.015625,0.006944444444444444,0.0078125,0.296875,0.6953125,0.03125,False,True
pusher64,U,4,44,32,2,0.328125,0.03125,0.0011574074074074073,0.015625,0.3125,0.671875,0.0625,False,True
pusher64,U,4,45,32,5,0.296875,0.11458333333333333,0.005787037037037037,0.0546875,0.2421875,0.703125,0.15625,False,True
pusher64,U,4,46,32,4,0.2421875,0.11458333333333333,0.0011574074074074073,0.0546875,0.1875,0.7578125,0.125,False,True
pusher64,U,4,47,32,2,0.2421875,0.046875,0.004629629629629629,0.015625,0.2265625,0.7578125,0.0625,False,True
pusher64,U,4,48,32,0,0.2890625,0.0,0.0,0.0,0.2890625,0.7109375,0.0,False,True
pusher64,U,4,49,32,4,0.25,0.13020833333333331,0.0023148148148148147,0.0625,0.1875,0.75,0.125,False,True
pusher64,U,4,50,32,4,0.328125,0.140625,0.0023148148148148147,0.0703125,0.2578125,0.671875,0.125,False,True
pusher64,U,4,51,32,2,0.328125,0.0625,0.005787037037037037,0.015625,0.3125,0.671875,0.0625,False,True
pusher64,U,4,52,32,0,0.375,0.0,0.0,0.0,0.375,0.625,0.0,False,True
pusher64,U,4,53,32,1,0.390625,0.057291666666666664,0.0023148148148148147,0.0234375,0.3671875,0.609375,0.03125,False,True
pusher64,U,4,54,32,1,0.296875,0.03125,0.0,0.0078125,0.2890625,0.703125,0.03125,False,True
pusher64,U,4,55,32,4,0.2890625,0.078125,0.006944444444444444,0.0390625,0.25,0.7109375,0.125,False,True
pusher64,U,4,56,32,0,0.34375,0.010416666666666666,0.0,0.0078125,0.3359375,0.65625,0.0,False,True
pusher64,U,4,57,32,3,0.2578125,0.08854166666666666,0.005787037037037037,0.03125,0.2265625,0.7421875,0.09375,False,True
pusher64,U,4,58,32,5,0.3671875,0.13020833333333331,0.0,0.0546875,0.3125,0.6328125,0.15625,False,True
pusher64,U,4,59,32,1,0.3359375,0.03125,0.004629629629629629,0.0078125,0.328125,0.6640625,0.03125,False,True
pusher64,U,4,60,32,0,0.3125,0.0,0.0,0.0,0.3125,0.6875,0.0,False,True
pusher64,U,4,61,32,1,0.4453125,0.015625,0.0011574074074074073,0.0078125,0.4375,0.5546875,0.03125,False,True
pusher64,U,4,62,32,2,0.2265625,0.0625,0.0,0.015625,0.2109375,0.7734375,0.0625,False,True
pusher64,U,4,63,32,0,0.3984375,0.0,0.008101851851851851,0.0,0.3984375,0.6015625,0.0,False,True
pusher64,U,5,0,32,0,0.234375,0.0,0.004464285714285714,0.0,0.234375,0.765625,0.0,False,True
pusher64,U,5,1,32,1,0.2421875,0.03125,0.004464285714285714,0.0078125,0.234375,0.7578125,0.03125,False,True
pusher64,U,5,2,32,0,0.203125,0.010416666666666666,0.002976190476190476,0.0078125,0.1953125,0.796875,0.0,False,True
pusher64,U,5,3,32,0,0.1796875,0.0,0.002976190476190476,0.0,0.1796875,0.8203125,0.0,False,True
pusher64,U,5,4,32,0,0.21875,0.0,0.0,0.0,0.21875,0.78125,0.0,False,True
pusher64,U,5,5,32,3,0.3203125,0.078125,0.0,0.0234375,0.296875,0.6796875,0.09375,False,True
pusher64,U,5,6,32,0,0.234375,0.0,0.0,0.0,0.234375,0.765625,0.0,False,True
pusher64,U,5,7,32,1,0.171875,0.015625,0.0,0.0078125,0.1640625,0.828125,0.03125,False,True
pusher64,U,5,8,32,0,0.1796875,0.0,0.0,0.0,0.1796875,0.8203125,0.0,False,True
pusher64,U,5,9,32,3,0.234375,0.0625,0.001488095238095238,0.0234375,0.2109375,0.765625,0.09375,False,True
pusher64,U,5,10,32,4,0.2421875,0.11979166666666666,0.0,0.046875,0.1953125,0.7578125,0.125,False,True
pusher64,U,5,11,32,0,0.2578125,0.0,0.0,0.0,0.2578125,0.7421875,0.0,False,True
pusher64,U,5,12,32,1,0.234375,0.03125,0.002976190476190476,0.0078125,0.2265625,0.765625,0.03125,False,True
pusher64,U,5,13,32,1,0.2890625,0.03125,0.004464285714285714,0.0078125,0.28125,0.7109375,0.03125,False,True
pusher64,U,5,14,32,2,0.2265625,0.046875,0.002976190476190476,0.015625,0.2109375,0.7734375,0.0625,False,True
pusher64,U,5,15,32,1,0.2109375,0.015625,0.001488095238095238,0.0078125,0.203125,0.7890625,0.03125,False,True
pusher64,U,5,16,32,0,0.234375,0.0,0.002976190476190476,0.0,0.234375,0.765625,0.0,False,True
pusher64,U,5,17,32,3,0.15625,0.09375,0.004464285714285714,0.03125,0.125,0.84375,0.09375,False,True
pusher64,U,5,18,32,3,0.1484375,0.09375,0.0,0.03125,0.1171875,0.8515625,0.09375,False,True
pusher64,U,5,19,32,1,0.171875,0.015625,0.0,0.0078125,0.1640625,0.828125,0.03125,False,True
pusher64,U,5,20,32,0,0.1953125,0.0,0.001488095238095238,0.0,0.1953125,0.8046875,0.0,False,True
pusher64,U,5,21,32,0,0.1484375,0.0,0.001488095238095238,0.0,0.1484375,0.8515625,0.0,False,True
pusher64,U,5,22,32,2,0.1640625,0.057291666666666664,0.0,0.0234375,0.140625,0.8359375,0.0625,False,True
pusher64,U,5,23,32,0,0.203125,0.0,0.001488095238095238,0.0,0.203125,0.796875,0.0,False,True
pusher64,U,5,24,32,1,0.25,0.03125,0.0,0.0078125,0.2421875,0.75,0.03125,False,True
pusher64,U,5,25,32,1,0.1484375,0.0390625,0.001488095238095238,0.015625,0.1328125,0.8515625,0.03125,False,True
pusher64,U,5,26,32,2,0.171875,0.046875,0.001488095238095238,0.0234375,0.1484375,0.828125,0.0625,False,True
pusher64,U,5,27,32,0,0.2265625,0.0,0.002976190476190476,0.0,0.2265625,0.7734375,0.0,False,True
pusher64,U,5,28,32,1,0.203125,0.03125,0.010416666666666666,0.0078125,0.1953125,0.796875,0.03125,False,True
pusher64,U,5,29,32,1,0.234375,0.026041666666666664,0.00744047619047619,0.015625,0.21875,0.765625,0.03125,False,True
pusher64,U,5,30,32,2,0.125,0.0625,0.0,0.015625,0.109375,0.875,0.0625,False,True
pusher64,U,5,31,32,1,0.171875,0.03125,0.002976190476190476,0.0078125,0.1640625,0.828125,0.03125,False,True
pusher64,U,5,32,32,0,0.2578125,0.0,0.0,0.0,0.2578125,0.7421875,0.0,False,True
pusher64,U,5,33,32,3,0.125,0.09375,0.001488095238095238,0.0234375,0.1015625,0.875,0.09375,False,True
pusher64,U,5,34,32,1,0.109375,0.03125,0.0,0.0078125,0.1015625,0.890625,0.03125,False,True
pusher64,U,5,35,32,1,0.15625,0.03125,0.002976190476190476,0.0078125,0.1484375,0.84375,0.03125,False,True
pusher64,U,5,36,32,0,0.2421875,0.0,0.001488095238095238,0.0,0.2421875,0.7578125,0.0,False,True
pusher64,U,5,37,32,2,0.25,0.0625,0.002976190476190476,0.015625,0.234375,0.75,0.0625,False,True
pusher64,U,5,38,32,0,0.203125,0.0,0.002976190476190476,0.0,0.203125,0.796875,0.0,False,True
pusher64,U,5,39,32,1,0.203125,0.015625,0.002976190476190476,0.0078125,0.1953125,0.796875,0.03125,False,True
pusher64,U,5,40,32,0,0.203125,0.0,0.0,0.0,0.203125,0.796875,0.0,False,True
pusher64,U,5,41,32,0,0.1875,0.0,0.001488095238095238,0.0,0.1875,0.8125,0.0,False,True
pusher64,U,5,42,32,5,0.2265625,0.125,0.0,0.046875,0.1796875,0.7734375,0.15625,False,True
pusher64,U,5,43,32,0,0.234375,0.0,0.001488095238095238,0.0,0.234375,0.765625,0.0,False,True
pusher64,U,5,44,32,0,0.1796875,0.0,0.001488095238095238,0.0,0.1796875,0.8203125,0.0,False,True
pusher64,U,5,45,32,1,0.1640625,0.015625,0.001488095238095238,0.0078125,0.15625,0.8359375,0.03125,False,True
pusher64,U,5,46,32,3,0.1796875,0.0625,0.001488095238095238,0.03125,0.1484375,0.8203125,0.09375,False,True
pusher64,U,5,47,32,0,0.1640625,0.0,0.001488095238095238,0.0,0.1640625,0.8359375,0.0,False,True
pusher64,U,5,48,32,0,0.15625,0.0,0.0,0.0,0.15625,0.84375,0.0,False,True
pusher64,U,5,49,32,2,0.1875,0.03125,0.0,0.015625,0.171875,0.8125,0.0625,False,True
pusher64,U,5,50,32,2,0.2578125,0.0625,0.004464285714285714,0.015625,0.2421875,0.7421875,0.0625,False,True
pusher64,U,5,51,32,0,0.21875,0.0,0.002976190476190476,0.0,0.21875,0.78125,0.0,False,True
pusher64,U,5,52,32,0,0.265625,0.0,0.0,0.0,0.265625,0.734375,0.0,False,True
pusher64,U,5,53,32,1,0.2890625,0.03125,0.001488095238095238,0.0078125,0.28125,0.7109375,0.03125,False,True
pusher64,U,5,54,32,0,0.1484375,0.0,0.0,0.0,0.1484375,0.8515625,0.0,False,True
pusher64,U,5,55,32,2,0.21875,0.0546875,0.001488095238095238,0.0234375,0.1953125,0.78125,0.0625,False,True
pusher64,U,5,56,32,0,0.203125,0.0,0.0,0.0,0.203125,0.796875,0.0,False,True
pusher64,U,5,57,32,3,0.1640625,0.078125,0.0,0.0234375,0.140625,0.8359375,0.09375,False,True
pusher64,U,5,58,32,1,0.21875,0.015625,0.0,0.0078125,0.2109375,0.78125,0.03125,False,True
pusher64,U,5,59,32,0,0.1953125,0.0,0.005952380952380952,0.0,0.1953125,0.8046875,0.0,False,True
pusher64,U,5,60,32,0,0.234375,0.0,0.0,0.0,0.234375,0.765625,0.0,False,True
pusher64,U,5,61,32,0,0.3515625,0.0,0.0,0.0,0.3515625,0.6484375,0.0,False,True
pusher64,U,5,62,32,0,0.140625,0.0,0.0,0.0,0.140625,0.859375,0.0,False,True
pusher64,U,5,63,32,0,0.2265625,0.0,0.002976190476190476,0.0,0.2265625,0.7734375,0.0,False,True
pusher64,U,6,0,32,0,0.1875,0.0,0.0,0.0,0.1875,0.8125,0.0,False,True
pusher64,U,6,1,32,1,0.1796875,0.041666666666666664,0.0,0.015625,0.1640625,0.8203125,0.03125,False,True
pusher64,U,6,2,32,1,0.1171875,0.03125,0.0,0.0078125,0.109375,0.8828125,0.03125,False,True
pusher64,U,6,3,32,0,0.1015625,0.0,0.002232142857142857,0.0,0.1015625,0.8984375,0.0,False,True
pusher64,U,6,4,32,0,0.1171875,0.0,0.0,0.0,0.1171875,0.8828125,0.0,False,True
pusher64,U,6,5,32,2,0.21875,0.046875,0.002232142857142857,0.015625,0.203125,0.78125,0.0625,False,True
pusher64,U,6,6,32,0,0.1640625,0.0,0.0,0.0,0.1640625,0.8359375,0.0,False,True
pusher64,U,6,7,32,0,0.0859375,0.0,0.0,0.0,0.0859375,0.9140625,0.0,False,True
pusher64,U,6,8,32,0,0.125,0.0,0.0,0.0,0.125,0.875,0.0,False,True
pusher64,U,6,9,32,1,0.1328125,0.015625,0.002232142857142857,0.0078125,0.125,0.8671875,0.03125,False,True
pusher64,U,6,10,32,4,0.1796875,0.09375,0.0,0.03125,0.1484375,0.8203125,0.125,False,True
pusher64,U,6,11,32,0,0.125,0.0,0.002232142857142857,0.0,0.125,0.875,0.0,False,True
pusher64,U,6,12,32,0,0.1484375,0.0,0.0,0.0,0.1484375,0.8515625,0.0,False,True
pusher64,U,6,13,32,1,0.171875,0.03125,0.002232142857142857,0.0078125,0.1640625,0.828125,0.03125,False,True
pusher64,U,6,14,32,1,0.140625,0.03125,0.0,0.0078125,0.1328125,0.859375,0.03125,False,True
pusher64,U,6,15,32,1,0.171875,0.03125,0.006696428571428571,0.0078125,0.1640625,0.828125,0.03125,False,True
pusher64,U,6,16,32,0,0.1640625,0.0,0.0,0.0,0.1640625,0.8359375,0.0,False,True
pusher64,U,6,17,32,2,0.125,0.0625,0.002232142857142857,0.0234375,0.1015625,0.875,0.0625,False,True
pusher64,U,6,18,32,5,0.109375,0.140625,0.0,0.0390625,0.0703125,0.890625,0.15625,False,True
pusher64,U,6,19,32,1,0.109375,0.015625,0.0,0.0078125,0.1015625,0.890625,0.03125,False,True
pusher64,U,6,20,32,0,0.1328125,0.0,0.0,0.0,0.1328125,0.8671875,0.0,False,True
pusher64,U,6,21,32,0,0.109375,0.0,0.0,0.0,0.109375,0.890625,0.0,False,True
pusher64,U,6,22,32,0,0.1015625,0.0,0.0,0.0,0.1015625,0.8984375,0.0,False,True
pusher64,U,6,23,32,0,0.125,0.0,0.002232142857142857,0.0,0.125,0.875,0.0,False,True
pusher64,U,6,24,32,1,0.203125,0.03125,0.0,0.0078125,0.1953125,0.796875,0.03125,False,True
pusher64,U,6,25,32,1,0.09375,0.03125,0.002232142857142857,0.0078125,0.0859375,0.90625,0.03125,False,True
pusher64,U,6,26,32,2,0.1015625,0.046875,0.0,0.015625,0.0859375,0.8984375,0.0625,False,True
pusher64,U,6,27,32,0,0.15625,0.0,0.0,0.0,0.15625,0.84375,0.0,False,True
pusher64,U,6,28,32,1,0.1484375,0.03125,0.015625,0.0078125,0.140625,0.8515625,0.03125,False,True
pusher64,U,6,29,32,2,0.15625,0.03125,0.011160714285714284,0.015625,0.140625,0.84375,0.0625,False,True
pusher64,U,6,30,32,2,0.0703125,0.0625,0.0,0.015625,0.0546875,0.9296875,0.0625,False,True
pusher64,U,6,31,32,0,0.109375,0.0,0.002232142857142857,0.0,0.109375,0.890625,0.0,False,True
pusher64,U,6,32,32,0,0.1640625,0.0,0.0,0.0,0.1640625,0.8359375,0.0,False,True
pusher64,U,6,33,32,2,0.078125,0.0625,0.002232142857142857,0.015625,0.0625,0.921875,0.0625,False,True
pusher64,U,6,34,32,1,0.078125,0.03125,0.0,0.0078125,0.0703125,0.921875,0.03125,False,True
pusher64,U,6,35,32,1,0.0859375,0.03125,0.0,0.0078125,0.078125,0.9140625,0.03125,False,True
pusher64,U,6,36,32,0,0.1640625,0.0,0.0,0.0,0.1640625,0.8359375,0.0,False,True
pusher64,U,6,37,32,1,0.1875,0.03125,0.004464285714285714,0.0078125,0.1796875,0.8125,0.03125,False,True
pusher64,U,6,38,32,0,0.140625,0.0,0.0,0.0,0.140625,0.859375,0.0,False,True
pusher64,U,6,39,32,0,0.1484375,0.0,0.0,0.0,0.1484375,0.8515625,0.0,False,True
pusher64,U,6,40,32,0,0.109375,0.0,0.0,0.0,0.109375,0.890625,0.0,False,True
pusher64,U,6,41,32,0,0.109375,0.0,0.004464285714285714,0.0,0.109375,0.890625,0.0,False,True
pusher64,U,6,42,32,0,0.1640625,0.0,0.0,0.0,0.1640625,0.8359375,0.0,False,True
pusher64,U,6,43,32,0,0.1484375,0.0,0.006696428571428571,0.0,0.1484375,0.8515625,0.0,False,True
pusher64,U,6,44,32,0,0.125,0.0,0.0,0.0,0.125,0.875,0.0,False,True
pusher64,U,6,45,32,1,0.125,0.015625,0.004464285714285714,0.0078125,0.1171875,0.875,0.03125,False,True
pusher64,U,6,46,32,0,0.1015625,0.0,0.0,0.0,0.1015625,0.8984375,0.0,False,True
pusher64,U,6,47,32,1,0.125,0.015625,0.002232142857142857,0.0078125,0.1171875,0.875,0.03125,False,True
pusher64,U,6,48,32,0,0.0859375,0.0,0.0,0.0,0.0859375,0.9140625,0.0,False,True
pusher64,U,6,49,32,0,0.09375,0.0,0.0,0.0,0.09375,0.90625,0.0,False,True
pusher64,U,6,50,32,0,0.1953125,0.0,0.0,0.0,0.1953125,0.8046875,0.0,False,True
pusher64,U,6,51,32,0,0.1484375,0.0,0.002232142857142857,0.0,0.1484375,0.8515625,0.0,False,True
pusher64,U,6,52,32,0,0.203125,0.0,0.0,0.0,0.203125,0.796875,0.0,False,True
pusher64,U,6,53,32,0,0.234375,0.0,0.0,0.0,0.234375,0.765625,0.0,False,True
pusher64,U,6,54,32,0,0.125,0.0,0.0,0.0,0.125,0.875,0.0,False,True
pusher64,U,6,55,32,1,0.1328125,0.020833333333333332,0.004464285714285714,0.015625,0.1171875,0.8671875,0.03125,False,True
pusher64,U,6,56,32,0,0.1640625,0.0,0.0,0.0,0.1640625,0.8359375,0.0,False,True
pusher64,U,6,57,32,2,0.078125,0.0625,0.002232142857142857,0.015625,0.0625,0.921875,0.0625,False,True
pusher64,U,6,58,32,0,0.15625,0.0,0.0,0.0,0.15625,0.84375,0.0,False,True
pusher64,U,6,59,32,0,0.171875,0.0,0.008928571428571428,0.0,0.171875,0.828125,0.0,False,True
pusher64,U,6,60,32,0,0.171875,0.0,0.0,0.0,0.171875,0.828125,0.0,False,True
pusher64,U,6,61,32,0,0.2265625,0.0,0.0,0.0,0.2265625,0.7734375,0.0,False,True
pusher64,U,6,62,32,0,0.1015625,0.0,0.0,0.0,0.1015625,0.8984375,0.0,False,True
pusher64,U,6,63,32,0,0.1171875,0.0,0.004464285714285714,0.0,0.1171875,0.8828125,0.0,False,True
pusher64,U,7,0,32,0,0.1484375,0.0,0.003472222222222222,0.0,0.1484375,0.8515625,0.0,False,True
pusher64,U,7,1,32,0,0.1328125,0.0,0.0,0.0,0.1328125,0.8671875,0.0,False,True
pusher64,U,7,2,32,0,0.0859375,0.0,0.003472222222222222,0.0,0.0859375,0.9140625,0.0,False,True
pusher64,U,7,3,32,0,0.0703125,0.0,0.003472222222222222,0.0,0.0703125,0.9296875,0.0,False,True
pusher64,U,7,4,32,0,0.078125,0.0,0.0,0.0,0.078125,0.921875,0.0,False,True
pusher64,U,7,5,32,0,0.109375,0.0,0.003472222222222222,0.0,0.109375,0.890625,0.0,False,True
pusher64,U,7,6,32,0,0.125,0.0,0.0,0.0,0.125,0.875,0.0,False,True
pusher64,U,7,7,32,0,0.0546875,0.0,0.0,0.0,0.0546875,0.9453125,0.0,False,True
pusher64,U,7,8,32,0,0.078125,0.0,0.0,0.0,0.078125,0.921875,0.0,False,True
pusher64,U,7,9,32,1,0.109375,0.015625,0.003472222222222222,0.0078125,0.1015625,0.890625,0.03125,False,True
pusher64,U,7,10,32,2,0.1015625,0.046875,0.0,0.015625,0.0859375,0.8984375,0.0625,False,True
pusher64,U,7,11,32,0,0.0546875,0.0,0.0,0.0,0.0546875,0.9453125,0.0,False,True
pusher64,U,7,12,32,0,0.078125,0.0,0.003472222222222222,0.0,0.078125,0.921875,0.0,False,True
pusher64,U,7,13,32,0,0.1015625,0.0,0.0,0.0,0.1015625,0.8984375,0.0,False,True
pusher64,U,7,14,32,1,0.109375,0.03125,0.003472222222222222,0.0078125,0.1015625,0.890625,0.03125,False,True
pusher64,U,7,15,32,0,0.109375,0.0,0.003472222222222222,0.0,0.109375,0.890625,0.0,False,True
pusher64,U,7,16,32,0,0.1015625,0.0,0.003472222222222222,0.0,0.1015625,0.8984375,0.0,False,True
pusher64,U,7,17,32,2,0.0703125,0.046875,0.0,0.015625,0.0546875,0.9296875,0.0625,False,True
pusher64,U,7,18,32,1,0.078125,0.03125,0.0,0.0078125,0.0703125,0.921875,0.03125,False,True
pusher64,U,7,19,32,0,0.0703125,0.0,0.0,0.0,0.0703125,0.9296875,0.0,False,True
pusher64,U,7,20,32,0,0.1015625,0.0,0.0,0.0,0.1015625,0.8984375,0.0,False,True
pusher64,U,7,21,32,0,0.0859375,0.0,0.0,0.0,0.0859375,0.9140625,0.0,False,True
pusher64,U,7,22,32,0,0.046875,0.0,0.0,0.0,0.046875,0.953125,0.0,False,True
pusher64,U,7,23,32,0,0.0859375,0.0,0.0,0.0,0.0859375,0.9140625,0.0,False,True
pusher64,U,7,24,32,0,0.1015625,0.0,0.0,0.0,0.1015625,0.8984375,0.0,False,True
pusher64,U,7,25,32,0,0.0546875,0.0,0.0,0.0,0.0546875,0.9453125,0.0,False,True
pusher64,U,7,26,32,0,0.0625,0.0,0.0,0.0,0.0625,0.9375,0.0,False,True
pusher64,U,7,27,32,0,0.09375,0.0,0.0,0.0,0.09375,0.90625,0.0,False,True
pusher64,U,7,28,32,0,0.109375,0.0,0.013888888888888888,0.0,0.109375,0.890625,0.0,False,True
pusher64,U,7,29,32,1,0.0859375,0.015625,0.006944444444444444,0.0078125,0.078125,0.9140625,0.03125,False,True
pusher64,U,7,30,32,0,0.046875,0.0,0.0,0.0,0.046875,0.953125,0.0,False,True
pusher64,U,7,31,32,0,0.0390625,0.0,0.0,0.0,0.0390625,0.9609375,0.0,False,True
pusher64,U,7,32,32,0,0.1015625,0.0,0.0,0.0,0.1015625,0.8984375,0.0,False,True
pusher64,U,7,33,32,1,0.0703125,0.03125,0.003472222222222222,0.0078125,0.0625,0.9296875,0.03125,False,True
pusher64,U,7,34,32,0,0.0703125,0.0,0.0,0.0,0.0703125,0.9296875,0.0,False,True
pusher64,U,7,35,32,0,0.0234375,0.0,0.003472222222222222,0.0,0.0234375,0.9765625,0.0,False,True
pusher64,U,7,36,32,0,0.109375,0.0,0.0,0.0,0.109375,0.890625,0.0,False,True
pusher64,U,7,37,32,0,0.1015625,0.0,0.0,0.0,0.1015625,0.8984375,0.0,False,True
pusher64,U,7,38,32,0,0.09375,0.0,0.003472222222222222,0.0,0.09375,0.90625,0.0,False,True
pusher64,U,7,39,32,0,0.09375,0.0,0.003472222222222222,0.0,0.09375,0.90625,0.0,False,True
pusher64,U,7,40,32,0,0.0859375,0.0,0.0,0.0,0.0859375,0.9140625,0.0,False,True
pusher64,U,7,41,32,0,0.078125,0.0,0.006944444444444444,0.0,0.078125,0.921875,0.0,False,True
pusher64,U,7,42,32,0,0.0703125,0.0,0.0,0.0,0.0703125,0.9296875,0.0,False,True
pusher64,U,7,43,32,0,0.109375,0.0,0.003472222222222222,0.0,0.109375,0.890625,0.0,False,True
pusher64,U,7,44,32,0,0.0625,0.0,0.0,0.0,0.0625,0.9375,0.0,False,True
pusher64,U,7,45,32,0,0.09375,0.0,0.0,0.0,0.09375,0.90625,0.0,False,True
pusher64,U,7,46,32,0,0.0703125,0.0,0.0,0.0,0.0703125,0.9296875,0.0,False,True
pusher64,U,7,47,32,0,0.1015625,0.0,0.006944444444444444,0.0,0.1015625,0.8984375,0.0,False,True
pusher64,U,7,48,32,0,0.0390625,0.0,0.0,0.0,0.0390625,0.9609375,0.0,False,True
pusher64,U,7,49,32,0,0.0703125,0.0,0.0,0.0,0.0703125,0.9296875,0.0,False,True
pusher64,U,7,50,32,0,0.140625,0.0,0.003472222222222222,0.0,0.140625,0.859375,0.0,False,True
pusher64,U,7,51,32,0,0.1015625,0.0,0.0,0.0,0.1015625,0.8984375,0.0,False,True
pusher64,U,7,52,32,0,0.1171875,0.0,0.0,0.0,0.1171875,0.8828125,0.0,False,True
pusher64,U,7,53,32,0,0.1796875,0.0,0.003472222222222222,0.0,0.1796875,0.8203125,0.0,False,True
pusher64,U,7,54,32,0,0.0703125,0.0,0.0,0.0,0.0703125,0.9296875,0.0,False,True
pusher64,U,7,55,32,0,0.1015625,0.0,0.003472222222222222,0.0,0.1015625,0.8984375,0.0,False,True
pusher64,U,7,56,32,0,0.1015625,0.0,0.0,0.0,0.1015625,0.8984375,0.0,False,True
pusher64,U,7,57,32,1,0.046875,0.03125,0.0,0.0078125,0.0390625,0.953125,0.03125,False,True
pusher64,U,7,58,32,0,0.1015625,0.0,0.0,0.0,0.1015625,0.8984375,0.0,False,True
pusher64,U,7,59,32,0,0.1640625,0.0,0.006944444444444444,0.0,0.1640625,0.8359375,0.0,False,True
pusher64,U,7,60,32,0,0.1484375,0.0,0.0,0.0,0.1484375,0.8515625,0.0,False,True
pusher64,U,7,61,32,0,0.125,0.0,0.0,0.0,0.125,0.875,0.0,False,True
pusher64,U,7,62,32,0,0.0703125,0.0,0.0,0.0,0.0703125,0.9296875,0.0,False,True
pusher64,U,7,63,32,0,0.0859375,0.0,0.0,0.0,0.0859375,0.9140625,0.0,False,True
pusher64,U,8,0,32,0,0.125,0.0,0.0,0.0,0.125,0.875,0.0,False,True
pusher64,U,8,1,32,0,0.1015625,0.0,0.00390625,0.0,0.1015625,0.8984375,0.0,False,True
pusher64,U,8,2,32,0,0.078125,0.0,0.0,0.0,0.078125,0.921875,0.0,False,True
pusher64,U,8,3,32,0,0.046875,0.0,0.0,0.0,0.046875,0.953125,0.0,False,True
pusher64,U,8,4,32,0,0.0625,0.0,0.0,0.0,0.0625,0.9375,0.0,False,True
pusher64,U,8,5,32,0,0.0703125,0.0,0.01171875,0.0,0.0703125,0.9296875,0.0,False,True
pusher64,U,8,6,32,0,0.1171875,0.0,0.0,0.0,0.1171875,0.8828125,0.0,False,True
pusher64,U,8,7,32,0,0.0546875,0.0,0.0,0.0,0.0546875,0.9453125,0.0,False,True
pusher64,U,8,8,32,0,0.0546875,0.0,0.0,0.0,0.0546875,0.9453125,0.0,False,True
pusher64,U,8,9,32,0,0.078125,0.0,0.00390625,0.0,0.078125,0.921875,0.0,False,True
pusher64,U,8,10,32,0,0.0625,0.0,0.0,0.0,0.0625,0.9375,0.0,False,True
pusher64,U,8,11,32,0,0.0390625,0.0,0.0,0.0,0.0390625,0.9609375,0.0,False,True
pusher64,U,8,12,32,0,0.0390625,0.0,0.0,0.0,0.0390625,0.9609375,0.0,False,True
pusher64,U,8,13,32,0,0.0625,0.0,0.0078125,0.0,0.0625,0.9375,0.0,False,True
pusher64,U,8,14,32,1,0.0625,0.03125,0.0,0.0078125,0.0546875,0.9375,0.03125,False,True
pusher64,U,8,15,32,0,0.0703125,0.0,0.0078125,0.0,0.0703125,0.9296875,0.0,False,True
pusher64,U,8,16,32,0,0.078125,0.0,0.0,0.0,0.078125,0.921875,0.0,False,True
pusher64,U,8,17,32,0,0.0234375,0.0,0.00390625,0.0,0.0234375,0.9765625,0.0,False,True
pusher64,U,8,18,32,0,0.0625,0.0,0.0,0.0,0.0625,0.9375,0.0,False,True
pusher64,U,8,19,32,0,0.0546875,0.0,0.0078125,0.0,0.0546875,0.9453125,0.0,False,True
pusher64,U,8,20,32,0,0.0859375,0.0,0.0,0.0,0.0859375,0.9140625,0.0,False,True
pusher64,U,8,21,32,0,0.0625,0.0,0.00390625,0.0,0.0625,0.9375,0.0,False,True
pusher64,U,8,22,32,0,0.0390625,0.0,0.0,0.0,0.0390625,0.9609375,0.0,False,True
pusher64,U,8,23,32,0,0.0625,0.0,0.00390625,0.0,0.0625,0.9375,0.0,False,True
pusher64,U,8,24,32,0,0.078125,0.0,0.0,0.0,0.078125,0.921875,0.0,False,True
pusher64,U,8,25,32,0,0.0390625,0.0,0.00390625,0.0,0.0390625,0.9609375,0.0,False,True
pusher64,U,8,26,32,0,0.0390625,0.0,0.0,0.0,0.0390625,0.9609375,0.0,False,True
pusher64,U,8,27,32,0,0.0859375,0.0,0.0,0.0,0.0859375,0.9140625,0.0,False,True
pusher64,U,8,28,32,0,0.0703125,0.0,0.0078125,0.0,0.0703125,0.9296875,0.0,False,True
pusher64,U,8,29,32,1,0.0546875,0.03125,0.00390625,0.0078125,0.046875,0.9453125,0.03125,False,True
pusher64,U,8,30,32,0,0.0234375,0.0,0.0,0.0,0.0234375,0.9765625,0.0,False,True
pusher64,U,8,31,32,0,0.0390625,0.0,0.00390625,0.0,0.0390625,0.9609375,0.0,False,True
pusher64,U,8,32,32,0,0.0390625,0.0,0.0,0.0,0.0390625,0.9609375,0.0,False,True
pusher64,U,8,33,32,1,0.03125,0.03125,0.00390625,0.0078125,0.0234375,0.96875,0.03125,False,True
pusher64,U,8,34,32,0,0.046875,0.0,0.0,0.0,0.046875,0.953125,0.0,False,True
pusher64,U,8,35,32,0,0.0078125,0.0,0.0,0.0,0.0078125,0.9921875,0.0,False,True
pusher64,U,8,36,32,0,0.078125,0.0,0.0,0.0,0.078125,0.921875,0.0,False,True
pusher64,U,8,37,32,0,0.09375,0.0,0.0078125,0.0,0.09375,0.90625,0.0,False,True
pusher64,U,8,38,32,0,0.0703125,0.0,0.0,0.0,0.0703125,0.9296875,0.0,False,True
pusher64,U,8,39,32,0,0.03125,0.0,0.0078125,0.0,0.03125,0.96875,0.0,False,True
pusher64,U,8,40,32,0,0.0703125,0.0,0.0,0.0,0.0703125,0.9296875,0.0,False,True
pusher64,U,8,41,32,0,0.046875,0.0,0.00390625,0.0,0.046875,0.953125,0.0,False,True
pusher64,U,8,42,32,0,0.0625,0.0,0.0,0.0,0.0625,0.9375,0.0,False,True
pusher64,U,8,43,32,0,0.0625,0.0,0.01171875,0.0,0.0625,0.9375,0.0,False,True
pusher64,U,8,44,32,0,0.0390625,0.0,0.0,0.0,0.0390625,0.9609375,0.0,False,True
pusher64,U,8,45,32,0,0.078125,0.0,0.00390625,0.0,0.078125,0.921875,0.0,False,True
pusher64,U,8,46,32,0,0.0625,0.0,0.0,0.0,0.0625,0.9375,0.0,False,True
pusher64,U,8,47,32,0,0.078125,0.0,0.0,0.0,0.078125,0.921875,0.0,False,True
pusher64,U,8,48,32,0,0.03125,0.0,0.0,0.0,0.03125,0.96875,0.0,False,True
pusher64,U,8,49,32,0,0.0390625,0.0,0.00390625,0.0,0.0390625,0.9609375,0.0,False,True
pusher64,U,8,50,32,0,0.0859375,0.0,0.0,0.0,0.0859375,0.9140625,0.0,False,True
pusher64,U,8,51,32,0,0.0859375,0.0,0.00390625,0.0,0.0859375,0.9140625,0.0,False,True
pusher64,U,8,52,32,0,0.078125,0.0,0.0,0.0,0.078125,0.921875,0.0,False,True
pusher64,U,8,53,32,1,0.1484375,0.03125,0.00390625,0.0078125,0.140625,0.8515625,0.03125,False,True
pusher64,U,8,54,32,0,0.0546875,0.0,0.0,0.0,0.0546875,0.9453125,0.0,False,True
pusher64,U,8,55,32,0,0.0859375,0.0,0.0078125,0.0,0.0859375,0.9140625,0.0,False,True
pusher64,U,8,56,32,0,0.078125,0.0,0.0,0.0,0.078125,0.921875,0.0,False,True
pusher64,U,8,57,32,1,0.03125,0.03125,0.00390625,0.0078125,0.0234375,0.96875,0.03125,False,True
pusher64,U,8,58,32,0,0.0703125,0.0,0.0,0.0,0.0703125,0.9296875,0.0,False,True
pusher64,U,8,59,32,0,0.125,0.0,0.0078125,0.0,0.125,0.875,0.0,False,True
pusher64,U,8,60,32,0,0.078125,0.0,0.0,0.0,0.078125,0.921875,0.0,False,True
pusher64,U,8,61,32,0,0.0859375,0.0,0.0078125,0.0,0.0859375,0.9140625,0.0,False,True
pusher64,U,8,62,32,0,0.0390625,0.0,0.0,0.0,0.0390625,0.9609375,0.0,False,True
pusher64,U,8,63,32,0,0.0625,0.0,0.0078125,0.0,0.0625,0.9375,0.0,False,True
pusher64,K,1,0,32,0,0.90625,0.0078125,0.00048828125,0.0078125,0.8984375,0.09375,0.0,False,True
pusher64,K,1,1,32,28,0.9765625,0.6380208333333334,0.0,0.625,0.3515625,0.0234375,0.875,True,True
pusher64,K,1,2,32,26,0.9921875,0.6041666666666666,0.00048828125,0.6015625,0.390625,0.0078125,0.8125,True,True
pusher64,K,1,3,32,5,0.90625,0.23177083333333331,0.00390625,0.2109375,0.6953125,0.09375,0.15625,False,True
pusher64,K,1,4,32,3,0.9609375,0.16145833333333334,0.0,0.1484375,0.8125,0.0390625,0.09375,False,True
pusher64,K,1,5,32,32,0.953125,1.0,0.001953125,0.953125,0.0,0.046875,1.0,True,True
pusher64,K,1,6,32,32,0.9921875,1.0,0.0009765625,0.9921875,0.0,0.0078125,1.0,True,True
pusher64,K,1,7,32,11,0.9375,0.296875,0.0,0.28125,0.65625,0.0625,0.34375,False,True
pusher64,K,1,8,32,5,0.9453125,0.20833333333333334,0.0,0.203125,0.7421875,0.0546875,0.15625,False,True
pusher64,K,1,9,32,32,0.9453125,1.0,0.001953125,0.9453125,0.0,0.0546875,1.0,True,True
pusher64,K,1,10,32,32,0.984375,1.0,0.0,0.984375,0.0,0.015625,1.0,True,True
pusher64,K,1,11,32,7,0.9296875,0.21354166666666666,0.00048828125,0.203125,0.7265625,0.0703125,0.21875,False,True
pusher64,K,1,12,32,1,0.921875,0.140625,0.00146484375,0.1328125,0.7890625,0.078125,0.03125,False,True
pusher64,K,1,13,32,32,0.9609375,1.0,0.0009765625,0.9609375,0.0,0.0390625,1.0,True,True
pusher64,K,1,14,32,32,0.9921875,1.0,0.00048828125,0.9921875,0.0,0.0078125,1.0,True,True
pusher64,K,1,15,32,7,0.9375,0.2265625,0.0009765625,0.203125,0.734375,0.0625,0.21875,False,True
pusher64,K,1,16,32,2,0.8984375,0.10677083333333333,0.0,0.1015625,0.796875,0.1015625,0.0625,False,True
pusher64,K,1,17,32,32,0.9765625,1.0,0.00830078125,0.9765625,0.0,0.0234375,1.0,True,True
pusher64,K,1,18,32,32,0.9765625,1.0,0.00048828125,0.9765625,0.0,0.0234375,1.0,True,True
pusher64,K,1,19,32,5,0.9453125,0.171875,0.00390625,0.1484375,0.796875,0.0546875,0.15625,False,True
pusher64,K,1,20,32,3,0.9609375,0.13541666666666666,0.0,0.1328125,0.828125,0.0390625,0.09375,False,True
pusher64,K,1,21,32,32,0.9609375,1.0,0.0048828125,0.9609375,0.0,0.0390625,1.0,True,True
pusher64,K,1,22,32,32,0.96875,1.0,0.00048828125,0.96875,0.0,0.03125,1.0,True,True
pusher64,K,1,23,32,4,0.984375,0.140625,0.00048828125,0.1328125,0.8515625,0.015625,0.125,False,True
pusher64,K,1,24,32,1,0.9375,0.06770833333333333,0.0,0.0625,0.875,0.0625,0.03125,False,True
pusher64,K,1,25,32,32,0.9609375,1.0,0.00634765625,0.9609375,0.0,0.0390625,1.0,True,True
pusher64,K,1,26,32,32,0.953125,1.0,0.00048828125,0.953125,0.0,0.046875,1.0,True,True
pusher64,K,1,27,32,3,0.9140625,0.1171875,0.0,0.1171875,0.796875,0.0859375,0.09375,False,True
pusher64,K,1,28,32,3,0.9140625,0.13020833333333334,0.0,0.1171875,0.796875,0.0859375,0.09375,False,True
pusher64,K,1,29,32,32,0.96875,1.0,0.00341796875,0.96875,0.0,0.03125,1.0,True,True
pusher64,K,1,30,32,32,0.9453125,1.0,0.00048828125,0.9453125,0.0,0.0546875,1.0,True,True
pusher64,K,1,31,32,1,0.953125,0.08854166666666667,0.00732421875,0.0859375,0.8671875,0.046875,0.03125,False,True
pusher64,K,1,32,32,1,0.890625,0.049479166666666664,0.00048828125,0.046875,0.84375,0.109375,0.03125,False,True
pusher64,K,1,33,32,32,0.953125,1.0,0.00048828125,0.953125,0.0,0.046875,1.0,True,True
pusher64,K,1,34,32,32,0.9765625,1.0,0.0,0.9765625,0.0,0.0234375,1.0,True,True
pusher64,K,1,35,32,1,0.8828125,0.057291666666666664,0.0009765625,0.0546875,0.828125,0.1171875,0.03125,False,True
pusher64,K,1,36,32,3,0.9375,0.10416666666666666,0.00048828125,0.09375,0.84375,0.0625,0.09375,False,True
pusher64,K,1,37,32,32,0.96875,0.984375,0.00146484375,0.953125,0.015625,0.03125,1.0,True,True
pusher64,K,1,38,32,32,0.9921875,1.0,0.0,0.9921875,0.0,0.0078125,1.0,True,True
pusher64,K,1,39,32,1,0.9765625,0.049479166666666664,0.0,0.046875,0.9296875,0.0234375,0.03125,False,True
pusher64,K,1,40,32,0,0.9921875,0.049479166666666664,0.0,0.046875,0.9453125,0.0078125,0.0,False,True
pusher64,K,1,41,32,32,0.953125,1.0,0.00048828125,0.953125,0.0,0.046875,1.0,True,True
pusher64,K,1,42,32,32,0.9375,0.9817708333333334,0.00048828125,0.921875,0.015625,0.0625,1.0,True,True
pusher64,K,1,43,32,4,0.921875,0.1484375,0.009765625,0.1484375,0.7734375,0.078125,0.125,False,True
pusher64,K,1,44,32,0,0.8984375,0.015625,0.00048828125,0.015625,0.8828125,0.1015625,0.0,False,True
pusher64,K,1,45,32,32,0.9765625,0.984375,0.0009765625,0.9609375,0.015625,0.0234375,1.0,True,True
pusher64,K,1,46,32,32,0.9765625,1.0,0.0,0.9765625,0.0,0.0234375,1.0,True,True
pusher64,K,1,47,32,2,0.953125,0.0703125,0.00048828125,0.0703125,0.8828125,0.046875,0.0625,False,True
pusher64,K,1,48,32,0,0.859375,0.0078125,0.0009765625,0.0078125,0.8515625,0.140625,0.0,False,True
pusher64,K,1,49,32,32,0.9765625,1.0,0.0,0.9765625,0.0,0.0234375,1.0,True,True
pusher64,K,1,50,32,32,0.96875,1.0,0.0,0.96875,0.0,0.03125,1.0,True,True
pusher64,K,1,51,32,0,0.9609375,0.0,0.00048828125,0.0,0.9609375,0.0390625,0.0,False,True
pusher64,K,1,52,32,1,0.9375,0.03125,0.0,0.03125,0.90625,0.0625,0.03125,False,True
pusher64,K,1,53,32,32,0.9453125,1.0,0.00048828125,0.9453125,0.0,0.0546875,1.0,True,True
pusher64,K,1,54,32,32,0.984375,1.0,0.0009765625,0.984375,0.0,0.015625,1.0,True,True
pusher64,K,1,55,32,2,0.953125,0.08333333333333333,0.01220703125,0.078125,0.875,0.046875,0.0625,False,True
pusher64,K,1,56,32,0,0.9453125,0.0234375,0.00048828125,0.0234375,0.921875,0.0546875,0.0,False,True
pusher64,K,1,57,32,32,0.9765625,1.0,0.00048828125,0.9765625,0.0,0.0234375,1.0,True,True
pusher64,K,1,58,32,32,0.96875,1.0,0.00048828125,0.96875,0.0,0.03125,1.0,True,True
pusher64,K,1,59,32,1,0.921875,0.07291666666666667,0.00341796875,0.0703125,0.8515625,0.078125,0.03125,False,True
pusher64,K,1,60,32,0,0.96875,0.015625,0.0,0.015625,0.953125,0.03125,0.0,False,True
pusher64,K,1,61,32,26,0.9765625,0.6640625,0.00048828125,0.640625,0.3359375,0.0234375,0.8125,True,True
pusher64,K,1,62,32,26,0.90625,0.7005208333333334,0.0,0.6328125,0.2734375,0.09375,0.8125,True,True
pusher64,K,1,63,32,2,0.890625,0.140625,0.0009765625,0.125,0.765625,0.109375,0.0625,False,True
pusher64,K,2,0,32,0,0.6796875,0.0,0.0005208333333333333,0.0,0.6796875,0.3203125,0.0,False,True
pusher64,K,2,1,32,14,0.90625,0.3541666666666667,0.0005208333333333333,0.328125,0.578125,0.09375,0.4375,False,True
pusher64,K,2,2,32,14,0.8828125,0.3697916666666667,0.003125,0.3203125,0.5625,0.1171875,0.4375,False,True
pusher64,K,2,3,32,2,0.796875,0.09635416666666666,0.0026041666666666665,0.0703125,0.7265625,0.203125,0.0625,False,True
pusher64,K,2,4,32,1,0.8828125,0.06510416666666666,0.0,0.0546875,0.828125,0.1171875,0.03125,False,True
pusher64,K,2,5,32,4,0.890625,0.21354166666666666,0.0015625,0.1875,0.703125,0.109375,0.125,False,True
pusher64,K,2,6,32,0,0.859375,0.09114583333333333,0.0015625,0.0859375,0.7734375,0.140625,0.0,False,True
pusher64,K,2,7,32,2,0.8359375,0.10416666666666666,0.0,0.0859375,0.75,0.1640625,0.0625,False,True
pusher64,K,2,8,32,2,0.7890625,0.0859375,0.0,0.0703125,0.71875,0.2109375,0.0625,False,True
pusher64,K,2,9,32,27,0.8515625,0.6432291666666666,0.0010416666666666667,0.546875,0.3046875,0.1484375,0.84375,True,True
pusher64,K,2,10,32,28,0.84375,0.625,0.0,0.53125,0.3125,0.15625,0.875,True,True
pusher64,K,2,11,32,2,0.8359375,0.11197916666666666,0.0010416666666666667,0.109375,0.7265625,0.1640625,0.0625,False,True
pusher64,K,2,12,32,0,0.8515625,0.05989583333333333,0.0020833333333333333,0.0546875,0.796875,0.1484375,0.0,False,True
pusher64,K,2,13,32,4,0.8515625,0.16666666666666666,0.0005208333333333333,0.1484375,0.703125,0.1484375,0.125,False,True
pusher64,K,2,14,32,5,0.9296875,0.21354166666666666,0.0005208333333333333,0.203125,0.7265625,0.0703125,0.15625,False,True
pusher64,K,2,15,32,1,0.828125,0.07552083333333333,0.0005208333333333333,0.0703125,0.7578125,0.171875,0.03125,False,True
pusher64,K,2,16,32,1,0.7890625,0.033854166666666664,0.0,0.03125,0.7578125,0.2109375,0.03125,False,True
pusher64,K,2,17,32,31,0.90625,0.7734375,0.003125,0.6953125,0.2109375,0.09375,0.96875,True,True
pusher64,K,2,18,32,25,0.890625,0.640625,0.0010416666666666667,0.5625,0.328125,0.109375,0.78125,True,True
pusher64,K,2,19,32,3,0.828125,0.12239583333333333,0.0026041666666666665,0.078125,0.75,0.171875,0.09375,False,True
pusher64,K,2,20,32,0,0.828125,0.033854166666666664,0.0,0.03125,0.796875,0.171875,0.0,False,True
pusher64,K,2,21,32,6,0.90625,0.21875,0.004166666666666667,0.171875,0.734375,0.09375,0.1875,False,True
pusher64,K,2,22,32,11,0.8671875,0.2682291666666667,0.0005208333333333333,0.234375,0.6328125,0.1328125,0.34375,False,True
pusher64,K,2,23,32,3,0.8828125,0.08333333333333333,0.0020833333333333333,0.078125,0.8046875,0.1171875,0.09375,False,True
pusher64,K,2,24,32,1,0.796875,0.0234375,0.0,0.015625,0.78125,0.203125,0.03125,False,True
pusher64,K,2,25,32,28,0.8671875,0.7447916666666666,0.0026041666666666665,0.6484375,0.21875,0.1328125,0.875,True,True
pusher64,K,2,26,32,30,0.8828125,0.7447916666666666,0.0005208333333333333,0.65625,0.2265625,0.1171875,0.9375,True,True
pusher64,K,2,27,32,2,0.859375,0.046875,0.0,0.046875,0.8125,0.140625,0.0625,False,True
pusher64,K,2,28,32,1,0.7578125,0.05208333333333333,0.0020833333333333333,0.0390625,0.71875,0.2421875,0.03125,False,True
pusher64,K,2,29,32,7,0.84375,0.2708333333333333,0.004166666666666667,0.2109375,0.6328125,0.15625,0.21875,False,True
pusher64,K,2,30,32,4,0.859375,0.22135416666666666,0.0026041666666666665,0.1875,0.671875,0.140625,0.125,False,True
pusher64,K,2,31,32,1,0.8203125,0.041666666666666664,0.0046875,0.0390625,0.78125,0.1796875,0.03125,False,True
pusher64,K,2,32,32,0,0.8203125,0.0078125,0.0005208333333333333,0.0078125,0.8125,0.1796875,0.0,False,True
pusher64,K,2,33,32,28,0.8125,0.7734375,0.0005208333333333333,0.6171875,0.1953125,0.1875,0.875,True,True
pusher64,K,2,34,32,24,0.78125,0.640625,0.0,0.4921875,0.2890625,0.21875,0.75,True,True
pusher64,K,2,35,32,1,0.8046875,0.0234375,0.0005208333333333333,0.0234375,0.78125,0.1953125,0.03125,False,True
pusher64,K,2,36,32,2,0.8125,0.0703125,0.0005208333333333333,0.0390625,0.7734375,0.1875,0.0625,False,True
pusher64,K,2,37,32,5,0.8046875,0.19791666666666666,0.003125,0.171875,0.6328125,0.1953125,0.15625,False,True
pusher64,K,2,38,32,6,0.8984375,0.2265625,0.0,0.203125,0.6953125,0.1015625,0.1875,False,True
pusher64,K,2,39,32,1,0.859375,0.03125,0.0,0.03125,0.828125,0.140625,0.03125,False,True
pusher64,K,2,40,32,0,0.9140625,0.010416666666666666,0.0020833333333333333,0.0078125,0.90625,0.0859375,0.0,False,True
pusher64,K,2,41,32,27,0.8515625,0.703125,0.0,0.59375,0.2578125,0.1484375,0.84375,True,True
pusher64,K,2,42,32,26,0.8046875,0.734375,0.0010416666666666667,0.59375,0.2109375,0.1953125,0.8125,True,True
pusher64,K,2,43,32,4,0.84375,0.08333333333333333,0.0046875,0.0703125,0.7734375,0.15625,0.125,False,True
pusher64,K,2,44,32,0,0.8125,0.0,0.0005208333333333333,0.0,0.8125,0.1875,0.0,False,True
pusher64,K,2,45,32,10,0.875,0.2994791666666667,0.0005208333333333333,0.265625,0.609375,0.125,0.3125,False,True
pusher64,K,2,46,32,7,0.8359375,0.1796875,0.0,0.15625,0.6796875,0.1640625,0.21875,False,True
pusher64,K,2,47,32,2,0.8203125,0.0625,0.0005208333333333333,0.046875,0.7734375,0.1796875,0.0625,False,True
pusher64,K,2,48,32,0,0.7578125,0.0,0.0010416666666666667,0.0,0.7578125,0.2421875,0.0,False,True
pusher64,K,2,49,32,27,0.8515625,0.7317708333333334,0.0,0.625,0.2265625,0.1484375,0.84375,True,True
pusher64,K,2,50,32,25,0.9296875,0.6015625,0.0,0.5625,0.3671875,0.0703125,0.78125,True,True
pusher64,K,2,51,32,0,0.890625,0.0,0.0010416666666666667,0.0,0.890625,0.109375,0.0,False,True
pusher64,K,2,52,32,0,0.8515625,0.0078125,0.0020833333333333333,0.0078125,0.84375,0.1484375,0.0,False,True
pusher64,K,2,53,32,6,0.859375,0.2265625,0.0005208333333333333,0.1875,0.671875,0.140625,0.1875,False,True
pusher64,K,2,54,32,7,0.90625,0.234375,0.0015624999999999999,0.21875,0.6875,0.09375,0.21875,False,True
pusher64,K,2,55,32,2,0.890625,0.0625,0.0067708333333333336,0.0625,0.828125,0.109375,0.0625,False,True
pusher64,K,2,56,32,0,0.859375,0.026041666666666664,0.0005208333333333333,0.0234375,0.8359375,0.140625,0.0,False,True
pusher64,K,2,57,32,27,0.8515625,0.7213541666666666,0.0015625,0.609375,0.2421875,0.1484375,0.84375,True,True
pusher64,K,2,58,32,27,0.859375,0.7213541666666666,0.0010416666666666667,0.6328125,0.2265625,0.140625,0.84375,True,True
pusher64,K,2,59,32,1,0.828125,0.0390625,0.004166666666666667,0.03125,0.796875,0.171875,0.03125,False,True
pusher64,K,2,60,32,0,0.859375,0.0078125,0.0,0.0078125,0.8515625,0.140625,0.0,False,True
pusher64,K,2,61,32,7,0.8125,0.265625,0.0,0.2109375,0.6015625,0.1875,0.21875,False,True
pusher64,K,2,62,32,6,0.7421875,0.15625,0.0,0.125,0.6171875,0.2578125,0.1875,False,True
pusher64,K,2,63,32,0,0.75,0.018229166666666664,0.0010416666666666667,0.015625,0.734375,0.25,0.0,False,True
pusher64,K,3,0,32,0,0.578125,0.0,0.0,0.0,0.578125,0.421875,0.0,False,True
pusher64,K,3,1,32,7,0.6953125,0.2109375,0.0005787037037037037,0.140625,0.5546875,0.3046875,0.21875,False,True
pusher64,K,3,2,32,4,0.71875,0.16145833333333334,0.004050925925925926,0.1171875,0.6015625,0.28125,0.125,False,True
pusher64,K,3,3,32,2,0.6953125,0.08072916666666666,0.003472222222222222,0.0546875,0.640625,0.3046875,0.0625,False,True
pusher64,K,3,4,32,0,0.765625,0.018229166666666664,0.0005787037037037037,0.015625,0.75,0.234375,0.0,False,True
pusher64,K,3,5,32,1,0.6953125,0.0859375,0.0011574074074074073,0.0625,0.6328125,0.3046875,0.03125,False,True
pusher64,K,3,6,32,2,0.7265625,0.09114583333333333,0.0005787037037037037,0.0703125,0.65625,0.2734375,0.0625,False,True
pusher64,K,3,7,32,0,0.765625,0.046875,0.0005787037037037037,0.0390625,0.7265625,0.234375,0.0,False,True
pusher64,K,3,8,32,1,0.6640625,0.015625,0.0,0.015625,0.6484375,0.3359375,0.03125,False,True
pusher64,K,3,9,32,17,0.6875,0.45572916666666663,0.001736111111111111,0.328125,0.359375,0.3125,0.53125,True,True
pusher64,K,3,10,32,14,0.7109375,0.375,0.0,0.28125,0.4296875,0.2890625,0.4375,False,True
pusher64,K,3,11,32,0,0.703125,0.033854166666666664,0.0,0.03125,0.671875,0.296875,0.0,False,True
pusher64,K,3,12,32,0,0.7265625,0.0390625,0.0005787037037037037,0.03125,0.6953125,0.2734375,0.0,False,True
pusher64,K,3,13,32,2,0.6328125,0.07552083333333333,0.0,0.0625,0.5703125,0.3671875,0.0625,False,True
pusher64,K,3,14,32,1,0.8515625,0.046875,0.0,0.046875,0.8046875,0.1484375,0.03125,False,True
pusher64,K,3,15,32,0,0.6796875,0.028645833333333332,0.0,0.0234375,0.65625,0.3203125,0.0,False,True
pusher64,K,3,16,32,0,0.6796875,0.0,0.0,0.0,0.6796875,0.3203125,0.0,False,True
pusher64,K,3,17,32,14,0.7890625,0.359375,0.0023148148148148147,0.3046875,0.484375,0.2109375,0.4375,False,True
pusher64,K,3,18,32,5,0.71875,0.203125,0.0005787037037037037,0.1640625,0.5546875,0.28125,0.15625,False,True
pusher64,K,3,19,32,1,0.7421875,0.041666666666666664,0.0028935185185185184,0.015625,0.7265625,0.2578125,0.03125,False,True
pusher64,K,3,20,32,0,0.765625,0.018229166666666664,0.0,0.015625,0.75,0.234375,0.0,False,True
pusher64,K,3,21,32,1,0.7578125,0.06770833333333333,0.0028935185185185184,0.0546875,0.703125,0.2421875,0.03125,False,True
pusher64,K,3,22,32,3,0.78125,0.09895833333333333,0.0,0.0703125,0.7109375,0.21875,0.09375,False,True
pusher64,K,3,23,32,1,0.765625,0.046875,0.0,0.0234375,0.7421875,0.234375,0.03125,False,True
pusher64,K,3,24,32,0,0.6953125,0.010416666666666666,0.0005787037037037037,0.0078125,0.6875,0.3046875,0.0,False,True
pusher64,K,3,25,32,21,0.7265625,0.5442708333333334,0.0023148148148148147,0.3828125,0.34375,0.2734375,0.65625,True,True
pusher64,K,3,26,32,19,0.6640625,0.4166666666666667,0.0,0.296875,0.3671875,0.3359375,0.59375,True,True
pusher64,K,3,27,32,0,0.78125,0.018229166666666664,0.0005787037037037037,0.015625,0.765625,0.21875,0.0,False,True
pusher64,K,3,28,32,1,0.6484375,0.026041666666666664,0.004050925925925926,0.015625,0.6328125,0.3515625,0.03125,False,True
pusher64,K,3,29,32,5,0.703125,0.17708333333333331,0.004629629629629629,0.1171875,0.5859375,0.296875,0.15625,False,True
pusher64,K,3,30,32,3,0.6953125,0.1640625,0.0028935185185185184,0.109375,0.5859375,0.3046875,0.09375,False,True
pusher64,K,3,31,32,1,0.7421875,0.015625,0.001736111111111111,0.015625,0.7265625,0.2578125,0.03125,False,True
pusher64,K,3,32,32,0,0.7265625,0.0,0.0,0.0,0.7265625,0.2734375,0.0,False,True
pusher64,K,3,33,32,16,0.6484375,0.3984375,0.0,0.2734375,0.375,0.3515625,0.5,True,True
pusher64,K,3,34,32,16,0.65625,0.3645833333333333,0.0,0.2421875,0.4140625,0.34375,0.5,True,True
pusher64,K,3,35,32,0,0.6875,0.0078125,0.0005787037037037037,0.0078125,0.6796875,0.3125,0.0,False,True
pusher64,K,3,36,32,1,0.671875,0.015625,0.0,0.0078125,0.6640625,0.328125,0.03125,False,True
pusher64,K,3,37,32,1,0.6484375,0.026041666666666664,0.0005787037037037037,0.015625,0.6328125,0.3515625,0.03125,False,True
pusher64,K,3,38,32,0,0.7578125,0.015625,0.0,0.015625,0.7421875,0.2421875,0.0,False,True
pusher64,K,3,39,32,0,0.8046875,0.010416666666666666,0.0005787037037037037,0.0078125,0.796875,0.1953125,0.0,False,True
pusher64,K,3,40,32,0,0.7890625,0.0078125,0.003472222222222222,0.0078125,0.78125,0.2109375,0.0,False,True
pusher64,K,3,41,32,17,0.65625,0.4583333333333333,0.0,0.2890625,0.3671875,0.34375,0.53125,True,True
pusher64,K,3,42,32,19,0.6640625,0.4973958333333333,0.0005787037037037037,0.3359375,0.328125,0.3359375,0.59375,True,True
pusher64,K,3,43,32,0,0.7109375,0.0234375,0.005208333333333333,0.0234375,0.6875,0.2890625,0.0,False,True
pusher64,K,3,44,32,0,0.7109375,0.0,0.0,0.0,0.7109375,0.2890625,0.0,False,True
pusher64,K,3,45,32,4,0.7421875,0.15364583333333331,0.0,0.1171875,0.625,0.2578125,0.125,False,True
pusher64,K,3,46,32,2,0.7421875,0.0859375,0.0,0.0703125,0.671875,0.2578125,0.0625,False,True
pusher64,K,3,47,32,1,0.7109375,0.03125,0.0005787037037037037,0.0234375,0.6875,0.2890625,0.03125,False,True
pusher64,K,3,48,32,0,0.65625,0.0,0.0,0.0,0.65625,0.34375,0.0,False,True
pusher64,K,3,49,32,13,0.6796875,0.3229166666666667,0.0,0.265625,0.4140625,0.3203125,0.40625,False,True
pusher64,K,3,50,32,6,0.75,0.2109375,0.0,0.140625,0.609375,0.25,0.1875,False,True
pusher64,K,3,51,32,0,0.8046875,0.0,0.0005787037037037037,0.0,0.8046875,0.1953125,0.0,False,True
pusher64,K,3,52,32,0,0.734375,0.0,0.0028935185185185184,0.0,0.734375,0.265625,0.0,False,True
pusher64,K,3,53,32,3,0.75,0.10677083333333333,0.0,0.078125,0.671875,0.25,0.09375,False,True
pusher64,K,3,54,32,3,0.7109375,0.08333333333333333,0.0011574074074074073,0.0703125,0.640625,0.2890625,0.09375,False,True
pusher64,K,3,55,32,2,0.859375,0.046875,0.005208333333333333,0.046875,0.8125,0.140625,0.0625,False,True
pusher64,K,3,56,32,0,0.703125,0.010416666666666666,0.0,0.0078125,0.6953125,0.296875,0.0,False,True
pusher64,K,3,57,32,15,0.734375,0.3645833333333333,0.0,0.28125,0.453125,0.265625,0.46875,False,True
pusher64,K,3,58,32,14,0.7109375,0.3828125,0.0005787037037037037,0.296875,0.4140625,0.2890625,0.4375,False,True
pusher64,K,3,59,32,0,0.7421875,0.010416666666666666,0.004050925925925926,0.0078125,0.734375,0.2578125,0.0,False,True
pusher64,K,3,60,32,0,0.828125,0.0,0.0,0.0,0.828125,0.171875,0.0,False,True
pusher64,K,3,61,32,4,0.6875,0.11458333333333333,0.0,0.0703125,0.6171875,0.3125,0.125,False,True
pusher64,K,3,62,32,4,0.6484375,0.0859375,0.0,0.0546875,0.59375,0.3515625,0.125,False,True
pusher64,K,3,63,32,0,0.6640625,0.0,0.0,0.0,0.6640625,0.3359375,0.0,False,True
pusher64,K,4,0,32,0,0.5078125,0.0,0.0,0.0,0.5078125,0.4921875,0.0,False,True
pusher64,K,4,1,32,1,0.6015625,0.06510416666666666,0.0006944444444444445,0.046875,0.5546875,0.3984375,0.03125,False,True
pusher64,K,4,2,32,1,0.625,0.033854166666666664,0.001388888888888889,0.0234375,0.6015625,0.375,0.03125,False,True
pusher64,K,4,3,32,0,0.640625,0.010416666666666666,0.002777777777777778,0.0078125,0.6328125,0.359375,0.0,False,True
pusher64,K,4,4,32,0,0.703125,0.0078125,0.0006944444444444445,0.0078125,0.6953125,0.296875,0.0,False,True
pusher64,K,4,5,32,0,0.6328125,0.010416666666666666,0.0006944444444444445,0.0078125,0.625,0.3671875,0.0,False,True
pusher64,K,4,6,32,2,0.6171875,0.049479166666666664,0.001388888888888889,0.03125,0.5859375,0.3828125,0.0625,False,True
pusher64,K,4,7,32,1,0.703125,0.026041666666666664,0.0,0.015625,0.6875,0.296875,0.03125,False,True
pusher64,K,4,8,32,0,0.6015625,0.010416666666666666,0.0,0.0078125,0.59375,0.3984375,0.0,False,True
pusher64,K,4,9,32,11,0.5859375,0.3333333333333333,0.0006944444444444445,0.203125,0.3828125,0.4140625,0.34375,False,True
pusher64,K,4,10,32,6,0.609375,0.23177083333333331,0.0,0.140625,0.46875,0.390625,0.1875,False,True
pusher64,K,4,11,32,0,0.6171875,0.018229166666666664,0.0,0.015625,0.6015625,0.3828125,0.0,False,True
pusher64,K,4,12,32,0,0.640625,0.010416666666666666,0.0006944444444444445,0.0078125,0.6328125,0.359375,0.0,False,True
pusher64,K,4,13,32,1,0.5859375,0.03645833333333333,0.0,0.03125,0.5546875,0.4140625,0.03125,False,True
pusher64,K,4,14,32,1,0.703125,0.015625,0.0,0.0078125,0.6953125,0.296875,0.03125,False,True
pusher64,K,4,15,32,0,0.5859375,0.018229166666666664,0.0,0.015625,0.5703125,0.4140625,0.0,False,True
pusher64,K,4,16,32,0,0.5625,0.0,0.0,0.0,0.5625,0.4375,0.0,False,True
pusher64,K,4,17,32,1,0.734375,0.078125,0.002777777777777778,0.0625,0.671875,0.265625,0.03125,False,True
pusher64,K,4,18,32,2,0.6328125,0.09375,0.001388888888888889,0.078125,0.5546875,0.3671875,0.0625,False,True
pusher64,K,4,19,32,1,0.5859375,0.05208333333333333,0.0020833333333333333,0.0234375,0.5625,0.4140625,0.03125,False,True
pusher64,K,4,20,32,0,0.6875,0.0,0.0,0.0,0.6875,0.3125,0.0,False,True
pusher64,K,4,21,32,1,0.6640625,0.033854166666666664,0.0020833333333333333,0.0234375,0.640625,0.3359375,0.03125,False,True
pusher64,K,4,22,32,2,0.7109375,0.05208333333333333,0.0,0.03125,0.6796875,0.2890625,0.0625,False,True
pusher64,K,4,23,32,0,0.6796875,0.0,0.0,0.0,0.6796875,0.3203125,0.0,False,True
pusher64,K,4,24,32,0,0.6171875,0.0,0.0006944444444444445,0.0,0.6171875,0.3828125,0.0,False,True
pusher64,K,4,25,32,8,0.6171875,0.3359375,0.001388888888888889,0.1953125,0.421875,0.3828125,0.25,False,True
pusher64,K,4,26,32,6,0.5703125,0.19010416666666666,0.0,0.140625,0.4296875,0.4296875,0.1875,False,True
pusher64,K,4,27,32,0,0.6484375,0.018229166666666664,0.0,0.015625,0.6328125,0.3515625,0.0,False,True
pusher64,K,4,28,32,1,0.5390625,0.03125,0.0,0.0078125,0.53125,0.4609375,0.03125,False,True
pusher64,K,4,29,32,2,0.640625,0.07291666666666666,0.005555555555555556,0.0546875,0.5859375,0.359375,0.0625,False,True
pusher64,K,4,30,32,4,0.6328125,0.11458333333333333,0.0,0.0625,0.5703125,0.3671875,0.125,False,True
pusher64,K,4,31,32,1,0.671875,0.0234375,0.0006944444444444445,0.0234375,0.6484375,0.328125,0.03125,False,True
pusher64,K,4,32,32,0,0.640625,0.0,0.0,0.0,0.640625,0.359375,0.0,False,True
pusher64,K,4,33,32,10,0.5390625,0.234375,0.0,0.125,0.4140625,0.4609375,0.3125,False,True
pusher64,K,4,34,32,4,0.59375,0.1171875,0.0,0.078125,0.515625,0.40625,0.125,False,True
pusher64,K,4,35,32,0,0.6171875,0.0078125,0.0006944444444444445,0.0078125,0.609375,0.3828125,0.0,False,True
pusher64,K,4,36,32,0,0.578125,0.010416666666666666,0.0,0.0078125,0.5703125,0.421875,0.0,False,True
pusher64,K,4,37,32,1,0.5859375,0.026041666666666664,0.0006944444444444445,0.015625,0.5703125,0.4140625,0.03125,False,True
pusher64,K,4,38,32,0,0.6328125,0.0,0.0,0.0,0.6328125,0.3671875,0.0,False,True
pusher64,K,4,39,32,0,0.7109375,0.0,0.0,0.0,0.7109375,0.2890625,0.0,False,True
pusher64,K,4,40,32,1,0.7265625,0.03125,0.0006944444444444445,0.0078125,0.71875,0.2734375,0.03125,False,True
pusher64,K,4,41,32,8,0.5625,0.20572916666666666,0.0,0.1171875,0.4453125,0.4375,0.25,False,True
pusher64,K,4,42,32,9,0.59375,0.2994791666666667,0.0006944444444444445,0.1640625,0.4296875,0.40625,0.28125,False,True
pusher64,K,4,43,32,1,0.6484375,0.015625,0.003472222222222222,0.015625,0.6328125,0.3515625,0.03125,False,True
pusher64,K,4,44,32,0,0.625,0.0,0.0,0.0,0.625,0.375,0.0,False,True
pusher64,K,4,45,32,1,0.6328125,0.05208333333333333,0.0,0.0390625,0.59375,0.3671875,0.03125,False,True
pusher64,K,4,46,32,1,0.6796875,0.03645833333333333,0.0,0.0234375,0.65625,0.3203125,0.03125,False,True
pusher64,K,4,47,32,0,0.6171875,0.0,0.0006944444444444445,0.0,0.6171875,0.3828125,0.0,False,True
pusher64,K,4,48,32,0,0.5859375,0.0,0.0,0.0,0.5859375,0.4140625,0.0,False,True
pusher64,K,4,49,32,8,0.609375,0.16927083333333331,0.0,0.125,0.484375,0.390625,0.25,False,True
pusher64,K,4,50,32,2,0.6171875,0.046875,0.0,0.015625,0.6015625,0.3828125,0.0625,False,True
pusher64,K,4,51,32,0,0.7421875,0.0,0.0006944444444444445,0.0,0.7421875,0.2578125,0.0,False,True
pusher64,K,4,52,32,0,0.6015625,0.0,0.0,0.0,0.6015625,0.3984375,0.0,False,True
pusher64,K,4,53,32,0,0.6640625,0.020833333333333332,0.0,0.015625,0.6484375,0.3359375,0.0,False,True
pusher64,K,4,54,32,2,0.5859375,0.03125,0.001388888888888889,0.015625,0.5703125,0.4140625,0.0625,False,True
pusher64,K,4,55,32,2,0.8125,0.03125,0.004861111111111111,0.03125,0.78125,0.1875,0.0625,False,True
pusher64,K,4,56,32,0,0.6640625,0.010416666666666666,0.0,0.0078125,0.65625,0.3359375,0.0,False,True
pusher64,K,4,57,32,5,0.65625,0.15104166666666666,0.0,0.109375,0.546875,0.34375,0.15625,False,True
pusher64,K,4,58,32,8,0.578125,0.19270833333333334,0.0006944444444444445,0.125,0.453125,0.421875,0.25,False,True
pusher64,K,4,59,32,0,0.6796875,0.0,0.004861111111111111,0.0,0.6796875,0.3203125,0.0,False,True
pusher64,K,4,60,32,0,0.7421875,0.0,0.0,0.0,0.7421875,0.2578125,0.0,False,True
pusher64,K,4,61,32,3,0.6171875,0.0625,0.0,0.03125,0.5859375,0.3828125,0.09375,False,True
pusher64,K,4,62,32,1,0.5625,0.0234375,0.0,0.015625,0.546875,0.4375,0.03125,False,True
pusher64,K,4,63,32,0,0.59375,0.0,0.0,0.0,0.59375,0.40625,0.0,False,True
pusher64,K,5,0,32,0,0.421875,0.0,0.0,0.0,0.421875,0.578125,0.0,False,True
pusher64,K,5,1,32,0,0.4921875,0.03125,0.0,0.0234375,0.46875,0.5078125,0.0,False,True
pusher64,K,5,2,32,0,0.5234375,0.0078125,0.0016025641025641025,0.0078125,0.515625,0.4765625,0.0,False,True
pusher64,K,5,3,32,1,0.53125,0.03125,0.003205128205128205,0.015625,0.515625,0.46875,0.03125,False,True
pusher64,K,5,4,32,0,0.6328125,0.0078125,0.0,0.0078125,0.625,0.3671875,0.0,False,True
pusher64,K,5,5,32,0,0.5546875,0.010416666666666666,0.0008012820512820513,0.0078125,0.546875,0.4453125,0.0,False,True
pusher64,K,5,6,32,1,0.5546875,0.026041666666666664,0.0008012820512820513,0.015625,0.5390625,0.4453125,0.03125,False,True
pusher64,K,5,7,32,0,0.609375,0.0,0.0,0.0,0.609375,0.390625,0.0,False,True
pusher64,K,5,8,32,0,0.546875,0.0,0.0,0.0,0.546875,0.453125,0.0,False,True
pusher64,K,5,9,32,9,0.4921875,0.203125,0.0008012820512820513,0.09375,0.3984375,0.5078125,0.28125,False,True
pusher64,K,5,10,32,4,0.578125,0.09635416666666666,0.0,0.0625,0.515625,0.421875,0.125,False,True
pusher64,K,5,11,32,1,0.578125,0.0234375,0.0,0.015625,0.5625,0.421875,0.03125,False,True
pusher64,K,5,12,32,0,0.578125,0.0,0.0008012820512820513,0.0,0.578125,0.421875,0.0,False,True
pusher64,K,5,13,32,1,0.4765625,0.026041666666666664,0.0,0.0234375,0.453125,0.5234375,0.03125,False,True
pusher64,K,5,14,32,1,0.6640625,0.015625,0.0,0.0078125,0.65625,0.3359375,0.03125,False,True
pusher64,K,5,15,32,0,0.53125,0.010416666666666666,0.0,0.0078125,0.5234375,0.46875,0.0,False,True
pusher64,K,5,16,32,0,0.5390625,0.0,0.0,0.0,0.5390625,0.4609375,0.0,False,True
pusher64,K,5,17,32,1,0.625,0.041666666666666664,0.005608974358974359,0.0234375,0.6015625,0.375,0.03125,False,True
pusher64,K,5,18,32,2,0.546875,0.057291666666666664,0.0008012820512820513,0.0390625,0.5078125,0.453125,0.0625,False,True
pusher64,K,5,19,32,1,0.53125,0.03125,0.002403846153846154,0.0078125,0.5234375,0.46875,0.03125,False,True
pusher64,K,5,20,32,0,0.6171875,0.0,0.0,0.0,0.6171875,0.3828125,0.0,False,True
pusher64,K,5,21,32,1,0.59375,0.0234375,0.003205128205128205,0.015625,0.578125,0.40625,0.03125,False,True
pusher64,K,5,22,32,1,0.640625,0.026041666666666664,0.0,0.015625,0.625,0.359375,0.03125,False,True
pusher64,K,5,23,32,0,0.609375,0.0,0.0008012820512820513,0.0,0.609375,0.390625,0.0,False,True
pusher64,K,5,24,32,0,0.53125,0.0,0.0,0.0,0.53125,0.46875,0.0,False,True
pusher64,K,5,25,32,6,0.5390625,0.20572916666666666,0.003205128205128205,0.109375,0.4296875,0.4609375,0.1875,False,True
pusher64,K,5,26,32,0,0.5078125,0.020833333333333332,0.0,0.015625,0.4921875,0.4921875,0.0,False,True
pusher64,K,5,27,32,0,0.609375,0.0,0.0,0.0,0.609375,0.390625,0.0,False,True
pusher64,K,5,28,32,0,0.4921875,0.010416666666666666,0.0008012820512820513,0.0078125,0.484375,0.5078125,0.0,False,True
pusher64,K,5,29,32,1,0.5859375,0.049479166666666664,0.002403846153846154,0.0234375,0.5625,0.4140625,0.03125,False,True
pusher64,K,5,30,32,2,0.5546875,0.05208333333333333,0.0008012820512820513,0.03125,0.5234375,0.4453125,0.0625,False,True
pusher64,K,5,31,32,1,0.609375,0.015625,0.003205128205128205,0.015625,0.59375,0.390625,0.03125,False,True
pusher64,K,5,32,32,0,0.5859375,0.0,0.0,0.0,0.5859375,0.4140625,0.0,False,True
pusher64,K,5,33,32,7,0.5,0.14322916666666666,0.0,0.078125,0.421875,0.5,0.21875,False,True
pusher64,K,5,34,32,2,0.5234375,0.049479166666666664,0.0,0.03125,0.4921875,0.4765625,0.0625,False,True
pusher64,K,5,35,32,0,0.546875,0.0,0.0,0.0,0.546875,0.453125,0.0,False,True
pusher64,K,5,36,32,0,0.5234375,0.020833333333333332,0.0,0.015625,0.5078125,0.4765625,0.0,False,True
pusher64,K,5,37,32,1,0.546875,0.015625,0.0008012820512820513,0.0078125,0.5390625,0.453125,0.03125,False,True
pusher64,K,5,38,32,0,0.5546875,0.0,0.0,0.0,0.5546875,0.4453125,0.0,False,True
pusher64,K,5,39,32,0,0.6328125,0.0,0.0,0.0,0.6328125,0.3671875,0.0,False,True
pusher64,K,5,40,32,0,0.671875,0.0,0.0008012820512820513,0.0,0.671875,0.328125,0.0,False,True
pusher64,K,5,41,32,3,0.5234375,0.06770833333333333,0.0,0.0390625,0.484375,0.4765625,0.09375,False,True
pusher64,K,5,42,32,6,0.5390625,0.140625,0.0008012820512820513,0.0625,0.4765625,0.4609375,0.1875,False,True
pusher64,K,5,43,32,0,0.5859375,0.0078125,0.005608974358974359,0.0078125,0.578125,0.4140625,0.0,False,True
pusher64,K,5,44,32,0,0.6015625,0.0,0.0,0.0,0.6015625,0.3984375,0.0,False,True
pusher64,K,5,45,32,0,0.5625,0.018229166666666664,0.0,0.015625,0.546875,0.4375,0.0,False,True
pusher64,K,5,46,32,0,0.6484375,0.0,0.0,0.0,0.6484375,0.3515625,0.0,False,True
pusher64,K,5,47,32,0,0.546875,0.0,0.0008012820512820513,0.0,0.546875,0.453125,0.0,False,True
pusher64,K,5,48,32,0,0.5390625,0.0,0.0,0.0,0.5390625,0.4609375,0.0,False,True
pusher64,K,5,49,32,1,0.515625,0.026041666666666664,0.0,0.0234375,0.4921875,0.484375,0.03125,False,True
pusher64,K,5,50,32,1,0.4921875,0.03125,0.0,0.0078125,0.484375,0.5078125,0.03125,False,True
pusher64,K,5,51,32,0,0.6171875,0.0,0.0,0.0,0.6171875,0.3828125,0.0,False,True
pusher64,K,5,52,32,0,0.5390625,0.0,0.0008012820512820513,0.0,0.5390625,0.4609375,0.0,False,True
pusher64,K,5,53,32,0,0.5625,0.018229166666666664,0.0,0.015625,0.546875,0.4375,0.0,False,True
pusher64,K,5,54,32,1,0.515625,0.015625,0.0008012820512820513,0.0078125,0.5078125,0.484375,0.03125,False,True
pusher64,K,5,55,32,2,0.734375,0.04427083333333333,0.008814102564102564,0.0390625,0.6953125,0.265625,0.0625,False,True
pusher64,K,5,56,32,0,0.5546875,0.0,0.0,0.0,0.5546875,0.4453125,0.0,False,True
pusher64,K,5,57,32,3,0.5859375,0.07291666666666666,0.0008012820512820513,0.046875,0.5390625,0.4140625,0.09375,False,True
pusher64,K,5,58,32,2,0.53125,0.07291666666666666,0.0008012820512820513,0.046875,0.484375,0.46875,0.0625,False,True
pusher64,K,5,59,32,1,0.59375,0.03125,0.0016025641025641025,0.015625,0.578125,0.40625,0.03125,False,True
pusher64,K,5,60,32,0,0.65625,0.0,0.0,0.0,0.65625,0.34375,0.0,False,True
pusher64,K,5,61,32,2,0.546875,0.03125,0.0,0.015625,0.53125,0.453125,0.0625,False,True
pusher64,K,5,62,32,0,0.46875,0.0,0.0,0.0,0.46875,0.53125,0.0,False,True
pusher64,K,5,63,32,0,0.5546875,0.0,0.0,0.0,0.5546875,0.4453125,0.0,False,True
pusher64,K,6,0,32,0,0.390625,0.0,0.0,0.0,0.390625,0.609375,0.0,False,True
pusher64,K,6,1,32,0,0.421875,0.010416666666666666,0.0,0.0078125,0.4140625,0.578125,0.0,False,True
pusher64,K,6,2,32,0,0.484375,0.0078125,0.0029296875,0.0078125,0.4765625,0.515625,0.0,False,True
pusher64,K,6,3,32,0,0.4375,0.0,0.005859375,0.0,0.4375,0.5625,0.0,False,True
pusher64,K,6,4,32,0,0.5703125,0.0078125,0.0009765625,0.0078125,0.5625,0.4296875,0.0,False,True
pusher64,K,6,5,32,0,0.5078125,0.0,0.0,0.0,0.5078125,0.4921875,0.0,False,True
pusher64,K,6,6,32,2,0.4765625,0.03125,0.0009765625,0.015625,0.4609375,0.5234375,0.0625,False,True
pusher64,K,6,7,32,0,0.546875,0.0,0.0,0.0,0.546875,0.453125,0.0,False,True
pusher64,K,6,8,32,0,0.4765625,0.0,0.0,0.0,0.4765625,0.5234375,0.0,False,True
pusher64,K,6,9,32,1,0.4765625,0.026041666666666664,0.0,0.015625,0.4609375,0.5234375,0.03125,False,True
pusher64,K,6,10,32,2,0.546875,0.05208333333333333,0.0,0.03125,0.515625,0.453125,0.0625,False,True
pusher64,K,6,11,32,0,0.5390625,0.0,0.0,0.0,0.5390625,0.4609375,0.0,False,True
pusher64,K,6,12,32,0,0.4921875,0.0,0.0,0.0,0.4921875,0.5078125,0.0,False,True
pusher64,K,6,13,32,0,0.4140625,0.0078125,0.0,0.0078125,0.40625,0.5859375,0.0,False,True
pusher64,K,6,14,32,0,0.5859375,0.010416666666666666,0.0,0.0078125,0.578125,0.4140625,0.0,False,True
pusher64,K,6,15,32,0,0.4296875,0.0,0.0,0.0,0.4296875,0.5703125,0.0,False,True
pusher64,K,6,16,32,0,0.4921875,0.0,0.0,0.0,0.4921875,0.5078125,0.0,False,True
pusher64,K,6,17,32,2,0.5703125,0.046875,0.0029296875,0.0234375,0.546875,0.4296875,0.0625,False,True
pusher64,K,6,18,32,3,0.5,0.06770833333333333,0.0009765625,0.0390625,0.4609375,0.5,0.09375,False,True
pusher64,K,6,19,32,1,0.4765625,0.03125,0.0048828125,0.0078125,0.46875,0.5234375,0.03125,False,True
pusher64,K,6,20,32,0,0.546875,0.0,0.0,0.0,0.546875,0.453125,0.0,False,True
pusher64,K,6,21,32,0,0.5390625,0.0,0.005859375,0.0,0.5390625,0.4609375,0.0,False,True
pusher64,K,6,22,32,0,0.6015625,0.010416666666666666,0.0,0.0078125,0.59375,0.3984375,0.0,False,True
pusher64,K,6,23,32,0,0.515625,0.0,0.0009765625,0.0,0.515625,0.484375,0.0,False,True
pusher64,K,6,24,32,0,0.4921875,0.0,0.0009765625,0.0,0.4921875,0.5078125,0.0,False,True
pusher64,K,6,25,32,3,0.5078125,0.08854166666666667,0.0029296875,0.046875,0.4609375,0.4921875,0.09375,False,True
pusher64,K,6,26,32,1,0.4140625,0.015625,0.0,0.0078125,0.40625,0.5859375,0.03125,False,True
pusher64,K,6,27,32,0,0.5859375,0.0,0.0,0.0,0.5859375,0.4140625,0.0,False,True
pusher64,K,6,28,32,0,0.4375,0.0,0.001953125,0.0,0.4375,0.5625,0.0,False,True
pusher64,K,6,29,32,0,0.5546875,0.010416666666666666,0.00390625,0.0078125,0.546875,0.4453125,0.0,False,True
pusher64,K,6,30,32,2,0.515625,0.0625,0.001953125,0.0390625,0.4765625,0.484375,0.0625,False,True
pusher64,K,6,31,32,0,0.5625,0.0234375,0.0029296875,0.015625,0.546875,0.4375,0.0,False,True
pusher64,K,6,32,32,0,0.5546875,0.0,0.0,0.0,0.5546875,0.4453125,0.0,False,True
pusher64,K,6,33,32,5,0.453125,0.125,0.0,0.0625,0.390625,0.546875,0.15625,False,True
pusher64,K,6,34,32,1,0.484375,0.026041666666666664,0.0,0.015625,0.46875,0.515625,0.03125,False,True
pusher64,K,6,35,32,0,0.5,0.0,0.0,0.0,0.5,0.5,0.0,False,True
pusher64,K,6,36,32,0,0.4765625,0.010416666666666666,0.0,0.0078125,0.46875,0.5234375,0.0,False,True
pusher64,K,6,37,32,1,0.5234375,0.015625,0.0009765625,0.0078125,0.515625,0.4765625,0.03125,False,True
pusher64,K,6,38,32,0,0.5,0.010416666666666666,0.0,0.0078125,0.4921875,0.5,0.0,False,True
pusher64,K,6,39,32,0,0.5546875,0.0,0.0,0.0,0.5546875,0.4453125,0.0,False,True
pusher64,K,6,40,32,0,0.609375,0.0,0.0029296875,0.0,0.609375,0.390625,0.0,False,True
pusher64,K,6,41,32,2,0.4765625,0.03125,0.0,0.015625,0.4609375,0.5234375,0.0625,False,True
pusher64,K,6,42,32,2,0.515625,0.06770833333333333,0.0,0.03125,0.484375,0.484375,0.0625,False,True
pusher64,K,6,43,32,0,0.578125,0.0078125,0.0078125,0.0078125,0.5703125,0.421875,0.0,False,True
pusher64,K,6,44,32,0,0.5390625,0.0,0.0,0.0,0.5390625,0.4609375,0.0,False,True
pusher64,K,6,45,32,0,0.5234375,0.0,0.0,0.0,0.5234375,0.4765625,0.0,False,True
pusher64,K,6,46,32,0,0.625,0.0,0.0,0.0,0.625,0.375,0.0,False,True
pusher64,K,6,47,32,0,0.5078125,0.010416666666666666,0.0009765625,0.0078125,0.5,0.4921875,0.0,False,True
pusher64,K,6,48,32,0,0.4765625,0.0,0.0,0.0,0.4765625,0.5234375,0.0,False,True
pusher64,K,6,49,32,2,0.4765625,0.049479166666666664,0.0,0.0390625,0.4375,0.5234375,0.0625,False,True
pusher64,K,6,50,32,0,0.4296875,0.0,0.0,0.0,0.4296875,0.5703125,0.0,False,True
pusher64,K,6,51,32,0,0.5546875,0.0,0.0,0.0,0.5546875,0.4453125,0.0,False,True
pusher64,K,6,52,32,0,0.484375,0.0,0.001953125,0.0,0.484375,0.515625,0.0,False,True
pusher64,K,6,53,32,0,0.5078125,0.0,0.0,0.0,0.5078125,0.4921875,0.0,False,True
pusher64,K,6,54,32,0,0.4609375,0.0,0.0009765625,0.0,0.4609375,0.5390625,0.0,False,True
pusher64,K,6,55,32,2,0.6640625,0.04427083333333333,0.0087890625,0.0390625,0.625,0.3359375,0.0625,False,True
pusher64,K,6,56,32,0,0.515625,0.0,0.0,0.0,0.515625,0.484375,0.0,False,True
pusher64,K,6,57,32,0,0.5078125,0.03125,0.0009765625,0.0234375,0.484375,0.4921875,0.0,False,True
pusher64,K,6,58,32,1,0.5078125,0.026041666666666664,0.0,0.015625,0.4921875,0.4921875,0.03125,False,True
pusher64,K,6,59,32,0,0.5546875,0.0,0.0029296875,0.0,0.5546875,0.4453125,0.0,False,True
pusher64,K,6,60,32,0,0.6328125,0.0,0.0,0.0,0.6328125,0.3671875,0.0,False,True
pusher64,K,6,61,32,0,0.515625,0.0,0.0,0.0,0.515625,0.484375,0.0,False,True
pusher64,K,6,62,32,0,0.4140625,0.0,0.0,0.0,0.4140625,0.5859375,0.0,False,True
pusher64,K,6,63,32,0,0.5,0.0,0.0,0.0,0.5,0.5,0.0,False,True
pusher64,K,7,0,32,0,0.359375,0.0,0.0,0.0,0.359375,0.640625,0.0,False,True
pusher64,K,7,1,32,0,0.375,0.0,0.0,0.0,0.375,0.625,0.0,False,True
pusher64,K,7,2,32,0,0.4375,0.0,0.0020833333333333333,0.0,0.4375,0.5625,0.0,False,True
pusher64,K,7,3,32,0,0.3984375,0.0,0.005208333333333333,0.0,0.3984375,0.6015625,0.0,False,True
pusher64,K,7,4,32,0,0.515625,0.010416666666666666,0.0,0.0078125,0.5078125,0.484375,0.0,False,True
pusher64,K,7,5,32,0,0.484375,0.0,0.0,0.0,0.484375,0.515625,0.0,False,True
pusher64,K,7,6,32,1,0.421875,0.03125,0.0,0.0078125,0.4140625,0.578125,0.03125,False,True
pusher64,K,7,7,32,0,0.484375,0.0,0.0,0.0,0.484375,0.515625,0.0,False,True
pusher64,K,7,8,32,0,0.421875,0.0,0.0,0.0,0.421875,0.578125,0.0,False,True
pusher64,K,7,9,32,1,0.453125,0.03645833333333333,0.0,0.0234375,0.4296875,0.546875,0.03125,False,True
pusher64,K,7,10,32,1,0.5,0.015625,0.0,0.0078125,0.4921875,0.5,0.03125,False,True
pusher64,K,7,11,32,0,0.484375,0.0,0.0,0.0,0.484375,0.515625,0.0,False,True
pusher64,K,7,12,32,1,0.4765625,0.03125,0.0020833333333333333,0.0078125,0.46875,0.5234375,0.03125,False,True
pusher64,K,7,13,32,0,0.3828125,0.0078125,0.0,0.0078125,0.375,0.6171875,0.0,False,True
pusher64,K,7,14,32,0,0.5625,0.0,0.0,0.0,0.5625,0.4375,0.0,False,True
pusher64,K,7,15,32,0,0.390625,0.0,0.0,0.0,0.390625,0.609375,0.0,False,True
pusher64,K,7,16,32,0,0.453125,0.0,0.0,0.0,0.453125,0.546875,0.0,False,True
pusher64,K,7,17,32,0,0.5234375,0.0,0.0020833333333333333,0.0,0.5234375,0.4765625,0.0,False,True
pusher64,K,7,18,32,2,0.46875,0.03125,0.0,0.015625,0.453125,0.53125,0.0625,False,True
pusher64,K,7,19,32,0,0.4296875,0.0,0.005208333333333333,0.0,0.4296875,0.5703125,0.0,False,True
pusher64,K,7,20,32,0,0.4921875,0.0,0.0,0.0,0.4921875,0.5078125,0.0,False,True
pusher64,K,7,21,32,0,0.4921875,0.0,0.0062499999999999995,0.0,0.4921875,0.5078125,0.0,False,True
pusher64,K,7,22,32,0,0.5234375,0.0,0.0,0.0,0.5234375,0.4765625,0.0,False,True
pusher64,K,7,23,32,0,0.4453125,0.0,0.0010416666666666667,0.0,0.4453125,0.5546875,0.0,False,True
pusher64,K,7,24,32,0,0.4453125,0.0,0.0,0.0,0.4453125,0.5546875,0.0,False,True
pusher64,K,7,25,32,3,0.4375,0.0625,0.0010416666666666667,0.0234375,0.4140625,0.5625,0.09375,False,True
pusher64,K,7,26,32,1,0.3671875,0.026041666666666664,0.0,0.015625,0.3515625,0.6328125,0.03125,False,True
pusher64,K,7,27,32,0,0.546875,0.010416666666666666,0.0,0.0078125,0.5390625,0.453125,0.0,False,True
pusher64,K,7,28,32,0,0.375,0.0,0.0,0.0,0.375,0.625,0.0,False,True
pusher64,K,7,29,32,0,0.5078125,0.010416666666666666,0.0010416666666666667,0.0078125,0.5,0.4921875,0.0,False,True
pusher64,K,7,30,32,1,0.4453125,0.015625,0.0,0.0078125,0.4375,0.5546875,0.03125,False,True
pusher64,K,7,31,32,0,0.546875,0.0078125,0.0020833333333333333,0.0078125,0.5390625,0.453125,0.0,False,True
pusher64,K,7,32,32,0,0.4921875,0.0,0.0,0.0,0.4921875,0.5078125,0.0,False,True
pusher64,K,7,33,32,3,0.375,0.046875,0.0,0.0234375,0.3515625,0.625,0.09375,False,True
pusher64,K,7,34,32,1,0.453125,0.015625,0.0,0.0078125,0.4453125,0.546875,0.03125,False,True
pusher64,K,7,35,32,0,0.4765625,0.0,0.0,0.0,0.4765625,0.5234375,0.0,False,True
pusher64,K,7,36,32,0,0.390625,0.0,0.0,0.0,0.390625,0.609375,0.0,False,True
pusher64,K,7,37,32,0,0.484375,0.0,0.0010416666666666667,0.0,0.484375,0.515625,0.0,False,True
pusher64,K,7,38,32,0,0.4296875,0.0,0.0,0.0,0.4296875,0.5703125,0.0,False,True
pusher64,K,7,39,32,0,0.453125,0.0,0.0,0.0,0.453125,0.546875,0.0,False,True
pusher64,K,7,40,32,0,0.546875,0.0,0.0,0.0,0.546875,0.453125,0.0,False,True
pusher64,K,7,41,32,1,0.453125,0.015625,0.0,0.0078125,0.4453125,0.546875,0.03125,False,True
pusher64,K,7,42,32,0,0.484375,0.0,0.0020833333333333333,0.0,0.484375,0.515625,0.0,False,True
pusher64,K,7,43,32,0,0.546875,0.0078125,0.0062499999999999995,0.0078125,0.5390625,0.453125,0.0,False,True
pusher64,K,7,44,32,0,0.484375,0.0,0.0,0.0,0.484375,0.515625,0.0,False,True
pusher64,K,7,45,32,0,0.4921875,0.0,0.0,0.0,0.4921875,0.5078125,0.0,False,True
pusher64,K,7,46,32,0,0.5625,0.0,0.0,0.0,0.5625,0.4375,0.0,False,True
pusher64,K,7,47,32,0,0.484375,0.010416666666666666,0.0,0.0078125,0.4765625,0.515625,0.0,False,True
pusher64,K,7,48,32,0,0.40625,0.0,0.0,0.0,0.40625,0.59375,0.0,False,True
pusher64,K,7,49,32,1,0.40625,0.026041666666666664,0.0,0.015625,0.390625,0.59375,0.03125,False,True
pusher64,K,7,50,32,1,0.375,0.03125,0.0,0.0078125,0.3671875,0.625,0.03125,False,True
pusher64,K,7,51,32,0,0.515625,0.0,0.0,0.0,0.515625,0.484375,0.0,False,True
pusher64,K,7,52,32,0,0.4140625,0.0,0.0,0.0,0.4140625,0.5859375,0.0,False,True
pusher64,K,7,53,32,0,0.4609375,0.0,0.0,0.0,0.4609375,0.5390625,0.0,False,True
pusher64,K,7,54,32,0,0.4375,0.0,0.0020833333333333333,0.0,0.4375,0.5625,0.0,False,True
pusher64,K,7,55,32,0,0.59375,0.018229166666666664,0.008333333333333333,0.015625,0.578125,0.40625,0.0,False,True
pusher64,K,7,56,32,0,0.453125,0.0,0.0,0.0,0.453125,0.546875,0.0,False,True
pusher64,K,7,57,32,1,0.4296875,0.015625,0.0010416666666666667,0.0078125,0.421875,0.5703125,0.03125,False,True
pusher64,K,7,58,32,1,0.4453125,0.015625,0.0020833333333333333,0.0078125,0.4375,0.5546875,0.03125,False,True
pusher64,K,7,59,32,0,0.5234375,0.0,0.0010416666666666667,0.0,0.5234375,0.4765625,0.0,False,True
pusher64,K,7,60,32,0,0.6171875,0.0,0.0,0.0,0.6171875,0.3828125,0.0,False,True
pusher64,K,7,61,32,0,0.4375,0.0,0.0,0.0,0.4375,0.5625,0.0,False,True
pusher64,K,7,62,32,0,0.3671875,0.0,0.0,0.0,0.3671875,0.6328125,0.0,False,True
pusher64,K,7,63,32,0,0.4921875,0.0,0.0,0.0,0.4921875,0.5078125,0.0,False,True
pusher64,K,8,0,32,0,0.34375,0.0,0.002232142857142857,0.0,0.34375,0.65625,0.0,False,True
pusher64,K,8,1,32,0,0.328125,0.0,0.0,0.0,0.328125,0.671875,0.0,False,True
pusher64,K,8,2,32,0,0.40625,0.0,0.0,0.0,0.40625,0.59375,0.0,False,True
pusher64,K,8,3,32,0,0.3515625,0.0,0.005580357142857142,0.0,0.3515625,0.6484375,0.0,False,True
pusher64,K,8,4,32,0,0.453125,0.0,0.002232142857142857,0.0,0.453125,0.546875,0.0,False,True
pusher64,K,8,5,32,0,0.4375,0.0,0.0011160714285714285,0.0,0.4375,0.5625,0.0,False,True
pusher64,K,8,6,32,1,0.390625,0.03125,0.0,0.0078125,0.3828125,0.609375,0.03125,False,True
pusher64,K,8,7,32,0,0.453125,0.0,0.0011160714285714285,0.0,0.453125,0.546875,0.0,False,True
pusher64,K,8,8,32,0,0.390625,0.0,0.0011160714285714285,0.0,0.390625,0.609375,0.0,False,True
pusher64,K,8,9,32,0,0.40625,0.0,0.002232142857142857,0.0,0.40625,0.59375,0.0,False,True
pusher64,K,8,10,32,1,0.4921875,0.026041666666666664,0.0011160714285714285,0.015625,0.4765625,0.5078125,0.03125,False,True
pusher64,K,8,11,32,0,0.453125,0.0,0.0011160714285714285,0.0,0.453125,0.546875,0.0,False,True
pusher64,K,8,12,32,0,0.453125,0.0,0.0,0.0,0.453125,0.546875,0.0,False,True
pusher64,K,8,13,32,0,0.34375,0.0,0.0,0.0,0.34375,0.65625,0.0,False,True
pusher64,K,8,14,32,0,0.515625,0.0,0.0011160714285714285,0.0,0.515625,0.484375,0.0,False,True
pusher64,K,8,15,32,0,0.359375,0.0,0.0,0.0,0.359375,0.640625,0.0,False,True
pusher64,K,8,16,32,0,0.4140625,0.0,0.0,0.0,0.4140625,0.5859375,0.0,False,True
pusher64,K,8,17,32,0,0.4765625,0.015625,0.004464285714285714,0.0078125,0.46875,0.5234375,0.0,False,True
pusher64,K,8,18,32,2,0.4453125,0.03125,0.0011160714285714285,0.015625,0.4296875,0.5546875,0.0625,False,True
pusher64,K,8,19,32,0,0.375,0.0,0.004464285714285714,0.0,0.375,0.625,0.0,False,True
pusher64,K,8,20,32,0,0.4375,0.0,0.0,0.0,0.4375,0.5625,0.0,False,True
pusher64,K,8,21,32,0,0.4296875,0.010416666666666666,0.004464285714285714,0.0078125,0.421875,0.5703125,0.0,False,True
pusher64,K,8,22,32,0,0.5,0.0,0.0,0.0,0.5,0.5,0.0,False,True
pusher64,K,8,23,32,0,0.40625,0.0,0.0,0.0,0.40625,0.59375,0.0,False,True
pusher64,K,8,24,32,0,0.3984375,0.0,0.0,0.0,0.3984375,0.6015625,0.0,False,True
pusher64,K,8,25,32,1,0.4140625,0.015625,0.002232142857142857,0.0078125,0.40625,0.5859375,0.03125,False,True
pusher64,K,8,26,32,0,0.34375,0.0,0.0011160714285714285,0.0,0.34375,0.65625,0.0,False,True
pusher64,K,8,27,32,0,0.5,0.010416666666666666,0.0,0.0078125,0.4921875,0.5,0.0,False,True
pusher64,K,8,28,32,0,0.3125,0.0,0.0,0.0,0.3125,0.6875,0.0,False,True
pusher64,K,8,29,32,0,0.4375,0.0,0.002232142857142857,0.0,0.4375,0.5625,0.0,False,True
pusher64,K,8,30,32,0,0.390625,0.0,0.0,0.0,0.390625,0.609375,0.0,False,True
pusher64,K,8,31,32,0,0.5,0.0078125,0.002232142857142857,0.0078125,0.4921875,0.5,0.0,False,True
pusher64,K,8,32,32,0,0.4375,0.0,0.0011160714285714285,0.0,0.4375,0.5625,0.0,False,True
pusher64,K,8,33,32,3,0.3671875,0.046875,0.0,0.0234375,0.34375,0.6328125,0.09375,False,True
pusher64,K,8,34,32,0,0.4453125,0.0,0.0011160714285714285,0.0,0.4453125,0.5546875,0.0,False,True
pusher64,K,8,35,32,0,0.4453125,0.0,0.0,0.0,0.4453125,0.5546875,0.0,False,True
pusher64,K,8,36,32,0,0.359375,0.0,0.0011160714285714285,0.0,0.359375,0.640625,0.0,False,True
pusher64,K,8,37,32,0,0.4375,0.0,0.0,0.0,0.4375,0.5625,0.0,False,True
pusher64,K,8,38,32,0,0.3984375,0.0,0.0,0.0,0.3984375,0.6015625,0.0,False,True
pusher64,K,8,39,32,0,0.421875,0.0,0.0,0.0,0.421875,0.578125,0.0,False,True
pusher64,K,8,40,32,0,0.5,0.0,0.0,0.0,0.5,0.5,0.0,False,True
pusher64,K,8,41,32,0,0.4140625,0.0,0.0,0.0,0.4140625,0.5859375,0.0,False,True
pusher64,K,8,42,32,0,0.453125,0.0,0.0,0.0,0.453125,0.546875,0.0,False,True
pusher64,K,8,43,32,0,0.515625,0.0078125,0.0078125,0.0078125,0.5078125,0.484375,0.0,False,True
pusher64,K,8,44,32,0,0.4609375,0.0,0.0,0.0,0.4609375,0.5390625,0.0,False,True
pusher64,K,8,45,32,0,0.4453125,0.0,0.0011160714285714285,0.0,0.4453125,0.5546875,0.0,False,True
pusher64,K,8,46,32,0,0.546875,0.0,0.0011160714285714285,0.0,0.546875,0.453125,0.0,False,True
pusher64,K,8,47,32,0,0.421875,0.010416666666666666,0.0,0.0078125,0.4140625,0.578125,0.0,False,True
pusher64,K,8,48,32,0,0.3828125,0.0,0.0,0.0,0.3828125,0.6171875,0.0,False,True
pusher64,K,8,49,32,1,0.375,0.015625,0.0,0.0078125,0.3671875,0.625,0.03125,False,True
pusher64,K,8,50,32,0,0.34375,0.0,0.0,0.0,0.34375,0.65625,0.0,False,True
pusher64,K,8,51,32,0,0.4921875,0.0,0.0,0.0,0.4921875,0.5078125,0.0,False,True
pusher64,K,8,52,32,0,0.40625,0.0,0.0,0.0,0.40625,0.59375,0.0,False,True
pusher64,K,8,53,32,0,0.40625,0.0,0.0,0.0,0.40625,0.59375,0.0,False,True
pusher64,K,8,54,32,0,0.4140625,0.0,0.0,0.0,0.4140625,0.5859375,0.0,False,True
pusher64,K,8,55,32,0,0.5546875,0.0234375,0.0078125,0.015625,0.5390625,0.4453125,0.0,False,True
pusher64,K,8,56,32,0,0.4296875,0.0,0.0,0.0,0.4296875,0.5703125,0.0,False,True
pusher64,K,8,57,32,0,0.375,0.0,0.0,0.0,0.375,0.625,0.0,False,True
pusher64,K,8,58,32,0,0.4140625,0.0,0.0011160714285714285,0.0,0.4140625,0.5859375,0.0,False,True
pusher64,K,8,59,32,0,0.4765625,0.0,0.002232142857142857,0.0,0.4765625,0.5234375,0.0,False,True
pusher64,K,8,60,32,0,0.5703125,0.0,0.0011160714285714285,0.0,0.5703125,0.4296875,0.0,False,True
pusher64,K,8,61,32,0,0.40625,0.0,0.0,0.0,0.40625,0.59375,0.0,False,True
pusher64,K,8,62,32,0,0.3515625,0.0,0.0,0.0,0.3515625,0.6484375,0.0,False,True
pusher64,K,8,63,32,0,0.4609375,0.0,0.0,0.0,0.4609375,0.5390625,0.0,False,True
ret16,U,1,0,32,0,0.625,0.0,0.0,0.0,0.625,0.375,0.0,False,True
ret16,U,1,1,32,0,0.1328125,0.0,0.0,0.0,0.1328125,0.8671875,0.0,False,True
ret16,U,1,2,32,0,0.640625,0.0,0.0,0.0,0.640625,0.359375,0.0,False,True
ret16,U,1,3,32,0,0.0,0.0,0.0,0.0,0.0,1.0,0.0,False,True
ret16,U,1,4,32,0,0.1015625,0.0,0.0,0.0,0.1015625,0.8984375,0.0,False,True
ret16,U,1,5,32,0,0.03125,0.0,0.0,0.0,0.03125,0.96875,0.0,False,True
ret16,U,1,6,32,0,0.125,0.0,0.0,0.0,0.125,0.875,0.0,False,True
ret16,U,1,7,32,0,0.0625,0.0,0.0,0.0,0.0625,0.9375,0.0,False,True
ret16,U,1,8,32,0,1.0,0.0,0.0,0.0,1.0,0.0,0.0,False,False
ret16,U,1,9,32,0,1.0,0.0,0.0,0.0,1.0,0.0,0.0,False,False
ret16,U,1,10,32,0,1.0,0.0,0.0,0.0,1.0,0.0,0.0,False,False
ret16,U,1,11,32,0,1.0,0.0,0.0,0.0,1.0,0.0,0.0,False,False
ret16,U,1,12,32,0,1.0,0.0,0.0,0.0,1.0,0.0,0.0,False,False
ret16,U,1,13,32,0,1.0,0.0,0.0,0.0,1.0,0.0,0.0,False,False
ret16,U,1,14,32,0,1.0,0.0,0.0,0.0,1.0,0.0,0.0,False,False
ret16,U,1,15,32,0,1.0,0.0,0.0,0.0,1.0,0.0,0.0,False,False
ret16,U,2,0,32,0,0.625,0.0,0.0,0.0,0.625,0.375,0.0,False,True
ret16,U,2,1,32,0,0.1328125,0.0,0.0,0.0,0.1328125,0.8671875,0.0,False,True
ret16,U,2,2,32,0,0.640625,0.0,0.0,0.0,0.640625,0.359375,0.0,False,True
ret16,U,2,3,32,0,0.0,0.0,0.0,0.0,0.0,1.0,0.0,False,True
ret16,U,2,4,32,0,0.1015625,0.0,0.0,0.0,0.1015625,0.8984375,0.0,False,True
ret16,U,2,5,32,0,0.03125,0.0,0.0,0.0,0.03125,0.96875,0.0,False,True
ret16,U,2,6,32,0,0.125,0.0,0.0,0.0,0.125,0.875,0.0,False,True
ret16,U,2,7,32,0,0.0625,0.0,0.0,0.0,0.0625,0.9375,0.0,False,True
ret16,U,2,8,32,0,1.0,0.0,0.0,0.0,1.0,0.0,0.0,False,False
ret16,U,2,9,32,0,1.0,0.0,0.0,0.0,1.0,0.0,0.0,False,False
ret16,U,2,10,32,0,1.0,0.0,0.0,0.0,1.0,0.0,0.0,False,False
ret16,U,2,11,32,0,1.0,0.0,0.0,0.0,1.0,0.0,0.0,False,False
ret16,U,2,12,32,0,1.0,0.0,0.0,0.0,1.0,0.0,0.0,False,False
ret16,U,2,13,32,0,1.0,0.0,0.0,0.0,1.0,0.0,0.0,False,False
ret16,U,2,14,32,0,1.0,0.0,0.0,0.0,1.0,0.0,0.0,False,False
ret16,U,2,15,32,0,1.0,0.0,0.0,0.0,1.0,0.0,0.0,False,False
ret16,U,3,0,32,0,0.625,0.0,0.0,0.0,0.625,0.375,0.0,False,True
ret16,U,3,1,32,0,0.1328125,0.0,0.0,0.0,0.1328125,0.8671875,0.0,False,True
ret16,U,3,2,32,0,0.640625,0.0,0.0,0.0,0.640625,0.359375,0.0,False,True
ret16,U,3,3,32,0,0.0,0.0,0.0,0.0,0.0,1.0,0.0,False,True
ret16,U,3,4,32,0,0.1015625,0.0,0.0,0.0,0.1015625,0.8984375,0.0,False,True
ret16,U,3,5,32,0,0.03125,0.0,0.0,0.0,0.03125,0.96875,0.0,False,True
ret16,U,3,6,32,0,0.125,0.0,0.0,0.0,0.125,0.875,0.0,False,True
ret16,U,3,7,32,0,0.0625,0.0,0.0,0.0,0.0625,0.9375,0.0,False,True
ret16,U,3,8,32,0,1.0,0.0,0.0,0.0,1.0,0.0,0.0,False,False
ret16,U,3,9,32,0,1.0,0.0,0.0,0.0,1.0,0.0,0.0,False,False
ret16,U,3,10,32,0,1.0,0.0,0.0,0.0,1.0,0.0,0.0,False,False
ret16,U,3,11,32,0,1.0,0.0,0.0,0.0,1.0,0.0,0.0,False,False
ret16,U,3,12,32,0,1.0,0.0,0.0,0.0,1.0,0.0,0.0,False,False
ret16,U,3,13,32,0,1.0,0.0,0.0,0.0,1.0,0.0,0.0,False,False
ret16,U,3,14,32,0,1.0,0.0,0.0,0.0,1.0,0.0,0.0,False,False
ret16,U,3,15,32,0,1.0,0.0,0.0,0.0,1.0,0.0,0.0,False,False
ret16,U,4,0,32,0,0.625,0.0,0.0,0.0,0.625,0.375,0.0,False,True
ret16,U,4,1,32,0,0.1328125,0.0,0.0,0.0,0.1328125,0.8671875,0.0,False,True
ret16,U,4,2,32,0,0.640625,0.0,0.0,0.0,0.640625,0.359375,0.0,False,True
ret16,U,4,3,32,0,0.0,0.0,0.0,0.0,0.0,1.0,0.0,False,True
ret16,U,4,4,32,0,0.1015625,0.0,0.0,0.0,0.1015625,0.8984375,0.0,False,True
ret16,U,4,5,32,0,0.03125,0.0,0.0,0.0,0.03125,0.96875,0.0,False,True
ret16,U,4,6,32,0,0.125,0.0,0.0,0.0,0.125,0.875,0.0,False,True
ret16,U,4,7,32,0,0.0625,0.0,0.0,0.0,0.0625,0.9375,0.0,False,True
ret16,U,4,8,32,0,1.0,0.0,0.0,0.0,1.0,0.0,0.0,False,False
ret16,U,4,9,32,0,1.0,0.0,0.0,0.0,1.0,0.0,0.0,False,False
ret16,U,4,10,32,0,1.0,0.0,0.0,0.0,1.0,0.0,0.0,False,False
ret16,U,4,11,32,0,1.0,0.0,0.0,0.0,1.0,0.0,0.0,False,False
ret16,U,4,12,32,0,1.0,0.0,0.0,0.0,1.0,0.0,0.0,False,False
ret16,U,4,13,32,0,1.0,0.0,0.0,0.0,1.0,0.0,0.0,False,False
ret16,U,4,14,32,0,1.0,0.0,0.0,0.0,1.0,0.0,0.0,False,False
ret16,U,4,15,32,0,1.0,0.0,0.0,0.0,1.0,0.0,0.0,False,False
ret16,U,5,0,32,0,0.625,0.0,0.0,0.0,0.625,0.375,0.0,False,True
ret16,U,5,1,32,0,0.1328125,0.0,0.0,0.0,0.1328125,0.8671875,0.0,False,True
ret16,U,5,2,32,0,0.640625,0.0,0.0,0.0,0.640625,0.359375,0.0,False,True
ret16,U,5,3,32,0,0.0,0.0,0.0,0.0,0.0,1.0,0.0,False,True
ret16,U,5,4,32,0,0.1015625,0.0,0.0,0.0,0.1015625,0.8984375,0.0,False,True
ret16,U,5,5,32,0,0.03125,0.0,0.0,0.0,0.03125,0.96875,0.0,False,True
ret16,U,5,6,32,0,0.125,0.0,0.0,0.0,0.125,0.875,0.0,False,True
ret16,U,5,7,32,0,0.0625,0.0,0.0,0.0,0.0625,0.9375,0.0,False,True
ret16,U,5,8,32,0,1.0,0.0,0.0,0.0,1.0,0.0,0.0,False,False
ret16,U,5,9,32,0,1.0,0.0,0.0,0.0,1.0,0.0,0.0,False,False
ret16,U,5,10,32,0,1.0,0.0,0.0,0.0,1.0,0.0,0.0,False,False
ret16,U,5,11,32,0,1.0,0.0,0.0,0.0,1.0,0.0,0.0,False,False
ret16,U,5,12,32,0,1.0,0.0,0.0,0.0,1.0,0.0,0.0,False,False
ret16,U,5,13,32,0,1.0,0.0,0.0,0.0,1.0,0.0,0.0,False,False
ret16,U,5,14,32,0,1.0,0.0,0.0,0.0,1.0,0.0,0.0,False,False
ret16,U,5,15,32,0,1.0,0.0,0.0,0.0,1.0,0.0,0.0,False,False
ret16,U,6,0,32,0,0.625,0.0,0.0,0.0,0.625,0.375,0.0,False,True
ret16,U,6,1,32,0,0.1328125,0.0,0.0,0.0,0.1328125,0.8671875,0.0,False,True
ret16,U,6,2,32,0,0.640625,0.0,0.0,0.0,0.640625,0.359375,0.0,False,True
ret16,U,6,3,32,0,0.0,0.0,0.0,0.0,0.0,1.0,0.0,False,True
ret16,U,6,4,32,0,0.1015625,0.0,0.0,0.0,0.1015625,0.8984375,0.0,False,True
ret16,U,6,5,32,0,0.03125,0.0,0.0,0.0,0.03125,0.96875,0.0,False,True
ret16,U,6,6,32,0,0.125,0.0,0.0,0.0,0.125,0.875,0.0,False,True
ret16,U,6,7,32,0,0.0625,0.0,0.0,0.0,0.0625,0.9375,0.0,False,True
ret16,U,6,8,32,0,1.0,0.0,0.0,0.0,1.0,0.0,0.0,False,False
ret16,U,6,9,32,0,1.0,0.0,0.0,0.0,1.0,0.0,0.0,False,False
ret16,U,6,10,32,0,1.0,0.0,0.0,0.0,1.0,0.0,0.0,False,False
ret16,U,6,11,32,0,1.0,0.0,0.0,0.0,1.0,0.0,0.0,False,False
ret16,U,6,12,32,0,1.0,0.0,0.0,0.0,1.0,0.0,0.0,False,False
ret16,U,6,13,32,0,1.0,0.0,0.0,0.0,1.0,0.0,0.0,False,False
ret16,U,6,14,32,0,1.0,0.0,0.0,0.0,1.0,0.0,0.0,False,False
ret16,U,6,15,32,0,1.0,0.0,0.0,0.0,1.0,0.0,0.0,False,False
ret16,U,7,0,32,0,0.625,0.0,0.0,0.0,0.625,0.375,0.0,False,True
ret16,U,7,1,32,0,0.1328125,0.0,0.0,0.0,0.1328125,0.8671875,0.0,False,True
ret16,U,7,2,32,0,0.640625,0.0,0.0,0.0,0.640625,0.359375,0.0,False,True
ret16,U,7,3,32,0,0.0,0.0,0.0,0.0,0.0,1.0,0.0,False,True
ret16,U,7,4,32,0,0.1015625,0.0,0.0,0.0,0.1015625,0.8984375,0.0,False,True
ret16,U,7,5,32,0,0.03125,0.0,0.0,0.0,0.03125,0.96875,0.0,False,True
ret16,U,7,6,32,0,0.125,0.0,0.0,0.0,0.125,0.875,0.0,False,True
ret16,U,7,7,32,0,0.0625,0.0,0.0,0.0,0.0625,0.9375,0.0,False,True
ret16,U,7,8,32,0,1.0,0.0,0.0,0.0,1.0,0.0,0.0,False,False
ret16,U,7,9,32,0,1.0,0.0,0.0,0.0,1.0,0.0,0.0,False,False
ret16,U,7,10,32,0,1.0,0.0,0.0,0.0,1.0,0.0,0.0,False,False
ret16,U,7,11,32,0,1.0,0.0,0.0,0.0,1.0,0.0,0.0,False,False
ret16,U,7,12,32,0,1.0,0.0,0.0,0.0,1.0,0.0,0.0,False,False
ret16,U,7,13,32,0,1.0,0.0,0.0,0.0,1.0,0.0,0.0,False,False
ret16,U,7,14,32,0,1.0,0.0,0.0,0.0,1.0,0.0,0.0,False,False
ret16,U,7,15,32,0,1.0,0.0,0.0,0.0,1.0,0.0,0.0,False,False
ret16,U,8,0,32,0,0.625,0.0,0.0,0.0,0.625,0.375,0.0,False,True
ret16,U,8,1,32,0,0.1328125,0.0,0.0,0.0,0.1328125,0.8671875,0.0,False,True
ret16,U,8,2,32,0,0.640625,0.0,0.0,0.0,0.640625,0.359375,0.0,False,True
ret16,U,8,3,32,0,0.0,0.0,0.0,0.0,0.0,1.0,0.0,False,True
ret16,U,8,4,32,0,0.1015625,0.0,0.0,0.0,0.1015625,0.8984375,0.0,False,True
ret16,U,8,5,32,0,0.03125,0.0,0.0,0.0,0.03125,0.96875,0.0,False,True
ret16,U,8,6,32,0,0.125,0.0,0.0,0.0,0.125,0.875,0.0,False,True
ret16,U,8,7,32,0,0.0625,0.0,0.0,0.0,0.0625,0.9375,0.0,False,True
ret16,U,8,8,32,0,1.0,0.0,0.0,0.0,1.0,0.0,0.0,False,False
ret16,U,8,9,32,0,1.0,0.0,0.0,0.0,1.0,0.0,0.0,False,False
ret16,U,8,10,32,0,1.0,0.0,0.0,0.0,1.0,0.0,0.0,False,False
ret16,U,8,11,32,0,1.0,0.0,0.0,0.0,1.0,0.0,0.0,False,False
ret16,U,8,12,32,0,1.0,0.0,0.0,0.0,1.0,0.0,0.0,False,False
ret16,U,8,13,32,0,1.0,0.0,0.0,0.0,1.0,0.0,0.0,False,False
ret16,U,8,14,32,0,1.0,0.0,0.0,0.0,1.0,0.0,0.0,False,False
ret16,U,8,15,32,0,1.0,0.0,0.0,0.0,1.0,0.0,0.0,False,False
ldir32,U,1,0,32,3,0.25,0.09375,0.0,0.09375,0.15625,0.75,0.09375,False,True
ldir32,U,1,1,32,9,0.1796875,0.265625,0.0,0.171875,0.0078125,0.8203125,0.28125,False,True
ldir32,U,1,2,32,0,0.015625,0.0,0.0,0.0,0.015625,0.984375,0.0,False,True
ldir32,U,1,3,32,0,0.0,0.0,0.0,0.0,0.0,1.0,0.0,False,True
ldir32,U,1,4,32,0,1.0,0.0,0.0,0.0,1.0,0.0,0.0,False,False
ldir32,U,1,5,32,0,1.0,0.0,0.0,0.0,1.0,0.0,0.0,False,False
ldir32,U,1,6,32,0,1.0,0.0,0.0,0.0,1.0,0.0,0.0,False,False
ldir32,U,1,7,32,0,1.0,0.0,0.0,0.0,1.0,0.0,0.0,False,False
ldir32,U,1,8,32,0,1.0,0.0,0.0,0.0,1.0,0.0,0.0,False,False
ldir32,U,1,9,32,0,1.0,0.0,0.0,0.0,1.0,0.0,0.0,False,False
ldir32,U,1,10,32,0,1.0,0.0,0.0,0.0,1.0,0.0,0.0,False,False
ldir32,U,1,11,32,0,1.0,0.0,0.0,0.0,1.0,0.0,0.0,False,False
ldir32,U,1,12,32,0,1.0,0.0,0.0,0.0,1.0,0.0,0.0,False,False
ldir32,U,1,13,32,0,1.0,0.0,0.0,0.0,1.0,0.0,0.0,False,False
ldir32,U,1,14,32,0,1.0,0.0,0.0,0.0,1.0,0.0,0.0,False,False
ldir32,U,1,15,32,0,1.0,0.0,0.0,0.0,1.0,0.0,0.0,False,False
ldir32,U,1,16,32,0,1.0,0.0,0.0,0.0,1.0,0.0,0.0,False,False
ldir32,U,1,17,32,0,1.0,0.0,0.0,0.0,1.0,0.0,0.0,False,False
ldir32,U,1,18,32,0,1.0,0.0,0.0,0.0,1.0,0.0,0.0,False,False
ldir32,U,1,19,32,0,1.0,0.0,0.0,0.0,1.0,0.0,0.0,False,False
ldir32,U,1,20,32,0,1.0,0.0,0.0,0.0,1.0,0.0,0.0,False,False
ldir32,U,1,21,32,0,1.0,0.0,0.0,0.0,1.0,0.0,0.0,False,False
ldir32,U,1,22,32,0,1.0,0.0,0.0,0.0,1.0,0.0,0.0,False,False
ldir32,U,1,23,32,0,1.0,0.0,0.0,0.0,1.0,0.0,0.0,False,False
ldir32,U,1,24,32,0,1.0,0.0,0.0,0.0,1.0,0.0,0.0,False,False
ldir32,U,1,25,32,0,1.0,0.0,0.0,0.0,1.0,0.0,0.0,False,False
ldir32,U,1,26,32,0,1.0,0.0,0.0,0.0,1.0,0.0,0.0,False,False
ldir32,U,1,27,32,0,1.0,0.0,0.0,0.0,1.0,0.0,0.0,False,False
ldir32,U,1,28,32,0,1.0,0.0,0.0,0.0,1.0,0.0,0.0,False,False
ldir32,U,1,29,32,0,1.0,0.0,0.0,0.0,1.0,0.0,0.0,False,False
ldir32,U,1,30,32,0,1.0,0.0,0.0,0.0,1.0,0.0,0.0,False,False
ldir32,U,1,31,32,0,1.0,0.0,0.0,0.0,1.0,0.0,0.0,False,False
ldir32,U,2,0,32,3,0.109375,0.09375,0.0,0.09375,0.015625,0.890625,0.09375,False,True
ldir32,U,2,1,32,0,0.0,0.0,0.0,0.0,0.0,1.0,0.0,False,True
ldir32,U,2,2,32,0,0.0078125,0.0,0.0,0.0,0.0078125,0.9921875,0.0,False,True
ldir32,U,2,3,32,0,0.0,0.0,0.0,0.0,0.0,1.0,0.0,False,True
ldir32,U,2,4,32,0,1.0,0.0,0.0,0.0,1.0,0.0,0.0,False,False
ldir32,U,2,5,32,0,1.0,0.0,0.0,0.0,1.0,0.0,0.0,False,False
ldir32,U,2,6,32,0,1.0,0.0,0.0,0.0,1.0,0.0,0.0,False,False
ldir32,U,2,7,32,0,1.0,0.0,0.0,0.0,1.0,0.0,0.0,False,False
ldir32,U,2,8,32,0,1.0,0.0,0.0,0.0,1.0,0.0,0.0,False,False
ldir32,U,2,9,32,0,1.0,0.0,0.0,0.0,1.0,0.0,0.0,False,False
ldir32,U,2,10,32,0,1.0,0.0,0.0,0.0,1.0,0.0,0.0,False,False
ldir32,U,2,11,32,0,1.0,0.0,0.0,0.0,1.0,0.0,0.0,False,False
ldir32,U,2,12,32,0,1.0,0.0,0.0,0.0,1.0,0.0,0.0,False,False
ldir32,U,2,13,32,0,1.0,0.0,0.0,0.0,1.0,0.0,0.0,False,False
ldir32,U,2,14,32,0,1.0,0.0,0.0,0.0,1.0,0.0,0.0,False,False
ldir32,U,2,15,32,0,1.0,0.0,0.0,0.0,1.0,0.0,0.0,False,False
ldir32,U,2,16,32,0,1.0,0.0,0.0,0.0,1.0,0.0,0.0,False,False
ldir32,U,2,17,32,0,1.0,0.0,0.0,0.0,1.0,0.0,0.0,False,False
ldir32,U,2,18,32,0,1.0,0.0,0.0,0.0,1.0,0.0,0.0,False,False
ldir32,U,2,19,32,0,1.0,0.0,0.0,0.0,1.0,0.0,0.0,False,False
ldir32,U,2,20,32,0,1.0,0.0,0.0,0.0,1.0,0.0,0.0,False,False
ldir32,U,2,21,32,0,1.0,0.0,0.0,0.0,1.0,0.0,0.0,False,False
ldir32,U,2,22,32,0,1.0,0.0,0.0,0.0,1.0,0.0,0.0,False,False
ldir32,U,2,23,32,0,1.0,0.0,0.0,0.0,1.0,0.0,0.0,False,False
ldir32,U,2,24,32,0,1.0,0.0,0.0,0.0,1.0,0.0,0.0,False,False
ldir32,U,2,25,32,0,1.0,0.0,0.0,0.0,1.0,0.0,0.0,False,False
ldir32,U,2,26,32,0,1.0,0.0,0.0,0.0,1.0,0.0,0.0,False,False
ldir32,U,2,27,32,0,1.0,0.0,0.0,0.0,1.0,0.0,0.0,False,False
ldir32,U,2,28,32,0,1.0,0.0,0.0,0.0,1.0,0.0,0.0,False,False
ldir32,U,2,29,32,0,1.0,0.0,0.0,0.0,1.0,0.0,0.0,False,False
ldir32,U,2,30,32,0,1.0,0.0,0.0,0.0,1.0,0.0,0.0,False,False
ldir32,U,2,31,32,0,1.0,0.0,0.0,0.0,1.0,0.0,0.0,False,False
ldir32,U,3,0,32,3,0.109375,0.09375,0.0,0.09375,0.015625,0.890625,0.09375,False,True
ldir32,U,3,1,32,0,0.0,0.0,0.0,0.0,0.0,1.0,0.0,False,True
ldir32,U,3,2,32,0,0.0078125,0.0,0.0,0.0,0.0078125,0.9921875,0.0,False,True
ldir32,U,3,3,32,0,0.0,0.0,0.0,0.0,0.0,1.0,0.0,False,True
ldir32,U,3,4,32,0,1.0,0.0,0.0,0.0,1.0,0.0,0.0,False,False
ldir32,U,3,5,32,0,1.0,0.0,0.0,0.0,1.0,0.0,0.0,False,False
ldir32,U,3,6,32,0,1.0,0.0,0.0,0.0,1.0,0.0,0.0,False,False
ldir32,U,3,7,32,0,1.0,0.0,0.0,0.0,1.0,0.0,0.0,False,False
ldir32,U,3,8,32,0,1.0,0.0,0.0,0.0,1.0,0.0,0.0,False,False
ldir32,U,3,9,32,0,1.0,0.0,0.0,0.0,1.0,0.0,0.0,False,False
ldir32,U,3,10,32,0,1.0,0.0,0.0,0.0,1.0,0.0,0.0,False,False
ldir32,U,3,11,32,0,1.0,0.0,0.0,0.0,1.0,0.0,0.0,False,False
ldir32,U,3,12,32,0,1.0,0.0,0.0,0.0,1.0,0.0,0.0,False,False
ldir32,U,3,13,32,0,1.0,0.0,0.0,0.0,1.0,0.0,0.0,False,False
ldir32,U,3,14,32,0,1.0,0.0,0.0,0.0,1.0,0.0,0.0,False,False
ldir32,U,3,15,32,0,1.0,0.0,0.0,0.0,1.0,0.0,0.0,False,False
ldir32,U,3,16,32,0,1.0,0.0,0.0,0.0,1.0,0.0,0.0,False,False
ldir32,U,3,17,32,0,1.0,0.0,0.0,0.0,1.0,0.0,0.0,False,False
ldir32,U,3,18,32,0,1.0,0.0,0.0,0.0,1.0,0.0,0.0,False,False
ldir32,U,3,19,32,0,1.0,0.0,0.0,0.0,1.0,0.0,0.0,False,False
ldir32,U,3,20,32,0,1.0,0.0,0.0,0.0,1.0,0.0,0.0,False,False
ldir32,U,3,21,32,0,1.0,0.0,0.0,0.0,1.0,0.0,0.0,False,False
ldir32,U,3,22,32,0,1.0,0.0,0.0,0.0,1.0,0.0,0.0,False,False
ldir32,U,3,23,32,0,1.0,0.0,0.0,0.0,1.0,0.0,0.0,False,False
ldir32,U,3,24,32,0,1.0,0.0,0.0,0.0,1.0,0.0,0.0,False,False
ldir32,U,3,25,32,0,1.0,0.0,0.0,0.0,1.0,0.0,0.0,False,False
ldir32,U,3,26,32,0,1.0,0.0,0.0,0.0,1.0,0.0,0.0,False,False
ldir32,U,3,27,32,0,1.0,0.0,0.0,0.0,1.0,0.0,0.0,False,False
ldir32,U,3,28,32,0,1.0,0.0,0.0,0.0,1.0,0.0,0.0,False,False
ldir32,U,3,29,32,0,1.0,0.0,0.0,0.0,1.0,0.0,0.0,False,False
ldir32,U,3,30,32,0,1.0,0.0,0.0,0.0,1.0,0.0,0.0,False,False
ldir32,U,3,31,32,0,1.0,0.0,0.0,0.0,1.0,0.0,0.0,False,False
ldir32,U,4,0,32,3,0.109375,0.09375,0.0,0.09375,0.015625,0.890625,0.09375,False,True
ldir32,U,4,1,32,0,0.0,0.0,0.0,0.0,0.0,1.0,0.0,False,True
ldir32,U,4,2,32,0,0.0078125,0.0,0.0,0.0,0.0078125,0.9921875,0.0,False,True
ldir32,U,4,3,32,0,0.0,0.0,0.0,0.0,0.0,1.0,0.0,False,True
ldir32,U,4,4,32,0,1.0,0.0,0.0,0.0,1.0,0.0,0.0,False,False
ldir32,U,4,5,32,0,1.0,0.0,0.0,0.0,1.0,0.0,0.0,False,False
ldir32,U,4,6,32,0,1.0,0.0,0.0,0.0,1.0,0.0,0.0,False,False
ldir32,U,4,7,32,0,1.0,0.0,0.0,0.0,1.0,0.0,0.0,False,False
ldir32,U,4,8,32,0,1.0,0.0,0.0,0.0,1.0,0.0,0.0,False,False
ldir32,U,4,9,32,0,1.0,0.0,0.0,0.0,1.0,0.0,0.0,False,False
ldir32,U,4,10,32,0,1.0,0.0,0.0,0.0,1.0,0.0,0.0,False,False
ldir32,U,4,11,32,0,1.0,0.0,0.0,0.0,1.0,0.0,0.0,False,False
ldir32,U,4,12,32,0,1.0,0.0,0.0,0.0,1.0,0.0,0.0,False,False
ldir32,U,4,13,32,0,1.0,0.0,0.0,0.0,1.0,0.0,0.0,False,False
ldir32,U,4,14,32,0,1.0,0.0,0.0,0.0,1.0,0.0,0.0,False,False
ldir32,U,4,15,32,0,1.0,0.0,0.0,0.0,1.0,0.0,0.0,False,False
ldir32,U,4,16,32,0,1.0,0.0,0.0,0.0,1.0,0.0,0.0,False,False
ldir32,U,4,17,32,0,1.0,0.0,0.0,0.0,1.0,0.0,0.0,False,False
ldir32,U,4,18,32,0,1.0,0.0,0.0,0.0,1.0,0.0,0.0,False,False
ldir32,U,4,19,32,0,1.0,0.0,0.0,0.0,1.0,0.0,0.0,False,False
ldir32,U,4,20,32,0,1.0,0.0,0.0,0.0,1.0,0.0,0.0,False,False
ldir32,U,4,21,32,0,1.0,0.0,0.0,0.0,1.0,0.0,0.0,False,False
ldir32,U,4,22,32,0,1.0,0.0,0.0,0.0,1.0,0.0,0.0,False,False
ldir32,U,4,23,32,0,1.0,0.0,0.0,0.0,1.0,0.0,0.0,False,False
ldir32,U,4,24,32,0,1.0,0.0,0.0,0.0,1.0,0.0,0.0,False,False
ldir32,U,4,25,32,0,1.0,0.0,0.0,0.0,1.0,0.0,0.0,False,False
ldir32,U,4,26,32,0,1.0,0.0,0.0,0.0,1.0,0.0,0.0,False,False
ldir32,U,4,27,32,0,1.0,0.0,0.0,0.0,1.0,0.0,0.0,False,False
ldir32,U,4,28,32,0,1.0,0.0,0.0,0.0,1.0,0.0,0.0,False,False
ldir32,U,4,29,32,0,1.0,0.0,0.0,0.0,1.0,0.0,0.0,False,False
ldir32,U,4,30,32,0,1.0,0.0,0.0,0.0,1.0,0.0,0.0,False,False
ldir32,U,4,31,32,0,1.0,0.0,0.0,0.0,1.0,0.0,0.0,False,False
ldir32,U,5,0,32,3,0.109375,0.09375,0.0,0.09375,0.015625,0.890625,0.09375,False,True
ldir32,U,5,1,32,0,0.0,0.0,0.0,0.0,0.0,1.0,0.0,False,True
ldir32,U,5,2,32,0,0.0078125,0.0,0.0,0.0,0.0078125,0.9921875,0.0,False,True
ldir32,U,5,3,32,0,0.0,0.0,0.0,0.0,0.0,1.0,0.0,False,True
ldir32,U,5,4,32,0,1.0,0.0,0.0,0.0,1.0,0.0,0.0,False,False
ldir32,U,5,5,32,0,1.0,0.0,0.0,0.0,1.0,0.0,0.0,False,False
ldir32,U,5,6,32,0,1.0,0.0,0.0,0.0,1.0,0.0,0.0,False,False
ldir32,U,5,7,32,0,1.0,0.0,0.0,0.0,1.0,0.0,0.0,False,False
ldir32,U,5,8,32,0,1.0,0.0,0.0,0.0,1.0,0.0,0.0,False,False
ldir32,U,5,9,32,0,1.0,0.0,0.0,0.0,1.0,0.0,0.0,False,False
ldir32,U,5,10,32,0,1.0,0.0,0.0,0.0,1.0,0.0,0.0,False,False
ldir32,U,5,11,32,0,1.0,0.0,0.0,0.0,1.0,0.0,0.0,False,False
ldir32,U,5,12,32,0,1.0,0.0,0.0,0.0,1.0,0.0,0.0,False,False
ldir32,U,5,13,32,0,1.0,0.0,0.0,0.0,1.0,0.0,0.0,False,False
ldir32,U,5,14,32,0,1.0,0.0,0.0,0.0,1.0,0.0,0.0,False,False
ldir32,U,5,15,32,0,1.0,0.0,0.0,0.0,1.0,0.0,0.0,False,False
ldir32,U,5,16,32,0,1.0,0.0,0.0,0.0,1.0,0.0,0.0,False,False
ldir32,U,5,17,32,0,1.0,0.0,0.0,0.0,1.0,0.0,0.0,False,False
ldir32,U,5,18,32,0,1.0,0.0,0.0,0.0,1.0,0.0,0.0,False,False
ldir32,U,5,19,32,0,1.0,0.0,0.0,0.0,1.0,0.0,0.0,False,False
ldir32,U,5,20,32,0,1.0,0.0,0.0,0.0,1.0,0.0,0.0,False,False
ldir32,U,5,21,32,0,1.0,0.0,0.0,0.0,1.0,0.0,0.0,False,False
ldir32,U,5,22,32,0,1.0,0.0,0.0,0.0,1.0,0.0,0.0,False,False
ldir32,U,5,23,32,0,1.0,0.0,0.0,0.0,1.0,0.0,0.0,False,False
ldir32,U,5,24,32,0,1.0,0.0,0.0,0.0,1.0,0.0,0.0,False,False
ldir32,U,5,25,32,0,1.0,0.0,0.0,0.0,1.0,0.0,0.0,False,False
ldir32,U,5,26,32,0,1.0,0.0,0.0,0.0,1.0,0.0,0.0,False,False
ldir32,U,5,27,32,0,1.0,0.0,0.0,0.0,1.0,0.0,0.0,False,False
ldir32,U,5,28,32,0,1.0,0.0,0.0,0.0,1.0,0.0,0.0,False,False
ldir32,U,5,29,32,0,1.0,0.0,0.0,0.0,1.0,0.0,0.0,False,False
ldir32,U,5,30,32,0,1.0,0.0,0.0,0.0,1.0,0.0,0.0,False,False
ldir32,U,5,31,32,0,1.0,0.0,0.0,0.0,1.0,0.0,0.0,False,False
ldir32,U,6,0,32,3,0.109375,0.09375,0.0,0.09375,0.015625,0.890625,0.09375,False,True
ldir32,U,6,1,32,0,0.0,0.0,0.0,0.0,0.0,1.0,0.0,False,True
ldir32,U,6,2,32,0,0.0078125,0.0,0.0,0.0,0.0078125,0.9921875,0.0,False,True
ldir32,U,6,3,32,0,0.0,0.0,0.0,0.0,0.0,1.0,0.0,False,True
ldir32,U,6,4,32,0,1.0,0.0,0.0,0.0,1.0,0.0,0.0,False,False
ldir32,U,6,5,32,0,1.0,0.0,0.0,0.0,1.0,0.0,0.0,False,False
ldir32,U,6,6,32,0,1.0,0.0,0.0,0.0,1.0,0.0,0.0,False,False
ldir32,U,6,7,32,0,1.0,0.0,0.0,0.0,1.0,0.0,0.0,False,False
ldir32,U,6,8,32,0,1.0,0.0,0.0,0.0,1.0,0.0,0.0,False,False
ldir32,U,6,9,32,0,1.0,0.0,0.0,0.0,1.0,0.0,0.0,False,False
ldir32,U,6,10,32,0,1.0,0.0,0.0,0.0,1.0,0.0,0.0,False,False
ldir32,U,6,11,32,0,1.0,0.0,0.0,0.0,1.0,0.0,0.0,False,False
ldir32,U,6,12,32,0,1.0,0.0,0.0,0.0,1.0,0.0,0.0,False,False
ldir32,U,6,13,32,0,1.0,0.0,0.0,0.0,1.0,0.0,0.0,False,False
ldir32,U,6,14,32,0,1.0,0.0,0.0,0.0,1.0,0.0,0.0,False,False
ldir32,U,6,15,32,0,1.0,0.0,0.0,0.0,1.0,0.0,0.0,False,False
ldir32,U,6,16,32,0,1.0,0.0,0.0,0.0,1.0,0.0,0.0,False,False
ldir32,U,6,17,32,0,1.0,0.0,0.0,0.0,1.0,0.0,0.0,False,False
ldir32,U,6,18,32,0,1.0,0.0,0.0,0.0,1.0,0.0,0.0,False,False
ldir32,U,6,19,32,0,1.0,0.0,0.0,0.0,1.0,0.0,0.0,False,False
ldir32,U,6,20,32,0,1.0,0.0,0.0,0.0,1.0,0.0,0.0,False,False
ldir32,U,6,21,32,0,1.0,0.0,0.0,0.0,1.0,0.0,0.0,False,False
ldir32,U,6,22,32,0,1.0,0.0,0.0,0.0,1.0,0.0,0.0,False,False
ldir32,U,6,23,32,0,1.0,0.0,0.0,0.0,1.0,0.0,0.0,False,False
ldir32,U,6,24,32,0,1.0,0.0,0.0,0.0,1.0,0.0,0.0,False,False
ldir32,U,6,25,32,0,1.0,0.0,0.0,0.0,1.0,0.0,0.0,False,False
ldir32,U,6,26,32,0,1.0,0.0,0.0,0.0,1.0,0.0,0.0,False,False
ldir32,U,6,27,32,0,1.0,0.0,0.0,0.0,1.0,0.0,0.0,False,False
ldir32,U,6,28,32,0,1.0,0.0,0.0,0.0,1.0,0.0,0.0,False,False
ldir32,U,6,29,32,0,1.0,0.0,0.0,0.0,1.0,0.0,0.0,False,False
ldir32,U,6,30,32,0,1.0,0.0,0.0,0.0,1.0,0.0,0.0,False,False
ldir32,U,6,31,32,0,1.0,0.0,0.0,0.0,1.0,0.0,0.0,False,False
ldir32,U,7,0,32,3,0.109375,0.09375,0.0,0.09375,0.015625,0.890625,0.09375,False,True
ldir32,U,7,1,32,0,0.0,0.0,0.0,0.0,0.0,1.0,0.0,False,True
ldir32,U,7,2,32,0,0.0078125,0.0,0.0,0.0,0.0078125,0.9921875,0.0,False,True
ldir32,U,7,3,32,0,0.0,0.0,0.0,0.0,0.0,1.0,0.0,False,True
ldir32,U,7,4,32,0,1.0,0.0,0.0,0.0,1.0,0.0,0.0,False,False
ldir32,U,7,5,32,0,1.0,0.0,0.0,0.0,1.0,0.0,0.0,False,False
ldir32,U,7,6,32,0,1.0,0.0,0.0,0.0,1.0,0.0,0.0,False,False
ldir32,U,7,7,32,0,1.0,0.0,0.0,0.0,1.0,0.0,0.0,False,False
ldir32,U,7,8,32,0,1.0,0.0,0.0,0.0,1.0,0.0,0.0,False,False
ldir32,U,7,9,32,0,1.0,0.0,0.0,0.0,1.0,0.0,0.0,False,False
ldir32,U,7,10,32,0,1.0,0.0,0.0,0.0,1.0,0.0,0.0,False,False
ldir32,U,7,11,32,0,1.0,0.0,0.0,0.0,1.0,0.0,0.0,False,False
ldir32,U,7,12,32,0,1.0,0.0,0.0,0.0,1.0,0.0,0.0,False,False
ldir32,U,7,13,32,0,1.0,0.0,0.0,0.0,1.0,0.0,0.0,False,False
ldir32,U,7,14,32,0,1.0,0.0,0.0,0.0,1.0,0.0,0.0,False,False
ldir32,U,7,15,32,0,1.0,0.0,0.0,0.0,1.0,0.0,0.0,False,False
ldir32,U,7,16,32,0,1.0,0.0,0.0,0.0,1.0,0.0,0.0,False,False
ldir32,U,7,17,32,0,1.0,0.0,0.0,0.0,1.0,0.0,0.0,False,False
ldir32,U,7,18,32,0,1.0,0.0,0.0,0.0,1.0,0.0,0.0,False,False
ldir32,U,7,19,32,0,1.0,0.0,0.0,0.0,1.0,0.0,0.0,False,False
ldir32,U,7,20,32,0,1.0,0.0,0.0,0.0,1.0,0.0,0.0,False,False
ldir32,U,7,21,32,0,1.0,0.0,0.0,0.0,1.0,0.0,0.0,False,False
ldir32,U,7,22,32,0,1.0,0.0,0.0,0.0,1.0,0.0,0.0,False,False
ldir32,U,7,23,32,0,1.0,0.0,0.0,0.0,1.0,0.0,0.0,False,False
ldir32,U,7,24,32,0,1.0,0.0,0.0,0.0,1.0,0.0,0.0,False,False
ldir32,U,7,25,32,0,1.0,0.0,0.0,0.0,1.0,0.0,0.0,False,False
ldir32,U,7,26,32,0,1.0,0.0,0.0,0.0,1.0,0.0,0.0,False,False
ldir32,U,7,27,32,0,1.0,0.0,0.0,0.0,1.0,0.0,0.0,False,False
ldir32,U,7,28,32,0,1.0,0.0,0.0,0.0,1.0,0.0,0.0,False,False
ldir32,U,7,29,32,0,1.0,0.0,0.0,0.0,1.0,0.0,0.0,False,False
ldir32,U,7,30,32,0,1.0,0.0,0.0,0.0,1.0,0.0,0.0,False,False
ldir32,U,7,31,32,0,1.0,0.0,0.0,0.0,1.0,0.0,0.0,False,False
ldir32,U,8,0,32,3,0.109375,0.09375,0.0,0.09375,0.015625,0.890625,0.09375,False,True
ldir32,U,8,1,32,0,0.0,0.0,0.0,0.0,0.0,1.0,0.0,False,True
ldir32,U,8,2,32,0,0.0078125,0.0,0.0,0.0,0.0078125,0.9921875,0.0,False,True
ldir32,U,8,3,32,0,0.0,0.0,0.0,0.0,0.0,1.0,0.0,False,True
ldir32,U,8,4,32,0,1.0,0.0,0.0,0.0,1.0,0.0,0.0,False,False
ldir32,U,8,5,32,0,1.0,0.0,0.0,0.0,1.0,0.0,0.0,False,False
ldir32,U,8,6,32,0,1.0,0.0,0.0,0.0,1.0,0.0,0.0,False,False
ldir32,U,8,7,32,0,1.0,0.0,0.0,0.0,1.0,0.0,0.0,False,False
ldir32,U,8,8,32,0,1.0,0.0,0.0,0.0,1.0,0.0,0.0,False,False
ldir32,U,8,9,32,0,1.0,0.0,0.0,0.0,1.0,0.0,0.0,False,False
ldir32,U,8,10,32,0,1.0,0.0,0.0,0.0,1.0,0.0,0.0,False,False
ldir32,U,8,11,32,0,1.0,0.0,0.0,0.0,1.0,0.0,0.0,False,False
ldir32,U,8,12,32,0,1.0,0.0,0.0,0.0,1.0,0.0,0.0,False,False
ldir32,U,8,13,32,0,1.0,0.0,0.0,0.0,1.0,0.0,0.0,False,False
ldir32,U,8,14,32,0,1.0,0.0,0.0,0.0,1.0,0.0,0.0,False,False
ldir32,U,8,15,32,0,1.0,0.0,0.0,0.0,1.0,0.0,0.0,False,False
ldir32,U,8,16,32,0,1.0,0.0,0.0,0.0,1.0,0.0,0.0,False,False
ldir32,U,8,17,32,0,1.0,0.0,0.0,0.0,1.0,0.0,0.0,False,False
ldir32,U,8,18,32,0,1.0,0.0,0.0,0.0,1.0,0.0,0.0,False,False
ldir32,U,8,19,32,0,1.0,0.0,0.0,0.0,1.0,0.0,0.0,False,False
ldir32,U,8,20,32,0,1.0,0.0,0.0,0.0,1.0,0.0,0.0,False,False
ldir32,U,8,21,32,0,1.0,0.0,0.0,0.0,1.0,0.0,0.0,False,False
ldir32,U,8,22,32,0,1.0,0.0,0.0,0.0,1.0,0.0,0.0,False,False
ldir32,U,8,23,32,0,1.0,0.0,0.0,0.0,1.0,0.0,0.0,False,False
ldir32,U,8,24,32,0,1.0,0.0,0.0,0.0,1.0,0.0,0.0,False,False
ldir32,U,8,25,32,0,1.0,0.0,0.0,0.0,1.0,0.0,0.0,False,False
ldir32,U,8,26,32,0,1.0,0.0,0.0,0.0,1.0,0.0,0.0,False,False
ldir32,U,8,27,32,0,1.0,0.0,0.0,0.0,1.0,0.0,0.0,False,False
ldir32,U,8,28,32,0,1.0,0.0,0.0,0.0,1.0,0.0,0.0,False,False
ldir32,U,8,29,32,0,1.0,0.0,0.0,0.0,1.0,0.0,0.0,False,False
ldir32,U,8,30,32,0,1.0,0.0,0.0,0.0,1.0,0.0,0.0,False,False
ldir32,U,8,31,32,0,1.0,0.0,0.0,0.0,1.0,0.0,0.0,False,False
genome20_s6003,U,1,0,32,0,0.671875,0.0,0.0,0.0,0.671875,0.328125,0.0,False,True
genome20_s6003,U,1,1,32,0,0.0,0.0,0.0,0.0,0.0,1.0,0.0,False,True
genome20_s6003,U,1,2,32,5,0.2578125,0.15625,0.0,0.15625,0.1015625,0.7421875,0.15625,False,True
genome20_s6003,U,1,3,32,11,0.3203125,0.34375,0.0,0.3203125,0.0,0.6796875,0.34375,False,True
genome20_s6003,U,1,4,32,0,0.0,0.0,0.0,0.0,0.0,1.0,0.0,False,True
genome20_s6003,U,1,5,32,0,0.0,0.0,0.0,0.0,0.0,1.0,0.0,False,True
genome20_s6003,U,1,6,32,32,1.0,1.0,0.0,1.0,0.0,0.0,1.0,True,False
genome20_s6003,U,1,7,32,32,1.0,1.0,0.0,1.0,0.0,0.0,1.0,True,False
genome20_s6003,U,1,8,32,32,1.0,1.0,0.0,1.0,0.0,0.0,1.0,True,False
genome20_s6003,U,1,9,32,32,1.0,1.0,0.0,1.0,0.0,0.0,1.0,True,False
genome20_s6003,U,1,10,32,32,1.0,1.0,0.0,1.0,0.0,0.0,1.0,True,False
genome20_s6003,U,1,11,32,32,1.0,1.0,0.0,1.0,0.0,0.0,1.0,True,False
genome20_s6003,U,1,12,32,32,1.0,1.0,0.0,1.0,0.0,0.0,1.0,True,False
genome20_s6003,U,1,13,32,32,1.0,1.0,0.0,1.0,0.0,0.0,1.0,True,False
genome20_s6003,U,1,14,32,32,1.0,1.0,0.0,1.0,0.0,0.0,1.0,True,False
genome20_s6003,U,1,15,32,0,1.0,0.0078125,0.0,0.0078125,0.9921875,0.0,0.0,False,False
genome20_s6003,U,1,16,32,0,1.0,0.0,0.0,0.0,1.0,0.0,0.0,False,False
genome20_s6003,U,1,17,32,0,1.0,0.0,0.0,0.0,1.0,0.0,0.0,False,False
genome20_s6003,U,1,18,32,0,1.0,0.0,0.0,0.0,1.0,0.0,0.0,False,False
genome20_s6003,U,1,19,32,0,1.0,0.0,0.0,0.0,1.0,0.0,0.0,False,False
genome20_s6003,U,2,0,32,0,0.6640625,0.0,0.0,0.0,0.6640625,0.3359375,0.0,False,True
genome20_s6003,U,2,1,32,0,0.0,0.0,0.0,0.0,0.0,1.0,0.0,False,True
genome20_s6003,U,2,2,32,3,0.15625,0.09375,0.0,0.09375,0.0625,0.84375,0.09375,False,True
genome20_s6003,U,2,3,32,10,0.3125,0.3125,0.0,0.3125,0.0,0.6875,0.3125,False,True
genome20_s6003,U,2,4,32,0,0.0,0.0,0.0,0.0,0.0,1.0,0.0,False,True
genome20_s6003,U,2,5,32,0,0.0,0.0,0.0,0.0,0.0,1.0,0.0,False,True
genome20_s6003,U,2,6,32,32,1.0,1.0,0.0,1.0,0.0,0.0,1.0,True,False
genome20_s6003,U,2,7,32,32,1.0,1.0,0.0,1.0,0.0,0.0,1.0,True,False
genome20_s6003,U,2,8,32,32,1.0,1.0,0.0,1.0,0.0,0.0,1.0,True,False
genome20_s6003,U,2,9,32,32,1.0,1.0,0.0,1.0,0.0,0.0,1.0,True,False
genome20_s6003,U,2,10,32,32,1.0,1.0,0.0,1.0,0.0,0.0,1.0,True,False
genome20_s6003,U,2,11,32,32,1.0,1.0,0.0,1.0,0.0,0.0,1.0,True,False
genome20_s6003,U,2,12,32,32,1.0,1.0,0.0,1.0,0.0,0.0,1.0,True,False
genome20_s6003,U,2,13,32,32,1.0,1.0,0.0,1.0,0.0,0.0,1.0,True,False
genome20_s6003,U,2,14,32,32,1.0,1.0,0.0,1.0,0.0,0.0,1.0,True,False
genome20_s6003,U,2,15,32,0,1.0,0.0,0.0,0.0,1.0,0.0,0.0,False,False
genome20_s6003,U,2,16,32,0,1.0,0.0,0.0,0.0,1.0,0.0,0.0,False,False
genome20_s6003,U,2,17,32,0,1.0,0.0,0.0,0.0,1.0,0.0,0.0,False,False
genome20_s6003,U,2,18,32,0,1.0,0.0,0.0,0.0,1.0,0.0,0.0,False,False
genome20_s6003,U,2,19,32,0,1.0,0.0,0.0,0.0,1.0,0.0,0.0,False,False
genome20_s6003,U,3,0,32,0,0.6640625,0.0,0.0,0.0,0.6640625,0.3359375,0.0,False,True
genome20_s6003,U,3,1,32,0,0.0,0.0,0.0,0.0,0.0,1.0,0.0,False,True
genome20_s6003,U,3,2,32,3,0.09375,0.09375,0.0,0.09375,0.0,0.90625,0.09375,False,True
genome20_s6003,U,3,3,32,10,0.3125,0.3125,0.0,0.3125,0.0,0.6875,0.3125,False,True
genome20_s6003,U,3,4,32,0,0.0,0.0,0.0,0.0,0.0,1.0,0.0,False,True
genome20_s6003,U,3,5,32,0,0.0,0.0,0.0,0.0,0.0,1.0,0.0,False,True
genome20_s6003,U,3,6,32,32,1.0,1.0,0.0,1.0,0.0,0.0,1.0,True,False
genome20_s6003,U,3,7,32,32,1.0,1.0,0.0,1.0,0.0,0.0,1.0,True,False
genome20_s6003,U,3,8,32,32,1.0,1.0,0.0,1.0,0.0,0.0,1.0,True,False
genome20_s6003,U,3,9,32,32,1.0,1.0,0.0,1.0,0.0,0.0,1.0,True,False
genome20_s6003,U,3,10,32,32,1.0,1.0,0.0,1.0,0.0,0.0,1.0,True,False
genome20_s6003,U,3,11,32,32,1.0,1.0,0.0,1.0,0.0,0.0,1.0,True,False
genome20_s6003,U,3,12,32,32,1.0,1.0,0.0,1.0,0.0,0.0,1.0,True,False
genome20_s6003,U,3,13,32,32,1.0,1.0,0.0,1.0,0.0,0.0,1.0,True,False
genome20_s6003,U,3,14,32,32,1.0,1.0,0.0,1.0,0.0,0.0,1.0,True,False
genome20_s6003,U,3,15,32,0,1.0,0.0,0.0,0.0,1.0,0.0,0.0,False,False
genome20_s6003,U,3,16,32,0,1.0,0.0,0.0,0.0,1.0,0.0,0.0,False,False
genome20_s6003,U,3,17,32,0,1.0,0.0,0.0,0.0,1.0,0.0,0.0,False,False
genome20_s6003,U,3,18,32,0,1.0,0.0,0.0,0.0,1.0,0.0,0.0,False,False
genome20_s6003,U,3,19,32,0,1.0,0.0,0.0,0.0,1.0,0.0,0.0,False,False
genome20_s6003,U,4,0,32,0,0.6640625,0.0,0.0,0.0,0.6640625,0.3359375,0.0,False,True
genome20_s6003,U,4,1,32,0,0.0,0.0,0.0,0.0,0.0,1.0,0.0,False,True
genome20_s6003,U,4,2,32,3,0.09375,0.09375,0.0,0.09375,0.0,0.90625,0.09375,False,True
genome20_s6003,U,4,3,32,10,0.3125,0.3125,0.0,0.3125,0.0,0.6875,0.3125,False,True
genome20_s6003,U,4,4,32,0,0.0,0.0,0.0,0.0,0.0,1.0,0.0,False,True
genome20_s6003,U,4,5,32,0,0.0,0.0,0.0,0.0,0.0,1.0,0.0,False,True
genome20_s6003,U,4,6,32,32,1.0,1.0,0.0,1.0,0.0,0.0,1.0,True,False
genome20_s6003,U,4,7,32,32,1.0,1.0,0.0,1.0,0.0,0.0,1.0,True,False
genome20_s6003,U,4,8,32,32,1.0,1.0,0.0,1.0,0.0,0.0,1.0,True,False
genome20_s6003,U,4,9,32,32,1.0,1.0,0.0,1.0,0.0,0.0,1.0,True,False
genome20_s6003,U,4,10,32,32,1.0,1.0,0.0,1.0,0.0,0.0,1.0,True,False
genome20_s6003,U,4,11,32,32,1.0,1.0,0.0,1.0,0.0,0.0,1.0,True,False
genome20_s6003,U,4,12,32,32,1.0,1.0,0.0,1.0,0.0,0.0,1.0,True,False
genome20_s6003,U,4,13,32,32,1.0,1.0,0.0,1.0,0.0,0.0,1.0,True,False
genome20_s6003,U,4,14,32,32,1.0,1.0,0.0,1.0,0.0,0.0,1.0,True,False
genome20_s6003,U,4,15,32,0,1.0,0.0,0.0,0.0,1.0,0.0,0.0,False,False
genome20_s6003,U,4,16,32,0,1.0,0.0,0.0,0.0,1.0,0.0,0.0,False,False
genome20_s6003,U,4,17,32,0,1.0,0.0,0.0,0.0,1.0,0.0,0.0,False,False
genome20_s6003,U,4,18,32,0,1.0,0.0,0.0,0.0,1.0,0.0,0.0,False,False
genome20_s6003,U,4,19,32,0,1.0,0.0,0.0,0.0,1.0,0.0,0.0,False,False
genome20_s6003,U,5,0,32,0,0.6640625,0.0,0.0,0.0,0.6640625,0.3359375,0.0,False,True
genome20_s6003,U,5,1,32,0,0.0,0.0,0.0,0.0,0.0,1.0,0.0,False,True
genome20_s6003,U,5,2,32,3,0.09375,0.09375,0.0,0.09375,0.0,0.90625,0.09375,False,True
genome20_s6003,U,5,3,32,10,0.3125,0.3125,0.0,0.3125,0.0,0.6875,0.3125,False,True
genome20_s6003,U,5,4,32,0,0.0,0.0,0.0,0.0,0.0,1.0,0.0,False,True
genome20_s6003,U,5,5,32,0,0.0,0.0,0.0,0.0,0.0,1.0,0.0,False,True
genome20_s6003,U,5,6,32,32,1.0,1.0,0.0,1.0,0.0,0.0,1.0,True,False
genome20_s6003,U,5,7,32,32,1.0,1.0,0.0,1.0,0.0,0.0,1.0,True,False
genome20_s6003,U,5,8,32,32,1.0,1.0,0.0,1.0,0.0,0.0,1.0,True,False
genome20_s6003,U,5,9,32,32,1.0,1.0,0.0,1.0,0.0,0.0,1.0,True,False
genome20_s6003,U,5,10,32,32,1.0,1.0,0.0,1.0,0.0,0.0,1.0,True,False
genome20_s6003,U,5,11,32,32,1.0,1.0,0.0,1.0,0.0,0.0,1.0,True,False
genome20_s6003,U,5,12,32,32,1.0,1.0,0.0,1.0,0.0,0.0,1.0,True,False
genome20_s6003,U,5,13,32,32,1.0,1.0,0.0,1.0,0.0,0.0,1.0,True,False
genome20_s6003,U,5,14,32,32,1.0,1.0,0.0,1.0,0.0,0.0,1.0,True,False
genome20_s6003,U,5,15,32,0,1.0,0.0,0.0,0.0,1.0,0.0,0.0,False,False
genome20_s6003,U,5,16,32,0,1.0,0.0,0.0,0.0,1.0,0.0,0.0,False,False
genome20_s6003,U,5,17,32,0,1.0,0.0,0.0,0.0,1.0,0.0,0.0,False,False
genome20_s6003,U,5,18,32,0,1.0,0.0,0.0,0.0,1.0,0.0,0.0,False,False
genome20_s6003,U,5,19,32,0,1.0,0.0,0.0,0.0,1.0,0.0,0.0,False,False
genome20_s6003,U,6,0,32,0,0.6640625,0.0,0.0,0.0,0.6640625,0.3359375,0.0,False,True
genome20_s6003,U,6,1,32,0,0.0,0.0,0.0,0.0,0.0,1.0,0.0,False,True
genome20_s6003,U,6,2,32,3,0.09375,0.09375,0.0,0.09375,0.0,0.90625,0.09375,False,True
genome20_s6003,U,6,3,32,10,0.3125,0.3125,0.0,0.3125,0.0,0.6875,0.3125,False,True
genome20_s6003,U,6,4,32,0,0.0,0.0,0.0,0.0,0.0,1.0,0.0,False,True
genome20_s6003,U,6,5,32,0,0.0,0.0,0.0,0.0,0.0,1.0,0.0,False,True
genome20_s6003,U,6,6,32,32,1.0,1.0,0.0,1.0,0.0,0.0,1.0,True,False
genome20_s6003,U,6,7,32,32,1.0,1.0,0.0,1.0,0.0,0.0,1.0,True,False
genome20_s6003,U,6,8,32,32,1.0,1.0,0.0,1.0,0.0,0.0,1.0,True,False
genome20_s6003,U,6,9,32,32,1.0,1.0,0.0,1.0,0.0,0.0,1.0,True,False
genome20_s6003,U,6,10,32,32,1.0,1.0,0.0,1.0,0.0,0.0,1.0,True,False
genome20_s6003,U,6,11,32,32,1.0,1.0,0.0,1.0,0.0,0.0,1.0,True,False
genome20_s6003,U,6,12,32,32,1.0,1.0,0.0,1.0,0.0,0.0,1.0,True,False
genome20_s6003,U,6,13,32,32,1.0,1.0,0.0,1.0,0.0,0.0,1.0,True,False
genome20_s6003,U,6,14,32,32,1.0,1.0,0.0,1.0,0.0,0.0,1.0,True,False
genome20_s6003,U,6,15,32,0,1.0,0.0,0.0,0.0,1.0,0.0,0.0,False,False
genome20_s6003,U,6,16,32,0,1.0,0.0,0.0,0.0,1.0,0.0,0.0,False,False
genome20_s6003,U,6,17,32,0,1.0,0.0,0.0,0.0,1.0,0.0,0.0,False,False
genome20_s6003,U,6,18,32,0,1.0,0.0,0.0,0.0,1.0,0.0,0.0,False,False
genome20_s6003,U,6,19,32,0,1.0,0.0,0.0,0.0,1.0,0.0,0.0,False,False
genome20_s6003,U,7,0,32,0,0.6640625,0.0,0.0,0.0,0.6640625,0.3359375,0.0,False,True
genome20_s6003,U,7,1,32,0,0.0,0.0,0.0,0.0,0.0,1.0,0.0,False,True
genome20_s6003,U,7,2,32,3,0.09375,0.09375,0.0,0.09375,0.0,0.90625,0.09375,False,True
genome20_s6003,U,7,3,32,10,0.3125,0.3125,0.0,0.3125,0.0,0.6875,0.3125,False,True
genome20_s6003,U,7,4,32,0,0.0,0.0,0.0,0.0,0.0,1.0,0.0,False,True
genome20_s6003,U,7,5,32,0,0.0,0.0,0.0,0.0,0.0,1.0,0.0,False,True
genome20_s6003,U,7,6,32,32,1.0,1.0,0.0,1.0,0.0,0.0,1.0,True,False
genome20_s6003,U,7,7,32,32,1.0,1.0,0.0,1.0,0.0,0.0,1.0,True,False
genome20_s6003,U,7,8,32,32,1.0,1.0,0.0,1.0,0.0,0.0,1.0,True,False
genome20_s6003,U,7,9,32,32,1.0,1.0,0.0,1.0,0.0,0.0,1.0,True,False
genome20_s6003,U,7,10,32,32,1.0,1.0,0.0,1.0,0.0,0.0,1.0,True,False
genome20_s6003,U,7,11,32,32,1.0,1.0,0.0,1.0,0.0,0.0,1.0,True,False
genome20_s6003,U,7,12,32,32,1.0,1.0,0.0,1.0,0.0,0.0,1.0,True,False
genome20_s6003,U,7,13,32,32,1.0,1.0,0.0,1.0,0.0,0.0,1.0,True,False
genome20_s6003,U,7,14,32,32,1.0,1.0,0.0,1.0,0.0,0.0,1.0,True,False
genome20_s6003,U,7,15,32,0,1.0,0.0,0.0,0.0,1.0,0.0,0.0,False,False
genome20_s6003,U,7,16,32,0,1.0,0.0,0.0,0.0,1.0,0.0,0.0,False,False
genome20_s6003,U,7,17,32,0,1.0,0.0,0.0,0.0,1.0,0.0,0.0,False,False
genome20_s6003,U,7,18,32,0,1.0,0.0,0.0,0.0,1.0,0.0,0.0,False,False
genome20_s6003,U,7,19,32,0,1.0,0.0,0.0,0.0,1.0,0.0,0.0,False,False
genome20_s6003,U,8,0,32,0,0.6640625,0.0,0.0,0.0,0.6640625,0.3359375,0.0,False,True
genome20_s6003,U,8,1,32,0,0.0,0.0,0.0,0.0,0.0,1.0,0.0,False,True
genome20_s6003,U,8,2,32,3,0.09375,0.09375,0.0,0.09375,0.0,0.90625,0.09375,False,True
genome20_s6003,U,8,3,32,10,0.3125,0.3125,0.0,0.3125,0.0,0.6875,0.3125,False,True
genome20_s6003,U,8,4,32,0,0.0,0.0,0.0,0.0,0.0,1.0,0.0,False,True
genome20_s6003,U,8,5,32,0,0.0,0.0,0.0,0.0,0.0,1.0,0.0,False,True
genome20_s6003,U,8,6,32,32,1.0,1.0,0.0,1.0,0.0,0.0,1.0,True,False
genome20_s6003,U,8,7,32,32,1.0,1.0,0.0,1.0,0.0,0.0,1.0,True,False
genome20_s6003,U,8,8,32,32,1.0,1.0,0.0,1.0,0.0,0.0,1.0,True,False
genome20_s6003,U,8,9,32,32,1.0,1.0,0.0,1.0,0.0,0.0,1.0,True,False
genome20_s6003,U,8,10,32,32,1.0,1.0,0.0,1.0,0.0,0.0,1.0,True,False
genome20_s6003,U,8,11,32,32,1.0,1.0,0.0,1.0,0.0,0.0,1.0,True,False
genome20_s6003,U,8,12,32,32,1.0,1.0,0.0,1.0,0.0,0.0,1.0,True,False
genome20_s6003,U,8,13,32,32,1.0,1.0,0.0,1.0,0.0,0.0,1.0,True,False
genome20_s6003,U,8,14,32,32,1.0,1.0,0.0,1.0,0.0,0.0,1.0,True,False
genome20_s6003,U,8,15,32,0,1.0,0.0,0.0,0.0,1.0,0.0,0.0,False,False
genome20_s6003,U,8,16,32,0,1.0,0.0,0.0,0.0,1.0,0.0,0.0,False,False
genome20_s6003,U,8,17,32,0,1.0,0.0,0.0,0.0,1.0,0.0,0.0,False,False
genome20_s6003,U,8,18,32,0,1.0,0.0,0.0,0.0,1.0,0.0,0.0,False,False
genome20_s6003,U,8,19,32,0,1.0,0.0,0.0,0.0,1.0,0.0,0.0,False,False
