exp,resident,invader,seed,step,core_share,pusher_class_share,zero_frac,loop_share_posthoc,payload_seeded_share,payload_distinct,payload_mean_hamming
A1,pusher,closer,1,0,0.01,0.99,0.00125,0.01,1.0,1.0,0.0
A1,pusher,closer,1,10,0.0087,0.9404,0.0089421875,0.02875,0.9195402298850575,10.0,0.20114942528735633
A1,pusher,closer,1,20,0.00885,0.89095,0.0220546875,0.03345,0.7796610169491526,23.0,0.6214689265536724
A1,pusher,closer,1,30,0.008,0.8497,0.034796875,0.03375,0.6625,26.0,1.25625
A1,pusher,closer,1,40,0.00815,0.81585,0.046209375,0.03695,0.5030674846625767,40.0,2.196319018404908
A1,pusher,closer,1,50,0.00945,0.7907,0.052353125,0.03745,0.4603174603174603,34.0,2.671957671957672
A1,pusher,closer,1,60,0.00965,0.7654,0.0586015625,0.0449,0.44559585492227977,37.0,3.466321243523316
A1,pusher,closer,1,70,0.0099,0.7315,0.0624546875,0.0551,0.2878787878787879,56.0,4.565656565656566
A1,pusher,closer,1,80,0.00985,0.70615,0.0673109375,0.06315,0.18274111675126903,53.0,5.624365482233503
A1,pusher,closer,1,90,0.0116,0.67055,0.0716328125,0.074,0.07327586206896551,60.0,6.3405172413793105
A1,pusher,closer,1,100,0.01175,0.6539,0.076890625,0.084,0.0851063829787234,68.0,5.812765957446809
A1,pusher,closer,1,110,0.00985,0.62785,0.0805765625,0.0949,0.05583756345177665,67.0,6.0152284263959395
A1,pusher,closer,1,120,0.01015,0.59995,0.086365625,0.10775,0.059113300492610835,62.0,5.901477832512315
A1,pusher,closer,1,130,0.01215,0.5819,0.090584375,0.1202,0.04938271604938271,72.0,5.847736625514403
A1,pusher,closer,1,140,0.01135,0.56525,0.089153125,0.13835,0.013215859030837005,73.0,6.599118942731278
A1,pusher,closer,1,150,0.01175,0.5488,0.0905296875,0.15515,0.02127659574468085,79.0,7.314893617021276
A1,pusher,closer,1,160,0.0138,0.53425,0.0903390625,0.1759,0.021739130434782608,82.0,7.666666666666667
A1,pusher,closer,1,170,0.01235,0.5064,0.0923578125,0.1975,0.016194331983805668,90.0,8.097165991902834
A1,pusher,closer,1,180,0.0132,0.4857,0.0958796875,0.2213,0.011363636363636364,87.0,8.18560606060606
A1,pusher,closer,1,190,0.01315,0.46645,0.09945,0.2415,0.0076045627376425855,79.0,8.517110266159696
A1,pusher,closer,1,200,0.01445,0.4432,0.104528125,0.26755,0.0,80.0,9.103806228373703
A1,pusher,closer,1,210,0.0146,0.42545,0.1052546875,0.2881,0.0,73.0,8.852739726027398
A1,pusher,closer,1,220,0.01405,0.40015,0.1085578125,0.31225,0.0,75.0,8.8932384341637
A1,pusher,closer,1,230,0.01165,0.376,0.1122171875,0.33355,0.0,63.0,8.75107296137339
A1,pusher,closer,1,240,0.0108,0.35695,0.112671875,0.36035,0.0,60.0,8.61111111111111
A1,pusher,closer,1,250,0.0099,0.3267,0.11626875,0.38565,0.0,53.0,8.570707070707071
A1,pusher,closer,1,260,0.00825,0.30525,0.1184640625,0.40705,0.0,46.0,8.781818181818181
A1,pusher,closer,1,270,0.00855,0.28595,0.1218421875,0.43215,0.0,54.0,8.725146198830409
A1,pusher,closer,1,280,0.008,0.2733,0.120903125,0.45215,0.0,49.0,8.76875
A1,pusher,closer,1,290,0.0074,0.26115,0.1212609375,0.4735,0.0,50.0,8.83108108108108
A1,pusher,closer,1,300,0.0081,0.2466,0.124115625,0.49,0.0,39.0,9.481481481481481
A1,pusher,closer,1,310,0.00675,0.2293,0.12579375,0.5105,0.0,35.0,9.362962962962962
A1,pusher,closer,1,320,0.00645,0.2121,0.1292796875,0.5256,0.0,29.0,9.527131782945736
A1,pusher,closer,1,330,0.008,0.19555,0.1300328125,0.54265,0.0,34.0,9.4625
A1,pusher,closer,1,340,0.00755,0.1857,0.1304015625,0.55165,0.0,31.0,10.013245033112582
A1,pusher,closer,1,350,0.0081,0.17755,0.1288984375,0.56545,0.0,41.0,9.901234567901234
A1,pusher,closer,1,360,0.0084,0.1612,0.130046875,0.5744,0.0,38.0,10.101190476190476
A1,pusher,closer,1,370,0.0077,0.1476,0.131640625,0.58205,0.0,43.0,9.974025974025974
A1,pusher,closer,1,380,0.0067,0.13705,0.130178125,0.5979,0.0,36.0,10.223880597014926
A1,pusher,closer,1,390,0.00645,0.13075,0.131,0.6048,0.0,26.0,10.069767441860465
A1,pusher,closer,1,400,0.00755,0.12025,0.13075,0.6105,0.0,30.0,10.125827814569536
A1,pusher,closer,1,410,0.00725,0.11095,0.1330203125,0.61295,0.0,37.0,10.151724137931035
A1,pusher,closer,1,420,0.00645,0.1024,0.1347234375,0.61875,0.0,34.0,10.170542635658915
A1,pusher,closer,1,430,0.00585,0.09055,0.1357359375,0.62205,0.0,29.0,10.153846153846153
A1,pusher,closer,1,440,0.00465,0.086,0.13668125,0.6277,0.0,31.0,10.129032258064516
A1,pusher,closer,1,450,0.00475,0.07765,0.136309375,0.6339,0.0,25.0,10.178947368421053
A1,pusher,closer,1,460,0.0049,0.066,0.1371578125,0.64385,0.0,18.0,10.295918367346939
A1,pusher,closer,1,470,0.0043,0.06015,0.138275,0.64615,0.0,23.0,10.290697674418604
A1,pusher,closer,1,480,0.0051,0.0557,0.1375875,0.65045,0.0,18.0,10.441176470588236
A1,pusher,closer,1,490,0.0047,0.04855,0.1380296875,0.6563,0.0,21.0,10.372340425531915
A1,pusher,closer,1,500,0.00435,0.0453,0.138553125,0.65015,0.0,19.0,10.563218390804598
A1,pusher,closer,1,750,0.0,0.0021,0.1447359375,0.61945,,,
A1,pusher,closer,1,1000,0.0,0.0013,0.1396484375,0.53645,,,
A1,pusher,closer,1,1250,0.0,0.00025,0.13991875,0.4718,,,
A1,pusher,closer,1,1500,0.0,0.00055,0.130715625,0.43085,,,
A1,pusher,closer,1,1750,0.0,0.00025,0.1202875,0.36515,,,
A1,pusher,closer,1,2000,0.0,0.0004,0.117384375,0.3444,,,
A1,pusher,closer,1,2250,0.0,0.0,0.1093171875,0.30715,,,
A1,pusher,closer,1,2500,0.0,5e-05,0.1022453125,0.25385,,,
A1,pusher,closer,1,2750,0.0,0.0,0.1054703125,0.2819,,,
A1,pusher,closer,1,3000,0.0,0.0,0.101471875,0.24745,,,
A1,pusher,closer,1,3250,0.0,0.0,0.0981828125,0.21635,,,
A1,pusher,closer,1,3500,0.0,0.00015,0.090771875,0.1869,,,
A1,pusher,closer,1,3750,0.0,0.0,0.082575,0.1858,,,
A1,pusher,closer,1,4000,0.0,0.0,0.0848015625,0.17225,,,
A1,pusher,closer,1,4250,0.0,5e-05,0.0847046875,0.1689,,,
A1,pusher,closer,1,4500,0.0,0.00015,0.0849609375,0.14145,,,
A1,pusher,closer,1,4750,0.0,0.0,0.0819078125,0.1309,,,
A1,pusher,closer,1,5000,0.0,0.0001,0.076709375,0.11425,,,
A1,pusher,closer,1,5250,0.0,0.0,0.077096875,0.10885,,,
A1,pusher,closer,1,5500,0.0,0.0,0.0797375,0.1067,,,
A1,pusher,closer,1,5750,0.0,0.0,0.0757484375,0.0974,,,
A1,pusher,closer,1,6000,0.0,0.0,0.0763875,0.0938,,,
A1,pusher,closer,1,6250,0.0,0.0,0.0785890625,0.09055,,,
A1,pusher,closer,1,6500,0.0,0.0,0.0757046875,0.0797,,,
A1,pusher,closer,1,6750,0.0,0.0,0.0722515625,0.08215,,,
A1,pusher,closer,1,7000,0.0,0.0,0.0685,0.07195,,,
A1,pusher,closer,1,7250,0.0,0.0,0.074125,0.051,,,
A1,pusher,closer,1,7500,0.0,0.0,0.07506875,0.04975,,,
A1,pusher,closer,1,7750,0.0,0.0,0.0750375,0.04295,,,
A1,pusher,closer,1,8000,0.0,0.0,0.0710484375,0.0358,,,
A1,pusher,closer,1,8250,0.0,0.0,0.0700625,0.039,,,
A1,pusher,closer,1,8500,0.0,0.0,0.0694,0.04335,,,
A1,pusher,closer,1,8750,0.0,0.0,0.06539375,0.05425,,,
A1,pusher,closer,1,9000,0.0,0.0,0.060321875,0.04705,,,
A1,pusher,closer,1,9250,0.0,0.0001,0.06228125,0.03385,,,
A1,pusher,closer,1,9500,0.0,0.0,0.0625125,0.02625,,,
A1,pusher,closer,1,9750,0.0,0.0,0.0620859375,0.0352,,,
A1,pusher,closer,1,10000,0.0,0.0,0.0645109375,0.0364,,,
A1,pusher,closer,1,10250,0.0,0.0,0.06481875,0.0359,,,
A1,pusher,closer,1,10500,0.0,0.0,0.05995,0.0259,,,
A1,pusher,closer,1,10750,0.0,0.0,0.0616796875,0.0256,,,
A1,pusher,closer,1,11000,0.0,0.0,0.0595171875,0.0269,,,
A1,pusher,closer,1,11250,0.0,0.0,0.0591484375,0.02425,,,
A1,pusher,closer,1,11500,0.0,0.0,0.0636375,0.0246,,,
A1,pusher,closer,1,11750,0.0,0.0,0.05746875,0.0245,,,
A1,pusher,closer,1,12000,0.0,0.0,0.06059375,0.01515,,,
A1,pusher,closer,1,12250,0.0,0.0,0.058784375,0.0104,,,
A1,pusher,closer,1,12500,0.0,0.0,0.0588515625,0.01795,,,
A1,pusher,closer,1,12750,0.0,0.0,0.05331875,0.0167,,,
A1,pusher,closer,1,13000,0.0,0.0,0.0510421875,0.00825,,,
A1,pusher,closer,1,13250,0.0,0.0,0.049609375,0.0073,,,
A1,pusher,closer,1,13500,0.0,0.0,0.0493515625,0.0062,,,
A1,pusher,closer,1,13750,0.0,0.0,0.0534953125,0.0058,,,
A1,pusher,closer,1,14000,0.0,0.0,0.056065625,0.0074,,,
A1,pusher,closer,1,14250,0.0,0.0,0.0503046875,0.0087,,,
A1,pusher,closer,1,14500,0.0,0.0,0.0516890625,0.00575,,,
A1,pusher,closer,1,14750,0.0,0.0,0.0494203125,0.0067,,,
A1,pusher,closer,1,15000,0.0,0.0,0.05589375,0.00345,,,
A1,pusher,closer,1,15250,0.0,0.0,0.052253125,0.00305,,,
A1,pusher,closer,1,15500,0.0,0.0,0.0520625,0.00105,,,
A1,pusher,closer,1,15750,0.0,0.0,0.046453125,0.0,,,
A1,pusher,closer,1,16000,0.0,0.0,0.050221875,0.0,,,
A1,pusher,closer,1,16250,0.0,0.0,0.0508078125,0.0006,,,
A1,pusher,closer,1,16500,0.0,0.0,0.048665625,0.0,,,
A1,pusher,closer,1,16750,0.0,0.0,0.0468375,0.0028,,,
A1,pusher,closer,1,17000,0.0,0.0,0.048115625,0.0008,,,
A1,pusher,closer,1,17250,0.0,0.0,0.049278125,0.00445,,,
A1,pusher,closer,1,17500,0.0,0.0,0.0489625,0.005,,,
A1,pusher,closer,1,17750,0.0,0.0,0.0486671875,0.0046,,,
A1,pusher,closer,1,18000,0.0,0.0,0.0473234375,0.002,,,
A1,pusher,closer,1,18250,0.0,0.0,0.05068125,0.00045,,,
A1,pusher,closer,1,18500,0.0,0.0,0.047565625,0.0,,,
A1,pusher,closer,1,18750,0.0,0.0,0.044684375,0.0,,,
A1,pusher,closer,1,19000,0.0,0.0,0.04405,0.0,,,
A1,pusher,closer,1,19250,0.0,0.0,0.046509375,0.0034,,,
A1,pusher,closer,1,19500,0.0,0.0,0.0481171875,0.0067,,,
A1,pusher,closer,1,19750,0.0,0.0,0.05024375,0.0088,,,
A1,pusher,closer,1,20000,0.0,0.0,0.0449625,0.0041,,,
A1,pusher,closer,2,0,0.01,0.99,0.00125,0.01,1.0,1.0,0.0
A1,pusher,closer,2,10,0.0081,0.9411,0.0090125,0.02705,0.8950617283950617,10.0,0.20987654320987653
A1,pusher,closer,2,20,0.0061,0.89185,0.0230296875,0.0295,0.7049180327868853,18.0,0.7377049180327869
A1,pusher,closer,2,30,0.0054,0.85255,0.036971875,0.02885,0.5,25.0,2.1574074074074074
A1,pusher,closer,2,40,0.0051,0.8196,0.04806875,0.0291,0.22549019607843138,35.0,3.1862745098039214
A1,pusher,closer,2,50,0.00645,0.78315,0.0554875,0.03105,0.2713178294573643,39.0,4.131782945736434
A1,pusher,closer,2,60,0.0067,0.7524,0.0637703125,0.03455,0.19402985074626866,40.0,4.037313432835821
A1,pusher,closer,2,70,0.00675,0.72345,0.070828125,0.03695,0.2074074074074074,38.0,4.807407407407408
A1,pusher,closer,2,80,0.0073,0.69595,0.0766828125,0.04285,0.0958904109589041,53.0,5.712328767123288
A1,pusher,closer,2,90,0.008,0.67005,0.0832375,0.0485,0.08125,52.0,6.29375
A1,pusher,closer,2,100,0.00795,0.6517,0.0840296875,0.05975,0.0440251572327044,62.0,7.327044025157233
A1,pusher,closer,2,110,0.0074,0.6334,0.0857375,0.07195,0.0,56.0,7.466216216216216
A1,pusher,closer,2,120,0.00725,0.61795,0.0869890625,0.0847,0.0,52.0,7.586206896551724
A1,pusher,closer,2,130,0.00965,0.5931,0.0878625,0.1015,0.0,52.0,7.932642487046632
A1,pusher,closer,2,140,0.01045,0.5651,0.0889109375,0.1187,0.0,56.0,8.24401913875598
A1,pusher,closer,2,150,0.0089,0.541,0.09408125,0.13535,0.0,52.0,8.191011235955056
A1,pusher,closer,2,160,0.00925,0.5315,0.0906578125,0.1568,0.0,59.0,8.875675675675677
A1,pusher,closer,2,170,0.00815,0.50925,0.0954203125,0.1751,0.0,53.0,8.98159509202454
A1,pusher,closer,2,180,0.00955,0.48545,0.097996875,0.19365,0.0,53.0,8.989528795811518
A1,pusher,closer,2,190,0.009,0.45915,0.0992296875,0.21745,0.0,51.0,9.072222222222223
A1,pusher,closer,2,200,0.00835,0.4385,0.102278125,0.2426,0.0,52.0,9.658682634730539
A1,pusher,closer,2,210,0.0073,0.4226,0.1043671875,0.26315,0.0,45.0,9.924657534246576
A1,pusher,closer,2,220,0.0062,0.3978,0.1089453125,0.2867,0.0,37.0,9.78225806451613
A1,pusher,closer,2,230,0.0063,0.37365,0.1105484375,0.30855,0.0,31.0,10.468253968253968
A1,pusher,closer,2,240,0.0071,0.35225,0.11209375,0.3308,0.0,38.0,10.577464788732394
A1,pusher,closer,2,250,0.00755,0.3334,0.1146171875,0.3525,0.0,42.0,10.867549668874172
A1,pusher,closer,2,260,0.0082,0.31325,0.114371875,0.37515,0.0,42.0,10.573170731707316
A1,pusher,closer,2,270,0.0079,0.2927,0.1192046875,0.39625,0.0,39.0,10.386075949367088
A1,pusher,closer,2,280,0.00885,0.273,0.1245765625,0.42345,0.0,39.0,10.570621468926554
A1,pusher,closer,2,290,0.00835,0.251,0.1279609375,0.44165,0.0,32.0,10.658682634730539
A1,pusher,closer,2,300,0.00935,0.23425,0.127353125,0.4674,0.0,42.0,10.540106951871659
A1,pusher,closer,2,310,0.00915,0.219,0.1290875,0.4945,0.0,43.0,10.442622950819672
A1,pusher,closer,2,320,0.00855,0.2011,0.1277953125,0.52475,0.0,44.0,10.514619883040936
A1,pusher,closer,2,330,0.00855,0.1859,0.1293109375,0.54645,0.0,48.0,10.56140350877193
A1,pusher,closer,2,340,0.0083,0.1663,0.1319046875,0.5622,0.0,32.0,10.210843373493976
A1,pusher,closer,2,350,0.0075,0.15045,0.13451875,0.58045,0.0,31.0,10.34
A1,pusher,closer,2,360,0.00795,0.14255,0.13570625,0.59475,0.0,33.0,10.081761006289309
A1,pusher,closer,2,370,0.0064,0.13055,0.1359796875,0.61,0.0,30.0,10.015625
A1,pusher,closer,2,380,0.00545,0.11965,0.1369765625,0.6286,0.0,26.0,10.137614678899082
A1,pusher,closer,2,390,0.00605,0.10845,0.1393453125,0.6323,0.0,32.0,9.950413223140496
A1,pusher,closer,2,400,0.0062,0.1029,0.14183125,0.63975,0.0,30.0,9.790322580645162
A1,pusher,closer,2,410,0.0063,0.09515,0.142584375,0.6449,0.0,30.0,9.928571428571429
A1,pusher,closer,2,420,0.00615,0.08775,0.1438875,0.6593,0.0,30.0,9.983739837398375
A1,pusher,closer,2,430,0.00425,0.08235,0.145703125,0.66385,0.0,26.0,10.223529411764705
A1,pusher,closer,2,440,0.0035,0.0781,0.1449921875,0.6713,0.0,20.0,9.9
A1,pusher,closer,2,450,0.00315,0.0738,0.1437953125,0.6751,0.0,18.0,9.825396825396826
A1,pusher,closer,2,460,0.0021,0.06775,0.14304375,0.6809,0.0,15.0,9.238095238095237
A1,pusher,closer,2,470,0.0021,0.06435,0.1431796875,0.6858,0.0,12.0,9.30952380952381
A1,pusher,closer,2,480,0.0016,0.0586,0.1426890625,0.688,0.0,10.0,9.15625
A1,pusher,closer,2,490,0.0012,0.0563,0.1418984375,0.6924,0.0,8.0,9.875
A1,pusher,closer,2,500,0.0018,0.0548,0.1401,0.69235,0.0,7.0,9.944444444444445
A1,pusher,closer,2,750,0.00025,0.0104,0.1472984375,0.68135,0.0,1.0,11.0
A1,pusher,closer,2,1000,0.0,0.00075,0.1444671875,0.64135,,,
A1,pusher,closer,2,1250,0.0,0.00065,0.14305,0.5918,,,
A1,pusher,closer,2,1500,0.0,0.00065,0.13533125,0.56475,,,
A1,pusher,closer,2,1750,0.0,0.0004,0.131228125,0.51805,,,
A1,pusher,closer,2,2000,0.0,5e-05,0.1192875,0.475,,,
A1,pusher,closer,2,2250,0.0,0.0001,0.1168859375,0.4432,,,
A1,pusher,closer,2,2500,0.0,5e-05,0.108065625,0.38195,,,
A1,pusher,closer,2,2750,0.0,0.0001,0.1023796875,0.3484,,,
A1,pusher,closer,2,3000,0.0,5e-05,0.102659375,0.32615,,,
A1,pusher,closer,2,3250,0.0,0.00015,0.0936578125,0.27955,,,
A1,pusher,closer,2,3500,0.0,0.0,0.0916546875,0.25085,,,
A1,pusher,closer,2,3750,0.0,0.0,0.09033125,0.22205,,,
A1,pusher,closer,2,4000,0.0,0.0,0.0833515625,0.2037,,,
A1,pusher,closer,2,4250,0.0,0.0,0.0824265625,0.2003,,,
A1,pusher,closer,2,4500,0.0,0.0002,0.0875296875,0.1689,,,
A1,pusher,closer,2,4750,0.0,0.0,0.0851015625,0.12615,,,
A1,pusher,closer,2,5000,0.0,5e-05,0.0805234375,0.11545,,,
A1,pusher,closer,2,5250,0.0,0.0,0.07739375,0.10025,,,
A1,pusher,closer,2,5500,0.0,0.0,0.078878125,0.09085,,,
A1,pusher,closer,2,5750,0.0,0.0,0.076175,0.08705,,,
A1,pusher,closer,2,6000,0.0,0.0,0.0780765625,0.0768,,,
A1,pusher,closer,2,6250,0.0,0.0,0.0733359375,0.07255,,,
A1,pusher,closer,2,6500,0.0,0.0,0.075159375,0.07355,,,
A1,pusher,closer,2,6750,0.0,0.0,0.0774921875,0.0648,,,
A1,pusher,closer,2,7000,0.0,0.0,0.0724546875,0.054,,,
A1,pusher,closer,2,7250,0.0,0.0,0.0665078125,0.0523,,,
A1,pusher,closer,2,7500,0.0,0.0,0.06481875,0.0571,,,
A1,pusher,closer,2,7750,0.0,0.0,0.066165625,0.06105,,,
A1,pusher,closer,2,8000,0.0,0.0,0.0688078125,0.06975,,,
A1,pusher,closer,2,8250,0.0,0.0,0.068178125,0.06645,,,
A1,pusher,closer,2,8500,0.0,0.0,0.0666640625,0.0675,,,
A1,pusher,closer,2,8750,0.0,0.0,0.072,0.07165,,,
A1,pusher,closer,2,9000,0.0,0.0,0.0674609375,0.0678,,,
A1,pusher,closer,2,9250,0.0,0.0,0.0651453125,0.08075,,,
A1,pusher,closer,2,9500,0.0,0.0,0.065809375,0.09485,,,
A1,pusher,closer,2,9750,0.0,0.0,0.06570625,0.0928,,,
A1,pusher,closer,2,10000,0.0,0.0,0.0644078125,0.08655,,,
A1,pusher,closer,2,10250,0.0,0.0,0.061234375,0.07015,,,
A1,pusher,closer,2,10500,0.0,0.0,0.0676046875,0.0578,,,
A1,pusher,closer,2,10750,0.0,0.0,0.0661765625,0.0431,,,
A1,pusher,closer,2,11000,0.0,0.0,0.060925,0.03635,,,
A1,pusher,closer,2,11250,0.0,0.0,0.0649171875,0.03625,,,
A1,pusher,closer,2,11500,0.0,0.0,0.06518125,0.02655,,,
A1,pusher,closer,2,11750,0.0,0.0,0.0657921875,0.02115,,,
A1,pusher,closer,2,12000,0.0,0.0,0.0626375,0.02285,,,
A1,pusher,closer,2,12250,0.0,0.0,0.062040625,0.01105,,,
A1,pusher,closer,2,12500,0.0,0.0,0.058196875,0.01445,,,
A1,pusher,closer,2,12750,0.0,0.0,0.0608015625,0.0115,,,
A1,pusher,closer,2,13000,0.0,0.0,0.0629,0.004,,,
A1,pusher,closer,2,13250,0.0,0.0,0.0602234375,0.00765,,,
A1,pusher,closer,2,13500,0.0,0.0,0.0550671875,0.0063,,,
A1,pusher,closer,2,13750,0.0,0.0,0.054740625,0.0048,,,
A1,pusher,closer,2,14000,0.0,0.0,0.052971875,0.0074,,,
A1,pusher,closer,2,14250,0.0,0.0,0.0512953125,0.008,,,
A1,pusher,closer,2,14500,0.0,0.0,0.048925,0.012,,,
A1,pusher,closer,2,14750,0.0,0.0,0.0545359375,0.0119,,,
A1,pusher,closer,2,15000,0.0,0.0,0.0526796875,0.0138,,,
A1,pusher,closer,2,15250,0.0,0.0,0.055140625,0.009,,,
A1,pusher,closer,2,15500,0.0,0.0,0.0549625,0.0145,,,
A1,pusher,closer,2,15750,0.0,0.0,0.052103125,0.0168,,,
A1,pusher,closer,2,16000,0.0,0.0,0.0535390625,0.0177,,,
A1,pusher,closer,2,16250,0.0,0.0,0.0500640625,0.00935,,,
A1,pusher,closer,2,16500,0.0,0.0,0.0480890625,0.0108,,,
A1,pusher,closer,2,16750,0.0,0.0,0.0528421875,0.00615,,,
A1,pusher,closer,2,17000,0.0,0.00015,0.0516390625,0.00275,,,
A1,pusher,closer,2,17250,0.0,0.0,0.0538484375,0.00245,,,
A1,pusher,closer,2,17500,0.0,0.0,0.04891875,0.0,,,
A1,pusher,closer,2,17750,0.0,0.0,0.051125,5e-05,,,
A1,pusher,closer,2,18000,0.0,0.0,0.0523828125,0.0027,,,
A1,pusher,closer,2,18250,0.0,0.0,0.0570203125,0.00415,,,
A1,pusher,closer,2,18500,0.0,0.0,0.059,0.0027,,,
A1,pusher,closer,2,18750,0.0,0.0,0.059615625,0.0018,,,
A1,pusher,closer,2,19000,0.0,0.0,0.0639421875,0.0,,,
A1,pusher,closer,2,19250,0.0,0.0,0.0640078125,0.00015,,,
A1,pusher,closer,2,19500,0.0,0.0,0.0613546875,0.0,,,
A1,pusher,closer,2,19750,0.0,0.0,0.0619015625,0.0,,,
A1,pusher,closer,2,20000,0.0,0.0,0.0614140625,0.0,,,
A1,pusher,closer,3,0,0.01,0.99,0.00125,0.01,1.0,1.0,0.0
A1,pusher,closer,3,10,0.0074,0.94335,0.0078796875,0.0261,0.8851351351351351,12.0,0.2905405405405405
A1,pusher,closer,3,20,0.0069,0.8966,0.021278125,0.0312,0.7391304347826086,16.0,0.717391304347826
A1,pusher,closer,3,30,0.00725,0.84945,0.036103125,0.0332,0.6344827586206897,23.0,1.110344827586207
A1,pusher,closer,3,40,0.0078,0.82245,0.04550625,0.03195,0.5448717948717948,34.0,1.6153846153846154
A1,pusher,closer,3,50,0.0075,0.7854,0.05685625,0.0355,0.4066666666666667,37.0,2.486666666666667
A1,pusher,closer,3,60,0.0091,0.77435,0.0616015625,0.03725,0.23076923076923078,43.0,3.142857142857143
A1,pusher,closer,3,70,0.0102,0.7492,0.064875,0.04235,0.23039215686274508,55.0,3.75
A1,pusher,closer,3,80,0.01075,0.7219,0.07035625,0.04875,0.20930232558139536,48.0,4.0
A1,pusher,closer,3,90,0.01105,0.6918,0.0774140625,0.05675,0.1583710407239819,62.0,4.452488687782806
A1,pusher,closer,3,100,0.01095,0.6755,0.080978125,0.06605,0.091324200913242,63.0,4.771689497716895
A1,pusher,closer,3,110,0.0105,0.6575,0.0848671875,0.0757,0.07142857142857142,65.0,5.204761904761905
A1,pusher,closer,3,120,0.0132,0.63695,0.08841875,0.08825,0.06818181818181818,73.0,5.1856060606060606
A1,pusher,closer,3,130,0.01475,0.62335,0.088925,0.10445,0.0711864406779661,75.0,5.4711864406779664
A1,pusher,closer,3,140,0.0151,0.60185,0.0892875,0.12285,0.052980132450331126,78.0,5.996688741721854
A1,pusher,closer,3,150,0.0161,0.5825,0.0921765625,0.1405,0.021739130434782608,87.0,6.695652173913044
A1,pusher,closer,3,160,0.01715,0.56865,0.09286875,0.15625,0.02040816326530612,99.0,6.973760932944606
A1,pusher,closer,3,170,0.01725,0.5511,0.0943546875,0.1789,0.014492753623188406,109.0,7.3826086956521735
A1,pusher,closer,3,180,0.01735,0.54535,0.090775,0.20005,0.008645533141210375,103.0,7.8414985590778095
A1,pusher,closer,3,190,0.0161,0.5173,0.094421875,0.2268,0.015527950310559006,86.0,7.714285714285714
A1,pusher,closer,3,200,0.01475,0.48445,0.098109375,0.2501,0.006779661016949152,75.0,8.061016949152542
A1,pusher,closer,3,210,0.015,0.4611,0.1004453125,0.2734,0.0,66.0,8.13
A1,pusher,closer,3,220,0.0137,0.4372,0.10505625,0.2959,0.0,71.0,8.813868613138686
A1,pusher,closer,3,230,0.0135,0.4087,0.10735625,0.3262,0.0,70.0,9.137037037037038
A1,pusher,closer,3,240,0.01275,0.3805,0.10874375,0.35685,0.0,59.0,9.188235294117646
A1,pusher,closer,3,250,0.0135,0.34575,0.115659375,0.3808,0.0,52.0,9.125925925925927
A1,pusher,closer,3,260,0.01455,0.326,0.117984375,0.4007,0.0,65.0,8.762886597938145
A1,pusher,closer,3,270,0.01475,0.30905,0.1198453125,0.42715,0.0,68.0,8.823728813559322
A1,pusher,closer,3,280,0.0154,0.2871,0.1218328125,0.4518,0.0,74.0,8.87012987012987
A1,pusher,closer,3,290,0.0133,0.26485,0.123159375,0.481,0.0,67.0,9.31578947368421
A1,pusher,closer,3,300,0.01075,0.23975,0.12365,0.5085,0.0,62.0,9.167441860465116
A1,pusher,closer,3,310,0.00995,0.21635,0.1253,0.5378,0.0,44.0,9.306532663316583
A1,pusher,closer,3,320,0.0078,0.19415,0.1270109375,0.56175,0.0,38.0,9.01923076923077
A1,pusher,closer,3,330,0.0083,0.17935,0.126571875,0.5848,0.0,33.0,9.19277108433735
A1,pusher,closer,3,340,0.0077,0.15875,0.127425,0.6122,0.0,32.0,8.909090909090908
A1,pusher,closer,3,350,0.00605,0.13445,0.1288765625,0.63695,0.0,31.0,8.578512396694215
A1,pusher,closer,3,360,0.0064,0.1234,0.1305453125,0.65675,0.0,31.0,8.859375
A1,pusher,closer,3,370,0.005,0.1085,0.131925,0.67075,0.0,22.0,8.57
A1,pusher,closer,3,380,0.0049,0.0967,0.1361578125,0.68745,0.0,21.0,8.408163265306122
A1,pusher,closer,3,390,0.00495,0.0872,0.1367375,0.6995,0.0,21.0,8.606060606060606
A1,pusher,closer,3,400,0.0042,0.0783,0.13779375,0.715,0.0,21.0,8.380952380952381
A1,pusher,closer,3,410,0.0031,0.06665,0.138621875,0.72685,0.0,20.0,8.64516129032258
A1,pusher,closer,3,420,0.0031,0.0601,0.1376171875,0.7335,0.0,16.0,8.338709677419354
A1,pusher,closer,3,430,0.0025,0.05225,0.14056875,0.73745,0.0,15.0,8.66
A1,pusher,closer,3,440,0.0028,0.04395,0.1431703125,0.74995,0.0,16.0,8.482142857142858
A1,pusher,closer,3,450,0.0022,0.03835,0.14076875,0.754,0.0,12.0,8.431818181818182
A1,pusher,closer,3,460,0.00165,0.03365,0.14,0.7572,0.0,7.0,8.454545454545455
A1,pusher,closer,3,470,0.00165,0.0291,0.1416203125,0.7659,0.0,7.0,8.424242424242424
A1,pusher,closer,3,480,0.0015,0.0239,0.142575,0.7707,0.0,8.0,8.2
A1,pusher,closer,3,490,0.00115,0.0226,0.14315625,0.7676,0.0,6.0,8.434782608695652
A1,pusher,closer,3,500,0.0012,0.019,0.1433921875,0.7659,0.0,5.0,8.666666666666666
A1,pusher,closer,3,750,0.0,0.00145,0.1414296875,0.69045,,,
A1,pusher,closer,3,1000,0.0,0.0015,0.1469171875,0.6246,,,
A1,pusher,closer,3,1250,0.0,0.0001,0.1459578125,0.5607,,,
A1,pusher,closer,3,1500,0.0,0.0002,0.1411921875,0.53615,,,
A1,pusher,closer,3,1750,0.0,0.0,0.1344609375,0.48635,,,
A1,pusher,closer,3,2000,0.0,0.0,0.1226296875,0.44255,,,
A1,pusher,closer,3,2250,0.0,0.00015,0.1242265625,0.4272,,,
A1,pusher,closer,3,2500,0.0,0.0001,0.115653125,0.3786,,,
A1,pusher,closer,3,2750,0.0,0.0002,0.1094734375,0.363,,,
A1,pusher,closer,3,3000,0.0,0.0,0.1068484375,0.3482,,,
A1,pusher,closer,3,3250,0.0,0.0,0.103246875,0.3205,,,
A1,pusher,closer,3,3500,0.0,0.0,0.1039828125,0.2711,,,
A1,pusher,closer,3,3750,0.0,0.0,0.0977828125,0.26355,,,
A1,pusher,closer,3,4000,0.0,0.0,0.09005,0.21115,,,
A1,pusher,closer,3,4250,0.0,0.0,0.0905796875,0.19545,,,
A1,pusher,closer,3,4500,0.0,0.0,0.08834375,0.15565,,,
A1,pusher,closer,3,4750,0.0,0.0,0.0938921875,0.1449,,,
A1,pusher,closer,3,5000,0.0,0.0,0.0889171875,0.11565,,,
A1,pusher,closer,3,5250,0.0,0.0,0.088846875,0.11615,,,
A1,pusher,closer,3,5500,0.0,0.0,0.0868703125,0.1022,,,
A1,pusher,closer,3,5750,0.0,0.0,0.08380625,0.1019,,,
A1,pusher,closer,3,6000,0.0,0.0,0.0910890625,0.1026,,,
A1,pusher,closer,3,6250,0.0,0.0,0.0885578125,0.0947,,,
A1,pusher,closer,3,6500,0.0,0.0,0.0853796875,0.08525,,,
A1,pusher,closer,3,6750,0.0,0.0,0.0871796875,0.0811,,,
A1,pusher,closer,3,7000,0.0,0.0,0.089571875,0.07915,,,
A1,pusher,closer,3,7250,0.0,0.0,0.0860609375,0.06995,,,
A1,pusher,closer,3,7500,0.0,0.0,0.084475,0.0635,,,
A1,pusher,closer,3,7750,0.0,0.0,0.0887859375,0.0617,,,
A1,pusher,closer,3,8000,0.0,0.0,0.0881703125,0.0522,,,
A1,pusher,closer,3,8250,0.0,0.0,0.08695,0.03675,,,
A1,pusher,closer,3,8500,0.0,0.0,0.08499375,0.03505,,,
A1,pusher,closer,3,8750,0.0,0.0,0.0829859375,0.03205,,,
A1,pusher,closer,3,9000,0.0,0.0,0.084115625,0.03635,,,
A1,pusher,closer,3,9250,0.0,0.0,0.081634375,0.0272,,,
A1,pusher,closer,3,9500,0.0,0.0,0.0741953125,0.01935,,,
A1,pusher,closer,3,9750,0.0,0.0,0.0772109375,0.01365,,,
A1,pusher,closer,3,10000,0.0,0.0,0.082465625,0.01445,,,
A1,pusher,closer,3,10250,0.0,0.0,0.089328125,0.0081,,,
A1,pusher,closer,3,10500,0.0,0.0,0.0890796875,0.00715,,,
A1,pusher,closer,3,10750,0.0,0.0,0.083396875,0.00615,,,
A1,pusher,closer,3,11000,0.0,0.0,0.083765625,0.0024,,,
A1,pusher,closer,3,11250,0.0,0.0,0.085309375,0.0012,,,
A1,pusher,closer,3,11500,0.0,0.0,0.089,0.0015,,,
A1,pusher,closer,3,11750,0.0,5e-05,0.0887125,0.0047,,,
A1,pusher,closer,3,12000,0.0,0.0,0.0930515625,0.00035,,,
A1,pusher,closer,3,12250,0.0,0.0,0.08625625,0.0,,,
A1,pusher,closer,3,12500,0.0,0.0,0.08381875,0.0005,,,
A1,pusher,closer,3,12750,0.0,0.0,0.0843796875,0.0,,,
A1,pusher,closer,3,13000,0.0,0.0002,0.0851140625,0.00015,,,
A1,pusher,closer,3,13250,0.0,0.0,0.0819421875,0.00015,,,
A1,pusher,closer,3,13500,0.0,0.0,0.0749046875,0.00025,,,
A1,pusher,closer,3,13750,0.0,0.0,0.0805,0.00255,,,
A1,pusher,closer,3,14000,0.0,0.0,0.075634375,0.00305,,,
A1,pusher,closer,3,14250,0.0,0.0,0.07858125,0.00195,,,
A1,pusher,closer,3,14500,0.0,0.0,0.075384375,0.0,,,
A1,pusher,closer,3,14750,0.0,0.0,0.073653125,0.00235,,,
A1,pusher,closer,3,15000,0.0,0.0,0.07094375,0.0007,,,
A1,pusher,closer,3,15250,0.0,0.0,0.072028125,0.0005,,,
A1,pusher,closer,3,15500,0.0,0.0,0.070034375,0.0021,,,
A1,pusher,closer,3,15750,0.0,0.0,0.066721875,0.0019,,,
A1,pusher,closer,3,16000,0.0,0.0,0.0665109375,0.0003,,,
A1,pusher,closer,3,16250,0.0,0.0,0.06633125,0.0009,,,
A1,pusher,closer,3,16500,0.0,0.0,0.068759375,5e-05,,,
A1,pusher,closer,3,16750,0.0,0.0,0.0652546875,0.0003,,,
A1,pusher,closer,3,17000,0.0,0.0,0.065678125,0.0001,,,
A1,pusher,closer,3,17250,0.0,0.0,0.0654328125,0.0,,,
A1,pusher,closer,3,17500,0.0,0.0,0.0636,0.0017,,,
A1,pusher,closer,3,17750,0.0,0.0,0.06149375,0.0,,,
A1,pusher,closer,3,18000,0.0,0.0,0.05770625,0.0,,,
A1,pusher,closer,3,18250,0.0,0.0,0.06210625,0.0013,,,
A1,pusher,closer,3,18500,0.0,0.0,0.0578578125,0.0005,,,
A1,pusher,closer,3,18750,0.0,5e-05,0.059659375,0.00235,,,
A1,pusher,closer,3,19000,0.0,0.0,0.0643859375,0.0,,,
A1,pusher,closer,3,19250,0.0,0.0,0.0614265625,0.0,,,
A1,pusher,closer,3,19500,0.0,0.0,0.0657921875,5e-05,,,
A1,pusher,closer,3,19750,0.0,0.0,0.06195,0.0001,,,
A1,pusher,closer,3,20000,0.0,0.0,0.0638984375,0.0,,,
A1,pusher,closer,4,0,0.01,0.99,0.00125,0.01,1.0,1.0,0.0
A1,pusher,closer,4,10,0.00905,0.9405,0.008790625,0.0282,0.8453038674033149,14.0,0.47513812154696133
A1,pusher,closer,4,20,0.00745,0.89495,0.0223546875,0.0317,0.6577181208053692,25.0,1.5838926174496644
A1,pusher,closer,4,30,0.0076,0.8544,0.0356546875,0.032,0.5855263157894737,32.0,1.756578947368421
A1,pusher,closer,4,40,0.0085,0.83045,0.044071875,0.03335,0.34705882352941175,43.0,3.0470588235294116
A1,pusher,closer,4,50,0.00975,0.7982,0.0509296875,0.0355,0.26666666666666666,52.0,4.128205128205129
A1,pusher,closer,4,60,0.01125,0.7743,0.0556828125,0.0389,0.17333333333333334,49.0,4.937777777777778
A1,pusher,closer,4,70,0.01025,0.7466,0.06183125,0.04285,0.15609756097560976,64.0,5.365853658536586
A1,pusher,closer,4,80,0.0106,0.7263,0.067028125,0.04705,0.14622641509433962,61.0,5.768867924528302
A1,pusher,closer,4,90,0.01205,0.7023,0.0712796875,0.05665,0.11203319502074689,68.0,5.929460580912863
A1,pusher,closer,4,100,0.01235,0.68725,0.0732875,0.06445,0.0931174089068826,79.0,6.995951417004049
A1,pusher,closer,4,110,0.01175,0.66625,0.0773203125,0.07775,0.08936170212765958,75.0,7.238297872340426
A1,pusher,closer,4,120,0.01135,0.6462,0.0807515625,0.0887,0.05286343612334802,84.0,7.938325991189427
A1,pusher,closer,4,130,0.01105,0.6242,0.0818953125,0.10145,0.03619909502262444,74.0,8.28054298642534
A1,pusher,closer,4,140,0.0111,0.59915,0.0823546875,0.11545,0.0,68.0,8.905405405405405
A1,pusher,closer,4,150,0.01195,0.57445,0.0888328125,0.1318,0.0,69.0,9.175732217573222
A1,pusher,closer,4,160,0.0159,0.55075,0.091221875,0.1535,0.0,85.0,9.581761006289309
A1,pusher,closer,4,170,0.01545,0.5253,0.0933203125,0.1751,0.0,82.0,9.983818770226538
A1,pusher,closer,4,180,0.0131,0.50025,0.093240625,0.19495,0.0,81.0,9.866412213740459
A1,pusher,closer,4,190,0.01435,0.4723,0.0991046875,0.21615,0.0,82.0,9.822299651567944
A1,pusher,closer,4,200,0.0141,0.439,0.10399375,0.23885,0.0,81.0,9.932624113475176
A1,pusher,closer,4,210,0.01365,0.4077,0.1071375,0.2627,0.0,76.0,9.901098901098901
A1,pusher,closer,4,220,0.0151,0.37845,0.112615625,0.29065,0.0,76.0,9.629139072847682
A1,pusher,closer,4,230,0.0154,0.35035,0.116421875,0.3173,0.0,87.0,9.85064935064935
A1,pusher,closer,4,240,0.01485,0.3149,0.1202265625,0.34085,0.0,98.0,9.744107744107744
A1,pusher,closer,4,250,0.0159,0.28355,0.1252390625,0.368,0.0,96.0,9.852201257861635
A1,pusher,closer,4,260,0.01805,0.2565,0.126671875,0.39695,0.0,97.0,10.185595567867036
A1,pusher,closer,4,270,0.01955,0.236,0.127521875,0.4246,0.0,96.0,10.258312020460359
A1,pusher,closer,4,280,0.0207,0.2129,0.1257453125,0.455,0.0,98.0,10.429951690821255
A1,pusher,closer,4,290,0.0202,0.1839,0.1286109375,0.48055,0.0,104.0,10.532178217821782
A1,pusher,closer,4,300,0.0198,0.16225,0.1316265625,0.50375,0.0,109.0,10.666666666666666
A1,pusher,closer,4,310,0.01955,0.14235,0.136296875,0.5236,0.0,100.0,10.667519181585678
A1,pusher,closer,4,320,0.01985,0.1213,0.1395828125,0.5411,0.0,111.0,10.811083123425693
A1,pusher,closer,4,330,0.01925,0.10735,0.1399140625,0.5541,0.0,90.0,10.888311688311688
A1,pusher,closer,4,340,0.01985,0.0917,0.1404375,0.57155,0.0,104.0,10.914357682619647
A1,pusher,closer,4,350,0.0223,0.07595,0.14190625,0.59255,0.0,110.0,10.874439461883409
A1,pusher,closer,4,360,0.0217,0.06415,0.1429921875,0.60265,0.0,112.0,10.73963133640553
A1,pusher,closer,4,370,0.0219,0.05965,0.1427828125,0.6197,0.0,112.0,10.598173515981735
A1,pusher,closer,4,380,0.0216,0.0496,0.1423015625,0.6292,0.0,101.0,10.282407407407407
A1,pusher,closer,4,390,0.01865,0.04575,0.1428671875,0.6332,0.0,91.0,10.504021447721179
A1,pusher,closer,4,400,0.01765,0.0398,0.145403125,0.6378,0.0,93.0,10.674220963172804
A1,pusher,closer,4,410,0.0194,0.0324,0.145846875,0.63755,0.0,96.0,11.028350515463918
A1,pusher,closer,4,420,0.019,0.02805,0.145378125,0.6431,0.0,101.0,11.115789473684211
A1,pusher,closer,4,430,0.0177,0.02355,0.1450796875,0.6434,0.0,77.0,10.994350282485875
A1,pusher,closer,4,440,0.0157,0.0202,0.1451703125,0.6413,0.0,78.0,10.968152866242038
A1,pusher,closer,4,450,0.014,0.01885,0.1429296875,0.6462,0.0,71.0,10.92142857142857
A1,pusher,closer,4,460,0.0123,0.0177,0.14355625,0.65265,0.0,69.0,10.483739837398375
A1,pusher,closer,4,470,0.01035,0.01515,0.1431953125,0.65745,0.0,54.0,10.801932367149758
A1,pusher,closer,4,480,0.0086,0.0125,0.143025,0.65775,0.0,47.0,10.703488372093023
A1,pusher,closer,4,490,0.00775,0.00985,0.143703125,0.65415,0.0,40.0,10.387096774193548
A1,pusher,closer,4,500,0.0084,0.00805,0.14449375,0.65385,0.0,36.0,10.071428571428571
A1,pusher,closer,4,750,0.0017,0.00105,0.13634375,0.59665,0.0,9.0,11.382352941176471
A1,pusher,closer,4,1000,0.0,0.0009,0.1327578125,0.5338,,,
A1,pusher,closer,4,1250,0.0,0.0003,0.13091875,0.45735,,,
A1,pusher,closer,4,1500,0.0,0.0002,0.1240484375,0.416,,,
A1,pusher,closer,4,1750,0.0,5e-05,0.1176765625,0.3846,,,
A1,pusher,closer,4,2000,0.0,5e-05,0.110871875,0.34725,,,
A1,pusher,closer,4,2250,0.0,5e-05,0.10266875,0.32175,,,
A1,pusher,closer,4,2500,0.0,0.0004,0.093409375,0.30495,,,
A1,pusher,closer,4,2750,0.0,0.0,0.0946328125,0.29005,,,
A1,pusher,closer,4,3000,0.0,0.0,0.0997671875,0.2744,,,
A1,pusher,closer,4,3250,0.0,0.0,0.0939078125,0.2606,,,
A1,pusher,closer,4,3500,0.0,0.0,0.088421875,0.2451,,,
A1,pusher,closer,4,3750,0.0,0.0,0.0889546875,0.23515,,,
A1,pusher,closer,4,4000,0.0,0.0001,0.09115625,0.23215,,,
A1,pusher,closer,4,4250,0.0,0.0,0.0853234375,0.21935,,,
A1,pusher,closer,4,4500,0.0,0.0,0.0858453125,0.189,,,
A1,pusher,closer,4,4750,0.0,0.0,0.086890625,0.18395,,,
A1,pusher,closer,4,5000,0.0,0.0,0.08921875,0.1659,,,
A1,pusher,closer,4,5250,0.0,0.0,0.0887421875,0.15785,,,
A1,pusher,closer,4,5500,0.0,0.0,0.08685,0.1364,,,
A1,pusher,closer,4,5750,0.0,0.0,0.08923125,0.11225,,,
A1,pusher,closer,4,6000,0.0,0.0,0.0831609375,0.0838,,,
A1,pusher,closer,4,6250,0.0,0.0,0.086903125,0.084,,,
A1,pusher,closer,4,6500,0.0,0.0,0.090659375,0.06785,,,
A1,pusher,closer,4,6750,0.0,0.0,0.085965625,0.06215,,,
A1,pusher,closer,4,7000,0.0,0.0,0.0848953125,0.05875,,,
A1,pusher,closer,4,7250,0.0,0.0,0.083771875,0.05275,,,
A1,pusher,closer,4,7500,0.0,0.0,0.0771546875,0.03755,,,
A1,pusher,closer,4,7750,0.0,0.0,0.08465625,0.0258,,,
A1,pusher,closer,4,8000,0.0,5e-05,0.0852578125,0.0163,,,
A1,pusher,closer,4,8250,0.0,0.0,0.0851703125,0.0181,,,
A1,pusher,closer,4,8500,0.0,0.0,0.0839046875,0.0117,,,
A1,pusher,closer,4,8750,0.0,0.0,0.080646875,0.01485,,,
A1,pusher,closer,4,9000,0.0,0.0,0.0815296875,0.0193,,,
A1,pusher,closer,4,9250,0.0,0.0,0.07798125,0.01985,,,
A1,pusher,closer,4,9500,0.0,0.0,0.0769953125,0.01825,,,
A1,pusher,closer,4,9750,0.0,0.0,0.07531875,0.0276,,,
A1,pusher,closer,4,10000,0.0,0.0,0.0769984375,0.022,,,
A1,pusher,closer,4,10250,0.0,0.0,0.0734390625,0.01715,,,
A1,pusher,closer,4,10500,0.0,0.0,0.0790765625,0.03045,,,
A1,pusher,closer,4,10750,0.0,0.0,0.0814234375,0.03165,,,
A1,pusher,closer,4,11000,0.0,0.0,0.0800296875,0.02375,,,
A1,pusher,closer,4,11250,0.0,0.0,0.079790625,0.0125,,,
A1,pusher,closer,4,11500,0.0,0.0,0.080775,0.0137,,,
A1,pusher,closer,4,11750,0.0,0.0,0.0850625,0.0049,,,
A1,pusher,closer,4,12000,0.0,0.0,0.085384375,0.00575,,,
A1,pusher,closer,4,12250,0.0,0.0,0.0787796875,0.00275,,,
A1,pusher,closer,4,12500,0.0,0.0,0.0771265625,0.00855,,,
A1,pusher,closer,4,12750,0.0,0.0,0.0777953125,0.00475,,,
A1,pusher,closer,4,13000,0.0,0.0,0.0763984375,0.0027,,,
A1,pusher,closer,4,13250,0.0,0.0,0.0732359375,0.0004,,,
A1,pusher,closer,4,13500,0.0,0.0,0.0746515625,0.0,,,
A1,pusher,closer,4,13750,0.0,0.0,0.0739375,0.0,,,
A1,pusher,closer,4,14000,0.0,0.0,0.0776640625,0.0,,,
A1,pusher,closer,4,14250,0.0,0.0,0.0755828125,0.0,,,
A1,pusher,closer,4,14500,0.0,0.0,0.081075,0.00245,,,
A1,pusher,closer,4,14750,0.0,0.0,0.074915625,0.0037,,,
A1,pusher,closer,4,15000,0.0,0.0,0.0771890625,0.0051,,,
A1,pusher,closer,4,15250,0.0,0.0,0.08075,0.00605,,,
A1,pusher,closer,4,15500,0.0,0.0,0.0857015625,0.00735,,,
A1,pusher,closer,4,15750,0.0,0.0,0.0861453125,0.00235,,,
A1,pusher,closer,4,16000,0.0,0.0,0.0909296875,0.00215,,,
A1,pusher,closer,4,16250,0.0,0.0,0.089146875,0.0055,,,
A1,pusher,closer,4,16500,0.0,0.0,0.0930875,0.00065,,,
A1,pusher,closer,4,16750,0.0,0.0,0.09056875,0.0022,,,
A1,pusher,closer,4,17000,0.0,0.0,0.087478125,0.0,,,
A1,pusher,closer,4,17250,0.0,0.0,0.0925890625,0.0,,,
A1,pusher,closer,4,17500,0.0,0.0,0.0938375,0.0,,,
A1,pusher,closer,4,17750,0.0,0.0,0.093334375,0.0,,,
A1,pusher,closer,4,18000,0.0,0.00015,0.092,0.0,,,
A1,pusher,closer,4,18250,0.0,0.0,0.097121875,0.0,,,
A1,pusher,closer,4,18500,0.0,0.0,0.098790625,0.0,,,
A1,pusher,closer,4,18750,0.0,0.0,0.1063609375,0.0,,,
A1,pusher,closer,4,19000,0.0,0.0,0.1037453125,0.0,,,
A1,pusher,closer,4,19250,0.0,0.0,0.100728125,0.0,,,
A1,pusher,closer,4,19500,0.0,0.0,0.0958578125,0.0,,,
A1,pusher,closer,4,19750,0.0,0.0,0.09599375,0.0,,,
A1,pusher,closer,4,20000,0.0,0.0,0.0959359375,0.0,,,
A1,pusher,closer,5,0,0.01,0.99,0.00125,0.01,1.0,1.0,0.0
A1,pusher,closer,5,10,0.0087,0.94755,0.00818125,0.02525,0.9597701149425287,8.0,0.040229885057471264
A1,pusher,closer,5,20,0.0106,0.8916,0.022746875,0.03235,0.7830188679245284,22.0,0.4811320754716981
A1,pusher,closer,5,30,0.0109,0.84905,0.0353921875,0.03415,0.6972477064220184,38.0,0.9678899082568807
A1,pusher,closer,5,40,0.01075,0.81775,0.04498125,0.0359,0.5209302325581395,48.0,2.474418604651163
A1,pusher,closer,5,50,0.0121,0.7895,0.0497671875,0.0414,0.359504132231405,54.0,2.768595041322314
A1,pusher,closer,5,60,0.01445,0.76075,0.0592265625,0.04465,0.38408304498269896,64.0,2.830449826989619
A1,pusher,closer,5,70,0.01455,0.74085,0.0626359375,0.05165,0.27835051546391754,68.0,3.611683848797251
A1,pusher,closer,5,80,0.0153,0.7095,0.069578125,0.0578,0.19607843137254902,84.0,4.2026143790849675
A1,pusher,closer,5,90,0.01655,0.68735,0.075378125,0.0642,0.17220543806646527,106.0,4.770392749244713
A1,pusher,closer,5,100,0.0192,0.663,0.0790359375,0.07495,0.12760416666666666,124.0,5.424479166666667
A1,pusher,closer,5,110,0.0181,0.64095,0.08355,0.0844,0.11878453038674033,107.0,5.665745856353591
A1,pusher,closer,5,120,0.0181,0.62925,0.0834484375,0.09385,0.11049723756906077,113.0,5.441988950276243
A1,pusher,closer,5,130,0.01675,0.6158,0.08495,0.10735,0.1044776119402985,102.0,5.2298507462686565
A1,pusher,closer,5,140,0.01765,0.58805,0.0868546875,0.1211,0.0906515580736544,91.0,4.906515580736544
A1,pusher,closer,5,150,0.01725,0.5699,0.088025,0.13845,0.06086956521739131,96.0,5.301449275362319
A1,pusher,closer,5,160,0.01695,0.55155,0.0910203125,0.1558,0.07964601769911504,92.0,5.20353982300885
A1,pusher,closer,5,170,0.0177,0.5329,0.092696875,0.1746,0.03389830508474576,100.0,5.853107344632768
A1,pusher,closer,5,180,0.0174,0.51625,0.09279375,0.19725,0.020114942528735632,108.0,6.14367816091954
A1,pusher,closer,5,190,0.0165,0.49465,0.0969859375,0.22045,0.006060606060606061,98.0,6.181818181818182
A1,pusher,closer,5,200,0.02045,0.466,0.10085,0.2449,0.004889975550122249,99.0,6.212713936430318
A1,pusher,closer,5,210,0.0198,0.4431,0.101784375,0.2714,0.010101010101010102,107.0,6.41919191919192
A1,pusher,closer,5,220,0.01915,0.4181,0.1029015625,0.29615,0.0026109660574412533,110.0,6.558746736292428
A1,pusher,closer,5,230,0.0176,0.39205,0.1047609375,0.32585,0.011363636363636364,95.0,6.957386363636363
A1,pusher,closer,5,240,0.0194,0.3714,0.106253125,0.35835,0.015463917525773196,109.0,6.72680412371134
A1,pusher,closer,5,250,0.02135,0.3411,0.10949375,0.3887,0.01405152224824356,108.0,6.819672131147541
A1,pusher,closer,5,260,0.02075,0.3129,0.11315,0.40985,0.014457831325301205,112.0,6.746987951807229
A1,pusher,closer,5,270,0.02175,0.30005,0.114946875,0.428,0.011494252873563218,107.0,7.039080459770115
A1,pusher,closer,5,280,0.0225,0.28665,0.1147453125,0.45315,0.0,113.0,7.126666666666667
A1,pusher,closer,5,290,0.0208,0.2667,0.11681875,0.47625,0.0,106.0,7.163461538461538
A1,pusher,closer,5,300,0.01965,0.2487,0.119965625,0.499,0.0,98.0,7.267175572519084
A1,pusher,closer,5,310,0.0192,0.22905,0.1213390625,0.5211,0.0,84.0,7.388020833333333
A1,pusher,closer,5,320,0.0173,0.21125,0.1246125,0.53715,0.0,82.0,7.46242774566474
A1,pusher,closer,5,330,0.016,0.1979,0.127984375,0.55495,0.0,80.0,7.3625
A1,pusher,closer,5,340,0.01555,0.18565,0.1296875,0.5725,0.0,88.0,7.591639871382637
A1,pusher,closer,5,350,0.01525,0.16965,0.1313,0.59345,0.0,77.0,7.501639344262295
A1,pusher,closer,5,360,0.01175,0.15055,0.133859375,0.613,0.0,71.0,7.676595744680851
A1,pusher,closer,5,370,0.01035,0.1346,0.133909375,0.6288,0.0,65.0,7.8647342995169085
A1,pusher,closer,5,380,0.0109,0.11845,0.1366171875,0.63995,0.0,60.0,8.188073394495413
A1,pusher,closer,5,390,0.01125,0.10415,0.137159375,0.6557,0.0,52.0,8.182222222222222
A1,pusher,closer,5,400,0.00905,0.09315,0.1375734375,0.6686,0.0,43.0,8.0
A1,pusher,closer,5,410,0.00935,0.08245,0.1377765625,0.6802,0.0,43.0,8.016042780748663
A1,pusher,closer,5,420,0.0079,0.0751,0.13665625,0.688,0.0,45.0,7.917721518987341
A1,pusher,closer,5,430,0.0076,0.06495,0.137978125,0.705,0.0,38.0,7.776315789473684
A1,pusher,closer,5,440,0.00695,0.05795,0.1408359375,0.7075,0.0,35.0,7.107913669064748
A1,pusher,closer,5,450,0.0077,0.05,0.1406140625,0.70825,0.0,37.0,7.337662337662338
A1,pusher,closer,5,460,0.00775,0.04405,0.1407296875,0.7193,0.0,31.0,7.077419354838709
A1,pusher,closer,5,470,0.0069,0.0347,0.1421609375,0.72475,0.0,29.0,7.340579710144928
A1,pusher,closer,5,480,0.00615,0.0279,0.1419328125,0.733,0.0,25.0,7.512195121951219
A1,pusher,closer,5,490,0.00535,0.0235,0.1446859375,0.7359,0.0,29.0,7.700934579439252
A1,pusher,closer,5,500,0.00495,0.0208,0.14500625,0.73695,0.0,30.0,7.98989898989899
A1,pusher,closer,5,750,0.0,0.00195,0.1483078125,0.67165,,,
A1,pusher,closer,5,1000,0.0,0.0011,0.1451453125,0.59405,,,
A1,pusher,closer,5,1250,0.0,0.00055,0.14335625,0.5655,,,
A1,pusher,closer,5,1500,0.0,0.00035,0.1368796875,0.51085,,,
A1,pusher,closer,5,1750,0.0,0.00035,0.1339640625,0.4459,,,
A1,pusher,closer,5,2000,0.0,0.00025,0.12869375,0.42195,,,
A1,pusher,closer,5,2250,0.0,5e-05,0.116490625,0.3864,,,
A1,pusher,closer,5,2500,0.0,0.0,0.109871875,0.3302,,,
A1,pusher,closer,5,2750,0.0,0.00015,0.1061703125,0.29865,,,
A1,pusher,closer,5,3000,0.0,0.0,0.0982125,0.2646,,,
A1,pusher,closer,5,3250,0.0,5e-05,0.0954609375,0.22865,,,
A1,pusher,closer,5,3500,0.0,0.0,0.091578125,0.2239,,,
A1,pusher,closer,5,3750,0.0,0.0001,0.089821875,0.1916,,,
A1,pusher,closer,5,4000,0.0,0.0,0.0924421875,0.1743,,,
A1,pusher,closer,5,4250,0.0,0.0001,0.085428125,0.14755,,,
A1,pusher,closer,5,4500,0.0,0.0,0.0860140625,0.10985,,,
A1,pusher,closer,5,4750,0.0,0.0,0.0834921875,0.11255,,,
A1,pusher,closer,5,5000,0.0,0.0,0.07814375,0.09565,,,
A1,pusher,closer,5,5250,0.0,0.0,0.0748671875,0.0822,,,
A1,pusher,closer,5,5500,0.0,0.0,0.0741671875,0.07045,,,
A1,pusher,closer,5,5750,0.0,0.0,0.079175,0.04935,,,
A1,pusher,closer,5,6000,0.0,0.0,0.0815828125,0.03965,,,
A1,pusher,closer,5,6250,0.0,0.0,0.0832421875,0.04655,,,
A1,pusher,closer,5,6500,0.0,0.0,0.0837984375,0.0384,,,
A1,pusher,closer,5,6750,0.0,0.0,0.0850609375,0.03785,,,
A1,pusher,closer,5,7000,0.0,0.0,0.0819296875,0.02895,,,
A1,pusher,closer,5,7250,0.0,0.0,0.07908125,0.02185,,,
A1,pusher,closer,5,7500,0.0,0.0,0.07855625,0.01775,,,
A1,pusher,closer,5,7750,0.0,0.0,0.081153125,0.02185,,,
A1,pusher,closer,5,8000,0.0,0.0,0.0799609375,0.0297,,,
A1,pusher,closer,5,8250,0.0,0.0,0.0827484375,0.02075,,,
A1,pusher,closer,5,8500,0.0,0.0,0.079525,0.02455,,,
A1,pusher,closer,5,8750,0.0,0.0,0.0848125,0.0178,,,
A1,pusher,closer,5,9000,0.0,5e-05,0.0850171875,0.01665,,,
A1,pusher,closer,5,9250,0.0,0.0,0.0831890625,0.0186,,,
A1,pusher,closer,5,9500,0.0,0.0,0.0840875,0.01755,,,
A1,pusher,closer,5,9750,0.0,0.0,0.07920625,0.0176,,,
A1,pusher,closer,5,10000,0.0,0.0,0.0813125,0.01635,,,
A1,pusher,closer,5,10250,0.0,0.0,0.074934375,0.00995,,,
A1,pusher,closer,5,10500,0.0,0.0,0.07259375,0.0043,,,
A1,pusher,closer,5,10750,0.0,0.0,0.0749125,0.00465,,,
A1,pusher,closer,5,11000,0.0,0.0,0.074409375,0.005,,,
A1,pusher,closer,5,11250,0.0,0.0,0.0760140625,0.00725,,,
A1,pusher,closer,5,11500,0.0,5e-05,0.0779234375,0.0074,,,
A1,pusher,closer,5,11750,0.0,0.0,0.0751234375,0.0069,,,
A1,pusher,closer,5,12000,0.0,0.0,0.0757515625,0.01095,,,
A1,pusher,closer,5,12250,0.0,0.0,0.0700984375,0.01205,,,
A1,pusher,closer,5,12500,0.0,0.0,0.067603125,0.0076,,,
A1,pusher,closer,5,12750,0.0,0.0,0.067759375,0.00475,,,
A1,pusher,closer,5,13000,0.0,0.0,0.0700234375,0.00465,,,
A1,pusher,closer,5,13250,0.0,0.0,0.073003125,0.009,,,
A1,pusher,closer,5,13500,0.0,0.0,0.0722796875,0.00815,,,
A1,pusher,closer,5,13750,0.0,0.0,0.0666859375,0.006,,,
A1,pusher,closer,5,14000,0.0,0.0,0.06551875,0.00155,,,
A1,pusher,closer,5,14250,0.0,0.0,0.065375,0.0,,,
A1,pusher,closer,5,14500,0.0,0.0,0.0635734375,0.00195,,,
A1,pusher,closer,5,14750,0.0,0.0,0.059821875,0.0001,,,
A1,pusher,closer,5,15000,0.0,0.0,0.06120625,5e-05,,,
A1,pusher,closer,5,15250,0.0,0.0,0.060271875,0.00155,,,
A1,pusher,closer,5,15500,0.0,0.0,0.0681375,0.0037,,,
A1,pusher,closer,5,15750,0.0,0.0,0.0641203125,0.00665,,,
A1,pusher,closer,5,16000,0.0,0.0,0.06468125,0.0043,,,
A1,pusher,closer,5,16250,0.0,0.0,0.0657234375,0.00315,,,
A1,pusher,closer,5,16500,0.0,0.0,0.0663625,0.0034,,,
A1,pusher,closer,5,16750,0.0,0.0,0.0690171875,0.0027,,,
A1,pusher,closer,5,17000,0.0,0.0,0.0694328125,0.00145,,,
A1,pusher,closer,5,17250,0.0,0.0,0.0662359375,0.0002,,,
A1,pusher,closer,5,17500,0.0,0.0,0.0687875,5e-05,,,
A1,pusher,closer,5,17750,0.0,0.0,0.0704625,0.0009,,,
A1,pusher,closer,5,18000,0.0,0.0,0.0672359375,0.00155,,,
A1,pusher,closer,5,18250,0.0,0.0,0.0688515625,0.0,,,
A1,pusher,closer,5,18500,0.0,0.0,0.0749328125,0.00095,,,
A1,pusher,closer,5,18750,0.0,0.0,0.070028125,0.00155,,,
A1,pusher,closer,5,19000,0.0,0.0,0.0745125,0.00085,,,
A1,pusher,closer,5,19250,0.0,0.0,0.0681171875,5e-05,,,
A1,pusher,closer,5,19500,0.0,0.0,0.067028125,0.0,,,
A1,pusher,closer,5,19750,0.0,0.0,0.0702203125,0.0,,,
A1,pusher,closer,5,20000,0.0,0.0,0.0675984375,0.0,,,
A1,closer,pusher,1,0,0.99,0.01,0.12375,0.99,1.0,1.0,0.0
A1,closer,pusher,1,10,0.86655,0.0011,0.1290828125,0.9485,0.8996018694824304,857.0,0.11465004904506376
A1,closer,pusher,1,20,0.78905,0.0003,0.1355828125,0.9212,0.7864520626069323,1213.0,0.2922501742601863
A1,closer,pusher,1,30,0.7323,0.0002,0.1394265625,0.90925,0.6822340570804315,1423.0,0.47699030452000546
A1,closer,pusher,1,40,0.6774,0.00015,0.1434875,0.8978,0.5839976380277532,1582.0,0.6758193091231178
A1,closer,pusher,1,50,0.6392,5e-05,0.1469046875,0.8903,0.5102471839799749,1704.0,0.8445713391739674
A1,closer,pusher,1,60,0.60725,5e-05,0.1477953125,0.89125,0.4315356113627007,1784.0,1.0758336764100453
A1,closer,pusher,1,70,0.5662,5e-05,0.149109375,0.88605,0.37963617096432356,1806.0,1.2581243376898623
A1,closer,pusher,1,80,0.5361,5e-05,0.1512390625,0.88025,0.33212087297146053,1801.0,1.4376981906360753
A1,closer,pusher,1,90,0.5079,0.00015,0.152803125,0.8735,0.2792872612719039,1797.0,1.6246308328411105
A1,closer,pusher,1,100,0.4749,5e-05,0.1535078125,0.86815,0.23173299642029901,1825.0,1.8297536323436514
A1,closer,pusher,1,110,0.44165,0.0,0.15235,0.8681,0.19053549190535493,1795.0,1.970112079701121
A1,closer,pusher,1,120,0.4116,0.0,0.1538421875,0.8579,0.1728620019436346,1700.0,2.142128279883382
A1,closer,pusher,1,130,0.3939,0.0,0.1545734375,0.85725,0.1494034018786494,1661.0,2.2683422188372684
A1,closer,pusher,1,140,0.37275,0.0,0.1549390625,0.853,0.1278336686787391,1610.0,2.4877263581488935
A1,closer,pusher,1,150,0.35095,0.0001,0.156528125,0.84765,0.1122667046587833,1554.0,2.566177518164981
A1,closer,pusher,1,160,0.32605,0.00015,0.1546234375,0.8436,0.09829780708480294,1470.0,2.6932985738383683
A1,closer,pusher,1,170,0.3036,0.0,0.154653125,0.84255,0.07921607378129117,1382.0,2.827239789196311
A1,closer,pusher,1,180,0.2887,0.0,0.154653125,0.84025,0.06667821267751992,1313.0,3.0633875995843436
A1,closer,pusher,1,190,0.27415,0.0,0.155015625,0.8371,0.05343789896042313,1253.0,3.2546051431697975
A1,closer,pusher,1,200,0.2574,0.0,0.156278125,0.83385,0.04351204351204351,1194.0,3.4114219114219115
A1,closer,pusher,1,210,0.24215,0.0,0.156196875,0.8303,0.03964484823456535,1159.0,3.5145570927111294
A1,closer,pusher,1,220,0.23215,0.0,0.1566859375,0.8294,0.033383588197286235,1102.0,3.5287529614473403
A1,closer,pusher,1,230,0.2197,0.0,0.1579296875,0.82515,0.025261720527992717,1035.0,3.6873008648156578
A1,closer,pusher,1,240,0.2028,0.0,0.1579875,0.8193,0.014299802761341223,1010.0,3.8685897435897436
A1,closer,pusher,1,250,0.1951,0.0,0.1562109375,0.8168,0.01460789338800615,946.0,3.971809328549462
A1,closer,pusher,1,260,0.1844,0.0,0.1556421875,0.8194,0.0113882863340564,881.0,4.135032537960955
A1,closer,pusher,1,270,0.172,0.0,0.1547359375,0.81445,0.007267441860465116,862.0,4.256976744186047
A1,closer,pusher,1,280,0.16,0.0,0.1536359375,0.8087,0.005625,807.0,4.415625
A1,closer,pusher,1,290,0.14705,0.0,0.155496875,0.8038,0.003740224413464808,763.0,4.60183611016661
A1,closer,pusher,1,300,0.1391,0.0,0.156646875,0.7956,0.0007189072609633358,731.0,4.745866283249461
A1,closer,pusher,1,310,0.1301,0.0,0.1543390625,0.79255,0.0,630.0,4.665641813989239
A1,closer,pusher,1,320,0.1206,0.0,0.1526140625,0.7903,0.0,606.0,4.83457711442786
A1,closer,pusher,1,330,0.1081,0.0,0.153465625,0.78545,0.0,551.0,4.986123959296947
A1,closer,pusher,1,340,0.09525,0.0,0.153653125,0.77935,0.0,507.0,5.145406824146981
A1,closer,pusher,1,350,0.08765,0.0,0.1535546875,0.7699,0.0,444.0,5.272104962920707
A1,closer,pusher,1,360,0.0796,0.0,0.1541578125,0.763,0.0,407.0,5.519472361809045
A1,closer,pusher,1,370,0.07665,0.0,0.153428125,0.7558,0.0,386.0,5.594259621656882
A1,closer,pusher,1,380,0.0681,0.0,0.154015625,0.75805,0.0,357.0,5.632892804698972
A1,closer,pusher,1,390,0.0677,0.0,0.152590625,0.7518,0.0,332.0,5.616691285081241
A1,closer,pusher,1,400,0.0597,0.0,0.151734375,0.7451,0.0,298.0,5.577889447236181
A1,closer,pusher,1,410,0.05355,0.0,0.1507125,0.73845,0.0,267.0,5.620915032679738
A1,closer,pusher,1,420,0.0478,0.0,0.15064375,0.73245,0.0,238.0,5.7133891213389125
A1,closer,pusher,1,430,0.04295,0.0,0.152628125,0.73185,0.0,203.0,6.09196740395809
A1,closer,pusher,1,440,0.0423,0.0,0.153609375,0.73235,0.0,198.0,6.087470449172577
A1,closer,pusher,1,450,0.0405,0.0,0.1519015625,0.7339,0.0,197.0,6.05679012345679
A1,closer,pusher,1,460,0.0358,0.0,0.151903125,0.73195,0.0,173.0,6.270949720670391
A1,closer,pusher,1,470,0.0339,0.0,0.1503171875,0.73295,0.0,167.0,6.185840707964601
A1,closer,pusher,1,480,0.0322,0.0,0.1497203125,0.7319,0.0,146.0,5.936335403726708
A1,closer,pusher,1,490,0.02865,0.0,0.1488078125,0.73665,0.0,143.0,5.872600349040139
A1,closer,pusher,1,500,0.027,0.0,0.1487890625,0.7326,0.0,122.0,5.712962962962963
A1,closer,pusher,1,750,0.00405,0.0,0.1437078125,0.66155,0.0,18.0,7.530864197530864
A1,closer,pusher,1,1000,0.0,0.0,0.129503125,0.5624,,,
A1,closer,pusher,1,1250,0.0,0.0,0.1207921875,0.49905,,,
A1,closer,pusher,1,1500,0.0,0.0,0.110959375,0.45995,,,
A1,closer,pusher,1,1750,0.0,0.0,0.107128125,0.43675,,,
A1,closer,pusher,1,2000,0.0,0.0,0.106775,0.4277,,,
A1,closer,pusher,1,2250,0.0,0.0,0.1003515625,0.39745,,,
A1,closer,pusher,1,2500,0.0,0.0,0.0926421875,0.36525,,,
A1,closer,pusher,1,2750,0.0,0.0,0.094471875,0.31965,,,
A1,closer,pusher,1,3000,0.0,0.0,0.0925921875,0.3153,,,
A1,closer,pusher,1,3250,0.0,0.0,0.084034375,0.2827,,,
A1,closer,pusher,1,3500,0.0,0.0,0.08419375,0.25785,,,
A1,closer,pusher,1,3750,0.0,0.0,0.0880421875,0.2369,,,
A1,closer,pusher,1,4000,0.0,0.0,0.0829359375,0.23435,,,
A1,closer,pusher,1,4250,0.0,0.0,0.0750125,0.2171,,,
A1,closer,pusher,1,4500,0.0,0.0,0.0763515625,0.1811,,,
A1,closer,pusher,1,4750,0.0,0.0,0.073315625,0.1801,,,
A1,closer,pusher,1,5000,0.0,0.0,0.07524375,0.14705,,,
A1,closer,pusher,1,5250,0.0,0.0,0.076003125,0.14485,,,
A1,closer,pusher,1,5500,0.0,0.0,0.0736640625,0.1295,,,
A1,closer,pusher,1,5750,0.0,0.0,0.076025,0.12345,,,
A1,closer,pusher,1,6000,0.0,0.0,0.0752703125,0.11585,,,
A1,closer,pusher,1,6250,0.0,0.0,0.070753125,0.1113,,,
A1,closer,pusher,1,6500,0.0,0.0,0.0709234375,0.09925,,,
A1,closer,pusher,1,6750,0.0,0.0,0.0717546875,0.1102,,,
A1,closer,pusher,1,7000,0.0,0.0,0.074115625,0.09615,,,
A1,closer,pusher,1,7250,0.0,0.0,0.0703640625,0.10525,,,
A1,closer,pusher,1,7500,0.0,0.0,0.067325,0.08115,,,
A1,closer,pusher,1,7750,0.0,0.0,0.070578125,0.0701,,,
A1,closer,pusher,1,8000,0.0,0.0,0.0653578125,0.0554,,,
A1,closer,pusher,1,8250,0.0,0.0,0.0664265625,0.0627,,,
A1,closer,pusher,1,8500,0.0,0.0,0.0621109375,0.0466,,,
A1,closer,pusher,1,8750,0.0,0.0,0.0601375,0.05185,,,
A1,closer,pusher,1,9000,0.0,0.0,0.05666875,0.0443,,,
A1,closer,pusher,1,9250,0.0,0.0,0.0541640625,0.04355,,,
A1,closer,pusher,1,9500,0.0,0.0,0.056434375,0.04725,,,
A1,closer,pusher,1,9750,0.0,0.0,0.0537046875,0.0349,,,
A1,closer,pusher,1,10000,0.0,0.0,0.0575328125,0.0299,,,
A1,closer,pusher,1,10250,0.0,0.0,0.0560109375,0.0303,,,
A1,closer,pusher,1,10500,0.0,0.0,0.0528734375,0.02755,,,
A1,closer,pusher,1,10750,0.0,0.0,0.0553953125,0.02065,,,
A1,closer,pusher,1,11000,0.0,0.0,0.060315625,0.01225,,,
A1,closer,pusher,1,11250,0.0,0.0,0.0637046875,0.01145,,,
A1,closer,pusher,1,11500,0.0,0.0,0.0610328125,0.0079,,,
A1,closer,pusher,1,11750,0.0,0.0,0.05893125,0.00495,,,
A1,closer,pusher,1,12000,0.0,0.0,0.058684375,0.0118,,,
A1,closer,pusher,1,12250,0.0,0.0,0.06179375,0.0144,,,
A1,closer,pusher,1,12500,0.0,0.0,0.058353125,0.0126,,,
A1,closer,pusher,1,12750,0.0,0.0,0.0539171875,0.0085,,,
A1,closer,pusher,1,13000,0.0,0.0,0.054496875,0.013,,,
A1,closer,pusher,1,13250,0.0,0.0,0.0511,0.0272,,,
A1,closer,pusher,1,13500,0.0,0.0,0.0472140625,0.0212,,,
A1,closer,pusher,1,13750,0.0,0.0,0.0400953125,0.01415,,,
A1,closer,pusher,1,14000,0.0,0.0,0.0435359375,0.01625,,,
A1,closer,pusher,1,14250,0.0,0.0,0.0446375,0.0107,,,
A1,closer,pusher,1,14500,0.0,0.0,0.0433421875,0.0188,,,
A1,closer,pusher,1,14750,0.0,0.0,0.045025,0.0243,,,
A1,closer,pusher,1,15000,0.0,0.0,0.0465703125,0.034,,,
A1,closer,pusher,1,15250,0.0,0.0,0.044753125,0.0335,,,
A1,closer,pusher,1,15500,0.0,0.0,0.04063125,0.0345,,,
A1,closer,pusher,1,15750,0.0,0.0,0.04290625,0.02595,,,
A1,closer,pusher,1,16000,0.0,0.0,0.0399609375,0.02465,,,
A1,closer,pusher,1,16250,0.0,0.0,0.0362984375,0.0196,,,
A1,closer,pusher,1,16500,0.0,0.0,0.0326890625,0.0084,,,
A1,closer,pusher,1,16750,0.0,5e-05,0.0303265625,0.01185,,,
A1,closer,pusher,1,17000,0.0,0.0,0.02774375,0.0081,,,
A1,closer,pusher,1,17250,0.0,0.0001,0.02838125,0.0033,,,
A1,closer,pusher,1,17500,0.0,0.0,0.0257390625,0.0039,,,
A1,closer,pusher,1,17750,0.0,0.0,0.0291203125,0.00475,,,
A1,closer,pusher,1,18000,0.0,0.0,0.02759375,0.009,,,
A1,closer,pusher,1,18250,0.0,0.0,0.0297296875,0.00675,,,
A1,closer,pusher,1,18500,0.0,0.0,0.026621875,0.00635,,,
A1,closer,pusher,1,18750,0.0,0.0,0.0281375,0.0026,,,
A1,closer,pusher,1,19000,0.0,0.0,0.02716875,0.0017,,,
A1,closer,pusher,1,19250,0.0,0.0,0.0312328125,0.00315,,,
A1,closer,pusher,1,19500,0.0,0.0,0.029734375,0.0,,,
A1,closer,pusher,1,19750,0.0,0.0,0.027584375,0.0,,,
A1,closer,pusher,1,20000,0.0,0.0,0.0246953125,0.0,,,
A1,closer,pusher,2,0,0.99,0.01,0.12375,0.99,1.0,1.0,0.0
A1,closer,pusher,2,10,0.8732,0.0015,0.129046875,0.94825,0.9004809894640403,859.0,0.11658268437929455
A1,closer,pusher,2,20,0.7955,0.0002,0.138134375,0.91865,0.7965430546825896,1212.0,0.2842866121935889
A1,closer,pusher,2,30,0.73145,0.00015,0.1425140625,0.9036,0.6935538997880921,1451.0,0.4723494428874154
A1,closer,pusher,2,40,0.6848,5e-05,0.1454421875,0.89585,0.5882009345794392,1600.0,0.6799065420560748
A1,closer,pusher,2,50,0.6387,0.0002,0.1472625,0.88305,0.5126820103334899,1665.0,0.8639423829653985
A1,closer,pusher,2,60,0.5976,5e-05,0.1477625,0.8817,0.4380856760374833,1698.0,1.0488621151271753
A1,closer,pusher,2,70,0.5697,0.0001,0.1499546875,0.8785,0.3834474284711252,1774.0,1.2358258732666316
A1,closer,pusher,2,80,0.5362,0.0,0.1522578125,0.87735,0.337467362924282,1770.0,1.4023685192092503
A1,closer,pusher,2,90,0.50945,0.0,0.154078125,0.87255,0.2905093728530769,1783.0,1.6013347727941898
A1,closer,pusher,2,100,0.48205,0.0001,0.153271875,0.87325,0.24530650347474328,1774.0,1.8172388756353075
A1,closer,pusher,2,110,0.456,0.0,0.1529390625,0.87545,0.21787280701754386,1764.0,1.9574561403508772
A1,closer,pusher,2,120,0.4222,5e-05,0.153765625,0.8691,0.18829938417811465,1676.0,2.0956892468024635
A1,closer,pusher,2,130,0.3937,5e-05,0.156121875,0.8634,0.15824231648463297,1628.0,2.2813055626111254
A1,closer,pusher,2,140,0.36575,0.0001,0.1566375,0.8594,0.14272043745727955,1556.0,2.4010936431989065
A1,closer,pusher,2,150,0.34235,5e-05,0.1565609375,0.8602,0.12852344092303197,1471.0,2.5808383233532934
A1,closer,pusher,2,160,0.317,0.0,0.156390625,0.8524,0.11309148264984227,1376.0,2.7209779179810725
A1,closer,pusher,2,170,0.29745,0.0,0.156475,0.84615,0.10152966885190788,1317.0,2.82013783829215
A1,closer,pusher,2,180,0.27565,0.0,0.1561203125,0.8449,0.09377834210048976,1255.0,2.899510248503537
A1,closer,pusher,2,190,0.2521,0.0,0.157103125,0.83875,0.08230860769535898,1161.0,2.954383181277271
A1,closer,pusher,2,200,0.2371,5e-05,0.155309375,0.8412,0.07022353437368199,1101.0,3.0590468156895825
A1,closer,pusher,2,210,0.2186,5e-05,0.157234375,0.8353,0.056038426349496795,1030.0,3.2957456541628547
A1,closer,pusher,2,220,0.20385,0.0,0.1572234375,0.831,0.04464066715722345,927.0,3.418199656610253
A1,closer,pusher,2,230,0.18635,0.0,0.155321875,0.83075,0.035417225650657365,866.0,3.5524550576871476
A1,closer,pusher,2,240,0.18085,0.0,0.1544890625,0.8309,0.03649433231960188,842.0,3.623721316007741
A1,closer,pusher,2,250,0.1698,0.0,0.155475,0.8263,0.027385159010600707,830.0,3.67962308598351
A1,closer,pusher,2,260,0.15385,0.0,0.1539359375,0.8244,0.024374390640233994,769.0,3.7305817354566138
A1,closer,pusher,2,270,0.1424,0.0,0.1552265625,0.8212,0.028441011235955056,708.0,3.8367275280898876
A1,closer,pusher,2,280,0.13855,0.0,0.1552953125,0.82535,0.02598339949476723,664.0,3.9047275351858537
A1,closer,pusher,2,290,0.13395,0.0,0.1541421875,0.82575,0.019036954087346025,623.0,4.08622620380739
A1,closer,pusher,2,300,0.12415,0.0,0.15606875,0.8212,0.015706806282722512,595.0,4.237615787354008
A1,closer,pusher,2,310,0.1137,0.0,0.15708125,0.8218,0.01759014951627089,563.0,4.351802990325417
A1,closer,pusher,2,320,0.1046,0.0,0.1572125,0.81575,0.02198852772466539,540.0,4.358508604206501
A1,closer,pusher,2,330,0.1021,0.0,0.1582890625,0.8153,0.023016650342801176,516.0,4.46718903036239
A1,closer,pusher,2,340,0.0965,0.0,0.158121875,0.8154,0.013989637305699482,477.0,4.534196891191709
A1,closer,pusher,2,350,0.09125,0.0,0.157365625,0.8127,0.0136986301369863,428.0,4.43945205479452
A1,closer,pusher,2,360,0.08165,0.0,0.15678125,0.80875,0.009185548071034905,423.0,4.549295774647887
A1,closer,pusher,2,370,0.07725,0.0,0.1553078125,0.8082,0.012944983818770227,378.0,4.796763754045307
A1,closer,pusher,2,380,0.0703,0.0,0.154259375,0.8034,0.011379800853485065,337.0,4.922475106685633
A1,closer,pusher,2,390,0.0636,0.0,0.1509328125,0.79985,0.010220125786163521,309.0,5.088836477987422
A1,closer,pusher,2,400,0.05625,0.0,0.1522984375,0.79665,0.010666666666666666,271.0,5.197333333333333
A1,closer,pusher,2,410,0.0537,0.0,0.1507296875,0.78945,0.01303538175046555,241.0,5.084729981378026
A1,closer,pusher,2,420,0.0512,0.0,0.1518203125,0.78245,0.0126953125,227.0,5.103515625
A1,closer,pusher,2,430,0.0458,0.0,0.1513953125,0.78105,0.012008733624454149,225.0,5.072052401746725
A1,closer,pusher,2,440,0.04465,0.0,0.152153125,0.77945,0.0033594624860022394,212.0,5.222844344904815
A1,closer,pusher,2,450,0.03945,0.0,0.1519953125,0.7762,0.0,192.0,5.002534854245881
A1,closer,pusher,2,460,0.03635,0.0,0.151984375,0.7732,0.0,188.0,5.046767537826685
A1,closer,pusher,2,470,0.0333,0.0,0.150778125,0.77115,0.0,169.0,5.228228228228228
A1,closer,pusher,2,480,0.0306,0.0,0.1504265625,0.76705,0.0,170.0,5.254901960784314
A1,closer,pusher,2,490,0.0282,0.0,0.1492203125,0.76415,0.0,153.0,5.24290780141844
A1,closer,pusher,2,500,0.02785,0.0,0.1472875,0.75595,0.0,139.0,5.2477558348294435
A1,closer,pusher,2,750,0.00655,0.0,0.1392375,0.6725,0.0,44.0,7.641221374045801
A1,closer,pusher,2,1000,0.00045,0.0,0.13445625,0.6134,0.0,1.0,10.0
A1,closer,pusher,2,1250,0.0,0.0001,0.1270828125,0.53075,,,
A1,closer,pusher,2,1500,0.0,0.0,0.1171,0.47055,,,
A1,closer,pusher,2,1750,0.0,5e-05,0.1064390625,0.45625,,,
A1,closer,pusher,2,2000,0.0,0.0,0.10130625,0.41255,,,
A1,closer,pusher,2,2250,0.0,0.0,0.1004109375,0.3386,,,
A1,closer,pusher,2,2500,0.0,0.0,0.090725,0.30925,,,
A1,closer,pusher,2,2750,0.0,0.0,0.0888875,0.28355,,,
A1,closer,pusher,2,3000,0.0,0.0,0.0905734375,0.2577,,,
A1,closer,pusher,2,3250,0.0,0.0,0.094853125,0.2286,,,
A1,closer,pusher,2,3500,0.0,0.0,0.0924,0.2112,,,
A1,closer,pusher,2,3750,0.0,0.0,0.097696875,0.2072,,,
A1,closer,pusher,2,4000,0.0,0.0,0.0909453125,0.2096,,,
A1,closer,pusher,2,4250,0.0,0.0,0.0866546875,0.22295,,,
A1,closer,pusher,2,4500,0.0,0.0,0.083446875,0.21005,,,
A1,closer,pusher,2,4750,0.0,0.0,0.0804015625,0.18645,,,
A1,closer,pusher,2,5000,0.0,0.0,0.08585,0.1421,,,
A1,closer,pusher,2,5250,0.0,0.0,0.0849234375,0.12785,,,
A1,closer,pusher,2,5500,0.0,0.0,0.0818,0.1265,,,
A1,closer,pusher,2,5750,0.0,0.0,0.0750171875,0.1092,,,
A1,closer,pusher,2,6000,0.0,0.0,0.08035625,0.0942,,,
A1,closer,pusher,2,6250,0.0,0.0,0.08323125,0.0913,,,
A1,closer,pusher,2,6500,0.0,0.0001,0.0842734375,0.0873,,,
A1,closer,pusher,2,6750,0.0,0.0,0.080603125,0.0631,,,
A1,closer,pusher,2,7000,0.0,0.0,0.087503125,0.06245,,,
A1,closer,pusher,2,7250,0.0,0.0,0.085396875,0.0489,,,
A1,closer,pusher,2,7500,0.0,0.0,0.0874046875,0.02675,,,
A1,closer,pusher,2,7750,0.0,0.0,0.0787703125,0.0251,,,
A1,closer,pusher,2,8000,0.0,0.0,0.08186875,0.0268,,,
A1,closer,pusher,2,8250,0.0,0.0,0.0790671875,0.01955,,,
A1,closer,pusher,2,8500,0.0,0.0,0.0745734375,0.0209,,,
A1,closer,pusher,2,8750,0.0,0.0,0.072096875,0.02735,,,
A1,closer,pusher,2,9000,0.0,0.0,0.072203125,0.02445,,,
A1,closer,pusher,2,9250,0.0,0.0,0.07206875,0.01975,,,
A1,closer,pusher,2,9500,0.0,0.0,0.069828125,0.01825,,,
A1,closer,pusher,2,9750,0.0,0.0,0.06760625,0.01335,,,
A1,closer,pusher,2,10000,0.0,0.0,0.0671421875,0.00895,,,
A1,closer,pusher,2,10250,0.0,0.0,0.0657796875,0.00615,,,
A1,closer,pusher,2,10500,0.0,0.0,0.073653125,0.0118,,,
A1,closer,pusher,2,10750,0.0,0.0,0.0802375,0.0091,,,
A1,closer,pusher,2,11000,0.0,0.0,0.0742015625,0.00955,,,
A1,closer,pusher,2,11250,0.0,0.0,0.06908125,0.00945,,,
A1,closer,pusher,2,11500,0.0,0.0,0.068671875,0.0159,,,
A1,closer,pusher,2,11750,0.0,0.0,0.066925,0.01625,,,
A1,closer,pusher,2,12000,0.0,0.0,0.065859375,0.01145,,,
A1,closer,pusher,2,12250,0.0,0.0,0.06420625,0.01015,,,
A1,closer,pusher,2,12500,0.0,0.0,0.063621875,0.0164,,,
A1,closer,pusher,2,12750,0.0,0.0,0.06158125,0.0146,,,
A1,closer,pusher,2,13000,0.0,0.0,0.0650578125,0.01475,,,
A1,closer,pusher,2,13250,0.0,0.0,0.0633671875,0.01185,,,
A1,closer,pusher,2,13500,0.0,0.0,0.0636375,0.00925,,,
A1,closer,pusher,2,13750,0.0,0.0,0.064625,0.01015,,,
A1,closer,pusher,2,14000,0.0,0.0,0.0635046875,0.0065,,,
A1,closer,pusher,2,14250,0.0,0.0,0.06255625,0.0084,,,
A1,closer,pusher,2,14500,0.0,0.0,0.0633328125,0.0095,,,
A1,closer,pusher,2,14750,0.0,0.0,0.0704609375,0.00325,,,
A1,closer,pusher,2,15000,0.0,0.0,0.064875,0.00055,,,
A1,closer,pusher,2,15250,0.0,0.0001,0.0658984375,0.0,,,
A1,closer,pusher,2,15500,0.0,0.0,0.073765625,0.0,,,
A1,closer,pusher,2,15750,0.0,0.0,0.0717015625,0.0,,,
A1,closer,pusher,2,16000,0.0,0.0,0.072153125,0.0006,,,
A1,closer,pusher,2,16250,0.0,0.0,0.0689890625,0.0004,,,
A1,closer,pusher,2,16500,0.0,0.0,0.0688640625,0.0,,,
A1,closer,pusher,2,16750,0.0,0.0,0.06818125,0.0,,,
A1,closer,pusher,2,17000,0.0,0.0,0.067775,0.0,,,
A1,closer,pusher,2,17250,0.0,0.0,0.0651796875,0.0,,,
A1,closer,pusher,2,17500,0.0,0.0,0.064678125,0.0,,,
A1,closer,pusher,2,17750,0.0,0.0,0.0629140625,0.0,,,
A1,closer,pusher,2,18000,0.0,0.0,0.0637703125,0.0,,,
A1,closer,pusher,2,18250,0.0,0.0,0.0644390625,0.00165,,,
A1,closer,pusher,2,18500,0.0,5e-05,0.0666546875,0.0039,,,
A1,closer,pusher,2,18750,0.0,0.0,0.0661765625,0.00325,,,
A1,closer,pusher,2,19000,0.0,0.0,0.069109375,0.0019,,,
A1,closer,pusher,2,19250,0.0,0.0,0.07240625,0.00205,,,
A1,closer,pusher,2,19500,0.0,0.0,0.074015625,0.00185,,,
A1,closer,pusher,2,19750,0.0,0.0,0.0770515625,0.00385,,,
A1,closer,pusher,2,20000,0.0,0.0,0.076690625,0.0011,,,
A1,closer,pusher,3,0,0.99,0.01,0.12375,0.99,1.0,1.0,0.0
A1,closer,pusher,3,10,0.8625,0.0009,0.1296296875,0.94415,0.9091594202898551,810.0,0.10765217391304348
A1,closer,pusher,3,20,0.7834,5e-05,0.1370828125,0.9145,0.8007403625223385,1185.0,0.26391370947153436
A1,closer,pusher,3,30,0.7261,0.0,0.1421421875,0.8971,0.690951659551026,1417.0,0.45847679383005097
A1,closer,pusher,3,40,0.6821,0.0,0.1434546875,0.89035,0.6065826125201583,1562.0,0.6334848262718077
A1,closer,pusher,3,50,0.63125,0.0,0.14636875,0.8787,0.5176237623762376,1635.0,0.8195643564356435
A1,closer,pusher,3,60,0.5924,0.0,0.1459890625,0.8782,0.4561951384199865,1728.0,0.9932478055367995
A1,closer,pusher,3,70,0.5601,0.0,0.146953125,0.8822,0.3866273879664346,1792.0,1.2056775575790037
A1,closer,pusher,3,80,0.5276,0.0,0.1473125,0.88245,0.33121683093252463,1772.0,1.3790750568612584
A1,closer,pusher,3,90,0.494,0.0,0.1486875,0.87895,0.2841093117408907,1741.0,1.5695344129554656
A1,closer,pusher,3,100,0.4699,0.0001,0.1491890625,0.8765,0.25090444775484144,1734.0,1.7431368376250267
A1,closer,pusher,3,110,0.43865,0.00015,0.1518609375,0.873,0.21531973099281887,1706.0,1.9329761769064173
A1,closer,pusher,3,120,0.40805,0.0001,0.1515109375,0.8684,0.18527141281705672,1616.0,2.106972184781277
A1,closer,pusher,3,130,0.38925,0.0002,0.151015625,0.8634,0.16608863198458573,1591.0,2.2408477842003856
A1,closer,pusher,3,140,0.3716,0.00015,0.151640625,0.8655,0.14504843918191604,1550.0,2.4056781485468246
A1,closer,pusher,3,150,0.3535,5e-05,0.1521578125,0.86305,0.11272984441301273,1498.0,2.591654879773692
A1,closer,pusher,3,160,0.3362,5e-05,0.1532921875,0.86265,0.09057108863771565,1487.0,2.8041344437834623
A1,closer,pusher,3,170,0.3175,0.0,0.153640625,0.8564,0.07559055118110236,1438.0,2.9253543307086614
A1,closer,pusher,3,180,0.2928,0.0,0.1556671875,0.85035,0.062329234972677595,1341.0,3.0896516393442623
A1,closer,pusher,3,190,0.27615,0.0,0.156515625,0.84675,0.052869817128372264,1229.0,3.1729132717725874
A1,closer,pusher,3,200,0.25875,0.0,0.1574640625,0.845,0.043285024154589374,1198.0,3.3105314009661835
A1,closer,pusher,3,210,0.2391,0.0,0.1576484375,0.84145,0.03805938937682978,1129.0,3.439146800501882
A1,closer,pusher,3,220,0.223,0.0,0.15446875,0.83925,0.03071748878923767,1014.0,3.595067264573991
A1,closer,pusher,3,230,0.21065,0.0,0.155234375,0.8365,0.0253975789223831,1007.0,3.735105625445051
A1,closer,pusher,3,240,0.19755,0.0,0.1540046875,0.84315,0.023032143761073147,936.0,3.859023032143761
A1,closer,pusher,3,250,0.1805,0.0,0.154203125,0.8341,0.021606648199445983,871.0,3.8961218836565097
A1,closer,pusher,3,260,0.16955,0.0,0.15333125,0.82665,0.013860218224712475,828.0,3.9625479209672663
A1,closer,pusher,3,270,0.15995,0.0,0.152428125,0.824,0.009690528290090653,779.0,4.069084088777743
A1,closer,pusher,3,280,0.14715,0.0,0.1517265625,0.8255,0.009174311926605505,703.0,4.125042473666327
A1,closer,pusher,3,290,0.1335,0.0,0.1536390625,0.8179,0.0044943820224719105,662.0,4.283895131086142
A1,closer,pusher,3,300,0.13035,0.0,0.1540703125,0.8168,0.0038358266206367474,648.0,4.423475258918297
A1,closer,pusher,3,310,0.12525,0.0,0.152378125,0.8185,0.003992015968063872,628.0,4.409580838323353
A1,closer,pusher,3,320,0.11605,0.0,0.1509640625,0.8188,0.007324429125376993,583.0,4.502369668246446
A1,closer,pusher,3,330,0.10285,0.0,0.150728125,0.8174,0.00583373845405931,526.0,4.687894992707827
A1,closer,pusher,3,340,0.0943,0.0,0.1507515625,0.8135,0.005832449628844115,482.0,4.779427359490986
A1,closer,pusher,3,350,0.08635,0.0,0.1500875,0.81155,0.0023161551823972205,445.0,4.947307469600463
A1,closer,pusher,3,360,0.0742,0.0,0.1488109375,0.8077,0.0,381.0,5.0303234501347704
A1,closer,pusher,3,370,0.06885,0.0,0.1492375,0.7985,0.0007262164124909223,349.0,5.124183006535947
A1,closer,pusher,3,380,0.06205,0.0,0.1485453125,0.7992,0.0,308.0,5.213537469782434
A1,closer,pusher,3,390,0.06095,0.0,0.1480625,0.7971,0.0,273.0,5.188679245283019
A1,closer,pusher,3,400,0.056,0.0,0.146125,0.7902,0.0,273.0,5.275892857142857
A1,closer,pusher,3,410,0.0513,0.0,0.1455015625,0.7833,0.0,250.0,5.359649122807017
A1,closer,pusher,3,420,0.04615,0.0,0.1443046875,0.7798,0.0,222.0,5.458288190682556
A1,closer,pusher,3,430,0.04535,0.0,0.1452046875,0.76995,0.0,228.0,5.3484013230429985
A1,closer,pusher,3,440,0.04155,0.0,0.145628125,0.77045,0.0,197.0,5.46690734055355
A1,closer,pusher,3,450,0.04165,0.0,0.1461109375,0.76725,0.0,200.0,5.394957983193278
A1,closer,pusher,3,460,0.03575,0.0,0.1459984375,0.7651,0.0,174.0,5.351048951048951
A1,closer,pusher,3,470,0.03565,0.0,0.146,0.7685,0.0,173.0,5.4908835904628335
A1,closer,pusher,3,480,0.0348,0.0,0.1456203125,0.7785,0.0,164.0,5.593390804597701
A1,closer,pusher,3,490,0.03405,0.0,0.144703125,0.7707,0.0,172.0,5.7077826725403815
A1,closer,pusher,3,500,0.0266,0.0,0.1448515625,0.764,0.0,140.0,5.9981203007518795
A1,closer,pusher,3,750,0.00625,0.0,0.136071875,0.70645,0.0,29.0,6.848
A1,closer,pusher,3,1000,0.0017,0.0,0.1259484375,0.6417,0.0,8.0,8.794117647058824
A1,closer,pusher,3,1250,0.00035,0.0,0.1214140625,0.5948,0.0,1.0,10.0
A1,closer,pusher,3,1500,0.0,0.0,0.1185625,0.52295,,,
A1,closer,pusher,3,1750,0.0,0.0,0.117015625,0.49935,,,
A1,closer,pusher,3,2000,0.0,0.0,0.110878125,0.4636,,,
A1,closer,pusher,3,2250,0.0,0.0,0.1070359375,0.44855,,,
A1,closer,pusher,3,2500,0.0,0.0,0.097796875,0.4306,,,
A1,closer,pusher,3,2750,0.0,0.0,0.09565625,0.3985,,,
A1,closer,pusher,3,3000,0.0,0.0,0.0916953125,0.31975,,,
A1,closer,pusher,3,3250,0.0,0.0,0.093784375,0.2842,,,
A1,closer,pusher,3,3500,0.0,0.0,0.0934984375,0.2891,,,
A1,closer,pusher,3,3750,0.0,0.0,0.091696875,0.3045,,,
A1,closer,pusher,3,4000,0.0,0.0001,0.0875515625,0.26535,,,
A1,closer,pusher,3,4250,0.0,0.0,0.0855546875,0.2446,,,
A1,closer,pusher,3,4500,0.0,0.0,0.0869703125,0.2398,,,
A1,closer,pusher,3,4750,0.0,0.0,0.085325,0.2169,,,
A1,closer,pusher,3,5000,0.0,0.0,0.0813703125,0.2042,,,
A1,closer,pusher,3,5250,0.0,0.0,0.07873125,0.208,,,
A1,closer,pusher,3,5500,0.0,0.0,0.0780296875,0.1945,,,
A1,closer,pusher,3,5750,0.0,0.0,0.0738984375,0.20745,,,
A1,closer,pusher,3,6000,0.0,0.0,0.076390625,0.19075,,,
A1,closer,pusher,3,6250,0.0,0.0,0.0773265625,0.2079,,,
A1,closer,pusher,3,6500,0.0,0.0,0.073259375,0.2029,,,
A1,closer,pusher,3,6750,0.0,0.0,0.07216875,0.19475,,,
A1,closer,pusher,3,7000,0.0,0.0,0.072396875,0.16605,,,
A1,closer,pusher,3,7250,0.0,0.0,0.0715921875,0.13805,,,
A1,closer,pusher,3,7500,0.0,0.0,0.073659375,0.1442,,,
A1,closer,pusher,3,7750,0.0,0.0,0.0749890625,0.1346,,,
A1,closer,pusher,3,8000,0.0,0.0,0.0732390625,0.1388,,,
A1,closer,pusher,3,8250,0.0,0.0,0.0752296875,0.14795,,,
A1,closer,pusher,3,8500,0.0,0.0,0.077228125,0.1295,,,
A1,closer,pusher,3,8750,0.0,0.0,0.077175,0.11835,,,
A1,closer,pusher,3,9000,0.0,0.0,0.074940625,0.11755,,,
A1,closer,pusher,3,9250,0.0,0.0,0.07311875,0.1058,,,
A1,closer,pusher,3,9500,0.0,0.0,0.0752109375,0.1217,,,
A1,closer,pusher,3,9750,0.0,0.0,0.0734359375,0.11905,,,
A1,closer,pusher,3,10000,0.0,0.0,0.0737640625,0.10585,,,
A1,closer,pusher,3,10250,0.0,0.0,0.0737578125,0.10115,,,
A1,closer,pusher,3,10500,0.0,0.0,0.0700890625,0.0952,,,
A1,closer,pusher,3,10750,0.0,0.0,0.0739984375,0.09805,,,
A1,closer,pusher,3,11000,0.0,0.0,0.0732625,0.0982,,,
A1,closer,pusher,3,11250,0.0,0.0,0.075528125,0.1,,,
A1,closer,pusher,3,11500,0.0,0.0,0.073840625,0.0925,,,
A1,closer,pusher,3,11750,0.0,0.0,0.074575,0.0893,,,
A1,closer,pusher,3,12000,0.0,0.0,0.078409375,0.09125,,,
A1,closer,pusher,3,12250,0.0,0.0,0.0753375,0.0694,,,
A1,closer,pusher,3,12500,0.0,0.0,0.0773828125,0.0758,,,
A1,closer,pusher,3,12750,0.0,0.0,0.077425,0.05695,,,
A1,closer,pusher,3,13000,0.0,0.0,0.0766890625,0.075,,,
A1,closer,pusher,3,13250,0.0,0.0,0.0700171875,0.05955,,,
A1,closer,pusher,3,13500,0.0,0.0,0.0724328125,0.0629,,,
A1,closer,pusher,3,13750,0.0,5e-05,0.0741203125,0.0608,,,
A1,closer,pusher,3,14000,0.0,0.0002,0.0731609375,0.058,,,
A1,closer,pusher,3,14250,0.0,0.0,0.074578125,0.05875,,,
A1,closer,pusher,3,14500,0.0,0.0,0.0729421875,0.0663,,,
A1,closer,pusher,3,14750,0.0,0.0,0.0700234375,0.0704,,,
A1,closer,pusher,3,15000,0.0,0.0,0.0760109375,0.06915,,,
A1,closer,pusher,3,15250,0.0,0.0,0.073728125,0.05975,,,
A1,closer,pusher,3,15500,0.0,0.0,0.07231875,0.0555,,,
A1,closer,pusher,3,15750,0.0,0.0,0.0685765625,0.0399,,,
A1,closer,pusher,3,16000,0.0,0.0,0.0717484375,0.03685,,,
A1,closer,pusher,3,16250,0.0,0.0,0.072184375,0.04435,,,
A1,closer,pusher,3,16500,0.0,0.0,0.0706328125,0.0453,,,
A1,closer,pusher,3,16750,0.0,0.0,0.0671109375,0.04705,,,
A1,closer,pusher,3,17000,0.0,0.0,0.0704125,0.03465,,,
A1,closer,pusher,3,17250,0.0,0.0,0.070546875,0.03135,,,
A1,closer,pusher,3,17500,0.0,0.0,0.0721671875,0.03975,,,
A1,closer,pusher,3,17750,0.0,0.0,0.0706640625,0.05305,,,
A1,closer,pusher,3,18000,0.0,0.0,0.07915625,0.0508,,,
A1,closer,pusher,3,18250,0.0,0.0,0.0764953125,0.03695,,,
A1,closer,pusher,3,18500,0.0,0.0,0.07878125,0.02875,,,
A1,closer,pusher,3,18750,0.0,0.0,0.082771875,0.02795,,,
A1,closer,pusher,3,19000,0.0,0.0,0.078590625,0.03315,,,
A1,closer,pusher,3,19250,0.0,0.0,0.0810859375,0.0344,,,
A1,closer,pusher,3,19500,0.0,0.0,0.085715625,0.02015,,,
A1,closer,pusher,3,19750,0.0,0.0001,0.078409375,0.0175,,,
A1,closer,pusher,3,20000,0.0,5e-05,0.0812296875,0.0155,,,
A1,closer,pusher,4,0,0.99,0.01,0.12375,0.99,1.0,1.0,0.0
A1,closer,pusher,4,10,0.86435,0.0013,0.129315625,0.94505,0.8961069011395847,901.0,0.12084225140278822
A1,closer,pusher,4,20,0.77775,0.0004,0.1365109375,0.9127,0.7954355512696882,1208.0,0.2675024108003857
A1,closer,pusher,4,30,0.7221,0.00025,0.1422953125,0.89865,0.6904168397728846,1422.0,0.4609472372247611
A1,closer,pusher,4,40,0.6815,0.0001,0.1440140625,0.89735,0.597505502567865,1551.0,0.6448275862068965
A1,closer,pusher,4,50,0.6433,0.0001,0.14535625,0.89375,0.5163998134618374,1700.0,0.8443183584641691
A1,closer,pusher,4,60,0.60325,0.0,0.1477265625,0.8845,0.432739328636552,1770.0,1.0574388727724824
A1,closer,pusher,4,70,0.5574,0.0,0.148790625,0.87875,0.3661643344097596,1824.0,1.2431826336562612
A1,closer,pusher,4,80,0.52075,0.0,0.1494625,0.87425,0.30638502160345654,1783.0,1.4531925108017283
A1,closer,pusher,4,90,0.48415,0.0,0.14959375,0.87365,0.2686150986264587,1757.0,1.585872147061861
A1,closer,pusher,4,100,0.4601,0.0,0.1498671875,0.8742,0.23071071506194304,1780.0,1.780265159747881
A1,closer,pusher,4,110,0.43565,0.0,0.14960625,0.87115,0.19901296912659244,1714.0,1.9216113852863537
A1,closer,pusher,4,120,0.40275,0.0,0.14905625,0.8624,0.1755431409062694,1630.0,2.070142768466791
A1,closer,pusher,4,130,0.3743,0.0001,0.148571875,0.86245,0.16136788672188085,1559.0,2.2110606465402083
A1,closer,pusher,4,140,0.35185,0.0,0.1497671875,0.8597,0.1386954668182464,1496.0,2.3180332528065937
A1,closer,pusher,4,150,0.3311,0.0,0.14923125,0.85685,0.11265478707339173,1426.0,2.4779522802778615
A1,closer,pusher,4,160,0.3131,5e-05,0.1492515625,0.8525,0.09645480677099968,1343.0,2.5980517406579366
A1,closer,pusher,4,170,0.2912,0.0,0.149453125,0.8522,0.07984203296703296,1293.0,2.778331043956044
A1,closer,pusher,4,180,0.26925,0.0,0.149559375,0.84295,0.06870937790157845,1217.0,2.8612813370473535
A1,closer,pusher,4,190,0.2569,0.0001,0.150396875,0.8375,0.06033476060724017,1162.0,2.9281821720513816
A1,closer,pusher,4,200,0.2456,0.0001,0.1513421875,0.8372,0.05598534201954397,1109.0,2.901058631921824
A1,closer,pusher,4,210,0.23065,0.0,0.1526078125,0.831,0.04747452850639497,1051.0,2.9874268371992194
A1,closer,pusher,4,220,0.21975,0.0,0.1517,0.8361,0.04709897610921502,995.0,3.0982935153583617
A1,closer,pusher,4,230,0.20775,0.0,0.1519953125,0.83665,0.03802647412755716,936.0,3.2657039711191334
A1,closer,pusher,4,240,0.19515,0.0,0.1514796875,0.8351,0.027414809121188828,894.0,3.4107097104791184
A1,closer,pusher,4,250,0.1913,0.0,0.151421875,0.83845,0.020386826973340304,874.0,3.6027182435964455
A1,closer,pusher,4,260,0.17195,0.0,0.1506734375,0.8376,0.0159930212271009,812.0,3.7525443442861297
A1,closer,pusher,4,270,0.1544,0.0,0.1494578125,0.8339,0.012629533678756476,737.0,3.86949481865285
A1,closer,pusher,4,280,0.1452,0.0,0.1492921875,0.82995,0.010674931129476584,689.0,3.963498622589532
A1,closer,pusher,4,290,0.13635,0.0,0.1512171875,0.82445,0.007700770077007701,668.0,4.017601760176017
A1,closer,pusher,4,300,0.12805,0.0,0.1506375,0.812,0.008590394377196407,604.0,3.9980476376415464
A1,closer,pusher,4,310,0.12695,0.0,0.1515546875,0.8091,0.011027963765261915,601.0,4.172902717605356
A1,closer,pusher,4,320,0.11545,0.0,0.15199375,0.8079,0.009094846253789519,552.0,4.317886530965786
A1,closer,pusher,4,330,0.1078,0.0,0.1505703125,0.807,0.004174397031539889,533.0,4.407235621521336
A1,closer,pusher,4,340,0.09825,0.0,0.1479265625,0.8015,0.002544529262086514,494.0,4.529262086513995
A1,closer,pusher,4,350,0.09105,0.0,0.1489828125,0.80065,0.0005491488193300384,433.0,4.667215815485997
A1,closer,pusher,4,360,0.08305,0.0002,0.1482015625,0.79435,0.0,392.0,4.754966887417218
A1,closer,pusher,4,370,0.0785,0.00015,0.14973125,0.79585,0.0,398.0,4.786624203821656
A1,closer,pusher,4,380,0.07475,5e-05,0.1499921875,0.80055,0.0,359.0,5.091638795986622
A1,closer,pusher,4,390,0.07085,0.0,0.1495359375,0.79365,0.0,346.0,5.108680310515173
A1,closer,pusher,4,400,0.06705,0.0,0.1492921875,0.7963,0.0,323.0,5.2759134973900075
A1,closer,pusher,4,410,0.0646,0.0,0.149734375,0.79135,0.0,301.0,5.458978328173375
A1,closer,pusher,4,420,0.0583,0.0,0.14918125,0.79025,0.0,285.0,5.516295025728988
A1,closer,pusher,4,430,0.0583,0.0,0.1482015625,0.78515,0.0,280.0,5.643224699828473
A1,closer,pusher,4,440,0.05385,0.0,0.1476140625,0.78035,0.0,257.0,5.627669452181987
A1,closer,pusher,4,450,0.05215,0.0,0.1481265625,0.77085,0.0,262.0,5.7708533077660595
A1,closer,pusher,4,460,0.0478,0.0,0.1475578125,0.77285,0.0,221.0,5.896443514644352
A1,closer,pusher,4,470,0.0438,0.0,0.14511875,0.76355,0.0,208.0,5.810502283105023
A1,closer,pusher,4,480,0.03975,0.0,0.1461109375,0.76485,0.0,184.0,5.968553459119497
A1,closer,pusher,4,490,0.0393,0.0,0.1453921875,0.76265,0.0,193.0,6.157760814249364
A1,closer,pusher,4,500,0.03565,0.0,0.1462046875,0.7606,0.0,193.0,6.215988779803647
A1,closer,pusher,4,750,0.00475,0.0,0.1352671875,0.69755,0.0,24.0,8.189473684210526
A1,closer,pusher,4,1000,0.00145,0.0,0.12846875,0.6248,0.0,4.0,7.586206896551724
A1,closer,pusher,4,1250,0.0,0.0,0.1170828125,0.57535,,,
A1,closer,pusher,4,1500,0.0,0.0,0.1086703125,0.51135,,,
A1,closer,pusher,4,1750,0.0,0.0,0.1021078125,0.5009,,,
A1,closer,pusher,4,2000,0.0,0.0,0.0989609375,0.45705,,,
A1,closer,pusher,4,2250,0.0,0.0,0.0958765625,0.4181,,,
A1,closer,pusher,4,2500,0.0,0.0,0.092975,0.3873,,,
A1,closer,pusher,4,2750,0.0,0.0,0.0894640625,0.36055,,,
A1,closer,pusher,4,3000,0.0,0.0,0.0931859375,0.30685,,,
A1,closer,pusher,4,3250,0.0,0.0,0.0899078125,0.3173,,,
A1,closer,pusher,4,3500,0.0,0.0,0.08891875,0.30835,,,
A1,closer,pusher,4,3750,0.0,0.0,0.0872796875,0.26385,,,
A1,closer,pusher,4,4000,0.0,0.0,0.0931125,0.24115,,,
A1,closer,pusher,4,4250,0.0,0.0,0.085759375,0.2289,,,
A1,closer,pusher,4,4500,0.0,0.0,0.08130625,0.20875,,,
A1,closer,pusher,4,4750,0.0,0.0,0.0854453125,0.1898,,,
A1,closer,pusher,4,5000,0.0,0.0,0.0893796875,0.16795,,,
A1,closer,pusher,4,5250,0.0,0.0,0.085140625,0.1702,,,
A1,closer,pusher,4,5500,0.0,0.0,0.0818453125,0.143,,,
A1,closer,pusher,4,5750,0.0,0.0,0.08215,0.13615,,,
A1,closer,pusher,4,6000,0.0,0.0,0.0796828125,0.12815,,,
A1,closer,pusher,4,6250,0.0,0.0,0.0817046875,0.1178,,,
A1,closer,pusher,4,6500,0.0,0.0,0.075775,0.10975,,,
A1,closer,pusher,4,6750,0.0,0.0,0.076878125,0.10865,,,
A1,closer,pusher,4,7000,0.0,0.0,0.0808046875,0.1066,,,
A1,closer,pusher,4,7250,0.0,0.0,0.076003125,0.0955,,,
A1,closer,pusher,4,7500,0.0,0.0,0.073796875,0.09075,,,
A1,closer,pusher,4,7750,0.0,0.0,0.0799109375,0.08775,,,
A1,closer,pusher,4,8000,0.0,0.0,0.07996875,0.05645,,,
A1,closer,pusher,4,8250,0.0,0.0,0.082146875,0.056,,,
A1,closer,pusher,4,8500,0.0,0.0,0.083509375,0.03625,,,
A1,closer,pusher,4,8750,0.0,0.0,0.082790625,0.02325,,,
A1,closer,pusher,4,9000,0.0,0.0,0.0863625,0.0174,,,
A1,closer,pusher,4,9250,0.0,5e-05,0.088446875,0.0227,,,
A1,closer,pusher,4,9500,0.0,0.0,0.087965625,0.0167,,,
A1,closer,pusher,4,9750,0.0,0.0,0.0873765625,0.0117,,,
A1,closer,pusher,4,10000,0.0,0.0,0.0897125,0.01085,,,
A1,closer,pusher,4,10250,0.0,0.0,0.08629375,0.0035,,,
A1,closer,pusher,4,10500,0.0,0.0001,0.0892875,0.00675,,,
A1,closer,pusher,4,10750,0.0,5e-05,0.0883296875,0.00665,,,
A1,closer,pusher,4,11000,0.0,0.0,0.089321875,0.0104,,,
A1,closer,pusher,4,11250,0.0,0.0,0.0851375,0.00445,,,
A1,closer,pusher,4,11500,0.0,5e-05,0.082975,0.00525,,,
A1,closer,pusher,4,11750,0.0,0.0,0.0862390625,0.00955,,,
A1,closer,pusher,4,12000,0.0,0.0,0.0881015625,0.00305,,,
A1,closer,pusher,4,12250,0.0,0.0,0.090090625,0.0023,,,
A1,closer,pusher,4,12500,0.0,0.0,0.085196875,0.00735,,,
A1,closer,pusher,4,12750,0.0,0.0,0.0829515625,0.00665,,,
A1,closer,pusher,4,13000,0.0,0.0,0.084778125,0.01255,,,
A1,closer,pusher,4,13250,0.0,0.0,0.084809375,0.00945,,,
A1,closer,pusher,4,13500,0.0,0.0,0.084075,0.01425,,,
A1,closer,pusher,4,13750,0.0,0.0,0.0812765625,0.01285,,,
A1,closer,pusher,4,14000,0.0,0.0,0.077525,0.0082,,,
A1,closer,pusher,4,14250,0.0,0.0,0.075765625,0.00605,,,
A1,closer,pusher,4,14500,0.0,0.0,0.0848015625,0.0025,,,
A1,closer,pusher,4,14750,0.0,0.0,0.0809828125,0.0002,,,
A1,closer,pusher,4,15000,0.0,5e-05,0.08343125,0.0,,,
A1,closer,pusher,4,15250,0.0,0.0,0.0830796875,0.0,,,
A1,closer,pusher,4,15500,0.0,0.0,0.0826015625,0.00075,,,
A1,closer,pusher,4,15750,0.0,0.0,0.077584375,0.0,,,
A1,closer,pusher,4,16000,0.0,0.0,0.0814203125,0.0001,,,
A1,closer,pusher,4,16250,0.0,0.0,0.0812578125,0.00055,,,
A1,closer,pusher,4,16500,0.0,0.0,0.0824859375,0.0008,,,
A1,closer,pusher,4,16750,0.0,0.0,0.0775625,0.0014,,,
A1,closer,pusher,4,17000,0.0,0.0,0.07795,0.001,,,
A1,closer,pusher,4,17250,0.0,0.0,0.076003125,0.0018,,,
A1,closer,pusher,4,17500,0.0,0.0,0.0793125,0.0077,,,
A1,closer,pusher,4,17750,0.0,0.0,0.080703125,0.00365,,,
A1,closer,pusher,4,18000,0.0,0.0,0.082553125,0.00585,,,
A1,closer,pusher,4,18250,0.0,0.0,0.08064375,0.004,,,
A1,closer,pusher,4,18500,0.0,0.0,0.0760578125,0.00125,,,
A1,closer,pusher,4,18750,0.0,0.0,0.0848078125,0.00545,,,
A1,closer,pusher,4,19000,0.0,0.0,0.0802390625,0.0043,,,
A1,closer,pusher,4,19250,0.0,0.0,0.0829359375,0.00145,,,
A1,closer,pusher,4,19500,0.0,0.0,0.0838984375,0.0013,,,
A1,closer,pusher,4,19750,0.0,0.0,0.0846859375,0.0005,,,
A1,closer,pusher,4,20000,0.0,0.0,0.087175,0.0008,,,
A1,closer,pusher,5,0,0.99,0.01,0.12375,0.99,1.0,1.0,0.0
A1,closer,pusher,5,10,0.86925,0.0009,0.129971875,0.94805,0.9089444923784872,845.0,0.10457290767903366
A1,closer,pusher,5,20,0.78405,0.0003,0.13739375,0.9134,0.8090682992156113,1135.0,0.2596135450545246
A1,closer,pusher,5,30,0.72495,0.00015,0.14265625,0.89715,0.6924615490723498,1422.0,0.462652596730809
A1,closer,pusher,5,40,0.6859,0.0,0.145146875,0.88685,0.6085435194634786,1508.0,0.6414200320746465
A1,closer,pusher,5,50,0.6433,0.0001,0.147853125,0.88195,0.523239546090471,1618.0,0.845095600808332
A1,closer,pusher,5,60,0.6082,0.0,0.1477890625,0.8765,0.4640743176586649,1709.0,1.0061657349556068
A1,closer,pusher,5,70,0.574,0.0001,0.1477671875,0.87235,0.39625435540069687,1778.0,1.1914634146341463
A1,closer,pusher,5,80,0.54495,0.0,0.1498703125,0.869,0.3419579777961281,1802.0,1.3644371043214973
A1,closer,pusher,5,90,0.51295,0.0,0.15006875,0.86285,0.30295350424017936,1805.0,1.5020957208304904
A1,closer,pusher,5,100,0.4877,0.0,0.1509078125,0.864,0.2551773631330736,1800.0,1.7123231494771376
A1,closer,pusher,5,110,0.46705,0.0,0.150596875,0.86365,0.2190343646290547,1784.0,1.8556899689540733
A1,closer,pusher,5,120,0.4387,0.0,0.1521828125,0.85865,0.18987918851151128,1727.0,1.9989742420788694
A1,closer,pusher,5,130,0.4152,0.0,0.1538640625,0.85585,0.1577552986512524,1680.0,2.1384874759152215
A1,closer,pusher,5,140,0.3848,0.0,0.153665625,0.85325,0.13383575883575882,1616.0,2.2962577962577964
A1,closer,pusher,5,150,0.36605,0.0,0.153821875,0.8544,0.11364567682010654,1555.0,2.4738423712607567
A1,closer,pusher,5,160,0.345,0.0,0.1551171875,0.8541,0.10333333333333333,1512.0,2.6366666666666667
A1,closer,pusher,5,170,0.33135,0.0,0.1533953125,0.8586,0.08465368945224083,1499.0,2.821487852723706
A1,closer,pusher,5,180,0.30365,0.0,0.1534328125,0.85495,0.07228717273176355,1430.0,2.9675613370657006
A1,closer,pusher,5,190,0.2839,0.0,0.1529828125,0.84835,0.06269813314547376,1342.0,3.053539978865798
A1,closer,pusher,5,200,0.27565,0.0001,0.1526765625,0.8506,0.058044621803011065,1307.0,3.218211500090695
A1,closer,pusher,5,210,0.26045,5e-05,0.1532875,0.84785,0.04549817623344212,1208.0,3.395277404492225
A1,closer,pusher,5,220,0.24715,0.0,0.1536234375,0.84785,0.0392474205947805,1143.0,3.5818328950030347
A1,closer,pusher,5,230,0.2302,0.0,0.152775,0.8456,0.03236316246741963,1078.0,3.606211989574283
A1,closer,pusher,5,240,0.2214,5e-05,0.1538609375,0.84165,0.026422764227642278,983.0,3.7158988256549232
A1,closer,pusher,5,250,0.21205,0.0,0.1541546875,0.8377,0.02711624616835652,1023.0,3.8799811365244046
A1,closer,pusher,5,260,0.19255,0.0,0.15544375,0.8253,0.019994806543754868,938.0,3.9768891197091665
A1,closer,pusher,5,270,0.17895,0.0,0.155553125,0.8235,0.014249790444258172,877.0,4.151997764738754
A1,closer,pusher,5,280,0.1697,0.00015,0.1540484375,0.8236,0.012374779021803181,823.0,4.372127283441367
A1,closer,pusher,5,290,0.1645,5e-05,0.154709375,0.82045,0.01033434650455927,794.0,4.4297872340425535
A1,closer,pusher,5,300,0.15,0.0,0.1559953125,0.8206,0.009333333333333334,767.0,4.585333333333334
A1,closer,pusher,5,310,0.13915,0.0,0.156371875,0.82165,0.006108515989938915,729.0,4.696370822853036
A1,closer,pusher,5,320,0.13275,0.0,0.158425,0.8158,0.004143126177024482,676.0,4.894161958568739
A1,closer,pusher,5,330,0.1247,0.0,0.1579546875,0.8136,0.002004811547714515,608.0,4.951884522854852
A1,closer,pusher,5,340,0.12135,0.0,0.1570015625,0.81455,0.0020601565718994645,587.0,4.932426864441697
A1,closer,pusher,5,350,0.1165,0.0,0.158209375,0.82105,0.00042918454935622315,573.0,5.019742489270386
A1,closer,pusher,5,360,0.1089,0.0,0.1573453125,0.8174,0.0,556.0,5.2075298438934805
A1,closer,pusher,5,370,0.0989,0.0,0.1560375,0.81365,0.0,489.0,5.227502527805864
A1,closer,pusher,5,380,0.0949,0.0,0.1565015625,0.80435,0.0,462.0,5.3308746048472075
A1,closer,pusher,5,390,0.0883,0.0,0.154078125,0.81035,0.0,428.0,5.416761041902605
A1,closer,pusher,5,400,0.0846,0.0,0.1528484375,0.80875,0.0,421.0,5.560283687943262
A1,closer,pusher,5,410,0.07855,0.0,0.1535640625,0.8006,0.0,396.0,5.548058561425844
A1,closer,pusher,5,420,0.0801,0.0,0.151415625,0.80175,0.0,379.0,5.752808988764045
A1,closer,pusher,5,430,0.07915,5e-05,0.1521515625,0.8022,0.0,376.0,5.897030953885029
A1,closer,pusher,5,440,0.0757,5e-05,0.1533515625,0.7958,0.0,350.0,5.834214002642008
A1,closer,pusher,5,450,0.0685,0.0,0.1537328125,0.788,0.0,336.0,5.938686131386861
A1,closer,pusher,5,460,0.06685,0.0,0.1529296875,0.78955,0.0,281.0,5.911742707554226
A1,closer,pusher,5,470,0.06125,0.0,0.1545390625,0.78625,0.0,276.0,5.963265306122449
A1,closer,pusher,5,480,0.0549,0.0,0.152509375,0.78485,0.0,259.0,6.061930783242259
A1,closer,pusher,5,490,0.0492,0.0,0.15300625,0.7801,0.0,251.0,6.134146341463414
A1,closer,pusher,5,500,0.047,0.0,0.1515828125,0.7787,0.0,254.0,6.134042553191489
A1,closer,pusher,5,750,0.0075,0.0,0.1442078125,0.7054,0.0,32.0,8.393333333333333
A1,closer,pusher,5,1000,0.00195,0.0001,0.1321375,0.63755,0.0,8.0,9.333333333333334
A1,closer,pusher,5,1250,0.0001,0.0,0.1278,0.62785,0.0,1.0,11.0
A1,closer,pusher,5,1500,0.0,0.0,0.1180484375,0.5539,,,
A1,closer,pusher,5,1750,0.0,0.0,0.113021875,0.4841,,,
A1,closer,pusher,5,2000,0.0,0.0,0.1105234375,0.44475,,,
A1,closer,pusher,5,2250,0.0,0.0,0.1078328125,0.38835,,,
A1,closer,pusher,5,2500,0.0,0.0,0.1030296875,0.33945,,,
A1,closer,pusher,5,2750,0.0,0.0,0.1072171875,0.32935,,,
A1,closer,pusher,5,3000,0.0,0.0,0.1018578125,0.31385,,,
A1,closer,pusher,5,3250,0.0,0.0,0.0963265625,0.29465,,,
A1,closer,pusher,5,3500,0.0,0.0,0.089253125,0.25945,,,
A1,closer,pusher,5,3750,0.0,0.0,0.08465,0.26275,,,
A1,closer,pusher,5,4000,0.0,0.0,0.0847734375,0.21335,,,
A1,closer,pusher,5,4250,0.0,0.0,0.0796453125,0.19525,,,
A1,closer,pusher,5,4500,0.0,5e-05,0.083365625,0.15295,,,
A1,closer,pusher,5,4750,0.0,0.0,0.0833421875,0.14175,,,
A1,closer,pusher,5,5000,0.0,0.0,0.0844265625,0.1567,,,
A1,closer,pusher,5,5250,0.0,0.0,0.082959375,0.1406,,,
A1,closer,pusher,5,5500,0.0,0.0,0.085990625,0.1451,,,
A1,closer,pusher,5,5750,0.0,5e-05,0.0919296875,0.1388,,,
A1,closer,pusher,5,6000,0.0,0.0,0.0877640625,0.12435,,,
A1,closer,pusher,5,6250,0.0,0.0,0.0801234375,0.1241,,,
A1,closer,pusher,5,6500,0.0,0.0,0.0821375,0.10625,,,
A1,closer,pusher,5,6750,0.0,0.0,0.0828015625,0.08665,,,
A1,closer,pusher,5,7000,0.0,0.0,0.0838703125,0.05975,,,
A1,closer,pusher,5,7250,0.0,0.0,0.0860546875,0.05875,,,
A1,closer,pusher,5,7500,0.0,0.0,0.0785921875,0.0556,,,
A1,closer,pusher,5,7750,0.0,0.0,0.078184375,0.041,,,
A1,closer,pusher,5,8000,0.0,0.0,0.0792171875,0.02405,,,
A1,closer,pusher,5,8250,0.0,0.0,0.0794328125,0.0186,,,
A1,closer,pusher,5,8500,0.0,0.0,0.075921875,0.01465,,,
A1,closer,pusher,5,8750,0.0,0.0,0.0783625,0.00995,,,
A1,closer,pusher,5,9000,0.0,0.0,0.075390625,0.00835,,,
A1,closer,pusher,5,9250,0.0,0.0,0.078803125,0.00425,,,
A1,closer,pusher,5,9500,0.0,5e-05,0.0800109375,0.008,,,
A1,closer,pusher,5,9750,0.0,0.0,0.074028125,0.0056,,,
A1,closer,pusher,5,10000,0.0,0.0,0.070184375,0.00285,,,
A1,closer,pusher,5,10250,0.0,0.0,0.067034375,0.0071,,,
A1,closer,pusher,5,10500,0.0,0.0001,0.069115625,0.004,,,
A1,closer,pusher,5,10750,0.0,0.0,0.068425,0.0004,,,
A1,closer,pusher,5,11000,0.0,0.0,0.06563125,0.0,,,
A1,closer,pusher,5,11250,0.0,0.0,0.065115625,0.0013,,,
A1,closer,pusher,5,11500,0.0,0.0,0.0699015625,0.0028,,,
A1,closer,pusher,5,11750,0.0,0.0,0.06571875,0.0039,,,
A1,closer,pusher,5,12000,0.0,0.0,0.067928125,0.0025,,,
A1,closer,pusher,5,12250,0.0,0.0,0.07485625,0.0017,,,
A1,closer,pusher,5,12500,0.0,0.0,0.0761296875,0.0,,,
A1,closer,pusher,5,12750,0.0,0.0,0.0776265625,0.00065,,,
A1,closer,pusher,5,13000,0.0,0.0,0.074909375,0.0015,,,
A1,closer,pusher,5,13250,0.0,0.0,0.075278125,0.0,,,
A1,closer,pusher,5,13500,0.0,0.0,0.0750671875,5e-05,,,
A1,closer,pusher,5,13750,0.0,0.0,0.0699875,0.0013,,,
A1,closer,pusher,5,14000,0.0,0.0,0.0699546875,0.00295,,,
A1,closer,pusher,5,14250,0.0,0.0,0.0665734375,0.00355,,,
A1,closer,pusher,5,14500,0.0,0.0,0.07033125,0.00315,,,
A1,closer,pusher,5,14750,0.0,0.0,0.072175,0.0026,,,
A1,closer,pusher,5,15000,0.0,0.0,0.0681765625,0.0012,,,
A1,closer,pusher,5,15250,0.0,0.0,0.06880625,0.00145,,,
A1,closer,pusher,5,15500,0.0,0.0,0.075246875,0.0,,,
A1,closer,pusher,5,15750,0.0,0.0,0.073715625,0.00015,,,
A1,closer,pusher,5,16000,0.0,0.0,0.07000625,0.0,,,
A1,closer,pusher,5,16250,0.0,0.00045,0.0696515625,0.00205,,,
A1,closer,pusher,5,16500,0.0,0.0,0.0660625,0.001,,,
A1,closer,pusher,5,16750,0.0,0.0,0.0677234375,0.0004,,,
A1,closer,pusher,5,17000,0.0,0.0,0.073446875,5e-05,,,
A1,closer,pusher,5,17250,0.0,0.0,0.071128125,0.00015,,,
A1,closer,pusher,5,17500,0.0,0.0001,0.06918125,0.0061,,,
A1,closer,pusher,5,17750,0.0,0.0,0.0720359375,0.00565,,,
A1,closer,pusher,5,18000,0.0,0.0,0.075346875,0.00055,,,
A1,closer,pusher,5,18250,0.0,0.0,0.0728734375,0.0,,,
A1,closer,pusher,5,18500,0.0,0.0,0.073028125,0.0,,,
A1,closer,pusher,5,18750,0.0,0.0,0.0783640625,0.001,,,
A1,closer,pusher,5,19000,0.0,0.0,0.06925625,0.00385,,,
A1,closer,pusher,5,19250,0.0,0.0,0.07455,0.0039,,,
A1,closer,pusher,5,19500,0.0,0.0,0.0787765625,0.00065,,,
A1,closer,pusher,5,19750,0.0,0.0,0.0768734375,0.0,,,
A1,closer,pusher,5,20000,0.0,0.0,0.0760703125,0.00085,,,
A1,pusher,none,1,0,0.0,1.0,0.0,0.0,,,
A1,pusher,none,1,10,0.0,0.9765,0.0062078125,0.0,,,
A1,pusher,none,1,20,0.0,0.9356,0.016890625,0.0,,,
A1,pusher,none,1,30,0.0,0.9015,0.026415625,0.0,,,
A1,pusher,none,1,40,0.0,0.8752,0.0338921875,0.0,,,
A1,pusher,none,1,50,0.0,0.8511,0.03954375,0.0,,,
A1,pusher,none,1,60,0.0,0.826,0.0479609375,0.0,,,
A1,pusher,none,1,70,0.0,0.80865,0.05296875,0.0,,,
A1,pusher,none,1,80,0.0,0.78045,0.056059375,0.0,,,
A1,pusher,none,1,90,0.0,0.7608,0.0618921875,0.0,,,
A1,pusher,none,1,100,0.0,0.7505,0.06571875,0.0,,,
A1,pusher,none,1,110,0.0,0.7391,0.0665140625,0.0,,,
A1,pusher,none,1,120,0.0,0.72415,0.067703125,0.0,,,
A1,pusher,none,1,130,0.0,0.71185,0.0716640625,0.0,,,
A1,pusher,none,1,140,0.0,0.69945,0.07489375,0.0,,,
A1,pusher,none,1,150,0.0,0.69285,0.07581875,0.0,,,
A1,pusher,none,1,160,0.0,0.6913,0.0733078125,0.0,,,
A1,pusher,none,1,170,0.0,0.6829,0.0722921875,0.0,,,
A1,pusher,none,1,180,0.0,0.6694,0.0725734375,0.0,,,
A1,pusher,none,1,190,0.0,0.66355,0.0747,0.0,,,
A1,pusher,none,1,200,0.0,0.65455,0.0744609375,0.0,,,
A1,pusher,none,1,210,0.0,0.6511,0.0740484375,0.0,,,
A1,pusher,none,1,220,0.0,0.64525,0.07538125,0.0,,,
A1,pusher,none,1,230,0.0,0.65185,0.07833125,0.0,,,
A1,pusher,none,1,240,0.0,0.64705,0.0786734375,0.0,,,
A1,pusher,none,1,250,0.0,0.6354,0.0793234375,0.0,,,
A1,pusher,none,1,260,0.0,0.6327,0.0782109375,0.0,,,
A1,pusher,none,1,270,0.0,0.6378,0.077234375,0.0,,,
A1,pusher,none,1,280,0.0,0.6345,0.080475,0.0,,,
A1,pusher,none,1,290,0.0,0.62905,0.08019375,0.0,,,
A1,pusher,none,1,300,0.0,0.6269,0.080440625,0.0,,,
A1,pusher,none,1,310,0.0,0.6219,0.08275,0.0,,,
A1,pusher,none,1,320,0.0,0.62725,0.0810359375,0.0,,,
A1,pusher,none,1,330,0.0,0.62105,0.083371875,0.0,,,
A1,pusher,none,1,340,0.0,0.61165,0.0831078125,0.0,,,
A1,pusher,none,1,350,0.0,0.60535,0.08728125,0.0,,,
A1,pusher,none,1,360,0.0,0.60335,0.0891765625,0.0,,,
A1,pusher,none,1,370,0.0,0.60025,0.087203125,0.0,,,
A1,pusher,none,1,380,0.0,0.6013,0.0839234375,0.0,,,
A1,pusher,none,1,390,0.0,0.6052,0.0832390625,0.0,,,
A1,pusher,none,1,400,0.0,0.6056,0.0838546875,0.0,,,
A1,pusher,none,1,410,0.0,0.60375,0.083965625,0.0,,,
A1,pusher,none,1,420,0.0,0.60635,0.081834375,0.0,,,
A1,pusher,none,1,430,0.0,0.6041,0.08575625,0.0,,,
A1,pusher,none,1,440,0.0,0.60415,0.082865625,0.0,,,
A1,pusher,none,1,450,0.0,0.59815,0.0869515625,0.0,,,
A1,pusher,none,1,460,0.0,0.60265,0.084953125,0.0,,,
A1,pusher,none,1,470,0.0,0.5997,0.083646875,0.0,,,
A1,pusher,none,1,480,0.0,0.5938,0.083921875,0.0,,,
A1,pusher,none,1,490,0.0,0.58465,0.085471875,0.0,,,
A1,pusher,none,1,500,0.0,0.5913,0.0839734375,0.0,,,
A1,pusher,none,1,750,0.0,0.5769,0.0942046875,0.0,,,
A1,pusher,none,1,1000,0.0,0.59985,0.0911125,0.0,,,
A1,pusher,none,1,1250,0.0,0.59195,0.0881671875,0.0,,,
A1,pusher,none,1,1500,0.0,0.57765,0.084425,0.0,,,
A1,pusher,none,1,1750,0.0,0.567,0.0931078125,0.0,,,
A1,pusher,none,1,2000,0.0,0.592,0.0879484375,0.0,,,
A1,pusher,none,1,2250,0.0,0.55665,0.0900890625,0.0,,,
A1,pusher,none,1,2500,0.0,0.5708,0.096071875,0.0,,,
A1,pusher,none,1,2750,0.0,0.57155,0.0947796875,0.0,,,
A1,pusher,none,1,3000,0.0,0.5607,0.0931859375,0.0,,,
A1,pusher,none,1,3250,0.0,0.5704,0.10274375,0.0,,,
A1,pusher,none,1,3500,0.0,0.54265,0.1005671875,0.0,,,
A1,pusher,none,1,3750,0.0,0.5351,0.1047078125,0.0,,,
A1,pusher,none,1,4000,0.0,0.52625,0.1002265625,0.0,,,
A1,pusher,none,1,4250,0.0,0.52525,0.103834375,0.0,,,
A1,pusher,none,1,4500,0.0,0.52895,0.1074140625,0.0,,,
A1,pusher,none,1,4750,0.0,0.5011,0.112521875,0.0,,,
A1,pusher,none,1,5000,0.0,0.50895,0.113175,0.0,,,
A1,pusher,none,1,5250,0.0,0.50365,0.109009375,0.0,,,
A1,pusher,none,1,5500,0.0,0.4808,0.11551875,0.0,,,
A1,pusher,none,1,5750,0.0,0.46245,0.1207375,0.0,,,
A1,pusher,none,1,6000,0.0,0.494,0.1184109375,0.0,,,
A1,pusher,none,1,6250,0.0,0.47015,0.122603125,0.0,,,
A1,pusher,none,1,6500,0.0,0.47645,0.1133234375,0.0,,,
A1,pusher,none,1,6750,0.0,0.4427,0.1262359375,0.0,,,
A1,pusher,none,1,7000,0.0,0.45855,0.12139375,0.0,,,
A1,pusher,none,1,7250,0.0,0.4526,0.1292453125,0.0,,,
A1,pusher,none,1,7500,0.0,0.46365,0.12460625,0.0,,,
A1,pusher,none,1,7750,0.0,0.4524,0.12764375,0.0,,,
A1,pusher,none,1,8000,0.0,0.44605,0.127090625,0.0,,,
A1,pusher,none,1,8250,0.0,0.4377,0.129671875,0.0,,,
A1,pusher,none,1,8500,0.0,0.44825,0.126153125,0.0,,,
A1,pusher,none,1,8750,0.0,0.4378,0.128296875,0.0,,,
A1,pusher,none,1,9000,0.0,0.41335,0.13836875,0.0,,,
A1,pusher,none,1,9250,0.0,0.43775,0.137484375,0.0,,,
A1,pusher,none,1,9500,0.0,0.4254,0.136803125,0.0,,,
A1,pusher,none,1,9750,0.0,0.41185,0.138265625,0.0,,,
A1,pusher,none,1,10000,0.0,0.40605,0.1401796875,0.0,,,
A1,pusher,none,1,10250,0.0,0.4408,0.128659375,0.0,,,
A1,pusher,none,1,10500,0.0,0.43055,0.136228125,0.0,,,
A1,pusher,none,1,10750,0.0,0.425,0.136675,0.0,,,
A1,pusher,none,1,11000,0.0,0.428,0.131034375,0.0,,,
A1,pusher,none,1,11250,0.0,0.43235,0.1358671875,0.0,,,
A1,pusher,none,1,11500,0.0,0.4053,0.1386015625,0.0,,,
A1,pusher,none,1,11750,0.0,0.4383,0.1360421875,0.0,,,
A1,pusher,none,1,12000,0.0,0.4282,0.140709375,0.0,,,
A1,pusher,none,1,12250,0.0,0.4353,0.136946875,0.0,,,
A1,pusher,none,1,12500,0.0,0.42055,0.135534375,0.0,,,
A1,pusher,none,1,12750,0.0,0.42465,0.1311390625,0.0,,,
A1,pusher,none,1,13000,0.0,0.4355,0.1356203125,0.0,,,
A1,pusher,none,1,13250,0.0,0.43415,0.1368828125,0.0,,,
A1,pusher,none,1,13500,0.0,0.44075,0.1332265625,0.0,,,
A1,pusher,none,1,13750,0.0,0.41385,0.132096875,0.0,,,
A1,pusher,none,1,14000,0.0,0.4172,0.1322234375,0.0,,,
A1,pusher,none,1,14250,0.0,0.43975,0.1349984375,0.0,,,
A1,pusher,none,1,14500,0.0,0.41205,0.1354671875,0.0,,,
A1,pusher,none,1,14750,0.0,0.4116,0.1462390625,0.0,,,
A1,pusher,none,1,15000,0.0,0.42225,0.1357640625,0.0,,,
A1,pusher,none,1,15250,0.0,0.41305,0.136171875,0.0,,,
A1,pusher,none,1,15500,0.0,0.42795,0.1368703125,0.0,,,
A1,pusher,none,1,15750,0.0,0.40765,0.1337203125,0.0,,,
A1,pusher,none,1,16000,0.0,0.4155,0.1374578125,0.0,,,
A1,pusher,none,1,16250,0.0,0.42885,0.132621875,0.0,,,
A1,pusher,none,1,16500,0.0,0.4175,0.1367875,0.0,,,
A1,pusher,none,1,16750,0.0,0.43775,0.1296390625,0.0,,,
A1,pusher,none,1,17000,0.0,0.40665,0.1405703125,0.0,,,
A1,pusher,none,1,17250,0.0,0.41075,0.1397234375,0.0,,,
A1,pusher,none,1,17500,0.0,0.4106,0.14575625,0.0,,,
A1,pusher,none,1,17750,0.0,0.41625,0.13173125,0.0,,,
A1,pusher,none,1,18000,0.0,0.4309,0.1367734375,0.0,,,
A1,pusher,none,1,18250,0.0,0.4131,0.1350421875,0.0,,,
A1,pusher,none,1,18500,0.0,0.39695,0.138096875,0.0,,,
A1,pusher,none,1,18750,0.0,0.4067,0.135915625,0.0,,,
A1,pusher,none,1,19000,0.0,0.4285,0.1358734375,0.0,,,
A1,pusher,none,1,19250,0.0,0.4187,0.130575,0.0,,,
A1,pusher,none,1,19500,0.0,0.40965,0.13789375,0.0,,,
A1,pusher,none,1,19750,0.0,0.41305,0.1452734375,0.0,,,
A1,pusher,none,1,20000,0.0,0.415,0.136165625,0.0,,,
A1,pusher,none,2,0,0.0,1.0,0.0,0.0,,,
A1,pusher,none,2,10,0.0,0.97175,0.0069984375,0.0,,,
A1,pusher,none,2,20,0.0,0.93075,0.0192484375,0.0,,,
A1,pusher,none,2,30,0.0,0.8936,0.02984375,0.0,,,
A1,pusher,none,2,40,0.0,0.86515,0.036678125,0.0,,,
A1,pusher,none,2,50,0.0,0.8317,0.046565625,0.0,,,
A1,pusher,none,2,60,0.0,0.81055,0.0506921875,0.0,,,
A1,pusher,none,2,70,0.0,0.79015,0.0548265625,0.0,,,
A1,pusher,none,2,80,0.0,0.767,0.0602921875,0.0,,,
A1,pusher,none,2,90,0.0,0.7531,0.064390625,0.0,,,
A1,pusher,none,2,100,0.0,0.73785,0.06846875,0.0,,,
A1,pusher,none,2,110,0.0,0.73335,0.0682296875,0.0,,,
A1,pusher,none,2,120,0.0,0.7195,0.067415625,0.0,,,
A1,pusher,none,2,130,0.0,0.7086,0.0681109375,0.0,,,
A1,pusher,none,2,140,0.0,0.6944,0.0692421875,0.0,,,
A1,pusher,none,2,150,0.0,0.6824,0.0726296875,0.0,,,
A1,pusher,none,2,160,0.0,0.66965,0.0764984375,0.0,,,
A1,pusher,none,2,170,0.0,0.65885,0.075359375,0.0,,,
A1,pusher,none,2,180,0.0,0.65785,0.0768546875,0.0,,,
A1,pusher,none,2,190,0.0,0.6386,0.077528125,0.0,,,
A1,pusher,none,2,200,0.0,0.6412,0.074265625,0.0,,,
A1,pusher,none,2,210,0.0,0.63955,0.075875,0.0,,,
A1,pusher,none,2,220,0.0,0.62975,0.07990625,0.0,,,
A1,pusher,none,2,230,0.0,0.63035,0.080175,0.0,,,
A1,pusher,none,2,240,0.0,0.61845,0.0802796875,0.0,,,
A1,pusher,none,2,250,0.0,0.61415,0.07913125,0.0,,,
A1,pusher,none,2,260,0.0,0.61675,0.0808265625,0.0,,,
A1,pusher,none,2,270,0.0,0.61175,0.079109375,0.0,,,
A1,pusher,none,2,280,0.0,0.6022,0.0787765625,0.0,,,
A1,pusher,none,2,290,0.0,0.5986,0.078728125,0.0,,,
A1,pusher,none,2,300,0.0,0.597,0.085828125,0.0,,,
A1,pusher,none,2,310,0.0,0.59535,0.0866578125,0.0,,,
A1,pusher,none,2,320,0.0,0.59695,0.0828265625,0.0,,,
A1,pusher,none,2,330,0.0,0.60035,0.0842890625,0.0,,,
A1,pusher,none,2,340,0.0,0.5985,0.083103125,0.0,,,
A1,pusher,none,2,350,0.0,0.5966,0.0838390625,0.0,,,
A1,pusher,none,2,360,0.0,0.58605,0.0854203125,0.0,,,
A1,pusher,none,2,370,0.0,0.5824,0.086921875,0.0,,,
A1,pusher,none,2,380,0.0,0.5919,0.0845,0.0,,,
A1,pusher,none,2,390,0.0,0.59335,0.0837296875,0.0,,,
A1,pusher,none,2,400,0.0,0.59005,0.0845828125,0.0,,,
A1,pusher,none,2,410,0.0,0.58875,0.085871875,0.0,,,
A1,pusher,none,2,420,0.0,0.5886,0.0853265625,0.0,,,
A1,pusher,none,2,430,0.0,0.58925,0.0876390625,0.0,,,
A1,pusher,none,2,440,0.0,0.59425,0.0852953125,0.0,,,
A1,pusher,none,2,450,0.0,0.5933,0.0834203125,0.0,,,
A1,pusher,none,2,460,0.0,0.595,0.0817484375,0.0,,,
A1,pusher,none,2,470,0.0,0.59195,0.0805375,0.0,,,
A1,pusher,none,2,480,0.0,0.5997,0.079665625,0.0,,,
A1,pusher,none,2,490,0.0,0.60015,0.0775671875,0.0,,,
A1,pusher,none,2,500,0.0,0.60135,0.077878125,0.0,,,
A1,pusher,none,2,750,0.0,0.58285,0.0858,0.0,,,
A1,pusher,none,2,1000,0.0,0.58375,0.0878171875,0.0,,,
A1,pusher,none,2,1250,0.0,0.5799,0.0848390625,0.0,,,
A1,pusher,none,2,1500,0.0,0.57705,0.087290625,0.0,,,
A1,pusher,none,2,1750,0.0,0.5839,0.088471875,0.0,,,
A1,pusher,none,2,2000,0.0,0.57605,0.09301875,0.0,,,
A1,pusher,none,2,2250,0.0,0.58545,0.091175,0.0,,,
A1,pusher,none,2,2500,0.0,0.5623,0.0921,0.0,,,
A1,pusher,none,2,2750,0.0,0.57015,0.095965625,0.0,,,
A1,pusher,none,2,3000,0.0,0.5578,0.095390625,0.0,,,
A1,pusher,none,2,3250,0.0,0.5359,0.1005734375,0.0,,,
A1,pusher,none,2,3500,0.0,0.55195,0.09918125,0.0,,,
A1,pusher,none,2,3750,0.0,0.5159,0.1042828125,0.0,,,
A1,pusher,none,2,4000,0.0,0.52445,0.1047734375,0.0,,,
A1,pusher,none,2,4250,0.0,0.5039,0.1097453125,0.0,,,
A1,pusher,none,2,4500,0.0,0.5227,0.1175296875,0.0,,,
A1,pusher,none,2,4750,0.0,0.5314,0.1035921875,0.0,,,
A1,pusher,none,2,5000,0.0,0.50395,0.11396875,0.0,,,
A1,pusher,none,2,5250,0.0,0.4877,0.1135890625,0.0,,,
A1,pusher,none,2,5500,0.0,0.4782,0.121865625,0.0,,,
A1,pusher,none,2,5750,0.0,0.4723,0.1243328125,0.0,,,
A1,pusher,none,2,6000,0.0,0.4678,0.115765625,0.0,,,
A1,pusher,none,2,6250,0.0,0.4565,0.1232625,0.0,,,
A1,pusher,none,2,6500,0.0,0.47105,0.1260046875,0.0,,,
A1,pusher,none,2,6750,0.0,0.4722,0.123928125,0.0,,,
A1,pusher,none,2,7000,0.0,0.4581,0.1221953125,0.0,,,
A1,pusher,none,2,7250,0.0,0.44005,0.134065625,0.0,,,
A1,pusher,none,2,7500,0.0,0.44195,0.1308296875,0.0,,,
A1,pusher,none,2,7750,0.0,0.45865,0.12955625,0.0,,,
A1,pusher,none,2,8000,0.0,0.4548,0.1265015625,0.0,,,
A1,pusher,none,2,8250,0.0,0.4114,0.13701875,0.0,,,
A1,pusher,none,2,8500,0.0,0.428,0.1379125,0.0,,,
A1,pusher,none,2,8750,0.0,0.43415,0.13185,0.0,,,
A1,pusher,none,2,9000,0.0,0.43265,0.1337484375,0.0,,,
A1,pusher,none,2,9250,0.0,0.44855,0.1259859375,0.0,,,
A1,pusher,none,2,9500,0.0,0.44685,0.1336359375,0.0,,,
A1,pusher,none,2,9750,0.0,0.45645,0.128940625,0.0,,,
A1,pusher,none,2,10000,0.0,0.44845,0.1293453125,0.0,,,
A1,pusher,none,2,10250,0.0,0.4326,0.135228125,0.0,,,
A1,pusher,none,2,10500,0.0,0.43695,0.137471875,0.0,,,
A1,pusher,none,2,10750,0.0,0.43975,0.1338453125,0.0,,,
A1,pusher,none,2,11000,0.0,0.4047,0.1366828125,0.0,,,
A1,pusher,none,2,11250,0.0,0.41795,0.141415625,0.0,,,
A1,pusher,none,2,11500,0.0,0.42395,0.1374609375,0.0,,,
A1,pusher,none,2,11750,0.0,0.43555,0.1331703125,0.0,,,
A1,pusher,none,2,12000,0.0,0.45385,0.12834375,0.0,,,
A1,pusher,none,2,12250,0.0,0.4295,0.1404,0.0,,,
A1,pusher,none,2,12500,0.0,0.42,0.134946875,0.0,,,
A1,pusher,none,2,12750,0.0,0.4282,0.135284375,0.0,,,
A1,pusher,none,2,13000,0.0,0.436,0.1307203125,0.0,,,
A1,pusher,none,2,13250,0.0,0.43735,0.14035,0.0,,,
A1,pusher,none,2,13500,0.0,0.45465,0.126578125,0.0,,,
A1,pusher,none,2,13750,0.0,0.4501,0.1274671875,0.0,,,
A1,pusher,none,2,14000,0.0,0.4203,0.1355109375,0.0,,,
A1,pusher,none,2,14250,0.0,0.4231,0.1384078125,0.0,,,
A1,pusher,none,2,14500,0.0,0.43585,0.128659375,0.0,,,
A1,pusher,none,2,14750,0.0,0.43505,0.1389328125,0.0,,,
A1,pusher,none,2,15000,0.0,0.419,0.140196875,0.0,,,
A1,pusher,none,2,15250,0.0,0.40365,0.1415390625,0.0,,,
A1,pusher,none,2,15500,0.0,0.42045,0.13523125,0.0,,,
A1,pusher,none,2,15750,0.0,0.42585,0.137965625,0.0,,,
A1,pusher,none,2,16000,0.0,0.43935,0.1331796875,0.0,,,
A1,pusher,none,2,16250,0.0,0.42065,0.138409375,0.0,,,
A1,pusher,none,2,16500,0.0,0.4615,0.13008125,0.0,,,
A1,pusher,none,2,16750,0.0,0.41255,0.13723125,0.0,,,
A1,pusher,none,2,17000,0.0,0.41335,0.139765625,0.0,,,
A1,pusher,none,2,17250,0.0,0.4365,0.13144375,0.0,,,
A1,pusher,none,2,17500,0.0,0.4165,0.136284375,0.0,,,
A1,pusher,none,2,17750,0.0,0.41625,0.13856875,0.0,,,
A1,pusher,none,2,18000,0.0,0.41435,0.1388046875,0.0,,,
A1,pusher,none,2,18250,0.0,0.42655,0.138275,0.0,,,
A1,pusher,none,2,18500,0.0,0.40655,0.1389578125,0.0,,,
A1,pusher,none,2,18750,0.0,0.41485,0.1380625,0.0,,,
A1,pusher,none,2,19000,0.0,0.42325,0.1396375,0.0,,,
A1,pusher,none,2,19250,0.0,0.42135,0.1307578125,0.0,,,
A1,pusher,none,2,19500,0.0,0.4289,0.135325,0.0,,,
A1,pusher,none,2,19750,0.0,0.4059,0.14123125,0.0,,,
A1,pusher,none,2,20000,0.0,0.43075,0.128553125,0.0,,,
A1,pusher,none,3,0,0.0,1.0,0.0,0.0,,,
A1,pusher,none,3,10,0.0,0.97165,0.006375,0.0,,,
A1,pusher,none,3,20,0.0,0.9312,0.018965625,0.0,,,
A1,pusher,none,3,30,0.0,0.897,0.028215625,0.0,,,
A1,pusher,none,3,40,0.0,0.8718,0.03554375,0.0,,,
A1,pusher,none,3,50,0.0,0.841,0.0441296875,0.0,,,
A1,pusher,none,3,60,0.0,0.8214,0.052265625,0.0,,,
A1,pusher,none,3,70,0.0,0.80055,0.0576578125,0.0,,,
A1,pusher,none,3,80,0.0,0.78085,0.058253125,0.0,,,
A1,pusher,none,3,90,0.0,0.7586,0.0630296875,0.0,,,
A1,pusher,none,3,100,0.0,0.74955,0.0641390625,0.0,,,
A1,pusher,none,3,110,0.0,0.7408,0.068003125,0.0,,,
A1,pusher,none,3,120,0.0,0.72635,0.066875,0.0,,,
A1,pusher,none,3,130,0.0,0.7194,0.068675,0.0,,,
A1,pusher,none,3,140,0.0,0.71175,0.0673609375,0.0,,,
A1,pusher,none,3,150,0.0,0.689,0.0703234375,0.0,,,
A1,pusher,none,3,160,0.0,0.6805,0.0747984375,0.0,,,
A1,pusher,none,3,170,0.0,0.6775,0.0745703125,0.0,,,
A1,pusher,none,3,180,0.0,0.66755,0.0755765625,0.0,,,
A1,pusher,none,3,190,0.0,0.66175,0.0730796875,0.0,,,
A1,pusher,none,3,200,0.0,0.6564,0.071025,0.0,,,
A1,pusher,none,3,210,0.0,0.64585,0.07646875,0.0,,,
A1,pusher,none,3,220,0.0,0.64085,0.079746875,0.0,,,
A1,pusher,none,3,230,0.0,0.6318,0.0806515625,0.0,,,
A1,pusher,none,3,240,0.0,0.62335,0.0841484375,0.0,,,
A1,pusher,none,3,250,0.0,0.6274,0.0845359375,0.0,,,
A1,pusher,none,3,260,0.0,0.63575,0.0826359375,0.0,,,
A1,pusher,none,3,270,0.0,0.6436,0.0805265625,0.0,,,
A1,pusher,none,3,280,0.0,0.64075,0.078509375,0.0,,,
A1,pusher,none,3,290,0.0,0.6277,0.08459375,0.0,,,
A1,pusher,none,3,300,0.0,0.62685,0.083296875,0.0,,,
A1,pusher,none,3,310,0.0,0.62685,0.0819046875,0.0,,,
A1,pusher,none,3,320,0.0,0.6292,0.0771328125,0.0,,,
A1,pusher,none,3,330,0.0,0.6275,0.0774109375,0.0,,,
A1,pusher,none,3,340,0.0,0.60845,0.080259375,0.0,,,
A1,pusher,none,3,350,0.0,0.60395,0.0815953125,0.0,,,
A1,pusher,none,3,360,0.0,0.59115,0.08615,0.0,,,
A1,pusher,none,3,370,0.0,0.59265,0.085471875,0.0,,,
A1,pusher,none,3,380,0.0,0.60615,0.083465625,0.0,,,
A1,pusher,none,3,390,0.0,0.60785,0.08186875,0.0,,,
A1,pusher,none,3,400,0.0,0.59675,0.0814921875,0.0,,,
A1,pusher,none,3,410,0.0,0.59415,0.0824109375,0.0,,,
A1,pusher,none,3,420,0.0,0.58765,0.08258125,0.0,,,
A1,pusher,none,3,430,0.0,0.58245,0.0836671875,0.0,,,
A1,pusher,none,3,440,0.0,0.58455,0.0860671875,0.0,,,
A1,pusher,none,3,450,0.0,0.58375,0.0878765625,0.0,,,
A1,pusher,none,3,460,0.0,0.5861,0.08775625,0.0,,,
A1,pusher,none,3,470,0.0,0.58625,0.090146875,0.0,,,
A1,pusher,none,3,480,0.0,0.5861,0.0871640625,0.0,,,
A1,pusher,none,3,490,0.0,0.58275,0.0883359375,0.0,,,
A1,pusher,none,3,500,0.0,0.58665,0.0848375,0.0,,,
A1,pusher,none,3,750,0.0,0.5909,0.083590625,0.0,,,
A1,pusher,none,3,1000,0.0,0.6,0.0767234375,0.0,,,
A1,pusher,none,3,1250,0.0,0.59695,0.0848,0.0,,,
A1,pusher,none,3,1500,0.0,0.578,0.0939546875,0.0,,,
A1,pusher,none,3,1750,0.0,0.58935,0.089378125,0.0,,,
A1,pusher,none,3,2000,0.0,0.6122,0.08685625,0.0,,,
A1,pusher,none,3,2250,0.0,0.5966,0.085359375,0.0,,,
A1,pusher,none,3,2500,0.0,0.5726,0.0955515625,0.0,,,
A1,pusher,none,3,2750,0.0,0.5664,0.09290625,0.0,,,
A1,pusher,none,3,3000,0.0,0.545,0.10664375,0.0,,,
A1,pusher,none,3,3250,0.0,0.569,0.0968125,0.0,,,
A1,pusher,none,3,3500,0.0,0.5618,0.0931609375,0.0,,,
A1,pusher,none,3,3750,0.0,0.54225,0.1002515625,0.0,,,
A1,pusher,none,3,4000,0.0,0.5298,0.1068078125,0.0,,,
A1,pusher,none,3,4250,0.0,0.52955,0.109278125,0.0,,,
A1,pusher,none,3,4500,0.0,0.5136,0.10845625,0.0,,,
A1,pusher,none,3,4750,0.0,0.51085,0.1066015625,0.0,,,
A1,pusher,none,3,5000,0.0,0.4783,0.1196796875,0.0,,,
A1,pusher,none,3,5250,0.0,0.50435,0.115134375,0.0,,,
A1,pusher,none,3,5500,0.0,0.4803,0.1212625,0.0,,,
A1,pusher,none,3,5750,0.0,0.46075,0.117565625,0.0,,,
A1,pusher,none,3,6000,0.0,0.4439,0.1310625,0.0,,,
A1,pusher,none,3,6250,0.0,0.468,0.1238875,0.0,,,
A1,pusher,none,3,6500,0.0,0.4342,0.1296109375,0.0,,,
A1,pusher,none,3,6750,0.0,0.4438,0.13126875,0.0,,,
A1,pusher,none,3,7000,0.0,0.4637,0.1155078125,0.0,,,
A1,pusher,none,3,7250,0.0,0.42885,0.133053125,0.0,,,
A1,pusher,none,3,7500,0.0,0.4393,0.132759375,0.0,,,
A1,pusher,none,3,7750,0.0,0.43195,0.129134375,0.0,,,
A1,pusher,none,3,8000,0.0,0.425,0.1381828125,0.0,,,
A1,pusher,none,3,8250,0.0,0.43,0.1316734375,0.0,,,
A1,pusher,none,3,8500,0.0,0.44905,0.1317609375,0.0,,,
A1,pusher,none,3,8750,0.0,0.42865,0.133225,0.0,,,
A1,pusher,none,3,9000,0.0,0.43735,0.1289359375,0.0,,,
A1,pusher,none,3,9250,0.0,0.42445,0.1358640625,0.0,,,
A1,pusher,none,3,9500,0.0,0.43205,0.13661875,0.0,,,
A1,pusher,none,3,9750,0.0,0.4387,0.1322515625,0.0,,,
A1,pusher,none,3,10000,0.0,0.4602,0.1294578125,0.0,,,
A1,pusher,none,3,10250,0.0,0.43045,0.132628125,0.0,,,
A1,pusher,none,3,10500,0.0,0.4205,0.14255625,0.0,,,
A1,pusher,none,3,10750,0.0,0.4341,0.133871875,0.0,,,
A1,pusher,none,3,11000,0.0,0.4369,0.130940625,0.0,,,
A1,pusher,none,3,11250,0.0,0.42575,0.133034375,0.0,,,
A1,pusher,none,3,11500,0.0,0.4394,0.129340625,0.0,,,
A1,pusher,none,3,11750,0.0,0.43685,0.1369328125,0.0,,,
A1,pusher,none,3,12000,0.0,0.42335,0.133853125,0.0,,,
A1,pusher,none,3,12250,0.0,0.43955,0.13766875,0.0,,,
A1,pusher,none,3,12500,0.0,0.4266,0.1319703125,0.0,,,
A1,pusher,none,3,12750,0.0,0.4181,0.1370921875,0.0,,,
A1,pusher,none,3,13000,0.0,0.4192,0.141290625,0.0,,,
A1,pusher,none,3,13250,0.0,0.3985,0.14014375,0.0,,,
A1,pusher,none,3,13500,0.0,0.41475,0.1320734375,0.0,,,
A1,pusher,none,3,13750,0.0,0.44475,0.1312390625,0.0,,,
A1,pusher,none,3,14000,0.0,0.42665,0.1360453125,0.0,,,
A1,pusher,none,3,14250,0.0,0.4199,0.139978125,0.0,,,
A1,pusher,none,3,14500,0.0,0.41,0.1467625,0.0,,,
A1,pusher,none,3,14750,0.0,0.4287,0.135328125,0.0,,,
A1,pusher,none,3,15000,0.0,0.4401,0.1277796875,0.0,,,
A1,pusher,none,3,15250,0.0,0.4127,0.1367203125,0.0,,,
A1,pusher,none,3,15500,0.0,0.4335,0.132590625,0.0,,,
A1,pusher,none,3,15750,0.0,0.41965,0.1366828125,0.0,,,
A1,pusher,none,3,16000,0.0,0.4133,0.13844375,0.0,,,
A1,pusher,none,3,16250,0.0,0.4282,0.138325,0.0,,,
A1,pusher,none,3,16500,0.0,0.4156,0.1401171875,0.0,,,
A1,pusher,none,3,16750,0.0,0.41425,0.1412953125,0.0,,,
A1,pusher,none,3,17000,0.0,0.4464,0.1333078125,0.0,,,
A1,pusher,none,3,17250,0.0,0.44195,0.1320578125,0.0,,,
A1,pusher,none,3,17500,0.0,0.41285,0.1378890625,0.0,,,
A1,pusher,none,3,17750,0.0,0.3976,0.14690625,0.0,,,
A1,pusher,none,3,18000,0.0,0.44735,0.1298328125,0.0,,,
A1,pusher,none,3,18250,0.0,0.43645,0.126409375,0.0,,,
A1,pusher,none,3,18500,0.0,0.4226,0.1333140625,0.0,,,
A1,pusher,none,3,18750,0.0,0.4291,0.134934375,0.0,,,
A1,pusher,none,3,19000,0.0,0.41025,0.1409734375,0.0,,,
A1,pusher,none,3,19250,0.0,0.42305,0.131228125,0.0,,,
A1,pusher,none,3,19500,0.0,0.426,0.1369125,0.0,,,
A1,pusher,none,3,19750,0.0,0.41685,0.1395640625,0.0,,,
A1,pusher,none,3,20000,0.0,0.42475,0.13919375,0.0,,,
A1,closer,none,1,0,1.0,0.0,0.125,1.0,1.0,1.0,0.0
A1,closer,none,1,10,0.87955,0.0,0.129659375,0.9514,0.9009152407481098,877.0,0.11318287760786766
A1,closer,none,1,20,0.8018,0.0,0.1361171875,0.9226,0.7902220004988775,1223.0,0.2824270391618858
A1,closer,none,1,30,0.7447,0.0,0.140134375,0.90895,0.6909493755874849,1440.0,0.4581039344702565
A1,closer,none,1,40,0.68665,0.0,0.1433890625,0.89745,0.594334813951795,1584.0,0.6573945969562368
A1,closer,none,1,50,0.6507,0.0,0.1455984375,0.89105,0.5174427539572768,1715.0,0.8234977716305517
A1,closer,none,1,60,0.61665,0.0,0.1465640625,0.8884,0.4378496716127463,1803.0,1.028784561744912
A1,closer,none,1,70,0.5692,0.0,0.147346875,0.88375,0.3795678144764582,1807.0,1.2039704848910753
A1,closer,none,1,80,0.5385,0.0,0.1497015625,0.8778,0.31764159702878364,1829.0,1.4103992571959145
A1,closer,none,1,90,0.5081,0.0,0.151696875,0.8708,0.2708128321196615,1831.0,1.5810864003148986
A1,closer,none,1,100,0.4703,0.0,0.1508609375,0.8693,0.22389963852859876,1800.0,1.779077184775675
A1,closer,none,1,110,0.43825,0.0,0.150815625,0.86735,0.19555048488305762,1773.0,1.9310895607529948
A1,closer,none,1,120,0.40985,0.0,0.1530578125,0.85695,0.15981456630474564,1684.0,2.1151640844211297
A1,closer,none,1,130,0.38815,0.0,0.1536421875,0.85325,0.14221306196058225,1661.0,2.276568336983125
A1,closer,none,1,140,0.36095,0.0,0.1529,0.85285,0.11372766311123424,1578.0,2.494389804682089
A1,closer,none,1,150,0.3394,0.0,0.153884375,0.84785,0.10223924572775486,1494.0,2.6193282262816737
A1,closer,none,1,160,0.32025,0.0,0.1534734375,0.8453,0.08618266978922717,1423.0,2.7572209211553473
A1,closer,none,1,170,0.2961,0.0,0.1538984375,0.8431,0.06906450523471801,1367.0,2.9240121580547114
A1,closer,none,1,180,0.2822,0.0,0.1538078125,0.84235,0.06874557051736357,1305.0,3.069099929128278
A1,closer,none,1,190,0.2617,0.0,0.1557421875,0.83795,0.06744363775315246,1187.0,3.238440962934658
A1,closer,none,1,200,0.2376,0.0,0.1557234375,0.835,0.05660774410774411,1127.0,3.3587962962962963
A1,closer,none,1,210,0.22135,0.0,0.155475,0.83065,0.045629094194714254,1025.0,3.51773209848656
A1,closer,none,1,220,0.21115,0.0,0.1550484375,0.8297,0.04451811508406346,992.0,3.675586076249112
A1,closer,none,1,230,0.2044,0.0,0.1558875,0.82415,0.045499021526418784,958.0,3.733610567514677
A1,closer,none,1,240,0.19115,0.0,0.1566375,0.81585,0.04106722469264975,939.0,3.9301595605545385
A1,closer,none,1,250,0.17695,0.0,0.1563640625,0.81355,0.04690590562305736,862.0,4.0
A1,closer,none,1,260,0.1687,0.0,0.1549140625,0.8125,0.04416123295791346,801.0,4.079430942501482
A1,closer,none,1,270,0.15215,0.0,0.153971875,0.81055,0.04272099901413079,716.0,4.102859020703254
A1,closer,none,1,280,0.1451,0.0,0.152459375,0.80715,0.03997243280496209,662.0,4.258442453480359
A1,closer,none,1,290,0.1362,0.0,0.1539515625,0.80395,0.03634361233480176,653.0,4.3979441997063144
A1,closer,none,1,300,0.1321,0.0,0.1560015625,0.80355,0.032929598788796366,621.0,4.437168811506434
A1,closer,none,1,310,0.12355,0.0,0.155746875,0.8046,0.036422501011736136,593.0,4.5127478753541075
A1,closer,none,1,320,0.1136,0.0,0.1556390625,0.8033,0.02420774647887324,544.0,4.67737676056338
A1,closer,none,1,330,0.11115,0.0,0.15453125,0.80785,0.019343229869545658,524.0,4.759334233018444
A1,closer,none,1,340,0.10255,0.0,0.155875,0.80005,0.01218917601170161,510.0,4.776206728425159
A1,closer,none,1,350,0.0988,0.0,0.15574375,0.8016,0.010121457489878543,482.0,4.885627530364372
A1,closer,none,1,360,0.09085,0.0,0.15589375,0.8009,0.01375894331315355,451.0,4.9515685195377
A1,closer,none,1,370,0.0826,0.0,0.15695625,0.79835,0.01513317191283293,397.0,4.961864406779661
A1,closer,none,1,380,0.0713,0.0,0.157453125,0.7948,0.008415147265077139,374.0,5.044179523141655
A1,closer,none,1,390,0.0719,0.0,0.15499375,0.79745,0.009735744089012517,356.0,5.109874826147427
A1,closer,none,1,400,0.0657,0.0,0.153221875,0.79705,0.0060882800608828,342.0,5.19482496194825
A1,closer,none,1,410,0.0576,0.0,0.1538875,0.79545,0.004340277777777778,308.0,5.337673611111111
A1,closer,none,1,420,0.057,0.0,0.153590625,0.79795,0.0008771929824561404,282.0,5.516666666666667
A1,closer,none,1,430,0.05075,0.0,0.1545421875,0.7859,0.0,258.0,5.613793103448276
A1,closer,none,1,440,0.0468,0.0,0.1547140625,0.78025,0.0,240.0,5.714743589743589
A1,closer,none,1,450,0.0446,0.0,0.153275,0.77895,0.0,221.0,5.8374439461883405
A1,closer,none,1,460,0.0449,0.0,0.155765625,0.773,0.0,215.0,5.978841870824054
A1,closer,none,1,470,0.0421,0.0,0.15539375,0.7663,0.0,208.0,5.991686460807601
A1,closer,none,1,480,0.04265,0.0,0.1534515625,0.7644,0.0,215.0,5.933177022274326
A1,closer,none,1,490,0.039,0.0,0.153971875,0.76725,0.0,203.0,6.02051282051282
A1,closer,none,1,500,0.0348,0.0,0.1544109375,0.76155,0.0,192.0,6.274425287356322
A1,closer,none,1,750,0.00695,0.0,0.1426234375,0.6699,0.0,43.0,8.23021582733813
A1,closer,none,1,1000,0.0,0.0,0.1235234375,0.62945,,,
A1,closer,none,1,1250,0.0,0.0,0.117509375,0.563,,,
A1,closer,none,1,1500,0.0,0.0,0.1092203125,0.4996,,,
A1,closer,none,1,1750,0.0,0.0,0.10750625,0.4322,,,
A1,closer,none,1,2000,0.0,0.0,0.1063125,0.39175,,,
A1,closer,none,1,2250,0.0,0.0,0.100703125,0.3665,,,
A1,closer,none,1,2500,0.0,0.0,0.1008703125,0.3431,,,
A1,closer,none,1,2750,0.0,0.0,0.0964640625,0.35115,,,
A1,closer,none,1,3000,0.0,0.0,0.0911234375,0.30155,,,
A1,closer,none,1,3250,0.0,0.0,0.08880625,0.2627,,,
A1,closer,none,1,3500,0.0,0.0,0.08388125,0.22015,,,
A1,closer,none,1,3750,0.0,0.0,0.0833171875,0.2325,,,
A1,closer,none,1,4000,0.0,0.0,0.085153125,0.20225,,,
A1,closer,none,1,4250,0.0,0.0,0.0900625,0.2015,,,
A1,closer,none,1,4500,0.0,0.0,0.0868359375,0.19205,,,
A1,closer,none,1,4750,0.0,0.0,0.0853578125,0.1831,,,
A1,closer,none,1,5000,0.0,0.0,0.085721875,0.15005,,,
A1,closer,none,1,5250,0.0,0.0,0.0813265625,0.151,,,
A1,closer,none,1,5500,0.0,0.0,0.081228125,0.11875,,,
A1,closer,none,1,5750,0.0,0.0,0.082034375,0.1179,,,
A1,closer,none,1,6000,0.0,0.0,0.0801578125,0.10195,,,
A1,closer,none,1,6250,0.0,0.0,0.0830046875,0.09265,,,
A1,closer,none,1,6500,0.0,0.0,0.086075,0.0861,,,
A1,closer,none,1,6750,0.0,0.0,0.0811953125,0.0856,,,
A1,closer,none,1,7000,0.0,0.0,0.082084375,0.10085,,,
A1,closer,none,1,7250,0.0,0.0,0.0795375,0.0794,,,
A1,closer,none,1,7500,0.0,0.0,0.078184375,0.0719,,,
A1,closer,none,1,7750,0.0,0.0,0.0819921875,0.09655,,,
A1,closer,none,1,8000,0.0,0.0,0.077759375,0.0864,,,
A1,closer,none,1,8250,0.0,0.0,0.076059375,0.0941,,,
A1,closer,none,1,8500,0.0,0.0,0.080453125,0.0923,,,
A1,closer,none,1,8750,0.0,0.0,0.07685625,0.0876,,,
A1,closer,none,1,9000,0.0,0.0,0.076803125,0.0801,,,
A1,closer,none,1,9250,0.0,0.0,0.0747375,0.05735,,,
A1,closer,none,1,9500,0.0,0.0,0.0755375,0.03885,,,
A1,closer,none,1,9750,0.0,0.0,0.07371875,0.03185,,,
A1,closer,none,1,10000,0.0,0.0,0.0740125,0.0145,,,
A1,closer,none,1,10250,0.0,0.0,0.072921875,0.00805,,,
A1,closer,none,1,10500,0.0,0.0,0.0765234375,0.00235,,,
A1,closer,none,1,10750,0.0,0.0,0.0757359375,5e-05,,,
A1,closer,none,1,11000,0.0,0.0,0.077590625,0.0,,,
A1,closer,none,1,11250,0.0,0.0,0.0783703125,0.0005,,,
A1,closer,none,1,11500,0.0,0.0,0.0783296875,0.0024,,,
A1,closer,none,1,11750,0.0,0.0,0.078059375,0.00015,,,
A1,closer,none,1,12000,0.0,0.0,0.076284375,0.00015,,,
A1,closer,none,1,12250,0.0,0.0,0.0758078125,0.0,,,
A1,closer,none,1,12500,0.0,0.0,0.073296875,0.0,,,
A1,closer,none,1,12750,0.0,0.0,0.07530625,0.0003,,,
A1,closer,none,1,13000,0.0,0.0,0.0751125,0.00075,,,
A1,closer,none,1,13250,0.0,0.0,0.0727109375,0.00295,,,
A1,closer,none,1,13500,0.0,0.0,0.0779,0.00615,,,
A1,closer,none,1,13750,0.0,0.0,0.0766234375,0.0061,,,
A1,closer,none,1,14000,0.0,0.0,0.0743453125,0.00815,,,
A1,closer,none,1,14250,0.0,0.0,0.0751984375,0.00785,,,
A1,closer,none,1,14500,0.0,0.0,0.0771265625,0.014,,,
A1,closer,none,1,14750,0.0,0.0,0.0722875,0.01235,,,
A1,closer,none,1,15000,0.0,0.0,0.068946875,0.0146,,,
A1,closer,none,1,15250,0.0,0.0,0.071775,0.0102,,,
A1,closer,none,1,15500,0.0,0.0,0.071865625,0.00685,,,
A1,closer,none,1,15750,0.0,0.0,0.07301875,0.00535,,,
A1,closer,none,1,16000,0.0,0.0,0.077171875,0.0026,,,
A1,closer,none,1,16250,0.0,0.0,0.078396875,5e-05,,,
A1,closer,none,1,16500,0.0,0.0,0.07873125,0.0004,,,
A1,closer,none,1,16750,0.0,0.0,0.0785828125,0.0029,,,
A1,closer,none,1,17000,0.0,0.0,0.0784796875,0.0014,,,
A1,closer,none,1,17250,0.0,0.0,0.07361875,0.0,,,
A1,closer,none,1,17500,0.0,0.0,0.0744796875,0.0005,,,
A1,closer,none,1,17750,0.0,0.0,0.079509375,0.0008,,,
A1,closer,none,1,18000,0.0,0.0,0.080996875,0.0,,,
A1,closer,none,1,18250,0.0,0.0,0.0819234375,0.0002,,,
A1,closer,none,1,18500,0.0,0.0,0.0823109375,5e-05,,,
A1,closer,none,1,18750,0.0,0.0,0.0802671875,0.0,,,
A1,closer,none,1,19000,0.0,0.0,0.0735125,0.0,,,
A1,closer,none,1,19250,0.0,0.0,0.0731421875,0.0003,,,
A1,closer,none,1,19500,0.0,0.0,0.0748234375,0.0006,,,
A1,closer,none,1,19750,0.0,0.0,0.07359375,0.0,,,
A1,closer,none,1,20000,0.0,0.0,0.0713640625,0.0,,,
A1,closer,none,2,0,1.0,0.0,0.125,1.0,1.0,1.0,0.0
A1,closer,none,2,10,0.88025,0.0,0.1303140625,0.9488,0.8984947458108492,874.0,0.1183754615166146
A1,closer,none,2,20,0.80175,0.0,0.1386078125,0.9199,0.7950109136264422,1197.0,0.2815715622076707
A1,closer,none,2,30,0.73915,0.0,0.1427046875,0.90485,0.6913346411418522,1446.0,0.4710816478387337
A1,closer,none,2,40,0.68655,0.0,0.1455359375,0.8952,0.592964824120603,1600.0,0.6740222853397422
A1,closer,none,2,50,0.6429,0.0,0.1470578125,0.8854,0.5048219007621714,1707.0,0.8818634313268005
A1,closer,none,2,60,0.60465,0.0,0.1466984375,0.888,0.4396758455304722,1727.0,1.0561481849003556
A1,closer,none,2,70,0.5678,0.0,0.149009375,0.88445,0.3808559351884466,1756.0,1.260743219443466
A1,closer,none,2,80,0.53565,0.0,0.1500625,0.884,0.3230654345188089,1798.0,1.452534304116494
A1,closer,none,2,90,0.5102,0.0,0.152671875,0.88105,0.28145825166601335,1782.0,1.6265190121520972
A1,closer,none,2,100,0.47915,0.0,0.152875,0.87935,0.2426171345090264,1777.0,1.822080768026714
A1,closer,none,2,110,0.45605,0.0,0.1541546875,0.87665,0.21313452472316632,1767.0,1.982677338011183
A1,closer,none,2,120,0.43055,0.0,0.1543921875,0.87625,0.18906050400650332,1719.0,2.150969689931483
A1,closer,none,2,130,0.4084,0.0,0.1555890625,0.87205,0.15450538687561213,1678.0,2.307786483839373
A1,closer,none,2,140,0.38545,0.0,0.15554375,0.86625,0.14800882085873654,1632.0,2.4167855753015957
A1,closer,none,2,150,0.3587,0.0,0.1548375,0.86365,0.1281014775578478,1560.0,2.621550041817675
A1,closer,none,2,160,0.32815,0.0,0.1557484375,0.85585,0.11458174615267408,1472.0,2.6791101630351974
A1,closer,none,2,170,0.3088,0.0,0.157403125,0.84555,0.09569300518134716,1377.0,2.8588082901554404
A1,closer,none,2,180,0.283,0.0,0.1561765625,0.84965,0.09558303886925795,1281.0,2.9441696113074203
A1,closer,none,2,190,0.26265,0.0,0.1557140625,0.84405,0.08280982295830953,1151.0,3.018275271273558
A1,closer,none,2,200,0.2444,0.0,0.15358125,0.8404,0.07283142389525368,1142.0,3.1108837970540097
A1,closer,none,2,210,0.22835,0.0,0.1547,0.8325,0.0632800525509087,984.0,3.178016203196847
A1,closer,none,2,220,0.2176,0.0,0.15550625,0.83195,0.05330882352941176,979.0,3.3074448529411766
A1,closer,none,2,230,0.19875,0.0,0.1538515625,0.8296,0.04654088050314465,909.0,3.530314465408805
A1,closer,none,2,240,0.18725,0.0,0.1543703125,0.8297,0.03471295060080107,852.0,3.614953271028037
A1,closer,none,2,250,0.17775,0.0,0.1544625,0.82395,0.030379746835443037,828.0,3.717580872011252
A1,closer,none,2,260,0.16815,0.0,0.15350625,0.82145,0.020814748736247397,789.0,3.817424918227773
A1,closer,none,2,270,0.1546,0.0,0.154396875,0.8141,0.021021992238033634,730.0,3.9071798188874514
A1,closer,none,2,280,0.14325,0.0,0.1552265625,0.81475,0.01605584642233857,679.0,4.017801047120419
A1,closer,none,2,290,0.13135,0.0,0.157225,0.8052,0.01598781880472021,631.0,4.028930338789494
A1,closer,none,2,300,0.1151,0.0,0.1563046875,0.80245,0.013032145960034752,569.0,4.198957428323197
A1,closer,none,2,310,0.11075,0.0,0.1558484375,0.8061,0.011738148984198645,540.0,4.291196388261851
A1,closer,none,2,320,0.1032,0.0,0.1547,0.8032,0.011627906976744186,527.0,4.380329457364341
A1,closer,none,2,330,0.1001,0.0,0.15504375,0.80195,0.00949050949050949,504.0,4.419080919080919
A1,closer,none,2,340,0.0961,0.0,0.1542515625,0.7999,0.007284079084287201,490.0,4.524973985431842
A1,closer,none,2,350,0.0887,0.0,0.1522640625,0.804,0.003945885005636978,447.0,4.476324689966178
A1,closer,none,2,360,0.07905,0.0,0.1506671875,0.8006,0.0018975332068311196,409.0,4.443390259329538
A1,closer,none,2,370,0.0712,0.0,0.151125,0.7958,0.0028089887640449437,390.0,4.603932584269663
A1,closer,none,2,380,0.06525,0.0,0.150371875,0.7982,0.0007662835249042146,308.0,4.715708812260536
A1,closer,none,2,390,0.06035,0.0,0.1501375,0.7889,0.0,273.0,4.7986743993372
A1,closer,none,2,400,0.0583,0.0,0.1490828125,0.78755,0.0,271.0,4.776157804459691
A1,closer,none,2,410,0.0544,0.0,0.147690625,0.78395,0.0,267.0,4.867647058823529
A1,closer,none,2,420,0.04755,0.0,0.1488765625,0.7802,0.002103049421661409,251.0,4.965299684542587
A1,closer,none,2,430,0.04645,0.0,0.1499375,0.76565,0.0,230.0,4.923573735199139
A1,closer,none,2,440,0.04295,0.0,0.1496203125,0.7635,0.0,205.0,5.0
A1,closer,none,2,450,0.0383,0.0,0.1485515625,0.762,0.0,199.0,5.117493472584856
A1,closer,none,2,460,0.04065,0.0,0.148628125,0.7576,0.0,209.0,5.207872078720787
A1,closer,none,2,470,0.04025,0.0,0.14773125,0.7542,0.0,180.0,5.293167701863354
A1,closer,none,2,480,0.0366,0.0,0.1456921875,0.74415,0.0,172.0,5.5
A1,closer,none,2,490,0.03495,0.0,0.146946875,0.74385,0.0,171.0,5.6108726752503575
A1,closer,none,2,500,0.03575,0.0,0.1468,0.7411,0.0,183.0,5.7006993006993
A1,closer,none,2,750,0.00725,0.0,0.1357015625,0.66885,0.0,51.0,8.944827586206896
A1,closer,none,2,1000,0.0063,0.0,0.126496875,0.63735,0.0,31.0,8.928571428571429
A1,closer,none,2,1250,0.0009,0.0,0.1236609375,0.6123,0.0,5.0,10.222222222222221
A1,closer,none,2,1500,0.00095,0.0,0.1142859375,0.52455,0.0,6.0,11.368421052631579
A1,closer,none,2,1750,0.0,0.0,0.1092828125,0.46055,,,
A1,closer,none,2,2000,0.0,0.0,0.1035546875,0.43315,,,
A1,closer,none,2,2250,0.0,0.0,0.10234375,0.40215,,,
A1,closer,none,2,2500,0.0,0.0,0.10190625,0.391,,,
A1,closer,none,2,2750,0.0,0.0,0.0919640625,0.3492,,,
A1,closer,none,2,3000,0.0,0.0,0.08921875,0.34755,,,
A1,closer,none,2,3250,0.0,0.0,0.0870109375,0.33125,,,
A1,closer,none,2,3500,0.0,0.0,0.0889375,0.30115,,,
A1,closer,none,2,3750,0.0,0.0,0.0877609375,0.26415,,,
A1,closer,none,2,4000,0.0,0.0,0.0870828125,0.2324,,,
A1,closer,none,2,4250,0.0,0.0,0.088878125,0.1917,,,
A1,closer,none,2,4500,0.0,0.0,0.0848078125,0.17755,,,
A1,closer,none,2,4750,0.0,0.0,0.0824640625,0.1515,,,
A1,closer,none,2,5000,0.0,0.00015,0.078578125,0.14025,,,
A1,closer,none,2,5250,0.0,0.0,0.07870625,0.1315,,,
A1,closer,none,2,5500,0.0,0.0,0.0812953125,0.1093,,,
A1,closer,none,2,5750,0.0,0.0,0.076859375,0.10105,,,
A1,closer,none,2,6000,0.0,0.0,0.0748234375,0.10175,,,
A1,closer,none,2,6250,0.0,0.0,0.075453125,0.0936,,,
A1,closer,none,2,6500,0.0,0.0,0.0771984375,0.07905,,,
A1,closer,none,2,6750,0.0,0.0,0.071015625,0.07325,,,
A1,closer,none,2,7000,0.0,0.0,0.0722328125,0.05675,,,
A1,closer,none,2,7250,0.0,0.0,0.0726984375,0.0355,,,
A1,closer,none,2,7500,0.0,0.0,0.0747640625,0.03115,,,
A1,closer,none,2,7750,0.0,0.00015,0.0758890625,0.03125,,,
A1,closer,none,2,8000,0.0,0.0,0.07996875,0.0222,,,
A1,closer,none,2,8250,0.0,0.0,0.0815625,0.01415,,,
A1,closer,none,2,8500,0.0,0.0,0.08325,0.01865,,,
A1,closer,none,2,8750,0.0,0.0,0.0797015625,0.02335,,,
A1,closer,none,2,9000,0.0,0.0,0.074484375,0.0222,,,
A1,closer,none,2,9250,0.0,5e-05,0.07590625,0.01935,,,
A1,closer,none,2,9500,0.0,0.0,0.0778,0.01525,,,
A1,closer,none,2,9750,0.0,0.0,0.0783109375,0.0154,,,
A1,closer,none,2,10000,0.0,0.0,0.0769484375,0.0209,,,
A1,closer,none,2,10250,0.0,0.0,0.070265625,0.0202,,,
A1,closer,none,2,10500,0.0,0.0,0.071953125,0.0171,,,
A1,closer,none,2,10750,0.0,0.0,0.07276875,0.0116,,,
A1,closer,none,2,11000,0.0,0.0,0.06928125,0.00955,,,
A1,closer,none,2,11250,0.0,0.0,0.073875,0.0076,,,
A1,closer,none,2,11500,0.0,0.0,0.0769640625,0.007,,,
A1,closer,none,2,11750,0.0,0.0,0.075296875,0.01325,,,
A1,closer,none,2,12000,0.0,0.0,0.07665,0.0061,,,
A1,closer,none,2,12250,0.0,0.0,0.0713234375,0.0018,,,
A1,closer,none,2,12500,0.0,0.0,0.067546875,0.00205,,,
A1,closer,none,2,12750,0.0,0.0,0.0679265625,0.0007,,,
A1,closer,none,2,13000,0.0,0.0,0.0680046875,0.00265,,,
A1,closer,none,2,13250,0.0,0.0,0.068684375,0.00285,,,
A1,closer,none,2,13500,0.0,0.0,0.070275,0.0056,,,
A1,closer,none,2,13750,0.0,0.0,0.0758515625,0.012,,,
A1,closer,none,2,14000,0.0,0.0,0.0696421875,0.00375,,,
A1,closer,none,2,14250,0.0,0.0,0.0707875,0.0,,,
A1,closer,none,2,14500,0.0,0.0,0.07235625,0.0,,,
A1,closer,none,2,14750,0.0,0.0,0.073934375,0.0,,,
A1,closer,none,2,15000,0.0,0.00015,0.076009375,0.0,,,
A1,closer,none,2,15250,0.0,0.0,0.0748640625,0.0,,,
A1,closer,none,2,15500,0.0,0.0,0.0739671875,0.0006,,,
A1,closer,none,2,15750,0.0,0.0,0.0741203125,0.0008,,,
A1,closer,none,2,16000,0.0,0.0,0.0772359375,5e-05,,,
A1,closer,none,2,16250,0.0,0.0,0.07318125,0.00095,,,
A1,closer,none,2,16500,0.0,0.0,0.0747703125,0.00035,,,
A1,closer,none,2,16750,0.0,0.0,0.0746609375,0.0008,,,
A1,closer,none,2,17000,0.0,0.0,0.0713546875,0.0002,,,
A1,closer,none,2,17250,0.0,0.0,0.070621875,5e-05,,,
A1,closer,none,2,17500,0.0,0.0,0.0678,0.0,,,
A1,closer,none,2,17750,0.0,0.0,0.068625,5e-05,,,
A1,closer,none,2,18000,0.0,0.0,0.0732734375,0.0,,,
A1,closer,none,2,18250,0.0,0.0,0.07535,0.00035,,,
A1,closer,none,2,18500,0.0,0.0,0.078028125,0.0,,,
A1,closer,none,2,18750,0.0,0.0,0.079296875,0.0001,,,
A1,closer,none,2,19000,0.0,0.0,0.081103125,0.00115,,,
A1,closer,none,2,19250,0.0,0.0,0.077175,0.0029,,,
A1,closer,none,2,19500,0.0,0.0,0.07759375,0.0049,,,
A1,closer,none,2,19750,0.0,0.0,0.0756984375,0.0067,,,
A1,closer,none,2,20000,0.0,0.0,0.0731421875,0.0043,,,
A1,closer,none,3,0,1.0,0.0,0.125,1.0,1.0,1.0,0.0
A1,closer,none,3,10,0.86895,0.0,0.130628125,0.94435,0.9097186259278439,808.0,0.10650785430692215
A1,closer,none,3,20,0.78865,0.0,0.137871875,0.914,0.8001014391681989,1199.0,0.26640461548215305
A1,closer,none,3,30,0.73725,0.0,0.1423953125,0.8988,0.6969820278060359,1402.0,0.4491692099016616
A1,closer,none,3,40,0.692,0.0,0.142909375,0.89295,0.6164017341040462,1539.0,0.6160404624277457
A1,closer,none,3,50,0.63965,0.0,0.1440078125,0.88385,0.5420933322910967,1630.0,0.7740170405690612
A1,closer,none,3,60,0.6023,0.0,0.1451953125,0.8799,0.46289224638884274,1751.0,0.953594554208866
A1,closer,none,3,70,0.56775,0.0,0.146075,0.88395,0.38802289740202556,1810.0,1.1714663143989432
A1,closer,none,3,80,0.5395,0.0,0.14754375,0.8779,0.3380908248378128,1812.0,1.3443929564411492
A1,closer,none,3,90,0.50685,0.0,0.1497171875,0.8719,0.301272565847884,1821.0,1.5146493045279668
A1,closer,none,3,100,0.4749,0.0,0.150128125,0.86965,0.2775321120235839,1770.0,1.6473994525163191
A1,closer,none,3,110,0.4485,0.0,0.15091875,0.86475,0.237123745819398,1733.0,1.8198439241917503
A1,closer,none,3,120,0.41455,0.0,0.151021875,0.8636,0.21517307924255216,1601.0,1.965142926064407
A1,closer,none,3,130,0.38675,0.0,0.1503453125,0.8576,0.18849385908209437,1576.0,2.043568196509373
A1,closer,none,3,140,0.3612,0.0,0.153109375,0.85585,0.1566998892580288,1476.0,2.165420819490587
A1,closer,none,3,150,0.3404,0.0,0.152078125,0.85575,0.13116921269095183,1447.0,2.3393066980023502
A1,closer,none,3,160,0.3178,0.0,0.1501375,0.8569,0.11406544996853367,1366.0,2.483008181246067
A1,closer,none,3,170,0.2993,0.0,0.151815625,0.85095,0.10006682258603408,1331.0,2.6072502505846975
A1,closer,none,3,180,0.28025,0.0,0.154059375,0.84805,0.08581623550401428,1229.0,2.746476360392507
A1,closer,none,3,190,0.26365,0.0,0.1546125,0.84565,0.06959984828370946,1180.0,2.911056324672862
A1,closer,none,3,200,0.24275,0.0,0.15594375,0.8403,0.0733264675592173,1137.0,3.029866117404737
A1,closer,none,3,210,0.231,0.0,0.155903125,0.83635,0.06883116883116883,1048.0,3.1677489177489178
A1,closer,none,3,220,0.21165,0.0,0.1546765625,0.82565,0.059532246633593196,982.0,3.317032837231278
A1,closer,none,3,230,0.2047,0.0,0.1536578125,0.82645,0.0583781143136297,914.0,3.358085002442599
A1,closer,none,3,240,0.1919,0.0,0.153409375,0.8255,0.04585721730067743,909.0,3.5273579989577906
A1,closer,none,3,250,0.1803,0.0,0.1533453125,0.81675,0.050748752079866885,859.0,3.6405990016638934
A1,closer,none,3,260,0.16225,0.0,0.1535671875,0.80455,0.04406779661016949,801.0,3.8129429892141755
A1,closer,none,3,270,0.1459,0.0,0.1543328125,0.7975,0.03666895133653187,753.0,4.0116518163125425
A1,closer,none,3,280,0.13495,0.0,0.1538921875,0.79645,0.028899592441645052,675.0,4.167469433123379
A1,closer,none,3,290,0.12175,0.0,0.15374375,0.78935,0.020944558521560575,616.0,4.2985626283367555
A1,closer,none,3,300,0.10945,0.0,0.1533578125,0.7907,0.02375513933302878,561.0,4.5504796710826865
A1,closer,none,3,310,0.10525,0.0,0.1521453125,0.79465,0.018052256532066508,505.0,4.520665083135392
A1,closer,none,3,320,0.10265,0.0,0.153125,0.79355,0.020944958597174865,487.0,4.413054067218704
A1,closer,none,3,330,0.0958,0.0,0.1533046875,0.78675,0.016701461377870562,450.0,4.578288100208768
A1,closer,none,3,340,0.08965,0.0,0.153884375,0.78175,0.013385387618516454,434.0,4.75627440044618
A1,closer,none,3,350,0.08495,0.0,0.1532578125,0.7778,0.00824014125956445,398.0,4.79635079458505
A1,closer,none,3,360,0.0764,0.0,0.1516640625,0.77675,0.007198952879581152,372.0,4.804973821989528
A1,closer,none,3,370,0.07015,0.0,0.1542109375,0.76595,0.0042765502494654314,359.0,4.853171774768353
A1,closer,none,3,380,0.06435,0.0,0.152503125,0.76865,0.010101010101010102,317.0,4.979020979020979
A1,closer,none,3,390,0.05855,0.0,0.15165,0.7758,0.0017079419299743809,297.0,5.105892399658412
A1,closer,none,3,400,0.0514,0.0,0.15178125,0.7644,0.0,258.0,5.1770428015564205
A1,closer,none,3,410,0.0462,0.0,0.1513546875,0.76795,0.0,240.0,5.4004329004329
A1,closer,none,3,420,0.04255,0.0,0.1514421875,0.7674,0.0,219.0,5.478260869565218
A1,closer,none,3,430,0.0397,0.0,0.150746875,0.765,0.0,208.0,5.474811083123425
A1,closer,none,3,440,0.0378,0.0,0.1496609375,0.7704,0.0,195.0,5.564814814814815
A1,closer,none,3,450,0.03265,0.0,0.14900625,0.76425,0.0,188.0,5.701378254211332
A1,closer,none,3,460,0.0274,0.0,0.148521875,0.75835,0.0,148.0,5.833941605839416
A1,closer,none,3,470,0.02805,0.0,0.14839375,0.7529,0.0,139.0,5.853832442067736
A1,closer,none,3,480,0.024,0.0,0.14841875,0.7558,0.0,131.0,5.808333333333334
A1,closer,none,3,490,0.0212,0.0,0.1469140625,0.7553,0.0,111.0,6.096698113207547
A1,closer,none,3,500,0.01905,0.0,0.14861875,0.74715,0.0,91.0,6.322834645669292
A1,closer,none,3,750,0.0048,0.0,0.1372546875,0.66635,0.0,21.0,7.364583333333333
A1,closer,none,3,1000,0.00075,0.0,0.12818125,0.56645,0.0,6.0,8.533333333333333
A1,closer,none,3,1250,0.0,0.0,0.12140625,0.5265,,,
A1,closer,none,3,1500,0.0,0.0,0.111971875,0.4683,,,
A1,closer,none,3,1750,0.0,0.0,0.108540625,0.45705,,,
A1,closer,none,3,2000,0.0,0.0,0.1018140625,0.40435,,,
A1,closer,none,3,2250,0.0,0.0,0.0993578125,0.36805,,,
A1,closer,none,3,2500,0.0,0.0,0.0943734375,0.3527,,,
A1,closer,none,3,2750,0.0,0.0,0.0884640625,0.35605,,,
A1,closer,none,3,3000,0.0,0.0,0.0804671875,0.3277,,,
A1,closer,none,3,3250,0.0,0.0,0.08315,0.3041,,,
A1,closer,none,3,3500,0.0,0.0,0.084528125,0.3063,,,
A1,closer,none,3,3750,0.0,0.0,0.08234375,0.26615,,,
A1,closer,none,3,4000,0.0,0.0,0.0776203125,0.25695,,,
A1,closer,none,3,4250,0.0,0.0,0.0764546875,0.2467,,,
A1,closer,none,3,4500,0.0,0.0,0.0735015625,0.22785,,,
A1,closer,none,3,4750,0.0,0.0,0.0777734375,0.1957,,,
A1,closer,none,3,5000,0.0,0.0,0.0814109375,0.1729,,,
A1,closer,none,3,5250,0.0,0.0003,0.084821875,0.1352,,,
A1,closer,none,3,5500,0.0,0.0,0.0869546875,0.11005,,,
A1,closer,none,3,5750,0.0,0.0,0.0870078125,0.11365,,,
A1,closer,none,3,6000,0.0,0.0,0.0845609375,0.0918,,,
A1,closer,none,3,6250,0.0,0.0,0.0841765625,0.0836,,,
A1,closer,none,3,6500,0.0,0.0,0.0775265625,0.08725,,,
A1,closer,none,3,6750,0.0,0.0001,0.0797359375,0.07925,,,
A1,closer,none,3,7000,0.0,0.0,0.0761859375,0.0689,,,
A1,closer,none,3,7250,0.0,0.0,0.0759828125,0.06255,,,
A1,closer,none,3,7500,0.0,0.0,0.07469375,0.0575,,,
A1,closer,none,3,7750,0.0,0.0003,0.078578125,0.0556,,,
A1,closer,none,3,8000,0.0,0.0,0.0754421875,0.07005,,,
A1,closer,none,3,8250,0.0,0.0001,0.071271875,0.07255,,,
A1,closer,none,3,8500,0.0,0.0,0.0744296875,0.0589,,,
A1,closer,none,3,8750,0.0,0.0,0.070753125,0.04605,,,
A1,closer,none,3,9000,0.0,0.0,0.06901875,0.04395,,,
A1,closer,none,3,9250,0.0,0.0,0.0707703125,0.0352,,,
A1,closer,none,3,9500,0.0,0.0,0.0710625,0.02885,,,
A1,closer,none,3,9750,0.0,0.0,0.06743125,0.0274,,,
A1,closer,none,3,10000,0.0,0.0,0.069703125,0.0258,,,
A1,closer,none,3,10250,0.0,0.0,0.0681234375,0.0289,,,
A1,closer,none,3,10500,0.0,0.0,0.0710328125,0.03175,,,
A1,closer,none,3,10750,0.0,0.0,0.067834375,0.0263,,,
A1,closer,none,3,11000,0.0,0.0,0.0742203125,0.0248,,,
A1,closer,none,3,11250,0.0,0.0,0.073778125,0.0208,,,
A1,closer,none,3,11500,0.0,0.0,0.072575,0.02225,,,
A1,closer,none,3,11750,0.0,0.0,0.0764453125,0.02705,,,
A1,closer,none,3,12000,0.0,0.0,0.07425,0.02305,,,
A1,closer,none,3,12250,0.0,0.0,0.07215625,0.0283,,,
A1,closer,none,3,12500,0.0,0.0,0.076190625,0.02425,,,
A1,closer,none,3,12750,0.0,0.0,0.0753390625,0.0239,,,
A1,closer,none,3,13000,0.0,0.0,0.0748078125,0.01335,,,
A1,closer,none,3,13250,0.0,0.0,0.077159375,0.0068,,,
A1,closer,none,3,13500,0.0,0.0,0.07564375,0.004,,,
A1,closer,none,3,13750,0.0,0.0,0.0780484375,0.0036,,,
A1,closer,none,3,14000,0.0,0.0,0.0735015625,0.0038,,,
A1,closer,none,3,14250,0.0,0.0,0.0785609375,0.0007,,,
A1,closer,none,3,14500,0.0,0.0,0.0826578125,5e-05,,,
A1,closer,none,3,14750,0.0,0.0,0.0781296875,0.0014,,,
A1,closer,none,3,15000,0.0,0.0,0.0712296875,0.0,,,
A1,closer,none,3,15250,0.0,0.0,0.070690625,0.0,,,
A1,closer,none,3,15500,0.0,0.0,0.0726859375,0.0,,,
A1,closer,none,3,15750,0.0,0.0,0.0733515625,0.0,,,
A1,closer,none,3,16000,0.0,0.0,0.0677515625,0.0,,,
A1,closer,none,3,16250,0.0,0.0,0.067378125,5e-05,,,
A1,closer,none,3,16500,0.0,0.0,0.06540625,0.0,,,
A1,closer,none,3,16750,0.0,0.0,0.06548125,0.00015,,,
A1,closer,none,3,17000,0.0,0.0,0.0644671875,0.0,,,
A1,closer,none,3,17250,0.0,0.0,0.0640109375,0.0,,,
A1,closer,none,3,17500,0.0,0.0,0.0599609375,0.0,,,
A1,closer,none,3,17750,0.0,0.0,0.05868125,5e-05,,,
A1,closer,none,3,18000,0.0,5e-05,0.0603484375,0.0002,,,
A1,closer,none,3,18250,0.0,0.0,0.057925,0.0011,,,
A1,closer,none,3,18500,0.0,0.0,0.06070625,0.0,,,
A1,closer,none,3,18750,0.0,0.0,0.056740625,0.00035,,,
A1,closer,none,3,19000,0.0,0.0,0.0559328125,0.0,,,
A1,closer,none,3,19250,0.0,0.0,0.05766875,0.0008,,,
A1,closer,none,3,19500,0.0,0.0,0.0559234375,0.00175,,,
A1,closer,none,3,19750,0.0,0.0,0.0578578125,0.0005,,,
A1,closer,none,3,20000,0.0,0.0,0.0570265625,0.0,,,
