resident,invader,seed,step,pusher_share,closed_share,other_share,pusher_core,closed_core,jump_share,zero_frac,frac_heritable
pusher,closed,1,0,0.99,0.01,0.0,0.99,0.01,0.01,0.0,1.0
pusher,closed,1,10,0.9683,0.0227,0.009,0.94725,0.0147,0.0277,0.003483,
pusher,closed,1,20,0.91865,0.0463,0.03505,0.865,0.0256,0.06195,0.01199,
pusher,closed,1,30,0.8606,0.07425,0.06515,0.77575,0.0385,0.1021,0.021845,
pusher,closed,1,40,0.80515,0.0979,0.09695,0.69675,0.051,0.14835,0.03101,
pusher,closed,1,50,0.74155,0.1319,0.12655,0.6174,0.0657,0.19725,0.039318,
pusher,closed,1,60,0.68435,0.1558,0.15985,0.5485,0.0728,0.24275,0.047299,
pusher,closed,1,70,0.6325,0.1849,0.1826,0.4969,0.08925,0.2924,0.052185,
pusher,closed,1,80,0.58535,0.21005,0.2046,0.4429,0.1024,0.343,0.054199,
pusher,closed,1,90,0.5388,0.23445,0.22675,0.40235,0.10985,0.38825,0.057408,
pusher,closed,1,100,0.48965,0.2661,0.24425,0.35355,0.12445,0.4345,0.058708,
pusher,closed,1,110,0.4558,0.286,0.2582,0.32585,0.1319,0.48055,0.057661,
pusher,closed,1,120,0.42305,0.30325,0.2737,0.29985,0.14245,0.50995,0.057978,
pusher,closed,1,130,0.39315,0.3186,0.28825,0.27575,0.14705,0.5405,0.058535,
pusher,closed,1,140,0.3775,0.3341,0.2884,0.26005,0.1521,0.57175,0.056529,
pusher,closed,1,150,0.3506,0.34615,0.30325,0.2413,0.15995,0.59725,0.056581,
pusher,closed,1,160,0.33715,0.3622,0.30065,0.2272,0.16455,0.62005,0.055164,
pusher,closed,1,170,0.31535,0.37075,0.3139,0.21185,0.16635,0.63875,0.056787,
pusher,closed,1,180,0.3031,0.3791,0.3178,0.2056,0.1726,0.65335,0.055509,
pusher,closed,1,190,0.29205,0.38795,0.32,0.20035,0.18155,0.6685,0.053202,
pusher,closed,1,200,0.2794,0.3849,0.3357,0.1917,0.1789,0.6815,0.053883,
pusher,closed,1,210,0.27095,0.39415,0.3349,0.1836,0.179,0.6987,0.051642,
pusher,closed,1,220,0.27395,0.3896,0.33645,0.18675,0.1789,0.69275,0.052114,
pusher,closed,1,230,0.26315,0.40585,0.331,0.17875,0.1845,0.7048,0.0518,
pusher,closed,1,240,0.26135,0.41045,0.3282,0.1734,0.19225,0.7129,0.049809,
pusher,closed,1,250,0.24915,0.41605,0.3348,0.16675,0.1911,0.7267,0.048605,
pusher,closed,1,260,0.2399,0.42655,0.33355,0.1617,0.19485,0.7332,0.046821,
pusher,closed,1,270,0.2376,0.4222,0.3402,0.15865,0.19815,0.7353,0.048843,
pusher,closed,1,280,0.2413,0.41475,0.34395,0.1598,0.1881,0.7362,0.049106,
pusher,closed,1,290,0.23865,0.4187,0.34265,0.16325,0.19415,0.7378,0.048929,
pusher,closed,1,300,0.238,0.4194,0.3426,0.1628,0.19285,0.73725,0.048656,
pusher,closed,1,310,0.24375,0.42005,0.3362,0.1667,0.19465,0.73315,0.04816,
pusher,closed,1,320,0.2406,0.4266,0.3328,0.1644,0.19475,0.7411,0.047146,
pusher,closed,1,330,0.24545,0.4176,0.33695,0.1654,0.19325,0.7345,0.049211,
pusher,closed,1,340,0.2306,0.42545,0.34395,0.1589,0.1933,0.7425,0.050961,
pusher,closed,1,350,0.2375,0.4186,0.3439,0.163,0.1934,0.7407,0.049902,
pusher,closed,1,360,0.24515,0.4187,0.33615,0.1696,0.195,0.73465,0.048005,
pusher,closed,1,370,0.24395,0.41555,0.3405,0.16585,0.1877,0.73635,0.049335,
pusher,closed,1,380,0.2364,0.41975,0.34385,0.16025,0.1904,0.7388,0.048387,
pusher,closed,1,390,0.2343,0.4218,0.3439,0.15855,0.18685,0.7428,0.049416,
pusher,closed,1,400,0.234,0.429,0.337,0.16245,0.19885,0.74165,0.047956,
pusher,closed,1,410,0.23095,0.4295,0.33955,0.16005,0.1925,0.74995,0.046751,
pusher,closed,1,420,0.239,0.42275,0.33825,0.16545,0.19835,0.73955,0.048212,
pusher,closed,1,430,0.23155,0.4254,0.34305,0.15965,0.18965,0.7448,0.048288,
pusher,closed,1,440,0.2348,0.41825,0.34695,0.15885,0.19115,0.74355,0.050132,
pusher,closed,1,450,0.2367,0.4147,0.3486,0.1609,0.1905,0.7339,0.051434,
pusher,closed,1,460,0.23815,0.41885,0.343,0.1624,0.1894,0.73315,0.050147,
pusher,closed,1,470,0.2339,0.42475,0.34135,0.1595,0.19645,0.7405,0.050239,
pusher,closed,1,480,0.23755,0.4114,0.35105,0.1646,0.1911,0.73405,0.051317,
pusher,closed,1,490,0.24155,0.41475,0.3437,0.16645,0.19015,0.731,0.051146,
pusher,closed,1,500,0.23955,0.4104,0.35005,0.16615,0.18535,0.72965,0.052379,
pusher,closed,1,750,0.2375,0.42645,0.33605,0.1626,0.19455,0.7424,0.048103,
pusher,closed,1,1000,0.24035,0.4213,0.33835,0.16455,0.1899,0.7365,0.045536,
pusher,closed,1,1250,0.227,0.4163,0.3567,0.15225,0.19235,0.74485,0.05109,
pusher,closed,1,1500,0.2223,0.42535,0.35235,0.14985,0.19315,0.75175,0.050023,
pusher,closed,1,1750,0.23925,0.41475,0.346,0.16425,0.18995,0.7378,0.046823,
pusher,closed,1,2000,0.24085,0.416,0.34315,0.1655,0.19045,0.74075,0.048108,
pusher,closed,1,2250,0.22895,0.4238,0.34725,0.15735,0.1913,0.7509,0.048202,
pusher,closed,1,2500,0.23305,0.41775,0.3492,0.1585,0.1883,0.74235,0.048391,0.625
pusher,closed,1,2750,0.231,0.43295,0.33605,0.159,0.1999,0.7502,0.047046,
pusher,closed,1,3000,0.23185,0.4156,0.35255,0.1573,0.19125,0.74035,0.052267,
pusher,closed,1,3250,0.24035,0.42475,0.3349,0.1658,0.1952,0.7353,0.048319,
pusher,closed,1,3500,0.2359,0.41925,0.34485,0.16255,0.1938,0.74155,0.048329,
pusher,closed,1,3750,0.23215,0.4209,0.34695,0.15975,0.19245,0.7413,0.051261,
pusher,closed,1,4000,0.23595,0.4279,0.33615,0.1607,0.1925,0.7471,0.046223,
pusher,closed,1,4250,0.2345,0.42345,0.34205,0.16045,0.1912,0.7453,0.049561,
pusher,closed,1,4500,0.2344,0.4182,0.3474,0.16005,0.1901,0.74025,0.050573,
pusher,closed,1,4750,0.2409,0.4126,0.3465,0.1658,0.18965,0.7289,0.047812,
pusher,closed,1,5000,0.2367,0.4201,0.3432,0.1626,0.19235,0.7358,0.050029,0.5625
pusher,closed,1,5250,0.238,0.4249,0.3371,0.1647,0.1911,0.7397,0.046537,
pusher,closed,1,5500,0.2283,0.4391,0.3326,0.1571,0.2026,0.7489,0.049935,
pusher,closed,1,5750,0.23125,0.4227,0.34605,0.156,0.195,0.7444,0.047542,
pusher,closed,1,6000,0.23165,0.4359,0.33245,0.15715,0.20225,0.74605,0.045253,
pusher,closed,1,6250,0.23645,0.4241,0.33945,0.1567,0.1953,0.74305,0.051367,
pusher,closed,1,6500,0.2406,0.4125,0.3469,0.164,0.18975,0.74235,0.050015,
pusher,closed,1,6750,0.2296,0.4328,0.3376,0.15635,0.1986,0.75255,0.047086,
pusher,closed,1,7000,0.23945,0.41375,0.3468,0.1646,0.1916,0.73175,0.050179,
pusher,closed,1,7250,0.227,0.42385,0.34915,0.1534,0.19655,0.743,0.050642,
pusher,closed,1,7500,0.23135,0.43075,0.3379,0.15345,0.1986,0.7481,0.047342,0.625
pusher,closed,1,7750,0.235,0.42705,0.33795,0.1573,0.19285,0.75185,0.047109,
pusher,closed,1,8000,0.23055,0.4278,0.34165,0.1582,0.19055,0.7453,0.048944,
pusher,closed,1,8250,0.2366,0.42375,0.33965,0.16225,0.1944,0.7438,0.047566,
pusher,closed,1,8500,0.24695,0.42315,0.3299,0.1701,0.19585,0.73255,0.047829,
pusher,closed,1,8750,0.23735,0.4285,0.33415,0.15935,0.19885,0.74435,0.045686,
pusher,closed,1,9000,0.22575,0.4294,0.34485,0.1523,0.19875,0.7549,0.048273,
pusher,closed,1,9250,0.23735,0.4222,0.34045,0.16255,0.19285,0.74365,0.048613,
pusher,closed,1,9500,0.24265,0.41775,0.3396,0.16385,0.18485,0.7332,0.046798,
pusher,closed,1,9750,0.23535,0.42305,0.3416,0.1631,0.1925,0.7424,0.050233,
pusher,closed,1,10000,0.2326,0.42645,0.34095,0.1549,0.19695,0.7431,0.049213,0.625
pusher,closed,1,10250,0.2425,0.41455,0.34295,0.16705,0.1864,0.72705,0.052011,
pusher,closed,1,10500,0.2479,0.4171,0.335,0.17155,0.1869,0.7321,0.046637,
pusher,closed,1,10750,0.23145,0.4302,0.33835,0.1557,0.1949,0.744,0.047786,
pusher,closed,1,11000,0.24725,0.41745,0.3353,0.1703,0.1922,0.72875,0.050517,
pusher,closed,1,11250,0.2271,0.4247,0.3482,0.1539,0.19105,0.7458,0.049333,
pusher,closed,1,11500,0.23045,0.43705,0.3325,0.1553,0.1974,0.7492,0.044633,
pusher,closed,1,11750,0.23125,0.4226,0.34615,0.15905,0.19275,0.7436,0.048639,
pusher,closed,1,12000,0.2342,0.41725,0.34855,0.1613,0.18735,0.73585,0.048941,
pusher,closed,1,12250,0.2358,0.4202,0.344,0.16,0.18905,0.73635,0.04801,
pusher,closed,1,12500,0.2388,0.41295,0.34825,0.1656,0.18925,0.73765,0.048362,0.6875
pusher,closed,1,12750,0.23715,0.42415,0.3387,0.16045,0.1952,0.7443,0.047563,
pusher,closed,1,13000,0.2341,0.42045,0.34545,0.1606,0.19345,0.7436,0.048332,
pusher,closed,1,13250,0.229,0.4262,0.3448,0.15305,0.19385,0.75045,0.047128,
pusher,closed,1,13500,0.2417,0.4224,0.3359,0.16325,0.1939,0.73605,0.048059,
pusher,closed,1,13750,0.23665,0.4232,0.34015,0.16145,0.19255,0.74395,0.046831,
pusher,closed,1,14000,0.23615,0.41815,0.3457,0.16305,0.1898,0.74425,0.048461,
pusher,closed,1,14250,0.23005,0.4277,0.34225,0.15775,0.198,0.74745,0.047045,
pusher,closed,1,14500,0.23675,0.42395,0.3393,0.1614,0.1964,0.73595,0.047409,
pusher,closed,1,14750,0.23745,0.4199,0.34265,0.16095,0.1883,0.7404,0.050139,
pusher,closed,1,15000,0.23405,0.4259,0.34005,0.16015,0.195,0.7352,0.049105,0.6875
pusher,closed,1,15250,0.2307,0.41915,0.35015,0.1581,0.1901,0.74025,0.050332,
pusher,closed,1,15500,0.23825,0.42955,0.3322,0.1624,0.1964,0.74365,0.045232,
pusher,closed,1,15750,0.2326,0.42725,0.34015,0.159,0.20045,0.7394,0.049303,
pusher,closed,1,16000,0.23035,0.4214,0.34825,0.15465,0.1877,0.74305,0.049744,
pusher,closed,1,16250,0.2395,0.4155,0.345,0.16205,0.18765,0.7313,0.050947,
pusher,closed,1,16500,0.2365,0.42585,0.33765,0.16205,0.19115,0.73835,0.049467,
pusher,closed,1,16750,0.238,0.42335,0.33865,0.15905,0.1948,0.7455,0.047616,
pusher,closed,1,17000,0.2403,0.4156,0.3441,0.1644,0.1925,0.73045,0.049776,
pusher,closed,1,17250,0.228,0.42925,0.34275,0.15545,0.19585,0.75295,0.046724,
pusher,closed,1,17500,0.23155,0.42865,0.3398,0.1574,0.2024,0.74705,0.047964,0.5625
pusher,closed,1,17750,0.2322,0.43295,0.33485,0.15725,0.1952,0.74625,0.045293,
pusher,closed,1,18000,0.24235,0.42005,0.3376,0.1662,0.1895,0.73495,0.04868,
pusher,closed,1,18250,0.23295,0.42045,0.3466,0.1614,0.19115,0.74785,0.045044,
pusher,closed,1,18500,0.22755,0.4367,0.33575,0.1544,0.20145,0.75305,0.042252,
pusher,closed,1,18750,0.23935,0.42235,0.3383,0.1622,0.1921,0.73795,0.048867,
pusher,closed,1,19000,0.23785,0.4224,0.33975,0.1612,0.19405,0.7415,0.05046,
pusher,closed,1,19250,0.23225,0.42175,0.346,0.16045,0.19315,0.7401,0.048609,
pusher,closed,1,19500,0.2309,0.42575,0.34335,0.1568,0.19555,0.74565,0.049469,
pusher,closed,1,19750,0.23725,0.4204,0.34235,0.163,0.1912,0.7357,0.05109,
pusher,closed,1,20000,0.22945,0.4168,0.35375,0.15815,0.19095,0.74425,0.048036,0.8125
pusher,closed,2,0,0.99,0.01,0.0,0.99,0.01,0.01,0.0,1.0
pusher,closed,2,10,0.96605,0.0238,0.01015,0.9453,0.01605,0.0308,0.003302,
pusher,closed,2,20,0.9163,0.04775,0.03595,0.86505,0.0264,0.06585,0.011633,
pusher,closed,2,30,0.86135,0.0717,0.06695,0.77645,0.0362,0.10065,0.022417,
pusher,closed,2,40,0.79955,0.09995,0.1005,0.68755,0.05055,0.149,0.034224,
pusher,closed,2,50,0.74335,0.1275,0.12915,0.617,0.0619,0.1932,0.043131,
pusher,closed,2,60,0.6872,0.15395,0.15885,0.55855,0.07685,0.2415,0.049303,
pusher,closed,2,70,0.6318,0.1868,0.1814,0.49805,0.08995,0.2944,0.052107,
pusher,closed,2,80,0.58255,0.2127,0.20475,0.4457,0.1003,0.33885,0.05613,
pusher,closed,2,90,0.53965,0.2344,0.22595,0.40535,0.10975,0.38965,0.057678,
pusher,closed,2,100,0.50055,0.2601,0.23935,0.37335,0.1233,0.4309,0.056396,
pusher,closed,2,110,0.46715,0.2786,0.25425,0.3399,0.12545,0.4657,0.059062,
pusher,closed,2,120,0.4356,0.29775,0.26665,0.3153,0.13725,0.495,0.061102,
pusher,closed,2,130,0.41075,0.3109,0.27835,0.2929,0.13945,0.53225,0.056224,
pusher,closed,2,140,0.38015,0.3373,0.28255,0.26485,0.15835,0.56605,0.057125,
pusher,closed,2,150,0.3549,0.35105,0.29405,0.2424,0.16215,0.6023,0.055439,
pusher,closed,2,160,0.3271,0.3652,0.3077,0.22285,0.1652,0.63045,0.053559,
pusher,closed,2,170,0.31055,0.372,0.31745,0.2111,0.1694,0.6513,0.054735,
pusher,closed,2,180,0.29035,0.3731,0.33655,0.19965,0.1708,0.6699,0.054961,
pusher,closed,2,190,0.28515,0.3841,0.33075,0.1933,0.1744,0.6824,0.052178,
pusher,closed,2,200,0.2751,0.39875,0.32615,0.1882,0.1838,0.69135,0.053206,
pusher,closed,2,210,0.25995,0.40025,0.3398,0.17845,0.18295,0.70405,0.053229,
pusher,closed,2,220,0.25775,0.41075,0.3315,0.17505,0.19095,0.71045,0.053425,
pusher,closed,2,230,0.24895,0.4146,0.33645,0.1712,0.195,0.72135,0.052317,
pusher,closed,2,240,0.2493,0.4224,0.3283,0.17075,0.19135,0.72455,0.050747,
pusher,closed,2,250,0.2481,0.41285,0.33905,0.17355,0.1887,0.72525,0.049817,
pusher,closed,2,260,0.24135,0.4184,0.34025,0.1591,0.1915,0.7323,0.050752,
pusher,closed,2,270,0.23875,0.41395,0.3473,0.16165,0.1911,0.73875,0.049597,
pusher,closed,2,280,0.23605,0.41955,0.3444,0.16105,0.1946,0.7366,0.050408,
pusher,closed,2,290,0.2376,0.4187,0.3437,0.16295,0.1903,0.7328,0.050717,
pusher,closed,2,300,0.2361,0.4189,0.345,0.1614,0.19175,0.73515,0.048418,
pusher,closed,2,310,0.23745,0.4228,0.33975,0.16175,0.19315,0.73685,0.049183,
pusher,closed,2,320,0.2442,0.4205,0.3353,0.1707,0.20055,0.73295,0.045674,
pusher,closed,2,330,0.24625,0.418,0.33575,0.1679,0.18495,0.7349,0.0465,
pusher,closed,2,340,0.2388,0.4229,0.3383,0.1637,0.19255,0.73775,0.048456,
pusher,closed,2,350,0.2371,0.42135,0.34155,0.16085,0.19515,0.73635,0.047127,
pusher,closed,2,360,0.23405,0.4187,0.34725,0.16135,0.19155,0.73665,0.047279,
pusher,closed,2,370,0.2367,0.4159,0.3474,0.1591,0.18845,0.73895,0.049084,
pusher,closed,2,380,0.23465,0.4251,0.34025,0.16085,0.19445,0.7411,0.04698,
pusher,closed,2,390,0.23165,0.41595,0.3524,0.15905,0.18975,0.7455,0.048796,
pusher,closed,2,400,0.2314,0.42255,0.34605,0.1547,0.19145,0.74685,0.048544,
pusher,closed,2,410,0.2284,0.42795,0.34365,0.15495,0.192,0.74735,0.050562,
pusher,closed,2,420,0.23315,0.43035,0.3365,0.1581,0.1949,0.7461,0.049767,
pusher,closed,2,430,0.23145,0.4231,0.34545,0.1535,0.1942,0.74235,0.050685,
pusher,closed,2,440,0.2329,0.42155,0.34555,0.1577,0.19965,0.74085,0.049111,
pusher,closed,2,450,0.2311,0.42225,0.34665,0.15365,0.1954,0.7489,0.04748,
pusher,closed,2,460,0.23145,0.4252,0.34335,0.15655,0.193,0.74545,0.046746,
pusher,closed,2,470,0.24105,0.4165,0.34245,0.16655,0.1876,0.7352,0.047857,
pusher,closed,2,480,0.2422,0.41775,0.34005,0.16655,0.1906,0.73365,0.048683,
pusher,closed,2,490,0.23395,0.42985,0.3362,0.16125,0.19725,0.7372,0.047105,
pusher,closed,2,500,0.2369,0.42565,0.33745,0.1623,0.19265,0.7398,0.048064,
pusher,closed,2,750,0.2266,0.42695,0.34645,0.1529,0.1947,0.7384,0.052857,
pusher,closed,2,1000,0.23885,0.42325,0.3379,0.16245,0.1955,0.7322,0.048001,
pusher,closed,2,1250,0.23265,0.419,0.34835,0.1599,0.18815,0.73225,0.047534,
pusher,closed,2,1500,0.2404,0.4272,0.3324,0.16695,0.1923,0.73655,0.050121,
pusher,closed,2,1750,0.23475,0.42105,0.3442,0.162,0.19035,0.73625,0.048377,
pusher,closed,2,2000,0.2336,0.4264,0.34,0.15545,0.19745,0.7396,0.050374,
pusher,closed,2,2250,0.2429,0.404,0.3531,0.16445,0.1773,0.7193,0.053396,
pusher,closed,2,2500,0.229,0.42145,0.34955,0.1566,0.19005,0.7405,0.049189,0.3125
pusher,closed,2,2750,0.2374,0.42405,0.33855,0.16645,0.193,0.73715,0.048875,
pusher,closed,2,3000,0.2415,0.4166,0.3419,0.1646,0.18855,0.7268,0.051511,
pusher,closed,2,3250,0.23585,0.4261,0.33805,0.16505,0.1975,0.7381,0.047063,
pusher,closed,2,3500,0.23805,0.42525,0.3367,0.16325,0.1949,0.73905,0.046797,
pusher,closed,2,3750,0.22835,0.4252,0.34645,0.15735,0.1922,0.74225,0.04833,
pusher,closed,2,4000,0.2428,0.42005,0.33715,0.1644,0.1889,0.7321,0.047031,
pusher,closed,2,4250,0.23685,0.4357,0.32745,0.16325,0.197,0.74915,0.045059,
pusher,closed,2,4500,0.24385,0.41255,0.3436,0.1657,0.18905,0.72725,0.050117,
pusher,closed,2,4750,0.2308,0.423,0.3462,0.1552,0.1921,0.74425,0.050465,
pusher,closed,2,5000,0.23915,0.4131,0.34775,0.1667,0.1888,0.7335,0.046901,0.4375
pusher,closed,2,5250,0.22635,0.42835,0.3453,0.15445,0.19665,0.75,0.047645,
pusher,closed,2,5500,0.2382,0.4189,0.3429,0.1658,0.19545,0.73015,0.048935,
pusher,closed,2,5750,0.2345,0.42805,0.33745,0.16275,0.1944,0.7442,0.045693,
pusher,closed,2,6000,0.23065,0.4284,0.34095,0.1542,0.2009,0.75335,0.047171,
pusher,closed,2,6250,0.23445,0.42155,0.344,0.1605,0.19575,0.7466,0.044545,
pusher,closed,2,6500,0.23355,0.4161,0.35035,0.1602,0.18855,0.73685,0.050515,
pusher,closed,2,6750,0.24515,0.41015,0.3447,0.16465,0.18165,0.7308,0.049998,
pusher,closed,2,7000,0.2364,0.4111,0.3525,0.1614,0.1898,0.73835,0.050375,
pusher,closed,2,7250,0.2336,0.4271,0.3393,0.1618,0.19675,0.7465,0.046899,
pusher,closed,2,7500,0.2297,0.4237,0.3466,0.15575,0.1909,0.74525,0.047594,0.5625
pusher,closed,2,7750,0.2353,0.42025,0.34445,0.1578,0.1919,0.7424,0.048665,
pusher,closed,2,8000,0.22995,0.42045,0.3496,0.1548,0.1935,0.74165,0.05148,
pusher,closed,2,8250,0.2267,0.42585,0.34745,0.15345,0.20015,0.74835,0.048273,
pusher,closed,2,8500,0.2386,0.42215,0.33925,0.1615,0.19515,0.73765,0.050632,
pusher,closed,2,8750,0.2409,0.41285,0.34625,0.1618,0.1889,0.73295,0.051619,
pusher,closed,2,9000,0.23575,0.42465,0.3396,0.162,0.19365,0.73685,0.048747,
pusher,closed,2,9250,0.22375,0.4257,0.35055,0.1521,0.19405,0.75745,0.046881,
pusher,closed,2,9500,0.2412,0.41385,0.34495,0.16205,0.1873,0.7265,0.049635,
pusher,closed,2,9750,0.2332,0.41165,0.35515,0.1617,0.18565,0.7327,0.051149,
pusher,closed,2,10000,0.2318,0.418,0.3502,0.15715,0.19085,0.7425,0.050979,0.625
pusher,closed,2,10250,0.2298,0.4247,0.3455,0.1587,0.19825,0.74225,0.051679,
pusher,closed,2,10500,0.23285,0.41825,0.3489,0.1597,0.18735,0.7425,0.049262,
pusher,closed,2,10750,0.231,0.4209,0.3481,0.1542,0.19295,0.73915,0.050055,
pusher,closed,2,11000,0.23535,0.4175,0.34715,0.16105,0.18645,0.74485,0.048758,
pusher,closed,2,11250,0.2377,0.41325,0.34905,0.1604,0.18885,0.73295,0.052328,
pusher,closed,2,11500,0.2457,0.4227,0.3316,0.1668,0.19695,0.7339,0.048823,
pusher,closed,2,11750,0.22775,0.4236,0.34865,0.1543,0.19275,0.7513,0.047218,
pusher,closed,2,12000,0.2403,0.4105,0.3492,0.1636,0.1882,0.73845,0.048379,
pusher,closed,2,12250,0.2347,0.42015,0.34515,0.16045,0.18855,0.73385,0.048719,
pusher,closed,2,12500,0.2443,0.42495,0.33075,0.16705,0.1903,0.73825,0.045572,0.6875
pusher,closed,2,12750,0.23585,0.4219,0.34225,0.16255,0.19205,0.7467,0.044698,
pusher,closed,2,13000,0.2429,0.4257,0.3314,0.1665,0.1961,0.73445,0.045379,
pusher,closed,2,13250,0.2359,0.41875,0.34535,0.1639,0.19415,0.73735,0.047615,
pusher,closed,2,13500,0.23625,0.40775,0.356,0.16275,0.1856,0.72915,0.053357,
pusher,closed,2,13750,0.24135,0.41245,0.3462,0.1643,0.18965,0.7327,0.049497,
pusher,closed,2,14000,0.2455,0.41715,0.33735,0.16845,0.1868,0.72875,0.048876,
pusher,closed,2,14250,0.2431,0.4231,0.3338,0.16595,0.1986,0.7342,0.048104,
pusher,closed,2,14500,0.2373,0.41995,0.34275,0.162,0.19415,0.73495,0.048545,
pusher,closed,2,14750,0.24355,0.4098,0.34665,0.1656,0.1866,0.72635,0.048164,
pusher,closed,2,15000,0.22915,0.4279,0.34295,0.15315,0.19475,0.74455,0.04852,0.75
pusher,closed,2,15250,0.23315,0.4217,0.34515,0.16075,0.1915,0.7459,0.047237,
pusher,closed,2,15500,0.23955,0.4192,0.34125,0.1647,0.1924,0.72975,0.047316,
pusher,closed,2,15750,0.2486,0.42065,0.33075,0.17315,0.1894,0.73225,0.045809,
pusher,closed,2,16000,0.22955,0.4236,0.34685,0.1593,0.194,0.7488,0.045448,
pusher,closed,2,16250,0.23375,0.426,0.34025,0.16185,0.19695,0.7429,0.047069,
pusher,closed,2,16500,0.2375,0.4312,0.3313,0.1606,0.1999,0.74285,0.04656,
pusher,closed,2,16750,0.2342,0.41735,0.34845,0.1634,0.1923,0.74415,0.047788,
pusher,closed,2,17000,0.2344,0.4103,0.3553,0.16,0.18775,0.7358,0.050897,
pusher,closed,2,17250,0.2406,0.42265,0.33675,0.1651,0.19115,0.7431,0.04801,
pusher,closed,2,17500,0.24355,0.4171,0.33935,0.17045,0.1886,0.7331,0.050068,0.5625
pusher,closed,2,17750,0.2299,0.4211,0.349,0.15775,0.1917,0.7405,0.048191,
pusher,closed,2,18000,0.2388,0.42235,0.33885,0.16095,0.19245,0.7363,0.052237,
pusher,closed,2,18250,0.23345,0.4221,0.34445,0.16105,0.1992,0.7456,0.047962,
pusher,closed,2,18500,0.2467,0.41435,0.33895,0.1714,0.18875,0.72705,0.049477,
pusher,closed,2,18750,0.23485,0.4271,0.33805,0.16175,0.19555,0.7435,0.049698,
pusher,closed,2,19000,0.2484,0.4082,0.3434,0.16975,0.1899,0.72485,0.049408,
pusher,closed,2,19250,0.22725,0.4192,0.35355,0.154,0.1921,0.75135,0.050641,
pusher,closed,2,19500,0.23845,0.42025,0.3413,0.1596,0.1858,0.7425,0.050061,
pusher,closed,2,19750,0.231,0.4246,0.3444,0.155,0.19455,0.7452,0.051727,
pusher,closed,2,20000,0.23945,0.41735,0.3432,0.1618,0.18925,0.7333,0.047519,0.5
pusher,closed,3,0,0.99,0.01,0.0,0.99,0.01,0.01,0.0,1.0
pusher,closed,3,10,0.96625,0.0229,0.01085,0.9473,0.01445,0.02995,0.003303,
pusher,closed,3,20,0.91385,0.05025,0.0359,0.8544,0.02845,0.0694,0.012337,
pusher,closed,3,30,0.84765,0.08415,0.0682,0.7622,0.0444,0.11805,0.02161,
pusher,closed,3,40,0.7834,0.11355,0.10305,0.66585,0.05705,0.1657,0.031934,
pusher,closed,3,50,0.71895,0.13905,0.142,0.5922,0.0693,0.21705,0.042978,
pusher,closed,3,60,0.66155,0.17525,0.1632,0.5247,0.08135,0.2728,0.048038,
pusher,closed,3,70,0.60805,0.20065,0.1913,0.4724,0.0952,0.31645,0.054855,
pusher,closed,3,80,0.56435,0.21925,0.2164,0.4252,0.10535,0.365,0.057807,
pusher,closed,3,90,0.5099,0.25345,0.23665,0.3813,0.11945,0.41395,0.060552,
pusher,closed,3,100,0.47925,0.2783,0.24245,0.3529,0.12595,0.4565,0.059502,
pusher,closed,3,110,0.4373,0.29725,0.26545,0.31895,0.1399,0.49655,0.059655,
pusher,closed,3,120,0.41075,0.308,0.28125,0.29325,0.14195,0.52425,0.061973,
pusher,closed,3,130,0.38385,0.323,0.29315,0.27105,0.14325,0.5506,0.062992,
pusher,closed,3,140,0.3722,0.3346,0.2932,0.2639,0.1558,0.57305,0.059015,
pusher,closed,3,150,0.35365,0.3483,0.29805,0.2458,0.1615,0.594,0.056964,
pusher,closed,3,160,0.3332,0.3609,0.3059,0.23425,0.1652,0.6225,0.05465,
pusher,closed,3,170,0.3135,0.3688,0.3177,0.21725,0.16925,0.6413,0.054246,
pusher,closed,3,180,0.3007,0.3753,0.324,0.20725,0.17465,0.65405,0.05566,
pusher,closed,3,190,0.2863,0.38695,0.32675,0.1957,0.1771,0.67195,0.054379,
pusher,closed,3,200,0.287,0.38165,0.33135,0.1981,0.1728,0.67305,0.054482,
pusher,closed,3,210,0.2692,0.40175,0.32905,0.18475,0.18285,0.6925,0.051385,
pusher,closed,3,220,0.26905,0.4016,0.32935,0.1849,0.1884,0.69785,0.04997,
pusher,closed,3,230,0.2721,0.40455,0.32335,0.19005,0.1856,0.6994,0.051519,
pusher,closed,3,240,0.26835,0.40725,0.3244,0.1834,0.18745,0.70295,0.05081,
pusher,closed,3,250,0.2643,0.407,0.3287,0.18425,0.1861,0.70865,0.05061,
pusher,closed,3,260,0.254,0.4167,0.3293,0.17365,0.19295,0.72055,0.051226,
pusher,closed,3,270,0.2545,0.41005,0.33545,0.17545,0.1867,0.71955,0.05165,
pusher,closed,3,280,0.24505,0.4188,0.33615,0.1665,0.18915,0.7312,0.050413,
pusher,closed,3,290,0.24085,0.41515,0.344,0.1636,0.18805,0.7338,0.049978,
pusher,closed,3,300,0.2436,0.4157,0.3407,0.16385,0.18615,0.7313,0.050903,
pusher,closed,3,310,0.23615,0.41445,0.3494,0.16135,0.18695,0.73125,0.051859,
pusher,closed,3,320,0.2308,0.41755,0.35165,0.155,0.19035,0.7436,0.052211,
pusher,closed,3,330,0.23815,0.41235,0.3495,0.1618,0.1878,0.7286,0.053056,
pusher,closed,3,340,0.2442,0.41045,0.34535,0.16775,0.1845,0.72875,0.052613,
pusher,closed,3,350,0.2325,0.4174,0.3501,0.16005,0.18305,0.7382,0.051355,
pusher,closed,3,360,0.23755,0.4143,0.34815,0.1628,0.18875,0.73415,0.051211,
pusher,closed,3,370,0.23735,0.41115,0.3515,0.16235,0.184,0.73745,0.048771,
pusher,closed,3,380,0.2406,0.4144,0.345,0.16665,0.19355,0.72815,0.047618,
pusher,closed,3,390,0.239,0.40995,0.35105,0.1608,0.1884,0.7287,0.048716,
pusher,closed,3,400,0.24075,0.41215,0.3471,0.1613,0.18485,0.72995,0.048672,
pusher,closed,3,410,0.23775,0.4091,0.35315,0.16275,0.1832,0.7264,0.052152,
pusher,closed,3,420,0.24765,0.4092,0.34315,0.1703,0.18135,0.7234,0.051165,
pusher,closed,3,430,0.24405,0.40985,0.3461,0.1679,0.18735,0.7226,0.051501,
pusher,closed,3,440,0.24585,0.40465,0.3495,0.1679,0.1868,0.7202,0.050714,
pusher,closed,3,450,0.24165,0.41165,0.3467,0.16735,0.18915,0.7287,0.050606,
pusher,closed,3,460,0.24045,0.41195,0.3476,0.16405,0.19035,0.72555,0.050126,
pusher,closed,3,470,0.23635,0.42235,0.3413,0.15805,0.1924,0.7343,0.046521,
pusher,closed,3,480,0.2413,0.41205,0.34665,0.16685,0.18835,0.72315,0.047932,
pusher,closed,3,490,0.2488,0.4148,0.3364,0.1709,0.1895,0.72415,0.047658,
pusher,closed,3,500,0.2429,0.41765,0.33945,0.16525,0.19125,0.7284,0.048882,
pusher,closed,3,750,0.23295,0.4201,0.34695,0.1573,0.1905,0.74165,0.050157,
pusher,closed,3,1000,0.23515,0.42805,0.3368,0.16315,0.2001,0.73565,0.047159,
pusher,closed,3,1250,0.24445,0.4239,0.33165,0.16865,0.1984,0.7375,0.04489,
pusher,closed,3,1500,0.23125,0.43105,0.3377,0.15785,0.20465,0.74245,0.047111,
pusher,closed,3,1750,0.2272,0.42025,0.35255,0.15435,0.19195,0.7465,0.049906,
pusher,closed,3,2000,0.23045,0.4275,0.34205,0.15795,0.1981,0.744,0.048926,
pusher,closed,3,2250,0.23475,0.41315,0.3521,0.15695,0.18855,0.73695,0.050172,
pusher,closed,3,2500,0.23655,0.42185,0.3416,0.16565,0.1877,0.7485,0.046862,0.5
pusher,closed,3,2750,0.24055,0.4211,0.33835,0.1675,0.1949,0.73685,0.046612,
pusher,closed,3,3000,0.23075,0.4249,0.34435,0.1552,0.1946,0.75125,0.044749,
pusher,closed,3,3250,0.23125,0.4294,0.33935,0.15745,0.19705,0.748,0.047147,
pusher,closed,3,3500,0.2421,0.42595,0.33195,0.16695,0.1952,0.73595,0.047704,
pusher,closed,3,3750,0.2314,0.42295,0.34565,0.15515,0.1951,0.75405,0.045655,
pusher,closed,3,4000,0.23775,0.4214,0.34085,0.1629,0.18745,0.7451,0.044244,
pusher,closed,3,4250,0.24745,0.4133,0.33925,0.1698,0.1898,0.72535,0.048963,
pusher,closed,3,4500,0.23665,0.4256,0.33775,0.16335,0.19665,0.7441,0.046742,
pusher,closed,3,4750,0.23665,0.427,0.33635,0.16425,0.1953,0.7409,0.047811,
pusher,closed,3,5000,0.2313,0.4242,0.3445,0.15685,0.19385,0.74675,0.050341,0.5
pusher,closed,3,5250,0.2381,0.4168,0.3451,0.15895,0.1934,0.7414,0.0503,
pusher,closed,3,5500,0.23895,0.4308,0.33025,0.16115,0.19635,0.74885,0.046013,
pusher,closed,3,5750,0.23645,0.42265,0.3409,0.16315,0.1897,0.7428,0.047995,
pusher,closed,3,6000,0.23705,0.4148,0.34815,0.1624,0.1891,0.73555,0.047315,
pusher,closed,3,6250,0.24435,0.41685,0.3388,0.16545,0.19085,0.7321,0.048364,
pusher,closed,3,6500,0.2367,0.4193,0.344,0.1632,0.18795,0.74275,0.046504,
pusher,closed,3,6750,0.2355,0.42695,0.33755,0.15715,0.19235,0.7376,0.048682,
pusher,closed,3,7000,0.2436,0.4184,0.338,0.1685,0.1969,0.728,0.049278,
pusher,closed,3,7250,0.24355,0.41405,0.3424,0.1681,0.18425,0.72785,0.048042,
pusher,closed,3,7500,0.2357,0.4205,0.3438,0.15685,0.18745,0.7397,0.048893,0.5625
pusher,closed,3,7750,0.23155,0.4169,0.35155,0.15875,0.18755,0.7367,0.049061,
pusher,closed,3,8000,0.2299,0.415,0.3551,0.15355,0.1889,0.74685,0.049772,
pusher,closed,3,8250,0.2345,0.4253,0.3402,0.16035,0.19775,0.74425,0.048179,
pusher,closed,3,8500,0.2299,0.4291,0.341,0.1551,0.1954,0.74585,0.04802,
pusher,closed,3,8750,0.2325,0.42245,0.34505,0.16265,0.19145,0.74445,0.048962,
pusher,closed,3,9000,0.2349,0.41745,0.34765,0.1604,0.1915,0.7394,0.04858,
pusher,closed,3,9250,0.2459,0.43345,0.32065,0.1686,0.19945,0.7347,0.044229,
pusher,closed,3,9500,0.2298,0.41945,0.35075,0.15785,0.19275,0.74495,0.047916,
pusher,closed,3,9750,0.23625,0.4203,0.34345,0.16295,0.19305,0.7433,0.047033,
pusher,closed,3,10000,0.23335,0.41395,0.3527,0.1592,0.18895,0.74115,0.050052,0.6875
pusher,closed,3,10250,0.23565,0.42435,0.34,0.16135,0.1935,0.73825,0.049027,
pusher,closed,3,10500,0.23505,0.42435,0.3406,0.16175,0.1928,0.7484,0.045926,
pusher,closed,3,10750,0.23245,0.41275,0.3548,0.1597,0.1877,0.74075,0.050347,
pusher,closed,3,11000,0.22025,0.42085,0.3589,0.1477,0.192,0.7511,0.049472,
pusher,closed,3,11250,0.2457,0.42265,0.33165,0.17005,0.1936,0.7391,0.047459,
pusher,closed,3,11500,0.24945,0.4065,0.34405,0.16935,0.18605,0.72255,0.050815,
pusher,closed,3,11750,0.23665,0.42075,0.3426,0.16445,0.1916,0.7354,0.04715,
pusher,closed,3,12000,0.2351,0.4219,0.343,0.1644,0.19485,0.7334,0.047823,
pusher,closed,3,12250,0.23235,0.4187,0.34895,0.15735,0.19225,0.74045,0.048986,
pusher,closed,3,12500,0.2318,0.4183,0.3499,0.15805,0.19265,0.74285,0.051311,0.5625
pusher,closed,3,12750,0.2254,0.42775,0.34685,0.15385,0.19165,0.75325,0.046227,
pusher,closed,3,13000,0.23215,0.41645,0.3514,0.15845,0.18595,0.74025,0.049628,
pusher,closed,3,13250,0.2379,0.42675,0.33535,0.1654,0.1944,0.74195,0.049789,
pusher,closed,3,13500,0.2371,0.42245,0.34045,0.1622,0.18885,0.7434,0.045348,
pusher,closed,3,13750,0.2367,0.42175,0.34155,0.16355,0.1954,0.74205,0.047262,
pusher,closed,3,14000,0.229,0.4243,0.3467,0.1584,0.1916,0.75165,0.045729,
pusher,closed,3,14250,0.24175,0.4299,0.32835,0.16325,0.2015,0.7388,0.048282,
pusher,closed,3,14500,0.2327,0.41825,0.34905,0.1567,0.19455,0.74345,0.050052,
pusher,closed,3,14750,0.23045,0.422,0.34755,0.15745,0.1931,0.74465,0.04693,
pusher,closed,3,15000,0.24085,0.41685,0.3423,0.16555,0.1929,0.73655,0.049095,0.6875
pusher,closed,3,15250,0.2356,0.42195,0.34245,0.1612,0.19055,0.74695,0.045996,
pusher,closed,3,15500,0.22965,0.4293,0.34105,0.1562,0.1964,0.7481,0.047797,
pusher,closed,3,15750,0.2386,0.4041,0.3573,0.16065,0.18485,0.73445,0.05164,
pusher,closed,3,16000,0.2348,0.42185,0.34335,0.1577,0.19055,0.7415,0.048215,
pusher,closed,3,16250,0.23625,0.4163,0.34745,0.16245,0.18635,0.73995,0.047887,
pusher,closed,3,16500,0.24005,0.4103,0.34965,0.1619,0.18605,0.73195,0.049856,
pusher,closed,3,16750,0.244,0.41605,0.33995,0.1681,0.1884,0.7349,0.047041,
pusher,closed,3,17000,0.24385,0.43185,0.3243,0.16425,0.19965,0.73255,0.048845,
pusher,closed,3,17250,0.2463,0.4132,0.3405,0.17505,0.1856,0.7287,0.050239,
pusher,closed,3,17500,0.2351,0.42075,0.34415,0.1596,0.1935,0.74065,0.049193,0.6875
pusher,closed,3,17750,0.2367,0.4216,0.3417,0.16165,0.19255,0.7412,0.048969,
pusher,closed,3,18000,0.23195,0.4287,0.33935,0.1597,0.19555,0.7442,0.048053,
pusher,closed,3,18250,0.22735,0.42715,0.3455,0.15425,0.1954,0.7517,0.046363,
pusher,closed,3,18500,0.2328,0.41495,0.35225,0.1577,0.18385,0.7428,0.049946,
pusher,closed,3,18750,0.235,0.4274,0.3376,0.16245,0.19725,0.74285,0.048286,
pusher,closed,3,19000,0.2437,0.42985,0.32645,0.16715,0.1955,0.73905,0.045186,
pusher,closed,3,19250,0.23195,0.43155,0.3365,0.1572,0.19685,0.7448,0.045264,
pusher,closed,3,19500,0.2307,0.42585,0.34345,0.15665,0.19345,0.74555,0.049482,
pusher,closed,3,19750,0.22925,0.42255,0.3482,0.15685,0.1988,0.749,0.046729,
pusher,closed,3,20000,0.2345,0.43045,0.33505,0.1636,0.19695,0.7462,0.044231,0.625
pusher,closed,4,0,0.99,0.01,0.0,0.99,0.01,0.01,0.0,1.0
pusher,closed,4,10,0.9686,0.02155,0.00985,0.9444,0.0141,0.0268,0.003628,
pusher,closed,4,20,0.9177,0.0456,0.0367,0.85885,0.0251,0.0623,0.012657,
pusher,closed,4,30,0.859,0.0724,0.0686,0.77415,0.0363,0.1028,0.022486,
pusher,closed,4,40,0.803,0.0962,0.1008,0.6915,0.04765,0.1413,0.033411,
pusher,closed,4,50,0.75115,0.1206,0.12825,0.6173,0.06025,0.1854,0.04008,
pusher,closed,4,60,0.693,0.14795,0.15905,0.55765,0.0733,0.2312,0.049243,
pusher,closed,4,70,0.64085,0.17665,0.1825,0.49585,0.08325,0.28265,0.053317,
pusher,closed,4,80,0.5825,0.20885,0.20865,0.44075,0.10155,0.3335,0.058914,
pusher,closed,4,90,0.54415,0.23405,0.2218,0.4053,0.10885,0.3805,0.058775,
pusher,closed,4,100,0.5072,0.2476,0.2452,0.36905,0.11335,0.42055,0.059408,
pusher,closed,4,110,0.4722,0.2705,0.2573,0.3425,0.1257,0.4605,0.058487,
pusher,closed,4,120,0.43425,0.29545,0.2703,0.30965,0.13685,0.49585,0.059893,
pusher,closed,4,130,0.4044,0.3085,0.2871,0.28645,0.1466,0.5259,0.061448,
pusher,closed,4,140,0.37065,0.33655,0.2928,0.2581,0.15815,0.5682,0.059134,
pusher,closed,4,150,0.35545,0.35,0.29455,0.2476,0.15945,0.59165,0.056238,
pusher,closed,4,160,0.33775,0.35495,0.3073,0.23395,0.16425,0.6107,0.056673,
pusher,closed,4,170,0.334,0.35785,0.30815,0.22475,0.16115,0.6246,0.055441,
pusher,closed,4,180,0.31165,0.37235,0.316,0.2176,0.17195,0.6456,0.054147,
pusher,closed,4,190,0.29185,0.383,0.32515,0.202,0.17525,0.67145,0.052423,
pusher,closed,4,200,0.27925,0.3867,0.33405,0.1894,0.17365,0.68585,0.05066,
pusher,closed,4,210,0.26765,0.3884,0.34395,0.1835,0.17545,0.70055,0.051849,
pusher,closed,4,220,0.26505,0.3976,0.33735,0.1791,0.1818,0.70505,0.051703,
pusher,closed,4,230,0.25925,0.39525,0.3455,0.17605,0.17725,0.7095,0.052833,
pusher,closed,4,240,0.25325,0.40775,0.339,0.17555,0.18455,0.71885,0.051672,
pusher,closed,4,250,0.25005,0.41285,0.3371,0.17255,0.18385,0.72695,0.049929,
pusher,closed,4,260,0.24455,0.4107,0.34475,0.1682,0.18405,0.7302,0.052396,
pusher,closed,4,270,0.23815,0.41185,0.35,0.16275,0.18565,0.73375,0.052492,
pusher,closed,4,280,0.2413,0.4122,0.3465,0.1658,0.18945,0.7299,0.052163,
pusher,closed,4,290,0.24595,0.4165,0.33755,0.16675,0.189,0.72905,0.051806,
pusher,closed,4,300,0.24335,0.41745,0.3392,0.16805,0.1888,0.73185,0.051305,
pusher,closed,4,310,0.23895,0.423,0.33805,0.1652,0.1911,0.7355,0.049936,
pusher,closed,4,320,0.2392,0.42015,0.34065,0.16315,0.1908,0.7319,0.048782,
pusher,closed,4,330,0.24025,0.41415,0.3456,0.1632,0.186,0.736,0.050832,
pusher,closed,4,340,0.2482,0.4157,0.3361,0.16825,0.18935,0.73525,0.047764,
pusher,closed,4,350,0.23815,0.42485,0.337,0.1633,0.1934,0.73885,0.047861,
pusher,closed,4,360,0.2372,0.42325,0.33955,0.16205,0.19385,0.7286,0.04966,
pusher,closed,4,370,0.2402,0.4174,0.3424,0.16425,0.1918,0.73545,0.048678,
pusher,closed,4,380,0.2435,0.41775,0.33875,0.16695,0.18885,0.73505,0.049226,
pusher,closed,4,390,0.24595,0.4186,0.33545,0.16625,0.1979,0.7316,0.049143,
pusher,closed,4,400,0.2449,0.4194,0.3357,0.16895,0.19315,0.7328,0.048085,
pusher,closed,4,410,0.23965,0.4182,0.34215,0.16185,0.19565,0.7388,0.047699,
pusher,closed,4,420,0.23925,0.4244,0.33635,0.16715,0.1947,0.73745,0.048059,
pusher,closed,4,430,0.23415,0.4235,0.34235,0.16015,0.19095,0.7376,0.049629,
pusher,closed,4,440,0.23815,0.4204,0.34145,0.16255,0.18805,0.73795,0.051624,
pusher,closed,4,450,0.2371,0.42145,0.34145,0.1636,0.19095,0.73355,0.051876,
pusher,closed,4,460,0.24305,0.414,0.34295,0.16625,0.1907,0.732,0.051073,
pusher,closed,4,470,0.2364,0.41425,0.34935,0.16195,0.18805,0.73565,0.052482,
pusher,closed,4,480,0.23005,0.4195,0.35045,0.1574,0.19215,0.74395,0.051385,
pusher,closed,4,490,0.2307,0.4302,0.3391,0.158,0.19885,0.7468,0.049242,
pusher,closed,4,500,0.2297,0.4296,0.3407,0.1569,0.1917,0.7451,0.050927,
pusher,closed,4,750,0.236,0.4216,0.3424,0.1597,0.1946,0.7468,0.047909,
pusher,closed,4,1000,0.24145,0.41615,0.3424,0.1655,0.1922,0.7394,0.048555,
pusher,closed,4,1250,0.23665,0.422,0.34135,0.16,0.1947,0.74125,0.04908,
pusher,closed,4,1500,0.2319,0.428,0.3401,0.1562,0.1965,0.7537,0.043947,
pusher,closed,4,1750,0.2374,0.41555,0.34705,0.16095,0.1841,0.7371,0.050652,
pusher,closed,4,2000,0.23455,0.41615,0.3493,0.16165,0.1887,0.73965,0.047528,
pusher,closed,4,2250,0.2306,0.4174,0.352,0.1553,0.1901,0.7486,0.050849,
pusher,closed,4,2500,0.22905,0.42815,0.3428,0.1575,0.1932,0.74975,0.047816,0.6875
pusher,closed,4,2750,0.2375,0.42125,0.34125,0.1604,0.1917,0.7407,0.04786,
pusher,closed,4,3000,0.2383,0.41765,0.34405,0.1608,0.18985,0.73175,0.04996,
pusher,closed,4,3250,0.24155,0.41325,0.3452,0.16615,0.18785,0.727,0.048342,
pusher,closed,4,3500,0.24435,0.42165,0.334,0.1684,0.19935,0.72555,0.049689,
pusher,closed,4,3750,0.23535,0.4266,0.33805,0.1655,0.199,0.7409,0.045558,
pusher,closed,4,4000,0.2449,0.41015,0.34495,0.17185,0.1875,0.72595,0.051475,
pusher,closed,4,4250,0.23215,0.42295,0.3449,0.1571,0.19205,0.74275,0.050215,
pusher,closed,4,4500,0.2351,0.40635,0.35855,0.1618,0.1829,0.7378,0.049736,
pusher,closed,4,4750,0.235,0.4213,0.3437,0.15965,0.19625,0.7439,0.047192,
pusher,closed,4,5000,0.2432,0.4174,0.3394,0.1668,0.18845,0.7335,0.047881,0.5625
pusher,closed,4,5250,0.2291,0.4257,0.3452,0.15545,0.1913,0.74235,0.048084,
pusher,closed,4,5500,0.2361,0.42165,0.34225,0.16395,0.1946,0.73885,0.045776,
pusher,closed,4,5750,0.22705,0.42425,0.3487,0.15405,0.1884,0.74455,0.048641,
pusher,closed,4,6000,0.23565,0.422,0.34235,0.1635,0.18925,0.73575,0.049349,
pusher,closed,4,6250,0.23635,0.431,0.33265,0.1621,0.19575,0.74795,0.044693,
pusher,closed,4,6500,0.24195,0.41365,0.3444,0.16495,0.189,0.73055,0.048766,
pusher,closed,4,6750,0.2374,0.43605,0.32655,0.16045,0.20305,0.7431,0.04648,
pusher,closed,4,7000,0.2413,0.4189,0.3398,0.1683,0.18915,0.73385,0.048608,
pusher,closed,4,7250,0.2295,0.43065,0.33985,0.15645,0.1951,0.7532,0.045456,
pusher,closed,4,7500,0.22915,0.4242,0.34665,0.15445,0.1981,0.74755,0.046192,0.5
pusher,closed,4,7750,0.23325,0.42275,0.344,0.1591,0.19555,0.74775,0.049184,
pusher,closed,4,8000,0.23525,0.4259,0.33885,0.1582,0.1923,0.7385,0.048815,
pusher,closed,4,8250,0.2291,0.4266,0.3443,0.1576,0.19665,0.75225,0.049734,
pusher,closed,4,8500,0.23335,0.42315,0.3435,0.1602,0.1964,0.73935,0.049244,
pusher,closed,4,8750,0.23535,0.4235,0.34115,0.16005,0.19315,0.74545,0.049264,
pusher,closed,4,9000,0.23485,0.4324,0.33275,0.1607,0.19915,0.74035,0.04701,
pusher,closed,4,9250,0.23225,0.42715,0.3406,0.15755,0.19705,0.74575,0.04596,
pusher,closed,4,9500,0.2286,0.42465,0.34675,0.15475,0.19685,0.74365,0.049275,
pusher,closed,4,9750,0.2313,0.41965,0.34905,0.15845,0.19515,0.7355,0.049526,
pusher,closed,4,10000,0.2226,0.4242,0.3532,0.14995,0.1922,0.74145,0.048864,0.5625
pusher,closed,4,10250,0.23645,0.4167,0.34685,0.1627,0.18765,0.73085,0.049734,
pusher,closed,4,10500,0.2383,0.42305,0.33865,0.16425,0.19365,0.73595,0.048667,
pusher,closed,4,10750,0.2348,0.42245,0.34275,0.1609,0.1881,0.73995,0.04679,
pusher,closed,4,11000,0.24125,0.4177,0.34105,0.1679,0.1893,0.73315,0.048526,
pusher,closed,4,11250,0.23045,0.42395,0.3456,0.15835,0.19185,0.7348,0.048622,
pusher,closed,4,11500,0.23815,0.41535,0.3465,0.1654,0.1902,0.7337,0.049442,
pusher,closed,4,11750,0.2357,0.42175,0.34255,0.15805,0.1905,0.73845,0.048226,
pusher,closed,4,12000,0.22855,0.4326,0.33885,0.15535,0.1941,0.751,0.045724,
pusher,closed,4,12250,0.23465,0.42425,0.3411,0.1609,0.196,0.743,0.050125,
pusher,closed,4,12500,0.22235,0.43545,0.3422,0.1531,0.19775,0.75265,0.046032,0.5
pusher,closed,4,12750,0.2421,0.42725,0.33065,0.16755,0.1995,0.74025,0.046425,
pusher,closed,4,13000,0.2247,0.4362,0.3391,0.15625,0.20045,0.7477,0.04748,
pusher,closed,4,13250,0.2314,0.4208,0.3478,0.15955,0.18925,0.7441,0.049769,
pusher,closed,4,13500,0.22975,0.42255,0.3477,0.15645,0.1959,0.7478,0.048568,
pusher,closed,4,13750,0.23575,0.4105,0.35375,0.1601,0.1856,0.738,0.051845,
pusher,closed,4,14000,0.22765,0.424,0.34835,0.15515,0.1947,0.754,0.048135,
pusher,closed,4,14250,0.24915,0.42225,0.3286,0.17035,0.1937,0.73195,0.04781,
pusher,closed,4,14500,0.2413,0.42665,0.33205,0.16495,0.19975,0.74005,0.045946,
pusher,closed,4,14750,0.2375,0.4198,0.3427,0.15915,0.19,0.736,0.051186,
pusher,closed,4,15000,0.2356,0.42295,0.34145,0.1639,0.1932,0.7476,0.045559,0.5625
pusher,closed,4,15250,0.23945,0.4246,0.33595,0.1663,0.192,0.7419,0.049031,
pusher,closed,4,15500,0.2387,0.41675,0.34455,0.16275,0.1921,0.7314,0.050855,
pusher,closed,4,15750,0.2339,0.42325,0.34285,0.16075,0.19415,0.74895,0.046155,
pusher,closed,4,16000,0.2464,0.4212,0.3324,0.16845,0.1876,0.7379,0.047596,
pusher,closed,4,16250,0.23665,0.428,0.33535,0.1587,0.19385,0.7447,0.045522,
pusher,closed,4,16500,0.23505,0.41175,0.3532,0.1602,0.188,0.73335,0.052508,
pusher,closed,4,16750,0.2328,0.42225,0.34495,0.1631,0.19345,0.7477,0.046188,
pusher,closed,4,17000,0.23655,0.4236,0.33985,0.16275,0.19525,0.73595,0.048878,
pusher,closed,4,17250,0.2439,0.42755,0.32855,0.1663,0.19595,0.73965,0.047073,
pusher,closed,4,17500,0.2344,0.4231,0.3425,0.16405,0.1917,0.7449,0.049043,0.375
pusher,closed,4,17750,0.2444,0.42045,0.33515,0.16925,0.19,0.7318,0.049791,
pusher,closed,4,18000,0.24755,0.41735,0.3351,0.169,0.184,0.7285,0.050843,
pusher,closed,4,18250,0.2316,0.4251,0.3433,0.16015,0.1904,0.7457,0.047342,
pusher,closed,4,18500,0.228,0.4258,0.3462,0.15665,0.19545,0.7504,0.04989,
pusher,closed,4,18750,0.2353,0.43335,0.33135,0.1615,0.20045,0.7437,0.044906,
pusher,closed,4,19000,0.23695,0.42105,0.342,0.16085,0.18885,0.7456,0.047315,
pusher,closed,4,19250,0.229,0.43615,0.33485,0.1576,0.1993,0.75315,0.046258,
pusher,closed,4,19500,0.2281,0.4311,0.3408,0.15305,0.2009,0.751,0.048738,
pusher,closed,4,19750,0.23865,0.4251,0.33625,0.16325,0.20025,0.74625,0.045687,
pusher,closed,4,20000,0.2402,0.4165,0.3433,0.16405,0.1903,0.7376,0.047231,0.5
pusher,closed,5,0,0.99,0.01,0.0,0.99,0.01,0.01,0.0,1.0
pusher,closed,5,10,0.9634,0.02555,0.01105,0.9438,0.0176,0.03205,0.003477,
pusher,closed,5,20,0.90805,0.05475,0.0372,0.85185,0.0322,0.0751,0.012843,
pusher,closed,5,30,0.8467,0.08455,0.06875,0.7625,0.04445,0.1219,0.021726,
pusher,closed,5,40,0.7843,0.11755,0.09815,0.67765,0.05945,0.17015,0.031968,
pusher,closed,5,50,0.71715,0.15045,0.1324,0.59615,0.0773,0.2275,0.038007,
pusher,closed,5,60,0.65885,0.1803,0.16085,0.5268,0.0878,0.27805,0.045348,
pusher,closed,5,70,0.6013,0.2123,0.1864,0.4745,0.1008,0.3349,0.048876,
pusher,closed,5,80,0.5518,0.2397,0.2085,0.4203,0.1162,0.3832,0.05183,
pusher,closed,5,90,0.5094,0.25655,0.23405,0.3766,0.12145,0.4236,0.055642,
pusher,closed,5,100,0.4784,0.2709,0.2507,0.34895,0.12285,0.45725,0.054971,
pusher,closed,5,110,0.437,0.29325,0.26975,0.31745,0.13375,0.5017,0.054541,
pusher,closed,5,120,0.40845,0.3134,0.27815,0.29455,0.14355,0.53255,0.056293,
pusher,closed,5,130,0.38135,0.32845,0.2902,0.27475,0.15075,0.5664,0.054406,
pusher,closed,5,140,0.35815,0.3451,0.29675,0.24705,0.16135,0.59295,0.055778,
pusher,closed,5,150,0.34415,0.35395,0.3019,0.24,0.162,0.6113,0.055016,
pusher,closed,5,160,0.3174,0.3712,0.3114,0.2199,0.1721,0.63495,0.053905,
pusher,closed,5,170,0.29395,0.3775,0.32855,0.2008,0.1735,0.6603,0.05584,
pusher,closed,5,180,0.2914,0.37875,0.32985,0.19715,0.17105,0.662,0.056446,
pusher,closed,5,190,0.27805,0.39415,0.3278,0.186,0.18255,0.6786,0.054187,
pusher,closed,5,200,0.2798,0.39265,0.32755,0.19345,0.1796,0.68425,0.054055,
pusher,closed,5,210,0.2691,0.40605,0.32485,0.18555,0.1851,0.70325,0.050758,
pusher,closed,5,220,0.2599,0.40585,0.33425,0.18065,0.1908,0.71375,0.050331,
pusher,closed,5,230,0.25235,0.4064,0.34125,0.17395,0.18575,0.72035,0.048756,
pusher,closed,5,240,0.24555,0.4155,0.33895,0.16715,0.1914,0.7226,0.048597,
pusher,closed,5,250,0.245,0.41355,0.34145,0.1668,0.1847,0.72135,0.05207,
pusher,closed,5,260,0.2455,0.4156,0.3389,0.16765,0.19015,0.7236,0.051149,
pusher,closed,5,270,0.245,0.41935,0.33565,0.16885,0.19065,0.73145,0.048813,
pusher,closed,5,280,0.2444,0.42385,0.33175,0.1643,0.19285,0.73325,0.049198,
pusher,closed,5,290,0.24245,0.41985,0.3377,0.1663,0.19295,0.73055,0.049213,
pusher,closed,5,300,0.24145,0.4222,0.33635,0.1677,0.19935,0.7301,0.048916,
pusher,closed,5,310,0.2421,0.42225,0.33565,0.16695,0.1952,0.73465,0.049321,
pusher,closed,5,320,0.2481,0.4214,0.3305,0.1727,0.19445,0.735,0.047299,
pusher,closed,5,330,0.24275,0.42705,0.3302,0.1691,0.20095,0.7387,0.047425,
pusher,closed,5,340,0.2327,0.4297,0.3376,0.15935,0.19825,0.7448,0.049178,
pusher,closed,5,350,0.2325,0.43025,0.33725,0.15715,0.19955,0.7415,0.048385,
pusher,closed,5,360,0.22995,0.4311,0.33895,0.15485,0.1927,0.7483,0.045847,
pusher,closed,5,370,0.2322,0.4221,0.3457,0.16035,0.18665,0.74095,0.046935,
pusher,closed,5,380,0.23535,0.4203,0.34435,0.16125,0.19105,0.7407,0.048826,
pusher,closed,5,390,0.2329,0.42415,0.34295,0.15995,0.1865,0.7401,0.049747,
pusher,closed,5,400,0.22845,0.43355,0.338,0.15545,0.195,0.74465,0.048282,
pusher,closed,5,410,0.23725,0.41915,0.3436,0.1601,0.1892,0.7424,0.047066,
pusher,closed,5,420,0.23845,0.4194,0.34215,0.1639,0.1906,0.73215,0.049378,
pusher,closed,5,430,0.2379,0.4132,0.3489,0.16185,0.19055,0.73445,0.048865,
pusher,closed,5,440,0.2328,0.4216,0.3456,0.15435,0.1929,0.7393,0.050533,
pusher,closed,5,450,0.23975,0.4118,0.34845,0.163,0.1844,0.7332,0.050379,
pusher,closed,5,460,0.23415,0.42125,0.3446,0.1571,0.18865,0.7372,0.051211,
pusher,closed,5,470,0.2351,0.41815,0.34675,0.15915,0.1869,0.7421,0.050945,
pusher,closed,5,480,0.23285,0.41465,0.3525,0.1586,0.19165,0.7416,0.050413,
pusher,closed,5,490,0.2344,0.415,0.3506,0.1568,0.1845,0.7377,0.050505,
pusher,closed,5,500,0.24705,0.4154,0.33755,0.1676,0.1872,0.73295,0.049524,
pusher,closed,5,750,0.23325,0.42875,0.338,0.1593,0.19375,0.7376,0.047588,
pusher,closed,5,1000,0.23105,0.43475,0.3342,0.1585,0.2016,0.7501,0.047121,
pusher,closed,5,1250,0.2422,0.41655,0.34125,0.16415,0.19415,0.73475,0.050639,
pusher,closed,5,1500,0.2378,0.4181,0.3441,0.1636,0.1956,0.7279,0.049688,
pusher,closed,5,1750,0.2377,0.42665,0.33565,0.1625,0.195,0.7374,0.048253,
pusher,closed,5,2000,0.2371,0.42555,0.33735,0.1649,0.1965,0.7414,0.050451,
pusher,closed,5,2250,0.23475,0.4209,0.34435,0.1619,0.19065,0.74175,0.0497,
pusher,closed,5,2500,0.24365,0.41885,0.3375,0.1667,0.1894,0.735,0.049387,0.5625
pusher,closed,5,2750,0.2312,0.419,0.3498,0.1572,0.19185,0.73985,0.049555,
pusher,closed,5,3000,0.2267,0.4339,0.3394,0.1552,0.2022,0.755,0.047273,
pusher,closed,5,3250,0.23665,0.4148,0.34855,0.1625,0.18795,0.7359,0.050793,
pusher,closed,5,3500,0.22835,0.42685,0.3448,0.15615,0.1944,0.75065,0.0516,
pusher,closed,5,3750,0.2319,0.4286,0.3395,0.15445,0.19715,0.74055,0.049356,
pusher,closed,5,4000,0.242,0.42285,0.33515,0.16975,0.19235,0.73615,0.049639,
pusher,closed,5,4250,0.23815,0.43,0.33185,0.16175,0.19895,0.74185,0.046537,
pusher,closed,5,4500,0.2384,0.41385,0.34775,0.16215,0.1867,0.73135,0.051023,
pusher,closed,5,4750,0.24705,0.41605,0.3369,0.16965,0.18915,0.72725,0.049565,
pusher,closed,5,5000,0.23775,0.42745,0.3348,0.16445,0.19265,0.74225,0.050422,0.5
pusher,closed,5,5250,0.2316,0.42905,0.33935,0.1576,0.19785,0.74925,0.045771,
pusher,closed,5,5500,0.2394,0.41365,0.34695,0.16435,0.1951,0.7337,0.04884,
pusher,closed,5,5750,0.23925,0.4146,0.34615,0.16495,0.18785,0.7382,0.050444,
pusher,closed,5,6000,0.23795,0.4205,0.34155,0.1621,0.1931,0.74165,0.047846,
pusher,closed,5,6250,0.23585,0.4109,0.35325,0.16525,0.18295,0.7369,0.049383,
pusher,closed,5,6500,0.2351,0.42135,0.34355,0.15835,0.1886,0.73665,0.049965,
pusher,closed,5,6750,0.23145,0.42475,0.3438,0.1564,0.19455,0.74385,0.048921,
pusher,closed,5,7000,0.2377,0.41485,0.34745,0.16555,0.18745,0.7328,0.05015,
pusher,closed,5,7250,0.24495,0.42255,0.3325,0.1687,0.19775,0.73905,0.045247,
pusher,closed,5,7500,0.24025,0.4294,0.33035,0.1682,0.1999,0.7419,0.046855,0.5625
pusher,closed,5,7750,0.2398,0.41465,0.34555,0.16355,0.18675,0.736,0.048698,
pusher,closed,5,8000,0.2254,0.4253,0.3493,0.15415,0.1839,0.7507,0.045542,
pusher,closed,5,8250,0.22615,0.4268,0.34705,0.15265,0.1968,0.74855,0.048485,
pusher,closed,5,8500,0.23105,0.418,0.35095,0.1589,0.1927,0.7409,0.050356,
pusher,closed,5,8750,0.23665,0.4162,0.34715,0.1626,0.1868,0.7354,0.050946,
pusher,closed,5,9000,0.2353,0.42355,0.34115,0.1593,0.19555,0.74195,0.046472,
pusher,closed,5,9250,0.23025,0.4307,0.33905,0.15605,0.1956,0.74905,0.046637,
pusher,closed,5,9500,0.2362,0.424,0.3398,0.1619,0.1986,0.73305,0.050175,
pusher,closed,5,9750,0.2447,0.4066,0.3487,0.17,0.1862,0.7267,0.048636,
pusher,closed,5,10000,0.2448,0.41885,0.33635,0.1707,0.1915,0.73475,0.046958,0.5625
pusher,closed,5,10250,0.2345,0.414,0.3515,0.15845,0.18785,0.74635,0.049476,
pusher,closed,5,10500,0.239,0.41355,0.34745,0.16225,0.18695,0.7275,0.052096,
pusher,closed,5,10750,0.234,0.42555,0.34045,0.1621,0.19415,0.74915,0.04842,
pusher,closed,5,11000,0.2319,0.42775,0.34035,0.15745,0.195,0.7499,0.047341,
pusher,closed,5,11250,0.23395,0.42715,0.3389,0.1581,0.1972,0.7416,0.046727,
pusher,closed,5,11500,0.23685,0.4221,0.34105,0.16465,0.19125,0.7382,0.046465,
pusher,closed,5,11750,0.2332,0.41365,0.35315,0.15715,0.1885,0.7417,0.049731,
pusher,closed,5,12000,0.2329,0.4226,0.3445,0.15505,0.19475,0.74315,0.049413,
pusher,closed,5,12250,0.2448,0.4168,0.3384,0.169,0.18955,0.73275,0.047141,
pusher,closed,5,12500,0.2381,0.4186,0.3433,0.1627,0.1925,0.7397,0.049222,0.625
pusher,closed,5,12750,0.2292,0.4264,0.3444,0.153,0.19215,0.74515,0.050279,
pusher,closed,5,13000,0.23985,0.414,0.34615,0.1646,0.1887,0.73365,0.050737,
pusher,closed,5,13250,0.2388,0.4297,0.3315,0.162,0.19385,0.7339,0.048674,
pusher,closed,5,13500,0.23155,0.4283,0.34015,0.1591,0.1952,0.74735,0.046323,
pusher,closed,5,13750,0.2468,0.42765,0.32555,0.1684,0.1946,0.73995,0.04464,
pusher,closed,5,14000,0.22945,0.42075,0.3498,0.1603,0.1953,0.74725,0.048071,
pusher,closed,5,14250,0.23415,0.424,0.34185,0.1608,0.1912,0.74995,0.048982,
pusher,closed,5,14500,0.22275,0.43695,0.3403,0.15125,0.20185,0.7568,0.047981,
pusher,closed,5,14750,0.23165,0.4189,0.34945,0.15795,0.19235,0.74435,0.049374,
pusher,closed,5,15000,0.2409,0.4189,0.3402,0.16385,0.189,0.7311,0.049673,0.5625
pusher,closed,5,15250,0.23775,0.41985,0.3424,0.1626,0.1861,0.73365,0.048867,
pusher,closed,5,15500,0.2296,0.4232,0.3472,0.159,0.19075,0.74745,0.047425,
pusher,closed,5,15750,0.242,0.41345,0.34455,0.16565,0.1852,0.7303,0.049912,
pusher,closed,5,16000,0.24095,0.42105,0.338,0.1663,0.1947,0.73075,0.050797,
pusher,closed,5,16250,0.24015,0.4241,0.33575,0.16545,0.19225,0.7378,0.046665,
pusher,closed,5,16500,0.2327,0.419,0.3483,0.1582,0.19595,0.74045,0.049393,
pusher,closed,5,16750,0.22905,0.43485,0.3361,0.156,0.19795,0.74745,0.047183,
pusher,closed,5,17000,0.2331,0.41755,0.34935,0.16025,0.19045,0.73605,0.052257,
pusher,closed,5,17250,0.2355,0.42305,0.34145,0.15885,0.1923,0.73955,0.050952,
pusher,closed,5,17500,0.23175,0.4227,0.34555,0.161,0.19195,0.74625,0.047774,0.375
pusher,closed,5,17750,0.23655,0.4282,0.33525,0.16285,0.19395,0.7442,0.046236,
pusher,closed,5,18000,0.2367,0.41795,0.34535,0.16245,0.19305,0.72875,0.050601,
pusher,closed,5,18250,0.23285,0.42775,0.3394,0.159,0.1984,0.7444,0.048845,
pusher,closed,5,18500,0.2349,0.4221,0.343,0.1601,0.1933,0.73555,0.049701,
pusher,closed,5,18750,0.23385,0.42735,0.3388,0.1594,0.19585,0.74105,0.047576,
pusher,closed,5,19000,0.24205,0.41115,0.3468,0.16585,0.18705,0.7279,0.051445,
pusher,closed,5,19250,0.2304,0.42205,0.34755,0.15815,0.19285,0.7447,0.046723,
pusher,closed,5,19500,0.2358,0.42895,0.33525,0.1608,0.19475,0.74385,0.046758,
pusher,closed,5,19750,0.22775,0.4347,0.33755,0.15585,0.1985,0.7512,0.046522,
pusher,closed,5,20000,0.2443,0.4207,0.335,0.16435,0.19355,0.7294,0.051049,0.5
closed,pusher,1,0,0.01,0.99,0.0,0.01,0.99,0.99,0.0,1.0
closed,pusher,1,10,0.03325,0.78085,0.1859,0.0223,0.406,0.9771,0.003352,
closed,pusher,1,20,0.1005,0.5941,0.3054,0.06845,0.28055,0.92075,0.017087,
closed,pusher,1,30,0.14875,0.5093,0.34195,0.1031,0.24315,0.8669,0.029924,
closed,pusher,1,40,0.17565,0.47495,0.3494,0.1227,0.226,0.8253,0.038193,
closed,pusher,1,50,0.19675,0.4566,0.34665,0.13615,0.20805,0.80035,0.042769,
closed,pusher,1,60,0.20945,0.44685,0.3437,0.14335,0.20195,0.7815,0.044359,
closed,pusher,1,70,0.22065,0.43245,0.3469,0.1502,0.19395,0.77095,0.044661,
closed,pusher,1,80,0.23195,0.42635,0.3417,0.15805,0.1929,0.7534,0.045938,
closed,pusher,1,90,0.23125,0.42665,0.3421,0.15635,0.19515,0.75475,0.047752,
closed,pusher,1,100,0.2374,0.4136,0.349,0.16075,0.1854,0.74285,0.050193,
closed,pusher,1,110,0.2346,0.41675,0.34865,0.1625,0.19035,0.73645,0.049637,
closed,pusher,1,120,0.2371,0.4156,0.3473,0.163,0.1931,0.74125,0.04957,
closed,pusher,1,130,0.24145,0.41575,0.3428,0.1658,0.1893,0.73515,0.049108,
closed,pusher,1,140,0.2431,0.4189,0.338,0.16975,0.193,0.7377,0.048803,
closed,pusher,1,150,0.2396,0.41545,0.34495,0.1602,0.18885,0.7381,0.049691,
closed,pusher,1,160,0.2416,0.4248,0.3336,0.16465,0.19455,0.73925,0.048838,
closed,pusher,1,170,0.2372,0.4245,0.3383,0.1616,0.1932,0.74085,0.049439,
closed,pusher,1,180,0.2391,0.4228,0.3381,0.1648,0.19415,0.74385,0.04795,
closed,pusher,1,190,0.2382,0.42195,0.33985,0.1637,0.19185,0.74115,0.04848,
closed,pusher,1,200,0.2332,0.4264,0.3404,0.1568,0.1935,0.7463,0.048824,
closed,pusher,1,210,0.24075,0.41905,0.3402,0.1636,0.1925,0.74645,0.048857,
closed,pusher,1,220,0.2443,0.4231,0.3326,0.16735,0.197,0.74355,0.046942,
closed,pusher,1,230,0.2318,0.42665,0.34155,0.1587,0.196,0.75415,0.048098,
closed,pusher,1,240,0.2314,0.4239,0.3447,0.1596,0.1888,0.74755,0.048612,
closed,pusher,1,250,0.23075,0.42755,0.3417,0.1565,0.19645,0.7512,0.046308,
closed,pusher,1,260,0.22645,0.434,0.33955,0.15735,0.2028,0.7548,0.046344,
closed,pusher,1,270,0.2254,0.4355,0.3391,0.1521,0.2007,0.75475,0.046838,
closed,pusher,1,280,0.22945,0.41935,0.3512,0.15605,0.19605,0.7499,0.048539,
closed,pusher,1,290,0.22425,0.42415,0.3516,0.153,0.19405,0.75205,0.049455,
closed,pusher,1,300,0.23115,0.4143,0.35455,0.15615,0.1846,0.74335,0.049162,
closed,pusher,1,310,0.24375,0.4171,0.33915,0.16915,0.1945,0.73685,0.048974,
closed,pusher,1,320,0.2331,0.4301,0.3368,0.16015,0.19955,0.74335,0.046956,
closed,pusher,1,330,0.23415,0.428,0.33785,0.16015,0.1935,0.74595,0.045992,
closed,pusher,1,340,0.2298,0.4331,0.3371,0.15815,0.2037,0.7512,0.047553,
closed,pusher,1,350,0.2366,0.42645,0.33695,0.16275,0.19265,0.74165,0.046229,
closed,pusher,1,360,0.2401,0.42795,0.33195,0.16665,0.19405,0.74215,0.045127,
closed,pusher,1,370,0.24395,0.42125,0.3348,0.1686,0.18845,0.73965,0.045676,
closed,pusher,1,380,0.2442,0.41915,0.33665,0.17065,0.1903,0.74015,0.045704,
closed,pusher,1,390,0.2368,0.4299,0.3333,0.16065,0.19765,0.7417,0.048362,
closed,pusher,1,400,0.23695,0.4288,0.33425,0.16245,0.19395,0.74045,0.048884,
closed,pusher,1,410,0.2426,0.42275,0.33465,0.16775,0.19445,0.73965,0.047296,
closed,pusher,1,420,0.2325,0.43155,0.33595,0.16155,0.19835,0.7448,0.047723,
closed,pusher,1,430,0.2309,0.4171,0.352,0.15665,0.1903,0.7484,0.050204,
closed,pusher,1,440,0.23155,0.421,0.34745,0.1583,0.1889,0.74635,0.048336,
closed,pusher,1,450,0.2334,0.42195,0.34465,0.15995,0.19075,0.7441,0.048545,
closed,pusher,1,460,0.2337,0.4228,0.3435,0.15915,0.1904,0.7445,0.049114,
closed,pusher,1,470,0.2305,0.42105,0.34845,0.1587,0.1905,0.7412,0.051741,
closed,pusher,1,480,0.22975,0.42175,0.3485,0.16065,0.19465,0.74215,0.051887,
closed,pusher,1,490,0.23325,0.421,0.34575,0.1554,0.192,0.746,0.047313,
closed,pusher,1,500,0.223,0.4273,0.3497,0.1542,0.19465,0.75185,0.050073,
closed,pusher,1,750,0.23685,0.42005,0.3431,0.16175,0.19035,0.7432,0.045992,
closed,pusher,1,1000,0.24865,0.4255,0.32585,0.17085,0.19715,0.73015,0.046309,
closed,pusher,1,1250,0.23005,0.43635,0.3336,0.1548,0.19945,0.74735,0.049184,
closed,pusher,1,1500,0.23495,0.43405,0.331,0.15965,0.20395,0.74975,0.047609,
closed,pusher,1,1750,0.23455,0.42055,0.3449,0.15875,0.1906,0.73995,0.050811,
closed,pusher,1,2000,0.2311,0.4161,0.3528,0.1587,0.19045,0.7419,0.048718,
closed,pusher,1,2250,0.23825,0.419,0.34275,0.16235,0.1914,0.7414,0.048794,
closed,pusher,1,2500,0.23745,0.41965,0.3429,0.1636,0.1918,0.73775,0.051098,0.6875
closed,pusher,1,2750,0.2375,0.424,0.3385,0.1651,0.19185,0.7363,0.048013,
closed,pusher,1,3000,0.2423,0.417,0.3407,0.16455,0.19155,0.73005,0.048165,
closed,pusher,1,3250,0.2319,0.42505,0.34305,0.15905,0.19425,0.7399,0.045567,
closed,pusher,1,3500,0.2358,0.41475,0.34945,0.16525,0.18895,0.73825,0.047676,
closed,pusher,1,3750,0.24325,0.4208,0.33595,0.16685,0.1949,0.7428,0.04619,
closed,pusher,1,4000,0.2343,0.4241,0.3416,0.16415,0.1968,0.74225,0.0494,
closed,pusher,1,4250,0.22815,0.4296,0.34225,0.15865,0.19825,0.7532,0.046843,
closed,pusher,1,4500,0.23265,0.42625,0.3411,0.15815,0.19595,0.7447,0.046649,
closed,pusher,1,4750,0.234,0.4138,0.3522,0.1605,0.1841,0.73455,0.053486,
closed,pusher,1,5000,0.23315,0.4204,0.34645,0.15885,0.1966,0.7404,0.04877,0.375
closed,pusher,1,5250,0.231,0.42285,0.34615,0.16065,0.18985,0.73825,0.047893,
closed,pusher,1,5500,0.23345,0.41585,0.3507,0.15885,0.1935,0.7361,0.051617,
closed,pusher,1,5750,0.23995,0.42605,0.334,0.1669,0.19505,0.74055,0.045666,
closed,pusher,1,6000,0.23535,0.4174,0.34725,0.1606,0.18755,0.73035,0.052073,
closed,pusher,1,6250,0.23165,0.4263,0.34205,0.15585,0.19425,0.7474,0.049882,
closed,pusher,1,6500,0.23695,0.41935,0.3437,0.1621,0.19175,0.74085,0.050369,
closed,pusher,1,6750,0.2314,0.42245,0.34615,0.1601,0.1946,0.74565,0.049462,
closed,pusher,1,7000,0.2279,0.42905,0.34305,0.15235,0.1991,0.75155,0.048615,
closed,pusher,1,7250,0.23765,0.4274,0.33495,0.16545,0.19535,0.7418,0.047334,
closed,pusher,1,7500,0.23005,0.4121,0.35785,0.16,0.18625,0.7475,0.049479,0.4375
closed,pusher,1,7750,0.22515,0.42895,0.3459,0.15445,0.1926,0.7482,0.049869,
closed,pusher,1,8000,0.2331,0.41895,0.34795,0.15545,0.18735,0.74115,0.050436,
closed,pusher,1,8250,0.231,0.4341,0.3349,0.15695,0.1994,0.7516,0.047806,
closed,pusher,1,8500,0.2294,0.42175,0.34885,0.15465,0.18895,0.74705,0.052116,
closed,pusher,1,8750,0.23565,0.4137,0.35065,0.16405,0.19075,0.7387,0.050265,
closed,pusher,1,9000,0.23205,0.42035,0.3476,0.16195,0.1936,0.7413,0.050927,
closed,pusher,1,9250,0.23545,0.42435,0.3402,0.1628,0.19395,0.74055,0.048016,
closed,pusher,1,9500,0.23755,0.4183,0.34415,0.16155,0.19335,0.73315,0.048755,
closed,pusher,1,9750,0.2405,0.4125,0.347,0.1651,0.1836,0.73165,0.050762,
closed,pusher,1,10000,0.24765,0.4099,0.34245,0.17015,0.1853,0.726,0.049357,0.5
closed,pusher,1,10250,0.2353,0.42355,0.34115,0.1637,0.1932,0.7424,0.048979,
closed,pusher,1,10500,0.23765,0.4184,0.34395,0.1605,0.1877,0.73775,0.046859,
closed,pusher,1,10750,0.23125,0.42255,0.3462,0.15615,0.1881,0.74005,0.049547,
closed,pusher,1,11000,0.2353,0.4187,0.346,0.16195,0.19295,0.7358,0.050736,
closed,pusher,1,11250,0.239,0.41335,0.34765,0.1595,0.18445,0.73515,0.049346,
closed,pusher,1,11500,0.23445,0.42525,0.3403,0.16055,0.19285,0.74225,0.051053,
closed,pusher,1,11750,0.2403,0.41305,0.34665,0.16505,0.19185,0.73235,0.047811,
closed,pusher,1,12000,0.23515,0.41595,0.3489,0.16015,0.18915,0.74095,0.051636,
closed,pusher,1,12250,0.2326,0.42605,0.34135,0.1562,0.19145,0.74595,0.048352,
closed,pusher,1,12500,0.2367,0.4175,0.3458,0.16165,0.1936,0.7414,0.050562,0.375
closed,pusher,1,12750,0.2352,0.42365,0.34115,0.16265,0.19255,0.74085,0.049119,
closed,pusher,1,13000,0.22765,0.43405,0.3383,0.15645,0.20285,0.7464,0.047958,
closed,pusher,1,13250,0.2331,0.41405,0.35285,0.1585,0.18995,0.7375,0.050444,
closed,pusher,1,13500,0.23505,0.4237,0.34125,0.15835,0.1998,0.73815,0.047303,
closed,pusher,1,13750,0.23385,0.42495,0.3412,0.15975,0.19135,0.74615,0.048499,
closed,pusher,1,14000,0.23915,0.4156,0.34525,0.1652,0.18585,0.73545,0.049625,
closed,pusher,1,14250,0.24125,0.42105,0.3377,0.1623,0.1901,0.7349,0.047288,
closed,pusher,1,14500,0.2438,0.4185,0.3377,0.1676,0.19315,0.73295,0.047513,
closed,pusher,1,14750,0.22885,0.4265,0.34465,0.156,0.2002,0.74575,0.04784,
closed,pusher,1,15000,0.2372,0.4131,0.3497,0.1589,0.1885,0.74265,0.051214,0.375
closed,pusher,1,15250,0.2296,0.41955,0.35085,0.15445,0.18505,0.75035,0.048119,
closed,pusher,1,15500,0.23005,0.423,0.34695,0.1556,0.1914,0.7405,0.049695,
closed,pusher,1,15750,0.23375,0.4325,0.33375,0.1581,0.19185,0.7479,0.046344,
closed,pusher,1,16000,0.2329,0.42815,0.33895,0.16235,0.1934,0.74965,0.045097,
closed,pusher,1,16250,0.2407,0.4235,0.3358,0.16645,0.19285,0.7405,0.047633,
closed,pusher,1,16500,0.2463,0.41195,0.34175,0.1687,0.18725,0.728,0.050079,
closed,pusher,1,16750,0.2315,0.4243,0.3442,0.1554,0.1924,0.7414,0.050673,
closed,pusher,1,17000,0.23555,0.42375,0.3407,0.16255,0.1901,0.7368,0.047605,
closed,pusher,1,17250,0.24065,0.4265,0.33285,0.16525,0.19915,0.73895,0.048395,
closed,pusher,1,17500,0.23985,0.4226,0.33755,0.1648,0.19285,0.74215,0.049576,0.6875
closed,pusher,1,17750,0.23945,0.4158,0.34475,0.1657,0.18805,0.74,0.044988,
closed,pusher,1,18000,0.2372,0.42795,0.33485,0.1614,0.1935,0.74435,0.048242,
closed,pusher,1,18250,0.23715,0.41225,0.3506,0.1587,0.1883,0.73755,0.047885,
closed,pusher,1,18500,0.2304,0.42715,0.34245,0.15195,0.19595,0.7512,0.048112,
closed,pusher,1,18750,0.2396,0.41955,0.34085,0.16165,0.19065,0.73515,0.048917,
closed,pusher,1,19000,0.2439,0.40555,0.35055,0.1645,0.1864,0.7335,0.052081,
closed,pusher,1,19250,0.22935,0.42855,0.3421,0.15605,0.19985,0.74185,0.0497,
closed,pusher,1,19500,0.2362,0.4185,0.3453,0.16345,0.19455,0.74445,0.045982,
closed,pusher,1,19750,0.22465,0.434,0.34135,0.1523,0.19935,0.75355,0.047726,
closed,pusher,1,20000,0.23125,0.4174,0.35135,0.15865,0.19165,0.7344,0.0495,0.4375
closed,pusher,2,0,0.01,0.99,0.0,0.01,0.99,0.99,0.0,1.0
closed,pusher,2,10,0.0322,0.78725,0.18055,0.0212,0.4103,0.9808,0.002736,
closed,pusher,2,20,0.09885,0.5869,0.31425,0.06525,0.2731,0.9267,0.016972,
closed,pusher,2,30,0.15265,0.49925,0.3481,0.10575,0.2326,0.85855,0.031808,
closed,pusher,2,40,0.18485,0.465,0.35015,0.12735,0.21535,0.8146,0.039219,
closed,pusher,2,50,0.1993,0.45235,0.34835,0.13775,0.2057,0.796,0.043214,
closed,pusher,2,60,0.2139,0.4346,0.3515,0.14975,0.1982,0.7761,0.046517,
closed,pusher,2,70,0.2193,0.43375,0.34695,0.15205,0.19625,0.7705,0.045526,
closed,pusher,2,80,0.22305,0.4362,0.34075,0.1521,0.20265,0.76355,0.04801,
closed,pusher,2,90,0.2326,0.4224,0.345,0.15965,0.1955,0.7497,0.049935,
closed,pusher,2,100,0.23435,0.42445,0.3412,0.15985,0.19805,0.7489,0.049278,
closed,pusher,2,110,0.2258,0.438,0.3362,0.15405,0.20505,0.75415,0.049193,
closed,pusher,2,120,0.2233,0.4395,0.3372,0.1522,0.2009,0.75485,0.048169,
closed,pusher,2,130,0.2268,0.4243,0.3489,0.15445,0.193,0.7485,0.049437,
closed,pusher,2,140,0.22695,0.4356,0.33745,0.1543,0.19945,0.75,0.049805,
closed,pusher,2,150,0.2343,0.4231,0.3426,0.1597,0.19215,0.7437,0.047295,
closed,pusher,2,160,0.2394,0.42655,0.33405,0.16385,0.19725,0.743,0.044461,
closed,pusher,2,170,0.2326,0.43415,0.33325,0.15945,0.197,0.7529,0.043861,
closed,pusher,2,180,0.2313,0.4332,0.3355,0.1563,0.2015,0.7537,0.043666,
closed,pusher,2,190,0.2361,0.4253,0.3386,0.16265,0.1936,0.7435,0.043946,
closed,pusher,2,200,0.2424,0.42125,0.33635,0.16775,0.19345,0.7414,0.044169,
closed,pusher,2,210,0.2363,0.42965,0.33405,0.1633,0.1987,0.7473,0.042738,
closed,pusher,2,220,0.2398,0.42055,0.33965,0.1647,0.19205,0.74365,0.045463,
closed,pusher,2,230,0.23925,0.42045,0.3403,0.16555,0.19215,0.7432,0.04576,
closed,pusher,2,240,0.23305,0.4304,0.33655,0.15915,0.1956,0.7452,0.0481,
closed,pusher,2,250,0.2364,0.427,0.3366,0.16305,0.19215,0.74305,0.047046,
closed,pusher,2,260,0.23505,0.41575,0.3492,0.1598,0.19235,0.7454,0.048989,
closed,pusher,2,270,0.2396,0.41265,0.34775,0.162,0.1889,0.7328,0.050312,
closed,pusher,2,280,0.2418,0.41315,0.34505,0.166,0.1931,0.7357,0.049121,
closed,pusher,2,290,0.23805,0.42765,0.3343,0.16415,0.1967,0.73925,0.048683,
closed,pusher,2,300,0.23845,0.4202,0.34135,0.16315,0.19005,0.7383,0.049728,
closed,pusher,2,310,0.24185,0.42615,0.332,0.16115,0.193,0.7328,0.048717,
closed,pusher,2,320,0.2384,0.42415,0.33745,0.15965,0.1901,0.7371,0.046682,
closed,pusher,2,330,0.2378,0.41885,0.34335,0.1595,0.18665,0.738,0.04571,
closed,pusher,2,340,0.2391,0.41345,0.34745,0.1627,0.18885,0.73525,0.047832,
closed,pusher,2,350,0.2332,0.4228,0.344,0.1568,0.1943,0.7451,0.047946,
closed,pusher,2,360,0.23815,0.4294,0.33245,0.16145,0.1993,0.7386,0.048762,
closed,pusher,2,370,0.2462,0.4345,0.3193,0.16715,0.1954,0.7359,0.047398,
closed,pusher,2,380,0.24165,0.4243,0.33405,0.16455,0.19075,0.73965,0.047789,
closed,pusher,2,390,0.2348,0.42125,0.34395,0.1623,0.18745,0.7471,0.048978,
closed,pusher,2,400,0.23395,0.418,0.34805,0.16265,0.19575,0.7454,0.049474,
closed,pusher,2,410,0.2306,0.41535,0.35405,0.15715,0.19585,0.7467,0.051327,
closed,pusher,2,420,0.2351,0.41485,0.35005,0.16235,0.19095,0.73935,0.051423,
closed,pusher,2,430,0.23655,0.4179,0.34555,0.1612,0.19575,0.7413,0.050206,
closed,pusher,2,440,0.2413,0.4145,0.3442,0.16625,0.19145,0.73665,0.051034,
closed,pusher,2,450,0.23555,0.41525,0.3492,0.1592,0.1846,0.7408,0.050794,
closed,pusher,2,460,0.22775,0.4257,0.34655,0.1582,0.19735,0.74945,0.050094,
closed,pusher,2,470,0.22915,0.42675,0.3441,0.1553,0.19605,0.75145,0.048285,
closed,pusher,2,480,0.2306,0.42055,0.34885,0.15705,0.19445,0.7498,0.049496,
closed,pusher,2,490,0.2388,0.42325,0.33795,0.1643,0.1903,0.7449,0.04966,
closed,pusher,2,500,0.23235,0.4247,0.34295,0.1568,0.19045,0.74345,0.048858,
closed,pusher,2,750,0.23175,0.42755,0.3407,0.15825,0.2001,0.73945,0.0496,
closed,pusher,2,1000,0.24445,0.40475,0.3508,0.167,0.18205,0.72475,0.053714,
closed,pusher,2,1250,0.2326,0.422,0.3454,0.155,0.19575,0.74735,0.050616,
closed,pusher,2,1500,0.2346,0.43455,0.33085,0.16435,0.20365,0.74725,0.046857,
closed,pusher,2,1750,0.23805,0.422,0.33995,0.1645,0.19405,0.73245,0.048523,
closed,pusher,2,2000,0.23665,0.42025,0.3431,0.16255,0.19275,0.73975,0.04959,
closed,pusher,2,2250,0.231,0.42375,0.34525,0.1555,0.1952,0.7488,0.048749,
closed,pusher,2,2500,0.23435,0.4223,0.34335,0.1614,0.19385,0.7429,0.048216,0.5
closed,pusher,2,2750,0.23275,0.42495,0.3423,0.15625,0.19585,0.7469,0.047814,
closed,pusher,2,3000,0.2421,0.41825,0.33965,0.168,0.1913,0.739,0.046344,
closed,pusher,2,3250,0.2404,0.41765,0.34195,0.1627,0.1918,0.73855,0.049993,
closed,pusher,2,3500,0.2408,0.41605,0.34315,0.16325,0.1853,0.72935,0.050449,
closed,pusher,2,3750,0.2423,0.41905,0.33865,0.1659,0.1922,0.72755,0.049352,
closed,pusher,2,4000,0.23775,0.4165,0.34575,0.16345,0.1899,0.72545,0.048354,
closed,pusher,2,4250,0.23355,0.42025,0.3462,0.16035,0.1876,0.73275,0.049596,
closed,pusher,2,4500,0.22375,0.4319,0.34435,0.1521,0.1949,0.7445,0.049289,
closed,pusher,2,4750,0.238,0.4282,0.3338,0.165,0.19885,0.73615,0.046441,
closed,pusher,2,5000,0.23785,0.42865,0.3335,0.16515,0.19505,0.7445,0.04662,0.3125
closed,pusher,2,5250,0.23505,0.4186,0.34635,0.16095,0.1918,0.74525,0.048228,
closed,pusher,2,5500,0.2319,0.41345,0.35465,0.15635,0.19135,0.73935,0.052246,
closed,pusher,2,5750,0.232,0.4244,0.3436,0.1607,0.19535,0.7431,0.048244,
closed,pusher,2,6000,0.2346,0.43025,0.33515,0.16075,0.19765,0.74205,0.048749,
closed,pusher,2,6250,0.23875,0.4139,0.34735,0.1644,0.1933,0.73285,0.049675,
closed,pusher,2,6500,0.2448,0.42235,0.33285,0.1669,0.19305,0.7369,0.04821,
closed,pusher,2,6750,0.235,0.4131,0.3519,0.1564,0.18395,0.73935,0.050764,
closed,pusher,2,7000,0.2399,0.42485,0.33525,0.1614,0.19245,0.7415,0.047006,
closed,pusher,2,7250,0.2361,0.4136,0.3503,0.1596,0.1904,0.73495,0.049802,
closed,pusher,2,7500,0.23245,0.41895,0.3486,0.15845,0.1911,0.73935,0.049038,0.6875
closed,pusher,2,7750,0.22855,0.42365,0.3478,0.1553,0.19295,0.7449,0.049632,
closed,pusher,2,8000,0.23605,0.4206,0.34335,0.15895,0.1929,0.7463,0.049056,
closed,pusher,2,8250,0.2378,0.42165,0.34055,0.1648,0.19905,0.73815,0.049837,
closed,pusher,2,8500,0.23115,0.4258,0.34305,0.16465,0.1964,0.73685,0.047625,
closed,pusher,2,8750,0.24495,0.42555,0.3295,0.1701,0.19495,0.7328,0.047156,
closed,pusher,2,9000,0.23295,0.41665,0.3504,0.15775,0.18655,0.748,0.04925,
closed,pusher,2,9250,0.2331,0.42115,0.34575,0.15985,0.19315,0.7434,0.049912,
closed,pusher,2,9500,0.23025,0.42145,0.3483,0.1581,0.19255,0.74205,0.050558,
closed,pusher,2,9750,0.2337,0.42515,0.34115,0.15965,0.1951,0.74805,0.047388,
closed,pusher,2,10000,0.23955,0.4208,0.33965,0.16265,0.19075,0.7348,0.048186,0.375
closed,pusher,2,10250,0.2348,0.4164,0.3488,0.1573,0.1921,0.743,0.051,
closed,pusher,2,10500,0.23275,0.41955,0.3477,0.1595,0.1911,0.73655,0.051136,
closed,pusher,2,10750,0.22845,0.43195,0.3396,0.1564,0.20265,0.7497,0.049369,
closed,pusher,2,11000,0.2291,0.42295,0.34795,0.15615,0.19235,0.7516,0.047314,
closed,pusher,2,11250,0.2297,0.42825,0.34205,0.1555,0.1968,0.74865,0.047768,
closed,pusher,2,11500,0.2399,0.42315,0.33695,0.16405,0.19585,0.7382,0.048758,
closed,pusher,2,11750,0.23975,0.4208,0.33945,0.167,0.1887,0.74225,0.045744,
closed,pusher,2,12000,0.23545,0.41575,0.3488,0.1589,0.18695,0.7341,0.051376,
closed,pusher,2,12250,0.2313,0.4205,0.3482,0.1574,0.193,0.745,0.048334,
closed,pusher,2,12500,0.2327,0.42435,0.34295,0.16095,0.18755,0.74535,0.047155,0.5625
closed,pusher,2,12750,0.23435,0.42695,0.3387,0.16185,0.19745,0.74815,0.04833,
closed,pusher,2,13000,0.23835,0.4109,0.35075,0.1645,0.18775,0.73775,0.052161,
closed,pusher,2,13250,0.23995,0.41915,0.3409,0.169,0.1935,0.7355,0.047435,
closed,pusher,2,13500,0.23035,0.424,0.34565,0.15955,0.1945,0.75075,0.048781,
closed,pusher,2,13750,0.228,0.4337,0.3383,0.155,0.19965,0.7541,0.05051,
closed,pusher,2,14000,0.23455,0.4244,0.34105,0.1592,0.19335,0.74605,0.046206,
closed,pusher,2,14250,0.2326,0.42455,0.34285,0.1579,0.1977,0.74385,0.050424,
closed,pusher,2,14500,0.23335,0.4226,0.34405,0.1561,0.1946,0.74445,0.048354,
closed,pusher,2,14750,0.22655,0.4271,0.34635,0.1524,0.192,0.75565,0.046664,
closed,pusher,2,15000,0.24315,0.41795,0.3389,0.16905,0.1913,0.74035,0.044789,0.6875
closed,pusher,2,15250,0.238,0.4218,0.3402,0.16485,0.1901,0.7397,0.047622,
closed,pusher,2,15500,0.24225,0.4114,0.34635,0.1653,0.18515,0.73465,0.047374,
closed,pusher,2,15750,0.23445,0.41135,0.3542,0.16125,0.1887,0.73665,0.051336,
closed,pusher,2,16000,0.2366,0.42015,0.34325,0.16055,0.1859,0.7442,0.046726,
closed,pusher,2,16250,0.24555,0.4092,0.34525,0.1663,0.1862,0.73525,0.050093,
closed,pusher,2,16500,0.2396,0.417,0.3434,0.168,0.18925,0.73195,0.044803,
closed,pusher,2,16750,0.23835,0.4143,0.34735,0.1628,0.1878,0.74355,0.04849,
closed,pusher,2,17000,0.2359,0.42775,0.33635,0.16055,0.1972,0.7451,0.047761,
closed,pusher,2,17250,0.2427,0.42505,0.33225,0.1657,0.19035,0.743,0.045589,
closed,pusher,2,17500,0.2356,0.4229,0.3415,0.1612,0.1948,0.7456,0.048025,0.625
closed,pusher,2,17750,0.22455,0.4136,0.36185,0.15225,0.18575,0.74865,0.04916,
closed,pusher,2,18000,0.24135,0.42185,0.3368,0.16685,0.1883,0.7354,0.049427,
closed,pusher,2,18250,0.23115,0.42085,0.348,0.1606,0.19005,0.7507,0.049605,
closed,pusher,2,18500,0.22835,0.438,0.33365,0.15565,0.20055,0.752,0.048488,
closed,pusher,2,18750,0.23225,0.42605,0.3417,0.15825,0.1941,0.7437,0.049191,
closed,pusher,2,19000,0.2405,0.4203,0.3392,0.16275,0.19025,0.73485,0.049269,
closed,pusher,2,19250,0.23025,0.4251,0.34465,0.15875,0.19155,0.74835,0.047468,
closed,pusher,2,19500,0.24625,0.42455,0.3292,0.17005,0.19575,0.73045,0.048618,
closed,pusher,2,19750,0.2366,0.4241,0.3393,0.16025,0.19545,0.73825,0.048683,
closed,pusher,2,20000,0.2399,0.41955,0.34055,0.16235,0.19025,0.734,0.050164,0.375
closed,pusher,3,0,0.01,0.99,0.0,0.01,0.99,0.99,0.0,1.0
closed,pusher,3,10,0.03345,0.7828,0.18375,0.0228,0.41115,0.979,0.003076,
closed,pusher,3,20,0.10015,0.58835,0.3115,0.0675,0.28095,0.92295,0.016479,
closed,pusher,3,30,0.1522,0.5105,0.3373,0.10745,0.2385,0.8626,0.029174,
closed,pusher,3,40,0.1858,0.457,0.3572,0.12805,0.21055,0.8132,0.039796,
closed,pusher,3,50,0.1967,0.45035,0.35295,0.13745,0.2045,0.7964,0.041802,
closed,pusher,3,60,0.2121,0.43755,0.35035,0.14795,0.1994,0.7768,0.046223,
closed,pusher,3,70,0.21705,0.43225,0.3507,0.1501,0.1965,0.76555,0.048978,
closed,pusher,3,80,0.22995,0.4265,0.34355,0.15775,0.1947,0.75855,0.047359,
closed,pusher,3,90,0.22575,0.43345,0.3408,0.15635,0.1984,0.7549,0.04778,
closed,pusher,3,100,0.22555,0.43635,0.3381,0.15455,0.2018,0.75405,0.046954,
closed,pusher,3,110,0.23035,0.438,0.33165,0.15955,0.20515,0.752,0.046252,
closed,pusher,3,120,0.23,0.4312,0.3388,0.1617,0.2031,0.755,0.046208,
closed,pusher,3,130,0.23265,0.425,0.34235,0.1583,0.1973,0.7494,0.047515,
closed,pusher,3,140,0.2411,0.4134,0.3455,0.1666,0.1883,0.74035,0.048072,
closed,pusher,3,150,0.23205,0.42765,0.3403,0.1588,0.1978,0.7503,0.04601,
closed,pusher,3,160,0.2255,0.4266,0.3479,0.1576,0.19235,0.7485,0.049943,
closed,pusher,3,170,0.2272,0.4295,0.3433,0.15905,0.1951,0.74755,0.048522,
closed,pusher,3,180,0.23085,0.4233,0.34585,0.15835,0.19605,0.74305,0.04846,
closed,pusher,3,190,0.23115,0.4227,0.34615,0.1579,0.1982,0.73975,0.050482,
closed,pusher,3,200,0.2264,0.424,0.3496,0.1534,0.19155,0.75365,0.050989,
closed,pusher,3,210,0.23055,0.4185,0.35095,0.15505,0.1947,0.74265,0.051583,
closed,pusher,3,220,0.2329,0.42105,0.34605,0.158,0.192,0.7376,0.050478,
closed,pusher,3,230,0.2359,0.41345,0.35065,0.1621,0.18865,0.73945,0.050597,
closed,pusher,3,240,0.2331,0.4205,0.3464,0.1587,0.19235,0.74325,0.048557,
closed,pusher,3,250,0.23445,0.426,0.33955,0.15895,0.19505,0.7379,0.048965,
closed,pusher,3,260,0.23405,0.4208,0.34515,0.15825,0.19515,0.7356,0.048879,
closed,pusher,3,270,0.2375,0.42125,0.34125,0.15745,0.1945,0.73665,0.047986,
closed,pusher,3,280,0.23485,0.42835,0.3368,0.1597,0.19365,0.74045,0.047807,
closed,pusher,3,290,0.23485,0.42455,0.3406,0.15805,0.18845,0.7442,0.047575,
closed,pusher,3,300,0.2276,0.4227,0.3497,0.15865,0.19225,0.74555,0.047454,
closed,pusher,3,310,0.237,0.4178,0.3452,0.16565,0.19045,0.73845,0.049512,
closed,pusher,3,320,0.22895,0.42195,0.3491,0.15485,0.1912,0.74625,0.04909,
closed,pusher,3,330,0.23615,0.42665,0.3372,0.1611,0.1945,0.7387,0.049577,
closed,pusher,3,340,0.2341,0.41865,0.34725,0.1609,0.19015,0.7402,0.050216,
closed,pusher,3,350,0.2329,0.41935,0.34775,0.1591,0.193,0.7493,0.04834,
closed,pusher,3,360,0.23555,0.4254,0.33905,0.1636,0.1935,0.7462,0.047991,
closed,pusher,3,370,0.2424,0.41965,0.33795,0.1642,0.18835,0.73865,0.046268,
closed,pusher,3,380,0.2371,0.42305,0.33985,0.16075,0.19205,0.74045,0.047281,
closed,pusher,3,390,0.2352,0.4226,0.3422,0.16095,0.19395,0.73825,0.04759,
closed,pusher,3,400,0.2426,0.4131,0.3443,0.1665,0.19105,0.737,0.049069,
closed,pusher,3,410,0.2281,0.42675,0.34515,0.1566,0.19485,0.74645,0.049882,
closed,pusher,3,420,0.23205,0.42315,0.3448,0.15735,0.1906,0.74575,0.048884,
closed,pusher,3,430,0.24015,0.41505,0.3448,0.1619,0.1876,0.7387,0.050326,
closed,pusher,3,440,0.2411,0.42425,0.33465,0.16425,0.19445,0.7388,0.048842,
closed,pusher,3,450,0.2349,0.4325,0.3326,0.16405,0.19945,0.7416,0.048797,
closed,pusher,3,460,0.2347,0.4322,0.3331,0.1618,0.20125,0.7491,0.046454,
closed,pusher,3,470,0.2281,0.43965,0.33225,0.1589,0.20145,0.75525,0.04542,
closed,pusher,3,480,0.22525,0.43355,0.3412,0.15785,0.1989,0.758,0.046281,
closed,pusher,3,490,0.22085,0.4306,0.34855,0.15135,0.1923,0.75945,0.049115,
closed,pusher,3,500,0.23065,0.43015,0.3392,0.15735,0.198,0.75105,0.048862,
closed,pusher,3,750,0.2293,0.4292,0.3415,0.15285,0.1963,0.7478,0.048445,
closed,pusher,3,1000,0.23765,0.4203,0.34205,0.1621,0.19385,0.7421,0.048998,
closed,pusher,3,1250,0.2331,0.4252,0.3417,0.15785,0.19065,0.7442,0.049349,
closed,pusher,3,1500,0.22875,0.4244,0.34685,0.1557,0.19735,0.7509,0.048927,
closed,pusher,3,1750,0.2364,0.42445,0.33915,0.15955,0.1906,0.73725,0.049701,
closed,pusher,3,2000,0.23595,0.41505,0.349,0.1603,0.1832,0.73135,0.051742,
closed,pusher,3,2250,0.2295,0.42685,0.34365,0.1574,0.19425,0.75345,0.046678,
closed,pusher,3,2500,0.24125,0.41375,0.345,0.16115,0.18995,0.72715,0.052744,0.5625
closed,pusher,3,2750,0.2458,0.41815,0.33605,0.1693,0.1873,0.7305,0.049624,
closed,pusher,3,3000,0.23865,0.4158,0.34555,0.1654,0.1912,0.7351,0.049221,
closed,pusher,3,3250,0.2341,0.4222,0.3437,0.1593,0.19475,0.7407,0.04969,
closed,pusher,3,3500,0.2264,0.427,0.3466,0.15505,0.19575,0.7543,0.049085,
closed,pusher,3,3750,0.228,0.42775,0.34425,0.15745,0.1995,0.74805,0.050123,
closed,pusher,3,4000,0.23275,0.42615,0.3411,0.159,0.19695,0.7421,0.049206,
closed,pusher,3,4250,0.2356,0.4192,0.3452,0.16215,0.18705,0.74775,0.047389,
closed,pusher,3,4500,0.23385,0.41705,0.3491,0.16025,0.1885,0.74785,0.048787,
closed,pusher,3,4750,0.2276,0.42565,0.34675,0.1563,0.19365,0.75565,0.045472,
closed,pusher,3,5000,0.23165,0.42985,0.3385,0.158,0.19795,0.7428,0.047958,0.5625
closed,pusher,3,5250,0.2201,0.4302,0.3497,0.1501,0.19005,0.75545,0.049849,
closed,pusher,3,5500,0.231,0.42405,0.34495,0.1597,0.19285,0.7452,0.048703,
closed,pusher,3,5750,0.23635,0.42605,0.3376,0.1646,0.19645,0.73545,0.048477,
closed,pusher,3,6000,0.2348,0.4221,0.3431,0.16025,0.19335,0.7392,0.048492,
closed,pusher,3,6250,0.23055,0.4159,0.35355,0.1604,0.1905,0.74635,0.046357,
closed,pusher,3,6500,0.23285,0.4309,0.33625,0.16235,0.1941,0.7436,0.046798,
closed,pusher,3,6750,0.2423,0.41285,0.34485,0.168,0.1879,0.73605,0.047345,
closed,pusher,3,7000,0.23345,0.42625,0.3403,0.15835,0.19045,0.7375,0.048564,
closed,pusher,3,7250,0.23605,0.41915,0.3448,0.158,0.19465,0.7397,0.048974,
closed,pusher,3,7500,0.24465,0.4223,0.33305,0.16505,0.19525,0.737,0.048738,0.4375
closed,pusher,3,7750,0.2425,0.42685,0.33065,0.1665,0.1962,0.7409,0.044641,
closed,pusher,3,8000,0.2262,0.42,0.3538,0.15415,0.18885,0.7456,0.048108,
closed,pusher,3,8250,0.23565,0.4175,0.34685,0.1595,0.19155,0.74045,0.047734,
closed,pusher,3,8500,0.2427,0.41015,0.34715,0.1697,0.18695,0.73255,0.051007,
closed,pusher,3,8750,0.23015,0.41995,0.3499,0.1561,0.19245,0.74355,0.052203,
closed,pusher,3,9000,0.23895,0.4149,0.34615,0.16365,0.19155,0.7341,0.049188,
closed,pusher,3,9250,0.2326,0.412,0.3554,0.1584,0.18955,0.7389,0.053333,
closed,pusher,3,9500,0.2318,0.4171,0.3511,0.1587,0.1865,0.7459,0.049942,
closed,pusher,3,9750,0.2364,0.41815,0.34545,0.1595,0.19015,0.7331,0.050735,
closed,pusher,3,10000,0.23545,0.4183,0.34625,0.1619,0.1868,0.73555,0.049188,0.5
closed,pusher,3,10250,0.2329,0.4258,0.3413,0.1566,0.1919,0.7449,0.048057,
closed,pusher,3,10500,0.2339,0.43365,0.33245,0.15985,0.1956,0.75395,0.046847,
closed,pusher,3,10750,0.2448,0.4179,0.3373,0.1679,0.18705,0.73505,0.047637,
closed,pusher,3,11000,0.22495,0.4233,0.35175,0.1529,0.19375,0.7528,0.049218,
closed,pusher,3,11250,0.23805,0.4266,0.33535,0.16385,0.19265,0.7431,0.045851,
closed,pusher,3,11500,0.23565,0.42005,0.3443,0.1611,0.19835,0.74375,0.048228,
closed,pusher,3,11750,0.2332,0.4212,0.3456,0.15655,0.19755,0.7446,0.043017,
closed,pusher,3,12000,0.2403,0.43225,0.32745,0.16535,0.2029,0.74555,0.044436,
closed,pusher,3,12250,0.2344,0.4176,0.348,0.1613,0.194,0.74515,0.048737,
closed,pusher,3,12500,0.22975,0.4267,0.34355,0.1538,0.19915,0.74575,0.052093,0.5
closed,pusher,3,12750,0.2401,0.42835,0.33155,0.1625,0.20235,0.74335,0.045685,
closed,pusher,3,13000,0.22835,0.4245,0.34715,0.1577,0.1952,0.74465,0.04738,
closed,pusher,3,13250,0.2366,0.4221,0.3413,0.16055,0.18855,0.74425,0.047554,
closed,pusher,3,13500,0.228,0.4244,0.3476,0.1547,0.1949,0.7452,0.050232,
closed,pusher,3,13750,0.23645,0.42365,0.3399,0.16415,0.19695,0.7405,0.044224,
closed,pusher,3,14000,0.2327,0.4249,0.3424,0.1597,0.1974,0.747,0.048725,
closed,pusher,3,14250,0.2369,0.42,0.3431,0.16085,0.18965,0.73975,0.048627,
closed,pusher,3,14500,0.2386,0.41485,0.34655,0.1607,0.18515,0.7373,0.050605,
closed,pusher,3,14750,0.23985,0.4182,0.34195,0.164,0.193,0.7292,0.047968,
closed,pusher,3,15000,0.23285,0.42045,0.3467,0.159,0.1921,0.74335,0.048789,0.5
closed,pusher,3,15250,0.23195,0.42955,0.3385,0.1611,0.1985,0.7508,0.045223,
closed,pusher,3,15500,0.23075,0.41695,0.3523,0.16195,0.1891,0.7414,0.047668,
closed,pusher,3,15750,0.22995,0.42115,0.3489,0.15515,0.19305,0.74535,0.049681,
closed,pusher,3,16000,0.24145,0.42755,0.331,0.16135,0.1939,0.73845,0.04815,
closed,pusher,3,16250,0.23765,0.4153,0.34705,0.16315,0.188,0.73155,0.050339,
closed,pusher,3,16500,0.2284,0.4086,0.363,0.15245,0.18685,0.7431,0.051489,
closed,pusher,3,16750,0.24835,0.40705,0.3446,0.17055,0.1878,0.733,0.047808,
closed,pusher,3,17000,0.23695,0.4201,0.34295,0.15925,0.1935,0.7415,0.047712,
closed,pusher,3,17250,0.23475,0.4223,0.34295,0.1612,0.19305,0.743,0.047579,
closed,pusher,3,17500,0.22665,0.4187,0.35465,0.1522,0.1927,0.7471,0.051904,0.4375
closed,pusher,3,17750,0.2395,0.406,0.3545,0.1607,0.18635,0.7343,0.050499,
closed,pusher,3,18000,0.2406,0.4149,0.3445,0.1602,0.1841,0.7373,0.047212,
closed,pusher,3,18250,0.23905,0.42,0.34095,0.1623,0.18925,0.7355,0.049387,
closed,pusher,3,18500,0.2326,0.42785,0.33955,0.1583,0.2004,0.74635,0.047143,
closed,pusher,3,18750,0.23505,0.4242,0.34075,0.1624,0.1907,0.7433,0.049509,
closed,pusher,3,19000,0.2444,0.4211,0.3345,0.1674,0.1926,0.73365,0.048123,
closed,pusher,3,19250,0.22755,0.43755,0.3349,0.15595,0.1994,0.75885,0.045563,
closed,pusher,3,19500,0.2402,0.419,0.3408,0.1676,0.1917,0.7374,0.048772,
closed,pusher,3,19750,0.23995,0.4167,0.34335,0.1642,0.1907,0.7383,0.047734,
closed,pusher,3,20000,0.23385,0.40705,0.3591,0.16055,0.1825,0.7333,0.05497,0.375
closed,pusher,4,0,0.01,0.99,0.0,0.01,0.99,0.99,0.0,1.0
closed,pusher,4,10,0.03175,0.78595,0.1823,0.0213,0.4074,0.98065,0.002336,
closed,pusher,4,20,0.10235,0.5922,0.30545,0.06945,0.2769,0.92585,0.0157,
closed,pusher,4,30,0.1426,0.5114,0.346,0.09695,0.23985,0.8734,0.031299,
closed,pusher,4,40,0.1745,0.4715,0.354,0.11955,0.21825,0.82905,0.039259,
closed,pusher,4,50,0.19765,0.45205,0.3503,0.136,0.2115,0.80055,0.041807,
closed,pusher,4,60,0.20905,0.44015,0.3508,0.1406,0.19705,0.78515,0.045366,
closed,pusher,4,70,0.2151,0.42945,0.35545,0.14645,0.1949,0.76725,0.047369,
closed,pusher,4,80,0.2321,0.4207,0.3472,0.16025,0.19025,0.7526,0.049351,
closed,pusher,4,90,0.22915,0.43025,0.3406,0.15805,0.19775,0.7532,0.047956,
closed,pusher,4,100,0.233,0.4298,0.3372,0.15845,0.1943,0.7497,0.04724,
closed,pusher,4,110,0.2325,0.43025,0.33725,0.1551,0.199,0.7507,0.04743,
closed,pusher,4,120,0.22815,0.4242,0.34765,0.15525,0.1934,0.74875,0.049527,
closed,pusher,4,130,0.2374,0.4188,0.3438,0.16235,0.18865,0.74095,0.049752,
closed,pusher,4,140,0.23745,0.4164,0.34615,0.16405,0.19035,0.7373,0.050759,
closed,pusher,4,150,0.2357,0.42315,0.34115,0.15985,0.19035,0.7452,0.049019,
closed,pusher,4,160,0.22675,0.42595,0.3473,0.15525,0.19475,0.75015,0.04828,
closed,pusher,4,170,0.22935,0.4308,0.33985,0.1579,0.1996,0.74635,0.048851,
closed,pusher,4,180,0.24015,0.4163,0.34355,0.1668,0.18685,0.7299,0.049821,
closed,pusher,4,190,0.24265,0.4122,0.34515,0.16565,0.1847,0.73335,0.05066,
closed,pusher,4,200,0.23925,0.4228,0.33795,0.16425,0.19285,0.72995,0.050586,
closed,pusher,4,210,0.2321,0.4221,0.3458,0.1556,0.19095,0.7378,0.049786,
closed,pusher,4,220,0.23215,0.4187,0.34915,0.15985,0.18875,0.73205,0.048237,
closed,pusher,4,230,0.2313,0.42335,0.34535,0.15815,0.19585,0.73295,0.047432,
closed,pusher,4,240,0.24195,0.41915,0.3389,0.1653,0.18925,0.72525,0.04905,
closed,pusher,4,250,0.2404,0.41665,0.34295,0.1634,0.1883,0.73285,0.049417,
closed,pusher,4,260,0.23885,0.41795,0.3432,0.1646,0.1932,0.73585,0.050526,
closed,pusher,4,270,0.24595,0.4171,0.33695,0.16925,0.1961,0.7289,0.050692,
closed,pusher,4,280,0.23935,0.42165,0.339,0.1628,0.19455,0.7364,0.049136,
closed,pusher,4,290,0.23775,0.41635,0.3459,0.16595,0.19295,0.73675,0.047375,
closed,pusher,4,300,0.23555,0.42125,0.3432,0.1628,0.1913,0.7385,0.047498,
closed,pusher,4,310,0.235,0.42255,0.34245,0.1606,0.1917,0.74185,0.047791,
closed,pusher,4,320,0.23285,0.42755,0.3396,0.1605,0.1953,0.75185,0.046884,
closed,pusher,4,330,0.2346,0.428,0.3374,0.1634,0.19695,0.7454,0.046068,
closed,pusher,4,340,0.2368,0.42285,0.34035,0.1641,0.19485,0.7407,0.046532,
closed,pusher,4,350,0.23705,0.42285,0.3401,0.16295,0.19225,0.73485,0.047718,
closed,pusher,4,360,0.2382,0.4197,0.3421,0.16355,0.19055,0.7386,0.049476,
closed,pusher,4,370,0.2291,0.42535,0.34555,0.15715,0.19395,0.73795,0.048404,
closed,pusher,4,380,0.2345,0.4246,0.3409,0.15645,0.1928,0.73495,0.049068,
closed,pusher,4,390,0.2331,0.4156,0.3513,0.1557,0.19045,0.7308,0.050628,
closed,pusher,4,400,0.24165,0.4183,0.34005,0.1625,0.19385,0.72935,0.049363,
closed,pusher,4,410,0.243,0.41925,0.33775,0.16535,0.1896,0.7307,0.047852,
closed,pusher,4,420,0.2439,0.4203,0.3358,0.17055,0.1947,0.733,0.046911,
closed,pusher,4,430,0.24,0.4165,0.3435,0.1631,0.1908,0.74055,0.047498,
closed,pusher,4,440,0.2341,0.42135,0.34455,0.15855,0.1919,0.73675,0.049877,
closed,pusher,4,450,0.2397,0.4149,0.3454,0.16355,0.18905,0.7317,0.052802,
closed,pusher,4,460,0.24225,0.41705,0.3407,0.16375,0.18635,0.73165,0.052628,
closed,pusher,4,470,0.2338,0.42235,0.34385,0.1582,0.19155,0.7386,0.052871,
closed,pusher,4,480,0.23905,0.42015,0.3408,0.1652,0.19595,0.73815,0.050247,
closed,pusher,4,490,0.23775,0.4199,0.34235,0.16305,0.1897,0.7339,0.05069,
closed,pusher,4,500,0.2398,0.41715,0.34305,0.164,0.19105,0.73505,0.050277,
closed,pusher,4,750,0.2312,0.42625,0.34255,0.15595,0.19585,0.75045,0.048043,
closed,pusher,4,1000,0.2414,0.42025,0.33835,0.1658,0.1939,0.7359,0.051275,
closed,pusher,4,1250,0.23425,0.41665,0.3491,0.15965,0.19195,0.74075,0.049011,
closed,pusher,4,1500,0.22395,0.4387,0.33735,0.15225,0.2049,0.75225,0.048297,
closed,pusher,4,1750,0.24075,0.4051,0.35415,0.1669,0.17915,0.73005,0.048357,
closed,pusher,4,2000,0.23835,0.4213,0.34035,0.16365,0.1965,0.73595,0.047953,
closed,pusher,4,2250,0.2368,0.4236,0.3396,0.16165,0.1936,0.74215,0.046833,
closed,pusher,4,2500,0.2353,0.4182,0.3465,0.16395,0.1888,0.74045,0.04991,0.5
closed,pusher,4,2750,0.22975,0.42325,0.347,0.1514,0.1959,0.74355,0.051082,
closed,pusher,4,3000,0.23875,0.4106,0.35065,0.1608,0.1824,0.7294,0.049728,
closed,pusher,4,3250,0.2405,0.4189,0.3406,0.16795,0.1908,0.74115,0.047963,
closed,pusher,4,3500,0.2378,0.41685,0.34535,0.16365,0.1901,0.73795,0.049519,
closed,pusher,4,3750,0.2334,0.4204,0.3462,0.1555,0.19375,0.7433,0.04879,
closed,pusher,4,4000,0.2351,0.42575,0.33915,0.15935,0.1963,0.74125,0.049681,
closed,pusher,4,4250,0.2454,0.4204,0.3342,0.16935,0.19205,0.73115,0.048898,
closed,pusher,4,4500,0.23305,0.42425,0.3427,0.1585,0.19665,0.7437,0.046839,
closed,pusher,4,4750,0.2416,0.41325,0.34515,0.1628,0.1872,0.72495,0.049833,
closed,pusher,4,5000,0.2356,0.41305,0.35135,0.1605,0.18515,0.7428,0.047089,0.375
closed,pusher,4,5250,0.241,0.411,0.348,0.16345,0.18575,0.72815,0.052374,
closed,pusher,4,5500,0.2348,0.42765,0.33755,0.16085,0.2003,0.7377,0.048081,
closed,pusher,4,5750,0.24415,0.40885,0.347,0.16605,0.1828,0.7249,0.051302,
closed,pusher,4,6000,0.24705,0.41645,0.3365,0.16795,0.1888,0.7258,0.049939,
closed,pusher,4,6250,0.2375,0.4237,0.3388,0.1607,0.1949,0.73605,0.048425,
closed,pusher,4,6500,0.2326,0.42635,0.34105,0.1599,0.19235,0.7402,0.049641,
closed,pusher,4,6750,0.2406,0.4261,0.3333,0.16245,0.19095,0.73455,0.049517,
closed,pusher,4,7000,0.2387,0.42595,0.33535,0.1621,0.1977,0.7381,0.045509,
closed,pusher,4,7250,0.23795,0.42445,0.3376,0.16515,0.19545,0.73755,0.047728,
closed,pusher,4,7500,0.23635,0.4317,0.33195,0.16,0.1977,0.7446,0.045629,0.4375
closed,pusher,4,7750,0.23915,0.4214,0.33945,0.1646,0.1903,0.7424,0.048871,
closed,pusher,4,8000,0.246,0.41415,0.33985,0.17025,0.19105,0.73355,0.046739,
closed,pusher,4,8250,0.22895,0.43145,0.3396,0.1603,0.1988,0.7503,0.046278,
closed,pusher,4,8500,0.2286,0.43345,0.33795,0.15765,0.20315,0.7605,0.043319,
closed,pusher,4,8750,0.23925,0.4119,0.34885,0.1608,0.1826,0.7344,0.050213,
closed,pusher,4,9000,0.235,0.42475,0.34025,0.16135,0.1957,0.74025,0.050946,
closed,pusher,4,9250,0.22875,0.4268,0.34445,0.15405,0.19485,0.74125,0.047348,
closed,pusher,4,9500,0.2356,0.42695,0.33745,0.16175,0.19105,0.73625,0.049228,
closed,pusher,4,9750,0.2374,0.42625,0.33635,0.1608,0.19495,0.7428,0.045827,
closed,pusher,4,10000,0.22825,0.4196,0.35215,0.1545,0.19685,0.7466,0.049324,0.375
closed,pusher,4,10250,0.2418,0.40605,0.35215,0.16325,0.18555,0.73105,0.048832,
closed,pusher,4,10500,0.22985,0.41405,0.3561,0.15535,0.1872,0.73,0.051913,
closed,pusher,4,10750,0.2388,0.40985,0.35135,0.1621,0.1869,0.7362,0.051631,
closed,pusher,4,11000,0.23105,0.4225,0.34645,0.15765,0.19095,0.7401,0.047483,
closed,pusher,4,11250,0.2369,0.4248,0.3383,0.16285,0.1922,0.74025,0.047769,
closed,pusher,4,11500,0.23545,0.4195,0.34505,0.1561,0.19365,0.73255,0.049988,
closed,pusher,4,11750,0.23695,0.4188,0.34425,0.1635,0.19655,0.73805,0.049582,
closed,pusher,4,12000,0.2341,0.43205,0.33385,0.16165,0.1968,0.7408,0.048898,
closed,pusher,4,12250,0.2401,0.42795,0.33195,0.1641,0.19655,0.73585,0.046531,
closed,pusher,4,12500,0.2428,0.42625,0.33095,0.1675,0.1962,0.7373,0.048281,0.625
closed,pusher,4,12750,0.24505,0.4169,0.33805,0.16435,0.1839,0.7266,0.048015,
closed,pusher,4,13000,0.23695,0.42735,0.3357,0.16235,0.19555,0.7444,0.046646,
closed,pusher,4,13250,0.2419,0.4081,0.35,0.16775,0.1846,0.73005,0.051044,
closed,pusher,4,13500,0.2318,0.41455,0.35365,0.1582,0.1916,0.74075,0.049272,
closed,pusher,4,13750,0.2411,0.42005,0.33885,0.16105,0.19515,0.732,0.051538,
closed,pusher,4,14000,0.243,0.4174,0.3396,0.16685,0.1921,0.7327,0.04859,
closed,pusher,4,14250,0.2483,0.4173,0.3344,0.16915,0.19235,0.7316,0.048082,
closed,pusher,4,14500,0.24065,0.4181,0.34125,0.1652,0.18765,0.7345,0.050586,
closed,pusher,4,14750,0.23195,0.43375,0.3343,0.15575,0.1981,0.74445,0.047775,
closed,pusher,4,15000,0.23215,0.42425,0.3436,0.1603,0.19315,0.744,0.04887,0.4375
closed,pusher,4,15250,0.2404,0.42245,0.33715,0.16285,0.19335,0.7403,0.049148,
closed,pusher,4,15500,0.2389,0.41565,0.34545,0.16325,0.187,0.7345,0.049859,
closed,pusher,4,15750,0.22845,0.438,0.33355,0.15775,0.1996,0.74965,0.046342,
closed,pusher,4,16000,0.24825,0.4165,0.33525,0.16925,0.19335,0.7281,0.049351,
closed,pusher,4,16250,0.24275,0.42455,0.3327,0.1684,0.1957,0.73355,0.047306,
closed,pusher,4,16500,0.23555,0.4127,0.35175,0.15975,0.18685,0.7403,0.048524,
closed,pusher,4,16750,0.2285,0.4216,0.3499,0.1561,0.1912,0.74695,0.048453,
closed,pusher,4,17000,0.23875,0.42195,0.3393,0.16445,0.1878,0.736,0.049768,
closed,pusher,4,17250,0.22675,0.42935,0.3439,0.1524,0.19725,0.7454,0.047185,
closed,pusher,4,17500,0.23545,0.41485,0.3497,0.1634,0.18835,0.7326,0.047516,0.5
closed,pusher,4,17750,0.2392,0.42055,0.34025,0.1626,0.1876,0.72845,0.047328,
closed,pusher,4,18000,0.2408,0.4276,0.3316,0.16645,0.1963,0.73155,0.046311,
closed,pusher,4,18250,0.241,0.42025,0.33875,0.1683,0.1912,0.7326,0.048638,
closed,pusher,4,18500,0.23365,0.41995,0.3464,0.1597,0.1864,0.7233,0.05086,
closed,pusher,4,18750,0.22895,0.42235,0.3487,0.156,0.19435,0.7351,0.048336,
closed,pusher,4,19000,0.23685,0.418,0.34515,0.1605,0.1893,0.7336,0.049835,
closed,pusher,4,19250,0.2314,0.41985,0.34875,0.15565,0.19195,0.73895,0.050569,
closed,pusher,4,19500,0.2285,0.42975,0.34175,0.15795,0.19665,0.74625,0.049611,
closed,pusher,4,19750,0.24185,0.41345,0.3447,0.16375,0.1862,0.7348,0.050655,
closed,pusher,4,20000,0.23515,0.41415,0.3507,0.16205,0.1896,0.73915,0.049638,0.25
closed,pusher,5,0,0.01,0.99,0.0,0.01,0.99,0.99,0.0,1.0
closed,pusher,5,10,0.03195,0.78515,0.1829,0.02195,0.4075,0.97875,0.002957,
closed,pusher,5,20,0.099,0.5923,0.3087,0.06875,0.2773,0.9275,0.015562,
closed,pusher,5,30,0.1454,0.50415,0.35045,0.10055,0.2344,0.8691,0.029967,
closed,pusher,5,40,0.1804,0.4682,0.3514,0.12395,0.2151,0.82095,0.040625,
closed,pusher,5,50,0.1972,0.44335,0.35945,0.1344,0.20495,0.79725,0.044883,
closed,pusher,5,60,0.21295,0.428,0.35905,0.14695,0.1942,0.76995,0.049345,
closed,pusher,5,70,0.2171,0.4248,0.3581,0.14915,0.19275,0.7618,0.049956,
closed,pusher,5,80,0.22405,0.4263,0.34965,0.1576,0.1958,0.75345,0.049434,
closed,pusher,5,90,0.22745,0.4344,0.33815,0.1558,0.20075,0.75245,0.048338,
closed,pusher,5,100,0.2341,0.42285,0.34305,0.1607,0.19555,0.74615,0.048338,
closed,pusher,5,110,0.238,0.41885,0.34315,0.1671,0.18915,0.73815,0.048646,
closed,pusher,5,120,0.2365,0.421,0.3425,0.16275,0.1927,0.7405,0.049306,
closed,pusher,5,130,0.2305,0.4194,0.3501,0.1559,0.1891,0.7402,0.049649,
closed,pusher,5,140,0.237,0.4166,0.3464,0.159,0.19275,0.7413,0.047038,
closed,pusher,5,150,0.2394,0.41545,0.34515,0.16225,0.191,0.7402,0.048704,
closed,pusher,5,160,0.23655,0.4217,0.34175,0.162,0.18705,0.74445,0.047433,
closed,pusher,5,170,0.23015,0.4253,0.34455,0.15715,0.1952,0.75045,0.047403,
closed,pusher,5,180,0.2301,0.426,0.3439,0.1567,0.19085,0.75055,0.046264,
closed,pusher,5,190,0.23445,0.4237,0.34185,0.1587,0.18905,0.7448,0.04759,
closed,pusher,5,200,0.23845,0.419,0.34255,0.16445,0.1959,0.74205,0.050043,
closed,pusher,5,210,0.2382,0.42155,0.34025,0.16335,0.19065,0.73975,0.050259,
closed,pusher,5,220,0.2379,0.4221,0.34,0.16205,0.19265,0.74325,0.050257,
closed,pusher,5,230,0.2325,0.42725,0.34025,0.1584,0.1936,0.7457,0.04697,
closed,pusher,5,240,0.23095,0.4272,0.34185,0.15575,0.19745,0.7488,0.046497,
closed,pusher,5,250,0.23575,0.42285,0.3414,0.16185,0.19095,0.7457,0.047215,
closed,pusher,5,260,0.2421,0.41975,0.33815,0.1677,0.18985,0.7401,0.0482,
closed,pusher,5,270,0.23705,0.422,0.34095,0.1613,0.18775,0.7438,0.04753,
closed,pusher,5,280,0.23365,0.42015,0.3462,0.15925,0.18965,0.7441,0.048076,
closed,pusher,5,290,0.2336,0.42425,0.34215,0.15945,0.19485,0.73985,0.048244,
closed,pusher,5,300,0.2348,0.42035,0.34485,0.1572,0.195,0.74125,0.046185,
closed,pusher,5,310,0.2348,0.4113,0.3539,0.16055,0.19,0.74085,0.048081,
closed,pusher,5,320,0.24075,0.41235,0.3469,0.16515,0.1848,0.73195,0.050362,
closed,pusher,5,330,0.24045,0.4184,0.34115,0.1627,0.1916,0.73255,0.051452,
closed,pusher,5,340,0.24005,0.4146,0.34535,0.16105,0.18735,0.73105,0.051462,
closed,pusher,5,350,0.2389,0.41095,0.35015,0.1637,0.1897,0.73005,0.05093,
closed,pusher,5,360,0.23605,0.4146,0.34935,0.16115,0.1889,0.7355,0.050809,
closed,pusher,5,370,0.2318,0.4199,0.3483,0.1581,0.1911,0.7431,0.050715,
closed,pusher,5,380,0.23315,0.4173,0.34955,0.1572,0.1884,0.73815,0.051485,
closed,pusher,5,390,0.2372,0.4182,0.3446,0.1625,0.19085,0.73855,0.050483,
closed,pusher,5,400,0.2402,0.4257,0.3341,0.16495,0.19325,0.7367,0.04931,
closed,pusher,5,410,0.234,0.41765,0.34835,0.1599,0.19585,0.7411,0.048539,
closed,pusher,5,420,0.23315,0.4166,0.35025,0.1598,0.18925,0.7387,0.050944,
closed,pusher,5,430,0.2417,0.40845,0.34985,0.16445,0.1819,0.7281,0.051048,
closed,pusher,5,440,0.24575,0.4179,0.33635,0.16595,0.1922,0.7272,0.050967,
closed,pusher,5,450,0.24235,0.41885,0.3388,0.16535,0.19365,0.73055,0.049334,
closed,pusher,5,460,0.2343,0.42285,0.34285,0.16145,0.19475,0.7414,0.046297,
closed,pusher,5,470,0.2365,0.4253,0.3382,0.16585,0.19175,0.74105,0.047775,
closed,pusher,5,480,0.2358,0.42395,0.34025,0.16135,0.1918,0.74215,0.047571,
closed,pusher,5,490,0.23925,0.42515,0.3356,0.1662,0.1934,0.74295,0.045747,
closed,pusher,5,500,0.23645,0.43135,0.3322,0.1556,0.194,0.74615,0.046002,
closed,pusher,5,750,0.2239,0.43625,0.33985,0.1521,0.19655,0.7529,0.047085,
closed,pusher,5,1000,0.23095,0.4241,0.34495,0.1578,0.1968,0.7494,0.046425,
closed,pusher,5,1250,0.2361,0.4242,0.3397,0.16345,0.1904,0.74325,0.046589,
closed,pusher,5,1500,0.23255,0.43045,0.337,0.1596,0.19555,0.7461,0.048097,
closed,pusher,5,1750,0.23445,0.4172,0.34835,0.1627,0.19045,0.74095,0.051143,
closed,pusher,5,2000,0.23645,0.4166,0.34695,0.1626,0.18905,0.742,0.049996,
closed,pusher,5,2250,0.2334,0.4317,0.3349,0.16195,0.19715,0.7458,0.047113,
closed,pusher,5,2500,0.2298,0.41325,0.35695,0.15615,0.18575,0.7386,0.052689,0.625
closed,pusher,5,2750,0.23745,0.42375,0.3388,0.1622,0.19945,0.74525,0.048962,
closed,pusher,5,3000,0.2301,0.428,0.3419,0.15765,0.19195,0.75455,0.047542,
closed,pusher,5,3250,0.23285,0.42965,0.3375,0.1588,0.2002,0.74825,0.045884,
closed,pusher,5,3500,0.23235,0.4219,0.34575,0.15975,0.19465,0.7384,0.049446,
closed,pusher,5,3750,0.23585,0.4151,0.34905,0.1605,0.1933,0.73965,0.04977,
closed,pusher,5,4000,0.2495,0.4142,0.3363,0.17525,0.1858,0.73655,0.047132,
closed,pusher,5,4250,0.22125,0.41505,0.3637,0.1515,0.1912,0.7453,0.050418,
closed,pusher,5,4500,0.225,0.42675,0.34825,0.155,0.1936,0.7494,0.048304,
closed,pusher,5,4750,0.2334,0.424,0.3426,0.15935,0.1914,0.74365,0.048307,
closed,pusher,5,5000,0.23845,0.41825,0.3433,0.1621,0.18605,0.7425,0.048145,0.375
closed,pusher,5,5250,0.2313,0.4193,0.3494,0.1553,0.1888,0.7442,0.047615,
closed,pusher,5,5500,0.227,0.42845,0.34455,0.1575,0.19515,0.7487,0.048152,
closed,pusher,5,5750,0.238,0.4311,0.3309,0.16375,0.19515,0.74205,0.047345,
closed,pusher,5,6000,0.2318,0.41705,0.35115,0.15715,0.19075,0.7458,0.048709,
closed,pusher,5,6250,0.2383,0.42515,0.33655,0.16485,0.19385,0.74335,0.048149,
closed,pusher,5,6500,0.2292,0.42235,0.34845,0.15295,0.193,0.7449,0.048977,
closed,pusher,5,6750,0.2381,0.4284,0.3335,0.16315,0.19645,0.7418,0.048676,
closed,pusher,5,7000,0.232,0.42195,0.34605,0.161,0.19495,0.74185,0.04881,
closed,pusher,5,7250,0.22695,0.4271,0.34595,0.1571,0.19455,0.75045,0.047272,
closed,pusher,5,7500,0.23625,0.4234,0.34035,0.16055,0.1936,0.7388,0.049205,0.6875
closed,pusher,5,7750,0.23955,0.4209,0.33955,0.167,0.18905,0.74015,0.049551,
closed,pusher,5,8000,0.23085,0.4155,0.35365,0.1574,0.18805,0.7457,0.050424,
closed,pusher,5,8250,0.2338,0.4222,0.344,0.15745,0.19065,0.7463,0.047437,
closed,pusher,5,8500,0.23965,0.42995,0.3304,0.16265,0.1989,0.73825,0.04511,
closed,pusher,5,8750,0.2355,0.42695,0.33755,0.1602,0.19495,0.7441,0.048358,
closed,pusher,5,9000,0.23175,0.42455,0.3437,0.15805,0.1923,0.74875,0.050283,
closed,pusher,5,9250,0.23505,0.42265,0.3423,0.16425,0.1908,0.74265,0.048444,
closed,pusher,5,9500,0.2314,0.4121,0.3565,0.15655,0.1866,0.74565,0.050446,
closed,pusher,5,9750,0.23995,0.4248,0.33525,0.164,0.1979,0.7369,0.04826,
closed,pusher,5,10000,0.2307,0.4215,0.3478,0.16,0.1999,0.73925,0.049086,0.125
closed,pusher,5,10250,0.2305,0.42575,0.34375,0.1572,0.19365,0.75195,0.048009,
closed,pusher,5,10500,0.22865,0.42345,0.3479,0.1557,0.1916,0.74775,0.049737,
closed,pusher,5,10750,0.22365,0.4308,0.34555,0.1504,0.19765,0.75005,0.047626,
closed,pusher,5,11000,0.2358,0.42145,0.34275,0.16205,0.19455,0.74165,0.048793,
closed,pusher,5,11250,0.23855,0.41225,0.3492,0.16025,0.1888,0.7337,0.050118,
closed,pusher,5,11500,0.2365,0.41455,0.34895,0.16145,0.1896,0.73275,0.048836,
closed,pusher,5,11750,0.2279,0.42095,0.35115,0.15375,0.19265,0.738,0.050228,
closed,pusher,5,12000,0.2346,0.4208,0.3446,0.1591,0.195,0.73925,0.048732,
closed,pusher,5,12250,0.2371,0.4179,0.345,0.16265,0.1923,0.73415,0.047494,
closed,pusher,5,12500,0.2295,0.41835,0.35215,0.1564,0.18985,0.73575,0.053143,0.5625
closed,pusher,5,12750,0.23725,0.4235,0.33925,0.16325,0.1918,0.7345,0.046241,
closed,pusher,5,13000,0.23615,0.41645,0.3474,0.1599,0.18815,0.72735,0.050221,
closed,pusher,5,13250,0.23195,0.4283,0.33975,0.1606,0.19475,0.7429,0.046673,
closed,pusher,5,13500,0.23645,0.41875,0.3448,0.1591,0.19005,0.7384,0.048399,
closed,pusher,5,13750,0.22725,0.43205,0.3407,0.15335,0.19875,0.7493,0.045509,
closed,pusher,5,14000,0.24005,0.42235,0.3376,0.16205,0.1946,0.73695,0.050825,
closed,pusher,5,14250,0.2363,0.42745,0.33625,0.16365,0.19445,0.74685,0.048069,
closed,pusher,5,14500,0.23735,0.4208,0.34185,0.1647,0.1946,0.74715,0.047527,
closed,pusher,5,14750,0.2326,0.4283,0.3391,0.1572,0.19855,0.74195,0.046821,
closed,pusher,5,15000,0.2253,0.4252,0.3495,0.1542,0.19375,0.7521,0.046927,0.75
closed,pusher,5,15250,0.23585,0.41795,0.3462,0.1616,0.1919,0.7357,0.050798,
closed,pusher,5,15500,0.23605,0.4225,0.34145,0.16265,0.19255,0.74335,0.04759,
closed,pusher,5,15750,0.235,0.4323,0.3327,0.16135,0.19525,0.74485,0.047759,
closed,pusher,5,16000,0.2442,0.42105,0.33475,0.1673,0.18985,0.7327,0.046544,
closed,pusher,5,16250,0.24435,0.41865,0.337,0.1643,0.19285,0.7348,0.048949,
closed,pusher,5,16500,0.2337,0.4249,0.3414,0.1588,0.1979,0.7455,0.049533,
closed,pusher,5,16750,0.23365,0.4214,0.34495,0.1603,0.1934,0.73485,0.051123,
closed,pusher,5,17000,0.23495,0.41895,0.3461,0.1597,0.19555,0.73945,0.048048,
closed,pusher,5,17250,0.2337,0.41945,0.34685,0.1598,0.1924,0.73545,0.050373,
closed,pusher,5,17500,0.23115,0.4144,0.35445,0.1585,0.1881,0.7461,0.050367,0.625
closed,pusher,5,17750,0.245,0.42285,0.33215,0.1683,0.19395,0.7414,0.047887,
closed,pusher,5,18000,0.23095,0.4307,0.33835,0.1583,0.19685,0.75155,0.044495,
closed,pusher,5,18250,0.2238,0.4347,0.3415,0.15335,0.1926,0.7522,0.047442,
closed,pusher,5,18500,0.2376,0.42545,0.33695,0.16265,0.1976,0.7408,0.050047,
closed,pusher,5,18750,0.2375,0.4308,0.3317,0.1617,0.20165,0.7406,0.04734,
closed,pusher,5,19000,0.24205,0.4213,0.33665,0.16855,0.1891,0.74145,0.045431,
closed,pusher,5,19250,0.2398,0.424,0.3362,0.16475,0.1967,0.73535,0.048998,
closed,pusher,5,19500,0.2376,0.41925,0.34315,0.16315,0.1918,0.74925,0.045418,
closed,pusher,5,19750,0.22325,0.42965,0.3471,0.1508,0.20145,0.75785,0.049369,
closed,pusher,5,20000,0.23855,0.41505,0.3464,0.1629,0.1871,0.7388,0.051642,0.4375
pusher,none,1,0,1.0,0.0,0.0,1.0,0.0,0.0,0.0,
pusher,none,1,10,0.9923,0.00045,0.00725,0.97155,0.0,0.0,0.003439,
pusher,none,1,20,0.972,0.00065,0.02735,0.91955,0.0,0.0,0.012533,
pusher,none,1,30,0.9517,0.00135,0.04695,0.8679,0.0,0.0,0.021647,
pusher,none,1,40,0.93085,0.00195,0.0672,0.8208,5e-05,0.0,0.03209,
pusher,none,1,50,0.9146,0.00215,0.08325,0.7742,0.0,0.0,0.039512,
pusher,none,1,60,0.89495,0.00205,0.103,0.73625,0.0,0.0,0.048509,
pusher,none,1,70,0.87765,0.0025,0.11985,0.7097,0.0,0.0,0.054981,
pusher,none,1,80,0.8621,0.0026,0.1353,0.6854,0.0,0.0,0.062583,
pusher,none,1,90,0.8591,0.00195,0.13895,0.66315,0.0001,0.0,0.065313,
pusher,none,1,100,0.8497,0.00335,0.14695,0.6587,0.0,0.0,0.068923,
pusher,none,1,110,0.84345,0.00405,0.1525,0.6427,5e-05,0.0,0.071325,
pusher,none,1,120,0.83665,0.0031,0.16025,0.63575,0.0,0.0,0.075019,
pusher,none,1,130,0.82805,0.0029,0.16905,0.62185,0.0,0.0,0.080303,
pusher,none,1,140,0.8254,0.00375,0.17085,0.60825,0.0,0.0,0.083256,
pusher,none,1,150,0.81755,0.0027,0.17975,0.5948,0.0,0.0,0.084803,
pusher,none,1,160,0.8218,0.0037,0.1745,0.5916,0.0,0.0,0.083905,
pusher,none,1,170,0.8256,0.00315,0.17125,0.5924,0.0,0.0,0.081781,
pusher,none,1,180,0.81815,0.00375,0.1781,0.5846,0.0,0.0,0.08574,
pusher,none,1,190,0.8115,0.00305,0.18545,0.58575,0.0,0.0,0.084177,
pusher,none,1,200,0.80735,0.00315,0.1895,0.56985,5e-05,0.0,0.08819,
pusher,none,1,210,0.7993,0.00275,0.19795,0.56145,0.0,0.0,0.091212,
pusher,none,1,220,0.80225,0.0039,0.19385,0.5697,0.0,0.0,0.090672,
pusher,none,1,230,0.79825,0.004,0.19775,0.5641,5e-05,0.0,0.090698,
pusher,none,1,240,0.80015,0.00405,0.1958,0.55845,0.0,0.0,0.092627,
pusher,none,1,250,0.79805,0.00295,0.199,0.55775,5e-05,0.0,0.091067,
pusher,none,1,260,0.7943,0.00265,0.20305,0.5528,0.0,0.0,0.091638,
pusher,none,1,270,0.7899,0.0042,0.2059,0.5363,5e-05,0.0,0.094047,
pusher,none,1,280,0.78085,0.0034,0.21575,0.53255,0.0,0.0,0.097188,
pusher,none,1,290,0.78355,0.0043,0.21215,0.53755,0.0,0.0,0.096259,
pusher,none,1,300,0.7908,0.00285,0.20635,0.53815,0.0,0.0,0.096164,
pusher,none,1,310,0.7881,0.0029,0.209,0.5393,0.0,0.0,0.097039,
pusher,none,1,320,0.78885,0.00395,0.2072,0.5377,0.0,0.0,0.095996,
pusher,none,1,330,0.79375,0.00415,0.2021,0.54545,5e-05,0.0,0.092795,
pusher,none,1,340,0.7927,0.0035,0.2038,0.5403,0.0001,0.0,0.094045,
pusher,none,1,350,0.78125,0.0043,0.21445,0.53325,5e-05,0.0,0.097844,
pusher,none,1,360,0.77415,0.00455,0.2213,0.52555,0.0,0.0,0.100454,
pusher,none,1,370,0.7807,0.0041,0.2152,0.52575,5e-05,0.0,0.100127,
pusher,none,1,380,0.77775,0.0043,0.21795,0.5227,0.0,0.0,0.098751,
pusher,none,1,390,0.7745,0.0032,0.2223,0.5209,0.0,0.0,0.100207,
pusher,none,1,400,0.76975,0.00375,0.2265,0.51535,0.0001,0.0,0.101333,
pusher,none,1,410,0.76785,0.00405,0.2281,0.5131,0.00015,0.0,0.10049,
pusher,none,1,420,0.7722,0.00395,0.22385,0.5161,5e-05,0.0,0.100271,
pusher,none,1,430,0.7665,0.0038,0.2297,0.50775,0.00015,0.0,0.103673,
pusher,none,1,440,0.76935,0.00385,0.2268,0.50945,5e-05,0.0,0.104209,
pusher,none,1,450,0.7778,0.0036,0.2186,0.52055,5e-05,0.0,0.099894,
pusher,none,1,460,0.77385,0.00405,0.2221,0.51795,0.0,0.0,0.099639,
pusher,none,1,470,0.77565,0.0031,0.22125,0.51625,5e-05,0.0,0.099536,
pusher,none,1,480,0.77565,0.00415,0.2202,0.5145,5e-05,0.0,0.1,
pusher,none,1,490,0.7883,0.0038,0.2079,0.5291,5e-05,0.0,0.095591,
pusher,none,1,500,0.78115,0.0034,0.21545,0.5186,0.0,0.0,0.096632,
pusher,none,1,750,0.73895,0.0043,0.25675,0.4646,0.00025,0.0,0.106819,
pusher,none,1,1000,0.70855,0.00345,0.288,0.43635,0.0,0.0,0.116438,
pusher,none,1,1250,0.71935,0.0049,0.27575,0.4452,0.0001,0.0,0.109687,
pusher,none,1,1500,0.68305,0.00615,0.3108,0.4062,0.0008,0.0,0.119763,
pusher,none,1,1750,0.68775,0.01165,0.3006,0.4199,0.00155,0.0,0.116245,
pusher,none,1,2000,0.69135,0.0196,0.28905,0.43115,0.0037,0.0,0.110439,
pusher,none,1,2250,0.6527,0.03365,0.31365,0.39415,0.00725,0.0,0.114649,
pusher,none,1,2500,0.6083,0.0411,0.3506,0.3628,0.0093,0.0,0.117846,
pusher,none,1,2750,0.57485,0.04285,0.3823,0.34925,0.008,0.0,0.11972,
pusher,none,1,3000,0.5103,0.0372,0.4525,0.30555,0.00705,0.00055,0.128446,
pusher,none,1,3250,0.45205,0.03265,0.5153,0.271,0.0049,0.00135,0.127923,
pusher,none,1,3500,0.39985,0.03265,0.5675,0.23945,0.005,0.0067,0.129199,
pusher,none,1,3750,0.3525,0.0337,0.6138,0.2023,0.00635,0.014,0.141932,
pusher,none,1,4000,0.3111,0.04075,0.64815,0.17945,0.00865,0.02895,0.142345,
pusher,none,1,4250,0.2625,0.0506,0.6869,0.15385,0.01595,0.052,0.139442,
pusher,none,1,4500,0.2352,0.06245,0.70235,0.13735,0.0229,0.08235,0.14003,
pusher,none,1,4750,0.2252,0.076,0.6988,0.13155,0.0282,0.11675,0.131363,
pusher,none,1,5000,0.221,0.09855,0.68045,0.132,0.03975,0.1637,0.135286,
pusher,none,1,5250,0.21425,0.1218,0.66395,0.1285,0.0513,0.21235,0.125015,
pusher,none,1,5500,0.22825,0.14405,0.6277,0.13655,0.06425,0.2422,0.125053,
pusher,none,1,5750,0.22115,0.187,0.59185,0.13465,0.08275,0.3102,0.109028,
pusher,none,1,6000,0.2341,0.1936,0.5723,0.1479,0.08435,0.3257,0.103348,
pusher,none,1,6250,0.2376,0.20615,0.55625,0.15475,0.09065,0.3579,0.102083,
pusher,none,1,6500,0.2352,0.2314,0.5334,0.15105,0.103,0.3961,0.094629,
pusher,none,1,6750,0.22565,0.2596,0.51475,0.14115,0.1165,0.44585,0.090517,
pusher,none,1,7000,0.2419,0.28095,0.47715,0.15485,0.1251,0.4585,0.086524,
pusher,none,1,7250,0.2395,0.3029,0.4576,0.1554,0.13485,0.49185,0.075742,
pusher,none,1,7500,0.24375,0.3155,0.44075,0.1581,0.13705,0.5171,0.072757,
pusher,none,1,7750,0.22765,0.3414,0.43095,0.1503,0.15025,0.5641,0.066535,
pusher,none,1,8000,0.22675,0.34865,0.4246,0.1498,0.1537,0.5825,0.065091,
pusher,none,1,8250,0.2377,0.36005,0.40225,0.15805,0.15985,0.6003,0.064942,
pusher,none,1,8500,0.239,0.3764,0.3846,0.16025,0.1673,0.6201,0.060567,
pusher,none,1,8750,0.2399,0.37695,0.38315,0.1618,0.163,0.6461,0.057672,
pusher,none,1,9000,0.23435,0.4021,0.36355,0.15635,0.1802,0.6654,0.054673,
pusher,none,1,9250,0.2278,0.4101,0.3621,0.1504,0.1824,0.68045,0.05252,
pusher,none,1,9500,0.2474,0.4004,0.3522,0.16955,0.1784,0.6797,0.049864,
pusher,none,1,9750,0.2321,0.411,0.3569,0.1567,0.18075,0.6898,0.052873,
pusher,none,1,10000,0.2388,0.4249,0.3363,0.1667,0.18545,0.69345,0.045634,
pusher,none,1,10250,0.24385,0.40945,0.3467,0.16555,0.1767,0.6949,0.049568,
pusher,none,1,10500,0.24675,0.4166,0.33665,0.1658,0.18435,0.6984,0.046076,
pusher,none,1,10750,0.22735,0.42985,0.3428,0.1517,0.1947,0.72445,0.047557,
pusher,none,1,11000,0.23505,0.42315,0.3418,0.16025,0.1872,0.7185,0.046843,
pusher,none,1,11250,0.23455,0.41495,0.3505,0.15695,0.18965,0.7242,0.049369,
pusher,none,1,11500,0.23515,0.42545,0.3394,0.1596,0.19015,0.73445,0.048692,
pusher,none,1,11750,0.23965,0.42525,0.3351,0.16395,0.1926,0.72265,0.048112,
pusher,none,1,12000,0.2221,0.4266,0.3513,0.15175,0.1916,0.73595,0.052363,
pusher,none,1,12250,0.23975,0.42135,0.3389,0.16565,0.1917,0.7298,0.051204,
pusher,none,1,12500,0.22895,0.4239,0.34715,0.1565,0.1948,0.74205,0.048406,
pusher,none,1,12750,0.23425,0.41715,0.3486,0.1584,0.1888,0.74395,0.049113,
pusher,none,1,13000,0.2398,0.4148,0.3454,0.16465,0.1884,0.73925,0.047596,
pusher,none,1,13250,0.2461,0.4176,0.3363,0.16575,0.1914,0.72745,0.048647,
pusher,none,1,13500,0.23275,0.4263,0.34095,0.16285,0.1978,0.7523,0.045616,
pusher,none,1,13750,0.23445,0.4278,0.33775,0.16105,0.19085,0.7493,0.046984,
pusher,none,1,14000,0.24415,0.4256,0.33025,0.163,0.19545,0.7317,0.04679,
pusher,none,1,14250,0.2355,0.4255,0.339,0.1603,0.1913,0.73875,0.048693,
pusher,none,1,14500,0.2252,0.437,0.3378,0.1566,0.2033,0.75165,0.046494,
pusher,none,1,14750,0.2441,0.41235,0.34355,0.1647,0.18595,0.73025,0.049796,
pusher,none,1,15000,0.23875,0.427,0.33425,0.16665,0.19425,0.74175,0.046349,
pusher,none,1,15250,0.23955,0.4202,0.34025,0.16075,0.194,0.74185,0.04705,
pusher,none,1,15500,0.2435,0.4191,0.3374,0.1697,0.19475,0.72875,0.050432,
pusher,none,1,15750,0.24145,0.42305,0.3355,0.1647,0.19305,0.7331,0.04787,
pusher,none,1,16000,0.2331,0.41675,0.35015,0.1612,0.1848,0.73365,0.0502,
pusher,none,1,16250,0.23605,0.43005,0.3339,0.16455,0.19695,0.73775,0.044183,
pusher,none,1,16500,0.2388,0.42025,0.34095,0.1638,0.19105,0.7415,0.048608,
pusher,none,1,16750,0.2303,0.4208,0.3489,0.15775,0.1904,0.74365,0.050865,
pusher,none,1,17000,0.23715,0.41345,0.3494,0.1628,0.1873,0.7365,0.049131,
pusher,none,1,17250,0.23565,0.4313,0.33305,0.16305,0.19595,0.7436,0.047967,
pusher,none,1,17500,0.23925,0.42665,0.3341,0.16595,0.1916,0.74075,0.045804,
pusher,none,1,17750,0.2314,0.4216,0.347,0.158,0.18995,0.7436,0.047844,
pusher,none,1,18000,0.2385,0.43075,0.33075,0.161,0.19865,0.73955,0.046111,
pusher,none,1,18250,0.24425,0.4205,0.33525,0.16765,0.1911,0.7348,0.046274,
pusher,none,1,18500,0.22215,0.4174,0.36045,0.1529,0.1873,0.74585,0.05158,
pusher,none,1,18750,0.2319,0.43255,0.33555,0.15945,0.1988,0.7453,0.04627,
pusher,none,1,19000,0.2227,0.42805,0.34925,0.1486,0.19485,0.75065,0.047533,
pusher,none,1,19250,0.231,0.42775,0.34125,0.1598,0.19525,0.73775,0.04677,
pusher,none,1,19500,0.2327,0.415,0.3523,0.16145,0.1898,0.73745,0.050143,
pusher,none,1,19750,0.24005,0.4193,0.34065,0.16425,0.1892,0.73635,0.046843,
pusher,none,1,20000,0.23175,0.419,0.34925,0.15625,0.1881,0.74265,0.051068,
pusher,none,2,0,1.0,0.0,0.0,1.0,0.0,0.0,0.0,
pusher,none,2,10,0.9927,0.00035,0.00695,0.97405,0.0,0.0,0.00293,
pusher,none,2,20,0.9734,0.0009,0.0257,0.9202,0.0,0.0,0.011357,
pusher,none,2,30,0.951,0.00125,0.04775,0.86845,0.0,0.0,0.021353,
pusher,none,2,40,0.92245,0.00205,0.0755,0.8036,0.0,0.0,0.034138,
pusher,none,2,50,0.90055,0.00215,0.0973,0.75665,0.0,0.0,0.04485,
pusher,none,2,60,0.88055,0.00185,0.1176,0.72805,0.0,0.0,0.054398,
pusher,none,2,70,0.8683,0.0028,0.1289,0.70365,0.0,0.0,0.061821,
pusher,none,2,80,0.8583,0.0028,0.1389,0.68625,0.0,0.0,0.067161,
pusher,none,2,90,0.8519,0.00315,0.14495,0.6679,0.0,0.0,0.071393,
pusher,none,2,100,0.8428,0.00315,0.15405,0.6469,0.0,0.0,0.075301,
pusher,none,2,110,0.8342,0.0036,0.1622,0.634,0.0,0.0,0.08042,
pusher,none,2,120,0.8322,0.0028,0.165,0.6224,0.0,0.0,0.081327,
pusher,none,2,130,0.82635,0.00365,0.17,0.6177,5e-05,0.0,0.083858,
pusher,none,2,140,0.82235,0.0036,0.17405,0.6085,0.0,0.0,0.084283,
pusher,none,2,150,0.8158,0.0027,0.1815,0.5949,0.0,0.0,0.087613,
pusher,none,2,160,0.81105,0.0033,0.18565,0.5903,0.0,0.0,0.087088,
pusher,none,2,170,0.8171,0.00405,0.17885,0.5892,0.0,0.0,0.085841,
pusher,none,2,180,0.81615,0.0037,0.18015,0.587,5e-05,0.0,0.086975,
pusher,none,2,190,0.80935,0.0034,0.18725,0.5745,0.0,0.0,0.089698,
pusher,none,2,200,0.80415,0.0035,0.19235,0.567,0.0,0.0,0.090792,
pusher,none,2,210,0.80475,0.00365,0.1916,0.57025,0.0,0.0,0.090009,
pusher,none,2,220,0.8089,0.00345,0.18765,0.57105,0.0,0.0,0.088104,
pusher,none,2,230,0.79845,0.00355,0.198,0.56465,0.0,0.0,0.09108,
pusher,none,2,240,0.7995,0.0038,0.1967,0.5626,0.0,0.0,0.090585,
pusher,none,2,250,0.79135,0.00335,0.2053,0.5493,0.0,0.0,0.095378,
pusher,none,2,260,0.79055,0.0031,0.20635,0.5494,0.0,0.0,0.095541,
pusher,none,2,270,0.7885,0.00315,0.20835,0.54825,0.0,0.0,0.095184,
pusher,none,2,280,0.7901,0.00305,0.20685,0.5498,0.0,0.0,0.095571,
pusher,none,2,290,0.7854,0.0036,0.211,0.54885,0.0001,0.0,0.096019,
pusher,none,2,300,0.7823,0.0042,0.2135,0.5393,0.0,0.0,0.10041,
pusher,none,2,310,0.786,0.00375,0.21025,0.5397,0.0,0.0,0.098848,
pusher,none,2,320,0.7824,0.00385,0.21375,0.5346,0.0,0.0,0.100275,
pusher,none,2,330,0.7831,0.0039,0.213,0.53135,0.0,0.0,0.10017,
pusher,none,2,340,0.77705,0.0038,0.21915,0.5304,5e-05,0.0,0.098907,
pusher,none,2,350,0.77875,0.0033,0.21795,0.53035,0.0,0.0,0.099283,
pusher,none,2,360,0.77975,0.0031,0.21715,0.52355,0.0,0.0,0.097357,
pusher,none,2,370,0.77985,0.00345,0.2167,0.5255,0.0,0.0,0.098378,
pusher,none,2,380,0.77935,0.00395,0.2167,0.52485,0.0,0.0,0.094798,
pusher,none,2,390,0.7765,0.0038,0.2197,0.5175,0.0,0.0,0.098329,
pusher,none,2,400,0.77005,0.0035,0.22645,0.5131,5e-05,0.0,0.101832,
pusher,none,2,410,0.77095,0.00335,0.2257,0.5183,0.0,0.0,0.100984,
pusher,none,2,420,0.77485,0.00335,0.2218,0.52185,0.0,0.0,0.097819,
pusher,none,2,430,0.7755,0.0036,0.2209,0.52325,5e-05,0.0,0.096794,
pusher,none,2,440,0.7707,0.00425,0.22505,0.5155,0.0,0.0,0.097986,
pusher,none,2,450,0.77165,0.00355,0.2248,0.51575,0.0,0.0,0.098505,
pusher,none,2,460,0.7695,0.0038,0.2267,0.5059,0.0001,0.0,0.102136,
pusher,none,2,470,0.7686,0.00375,0.22765,0.5081,0.0,0.0,0.101628,
pusher,none,2,480,0.76255,0.00395,0.2335,0.50315,0.0001,0.0,0.101005,
pusher,none,2,490,0.75375,0.00385,0.2424,0.49905,0.00015,0.0,0.104884,
pusher,none,2,500,0.7594,0.00395,0.23665,0.50005,0.0,0.0,0.104886,
pusher,none,2,750,0.7342,0.00425,0.26155,0.4639,0.00025,0.0,0.106769,
pusher,none,2,1000,0.721,0.00565,0.27335,0.46045,0.00025,0.0,0.103678,
pusher,none,2,1250,0.6826,0.004,0.3134,0.42855,5e-05,0.0,0.113915,
pusher,none,2,1500,0.6329,0.003,0.3641,0.387,0.0001,0.0,0.117817,
pusher,none,2,1750,0.5518,0.0033,0.4449,0.3264,0.0,0.0,0.126958,
pusher,none,2,2000,0.4768,0.00325,0.51995,0.2792,0.0,0.0,0.142449,
pusher,none,2,2250,0.44975,0.00305,0.5472,0.25885,0.0,0.0,0.137416,
pusher,none,2,2500,0.4012,0.0024,0.5964,0.23255,0.0,0.0,0.146536,
pusher,none,2,2750,0.35385,0.0022,0.64395,0.20635,0.0,0.0,0.142731,
pusher,none,2,3000,0.3115,0.0026,0.6859,0.1834,0.0,0.0,0.153913,
pusher,none,2,3250,0.27955,0.00255,0.7179,0.1605,0.0,0.0,0.14942,
pusher,none,2,3500,0.23545,0.00185,0.7627,0.1375,0.0,0.0,0.153984,
pusher,none,2,3750,0.21905,0.0017,0.77925,0.12445,5e-05,0.0,0.156908,
pusher,none,2,4000,0.2089,0.0018,0.7893,0.1135,5e-05,0.0,0.162447,
pusher,none,2,4250,0.22835,0.0032,0.76845,0.12495,0.0003,0.0,0.165059,
pusher,none,2,4500,0.2111,0.00265,0.78625,0.11625,0.0003,5e-05,0.154245,
pusher,none,2,4750,0.21185,0.0029,0.78525,0.11865,0.0003,0.0,0.160257,
pusher,none,2,5000,0.21295,0.00475,0.7823,0.1152,0.00055,0.0,0.162673,
pusher,none,2,5250,0.2108,0.00575,0.78345,0.11635,0.0008,0.0,0.155764,
pusher,none,2,5500,0.213,0.0058,0.7812,0.1182,0.0008,0.0,0.154326,
pusher,none,2,5750,0.21315,0.00455,0.7823,0.11915,0.00065,0.0,0.154034,
pusher,none,2,6000,0.21705,0.00635,0.7766,0.1171,0.0008,0.0,0.162203,
pusher,none,2,6250,0.218,0.01115,0.77085,0.12245,0.002,0.0009,0.153296,
pusher,none,2,6500,0.22985,0.01585,0.7543,0.13215,0.0033,0.0017,0.153038,
pusher,none,2,6750,0.22135,0.0185,0.76015,0.1264,0.0041,0.0058,0.150573,
pusher,none,2,7000,0.22315,0.0275,0.74935,0.12815,0.00535,0.00375,0.149842,
pusher,none,2,7250,0.22085,0.03785,0.7413,0.1235,0.0077,0.00675,0.147612,
pusher,none,2,7500,0.22315,0.0537,0.72315,0.1257,0.0149,0.021,0.140733,
pusher,none,2,7750,0.22705,0.06955,0.7034,0.12805,0.01755,0.0299,0.137837,
pusher,none,2,8000,0.2343,0.08085,0.68485,0.1359,0.0228,0.03595,0.131528,
pusher,none,2,8250,0.23695,0.0901,0.67295,0.1421,0.0248,0.0476,0.133613,
pusher,none,2,8500,0.2376,0.10185,0.66055,0.14015,0.0285,0.05455,0.127271,
pusher,none,2,8750,0.24335,0.1138,0.64285,0.14515,0.03555,0.07745,0.120913,
pusher,none,2,9000,0.24625,0.12775,0.626,0.1444,0.03715,0.08005,0.121743,
pusher,none,2,9250,0.2303,0.15365,0.61605,0.13705,0.04515,0.1027,0.111835,
pusher,none,2,9500,0.24155,0.1727,0.58575,0.14675,0.0533,0.12575,0.10594,
pusher,none,2,9750,0.24785,0.19895,0.5532,0.14965,0.06195,0.138,0.092181,
pusher,none,2,10000,0.2518,0.2179,0.5303,0.15425,0.06415,0.15495,0.086975,
pusher,none,2,10250,0.2539,0.22915,0.51695,0.1572,0.0704,0.1658,0.084918,
pusher,none,2,10500,0.2526,0.25325,0.49415,0.1522,0.08105,0.2009,0.07772,
pusher,none,2,10750,0.26315,0.293,0.44385,0.16545,0.0961,0.2248,0.06874,
pusher,none,2,11000,0.26215,0.3098,0.42805,0.16295,0.1053,0.25915,0.066462,
pusher,none,2,11250,0.25665,0.3108,0.43255,0.159,0.10105,0.2837,0.064368,
pusher,none,2,11500,0.26635,0.33715,0.3965,0.16845,0.1102,0.2687,0.056379,
pusher,none,2,11750,0.2647,0.3317,0.4036,0.1657,0.11105,0.28285,0.055352,
pusher,none,2,12000,0.26005,0.34245,0.3975,0.165,0.11535,0.3161,0.056671,
pusher,none,2,12250,0.2594,0.35475,0.38585,0.1649,0.12345,0.34585,0.05409,
pusher,none,2,12500,0.2606,0.36455,0.37485,0.16975,0.1306,0.3723,0.050571,
pusher,none,2,12750,0.26345,0.36885,0.3677,0.1713,0.1384,0.41485,0.050671,
pusher,none,2,13000,0.2546,0.37815,0.36725,0.16305,0.1417,0.46425,0.051636,
pusher,none,2,13250,0.25275,0.3969,0.35035,0.1685,0.1573,0.5008,0.047178,
pusher,none,2,13500,0.2438,0.39915,0.35705,0.16305,0.1602,0.52635,0.048104,
pusher,none,2,13750,0.25035,0.3886,0.36105,0.168,0.15645,0.5396,0.048696,
pusher,none,2,14000,0.24235,0.39245,0.3652,0.163,0.16035,0.5759,0.04749,
pusher,none,2,14250,0.24335,0.3923,0.36435,0.16385,0.1639,0.5888,0.051851,
pusher,none,2,14500,0.24485,0.3966,0.35855,0.16025,0.1704,0.62015,0.050004,
pusher,none,2,14750,0.24415,0.4086,0.34725,0.1628,0.17865,0.6419,0.049214,
pusher,none,2,15000,0.24215,0.40215,0.3557,0.1608,0.175,0.65655,0.048801,
pusher,none,2,15250,0.2434,0.40745,0.34915,0.1634,0.1766,0.67335,0.049689,
pusher,none,2,15500,0.23485,0.4134,0.35175,0.1604,0.18405,0.6915,0.048929,
pusher,none,2,15750,0.22905,0.42265,0.3483,0.154,0.18995,0.71495,0.048368,
pusher,none,2,16000,0.23995,0.4256,0.33445,0.1619,0.1921,0.7195,0.04728,
pusher,none,2,16250,0.2463,0.41795,0.33575,0.1715,0.1887,0.7151,0.049318,
pusher,none,2,16500,0.2375,0.4266,0.3359,0.16215,0.19375,0.73785,0.047552,
pusher,none,2,16750,0.2344,0.42225,0.34335,0.1645,0.19235,0.73775,0.047828,
pusher,none,2,17000,0.2399,0.4237,0.3364,0.16285,0.1926,0.73265,0.048016,
pusher,none,2,17250,0.242,0.42395,0.33405,0.1642,0.1912,0.74085,0.047542,
pusher,none,2,17500,0.23035,0.433,0.33665,0.1576,0.1958,0.74705,0.048155,
pusher,none,2,17750,0.2274,0.4141,0.3585,0.15385,0.1897,0.7368,0.051581,
pusher,none,2,18000,0.24195,0.4137,0.34435,0.1634,0.18755,0.73635,0.047996,
pusher,none,2,18250,0.2293,0.42545,0.34525,0.1565,0.19495,0.74795,0.046667,
pusher,none,2,18500,0.234,0.4257,0.3403,0.1584,0.19105,0.73465,0.046494,
pusher,none,2,18750,0.23365,0.4281,0.33825,0.1619,0.1955,0.73095,0.049581,
pusher,none,2,19000,0.2336,0.4187,0.3477,0.1586,0.1921,0.73115,0.049614,
pusher,none,2,19250,0.2227,0.43985,0.33745,0.1508,0.2056,0.75515,0.044952,
pusher,none,2,19500,0.21825,0.424,0.35775,0.1454,0.1922,0.75305,0.049527,
pusher,none,2,19750,0.2416,0.4295,0.3289,0.1644,0.1944,0.7343,0.047502,
pusher,none,2,20000,0.2298,0.41835,0.35185,0.15595,0.18975,0.73395,0.053376,
pusher,none,3,0,1.0,0.0,0.0,1.0,0.0,0.0,0.0,
pusher,none,3,10,0.9918,0.00025,0.00795,0.9738,0.0,0.0,0.003295,
pusher,none,3,20,0.97175,0.00115,0.0271,0.91765,0.0,0.0,0.011616,
pusher,none,3,30,0.95085,0.00185,0.0473,0.86265,0.0,0.0,0.021329,
pusher,none,3,40,0.92875,0.00205,0.0692,0.8144,0.0,0.0,0.031142,
pusher,none,3,50,0.91095,0.00175,0.0873,0.7775,0.0,0.0,0.041337,
pusher,none,3,60,0.89555,0.0029,0.10155,0.744,0.0,0.0,0.049121,
pusher,none,3,70,0.87915,0.00185,0.119,0.71165,5e-05,0.0,0.056121,
pusher,none,3,80,0.8691,0.0022,0.1287,0.69405,5e-05,0.0,0.061637,
pusher,none,3,90,0.85855,0.0026,0.13885,0.67055,0.0,0.0,0.068305,
pusher,none,3,100,0.84305,0.0027,0.15425,0.64955,0.0,0.0,0.073819,
pusher,none,3,110,0.8357,0.0027,0.1616,0.63525,5e-05,0.0,0.077769,
pusher,none,3,120,0.83555,0.0031,0.16135,0.63025,5e-05,0.0,0.0796,
pusher,none,3,130,0.831,0.0032,0.1658,0.6208,0.0,0.0,0.080708,
pusher,none,3,140,0.81975,0.004,0.17625,0.60735,0.0,0.0,0.084092,
pusher,none,3,150,0.8201,0.00415,0.17575,0.59625,5e-05,0.0,0.082415,
pusher,none,3,160,0.809,0.0039,0.1871,0.58495,5e-05,0.0,0.087396,
pusher,none,3,170,0.8091,0.00375,0.18715,0.5767,0.0,0.0,0.089389,
pusher,none,3,180,0.8096,0.00385,0.18655,0.58025,5e-05,0.0,0.090066,
pusher,none,3,190,0.8072,0.00375,0.18905,0.5791,0.0001,0.0,0.089037,
pusher,none,3,200,0.807,0.00415,0.18885,0.5807,0.0001,0.0,0.088503,
pusher,none,3,210,0.8001,0.0043,0.1956,0.57545,5e-05,0.0,0.090364,
pusher,none,3,220,0.8022,0.00335,0.19445,0.57475,0.0,0.0,0.090053,
pusher,none,3,230,0.8052,0.0048,0.19,0.5706,0.0,0.0,0.08902,
pusher,none,3,240,0.80785,0.00375,0.1884,0.57695,5e-05,0.0,0.086251,
pusher,none,3,250,0.8072,0.0037,0.1891,0.5734,0.0,0.0,0.088371,
pusher,none,3,260,0.81095,0.00345,0.1856,0.57515,0.0,0.0,0.086566,
pusher,none,3,270,0.79625,0.00395,0.1998,0.55955,0.0,0.0,0.092513,
pusher,none,3,280,0.78695,0.0035,0.20955,0.55825,0.0,0.0,0.096977,
pusher,none,3,290,0.789,0.0038,0.2072,0.5562,5e-05,0.0,0.097672,
pusher,none,3,300,0.7848,0.0031,0.2121,0.54675,5e-05,0.0,0.098634,
pusher,none,3,310,0.7857,0.00385,0.21045,0.5418,0.0,0.0,0.097282,
pusher,none,3,320,0.7828,0.0037,0.2135,0.53305,0.0,0.0,0.09854,
pusher,none,3,330,0.7862,0.00425,0.20955,0.5355,0.0,0.0001,0.096372,
pusher,none,3,340,0.7868,0.00335,0.20985,0.53935,0.0,0.0,0.092872,
pusher,none,3,350,0.79375,0.0039,0.20235,0.54205,5e-05,0.0,0.091283,
pusher,none,3,360,0.79445,0.004,0.20155,0.5467,0.0001,0.0,0.090554,
pusher,none,3,370,0.78935,0.0039,0.20675,0.5438,0.00015,0.0,0.090634,
pusher,none,3,380,0.7794,0.0039,0.2167,0.53465,0.0,0.0,0.095463,
pusher,none,3,390,0.78045,0.00415,0.2154,0.5272,0.0,0.0,0.096123,
pusher,none,3,400,0.78045,0.00355,0.216,0.53275,0.0,0.0,0.096761,
pusher,none,3,410,0.7778,0.0041,0.2181,0.53685,5e-05,0.0,0.095635,
pusher,none,3,420,0.7742,0.0041,0.2217,0.51805,0.0,0.0,0.099593,
pusher,none,3,430,0.78205,0.00405,0.2139,0.53135,5e-05,0.0,0.096666,
pusher,none,3,440,0.7777,0.00365,0.21865,0.5138,5e-05,0.0,0.099166,
pusher,none,3,450,0.77565,0.00415,0.2202,0.5257,5e-05,0.0,0.098265,
pusher,none,3,460,0.7756,0.0039,0.2205,0.5255,5e-05,0.0,0.099232,
pusher,none,3,470,0.77865,0.0031,0.21825,0.5292,5e-05,0.0,0.096281,
pusher,none,3,480,0.77205,0.00335,0.2246,0.52295,0.0,0.0,0.096817,
pusher,none,3,490,0.77025,0.00335,0.2264,0.5169,0.0,0.0,0.096483,
pusher,none,3,500,0.76025,0.00375,0.236,0.5026,5e-05,0.0,0.098769,
pusher,none,3,750,0.74655,0.0035,0.24995,0.4792,0.0,0.0,0.106274,
pusher,none,3,1000,0.71595,0.00415,0.2799,0.44575,0.0,0.0,0.113557,
pusher,none,3,1250,0.71645,0.00475,0.2788,0.43845,0.0,0.0,0.114821,
pusher,none,3,1500,0.70225,0.0072,0.29055,0.4313,0.0,0.0,0.116016,
pusher,none,3,1750,0.69975,0.01,0.29025,0.4288,0.0001,0.0,0.112942,
pusher,none,3,2000,0.6859,0.01705,0.29705,0.41435,0.00025,5e-05,0.114095,
pusher,none,3,2250,0.65785,0.02895,0.3132,0.3916,0.0005,0.0,0.114503,
pusher,none,3,2500,0.62155,0.04825,0.3302,0.3582,0.00305,0.00675,0.107374,
pusher,none,3,2750,0.54335,0.0857,0.37095,0.3034,0.01255,0.0419,0.110651,
pusher,none,3,3000,0.47265,0.14695,0.3804,0.26545,0.03065,0.08815,0.094124,
pusher,none,3,3250,0.40445,0.1955,0.40005,0.22585,0.04315,0.1405,0.088991,
pusher,none,3,3500,0.35715,0.24325,0.3996,0.1937,0.0679,0.22125,0.079428,
pusher,none,3,3750,0.3395,0.2712,0.3893,0.19055,0.07485,0.26495,0.071876,
pusher,none,3,4000,0.33125,0.29255,0.3762,0.19155,0.09275,0.31325,0.067462,
pusher,none,3,4250,0.3209,0.32,0.3591,0.1911,0.1091,0.3685,0.060242,
pusher,none,3,4500,0.29895,0.34295,0.3581,0.1768,0.12415,0.4347,0.057412,
pusher,none,3,4750,0.27165,0.35715,0.3712,0.1716,0.1386,0.49755,0.057885,
pusher,none,3,5000,0.26035,0.3906,0.34905,0.1687,0.15895,0.5595,0.051637,
pusher,none,3,5250,0.2586,0.39975,0.34165,0.17445,0.1737,0.60245,0.050991,
pusher,none,3,5500,0.24425,0.40345,0.3523,0.1634,0.17435,0.63585,0.051714,
pusher,none,3,5750,0.2437,0.4097,0.3466,0.1627,0.1771,0.6606,0.045455,
pusher,none,3,6000,0.24715,0.40685,0.346,0.16335,0.1781,0.6747,0.048038,
pusher,none,3,6250,0.2447,0.41295,0.34235,0.16565,0.17945,0.6806,0.04608,
pusher,none,3,6500,0.22245,0.42345,0.3541,0.1488,0.1913,0.7127,0.047383,
pusher,none,3,6750,0.2429,0.4075,0.3496,0.1622,0.1827,0.7044,0.050952,
pusher,none,3,7000,0.2365,0.42,0.3435,0.1634,0.1896,0.7246,0.048538,
pusher,none,3,7250,0.23735,0.41815,0.3445,0.16725,0.18745,0.7228,0.046921,
pusher,none,3,7500,0.2373,0.42075,0.34195,0.16285,0.1937,0.72655,0.049322,
pusher,none,3,7750,0.23245,0.4221,0.34545,0.1598,0.19095,0.72915,0.048855,
pusher,none,3,8000,0.24235,0.4243,0.33335,0.1676,0.19595,0.73825,0.046124,
pusher,none,3,8250,0.24295,0.4141,0.34295,0.16485,0.19,0.72695,0.049273,
pusher,none,3,8500,0.23175,0.42015,0.3481,0.16135,0.19105,0.7423,0.048736,
pusher,none,3,8750,0.23465,0.4328,0.33255,0.1585,0.1963,0.74785,0.047428,
pusher,none,3,9000,0.222,0.4341,0.3439,0.1505,0.1941,0.76195,0.0463,
pusher,none,3,9250,0.226,0.42335,0.35065,0.1556,0.19735,0.7515,0.049792,
pusher,none,3,9500,0.23865,0.40965,0.3517,0.165,0.18545,0.7379,0.048924,
pusher,none,3,9750,0.2448,0.41395,0.34125,0.16935,0.18895,0.7315,0.047344,
pusher,none,3,10000,0.2369,0.42425,0.33885,0.16435,0.19265,0.7437,0.049551,
pusher,none,3,10250,0.23345,0.4142,0.35235,0.1612,0.1839,0.7376,0.047027,
pusher,none,3,10500,0.2448,0.42,0.3352,0.1645,0.1883,0.73035,0.049752,
pusher,none,3,10750,0.23655,0.42015,0.3433,0.15805,0.1905,0.73875,0.049805,
pusher,none,3,11000,0.21875,0.43305,0.3482,0.1503,0.2006,0.75145,0.049777,
pusher,none,3,11250,0.23135,0.42665,0.342,0.1563,0.1988,0.7391,0.049905,
pusher,none,3,11500,0.2376,0.4246,0.3378,0.1653,0.197,0.73705,0.047159,
pusher,none,3,11750,0.2285,0.42435,0.34715,0.1568,0.1929,0.7498,0.04953,
pusher,none,3,12000,0.2436,0.4225,0.3339,0.1654,0.1911,0.73685,0.046874,
pusher,none,3,12250,0.2393,0.4176,0.3431,0.1647,0.19195,0.72845,0.051213,
pusher,none,3,12500,0.2348,0.41215,0.35305,0.1619,0.18685,0.7324,0.052162,
pusher,none,3,12750,0.2393,0.4214,0.3393,0.16495,0.19205,0.74155,0.048948,
pusher,none,3,13000,0.2371,0.4145,0.3484,0.1589,0.188,0.7372,0.050059,
pusher,none,3,13250,0.2353,0.42605,0.33865,0.16305,0.1897,0.7439,0.045435,
pusher,none,3,13500,0.2303,0.42385,0.34585,0.15775,0.1932,0.7458,0.047821,
pusher,none,3,13750,0.2365,0.4273,0.3362,0.1575,0.1945,0.7445,0.047489,
pusher,none,3,14000,0.2416,0.42205,0.33635,0.16735,0.19345,0.7372,0.046878,
pusher,none,3,14250,0.23375,0.4107,0.35555,0.1604,0.18885,0.7267,0.053543,
pusher,none,3,14500,0.24145,0.4158,0.34275,0.16535,0.1901,0.7355,0.05064,
pusher,none,3,14750,0.23055,0.41785,0.3516,0.15595,0.188,0.74895,0.048756,
pusher,none,3,15000,0.2418,0.41965,0.33855,0.164,0.193,0.73795,0.047039,
pusher,none,3,15250,0.22795,0.4265,0.34555,0.1571,0.1934,0.74775,0.049888,
pusher,none,3,15500,0.23345,0.4232,0.34335,0.16015,0.1933,0.7407,0.051323,
pusher,none,3,15750,0.2326,0.4174,0.35,0.15785,0.19115,0.74075,0.049942,
pusher,none,3,16000,0.22335,0.4319,0.34475,0.1513,0.19655,0.75355,0.04698,
pusher,none,3,16250,0.24035,0.41905,0.3406,0.16395,0.18835,0.73905,0.047224,
pusher,none,3,16500,0.2366,0.4207,0.3427,0.16,0.1919,0.73445,0.047591,
pusher,none,3,16750,0.23345,0.4221,0.34445,0.1598,0.19585,0.7403,0.05173,
pusher,none,3,17000,0.23005,0.4297,0.34025,0.156,0.19855,0.7508,0.047384,
pusher,none,3,17250,0.22715,0.4178,0.35505,0.1555,0.19275,0.7423,0.052735,
pusher,none,3,17500,0.2313,0.42705,0.34165,0.15905,0.19725,0.74475,0.047072,
pusher,none,3,17750,0.2341,0.4272,0.3387,0.15615,0.1979,0.73475,0.048071,
pusher,none,3,18000,0.2415,0.41195,0.34655,0.1682,0.18625,0.727,0.050778,
pusher,none,3,18250,0.2245,0.43265,0.34285,0.15305,0.1948,0.74645,0.050254,
pusher,none,3,18500,0.2327,0.41625,0.35105,0.156,0.1893,0.74745,0.0493,
pusher,none,3,18750,0.2409,0.41515,0.34395,0.16485,0.18935,0.7345,0.047356,
pusher,none,3,19000,0.2431,0.4254,0.3315,0.16685,0.1897,0.73915,0.044894,
pusher,none,3,19250,0.2382,0.42975,0.33205,0.1611,0.1981,0.74545,0.047054,
pusher,none,3,19500,0.23155,0.42285,0.3456,0.1559,0.19345,0.739,0.049984,
pusher,none,3,19750,0.23385,0.4279,0.33825,0.1594,0.1937,0.74235,0.048086,
pusher,none,3,20000,0.22885,0.4292,0.34195,0.1583,0.1939,0.7485,0.049779,
closed,none,1,0,0.0,1.0,0.0,0.0,1.0,1.0,0.0,
closed,none,1,10,0.0294,0.7785,0.1921,0.01945,0.40275,0.9791,0.003721,
closed,none,1,20,0.10175,0.58195,0.3163,0.06865,0.2741,0.9229,0.017441,
closed,none,1,30,0.1547,0.5039,0.3414,0.108,0.2322,0.8677,0.028058,
closed,none,1,40,0.18075,0.4639,0.35535,0.12435,0.21575,0.8228,0.038518,
closed,none,1,50,0.20585,0.44745,0.3467,0.14175,0.20475,0.7903,0.044307,
closed,none,1,60,0.21195,0.43785,0.3502,0.1462,0.1963,0.7755,0.045321,
closed,none,1,70,0.21865,0.42975,0.3516,0.1499,0.1968,0.76125,0.050861,
closed,none,1,80,0.2201,0.43215,0.34775,0.1536,0.19515,0.76095,0.049643,
closed,none,1,90,0.22405,0.43265,0.3433,0.1507,0.20115,0.75695,0.046625,
closed,none,1,100,0.22335,0.42815,0.3485,0.15715,0.19585,0.7549,0.046799,
closed,none,1,110,0.22725,0.4321,0.34065,0.15505,0.19955,0.75605,0.047049,
closed,none,1,120,0.2294,0.42855,0.34205,0.1598,0.1963,0.75435,0.047271,
closed,none,1,130,0.22465,0.43385,0.3415,0.1569,0.20065,0.75555,0.046976,
closed,none,1,140,0.22545,0.42335,0.3512,0.15295,0.1915,0.7488,0.048486,
closed,none,1,150,0.2327,0.41805,0.34925,0.15845,0.1893,0.74855,0.047803,
closed,none,1,160,0.23265,0.41335,0.354,0.1581,0.18565,0.73625,0.05043,
closed,none,1,170,0.23065,0.42585,0.3435,0.1537,0.19305,0.7382,0.05167,
closed,none,1,180,0.23775,0.4181,0.34415,0.1634,0.1904,0.73655,0.051304,
closed,none,1,190,0.2373,0.42225,0.34045,0.16865,0.1943,0.73895,0.050536,
closed,none,1,200,0.2371,0.4299,0.333,0.16105,0.1977,0.7463,0.047187,
closed,none,1,210,0.2279,0.423,0.3491,0.1582,0.1956,0.74985,0.047127,
closed,none,1,220,0.2246,0.42665,0.34875,0.1534,0.19475,0.75295,0.047392,
closed,none,1,230,0.2338,0.42525,0.34095,0.16045,0.1936,0.7422,0.046743,
closed,none,1,240,0.2257,0.4297,0.3446,0.15265,0.19345,0.7455,0.048765,
closed,none,1,250,0.23885,0.41765,0.3435,0.16205,0.18785,0.73315,0.048101,
closed,none,1,260,0.23445,0.421,0.34455,0.15745,0.1908,0.7395,0.050191,
closed,none,1,270,0.24015,0.42155,0.3383,0.16215,0.19325,0.7368,0.047158,
closed,none,1,280,0.2327,0.4248,0.3425,0.15895,0.19295,0.7435,0.048464,
closed,none,1,290,0.2308,0.41875,0.35045,0.1591,0.1922,0.7426,0.047873,
closed,none,1,300,0.2395,0.4172,0.3433,0.16585,0.19075,0.73595,0.048182,
closed,none,1,310,0.2301,0.4278,0.3421,0.157,0.1929,0.74565,0.049643,
closed,none,1,320,0.23265,0.42985,0.3375,0.15625,0.19375,0.75185,0.048348,
closed,none,1,330,0.2295,0.427,0.3435,0.15825,0.1958,0.75,0.048201,
closed,none,1,340,0.2268,0.4273,0.3459,0.15425,0.19555,0.7501,0.047897,
closed,none,1,350,0.22685,0.42255,0.3506,0.1546,0.1915,0.7489,0.04973,
closed,none,1,360,0.23655,0.41195,0.3515,0.16295,0.18785,0.7316,0.050221,
closed,none,1,370,0.23715,0.40985,0.353,0.1604,0.19045,0.73705,0.051037,
closed,none,1,380,0.2307,0.41465,0.35465,0.1587,0.1877,0.73805,0.050374,
closed,none,1,390,0.23545,0.41585,0.3487,0.1613,0.19065,0.73775,0.049635,
closed,none,1,400,0.23285,0.40705,0.3601,0.16215,0.1873,0.739,0.051165,
closed,none,1,410,0.2309,0.41225,0.35685,0.1557,0.1866,0.7385,0.053011,
closed,none,1,420,0.2355,0.406,0.3585,0.1586,0.1878,0.73495,0.05257,
closed,none,1,430,0.23655,0.41765,0.3458,0.1601,0.1917,0.7331,0.050981,
closed,none,1,440,0.24215,0.41585,0.342,0.16355,0.1925,0.73535,0.05055,
closed,none,1,450,0.23565,0.4189,0.34545,0.15775,0.1882,0.74095,0.050881,
closed,none,1,460,0.24115,0.42545,0.3334,0.1658,0.196,0.7361,0.049775,
closed,none,1,470,0.24285,0.4308,0.32635,0.16595,0.1997,0.7386,0.048409,
closed,none,1,480,0.2387,0.42785,0.33345,0.1645,0.19535,0.74005,0.046728,
closed,none,1,490,0.23575,0.4295,0.33475,0.16415,0.1944,0.74265,0.047731,
closed,none,1,500,0.23695,0.4206,0.34245,0.16455,0.19405,0.7451,0.048018,
closed,none,1,750,0.2378,0.4224,0.3398,0.16095,0.1925,0.73335,0.046805,
closed,none,1,1000,0.2193,0.43775,0.34295,0.15085,0.2006,0.7472,0.049197,
closed,none,1,1250,0.2381,0.4115,0.3504,0.1634,0.1854,0.72655,0.048745,
closed,none,1,1500,0.22715,0.43155,0.3413,0.15255,0.1976,0.74745,0.046371,
closed,none,1,1750,0.22715,0.42695,0.3459,0.1559,0.19475,0.74475,0.048195,
closed,none,1,2000,0.23535,0.41695,0.3477,0.16175,0.19055,0.73325,0.049611,
closed,none,1,2250,0.24285,0.4181,0.33905,0.16485,0.19225,0.7327,0.047647,
closed,none,1,2500,0.2289,0.4311,0.34,0.1603,0.19755,0.75155,0.045708,
closed,none,1,2750,0.23295,0.4191,0.34795,0.1617,0.1892,0.7437,0.048987,
closed,none,1,3000,0.2286,0.4301,0.3413,0.1576,0.19695,0.7529,0.048567,
closed,none,1,3250,0.2359,0.4202,0.3439,0.1614,0.18885,0.7392,0.047934,
closed,none,1,3500,0.2387,0.4228,0.3385,0.16265,0.1892,0.7418,0.045693,
closed,none,1,3750,0.2324,0.4235,0.3441,0.1608,0.19185,0.74495,0.048786,
closed,none,1,4000,0.231,0.43455,0.33445,0.15755,0.1991,0.74895,0.047596,
closed,none,1,4250,0.2314,0.4216,0.347,0.16205,0.19315,0.74605,0.048439,
closed,none,1,4500,0.23935,0.41935,0.3413,0.1641,0.18735,0.73515,0.047679,
closed,none,1,4750,0.2366,0.4219,0.3415,0.16245,0.1953,0.7414,0.046481,
closed,none,1,5000,0.23885,0.4273,0.33385,0.16535,0.19115,0.7377,0.046664,
closed,none,1,5250,0.23185,0.4184,0.34975,0.1591,0.1928,0.7454,0.051975,
closed,none,1,5500,0.2422,0.4216,0.3362,0.16945,0.19255,0.72955,0.048207,
closed,none,1,5750,0.24015,0.42275,0.3371,0.1611,0.19575,0.73735,0.048004,
closed,none,1,6000,0.2388,0.42255,0.33865,0.1624,0.1876,0.73355,0.047914,
closed,none,1,6250,0.23695,0.41855,0.3445,0.16185,0.1899,0.73345,0.050945,
closed,none,1,6500,0.24295,0.4188,0.33825,0.16255,0.1949,0.7343,0.04898,
closed,none,1,6750,0.24065,0.42545,0.3339,0.1651,0.1939,0.73805,0.046895,
closed,none,1,7000,0.2362,0.43245,0.33135,0.1643,0.19375,0.75205,0.044834,
closed,none,1,7250,0.23825,0.422,0.33975,0.16705,0.1954,0.7411,0.048144,
closed,none,1,7500,0.24495,0.4263,0.32875,0.16855,0.1932,0.7352,0.047425,
closed,none,1,7750,0.23175,0.43235,0.3359,0.15775,0.19865,0.75025,0.044948,
closed,none,1,8000,0.2338,0.4227,0.3435,0.1613,0.19295,0.74835,0.046435,
closed,none,1,8250,0.2358,0.4184,0.3458,0.15795,0.19255,0.7392,0.05049,
closed,none,1,8500,0.23175,0.43005,0.3382,0.1594,0.1963,0.74375,0.045105,
closed,none,1,8750,0.24655,0.4155,0.33795,0.1707,0.19025,0.73025,0.051194,
closed,none,1,9000,0.229,0.4232,0.3478,0.15715,0.18955,0.7489,0.048713,
closed,none,1,9250,0.23525,0.42235,0.3424,0.161,0.18985,0.7464,0.048419,
closed,none,1,9500,0.2335,0.43605,0.33045,0.1596,0.1998,0.74615,0.045505,
closed,none,1,9750,0.23565,0.42545,0.3389,0.1595,0.18895,0.7361,0.051291,
closed,none,1,10000,0.2312,0.43075,0.33805,0.15845,0.19785,0.7503,0.046778,
closed,none,1,10250,0.2357,0.4104,0.3539,0.161,0.1877,0.73065,0.052142,
closed,none,1,10500,0.23375,0.42945,0.3368,0.15865,0.1977,0.7461,0.046241,
closed,none,1,10750,0.2363,0.4264,0.3373,0.16425,0.1982,0.73785,0.047334,
closed,none,1,11000,0.2335,0.42935,0.33715,0.15605,0.19445,0.7389,0.047256,
closed,none,1,11250,0.23085,0.4266,0.34255,0.1588,0.19265,0.7457,0.046806,
closed,none,1,11500,0.23545,0.4274,0.33715,0.16325,0.19235,0.7436,0.048424,
closed,none,1,11750,0.2371,0.4183,0.3446,0.1604,0.1946,0.7366,0.050908,
closed,none,1,12000,0.2401,0.4157,0.3442,0.1617,0.1888,0.72885,0.049883,
closed,none,1,12250,0.24625,0.41045,0.3433,0.16665,0.1887,0.7296,0.049666,
closed,none,1,12500,0.23835,0.423,0.33865,0.166,0.19315,0.74015,0.048259,
closed,none,1,12750,0.234,0.42075,0.34525,0.1586,0.19325,0.74485,0.047029,
closed,none,1,13000,0.23075,0.4246,0.34465,0.15935,0.19735,0.7472,0.044166,
closed,none,1,13250,0.2328,0.42515,0.34205,0.16005,0.1946,0.7405,0.048972,
closed,none,1,13500,0.24255,0.41905,0.3384,0.167,0.1896,0.7445,0.049651,
closed,none,1,13750,0.2357,0.42005,0.34425,0.15885,0.19725,0.74195,0.046419,
closed,none,1,14000,0.2291,0.4194,0.3515,0.15535,0.19255,0.7468,0.048837,
closed,none,1,14250,0.2298,0.427,0.3432,0.15465,0.19205,0.7423,0.05136,
closed,none,1,14500,0.24075,0.4219,0.33735,0.1613,0.1976,0.7383,0.049176,
closed,none,1,14750,0.2304,0.43325,0.33635,0.1586,0.2003,0.7458,0.04634,
closed,none,1,15000,0.2384,0.42165,0.33995,0.16305,0.18685,0.7287,0.049526,
closed,none,1,15250,0.23315,0.42805,0.3388,0.1588,0.1941,0.74525,0.047483,
closed,none,1,15500,0.22985,0.42605,0.3441,0.15565,0.19865,0.74675,0.051632,
closed,none,1,15750,0.2449,0.4144,0.3407,0.16425,0.1866,0.7363,0.048499,
closed,none,1,16000,0.2332,0.42735,0.33945,0.1577,0.1936,0.7427,0.04827,
closed,none,1,16250,0.23405,0.42815,0.3378,0.16035,0.19655,0.7478,0.046274,
closed,none,1,16500,0.23745,0.4161,0.34645,0.1619,0.19065,0.73155,0.05174,
closed,none,1,16750,0.22955,0.41715,0.3533,0.155,0.18755,0.74755,0.04994,
closed,none,1,17000,0.23315,0.4263,0.34055,0.1601,0.1948,0.7518,0.04674,
closed,none,1,17250,0.2429,0.42825,0.32885,0.17025,0.19215,0.73925,0.047621,
closed,none,1,17500,0.22965,0.42395,0.3464,0.1585,0.1967,0.7445,0.048572,
closed,none,1,17750,0.24465,0.4113,0.34405,0.16775,0.1829,0.72905,0.048651,
closed,none,1,18000,0.2377,0.4158,0.3465,0.16285,0.1892,0.73925,0.047473,
closed,none,1,18250,0.23805,0.4242,0.33775,0.16265,0.19445,0.74105,0.045618,
closed,none,1,18500,0.23935,0.426,0.33465,0.1664,0.18685,0.74495,0.045174,
closed,none,1,18750,0.2407,0.4252,0.3341,0.165,0.1912,0.7391,0.047913,
closed,none,1,19000,0.2369,0.424,0.3391,0.1634,0.19155,0.74745,0.048846,
closed,none,1,19250,0.2302,0.42285,0.34695,0.1541,0.1956,0.74335,0.047105,
closed,none,1,19500,0.23625,0.42205,0.3417,0.1623,0.19055,0.7404,0.049285,
closed,none,1,19750,0.22805,0.43145,0.3405,0.1512,0.2031,0.7442,0.049641,
closed,none,1,20000,0.23725,0.4179,0.34485,0.15975,0.1894,0.7367,0.049029,
closed,none,2,0,0.0,1.0,0.0,0.0,1.0,1.0,0.0,
closed,none,2,10,0.0287,0.7876,0.1837,0.0184,0.41075,0.98315,0.003032,
closed,none,2,20,0.0951,0.60025,0.30465,0.0628,0.27935,0.9302,0.015671,
closed,none,2,30,0.1493,0.5064,0.3443,0.10285,0.23235,0.86585,0.030585,
closed,none,2,40,0.18255,0.46045,0.357,0.12785,0.21495,0.8177,0.039163,
closed,none,2,50,0.20295,0.446,0.35105,0.14045,0.2073,0.78845,0.044254,
closed,none,2,60,0.2203,0.43585,0.34385,0.1529,0.19755,0.7715,0.045846,
closed,none,2,70,0.21875,0.4431,0.33815,0.1507,0.20335,0.7702,0.046178,
closed,none,2,80,0.22805,0.43315,0.3388,0.1562,0.1967,0.7577,0.043286,
closed,none,2,90,0.2339,0.42455,0.34155,0.16185,0.19035,0.7519,0.046976,
closed,none,2,100,0.23865,0.4132,0.34815,0.16315,0.19075,0.7413,0.049793,
closed,none,2,110,0.2421,0.4171,0.3408,0.16455,0.1878,0.74335,0.050364,
closed,none,2,120,0.2436,0.4125,0.3439,0.16445,0.18985,0.73885,0.048138,
closed,none,2,130,0.24245,0.4192,0.33835,0.16655,0.1951,0.73875,0.047366,
closed,none,2,140,0.24145,0.42185,0.3367,0.1652,0.193,0.74025,0.047616,
closed,none,2,150,0.2368,0.42715,0.33605,0.16535,0.19125,0.739,0.047936,
closed,none,2,160,0.2323,0.4262,0.3415,0.15755,0.20085,0.7509,0.047042,
closed,none,2,170,0.22935,0.4335,0.33715,0.15405,0.1962,0.75325,0.048395,
closed,none,2,180,0.2331,0.42305,0.34385,0.1603,0.1923,0.7453,0.046854,
closed,none,2,190,0.22645,0.4292,0.34435,0.15365,0.19645,0.7565,0.04878,
closed,none,2,200,0.2342,0.4213,0.3445,0.16015,0.1882,0.73975,0.051091,
closed,none,2,210,0.22655,0.41765,0.3558,0.15325,0.18835,0.74985,0.050256,
closed,none,2,220,0.23175,0.41755,0.3507,0.15675,0.19025,0.7428,0.049825,
closed,none,2,230,0.23615,0.4163,0.34755,0.1624,0.1917,0.74245,0.04846,
closed,none,2,240,0.23575,0.4257,0.33855,0.1582,0.1909,0.7446,0.04657,
closed,none,2,250,0.23395,0.42995,0.3361,0.15875,0.19595,0.74185,0.048881,
closed,none,2,260,0.231,0.4247,0.3443,0.15885,0.19105,0.7466,0.047531,
closed,none,2,270,0.2332,0.42125,0.34555,0.15765,0.1952,0.7458,0.048356,
closed,none,2,280,0.2417,0.414,0.3443,0.1642,0.1895,0.7379,0.047949,
closed,none,2,290,0.2406,0.4162,0.3432,0.16735,0.1882,0.7347,0.048907,
closed,none,2,300,0.2439,0.4168,0.3393,0.1677,0.18895,0.7333,0.050985,
closed,none,2,310,0.23645,0.41765,0.3459,0.1634,0.1894,0.7374,0.049646,
closed,none,2,320,0.23685,0.4176,0.34555,0.16235,0.1923,0.7393,0.049602,
closed,none,2,330,0.23665,0.41635,0.347,0.15925,0.18985,0.7389,0.047864,
closed,none,2,340,0.2334,0.41755,0.34905,0.15905,0.18815,0.743,0.047293,
closed,none,2,350,0.24455,0.4174,0.33805,0.1664,0.19005,0.73205,0.047865,
closed,none,2,360,0.24065,0.4195,0.33985,0.15935,0.1921,0.7391,0.04813,
closed,none,2,370,0.2383,0.42095,0.34075,0.16195,0.19525,0.7403,0.046775,
closed,none,2,380,0.23735,0.42545,0.3372,0.15925,0.1939,0.73935,0.046809,
closed,none,2,390,0.2342,0.42005,0.34575,0.1598,0.19365,0.73915,0.048354,
closed,none,2,400,0.2371,0.4117,0.3512,0.1595,0.1883,0.7412,0.049819,
closed,none,2,410,0.241,0.4101,0.3489,0.16035,0.1817,0.7335,0.049302,
closed,none,2,420,0.248,0.40915,0.34285,0.1681,0.18475,0.7281,0.049131,
closed,none,2,430,0.2399,0.41415,0.34595,0.16715,0.18425,0.73655,0.047944,
closed,none,2,440,0.2317,0.4253,0.343,0.15745,0.1936,0.7424,0.050524,
closed,none,2,450,0.23955,0.41525,0.3452,0.1641,0.1891,0.73645,0.051528,
closed,none,2,460,0.2376,0.4231,0.3393,0.15725,0.19365,0.73855,0.049539,
closed,none,2,470,0.23645,0.4162,0.34735,0.16265,0.1859,0.74185,0.049014,
closed,none,2,480,0.23005,0.41735,0.3526,0.1571,0.1896,0.7479,0.051293,
closed,none,2,490,0.23835,0.41725,0.3444,0.16115,0.1912,0.73585,0.052418,
closed,none,2,500,0.23455,0.4322,0.33325,0.16025,0.1976,0.74275,0.051251,
closed,none,2,750,0.22985,0.41625,0.3539,0.15495,0.1897,0.74175,0.052876,
closed,none,2,1000,0.2271,0.43395,0.33895,0.1497,0.1999,0.74915,0.050143,
closed,none,2,1250,0.23595,0.41905,0.345,0.16165,0.18815,0.73835,0.051222,
closed,none,2,1500,0.2312,0.42665,0.34215,0.1577,0.1949,0.7421,0.046499,
closed,none,2,1750,0.22825,0.42295,0.3488,0.15385,0.18785,0.7446,0.050888,
closed,none,2,2000,0.2419,0.4146,0.3435,0.1615,0.18865,0.7278,0.051467,
closed,none,2,2250,0.2336,0.42305,0.34335,0.15905,0.19245,0.7434,0.051055,
closed,none,2,2500,0.22995,0.42195,0.3481,0.1573,0.18895,0.74805,0.048028,
closed,none,2,2750,0.235,0.4166,0.3484,0.1597,0.1901,0.73625,0.052511,
closed,none,2,3000,0.239,0.41705,0.34395,0.1582,0.1897,0.74005,0.048118,
closed,none,2,3250,0.2417,0.4135,0.3448,0.16325,0.1871,0.73395,0.048304,
closed,none,2,3500,0.2362,0.41485,0.34895,0.1625,0.18785,0.73575,0.048575,
closed,none,2,3750,0.23505,0.42675,0.3382,0.1607,0.19555,0.7368,0.050748,
closed,none,2,4000,0.23465,0.42845,0.3369,0.16285,0.2006,0.74505,0.046242,
closed,none,2,4250,0.23485,0.4192,0.34595,0.1585,0.1856,0.73955,0.048619,
closed,none,2,4500,0.23835,0.41635,0.3453,0.16585,0.1883,0.7428,0.047757,
closed,none,2,4750,0.23195,0.4244,0.34365,0.16085,0.1899,0.7453,0.046716,
closed,none,2,5000,0.23075,0.43455,0.3347,0.15555,0.19825,0.7435,0.045752,
closed,none,2,5250,0.2334,0.4187,0.3479,0.15875,0.18705,0.7383,0.049057,
closed,none,2,5500,0.23695,0.4274,0.33565,0.16425,0.1976,0.73215,0.047969,
closed,none,2,5750,0.24595,0.4078,0.34625,0.1663,0.18915,0.72465,0.049638,
closed,none,2,6000,0.2422,0.41565,0.34215,0.1648,0.1897,0.7417,0.048993,
closed,none,2,6250,0.23255,0.4267,0.34075,0.15805,0.19375,0.75075,0.04772,
closed,none,2,6500,0.2266,0.4272,0.3462,0.1538,0.19225,0.74675,0.04764,
closed,none,2,6750,0.2315,0.41345,0.35505,0.159,0.1896,0.73445,0.053242,
closed,none,2,7000,0.2356,0.4193,0.3451,0.16305,0.19005,0.7368,0.048123,
closed,none,2,7250,0.2319,0.4194,0.3487,0.15785,0.19375,0.7433,0.049593,
closed,none,2,7500,0.2376,0.4158,0.3466,0.16275,0.18645,0.7385,0.047066,
closed,none,2,7750,0.22675,0.42575,0.3475,0.15545,0.1969,0.7472,0.04985,
closed,none,2,8000,0.2402,0.4226,0.3372,0.164,0.1956,0.72865,0.049751,
closed,none,2,8250,0.22985,0.42385,0.3463,0.1583,0.19325,0.74165,0.04807,
closed,none,2,8500,0.2379,0.42025,0.34185,0.16595,0.19355,0.7399,0.047352,
closed,none,2,8750,0.24015,0.41435,0.3455,0.1652,0.18835,0.72825,0.050544,
closed,none,2,9000,0.23515,0.426,0.33885,0.1603,0.1963,0.74495,0.047452,
closed,none,2,9250,0.23825,0.41375,0.348,0.164,0.1852,0.7375,0.048401,
closed,none,2,9500,0.2467,0.4133,0.34,0.1663,0.18565,0.72855,0.051085,
closed,none,2,9750,0.24495,0.41365,0.3414,0.1677,0.1906,0.7339,0.050295,
closed,none,2,10000,0.2349,0.42055,0.34455,0.16315,0.19475,0.7391,0.050532,
closed,none,2,10250,0.2292,0.42355,0.34725,0.1581,0.1927,0.7492,0.049598,
closed,none,2,10500,0.23785,0.42035,0.3418,0.1624,0.19135,0.73565,0.047603,
closed,none,2,10750,0.23045,0.4219,0.34765,0.1562,0.1896,0.74635,0.048526,
closed,none,2,11000,0.2393,0.41755,0.34315,0.1619,0.1905,0.7369,0.048944,
closed,none,2,11250,0.23335,0.41795,0.3487,0.16215,0.19305,0.74205,0.049115,
closed,none,2,11500,0.23835,0.42365,0.338,0.16095,0.1919,0.73885,0.049068,
closed,none,2,11750,0.23165,0.4403,0.32805,0.1593,0.1977,0.75035,0.044437,
closed,none,2,12000,0.23415,0.4271,0.33875,0.1604,0.1969,0.7427,0.04923,
closed,none,2,12250,0.2348,0.41485,0.35035,0.1612,0.1846,0.73545,0.049195,
closed,none,2,12500,0.2346,0.41445,0.35095,0.16005,0.1874,0.73875,0.047225,
closed,none,2,12750,0.2388,0.4121,0.3491,0.1628,0.18365,0.7333,0.050645,
closed,none,2,13000,0.24015,0.41285,0.347,0.1664,0.18965,0.73785,0.050285,
closed,none,2,13250,0.24075,0.41665,0.3426,0.16645,0.1879,0.73265,0.049265,
closed,none,2,13500,0.2327,0.42795,0.33935,0.1583,0.1953,0.7485,0.046962,
closed,none,2,13750,0.23495,0.41515,0.3499,0.1629,0.18805,0.73915,0.050764,
closed,none,2,14000,0.2357,0.4221,0.3422,0.15915,0.19155,0.7413,0.04919,
closed,none,2,14250,0.2376,0.4273,0.3351,0.16025,0.19305,0.74025,0.047335,
closed,none,2,14500,0.2399,0.423,0.3371,0.1649,0.18855,0.73615,0.048559,
closed,none,2,14750,0.24005,0.4186,0.34135,0.16295,0.19175,0.7327,0.048899,
closed,none,2,15000,0.24125,0.42225,0.3365,0.16865,0.19195,0.73245,0.050121,
closed,none,2,15250,0.2389,0.4205,0.3406,0.1639,0.19175,0.74305,0.048524,
closed,none,2,15500,0.2331,0.4153,0.3516,0.16045,0.1876,0.7446,0.048553,
closed,none,2,15750,0.2348,0.4205,0.3447,0.1615,0.19275,0.74435,0.048076,
closed,none,2,16000,0.2389,0.42605,0.33505,0.15945,0.19735,0.74325,0.045066,
closed,none,2,16250,0.22915,0.41555,0.3553,0.15845,0.193,0.73495,0.050891,
closed,none,2,16500,0.2425,0.4185,0.339,0.16735,0.1933,0.7342,0.048233,
closed,none,2,16750,0.24265,0.42255,0.3348,0.1679,0.1898,0.73435,0.047341,
closed,none,2,17000,0.232,0.42295,0.34505,0.1576,0.1871,0.7383,0.050796,
closed,none,2,17250,0.2338,0.41745,0.34875,0.16,0.18865,0.74055,0.049508,
closed,none,2,17500,0.23985,0.4221,0.33805,0.1609,0.1928,0.7331,0.051179,
closed,none,2,17750,0.2311,0.4165,0.3524,0.1578,0.1925,0.73925,0.048236,
closed,none,2,18000,0.2419,0.41665,0.34145,0.16565,0.1878,0.7176,0.051531,
closed,none,2,18250,0.22565,0.4168,0.35755,0.15,0.18575,0.7338,0.050576,
closed,none,2,18500,0.23745,0.42725,0.3353,0.1599,0.1944,0.7348,0.047594,
closed,none,2,18750,0.23235,0.4214,0.34625,0.16045,0.1941,0.7424,0.049501,
closed,none,2,19000,0.23565,0.4256,0.33875,0.16325,0.19225,0.7434,0.046382,
closed,none,2,19250,0.23345,0.4255,0.34105,0.1594,0.1936,0.7424,0.050369,
closed,none,2,19500,0.23285,0.4264,0.34075,0.15895,0.1941,0.7426,0.050583,
closed,none,2,19750,0.23105,0.4238,0.34515,0.15675,0.19575,0.74845,0.04904,
closed,none,2,20000,0.2397,0.4271,0.3332,0.16645,0.19715,0.7399,0.046618,
closed,none,3,0,0.0,1.0,0.0,0.0,1.0,1.0,0.0,
closed,none,3,10,0.03095,0.78355,0.1855,0.02055,0.41165,0.9807,0.002897,
closed,none,3,20,0.10075,0.59615,0.3031,0.0674,0.2792,0.92325,0.01697,
closed,none,3,30,0.1494,0.5144,0.3362,0.10345,0.23525,0.864,0.030538,
closed,none,3,40,0.1829,0.46255,0.35455,0.1266,0.21265,0.8186,0.039674,
closed,none,3,50,0.2016,0.4445,0.3539,0.14185,0.21,0.79285,0.042261,
closed,none,3,60,0.20875,0.44655,0.3447,0.14475,0.20825,0.77965,0.043365,
closed,none,3,70,0.2083,0.4501,0.3416,0.14285,0.21085,0.77655,0.046115,
closed,none,3,80,0.2218,0.4326,0.3456,0.15155,0.20125,0.76305,0.046784,
closed,none,3,90,0.2278,0.42265,0.34955,0.156,0.19325,0.74995,0.047536,
closed,none,3,100,0.22915,0.4267,0.34415,0.1576,0.19955,0.75095,0.049279,
closed,none,3,110,0.2319,0.42425,0.34385,0.1587,0.18965,0.7476,0.047722,
closed,none,3,120,0.2269,0.4237,0.3494,0.157,0.19335,0.75445,0.047312,
closed,none,3,130,0.23495,0.423,0.34205,0.16125,0.1964,0.7452,0.046756,
closed,none,3,140,0.2323,0.42425,0.34345,0.16035,0.1938,0.7428,0.048385,
closed,none,3,150,0.2355,0.4267,0.3378,0.16085,0.19695,0.74345,0.047599,
closed,none,3,160,0.2349,0.4246,0.3405,0.16395,0.19835,0.74745,0.047839,
closed,none,3,170,0.23235,0.42845,0.3392,0.15635,0.1952,0.74505,0.048822,
closed,none,3,180,0.2362,0.4213,0.3425,0.1652,0.192,0.7415,0.047853,
closed,none,3,190,0.23385,0.429,0.33715,0.16335,0.19365,0.747,0.046977,
closed,none,3,200,0.227,0.4311,0.3419,0.153,0.20075,0.7542,0.048737,
closed,none,3,210,0.22355,0.4337,0.34275,0.1533,0.20055,0.7577,0.04606,
closed,none,3,220,0.2243,0.4315,0.3442,0.15265,0.19995,0.7615,0.048414,
closed,none,3,230,0.2267,0.4258,0.3475,0.15515,0.19045,0.7582,0.047911,
closed,none,3,240,0.2302,0.42645,0.34335,0.15645,0.1972,0.75235,0.044596,
closed,none,3,250,0.2326,0.42485,0.34255,0.15655,0.19215,0.75065,0.044978,
closed,none,3,260,0.23345,0.422,0.34455,0.16345,0.19515,0.74665,0.045496,
closed,none,3,270,0.228,0.4326,0.3394,0.1557,0.19875,0.7517,0.044748,
closed,none,3,280,0.2351,0.4207,0.3442,0.15925,0.19415,0.7453,0.045805,
closed,none,3,290,0.23305,0.4246,0.34235,0.1586,0.1942,0.73915,0.046864,
closed,none,3,300,0.22985,0.4182,0.35195,0.1584,0.1872,0.74225,0.048755,
closed,none,3,310,0.23375,0.4246,0.34165,0.15945,0.1945,0.74485,0.048201,
closed,none,3,320,0.2311,0.4187,0.3502,0.15695,0.18885,0.7463,0.048462,
closed,none,3,330,0.23605,0.4154,0.34855,0.16015,0.19315,0.7399,0.049312,
closed,none,3,340,0.2278,0.4153,0.3569,0.1563,0.19125,0.73985,0.051342,
closed,none,3,350,0.2377,0.41345,0.34885,0.1659,0.186,0.7363,0.050787,
closed,none,3,360,0.2395,0.41805,0.34245,0.16145,0.19295,0.7446,0.047991,
closed,none,3,370,0.2285,0.42235,0.34915,0.1564,0.19335,0.7529,0.047943,
closed,none,3,380,0.23345,0.42405,0.3425,0.1596,0.1889,0.7455,0.047743,
closed,none,3,390,0.2358,0.4228,0.3414,0.16495,0.19075,0.747,0.047426,
closed,none,3,400,0.23645,0.41455,0.349,0.161,0.1874,0.7372,0.050175,
closed,none,3,410,0.23405,0.4178,0.34815,0.16075,0.19325,0.7362,0.050924,
closed,none,3,420,0.2324,0.42155,0.34605,0.15755,0.1878,0.73905,0.049849,
closed,none,3,430,0.2301,0.4217,0.3482,0.1555,0.1939,0.7378,0.04982,
closed,none,3,440,0.2406,0.42885,0.33055,0.1639,0.19845,0.7376,0.046327,
closed,none,3,450,0.23845,0.4209,0.34065,0.1659,0.19475,0.73615,0.048655,
closed,none,3,460,0.2383,0.4213,0.3404,0.1639,0.19395,0.73885,0.046718,
closed,none,3,470,0.23395,0.42295,0.3431,0.1632,0.19325,0.7415,0.049033,
closed,none,3,480,0.24005,0.42235,0.3376,0.1644,0.1985,0.7396,0.045937,
closed,none,3,490,0.24255,0.41735,0.3401,0.1667,0.1909,0.7377,0.048671,
closed,none,3,500,0.2352,0.42885,0.33595,0.16145,0.19335,0.74235,0.048146,
closed,none,3,750,0.2305,0.4293,0.3402,0.16275,0.19645,0.746,0.050526,
closed,none,3,1000,0.24405,0.4154,0.34055,0.1688,0.18925,0.73475,0.05049,
closed,none,3,1250,0.2402,0.42005,0.33975,0.1672,0.19445,0.73855,0.046417,
closed,none,3,1500,0.23935,0.4203,0.34035,0.16515,0.19165,0.7397,0.048117,
closed,none,3,1750,0.2366,0.4268,0.3366,0.1645,0.18965,0.7356,0.049543,
closed,none,3,2000,0.23305,0.4197,0.34725,0.1587,0.18835,0.7408,0.051387,
closed,none,3,2250,0.23525,0.4228,0.34195,0.1594,0.19055,0.7436,0.049509,
closed,none,3,2500,0.23375,0.4267,0.33955,0.1589,0.1969,0.7397,0.047742,
closed,none,3,2750,0.2402,0.41325,0.34655,0.16795,0.1874,0.72635,0.049936,
closed,none,3,3000,0.2327,0.4268,0.3405,0.15895,0.1954,0.7478,0.046912,
closed,none,3,3250,0.2369,0.4148,0.3483,0.16045,0.18855,0.7409,0.051604,
closed,none,3,3500,0.23345,0.4214,0.34515,0.1615,0.19345,0.73865,0.047509,
closed,none,3,3750,0.2307,0.4348,0.3345,0.15945,0.19925,0.7437,0.047382,
closed,none,3,4000,0.23505,0.4218,0.34315,0.16045,0.1939,0.74765,0.049192,
closed,none,3,4250,0.2284,0.4213,0.3503,0.15475,0.1928,0.74875,0.046147,
closed,none,3,4500,0.21725,0.4277,0.35505,0.14715,0.1982,0.757,0.050326,
closed,none,3,4750,0.23305,0.42495,0.342,0.1611,0.19595,0.746,0.04788,
closed,none,3,5000,0.23985,0.41965,0.3405,0.16325,0.1918,0.73255,0.047676,
closed,none,3,5250,0.23375,0.4264,0.33985,0.1564,0.1943,0.74955,0.046685,
closed,none,3,5500,0.23235,0.416,0.35165,0.15945,0.1904,0.74085,0.046404,
closed,none,3,5750,0.2348,0.41875,0.34645,0.16215,0.19265,0.74885,0.045362,
closed,none,3,6000,0.23525,0.4194,0.34535,0.16,0.1901,0.74155,0.047499,
closed,none,3,6250,0.22905,0.4304,0.34055,0.15565,0.1992,0.7447,0.046807,
closed,none,3,6500,0.25225,0.41765,0.3301,0.1724,0.18875,0.72595,0.046285,
closed,none,3,6750,0.2312,0.4281,0.3407,0.1631,0.19395,0.74955,0.047567,
closed,none,3,7000,0.23295,0.4129,0.35415,0.15625,0.18675,0.7445,0.048697,
closed,none,3,7250,0.24205,0.4133,0.34465,0.165,0.1865,0.7339,0.047652,
closed,none,3,7500,0.23765,0.4201,0.34225,0.1647,0.18965,0.73425,0.048273,
closed,none,3,7750,0.236,0.41835,0.34565,0.16,0.19225,0.7362,0.04856,
closed,none,3,8000,0.2323,0.42685,0.34085,0.15665,0.1956,0.7522,0.044949,
closed,none,3,8250,0.24155,0.42055,0.3379,0.1662,0.19135,0.7362,0.048662,
closed,none,3,8500,0.23515,0.425,0.33985,0.15945,0.19315,0.74405,0.048899,
closed,none,3,8750,0.2325,0.40885,0.35865,0.16095,0.18525,0.73575,0.051864,
closed,none,3,9000,0.2391,0.42155,0.33935,0.16485,0.19305,0.7421,0.047112,
closed,none,3,9250,0.2292,0.4248,0.346,0.15455,0.1977,0.74455,0.048717,
closed,none,3,9500,0.2368,0.42235,0.34085,0.15915,0.18675,0.74945,0.045552,
closed,none,3,9750,0.23865,0.4233,0.33805,0.1653,0.19045,0.74125,0.045328,
closed,none,3,10000,0.2375,0.4222,0.3403,0.1643,0.1916,0.7391,0.047162,
closed,none,3,10250,0.24485,0.42035,0.3348,0.1672,0.1927,0.73335,0.048428,
closed,none,3,10500,0.23715,0.42075,0.3421,0.16255,0.19365,0.74285,0.045735,
closed,none,3,10750,0.23185,0.43395,0.3342,0.15815,0.1925,0.74225,0.048081,
closed,none,3,11000,0.23435,0.4211,0.34455,0.16265,0.1891,0.74605,0.046907,
closed,none,3,11250,0.2291,0.4211,0.3498,0.15745,0.1942,0.7363,0.051025,
closed,none,3,11500,0.2391,0.4155,0.3454,0.16165,0.19085,0.73405,0.048432,
closed,none,3,11750,0.24005,0.4114,0.34855,0.16085,0.1852,0.7325,0.05028,
closed,none,3,12000,0.24185,0.4192,0.33895,0.1646,0.1904,0.7316,0.045,
closed,none,3,12250,0.246,0.41755,0.33645,0.1689,0.19115,0.73005,0.047806,
closed,none,3,12500,0.2333,0.41595,0.35075,0.15745,0.1883,0.73875,0.049993,
closed,none,3,12750,0.23915,0.41865,0.3422,0.1622,0.1906,0.73715,0.052243,
closed,none,3,13000,0.2336,0.4185,0.3479,0.15685,0.19135,0.7415,0.049197,
closed,none,3,13250,0.22905,0.4251,0.34585,0.15645,0.19905,0.7465,0.048088,
closed,none,3,13500,0.24585,0.419,0.33515,0.1687,0.19235,0.73615,0.04627,
closed,none,3,13750,0.23585,0.41695,0.3472,0.16115,0.1943,0.734,0.051456,
closed,none,3,14000,0.23975,0.4161,0.34415,0.1647,0.19305,0.7405,0.046608,
closed,none,3,14250,0.22085,0.4323,0.34685,0.15495,0.19845,0.75215,0.048143,
closed,none,3,14500,0.2362,0.4132,0.3506,0.1629,0.1817,0.7343,0.049989,
closed,none,3,14750,0.24815,0.42375,0.3281,0.1722,0.19205,0.73095,0.045575,
closed,none,3,15000,0.23875,0.42155,0.3397,0.16135,0.1915,0.74,0.047901,
closed,none,3,15250,0.24125,0.42705,0.3317,0.1646,0.1961,0.7413,0.046195,
closed,none,3,15500,0.2391,0.4158,0.3451,0.16365,0.191,0.73525,0.048854,
closed,none,3,15750,0.23385,0.4194,0.34675,0.16185,0.1914,0.73765,0.048842,
closed,none,3,16000,0.23805,0.4261,0.33585,0.16055,0.1958,0.73985,0.050208,
closed,none,3,16250,0.2395,0.4173,0.3432,0.16535,0.1918,0.73775,0.048246,
closed,none,3,16500,0.23595,0.4254,0.33865,0.1645,0.19135,0.7367,0.050119,
closed,none,3,16750,0.2432,0.42355,0.33325,0.16735,0.1944,0.73525,0.048284,
closed,none,3,17000,0.23715,0.42025,0.3426,0.15785,0.1897,0.73585,0.050416,
closed,none,3,17250,0.23415,0.4165,0.34935,0.15805,0.1904,0.73965,0.048997,
closed,none,3,17500,0.24425,0.41245,0.3433,0.1662,0.18555,0.7315,0.05091,
closed,none,3,17750,0.23445,0.42325,0.3423,0.1616,0.19435,0.74695,0.049655,
closed,none,3,18000,0.22885,0.41245,0.3587,0.1563,0.1886,0.73915,0.050986,
closed,none,3,18250,0.23115,0.43095,0.3379,0.1609,0.19775,0.74885,0.04718,
closed,none,3,18500,0.2277,0.42765,0.34465,0.15435,0.19775,0.74855,0.05048,
closed,none,3,18750,0.2331,0.4272,0.3397,0.15705,0.1941,0.7465,0.049765,
closed,none,3,19000,0.2287,0.42895,0.34235,0.15775,0.19825,0.74735,0.049276,
closed,none,3,19250,0.24115,0.4221,0.33675,0.16265,0.1905,0.7357,0.046798,
closed,none,3,19500,0.2358,0.4207,0.3435,0.1603,0.19045,0.74305,0.047604,
closed,none,3,19750,0.23695,0.4335,0.32955,0.16045,0.19895,0.74725,0.04736,
closed,none,3,20000,0.23815,0.4206,0.34125,0.16305,0.1914,0.74805,0.047488,
