stage,L,seed,step,tape,share,ctrl_herit,ctrl_gen2,robustness_h,n_sites,capacity_bits,entered_frac,exec_union,n_sites_unexecuted
G,16,2001,500,00 41 00 41 00 41 00 41 00 41 00 41 00 41 00 41,0.0085,False,0.15052083333333333,0.0,0.0,0.0,1.0,16.0,0.0
G,16,2001,1000,01 c5 01 c5 01 c5 01 c5 01 c5 01 c5 01 c5 01 c5,0.02515,True,0.5295572916666667,0.7061274509803922,0.0,28.246388335021514,1.0,16.0,0.0
G,16,2001,1650,01 c5 01 c5 01 c5 01 c5 01 c5 01 c5 01 c5 01 c5,0.07585,True,0.5295572916666667,0.7061274509803922,0.0,28.246388335021514,1.0,16.0,0.0
G,16,2001,2000,01 c5 01 c5 01 c5 01 c5 01 c5 01 c5 01 c5 01 c5,0.08595,True,0.5295572916666667,0.7061274509803922,0.0,28.246388335021514,1.0,16.0,0.0
G,16,2001,3000,01 c5 01 c5 01 c5 01 c5 01 c5 01 c5 01 c5 01 c5,0.0898,True,0.5295572916666667,0.7061274509803922,0.0,28.246388335021514,1.0,16.0,0.0
G,16,2001,5000,01 c5 01 c5 01 c5 01 c5 01 c5 01 c5 01 c5 01 c5,0.0732,True,0.5295572916666667,0.7061274509803922,0.0,28.246388335021514,1.0,16.0,0.0
G,16,2001,7500,01 c5 01 c5 01 c5 01 c5 01 c5 01 c5 01 c5 01 c5,0.07825,True,0.5295572916666667,0.7061274509803922,0.0,28.246388335021514,1.0,16.0,0.0
G,16,2001,10000,01 c5 01 c5 01 c5 01 c5 01 c5 01 c5 01 c5 01 c5,0.0904,True,0.5295572916666667,0.7061274509803922,0.0,28.246388335021514,1.0,16.0,0.0
G,16,2001,15000,01 c5 01 c5 01 c5 01 c5 01 c5 01 c5 01 c5 01 c5,0.08875,True,0.5295572916666667,0.7061274509803922,0.0,28.246388335021514,1.0,16.0,0.0
G,16,2001,20000,01 c5 01 c5 01 c5 01 c5 01 c5 01 c5 01 c5 01 c5,0.06835,True,0.5295572916666667,0.7061274509803922,0.0,28.246388335021514,1.0,16.0,0.0
G,16,2001,30000,01 c5 01 c5 01 c5 01 c5 01 c5 01 c5 01 c5 01 c5,0.08445,True,0.5295572916666667,0.7061274509803922,0.0,28.246388335021514,1.0,16.0,0.0
G,16,2001,50000,01 c5 01 c5 01 c5 01 c5 01 c5 01 c5 01 c5 01 c5,0.06775,True,0.5295572916666667,0.7061274509803922,0.0,28.246388335021514,1.0,16.0,0.0
G,16,2001,75000,ad e3 21 e3 21 e0 ad e0 ad e3 21 e3 21 e0 ad e0,0.58945,True,1.0,0.5955882352941176,0.0,6.727920454563199,0.0,8.0,0.0
G,16,2001,100000,ad e3 21 e3 21 c0 ad c0 ad e3 21 e3 21 c0 ad c0,0.5736,True,1.0,0.5938725490196078,0.0,6.0,0.0,8.0,0.0
G,16,2001,150000,ad e3 21 e3 21 c0 ad c0 ad e3 21 e3 21 c0 ad c0,0.4483,True,1.0,0.5938725490196078,0.0,6.0,0.0,8.0,0.0
G,16,2001,200000,ad e3 21 e3 21 c0 ad c0 ad e3 21 e3 21 c0 ad c0,0.59305,True,1.0,0.5938725490196078,0.0,6.0,0.0,8.0,0.0
G,16,2001,300000,ad e3 21 e3 21 c0 ad c0 ad e3 21 e3 21 c0 ad c0,0.59265,True,1.0,0.5938725490196078,0.0,6.0,0.0,8.0,0.0
G,16,2001,300000,ad e3 21 e3 21 c0 ad c0 ad e3 21 e3 21 c0 ad c0,0.59265,True,1.0,0.5938725490196078,0.0,6.0,0.0,8.0,0.0
G,16,2002,500,01 c5 01 c5 01 c5 01 c5 01 c5 01 c5 01 c5 01 c5,0.01805,True,0.5643229166666667,0.7602941176470588,0.0,32.183525743765,1.0,16.0,0.0
G,16,2002,1000,01 c5 01 c5 01 c5 01 c5 01 c5 01 c5 01 c5 01 c5,0.03975,True,0.5643229166666667,0.7602941176470588,0.0,32.183525743765,1.0,16.0,0.0
G,16,2002,1450,01 c5 01 c5 01 c5 01 c5 01 c5 01 c5 01 c5 01 c5,0.08395,True,0.5643229166666667,0.7602941176470588,0.0,32.183525743765,1.0,16.0,0.0
G,16,2002,2000,01 c5 01 c5 01 c5 01 c5 01 c5 01 c5 01 c5 01 c5,0.10655,True,0.5643229166666667,0.7602941176470588,0.0,32.183525743765,1.0,16.0,0.0
G,16,2002,3000,01 c5 01 c5 01 c5 01 c5 01 c5 01 c5 01 c5 01 c5,0.0703,True,0.5643229166666667,0.7602941176470588,0.0,32.183525743765,1.0,16.0,0.0
G,16,2002,5000,01 c5 01 c5 01 c5 01 c5 01 c5 01 c5 01 c5 01 c5,0.0882,True,0.5643229166666667,0.7602941176470588,0.0,32.183525743765,1.0,16.0,0.0
G,16,2002,7500,01 c5 01 c5 01 c5 01 c5 01 c5 01 c5 01 c5 01 c5,0.0897,True,0.5643229166666667,0.7602941176470588,0.0,32.183525743765,1.0,16.0,0.0
G,16,2002,10000,01 c5 01 c5 01 c5 01 c5 01 c5 01 c5 01 c5 01 c5,0.08085,True,0.5643229166666667,0.7602941176470588,0.0,32.183525743765,1.0,16.0,0.0
G,16,2002,15000,21 e5 21 e5 21 e5 21 e5 21 e5 21 e5 21 e5 21 e5,0.07705,True,0.47187500000000004,0.7274509803921568,0.0,28.795177223189185,1.0,16.0,0.0
G,16,2002,20000,21 e5 21 e5 21 e5 21 e5 21 e5 21 e5 21 e5 21 e5,0.0687,True,0.47187500000000004,0.7274509803921568,0.0,28.795177223189185,1.0,16.0,0.0
G,16,2002,30000,01 c5 01 c5 01 c5 01 c5 01 c5 01 c5 01 c5 01 c5,0.06975,True,0.5643229166666667,0.7602941176470588,0.0,32.183525743765,1.0,16.0,0.0
G,16,2002,50000,ad e3 21 e3 21 e0 ad e0 ad e3 21 e3 21 e0 ad e0,0.05275,True,1.0,0.5963235294117647,0.0,6.727920454563199,0.0,8.0,0.0
G,16,2002,75000,11 30 78 47 c3 0e 6d cd 79 08 12 e9 c1 ac ed b0,0.0016,True,1.0,0.6090686274509803,10.0,91.1357092861044,0.0,9.0,7.0
G,16,2002,100000,88 00 5e c3 e5 ed b0 f6 88 00 5e c3 e5 ed b0 f6,0.0025,True,1.0,0.6625,3.0,32.503315752946534,0.0,7.0,1.0
G,16,2002,150000,11 b0 a3 c3 4e f1 79 a2 b9 2f 3f 6c ff 1f ed b0,0.00185,True,1.0,0.6330882352941176,10.0,91.4594316186373,0.0,8.0,8.0
G,16,2002,200000,11 70 83 c3 4e 0c b9 44 ef 28 22 fb 16 dd ed b0,0.002,True,1.0,0.641421568627451,10.0,92.96578428466208,0.0,8.0,8.0
G,16,2002,300000,1e 50 f9 c3 8e 4e f6 b5 e9 d2 5b 01 20 ce ed b0,0.0018,True,1.0,0.6127450980392157,10.0,91.62525222174688,0.0,8.0,8.0
G,16,2002,300000,1e 50 f9 c3 8e 4e f6 b5 e9 d2 5b 01 20 ce ed b0,0.0018,True,1.0,0.6127450980392157,10.0,91.62525222174688,0.0,8.0,8.0
G,16,2003,500,01 c5 01 c5 01 c5 01 c5 01 c5 01 c5 01 c5 01 c5,0.03735,True,0.49994419642857146,0.7659313725490197,2.0,39.02076191298483,1.0,16.0,0.0
G,16,2003,750,01 c5 01 c5 01 c5 01 c5 01 c5 01 c5 01 c5 01 c5,0.0758,True,0.49994419642857146,0.7659313725490197,2.0,39.02076191298483,1.0,16.0,0.0
G,16,2003,1000,01 c5 01 c5 01 c5 01 c5 01 c5 01 c5 01 c5 01 c5,0.1188,True,0.49994419642857146,0.7659313725490197,2.0,39.02076191298483,1.0,16.0,0.0
G,16,2003,2000,01 c5 01 c5 01 c5 01 c5 01 c5 01 c5 01 c5 01 c5,0.08975,True,0.49994419642857146,0.7659313725490197,2.0,39.02076191298483,1.0,16.0,0.0
G,16,2003,3000,01 c5 01 c5 01 c5 01 c5 01 c5 01 c5 01 c5 01 c5,0.0828,True,0.49994419642857146,0.7659313725490197,2.0,39.02076191298483,1.0,16.0,0.0
G,16,2003,5000,01 c5 01 c5 01 c5 01 c5 01 c5 01 c5 01 c5 01 c5,0.08495,True,0.49994419642857146,0.7659313725490197,2.0,39.02076191298483,1.0,16.0,0.0
G,16,2003,7500,01 c5 01 c5 01 c5 01 c5 01 c5 01 c5 01 c5 01 c5,0.08245,True,0.49994419642857146,0.7659313725490197,2.0,39.02076191298483,1.0,16.0,0.0
G,16,2003,10000,01 c5 01 c5 01 c5 01 c5 01 c5 01 c5 01 c5 01 c5,0.09835,True,0.49994419642857146,0.7659313725490197,2.0,39.02076191298483,1.0,16.0,0.0
G,16,2003,15000,01 c5 01 c5 01 c5 01 c5 01 c5 01 c5 01 c5 01 c5,0.05555,True,0.49994419642857146,0.7659313725490197,2.0,39.02076191298483,1.0,16.0,0.0
G,16,2003,20000,01 c5 01 c5 01 c5 01 c5 01 c5 01 c5 01 c5 01 c5,0.0721,True,0.49994419642857146,0.7659313725490197,2.0,39.02076191298483,1.0,16.0,0.0
G,16,2003,30000,ad e3 21 e3 21 e0 ad e0 ad e3 21 e3 21 e0 ad e0,0.4263,True,1.0,0.596078431372549,0.0,6.727920454563199,0.0,8.0,0.0
G,16,2003,50000,ad e3 21 e3 21 c0 ad c0 ad e3 21 e3 21 c0 ad c0,0.4351,True,1.0,0.5938725490196078,0.0,6.0,0.0,8.0,0.0
G,16,2003,75000,ad e3 21 e3 21 c0 ad c0 ad e3 21 e3 21 c0 ad c0,0.5889,True,1.0,0.5938725490196078,0.0,6.0,0.0,8.0,0.0
G,16,2003,100000,ad e3 21 e3 21 c0 ad c0 ad e3 21 e3 21 c0 ad c0,0.57905,True,1.0,0.5938725490196078,0.0,6.0,0.0,8.0,0.0
G,16,2003,150000,ad e3 21 e3 21 c0 ad c0 ad e3 21 e3 21 c0 ad c0,0.40615,True,1.0,0.5938725490196078,0.0,6.0,0.0,8.0,0.0
G,16,2003,200000,ad e3 21 e3 21 c0 ad c0 ad e3 21 e3 21 c0 ad c0,0.4899,True,1.0,0.5938725490196078,0.0,6.0,0.0,8.0,0.0
G,16,2003,300000,ad e3 21 e3 21 c0 ad c0 ad e3 21 e3 21 c0 ad c0,0.57685,True,1.0,0.5938725490196078,0.0,6.0,0.0,8.0,0.0
G,16,2003,300000,ad e3 21 e3 21 c0 ad c0 ad e3 21 e3 21 c0 ad c0,0.57685,True,1.0,0.5938725490196078,0.0,6.0,0.0,8.0,0.0
G,16,2004,500,01 c5 01 c5 01 c5 01 c5 01 c5 01 c5 01 c5 01 c5,0.0504,True,0.6204427083333333,0.8235294117647058,0.0,33.32397976423303,1.0,16.0,0.0
G,16,2004,1000,01 c5 01 c5 01 c5 01 c5 01 c5 01 c5 01 c5 01 c5,0.07685,True,0.6204427083333333,0.8235294117647058,0.0,33.32397976423303,1.0,16.0,0.0
G,16,2004,1000,01 c5 01 c5 01 c5 01 c5 01 c5 01 c5 01 c5 01 c5,0.07685,True,0.6204427083333333,0.8235294117647058,0.0,33.32397976423303,1.0,16.0,0.0
G,16,2004,2000,01 c5 01 c5 01 c5 01 c5 01 c5 01 c5 01 c5 01 c5,0.0988,True,0.6204427083333333,0.8235294117647058,0.0,33.32397976423303,1.0,16.0,0.0
G,16,2004,3000,01 c5 01 c5 01 c5 01 c5 01 c5 01 c5 01 c5 01 c5,0.0895,True,0.6204427083333333,0.8235294117647058,0.0,33.32397976423303,1.0,16.0,0.0
G,16,2004,5000,01 c5 01 c5 01 c5 01 c5 01 c5 01 c5 01 c5 01 c5,0.09685,True,0.6204427083333333,0.8235294117647058,0.0,33.32397976423303,1.0,16.0,0.0
G,16,2004,7500,55 e3 21 e3 21 e0 55 e0 55 e3 21 e3 21 e0 55 e0,0.1494,True,1.0,0.5676470588235294,0.0,8.515699838284043,0.0,8.0,0.0
G,16,2004,10000,21 e3 21 e3 21 e3 21 e3 21 e3 21 e3 21 e3 21 e3,0.1035,False,0.12109375,0.000980392156862745,0.0,2.321928094887362,1.0,16.0,0.0
G,16,2004,15000,ae e3 21 e3 21 e0 ae e0 ae e3 21 e3 21 e0 ae e0,0.316,True,1.0,0.5833333333333334,0.0,8.50382573799575,0.0,8.0,0.0
G,16,2004,20000,ad e3 21 e3 21 e0 ad e0 ad e3 21 e3 21 e0 ad e0,0.2408,True,1.0,0.5950980392156863,0.0,6.727920454563199,0.0,8.0,0.0
G,16,2004,30000,ad e3 21 e3 21 c0 ad c0 ad e3 21 e3 21 c0 ad c0,0.34955,True,1.0,0.5938725490196078,0.0,6.0,0.0,8.0,0.0
G,16,2004,50000,ad e3 21 e3 21 c0 ad c0 ad e3 21 e3 21 c0 ad c0,0.50335,True,1.0,0.5938725490196078,0.0,6.0,0.0,8.0,0.0
G,16,2004,75000,ad e3 21 e3 21 c0 ad c0 ad e3 21 e3 21 c0 ad c0,0.49205,True,1.0,0.5938725490196078,0.0,6.0,0.0,8.0,0.0
G,16,2004,100000,ad e3 21 e3 21 c0 ad c0 ad e3 21 e3 21 c0 ad c0,0.4067,True,1.0,0.5938725490196078,0.0,6.0,0.0,8.0,0.0
G,16,2004,150000,ad e3 21 e3 21 c0 ad c0 ad e3 21 e3 21 c0 ad c0,0.5429,True,1.0,0.5938725490196078,0.0,6.0,0.0,8.0,0.0
G,16,2004,200000,ad e3 21 e3 21 c0 ad c0 ad e3 21 e3 21 c0 ad c0,0.56835,True,1.0,0.5938725490196078,0.0,6.0,0.0,8.0,0.0
G,16,2004,300000,ad e3 21 e3 21 c0 ad c0 ad e3 21 e3 21 c0 ad c0,0.55885,True,1.0,0.5938725490196078,0.0,6.0,0.0,8.0,0.0
G,16,2004,300000,ad e3 21 e3 21 c0 ad c0 ad e3 21 e3 21 c0 ad c0,0.55885,True,1.0,0.5938725490196078,0.0,6.0,0.0,8.0,0.0
G,16,2005,500,00 41 00 41 00 41 00 41 00 41 00 41 00 41 00 41,0.00895,False,0.111328125,0.0,0.0,0.0,1.0,16.0,0.0
G,16,2005,1000,01 c5 01 c5 01 c5 01 c5 01 c5 01 c5 01 c5 01 c5,0.01875,True,0.6235677083333333,0.7889705882352941,0.0,34.31082839658173,1.0,16.0,0.0
G,16,2005,1700,01 c5 01 c5 01 c5 01 c5 01 c5 01 c5 01 c5 01 c5,0.0736,True,0.6235677083333333,0.7889705882352941,0.0,34.31082839658173,1.0,16.0,0.0
G,16,2005,2000,01 c5 01 c5 01 c5 01 c5 01 c5 01 c5 01 c5 01 c5,0.0994,True,0.6235677083333333,0.7889705882352941,0.0,34.31082839658173,1.0,16.0,0.0
G,16,2005,3000,01 c5 01 c5 01 c5 01 c5 01 c5 01 c5 01 c5 01 c5,0.09505,True,0.6235677083333333,0.7889705882352941,0.0,34.31082839658173,1.0,16.0,0.0
G,16,2005,5000,01 c5 01 c5 01 c5 01 c5 01 c5 01 c5 01 c5 01 c5,0.07475,True,0.6235677083333333,0.7889705882352941,0.0,34.31082839658173,1.0,16.0,0.0
G,16,2005,7500,01 c5 01 c5 01 c5 01 c5 01 c5 01 c5 01 c5 01 c5,0.0695,True,0.6235677083333333,0.7889705882352941,0.0,34.31082839658173,1.0,16.0,0.0
G,16,2005,10000,01 c5 01 c5 01 c5 01 c5 01 c5 01 c5 01 c5 01 c5,0.06855,True,0.6235677083333333,0.7889705882352941,0.0,34.31082839658173,1.0,16.0,0.0
G,16,2005,15000,8d e3 21 e3 21 e0 8d e0 8d e3 21 e3 21 e0 8d e0,0.08275,True,1.0,0.5806372549019608,0.0,8.515699838284043,0.0,8.0,0.0
G,16,2005,20000,ae e3 21 e3 21 e0 ae e0 ae e3 21 e3 21 e0 ae e0,0.2707,True,1.0,0.5838235294117647,0.0,8.515699838284043,0.0,8.0,0.0
G,16,2005,30000,ad e3 21 e3 21 c0 ad c0 ad e3 21 e3 21 c0 ad c0,0.3016,True,1.0,0.5938725490196078,0.0,6.0,0.0,8.0,0.0
G,16,2005,50000,ad e3 21 e3 21 c0 ad c0 ad e3 21 e3 21 c0 ad c0,0.54215,True,1.0,0.5938725490196078,0.0,6.0,0.0,8.0,0.0
G,16,2005,75000,ad e3 21 e3 21 c0 ad c0 ad e3 21 e3 21 c0 ad c0,0.64755,True,1.0,0.5938725490196078,0.0,6.0,0.0,8.0,0.0
G,16,2005,100000,ad e3 21 e3 21 c0 ad c0 ad e3 21 e3 21 c0 ad c0,0.532,True,1.0,0.5938725490196078,0.0,6.0,0.0,8.0,0.0
G,16,2005,150000,ad e3 21 e3 21 c0 ad c0 ad e3 21 e3 21 c0 ad c0,0.5725,True,1.0,0.5938725490196078,0.0,6.0,0.0,8.0,0.0
G,16,2005,200000,ad e3 21 e3 21 c0 ad c0 ad e3 21 e3 21 c0 ad c0,0.64065,True,1.0,0.5938725490196078,0.0,6.0,0.0,8.0,0.0
G,16,2005,300000,ad e3 21 e3 21 c0 ad c0 ad e3 21 e3 21 c0 ad c0,0.6188,True,1.0,0.5938725490196078,0.0,6.0,0.0,8.0,0.0
G,16,2005,300000,ad e3 21 e3 21 c0 ad c0 ad e3 21 e3 21 c0 ad c0,0.6188,True,1.0,0.5938725490196078,0.0,6.0,0.0,8.0,0.0
G,16,2006,500,00 41 00 41 00 41 00 41 00 41 00 41 00 41 00 41,0.0098,False,0.08802083333333333,0.0,0.0,0.0,1.0,16.0,0.0
G,16,2006,1000,00 41 00 41 00 41 00 41 00 41 00 41 00 41 00 41,0.0088,False,0.08802083333333333,0.0,0.0,0.0,1.0,16.0,0.0
G,16,2006,2000,01 c5 01 c5 01 c5 01 c5 01 c5 01 c5 01 c5 01 c5,0.04085,True,0.54921875,0.782843137254902,0.0,29.978059629518206,1.0,16.0,0.0
G,16,2006,2650,01 c5 01 c5 01 c5 01 c5 01 c5 01 c5 01 c5 01 c5,0.07685,True,0.54921875,0.782843137254902,0.0,29.978059629518206,1.0,16.0,0.0
G,16,2006,3000,01 c5 01 c5 01 c5 01 c5 01 c5 01 c5 01 c5 01 c5,0.11915,True,0.54921875,0.782843137254902,0.0,29.978059629518206,1.0,16.0,0.0
G,16,2006,5000,01 c5 01 c5 01 c5 01 c5 01 c5 01 c5 01 c5 01 c5,0.0953,True,0.54921875,0.782843137254902,0.0,29.978059629518206,1.0,16.0,0.0
G,16,2006,7500,01 c5 01 c5 01 c5 01 c5 01 c5 01 c5 01 c5 01 c5,0.1022,True,0.54921875,0.782843137254902,0.0,29.978059629518206,1.0,16.0,0.0
G,16,2006,10000,21 e5 21 e5 21 e5 21 e5 21 e5 21 e5 21 e5 21 e5,0.09325,True,0.4796875,0.7982843137254902,0.0,32.55680763823579,1.0,16.0,0.0
G,16,2006,15000,01 c5 01 c5 01 c5 01 c5 01 c5 01 c5 01 c5 01 c5,0.07635,True,0.54921875,0.782843137254902,0.0,29.978059629518206,1.0,16.0,0.0
G,16,2006,20000,01 c5 01 c5 01 c5 01 c5 01 c5 01 c5 01 c5 01 c5,0.06225,True,0.54921875,0.782843137254902,0.0,29.978059629518206,1.0,16.0,0.0
G,16,2006,30000,01 c5 01 c5 01 c5 01 c5 01 c5 01 c5 01 c5 01 c5,0.07065,True,0.54921875,0.782843137254902,0.0,29.978059629518206,1.0,16.0,0.0
G,16,2006,50000,ad e3 21 e3 21 e0 ad e0 ad e3 21 e3 21 e0 ad e0,0.43545,True,1.0,0.5955882352941176,0.0,6.727920454563199,0.0,8.0,0.0
G,16,2006,75000,ad e3 21 e3 21 c0 ad c0 ad e3 21 e3 21 c0 ad c0,0.5505,True,1.0,0.5938725490196078,0.0,6.0,0.0,8.0,0.0
G,16,2006,100000,ad e3 21 e3 21 c0 ad c0 ad e3 21 e3 21 c0 ad c0,0.6295,True,1.0,0.5938725490196078,0.0,6.0,0.0,8.0,0.0
G,16,2006,150000,ad e3 21 e3 21 c0 ad c0 ad e3 21 e3 21 c0 ad c0,0.3909,True,1.0,0.5938725490196078,0.0,6.0,0.0,8.0,0.0
G,16,2006,200000,ad e3 21 e3 21 c0 ad c0 ad e3 21 e3 21 c0 ad c0,0.46915,True,1.0,0.5938725490196078,0.0,6.0,0.0,8.0,0.0
G,16,2006,300000,ad e3 21 e3 21 c0 ad c0 ad e3 21 e3 21 c0 ad c0,0.6158,True,1.0,0.5938725490196078,0.0,6.0,0.0,8.0,0.0
G,16,2006,300000,ad e3 21 e3 21 c0 ad c0 ad e3 21 e3 21 c0 ad c0,0.6158,True,1.0,0.5938725490196078,0.0,6.0,0.0,8.0,0.0
G,16,2007,500,00 41 00 41 00 41 00 41 00 41 00 41 00 41 00 41,0.0088,False,0.08294270833333334,0.0,0.0,0.0,1.0,16.0,0.0
G,16,2007,1000,00 41 00 41 00 41 00 41 00 41 00 41 00 41 00 41,0.0081,False,0.08294270833333334,0.0,0.0,0.0,1.0,16.0,0.0
G,16,2007,2000,00 41 00 41 00 41 00 41 00 41 00 41 00 41 00 41,0.0085,False,0.08294270833333334,0.0,0.0,0.0,1.0,16.0,0.0
G,16,2007,3000,01 c5 01 c5 01 c5 01 c5 01 c5 01 c5 01 c5 01 c5,0.0781,True,0.36888020833333335,0.645343137254902,0.0,32.67523163382538,1.0,16.0,0.0
G,16,2007,3000,01 c5 01 c5 01 c5 01 c5 01 c5 01 c5 01 c5 01 c5,0.0781,True,0.36888020833333335,0.645343137254902,0.0,32.67523163382538,1.0,16.0,0.0
G,16,2007,5000,01 c5 01 c5 01 c5 01 c5 01 c5 01 c5 01 c5 01 c5,0.0888,True,0.36888020833333335,0.645343137254902,0.0,32.67523163382538,1.0,16.0,0.0
G,16,2007,7500,01 c5 01 c5 01 c5 01 c5 01 c5 01 c5 01 c5 01 c5,0.09645,True,0.36888020833333335,0.645343137254902,0.0,32.67523163382538,1.0,16.0,0.0
G,16,2007,10000,01 c5 01 c5 01 c5 01 c5 01 c5 01 c5 01 c5 01 c5,0.0675,True,0.36888020833333335,0.645343137254902,0.0,32.67523163382538,1.0,16.0,0.0
G,16,2007,15000,01 c5 01 c5 01 c5 01 c5 01 c5 01 c5 01 c5 01 c5,0.0631,True,0.36888020833333335,0.645343137254902,0.0,32.67523163382538,1.0,16.0,0.0
G,16,2007,20000,01 c5 01 c5 01 c5 01 c5 01 c5 01 c5 01 c5 01 c5,0.05845,True,0.36888020833333335,0.645343137254902,0.0,32.67523163382538,1.0,16.0,0.0
G,16,2007,30000,ad e3 21 e3 21 c0 ad c0 ad e3 21 e3 21 c0 ad c0,0.53725,True,1.0,0.5946078431372549,0.0,6.0,0.0,8.0,0.0
G,16,2007,50000,ad e3 21 e3 21 c0 ad c0 ad e3 21 e3 21 c0 ad c0,0.56815,True,1.0,0.5946078431372549,0.0,6.0,0.0,8.0,0.0
G,16,2007,75000,ad e3 21 e3 21 c0 ad c0 ad e3 21 e3 21 c0 ad c0,0.43225,True,1.0,0.5946078431372549,0.0,6.0,0.0,8.0,0.0
G,16,2007,100000,ad e3 21 e3 21 c0 ad c0 ad e3 21 e3 21 c0 ad c0,0.48635,True,1.0,0.5946078431372549,0.0,6.0,0.0,8.0,0.0
G,16,2007,150000,ad e3 21 e3 21 c0 ad c0 ad e3 21 e3 21 c0 ad c0,0.49795,True,1.0,0.5946078431372549,0.0,6.0,0.0,8.0,0.0
G,16,2007,200000,ad e3 21 e3 21 c0 ad c0 ad e3 21 e3 21 c0 ad c0,0.436,True,1.0,0.5946078431372549,0.0,6.0,0.0,8.0,0.0
G,16,2007,300000,ad e3 21 e3 21 c0 ad c0 ad e3 21 e3 21 c0 ad c0,0.65525,True,1.0,0.5946078431372549,0.0,6.0,0.0,8.0,0.0
G,16,2007,300000,ad e3 21 e3 21 c0 ad c0 ad e3 21 e3 21 c0 ad c0,0.65525,True,1.0,0.5946078431372549,0.0,6.0,0.0,8.0,0.0
G,16,2008,500,00 41 00 41 00 41 00 41 00 41 00 41 00 41 00 41,0.0085,False,0.055078125,0.0,0.0,0.0,1.0,16.0,0.0
G,16,2008,1000,00 41 00 41 00 41 00 41 00 41 00 41 00 41 00 41,0.0081,False,0.055078125,0.0,0.0,0.0,1.0,16.0,0.0
G,16,2008,2000,01 c5 01 c5 01 c5 01 c5 01 c5 01 c5 01 c5 01 c5,0.0335,True,0.630078125,0.7906862745098039,1.0,41.02647526942446,1.0,16.0,0.0
G,16,2008,2650,01 c5 01 c5 01 c5 01 c5 01 c5 01 c5 01 c5 01 c5,0.07345,True,0.630078125,0.7906862745098039,1.0,41.02647526942446,1.0,16.0,0.0
G,16,2008,3000,01 c5 01 c5 01 c5 01 c5 01 c5 01 c5 01 c5 01 c5,0.1293,True,0.630078125,0.7906862745098039,1.0,41.02647526942446,1.0,16.0,0.0
G,16,2008,5000,01 c5 01 c5 01 c5 01 c5 01 c5 01 c5 01 c5 01 c5,0.0941,True,0.630078125,0.7906862745098039,1.0,41.02647526942446,1.0,16.0,0.0
G,16,2008,7500,01 c5 01 c5 01 c5 01 c5 01 c5 01 c5 01 c5 01 c5,0.0914,True,0.630078125,0.7906862745098039,1.0,41.02647526942446,1.0,16.0,0.0
G,16,2008,10000,01 c5 01 c5 01 c5 01 c5 01 c5 01 c5 01 c5 01 c5,0.098,True,0.630078125,0.7906862745098039,1.0,41.02647526942446,1.0,16.0,0.0
G,16,2008,15000,21 e5 21 e5 21 e5 21 e5 21 e5 21 e5 21 e5 21 e5,0.0615,True,0.552734375,0.8213235294117647,1.0,39.40237414550595,1.0,16.0,0.0
G,16,2008,20000,01 c5 01 c5 01 c5 01 c5 01 c5 01 c5 01 c5 01 c5,0.06785,True,0.630078125,0.7906862745098039,1.0,41.02647526942446,1.0,16.0,0.0
G,16,2008,30000,01 c5 01 c5 01 c5 01 c5 01 c5 01 c5 01 c5 01 c5,0.06585,True,0.630078125,0.7906862745098039,1.0,41.02647526942446,1.0,16.0,0.0
G,16,2008,50000,ad e3 21 e3 21 e0 ad e0 ad e3 21 e3 21 e0 ad e0,0.4391,True,1.0,0.5955882352941176,0.0,6.727920454563199,0.0,8.0,0.0
G,16,2008,75000,ad e3 21 e3 21 c0 ad c0 ad e3 21 e3 21 c0 ad c0,0.5988,True,1.0,0.5941176470588235,0.0,6.044394119358453,0.0,8.0,0.0
G,16,2008,100000,ad e3 21 e3 21 c0 ad c0 ad e3 21 e3 21 c0 ad c0,0.62445,True,1.0,0.5941176470588235,0.0,6.044394119358453,0.0,8.0,0.0
G,16,2008,150000,ad e3 21 e3 21 c0 ad c0 ad e3 21 e3 21 c0 ad c0,0.53635,True,1.0,0.5941176470588235,0.0,6.044394119358453,0.0,8.0,0.0
G,16,2008,200000,ad e3 21 e3 21 c0 ad c0 ad e3 21 e3 21 c0 ad c0,0.6155,True,1.0,0.5941176470588235,0.0,6.044394119358453,0.0,8.0,0.0
G,16,2008,300000,ad e3 21 e3 21 c0 ad c0 ad e3 21 e3 21 c0 ad c0,0.6504,True,1.0,0.5941176470588235,0.0,6.044394119358453,0.0,8.0,0.0
G,16,2008,300000,ad e3 21 e3 21 c0 ad c0 ad e3 21 e3 21 c0 ad c0,0.6504,True,1.0,0.5941176470588235,0.0,6.044394119358453,0.0,8.0,0.0
G,16,2009,500,01 c5 01 c5 01 c5 01 c5 01 c5 01 c5 01 c5 01 c5,0.0444,True,0.693359375,0.8588235294117647,0.0,31.968854359492603,1.0,16.0,0.0
G,16,2009,700,01 c5 01 c5 01 c5 01 c5 01 c5 01 c5 01 c5 01 c5,0.08945,True,0.693359375,0.8588235294117647,0.0,31.968854359492603,1.0,16.0,0.0
G,16,2009,1000,01 c5 01 c5 01 c5 01 c5 01 c5 01 c5 01 c5 01 c5,0.1383,True,0.693359375,0.8588235294117647,0.0,31.968854359492603,1.0,16.0,0.0
G,16,2009,2000,01 c5 01 c5 01 c5 01 c5 01 c5 01 c5 01 c5 01 c5,0.0965,True,0.693359375,0.8588235294117647,0.0,31.968854359492603,1.0,16.0,0.0
G,16,2009,3000,01 c5 01 c5 01 c5 01 c5 01 c5 01 c5 01 c5 01 c5,0.0755,True,0.693359375,0.8588235294117647,0.0,31.968854359492603,1.0,16.0,0.0
G,16,2009,5000,21 e5 21 e5 21 e5 21 e5 21 e5 21 e5 21 e5 21 e5,0.06015,True,0.580078125,0.7477941176470588,0.0,28.042599881712913,1.0,16.0,0.0
G,16,2009,7500,b5 e3 21 e3 21 e0 b5 e0 b5 e3 21 e3 21 e0 b5 e0,0.34065,True,1.0,0.5892156862745098,0.0,6.727920454563199,0.0,8.0,0.0
G,16,2009,10000,b5 e3 21 e3 21 e0 b5 e0 b5 e3 21 e3 21 e0 b5 e0,0.32505,True,1.0,0.5892156862745098,0.0,6.727920454563199,0.0,8.0,0.0
G,16,2009,15000,ad e3 21 e3 21 e0 ad e0 ad e3 21 e3 21 e0 ad e0,0.26545,True,1.0,0.5965686274509804,0.0,6.727920454563199,0.0,8.0,0.0
G,16,2009,20000,ad e3 21 e3 21 e0 ad e0 ad e3 21 e3 21 e0 ad e0,0.3103,True,1.0,0.5965686274509804,0.0,6.727920454563199,0.0,8.0,0.0
G,16,2009,30000,ad e3 21 e3 21 c0 ad c0 ad e3 21 e3 21 c0 ad c0,0.2345,True,1.0,0.5943627450980392,0.0,6.0,0.0,8.0,0.0
G,16,2009,50000,ad e3 21 e3 21 c0 ad c0 ad e3 21 e3 21 c0 ad c0,0.62405,True,1.0,0.5943627450980392,0.0,6.0,0.0,8.0,0.0
G,16,2009,75000,ad e3 21 e3 21 c0 ad c0 ad e3 21 e3 21 c0 ad c0,0.55525,True,1.0,0.5943627450980392,0.0,6.0,0.0,8.0,0.0
G,16,2009,100000,ad e3 21 e3 21 c0 ad c0 ad e3 21 e3 21 c0 ad c0,0.5255,True,1.0,0.5943627450980392,0.0,6.0,0.0,8.0,0.0
G,16,2009,150000,ad e3 21 e3 21 c0 ad c0 ad e3 21 e3 21 c0 ad c0,0.38405,True,1.0,0.5943627450980392,0.0,6.0,0.0,8.0,0.0
G,16,2009,200000,ad e3 21 e3 21 c0 ad c0 ad e3 21 e3 21 c0 ad c0,0.3494,True,1.0,0.5943627450980392,0.0,6.0,0.0,8.0,0.0
G,16,2009,300000,ad e3 21 e3 21 c0 ad c0 ad e3 21 e3 21 c0 ad c0,0.60955,True,1.0,0.5943627450980392,0.0,6.0,0.0,8.0,0.0
G,16,2009,300000,ad e3 21 e3 21 c0 ad c0 ad e3 21 e3 21 c0 ad c0,0.60955,True,1.0,0.5943627450980392,0.0,6.0,0.0,8.0,0.0
G,16,2010,150,00 41 00 41 00 41 00 41 00 41 00 41 00 41 00 41,0.01125,False,0.140625,0.0,0.0,0.0,1.0,16.0,0.0
G,16,2010,500,00 41 00 41 00 41 00 41 00 41 00 41 00 41 00 41,0.0088,False,0.140625,0.0,0.0,0.0,1.0,16.0,0.0
G,16,2010,1000,00 41 00 41 00 41 00 41 00 41 00 41 00 41 00 41,0.00815,False,0.140625,0.0,0.0,0.0,1.0,16.0,0.0
G,16,2010,2000,01 c5 01 c5 01 c5 01 c5 01 c5 01 c5 01 c5 01 c5,0.1283,True,0.6462239583333333,0.775,0.0,34.246388335021514,1.0,16.0,0.0
G,16,2010,3000,01 c5 01 c5 01 c5 01 c5 01 c5 01 c5 01 c5 01 c5,0.08285,True,0.6462239583333333,0.775,0.0,34.246388335021514,1.0,16.0,0.0
G,16,2010,5000,01 c5 01 c5 01 c5 01 c5 01 c5 01 c5 01 c5 01 c5,0.07675,True,0.6462239583333333,0.775,0.0,34.246388335021514,1.0,16.0,0.0
G,16,2010,7500,01 c5 01 c5 01 c5 01 c5 01 c5 01 c5 01 c5 01 c5,0.0898,True,0.6462239583333333,0.775,0.0,34.246388335021514,1.0,16.0,0.0
G,16,2010,10000,01 c5 01 c5 01 c5 01 c5 01 c5 01 c5 01 c5 01 c5,0.07655,True,0.6462239583333333,0.775,0.0,34.246388335021514,1.0,16.0,0.0
G,16,2010,15000,01 c5 01 c5 01 c5 01 c5 01 c5 01 c5 01 c5 01 c5,0.07685,True,0.6462239583333333,0.775,0.0,34.246388335021514,1.0,16.0,0.0
G,16,2010,20000,ad e3 21 e3 21 e0 ad e0 ad e3 21 e3 21 e0 ad e0,0.20715,True,1.0,0.5963235294117647,0.0,6.727920454563199,0.0,8.0,0.0
G,16,2010,30000,ad e3 21 e3 21 e0 ad e0 ad e3 21 e3 21 e0 ad e0,0.4992,True,1.0,0.5963235294117647,0.0,6.727920454563199,0.0,8.0,0.0
G,16,2010,50000,ad e3 21 e3 21 c0 ad c0 ad e3 21 e3 21 c0 ad c0,0.49275,True,1.0,0.5938725490196078,0.0,6.0,0.0,8.0,0.0
G,16,2010,75000,ad e3 21 e3 21 c0 ad c0 ad e3 21 e3 21 c0 ad c0,0.6488,True,1.0,0.5938725490196078,0.0,6.0,0.0,8.0,0.0
G,16,2010,100000,ad e3 21 e3 21 c0 ad c0 ad e3 21 e3 21 c0 ad c0,0.60735,True,1.0,0.5938725490196078,0.0,6.0,0.0,8.0,0.0
G,16,2010,150000,ad e3 21 e3 21 c0 ad c0 ad e3 21 e3 21 c0 ad c0,0.58895,True,1.0,0.5938725490196078,0.0,6.0,0.0,8.0,0.0
G,16,2010,200000,ad e3 21 e3 21 c0 ad c0 ad e3 21 e3 21 c0 ad c0,0.5387,True,1.0,0.5938725490196078,0.0,6.0,0.0,8.0,0.0
G,16,2010,300000,ad e3 21 e3 21 c0 ad c0 ad e3 21 e3 21 c0 ad c0,0.59655,True,1.0,0.5938725490196078,0.0,6.0,0.0,8.0,0.0
G,16,2010,300000,ad e3 21 e3 21 c0 ad c0 ad e3 21 e3 21 c0 ad c0,0.59655,True,1.0,0.5938725490196078,0.0,6.0,0.0,8.0,0.0
G,16,2011,500,00 41 00 41 00 41 00 41 00 41 00 41 00 41 00 41,0.0088,False,0.150390625,0.0,0.0,0.0,1.0,16.0,0.0
G,16,2011,1000,00 41 00 41 00 41 00 41 00 41 00 41 00 41 00 41,0.0093,False,0.150390625,0.0,0.0,0.0,1.0,16.0,0.0
G,16,2011,2000,01 c5 01 c5 01 c5 01 c5 01 c5 01 c5 01 c5 01 c5,0.06815,True,0.5390625,0.733578431372549,0.0,25.732167425663384,1.0,16.0,0.0
G,16,2011,2200,01 c5 01 c5 01 c5 01 c5 01 c5 01 c5 01 c5 01 c5,0.0815,True,0.5390625,0.733578431372549,0.0,25.732167425663384,1.0,16.0,0.0
G,16,2011,3000,01 c5 01 c5 01 c5 01 c5 01 c5 01 c5 01 c5 01 c5,0.10875,True,0.5390625,0.733578431372549,0.0,25.732167425663384,1.0,16.0,0.0
G,16,2011,5000,01 c5 01 c5 01 c5 01 c5 01 c5 01 c5 01 c5 01 c5,0.09245,True,0.5390625,0.733578431372549,0.0,25.732167425663384,1.0,16.0,0.0
G,16,2011,7500,01 c5 01 c5 01 c5 01 c5 01 c5 01 c5 01 c5 01 c5,0.07335,True,0.5390625,0.733578431372549,0.0,25.732167425663384,1.0,16.0,0.0
G,16,2011,10000,01 c5 01 c5 01 c5 01 c5 01 c5 01 c5 01 c5 01 c5,0.0817,True,0.5390625,0.733578431372549,0.0,25.732167425663384,1.0,16.0,0.0
G,16,2011,15000,21 e5 21 e5 21 e5 21 e5 21 e5 21 e5 21 e5 21 e5,0.06055,True,0.5225260416666666,0.6075980392156862,0.0,31.98150313349978,1.0,16.0,0.0
G,16,2011,20000,01 c5 01 c5 01 c5 01 c5 01 c5 01 c5 01 c5 01 c5,0.0702,True,0.5390625,0.733578431372549,0.0,25.732167425663384,1.0,16.0,0.0
G,16,2011,30000,01 c5 01 c5 01 c5 01 c5 01 c5 01 c5 01 c5 01 c5,0.07675,True,0.5390625,0.733578431372549,0.0,25.732167425663384,1.0,16.0,0.0
G,16,2011,50000,64 5e ed b0 64 5e ed b0 64 5e ed b0 64 5e ed b0,0.01115,True,1.0,0.7629901960784313,0.0,7.6293566200796095,0.0,4.0,0.0
G,16,2011,75000,a4 5e ed b0 a4 5e ed b0 a4 5e ed b0 a4 5e ed b0,0.0078,True,1.0,0.7629901960784313,0.0,7.087462841250339,0.0,4.0,0.0
G,16,2011,100000,a4 5e ed b0 a4 5e ed b0 a4 5e ed b0 a4 5e ed b0,0.008,True,1.0,0.7629901960784313,0.0,7.087462841250339,0.0,4.0,0.0
G,16,2011,150000,28 8a 5e ed b0 72 bf 9b 28 8a 5e ed b0 72 bf 9b,0.00385,True,1.0,0.7541666666666667,4.0,37.70043971814109,0.0,5.0,3.0
G,16,2011,200000,28 1a 5e ed b0 bc 79 97 28 1a 5e ed b0 bc 79 97,0.00325,True,1.0,0.7578431372549019,4.0,36.247927513443585,0.0,5.0,3.0
G,16,2011,300000,28 19 5e ed b0 aa 6b b4 28 19 5e ed b0 aa 6b b4,0.00395,True,1.0,0.7590686274509804,4.0,35.459431618637296,0.0,5.0,3.0
G,16,2011,300000,28 19 5e ed b0 aa 6b b4 28 19 5e ed b0 aa 6b b4,0.00395,True,1.0,0.7590686274509804,4.0,35.459431618637296,0.0,5.0,3.0
G,16,2012,500,01 c5 01 c5 01 c5 01 c5 01 c5 01 c5 01 c5 01 c5,0.03485,True,0.5018229166666667,0.782843137254902,0.0,34.95315027674516,1.0,16.0,0.0
G,16,2012,1000,01 c5 01 c5 01 c5 01 c5 01 c5 01 c5 01 c5 01 c5,0.07015,True,0.5018229166666667,0.782843137254902,0.0,34.95315027674516,1.0,16.0,0.0
G,16,2012,1100,01 c5 01 c5 01 c5 01 c5 01 c5 01 c5 01 c5 01 c5,0.074,True,0.5018229166666667,0.782843137254902,0.0,34.95315027674516,1.0,16.0,0.0
G,16,2012,2000,01 c5 01 c5 01 c5 01 c5 01 c5 01 c5 01 c5 01 c5,0.07905,True,0.5018229166666667,0.782843137254902,0.0,34.95315027674516,1.0,16.0,0.0
G,16,2012,3000,01 c5 01 c5 01 c5 01 c5 01 c5 01 c5 01 c5 01 c5,0.0976,True,0.5018229166666667,0.782843137254902,0.0,34.95315027674516,1.0,16.0,0.0
G,16,2012,5000,01 c5 01 c5 01 c5 01 c5 01 c5 01 c5 01 c5 01 c5,0.0879,True,0.5018229166666667,0.782843137254902,0.0,34.95315027674516,1.0,16.0,0.0
G,16,2012,7500,01 c5 01 c5 01 c5 01 c5 01 c5 01 c5 01 c5 01 c5,0.08595,True,0.5018229166666667,0.782843137254902,0.0,34.95315027674516,1.0,16.0,0.0
G,16,2012,10000,01 c5 01 c5 01 c5 01 c5 01 c5 01 c5 01 c5 01 c5,0.0844,True,0.5018229166666667,0.782843137254902,0.0,34.95315027674516,1.0,16.0,0.0
G,16,2012,15000,01 c5 01 c5 01 c5 01 c5 01 c5 01 c5 01 c5 01 c5,0.0934,True,0.5018229166666667,0.782843137254902,0.0,34.95315027674516,1.0,16.0,0.0
G,16,2012,20000,21 e5 21 e5 21 e5 21 e5 21 e5 21 e5 21 e5 21 e5,0.0676,True,0.5274739583333333,0.7424019607843138,0.0,29.90653833213689,1.0,16.0,0.0
G,16,2012,30000,21 e5 21 e5 21 e5 21 e5 21 e5 21 e5 21 e5 21 e5,0.06365,True,0.5274739583333333,0.7424019607843138,0.0,29.90653833213689,1.0,16.0,0.0
G,16,2012,50000,08 ce ca 5e 05 ed b0 e5 08 ce ca 5e 05 ed b0 e5,0.00325,True,1.0,0.674264705882353,3.0,32.123636453803826,0.0,7.0,1.0
G,16,2012,75000,28 0d 90 5e 89 ed b0 e2 28 0d 90 5e 89 ed b0 e2,0.002,True,1.0,0.7139705882352941,4.0,35.21817534245827,0.0,7.0,1.0
G,16,2012,100000,90 5e c3 6b 90 99 49 d6 73 73 c9 ed b0 0a 11 c7,0.0019,True,1.0,0.6338235294117647,10.0,89.39231742277876,0.0,7.0,9.0
G,16,2012,150000,b0 5e c3 4c f5 58 08 53 6b c9 c9 ab ed b0 29 8f,0.00155,True,1.0,0.6313725490196078,10.0,88.90689059560852,0.0,7.0,9.0
G,16,2012,200000,50 5e c3 ed f3 0a 36 3b e7 c4 da 44 7e ed b0 a5,0.00195,True,1.0,0.6355392156862745,10.0,90.04439411935846,0.0,7.0,9.0
G,16,2012,300000,50 5e c3 eb 12 ee 8a 51 0b 0d db ed b0 ad 4d a9,0.0017,True,1.0,0.6294117647058823,10.0,87.90689059560852,0.0,7.0,9.0
G,16,2012,300000,50 5e c3 eb 12 ee 8a 51 0b 0d db ed b0 ad 4d a9,0.0017,True,1.0,0.6294117647058823,10.0,87.90689059560852,0.0,7.0,9.0
G,16,2013,500,00 41 00 41 00 41 00 41 00 41 00 41 00 41 00 41,0.0088,False,0.10141369047619048,0.0,0.0,0.0,1.0,16.0,0.0
G,16,2013,1000,00 41 00 41 00 41 00 41 00 41 00 41 00 41 00 41,0.00875,False,0.10141369047619048,0.0,0.0,0.0,1.0,16.0,0.0
G,16,2013,1750,01 c5 01 c5 01 c5 01 c5 01 c5 01 c5 01 c5 01 c5,0.0795,True,0.664453125,0.7450980392156863,0.0,35.562756904566974,1.0,16.0,0.0
G,16,2013,2000,01 c5 01 c5 01 c5 01 c5 01 c5 01 c5 01 c5 01 c5,0.07515,True,0.664453125,0.7450980392156863,0.0,35.562756904566974,1.0,16.0,0.0
G,16,2013,3000,01 c5 01 c5 01 c5 01 c5 01 c5 01 c5 01 c5 01 c5,0.08955,True,0.664453125,0.7450980392156863,0.0,35.562756904566974,1.0,16.0,0.0
G,16,2013,5000,01 c5 01 c5 01 c5 01 c5 01 c5 01 c5 01 c5 01 c5,0.09515,True,0.664453125,0.7450980392156863,0.0,35.562756904566974,1.0,16.0,0.0
G,16,2013,7500,01 c5 01 c5 01 c5 01 c5 01 c5 01 c5 01 c5 01 c5,0.09275,True,0.664453125,0.7450980392156863,0.0,35.562756904566974,1.0,16.0,0.0
G,16,2013,10000,01 c5 01 c5 01 c5 01 c5 01 c5 01 c5 01 c5 01 c5,0.09945,True,0.664453125,0.7450980392156863,0.0,35.562756904566974,1.0,16.0,0.0
G,16,2013,15000,01 c5 01 c5 01 c5 01 c5 01 c5 01 c5 01 c5 01 c5,0.07485,True,0.664453125,0.7450980392156863,0.0,35.562756904566974,1.0,16.0,0.0
G,16,2013,20000,21 e3 21 e3 21 e3 21 e3 21 e3 21 e3 21 e3 21 e3,0.1353,False,0.08190104166666667,0.0,0.0,0.0,1.0,16.0,0.0
G,16,2013,30000,ad e3 21 e3 21 e0 ad e0 ad e3 21 e3 21 e0 ad e0,0.31815,True,1.0,0.5965686274509804,0.0,6.727920454563199,0.0,8.0,0.0
G,16,2013,50000,ad e3 21 e3 21 e0 ad e0 ad e3 21 e3 21 e0 ad e0,0.5284,True,1.0,0.5965686274509804,0.0,6.727920454563199,0.0,8.0,0.0
G,16,2013,75000,ad e3 21 e3 21 c0 ad c0 ad e3 21 e3 21 c0 ad c0,0.62695,True,1.0,0.5938725490196078,0.0,6.0,0.0,8.0,0.0
G,16,2013,100000,ad e3 21 e3 21 c0 ad c0 ad e3 21 e3 21 c0 ad c0,0.55535,True,1.0,0.5938725490196078,0.0,6.0,0.0,8.0,0.0
G,16,2013,150000,ad e3 21 e3 21 c0 ad c0 ad e3 21 e3 21 c0 ad c0,0.63525,True,1.0,0.5938725490196078,0.0,6.0,0.0,8.0,0.0
G,16,2013,200000,ad e3 21 e3 21 c0 ad c0 ad e3 21 e3 21 c0 ad c0,0.58815,True,1.0,0.5938725490196078,0.0,6.0,0.0,8.0,0.0
G,16,2013,300000,ad e3 21 e3 21 c0 ad c0 ad e3 21 e3 21 c0 ad c0,0.459,True,1.0,0.5938725490196078,0.0,6.0,0.0,8.0,0.0
G,16,2013,300000,ad e3 21 e3 21 c0 ad c0 ad e3 21 e3 21 c0 ad c0,0.459,True,1.0,0.5938725490196078,0.0,6.0,0.0,8.0,0.0
G,16,2014,500,00 41 00 41 00 41 00 41 00 41 00 41 00 41 00 41,0.0088,False,0.09270833333333334,0.0,0.0,0.0,1.0,16.0,0.0
G,16,2014,1000,00 41 00 41 00 41 00 41 00 41 00 41 00 01 00 41,0.00875,False,0.09270833333333334,0.0,0.0,0.0,1.0,16.0,0.0
G,16,2014,2000,00 41 00 41 00 41 00 41 00 41 00 41 00 41 00 41,0.0087,False,0.09270833333333334,0.0,0.0,0.0,1.0,16.0,0.0
G,16,2014,3000,01 c5 01 c5 01 c5 01 c5 01 c5 01 c5 01 c5 01 c5,0.0546,True,0.6673177083333333,0.8379901960784314,0.0,37.02875657360708,1.0,16.0,0.0
G,16,2014,3150,01 c5 01 c5 01 c5 01 c5 01 c5 01 c5 01 c5 01 c5,0.0753,True,0.6673177083333333,0.8379901960784314,0.0,37.02875657360708,1.0,16.0,0.0
G,16,2014,5000,01 c5 01 c5 01 c5 01 c5 01 c5 01 c5 01 c5 01 c5,0.10545,True,0.6673177083333333,0.8379901960784314,0.0,37.02875657360708,1.0,16.0,0.0
G,16,2014,7500,01 c5 01 c5 01 c5 01 c5 01 c5 01 c5 01 c5 01 c5,0.0902,True,0.6673177083333333,0.8379901960784314,0.0,37.02875657360708,1.0,16.0,0.0
G,16,2014,10000,01 c5 01 c5 01 c5 01 c5 01 c5 01 c5 01 c5 01 c5,0.0759,True,0.6673177083333333,0.8379901960784314,0.0,37.02875657360708,1.0,16.0,0.0
G,16,2014,15000,01 c5 01 c5 01 c5 01 c5 01 c5 01 c5 01 c5 01 c5,0.06975,True,0.6673177083333333,0.8379901960784314,0.0,37.02875657360708,1.0,16.0,0.0
G,16,2014,20000,21 e5 21 e5 21 e5 21 e5 21 e5 21 e5 21 e5 21 e5,0.06745,True,0.5423177083333333,0.7683823529411765,0.0,33.01602747971722,1.0,16.0,0.0
G,16,2014,30000,01 c5 01 c5 01 c5 01 c5 01 c5 01 c5 01 c5 01 c5,0.06855,True,0.6673177083333333,0.8379901960784314,0.0,37.02875657360708,1.0,16.0,0.0
G,16,2014,50000,ad e3 21 e3 21 e0 ad e0 ad e3 21 e3 21 e0 ad e0,0.37615,True,1.0,0.5950980392156863,0.0,6.727920454563199,0.0,8.0,0.0
G,16,2014,75000,ad e3 21 e3 21 c0 ad c0 ad e3 21 e3 21 c0 ad c0,0.46805,True,1.0,0.5938725490196078,0.0,6.0,0.0,8.0,0.0
G,16,2014,100000,ad e3 21 e3 21 c0 ad c0 ad e3 21 e3 21 c0 ad c0,0.64675,True,1.0,0.5938725490196078,0.0,6.0,0.0,8.0,0.0
G,16,2014,150000,ad e3 21 e3 21 c0 ad c0 ad e3 21 e3 21 c0 ad c0,0.4846,True,1.0,0.5938725490196078,0.0,6.0,0.0,8.0,0.0
G,16,2014,200000,ad e3 21 e3 21 c0 ad c0 ad e3 21 e3 21 c0 ad c0,0.43225,True,1.0,0.5938725490196078,0.0,6.0,0.0,8.0,0.0
G,16,2014,300000,ad e3 21 e3 21 c0 ad c0 ad e3 21 e3 21 c0 ad c0,0.5759,True,1.0,0.5938725490196078,0.0,6.0,0.0,8.0,0.0
G,16,2014,300000,ad e3 21 e3 21 c0 ad c0 ad e3 21 e3 21 c0 ad c0,0.5759,True,1.0,0.5938725490196078,0.0,6.0,0.0,8.0,0.0
G,16,2015,500,01 c5 01 c5 01 c5 01 c5 01 c5 01 c5 01 c5 01 c5,0.0231,True,0.6243489583333333,0.758578431372549,0.0,40.56438064704664,1.0,16.0,0.0
G,16,2015,1000,01 c5 01 c5 01 c5 01 c5 01 c5 01 c5 01 c5 01 c5,0.0641,True,0.6243489583333333,0.758578431372549,0.0,40.56438064704664,1.0,16.0,0.0
G,16,2015,1400,01 c5 01 c5 01 c5 01 c5 01 c5 01 c5 01 c5 01 c5,0.07305,True,0.6243489583333333,0.758578431372549,0.0,40.56438064704664,1.0,16.0,0.0
G,16,2015,2000,01 c5 01 c5 01 c5 01 c5 01 c5 01 c5 01 c5 01 c5,0.10225,True,0.6243489583333333,0.758578431372549,0.0,40.56438064704664,1.0,16.0,0.0
G,16,2015,3000,01 c5 01 c5 01 c5 01 c5 01 c5 01 c5 01 c5 01 c5,0.09415,True,0.6243489583333333,0.758578431372549,0.0,40.56438064704664,1.0,16.0,0.0
G,16,2015,5000,01 c5 01 c5 01 c5 01 c5 01 c5 01 c5 01 c5 01 c5,0.08645,True,0.6243489583333333,0.758578431372549,0.0,40.56438064704664,1.0,16.0,0.0
G,16,2015,7500,01 c5 01 c5 01 c5 01 c5 01 c5 01 c5 01 c5 01 c5,0.0982,True,0.6243489583333333,0.758578431372549,0.0,40.56438064704664,1.0,16.0,0.0
G,16,2015,10000,01 c5 01 c5 01 c5 01 c5 01 c5 01 c5 01 c5 01 c5,0.06965,True,0.6243489583333333,0.758578431372549,0.0,40.56438064704664,1.0,16.0,0.0
G,16,2015,15000,01 c5 01 c5 01 c5 01 c5 01 c5 01 c5 01 c5 01 c5,0.0727,True,0.6243489583333333,0.758578431372549,0.0,40.56438064704664,1.0,16.0,0.0
G,16,2015,20000,01 c5 01 c5 01 c5 01 c5 01 c5 01 c5 01 c5 01 c5,0.0688,True,0.6243489583333333,0.758578431372549,0.0,40.56438064704664,1.0,16.0,0.0
G,16,2015,30000,01 c5 01 c5 01 c5 01 c5 01 c5 01 c5 01 c5 01 c5,0.06315,True,0.6243489583333333,0.758578431372549,0.0,40.56438064704664,1.0,16.0,0.0
G,16,2015,50000,ad e3 21 e3 21 e0 ad e0 ad e3 21 e3 21 e0 ad e0,0.4251,True,1.0,0.5958333333333333,0.0,6.754887502163468,0.0,8.0,0.0
G,16,2015,75000,ad e3 21 e3 21 c0 ad c0 ad e3 21 e3 21 c0 ad c0,0.5797,True,1.0,0.5941176470588235,0.0,6.044394119358453,0.0,8.0,0.0
G,16,2015,100000,ad e3 21 e3 21 c0 ad c0 ad e3 21 e3 21 c0 ad c0,0.6007,True,1.0,0.5941176470588235,0.0,6.044394119358453,0.0,8.0,0.0
G,16,2015,150000,ad e3 21 e3 21 c0 ad c0 ad e3 21 e3 21 c0 ad c0,0.52135,True,1.0,0.5941176470588235,0.0,6.044394119358453,0.0,8.0,0.0
G,16,2015,200000,ad e3 21 e3 21 c0 ad c0 ad e3 21 e3 21 c0 ad c0,0.43985,True,1.0,0.5941176470588235,0.0,6.044394119358453,0.0,8.0,0.0
G,16,2015,300000,ad e3 21 e3 21 c0 ad c0 ad e3 21 e3 21 c0 ad c0,0.5615,True,1.0,0.5941176470588235,0.0,6.044394119358453,0.0,8.0,0.0
G,16,2015,300000,ad e3 21 e3 21 c0 ad c0 ad e3 21 e3 21 c0 ad c0,0.5615,True,1.0,0.5941176470588235,0.0,6.044394119358453,0.0,8.0,0.0
G,16,2016,500,01 c5 01 c5 01 c5 01 c5 01 c5 01 c5 01 c5 01 c5,0.0604,True,0.5888020833333334,0.7769607843137255,0.0,37.32165033766793,1.0,16.0,0.0
G,16,2016,600,01 c5 01 c5 01 c5 01 c5 01 c5 01 c5 01 c5 01 c5,0.08855,True,0.5888020833333334,0.7769607843137255,0.0,37.32165033766793,1.0,16.0,0.0
G,16,2016,1000,01 c5 01 c5 01 c5 01 c5 01 c5 01 c5 01 c5 01 c5,0.1173,True,0.5888020833333334,0.7769607843137255,0.0,37.32165033766793,1.0,16.0,0.0
G,16,2016,2000,01 c5 01 c5 01 c5 01 c5 01 c5 01 c5 01 c5 01 c5,0.1056,True,0.5888020833333334,0.7769607843137255,0.0,37.32165033766793,1.0,16.0,0.0
G,16,2016,3000,01 c5 01 c5 01 c5 01 c5 01 c5 01 c5 01 c5 01 c5,0.0918,True,0.5888020833333334,0.7769607843137255,0.0,37.32165033766793,1.0,16.0,0.0
G,16,2016,5000,01 c5 01 c5 01 c5 01 c5 01 c5 01 c5 01 c5 01 c5,0.07955,True,0.5888020833333334,0.7769607843137255,0.0,37.32165033766793,1.0,16.0,0.0
G,16,2016,7500,21 e5 21 e5 21 e5 21 e5 21 e5 21 e5 21 e5 21 e5,0.05935,True,0.4828125,0.6691176470588235,0.0,31.021321779386742,1.0,16.0,0.0
G,16,2016,10000,01 c5 01 c5 01 c5 01 c5 01 c5 01 c5 01 c5 01 c5,0.0905,True,0.5888020833333334,0.7769607843137255,0.0,37.32165033766793,1.0,16.0,0.0
G,16,2016,15000,01 c5 01 c5 01 c5 01 c5 01 c5 01 c5 01 c5 01 c5,0.0715,True,0.5888020833333334,0.7769607843137255,0.0,37.32165033766793,1.0,16.0,0.0
G,16,2016,20000,01 c5 01 c5 01 c5 01 c5 01 c5 01 c5 01 c5 01 c5,0.07495,True,0.5888020833333334,0.7769607843137255,0.0,37.32165033766793,1.0,16.0,0.0
G,16,2016,30000,21 e5 21 e5 21 e5 21 e5 21 e5 21 e5 21 e5 21 e5,0.0629,True,0.4828125,0.6691176470588235,0.0,31.021321779386742,1.0,16.0,0.0
G,16,2016,50000,21 e5 21 e5 21 e5 21 e5 21 e5 21 e5 21 e5 21 e5,0.09585,True,0.4828125,0.6691176470588235,0.0,31.021321779386742,1.0,16.0,0.0
G,16,2016,75000,21 e5 21 e5 21 e5 21 e5 21 e5 21 e5 21 e5 21 e5,0.06075,True,0.4828125,0.6691176470588235,0.0,31.021321779386742,1.0,16.0,0.0
G,16,2016,100000,01 c5 01 c5 01 c5 01 c5 01 c5 01 c5 01 c5 01 c5,0.0786,True,0.5888020833333334,0.7769607843137255,0.0,37.32165033766793,1.0,16.0,0.0
G,16,2016,150000,ad e3 21 e3 21 c0 ad c0 ad e3 21 e3 21 c0 ad c0,0.39465,True,1.0,0.5948529411764706,0.0,6.0,0.0,8.0,0.0
G,16,2016,200000,ad e3 21 e3 21 c0 ad c0 ad e3 21 e3 21 c0 ad c0,0.533,True,1.0,0.5948529411764706,0.0,6.0,0.0,8.0,0.0
G,16,2016,300000,ad e3 21 e3 21 c0 ad c0 ad e3 21 e3 21 c0 ad c0,0.51495,True,1.0,0.5948529411764706,0.0,6.0,0.0,8.0,0.0
G,16,2016,300000,ad e3 21 e3 21 c0 ad c0 ad e3 21 e3 21 c0 ad c0,0.51495,True,1.0,0.5948529411764706,0.0,6.0,0.0,8.0,0.0
G,16,2017,500,11 d5 11 d5 11 d5 11 d5 11 d5 11 d5 11 d5 11 d5,0.05585,True,0.4921875,0.515686274509804,0.0,18.813781191217036,1.0,16.0,0.0
G,16,2017,1000,01 c5 01 c5 01 c5 01 c5 01 c5 01 c5 01 c5 01 c5,0.0645,True,0.5776041666666667,0.7784313725490196,1.0,29.270589906714584,1.0,16.0,0.0
G,16,2017,1100,01 c5 01 c5 01 c5 01 c5 01 c5 01 c5 01 c5 01 c5,0.06925,True,0.5776041666666667,0.7784313725490196,1.0,29.270589906714584,1.0,16.0,0.0
G,16,2017,2000,01 c5 01 c5 01 c5 01 c5 01 c5 01 c5 01 c5 01 c5,0.0914,True,0.5776041666666667,0.7784313725490196,1.0,29.270589906714584,1.0,16.0,0.0
G,16,2017,3000,01 c5 01 c5 01 c5 01 c5 01 c5 01 c5 01 c5 01 c5,0.0974,True,0.5776041666666667,0.7784313725490196,1.0,29.270589906714584,1.0,16.0,0.0
G,16,2017,5000,01 c5 01 c5 01 c5 01 c5 01 c5 01 c5 01 c5 01 c5,0.08335,True,0.5776041666666667,0.7784313725490196,1.0,29.270589906714584,1.0,16.0,0.0
G,16,2017,7500,01 c5 01 c5 01 c5 01 c5 01 c5 01 c5 01 c5 01 c5,0.09035,True,0.5776041666666667,0.7784313725490196,1.0,29.270589906714584,1.0,16.0,0.0
G,16,2017,10000,01 c5 01 c5 01 c5 01 c5 01 c5 01 c5 01 c5 01 c5,0.0931,True,0.5776041666666667,0.7784313725490196,1.0,29.270589906714584,1.0,16.0,0.0
G,16,2017,15000,21 e5 21 e5 21 e5 21 e5 21 e5 21 e5 21 e5 21 e5,0.0745,True,0.546484375,0.6928921568627451,0.0,31.12197799283157,1.0,16.0,0.0
G,16,2017,20000,00 e3 21 e3 21 e0 00 e0 00 e3 21 e3 21 e0 00 e0,0.1408,True,1.0,0.5681372549019608,0.0,8.527477006060396,0.0,8.0,0.0
G,16,2017,30000,ad e3 21 e3 21 e0 ad e0 ad e3 21 e3 21 e0 ad e0,0.56735,True,1.0,0.5965686274509804,0.0,6.727920454563199,0.0,8.0,0.0
G,16,2017,50000,ad e3 21 e3 21 c0 ad c0 ad e3 21 e3 21 c0 ad c0,0.53455,True,1.0,0.5941176470588235,0.0,6.0,0.0,8.0,0.0
G,16,2017,75000,ad e3 21 e3 21 c0 ad c0 ad e3 21 e3 21 c0 ad c0,0.6486,True,1.0,0.5941176470588235,0.0,6.0,0.0,8.0,0.0
G,16,2017,100000,ad e3 21 e3 21 c0 ad c0 ad e3 21 e3 21 c0 ad c0,0.66415,True,1.0,0.5941176470588235,0.0,6.0,0.0,8.0,0.0
G,16,2017,150000,ad e3 21 e3 21 c0 ad c0 ad e3 21 e3 21 c0 ad c0,0.61015,True,1.0,0.5941176470588235,0.0,6.0,0.0,8.0,0.0
G,16,2017,200000,ad e3 21 e3 21 c0 ad c0 ad e3 21 e3 21 c0 ad c0,0.592,True,1.0,0.5941176470588235,0.0,6.0,0.0,8.0,0.0
G,16,2017,300000,ad e3 21 e3 21 c0 ad c0 ad e3 21 e3 21 c0 ad c0,0.64285,True,1.0,0.5941176470588235,0.0,6.0,0.0,8.0,0.0
G,16,2017,300000,ad e3 21 e3 21 c0 ad c0 ad e3 21 e3 21 c0 ad c0,0.64285,True,1.0,0.5941176470588235,0.0,6.0,0.0,8.0,0.0
G,16,2018,500,01 c5 01 c5 01 c5 01 c5 01 c5 01 c5 01 c5 01 c5,0.0106,True,0.5861979166666667,0.7637254901960784,0.0,32.92975955840578,1.0,16.0,0.0
G,16,2018,1000,01 c5 01 c5 01 c5 01 c5 01 c5 01 c5 01 c5 01 c5,0.06105,True,0.5861979166666667,0.7637254901960784,0.0,32.92975955840578,1.0,16.0,0.0
G,16,2018,1150,01 c5 01 c5 01 c5 01 c5 01 c5 01 c5 01 c5 01 c5,0.0748,True,0.5861979166666667,0.7637254901960784,0.0,32.92975955840578,1.0,16.0,0.0
G,16,2018,2000,01 c5 01 c5 01 c5 01 c5 01 c5 01 c5 01 c5 01 c5,0.1027,True,0.5861979166666667,0.7637254901960784,0.0,32.92975955840578,1.0,16.0,0.0
G,16,2018,3000,01 c5 01 c5 01 c5 01 c5 01 c5 01 c5 01 c5 01 c5,0.0868,True,0.5861979166666667,0.7637254901960784,0.0,32.92975955840578,1.0,16.0,0.0
G,16,2018,5000,01 c5 01 c5 01 c5 01 c5 01 c5 01 c5 01 c5 01 c5,0.08235,True,0.5861979166666667,0.7637254901960784,0.0,32.92975955840578,1.0,16.0,0.0
G,16,2018,7500,01 c5 01 c5 01 c5 01 c5 01 c5 01 c5 01 c5 01 c5,0.0895,True,0.5861979166666667,0.7637254901960784,0.0,32.92975955840578,1.0,16.0,0.0
G,16,2018,10000,01 c5 01 c5 01 c5 01 c5 01 c5 01 c5 01 c5 01 c5,0.07445,True,0.5861979166666667,0.7637254901960784,0.0,32.92975955840578,1.0,16.0,0.0
G,16,2018,15000,01 c5 01 c5 01 c5 01 c5 01 c5 01 c5 01 c5 01 c5,0.0814,True,0.5861979166666667,0.7637254901960784,0.0,32.92975955840578,1.0,16.0,0.0
G,16,2018,20000,21 e5 21 e5 21 e5 21 e5 21 e5 21 e5 21 e5 21 e5,0.06125,True,0.484765625,0.7063725490196079,0.0,27.69434045677309,1.0,16.0,0.0
G,16,2018,30000,ad e3 21 e3 21 e0 ad e0 ad e3 21 e3 21 e0 ad e0,0.3963,True,1.0,0.5970588235294118,0.0,6.727920454563199,0.0,8.0,0.0
G,16,2018,50000,ad e3 21 e3 21 e0 ad e0 ad e3 21 e3 21 e0 ad e0,0.3654,True,1.0,0.5970588235294118,0.0,6.727920454563199,0.0,8.0,0.0
G,16,2018,75000,ad e3 21 e3 21 c0 ad c0 ad e3 21 e3 21 c0 ad c0,0.66665,True,1.0,0.5938725490196078,0.0,6.0,0.0,8.0,0.0
G,16,2018,100000,ad e3 21 e3 21 c0 ad c0 ad e3 21 e3 21 c0 ad c0,0.57335,True,1.0,0.5938725490196078,0.0,6.0,0.0,8.0,0.0
G,16,2018,150000,ad e3 21 e3 21 c0 ad c0 ad e3 21 e3 21 c0 ad c0,0.5122,True,1.0,0.5938725490196078,0.0,6.0,0.0,8.0,0.0
G,16,2018,200000,ad e3 21 e3 21 c0 ad c0 ad e3 21 e3 21 c0 ad c0,0.5075,True,1.0,0.5938725490196078,0.0,6.0,0.0,8.0,0.0
G,16,2018,300000,ad e3 21 e3 21 c0 ad c0 ad e3 21 e3 21 c0 ad c0,0.61215,True,1.0,0.5938725490196078,0.0,6.0,0.0,8.0,0.0
G,16,2018,300000,ad e3 21 e3 21 c0 ad c0 ad e3 21 e3 21 c0 ad c0,0.61215,True,1.0,0.5938725490196078,0.0,6.0,0.0,8.0,0.0
G,16,2019,500,01 c5 01 c5 01 c5 01 c5 01 c5 01 c5 01 c5 01 c5,0.02595,True,0.59296875,0.711764705882353,0.0,27.391271389137046,1.0,16.0,0.0
G,16,2019,1000,01 c5 01 c5 01 c5 01 c5 01 c5 01 c5 01 c5 01 c5,0.0592,True,0.59296875,0.711764705882353,0.0,27.391271389137046,1.0,16.0,0.0
G,16,2019,1100,01 c5 01 c5 01 c5 01 c5 01 c5 01 c5 01 c5 01 c5,0.0765,True,0.59296875,0.711764705882353,0.0,27.391271389137046,1.0,16.0,0.0
G,16,2019,2000,01 c5 01 c5 01 c5 01 c5 01 c5 01 c5 01 c5 01 c5,0.10145,True,0.59296875,0.711764705882353,0.0,27.391271389137046,1.0,16.0,0.0
G,16,2019,3000,01 c5 01 c5 01 c5 01 c5 01 c5 01 c5 01 c5 01 c5,0.0807,True,0.59296875,0.711764705882353,0.0,27.391271389137046,1.0,16.0,0.0
G,16,2019,5000,01 c5 01 c5 01 c5 01 c5 01 c5 01 c5 01 c5 01 c5,0.0618,True,0.59296875,0.711764705882353,0.0,27.391271389137046,1.0,16.0,0.0
G,16,2019,7500,01 c5 01 c5 01 c5 01 c5 01 c5 01 c5 01 c5 01 c5,0.06885,True,0.59296875,0.711764705882353,0.0,27.391271389137046,1.0,16.0,0.0
G,16,2019,10000,01 c5 01 c5 01 c5 01 c5 01 c5 01 c5 01 c5 01 c5,0.06915,True,0.59296875,0.711764705882353,0.0,27.391271389137046,1.0,16.0,0.0
G,16,2019,15000,ad e3 21 e3 21 c0 ad c0 ad e3 21 e3 21 c0 ad c0,0.2247,True,1.0,0.5943627450980392,0.0,6.0,0.0,8.0,0.0
G,16,2019,20000,ac e3 21 e3 21 c0 ac c0 ac e3 21 e3 21 c0 ac c0,0.3624,True,1.0,0.5906862745098039,0.0,5.0,0.0,8.0,0.0
G,16,2019,30000,ac e3 21 e3 21 c0 ac c0 ac e3 21 e3 21 c0 ac c0,0.3494,True,1.0,0.5906862745098039,0.0,5.0,0.0,8.0,0.0
G,16,2019,50000,ac e3 21 e3 21 c0 ac c0 ac e3 21 e3 21 c0 ac c0,0.44285,True,1.0,0.5906862745098039,0.0,5.0,0.0,8.0,0.0
G,16,2019,75000,ad e3 21 e3 21 c0 ad c0 ad e3 21 e3 21 c0 ad c0,0.46475,True,1.0,0.5943627450980392,0.0,6.0,0.0,8.0,0.0
G,16,2019,100000,ad e3 21 e3 21 c0 ad c0 ad e3 21 e3 21 c0 ad c0,0.60405,True,1.0,0.5943627450980392,0.0,6.0,0.0,8.0,0.0
G,16,2019,150000,ad e3 21 e3 21 c0 ad c0 ad e3 21 e3 21 c0 ad c0,0.58395,True,1.0,0.5943627450980392,0.0,6.0,0.0,8.0,0.0
G,16,2019,200000,ad e3 21 e3 21 c0 ad c0 ad e3 21 e3 21 c0 ad c0,0.5392,True,1.0,0.5943627450980392,0.0,6.0,0.0,8.0,0.0
G,16,2019,300000,ad e3 21 e3 21 c0 ad c0 ad e3 21 e3 21 c0 ad c0,0.5793,True,1.0,0.5943627450980392,0.0,6.0,0.0,8.0,0.0
G,16,2019,300000,ad e3 21 e3 21 c0 ad c0 ad e3 21 e3 21 c0 ad c0,0.5793,True,1.0,0.5943627450980392,0.0,6.0,0.0,8.0,0.0
G,16,2020,500,00 41 00 41 00 41 00 41 00 41 00 41 00 41 00 41,0.0076,False,0.07057291666666667,0.0,0.0,0.0,1.0,16.0,0.0
G,16,2020,1000,01 c5 01 c5 01 c5 01 c5 01 c5 01 c5 01 c5 01 c5,0.0735,True,0.608203125,0.8556372549019607,0.0,29.241094035352,1.0,16.0,0.0
G,16,2020,1050,01 c5 01 c5 01 c5 01 c5 01 c5 01 c5 01 c5 01 c5,0.08715,True,0.608203125,0.8556372549019607,0.0,29.241094035352,1.0,16.0,0.0
G,16,2020,2000,01 c5 01 c5 01 c5 01 c5 01 c5 01 c5 01 c5 01 c5,0.08265,True,0.608203125,0.8556372549019607,0.0,29.241094035352,1.0,16.0,0.0
G,16,2020,3000,01 c5 01 c5 01 c5 01 c5 01 c5 01 c5 01 c5 01 c5,0.07215,True,0.608203125,0.8556372549019607,0.0,29.241094035352,1.0,16.0,0.0
G,16,2020,5000,01 c5 01 c5 01 c5 01 c5 01 c5 01 c5 01 c5 01 c5,0.08425,True,0.608203125,0.8556372549019607,0.0,29.241094035352,1.0,16.0,0.0
G,16,2020,7500,01 c5 01 c5 01 c5 01 c5 01 c5 01 c5 01 c5 01 c5,0.0594,True,0.608203125,0.8556372549019607,0.0,29.241094035352,1.0,16.0,0.0
G,16,2020,10000,35 e3 21 e3 21 c9 35 c9 35 e3 21 e3 21 c9 35 c9,0.19315,True,1.0,0.3139705882352941,1.0,7.6865005271832185,0.0,13.0,0.0
G,16,2020,15000,ad e3 21 e3 21 c0 ad c0 ad e3 21 e3 21 c0 ad c0,0.1318,True,1.0,0.5943627450980392,0.0,6.0,0.0,8.0,0.0
G,16,2020,20000,ad e3 21 e3 21 c0 ad c0 ad e3 21 e3 21 c0 ad c0,0.4355,True,1.0,0.5943627450980392,0.0,6.0,0.0,8.0,0.0
G,16,2020,30000,ad e3 21 e3 21 c0 ad c0 ad e3 21 e3 21 c0 ad c0,0.51785,True,1.0,0.5943627450980392,0.0,6.0,0.0,8.0,0.0
G,16,2020,50000,ad e3 21 e3 21 c0 ad c0 ad e3 21 e3 21 c0 ad c0,0.53925,True,1.0,0.5943627450980392,0.0,6.0,0.0,8.0,0.0
G,16,2020,75000,ad e3 21 e3 21 c0 ad c0 ad e3 21 e3 21 c0 ad c0,0.4482,True,1.0,0.5943627450980392,0.0,6.0,0.0,8.0,0.0
G,16,2020,100000,ad e3 21 e3 21 c0 ad c0 ad e3 21 e3 21 c0 ad c0,0.54615,True,1.0,0.5943627450980392,0.0,6.0,0.0,8.0,0.0
G,16,2020,150000,ad e3 21 e3 21 c0 ad c0 ad e3 21 e3 21 c0 ad c0,0.55285,True,1.0,0.5943627450980392,0.0,6.0,0.0,8.0,0.0
G,16,2020,200000,ad e3 21 e3 21 c0 ad c0 ad e3 21 e3 21 c0 ad c0,0.535,True,1.0,0.5943627450980392,0.0,6.0,0.0,8.0,0.0
G,16,2020,300000,ad e3 21 e3 21 c0 ad c0 ad e3 21 e3 21 c0 ad c0,0.33585,True,1.0,0.5943627450980392,0.0,6.0,0.0,8.0,0.0
G,16,2020,300000,ad e3 21 e3 21 c0 ad c0 ad e3 21 e3 21 c0 ad c0,0.33585,True,1.0,0.5943627450980392,0.0,6.0,0.0,8.0,0.0
G,20,2001,500,01 c5 01 c5 01 c5 01 c5 01 c5 01 c5 01 c5 01 c5 01 c5 01 c5,0.0019,True,0.49383223684210525,0.8105882352941176,0.0,46.50450543451558,1.0,20.0,0.0
G,20,2001,1000,01 c5 01 c5 01 c5 01 c5 01 c5 01 c5 01 c5 01 c5 01 c5 01 c5,0.00785,True,0.49383223684210525,0.8105882352941176,0.0,46.50450543451558,1.0,20.0,0.0
G,20,2001,2000,01 c5 01 c5 01 c5 01 c5 01 c5 01 c5 01 c5 01 c5 01 c5 01 c5,0.00385,True,0.49383223684210525,0.8105882352941176,0.0,46.50450543451558,1.0,20.0,0.0
G,20,2001,3000,01 c5 01 c5 01 c5 01 c5 01 c5 01 c5 01 c5 01 c5 01 c5 01 c5,0.0073,True,0.49383223684210525,0.8105882352941176,0.0,46.50450543451558,1.0,20.0,0.0
G,20,2001,5000,01 c5 01 c5 01 c5 01 c5 01 c5 01 c5 01 c5 01 c5 01 c5 01 c5,0.0235,True,0.49383223684210525,0.8105882352941176,0.0,46.50450543451558,1.0,20.0,0.0
G,20,2001,10000,01 c5 01 c5 01 c5 01 c5 01 c5 01 c5 01 c5 01 c5 01 c5 01 c5,0.02385,True,0.49383223684210525,0.8105882352941176,0.0,46.50450543451558,1.0,20.0,0.0
G,20,2001,15000,11 d5 11 d5 11 d5 11 d5 11 d5 11 d5 11 d5 11 d5 11 d5 11 d5,0.0539,True,0.47475328947368417,0.8880392156862745,1.0,61.38803968707784,1.0,20.0,0.0
G,20,2001,20000,11 d5 11 d5 11 d5 11 d5 11 d5 11 d5 11 d5 11 d5 11 d5 11 d5,0.04435,True,0.47475328947368417,0.8880392156862745,1.0,61.38803968707784,1.0,20.0,0.0
G,20,2001,30000,11 d5 11 d5 11 d5 11 d5 11 d5 11 d5 11 d5 11 d5 11 d5 11 d5,0.0346,True,0.47475328947368417,0.8880392156862745,1.0,61.38803968707784,1.0,20.0,0.0
G,20,2001,50000,11 d5 11 d5 11 d5 11 d5 11 d5 11 d5 11 d5 11 d5 11 d5 11 d5,0.03545,True,0.47475328947368417,0.8880392156862745,1.0,61.38803968707784,1.0,20.0,0.0
G,20,2001,75000,11 d5 11 d5 11 d5 11 d5 11 d5 11 d5 11 d5 11 d5 11 d5 11 d5,0.0388,True,0.47475328947368417,0.8880392156862745,1.0,61.38803968707784,1.0,20.0,0.0
G,20,2001,100000,11 d5 11 d5 11 d5 11 d5 11 d5 11 d5 11 d5 11 d5 11 d5 11 d5,0.04685,True,0.47475328947368417,0.8880392156862745,1.0,61.38803968707784,1.0,20.0,0.0
G,20,2001,150000,11 d5 11 d5 11 d5 11 d5 11 d5 11 d5 11 d5 11 d5 11 d5 11 d5,0.04925,True,0.47475328947368417,0.8880392156862745,1.0,61.38803968707784,1.0,20.0,0.0
G,20,2001,200000,11 d5 11 d5 11 d5 11 d5 11 d5 11 d5 11 d5 11 d5 11 d5 11 d5,0.04265,True,0.47475328947368417,0.8880392156862745,1.0,61.38803968707784,1.0,20.0,0.0
G,20,2001,293000,21 e5 21 e5 21 e5 21 e5 21 e5 21 e5 21 e5 21 e5 21 e5 21 e5,0.048,True,0.39654605263157894,0.888235294117647,2.0,67.51476937470242,1.0,20.0,0.0
G,20,2001,300000,11 d5 11 d5 11 d5 11 d5 11 d5 11 d5 11 d5 11 d5 11 d5 11 d5,0.05145,True,0.47475328947368417,0.8880392156862745,1.0,61.38803968707784,1.0,20.0,0.0
G,20,2001,500000,11 d5 11 d5 11 d5 11 d5 11 d5 11 d5 11 d5 11 d5 11 d5 11 d5,0.04285,True,0.47475328947368417,0.8880392156862745,1.0,61.38803968707784,1.0,20.0,0.0
G,20,2001,750000,b0 11 fd d9 ed b0 11 fd d9 ed b0 11 fd d9 ed b0 11 fd d9 ed,0.07505,True,1.0,0.7617647058823529,0.0,10.62662165235837,0.0,6.0,0.0
G,20,2001,1000000,b0 11 5d d9 ed b0 11 5d d9 ed b0 11 5d d9 ed b0 11 5d d9 ed,0.07255,True,1.0,0.7615686274509804,0.0,10.62662165235837,0.0,6.0,0.0
G,20,2001,1000000,b0 11 5d d9 ed b0 11 5d d9 ed b0 11 5d d9 ed b0 11 5d d9 ed,0.07255,True,1.0,0.7615686274509804,0.0,10.62662165235837,0.0,6.0,0.0
G,20,2002,500,00 3d 00 3d 00 3d 00 3d 00 3d 00 3d 00 3d 00 3d 00 15 00 00,0.00135,False,0.05008223684210526,0.000196078431372549,0.0,0.0,1.0,20.0,0.0
G,20,2002,1000,11 d5 11 d5 11 d5 11 d5 11 d5 11 d5 11 d5 11 d5 11 d5 11 d5,0.0059,True,0.5089638157894737,0.875686274509804,0.0,46.46094491694386,1.0,20.0,0.0
G,20,2002,2000,11 d5 11 d5 11 d5 11 d5 11 d5 11 d5 11 d5 11 d5 11 d5 11 d5,0.0155,True,0.5089638157894737,0.875686274509804,0.0,46.46094491694386,1.0,20.0,0.0
G,20,2002,3000,11 d5 11 d5 11 d5 11 d5 11 d5 11 d5 11 d5 11 d5 11 d5 11 d5,0.04435,True,0.5089638157894737,0.875686274509804,0.0,46.46094491694386,1.0,20.0,0.0
G,20,2002,5000,11 d5 11 d5 11 d5 11 d5 11 d5 11 d5 11 d5 11 d5 11 d5 11 d5,0.04,True,0.5089638157894737,0.875686274509804,0.0,46.46094491694386,1.0,20.0,0.0
G,20,2002,10000,11 d5 11 d5 11 d5 11 d5 11 d5 11 d5 11 d5 11 d5 11 d5 11 d5,0.0431,True,0.5089638157894737,0.875686274509804,0.0,46.46094491694386,1.0,20.0,0.0
G,20,2002,11000,21 e5 21 e5 21 e5 21 e5 21 e5 21 e5 21 e5 21 e5 21 e5 21 e5,0.05415,True,0.40189144736842103,0.8482352941176471,1.0,71.4227199564716,1.0,20.0,0.0
G,20,2002,15000,11 d5 11 d5 11 d5 11 d5 11 d5 11 d5 11 d5 11 d5 11 d5 11 d5,0.0452,True,0.5089638157894737,0.875686274509804,0.0,46.46094491694386,1.0,20.0,0.0
G,20,2002,20000,11 d5 11 d5 11 d5 11 d5 11 d5 11 d5 11 d5 11 d5 11 d5 11 d5,0.03645,True,0.5089638157894737,0.875686274509804,0.0,46.46094491694386,1.0,20.0,0.0
G,20,2002,30000,01 c5 01 c5 01 c5 01 c5 01 c5 01 c5 01 c5 01 c5 01 c5 01 c5,0.0352,True,0.4898026315789474,0.8582352941176471,1.0,52.518036160471446,1.0,20.0,0.0
G,20,2002,50000,21 e5 21 e5 21 e5 21 e5 21 e5 21 e5 21 e5 21 e5 21 e5 21 e5,0.03515,True,0.40189144736842103,0.8482352941176471,1.0,71.4227199564716,1.0,20.0,0.0
G,20,2002,75000,01 c5 01 c5 01 c5 01 c5 01 c5 01 c5 01 c5 01 c5 01 c5 01 c5,0.03655,True,0.4898026315789474,0.8582352941176471,1.0,52.518036160471446,1.0,20.0,0.0
G,20,2002,100000,21 e5 21 e5 21 e5 21 e5 21 e5 21 e5 21 e5 21 e5 21 e5 21 e5,0.0398,True,0.40189144736842103,0.8482352941176471,1.0,71.4227199564716,1.0,20.0,0.0
G,20,2002,150000,11 d5 11 d5 11 d5 11 d5 11 d5 11 d5 11 d5 11 d5 11 d5 11 d5,0.03735,True,0.5089638157894737,0.875686274509804,0.0,46.46094491694386,1.0,20.0,0.0
G,20,2002,200000,21 e5 21 e5 21 e5 21 e5 21 e5 21 e5 21 e5 21 e5 21 e5 21 e5,0.0428,True,0.40189144736842103,0.8482352941176471,1.0,71.4227199564716,1.0,20.0,0.0
G,20,2002,300000,11 d5 11 d5 11 d5 11 d5 11 d5 11 d5 11 d5 11 d5 11 d5 11 d5,0.04035,True,0.5089638157894737,0.875686274509804,0.0,46.46094491694386,1.0,20.0,0.0
G,20,2002,500000,21 e5 21 e5 21 fd 20 e5 21 e5 21 e5 21 e5 21 fd 20 e5 21 e5,0.1762,True,1.0,0.4823529411764706,2.0,30.07400243025609,0.0,18.0,0.0
G,20,2002,750000,21 e5 21 e5 21 fd 20 e5 21 e5 21 e5 21 e5 21 fd 20 e5 21 e5,0.19075,True,1.0,0.4823529411764706,2.0,30.07400243025609,0.0,18.0,0.0
G,20,2002,1000000,21 e5 21 e5 21 fd 20 e5 21 e5 21 e5 21 e5 21 fd 20 e5 21 e5,0.17805,True,1.0,0.4823529411764706,2.0,30.07400243025609,0.0,18.0,0.0
G,20,2002,1000000,21 e5 21 e5 21 fd 20 e5 21 e5 21 e5 21 e5 21 fd 20 e5 21 e5,0.17805,True,1.0,0.4823529411764706,2.0,30.07400243025609,0.0,18.0,0.0
G,20,2003,500,11 d5 11 d5 11 d5 11 d5 11 d5 11 d5 11 d5 11 d5 11 d5 11 d5,0.0125,True,0.4176626461988304,0.8635294117647059,2.0,58.55365539915818,1.0,20.0,0.0
G,20,2003,1000,11 d5 11 d5 11 d5 11 d5 11 d5 11 d5 11 d5 11 d5 11 d5 11 d5,0.03575,True,0.4176626461988304,0.8635294117647059,2.0,58.55365539915818,1.0,20.0,0.0
G,20,2003,2000,11 d5 11 d5 11 d5 11 d5 11 d5 11 d5 11 d5 11 d5 11 d5 11 d5,0.0351,True,0.4176626461988304,0.8635294117647059,2.0,58.55365539915818,1.0,20.0,0.0
G,20,2003,3000,11 d5 11 d5 11 d5 11 d5 11 d5 11 d5 11 d5 11 d5 11 d5 11 d5,0.0409,True,0.4176626461988304,0.8635294117647059,2.0,58.55365539915818,1.0,20.0,0.0
G,20,2003,5000,11 d5 11 d5 11 d5 11 d5 11 d5 11 d5 11 d5 11 d5 11 d5 11 d5,0.0419,True,0.4176626461988304,0.8635294117647059,2.0,58.55365539915818,1.0,20.0,0.0
G,20,2003,10000,11 d5 11 d5 11 d5 11 d5 11 d5 11 d5 11 d5 11 d5 11 d5 11 d5,0.0472,True,0.4176626461988304,0.8635294117647059,2.0,58.55365539915818,1.0,20.0,0.0
G,20,2003,15000,11 d5 11 d5 11 d5 11 d5 11 d5 11 d5 11 d5 11 d5 11 d5 11 d5,0.03905,True,0.4176626461988304,0.8635294117647059,2.0,58.55365539915818,1.0,20.0,0.0
G,20,2003,20000,01 c5 01 c5 01 c5 01 c5 01 c5 01 c5 01 c5 01 c5 01 c5 01 c5,0.03325,True,0.4660361842105263,0.8550980392156863,0.0,52.47178324451948,1.0,20.0,0.0
G,20,2003,30000,11 d5 11 d5 11 d5 11 d5 11 d5 11 d5 11 d5 11 d5 11 d5 11 d5,0.03845,True,0.4176626461988304,0.8635294117647059,2.0,58.55365539915818,1.0,20.0,0.0
G,20,2003,50000,11 d5 11 d5 11 d5 11 d5 11 d5 11 d5 11 d5 11 d5 11 d5 11 d5,0.03595,True,0.4176626461988304,0.8635294117647059,2.0,58.55365539915818,1.0,20.0,0.0
G,20,2003,71000,11 d5 11 d5 11 d5 11 d5 11 d5 11 d5 11 d5 11 d5 11 d5 11 d5,0.06095,True,0.4176626461988304,0.8635294117647059,2.0,58.55365539915818,1.0,20.0,0.0
G,20,2003,75000,11 d5 11 d5 11 d5 11 d5 11 d5 11 d5 11 d5 11 d5 11 d5 11 d5,0.0287,True,0.4176626461988304,0.8635294117647059,2.0,58.55365539915818,1.0,20.0,0.0
G,20,2003,100000,11 d5 11 d5 11 d5 11 d5 11 d5 11 d5 11 d5 11 d5 11 d5 11 d5,0.0356,True,0.4176626461988304,0.8635294117647059,2.0,58.55365539915818,1.0,20.0,0.0
G,20,2003,150000,11 d5 11 d5 11 d5 11 d5 11 d5 11 d5 11 d5 11 d5 11 d5 11 d5,0.0388,True,0.4176626461988304,0.8635294117647059,2.0,58.55365539915818,1.0,20.0,0.0
G,20,2003,200000,11 d5 11 d5 11 d5 11 d5 11 d5 11 d5 11 d5 11 d5 11 d5 11 d5,0.03595,True,0.4176626461988304,0.8635294117647059,2.0,58.55365539915818,1.0,20.0,0.0
G,20,2003,300000,11 d5 11 d5 11 d5 11 d5 11 d5 11 d5 11 d5 11 d5 11 d5 11 d5,0.0408,True,0.4176626461988304,0.8635294117647059,2.0,58.55365539915818,1.0,20.0,0.0
G,20,2003,500000,1e 9c 18 f6 34 b2 12 3b a6 f1 ed b8 84 cf 7c 47 1e 7f c1 fd,0.0009,True,0.8428453947368422,0.7476470588235294,11.0,97.58183315257895,0.0,6.0,10.0
G,20,2003,750000,1e 9c 10 f6 c6 eb 6b d0 e9 d0 ed b8 3b 46 4e 04 1e 78 15 b1,0.00075,True,0.8435581140350877,0.7066666666666667,10.0,89.12928301694497,0.0,6.0,10.0
G,20,2003,1000000,1e 9c 10 f6 6b c2 03 33 76 9c ed b8 08 48 e3 bc 1e ef aa 5c,0.00065,True,0.8430646929824561,0.7076470588235294,10.0,90.89481776330794,0.0,6.0,10.0
G,20,2003,1000000,1e 9c 10 f6 6b c2 03 33 76 9c ed b8 08 48 e3 bc 1e ef aa 5c,0.00065,True,0.8430646929824561,0.7076470588235294,10.0,90.89481776330794,0.0,6.0,10.0
G,20,2004,500,00 3d 00 3d 00 3d 00 3d 00 3d 00 3d 00 3d 00 3d 00 15 00 00,0.0011,False,0.10998720760233918,0.000196078431372549,0.0,0.0,1.0,20.0,0.0
G,20,2004,1000,00 3d 00 3d 00 3d 00 3d 00 3d 00 3d 00 3d 00 3d 00 15 00 00,0.0017,False,0.10998720760233918,0.000196078431372549,0.0,0.0,1.0,20.0,0.0
G,20,2004,2000,00 3d 00 3d 00 3d 00 3d 00 3d 00 3d 00 3d 00 3d 00 15 00 3d,0.0011,False,0.10428545321637428,0.000392156862745098,0.0,0.0,1.0,20.0,0.0
G,20,2004,3000,21 e5 21 e5 21 e5 21 e5 21 e5 21 e5 21 e5 21 e5 21 e5 21 e5,0.00415,True,0.540625,0.9,2.0,66.43932769464146,1.0,20.0,0.0
G,20,2004,5000,01 c5 01 c5 01 c5 01 c5 01 c5 01 c5 01 c5 01 c5 01 c5 01 c5,0.0336,True,0.5577302631578946,0.9054901960784314,3.0,58.88245691327547,1.0,20.0,0.0
G,20,2004,10000,21 e5 21 e5 21 e5 21 e5 21 e5 21 e5 21 e5 21 e5 21 e5 21 e5,0.0412,True,0.540625,0.9,2.0,66.43932769464146,1.0,20.0,0.0
G,20,2004,11000,21 e5 21 e5 21 e5 21 e5 21 e5 21 e5 21 e5 21 e5 21 e5 21 e5,0.0445,True,0.540625,0.9,2.0,66.43932769464146,1.0,20.0,0.0
G,20,2004,15000,11 d5 11 d5 11 d5 11 d5 11 d5 11 d5 11 d5 11 d5 11 d5 11 d5,0.03475,True,0.5650493421052631,0.9098039215686274,1.0,52.05539586640485,1.0,20.0,0.0
G,20,2004,20000,11 d5 11 d5 11 d5 11 d5 11 d5 11 d5 11 d5 11 d5 11 d5 11 d5,0.05415,True,0.5650493421052631,0.9098039215686274,1.0,52.05539586640485,1.0,20.0,0.0
G,20,2004,30000,21 e5 21 e5 21 e5 21 e5 21 e5 21 e5 21 e5 21 e5 21 e5 21 e5,0.0304,True,0.540625,0.9,2.0,66.43932769464146,1.0,20.0,0.0
G,20,2004,50000,14 ed b0 14 33 14 6b 14 14 ed b0 14 33 14 6b 14 14 ed b0 14,0.00425,True,1.0,0.7298039215686275,7.0,66.9011619628337,0.0,3.0,7.0
G,20,2004,75000,1e 7c ed b0 1e 7c ed b0 1e 7c ed b0 1e 7c ed b0 1e 7c ed b0,0.28805,True,1.0,0.8166666666666667,0.0,9.076815597050832,0.0,4.0,0.0
G,20,2004,100000,1e 04 ed b0 1e 04 ed b0 1e 04 ed b0 1e 04 ed b0 1e 04 ed b0,0.1476,True,1.0,0.8170588235294117,0.0,10.491853096329674,0.0,4.0,0.0
G,20,2004,150000,1e 04 ed b0 1e 04 ed b0 1e 04 ed b0 1e 04 ed b0 1e 04 ed b0,0.2794,True,1.0,0.8170588235294117,0.0,10.491853096329674,0.0,4.0,0.0
G,20,2004,200000,1e 7c ed b0 1e 7c ed b0 1e 7c ed b0 1e 7c ed b0 1e 7c ed b0,0.2861,True,1.0,0.8166666666666667,0.0,9.076815597050832,0.0,4.0,0.0
G,20,2004,300000,1e a4 ed b0 1e a4 ed b0 1e a4 ed b0 1e a4 ed b0 1e a4 ed b0,0.1704,True,1.0,0.8166666666666667,0.0,9.076815597050832,0.0,4.0,0.0
G,20,2004,500000,1e a4 ed b0 1e a4 ed b0 1e a4 ed b0 1e a4 ed b0 1e a4 ed b0,0.30295,True,1.0,0.8166666666666667,0.0,9.076815597050832,0.0,4.0,0.0
G,20,2004,750000,1e 7c ed b0 1e 7c ed b0 1e 7c ed b0 1e 7c ed b0 1e 7c ed b0,0.1796,True,1.0,0.8166666666666667,0.0,9.076815597050832,0.0,4.0,0.0
G,20,2004,1000000,1e a4 ed b0 1e a4 ed b0 1e a4 ed b0 1e a4 ed b0 1e a4 ed b0,0.14175,True,1.0,0.8166666666666667,0.0,9.076815597050832,0.0,4.0,0.0
G,20,2004,1000000,1e a4 ed b0 1e a4 ed b0 1e a4 ed b0 1e a4 ed b0 1e a4 ed b0,0.14175,True,1.0,0.8166666666666667,0.0,9.076815597050832,0.0,4.0,0.0
G,20,2005,500,00 3d 00 3d 00 3d 00 3d 00 3d 00 3d 00 3d 00 3d 00 15 00 00,0.0013,False,0.1228983918128655,0.000588235294117647,0.0,0.0,1.0,20.0,0.0
G,20,2005,1000,00 3d 00 3d 00 3d 00 3d 00 3d 00 3d 00 3d 00 3d 00 15 00 3d,0.0012,False,0.10377375730994151,0.000392156862745098,0.0,0.0,1.0,20.0,0.0
G,20,2005,2000,00 3d 00 3d 00 3d 00 3d 00 3d 00 3d 00 3d 00 3d 00 15 00 3d,0.0011,False,0.10377375730994151,0.000392156862745098,0.0,0.0,1.0,20.0,0.0
G,20,2005,3000,01 c5 01 c5 01 c5 01 c5 01 c5 01 c5 01 c5 01 c5 01 c5 01 c5,0.00315,True,0.4510690789473684,0.7637254901960784,1.0,45.7789138617664,1.0,20.0,0.0
G,20,2005,5000,01 c5 01 c5 01 c5 01 c5 01 c5 01 c5 01 c5 01 c5 01 c5 01 c5,0.0252,True,0.4510690789473684,0.7637254901960784,1.0,45.7789138617664,1.0,20.0,0.0
G,20,2005,10000,11 d5 11 d5 11 d5 11 d5 11 d5 11 d5 11 d5 11 d5 11 d5 11 d5,0.0332,True,0.37804276315789476,0.8019607843137255,1.0,61.240203367646295,1.0,20.0,0.0
G,20,2005,15000,11 d5 11 d5 11 d5 11 d5 11 d5 11 d5 11 d5 11 d5 11 d5 11 d5,0.04005,True,0.37804276315789476,0.8019607843137255,1.0,61.240203367646295,1.0,20.0,0.0
G,20,2005,20000,11 d5 11 d5 11 d5 11 d5 11 d5 11 d5 11 d5 11 d5 11 d5 11 d5,0.0392,True,0.37804276315789476,0.8019607843137255,1.0,61.240203367646295,1.0,20.0,0.0
G,20,2005,30000,11 d5 11 d5 11 d5 11 d5 11 d5 11 d5 11 d5 11 d5 11 d5 11 d5,0.0358,True,0.37804276315789476,0.8019607843137255,1.0,61.240203367646295,1.0,20.0,0.0
G,20,2005,50000,11 d5 11 d5 11 d5 11 d5 11 d5 11 d5 11 d5 11 d5 11 d5 11 d5,0.03055,True,0.37804276315789476,0.8019607843137255,1.0,61.240203367646295,1.0,20.0,0.0
G,20,2005,75000,11 d5 11 d5 11 d5 11 d5 11 d5 11 d5 11 d5 11 d5 11 d5 11 d5,0.04475,True,0.37804276315789476,0.8019607843137255,1.0,61.240203367646295,1.0,20.0,0.0
G,20,2005,97000,11 d5 11 d5 11 d5 11 d5 11 d5 11 d5 11 d5 11 d5 11 d5 11 d5,0.0613,True,0.37804276315789476,0.8019607843137255,1.0,61.240203367646295,1.0,20.0,0.0
G,20,2005,100000,21 e5 21 e5 21 e5 21 e5 21 e5 21 e5 21 e5 21 e5 21 e5 21 e5,0.02945,True,0.5080592105263158,0.8737254901960785,1.0,61.338139950641725,1.0,20.0,0.0
G,20,2005,150000,01 c5 01 c5 01 c5 01 c5 01 c5 01 c5 01 c5 01 c5 01 c5 01 c5,0.0398,True,0.4510690789473684,0.7637254901960784,1.0,45.7789138617664,1.0,20.0,0.0
G,20,2005,200000,11 d5 11 d5 11 d5 11 d5 11 d5 11 d5 11 d5 11 d5 11 d5 11 d5,0.03085,True,0.37804276315789476,0.8019607843137255,1.0,61.240203367646295,1.0,20.0,0.0
G,20,2005,300000,11 d5 11 d5 11 d5 11 d5 11 d5 11 d5 11 d5 11 d5 11 d5 11 d5,0.0315,True,0.37804276315789476,0.8019607843137255,1.0,61.240203367646295,1.0,20.0,0.0
G,20,2005,500000,21 e5 21 e5 21 e5 21 e5 21 e5 21 e5 21 e5 21 e5 21 e5 21 e5,0.0412,True,0.5080592105263158,0.8737254901960785,1.0,61.338139950641725,1.0,20.0,0.0
G,20,2005,750000,11 d5 11 d5 11 d5 11 d5 11 d5 11 d5 11 d5 11 d5 11 d5 11 d5,0.0411,True,0.37804276315789476,0.8019607843137255,1.0,61.240203367646295,1.0,20.0,0.0
G,20,2005,1000000,11 d5 11 d5 11 d5 11 d5 11 d5 11 d5 11 d5 11 d5 11 d5 11 d5,0.0361,True,0.37804276315789476,0.8019607843137255,1.0,61.240203367646295,1.0,20.0,0.0
G,20,2005,1000000,11 d5 11 d5 11 d5 11 d5 11 d5 11 d5 11 d5 11 d5 11 d5 11 d5,0.0361,True,0.37804276315789476,0.8019607843137255,1.0,61.240203367646295,1.0,20.0,0.0
G,20,2006,500,00 3d 00 3d 00 3d 00 3d 00 3d 00 3d 00 3d 00 3d 00 15 00 00,0.00115,False,0.09523026315789473,0.0,0.0,0.0,1.0,20.0,0.0
G,20,2006,1000,00 29 00 29 00 29 00 29 00 29 00 29 00 29 00 29 00 29 00 29,0.0011,False,0.0859375,0.0,0.0,0.0,1.0,20.0,0.0
G,20,2006,2000,11 d5 11 d5 11 d5 11 d5 11 d5 11 d5 11 d5 11 d5 11 d5 11 d5,0.00645,True,0.5918585526315789,0.9152941176470588,1.0,67.31574851567365,1.0,20.0,0.0
G,20,2006,3000,11 d5 11 d5 11 d5 11 d5 11 d5 11 d5 11 d5 11 d5 11 d5 11 d5,0.0275,True,0.5918585526315789,0.9152941176470588,1.0,67.31574851567365,1.0,20.0,0.0
G,20,2006,5000,11 d5 11 d5 11 d5 11 d5 11 d5 11 d5 11 d5 11 d5 11 d5 11 d5,0.03705,True,0.5918585526315789,0.9152941176470588,1.0,67.31574851567365,1.0,20.0,0.0
G,20,2006,10000,11 d5 11 d5 11 d5 11 d5 11 d5 11 d5 11 d5 11 d5 11 d5 11 d5,0.03925,True,0.5918585526315789,0.9152941176470588,1.0,67.31574851567365,1.0,20.0,0.0
G,20,2006,15000,11 d5 11 d5 11 d5 11 d5 11 d5 11 d5 11 d5 11 d5 11 d5 11 d5,0.0394,True,0.5918585526315789,0.9152941176470588,1.0,67.31574851567365,1.0,20.0,0.0
G,20,2006,20000,11 d5 11 d5 11 d5 11 d5 11 d5 11 d5 11 d5 11 d5 11 d5 11 d5,0.03015,True,0.5918585526315789,0.9152941176470588,1.0,67.31574851567365,1.0,20.0,0.0
G,20,2006,30000,11 d5 11 d5 11 d5 11 d5 11 d5 11 d5 11 d5 11 d5 11 d5 11 d5,0.0292,True,0.5918585526315789,0.9152941176470588,1.0,67.31574851567365,1.0,20.0,0.0
G,20,2006,32000,11 d5 11 d5 11 d5 11 d5 11 d5 11 d5 11 d5 11 d5 11 d5 11 d5,0.0569,True,0.5918585526315789,0.9152941176470588,1.0,67.31574851567365,1.0,20.0,0.0
G,20,2006,50000,11 d5 11 d5 11 d5 11 d5 11 d5 11 d5 11 d5 11 d5 11 d5 11 d5,0.04045,True,0.5918585526315789,0.9152941176470588,1.0,67.31574851567365,1.0,20.0,0.0
G,20,2006,75000,21 e5 21 e5 21 e5 21 e5 21 e5 21 e5 21 e5 21 e5 21 e5 21 e5,0.03395,True,0.4683388157894737,0.9041176470588236,1.0,69.0259145669686,1.0,20.0,0.0
G,20,2006,100000,11 d5 11 d5 11 d5 11 d5 11 d5 11 d5 11 d5 11 d5 11 d5 11 d5,0.04285,True,0.5918585526315789,0.9152941176470588,1.0,67.31574851567365,1.0,20.0,0.0
G,20,2006,150000,11 d5 11 d5 11 d5 11 d5 11 d5 11 d5 11 d5 11 d5 11 d5 11 d5,0.0424,True,0.5918585526315789,0.9152941176470588,1.0,67.31574851567365,1.0,20.0,0.0
G,20,2006,200000,11 d5 11 d5 11 d5 11 d5 11 d5 11 d5 11 d5 11 d5 11 d5 11 d5,0.04405,True,0.5918585526315789,0.9152941176470588,1.0,67.31574851567365,1.0,20.0,0.0
G,20,2006,300000,1e 7c ed b0 1e 7c ed b0 1e 7c ed b0 1e 7c ed b0 1e 7c ed b0,0.227,True,1.0,0.8168627450980392,0.0,8.94251450533924,0.0,4.0,0.0
G,20,2006,500000,1e 2c ed b0 1e 2c ed b0 1e 2c ed b0 1e 2c ed b0 1e 2c ed b0,0.2676,True,1.0,0.8147058823529412,0.0,7.870364719583405,0.0,4.0,0.0
G,20,2006,750000,1e 2c ed b0 1e 2c ed b0 1e 2c ed b0 1e 2c ed b0 1e 2c ed b0,0.2061,True,1.0,0.8147058823529412,0.0,7.870364719583405,0.0,4.0,0.0
G,20,2006,1000000,1e 04 ed b0 1e 04 ed b0 1e 04 ed b0 1e 04 ed b0 1e 04 ed b0,0.15895,True,1.0,0.8168627450980392,0.0,9.94251450533924,0.0,4.0,0.0
G,20,2006,1000000,1e 04 ed b0 1e 04 ed b0 1e 04 ed b0 1e 04 ed b0 1e 04 ed b0,0.15895,True,1.0,0.8168627450980392,0.0,9.94251450533924,0.0,4.0,0.0
G,20,2007,500,11 d5 11 d5 11 d5 11 d5 11 d5 11 d5 11 d5 11 d5 11 d5 11 d5,0.01095,True,0.4306743421052631,0.9031372549019608,2.0,54.900555916974604,1.0,20.0,0.0
G,20,2007,1000,11 d5 11 d5 11 d5 11 d5 11 d5 11 d5 11 d5 11 d5 11 d5 11 d5,0.01505,True,0.4306743421052631,0.9031372549019608,2.0,54.900555916974604,1.0,20.0,0.0
G,20,2007,2000,11 d5 11 d5 11 d5 11 d5 11 d5 11 d5 11 d5 11 d5 11 d5 11 d5,0.0393,True,0.4306743421052631,0.9031372549019608,2.0,54.900555916974604,1.0,20.0,0.0
G,20,2007,3000,11 d5 11 d5 11 d5 11 d5 11 d5 11 d5 11 d5 11 d5 11 d5 11 d5,0.04505,True,0.4306743421052631,0.9031372549019608,2.0,54.900555916974604,1.0,20.0,0.0
G,20,2007,5000,11 d5 11 d5 11 d5 11 d5 11 d5 11 d5 11 d5 11 d5 11 d5 11 d5,0.03255,True,0.4306743421052631,0.9031372549019608,2.0,54.900555916974604,1.0,20.0,0.0
G,20,2007,10000,11 d5 11 d5 11 d5 11 d5 11 d5 11 d5 11 d5 11 d5 11 d5 11 d5,0.0331,True,0.4306743421052631,0.9031372549019608,2.0,54.900555916974604,1.0,20.0,0.0
G,20,2007,15000,11 d5 11 d5 11 d5 11 d5 11 d5 11 d5 11 d5 11 d5 11 d5 11 d5,0.0365,True,0.4306743421052631,0.9031372549019608,2.0,54.900555916974604,1.0,20.0,0.0
G,20,2007,20000,11 d5 11 d5 11 d5 11 d5 11 d5 11 d5 11 d5 11 d5 11 d5 11 d5,0.03945,True,0.4306743421052631,0.9031372549019608,2.0,54.900555916974604,1.0,20.0,0.0
G,20,2007,30000,11 d5 11 d5 11 d5 11 d5 11 d5 11 d5 11 d5 11 d5 11 d5 11 d5,0.04465,True,0.4306743421052631,0.9031372549019608,2.0,54.900555916974604,1.0,20.0,0.0
G,20,2007,50000,11 d5 11 d5 11 d5 11 d5 11 d5 11 d5 11 d5 11 d5 11 d5 11 d5,0.03655,True,0.4306743421052631,0.9031372549019608,2.0,54.900555916974604,1.0,20.0,0.0
G,20,2007,60000,21 e5 21 e5 21 e5 21 e5 21 e5 21 e5 21 e5 21 e5 21 e5 21 e5,0.05065,True,0.44925986842105264,0.8923529411764706,2.0,66.09247542395195,1.0,20.0,0.0
G,20,2007,75000,11 d5 11 d5 11 d5 11 d5 11 d5 11 d5 11 d5 11 d5 11 d5 11 d5,0.04885,True,0.4306743421052631,0.9031372549019608,2.0,54.900555916974604,1.0,20.0,0.0
G,20,2007,100000,11 d5 11 d5 11 d5 11 d5 11 d5 11 d5 11 d5 11 d5 11 d5 11 d5,0.0436,True,0.4306743421052631,0.9031372549019608,2.0,54.900555916974604,1.0,20.0,0.0
G,20,2007,150000,11 d5 11 d5 11 d5 11 d5 11 d5 11 d5 11 d5 11 d5 11 d5 11 d5,0.03415,True,0.4306743421052631,0.9031372549019608,2.0,54.900555916974604,1.0,20.0,0.0
G,20,2007,200000,11 d5 11 d5 11 d5 11 d5 11 d5 11 d5 11 d5 11 d5 11 d5 11 d5,0.04115,True,0.4306743421052631,0.9031372549019608,2.0,54.900555916974604,1.0,20.0,0.0
G,20,2007,300000,1e 2c ed b0 1e 2c ed b0 1e 2c ed b0 1e 2c ed b0 1e 2c ed b0,0.3604,True,1.0,0.8170588235294117,0.0,7.977279923499917,0.0,4.0,0.0
G,20,2007,500000,1e 04 ed b0 1e 04 ed b0 1e 04 ed b0 1e 04 ed b0 1e 04 ed b0,0.14905,True,1.0,0.8184313725490197,0.0,10.357552004618084,0.0,4.0,0.0
G,20,2007,750000,1e a4 ed b0 1e a4 ed b0 1e a4 ed b0 1e a4 ed b0 1e a4 ed b0,0.16725,True,1.0,0.8182352941176471,0.0,9.357552004618084,0.0,4.0,0.0
G,20,2007,1000000,1e 54 ed b0 1e 54 ed b0 1e 54 ed b0 1e 54 ed b0 1e 54 ed b0,0.2886,True,1.0,0.817843137254902,0.0,8.357552004618084,0.0,4.0,0.0
G,20,2007,1000000,1e 54 ed b0 1e 54 ed b0 1e 54 ed b0 1e 54 ed b0 1e 54 ed b0,0.2886,True,1.0,0.817843137254902,0.0,8.357552004618084,0.0,4.0,0.0
G,20,2008,500,01 c5 01 c5 01 c5 01 c5 01 c5 01 c5 01 c5 01 c5 01 c5 01 c5,0.0014,True,0.4140625,0.8094117647058824,1.0,49.54159652891285,1.0,20.0,0.0
G,20,2008,1000,01 c5 01 c5 01 c5 01 c5 01 c5 01 c5 01 c5 01 c5 01 c5 01 c5,0.0067,True,0.4140625,0.8094117647058824,1.0,49.54159652891285,1.0,20.0,0.0
G,20,2008,2000,01 c5 01 c5 01 c5 01 c5 01 c5 01 c5 01 c5 01 c5 01 c5 01 c5,0.02455,True,0.4140625,0.8094117647058824,1.0,49.54159652891285,1.0,20.0,0.0
G,20,2008,3000,01 c5 01 c5 01 c5 01 c5 01 c5 01 c5 01 c5 01 c5 01 c5 01 c5,0.02305,True,0.4140625,0.8094117647058824,1.0,49.54159652891285,1.0,20.0,0.0
G,20,2008,5000,11 d5 11 d5 11 d5 11 d5 11 d5 11 d5 11 d5 11 d5 11 d5 11 d5,0.02815,True,0.40699013157894737,0.865686274509804,1.0,57.63334188203945,1.0,20.0,0.0
G,20,2008,10000,11 d5 11 d5 11 d5 11 d5 11 d5 11 d5 11 d5 11 d5 11 d5 11 d5,0.0418,True,0.40699013157894737,0.865686274509804,1.0,57.63334188203945,1.0,20.0,0.0
G,20,2008,15000,21 e5 21 e5 21 e5 21 e5 21 e5 21 e5 21 e5 21 e5 21 e5 21 e5,0.03165,True,0.4883223684210526,0.8682352941176471,1.0,58.334848287874905,1.0,20.0,0.0
G,20,2008,20000,11 d5 11 d5 11 d5 11 d5 11 d5 11 d5 11 d5 11 d5 11 d5 11 d5,0.0373,True,0.40699013157894737,0.865686274509804,1.0,57.63334188203945,1.0,20.0,0.0
G,20,2008,29000,21 e5 21 e5 21 e5 21 e5 21 e5 21 e5 21 e5 21 e5 21 e5 21 e5,0.0401,True,0.4883223684210526,0.8682352941176471,1.0,58.334848287874905,1.0,20.0,0.0
G,20,2008,30000,21 e5 21 e5 21 e5 21 e5 21 e5 21 e5 21 e5 21 e5 21 e5 21 e5,0.05015,True,0.4883223684210526,0.8682352941176471,1.0,58.334848287874905,1.0,20.0,0.0
G,20,2008,50000,21 e5 21 e5 21 75 30 e5 21 e5 21 e5 21 e5 21 75 30 e5 21 e5,0.11045,True,1.0,0.53,2.0,31.52085555275236,0.0,18.0,0.0
G,20,2008,75000,21 e5 21 e5 21 4e 10 e5 21 e5 21 e5 21 e5 21 4e 10 e5 21 e5,0.16385,True,1.0,0.5049019607843137,2.0,24.423027659930653,0.0,18.0,0.0
G,20,2008,100000,21 e5 21 e5 21 4e 10 e5 21 e5 21 e5 21 e5 21 4e 10 e5 21 e5,0.13245,True,1.0,0.5049019607843137,2.0,24.423027659930653,0.0,18.0,0.0
G,20,2008,150000,21 e5 21 e5 21 fd 20 e5 21 e5 21 e5 21 e5 21 fd 20 e5 21 e5,0.18185,True,1.0,0.4907843137254902,2.0,30.39669771210165,0.0,18.0,0.0
G,20,2008,200000,21 e5 21 e5 21 fd 20 e5 21 e5 21 e5 21 e5 21 fd 20 e5 21 e5,0.17415,True,1.0,0.4907843137254902,2.0,30.39669771210165,0.0,18.0,0.0
G,20,2008,300000,21 e5 21 e5 21 fd 20 e5 21 e5 21 e5 21 e5 21 fd 20 e5 21 e5,0.17245,True,1.0,0.4907843137254902,2.0,30.39669771210165,0.0,18.0,0.0
G,20,2008,500000,21 e5 21 e5 21 fd 20 e5 21 e5 21 e5 21 e5 21 fd 20 e5 21 e5,0.1974,True,1.0,0.4907843137254902,2.0,30.39669771210165,0.0,18.0,0.0
G,20,2008,750000,21 e5 21 e5 21 4e 10 e5 21 e5 21 e5 21 e5 21 4e 10 e5 21 e5,0.1293,True,1.0,0.5049019607843137,2.0,24.423027659930653,0.0,18.0,0.0
G,20,2008,1000000,21 e5 21 e5 21 4e 10 e5 21 e5 21 e5 21 e5 21 4e 10 e5 21 e5,0.1507,True,1.0,0.5049019607843137,2.0,24.423027659930653,0.0,18.0,0.0
G,20,2008,1000000,21 e5 21 e5 21 4e 10 e5 21 e5 21 e5 21 e5 21 4e 10 e5 21 e5,0.1507,True,1.0,0.5049019607843137,2.0,24.423027659930653,0.0,18.0,0.0
G,20,2009,500,01 c5 01 c5 01 c5 01 c5 01 c5 01 c5 01 c5 01 c5 01 c5 01 c5,0.0019,True,0.4885690789473684,0.8933333333333333,2.0,58.10039843404992,1.0,20.0,0.0
G,20,2009,1000,11 d5 11 d5 11 d5 11 d5 11 d5 11 d5 11 d5 11 d5 11 d5 11 d5,0.00685,True,0.4123355263157895,0.8927450980392156,1.0,62.235494515423454,1.0,20.0,0.0
G,20,2009,2000,11 d5 11 d5 11 d5 11 d5 11 d5 11 d5 11 d5 11 d5 11 d5 11 d5,0.0267,True,0.4123355263157895,0.8927450980392156,1.0,62.235494515423454,1.0,20.0,0.0
G,20,2009,3000,11 d5 11 d5 11 d5 11 d5 11 d5 11 d5 11 d5 11 d5 11 d5 11 d5,0.04485,True,0.4123355263157895,0.8927450980392156,1.0,62.235494515423454,1.0,20.0,0.0
G,20,2009,5000,11 d5 11 d5 11 d5 11 d5 11 d5 11 d5 11 d5 11 d5 11 d5 11 d5,0.04035,True,0.4123355263157895,0.8927450980392156,1.0,62.235494515423454,1.0,20.0,0.0
G,20,2009,10000,11 d5 11 d5 11 d5 11 d5 11 d5 11 d5 11 d5 11 d5 11 d5 11 d5,0.04255,True,0.4123355263157895,0.8927450980392156,1.0,62.235494515423454,1.0,20.0,0.0
G,20,2009,15000,11 d5 11 d5 11 d5 11 d5 11 d5 11 d5 11 d5 11 d5 11 d5 11 d5,0.0373,True,0.4123355263157895,0.8927450980392156,1.0,62.235494515423454,1.0,20.0,0.0
G,20,2009,20000,11 d5 11 d5 11 d5 11 d5 11 d5 11 d5 11 d5 11 d5 11 d5 11 d5,0.0383,True,0.4123355263157895,0.8927450980392156,1.0,62.235494515423454,1.0,20.0,0.0
G,20,2009,30000,11 d5 11 d5 11 d5 11 d5 11 d5 11 d5 11 d5 11 d5 11 d5 11 d5,0.0431,True,0.4123355263157895,0.8927450980392156,1.0,62.235494515423454,1.0,20.0,0.0
G,20,2009,50000,11 d5 11 d5 11 d5 11 d5 11 d5 11 d5 11 d5 11 d5 11 d5 11 d5,0.04275,True,0.4123355263157895,0.8927450980392156,1.0,62.235494515423454,1.0,20.0,0.0
G,20,2009,73000,21 e5 21 e5 21 e5 21 e5 21 e5 21 e5 21 e5 21 e5 21 e5 21 e5,0.0463,True,0.3740953947368421,0.8201960784313725,0.0,54.59269942665905,1.0,20.0,0.0
G,20,2009,75000,11 d5 11 d5 11 d5 11 d5 11 d5 11 d5 11 d5 11 d5 11 d5 11 d5,0.0368,True,0.4123355263157895,0.8927450980392156,1.0,62.235494515423454,1.0,20.0,0.0
G,20,2009,100000,11 d5 11 d5 11 d5 11 d5 11 d5 11 d5 11 d5 11 d5 11 d5 11 d5,0.03565,True,0.4123355263157895,0.8927450980392156,1.0,62.235494515423454,1.0,20.0,0.0
G,20,2009,150000,21 e5 21 e5 21 e5 21 e5 21 e5 21 e5 21 e5 21 e5 21 e5 21 e5,0.0364,True,0.3740953947368421,0.8201960784313725,0.0,54.59269942665905,1.0,20.0,0.0
G,20,2009,200000,11 d5 11 d5 11 d5 11 d5 11 d5 11 d5 11 d5 11 d5 11 d5 11 d5,0.03365,True,0.4123355263157895,0.8927450980392156,1.0,62.235494515423454,1.0,20.0,0.0
G,20,2009,300000,11 d5 11 d5 11 d5 11 d5 11 d5 11 d5 11 d5 11 d5 11 d5 11 d5,0.04,True,0.4123355263157895,0.8927450980392156,1.0,62.235494515423454,1.0,20.0,0.0
G,20,2009,500000,11 d5 11 d5 11 d5 11 d5 11 d5 11 d5 11 d5 11 d5 11 d5 11 d5,0.0391,True,0.4123355263157895,0.8927450980392156,1.0,62.235494515423454,1.0,20.0,0.0
G,20,2009,750000,11 7c 20 10 ed b8 8b 1c a1 11 ce 17 00 21 18 21 11 00 00 39,0.00065,True,0.8433114035087719,0.7292156862745098,11.0,92.11894107272352,0.0,6.0,10.0
G,20,2009,1000000,11 2c 20 10 ed b8 ce 29 09 d3 7f 55 a4 2e b8 0c 11 29 e1 29,0.00075,True,0.8484923245614036,0.7307843137254902,11.0,91.91587937883577,0.0,6.0,10.0
G,20,2009,1000000,11 2c 20 10 ed b8 ce 29 09 d3 7f 55 a4 2e b8 0c 11 29 e1 29,0.00075,True,0.8484923245614036,0.7307843137254902,11.0,91.91587937883577,0.0,6.0,10.0
G,20,2010,500,00 3d 00 3d 00 3d 00 3d 00 3d 00 3d 00 3d 00 3d 00 15 00 00,0.0016,False,0.08379934210526314,0.0,0.0,0.0,1.0,20.0,0.0
G,20,2010,1000,00 3d 00 3d 00 3d 00 3d 00 3d 00 3d 00 3d 00 3d 00 15 00 00,0.00165,False,0.08379934210526314,0.0,0.0,0.0,1.0,20.0,0.0
G,20,2010,2000,21 e5 21 e5 21 e5 21 e5 21 e5 21 e5 21 e5 21 e5 21 e5 21 e5,0.0059,True,0.5282894736842105,0.9050980392156863,2.0,69.34441153354436,1.0,20.0,0.0
G,20,2010,3000,21 e5 21 e5 21 e5 21 e5 21 e5 21 e5 21 e5 21 e5 21 e5 21 e5,0.0082,True,0.5282894736842105,0.9050980392156863,2.0,69.34441153354436,1.0,20.0,0.0
G,20,2010,5000,21 e5 21 e5 21 e5 21 e5 21 e5 21 e5 21 e5 21 e5 21 e5 21 e5,0.03015,True,0.5282894736842105,0.9050980392156863,2.0,69.34441153354436,1.0,20.0,0.0
G,20,2010,10000,21 e5 21 e5 21 e5 21 e5 21 e5 21 e5 21 e5 21 e5 21 e5 21 e5,0.0504,True,0.5282894736842105,0.9050980392156863,2.0,69.34441153354436,1.0,20.0,0.0
G,20,2010,10000,21 e5 21 e5 21 e5 21 e5 21 e5 21 e5 21 e5 21 e5 21 e5 21 e5,0.0504,True,0.5282894736842105,0.9050980392156863,2.0,69.34441153354436,1.0,20.0,0.0
G,20,2010,15000,21 e5 21 e5 21 e5 21 e5 21 e5 21 e5 21 e5 21 e5 21 e5 21 e5,0.04295,True,0.5282894736842105,0.9050980392156863,2.0,69.34441153354436,1.0,20.0,0.0
G,20,2010,20000,11 d5 11 d5 11 d5 11 d5 11 d5 11 d5 11 d5 11 d5 11 d5 11 d5,0.03845,True,0.48125,0.9166666666666666,1.0,65.63009603000005,1.0,20.0,0.0
G,20,2010,30000,b0 11 fd de ed b0 11 fd de ed b0 11 fd de ed b0 11 fd de ed,0.0501,True,1.0,0.766078431372549,0.0,10.70043971814109,0.0,6.0,0.0
G,20,2010,50000,b0 11 fd d9 ed b0 11 fd d9 ed b0 11 fd d9 ed b0 11 fd d9 ed,0.07175,True,1.0,0.7631372549019608,0.0,10.62662165235837,0.0,6.0,0.0
G,20,2010,75000,b0 11 ad d9 ed b0 11 ad d9 ed b0 11 ad d9 ed b0 11 ad d9 ed,0.07305,True,1.0,0.7605882352941177,0.0,10.62662165235837,0.0,6.0,0.0
G,20,2010,100000,b0 11 ad d9 ed b0 11 ad d9 ed b0 11 ad d9 ed b0 11 ad d9 ed,0.0863,True,1.0,0.7605882352941177,0.0,10.62662165235837,0.0,6.0,0.0
G,20,2010,150000,11 ad d9 ed b0 11 ad d9 ed b0 11 ad d9 ed b0 11 ad d9 ed b0,0.08495,True,1.0,0.7866666666666666,0.0,12.588714635582264,0.0,5.0,0.0
G,20,2010,200000,11 5d d9 ed b0 11 5d d9 ed b0 11 5d d9 ed b0 11 5d d9 ed b0,0.07465,True,1.0,0.796078431372549,0.0,12.57553924683453,0.0,5.0,0.0
G,20,2010,300000,b0 11 5d d9 ed b0 11 5d d9 ed b0 11 5d d9 ed b0 11 5d d9 ed,0.09555,True,1.0,0.7623529411764706,0.0,10.62662165235837,0.0,6.0,0.0
G,20,2010,500000,11 0d d9 ed b0 11 0d d9 ed b0 11 0d d9 ed b0 11 0d d9 ed b0,0.12425,True,1.0,0.7866666666666666,0.0,12.588714635582264,0.0,5.0,0.0
G,20,2010,750000,b0 11 85 d9 ed b0 11 85 d9 ed b0 11 85 d9 ed b0 11 85 d9 ed,0.11835,True,1.0,0.7605882352941177,0.0,10.62662165235837,0.0,6.0,0.0
G,20,2010,1000000,11 ad d9 ed b0 11 ad d9 ed b0 11 ad d9 ed b0 11 ad d9 ed b0,0.10075,True,1.0,0.7866666666666666,0.0,12.588714635582264,0.0,5.0,0.0
G,20,2010,1000000,11 ad d9 ed b0 11 ad d9 ed b0 11 ad d9 ed b0 11 ad d9 ed b0,0.10075,True,1.0,0.7866666666666666,0.0,12.588714635582264,0.0,5.0,0.0
G,20,2011,500,11 d5 11 d5 11 d5 11 d5 11 d5 11 d5 11 d5 11 d5 11 d5 11 d5,0.00495,True,0.44473684210526315,0.8298039215686275,1.0,60.243800136571394,1.0,20.0,0.0
G,20,2011,1000,11 d5 11 d5 11 d5 11 d5 11 d5 11 d5 11 d5 11 d5 11 d5 11 d5,0.0237,True,0.44473684210526315,0.8298039215686275,1.0,60.243800136571394,1.0,20.0,0.0
G,20,2011,2000,11 d5 11 d5 11 d5 11 d5 11 d5 11 d5 11 d5 11 d5 11 d5 11 d5,0.0326,True,0.44473684210526315,0.8298039215686275,1.0,60.243800136571394,1.0,20.0,0.0
G,20,2011,3000,11 d5 11 d5 11 d5 11 d5 11 d5 11 d5 11 d5 11 d5 11 d5 11 d5,0.03975,True,0.44473684210526315,0.8298039215686275,1.0,60.243800136571394,1.0,20.0,0.0
G,20,2011,5000,01 c5 01 c5 01 c5 01 c5 01 c5 01 c5 01 c5 01 c5 01 c5 01 c5,0.03125,True,0.48896198830409354,0.7884313725490196,1.0,50.51032333128783,1.0,20.0,0.0
G,20,2011,10000,b0 11 a5 55 ed b0 11 a5 55 ed b0 11 a5 55 ed b0 11 a5 55 ed,0.0158,True,1.0,0.7731372549019608,0.0,13.262682142362165,0.0,6.0,0.0
G,20,2011,15000,b0 11 a5 55 ed b0 11 a5 55 ed b0 11 a5 55 ed b0 11 a5 55 ed,0.02645,True,1.0,0.7731372549019608,0.0,13.262682142362165,0.0,6.0,0.0
G,20,2011,15000,b0 11 a5 55 ed b0 11 a5 55 ed b0 11 a5 55 ed b0 11 a5 55 ed,0.02645,True,1.0,0.7731372549019608,0.0,13.262682142362165,0.0,6.0,0.0
G,20,2011,20000,b0 11 05 c3 ed b0 11 05 c3 ed b0 11 05 c3 ed b0 11 05 c3 ed,0.047,True,1.0,0.7621568627450981,0.0,10.829722735086058,0.0,6.0,0.0
G,20,2011,30000,b0 11 05 c3 ed b0 11 05 c3 ed b0 11 05 c3 ed b0 11 05 c3 ed,0.0802,True,1.0,0.7621568627450981,0.0,10.829722735086058,0.0,6.0,0.0
G,20,2011,50000,1e 54 ed b0 1e 54 ed b0 1e 54 ed b0 1e 54 ed b0 1e 54 ed b0,0.0953,True,1.0,0.8164705882352942,0.0,7.392317422778761,0.0,4.0,0.0
G,20,2011,75000,1e 2c ed b0 1e 2c ed b0 1e 2c ed b0 1e 2c ed b0 1e 2c ed b0,0.24445,True,1.0,0.8152941176470588,0.0,7.94251450533924,0.0,4.0,0.0
G,20,2011,100000,1e 7c ed b0 1e 7c ed b0 1e 7c ed b0 1e 7c ed b0 1e 7c ed b0,0.18985,True,1.0,0.8166666666666667,0.0,8.977279923499918,0.0,4.0,0.0
G,20,2011,150000,1e a4 ed b0 1e a4 ed b0 1e a4 ed b0 1e a4 ed b0 1e a4 ed b0,0.31385,True,1.0,0.8166666666666667,0.0,8.977279923499918,0.0,4.0,0.0
G,20,2011,200000,1e a4 ed b0 1e a4 ed b0 1e a4 ed b0 1e a4 ed b0 1e a4 ed b0,0.19565,True,1.0,0.8166666666666667,0.0,8.977279923499918,0.0,4.0,0.0
G,20,2011,300000,1e 04 ed b0 1e 04 ed b0 1e 04 ed b0 1e 04 ed b0 1e 04 ed b0,0.20525,True,1.0,0.8168627450980392,0.0,9.977279923499918,0.0,4.0,0.0
G,20,2011,500000,1e a4 ed b0 1e a4 ed b0 1e a4 ed b0 1e a4 ed b0 1e a4 ed b0,0.2517,True,1.0,0.8166666666666667,0.0,8.977279923499918,0.0,4.0,0.0
G,20,2011,750000,1e a4 ed b0 1e a4 ed b0 1e a4 ed b0 1e a4 ed b0 1e a4 ed b0,0.22555,True,1.0,0.8166666666666667,0.0,8.977279923499918,0.0,4.0,0.0
G,20,2011,1000000,1e 04 ed b0 1e 04 ed b0 1e 04 ed b0 1e 04 ed b0 1e 04 ed b0,0.18185,True,1.0,0.8168627450980392,0.0,9.977279923499918,0.0,4.0,0.0
G,20,2011,1000000,1e 04 ed b0 1e 04 ed b0 1e 04 ed b0 1e 04 ed b0 1e 04 ed b0,0.18185,True,1.0,0.8168627450980392,0.0,9.977279923499918,0.0,4.0,0.0
G,20,2012,500,00 3d 00 3d 00 3d 00 3d 00 3d 00 3d 00 3d 00 3d 00 15 00 00,0.0014,False,0.1725328947368421,0.000392156862745098,0.0,0.0,1.0,20.0,0.0
G,20,2012,1000,01 c5 01 c5 01 c5 01 c5 01 c5 01 c5 01 c5 01 c5 01 c5 01 c5,0.00165,True,0.4854440789473684,0.9125490196078432,2.0,62.29143557235911,1.0,20.0,0.0
G,20,2012,2000,01 c5 01 c5 01 c5 01 c5 01 c5 01 c5 01 c5 01 c5 01 c5 01 c5,0.00775,True,0.4854440789473684,0.9125490196078432,2.0,62.29143557235911,1.0,20.0,0.0
G,20,2012,3000,01 c5 01 c5 01 c5 01 c5 01 c5 01 c5 01 c5 01 c5 01 c5 01 c5,0.0095,True,0.4854440789473684,0.9125490196078432,2.0,62.29143557235911,1.0,20.0,0.0
G,20,2012,5000,21 e5 21 e5 21 e5 21 e5 21 e5 21 e5 21 e5 21 e5 21 e5 21 e5,0.0274,True,0.4859375,0.9098039215686274,1.0,70.1632452011572,1.0,20.0,0.0
G,20,2012,10000,11 d5 11 d5 11 d5 11 d5 11 d5 11 d5 11 d5 11 d5 11 d5 11 d5,0.04065,True,0.38914473684210527,0.8766666666666667,1.0,64.863499596337,1.0,20.0,0.0
G,20,2012,15000,11 d5 11 d5 11 d5 11 d5 11 d5 11 d5 11 d5 11 d5 11 d5 11 d5,0.05755,True,0.38914473684210527,0.8766666666666667,1.0,64.863499596337,1.0,20.0,0.0
G,20,2012,20000,21 e5 21 e5 21 e5 21 e5 21 e5 21 e5 21 e5 21 e5 21 e5 21 e5,0.0367,True,0.4859375,0.9098039215686274,1.0,70.1632452011572,1.0,20.0,0.0
G,20,2012,30000,21 e5 21 e5 21 e5 21 e5 21 e5 21 e5 21 e5 21 e5 21 e5 21 e5,0.03945,True,0.4859375,0.9098039215686274,1.0,70.1632452011572,1.0,20.0,0.0
G,20,2012,50000,11 d5 11 d5 11 d5 11 d5 11 d5 11 d5 11 d5 11 d5 11 d5 11 d5,0.0555,True,0.38914473684210527,0.8766666666666667,1.0,64.863499596337,1.0,20.0,0.0
G,20,2012,75000,21 e5 21 e5 21 e5 21 e5 21 e5 21 e5 21 e5 21 e5 21 e5 21 e5,0.026,True,0.4859375,0.9098039215686274,1.0,70.1632452011572,1.0,20.0,0.0
G,20,2012,100000,21 e5 21 e5 21 e5 21 e5 21 e5 21 e5 21 e5 21 e5 21 e5 21 e5,0.0347,True,0.4859375,0.9098039215686274,1.0,70.1632452011572,1.0,20.0,0.0
G,20,2012,150000,11 d5 11 d5 11 d5 11 d5 11 d5 11 d5 11 d5 11 d5 11 d5 11 d5,0.03775,True,0.38914473684210527,0.8766666666666667,1.0,64.863499596337,1.0,20.0,0.0
G,20,2012,200000,11 d5 11 d5 11 d5 11 d5 11 d5 11 d5 11 d5 11 d5 11 d5 11 d5,0.0278,True,0.38914473684210527,0.8766666666666667,1.0,64.863499596337,1.0,20.0,0.0
G,20,2012,219000,21 e5 21 e5 21 e5 21 e5 21 e5 21 e5 21 e5 21 e5 21 e5 21 e5,0.0472,True,0.4859375,0.9098039215686274,1.0,70.1632452011572,1.0,20.0,0.0
G,20,2012,300000,11 d5 11 d5 11 d5 11 d5 11 d5 11 d5 11 d5 11 d5 11 d5 11 d5,0.041,True,0.38914473684210527,0.8766666666666667,1.0,64.863499596337,1.0,20.0,0.0
G,20,2012,500000,21 e5 21 e5 21 e5 21 e5 21 e5 21 e5 21 e5 21 e5 21 e5 21 e5,0.0368,True,0.4859375,0.9098039215686274,1.0,70.1632452011572,1.0,20.0,0.0
G,20,2012,750000,11 9d e9 ed b0 11 9d e9 ed b0 11 9d e9 ed b0 11 9d e9 ed b0,0.0783,True,1.0,0.7850980392156863,0.0,12.60733031374961,0.0,5.0,0.0
G,20,2012,1000000,a4 5e ed b0 a4 5e ed b0 a4 5e ed b0 a4 5e ed b0 a4 5e ed b0,0.3105,True,1.0,0.8584313725490196,0.0,11.366322214245816,0.0,4.0,0.0
G,20,2012,1000000,a4 5e ed b0 a4 5e ed b0 a4 5e ed b0 a4 5e ed b0 a4 5e ed b0,0.3105,True,1.0,0.8584313725490196,0.0,11.366322214245816,0.0,4.0,0.0
G,20,2013,500,00 29 00 29 00 29 00 29 00 29 00 29 00 29 00 29 00 29 00 29,0.0016,False,0.13141447368421053,0.0,0.0,0.0,1.0,20.0,0.0
G,20,2013,1000,11 d5 11 d5 11 d5 11 d5 11 d5 11 d5 11 d5 11 d5 11 d5 11 d5,0.02235,True,0.5821180555555555,0.8872549019607843,1.0,66.53186713804585,1.0,20.0,0.0
G,20,2013,2000,11 d5 11 d5 11 d5 11 d5 11 d5 11 d5 11 d5 11 d5 11 d5 11 d5,0.03735,True,0.5821180555555555,0.8872549019607843,1.0,66.53186713804585,1.0,20.0,0.0
G,20,2013,3000,11 d5 11 d5 11 d5 11 d5 11 d5 11 d5 11 d5 11 d5 11 d5 11 d5,0.01895,True,0.5821180555555555,0.8872549019607843,1.0,66.53186713804585,1.0,20.0,0.0
G,20,2013,5000,11 5d d9 ed b0 11 5d d9 ed b0 11 5d d9 ed b0 11 5d d9 ed b0,0.0118,True,1.0,0.7958823529411765,0.0,12.617237864746105,0.0,5.0,0.0
G,20,2013,10000,1e 2c ed b0 1e 2c ed b0 1e 2c ed b0 1e 2c ed b0 1e 2c ed b0,0.09425,True,1.0,0.8154901960784313,0.0,7.906890595608519,0.0,4.0,0.0
G,20,2013,10000,1e 2c ed b0 1e 2c ed b0 1e 2c ed b0 1e 2c ed b0 1e 2c ed b0,0.09425,True,1.0,0.8154901960784313,0.0,7.906890595608519,0.0,4.0,0.0
G,20,2013,15000,1e 2c ed b0 1e 2c ed b0 1e 2c ed b0 1e 2c ed b0 1e 2c ed b0,0.18105,True,1.0,0.8154901960784313,0.0,7.906890595608519,0.0,4.0,0.0
G,20,2013,20000,1e 2c ed b0 1e 2c ed b0 1e 2c ed b0 1e 2c ed b0 1e 2c ed b0,0.29565,True,1.0,0.8154901960784313,0.0,7.906890595608519,0.0,4.0,0.0
G,20,2013,30000,1e 2c ed b0 1e 2c ed b0 1e 2c ed b0 1e 2c ed b0 1e 2c ed b0,0.3822,True,1.0,0.8154901960784313,0.0,7.906890595608519,0.0,4.0,0.0
G,20,2013,50000,1e 2c ed b0 1e 2c ed b0 1e 2c ed b0 1e 2c ed b0 1e 2c ed b0,0.357,True,1.0,0.8154901960784313,0.0,7.906890595608519,0.0,4.0,0.0
G,20,2013,75000,1e a4 ed b0 1e a4 ed b0 1e a4 ed b0 1e a4 ed b0 1e a4 ed b0,0.1196,True,1.0,0.8166666666666667,0.0,8.870364719583405,0.0,4.0,0.0
G,20,2013,100000,1e 2c ed b0 1e 2c ed b0 1e 2c ed b0 1e 2c ed b0 1e 2c ed b0,0.162,True,1.0,0.8154901960784313,0.0,7.906890595608519,0.0,4.0,0.0
G,20,2013,150000,1e a4 ed b0 1e a4 ed b0 1e a4 ed b0 1e a4 ed b0 1e a4 ed b0,0.17665,True,1.0,0.8166666666666667,0.0,8.870364719583405,0.0,4.0,0.0
G,20,2013,200000,1e a4 ed b0 1e a4 ed b0 1e a4 ed b0 1e a4 ed b0 1e a4 ed b0,0.2037,True,1.0,0.8166666666666667,0.0,8.870364719583405,0.0,4.0,0.0
G,20,2013,300000,1e 7c ed b0 1e 7c ed b0 1e 7c ed b0 1e 7c ed b0 1e 7c ed b0,0.21215,True,1.0,0.8166666666666667,0.0,8.870364719583405,0.0,4.0,0.0
G,20,2013,500000,1e 7c ed b0 1e 7c ed b0 1e 7c ed b0 1e 7c ed b0 1e 7c ed b0,0.17415,True,1.0,0.8166666666666667,0.0,8.870364719583405,0.0,4.0,0.0
G,20,2013,750000,1e 7c ed b0 1e 7c ed b0 1e 7c ed b0 1e 7c ed b0 1e 7c ed b0,0.2032,True,1.0,0.8166666666666667,0.0,8.870364719583405,0.0,4.0,0.0
G,20,2013,1000000,1e 04 ed b0 1e 04 ed b0 1e 04 ed b0 1e 04 ed b0 1e 04 ed b0,0.219,True,1.0,0.8168627450980392,0.0,9.870364719583405,0.0,4.0,0.0
G,20,2013,1000000,1e 04 ed b0 1e 04 ed b0 1e 04 ed b0 1e 04 ed b0 1e 04 ed b0,0.219,True,1.0,0.8168627450980392,0.0,9.870364719583405,0.0,4.0,0.0
G,20,2014,500,01 c5 01 c5 01 c5 01 c5 01 c5 01 c5 01 c5 01 c5 01 c5 01 c5,0.0128,True,0.4977796052631579,0.9,2.0,59.32430668237709,1.0,20.0,0.0
G,20,2014,1000,01 c5 01 c5 01 c5 01 c5 01 c5 01 c5 01 c5 01 c5 01 c5 01 c5,0.02055,True,0.4977796052631579,0.9,2.0,59.32430668237709,1.0,20.0,0.0
G,20,2014,2000,01 c5 01 c5 01 c5 01 c5 01 c5 01 c5 01 c5 01 c5 01 c5 01 c5,0.0233,True,0.4977796052631579,0.9,2.0,59.32430668237709,1.0,20.0,0.0
G,20,2014,3000,01 c5 01 c5 01 c5 01 c5 01 c5 01 c5 01 c5 01 c5 01 c5 01 c5,0.0327,True,0.4977796052631579,0.9,2.0,59.32430668237709,1.0,20.0,0.0
G,20,2014,5000,11 d5 11 d5 11 d5 11 d5 11 d5 11 d5 11 d5 11 d5 11 d5 11 d5,0.0427,True,0.4573190789473684,0.8845098039215686,1.0,65.08251098501546,1.0,20.0,0.0
G,20,2014,10000,11 d5 11 d5 11 d5 11 d5 11 d5 11 d5 11 d5 11 d5 11 d5 11 d5,0.044,True,0.4573190789473684,0.8845098039215686,1.0,65.08251098501546,1.0,20.0,0.0
G,20,2014,15000,11 d5 11 d5 11 d5 11 d5 11 d5 11 d5 11 d5 11 d5 11 d5 11 d5,0.0403,True,0.4573190789473684,0.8845098039215686,1.0,65.08251098501546,1.0,20.0,0.0
G,20,2014,20000,11 d5 11 d5 11 d5 11 d5 11 d5 11 d5 11 d5 11 d5 11 d5 11 d5,0.04685,True,0.4573190789473684,0.8845098039215686,1.0,65.08251098501546,1.0,20.0,0.0
G,20,2014,30000,01 c5 01 c5 01 c5 01 c5 01 c5 01 c5 01 c5 01 c5 01 c5 01 c5,0.0364,True,0.4977796052631579,0.9,2.0,59.32430668237709,1.0,20.0,0.0
G,20,2014,50000,11 d5 11 d5 11 d5 11 d5 11 d5 11 d5 11 d5 11 d5 11 d5 11 d5,0.0338,True,0.4573190789473684,0.8845098039215686,1.0,65.08251098501546,1.0,20.0,0.0
G,20,2014,75000,11 d5 11 d5 11 d5 11 d5 11 d5 11 d5 11 d5 11 d5 11 d5 11 d5,0.02995,True,0.4573190789473684,0.8845098039215686,1.0,65.08251098501546,1.0,20.0,0.0
G,20,2014,100000,11 d5 11 d5 11 d5 11 d5 11 d5 11 d5 11 d5 11 d5 11 d5 11 d5,0.0325,True,0.4573190789473684,0.8845098039215686,1.0,65.08251098501546,1.0,20.0,0.0
G,20,2014,150000,21 e5 21 e5 21 e5 21 e5 21 e5 21 e5 21 e5 21 e5 21 e5 21 e5,0.0316,True,0.4229440789473684,0.8623529411764705,0.0,54.49572404285791,1.0,20.0,0.0
G,20,2014,200000,11 04 de 30 ed b8 0f 74 5d 03 c3 66 8d e7 8b 97 11 3a 00 3a,0.00065,True,0.8464638157894737,0.731764705882353,11.0,91.54206454228344,0.0,6.0,10.0
G,20,2014,300000,11 04 20 10 ed b8 21 9d 48 c8 21 4e 5f 5c 74 c8 11 b1 69 24,0.00075,True,0.8459155701754386,0.7303921568627451,11.0,91.91587937883577,0.0,6.0,10.0
G,20,2014,500000,00 00 91 c6 25 11 54 20 10 ed b8 9a ee 28 fd 00 00 18 00 04,0.00075,True,0.8480811403508772,0.6652941176470588,10.0,90.38032237828382,0.0,11.0,5.0
G,20,2014,750000,11 04 20 10 ed b8 6e 3d a3 0f f9 79 00 bf 6c 5d 11 00 00 14,0.0006,True,0.847861842105263,0.7305882352941176,11.0,91.92629599478111,0.0,6.0,10.0
G,20,2014,1000000,00 a5 f3 73 92 13 a5 11 2c 20 30 ed b8 20 a9 5b 00 4d 00 d3,0.0006,True,0.8447094298245614,0.6627450980392157,10.0,85.8505105543635,0.0,13.0,3.0
G,20,2014,1000000,00 a5 f3 73 92 13 a5 11 2c 20 30 ed b8 20 a9 5b 00 4d 00 d3,0.0006,True,0.8447094298245614,0.6627450980392157,10.0,85.8505105543635,0.0,13.0,3.0
G,20,2015,500,00 3d 00 3d 00 3d 00 3d 00 3d 00 3d 00 3d 00 3d 00 15 00 00,0.0015,False,0.10731907894736842,0.000784313725490196,0.0,0.0,1.0,20.0,0.0
G,20,2015,1000,00 3d 00 3d 00 3d 00 3d 00 3d 00 3d 00 3d 00 3d 00 15 00 00,0.001,False,0.10731907894736842,0.000784313725490196,0.0,0.0,1.0,20.0,0.0
G,20,2015,2000,01 c5 01 c5 01 c5 01 c5 01 c5 01 c5 01 c5 01 c5 01 c5 01 c5,0.01025,True,0.48939144736842105,0.8598039215686275,0.0,43.88572904367375,1.0,20.0,0.0
G,20,2015,3000,01 c5 01 c5 01 c5 01 c5 01 c5 01 c5 01 c5 01 c5 01 c5 01 c5,0.0285,True,0.48939144736842105,0.8598039215686275,0.0,43.88572904367375,1.0,20.0,0.0
G,20,2015,5000,01 c5 01 c5 01 c5 01 c5 01 c5 01 c5 01 c5 01 c5 01 c5 01 c5,0.035,True,0.48939144736842105,0.8598039215686275,0.0,43.88572904367375,1.0,20.0,0.0
G,20,2015,10000,01 c5 01 c5 01 c5 01 c5 01 c5 01 c5 01 c5 01 c5 01 c5 01 c5,0.03265,True,0.48939144736842105,0.8598039215686275,0.0,43.88572904367375,1.0,20.0,0.0
G,20,2015,15000,11 d5 11 d5 11 d5 11 d5 11 d5 11 d5 11 d5 11 d5 11 d5 11 d5,0.03505,True,0.5754111842105263,0.8315686274509804,2.0,61.26285679277912,1.0,20.0,0.0
G,20,2015,20000,11 d5 11 d5 11 d5 11 d5 11 d5 11 d5 11 d5 11 d5 11 d5 11 d5,0.0348,True,0.5754111842105263,0.8315686274509804,2.0,61.26285679277912,1.0,20.0,0.0
G,20,2015,30000,21 e5 21 e5 21 e5 21 e5 21 e5 21 e5 21 e5 21 e5 21 e5 21 e5,0.02995,True,0.40756578947368416,0.8892156862745098,1.0,50.03359439208408,1.0,20.0,0.0
G,20,2015,50000,21 e5 21 e5 21 e5 21 e5 21 e5 21 e5 21 e5 21 e5 21 e5 21 e5,0.03945,True,0.40756578947368416,0.8892156862745098,1.0,50.03359439208408,1.0,20.0,0.0
G,20,2015,75000,11 d5 11 d5 11 d5 11 d5 11 d5 11 d5 11 d5 11 d5 11 d5 11 d5,0.04975,True,0.5754111842105263,0.8315686274509804,2.0,61.26285679277912,1.0,20.0,0.0
G,20,2015,100000,11 d5 11 d5 11 d5 11 d5 11 d5 11 d5 11 d5 11 d5 11 d5 11 d5,0.03655,True,0.5754111842105263,0.8315686274509804,2.0,61.26285679277912,1.0,20.0,0.0
G,20,2015,150000,21 e5 21 e5 21 e5 21 e5 21 e5 21 e5 21 e5 21 e5 21 e5 21 e5,0.0365,True,0.40756578947368416,0.8892156862745098,1.0,50.03359439208408,1.0,20.0,0.0
G,20,2015,200000,11 d5 11 d5 11 d5 11 d5 11 d5 11 d5 11 d5 11 d5 11 d5 11 d5,0.04935,True,0.5754111842105263,0.8315686274509804,2.0,61.26285679277912,1.0,20.0,0.0
G,20,2015,232000,21 e5 21 e5 21 e5 21 e5 21 e5 21 e5 21 e5 21 e5 21 e5 21 e5,0.0509,True,0.40756578947368416,0.8892156862745098,1.0,50.03359439208408,1.0,20.0,0.0
G,20,2015,300000,11 d5 11 d5 11 d5 11 d5 11 d5 11 d5 11 d5 11 d5 11 d5 11 d5,0.04865,True,0.5754111842105263,0.8315686274509804,2.0,61.26285679277912,1.0,20.0,0.0
G,20,2015,500000,1e 7c ed b0 1e 7c ed b0 1e 7c ed b0 1e 7c ed b0 1e 7c ed b0,0.1884,True,1.0,0.8176470588235294,0.0,9.076815597050832,0.0,4.0,0.0
G,20,2015,750000,1e 7c ed b0 1e 7c ed b0 1e 7c ed b0 1e 7c ed b0 1e 7c ed b0,0.16175,True,1.0,0.8176470588235294,0.0,9.076815597050832,0.0,4.0,0.0
G,20,2015,1000000,1e a4 ed b0 1e a4 ed b0 1e a4 ed b0 1e a4 ed b0 1e a4 ed b0,0.1499,True,1.0,0.8182352941176471,0.0,9.398743691938193,0.0,4.0,0.0
G,20,2015,1000000,1e a4 ed b0 1e a4 ed b0 1e a4 ed b0 1e a4 ed b0 1e a4 ed b0,0.1499,True,1.0,0.8182352941176471,0.0,9.398743691938193,0.0,4.0,0.0
G,20,2016,500,01 c5 01 c5 01 c5 01 c5 01 c5 01 c5 01 c5 01 c5 01 c5 01 c5,0.0018,True,0.48240131578947365,0.8960784313725491,2.0,58.43143079029592,1.0,20.0,0.0
G,20,2016,1000,01 c5 01 c5 01 c5 01 c5 01 c5 01 c5 01 c5 01 c5 01 c5 01 c5,0.0116,True,0.48240131578947365,0.8960784313725491,2.0,58.43143079029592,1.0,20.0,0.0
G,20,2016,2000,01 c5 01 c5 01 c5 01 c5 01 c5 01 c5 01 c5 01 c5 01 c5 01 c5,0.0159,True,0.48240131578947365,0.8960784313725491,2.0,58.43143079029592,1.0,20.0,0.0
G,20,2016,3000,01 c5 01 c5 01 c5 01 c5 01 c5 01 c5 01 c5 01 c5 01 c5 01 c5,0.02125,True,0.48240131578947365,0.8960784313725491,2.0,58.43143079029592,1.0,20.0,0.0
G,20,2016,5000,01 c5 01 c5 01 c5 01 c5 01 c5 01 c5 01 c5 01 c5 01 c5 01 c5,0.03195,True,0.48240131578947365,0.8960784313725491,2.0,58.43143079029592,1.0,20.0,0.0
G,20,2016,10000,11 d5 11 d5 11 d5 11 d5 11 d5 11 d5 11 d5 11 d5 11 d5 11 d5,0.0267,True,0.4665296052631579,0.8721568627450981,1.0,64.29465353842508,1.0,20.0,0.0
G,20,2016,15000,11 d5 11 d5 11 d5 11 d5 11 d5 11 d5 11 d5 11 d5 11 d5 11 d5,0.034,True,0.4665296052631579,0.8721568627450981,1.0,64.29465353842508,1.0,20.0,0.0
G,20,2016,20000,11 d5 11 d5 11 d5 11 d5 11 d5 11 d5 11 d5 11 d5 11 d5 11 d5,0.0415,True,0.4665296052631579,0.8721568627450981,1.0,64.29465353842508,1.0,20.0,0.0
G,20,2016,26000,b0 11 4d 76 ed b0 11 4d 76 ed b0 11 4d 76 ed b0 11 4d 76 ed,0.0425,True,1.0,0.7645098039215686,0.0,11.31628153174622,0.0,6.0,0.0
G,20,2016,30000,11 c5 76 ed b0 11 c5 76 ed b0 11 c5 76 ed b0 11 c5 76 ed b0,0.0528,True,1.0,0.7727450980392156,0.0,11.064742764750257,0.0,5.0,0.0
G,20,2016,50000,11 9d 76 ed b0 11 9d 76 ed b0 11 9d 76 ed b0 11 9d 76 ed b0,0.09025,True,1.0,0.7888235294117647,0.0,12.82097669262124,0.0,5.0,0.0
G,20,2016,75000,11 4d 76 ed b0 11 4d 76 ed b0 11 4d 76 ed b0 11 4d 76 ed b0,0.10775,True,1.0,0.7888235294117647,0.0,12.738514532429267,0.0,5.0,0.0
G,20,2016,100000,11 4d 76 ed b0 11 4d 76 ed b0 11 4d 76 ed b0 11 4d 76 ed b0,0.1175,True,1.0,0.7888235294117647,0.0,12.738514532429267,0.0,5.0,0.0
G,20,2016,150000,7c 5e ed b0 7c 5e ed b0 7c 5e ed b0 7c 5e ed b0 7c 5e ed b0,0.29485,True,1.0,0.8572549019607844,0.0,9.936637939002571,0.0,4.0,0.0
G,20,2016,200000,04 5e ed b0 04 5e ed b0 04 5e ed b0 04 5e ed b0 04 5e ed b0,0.3696,True,1.0,0.8592156862745098,0.0,11.258566033889933,0.0,4.0,0.0
G,20,2016,300000,a4 5e ed b0 a4 5e ed b0 a4 5e ed b0 a4 5e ed b0 a4 5e ed b0,0.408,True,1.0,0.8586274509803922,0.0,11.521600439723727,0.0,4.0,0.0
G,20,2016,500000,a4 5e ed b0 a4 5e ed b0 a4 5e ed b0 a4 5e ed b0 a4 5e ed b0,0.3489,True,1.0,0.8586274509803922,0.0,11.521600439723727,0.0,4.0,0.0
G,20,2016,750000,54 5e ed b0 54 5e ed b0 54 5e ed b0 54 5e ed b0 54 5e ed b0,0.26065,True,1.0,0.8562745098039216,0.0,7.977279923499917,0.0,4.0,0.0
G,20,2016,1000000,a4 5e ed b0 a4 5e ed b0 a4 5e ed b0 a4 5e ed b0 a4 5e ed b0,0.24375,True,1.0,0.8586274509803922,0.0,11.521600439723727,0.0,4.0,0.0
G,20,2016,1000000,a4 5e ed b0 a4 5e ed b0 a4 5e ed b0 a4 5e ed b0 a4 5e ed b0,0.24375,True,1.0,0.8586274509803922,0.0,11.521600439723727,0.0,4.0,0.0
G,20,2017,500,01 c5 01 c5 01 c5 01 c5 01 c5 01 c5 01 c5 01 c5 01 c5 01 c5,0.00285,True,0.5094572368421053,0.8615686274509804,1.0,57.75767640030911,1.0,20.0,0.0
G,20,2017,1000,01 c5 01 c5 01 c5 01 c5 01 c5 01 c5 01 c5 01 c5 01 c5 01 c5,0.0142,True,0.5094572368421053,0.8615686274509804,1.0,57.75767640030911,1.0,20.0,0.0
G,20,2017,2000,01 c5 01 c5 01 c5 01 c5 01 c5 01 c5 01 c5 01 c5 01 c5 01 c5,0.02085,True,0.5094572368421053,0.8615686274509804,1.0,57.75767640030911,1.0,20.0,0.0
G,20,2017,3000,01 c5 01 c5 01 c5 01 c5 01 c5 01 c5 01 c5 01 c5 01 c5 01 c5,0.03325,True,0.5094572368421053,0.8615686274509804,1.0,57.75767640030911,1.0,20.0,0.0
G,20,2017,5000,01 c5 01 c5 01 c5 01 c5 01 c5 01 c5 01 c5 01 c5 01 c5 01 c5,0.0292,True,0.5094572368421053,0.8615686274509804,1.0,57.75767640030911,1.0,20.0,0.0
G,20,2017,10000,11 d5 11 d5 11 d5 11 d5 11 d5 11 d5 11 d5 11 d5 11 d5 11 d5,0.04785,True,0.5882401315789474,0.8729411764705882,1.0,62.299869596826646,1.0,20.0,0.0
G,20,2017,15000,11 d5 11 d5 11 d5 11 d5 11 d5 11 d5 11 d5 11 d5 11 d5 11 d5,0.04115,True,0.5882401315789474,0.8729411764705882,1.0,62.299869596826646,1.0,20.0,0.0
G,20,2017,20000,11 d5 11 d5 11 d5 11 d5 11 d5 11 d5 11 d5 11 d5 11 d5 11 d5,0.0364,True,0.5882401315789474,0.8729411764705882,1.0,62.299869596826646,1.0,20.0,0.0
G,20,2017,30000,21 e5 21 e5 21 e5 21 e5 21 e5 21 e5 21 e5 21 e5 21 e5 21 e5,0.0341,True,0.5066611842105264,0.9043137254901961,3.0,69.80516938631627,1.0,20.0,0.0
G,20,2017,50000,11 d5 11 d5 11 d5 11 d5 11 d5 11 d5 11 d5 11 d5 11 d5 11 d5,0.0345,True,0.5882401315789474,0.8729411764705882,1.0,62.299869596826646,1.0,20.0,0.0
G,20,2017,59000,21 e5 21 e5 21 e5 21 e5 21 e5 21 e5 21 e5 21 e5 21 e5 21 e5,0.0478,True,0.5066611842105264,0.9043137254901961,3.0,69.80516938631627,1.0,20.0,0.0
G,20,2017,75000,21 e5 21 e5 21 4e 10 e5 21 e5 21 e5 21 e5 21 4e 10 e5 21 e5,0.11005,True,1.0,0.5149019607843137,2.0,23.728265987981057,0.0,18.0,0.0
G,20,2017,100000,21 e5 21 e5 21 4e 10 e5 21 e5 21 e5 21 e5 21 4e 10 e5 21 e5,0.18755,True,1.0,0.5149019607843137,2.0,23.728265987981057,0.0,18.0,0.0
G,20,2017,150000,21 e5 21 e5 21 4e 10 e5 21 e5 21 e5 21 e5 21 4e 10 e5 21 e5,0.1763,True,1.0,0.5149019607843137,2.0,23.728265987981057,0.0,18.0,0.0
G,20,2017,200000,21 e5 21 e5 21 4e 10 e5 21 e5 21 e5 21 e5 21 4e 10 e5 21 e5,0.1662,True,1.0,0.5149019607843137,2.0,23.728265987981057,0.0,18.0,0.0
G,20,2017,300000,21 e5 21 e5 21 4e 10 e5 21 e5 21 e5 21 e5 21 4e 10 e5 21 e5,0.19605,True,1.0,0.5149019607843137,2.0,23.728265987981057,0.0,18.0,0.0
G,20,2017,500000,21 e5 21 e5 21 4e 10 e5 21 e5 21 e5 21 e5 21 4e 10 e5 21 e5,0.18245,True,1.0,0.5149019607843137,2.0,23.728265987981057,0.0,18.0,0.0
G,20,2017,750000,21 e5 21 e5 21 4e 10 e5 21 e5 21 e5 21 e5 21 4e 10 e5 21 e5,0.1462,True,1.0,0.5149019607843137,2.0,23.728265987981057,0.0,18.0,0.0
G,20,2017,1000000,21 e5 21 e5 21 4e 10 e5 21 e5 21 e5 21 e5 21 4e 10 e5 21 e5,0.1899,True,1.0,0.5149019607843137,2.0,23.728265987981057,0.0,18.0,0.0
G,20,2017,1000000,21 e5 21 e5 21 4e 10 e5 21 e5 21 e5 21 e5 21 4e 10 e5 21 e5,0.1899,True,1.0,0.5149019607843137,2.0,23.728265987981057,0.0,18.0,0.0
G,20,2018,500,01 c5 01 c5 01 c5 01 c5 01 c5 01 c5 01 c5 01 c5 01 c5 01 c5,0.00625,True,0.45049342105263157,0.8917647058823529,1.0,53.79913732741227,1.0,20.0,0.0
G,20,2018,1000,01 c5 01 c5 01 c5 01 c5 01 c5 01 c5 01 c5 01 c5 01 c5 01 c5,0.0096,True,0.45049342105263157,0.8917647058823529,1.0,53.79913732741227,1.0,20.0,0.0
G,20,2018,2000,01 c5 01 c5 01 c5 01 c5 01 c5 01 c5 01 c5 01 c5 01 c5 01 c5,0.0244,True,0.45049342105263157,0.8917647058823529,1.0,53.79913732741227,1.0,20.0,0.0
G,20,2018,3000,01 c5 01 c5 01 c5 01 c5 01 c5 01 c5 01 c5 01 c5 01 c5 01 c5,0.02155,True,0.45049342105263157,0.8917647058823529,1.0,53.79913732741227,1.0,20.0,0.0
G,20,2018,5000,11 d5 11 d5 11 d5 11 d5 11 d5 11 d5 11 d5 11 d5 11 d5 11 d5,0.034,True,0.4463815789473684,0.8872549019607843,0.0,43.61502070995453,1.0,20.0,0.0
G,20,2018,10000,11 d5 11 d5 11 d5 11 d5 11 d5 11 d5 11 d5 11 d5 11 d5 11 d5,0.049,True,0.4463815789473684,0.8872549019607843,0.0,43.61502070995453,1.0,20.0,0.0
G,20,2018,15000,21 e5 21 e5 21 e5 21 e5 21 e5 21 e5 21 e5 21 e5 21 e5 21 e5,0.0333,True,0.5680921052631578,0.8692156862745098,0.0,54.6025184876895,1.0,20.0,0.0
G,20,2018,20000,11 d5 11 d5 11 d5 11 d5 11 d5 11 d5 11 d5 11 d5 11 d5 11 d5,0.046,True,0.4463815789473684,0.8872549019607843,0.0,43.61502070995453,1.0,20.0,0.0
G,20,2018,30000,11 d5 11 d5 11 d5 11 d5 11 d5 11 d5 11 d5 11 d5 11 d5 11 d5,0.0386,True,0.4463815789473684,0.8872549019607843,0.0,43.61502070995453,1.0,20.0,0.0
G,20,2018,50000,11 d5 11 d5 11 d5 11 d5 11 d5 11 d5 11 d5 11 d5 11 d5 11 d5,0.0356,True,0.4463815789473684,0.8872549019607843,0.0,43.61502070995453,1.0,20.0,0.0
G,20,2018,75000,21 e5 21 e5 21 e5 21 e5 21 e5 21 e5 21 e5 21 e5 21 e5 21 e5,0.03765,True,0.5680921052631578,0.8692156862745098,0.0,54.6025184876895,1.0,20.0,0.0
G,20,2018,92000,21 e5 21 e5 21 e5 21 e5 21 e5 21 e5 21 e5 21 e5 21 e5 21 e5,0.0479,True,0.5680921052631578,0.8692156862745098,0.0,54.6025184876895,1.0,20.0,0.0
G,20,2018,100000,01 c5 01 c5 01 c5 01 c5 01 c5 01 c5 01 c5 01 c5 01 c5 01 c5,0.0379,True,0.45049342105263157,0.8917647058823529,1.0,53.79913732741227,1.0,20.0,0.0
G,20,2018,150000,21 e5 21 e5 21 e5 21 e5 21 e5 21 e5 21 e5 21 e5 21 e5 21 e5,0.0287,True,0.5680921052631578,0.8692156862745098,0.0,54.6025184876895,1.0,20.0,0.0
G,20,2018,200000,11 d5 11 d5 11 d5 11 d5 11 d5 11 d5 11 d5 11 d5 11 d5 11 d5,0.0439,True,0.4463815789473684,0.8872549019607843,0.0,43.61502070995453,1.0,20.0,0.0
G,20,2018,300000,b0 11 55 5f ed b0 11 55 5f ed b0 11 55 5f ed b0 11 55 5f ed,0.06355,True,1.0,0.7868627450980392,0.0,14.829722735086058,0.0,6.0,0.0
G,20,2018,500000,1e a4 ed b0 1e a4 ed b0 1e a4 ed b0 1e a4 ed b0 1e a4 ed b0,0.1907,True,1.0,0.8168627450980392,0.0,9.044394119358454,0.0,4.0,0.0
G,20,2018,750000,1e 2c ed b0 1e 2c ed b0 1e 2c ed b0 1e 2c ed b0 1e 2c ed b0,0.1789,True,1.0,0.8156862745098039,0.0,7.94251450533924,0.0,4.0,0.0
G,20,2018,1000000,1e a4 ed b0 1e a4 ed b0 1e a4 ed b0 1e a4 ed b0 1e a4 ed b0,0.1827,True,1.0,0.8168627450980392,0.0,9.044394119358454,0.0,4.0,0.0
G,20,2018,1000000,1e a4 ed b0 1e a4 ed b0 1e a4 ed b0 1e a4 ed b0 1e a4 ed b0,0.1827,True,1.0,0.8168627450980392,0.0,9.044394119358454,0.0,4.0,0.0
G,20,2019,500,00 29 00 29 00 29 00 29 00 29 00 29 00 29 00 29 00 29 00 29,0.00135,False,0.14744152046783626,0.0,0.0,0.0,1.0,20.0,0.0
G,20,2019,1000,01 c5 01 c5 01 c5 01 c5 01 c5 01 c5 01 c5 01 c5 01 c5 01 c5,0.00655,True,0.49407894736842106,0.9035294117647059,2.0,53.68406114335334,1.0,20.0,0.0
G,20,2019,2000,01 c5 01 c5 01 c5 01 c5 01 c5 01 c5 01 c5 01 c5 01 c5 01 c5,0.0194,True,0.49407894736842106,0.9035294117647059,2.0,53.68406114335334,1.0,20.0,0.0
G,20,2019,3000,01 c5 01 c5 01 c5 01 c5 01 c5 01 c5 01 c5 01 c5 01 c5 01 c5,0.02395,True,0.49407894736842106,0.9035294117647059,2.0,53.68406114335334,1.0,20.0,0.0
G,20,2019,5000,01 c5 01 c5 01 c5 01 c5 01 c5 01 c5 01 c5 01 c5 01 c5 01 c5,0.03195,True,0.49407894736842106,0.9035294117647059,2.0,53.68406114335334,1.0,20.0,0.0
G,20,2019,10000,11 d5 11 d5 11 d5 11 d5 11 d5 11 d5 11 d5 11 d5 11 d5 11 d5,0.0287,True,0.576891447368421,0.8958823529411765,2.0,61.058388149863006,1.0,20.0,0.0
G,20,2019,15000,11 d5 11 d5 11 d5 11 d5 11 d5 11 d5 11 d5 11 d5 11 d5 11 d5,0.03895,True,0.576891447368421,0.8958823529411765,2.0,61.058388149863006,1.0,20.0,0.0
G,20,2019,20000,11 d5 11 d5 11 d5 11 d5 11 d5 11 d5 11 d5 11 d5 11 d5 11 d5,0.0351,True,0.576891447368421,0.8958823529411765,2.0,61.058388149863006,1.0,20.0,0.0
G,20,2019,30000,11 d5 11 d5 11 d5 11 d5 11 d5 11 d5 11 d5 11 d5 11 d5 11 d5,0.0455,True,0.576891447368421,0.8958823529411765,2.0,61.058388149863006,1.0,20.0,0.0
G,20,2019,50000,21 e5 21 e5 21 e5 21 e5 21 e5 21 e5 21 e5 21 e5 21 e5 21 e5,0.03895,True,0.4351973684210526,0.8292156862745098,1.0,49.7511146634498,1.0,20.0,0.0
G,20,2019,71000,21 e5 21 e5 21 e5 21 e5 21 e5 21 e5 21 e5 21 e5 21 e5 21 e5,0.04665,True,0.4351973684210526,0.8292156862745098,1.0,49.7511146634498,1.0,20.0,0.0
G,20,2019,75000,11 d5 11 d5 11 d5 11 d5 11 d5 11 d5 11 d5 11 d5 11 d5 11 d5,0.03445,True,0.576891447368421,0.8958823529411765,2.0,61.058388149863006,1.0,20.0,0.0
G,20,2019,100000,11 d5 11 d5 11 d5 11 d5 11 d5 11 d5 11 d5 11 d5 11 d5 11 d5,0.04085,True,0.576891447368421,0.8958823529411765,2.0,61.058388149863006,1.0,20.0,0.0
G,20,2019,150000,b0 11 9d 58 ed b0 11 9d 58 ed b0 11 9d 58 ed b0 11 9d 58 ed,0.03875,True,1.0,0.7641176470588236,0.0,13.064742764750255,0.0,6.0,0.0
G,20,2019,200000,11 25 76 ed b0 11 25 76 ed b0 11 25 76 ed b0 11 25 76 ed b0,0.1386,True,1.0,0.7874509803921569,0.0,12.716819461329948,0.0,5.0,0.0
G,20,2019,300000,b0 11 9d 76 ed b0 11 9d 76 ed b0 11 9d 76 ed b0 11 9d 76 ed,0.1311,True,1.0,0.7645098039215686,0.0,11.31628153174622,0.0,6.0,0.0
G,20,2019,500000,11 4d 76 ed b0 11 4d 76 ed b0 11 4d 76 ed b0 11 4d 76 ed b0,0.1152,True,1.0,0.7886274509803921,0.0,12.716819461329948,0.0,5.0,0.0
G,20,2019,750000,11 9d e9 ed b0 11 9d e9 ed b0 11 9d e9 ed b0 11 9d e9 ed b0,0.0647,True,1.0,0.7852941176470588,0.0,12.603162679534382,0.0,5.0,0.0
G,20,2019,1000000,11 25 76 ed b0 11 25 76 ed b0 11 25 76 ed b0 11 25 76 ed b0,0.11255,True,1.0,0.7874509803921569,0.0,12.716819461329948,0.0,5.0,0.0
G,20,2019,1000000,11 25 76 ed b0 11 25 76 ed b0 11 25 76 ed b0 11 25 76 ed b0,0.11255,True,1.0,0.7874509803921569,0.0,12.716819461329948,0.0,5.0,0.0
G,20,2020,500,00 3d 00 3d 00 3d 00 3d 00 3d 00 3d 00 3d 00 3d 00 15 00 00,0.001,False,0.08379934210526316,0.000392156862745098,0.0,0.0,1.0,20.0,0.0
G,20,2020,1000,01 c5 01 c5 01 c5 01 c5 01 c5 01 c5 01 c5 01 c5 01 c5 01 c5,0.00645,True,0.4491684941520468,0.8429411764705882,0.0,43.82241771097266,1.0,20.0,0.0
G,20,2020,2000,01 c5 01 c5 01 c5 01 c5 01 c5 01 c5 01 c5 01 c5 01 c5 01 c5,0.0161,True,0.4491684941520468,0.8429411764705882,0.0,43.82241771097266,1.0,20.0,0.0
G,20,2020,3000,01 c5 01 c5 01 c5 01 c5 01 c5 01 c5 01 c5 01 c5 01 c5 01 c5,0.0269,True,0.4491684941520468,0.8429411764705882,0.0,43.82241771097266,1.0,20.0,0.0
G,20,2020,5000,11 d5 11 d5 11 d5 11 d5 11 d5 11 d5 11 d5 11 d5 11 d5 11 d5,0.03725,True,0.3019736842105263,0.8117647058823529,0.0,50.65119432250802,1.0,20.0,0.0
G,20,2020,10000,11 d5 11 d5 11 d5 11 d5 11 d5 11 d5 11 d5 11 d5 11 d5 11 d5,0.03315,True,0.3019736842105263,0.8117647058823529,0.0,50.65119432250802,1.0,20.0,0.0
G,20,2020,15000,11 d5 11 d5 11 d5 11 d5 11 d5 11 d5 11 d5 11 d5 11 d5 11 d5,0.0357,True,0.3019736842105263,0.8117647058823529,0.0,50.65119432250802,1.0,20.0,0.0
G,20,2020,20000,21 e5 21 e5 21 e5 21 e5 21 e5 21 e5 21 e5 21 e5 21 e5 21 e5,0.03115,True,0.4727796052631579,0.8696078431372549,0.0,55.77575682744408,1.0,20.0,0.0
G,20,2020,30000,11 d5 11 d5 11 d5 11 d5 11 d5 11 d5 11 d5 11 d5 11 d5 11 d5,0.04205,True,0.3019736842105263,0.8117647058823529,0.0,50.65119432250802,1.0,20.0,0.0
G,20,2020,50000,21 e5 21 e5 21 e5 21 e5 21 e5 21 e5 21 e5 21 e5 21 e5 21 e5,0.0466,True,0.4727796052631579,0.8696078431372549,0.0,55.77575682744408,1.0,20.0,0.0
G,20,2020,67000,21 e5 21 e5 21 e5 21 e5 21 e5 21 e5 21 e5 21 e5 21 e5 21 e5,0.0448,True,0.4727796052631579,0.8696078431372549,0.0,55.77575682744408,1.0,20.0,0.0
G,20,2020,75000,21 e5 21 e5 21 e5 21 e5 21 e5 21 e5 21 e5 21 e5 21 e5 21 e5,0.04275,True,0.4727796052631579,0.8696078431372549,0.0,55.77575682744408,1.0,20.0,0.0
G,20,2020,100000,01 c5 01 c5 01 c5 01 c5 01 c5 01 c5 01 c5 01 c5 01 c5 01 c5,0.0385,True,0.4491684941520468,0.8429411764705882,0.0,43.82241771097266,1.0,20.0,0.0
G,20,2020,150000,11 d5 11 d5 11 d5 11 d5 11 d5 11 d5 11 d5 11 d5 11 d5 11 d5,0.0351,True,0.3019736842105263,0.8117647058823529,0.0,50.65119432250802,1.0,20.0,0.0
G,20,2020,200000,11 d5 11 d5 11 d5 11 d5 11 d5 11 d5 11 d5 11 d5 11 d5 11 d5,0.0398,True,0.3019736842105263,0.8117647058823529,0.0,50.65119432250802,1.0,20.0,0.0
G,20,2020,300000,11 d5 11 d5 11 d5 11 d5 11 d5 11 d5 11 d5 11 d5 11 d5 11 d5,0.03075,True,0.3019736842105263,0.8117647058823529,0.0,50.65119432250802,1.0,20.0,0.0
G,20,2020,500000,11 d5 11 d5 11 d5 11 d5 11 d5 11 d5 11 d5 11 d5 11 d5 11 d5,0.04025,True,0.3019736842105263,0.8117647058823529,0.0,50.65119432250802,1.0,20.0,0.0
G,20,2020,750000,1e 54 ed b0 1e 54 ed b0 1e 54 ed b0 1e 54 ed b0 1e 54 ed b0,0.19085,True,1.0,0.8186274509803921,0.0,7.643856189774724,0.0,4.0,0.0
G,20,2020,1000000,1e 04 ed b0 1e 04 ed b0 1e 04 ed b0 1e 04 ed b0 1e 04 ed b0,0.1709,True,1.0,0.8186274509803921,0.0,10.228818690495881,0.0,4.0,0.0
G,20,2020,1000000,1e 04 ed b0 1e 04 ed b0 1e 04 ed b0 1e 04 ed b0 1e 04 ed b0,0.1709,True,1.0,0.8186274509803921,0.0,10.228818690495881,0.0,4.0,0.0
G,50,2001,500,01 c5 01 c5 01 c5 01 c5 01 c5 01 c5 01 c5 01 c5 01 c5 01 c5 01 c5 01 c5 01 c5 01 c5 01 c5 01 c5 01 c5 01 c5 01 c5 01 c5 01 c5 01 c5 01 c5 01 c5 01 c5,0.0085,True,0.5485879039115646,0.9875,25.0,299.7353763335585,1.0,50.0,0.0
G,50,2001,850,01 c5 01 c5 01 c5 01 c5 01 c5 01 c5 01 c5 01 c5 01 c5 01 c5 01 c5 01 c5 01 c5 01 c5 01 c5 01 c5 01 c5 01 c5 01 c5 01 c5 01 c5 01 c5 01 c5 01 c5 01 c5,0.0353,True,0.5485879039115646,0.9875,25.0,299.7353763335585,1.0,50.0,0.0
G,50,2001,1000,01 c5 01 c5 01 c5 01 c5 01 c5 01 c5 01 c5 01 c5 01 c5 01 c5 01 c5 01 c5 01 c5 01 c5 01 c5 01 c5 01 c5 01 c5 01 c5 01 c5 01 c5 01 c5 01 c5 01 c5 01 c5,0.0447,True,0.5485879039115646,0.9875,25.0,299.7353763335585,1.0,50.0,0.0
G,50,2001,2000,01 c5 01 c5 01 c5 01 c5 01 c5 01 c5 01 c5 01 c5 01 c5 01 c5 01 c5 01 c5 01 c5 01 c5 01 c5 01 c5 01 c5 01 c5 01 c5 01 c5 01 c5 01 c5 01 c5 01 c5 01 c5,0.1752,True,0.5485879039115646,0.9875,25.0,299.7353763335585,1.0,50.0,0.0
G,50,2001,3000,01 c5 01 c5 01 c5 01 c5 01 c5 01 c5 01 c5 01 c5 01 c5 01 c5 01 c5 01 c5 01 c5 01 c5 01 c5 01 c5 01 c5 01 c5 01 c5 01 c5 01 c5 01 c5 01 c5 01 c5 01 c5,0.1727,True,0.5485879039115646,0.9875,25.0,299.7353763335585,1.0,50.0,0.0
G,50,2001,5000,01 c5 01 c5 01 c5 01 c5 01 c5 01 c5 01 c5 01 c5 01 c5 01 c5 01 c5 01 c5 01 c5 01 c5 01 c5 01 c5 01 c5 01 c5 01 c5 01 c5 01 c5 01 c5 01 c5 01 c5 01 c5,0.07235,True,0.5485879039115646,0.9875,25.0,299.7353763335585,1.0,50.0,0.0
G,50,2001,7500,01 c5 01 c5 01 c5 01 c5 01 c5 01 c5 01 c5 01 c5 01 c5 01 c5 01 c5 01 c5 01 c5 01 c5 01 c5 01 c5 01 c5 01 c5 01 c5 01 c5 01 c5 01 c5 01 c5 01 c5 01 c5,0.03965,True,0.5485879039115646,0.9875,25.0,299.7353763335585,1.0,50.0,0.0
G,50,2001,10000,01 c5 01 c5 01 c5 01 c5 01 c5 01 c5 01 c5 01 c5 01 c5 01 c5 01 c5 01 c5 01 c5 01 c5 01 c5 01 c5 01 c5 01 c5 01 c5 01 c5 01 c5 01 c5 01 c5 01 c5 01 c5,0.04135,True,0.5485879039115646,0.9875,25.0,299.7353763335585,1.0,50.0,0.0
G,50,2001,15000,01 c5 01 c5 01 c5 01 c5 01 c5 01 c5 01 c5 01 c5 01 c5 01 c5 01 c5 01 c5 01 c5 01 c5 01 c5 01 c5 01 c5 01 c5 01 c5 01 c5 01 c5 01 c5 01 c5 01 c5 01 c5,0.05135,True,0.5485879039115646,0.9875,25.0,299.7353763335585,1.0,50.0,0.0
G,50,2001,20000,01 c5 01 c5 01 c5 01 c5 01 c5 01 c5 01 c5 01 c5 01 c5 01 c5 01 c5 01 c5 01 c5 01 c5 01 c5 01 c5 01 c5 01 c5 01 c5 01 c5 01 c5 01 c5 01 c5 01 c5 01 c5,0.04815,True,0.5485879039115646,0.9875,25.0,299.7353763335585,1.0,50.0,0.0
G,50,2001,30000,01 c5 01 c5 01 c5 01 c5 01 c5 01 c5 01 c5 01 c5 01 c5 01 c5 01 c5 01 c5 01 c5 01 c5 01 c5 01 c5 01 c5 01 c5 01 c5 01 c5 01 c5 01 c5 01 c5 01 c5 01 c5,0.03645,True,0.5485879039115646,0.9875,25.0,299.7353763335585,1.0,50.0,0.0
G,50,2001,50000,21 e5 21 e5 21 e5 21 e5 21 e5 21 e5 21 e5 21 e5 21 e5 21 e5 21 e5 21 e5 21 e5 21 e5 21 e5 21 e5 21 e5 21 e5 21 e5 21 e5 21 e5 21 e5 21 e5 21 e5 21 e5,0.0609,True,0.6690146683673469,0.991875,30.0,322.78598571719874,1.0,50.0,0.0
G,50,2001,75000,21 e5 21 e5 21 e5 21 e5 21 e5 21 e5 21 e5 21 e5 21 e5 21 e5 21 e5 21 e5 21 e5 21 e5 21 e5 21 e5 21 e5 21 e5 21 e5 21 e5 21 e5 21 e5 21 e5 21 e5 21 e5,0.058,True,0.6690146683673469,0.991875,30.0,322.78598571719874,1.0,50.0,0.0
G,50,2001,100000,21 e5 21 e5 21 e5 21 e5 21 e5 21 e5 21 e5 21 e5 21 e5 21 e5 21 e5 21 e5 21 e5 21 e5 21 e5 21 e5 21 e5 21 e5 21 e5 21 e5 21 e5 21 e5 21 e5 21 e5 21 e5,0.06515,True,0.6690146683673469,0.991875,30.0,322.78598571719874,1.0,50.0,0.0
G,50,2001,150000,21 e5 21 e5 21 e5 21 e5 21 e5 21 e5 21 e5 21 e5 21 e5 21 e5 21 e5 21 e5 21 e5 21 e5 21 e5 21 e5 21 e5 21 e5 21 e5 21 e5 21 e5 21 e5 21 e5 21 e5 21 e5,0.0628,True,0.6690146683673469,0.991875,30.0,322.78598571719874,1.0,50.0,0.0
G,50,2001,200000,21 e5 21 e5 21 e5 21 e5 21 e5 21 e5 21 e5 21 e5 21 e5 21 e5 21 e5 21 e5 21 e5 21 e5 21 e5 21 e5 21 e5 21 e5 21 e5 21 e5 21 e5 21 e5 21 e5 21 e5 21 e5,0.07055,True,0.6690146683673469,0.991875,30.0,322.78598571719874,1.0,50.0,0.0
G,50,2001,300000,21 e5 21 e5 21 e5 21 e5 21 e5 21 e5 21 e5 21 e5 21 e5 21 e5 21 e5 21 e5 21 e5 21 e5 21 e5 21 e5 21 e5 21 e5 21 e5 21 e5 21 e5 21 e5 21 e5 21 e5 21 e5,0.0645,True,0.6690146683673469,0.991875,30.0,322.78598571719874,1.0,50.0,0.0
G,50,2001,300000,21 e5 21 e5 21 e5 21 e5 21 e5 21 e5 21 e5 21 e5 21 e5 21 e5 21 e5 21 e5 21 e5 21 e5 21 e5 21 e5 21 e5 21 e5 21 e5 21 e5 21 e5 21 e5 21 e5 21 e5 21 e5,0.0645,True,0.6690146683673469,0.991875,30.0,322.78598571719874,1.0,50.0,0.0
G,50,2002,500,01 c5 01 c5 01 c5 01 c5 01 c5 01 c5 01 c5 01 c5 01 c5 01 c5 01 c5 01 c5 01 c5 01 c5 01 c5 01 c5 01 c5 01 c5 01 c5 01 c5 01 c5 01 c5 01 c5 01 c5 01 c5,0.0046,True,0.6667901508429459,0.99125,23.0,252.4241650262375,1.0,50.0,0.0
G,50,2002,1000,01 c5 01 c5 01 c5 01 c5 01 c5 01 c5 01 c5 01 c5 01 c5 01 c5 01 c5 01 c5 01 c5 01 c5 01 c5 01 c5 01 c5 01 c5 01 c5 01 c5 01 c5 01 c5 01 c5 01 c5 01 c5,0.02975,True,0.6667901508429459,0.99125,23.0,252.4241650262375,1.0,50.0,0.0
G,50,2002,1000,01 c5 01 c5 01 c5 01 c5 01 c5 01 c5 01 c5 01 c5 01 c5 01 c5 01 c5 01 c5 01 c5 01 c5 01 c5 01 c5 01 c5 01 c5 01 c5 01 c5 01 c5 01 c5 01 c5 01 c5 01 c5,0.02975,True,0.6667901508429459,0.99125,23.0,252.4241650262375,1.0,50.0,0.0
G,50,2002,2000,01 c5 01 c5 01 c5 01 c5 01 c5 01 c5 01 c5 01 c5 01 c5 01 c5 01 c5 01 c5 01 c5 01 c5 01 c5 01 c5 01 c5 01 c5 01 c5 01 c5 01 c5 01 c5 01 c5 01 c5 01 c5,0.14345,True,0.6667901508429459,0.99125,23.0,252.4241650262375,1.0,50.0,0.0
G,50,2002,3000,01 c5 01 c5 01 c5 01 c5 01 c5 01 c5 01 c5 01 c5 01 c5 01 c5 01 c5 01 c5 01 c5 01 c5 01 c5 01 c5 01 c5 01 c5 01 c5 01 c5 01 c5 01 c5 01 c5 01 c5 01 c5,0.1194,True,0.6667901508429459,0.99125,23.0,252.4241650262375,1.0,50.0,0.0
G,50,2002,5000,11 d5 11 d5 11 d5 11 d5 11 d5 11 d5 11 d5 11 d5 11 d5 11 d5 11 d5 11 d5 11 d5 11 d5 11 d5 11 d5 11 d5 11 d5 11 d5 11 d5 11 d5 11 d5 11 d5 11 d5 11 d5,0.03535,True,0.6595525085034013,0.9925,23.0,265.1218607105626,1.0,50.0,0.0
G,50,2002,7500,01 c5 01 c5 01 c5 01 c5 01 c5 01 c5 01 c5 01 c5 01 c5 01 c5 01 c5 01 c5 01 c5 01 c5 01 c5 01 c5 01 c5 01 c5 01 c5 01 c5 01 c5 01 c5 01 c5 01 c5 01 c5,0.0275,True,0.6667901508429459,0.99125,23.0,252.4241650262375,1.0,50.0,0.0
G,50,2002,10000,01 c5 01 c5 01 c5 01 c5 01 c5 01 c5 01 c5 01 c5 01 c5 01 c5 01 c5 01 c5 01 c5 01 c5 01 c5 01 c5 01 c5 01 c5 01 c5 01 c5 01 c5 01 c5 01 c5 01 c5 01 c5,0.0287,True,0.6667901508429459,0.99125,23.0,252.4241650262375,1.0,50.0,0.0
G,50,2002,15000,01 c5 01 c5 01 c5 01 c5 01 c5 01 c5 01 c5 01 c5 01 c5 01 c5 01 c5 01 c5 01 c5 01 c5 01 c5 01 c5 01 c5 01 c5 01 c5 01 c5 01 c5 01 c5 01 c5 01 c5 01 c5,0.0314,True,0.6667901508429459,0.99125,23.0,252.4241650262375,1.0,50.0,0.0
G,50,2002,20000,21 e5 21 e5 21 e5 21 e5 21 e5 21 e5 21 e5 21 e5 21 e5 21 e5 21 e5 21 e5 21 e5 21 e5 21 e5 21 e5 21 e5 21 e5 21 e5 21 e5 21 e5 21 e5 21 e5 21 e5 21 e5,0.0299,True,0.6627933673469388,0.994375,25.0,269.65267484319384,1.0,50.0,0.0
G,50,2002,30000,21 e5 21 e5 21 e5 21 e5 21 e5 21 e5 21 e5 21 e5 21 e5 21 e5 21 e5 21 e5 21 e5 21 e5 21 e5 21 e5 21 e5 21 e5 21 e5 21 e5 21 e5 21 e5 21 e5 21 e5 21 e5,0.04685,True,0.6627933673469388,0.994375,25.0,269.65267484319384,1.0,50.0,0.0
G,50,2002,50000,21 e5 21 e5 21 e5 21 e5 21 e5 21 e5 21 e5 21 e5 21 e5 21 e5 21 e5 21 e5 21 e5 21 e5 21 e5 21 e5 21 e5 21 e5 21 e5 21 e5 21 e5 21 e5 21 e5 21 e5 21 e5,0.06225,True,0.6627933673469388,0.994375,25.0,269.65267484319384,1.0,50.0,0.0
G,50,2002,75000,21 e5 21 e5 21 e5 21 e5 21 e5 21 e5 21 e5 21 e5 21 e5 21 e5 21 e5 21 e5 21 e5 21 e5 21 e5 21 e5 21 e5 21 e5 21 e5 21 e5 21 e5 21 e5 21 e5 21 e5 21 e5,0.0557,True,0.6627933673469388,0.994375,25.0,269.65267484319384,1.0,50.0,0.0
G,50,2002,100000,21 e5 21 e5 21 e5 21 e5 21 e5 21 e5 21 e5 21 e5 21 e5 21 e5 21 e5 21 e5 21 e5 21 e5 21 e5 21 e5 21 e5 21 e5 21 e5 21 e5 21 e5 21 e5 21 e5 21 e5 21 e5,0.06175,True,0.6627933673469388,0.994375,25.0,269.65267484319384,1.0,50.0,0.0
G,50,2002,150000,21 e5 21 e5 21 e5 21 e5 21 e5 21 e5 21 e5 21 e5 21 e5 21 e5 21 e5 21 e5 21 e5 21 e5 21 e5 21 e5 21 e5 21 e5 21 e5 21 e5 21 e5 21 e5 21 e5 21 e5 21 e5,0.0616,True,0.6627933673469388,0.994375,25.0,269.65267484319384,1.0,50.0,0.0
G,50,2002,200000,21 e5 21 e5 21 e5 21 e5 21 e5 21 e5 21 e5 21 e5 21 e5 21 e5 21 e5 21 e5 21 e5 21 e5 21 e5 21 e5 21 e5 21 e5 21 e5 21 e5 21 e5 21 e5 21 e5 21 e5 21 e5,0.06185,True,0.6627933673469388,0.994375,25.0,269.65267484319384,1.0,50.0,0.0
G,50,2002,300000,21 e5 21 e5 21 e5 21 e5 21 e5 21 e5 21 e5 21 e5 21 e5 21 e5 21 e5 21 e5 21 e5 21 e5 21 e5 21 e5 21 e5 21 e5 21 e5 21 e5 21 e5 21 e5 21 e5 21 e5 21 e5,0.06605,True,0.6627933673469388,0.994375,25.0,269.65267484319384,1.0,50.0,0.0
G,50,2002,300000,21 e5 21 e5 21 e5 21 e5 21 e5 21 e5 21 e5 21 e5 21 e5 21 e5 21 e5 21 e5 21 e5 21 e5 21 e5 21 e5 21 e5 21 e5 21 e5 21 e5 21 e5 21 e5 21 e5 21 e5 21 e5,0.06605,True,0.6627933673469388,0.994375,25.0,269.65267484319384,1.0,50.0,0.0
G,50,2003,500,00 05 00 05 00 05 00 05 00 05 00 05 00 05 00 05 00 05 00 05 00 05 00 05 00 05 00 05 00 05 00 05 00 05 00 05 00 05 00 05 00 05 00 05 00 05 00 05 00 00,0.00125,False,0.08358312074829932,0.0,0.0,0.0,1.0,50.0,0.0
G,50,2003,1000,11 d5 11 d5 11 d5 11 d5 11 d5 11 d5 11 d5 11 d5 11 d5 11 d5 11 d5 11 d5 11 d5 11 d5 11 d5 11 d5 11 d5 11 d5 11 d5 11 d5 11 d5 11 d5 11 d5 11 d5 11 d5,0.0019,True,0.6494733205782313,0.99,28.0,282.86016151532334,1.0,50.0,0.0
G,50,2003,1550,01 c5 01 c5 01 c5 01 c5 01 c5 01 c5 01 c5 01 c5 01 c5 01 c5 01 c5 01 c5 01 c5 01 c5 01 c5 01 c5 01 c5 01 c5 01 c5 01 c5 01 c5 01 c5 01 c5 01 c5 01 c5,0.03595,True,0.6286463647959184,0.986875,24.0,291.2274805060487,1.0,50.0,0.0
G,50,2003,2000,01 c5 01 c5 01 c5 01 c5 01 c5 01 c5 01 c5 01 c5 01 c5 01 c5 01 c5 01 c5 01 c5 01 c5 01 c5 01 c5 01 c5 01 c5 01 c5 01 c5 01 c5 01 c5 01 c5 01 c5 01 c5,0.09355,True,0.6286463647959184,0.986875,24.0,291.2274805060487,1.0,50.0,0.0
G,50,2003,3000,01 c5 01 c5 01 c5 01 c5 01 c5 01 c5 01 c5 01 c5 01 c5 01 c5 01 c5 01 c5 01 c5 01 c5 01 c5 01 c5 01 c5 01 c5 01 c5 01 c5 01 c5 01 c5 01 c5 01 c5 01 c5,0.14,True,0.6286463647959184,0.986875,24.0,291.2274805060487,1.0,50.0,0.0
G,50,2003,5000,01 c5 01 c5 01 c5 01 c5 01 c5 01 c5 01 c5 01 c5 01 c5 01 c5 01 c5 01 c5 01 c5 01 c5 01 c5 01 c5 01 c5 01 c5 01 c5 01 c5 01 c5 01 c5 01 c5 01 c5 01 c5,0.0394,True,0.6286463647959184,0.986875,24.0,291.2274805060487,1.0,50.0,0.0
G,50,2003,7500,01 c5 01 c5 01 c5 01 c5 01 c5 01 c5 01 c5 01 c5 01 c5 01 c5 01 c5 01 c5 01 c5 01 c5 01 c5 01 c5 01 c5 01 c5 01 c5 01 c5 01 c5 01 c5 01 c5 01 c5 01 c5,0.0347,True,0.6286463647959184,0.986875,24.0,291.2274805060487,1.0,50.0,0.0
G,50,2003,10000,01 c5 01 c5 01 c5 01 c5 01 c5 01 c5 01 c5 01 c5 01 c5 01 c5 01 c5 01 c5 01 c5 01 c5 01 c5 01 c5 01 c5 01 c5 01 c5 01 c5 01 c5 01 c5 01 c5 01 c5 01 c5,0.0299,True,0.6286463647959184,0.986875,24.0,291.2274805060487,1.0,50.0,0.0
G,50,2003,15000,01 c5 01 c5 01 c5 01 c5 01 c5 01 c5 01 c5 01 c5 01 c5 01 c5 01 c5 01 c5 01 c5 01 c5 01 c5 01 c5 01 c5 01 c5 01 c5 01 c5 01 c5 01 c5 01 c5 01 c5 01 c5,0.0332,True,0.6286463647959184,0.986875,24.0,291.2274805060487,1.0,50.0,0.0
G,50,2003,20000,01 c5 01 c5 01 c5 01 c5 01 c5 01 c5 01 c5 01 c5 01 c5 01 c5 01 c5 01 c5 01 c5 01 c5 01 c5 01 c5 01 c5 01 c5 01 c5 01 c5 01 c5 01 c5 01 c5 01 c5 01 c5,0.0317,True,0.6286463647959184,0.986875,24.0,291.2274805060487,1.0,50.0,0.0
G,50,2003,30000,01 c5 01 c5 01 c5 01 c5 01 c5 01 c5 01 c5 01 c5 01 c5 01 c5 01 c5 01 c5 01 c5 01 c5 01 c5 01 c5 01 c5 01 c5 01 c5 01 c5 01 c5 01 c5 01 c5 01 c5 01 c5,0.0393,True,0.6286463647959184,0.986875,24.0,291.2274805060487,1.0,50.0,0.0
G,50,2003,50000,01 c5 01 c5 01 c5 01 c5 01 c5 01 c5 01 c5 01 c5 01 c5 01 c5 01 c5 01 c5 01 c5 01 c5 01 c5 01 c5 01 c5 01 c5 01 c5 01 c5 01 c5 01 c5 01 c5 01 c5 01 c5,0.0434,True,0.6286463647959184,0.986875,24.0,291.2274805060487,1.0,50.0,0.0
G,50,2003,75000,01 c5 01 c5 01 c5 01 c5 01 c5 01 c5 01 c5 01 c5 01 c5 01 c5 01 c5 01 c5 01 c5 01 c5 01 c5 01 c5 01 c5 01 c5 01 c5 01 c5 01 c5 01 c5 01 c5 01 c5 01 c5,0.05425,True,0.6286463647959184,0.986875,24.0,291.2274805060487,1.0,50.0,0.0
G,50,2003,100000,01 c5 01 c5 01 c5 01 c5 01 c5 01 c5 01 c5 01 c5 01 c5 01 c5 01 c5 01 c5 01 c5 01 c5 01 c5 01 c5 01 c5 01 c5 01 c5 01 c5 01 c5 01 c5 01 c5 01 c5 01 c5,0.061,True,0.6286463647959184,0.986875,24.0,291.2274805060487,1.0,50.0,0.0
G,50,2003,150000,01 c5 01 c5 01 c5 01 c5 01 c5 01 c5 01 c5 01 c5 01 c5 01 c5 01 c5 01 c5 01 c5 01 c5 01 c5 01 c5 01 c5 01 c5 01 c5 01 c5 01 c5 01 c5 01 c5 01 c5 01 c5,0.0607,True,0.6286463647959184,0.986875,24.0,291.2274805060487,1.0,50.0,0.0
G,50,2003,200000,01 c5 01 c5 01 c5 01 c5 01 c5 01 c5 01 c5 01 c5 01 c5 01 c5 01 c5 01 c5 01 c5 01 c5 01 c5 01 c5 01 c5 01 c5 01 c5 01 c5 01 c5 01 c5 01 c5 01 c5 01 c5,0.0608,True,0.6286463647959184,0.986875,24.0,291.2274805060487,1.0,50.0,0.0
G,50,2003,300000,01 c5 01 c5 01 c5 01 c5 01 c5 01 c5 01 c5 01 c5 01 c5 01 c5 01 c5 01 c5 01 c5 01 c5 01 c5 01 c5 01 c5 01 c5 01 c5 01 c5 01 c5 01 c5 01 c5 01 c5 01 c5,0.05505,True,0.6286463647959184,0.986875,24.0,291.2274805060487,1.0,50.0,0.0
G,50,2003,300000,01 c5 01 c5 01 c5 01 c5 01 c5 01 c5 01 c5 01 c5 01 c5 01 c5 01 c5 01 c5 01 c5 01 c5 01 c5 01 c5 01 c5 01 c5 01 c5 01 c5 01 c5 01 c5 01 c5 01 c5 01 c5,0.05505,True,0.6286463647959184,0.986875,24.0,291.2274805060487,1.0,50.0,0.0
G,50,2004,500,21 e5 21 e5 21 e5 21 e5 21 e5 21 e5 21 e5 21 e5 21 e5 21 e5 21 e5 21 e5 21 e5 21 e5 21 e5 21 e5 21 e5 21 e5 21 e5 21 e5 21 e5 21 e5 21 e5 21 e5 21 e5,0.00155,True,0.5813775510204082,0.985625,23.0,289.70229354485355,1.0,50.0,0.0
G,50,2004,1000,21 e5 21 e5 21 e5 21 e5 21 e5 21 e5 21 e5 21 e5 21 e5 21 e5 21 e5 21 e5 21 e5 21 e5 21 e5 21 e5 21 e5 21 e5 21 e5 21 e5 21 e5 21 e5 21 e5 21 e5 21 e5,0.0304,True,0.5813775510204082,0.985625,23.0,289.70229354485355,1.0,50.0,0.0
G,50,2004,1050,21 e5 21 e5 21 e5 21 e5 21 e5 21 e5 21 e5 21 e5 21 e5 21 e5 21 e5 21 e5 21 e5 21 e5 21 e5 21 e5 21 e5 21 e5 21 e5 21 e5 21 e5 21 e5 21 e5 21 e5 21 e5,0.0368,True,0.5813775510204082,0.985625,23.0,289.70229354485355,1.0,50.0,0.0
G,50,2004,2000,21 e5 21 e5 21 e5 21 e5 21 e5 21 e5 21 e5 21 e5 21 e5 21 e5 21 e5 21 e5 21 e5 21 e5 21 e5 21 e5 21 e5 21 e5 21 e5 21 e5 21 e5 21 e5 21 e5 21 e5 21 e5,0.1011,True,0.5813775510204082,0.985625,23.0,289.70229354485355,1.0,50.0,0.0
G,50,2004,3000,21 e5 21 e5 21 e5 21 e5 21 e5 21 e5 21 e5 21 e5 21 e5 21 e5 21 e5 21 e5 21 e5 21 e5 21 e5 21 e5 21 e5 21 e5 21 e5 21 e5 21 e5 21 e5 21 e5 21 e5 21 e5,0.10355,True,0.5813775510204082,0.985625,23.0,289.70229354485355,1.0,50.0,0.0
G,50,2004,5000,21 e5 21 e5 21 e5 21 e5 21 e5 21 e5 21 e5 21 e5 21 e5 21 e5 21 e5 21 e5 21 e5 21 e5 21 e5 21 e5 21 e5 21 e5 21 e5 21 e5 21 e5 21 e5 21 e5 21 e5 21 e5,0.0519,True,0.5813775510204082,0.985625,23.0,289.70229354485355,1.0,50.0,0.0
G,50,2004,7500,21 e5 21 e5 21 e5 21 e5 21 e5 21 e5 21 e5 21 e5 21 e5 21 e5 21 e5 21 e5 21 e5 21 e5 21 e5 21 e5 21 e5 21 e5 21 e5 21 e5 21 e5 21 e5 21 e5 21 e5 21 e5,0.0533,True,0.5813775510204082,0.985625,23.0,289.70229354485355,1.0,50.0,0.0
G,50,2004,10000,21 e5 21 e5 21 e5 21 e5 21 e5 21 e5 21 e5 21 e5 21 e5 21 e5 21 e5 21 e5 21 e5 21 e5 21 e5 21 e5 21 e5 21 e5 21 e5 21 e5 21 e5 21 e5 21 e5 21 e5 21 e5,0.0516,True,0.5813775510204082,0.985625,23.0,289.70229354485355,1.0,50.0,0.0
G,50,2004,15000,21 e5 21 e5 21 e5 21 e5 21 e5 21 e5 21 e5 21 e5 21 e5 21 e5 21 e5 21 e5 21 e5 21 e5 21 e5 21 e5 21 e5 21 e5 21 e5 21 e5 21 e5 21 e5 21 e5 21 e5 21 e5,0.05535,True,0.5813775510204082,0.985625,23.0,289.70229354485355,1.0,50.0,0.0
G,50,2004,20000,21 e5 21 e5 21 e5 21 e5 21 e5 21 e5 21 e5 21 e5 21 e5 21 e5 21 e5 21 e5 21 e5 21 e5 21 e5 21 e5 21 e5 21 e5 21 e5 21 e5 21 e5 21 e5 21 e5 21 e5 21 e5,0.0545,True,0.5813775510204082,0.985625,23.0,289.70229354485355,1.0,50.0,0.0
G,50,2004,30000,21 e5 21 e5 21 e5 21 e5 21 e5 21 e5 21 e5 21 e5 21 e5 21 e5 21 e5 21 e5 21 e5 21 e5 21 e5 21 e5 21 e5 21 e5 21 e5 21 e5 21 e5 21 e5 21 e5 21 e5 21 e5,0.0572,True,0.5813775510204082,0.985625,23.0,289.70229354485355,1.0,50.0,0.0
G,50,2004,50000,21 e5 21 e5 21 e5 21 e5 21 e5 21 e5 21 e5 21 e5 21 e5 21 e5 21 e5 21 e5 21 e5 21 e5 21 e5 21 e5 21 e5 21 e5 21 e5 21 e5 21 e5 21 e5 21 e5 21 e5 21 e5,0.0581,True,0.5813775510204082,0.985625,23.0,289.70229354485355,1.0,50.0,0.0
G,50,2004,75000,21 e5 21 e5 21 e5 21 e5 21 e5 21 e5 21 e5 21 e5 21 e5 21 e5 21 e5 21 e5 21 e5 21 e5 21 e5 21 e5 21 e5 21 e5 21 e5 21 e5 21 e5 21 e5 21 e5 21 e5 21 e5,0.0574,True,0.5813775510204082,0.985625,23.0,289.70229354485355,1.0,50.0,0.0
G,50,2004,100000,21 e5 21 e5 21 e5 21 e5 21 e5 21 e5 21 e5 21 e5 21 e5 21 e5 21 e5 21 e5 21 e5 21 e5 21 e5 21 e5 21 e5 21 e5 21 e5 21 e5 21 e5 21 e5 21 e5 21 e5 21 e5,0.0642,True,0.5813775510204082,0.985625,23.0,289.70229354485355,1.0,50.0,0.0
G,50,2004,150000,21 e5 21 e5 21 e5 21 e5 21 e5 21 e5 21 e5 21 e5 21 e5 21 e5 21 e5 21 e5 21 e5 21 e5 21 e5 21 e5 21 e5 21 e5 21 e5 21 e5 21 e5 21 e5 21 e5 21 e5 21 e5,0.06535,True,0.5813775510204082,0.985625,23.0,289.70229354485355,1.0,50.0,0.0
G,50,2004,200000,21 e5 21 e5 21 e5 21 e5 21 e5 21 e5 21 e5 21 e5 21 e5 21 e5 21 e5 21 e5 21 e5 21 e5 21 e5 21 e5 21 e5 21 e5 21 e5 21 e5 21 e5 21 e5 21 e5 21 e5 21 e5,0.0622,True,0.5813775510204082,0.985625,23.0,289.70229354485355,1.0,50.0,0.0
G,50,2004,300000,21 e5 21 e5 21 e5 21 e5 21 e5 21 e5 21 e5 21 e5 21 e5 21 e5 21 e5 21 e5 21 e5 21 e5 21 e5 21 e5 21 e5 21 e5 21 e5 21 e5 21 e5 21 e5 21 e5 21 e5 21 e5,0.0582,True,0.5813775510204082,0.985625,23.0,289.70229354485355,1.0,50.0,0.0
G,50,2004,300000,21 e5 21 e5 21 e5 21 e5 21 e5 21 e5 21 e5 21 e5 21 e5 21 e5 21 e5 21 e5 21 e5 21 e5 21 e5 21 e5 21 e5 21 e5 21 e5 21 e5 21 e5 21 e5 21 e5 21 e5 21 e5,0.0582,True,0.5813775510204082,0.985625,23.0,289.70229354485355,1.0,50.0,0.0
G,50,2005,500,01 c5 01 c5 01 c5 01 c5 01 c5 01 c5 01 c5 01 c5 01 c5 01 c5 01 c5 01 c5 01 c5 01 c5 01 c5 01 c5 01 c5 01 c5 01 c5 01 c5 01 c5 01 c5 01 c5 01 c5 01 c5,0.01575,True,0.5538903061224489,0.979375,24.0,251.22698068125806,1.0,50.0,0.0
G,50,2005,700,01 c5 01 c5 01 c5 01 c5 01 c5 01 c5 01 c5 01 c5 01 c5 01 c5 01 c5 01 c5 01 c5 01 c5 01 c5 01 c5 01 c5 01 c5 01 c5 01 c5 01 c5 01 c5 01 c5 01 c5 01 c5,0.03395,True,0.5538903061224489,0.979375,24.0,251.22698068125806,1.0,50.0,0.0
G,50,2005,1000,01 c5 01 c5 01 c5 01 c5 01 c5 01 c5 01 c5 01 c5 01 c5 01 c5 01 c5 01 c5 01 c5 01 c5 01 c5 01 c5 01 c5 01 c5 01 c5 01 c5 01 c5 01 c5 01 c5 01 c5 01 c5,0.08855,True,0.5538903061224489,0.979375,24.0,251.22698068125806,1.0,50.0,0.0
G,50,2005,2000,01 c5 01 c5 01 c5 01 c5 01 c5 01 c5 01 c5 01 c5 01 c5 01 c5 01 c5 01 c5 01 c5 01 c5 01 c5 01 c5 01 c5 01 c5 01 c5 01 c5 01 c5 01 c5 01 c5 01 c5 01 c5,0.20765,True,0.5538903061224489,0.979375,24.0,251.22698068125806,1.0,50.0,0.0
G,50,2005,3000,01 c5 01 c5 01 c5 01 c5 01 c5 01 c5 01 c5 01 c5 01 c5 01 c5 01 c5 01 c5 01 c5 01 c5 01 c5 01 c5 01 c5 01 c5 01 c5 01 c5 01 c5 01 c5 01 c5 01 c5 01 c5,0.12785,True,0.5538903061224489,0.979375,24.0,251.22698068125806,1.0,50.0,0.0
G,50,2005,5000,01 c5 01 c5 01 c5 01 c5 01 c5 01 c5 01 c5 01 c5 01 c5 01 c5 01 c5 01 c5 01 c5 01 c5 01 c5 01 c5 01 c5 01 c5 01 c5 01 c5 01 c5 01 c5 01 c5 01 c5 01 c5,0.0475,True,0.5538903061224489,0.979375,24.0,251.22698068125806,1.0,50.0,0.0
G,50,2005,7500,01 c5 01 c5 01 c5 01 c5 01 c5 01 c5 01 c5 01 c5 01 c5 01 c5 01 c5 01 c5 01 c5 01 c5 01 c5 01 c5 01 c5 01 c5 01 c5 01 c5 01 c5 01 c5 01 c5 01 c5 01 c5,0.05305,True,0.5538903061224489,0.979375,24.0,251.22698068125806,1.0,50.0,0.0
G,50,2005,10000,01 c5 01 c5 01 c5 01 c5 01 c5 01 c5 01 c5 01 c5 01 c5 01 c5 01 c5 01 c5 01 c5 01 c5 01 c5 01 c5 01 c5 01 c5 01 c5 01 c5 01 c5 01 c5 01 c5 01 c5 01 c5,0.0589,True,0.5538903061224489,0.979375,24.0,251.22698068125806,1.0,50.0,0.0
G,50,2005,15000,01 c5 01 c5 01 c5 01 c5 01 c5 01 c5 01 c5 01 c5 01 c5 01 c5 01 c5 01 c5 01 c5 01 c5 01 c5 01 c5 01 c5 01 c5 01 c5 01 c5 01 c5 01 c5 01 c5 01 c5 01 c5,0.05895,True,0.5538903061224489,0.979375,24.0,251.22698068125806,1.0,50.0,0.0
G,50,2005,20000,01 c5 01 c5 01 c5 01 c5 01 c5 01 c5 01 c5 01 c5 01 c5 01 c5 01 c5 01 c5 01 c5 01 c5 01 c5 01 c5 01 c5 01 c5 01 c5 01 c5 01 c5 01 c5 01 c5 01 c5 01 c5,0.06405,True,0.5538903061224489,0.979375,24.0,251.22698068125806,1.0,50.0,0.0
G,50,2005,30000,01 c5 01 c5 01 c5 01 c5 01 c5 01 c5 01 c5 01 c5 01 c5 01 c5 01 c5 01 c5 01 c5 01 c5 01 c5 01 c5 01 c5 01 c5 01 c5 01 c5 01 c5 01 c5 01 c5 01 c5 01 c5,0.0598,True,0.5538903061224489,0.979375,24.0,251.22698068125806,1.0,50.0,0.0
G,50,2005,50000,01 c5 01 c5 01 c5 01 c5 01 c5 01 c5 01 c5 01 c5 01 c5 01 c5 01 c5 01 c5 01 c5 01 c5 01 c5 01 c5 01 c5 01 c5 01 c5 01 c5 01 c5 01 c5 01 c5 01 c5 01 c5,0.05765,True,0.5538903061224489,0.979375,24.0,251.22698068125806,1.0,50.0,0.0
G,50,2005,75000,01 c5 01 c5 01 c5 01 c5 01 c5 01 c5 01 c5 01 c5 01 c5 01 c5 01 c5 01 c5 01 c5 01 c5 01 c5 01 c5 01 c5 01 c5 01 c5 01 c5 01 c5 01 c5 01 c5 01 c5 01 c5,0.06155,True,0.5538903061224489,0.979375,24.0,251.22698068125806,1.0,50.0,0.0
G,50,2005,100000,01 c5 01 c5 01 c5 01 c5 01 c5 01 c5 01 c5 01 c5 01 c5 01 c5 01 c5 01 c5 01 c5 01 c5 01 c5 01 c5 01 c5 01 c5 01 c5 01 c5 01 c5 01 c5 01 c5 01 c5 01 c5,0.0621,True,0.5538903061224489,0.979375,24.0,251.22698068125806,1.0,50.0,0.0
G,50,2005,150000,01 c5 01 c5 01 c5 01 c5 01 c5 01 c5 01 c5 01 c5 01 c5 01 c5 01 c5 01 c5 01 c5 01 c5 01 c5 01 c5 01 c5 01 c5 01 c5 01 c5 01 c5 01 c5 01 c5 01 c5 01 c5,0.0636,True,0.5538903061224489,0.979375,24.0,251.22698068125806,1.0,50.0,0.0
G,50,2005,200000,01 c5 01 c5 01 c5 01 c5 01 c5 01 c5 01 c5 01 c5 01 c5 01 c5 01 c5 01 c5 01 c5 01 c5 01 c5 01 c5 01 c5 01 c5 01 c5 01 c5 01 c5 01 c5 01 c5 01 c5 01 c5,0.06125,True,0.5538903061224489,0.979375,24.0,251.22698068125806,1.0,50.0,0.0
G,50,2005,300000,01 c5 01 c5 01 c5 01 c5 01 c5 01 c5 01 c5 01 c5 01 c5 01 c5 01 c5 01 c5 01 c5 01 c5 01 c5 01 c5 01 c5 01 c5 01 c5 01 c5 01 c5 01 c5 01 c5 01 c5 01 c5,0.0566,True,0.5538903061224489,0.979375,24.0,251.22698068125806,1.0,50.0,0.0
G,50,2005,300000,01 c5 01 c5 01 c5 01 c5 01 c5 01 c5 01 c5 01 c5 01 c5 01 c5 01 c5 01 c5 01 c5 01 c5 01 c5 01 c5 01 c5 01 c5 01 c5 01 c5 01 c5 01 c5 01 c5 01 c5 01 c5,0.0566,True,0.5538903061224489,0.979375,24.0,251.22698068125806,1.0,50.0,0.0
G,50,2006,500,01 c5 01 c5 01 c5 01 c5 01 c5 01 c5 01 c5 01 c5 01 c5 01 c5 01 c5 01 c5 01 c5 01 c5 01 c5 01 c5 01 c5 01 c5 01 c5 01 c5 01 c5 01 c5 01 c5 01 c5 01 c5,0.00325,True,0.5540816326530612,0.986875,23.0,232.83568867997488,1.0,50.0,0.0
G,50,2006,1000,01 c5 01 c5 01 c5 01 c5 01 c5 01 c5 01 c5 01 c5 01 c5 01 c5 01 c5 01 c5 01 c5 01 c5 01 c5 01 c5 01 c5 01 c5 01 c5 01 c5 01 c5 01 c5 01 c5 01 c5 01 c5,0.03695,True,0.5540816326530612,0.986875,23.0,232.83568867997488,1.0,50.0,0.0
G,50,2006,1000,01 c5 01 c5 01 c5 01 c5 01 c5 01 c5 01 c5 01 c5 01 c5 01 c5 01 c5 01 c5 01 c5 01 c5 01 c5 01 c5 01 c5 01 c5 01 c5 01 c5 01 c5 01 c5 01 c5 01 c5 01 c5,0.03695,True,0.5540816326530612,0.986875,23.0,232.83568867997488,1.0,50.0,0.0
G,50,2006,2000,01 c5 01 c5 01 c5 01 c5 01 c5 01 c5 01 c5 01 c5 01 c5 01 c5 01 c5 01 c5 01 c5 01 c5 01 c5 01 c5 01 c5 01 c5 01 c5 01 c5 01 c5 01 c5 01 c5 01 c5 01 c5,0.18945,True,0.5540816326530612,0.986875,23.0,232.83568867997488,1.0,50.0,0.0
G,50,2006,3000,01 c5 01 c5 01 c5 01 c5 01 c5 01 c5 01 c5 01 c5 01 c5 01 c5 01 c5 01 c5 01 c5 01 c5 01 c5 01 c5 01 c5 01 c5 01 c5 01 c5 01 c5 01 c5 01 c5 01 c5 01 c5,0.18415,True,0.5540816326530612,0.986875,23.0,232.83568867997488,1.0,50.0,0.0
G,50,2006,5000,01 c5 01 c5 01 c5 01 c5 01 c5 01 c5 01 c5 01 c5 01 c5 01 c5 01 c5 01 c5 01 c5 01 c5 01 c5 01 c5 01 c5 01 c5 01 c5 01 c5 01 c5 01 c5 01 c5 01 c5 01 c5,0.1311,True,0.5540816326530612,0.986875,23.0,232.83568867997488,1.0,50.0,0.0
G,50,2006,7500,01 c5 01 c5 01 c5 01 c5 01 c5 01 c5 01 c5 01 c5 01 c5 01 c5 01 c5 01 c5 01 c5 01 c5 01 c5 01 c5 01 c5 01 c5 01 c5 01 c5 01 c5 01 c5 01 c5 01 c5 01 c5,0.05185,True,0.5540816326530612,0.986875,23.0,232.83568867997488,1.0,50.0,0.0
G,50,2006,10000,01 c5 01 c5 01 c5 01 c5 01 c5 01 c5 01 c5 01 c5 01 c5 01 c5 01 c5 01 c5 01 c5 01 c5 01 c5 01 c5 01 c5 01 c5 01 c5 01 c5 01 c5 01 c5 01 c5 01 c5 01 c5,0.0583,True,0.5540816326530612,0.986875,23.0,232.83568867997488,1.0,50.0,0.0
G,50,2006,15000,01 c5 01 c5 01 c5 01 c5 01 c5 01 c5 01 c5 01 c5 01 c5 01 c5 01 c5 01 c5 01 c5 01 c5 01 c5 01 c5 01 c5 01 c5 01 c5 01 c5 01 c5 01 c5 01 c5 01 c5 01 c5,0.06255,True,0.5540816326530612,0.986875,23.0,232.83568867997488,1.0,50.0,0.0
G,50,2006,20000,01 c5 01 c5 01 c5 01 c5 01 c5 01 c5 01 c5 01 c5 01 c5 01 c5 01 c5 01 c5 01 c5 01 c5 01 c5 01 c5 01 c5 01 c5 01 c5 01 c5 01 c5 01 c5 01 c5 01 c5 01 c5,0.05695,True,0.5540816326530612,0.986875,23.0,232.83568867997488,1.0,50.0,0.0
G,50,2006,30000,01 c5 01 c5 01 c5 01 c5 01 c5 01 c5 01 c5 01 c5 01 c5 01 c5 01 c5 01 c5 01 c5 01 c5 01 c5 01 c5 01 c5 01 c5 01 c5 01 c5 01 c5 01 c5 01 c5 01 c5 01 c5,0.0637,True,0.5540816326530612,0.986875,23.0,232.83568867997488,1.0,50.0,0.0
G,50,2006,50000,01 c5 01 c5 01 c5 01 c5 01 c5 01 c5 01 c5 01 c5 01 c5 01 c5 01 c5 01 c5 01 c5 01 c5 01 c5 01 c5 01 c5 01 c5 01 c5 01 c5 01 c5 01 c5 01 c5 01 c5 01 c5,0.0628,True,0.5540816326530612,0.986875,23.0,232.83568867997488,1.0,50.0,0.0
G,50,2006,75000,01 c5 01 c5 01 c5 01 c5 01 c5 01 c5 01 c5 01 c5 01 c5 01 c5 01 c5 01 c5 01 c5 01 c5 01 c5 01 c5 01 c5 01 c5 01 c5 01 c5 01 c5 01 c5 01 c5 01 c5 01 c5,0.06065,True,0.5540816326530612,0.986875,23.0,232.83568867997488,1.0,50.0,0.0
G,50,2006,100000,01 c5 01 c5 01 c5 01 c5 01 c5 01 c5 01 c5 01 c5 01 c5 01 c5 01 c5 01 c5 01 c5 01 c5 01 c5 01 c5 01 c5 01 c5 01 c5 01 c5 01 c5 01 c5 01 c5 01 c5 01 c5,0.0601,True,0.5540816326530612,0.986875,23.0,232.83568867997488,1.0,50.0,0.0
G,50,2006,150000,01 c5 01 c5 01 c5 01 c5 01 c5 01 c5 01 c5 01 c5 01 c5 01 c5 01 c5 01 c5 01 c5 01 c5 01 c5 01 c5 01 c5 01 c5 01 c5 01 c5 01 c5 01 c5 01 c5 01 c5 01 c5,0.0587,True,0.5540816326530612,0.986875,23.0,232.83568867997488,1.0,50.0,0.0
G,50,2006,200000,01 c5 01 c5 01 c5 01 c5 01 c5 01 c5 01 c5 01 c5 01 c5 01 c5 01 c5 01 c5 01 c5 01 c5 01 c5 01 c5 01 c5 01 c5 01 c5 01 c5 01 c5 01 c5 01 c5 01 c5 01 c5,0.06035,True,0.5540816326530612,0.986875,23.0,232.83568867997488,1.0,50.0,0.0
G,50,2006,300000,01 c5 01 c5 01 c5 01 c5 01 c5 01 c5 01 c5 01 c5 01 c5 01 c5 01 c5 01 c5 01 c5 01 c5 01 c5 01 c5 01 c5 01 c5 01 c5 01 c5 01 c5 01 c5 01 c5 01 c5 01 c5,0.0661,True,0.5540816326530612,0.986875,23.0,232.83568867997488,1.0,50.0,0.0
G,50,2006,300000,01 c5 01 c5 01 c5 01 c5 01 c5 01 c5 01 c5 01 c5 01 c5 01 c5 01 c5 01 c5 01 c5 01 c5 01 c5 01 c5 01 c5 01 c5 01 c5 01 c5 01 c5 01 c5 01 c5 01 c5 01 c5,0.0661,True,0.5540816326530612,0.986875,23.0,232.83568867997488,1.0,50.0,0.0
G,50,2007,500,01 c5 01 c5 01 c5 01 c5 01 c5 01 c5 01 c5 01 c5 01 c5 01 c5 01 c5 01 c5 01 c5 01 c5 01 c5 01 c5 01 c5 01 c5 01 c5 01 c5 01 c5 01 c5 01 c5 01 c5 01 c5,0.006,True,0.5979836309523809,0.99,17.0,198.78379545142332,1.0,50.0,0.0
G,50,2007,800,01 c5 01 c5 01 c5 01 c5 01 c5 01 c5 01 c5 01 c5 01 c5 01 c5 01 c5 01 c5 01 c5 01 c5 01 c5 01 c5 01 c5 01 c5 01 c5 01 c5 01 c5 01 c5 01 c5 01 c5 01 c5,0.03055,True,0.5979836309523809,0.99,17.0,198.78379545142332,1.0,50.0,0.0
G,50,2007,1000,01 c5 01 c5 01 c5 01 c5 01 c5 01 c5 01 c5 01 c5 01 c5 01 c5 01 c5 01 c5 01 c5 01 c5 01 c5 01 c5 01 c5 01 c5 01 c5 01 c5 01 c5 01 c5 01 c5 01 c5 01 c5,0.0488,True,0.5979836309523809,0.99,17.0,198.78379545142332,1.0,50.0,0.0
G,50,2007,2000,01 c5 01 c5 01 c5 01 c5 01 c5 01 c5 01 c5 01 c5 01 c5 01 c5 01 c5 01 c5 01 c5 01 c5 01 c5 01 c5 01 c5 01 c5 01 c5 01 c5 01 c5 01 c5 01 c5 01 c5 01 c5,0.2181,True,0.5979836309523809,0.99,17.0,198.78379545142332,1.0,50.0,0.0
G,50,2007,3000,01 c5 01 c5 01 c5 01 c5 01 c5 01 c5 01 c5 01 c5 01 c5 01 c5 01 c5 01 c5 01 c5 01 c5 01 c5 01 c5 01 c5 01 c5 01 c5 01 c5 01 c5 01 c5 01 c5 01 c5 01 c5,0.1659,True,0.5979836309523809,0.99,17.0,198.78379545142332,1.0,50.0,0.0
G,50,2007,5000,01 c5 01 c5 01 c5 01 c5 01 c5 01 c5 01 c5 01 c5 01 c5 01 c5 01 c5 01 c5 01 c5 01 c5 01 c5 01 c5 01 c5 01 c5 01 c5 01 c5 01 c5 01 c5 01 c5 01 c5 01 c5,0.06835,True,0.5979836309523809,0.99,17.0,198.78379545142332,1.0,50.0,0.0
G,50,2007,7500,01 c5 01 c5 01 c5 01 c5 01 c5 01 c5 01 c5 01 c5 01 c5 01 c5 01 c5 01 c5 01 c5 01 c5 01 c5 01 c5 01 c5 01 c5 01 c5 01 c5 01 c5 01 c5 01 c5 01 c5 01 c5,0.0644,True,0.5979836309523809,0.99,17.0,198.78379545142332,1.0,50.0,0.0
G,50,2007,10000,01 c5 01 c5 01 c5 01 c5 01 c5 01 c5 01 c5 01 c5 01 c5 01 c5 01 c5 01 c5 01 c5 01 c5 01 c5 01 c5 01 c5 01 c5 01 c5 01 c5 01 c5 01 c5 01 c5 01 c5 01 c5,0.06035,True,0.5979836309523809,0.99,17.0,198.78379545142332,1.0,50.0,0.0
G,50,2007,15000,01 c5 01 c5 01 c5 01 c5 01 c5 01 c5 01 c5 01 c5 01 c5 01 c5 01 c5 01 c5 01 c5 01 c5 01 c5 01 c5 01 c5 01 c5 01 c5 01 c5 01 c5 01 c5 01 c5 01 c5 01 c5,0.05985,True,0.5979836309523809,0.99,17.0,198.78379545142332,1.0,50.0,0.0
G,50,2007,20000,01 c5 01 c5 01 c5 01 c5 01 c5 01 c5 01 c5 01 c5 01 c5 01 c5 01 c5 01 c5 01 c5 01 c5 01 c5 01 c5 01 c5 01 c5 01 c5 01 c5 01 c5 01 c5 01 c5 01 c5 01 c5,0.0552,True,0.5979836309523809,0.99,17.0,198.78379545142332,1.0,50.0,0.0
G,50,2007,30000,01 c5 01 c5 01 c5 01 c5 01 c5 01 c5 01 c5 01 c5 01 c5 01 c5 01 c5 01 c5 01 c5 01 c5 01 c5 01 c5 01 c5 01 c5 01 c5 01 c5 01 c5 01 c5 01 c5 01 c5 01 c5,0.05895,True,0.5979836309523809,0.99,17.0,198.78379545142332,1.0,50.0,0.0
G,50,2007,50000,01 c5 01 c5 01 c5 01 c5 01 c5 01 c5 01 c5 01 c5 01 c5 01 c5 01 c5 01 c5 01 c5 01 c5 01 c5 01 c5 01 c5 01 c5 01 c5 01 c5 01 c5 01 c5 01 c5 01 c5 01 c5,0.0603,True,0.5979836309523809,0.99,17.0,198.78379545142332,1.0,50.0,0.0
G,50,2007,75000,01 c5 01 c5 01 c5 01 c5 01 c5 01 c5 01 c5 01 c5 01 c5 01 c5 01 c5 01 c5 01 c5 01 c5 01 c5 01 c5 01 c5 01 c5 01 c5 01 c5 01 c5 01 c5 01 c5 01 c5 01 c5,0.06095,True,0.5979836309523809,0.99,17.0,198.78379545142332,1.0,50.0,0.0
G,50,2007,100000,01 c5 01 c5 01 c5 01 c5 01 c5 01 c5 01 c5 01 c5 01 c5 01 c5 01 c5 01 c5 01 c5 01 c5 01 c5 01 c5 01 c5 01 c5 01 c5 01 c5 01 c5 01 c5 01 c5 01 c5 01 c5,0.06005,True,0.5979836309523809,0.99,17.0,198.78379545142332,1.0,50.0,0.0
G,50,2007,150000,01 c5 01 c5 01 c5 01 c5 01 c5 01 c5 01 c5 01 c5 01 c5 01 c5 01 c5 01 c5 01 c5 01 c5 01 c5 01 c5 01 c5 01 c5 01 c5 01 c5 01 c5 01 c5 01 c5 01 c5 01 c5,0.0591,True,0.5979836309523809,0.99,17.0,198.78379545142332,1.0,50.0,0.0
G,50,2007,200000,01 c5 01 c5 01 c5 01 c5 01 c5 01 c5 01 c5 01 c5 01 c5 01 c5 01 c5 01 c5 01 c5 01 c5 01 c5 01 c5 01 c5 01 c5 01 c5 01 c5 01 c5 01 c5 01 c5 01 c5 01 c5,0.06215,True,0.5979836309523809,0.99,17.0,198.78379545142332,1.0,50.0,0.0
G,50,2007,300000,01 c5 01 c5 01 c5 01 c5 01 c5 01 c5 01 c5 01 c5 01 c5 01 c5 01 c5 01 c5 01 c5 01 c5 01 c5 01 c5 01 c5 01 c5 01 c5 01 c5 01 c5 01 c5 01 c5 01 c5 01 c5,0.05555,True,0.5979836309523809,0.99,17.0,198.78379545142332,1.0,50.0,0.0
G,50,2007,300000,01 c5 01 c5 01 c5 01 c5 01 c5 01 c5 01 c5 01 c5 01 c5 01 c5 01 c5 01 c5 01 c5 01 c5 01 c5 01 c5 01 c5 01 c5 01 c5 01 c5 01 c5 01 c5 01 c5 01 c5 01 c5,0.05555,True,0.5979836309523809,0.99,17.0,198.78379545142332,1.0,50.0,0.0
G,50,2008,500,01 c5 01 c5 01 c5 01 c5 01 c5 01 c5 01 c5 01 c5 01 c5 01 c5 01 c5 01 c5 01 c5 01 c5 01 c5 01 c5 01 c5 01 c5 01 c5 01 c5 01 c5 01 c5 01 c5 01 c5 01 c5,0.01195,True,0.5541071428571428,0.9875,23.0,259.56229206892215,1.0,50.0,0.0
G,50,2008,700,11 d5 11 d5 11 d5 11 d5 11 d5 11 d5 11 d5 11 d5 11 d5 11 d5 11 d5 11 d5 11 d5 11 d5 11 d5 11 d5 11 d5 11 d5 11 d5 11 d5 11 d5 11 d5 11 d5 11 d5 11 d5,0.038,True,0.5656978103741497,0.98875,23.0,229.64597984756713,1.0,50.0,0.0
G,50,2008,1000,11 d5 11 d5 11 d5 11 d5 11 d5 11 d5 11 d5 11 d5 11 d5 11 d5 11 d5 11 d5 11 d5 11 d5 11 d5 11 d5 11 d5 11 d5 11 d5 11 d5 11 d5 11 d5 11 d5 11 d5 11 d5,0.05435,True,0.5656978103741497,0.98875,23.0,229.64597984756713,1.0,50.0,0.0
G,50,2008,2000,11 d5 11 d5 11 d5 11 d5 11 d5 11 d5 11 d5 11 d5 11 d5 11 d5 11 d5 11 d5 11 d5 11 d5 11 d5 11 d5 11 d5 11 d5 11 d5 11 d5 11 d5 11 d5 11 d5 11 d5 11 d5,0.11645,True,0.5656978103741497,0.98875,23.0,229.64597984756713,1.0,50.0,0.0
G,50,2008,3000,11 d5 11 d5 11 d5 11 d5 11 d5 11 d5 11 d5 11 d5 11 d5 11 d5 11 d5 11 d5 11 d5 11 d5 11 d5 11 d5 11 d5 11 d5 11 d5 11 d5 11 d5 11 d5 11 d5 11 d5 11 d5,0.08575,True,0.5656978103741497,0.98875,23.0,229.64597984756713,1.0,50.0,0.0
G,50,2008,5000,01 c5 01 c5 01 c5 01 c5 01 c5 01 c5 01 c5 01 c5 01 c5 01 c5 01 c5 01 c5 01 c5 01 c5 01 c5 01 c5 01 c5 01 c5 01 c5 01 c5 01 c5 01 c5 01 c5 01 c5 01 c5,0.0654,True,0.5541071428571428,0.9875,23.0,259.56229206892215,1.0,50.0,0.0
G,50,2008,7500,11 d5 11 d5 11 d5 11 d5 11 d5 11 d5 11 d5 11 d5 11 d5 11 d5 11 d5 11 d5 11 d5 11 d5 11 d5 11 d5 11 d5 11 d5 11 d5 11 d5 11 d5 11 d5 11 d5 11 d5 11 d5,0.03835,True,0.5656978103741497,0.98875,23.0,229.64597984756713,1.0,50.0,0.0
G,50,2008,10000,11 d5 11 d5 11 d5 11 d5 11 d5 11 d5 11 d5 11 d5 11 d5 11 d5 11 d5 11 d5 11 d5 11 d5 11 d5 11 d5 11 d5 11 d5 11 d5 11 d5 11 d5 11 d5 11 d5 11 d5 11 d5,0.0386,True,0.5656978103741497,0.98875,23.0,229.64597984756713,1.0,50.0,0.0
G,50,2008,15000,11 d5 11 d5 11 d5 11 d5 11 d5 11 d5 11 d5 11 d5 11 d5 11 d5 11 d5 11 d5 11 d5 11 d5 11 d5 11 d5 11 d5 11 d5 11 d5 11 d5 11 d5 11 d5 11 d5 11 d5 11 d5,0.0399,True,0.5656978103741497,0.98875,23.0,229.64597984756713,1.0,50.0,0.0
G,50,2008,20000,11 d5 11 d5 11 d5 11 d5 11 d5 11 d5 11 d5 11 d5 11 d5 11 d5 11 d5 11 d5 11 d5 11 d5 11 d5 11 d5 11 d5 11 d5 11 d5 11 d5 11 d5 11 d5 11 d5 11 d5 11 d5,0.03735,True,0.5656978103741497,0.98875,23.0,229.64597984756713,1.0,50.0,0.0
G,50,2008,30000,11 d5 11 d5 11 d5 11 d5 11 d5 11 d5 11 d5 11 d5 11 d5 11 d5 11 d5 11 d5 11 d5 11 d5 11 d5 11 d5 11 d5 11 d5 11 d5 11 d5 11 d5 11 d5 11 d5 11 d5 11 d5,0.03295,True,0.5656978103741497,0.98875,23.0,229.64597984756713,1.0,50.0,0.0
G,50,2008,50000,01 c5 01 c5 01 c5 01 c5 01 c5 01 c5 01 c5 01 c5 01 c5 01 c5 01 c5 01 c5 01 c5 01 c5 01 c5 01 c5 01 c5 01 c5 01 c5 01 c5 01 c5 01 c5 01 c5 01 c5 01 c5,0.03085,True,0.5541071428571428,0.9875,23.0,259.56229206892215,1.0,50.0,0.0
G,50,2008,75000,01 c5 01 c5 01 c5 01 c5 01 c5 01 c5 01 c5 01 c5 01 c5 01 c5 01 c5 01 c5 01 c5 01 c5 01 c5 01 c5 01 c5 01 c5 01 c5 01 c5 01 c5 01 c5 01 c5 01 c5 01 c5,0.03965,True,0.5541071428571428,0.9875,23.0,259.56229206892215,1.0,50.0,0.0
G,50,2008,100000,01 c5 01 c5 01 c5 01 c5 01 c5 01 c5 01 c5 01 c5 01 c5 01 c5 01 c5 01 c5 01 c5 01 c5 01 c5 01 c5 01 c5 01 c5 01 c5 01 c5 01 c5 01 c5 01 c5 01 c5 01 c5,0.04585,True,0.5541071428571428,0.9875,23.0,259.56229206892215,1.0,50.0,0.0
G,50,2008,150000,01 c5 01 c5 01 c5 01 c5 01 c5 01 c5 01 c5 01 c5 01 c5 01 c5 01 c5 01 c5 01 c5 01 c5 01 c5 01 c5 01 c5 01 c5 01 c5 01 c5 01 c5 01 c5 01 c5 01 c5 01 c5,0.0577,True,0.5541071428571428,0.9875,23.0,259.56229206892215,1.0,50.0,0.0
G,50,2008,200000,01 c5 01 c5 01 c5 01 c5 01 c5 01 c5 01 c5 01 c5 01 c5 01 c5 01 c5 01 c5 01 c5 01 c5 01 c5 01 c5 01 c5 01 c5 01 c5 01 c5 01 c5 01 c5 01 c5 01 c5 01 c5,0.06215,True,0.5541071428571428,0.9875,23.0,259.56229206892215,1.0,50.0,0.0
G,50,2008,300000,01 c5 01 c5 01 c5 01 c5 01 c5 01 c5 01 c5 01 c5 01 c5 01 c5 01 c5 01 c5 01 c5 01 c5 01 c5 01 c5 01 c5 01 c5 01 c5 01 c5 01 c5 01 c5 01 c5 01 c5 01 c5,0.0626,True,0.5541071428571428,0.9875,23.0,259.56229206892215,1.0,50.0,0.0
G,50,2008,300000,01 c5 01 c5 01 c5 01 c5 01 c5 01 c5 01 c5 01 c5 01 c5 01 c5 01 c5 01 c5 01 c5 01 c5 01 c5 01 c5 01 c5 01 c5 01 c5 01 c5 01 c5 01 c5 01 c5 01 c5 01 c5,0.0626,True,0.5541071428571428,0.9875,23.0,259.56229206892215,1.0,50.0,0.0
G,50,2009,500,00 05 00 05 00 05 00 05 00 05 00 05 00 05 00 05 00 05 00 05 00 05 00 05 00 05 00 05 00 05 00 05 00 05 00 05 00 05 00 05 00 05 00 05 00 05 00 05 00 00,0.0013,False,0.06403061224489796,0.0,0.0,0.0,1.0,50.0,0.0
G,50,2009,1000,11 d5 11 d5 11 d5 11 d5 11 d5 11 d5 11 d5 11 d5 11 d5 11 d5 11 d5 11 d5 11 d5 11 d5 11 d5 11 d5 11 d5 11 d5 11 d5 11 d5 11 d5 11 d5 11 d5 11 d5 11 d5,0.00765,True,0.6222055697278912,0.98375,24.0,244.7687604198208,1.0,50.0,0.0
G,50,2009,1350,11 d5 11 d5 11 d5 11 d5 11 d5 11 d5 11 d5 11 d5 11 d5 11 d5 11 d5 11 d5 11 d5 11 d5 11 d5 11 d5 11 d5 11 d5 11 d5 11 d5 11 d5 11 d5 11 d5 11 d5 11 d5,0.03585,True,0.6222055697278912,0.98375,24.0,244.7687604198208,1.0,50.0,0.0
G,50,2009,2000,11 d5 11 d5 11 d5 11 d5 11 d5 11 d5 11 d5 11 d5 11 d5 11 d5 11 d5 11 d5 11 d5 11 d5 11 d5 11 d5 11 d5 11 d5 11 d5 11 d5 11 d5 11 d5 11 d5 11 d5 11 d5,0.0743,True,0.6222055697278912,0.98375,24.0,244.7687604198208,1.0,50.0,0.0
G,50,2009,3000,11 d5 11 d5 11 d5 11 d5 11 d5 11 d5 11 d5 11 d5 11 d5 11 d5 11 d5 11 d5 11 d5 11 d5 11 d5 11 d5 11 d5 11 d5 11 d5 11 d5 11 d5 11 d5 11 d5 11 d5 11 d5,0.07195,True,0.6222055697278912,0.98375,24.0,244.7687604198208,1.0,50.0,0.0
G,50,2009,5000,11 d5 11 d5 11 d5 11 d5 11 d5 11 d5 11 d5 11 d5 11 d5 11 d5 11 d5 11 d5 11 d5 11 d5 11 d5 11 d5 11 d5 11 d5 11 d5 11 d5 11 d5 11 d5 11 d5 11 d5 11 d5,0.04445,True,0.6222055697278912,0.98375,24.0,244.7687604198208,1.0,50.0,0.0
G,50,2009,7500,11 d5 11 d5 11 d5 11 d5 11 d5 11 d5 11 d5 11 d5 11 d5 11 d5 11 d5 11 d5 11 d5 11 d5 11 d5 11 d5 11 d5 11 d5 11 d5 11 d5 11 d5 11 d5 11 d5 11 d5 11 d5,0.0474,True,0.6222055697278912,0.98375,24.0,244.7687604198208,1.0,50.0,0.0
G,50,2009,10000,11 d5 11 d5 11 d5 11 d5 11 d5 11 d5 11 d5 11 d5 11 d5 11 d5 11 d5 11 d5 11 d5 11 d5 11 d5 11 d5 11 d5 11 d5 11 d5 11 d5 11 d5 11 d5 11 d5 11 d5 11 d5,0.04795,True,0.6222055697278912,0.98375,24.0,244.7687604198208,1.0,50.0,0.0
G,50,2009,15000,11 d5 11 d5 11 d5 11 d5 11 d5 11 d5 11 d5 11 d5 11 d5 11 d5 11 d5 11 d5 11 d5 11 d5 11 d5 11 d5 11 d5 11 d5 11 d5 11 d5 11 d5 11 d5 11 d5 11 d5 11 d5,0.04745,True,0.6222055697278912,0.98375,24.0,244.7687604198208,1.0,50.0,0.0
G,50,2009,20000,11 d5 11 d5 11 d5 11 d5 11 d5 11 d5 11 d5 11 d5 11 d5 11 d5 11 d5 11 d5 11 d5 11 d5 11 d5 11 d5 11 d5 11 d5 11 d5 11 d5 11 d5 11 d5 11 d5 11 d5 11 d5,0.04545,True,0.6222055697278912,0.98375,24.0,244.7687604198208,1.0,50.0,0.0
G,50,2009,30000,11 d5 11 d5 11 d5 11 d5 11 d5 11 d5 11 d5 11 d5 11 d5 11 d5 11 d5 11 d5 11 d5 11 d5 11 d5 11 d5 11 d5 11 d5 11 d5 11 d5 11 d5 11 d5 11 d5 11 d5 11 d5,0.04835,True,0.6222055697278912,0.98375,24.0,244.7687604198208,1.0,50.0,0.0
G,50,2009,50000,11 d5 11 d5 11 d5 11 d5 11 d5 11 d5 11 d5 11 d5 11 d5 11 d5 11 d5 11 d5 11 d5 11 d5 11 d5 11 d5 11 d5 11 d5 11 d5 11 d5 11 d5 11 d5 11 d5 11 d5 11 d5,0.04815,True,0.6222055697278912,0.98375,24.0,244.7687604198208,1.0,50.0,0.0
G,50,2009,75000,11 d5 11 d5 11 d5 11 d5 11 d5 11 d5 11 d5 11 d5 11 d5 11 d5 11 d5 11 d5 11 d5 11 d5 11 d5 11 d5 11 d5 11 d5 11 d5 11 d5 11 d5 11 d5 11 d5 11 d5 11 d5,0.02955,True,0.6222055697278912,0.98375,24.0,244.7687604198208,1.0,50.0,0.0
G,50,2009,100000,01 c5 01 c5 01 c5 01 c5 01 c5 01 c5 01 c5 01 c5 01 c5 01 c5 01 c5 01 c5 01 c5 01 c5 01 c5 01 c5 01 c5 01 c5 01 c5 01 c5 01 c5 01 c5 01 c5 01 c5 01 c5,0.048,True,0.5188323767006803,0.97875,23.0,242.6548183579613,1.0,50.0,0.0
G,50,2009,150000,01 c5 01 c5 01 c5 01 c5 01 c5 01 c5 01 c5 01 c5 01 c5 01 c5 01 c5 01 c5 01 c5 01 c5 01 c5 01 c5 01 c5 01 c5 01 c5 01 c5 01 c5 01 c5 01 c5 01 c5 01 c5,0.06125,True,0.5188323767006803,0.97875,23.0,242.6548183579613,1.0,50.0,0.0
G,50,2009,200000,01 c5 01 c5 01 c5 01 c5 01 c5 01 c5 01 c5 01 c5 01 c5 01 c5 01 c5 01 c5 01 c5 01 c5 01 c5 01 c5 01 c5 01 c5 01 c5 01 c5 01 c5 01 c5 01 c5 01 c5 01 c5,0.06115,True,0.5188323767006803,0.97875,23.0,242.6548183579613,1.0,50.0,0.0
G,50,2009,300000,01 c5 01 c5 01 c5 01 c5 01 c5 01 c5 01 c5 01 c5 01 c5 01 c5 01 c5 01 c5 01 c5 01 c5 01 c5 01 c5 01 c5 01 c5 01 c5 01 c5 01 c5 01 c5 01 c5 01 c5 01 c5,0.0604,True,0.5188323767006803,0.97875,23.0,242.6548183579613,1.0,50.0,0.0
G,50,2009,300000,01 c5 01 c5 01 c5 01 c5 01 c5 01 c5 01 c5 01 c5 01 c5 01 c5 01 c5 01 c5 01 c5 01 c5 01 c5 01 c5 01 c5 01 c5 01 c5 01 c5 01 c5 01 c5 01 c5 01 c5 01 c5,0.0604,True,0.5188323767006803,0.97875,23.0,242.6548183579613,1.0,50.0,0.0
G,50,2010,500,01 c5 01 c5 01 c5 01 c5 01 c5 01 c5 01 c5 01 c5 01 c5 01 c5 01 c5 01 c5 01 c5 01 c5 01 c5 01 c5 01 c5 01 c5 01 c5 01 c5 01 c5 01 c5 01 c5 01 c5 01 c5,0.00155,True,0.5495254039115647,0.991875,21.0,230.29085072316067,1.0,50.0,0.0
G,50,2010,1000,01 c5 01 c5 01 c5 01 c5 01 c5 01 c5 01 c5 01 c5 01 c5 01 c5 01 c5 01 c5 01 c5 01 c5 01 c5 01 c5 01 c5 01 c5 01 c5 01 c5 01 c5 01 c5 01 c5 01 c5 01 c5,0.03025,True,0.5495254039115647,0.991875,21.0,230.29085072316067,1.0,50.0,0.0
G,50,2010,1000,01 c5 01 c5 01 c5 01 c5 01 c5 01 c5 01 c5 01 c5 01 c5 01 c5 01 c5 01 c5 01 c5 01 c5 01 c5 01 c5 01 c5 01 c5 01 c5 01 c5 01 c5 01 c5 01 c5 01 c5 01 c5,0.03025,True,0.5495254039115647,0.991875,21.0,230.29085072316067,1.0,50.0,0.0
G,50,2010,2000,01 c5 01 c5 01 c5 01 c5 01 c5 01 c5 01 c5 01 c5 01 c5 01 c5 01 c5 01 c5 01 c5 01 c5 01 c5 01 c5 01 c5 01 c5 01 c5 01 c5 01 c5 01 c5 01 c5 01 c5 01 c5,0.1039,True,0.5495254039115647,0.991875,21.0,230.29085072316067,1.0,50.0,0.0
G,50,2010,3000,01 c5 01 c5 01 c5 01 c5 01 c5 01 c5 01 c5 01 c5 01 c5 01 c5 01 c5 01 c5 01 c5 01 c5 01 c5 01 c5 01 c5 01 c5 01 c5 01 c5 01 c5 01 c5 01 c5 01 c5 01 c5,0.06595,True,0.5495254039115647,0.991875,21.0,230.29085072316067,1.0,50.0,0.0
G,50,2010,5000,01 c5 01 c5 01 c5 01 c5 01 c5 01 c5 01 c5 01 c5 01 c5 01 c5 01 c5 01 c5 01 c5 01 c5 01 c5 01 c5 01 c5 01 c5 01 c5 01 c5 01 c5 01 c5 01 c5 01 c5 01 c5,0.048,True,0.5495254039115647,0.991875,21.0,230.29085072316067,1.0,50.0,0.0
G,50,2010,7500,01 c5 01 c5 01 c5 01 c5 01 c5 01 c5 01 c5 01 c5 01 c5 01 c5 01 c5 01 c5 01 c5 01 c5 01 c5 01 c5 01 c5 01 c5 01 c5 01 c5 01 c5 01 c5 01 c5 01 c5 01 c5,0.05265,True,0.5495254039115647,0.991875,21.0,230.29085072316067,1.0,50.0,0.0
G,50,2010,10000,01 c5 01 c5 01 c5 01 c5 01 c5 01 c5 01 c5 01 c5 01 c5 01 c5 01 c5 01 c5 01 c5 01 c5 01 c5 01 c5 01 c5 01 c5 01 c5 01 c5 01 c5 01 c5 01 c5 01 c5 01 c5,0.0585,True,0.5495254039115647,0.991875,21.0,230.29085072316067,1.0,50.0,0.0
G,50,2010,15000,01 c5 01 c5 01 c5 01 c5 01 c5 01 c5 01 c5 01 c5 01 c5 01 c5 01 c5 01 c5 01 c5 01 c5 01 c5 01 c5 01 c5 01 c5 01 c5 01 c5 01 c5 01 c5 01 c5 01 c5 01 c5,0.0598,True,0.5495254039115647,0.991875,21.0,230.29085072316067,1.0,50.0,0.0
G,50,2010,20000,01 c5 01 c5 01 c5 01 c5 01 c5 01 c5 01 c5 01 c5 01 c5 01 c5 01 c5 01 c5 01 c5 01 c5 01 c5 01 c5 01 c5 01 c5 01 c5 01 c5 01 c5 01 c5 01 c5 01 c5 01 c5,0.05765,True,0.5495254039115647,0.991875,21.0,230.29085072316067,1.0,50.0,0.0
G,50,2010,30000,01 c5 01 c5 01 c5 01 c5 01 c5 01 c5 01 c5 01 c5 01 c5 01 c5 01 c5 01 c5 01 c5 01 c5 01 c5 01 c5 01 c5 01 c5 01 c5 01 c5 01 c5 01 c5 01 c5 01 c5 01 c5,0.05835,True,0.5495254039115647,0.991875,21.0,230.29085072316067,1.0,50.0,0.0
G,50,2010,50000,01 c5 01 c5 01 c5 01 c5 01 c5 01 c5 01 c5 01 c5 01 c5 01 c5 01 c5 01 c5 01 c5 01 c5 01 c5 01 c5 01 c5 01 c5 01 c5 01 c5 01 c5 01 c5 01 c5 01 c5 01 c5,0.0597,True,0.5495254039115647,0.991875,21.0,230.29085072316067,1.0,50.0,0.0
G,50,2010,75000,01 c5 01 c5 01 c5 01 c5 01 c5 01 c5 01 c5 01 c5 01 c5 01 c5 01 c5 01 c5 01 c5 01 c5 01 c5 01 c5 01 c5 01 c5 01 c5 01 c5 01 c5 01 c5 01 c5 01 c5 01 c5,0.0586,True,0.5495254039115647,0.991875,21.0,230.29085072316067,1.0,50.0,0.0
G,50,2010,100000,01 c5 01 c5 01 c5 01 c5 01 c5 01 c5 01 c5 01 c5 01 c5 01 c5 01 c5 01 c5 01 c5 01 c5 01 c5 01 c5 01 c5 01 c5 01 c5 01 c5 01 c5 01 c5 01 c5 01 c5 01 c5,0.06365,True,0.5495254039115647,0.991875,21.0,230.29085072316067,1.0,50.0,0.0
G,50,2010,150000,01 c5 01 c5 01 c5 01 c5 01 c5 01 c5 01 c5 01 c5 01 c5 01 c5 01 c5 01 c5 01 c5 01 c5 01 c5 01 c5 01 c5 01 c5 01 c5 01 c5 01 c5 01 c5 01 c5 01 c5 01 c5,0.06,True,0.5495254039115647,0.991875,21.0,230.29085072316067,1.0,50.0,0.0
G,50,2010,200000,01 c5 01 c5 01 c5 01 c5 01 c5 01 c5 01 c5 01 c5 01 c5 01 c5 01 c5 01 c5 01 c5 01 c5 01 c5 01 c5 01 c5 01 c5 01 c5 01 c5 01 c5 01 c5 01 c5 01 c5 01 c5,0.06035,True,0.5495254039115647,0.991875,21.0,230.29085072316067,1.0,50.0,0.0
G,50,2010,300000,01 c5 01 c5 01 c5 01 c5 01 c5 01 c5 01 c5 01 c5 01 c5 01 c5 01 c5 01 c5 01 c5 01 c5 01 c5 01 c5 01 c5 01 c5 01 c5 01 c5 01 c5 01 c5 01 c5 01 c5 01 c5,0.05865,True,0.5495254039115647,0.991875,21.0,230.29085072316067,1.0,50.0,0.0
G,50,2010,300000,01 c5 01 c5 01 c5 01 c5 01 c5 01 c5 01 c5 01 c5 01 c5 01 c5 01 c5 01 c5 01 c5 01 c5 01 c5 01 c5 01 c5 01 c5 01 c5 01 c5 01 c5 01 c5 01 c5 01 c5 01 c5,0.05865,True,0.5495254039115647,0.991875,21.0,230.29085072316067,1.0,50.0,0.0
G,50,2011,500,01 c5 01 c5 01 c5 01 c5 01 c5 01 c5 01 c5 01 c5 01 c5 01 c5 01 c5 01 c5 01 c5 01 c5 01 c5 01 c5 01 c5 01 c5 01 c5 01 c5 01 c5 01 c5 01 c5 01 c5 01 c5,0.0016,True,0.5643367346938776,0.9825,24.0,228.4608737425627,1.0,50.0,0.0
G,50,2011,1000,01 c5 01 c5 01 c5 01 c5 01 c5 01 c5 01 c5 01 c5 01 c5 01 c5 01 c5 01 c5 01 c5 01 c5 01 c5 01 c5 01 c5 01 c5 01 c5 01 c5 01 c5 01 c5 01 c5 01 c5 01 c5,0.02745,True,0.5643367346938776,0.9825,24.0,228.4608737425627,1.0,50.0,0.0
G,50,2011,1050,01 c5 01 c5 01 c5 01 c5 01 c5 01 c5 01 c5 01 c5 01 c5 01 c5 01 c5 01 c5 01 c5 01 c5 01 c5 01 c5 01 c5 01 c5 01 c5 01 c5 01 c5 01 c5 01 c5 01 c5 01 c5,0.0319,True,0.5643367346938776,0.9825,24.0,228.4608737425627,1.0,50.0,0.0
G,50,2011,2000,01 c5 01 c5 01 c5 01 c5 01 c5 01 c5 01 c5 01 c5 01 c5 01 c5 01 c5 01 c5 01 c5 01 c5 01 c5 01 c5 01 c5 01 c5 01 c5 01 c5 01 c5 01 c5 01 c5 01 c5 01 c5,0.1315,True,0.5643367346938776,0.9825,24.0,228.4608737425627,1.0,50.0,0.0
G,50,2011,3000,01 c5 01 c5 01 c5 01 c5 01 c5 01 c5 01 c5 01 c5 01 c5 01 c5 01 c5 01 c5 01 c5 01 c5 01 c5 01 c5 01 c5 01 c5 01 c5 01 c5 01 c5 01 c5 01 c5 01 c5 01 c5,0.0932,True,0.5643367346938776,0.9825,24.0,228.4608737425627,1.0,50.0,0.0
G,50,2011,5000,01 c5 01 c5 01 c5 01 c5 01 c5 01 c5 01 c5 01 c5 01 c5 01 c5 01 c5 01 c5 01 c5 01 c5 01 c5 01 c5 01 c5 01 c5 01 c5 01 c5 01 c5 01 c5 01 c5 01 c5 01 c5,0.06255,True,0.5643367346938776,0.9825,24.0,228.4608737425627,1.0,50.0,0.0
G,50,2011,7500,01 c5 01 c5 01 c5 01 c5 01 c5 01 c5 01 c5 01 c5 01 c5 01 c5 01 c5 01 c5 01 c5 01 c5 01 c5 01 c5 01 c5 01 c5 01 c5 01 c5 01 c5 01 c5 01 c5 01 c5 01 c5,0.06055,True,0.5643367346938776,0.9825,24.0,228.4608737425627,1.0,50.0,0.0
G,50,2011,10000,01 c5 01 c5 01 c5 01 c5 01 c5 01 c5 01 c5 01 c5 01 c5 01 c5 01 c5 01 c5 01 c5 01 c5 01 c5 01 c5 01 c5 01 c5 01 c5 01 c5 01 c5 01 c5 01 c5 01 c5 01 c5,0.0536,True,0.5643367346938776,0.9825,24.0,228.4608737425627,1.0,50.0,0.0
G,50,2011,15000,01 c5 01 c5 01 c5 01 c5 01 c5 01 c5 01 c5 01 c5 01 c5 01 c5 01 c5 01 c5 01 c5 01 c5 01 c5 01 c5 01 c5 01 c5 01 c5 01 c5 01 c5 01 c5 01 c5 01 c5 01 c5,0.0595,True,0.5643367346938776,0.9825,24.0,228.4608737425627,1.0,50.0,0.0
G,50,2011,20000,01 c5 01 c5 01 c5 01 c5 01 c5 01 c5 01 c5 01 c5 01 c5 01 c5 01 c5 01 c5 01 c5 01 c5 01 c5 01 c5 01 c5 01 c5 01 c5 01 c5 01 c5 01 c5 01 c5 01 c5 01 c5,0.06275,True,0.5643367346938776,0.9825,24.0,228.4608737425627,1.0,50.0,0.0
G,50,2011,30000,01 c5 01 c5 01 c5 01 c5 01 c5 01 c5 01 c5 01 c5 01 c5 01 c5 01 c5 01 c5 01 c5 01 c5 01 c5 01 c5 01 c5 01 c5 01 c5 01 c5 01 c5 01 c5 01 c5 01 c5 01 c5,0.05685,True,0.5643367346938776,0.9825,24.0,228.4608737425627,1.0,50.0,0.0
G,50,2011,50000,01 c5 01 c5 01 c5 01 c5 01 c5 01 c5 01 c5 01 c5 01 c5 01 c5 01 c5 01 c5 01 c5 01 c5 01 c5 01 c5 01 c5 01 c5 01 c5 01 c5 01 c5 01 c5 01 c5 01 c5 01 c5,0.0609,True,0.5643367346938776,0.9825,24.0,228.4608737425627,1.0,50.0,0.0
G,50,2011,75000,01 c5 01 c5 01 c5 01 c5 01 c5 01 c5 01 c5 01 c5 01 c5 01 c5 01 c5 01 c5 01 c5 01 c5 01 c5 01 c5 01 c5 01 c5 01 c5 01 c5 01 c5 01 c5 01 c5 01 c5 01 c5,0.0589,True,0.5643367346938776,0.9825,24.0,228.4608737425627,1.0,50.0,0.0
G,50,2011,100000,01 c5 01 c5 01 c5 01 c5 01 c5 01 c5 01 c5 01 c5 01 c5 01 c5 01 c5 01 c5 01 c5 01 c5 01 c5 01 c5 01 c5 01 c5 01 c5 01 c5 01 c5 01 c5 01 c5 01 c5 01 c5,0.0626,True,0.5643367346938776,0.9825,24.0,228.4608737425627,1.0,50.0,0.0
G,50,2011,150000,01 c5 01 c5 01 c5 01 c5 01 c5 01 c5 01 c5 01 c5 01 c5 01 c5 01 c5 01 c5 01 c5 01 c5 01 c5 01 c5 01 c5 01 c5 01 c5 01 c5 01 c5 01 c5 01 c5 01 c5 01 c5,0.05695,True,0.5643367346938776,0.9825,24.0,228.4608737425627,1.0,50.0,0.0
G,50,2011,200000,01 c5 01 c5 01 c5 01 c5 01 c5 01 c5 01 c5 01 c5 01 c5 01 c5 01 c5 01 c5 01 c5 01 c5 01 c5 01 c5 01 c5 01 c5 01 c5 01 c5 01 c5 01 c5 01 c5 01 c5 01 c5,0.0595,True,0.5643367346938776,0.9825,24.0,228.4608737425627,1.0,50.0,0.0
G,50,2011,300000,01 c5 01 c5 01 c5 01 c5 01 c5 01 c5 01 c5 01 c5 01 c5 01 c5 01 c5 01 c5 01 c5 01 c5 01 c5 01 c5 01 c5 01 c5 01 c5 01 c5 01 c5 01 c5 01 c5 01 c5 01 c5,0.0592,True,0.5643367346938776,0.9825,24.0,228.4608737425627,1.0,50.0,0.0
G,50,2011,300000,01 c5 01 c5 01 c5 01 c5 01 c5 01 c5 01 c5 01 c5 01 c5 01 c5 01 c5 01 c5 01 c5 01 c5 01 c5 01 c5 01 c5 01 c5 01 c5 01 c5 01 c5 01 c5 01 c5 01 c5 01 c5,0.0592,True,0.5643367346938776,0.9825,24.0,228.4608737425627,1.0,50.0,0.0
G,50,2012,500,01 c5 01 c5 01 c5 01 c5 01 c5 01 c5 01 c5 01 c5 01 c5 01 c5 01 c5 01 c5 01 c5 01 c5 01 c5 01 c5 01 c5 01 c5 01 c5 01 c5 01 c5 01 c5 01 c5 01 c5 01 c5,0.00315,True,0.5869175170068028,0.989375,17.0,184.7751749732257,1.0,50.0,0.0
G,50,2012,1000,01 c5 01 c5 01 c5 01 c5 01 c5 01 c5 01 c5 01 c5 01 c5 01 c5 01 c5 01 c5 01 c5 01 c5 01 c5 01 c5 01 c5 01 c5 01 c5 01 c5 01 c5 01 c5 01 c5 01 c5 01 c5,0.0197,True,0.5869175170068028,0.989375,17.0,184.7751749732257,1.0,50.0,0.0
G,50,2012,1200,01 c5 01 c5 01 c5 01 c5 01 c5 01 c5 01 c5 01 c5 01 c5 01 c5 01 c5 01 c5 01 c5 01 c5 01 c5 01 c5 01 c5 01 c5 01 c5 01 c5 01 c5 01 c5 01 c5 01 c5 01 c5,0.03585,True,0.5869175170068028,0.989375,17.0,184.7751749732257,1.0,50.0,0.0
G,50,2012,2000,01 c5 01 c5 01 c5 01 c5 01 c5 01 c5 01 c5 01 c5 01 c5 01 c5 01 c5 01 c5 01 c5 01 c5 01 c5 01 c5 01 c5 01 c5 01 c5 01 c5 01 c5 01 c5 01 c5 01 c5 01 c5,0.14745,True,0.5869175170068028,0.989375,17.0,184.7751749732257,1.0,50.0,0.0
G,50,2012,3000,01 c5 01 c5 01 c5 01 c5 01 c5 01 c5 01 c5 01 c5 01 c5 01 c5 01 c5 01 c5 01 c5 01 c5 01 c5 01 c5 01 c5 01 c5 01 c5 01 c5 01 c5 01 c5 01 c5 01 c5 01 c5,0.0885,True,0.5869175170068028,0.989375,17.0,184.7751749732257,1.0,50.0,0.0
G,50,2012,5000,01 c5 01 c5 01 c5 01 c5 01 c5 01 c5 01 c5 01 c5 01 c5 01 c5 01 c5 01 c5 01 c5 01 c5 01 c5 01 c5 01 c5 01 c5 01 c5 01 c5 01 c5 01 c5 01 c5 01 c5 01 c5,0.04015,True,0.5869175170068028,0.989375,17.0,184.7751749732257,1.0,50.0,0.0
G,50,2012,7500,01 c5 01 c5 01 c5 01 c5 01 c5 01 c5 01 c5 01 c5 01 c5 01 c5 01 c5 01 c5 01 c5 01 c5 01 c5 01 c5 01 c5 01 c5 01 c5 01 c5 01 c5 01 c5 01 c5 01 c5 01 c5,0.0397,True,0.5869175170068028,0.989375,17.0,184.7751749732257,1.0,50.0,0.0
G,50,2012,10000,01 c5 01 c5 01 c5 01 c5 01 c5 01 c5 01 c5 01 c5 01 c5 01 c5 01 c5 01 c5 01 c5 01 c5 01 c5 01 c5 01 c5 01 c5 01 c5 01 c5 01 c5 01 c5 01 c5 01 c5 01 c5,0.03145,True,0.5869175170068028,0.989375,17.0,184.7751749732257,1.0,50.0,0.0
G,50,2012,15000,01 c5 01 c5 01 c5 01 c5 01 c5 01 c5 01 c5 01 c5 01 c5 01 c5 01 c5 01 c5 01 c5 01 c5 01 c5 01 c5 01 c5 01 c5 01 c5 01 c5 01 c5 01 c5 01 c5 01 c5 01 c5,0.0427,True,0.5869175170068028,0.989375,17.0,184.7751749732257,1.0,50.0,0.0
G,50,2012,20000,01 c5 01 c5 01 c5 01 c5 01 c5 01 c5 01 c5 01 c5 01 c5 01 c5 01 c5 01 c5 01 c5 01 c5 01 c5 01 c5 01 c5 01 c5 01 c5 01 c5 01 c5 01 c5 01 c5 01 c5 01 c5,0.04285,True,0.5869175170068028,0.989375,17.0,184.7751749732257,1.0,50.0,0.0
G,50,2012,30000,01 c5 01 c5 01 c5 01 c5 01 c5 01 c5 01 c5 01 c5 01 c5 01 c5 01 c5 01 c5 01 c5 01 c5 01 c5 01 c5 01 c5 01 c5 01 c5 01 c5 01 c5 01 c5 01 c5 01 c5 01 c5,0.04745,True,0.5869175170068028,0.989375,17.0,184.7751749732257,1.0,50.0,0.0
G,50,2012,50000,01 c5 01 c5 01 c5 01 c5 01 c5 01 c5 01 c5 01 c5 01 c5 01 c5 01 c5 01 c5 01 c5 01 c5 01 c5 01 c5 01 c5 01 c5 01 c5 01 c5 01 c5 01 c5 01 c5 01 c5 01 c5,0.05925,True,0.5869175170068028,0.989375,17.0,184.7751749732257,1.0,50.0,0.0
G,50,2012,75000,01 c5 01 c5 01 c5 01 c5 01 c5 01 c5 01 c5 01 c5 01 c5 01 c5 01 c5 01 c5 01 c5 01 c5 01 c5 01 c5 01 c5 01 c5 01 c5 01 c5 01 c5 01 c5 01 c5 01 c5 01 c5,0.0617,True,0.5869175170068028,0.989375,17.0,184.7751749732257,1.0,50.0,0.0
G,50,2012,100000,01 c5 01 c5 01 c5 01 c5 01 c5 01 c5 01 c5 01 c5 01 c5 01 c5 01 c5 01 c5 01 c5 01 c5 01 c5 01 c5 01 c5 01 c5 01 c5 01 c5 01 c5 01 c5 01 c5 01 c5 01 c5,0.0604,True,0.5869175170068028,0.989375,17.0,184.7751749732257,1.0,50.0,0.0
G,50,2012,150000,01 c5 01 c5 01 c5 01 c5 01 c5 01 c5 01 c5 01 c5 01 c5 01 c5 01 c5 01 c5 01 c5 01 c5 01 c5 01 c5 01 c5 01 c5 01 c5 01 c5 01 c5 01 c5 01 c5 01 c5 01 c5,0.05935,True,0.5869175170068028,0.989375,17.0,184.7751749732257,1.0,50.0,0.0
G,50,2012,200000,01 c5 01 c5 01 c5 01 c5 01 c5 01 c5 01 c5 01 c5 01 c5 01 c5 01 c5 01 c5 01 c5 01 c5 01 c5 01 c5 01 c5 01 c5 01 c5 01 c5 01 c5 01 c5 01 c5 01 c5 01 c5,0.06185,True,0.5869175170068028,0.989375,17.0,184.7751749732257,1.0,50.0,0.0
G,50,2012,300000,01 c5 01 c5 01 c5 01 c5 01 c5 01 c5 01 c5 01 c5 01 c5 01 c5 01 c5 01 c5 01 c5 01 c5 01 c5 01 c5 01 c5 01 c5 01 c5 01 c5 01 c5 01 c5 01 c5 01 c5 01 c5,0.05875,True,0.5869175170068028,0.989375,17.0,184.7751749732257,1.0,50.0,0.0
G,50,2012,300000,01 c5 01 c5 01 c5 01 c5 01 c5 01 c5 01 c5 01 c5 01 c5 01 c5 01 c5 01 c5 01 c5 01 c5 01 c5 01 c5 01 c5 01 c5 01 c5 01 c5 01 c5 01 c5 01 c5 01 c5 01 c5,0.05875,True,0.5869175170068028,0.989375,17.0,184.7751749732257,1.0,50.0,0.0
G,50,2013,500,01 c5 01 c5 01 c5 01 c5 01 c5 01 c5 01 c5 01 c5 01 c5 01 c5 01 c5 01 c5 01 c5 01 c5 01 c5 01 c5 01 c5 01 c5 01 c5 01 c5 01 c5 01 c5 01 c5 01 c5 01 c5,0.00275,True,0.5880229591836734,0.99,31.0,324.55826893391327,1.0,50.0,0.0
G,50,2013,900,01 c5 01 c5 01 c5 01 c5 01 c5 01 c5 01 c5 01 c5 01 c5 01 c5 01 c5 01 c5 01 c5 01 c5 01 c5 01 c5 01 c5 01 c5 01 c5 01 c5 01 c5 01 c5 01 c5 01 c5 01 c5,0.02585,True,0.5880229591836734,0.99,31.0,324.55826893391327,1.0,50.0,0.0
G,50,2013,1000,01 c5 01 c5 01 c5 01 c5 01 c5 01 c5 01 c5 01 c5 01 c5 01 c5 01 c5 01 c5 01 c5 01 c5 01 c5 01 c5 01 c5 01 c5 01 c5 01 c5 01 c5 01 c5 01 c5 01 c5 01 c5,0.03755,True,0.5880229591836734,0.99,31.0,324.55826893391327,1.0,50.0,0.0
G,50,2013,2000,11 d5 11 d5 11 d5 11 d5 11 d5 11 d5 11 d5 11 d5 11 d5 11 d5 11 d5 11 d5 11 d5 11 d5 11 d5 11 d5 11 d5 11 d5 11 d5 11 d5 11 d5 11 d5 11 d5 11 d5 11 d5,0.09715,True,0.5808078231292517,0.99375,35.0,317.0241346055114,1.0,50.0,0.0
G,50,2013,3000,11 d5 11 d5 11 d5 11 d5 11 d5 11 d5 11 d5 11 d5 11 d5 11 d5 11 d5 11 d5 11 d5 11 d5 11 d5 11 d5 11 d5 11 d5 11 d5 11 d5 11 d5 11 d5 11 d5 11 d5 11 d5,0.0675,True,0.5808078231292517,0.99375,35.0,317.0241346055114,1.0,50.0,0.0
G,50,2013,5000,11 d5 11 d5 11 d5 11 d5 11 d5 11 d5 11 d5 11 d5 11 d5 11 d5 11 d5 11 d5 11 d5 11 d5 11 d5 11 d5 11 d5 11 d5 11 d5 11 d5 11 d5 11 d5 11 d5 11 d5 11 d5,0.0446,True,0.5808078231292517,0.99375,35.0,317.0241346055114,1.0,50.0,0.0
G,50,2013,7500,11 d5 11 d5 11 d5 11 d5 11 d5 11 d5 11 d5 11 d5 11 d5 11 d5 11 d5 11 d5 11 d5 11 d5 11 d5 11 d5 11 d5 11 d5 11 d5 11 d5 11 d5 11 d5 11 d5 11 d5 11 d5,0.03315,True,0.5808078231292517,0.99375,35.0,317.0241346055114,1.0,50.0,0.0
G,50,2013,10000,11 d5 11 d5 11 d5 11 d5 11 d5 11 d5 11 d5 11 d5 11 d5 11 d5 11 d5 11 d5 11 d5 11 d5 11 d5 11 d5 11 d5 11 d5 11 d5 11 d5 11 d5 11 d5 11 d5 11 d5 11 d5,0.0287,True,0.5808078231292517,0.99375,35.0,317.0241346055114,1.0,50.0,0.0
G,50,2013,15000,11 d5 11 d5 11 d5 11 d5 11 d5 11 d5 11 d5 11 d5 11 d5 11 d5 11 d5 11 d5 11 d5 11 d5 11 d5 11 d5 11 d5 11 d5 11 d5 11 d5 11 d5 11 d5 11 d5 11 d5 11 d5,0.0337,True,0.5808078231292517,0.99375,35.0,317.0241346055114,1.0,50.0,0.0
G,50,2013,20000,11 d5 11 d5 11 d5 11 d5 11 d5 11 d5 11 d5 11 d5 11 d5 11 d5 11 d5 11 d5 11 d5 11 d5 11 d5 11 d5 11 d5 11 d5 11 d5 11 d5 11 d5 11 d5 11 d5 11 d5 11 d5,0.0373,True,0.5808078231292517,0.99375,35.0,317.0241346055114,1.0,50.0,0.0
G,50,2013,30000,11 d5 11 d5 11 d5 11 d5 11 d5 11 d5 11 d5 11 d5 11 d5 11 d5 11 d5 11 d5 11 d5 11 d5 11 d5 11 d5 11 d5 11 d5 11 d5 11 d5 11 d5 11 d5 11 d5 11 d5 11 d5,0.03445,True,0.5808078231292517,0.99375,35.0,317.0241346055114,1.0,50.0,0.0
G,50,2013,50000,11 d5 11 d5 11 d5 11 d5 11 d5 11 d5 11 d5 11 d5 11 d5 11 d5 11 d5 11 d5 11 d5 11 d5 11 d5 11 d5 11 d5 11 d5 11 d5 11 d5 11 d5 11 d5 11 d5 11 d5 11 d5,0.03595,True,0.5808078231292517,0.99375,35.0,317.0241346055114,1.0,50.0,0.0
G,50,2013,75000,01 c5 01 c5 01 c5 01 c5 01 c5 01 c5 01 c5 01 c5 01 c5 01 c5 01 c5 01 c5 01 c5 01 c5 01 c5 01 c5 01 c5 01 c5 01 c5 01 c5 01 c5 01 c5 01 c5 01 c5 01 c5,0.0394,True,0.5880229591836734,0.99,31.0,324.55826893391327,1.0,50.0,0.0
G,50,2013,100000,01 c5 01 c5 01 c5 01 c5 01 c5 01 c5 01 c5 01 c5 01 c5 01 c5 01 c5 01 c5 01 c5 01 c5 01 c5 01 c5 01 c5 01 c5 01 c5 01 c5 01 c5 01 c5 01 c5 01 c5 01 c5,0.042,True,0.5880229591836734,0.99,31.0,324.55826893391327,1.0,50.0,0.0
G,50,2013,150000,01 c5 01 c5 01 c5 01 c5 01 c5 01 c5 01 c5 01 c5 01 c5 01 c5 01 c5 01 c5 01 c5 01 c5 01 c5 01 c5 01 c5 01 c5 01 c5 01 c5 01 c5 01 c5 01 c5 01 c5 01 c5,0.0641,True,0.5880229591836734,0.99,31.0,324.55826893391327,1.0,50.0,0.0
G,50,2013,200000,01 c5 01 c5 01 c5 01 c5 01 c5 01 c5 01 c5 01 c5 01 c5 01 c5 01 c5 01 c5 01 c5 01 c5 01 c5 01 c5 01 c5 01 c5 01 c5 01 c5 01 c5 01 c5 01 c5 01 c5 01 c5,0.0625,True,0.5880229591836734,0.99,31.0,324.55826893391327,1.0,50.0,0.0
G,50,2013,300000,01 c5 01 c5 01 c5 01 c5 01 c5 01 c5 01 c5 01 c5 01 c5 01 c5 01 c5 01 c5 01 c5 01 c5 01 c5 01 c5 01 c5 01 c5 01 c5 01 c5 01 c5 01 c5 01 c5 01 c5 01 c5,0.0559,True,0.5880229591836734,0.99,31.0,324.55826893391327,1.0,50.0,0.0
G,50,2013,300000,01 c5 01 c5 01 c5 01 c5 01 c5 01 c5 01 c5 01 c5 01 c5 01 c5 01 c5 01 c5 01 c5 01 c5 01 c5 01 c5 01 c5 01 c5 01 c5 01 c5 01 c5 01 c5 01 c5 01 c5 01 c5,0.0559,True,0.5880229591836734,0.99,31.0,324.55826893391327,1.0,50.0,0.0
G,50,2014,500,01 c5 01 c5 01 c5 01 c5 01 c5 01 c5 01 c5 01 c5 01 c5 01 c5 01 c5 01 c5 01 c5 01 c5 01 c5 01 c5 01 c5 01 c5 01 c5 01 c5 01 c5 01 c5 01 c5 01 c5 01 c5,0.00325,True,0.5765545280612244,0.985625,22.0,240.68532939500915,1.0,50.0,0.0
G,50,2014,1000,01 c5 01 c5 01 c5 01 c5 01 c5 01 c5 01 c5 01 c5 01 c5 01 c5 01 c5 01 c5 01 c5 01 c5 01 c5 01 c5 01 c5 01 c5 01 c5 01 c5 01 c5 01 c5 01 c5 01 c5 01 c5,0.0105,True,0.5765545280612244,0.985625,22.0,240.68532939500915,1.0,50.0,0.0
G,50,2014,1400,01 c5 01 c5 01 c5 01 c5 01 c5 01 c5 01 c5 01 c5 01 c5 01 c5 01 c5 01 c5 01 c5 01 c5 01 c5 01 c5 01 c5 01 c5 01 c5 01 c5 01 c5 01 c5 01 c5 01 c5 01 c5,0.0365,True,0.5765545280612244,0.985625,22.0,240.68532939500915,1.0,50.0,0.0
G,50,2014,2000,01 c5 01 c5 01 c5 01 c5 01 c5 01 c5 01 c5 01 c5 01 c5 01 c5 01 c5 01 c5 01 c5 01 c5 01 c5 01 c5 01 c5 01 c5 01 c5 01 c5 01 c5 01 c5 01 c5 01 c5 01 c5,0.11605,True,0.5765545280612244,0.985625,22.0,240.68532939500915,1.0,50.0,0.0
G,50,2014,3000,01 c5 01 c5 01 c5 01 c5 01 c5 01 c5 01 c5 01 c5 01 c5 01 c5 01 c5 01 c5 01 c5 01 c5 01 c5 01 c5 01 c5 01 c5 01 c5 01 c5 01 c5 01 c5 01 c5 01 c5 01 c5,0.18675,True,0.5765545280612244,0.985625,22.0,240.68532939500915,1.0,50.0,0.0
G,50,2014,5000,01 c5 01 c5 01 c5 01 c5 01 c5 01 c5 01 c5 01 c5 01 c5 01 c5 01 c5 01 c5 01 c5 01 c5 01 c5 01 c5 01 c5 01 c5 01 c5 01 c5 01 c5 01 c5 01 c5 01 c5 01 c5,0.0567,True,0.5765545280612244,0.985625,22.0,240.68532939500915,1.0,50.0,0.0
G,50,2014,7500,01 c5 01 c5 01 c5 01 c5 01 c5 01 c5 01 c5 01 c5 01 c5 01 c5 01 c5 01 c5 01 c5 01 c5 01 c5 01 c5 01 c5 01 c5 01 c5 01 c5 01 c5 01 c5 01 c5 01 c5 01 c5,0.0614,True,0.5765545280612244,0.985625,22.0,240.68532939500915,1.0,50.0,0.0
G,50,2014,10000,01 c5 01 c5 01 c5 01 c5 01 c5 01 c5 01 c5 01 c5 01 c5 01 c5 01 c5 01 c5 01 c5 01 c5 01 c5 01 c5 01 c5 01 c5 01 c5 01 c5 01 c5 01 c5 01 c5 01 c5 01 c5,0.0593,True,0.5765545280612244,0.985625,22.0,240.68532939500915,1.0,50.0,0.0
G,50,2014,15000,01 c5 01 c5 01 c5 01 c5 01 c5 01 c5 01 c5 01 c5 01 c5 01 c5 01 c5 01 c5 01 c5 01 c5 01 c5 01 c5 01 c5 01 c5 01 c5 01 c5 01 c5 01 c5 01 c5 01 c5 01 c5,0.05715,True,0.5765545280612244,0.985625,22.0,240.68532939500915,1.0,50.0,0.0
G,50,2014,20000,01 c5 01 c5 01 c5 01 c5 01 c5 01 c5 01 c5 01 c5 01 c5 01 c5 01 c5 01 c5 01 c5 01 c5 01 c5 01 c5 01 c5 01 c5 01 c5 01 c5 01 c5 01 c5 01 c5 01 c5 01 c5,0.06135,True,0.5765545280612244,0.985625,22.0,240.68532939500915,1.0,50.0,0.0
G,50,2014,30000,01 c5 01 c5 01 c5 01 c5 01 c5 01 c5 01 c5 01 c5 01 c5 01 c5 01 c5 01 c5 01 c5 01 c5 01 c5 01 c5 01 c5 01 c5 01 c5 01 c5 01 c5 01 c5 01 c5 01 c5 01 c5,0.0597,True,0.5765545280612244,0.985625,22.0,240.68532939500915,1.0,50.0,0.0
G,50,2014,50000,01 c5 01 c5 01 c5 01 c5 01 c5 01 c5 01 c5 01 c5 01 c5 01 c5 01 c5 01 c5 01 c5 01 c5 01 c5 01 c5 01 c5 01 c5 01 c5 01 c5 01 c5 01 c5 01 c5 01 c5 01 c5,0.058,True,0.5765545280612244,0.985625,22.0,240.68532939500915,1.0,50.0,0.0
G,50,2014,75000,01 c5 01 c5 01 c5 01 c5 01 c5 01 c5 01 c5 01 c5 01 c5 01 c5 01 c5 01 c5 01 c5 01 c5 01 c5 01 c5 01 c5 01 c5 01 c5 01 c5 01 c5 01 c5 01 c5 01 c5 01 c5,0.05625,True,0.5765545280612244,0.985625,22.0,240.68532939500915,1.0,50.0,0.0
G,50,2014,100000,01 c5 01 c5 01 c5 01 c5 01 c5 01 c5 01 c5 01 c5 01 c5 01 c5 01 c5 01 c5 01 c5 01 c5 01 c5 01 c5 01 c5 01 c5 01 c5 01 c5 01 c5 01 c5 01 c5 01 c5 01 c5,0.06275,True,0.5765545280612244,0.985625,22.0,240.68532939500915,1.0,50.0,0.0
G,50,2014,150000,01 c5 01 c5 01 c5 01 c5 01 c5 01 c5 01 c5 01 c5 01 c5 01 c5 01 c5 01 c5 01 c5 01 c5 01 c5 01 c5 01 c5 01 c5 01 c5 01 c5 01 c5 01 c5 01 c5 01 c5 01 c5,0.05475,True,0.5765545280612244,0.985625,22.0,240.68532939500915,1.0,50.0,0.0
G,50,2014,200000,01 c5 01 c5 01 c5 01 c5 01 c5 01 c5 01 c5 01 c5 01 c5 01 c5 01 c5 01 c5 01 c5 01 c5 01 c5 01 c5 01 c5 01 c5 01 c5 01 c5 01 c5 01 c5 01 c5 01 c5 01 c5,0.0591,True,0.5765545280612244,0.985625,22.0,240.68532939500915,1.0,50.0,0.0
G,50,2014,300000,01 c5 01 c5 01 c5 01 c5 01 c5 01 c5 01 c5 01 c5 01 c5 01 c5 01 c5 01 c5 01 c5 01 c5 01 c5 01 c5 01 c5 01 c5 01 c5 01 c5 01 c5 01 c5 01 c5 01 c5 01 c5,0.06205,True,0.5765545280612244,0.985625,22.0,240.68532939500915,1.0,50.0,0.0
G,50,2014,300000,01 c5 01 c5 01 c5 01 c5 01 c5 01 c5 01 c5 01 c5 01 c5 01 c5 01 c5 01 c5 01 c5 01 c5 01 c5 01 c5 01 c5 01 c5 01 c5 01 c5 01 c5 01 c5 01 c5 01 c5 01 c5,0.06205,True,0.5765545280612244,0.985625,22.0,240.68532939500915,1.0,50.0,0.0
G,50,2015,500,11 d5 11 d5 11 d5 11 d5 11 d5 11 d5 11 d5 11 d5 11 d5 11 d5 11 d5 11 d5 11 d5 11 d5 11 d5 11 d5 11 d5 11 d5 11 d5 11 d5 11 d5 11 d5 11 d5 11 d5 11 d5,0.00575,True,0.560204081632653,0.9825,24.0,236.75910953196023,1.0,50.0,0.0
G,50,2015,900,11 d5 11 d5 11 d5 11 d5 11 d5 11 d5 11 d5 11 d5 11 d5 11 d5 11 d5 11 d5 11 d5 11 d5 11 d5 11 d5 11 d5 11 d5 11 d5 11 d5 11 d5 11 d5 11 d5 11 d5 11 d5,0.03305,True,0.560204081632653,0.9825,24.0,236.75910953196023,1.0,50.0,0.0
G,50,2015,1000,11 d5 11 d5 11 d5 11 d5 11 d5 11 d5 11 d5 11 d5 11 d5 11 d5 11 d5 11 d5 11 d5 11 d5 11 d5 11 d5 11 d5 11 d5 11 d5 11 d5 11 d5 11 d5 11 d5 11 d5 11 d5,0.0466,True,0.560204081632653,0.9825,24.0,236.75910953196023,1.0,50.0,0.0
G,50,2015,2000,11 d5 11 d5 11 d5 11 d5 11 d5 11 d5 11 d5 11 d5 11 d5 11 d5 11 d5 11 d5 11 d5 11 d5 11 d5 11 d5 11 d5 11 d5 11 d5 11 d5 11 d5 11 d5 11 d5 11 d5 11 d5,0.1256,True,0.560204081632653,0.9825,24.0,236.75910953196023,1.0,50.0,0.0
G,50,2015,3000,11 d5 11 d5 11 d5 11 d5 11 d5 11 d5 11 d5 11 d5 11 d5 11 d5 11 d5 11 d5 11 d5 11 d5 11 d5 11 d5 11 d5 11 d5 11 d5 11 d5 11 d5 11 d5 11 d5 11 d5 11 d5,0.0906,True,0.560204081632653,0.9825,24.0,236.75910953196023,1.0,50.0,0.0
G,50,2015,5000,11 d5 11 d5 11 d5 11 d5 11 d5 11 d5 11 d5 11 d5 11 d5 11 d5 11 d5 11 d5 11 d5 11 d5 11 d5 11 d5 11 d5 11 d5 11 d5 11 d5 11 d5 11 d5 11 d5 11 d5 11 d5,0.0755,True,0.560204081632653,0.9825,24.0,236.75910953196023,1.0,50.0,0.0
G,50,2015,7500,11 d5 11 d5 11 d5 11 d5 11 d5 11 d5 11 d5 11 d5 11 d5 11 d5 11 d5 11 d5 11 d5 11 d5 11 d5 11 d5 11 d5 11 d5 11 d5 11 d5 11 d5 11 d5 11 d5 11 d5 11 d5,0.04495,True,0.560204081632653,0.9825,24.0,236.75910953196023,1.0,50.0,0.0
G,50,2015,10000,11 d5 11 d5 11 d5 11 d5 11 d5 11 d5 11 d5 11 d5 11 d5 11 d5 11 d5 11 d5 11 d5 11 d5 11 d5 11 d5 11 d5 11 d5 11 d5 11 d5 11 d5 11 d5 11 d5 11 d5 11 d5,0.0355,True,0.560204081632653,0.9825,24.0,236.75910953196023,1.0,50.0,0.0
G,50,2015,15000,11 d5 11 d5 11 d5 11 d5 11 d5 11 d5 11 d5 11 d5 11 d5 11 d5 11 d5 11 d5 11 d5 11 d5 11 d5 11 d5 11 d5 11 d5 11 d5 11 d5 11 d5 11 d5 11 d5 11 d5 11 d5,0.0295,True,0.560204081632653,0.9825,24.0,236.75910953196023,1.0,50.0,0.0
G,50,2015,20000,11 d5 11 d5 11 d5 11 d5 11 d5 11 d5 11 d5 11 d5 11 d5 11 d5 11 d5 11 d5 11 d5 11 d5 11 d5 11 d5 11 d5 11 d5 11 d5 11 d5 11 d5 11 d5 11 d5 11 d5 11 d5,0.03255,True,0.560204081632653,0.9825,24.0,236.75910953196023,1.0,50.0,0.0
G,50,2015,30000,01 c5 01 c5 01 c5 01 c5 01 c5 01 c5 01 c5 01 c5 01 c5 01 c5 01 c5 01 c5 01 c5 01 c5 01 c5 01 c5 01 c5 01 c5 01 c5 01 c5 01 c5 01 c5 01 c5 01 c5 01 c5,0.03145,True,0.4574484481292517,0.985,23.0,230.70230296693774,1.0,50.0,0.0
G,50,2015,50000,01 c5 01 c5 01 c5 01 c5 01 c5 01 c5 01 c5 01 c5 01 c5 01 c5 01 c5 01 c5 01 c5 01 c5 01 c5 01 c5 01 c5 01 c5 01 c5 01 c5 01 c5 01 c5 01 c5 01 c5 01 c5,0.0285,True,0.4574484481292517,0.985,23.0,230.70230296693774,1.0,50.0,0.0
G,50,2015,75000,01 c5 01 c5 01 c5 01 c5 01 c5 01 c5 01 c5 01 c5 01 c5 01 c5 01 c5 01 c5 01 c5 01 c5 01 c5 01 c5 01 c5 01 c5 01 c5 01 c5 01 c5 01 c5 01 c5 01 c5 01 c5,0.04035,True,0.4574484481292517,0.985,23.0,230.70230296693774,1.0,50.0,0.0
G,50,2015,100000,01 c5 01 c5 01 c5 01 c5 01 c5 01 c5 01 c5 01 c5 01 c5 01 c5 01 c5 01 c5 01 c5 01 c5 01 c5 01 c5 01 c5 01 c5 01 c5 01 c5 01 c5 01 c5 01 c5 01 c5 01 c5,0.04485,True,0.4574484481292517,0.985,23.0,230.70230296693774,1.0,50.0,0.0
G,50,2015,150000,01 c5 01 c5 01 c5 01 c5 01 c5 01 c5 01 c5 01 c5 01 c5 01 c5 01 c5 01 c5 01 c5 01 c5 01 c5 01 c5 01 c5 01 c5 01 c5 01 c5 01 c5 01 c5 01 c5 01 c5 01 c5,0.05305,True,0.4574484481292517,0.985,23.0,230.70230296693774,1.0,50.0,0.0
G,50,2015,200000,01 c5 01 c5 01 c5 01 c5 01 c5 01 c5 01 c5 01 c5 01 c5 01 c5 01 c5 01 c5 01 c5 01 c5 01 c5 01 c5 01 c5 01 c5 01 c5 01 c5 01 c5 01 c5 01 c5 01 c5 01 c5,0.0622,True,0.4574484481292517,0.985,23.0,230.70230296693774,1.0,50.0,0.0
G,50,2015,300000,01 c5 01 c5 01 c5 01 c5 01 c5 01 c5 01 c5 01 c5 01 c5 01 c5 01 c5 01 c5 01 c5 01 c5 01 c5 01 c5 01 c5 01 c5 01 c5 01 c5 01 c5 01 c5 01 c5 01 c5 01 c5,0.0576,True,0.4574484481292517,0.985,23.0,230.70230296693774,1.0,50.0,0.0
G,50,2015,300000,01 c5 01 c5 01 c5 01 c5 01 c5 01 c5 01 c5 01 c5 01 c5 01 c5 01 c5 01 c5 01 c5 01 c5 01 c5 01 c5 01 c5 01 c5 01 c5 01 c5 01 c5 01 c5 01 c5 01 c5 01 c5,0.0576,True,0.4574484481292517,0.985,23.0,230.70230296693774,1.0,50.0,0.0
G,50,2016,500,21 e5 21 e5 21 e5 21 e5 21 e5 21 e5 21 e5 21 e5 21 e5 21 e5 21 e5 21 e5 21 e5 21 e5 21 e5 21 e5 21 e5 21 e5 21 e5 21 e5 21 e5 21 e5 21 e5 21 e5 21 e5,0.01045,True,0.7315545280612245,0.993125,24.0,248.5932058807348,1.0,50.0,0.0
G,50,2016,800,21 e5 21 e5 21 e5 21 e5 21 e5 21 e5 21 e5 21 e5 21 e5 21 e5 21 e5 21 e5 21 e5 21 e5 21 e5 21 e5 21 e5 21 e5 21 e5 21 e5 21 e5 21 e5 21 e5 21 e5 21 e5,0.03385,True,0.7315545280612245,0.993125,24.0,248.5932058807348,1.0,50.0,0.0
G,50,2016,1000,21 e5 21 e5 21 e5 21 e5 21 e5 21 e5 21 e5 21 e5 21 e5 21 e5 21 e5 21 e5 21 e5 21 e5 21 e5 21 e5 21 e5 21 e5 21 e5 21 e5 21 e5 21 e5 21 e5 21 e5 21 e5,0.05985,True,0.7315545280612245,0.993125,24.0,248.5932058807348,1.0,50.0,0.0
G,50,2016,2000,21 e5 21 e5 21 e5 21 e5 21 e5 21 e5 21 e5 21 e5 21 e5 21 e5 21 e5 21 e5 21 e5 21 e5 21 e5 21 e5 21 e5 21 e5 21 e5 21 e5 21 e5 21 e5 21 e5 21 e5 21 e5,0.1737,True,0.7315545280612245,0.993125,24.0,248.5932058807348,1.0,50.0,0.0
G,50,2016,3000,21 e5 21 e5 21 e5 21 e5 21 e5 21 e5 21 e5 21 e5 21 e5 21 e5 21 e5 21 e5 21 e5 21 e5 21 e5 21 e5 21 e5 21 e5 21 e5 21 e5 21 e5 21 e5 21 e5 21 e5 21 e5,0.11975,True,0.7315545280612245,0.993125,24.0,248.5932058807348,1.0,50.0,0.0
G,50,2016,5000,21 e5 21 e5 21 e5 21 e5 21 e5 21 e5 21 e5 21 e5 21 e5 21 e5 21 e5 21 e5 21 e5 21 e5 21 e5 21 e5 21 e5 21 e5 21 e5 21 e5 21 e5 21 e5 21 e5 21 e5 21 e5,0.06515,True,0.7315545280612245,0.993125,24.0,248.5932058807348,1.0,50.0,0.0
G,50,2016,7500,21 e5 21 e5 21 e5 21 e5 21 e5 21 e5 21 e5 21 e5 21 e5 21 e5 21 e5 21 e5 21 e5 21 e5 21 e5 21 e5 21 e5 21 e5 21 e5 21 e5 21 e5 21 e5 21 e5 21 e5 21 e5,0.0487,True,0.7315545280612245,0.993125,24.0,248.5932058807348,1.0,50.0,0.0
G,50,2016,10000,21 e5 21 e5 21 e5 21 e5 21 e5 21 e5 21 e5 21 e5 21 e5 21 e5 21 e5 21 e5 21 e5 21 e5 21 e5 21 e5 21 e5 21 e5 21 e5 21 e5 21 e5 21 e5 21 e5 21 e5 21 e5,0.0516,True,0.7315545280612245,0.993125,24.0,248.5932058807348,1.0,50.0,0.0
G,50,2016,15000,21 e5 21 e5 21 e5 21 e5 21 e5 21 e5 21 e5 21 e5 21 e5 21 e5 21 e5 21 e5 21 e5 21 e5 21 e5 21 e5 21 e5 21 e5 21 e5 21 e5 21 e5 21 e5 21 e5 21 e5 21 e5,0.05785,True,0.7315545280612245,0.993125,24.0,248.5932058807348,1.0,50.0,0.0
G,50,2016,20000,21 e5 21 e5 21 e5 21 e5 21 e5 21 e5 21 e5 21 e5 21 e5 21 e5 21 e5 21 e5 21 e5 21 e5 21 e5 21 e5 21 e5 21 e5 21 e5 21 e5 21 e5 21 e5 21 e5 21 e5 21 e5,0.05715,True,0.7315545280612245,0.993125,24.0,248.5932058807348,1.0,50.0,0.0
G,50,2016,30000,21 e5 21 e5 21 e5 21 e5 21 e5 21 e5 21 e5 21 e5 21 e5 21 e5 21 e5 21 e5 21 e5 21 e5 21 e5 21 e5 21 e5 21 e5 21 e5 21 e5 21 e5 21 e5 21 e5 21 e5 21 e5,0.0609,True,0.7315545280612245,0.993125,24.0,248.5932058807348,1.0,50.0,0.0
G,50,2016,50000,21 e5 21 e5 21 e5 21 e5 21 e5 21 e5 21 e5 21 e5 21 e5 21 e5 21 e5 21 e5 21 e5 21 e5 21 e5 21 e5 21 e5 21 e5 21 e5 21 e5 21 e5 21 e5 21 e5 21 e5 21 e5,0.06395,True,0.7315545280612245,0.993125,24.0,248.5932058807348,1.0,50.0,0.0
G,50,2016,75000,21 e5 21 e5 21 e5 21 e5 21 e5 21 e5 21 e5 21 e5 21 e5 21 e5 21 e5 21 e5 21 e5 21 e5 21 e5 21 e5 21 e5 21 e5 21 e5 21 e5 21 e5 21 e5 21 e5 21 e5 21 e5,0.0654,True,0.7315545280612245,0.993125,24.0,248.5932058807348,1.0,50.0,0.0
G,50,2016,100000,21 e5 21 e5 21 e5 21 e5 21 e5 21 e5 21 e5 21 e5 21 e5 21 e5 21 e5 21 e5 21 e5 21 e5 21 e5 21 e5 21 e5 21 e5 21 e5 21 e5 21 e5 21 e5 21 e5 21 e5 21 e5,0.06,True,0.7315545280612245,0.993125,24.0,248.5932058807348,1.0,50.0,0.0
G,50,2016,150000,21 e5 21 e5 21 e5 21 e5 21 e5 21 e5 21 e5 21 e5 21 e5 21 e5 21 e5 21 e5 21 e5 21 e5 21 e5 21 e5 21 e5 21 e5 21 e5 21 e5 21 e5 21 e5 21 e5 21 e5 21 e5,0.066,True,0.7315545280612245,0.993125,24.0,248.5932058807348,1.0,50.0,0.0
G,50,2016,200000,21 e5 21 e5 21 e5 21 e5 21 e5 21 e5 21 e5 21 e5 21 e5 21 e5 21 e5 21 e5 21 e5 21 e5 21 e5 21 e5 21 e5 21 e5 21 e5 21 e5 21 e5 21 e5 21 e5 21 e5 21 e5,0.0632,True,0.7315545280612245,0.993125,24.0,248.5932058807348,1.0,50.0,0.0
G,50,2016,300000,21 e5 21 e5 21 e5 21 e5 21 e5 21 e5 21 e5 21 e5 21 e5 21 e5 21 e5 21 e5 21 e5 21 e5 21 e5 21 e5 21 e5 21 e5 21 e5 21 e5 21 e5 21 e5 21 e5 21 e5 21 e5,0.06005,True,0.7315545280612245,0.993125,24.0,248.5932058807348,1.0,50.0,0.0
G,50,2016,300000,21 e5 21 e5 21 e5 21 e5 21 e5 21 e5 21 e5 21 e5 21 e5 21 e5 21 e5 21 e5 21 e5 21 e5 21 e5 21 e5 21 e5 21 e5 21 e5 21 e5 21 e5 21 e5 21 e5 21 e5 21 e5,0.06005,True,0.7315545280612245,0.993125,24.0,248.5932058807348,1.0,50.0,0.0
G,50,2017,500,00 05 00 05 00 05 00 05 00 05 00 05 00 05 00 05 00 05 00 05 00 05 00 05 00 05 00 05 00 05 00 05 00 05 00 05 00 05 00 05 00 05 00 05 00 05 00 05 00 00,0.0015,False,0.08894185799319729,0.0,0.0,0.0,1.0,50.0,0.0
G,50,2017,1000,01 c5 01 c5 01 c5 01 c5 01 c5 01 c5 01 c5 01 c5 01 c5 01 c5 01 c5 01 c5 01 c5 01 c5 01 c5 01 c5 01 c5 01 c5 01 c5 01 c5 01 c5 01 c5 01 c5 01 c5 01 c5,0.01995,True,0.5633529974489796,0.984375,26.0,315.77855638317374,1.0,50.0,0.0
G,50,2017,1050,01 c5 01 c5 01 c5 01 c5 01 c5 01 c5 01 c5 01 c5 01 c5 01 c5 01 c5 01 c5 01 c5 01 c5 01 c5 01 c5 01 c5 01 c5 01 c5 01 c5 01 c5 01 c5 01 c5 01 c5 01 c5,0.03305,True,0.5633529974489796,0.984375,26.0,315.77855638317374,1.0,50.0,0.0
G,50,2017,2000,01 c5 01 c5 01 c5 01 c5 01 c5 01 c5 01 c5 01 c5 01 c5 01 c5 01 c5 01 c5 01 c5 01 c5 01 c5 01 c5 01 c5 01 c5 01 c5 01 c5 01 c5 01 c5 01 c5 01 c5 01 c5,0.19675,True,0.5633529974489796,0.984375,26.0,315.77855638317374,1.0,50.0,0.0
G,50,2017,3000,01 c5 01 c5 01 c5 01 c5 01 c5 01 c5 01 c5 01 c5 01 c5 01 c5 01 c5 01 c5 01 c5 01 c5 01 c5 01 c5 01 c5 01 c5 01 c5 01 c5 01 c5 01 c5 01 c5 01 c5 01 c5,0.17295,True,0.5633529974489796,0.984375,26.0,315.77855638317374,1.0,50.0,0.0
G,50,2017,5000,01 c5 01 c5 01 c5 01 c5 01 c5 01 c5 01 c5 01 c5 01 c5 01 c5 01 c5 01 c5 01 c5 01 c5 01 c5 01 c5 01 c5 01 c5 01 c5 01 c5 01 c5 01 c5 01 c5 01 c5 01 c5,0.0697,True,0.5633529974489796,0.984375,26.0,315.77855638317374,1.0,50.0,0.0
G,50,2017,7500,01 c5 01 c5 01 c5 01 c5 01 c5 01 c5 01 c5 01 c5 01 c5 01 c5 01 c5 01 c5 01 c5 01 c5 01 c5 01 c5 01 c5 01 c5 01 c5 01 c5 01 c5 01 c5 01 c5 01 c5 01 c5,0.0631,True,0.5633529974489796,0.984375,26.0,315.77855638317374,1.0,50.0,0.0
G,50,2017,10000,01 c5 01 c5 01 c5 01 c5 01 c5 01 c5 01 c5 01 c5 01 c5 01 c5 01 c5 01 c5 01 c5 01 c5 01 c5 01 c5 01 c5 01 c5 01 c5 01 c5 01 c5 01 c5 01 c5 01 c5 01 c5,0.0644,True,0.5633529974489796,0.984375,26.0,315.77855638317374,1.0,50.0,0.0
G,50,2017,15000,01 c5 01 c5 01 c5 01 c5 01 c5 01 c5 01 c5 01 c5 01 c5 01 c5 01 c5 01 c5 01 c5 01 c5 01 c5 01 c5 01 c5 01 c5 01 c5 01 c5 01 c5 01 c5 01 c5 01 c5 01 c5,0.0626,True,0.5633529974489796,0.984375,26.0,315.77855638317374,1.0,50.0,0.0
G,50,2017,20000,01 c5 01 c5 01 c5 01 c5 01 c5 01 c5 01 c5 01 c5 01 c5 01 c5 01 c5 01 c5 01 c5 01 c5 01 c5 01 c5 01 c5 01 c5 01 c5 01 c5 01 c5 01 c5 01 c5 01 c5 01 c5,0.0599,True,0.5633529974489796,0.984375,26.0,315.77855638317374,1.0,50.0,0.0
G,50,2017,30000,01 c5 01 c5 01 c5 01 c5 01 c5 01 c5 01 c5 01 c5 01 c5 01 c5 01 c5 01 c5 01 c5 01 c5 01 c5 01 c5 01 c5 01 c5 01 c5 01 c5 01 c5 01 c5 01 c5 01 c5 01 c5,0.0582,True,0.5633529974489796,0.984375,26.0,315.77855638317374,1.0,50.0,0.0
G,50,2017,50000,01 c5 01 c5 01 c5 01 c5 01 c5 01 c5 01 c5 01 c5 01 c5 01 c5 01 c5 01 c5 01 c5 01 c5 01 c5 01 c5 01 c5 01 c5 01 c5 01 c5 01 c5 01 c5 01 c5 01 c5 01 c5,0.0586,True,0.5633529974489796,0.984375,26.0,315.77855638317374,1.0,50.0,0.0
G,50,2017,75000,01 c5 01 c5 01 c5 01 c5 01 c5 01 c5 01 c5 01 c5 01 c5 01 c5 01 c5 01 c5 01 c5 01 c5 01 c5 01 c5 01 c5 01 c5 01 c5 01 c5 01 c5 01 c5 01 c5 01 c5 01 c5,0.05895,True,0.5633529974489796,0.984375,26.0,315.77855638317374,1.0,50.0,0.0
G,50,2017,100000,01 c5 01 c5 01 c5 01 c5 01 c5 01 c5 01 c5 01 c5 01 c5 01 c5 01 c5 01 c5 01 c5 01 c5 01 c5 01 c5 01 c5 01 c5 01 c5 01 c5 01 c5 01 c5 01 c5 01 c5 01 c5,0.057,True,0.5633529974489796,0.984375,26.0,315.77855638317374,1.0,50.0,0.0
G,50,2017,150000,01 c5 01 c5 01 c5 01 c5 01 c5 01 c5 01 c5 01 c5 01 c5 01 c5 01 c5 01 c5 01 c5 01 c5 01 c5 01 c5 01 c5 01 c5 01 c5 01 c5 01 c5 01 c5 01 c5 01 c5 01 c5,0.0588,True,0.5633529974489796,0.984375,26.0,315.77855638317374,1.0,50.0,0.0
G,50,2017,200000,01 c5 01 c5 01 c5 01 c5 01 c5 01 c5 01 c5 01 c5 01 c5 01 c5 01 c5 01 c5 01 c5 01 c5 01 c5 01 c5 01 c5 01 c5 01 c5 01 c5 01 c5 01 c5 01 c5 01 c5 01 c5,0.06485,True,0.5633529974489796,0.984375,26.0,315.77855638317374,1.0,50.0,0.0
G,50,2017,300000,01 c5 01 c5 01 c5 01 c5 01 c5 01 c5 01 c5 01 c5 01 c5 01 c5 01 c5 01 c5 01 c5 01 c5 01 c5 01 c5 01 c5 01 c5 01 c5 01 c5 01 c5 01 c5 01 c5 01 c5 01 c5,0.05995,True,0.5633529974489796,0.984375,26.0,315.77855638317374,1.0,50.0,0.0
G,50,2017,300000,01 c5 01 c5 01 c5 01 c5 01 c5 01 c5 01 c5 01 c5 01 c5 01 c5 01 c5 01 c5 01 c5 01 c5 01 c5 01 c5 01 c5 01 c5 01 c5 01 c5 01 c5 01 c5 01 c5 01 c5 01 c5,0.05995,True,0.5633529974489796,0.984375,26.0,315.77855638317374,1.0,50.0,0.0
G,50,2018,500,00 05 00 05 00 05 00 05 00 05 00 05 00 05 00 05 00 05 00 05 00 05 00 05 00 05 00 05 00 05 00 05 00 05 00 05 00 05 00 05 00 05 00 05 00 05 00 05 00 00,0.00155,False,0.0530984268707483,0.0,0.0,0.0,1.0,50.0,0.0
G,50,2018,1000,00 04 00 04 00 04 00 04 00 04 00 04 00 04 00 04 00 04 00 04 00 04 00 04 00 04 00 04 00 04 00 04 00 04 00 04 00 04 00 04 00 04 00 04 00 04 00 04 00 00,0.00145,False,0.05139083758503401,0.0,0.0,0.0,1.0,50.0,0.0
G,50,2018,2000,21 e5 21 e5 21 e5 21 e5 21 e5 21 e5 21 e5 21 e5 21 e5 21 e5 21 e5 21 e5 21 e5 21 e5 21 e5 21 e5 21 e5 21 e5 21 e5 21 e5 21 e5 21 e5 21 e5 21 e5 21 e5,0.00375,True,0.597327806122449,0.99125,26.0,292.1598743010169,1.0,50.0,0.0
G,50,2018,2700,21 e5 21 e5 21 e5 21 e5 21 e5 21 e5 21 e5 21 e5 21 e5 21 e5 21 e5 21 e5 21 e5 21 e5 21 e5 21 e5 21 e5 21 e5 21 e5 21 e5 21 e5 21 e5 21 e5 21 e5 21 e5,0.0293,True,0.597327806122449,0.99125,26.0,292.1598743010169,1.0,50.0,0.0
G,50,2018,3000,21 e5 21 e5 21 e5 21 e5 21 e5 21 e5 21 e5 21 e5 21 e5 21 e5 21 e5 21 e5 21 e5 21 e5 21 e5 21 e5 21 e5 21 e5 21 e5 21 e5 21 e5 21 e5 21 e5 21 e5 21 e5,0.04135,True,0.597327806122449,0.99125,26.0,292.1598743010169,1.0,50.0,0.0
G,50,2018,5000,21 e5 21 e5 21 e5 21 e5 21 e5 21 e5 21 e5 21 e5 21 e5 21 e5 21 e5 21 e5 21 e5 21 e5 21 e5 21 e5 21 e5 21 e5 21 e5 21 e5 21 e5 21 e5 21 e5 21 e5 21 e5,0.04245,True,0.597327806122449,0.99125,26.0,292.1598743010169,1.0,50.0,0.0
G,50,2018,7500,21 e5 21 e5 21 e5 21 e5 21 e5 21 e5 21 e5 21 e5 21 e5 21 e5 21 e5 21 e5 21 e5 21 e5 21 e5 21 e5 21 e5 21 e5 21 e5 21 e5 21 e5 21 e5 21 e5 21 e5 21 e5,0.03865,True,0.597327806122449,0.99125,26.0,292.1598743010169,1.0,50.0,0.0
G,50,2018,10000,21 e5 21 e5 21 e5 21 e5 21 e5 21 e5 21 e5 21 e5 21 e5 21 e5 21 e5 21 e5 21 e5 21 e5 21 e5 21 e5 21 e5 21 e5 21 e5 21 e5 21 e5 21 e5 21 e5 21 e5 21 e5,0.0448,True,0.597327806122449,0.99125,26.0,292.1598743010169,1.0,50.0,0.0
G,50,2018,15000,21 e5 21 e5 21 e5 21 e5 21 e5 21 e5 21 e5 21 e5 21 e5 21 e5 21 e5 21 e5 21 e5 21 e5 21 e5 21 e5 21 e5 21 e5 21 e5 21 e5 21 e5 21 e5 21 e5 21 e5 21 e5,0.04835,True,0.597327806122449,0.99125,26.0,292.1598743010169,1.0,50.0,0.0
G,50,2018,20000,21 e5 21 e5 21 e5 21 e5 21 e5 21 e5 21 e5 21 e5 21 e5 21 e5 21 e5 21 e5 21 e5 21 e5 21 e5 21 e5 21 e5 21 e5 21 e5 21 e5 21 e5 21 e5 21 e5 21 e5 21 e5,0.0541,True,0.597327806122449,0.99125,26.0,292.1598743010169,1.0,50.0,0.0
G,50,2018,30000,21 e5 21 e5 21 e5 21 e5 21 e5 21 e5 21 e5 21 e5 21 e5 21 e5 21 e5 21 e5 21 e5 21 e5 21 e5 21 e5 21 e5 21 e5 21 e5 21 e5 21 e5 21 e5 21 e5 21 e5 21 e5,0.0648,True,0.597327806122449,0.99125,26.0,292.1598743010169,1.0,50.0,0.0
G,50,2018,50000,21 e5 21 e5 21 e5 21 e5 21 e5 21 e5 21 e5 21 e5 21 e5 21 e5 21 e5 21 e5 21 e5 21 e5 21 e5 21 e5 21 e5 21 e5 21 e5 21 e5 21 e5 21 e5 21 e5 21 e5 21 e5,0.06515,True,0.597327806122449,0.99125,26.0,292.1598743010169,1.0,50.0,0.0
G,50,2018,75000,21 e5 21 e5 21 e5 21 e5 21 e5 21 e5 21 e5 21 e5 21 e5 21 e5 21 e5 21 e5 21 e5 21 e5 21 e5 21 e5 21 e5 21 e5 21 e5 21 e5 21 e5 21 e5 21 e5 21 e5 21 e5,0.0631,True,0.597327806122449,0.99125,26.0,292.1598743010169,1.0,50.0,0.0
G,50,2018,100000,21 e5 21 e5 21 e5 21 e5 21 e5 21 e5 21 e5 21 e5 21 e5 21 e5 21 e5 21 e5 21 e5 21 e5 21 e5 21 e5 21 e5 21 e5 21 e5 21 e5 21 e5 21 e5 21 e5 21 e5 21 e5,0.06295,True,0.597327806122449,0.99125,26.0,292.1598743010169,1.0,50.0,0.0
G,50,2018,150000,21 e5 21 e5 21 e5 21 e5 21 e5 21 e5 21 e5 21 e5 21 e5 21 e5 21 e5 21 e5 21 e5 21 e5 21 e5 21 e5 21 e5 21 e5 21 e5 21 e5 21 e5 21 e5 21 e5 21 e5 21 e5,0.0624,True,0.597327806122449,0.99125,26.0,292.1598743010169,1.0,50.0,0.0
G,50,2018,200000,21 e5 21 e5 21 e5 21 e5 21 e5 21 e5 21 e5 21 e5 21 e5 21 e5 21 e5 21 e5 21 e5 21 e5 21 e5 21 e5 21 e5 21 e5 21 e5 21 e5 21 e5 21 e5 21 e5 21 e5 21 e5,0.06015,True,0.597327806122449,0.99125,26.0,292.1598743010169,1.0,50.0,0.0
G,50,2018,300000,21 e5 21 e5 21 e5 21 e5 21 e5 21 e5 21 e5 21 e5 21 e5 21 e5 21 e5 21 e5 21 e5 21 e5 21 e5 21 e5 21 e5 21 e5 21 e5 21 e5 21 e5 21 e5 21 e5 21 e5 21 e5,0.05825,True,0.597327806122449,0.99125,26.0,292.1598743010169,1.0,50.0,0.0
G,50,2018,300000,21 e5 21 e5 21 e5 21 e5 21 e5 21 e5 21 e5 21 e5 21 e5 21 e5 21 e5 21 e5 21 e5 21 e5 21 e5 21 e5 21 e5 21 e5 21 e5 21 e5 21 e5 21 e5 21 e5 21 e5 21 e5,0.05825,True,0.597327806122449,0.99125,26.0,292.1598743010169,1.0,50.0,0.0
G,50,2019,500,01 c5 01 c5 01 c5 01 c5 01 c5 01 c5 01 c5 01 c5 01 c5 01 c5 01 c5 01 c5 01 c5 01 c5 01 c5 01 c5 01 c5 01 c5 01 c5 01 c5 01 c5 01 c5 01 c5 01 c5 01 c5,0.0036,True,0.5923713860544217,0.9875,21.0,253.56714206590303,1.0,50.0,0.0
G,50,2019,1000,11 d5 11 d5 11 d5 11 d5 11 d5 11 d5 11 d5 11 d5 11 d5 11 d5 11 d5 11 d5 11 d5 11 d5 11 d5 11 d5 11 d5 11 d5 11 d5 11 d5 11 d5 11 d5 11 d5 11 d5 11 d5,0.03295,True,0.596551667209437,0.988125,24.0,266.7000366796005,1.0,50.0,0.0
G,50,2019,1000,11 d5 11 d5 11 d5 11 d5 11 d5 11 d5 11 d5 11 d5 11 d5 11 d5 11 d5 11 d5 11 d5 11 d5 11 d5 11 d5 11 d5 11 d5 11 d5 11 d5 11 d5 11 d5 11 d5 11 d5 11 d5,0.03295,True,0.596551667209437,0.988125,24.0,266.7000366796005,1.0,50.0,0.0
G,50,2019,2000,01 c5 01 c5 01 c5 01 c5 01 c5 01 c5 01 c5 01 c5 01 c5 01 c5 01 c5 01 c5 01 c5 01 c5 01 c5 01 c5 01 c5 01 c5 01 c5 01 c5 01 c5 01 c5 01 c5 01 c5 01 c5,0.12665,True,0.5923713860544217,0.9875,21.0,253.56714206590303,1.0,50.0,0.0
G,50,2019,3000,01 c5 01 c5 01 c5 01 c5 01 c5 01 c5 01 c5 01 c5 01 c5 01 c5 01 c5 01 c5 01 c5 01 c5 01 c5 01 c5 01 c5 01 c5 01 c5 01 c5 01 c5 01 c5 01 c5 01 c5 01 c5,0.0926,True,0.5923713860544217,0.9875,21.0,253.56714206590303,1.0,50.0,0.0
G,50,2019,5000,01 c5 01 c5 01 c5 01 c5 01 c5 01 c5 01 c5 01 c5 01 c5 01 c5 01 c5 01 c5 01 c5 01 c5 01 c5 01 c5 01 c5 01 c5 01 c5 01 c5 01 c5 01 c5 01 c5 01 c5 01 c5,0.0418,True,0.5923713860544217,0.9875,21.0,253.56714206590303,1.0,50.0,0.0
G,50,2019,7500,01 c5 01 c5 01 c5 01 c5 01 c5 01 c5 01 c5 01 c5 01 c5 01 c5 01 c5 01 c5 01 c5 01 c5 01 c5 01 c5 01 c5 01 c5 01 c5 01 c5 01 c5 01 c5 01 c5 01 c5 01 c5,0.0385,True,0.5923713860544217,0.9875,21.0,253.56714206590303,1.0,50.0,0.0
G,50,2019,10000,01 c5 01 c5 01 c5 01 c5 01 c5 01 c5 01 c5 01 c5 01 c5 01 c5 01 c5 01 c5 01 c5 01 c5 01 c5 01 c5 01 c5 01 c5 01 c5 01 c5 01 c5 01 c5 01 c5 01 c5 01 c5,0.0398,True,0.5923713860544217,0.9875,21.0,253.56714206590303,1.0,50.0,0.0
G,50,2019,15000,01 c5 01 c5 01 c5 01 c5 01 c5 01 c5 01 c5 01 c5 01 c5 01 c5 01 c5 01 c5 01 c5 01 c5 01 c5 01 c5 01 c5 01 c5 01 c5 01 c5 01 c5 01 c5 01 c5 01 c5 01 c5,0.0423,True,0.5923713860544217,0.9875,21.0,253.56714206590303,1.0,50.0,0.0
G,50,2019,20000,01 c5 01 c5 01 c5 01 c5 01 c5 01 c5 01 c5 01 c5 01 c5 01 c5 01 c5 01 c5 01 c5 01 c5 01 c5 01 c5 01 c5 01 c5 01 c5 01 c5 01 c5 01 c5 01 c5 01 c5 01 c5,0.04595,True,0.5923713860544217,0.9875,21.0,253.56714206590303,1.0,50.0,0.0
G,50,2019,30000,01 c5 01 c5 01 c5 01 c5 01 c5 01 c5 01 c5 01 c5 01 c5 01 c5 01 c5 01 c5 01 c5 01 c5 01 c5 01 c5 01 c5 01 c5 01 c5 01 c5 01 c5 01 c5 01 c5 01 c5 01 c5,0.05165,True,0.5923713860544217,0.9875,21.0,253.56714206590303,1.0,50.0,0.0
G,50,2019,50000,01 c5 01 c5 01 c5 01 c5 01 c5 01 c5 01 c5 01 c5 01 c5 01 c5 01 c5 01 c5 01 c5 01 c5 01 c5 01 c5 01 c5 01 c5 01 c5 01 c5 01 c5 01 c5 01 c5 01 c5 01 c5,0.05355,True,0.5923713860544217,0.9875,21.0,253.56714206590303,1.0,50.0,0.0
G,50,2019,75000,01 c5 01 c5 01 c5 01 c5 01 c5 01 c5 01 c5 01 c5 01 c5 01 c5 01 c5 01 c5 01 c5 01 c5 01 c5 01 c5 01 c5 01 c5 01 c5 01 c5 01 c5 01 c5 01 c5 01 c5 01 c5,0.06425,True,0.5923713860544217,0.9875,21.0,253.56714206590303,1.0,50.0,0.0
G,50,2019,100000,01 c5 01 c5 01 c5 01 c5 01 c5 01 c5 01 c5 01 c5 01 c5 01 c5 01 c5 01 c5 01 c5 01 c5 01 c5 01 c5 01 c5 01 c5 01 c5 01 c5 01 c5 01 c5 01 c5 01 c5 01 c5,0.0595,True,0.5923713860544217,0.9875,21.0,253.56714206590303,1.0,50.0,0.0
G,50,2019,150000,01 c5 01 c5 01 c5 01 c5 01 c5 01 c5 01 c5 01 c5 01 c5 01 c5 01 c5 01 c5 01 c5 01 c5 01 c5 01 c5 01 c5 01 c5 01 c5 01 c5 01 c5 01 c5 01 c5 01 c5 01 c5,0.05755,True,0.5923713860544217,0.9875,21.0,253.56714206590303,1.0,50.0,0.0
G,50,2019,200000,01 c5 01 c5 01 c5 01 c5 01 c5 01 c5 01 c5 01 c5 01 c5 01 c5 01 c5 01 c5 01 c5 01 c5 01 c5 01 c5 01 c5 01 c5 01 c5 01 c5 01 c5 01 c5 01 c5 01 c5 01 c5,0.06185,True,0.5923713860544217,0.9875,21.0,253.56714206590303,1.0,50.0,0.0
G,50,2019,300000,01 c5 01 c5 01 c5 01 c5 01 c5 01 c5 01 c5 01 c5 01 c5 01 c5 01 c5 01 c5 01 c5 01 c5 01 c5 01 c5 01 c5 01 c5 01 c5 01 c5 01 c5 01 c5 01 c5 01 c5 01 c5,0.0645,True,0.5923713860544217,0.9875,21.0,253.56714206590303,1.0,50.0,0.0
G,50,2019,300000,01 c5 01 c5 01 c5 01 c5 01 c5 01 c5 01 c5 01 c5 01 c5 01 c5 01 c5 01 c5 01 c5 01 c5 01 c5 01 c5 01 c5 01 c5 01 c5 01 c5 01 c5 01 c5 01 c5 01 c5 01 c5,0.0645,True,0.5923713860544217,0.9875,21.0,253.56714206590303,1.0,50.0,0.0
G,50,2020,500,01 c5 01 c5 01 c5 01 c5 01 c5 01 c5 01 c5 01 c5 01 c5 01 c5 01 c5 01 c5 01 c5 01 c5 01 c5 01 c5 01 c5 01 c5 01 c5 01 c5 01 c5 01 c5 01 c5 01 c5 01 c5,0.0013,True,0.6204580981328702,0.98625,22.0,256.1189433400775,1.0,50.0,0.0
G,50,2020,900,01 c5 01 c5 01 c5 01 c5 01 c5 01 c5 01 c5 01 c5 01 c5 01 c5 01 c5 01 c5 01 c5 01 c5 01 c5 01 c5 01 c5 01 c5 01 c5 01 c5 01 c5 01 c5 01 c5 01 c5 01 c5,0.0276,True,0.6204580981328702,0.98625,22.0,256.1189433400775,1.0,50.0,0.0
G,50,2020,1000,01 c5 01 c5 01 c5 01 c5 01 c5 01 c5 01 c5 01 c5 01 c5 01 c5 01 c5 01 c5 01 c5 01 c5 01 c5 01 c5 01 c5 01 c5 01 c5 01 c5 01 c5 01 c5 01 c5 01 c5 01 c5,0.04485,True,0.6204580981328702,0.98625,22.0,256.1189433400775,1.0,50.0,0.0
G,50,2020,2000,01 c5 01 c5 01 c5 01 c5 01 c5 01 c5 01 c5 01 c5 01 c5 01 c5 01 c5 01 c5 01 c5 01 c5 01 c5 01 c5 01 c5 01 c5 01 c5 01 c5 01 c5 01 c5 01 c5 01 c5 01 c5,0.19175,True,0.6204580981328702,0.98625,22.0,256.1189433400775,1.0,50.0,0.0
G,50,2020,3000,01 c5 01 c5 01 c5 01 c5 01 c5 01 c5 01 c5 01 c5 01 c5 01 c5 01 c5 01 c5 01 c5 01 c5 01 c5 01 c5 01 c5 01 c5 01 c5 01 c5 01 c5 01 c5 01 c5 01 c5 01 c5,0.1882,True,0.6204580981328702,0.98625,22.0,256.1189433400775,1.0,50.0,0.0
G,50,2020,5000,01 c5 01 c5 01 c5 01 c5 01 c5 01 c5 01 c5 01 c5 01 c5 01 c5 01 c5 01 c5 01 c5 01 c5 01 c5 01 c5 01 c5 01 c5 01 c5 01 c5 01 c5 01 c5 01 c5 01 c5 01 c5,0.06355,True,0.6204580981328702,0.98625,22.0,256.1189433400775,1.0,50.0,0.0
G,50,2020,7500,01 c5 01 c5 01 c5 01 c5 01 c5 01 c5 01 c5 01 c5 01 c5 01 c5 01 c5 01 c5 01 c5 01 c5 01 c5 01 c5 01 c5 01 c5 01 c5 01 c5 01 c5 01 c5 01 c5 01 c5 01 c5,0.0547,True,0.6204580981328702,0.98625,22.0,256.1189433400775,1.0,50.0,0.0
G,50,2020,10000,01 c5 01 c5 01 c5 01 c5 01 c5 01 c5 01 c5 01 c5 01 c5 01 c5 01 c5 01 c5 01 c5 01 c5 01 c5 01 c5 01 c5 01 c5 01 c5 01 c5 01 c5 01 c5 01 c5 01 c5 01 c5,0.05385,True,0.6204580981328702,0.98625,22.0,256.1189433400775,1.0,50.0,0.0
G,50,2020,15000,01 c5 01 c5 01 c5 01 c5 01 c5 01 c5 01 c5 01 c5 01 c5 01 c5 01 c5 01 c5 01 c5 01 c5 01 c5 01 c5 01 c5 01 c5 01 c5 01 c5 01 c5 01 c5 01 c5 01 c5 01 c5,0.05285,True,0.6204580981328702,0.98625,22.0,256.1189433400775,1.0,50.0,0.0
G,50,2020,20000,01 c5 01 c5 01 c5 01 c5 01 c5 01 c5 01 c5 01 c5 01 c5 01 c5 01 c5 01 c5 01 c5 01 c5 01 c5 01 c5 01 c5 01 c5 01 c5 01 c5 01 c5 01 c5 01 c5 01 c5 01 c5,0.05565,True,0.6204580981328702,0.98625,22.0,256.1189433400775,1.0,50.0,0.0
G,50,2020,30000,01 c5 01 c5 01 c5 01 c5 01 c5 01 c5 01 c5 01 c5 01 c5 01 c5 01 c5 01 c5 01 c5 01 c5 01 c5 01 c5 01 c5 01 c5 01 c5 01 c5 01 c5 01 c5 01 c5 01 c5 01 c5,0.06025,True,0.6204580981328702,0.98625,22.0,256.1189433400775,1.0,50.0,0.0
G,50,2020,50000,01 c5 01 c5 01 c5 01 c5 01 c5 01 c5 01 c5 01 c5 01 c5 01 c5 01 c5 01 c5 01 c5 01 c5 01 c5 01 c5 01 c5 01 c5 01 c5 01 c5 01 c5 01 c5 01 c5 01 c5 01 c5,0.03585,True,0.6204580981328702,0.98625,22.0,256.1189433400775,1.0,50.0,0.0
G,50,2020,75000,21 e5 21 e5 21 e5 21 e5 21 e5 21 e5 21 e5 21 e5 21 e5 21 e5 21 e5 21 e5 21 e5 21 e5 21 e5 21 e5 21 e5 21 e5 21 e5 21 e5 21 e5 21 e5 21 e5 21 e5 21 e5,0.05055,True,0.6700382653061223,0.991875,23.0,280.867006563921,1.0,50.0,0.0
G,50,2020,100000,21 e5 21 e5 21 e5 21 e5 21 e5 21 e5 21 e5 21 e5 21 e5 21 e5 21 e5 21 e5 21 e5 21 e5 21 e5 21 e5 21 e5 21 e5 21 e5 21 e5 21 e5 21 e5 21 e5 21 e5 21 e5,0.06065,True,0.6700382653061223,0.991875,23.0,280.867006563921,1.0,50.0,0.0
G,50,2020,150000,21 e5 21 e5 21 e5 21 e5 21 e5 21 e5 21 e5 21 e5 21 e5 21 e5 21 e5 21 e5 21 e5 21 e5 21 e5 21 e5 21 e5 21 e5 21 e5 21 e5 21 e5 21 e5 21 e5 21 e5 21 e5,0.06465,True,0.6700382653061223,0.991875,23.0,280.867006563921,1.0,50.0,0.0
G,50,2020,200000,21 e5 21 e5 21 e5 21 e5 21 e5 21 e5 21 e5 21 e5 21 e5 21 e5 21 e5 21 e5 21 e5 21 e5 21 e5 21 e5 21 e5 21 e5 21 e5 21 e5 21 e5 21 e5 21 e5 21 e5 21 e5,0.06445,True,0.6700382653061223,0.991875,23.0,280.867006563921,1.0,50.0,0.0
G,50,2020,300000,21 e5 21 e5 21 e5 21 e5 21 e5 21 e5 21 e5 21 e5 21 e5 21 e5 21 e5 21 e5 21 e5 21 e5 21 e5 21 e5 21 e5 21 e5 21 e5 21 e5 21 e5 21 e5 21 e5 21 e5 21 e5,0.06435,True,0.6700382653061223,0.991875,23.0,280.867006563921,1.0,50.0,0.0
G,50,2020,300000,21 e5 21 e5 21 e5 21 e5 21 e5 21 e5 21 e5 21 e5 21 e5 21 e5 21 e5 21 e5 21 e5 21 e5 21 e5 21 e5 21 e5 21 e5 21 e5 21 e5 21 e5 21 e5 21 e5 21 e5 21 e5,0.06435,True,0.6700382653061223,0.991875,23.0,280.867006563921,1.0,50.0,0.0
G,64,2001,500,00 04 00 04 00 04 00 04 00 04 00 04 00 04 00 04 00 04 00 04 00 04 00 04 00 04 00 04 00 04 00 04 00 04 00 04 00 04 00 04 00 04 00 04 00 04 00 04 00 04 00 04 00 04 00 04 00 04 00 04 00 04 00 00,0.00125,False,0.06402035959809624,0.0,0.0,0.0,1.0,64.0,0.0
G,64,2001,1000,01 c5 01 c5 01 c5 01 c5 01 c5 01 c5 01 c5 01 c5 01 c5 01 c5 01 c5 01 c5 01 c5 01 c5 01 c5 01 c5 01 c5 01 c5 01 c5 01 c5 01 c5 01 c5 01 c5 01 c5 01 c5 01 c5 01 c5 01 c5 01 c5 01 c5 01 c5 01 c5,0.0094,True,0.6138214567043767,0.98876953125,32.0,380.12099106475756,1.0,64.0,0.0
G,64,2001,1150,01 c5 01 c5 01 c5 01 c5 01 c5 01 c5 01 c5 01 c5 01 c5 01 c5 01 c5 01 c5 01 c5 01 c5 01 c5 01 c5 01 c5 01 c5 01 c5 01 c5 01 c5 01 c5 01 c5 01 c5 01 c5 01 c5 01 c5 01 c5 01 c5 01 c5 01 c5 01 c5,0.02345,True,0.6138214567043767,0.98876953125,32.0,380.12099106475756,1.0,64.0,0.0
G,64,2001,2000,01 c5 01 c5 01 c5 01 c5 01 c5 01 c5 01 c5 01 c5 01 c5 01 c5 01 c5 01 c5 01 c5 01 c5 01 c5 01 c5 01 c5 01 c5 01 c5 01 c5 01 c5 01 c5 01 c5 01 c5 01 c5 01 c5 01 c5 01 c5 01 c5 01 c5 01 c5 01 c5,0.09095,True,0.6138214567043767,0.98876953125,32.0,380.12099106475756,1.0,64.0,0.0
G,64,2001,3000,01 c5 01 c5 01 c5 01 c5 01 c5 01 c5 01 c5 01 c5 01 c5 01 c5 01 c5 01 c5 01 c5 01 c5 01 c5 01 c5 01 c5 01 c5 01 c5 01 c5 01 c5 01 c5 01 c5 01 c5 01 c5 01 c5 01 c5 01 c5 01 c5 01 c5 01 c5 01 c5,0.09475,True,0.6138214567043767,0.98876953125,32.0,380.12099106475756,1.0,64.0,0.0
G,64,2001,5000,01 c5 01 c5 01 c5 01 c5 01 c5 01 c5 01 c5 01 c5 01 c5 01 c5 01 c5 01 c5 01 c5 01 c5 01 c5 01 c5 01 c5 01 c5 01 c5 01 c5 01 c5 01 c5 01 c5 01 c5 01 c5 01 c5 01 c5 01 c5 01 c5 01 c5 01 c5 01 c5,0.03085,True,0.6138214567043767,0.98876953125,32.0,380.12099106475756,1.0,64.0,0.0
G,64,2001,10000,01 c5 01 c5 01 c5 01 c5 01 c5 01 c5 01 c5 01 c5 01 c5 01 c5 01 c5 01 c5 01 c5 01 c5 01 c5 01 c5 01 c5 01 c5 01 c5 01 c5 01 c5 01 c5 01 c5 01 c5 01 c5 01 c5 01 c5 01 c5 01 c5 01 c5 01 c5 01 c5,0.0319,True,0.6138214567043767,0.98876953125,32.0,380.12099106475756,1.0,64.0,0.0
G,64,2001,15000,01 c5 01 c5 01 c5 01 c5 01 c5 01 c5 01 c5 01 c5 01 c5 01 c5 01 c5 01 c5 01 c5 01 c5 01 c5 01 c5 01 c5 01 c5 01 c5 01 c5 01 c5 01 c5 01 c5 01 c5 01 c5 01 c5 01 c5 01 c5 01 c5 01 c5 01 c5 01 c5,0.02845,True,0.6138214567043767,0.98876953125,32.0,380.12099106475756,1.0,64.0,0.0
G,64,2001,20000,01 c5 01 c5 01 c5 01 c5 01 c5 01 c5 01 c5 01 c5 01 c5 01 c5 01 c5 01 c5 01 c5 01 c5 01 c5 01 c5 01 c5 01 c5 01 c5 01 c5 01 c5 01 c5 01 c5 01 c5 01 c5 01 c5 01 c5 01 c5 01 c5 01 c5 01 c5 01 c5,0.02995,True,0.6138214567043767,0.98876953125,32.0,380.12099106475756,1.0,64.0,0.0
G,64,2001,30000,01 c5 01 c5 01 c5 01 c5 01 c5 01 c5 01 c5 01 c5 01 c5 01 c5 01 c5 01 c5 01 c5 01 c5 01 c5 01 c5 01 c5 01 c5 01 c5 01 c5 01 c5 01 c5 01 c5 01 c5 01 c5 01 c5 01 c5 01 c5 01 c5 01 c5 01 c5 01 c5,0.03085,True,0.6138214567043767,0.98876953125,32.0,380.12099106475756,1.0,64.0,0.0
G,64,2001,50000,01 c5 01 c5 01 c5 01 c5 01 c5 01 c5 01 c5 01 c5 01 c5 01 c5 01 c5 01 c5 01 c5 01 c5 01 c5 01 c5 01 c5 01 c5 01 c5 01 c5 01 c5 01 c5 01 c5 01 c5 01 c5 01 c5 01 c5 01 c5 01 c5 01 c5 01 c5 01 c5,0.02975,True,0.6138214567043767,0.98876953125,32.0,380.12099106475756,1.0,64.0,0.0
G,64,2001,75000,01 c5 01 c5 01 c5 01 c5 01 c5 01 c5 01 c5 01 c5 01 c5 01 c5 01 c5 01 c5 01 c5 01 c5 01 c5 01 c5 01 c5 01 c5 01 c5 01 c5 01 c5 01 c5 01 c5 01 c5 01 c5 01 c5 01 c5 01 c5 01 c5 01 c5 01 c5 01 c5,0.0312,True,0.6138214567043767,0.98876953125,32.0,380.12099106475756,1.0,64.0,0.0
G,64,2001,100000,01 c5 01 c5 01 c5 01 c5 01 c5 01 c5 01 c5 01 c5 01 c5 01 c5 01 c5 01 c5 01 c5 01 c5 01 c5 01 c5 01 c5 01 c5 01 c5 01 c5 01 c5 01 c5 01 c5 01 c5 01 c5 01 c5 01 c5 01 c5 01 c5 01 c5 01 c5 01 c5,0.03035,True,0.6138214567043767,0.98876953125,32.0,380.12099106475756,1.0,64.0,0.0
G,64,2001,150000,01 c5 01 c5 01 c5 01 c5 01 c5 01 c5 01 c5 01 c5 01 c5 01 c5 01 c5 01 c5 01 c5 01 c5 01 c5 01 c5 01 c5 01 c5 01 c5 01 c5 01 c5 01 c5 01 c5 01 c5 01 c5 01 c5 01 c5 01 c5 01 c5 01 c5 01 c5 01 c5,0.02995,True,0.6138214567043767,0.98876953125,32.0,380.12099106475756,1.0,64.0,0.0
G,64,2001,200000,01 c5 01 c5 01 c5 01 c5 01 c5 01 c5 01 c5 01 c5 01 c5 01 c5 01 c5 01 c5 01 c5 01 c5 01 c5 01 c5 01 c5 01 c5 01 c5 01 c5 01 c5 01 c5 01 c5 01 c5 01 c5 01 c5 01 c5 01 c5 01 c5 01 c5 01 c5 01 c5,0.02995,True,0.6138214567043767,0.98876953125,32.0,380.12099106475756,1.0,64.0,0.0
G,64,2001,300000,01 c5 01 c5 01 c5 01 c5 01 c5 01 c5 01 c5 01 c5 01 c5 01 c5 01 c5 01 c5 01 c5 01 c5 01 c5 01 c5 01 c5 01 c5 01 c5 01 c5 01 c5 01 c5 01 c5 01 c5 01 c5 01 c5 01 c5 01 c5 01 c5 01 c5 01 c5 01 c5,0.0282,True,0.6138214567043767,0.98876953125,32.0,380.12099106475756,1.0,64.0,0.0
G,64,2001,500000,01 c5 01 c5 01 c5 01 c5 01 c5 01 c5 01 c5 01 c5 01 c5 01 c5 01 c5 01 c5 01 c5 01 c5 01 c5 01 c5 01 c5 01 c5 01 c5 01 c5 01 c5 01 c5 01 c5 01 c5 01 c5 01 c5 01 c5 01 c5 01 c5 01 c5 01 c5 01 c5,0.02795,True,0.6138214567043767,0.98876953125,32.0,380.12099106475756,1.0,64.0,0.0
G,64,2001,750000,01 c5 01 c5 01 c5 01 c5 01 c5 01 c5 01 c5 01 c5 01 c5 01 c5 01 c5 01 c5 01 c5 01 c5 01 c5 01 c5 01 c5 01 c5 01 c5 01 c5 01 c5 01 c5 01 c5 01 c5 01 c5 01 c5 01 c5 01 c5 01 c5 01 c5 01 c5 01 c5,0.0314,True,0.6138214567043767,0.98876953125,32.0,380.12099106475756,1.0,64.0,0.0
G,64,2001,1000000,01 c5 01 c5 01 c5 01 c5 01 c5 01 c5 01 c5 01 c5 01 c5 01 c5 01 c5 01 c5 01 c5 01 c5 01 c5 01 c5 01 c5 01 c5 01 c5 01 c5 01 c5 01 c5 01 c5 01 c5 01 c5 01 c5 01 c5 01 c5 01 c5 01 c5 01 c5 01 c5,0.02845,True,0.6138214567043767,0.98876953125,32.0,380.12099106475756,1.0,64.0,0.0
G,64,2001,1000000,01 c5 01 c5 01 c5 01 c5 01 c5 01 c5 01 c5 01 c5 01 c5 01 c5 01 c5 01 c5 01 c5 01 c5 01 c5 01 c5 01 c5 01 c5 01 c5 01 c5 01 c5 01 c5 01 c5 01 c5 01 c5 01 c5 01 c5 01 c5 01 c5 01 c5 01 c5 01 c5,0.02845,True,0.6138214567043767,0.98876953125,32.0,380.12099106475756,1.0,64.0,0.0
G,64,2002,500,00 04 00 04 00 04 00 04 00 04 00 04 00 04 00 04 00 04 00 04 00 04 00 04 00 04 00 04 00 04 00 04 00 04 00 04 00 04 00 04 00 04 00 04 00 04 00 04 00 04 00 04 00 04 00 04 00 04 00 04 00 04 00 00,0.00135,False,0.024499817988351255,0.0,0.0,0.0,1.0,64.0,0.0
G,64,2002,1000,21 e5 21 e5 21 e5 21 e5 21 e5 21 e5 21 e5 21 e5 21 e5 21 e5 21 e5 21 e5 21 e5 21 e5 21 e5 21 e5 21 e5 21 e5 21 e5 21 e5 21 e5 21 e5 21 e5 21 e5 21 e5 21 e5 21 e5 21 e5 21 e5 21 e5 21 e5 21 e5,0.00495,True,0.606986597142217,0.99267578125,32.0,363.6012860176092,1.0,64.0,0.0
G,64,2002,1400,21 e5 21 e5 21 e5 21 e5 21 e5 21 e5 21 e5 21 e5 21 e5 21 e5 21 e5 21 e5 21 e5 21 e5 21 e5 21 e5 21 e5 21 e5 21 e5 21 e5 21 e5 21 e5 21 e5 21 e5 21 e5 21 e5 21 e5 21 e5 21 e5 21 e5 21 e5 21 e5,0.019,True,0.606986597142217,0.99267578125,32.0,363.6012860176092,1.0,64.0,0.0
G,64,2002,2000,21 e5 21 e5 21 e5 21 e5 21 e5 21 e5 21 e5 21 e5 21 e5 21 e5 21 e5 21 e5 21 e5 21 e5 21 e5 21 e5 21 e5 21 e5 21 e5 21 e5 21 e5 21 e5 21 e5 21 e5 21 e5 21 e5 21 e5 21 e5 21 e5 21 e5 21 e5 21 e5,0.0487,True,0.606986597142217,0.99267578125,32.0,363.6012860176092,1.0,64.0,0.0
G,64,2002,3000,21 e5 21 e5 21 e5 21 e5 21 e5 21 e5 21 e5 21 e5 21 e5 21 e5 21 e5 21 e5 21 e5 21 e5 21 e5 21 e5 21 e5 21 e5 21 e5 21 e5 21 e5 21 e5 21 e5 21 e5 21 e5 21 e5 21 e5 21 e5 21 e5 21 e5 21 e5 21 e5,0.09005,True,0.606986597142217,0.99267578125,32.0,363.6012860176092,1.0,64.0,0.0
G,64,2002,5000,21 e5 21 e5 21 e5 21 e5 21 e5 21 e5 21 e5 21 e5 21 e5 21 e5 21 e5 21 e5 21 e5 21 e5 21 e5 21 e5 21 e5 21 e5 21 e5 21 e5 21 e5 21 e5 21 e5 21 e5 21 e5 21 e5 21 e5 21 e5 21 e5 21 e5 21 e5 21 e5,0.03065,True,0.606986597142217,0.99267578125,32.0,363.6012860176092,1.0,64.0,0.0
G,64,2002,10000,21 e5 21 e5 21 e5 21 e5 21 e5 21 e5 21 e5 21 e5 21 e5 21 e5 21 e5 21 e5 21 e5 21 e5 21 e5 21 e5 21 e5 21 e5 21 e5 21 e5 21 e5 21 e5 21 e5 21 e5 21 e5 21 e5 21 e5 21 e5 21 e5 21 e5 21 e5 21 e5,0.0326,True,0.606986597142217,0.99267578125,32.0,363.6012860176092,1.0,64.0,0.0
G,64,2002,15000,21 e5 21 e5 21 e5 21 e5 21 e5 21 e5 21 e5 21 e5 21 e5 21 e5 21 e5 21 e5 21 e5 21 e5 21 e5 21 e5 21 e5 21 e5 21 e5 21 e5 21 e5 21 e5 21 e5 21 e5 21 e5 21 e5 21 e5 21 e5 21 e5 21 e5 21 e5 21 e5,0.03825,True,0.606986597142217,0.99267578125,32.0,363.6012860176092,1.0,64.0,0.0
G,64,2002,20000,21 e5 21 e5 21 e5 21 e5 21 e5 21 e5 21 e5 21 e5 21 e5 21 e5 21 e5 21 e5 21 e5 21 e5 21 e5 21 e5 21 e5 21 e5 21 e5 21 e5 21 e5 21 e5 21 e5 21 e5 21 e5 21 e5 21 e5 21 e5 21 e5 21 e5 21 e5 21 e5,0.04565,True,0.606986597142217,0.99267578125,32.0,363.6012860176092,1.0,64.0,0.0
G,64,2002,30000,21 e5 21 e5 21 e5 21 e5 21 e5 21 e5 21 e5 21 e5 21 e5 21 e5 21 e5 21 e5 21 e5 21 e5 21 e5 21 e5 21 e5 21 e5 21 e5 21 e5 21 e5 21 e5 21 e5 21 e5 21 e5 21 e5 21 e5 21 e5 21 e5 21 e5 21 e5 21 e5,0.0447,True,0.606986597142217,0.99267578125,32.0,363.6012860176092,1.0,64.0,0.0
G,64,2002,50000,21 e5 21 e5 21 e5 21 e5 21 e5 21 e5 21 e5 21 e5 21 e5 21 e5 21 e5 21 e5 21 e5 21 e5 21 e5 21 e5 21 e5 21 e5 21 e5 21 e5 21 e5 21 e5 21 e5 21 e5 21 e5 21 e5 21 e5 21 e5 21 e5 21 e5 21 e5 21 e5,0.04535,True,0.606986597142217,0.99267578125,32.0,363.6012860176092,1.0,64.0,0.0
G,64,2002,75000,21 e5 21 e5 21 e5 21 e5 21 e5 21 e5 21 e5 21 e5 21 e5 21 e5 21 e5 21 e5 21 e5 21 e5 21 e5 21 e5 21 e5 21 e5 21 e5 21 e5 21 e5 21 e5 21 e5 21 e5 21 e5 21 e5 21 e5 21 e5 21 e5 21 e5 21 e5 21 e5,0.04625,True,0.606986597142217,0.99267578125,32.0,363.6012860176092,1.0,64.0,0.0
G,64,2002,100000,21 e5 21 e5 21 e5 21 e5 21 e5 21 e5 21 e5 21 e5 21 e5 21 e5 21 e5 21 e5 21 e5 21 e5 21 e5 21 e5 21 e5 21 e5 21 e5 21 e5 21 e5 21 e5 21 e5 21 e5 21 e5 21 e5 21 e5 21 e5 21 e5 21 e5 21 e5 21 e5,0.04485,True,0.606986597142217,0.99267578125,32.0,363.6012860176092,1.0,64.0,0.0
G,64,2002,150000,21 e5 21 e5 21 e5 21 e5 21 e5 21 e5 21 e5 21 e5 21 e5 21 e5 21 e5 21 e5 21 e5 21 e5 21 e5 21 e5 21 e5 21 e5 21 e5 21 e5 21 e5 21 e5 21 e5 21 e5 21 e5 21 e5 21 e5 21 e5 21 e5 21 e5 21 e5 21 e5,0.04405,True,0.606986597142217,0.99267578125,32.0,363.6012860176092,1.0,64.0,0.0
G,64,2002,200000,21 e5 21 e5 21 e5 21 e5 21 e5 21 e5 21 e5 21 e5 21 e5 21 e5 21 e5 21 e5 21 e5 21 e5 21 e5 21 e5 21 e5 21 e5 21 e5 21 e5 21 e5 21 e5 21 e5 21 e5 21 e5 21 e5 21 e5 21 e5 21 e5 21 e5 21 e5 21 e5,0.0436,True,0.606986597142217,0.99267578125,32.0,363.6012860176092,1.0,64.0,0.0
G,64,2002,300000,21 e5 21 e5 21 e5 21 e5 21 e5 21 e5 21 e5 21 e5 21 e5 21 e5 21 e5 21 e5 21 e5 21 e5 21 e5 21 e5 21 e5 21 e5 21 e5 21 e5 21 e5 21 e5 21 e5 21 e5 21 e5 21 e5 21 e5 21 e5 21 e5 21 e5 21 e5 21 e5,0.0479,True,0.606986597142217,0.99267578125,32.0,363.6012860176092,1.0,64.0,0.0
G,64,2002,500000,21 e5 21 e5 21 e5 21 e5 21 e5 21 e5 21 e5 21 e5 21 e5 21 e5 21 e5 21 e5 21 e5 21 e5 21 e5 21 e5 21 e5 21 e5 21 e5 21 e5 21 e5 21 e5 21 e5 21 e5 21 e5 21 e5 21 e5 21 e5 21 e5 21 e5 21 e5 21 e5,0.04885,True,0.606986597142217,0.99267578125,32.0,363.6012860176092,1.0,64.0,0.0
G,64,2002,750000,21 e5 21 e5 21 e5 21 e5 21 e5 21 e5 21 e5 21 e5 21 e5 21 e5 21 e5 21 e5 21 e5 21 e5 21 e5 21 e5 21 e5 21 e5 21 e5 21 e5 21 e5 21 e5 21 e5 21 e5 21 e5 21 e5 21 e5 21 e5 21 e5 21 e5 21 e5 21 e5,0.044,True,0.606986597142217,0.99267578125,32.0,363.6012860176092,1.0,64.0,0.0
G,64,2002,1000000,21 e5 21 e5 21 e5 21 e5 21 e5 21 e5 21 e5 21 e5 21 e5 21 e5 21 e5 21 e5 21 e5 21 e5 21 e5 21 e5 21 e5 21 e5 21 e5 21 e5 21 e5 21 e5 21 e5 21 e5 21 e5 21 e5 21 e5 21 e5 21 e5 21 e5 21 e5 21 e5,0.04855,True,0.606986597142217,0.99267578125,32.0,363.6012860176092,1.0,64.0,0.0
G,64,2002,1000000,21 e5 21 e5 21 e5 21 e5 21 e5 21 e5 21 e5 21 e5 21 e5 21 e5 21 e5 21 e5 21 e5 21 e5 21 e5 21 e5 21 e5 21 e5 21 e5 21 e5 21 e5 21 e5 21 e5 21 e5 21 e5 21 e5 21 e5 21 e5 21 e5 21 e5 21 e5 21 e5,0.04855,True,0.606986597142217,0.99267578125,32.0,363.6012860176092,1.0,64.0,0.0
G,64,2003,500,01 c5 01 c5 01 c5 01 c5 01 c5 01 c5 01 c5 01 c5 01 c5 01 c5 01 c5 01 c5 01 c5 01 c5 01 c5 01 c5 01 c5 01 c5 01 c5 01 c5 01 c5 01 c5 01 c5 01 c5 01 c5 01 c5 01 c5 01 c5 01 c5 01 c5 01 c5 01 c5,0.0022,True,0.5614059299795187,0.9833984375,32.0,297.0116749458867,1.0,64.0,0.0
G,64,2003,1000,01 c5 01 c5 01 c5 01 c5 01 c5 01 c5 01 c5 01 c5 01 c5 01 c5 01 c5 01 c5 01 c5 01 c5 01 c5 01 c5 01 c5 01 c5 01 c5 01 c5 01 c5 01 c5 01 c5 01 c5 01 c5 01 c5 01 c5 01 c5 01 c5 01 c5 01 c5 01 c5,0.01735,True,0.5614059299795187,0.9833984375,32.0,297.0116749458867,1.0,64.0,0.0
G,64,2003,1000,01 c5 01 c5 01 c5 01 c5 01 c5 01 c5 01 c5 01 c5 01 c5 01 c5 01 c5 01 c5 01 c5 01 c5 01 c5 01 c5 01 c5 01 c5 01 c5 01 c5 01 c5 01 c5 01 c5 01 c5 01 c5 01 c5 01 c5 01 c5 01 c5 01 c5 01 c5 01 c5,0.01735,True,0.5614059299795187,0.9833984375,32.0,297.0116749458867,1.0,64.0,0.0
G,64,2003,2000,01 c5 01 c5 01 c5 01 c5 01 c5 01 c5 01 c5 01 c5 01 c5 01 c5 01 c5 01 c5 01 c5 01 c5 01 c5 01 c5 01 c5 01 c5 01 c5 01 c5 01 c5 01 c5 01 c5 01 c5 01 c5 01 c5 01 c5 01 c5 01 c5 01 c5 01 c5 01 c5,0.09215,True,0.5614059299795187,0.9833984375,32.0,297.0116749458867,1.0,64.0,0.0
G,64,2003,3000,01 c5 01 c5 01 c5 01 c5 01 c5 01 c5 01 c5 01 c5 01 c5 01 c5 01 c5 01 c5 01 c5 01 c5 01 c5 01 c5 01 c5 01 c5 01 c5 01 c5 01 c5 01 c5 01 c5 01 c5 01 c5 01 c5 01 c5 01 c5 01 c5 01 c5 01 c5 01 c5,0.06845,True,0.5614059299795187,0.9833984375,32.0,297.0116749458867,1.0,64.0,0.0
G,64,2003,5000,01 c5 01 c5 01 c5 01 c5 01 c5 01 c5 01 c5 01 c5 01 c5 01 c5 01 c5 01 c5 01 c5 01 c5 01 c5 01 c5 01 c5 01 c5 01 c5 01 c5 01 c5 01 c5 01 c5 01 c5 01 c5 01 c5 01 c5 01 c5 01 c5 01 c5 01 c5 01 c5,0.0271,True,0.5614059299795187,0.9833984375,32.0,297.0116749458867,1.0,64.0,0.0
G,64,2003,10000,01 c5 01 c5 01 c5 01 c5 01 c5 01 c5 01 c5 01 c5 01 c5 01 c5 01 c5 01 c5 01 c5 01 c5 01 c5 01 c5 01 c5 01 c5 01 c5 01 c5 01 c5 01 c5 01 c5 01 c5 01 c5 01 c5 01 c5 01 c5 01 c5 01 c5 01 c5 01 c5,0.02685,True,0.5614059299795187,0.9833984375,32.0,297.0116749458867,1.0,64.0,0.0
G,64,2003,15000,01 c5 01 c5 01 c5 01 c5 01 c5 01 c5 01 c5 01 c5 01 c5 01 c5 01 c5 01 c5 01 c5 01 c5 01 c5 01 c5 01 c5 01 c5 01 c5 01 c5 01 c5 01 c5 01 c5 01 c5 01 c5 01 c5 01 c5 01 c5 01 c5 01 c5 01 c5 01 c5,0.0263,True,0.5614059299795187,0.9833984375,32.0,297.0116749458867,1.0,64.0,0.0
G,64,2003,20000,01 c5 01 c5 01 c5 01 c5 01 c5 01 c5 01 c5 01 c5 01 c5 01 c5 01 c5 01 c5 01 c5 01 c5 01 c5 01 c5 01 c5 01 c5 01 c5 01 c5 01 c5 01 c5 01 c5 01 c5 01 c5 01 c5 01 c5 01 c5 01 c5 01 c5 01 c5 01 c5,0.0214,True,0.5614059299795187,0.9833984375,32.0,297.0116749458867,1.0,64.0,0.0
G,64,2003,30000,11 d5 11 d5 11 d5 11 d5 11 d5 11 d5 11 d5 11 d5 11 d5 11 d5 11 d5 11 d5 11 d5 11 d5 11 d5 11 d5 11 d5 11 d5 11 d5 11 d5 11 d5 11 d5 11 d5 11 d5 11 d5 11 d5 11 d5 11 d5 11 d5 11 d5 11 d5 11 d5,0.01955,True,0.6220658122119815,0.99169921875,32.0,287.557825447045,1.0,64.0,0.0
G,64,2003,50000,11 d5 11 d5 11 d5 11 d5 11 d5 11 d5 11 d5 11 d5 11 d5 11 d5 11 d5 11 d5 11 d5 11 d5 11 d5 11 d5 11 d5 11 d5 11 d5 11 d5 11 d5 11 d5 11 d5 11 d5 11 d5 11 d5 11 d5 11 d5 11 d5 11 d5 11 d5 11 d5,0.037,True,0.6220658122119815,0.99169921875,32.0,287.557825447045,1.0,64.0,0.0
G,64,2003,75000,11 d5 11 d5 11 d5 11 d5 11 d5 11 d5 11 d5 11 d5 11 d5 11 d5 11 d5 11 d5 11 d5 11 d5 11 d5 11 d5 11 d5 11 d5 11 d5 11 d5 11 d5 11 d5 11 d5 11 d5 11 d5 11 d5 11 d5 11 d5 11 d5 11 d5 11 d5 11 d5,0.0449,True,0.6220658122119815,0.99169921875,32.0,287.557825447045,1.0,64.0,0.0
G,64,2003,100000,11 d5 11 d5 11 d5 11 d5 11 d5 11 d5 11 d5 11 d5 11 d5 11 d5 11 d5 11 d5 11 d5 11 d5 11 d5 11 d5 11 d5 11 d5 11 d5 11 d5 11 d5 11 d5 11 d5 11 d5 11 d5 11 d5 11 d5 11 d5 11 d5 11 d5 11 d5 11 d5,0.0434,True,0.6220658122119815,0.99169921875,32.0,287.557825447045,1.0,64.0,0.0
G,64,2003,150000,11 d5 11 d5 11 d5 11 d5 11 d5 11 d5 11 d5 11 d5 11 d5 11 d5 11 d5 11 d5 11 d5 11 d5 11 d5 11 d5 11 d5 11 d5 11 d5 11 d5 11 d5 11 d5 11 d5 11 d5 11 d5 11 d5 11 d5 11 d5 11 d5 11 d5 11 d5 11 d5,0.04455,True,0.6220658122119815,0.99169921875,32.0,287.557825447045,1.0,64.0,0.0
G,64,2003,200000,11 d5 11 d5 11 d5 11 d5 11 d5 11 d5 11 d5 11 d5 11 d5 11 d5 11 d5 11 d5 11 d5 11 d5 11 d5 11 d5 11 d5 11 d5 11 d5 11 d5 11 d5 11 d5 11 d5 11 d5 11 d5 11 d5 11 d5 11 d5 11 d5 11 d5 11 d5 11 d5,0.0447,True,0.6220658122119815,0.99169921875,32.0,287.557825447045,1.0,64.0,0.0
G,64,2003,300000,11 d5 11 d5 11 d5 11 d5 11 d5 11 d5 11 d5 11 d5 11 d5 11 d5 11 d5 11 d5 11 d5 11 d5 11 d5 11 d5 11 d5 11 d5 11 d5 11 d5 11 d5 11 d5 11 d5 11 d5 11 d5 11 d5 11 d5 11 d5 11 d5 11 d5 11 d5 11 d5,0.04135,True,0.6220658122119815,0.99169921875,32.0,287.557825447045,1.0,64.0,0.0
G,64,2003,500000,11 d5 11 d5 11 d5 11 d5 11 d5 11 d5 11 d5 11 d5 11 d5 11 d5 11 d5 11 d5 11 d5 11 d5 11 d5 11 d5 11 d5 11 d5 11 d5 11 d5 11 d5 11 d5 11 d5 11 d5 11 d5 11 d5 11 d5 11 d5 11 d5 11 d5 11 d5 11 d5,0.0393,True,0.6220658122119815,0.99169921875,32.0,287.557825447045,1.0,64.0,0.0
G,64,2003,750000,11 d5 11 d5 11 d5 11 d5 11 d5 11 d5 11 d5 11 d5 11 d5 11 d5 11 d5 11 d5 11 d5 11 d5 11 d5 11 d5 11 d5 11 d5 11 d5 11 d5 11 d5 11 d5 11 d5 11 d5 11 d5 11 d5 11 d5 11 d5 11 d5 11 d5 11 d5 11 d5,0.04055,True,0.6220658122119815,0.99169921875,32.0,287.557825447045,1.0,64.0,0.0
G,64,2003,1000000,11 d5 11 d5 11 d5 11 d5 11 d5 11 d5 11 d5 11 d5 11 d5 11 d5 11 d5 11 d5 11 d5 11 d5 11 d5 11 d5 11 d5 11 d5 11 d5 11 d5 11 d5 11 d5 11 d5 11 d5 11 d5 11 d5 11 d5 11 d5 11 d5 11 d5 11 d5 11 d5,0.0385,True,0.6220658122119815,0.99169921875,32.0,287.557825447045,1.0,64.0,0.0
G,64,2003,1000000,11 d5 11 d5 11 d5 11 d5 11 d5 11 d5 11 d5 11 d5 11 d5 11 d5 11 d5 11 d5 11 d5 11 d5 11 d5 11 d5 11 d5 11 d5 11 d5 11 d5 11 d5 11 d5 11 d5 11 d5 11 d5 11 d5 11 d5 11 d5 11 d5 11 d5 11 d5 11 d5,0.0385,True,0.6220658122119815,0.99169921875,32.0,287.557825447045,1.0,64.0,0.0
G,64,2004,500,01 c5 01 c5 01 c5 01 c5 01 c5 01 c5 01 c5 01 c5 01 c5 01 c5 01 c5 01 c5 01 c5 01 c5 01 c5 01 c5 01 c5 01 c5 01 c5 01 c5 01 c5 01 c5 01 c5 01 c5 01 c5 01 c5 01 c5 01 c5 01 c5 01 c5 01 c5 01 c5,0.0016,True,0.6509851630504353,0.99462890625,32.0,316.1391092969497,1.0,64.0,0.0
G,64,2004,1000,01 c5 01 c5 01 c5 01 c5 01 c5 01 c5 01 c5 01 c5 01 c5 01 c5 01 c5 01 c5 01 c5 01 c5 01 c5 01 c5 01 c5 01 c5 01 c5 01 c5 01 c5 01 c5 01 c5 01 c5 01 c5 01 c5 01 c5 01 c5 01 c5 01 c5 01 c5 01 c5,0.013,True,0.6509851630504353,0.99462890625,32.0,316.1391092969497,1.0,64.0,0.0
G,64,2004,1150,01 c5 01 c5 01 c5 01 c5 01 c5 01 c5 01 c5 01 c5 01 c5 01 c5 01 c5 01 c5 01 c5 01 c5 01 c5 01 c5 01 c5 01 c5 01 c5 01 c5 01 c5 01 c5 01 c5 01 c5 01 c5 01 c5 01 c5 01 c5 01 c5 01 c5 01 c5 01 c5,0.0168,True,0.6509851630504353,0.99462890625,32.0,316.1391092969497,1.0,64.0,0.0
G,64,2004,2000,01 c5 01 c5 01 c5 01 c5 01 c5 01 c5 01 c5 01 c5 01 c5 01 c5 01 c5 01 c5 01 c5 01 c5 01 c5 01 c5 01 c5 01 c5 01 c5 01 c5 01 c5 01 c5 01 c5 01 c5 01 c5 01 c5 01 c5 01 c5 01 c5 01 c5 01 c5 01 c5,0.03225,True,0.6509851630504353,0.99462890625,32.0,316.1391092969497,1.0,64.0,0.0
G,64,2004,3000,01 c5 01 c5 01 c5 01 c5 01 c5 01 c5 01 c5 01 c5 01 c5 01 c5 01 c5 01 c5 01 c5 01 c5 01 c5 01 c5 01 c5 01 c5 01 c5 01 c5 01 c5 01 c5 01 c5 01 c5 01 c5 01 c5 01 c5 01 c5 01 c5 01 c5 01 c5 01 c5,0.03375,True,0.6509851630504353,0.99462890625,32.0,316.1391092969497,1.0,64.0,0.0
G,64,2004,5000,01 c5 01 c5 01 c5 01 c5 01 c5 01 c5 01 c5 01 c5 01 c5 01 c5 01 c5 01 c5 01 c5 01 c5 01 c5 01 c5 01 c5 01 c5 01 c5 01 c5 01 c5 01 c5 01 c5 01 c5 01 c5 01 c5 01 c5 01 c5 01 c5 01 c5 01 c5 01 c5,0.02335,True,0.6509851630504353,0.99462890625,32.0,316.1391092969497,1.0,64.0,0.0
G,64,2004,10000,01 c5 01 c5 01 c5 01 c5 01 c5 01 c5 01 c5 01 c5 01 c5 01 c5 01 c5 01 c5 01 c5 01 c5 01 c5 01 c5 01 c5 01 c5 01 c5 01 c5 01 c5 01 c5 01 c5 01 c5 01 c5 01 c5 01 c5 01 c5 01 c5 01 c5 01 c5 01 c5,0.01715,True,0.6509851630504353,0.99462890625,32.0,316.1391092969497,1.0,64.0,0.0
G,64,2004,15000,11 d5 11 d5 11 d5 11 d5 11 d5 11 d5 11 d5 11 d5 11 d5 11 d5 11 d5 11 d5 11 d5 11 d5 11 d5 11 d5 11 d5 11 d5 11 d5 11 d5 11 d5 11 d5 11 d5 11 d5 11 d5 11 d5 11 d5 11 d5 11 d5 11 d5 11 d5 11 d5,0.0222,True,0.6590228291004067,0.9951171875,32.0,338.7438757733071,1.0,64.0,0.0
G,64,2004,20000,11 d5 11 d5 11 d5 11 d5 11 d5 11 d5 11 d5 11 d5 11 d5 11 d5 11 d5 11 d5 11 d5 11 d5 11 d5 11 d5 11 d5 11 d5 11 d5 11 d5 11 d5 11 d5 11 d5 11 d5 11 d5 11 d5 11 d5 11 d5 11 d5 11 d5 11 d5 11 d5,0.0282,True,0.6590228291004067,0.9951171875,32.0,338.7438757733071,1.0,64.0,0.0
G,64,2004,30000,11 d5 11 d5 11 d5 11 d5 11 d5 11 d5 11 d5 11 d5 11 d5 11 d5 11 d5 11 d5 11 d5 11 d5 11 d5 11 d5 11 d5 11 d5 11 d5 11 d5 11 d5 11 d5 11 d5 11 d5 11 d5 11 d5 11 d5 11 d5 11 d5 11 d5 11 d5 11 d5,0.03455,True,0.6590228291004067,0.9951171875,32.0,338.7438757733071,1.0,64.0,0.0
G,64,2004,50000,11 d5 11 d5 11 d5 11 d5 11 d5 11 d5 11 d5 11 d5 11 d5 11 d5 11 d5 11 d5 11 d5 11 d5 11 d5 11 d5 11 d5 11 d5 11 d5 11 d5 11 d5 11 d5 11 d5 11 d5 11 d5 11 d5 11 d5 11 d5 11 d5 11 d5 11 d5 11 d5,0.04335,True,0.6590228291004067,0.9951171875,32.0,338.7438757733071,1.0,64.0,0.0
G,64,2004,75000,11 d5 11 d5 11 d5 11 d5 11 d5 11 d5 11 d5 11 d5 11 d5 11 d5 11 d5 11 d5 11 d5 11 d5 11 d5 11 d5 11 d5 11 d5 11 d5 11 d5 11 d5 11 d5 11 d5 11 d5 11 d5 11 d5 11 d5 11 d5 11 d5 11 d5 11 d5 11 d5,0.04545,True,0.6590228291004067,0.9951171875,32.0,338.7438757733071,1.0,64.0,0.0
G,64,2004,100000,11 d5 11 d5 11 d5 11 d5 11 d5 11 d5 11 d5 11 d5 11 d5 11 d5 11 d5 11 d5 11 d5 11 d5 11 d5 11 d5 11 d5 11 d5 11 d5 11 d5 11 d5 11 d5 11 d5 11 d5 11 d5 11 d5 11 d5 11 d5 11 d5 11 d5 11 d5 11 d5,0.0455,True,0.6590228291004067,0.9951171875,32.0,338.7438757733071,1.0,64.0,0.0
G,64,2004,150000,11 d5 11 d5 11 d5 11 d5 11 d5 11 d5 11 d5 11 d5 11 d5 11 d5 11 d5 11 d5 11 d5 11 d5 11 d5 11 d5 11 d5 11 d5 11 d5 11 d5 11 d5 11 d5 11 d5 11 d5 11 d5 11 d5 11 d5 11 d5 11 d5 11 d5 11 d5 11 d5,0.04055,True,0.6590228291004067,0.9951171875,32.0,338.7438757733071,1.0,64.0,0.0
G,64,2004,200000,11 d5 11 d5 11 d5 11 d5 11 d5 11 d5 11 d5 11 d5 11 d5 11 d5 11 d5 11 d5 11 d5 11 d5 11 d5 11 d5 11 d5 11 d5 11 d5 11 d5 11 d5 11 d5 11 d5 11 d5 11 d5 11 d5 11 d5 11 d5 11 d5 11 d5 11 d5 11 d5,0.04385,True,0.6590228291004067,0.9951171875,32.0,338.7438757733071,1.0,64.0,0.0
G,64,2004,300000,11 d5 11 d5 11 d5 11 d5 11 d5 11 d5 11 d5 11 d5 11 d5 11 d5 11 d5 11 d5 11 d5 11 d5 11 d5 11 d5 11 d5 11 d5 11 d5 11 d5 11 d5 11 d5 11 d5 11 d5 11 d5 11 d5 11 d5 11 d5 11 d5 11 d5 11 d5 11 d5,0.03875,True,0.6590228291004067,0.9951171875,32.0,338.7438757733071,1.0,64.0,0.0
G,64,2004,500000,11 d5 11 d5 11 d5 11 d5 11 d5 11 d5 11 d5 11 d5 11 d5 11 d5 11 d5 11 d5 11 d5 11 d5 11 d5 11 d5 11 d5 11 d5 11 d5 11 d5 11 d5 11 d5 11 d5 11 d5 11 d5 11 d5 11 d5 11 d5 11 d5 11 d5 11 d5 11 d5,0.03995,True,0.6590228291004067,0.9951171875,32.0,338.7438757733071,1.0,64.0,0.0
G,64,2004,750000,11 d5 11 d5 11 d5 11 d5 11 d5 11 d5 11 d5 11 d5 11 d5 11 d5 11 d5 11 d5 11 d5 11 d5 11 d5 11 d5 11 d5 11 d5 11 d5 11 d5 11 d5 11 d5 11 d5 11 d5 11 d5 11 d5 11 d5 11 d5 11 d5 11 d5 11 d5 11 d5,0.04575,True,0.6590228291004067,0.9951171875,32.0,338.7438757733071,1.0,64.0,0.0
G,64,2004,1000000,11 d5 11 d5 11 d5 11 d5 11 d5 11 d5 11 d5 11 d5 11 d5 11 d5 11 d5 11 d5 11 d5 11 d5 11 d5 11 d5 11 d5 11 d5 11 d5 11 d5 11 d5 11 d5 11 d5 11 d5 11 d5 11 d5 11 d5 11 d5 11 d5 11 d5 11 d5 11 d5,0.03965,True,0.6590228291004067,0.9951171875,32.0,338.7438757733071,1.0,64.0,0.0
G,64,2004,1000000,11 d5 11 d5 11 d5 11 d5 11 d5 11 d5 11 d5 11 d5 11 d5 11 d5 11 d5 11 d5 11 d5 11 d5 11 d5 11 d5 11 d5 11 d5 11 d5 11 d5 11 d5 11 d5 11 d5 11 d5 11 d5 11 d5 11 d5 11 d5 11 d5 11 d5 11 d5 11 d5,0.03965,True,0.6590228291004067,0.9951171875,32.0,338.7438757733071,1.0,64.0,0.0
G,64,2005,500,21 e5 21 e5 21 e5 21 e5 21 e5 21 e5 21 e5 21 e5 21 e5 21 e5 21 e5 21 e5 21 e5 21 e5 21 e5 21 e5 21 e5 21 e5 21 e5 21 e5 21 e5 21 e5 21 e5 21 e5 21 e5 21 e5 21 e5 21 e5 21 e5 21 e5 21 e5 21 e5,0.00285,True,0.7849674879192268,0.9931640625,32.0,368.024662740129,1.0,64.0,0.0
G,64,2005,850,01 c5 01 c5 01 c5 01 c5 01 c5 01 c5 01 c5 01 c5 01 c5 01 c5 01 c5 01 c5 01 c5 01 c5 01 c5 01 c5 01 c5 01 c5 01 c5 01 c5 01 c5 01 c5 01 c5 01 c5 01 c5 01 c5 01 c5 01 c5 01 c5 01 c5 01 c5 01 c5,0.0169,True,0.7236383128520225,0.99267578125,32.0,336.4379730747056,1.0,64.0,0.0
G,64,2005,1000,01 c5 01 c5 01 c5 01 c5 01 c5 01 c5 01 c5 01 c5 01 c5 01 c5 01 c5 01 c5 01 c5 01 c5 01 c5 01 c5 01 c5 01 c5 01 c5 01 c5 01 c5 01 c5 01 c5 01 c5 01 c5 01 c5 01 c5 01 c5 01 c5 01 c5 01 c5 01 c5,0.02205,True,0.7236383128520225,0.99267578125,32.0,336.4379730747056,1.0,64.0,0.0
G,64,2005,2000,01 c5 01 c5 01 c5 01 c5 01 c5 01 c5 01 c5 01 c5 01 c5 01 c5 01 c5 01 c5 01 c5 01 c5 01 c5 01 c5 01 c5 01 c5 01 c5 01 c5 01 c5 01 c5 01 c5 01 c5 01 c5 01 c5 01 c5 01 c5 01 c5 01 c5 01 c5 01 c5,0.03625,True,0.7236383128520225,0.99267578125,32.0,336.4379730747056,1.0,64.0,0.0
G,64,2005,3000,01 c5 01 c5 01 c5 01 c5 01 c5 01 c5 01 c5 01 c5 01 c5 01 c5 01 c5 01 c5 01 c5 01 c5 01 c5 01 c5 01 c5 01 c5 01 c5 01 c5 01 c5 01 c5 01 c5 01 c5 01 c5 01 c5 01 c5 01 c5 01 c5 01 c5 01 c5 01 c5,0.02075,True,0.7236383128520225,0.99267578125,32.0,336.4379730747056,1.0,64.0,0.0
G,64,2005,5000,11 d5 11 d5 11 d5 11 d5 11 d5 11 d5 11 d5 11 d5 11 d5 11 d5 11 d5 11 d5 11 d5 11 d5 11 d5 11 d5 11 d5 11 d5 11 d5 11 d5 11 d5 11 d5 11 d5 11 d5 11 d5 11 d5 11 d5 11 d5 11 d5 11 d5 11 d5 11 d5,0.015,True,0.7036095310099846,0.994140625,32.0,348.97216185933314,1.0,64.0,0.0
G,64,2005,10000,11 d5 11 d5 11 d5 11 d5 11 d5 11 d5 11 d5 11 d5 11 d5 11 d5 11 d5 11 d5 11 d5 11 d5 11 d5 11 d5 11 d5 11 d5 11 d5 11 d5 11 d5 11 d5 11 d5 11 d5 11 d5 11 d5 11 d5 11 d5 11 d5 11 d5 11 d5 11 d5,0.01805,True,0.7036095310099846,0.994140625,32.0,348.97216185933314,1.0,64.0,0.0
G,64,2005,15000,11 d5 11 d5 11 d5 11 d5 11 d5 11 d5 11 d5 11 d5 11 d5 11 d5 11 d5 11 d5 11 d5 11 d5 11 d5 11 d5 11 d5 11 d5 11 d5 11 d5 11 d5 11 d5 11 d5 11 d5 11 d5 11 d5 11 d5 11 d5 11 d5 11 d5 11 d5 11 d5,0.02515,True,0.7036095310099846,0.994140625,32.0,348.97216185933314,1.0,64.0,0.0
G,64,2005,20000,11 d5 11 d5 11 d5 11 d5 11 d5 11 d5 11 d5 11 d5 11 d5 11 d5 11 d5 11 d5 11 d5 11 d5 11 d5 11 d5 11 d5 11 d5 11 d5 11 d5 11 d5 11 d5 11 d5 11 d5 11 d5 11 d5 11 d5 11 d5 11 d5 11 d5 11 d5 11 d5,0.0275,True,0.7036095310099846,0.994140625,32.0,348.97216185933314,1.0,64.0,0.0
G,64,2005,30000,11 d5 11 d5 11 d5 11 d5 11 d5 11 d5 11 d5 11 d5 11 d5 11 d5 11 d5 11 d5 11 d5 11 d5 11 d5 11 d5 11 d5 11 d5 11 d5 11 d5 11 d5 11 d5 11 d5 11 d5 11 d5 11 d5 11 d5 11 d5 11 d5 11 d5 11 d5 11 d5,0.03095,True,0.7036095310099846,0.994140625,32.0,348.97216185933314,1.0,64.0,0.0
G,64,2005,50000,11 d5 11 d5 11 d5 11 d5 11 d5 11 d5 11 d5 11 d5 11 d5 11 d5 11 d5 11 d5 11 d5 11 d5 11 d5 11 d5 11 d5 11 d5 11 d5 11 d5 11 d5 11 d5 11 d5 11 d5 11 d5 11 d5 11 d5 11 d5 11 d5 11 d5 11 d5 11 d5,0.03535,True,0.7036095310099846,0.994140625,32.0,348.97216185933314,1.0,64.0,0.0
G,64,2005,75000,11 d5 11 d5 11 d5 11 d5 11 d5 11 d5 11 d5 11 d5 11 d5 11 d5 11 d5 11 d5 11 d5 11 d5 11 d5 11 d5 11 d5 11 d5 11 d5 11 d5 11 d5 11 d5 11 d5 11 d5 11 d5 11 d5 11 d5 11 d5 11 d5 11 d5 11 d5 11 d5,0.02935,True,0.7036095310099846,0.994140625,32.0,348.97216185933314,1.0,64.0,0.0
G,64,2005,100000,11 d5 11 d5 11 d5 11 d5 11 d5 11 d5 11 d5 11 d5 11 d5 11 d5 11 d5 11 d5 11 d5 11 d5 11 d5 11 d5 11 d5 11 d5 11 d5 11 d5 11 d5 11 d5 11 d5 11 d5 11 d5 11 d5 11 d5 11 d5 11 d5 11 d5 11 d5 11 d5,0.03495,True,0.7036095310099846,0.994140625,32.0,348.97216185933314,1.0,64.0,0.0
G,64,2005,150000,11 d5 11 d5 11 d5 11 d5 11 d5 11 d5 11 d5 11 d5 11 d5 11 d5 11 d5 11 d5 11 d5 11 d5 11 d5 11 d5 11 d5 11 d5 11 d5 11 d5 11 d5 11 d5 11 d5 11 d5 11 d5 11 d5 11 d5 11 d5 11 d5 11 d5 11 d5 11 d5,0.0378,True,0.7036095310099846,0.994140625,32.0,348.97216185933314,1.0,64.0,0.0
G,64,2005,200000,11 d5 11 d5 11 d5 11 d5 11 d5 11 d5 11 d5 11 d5 11 d5 11 d5 11 d5 11 d5 11 d5 11 d5 11 d5 11 d5 11 d5 11 d5 11 d5 11 d5 11 d5 11 d5 11 d5 11 d5 11 d5 11 d5 11 d5 11 d5 11 d5 11 d5 11 d5 11 d5,0.04165,True,0.7036095310099846,0.994140625,32.0,348.97216185933314,1.0,64.0,0.0
G,64,2005,300000,11 d5 11 d5 11 d5 11 d5 11 d5 11 d5 11 d5 11 d5 11 d5 11 d5 11 d5 11 d5 11 d5 11 d5 11 d5 11 d5 11 d5 11 d5 11 d5 11 d5 11 d5 11 d5 11 d5 11 d5 11 d5 11 d5 11 d5 11 d5 11 d5 11 d5 11 d5 11 d5,0.0467,True,0.7036095310099846,0.994140625,32.0,348.97216185933314,1.0,64.0,0.0
G,64,2005,500000,11 d5 11 d5 11 d5 11 d5 11 d5 11 d5 11 d5 11 d5 11 d5 11 d5 11 d5 11 d5 11 d5 11 d5 11 d5 11 d5 11 d5 11 d5 11 d5 11 d5 11 d5 11 d5 11 d5 11 d5 11 d5 11 d5 11 d5 11 d5 11 d5 11 d5 11 d5 11 d5,0.0407,True,0.7036095310099846,0.994140625,32.0,348.97216185933314,1.0,64.0,0.0
G,64,2005,750000,11 88 fb f3 ed b0 e1 ca 11 88 fb f3 ed b0 e1 ca 11 88 fb f3 ed b0 e1 ca 11 88 fb f3 ed b0 e1 ca 11 88 fb f3 ed b0 e1 ca 11 88 fb f3 ed b0 e1 ca 11 88 fb f3 ed b0 e1 ca 11 88 fb f3 ed b0 e1 ca,0.00825,True,1.0,0.93408203125,4.0,35.963741369080154,0.0,6.0,2.0
G,64,2005,1000000,84 5e ed b0 84 5e ed b0 84 5e ed b0 84 5e ed b0 84 5e ed b0 84 5e ed b0 84 5e ed b0 84 5e ed b0 84 5e ed b0 84 5e ed b0 84 5e ed b0 84 5e ed b0 84 5e ed b0 84 5e ed b0 84 5e ed b0 84 5e ed b0,0.44015,True,1.0,0.95458984375,0.0,9.181715214362242,0.0,4.0,0.0
G,64,2005,1000000,84 5e ed b0 84 5e ed b0 84 5e ed b0 84 5e ed b0 84 5e ed b0 84 5e ed b0 84 5e ed b0 84 5e ed b0 84 5e ed b0 84 5e ed b0 84 5e ed b0 84 5e ed b0 84 5e ed b0 84 5e ed b0 84 5e ed b0 84 5e ed b0,0.44015,True,1.0,0.95458984375,0.0,9.181715214362242,0.0,4.0,0.0
G,64,2006,500,00 04 00 04 00 04 00 04 00 04 00 04 00 04 00 04 00 04 00 04 00 04 00 04 00 04 00 04 00 04 00 04 00 04 00 04 00 04 00 04 00 04 00 04 00 04 00 04 00 04 00 04 00 04 00 04 00 04 00 04 00 04 00 00,0.001,False,0.056942132001366115,0.0,0.0,0.0,1.0,64.0,0.0
G,64,2006,1000,01 c5 01 c5 01 c5 01 c5 01 c5 01 c5 01 c5 01 c5 01 c5 01 c5 01 c5 01 c5 01 c5 01 c5 01 c5 01 c5 01 c5 01 c5 01 c5 01 c5 01 c5 01 c5 01 c5 01 c5 01 c5 01 c5 01 c5 01 c5 01 c5 01 c5 01 c5 01 c5,0.0057,True,0.5792953249007936,0.98486328125,39.0,441.74769402443553,1.0,64.0,0.0
G,64,2006,1650,01 c5 01 c5 01 c5 01 c5 01 c5 01 c5 01 c5 01 c5 01 c5 01 c5 01 c5 01 c5 01 c5 01 c5 01 c5 01 c5 01 c5 01 c5 01 c5 01 c5 01 c5 01 c5 01 c5 01 c5 01 c5 01 c5 01 c5 01 c5 01 c5 01 c5 01 c5 01 c5,0.01675,True,0.5792953249007936,0.98486328125,39.0,441.74769402443553,1.0,64.0,0.0
G,64,2006,2000,01 c5 01 c5 01 c5 01 c5 01 c5 01 c5 01 c5 01 c5 01 c5 01 c5 01 c5 01 c5 01 c5 01 c5 01 c5 01 c5 01 c5 01 c5 01 c5 01 c5 01 c5 01 c5 01 c5 01 c5 01 c5 01 c5 01 c5 01 c5 01 c5 01 c5 01 c5 01 c5,0.03005,True,0.5792953249007936,0.98486328125,39.0,441.74769402443553,1.0,64.0,0.0
G,64,2006,3000,01 c5 01 c5 01 c5 01 c5 01 c5 01 c5 01 c5 01 c5 01 c5 01 c5 01 c5 01 c5 01 c5 01 c5 01 c5 01 c5 01 c5 01 c5 01 c5 01 c5 01 c5 01 c5 01 c5 01 c5 01 c5 01 c5 01 c5 01 c5 01 c5 01 c5 01 c5 01 c5,0.0321,True,0.5792953249007936,0.98486328125,39.0,441.74769402443553,1.0,64.0,0.0
G,64,2006,5000,01 c5 01 c5 01 c5 01 c5 01 c5 01 c5 01 c5 01 c5 01 c5 01 c5 01 c5 01 c5 01 c5 01 c5 01 c5 01 c5 01 c5 01 c5 01 c5 01 c5 01 c5 01 c5 01 c5 01 c5 01 c5 01 c5 01 c5 01 c5 01 c5 01 c5 01 c5 01 c5,0.0249,True,0.5792953249007936,0.98486328125,39.0,441.74769402443553,1.0,64.0,0.0
G,64,2006,10000,01 c5 01 c5 01 c5 01 c5 01 c5 01 c5 01 c5 01 c5 01 c5 01 c5 01 c5 01 c5 01 c5 01 c5 01 c5 01 c5 01 c5 01 c5 01 c5 01 c5 01 c5 01 c5 01 c5 01 c5 01 c5 01 c5 01 c5 01 c5 01 c5 01 c5 01 c5 01 c5,0.02195,True,0.5792953249007936,0.98486328125,39.0,441.74769402443553,1.0,64.0,0.0
G,64,2006,15000,01 c5 01 c5 01 c5 01 c5 01 c5 01 c5 01 c5 01 c5 01 c5 01 c5 01 c5 01 c5 01 c5 01 c5 01 c5 01 c5 01 c5 01 c5 01 c5 01 c5 01 c5 01 c5 01 c5 01 c5 01 c5 01 c5 01 c5 01 c5 01 c5 01 c5 01 c5 01 c5,0.0182,True,0.5792953249007936,0.98486328125,39.0,441.74769402443553,1.0,64.0,0.0
G,64,2006,20000,11 d5 11 d5 11 d5 11 d5 11 d5 11 d5 11 d5 11 d5 11 d5 11 d5 11 d5 11 d5 11 d5 11 d5 11 d5 11 d5 11 d5 11 d5 11 d5 11 d5 11 d5 11 d5 11 d5 11 d5 11 d5 11 d5 11 d5 11 d5 11 d5 11 d5 11 d5 11 d5,0.0178,True,0.6432089153705838,0.9912109375,41.0,415.163216419887,1.0,64.0,0.0
G,64,2006,30000,11 d5 11 d5 11 d5 11 d5 11 d5 11 d5 11 d5 11 d5 11 d5 11 d5 11 d5 11 d5 11 d5 11 d5 11 d5 11 d5 11 d5 11 d5 11 d5 11 d5 11 d5 11 d5 11 d5 11 d5 11 d5 11 d5 11 d5 11 d5 11 d5 11 d5 11 d5 11 d5,0.02095,True,0.6432089153705838,0.9912109375,41.0,415.163216419887,1.0,64.0,0.0
G,64,2006,50000,11 d5 11 d5 11 d5 11 d5 11 d5 11 d5 11 d5 11 d5 11 d5 11 d5 11 d5 11 d5 11 d5 11 d5 11 d5 11 d5 11 d5 11 d5 11 d5 11 d5 11 d5 11 d5 11 d5 11 d5 11 d5 11 d5 11 d5 11 d5 11 d5 11 d5 11 d5 11 d5,0.0419,True,0.6432089153705838,0.9912109375,41.0,415.163216419887,1.0,64.0,0.0
G,64,2006,75000,11 d5 11 d5 11 d5 11 d5 11 d5 11 d5 11 d5 11 d5 11 d5 11 d5 11 d5 11 d5 11 d5 11 d5 11 d5 11 d5 11 d5 11 d5 11 d5 11 d5 11 d5 11 d5 11 d5 11 d5 11 d5 11 d5 11 d5 11 d5 11 d5 11 d5 11 d5 11 d5,0.04225,True,0.6432089153705838,0.9912109375,41.0,415.163216419887,1.0,64.0,0.0
G,64,2006,100000,11 d5 11 d5 11 d5 11 d5 11 d5 11 d5 11 d5 11 d5 11 d5 11 d5 11 d5 11 d5 11 d5 11 d5 11 d5 11 d5 11 d5 11 d5 11 d5 11 d5 11 d5 11 d5 11 d5 11 d5 11 d5 11 d5 11 d5 11 d5 11 d5 11 d5 11 d5 11 d5,0.04155,True,0.6432089153705838,0.9912109375,41.0,415.163216419887,1.0,64.0,0.0
G,64,2006,150000,11 d5 11 d5 11 d5 11 d5 11 d5 11 d5 11 d5 11 d5 11 d5 11 d5 11 d5 11 d5 11 d5 11 d5 11 d5 11 d5 11 d5 11 d5 11 d5 11 d5 11 d5 11 d5 11 d5 11 d5 11 d5 11 d5 11 d5 11 d5 11 d5 11 d5 11 d5 11 d5,0.0416,True,0.6432089153705838,0.9912109375,41.0,415.163216419887,1.0,64.0,0.0
G,64,2006,200000,11 d5 11 d5 11 d5 11 d5 11 d5 11 d5 11 d5 11 d5 11 d5 11 d5 11 d5 11 d5 11 d5 11 d5 11 d5 11 d5 11 d5 11 d5 11 d5 11 d5 11 d5 11 d5 11 d5 11 d5 11 d5 11 d5 11 d5 11 d5 11 d5 11 d5 11 d5 11 d5,0.0382,True,0.6432089153705838,0.9912109375,41.0,415.163216419887,1.0,64.0,0.0
G,64,2006,300000,11 d5 11 d5 11 d5 11 d5 11 d5 11 d5 11 d5 11 d5 11 d5 11 d5 11 d5 11 d5 11 d5 11 d5 11 d5 11 d5 11 d5 11 d5 11 d5 11 d5 11 d5 11 d5 11 d5 11 d5 11 d5 11 d5 11 d5 11 d5 11 d5 11 d5 11 d5 11 d5,0.0429,True,0.6432089153705838,0.9912109375,41.0,415.163216419887,1.0,64.0,0.0
G,64,2006,500000,11 d5 11 d5 11 d5 11 d5 11 d5 11 d5 11 d5 11 d5 11 d5 11 d5 11 d5 11 d5 11 d5 11 d5 11 d5 11 d5 11 d5 11 d5 11 d5 11 d5 11 d5 11 d5 11 d5 11 d5 11 d5 11 d5 11 d5 11 d5 11 d5 11 d5 11 d5 11 d5,0.0397,True,0.6432089153705838,0.9912109375,41.0,415.163216419887,1.0,64.0,0.0
G,64,2006,750000,11 d5 11 d5 11 d5 11 d5 11 d5 11 d5 11 d5 11 d5 11 d5 11 d5 11 d5 11 d5 11 d5 11 d5 11 d5 11 d5 11 d5 11 d5 11 d5 11 d5 11 d5 11 d5 11 d5 11 d5 11 d5 11 d5 11 d5 11 d5 11 d5 11 d5 11 d5 11 d5,0.0375,True,0.6432089153705838,0.9912109375,41.0,415.163216419887,1.0,64.0,0.0
G,64,2006,1000000,d5 d5 11 73 e9 d5 11 d5 11 73 e9 d5 11 d5 11 73 e9 d5 11 73 e9 d5 11 d5 11 73 e9 d5 11 d5 11 73 e9 d5 11 d5 11 73 e9 d5 11 d5 11 73 e9 d5 11 d5 11 73 e9 d5 11 d5 11 73 e9 d5 11 d5 11 73 e9 d5,0.18115,True,0.9521596144448328,0.89404296875,1.0,18.76399919248277,0.0,11.0,0.0
G,64,2006,1000000,d5 d5 11 73 e9 d5 11 d5 11 73 e9 d5 11 d5 11 73 e9 d5 11 73 e9 d5 11 d5 11 73 e9 d5 11 d5 11 73 e9 d5 11 d5 11 73 e9 d5 11 d5 11 73 e9 d5 11 d5 11 73 e9 d5 11 d5 11 73 e9 d5 11 d5 11 73 e9 d5,0.18115,True,0.9521596144448328,0.89404296875,1.0,18.76399919248277,0.0,11.0,0.0
G,64,2007,500,00 04 00 04 00 04 00 04 00 04 00 04 00 04 00 04 00 04 00 04 00 04 00 04 00 04 00 04 00 04 00 04 00 04 00 04 00 04 00 04 00 04 00 04 00 04 00 04 00 04 00 04 00 04 00 04 00 04 00 04 00 04 00 00,0.0021,False,0.06647676680815769,0.0,0.0,0.0,1.0,64.0,0.0
G,64,2007,1000,00 04 00 04 00 04 00 04 00 04 00 04 00 04 00 04 00 04 00 04 00 04 00 04 00 04 00 04 00 04 00 04 00 04 00 04 00 04 00 04 00 04 00 04 00 04 00 04 00 04 00 04 00 04 00 04 00 04 00 04 00 04 00 00,0.0017,False,0.06647676680815769,0.0,0.0,0.0,1.0,64.0,0.0
G,64,2007,2000,01 c5 01 c5 01 c5 01 c5 01 c5 01 c5 01 c5 01 c5 01 c5 01 c5 01 c5 01 c5 01 c5 01 c5 01 c5 01 c5 01 c5 01 c5 01 c5 01 c5 01 c5 01 c5 01 c5 01 c5 01 c5 01 c5 01 c5 01 c5 01 c5 01 c5 01 c5 01 c5,0.01175,True,0.5432842701932923,0.99072265625,32.0,313.28989857277566,1.0,64.0,0.0
G,64,2007,2100,01 c5 01 c5 01 c5 01 c5 01 c5 01 c5 01 c5 01 c5 01 c5 01 c5 01 c5 01 c5 01 c5 01 c5 01 c5 01 c5 01 c5 01 c5 01 c5 01 c5 01 c5 01 c5 01 c5 01 c5 01 c5 01 c5 01 c5 01 c5 01 c5 01 c5 01 c5 01 c5,0.01345,True,0.5432842701932923,0.99072265625,32.0,313.28989857277566,1.0,64.0,0.0
G,64,2007,3000,01 c5 01 c5 01 c5 01 c5 01 c5 01 c5 01 c5 01 c5 01 c5 01 c5 01 c5 01 c5 01 c5 01 c5 01 c5 01 c5 01 c5 01 c5 01 c5 01 c5 01 c5 01 c5 01 c5 01 c5 01 c5 01 c5 01 c5 01 c5 01 c5 01 c5 01 c5 01 c5,0.0514,True,0.5432842701932923,0.99072265625,32.0,313.28989857277566,1.0,64.0,0.0
G,64,2007,5000,01 c5 01 c5 01 c5 01 c5 01 c5 01 c5 01 c5 01 c5 01 c5 01 c5 01 c5 01 c5 01 c5 01 c5 01 c5 01 c5 01 c5 01 c5 01 c5 01 c5 01 c5 01 c5 01 c5 01 c5 01 c5 01 c5 01 c5 01 c5 01 c5 01 c5 01 c5 01 c5,0.06495,True,0.5432842701932923,0.99072265625,32.0,313.28989857277566,1.0,64.0,0.0
G,64,2007,10000,01 c5 01 c5 01 c5 01 c5 01 c5 01 c5 01 c5 01 c5 01 c5 01 c5 01 c5 01 c5 01 c5 01 c5 01 c5 01 c5 01 c5 01 c5 01 c5 01 c5 01 c5 01 c5 01 c5 01 c5 01 c5 01 c5 01 c5 01 c5 01 c5 01 c5 01 c5 01 c5,0.02255,True,0.5432842701932923,0.99072265625,32.0,313.28989857277566,1.0,64.0,0.0
G,64,2007,15000,01 c5 01 c5 01 c5 01 c5 01 c5 01 c5 01 c5 01 c5 01 c5 01 c5 01 c5 01 c5 01 c5 01 c5 01 c5 01 c5 01 c5 01 c5 01 c5 01 c5 01 c5 01 c5 01 c5 01 c5 01 c5 01 c5 01 c5 01 c5 01 c5 01 c5 01 c5 01 c5,0.0207,True,0.5432842701932923,0.99072265625,32.0,313.28989857277566,1.0,64.0,0.0
G,64,2007,20000,11 d5 11 d5 11 d5 11 d5 11 d5 11 d5 11 d5 11 d5 11 d5 11 d5 11 d5 11 d5 11 d5 11 d5 11 d5 11 d5 11 d5 11 d5 11 d5 11 d5 11 d5 11 d5 11 d5 11 d5 11 d5 11 d5 11 d5 11 d5 11 d5 11 d5 11 d5 11 d5,0.0174,True,0.6603007592485919,0.9931640625,32.0,310.6746750879929,1.0,64.0,0.0
G,64,2007,30000,11 d5 11 d5 11 d5 11 d5 11 d5 11 d5 11 d5 11 d5 11 d5 11 d5 11 d5 11 d5 11 d5 11 d5 11 d5 11 d5 11 d5 11 d5 11 d5 11 d5 11 d5 11 d5 11 d5 11 d5 11 d5 11 d5 11 d5 11 d5 11 d5 11 d5 11 d5 11 d5,0.03115,True,0.6603007592485919,0.9931640625,32.0,310.6746750879929,1.0,64.0,0.0
G,64,2007,50000,11 d5 11 d5 11 d5 11 d5 11 d5 11 d5 11 d5 11 d5 11 d5 11 d5 11 d5 11 d5 11 d5 11 d5 11 d5 11 d5 11 d5 11 d5 11 d5 11 d5 11 d5 11 d5 11 d5 11 d5 11 d5 11 d5 11 d5 11 d5 11 d5 11 d5 11 d5 11 d5,0.0441,True,0.6603007592485919,0.9931640625,32.0,310.6746750879929,1.0,64.0,0.0
G,64,2007,75000,11 d5 11 d5 11 d5 11 d5 11 d5 11 d5 11 d5 11 d5 11 d5 11 d5 11 d5 11 d5 11 d5 11 d5 11 d5 11 d5 11 d5 11 d5 11 d5 11 d5 11 d5 11 d5 11 d5 11 d5 11 d5 11 d5 11 d5 11 d5 11 d5 11 d5 11 d5 11 d5,0.03785,True,0.6603007592485919,0.9931640625,32.0,310.6746750879929,1.0,64.0,0.0
G,64,2007,100000,11 d5 11 d5 11 d5 11 d5 11 d5 11 d5 11 d5 11 d5 11 d5 11 d5 11 d5 11 d5 11 d5 11 d5 11 d5 11 d5 11 d5 11 d5 11 d5 11 d5 11 d5 11 d5 11 d5 11 d5 11 d5 11 d5 11 d5 11 d5 11 d5 11 d5 11 d5 11 d5,0.03775,True,0.6603007592485919,0.9931640625,32.0,310.6746750879929,1.0,64.0,0.0
G,64,2007,150000,11 d5 11 d5 11 d5 11 d5 11 d5 11 d5 11 d5 11 d5 11 d5 11 d5 11 d5 11 d5 11 d5 11 d5 11 d5 11 d5 11 d5 11 d5 11 d5 11 d5 11 d5 11 d5 11 d5 11 d5 11 d5 11 d5 11 d5 11 d5 11 d5 11 d5 11 d5 11 d5,0.04635,True,0.6603007592485919,0.9931640625,32.0,310.6746750879929,1.0,64.0,0.0
G,64,2007,200000,11 d5 11 d5 11 d5 11 d5 11 d5 11 d5 11 d5 11 d5 11 d5 11 d5 11 d5 11 d5 11 d5 11 d5 11 d5 11 d5 11 d5 11 d5 11 d5 11 d5 11 d5 11 d5 11 d5 11 d5 11 d5 11 d5 11 d5 11 d5 11 d5 11 d5 11 d5 11 d5,0.0389,True,0.6603007592485919,0.9931640625,32.0,310.6746750879929,1.0,64.0,0.0
G,64,2007,300000,11 d5 11 d5 11 d5 11 d5 11 d5 11 d5 11 d5 11 d5 11 d5 11 d5 11 d5 11 d5 11 d5 11 d5 11 d5 11 d5 11 d5 11 d5 11 d5 11 d5 11 d5 11 d5 11 d5 11 d5 11 d5 11 d5 11 d5 11 d5 11 d5 11 d5 11 d5 11 d5,0.0378,True,0.6603007592485919,0.9931640625,32.0,310.6746750879929,1.0,64.0,0.0
G,64,2007,500000,11 d5 11 d5 11 d5 11 d5 11 d5 11 d5 11 d5 11 d5 11 d5 11 d5 11 d5 11 d5 11 d5 11 d5 11 d5 11 d5 11 d5 11 d5 11 d5 11 d5 11 d5 11 d5 11 d5 11 d5 11 d5 11 d5 11 d5 11 d5 11 d5 11 d5 11 d5 11 d5,0.039,True,0.6603007592485919,0.9931640625,32.0,310.6746750879929,1.0,64.0,0.0
G,64,2007,750000,11 d5 11 d5 11 d5 11 d5 11 d5 11 d5 11 d5 11 d5 11 d5 11 d5 11 d5 11 d5 11 d5 11 d5 11 d5 11 d5 11 d5 11 d5 11 d5 11 d5 11 d5 11 d5 11 d5 11 d5 11 d5 11 d5 11 d5 11 d5 11 d5 11 d5 11 d5 11 d5,0.0406,True,0.6603007592485919,0.9931640625,32.0,310.6746750879929,1.0,64.0,0.0
G,64,2007,1000000,08 5e 50 ed b0 bd 2b 0f 08 5e 50 ed b0 bd 2b 0f 08 5e 50 ed b0 bd 2b 0f 08 5e 50 ed b0 bd 2b 0f 08 5e 50 ed b0 bd 2b 0f 08 5e 50 ed b0 bd 2b 0f 08 5e 50 ed b0 bd 2b 0f 08 5e 50 ed b0 bd 2b 0f,0.01075,True,1.0,0.97119140625,4.0,44.951135691602516,0.0,5.0,3.0
G,64,2007,1000000,08 5e 50 ed b0 bd 2b 0f 08 5e 50 ed b0 bd 2b 0f 08 5e 50 ed b0 bd 2b 0f 08 5e 50 ed b0 bd 2b 0f 08 5e 50 ed b0 bd 2b 0f 08 5e 50 ed b0 bd 2b 0f 08 5e 50 ed b0 bd 2b 0f 08 5e 50 ed b0 bd 2b 0f,0.01075,True,1.0,0.97119140625,4.0,44.951135691602516,0.0,5.0,3.0
G,64,2008,500,01 c5 01 c5 01 c5 01 c5 01 c5 01 c5 01 c5 01 c5 01 c5 01 c5 01 c5 01 c5 01 c5 01 c5 01 c5 01 c5 01 c5 01 c5 01 c5 01 c5 01 c5 01 c5 01 c5 01 c5 01 c5 01 c5 01 c5 01 c5 01 c5 01 c5 01 c5 01 c5,0.0049,True,0.6771650885656681,0.99072265625,32.0,314.2590031577373,1.0,64.0,0.0
G,64,2008,900,01 c5 01 c5 01 c5 01 c5 01 c5 01 c5 01 c5 01 c5 01 c5 01 c5 01 c5 01 c5 01 c5 01 c5 01 c5 01 c5 01 c5 01 c5 01 c5 01 c5 01 c5 01 c5 01 c5 01 c5 01 c5 01 c5 01 c5 01 c5 01 c5 01 c5 01 c5 01 c5,0.01305,True,0.6771650885656681,0.99072265625,32.0,314.2590031577373,1.0,64.0,0.0
G,64,2008,1000,01 c5 01 c5 01 c5 01 c5 01 c5 01 c5 01 c5 01 c5 01 c5 01 c5 01 c5 01 c5 01 c5 01 c5 01 c5 01 c5 01 c5 01 c5 01 c5 01 c5 01 c5 01 c5 01 c5 01 c5 01 c5 01 c5 01 c5 01 c5 01 c5 01 c5 01 c5 01 c5,0.02075,True,0.6771650885656681,0.99072265625,32.0,314.2590031577373,1.0,64.0,0.0
G,64,2008,2000,01 c5 01 c5 01 c5 01 c5 01 c5 01 c5 01 c5 01 c5 01 c5 01 c5 01 c5 01 c5 01 c5 01 c5 01 c5 01 c5 01 c5 01 c5 01 c5 01 c5 01 c5 01 c5 01 c5 01 c5 01 c5 01 c5 01 c5 01 c5 01 c5 01 c5 01 c5 01 c5,0.06305,True,0.6771650885656681,0.99072265625,32.0,314.2590031577373,1.0,64.0,0.0
G,64,2008,3000,01 c5 01 c5 01 c5 01 c5 01 c5 01 c5 01 c5 01 c5 01 c5 01 c5 01 c5 01 c5 01 c5 01 c5 01 c5 01 c5 01 c5 01 c5 01 c5 01 c5 01 c5 01 c5 01 c5 01 c5 01 c5 01 c5 01 c5 01 c5 01 c5 01 c5 01 c5 01 c5,0.05705,True,0.6771650885656681,0.99072265625,32.0,314.2590031577373,1.0,64.0,0.0
G,64,2008,5000,01 c5 01 c5 01 c5 01 c5 01 c5 01 c5 01 c5 01 c5 01 c5 01 c5 01 c5 01 c5 01 c5 01 c5 01 c5 01 c5 01 c5 01 c5 01 c5 01 c5 01 c5 01 c5 01 c5 01 c5 01 c5 01 c5 01 c5 01 c5 01 c5 01 c5 01 c5 01 c5,0.0284,True,0.6771650885656681,0.99072265625,32.0,314.2590031577373,1.0,64.0,0.0
G,64,2008,10000,01 c5 01 c5 01 c5 01 c5 01 c5 01 c5 01 c5 01 c5 01 c5 01 c5 01 c5 01 c5 01 c5 01 c5 01 c5 01 c5 01 c5 01 c5 01 c5 01 c5 01 c5 01 c5 01 c5 01 c5 01 c5 01 c5 01 c5 01 c5 01 c5 01 c5 01 c5 01 c5,0.0307,True,0.6771650885656681,0.99072265625,32.0,314.2590031577373,1.0,64.0,0.0
G,64,2008,15000,01 c5 01 c5 01 c5 01 c5 01 c5 01 c5 01 c5 01 c5 01 c5 01 c5 01 c5 01 c5 01 c5 01 c5 01 c5 01 c5 01 c5 01 c5 01 c5 01 c5 01 c5 01 c5 01 c5 01 c5 01 c5 01 c5 01 c5 01 c5 01 c5 01 c5 01 c5 01 c5,0.0296,True,0.6771650885656681,0.99072265625,32.0,314.2590031577373,1.0,64.0,0.0
G,64,2008,20000,01 c5 01 c5 01 c5 01 c5 01 c5 01 c5 01 c5 01 c5 01 c5 01 c5 01 c5 01 c5 01 c5 01 c5 01 c5 01 c5 01 c5 01 c5 01 c5 01 c5 01 c5 01 c5 01 c5 01 c5 01 c5 01 c5 01 c5 01 c5 01 c5 01 c5 01 c5 01 c5,0.02985,True,0.6771650885656681,0.99072265625,32.0,314.2590031577373,1.0,64.0,0.0
G,64,2008,30000,01 c5 01 c5 01 c5 01 c5 01 c5 01 c5 01 c5 01 c5 01 c5 01 c5 01 c5 01 c5 01 c5 01 c5 01 c5 01 c5 01 c5 01 c5 01 c5 01 c5 01 c5 01 c5 01 c5 01 c5 01 c5 01 c5 01 c5 01 c5 01 c5 01 c5 01 c5 01 c5,0.0287,True,0.6771650885656681,0.99072265625,32.0,314.2590031577373,1.0,64.0,0.0
G,64,2008,50000,01 c5 01 c5 01 c5 01 c5 01 c5 01 c5 01 c5 01 c5 01 c5 01 c5 01 c5 01 c5 01 c5 01 c5 01 c5 01 c5 01 c5 01 c5 01 c5 01 c5 01 c5 01 c5 01 c5 01 c5 01 c5 01 c5 01 c5 01 c5 01 c5 01 c5 01 c5 01 c5,0.0295,True,0.6771650885656681,0.99072265625,32.0,314.2590031577373,1.0,64.0,0.0
G,64,2008,75000,01 c5 01 c5 01 c5 01 c5 01 c5 01 c5 01 c5 01 c5 01 c5 01 c5 01 c5 01 c5 01 c5 01 c5 01 c5 01 c5 01 c5 01 c5 01 c5 01 c5 01 c5 01 c5 01 c5 01 c5 01 c5 01 c5 01 c5 01 c5 01 c5 01 c5 01 c5 01 c5,0.02995,True,0.6771650885656681,0.99072265625,32.0,314.2590031577373,1.0,64.0,0.0
G,64,2008,100000,01 c5 01 c5 01 c5 01 c5 01 c5 01 c5 01 c5 01 c5 01 c5 01 c5 01 c5 01 c5 01 c5 01 c5 01 c5 01 c5 01 c5 01 c5 01 c5 01 c5 01 c5 01 c5 01 c5 01 c5 01 c5 01 c5 01 c5 01 c5 01 c5 01 c5 01 c5 01 c5,0.02895,True,0.6771650885656681,0.99072265625,32.0,314.2590031577373,1.0,64.0,0.0
G,64,2008,150000,01 c5 01 c5 01 c5 01 c5 01 c5 01 c5 01 c5 01 c5 01 c5 01 c5 01 c5 01 c5 01 c5 01 c5 01 c5 01 c5 01 c5 01 c5 01 c5 01 c5 01 c5 01 c5 01 c5 01 c5 01 c5 01 c5 01 c5 01 c5 01 c5 01 c5 01 c5 01 c5,0.03175,True,0.6771650885656681,0.99072265625,32.0,314.2590031577373,1.0,64.0,0.0
G,64,2008,200000,01 c5 01 c5 01 c5 01 c5 01 c5 01 c5 01 c5 01 c5 01 c5 01 c5 01 c5 01 c5 01 c5 01 c5 01 c5 01 c5 01 c5 01 c5 01 c5 01 c5 01 c5 01 c5 01 c5 01 c5 01 c5 01 c5 01 c5 01 c5 01 c5 01 c5 01 c5 01 c5,0.0254,True,0.6771650885656681,0.99072265625,32.0,314.2590031577373,1.0,64.0,0.0
G,64,2008,300000,01 c5 01 c5 01 c5 01 c5 01 c5 01 c5 01 c5 01 c5 01 c5 01 c5 01 c5 01 c5 01 c5 01 c5 01 c5 01 c5 01 c5 01 c5 01 c5 01 c5 01 c5 01 c5 01 c5 01 c5 01 c5 01 c5 01 c5 01 c5 01 c5 01 c5 01 c5 01 c5,0.0295,True,0.6771650885656681,0.99072265625,32.0,314.2590031577373,1.0,64.0,0.0
G,64,2008,500000,01 c5 01 c5 01 c5 01 c5 01 c5 01 c5 01 c5 01 c5 01 c5 01 c5 01 c5 01 c5 01 c5 01 c5 01 c5 01 c5 01 c5 01 c5 01 c5 01 c5 01 c5 01 c5 01 c5 01 c5 01 c5 01 c5 01 c5 01 c5 01 c5 01 c5 01 c5 01 c5,0.02855,True,0.6771650885656681,0.99072265625,32.0,314.2590031577373,1.0,64.0,0.0
G,64,2008,750000,01 c5 01 c5 01 c5 01 c5 01 c5 01 c5 01 c5 01 c5 01 c5 01 c5 01 c5 01 c5 01 c5 01 c5 01 c5 01 c5 01 c5 01 c5 01 c5 01 c5 01 c5 01 c5 01 c5 01 c5 01 c5 01 c5 01 c5 01 c5 01 c5 01 c5 01 c5 01 c5,0.0304,True,0.6771650885656681,0.99072265625,32.0,314.2590031577373,1.0,64.0,0.0
G,64,2008,1000000,01 c5 01 c5 01 c5 01 c5 01 c5 01 c5 01 c5 01 c5 01 c5 01 c5 01 c5 01 c5 01 c5 01 c5 01 c5 01 c5 01 c5 01 c5 01 c5 01 c5 01 c5 01 c5 01 c5 01 c5 01 c5 01 c5 01 c5 01 c5 01 c5 01 c5 01 c5 01 c5,0.0233,True,0.6771650885656681,0.99072265625,32.0,314.2590031577373,1.0,64.0,0.0
G,64,2008,1000000,01 c5 01 c5 01 c5 01 c5 01 c5 01 c5 01 c5 01 c5 01 c5 01 c5 01 c5 01 c5 01 c5 01 c5 01 c5 01 c5 01 c5 01 c5 01 c5 01 c5 01 c5 01 c5 01 c5 01 c5 01 c5 01 c5 01 c5 01 c5 01 c5 01 c5 01 c5 01 c5,0.0233,True,0.6771650885656681,0.99072265625,32.0,314.2590031577373,1.0,64.0,0.0
G,64,2009,500,00 03 00 03 00 03 00 03 00 03 00 03 00 03 00 03 00 03 00 03 00 03 00 03 00 03 00 03 00 03 00 03 00 03 00 03 00 03 00 03 00 03 00 03 00 03 00 03 00 03 00 03 00 03 00 03 00 03 00 03 00 03 00 03,0.0015,False,0.04289899553571428,0.0,0.0,0.0,1.0,64.0,0.0
G,64,2009,1000,01 c5 01 c5 01 c5 01 c5 01 c5 01 c5 01 c5 01 c5 01 c5 01 c5 01 c5 01 c5 01 c5 01 c5 01 c5 01 c5 01 c5 01 c5 01 c5 01 c5 01 c5 01 c5 01 c5 01 c5 01 c5 01 c5 01 c5 01 c5 01 c5 01 c5 01 c5 01 c5,0.00355,True,0.7218446980606759,0.994140625,32.0,330.8343559241233,1.0,64.0,0.0
G,64,2009,1550,01 c5 01 c5 01 c5 01 c5 01 c5 01 c5 01 c5 01 c5 01 c5 01 c5 01 c5 01 c5 01 c5 01 c5 01 c5 01 c5 01 c5 01 c5 01 c5 01 c5 01 c5 01 c5 01 c5 01 c5 01 c5 01 c5 01 c5 01 c5 01 c5 01 c5 01 c5 01 c5,0.01635,True,0.7218446980606759,0.994140625,32.0,330.8343559241233,1.0,64.0,0.0
G,64,2009,2000,01 c5 01 c5 01 c5 01 c5 01 c5 01 c5 01 c5 01 c5 01 c5 01 c5 01 c5 01 c5 01 c5 01 c5 01 c5 01 c5 01 c5 01 c5 01 c5 01 c5 01 c5 01 c5 01 c5 01 c5 01 c5 01 c5 01 c5 01 c5 01 c5 01 c5 01 c5 01 c5,0.04585,True,0.7218446980606759,0.994140625,32.0,330.8343559241233,1.0,64.0,0.0
G,64,2009,3000,01 c5 01 c5 01 c5 01 c5 01 c5 01 c5 01 c5 01 c5 01 c5 01 c5 01 c5 01 c5 01 c5 01 c5 01 c5 01 c5 01 c5 01 c5 01 c5 01 c5 01 c5 01 c5 01 c5 01 c5 01 c5 01 c5 01 c5 01 c5 01 c5 01 c5 01 c5 01 c5,0.0626,True,0.7218446980606759,0.994140625,32.0,330.8343559241233,1.0,64.0,0.0
G,64,2009,5000,01 c5 01 c5 01 c5 01 c5 01 c5 01 c5 01 c5 01 c5 01 c5 01 c5 01 c5 01 c5 01 c5 01 c5 01 c5 01 c5 01 c5 01 c5 01 c5 01 c5 01 c5 01 c5 01 c5 01 c5 01 c5 01 c5 01 c5 01 c5 01 c5 01 c5 01 c5 01 c5,0.0196,True,0.7218446980606759,0.994140625,32.0,330.8343559241233,1.0,64.0,0.0
G,64,2009,10000,01 c5 01 c5 01 c5 01 c5 01 c5 01 c5 01 c5 01 c5 01 c5 01 c5 01 c5 01 c5 01 c5 01 c5 01 c5 01 c5 01 c5 01 c5 01 c5 01 c5 01 c5 01 c5 01 c5 01 c5 01 c5 01 c5 01 c5 01 c5 01 c5 01 c5 01 c5 01 c5,0.0207,True,0.7218446980606759,0.994140625,32.0,330.8343559241233,1.0,64.0,0.0
G,64,2009,15000,01 c5 01 c5 01 c5 01 c5 01 c5 01 c5 01 c5 01 c5 01 c5 01 c5 01 c5 01 c5 01 c5 01 c5 01 c5 01 c5 01 c5 01 c5 01 c5 01 c5 01 c5 01 c5 01 c5 01 c5 01 c5 01 c5 01 c5 01 c5 01 c5 01 c5 01 c5 01 c5,0.01775,True,0.7218446980606759,0.994140625,32.0,330.8343559241233,1.0,64.0,0.0
G,64,2009,20000,01 c5 01 c5 01 c5 01 c5 01 c5 01 c5 01 c5 01 c5 01 c5 01 c5 01 c5 01 c5 01 c5 01 c5 01 c5 01 c5 01 c5 01 c5 01 c5 01 c5 01 c5 01 c5 01 c5 01 c5 01 c5 01 c5 01 c5 01 c5 01 c5 01 c5 01 c5 01 c5,0.01355,True,0.7218446980606759,0.994140625,32.0,330.8343559241233,1.0,64.0,0.0
G,64,2009,30000,11 d5 11 d5 11 d5 11 d5 11 d5 11 d5 11 d5 11 d5 11 d5 11 d5 11 d5 11 d5 11 d5 11 d5 11 d5 11 d5 11 d5 11 d5 11 d5 11 d5 11 d5 11 d5 11 d5 11 d5 11 d5 11 d5 11 d5 11 d5 11 d5 11 d5 11 d5 11 d5,0.0154,True,0.7145822332629288,0.994140625,32.0,343.05207195209016,1.0,64.0,0.0
G,64,2009,50000,21 e5 21 e5 21 e5 21 e5 21 e5 21 e5 21 e5 21 e5 21 e5 21 e5 21 e5 21 e5 21 e5 21 e5 21 e5 21 e5 21 e5 21 e5 21 e5 21 e5 21 e5 21 e5 21 e5 21 e5 21 e5 21 e5 21 e5 21 e5 21 e5 21 e5 21 e5 21 e5,0.0269,True,0.8308559247791859,0.99609375,32.0,359.95647715350105,1.0,64.0,0.0
G,64,2009,75000,21 e5 21 e5 21 e5 21 e5 21 e5 21 e5 21 e5 21 e5 21 e5 21 e5 21 e5 21 e5 21 e5 21 e5 21 e5 21 e5 21 e5 21 e5 21 e5 21 e5 21 e5 21 e5 21 e5 21 e5 21 e5 21 e5 21 e5 21 e5 21 e5 21 e5 21 e5 21 e5,0.02605,True,0.8308559247791859,0.99609375,32.0,359.95647715350105,1.0,64.0,0.0
G,64,2009,100000,21 e5 21 e5 21 e5 21 e5 21 e5 21 e5 21 e5 21 e5 21 e5 21 e5 21 e5 21 e5 21 e5 21 e5 21 e5 21 e5 21 e5 21 e5 21 e5 21 e5 21 e5 21 e5 21 e5 21 e5 21 e5 21 e5 21 e5 21 e5 21 e5 21 e5 21 e5 21 e5,0.03505,True,0.8308559247791859,0.99609375,32.0,359.95647715350105,1.0,64.0,0.0
G,64,2009,150000,5a f9 70 e6 e8 99 89 21 10 4a 57 ed b8 fb 7e 26 5a f9 70 e6 e8 99 89 21 10 4a 57 ed b8 fb 7e 26 5a f9 70 e6 e8 99 89 21 10 4a 57 ed b8 fb 7e 26 5a f9 70 e6 e8 99 89 21 10 4a 57 ed b8 fb 7e 26,0.00395,True,1.0,0.92431640625,12.0,102.76207686786687,0.0,13.0,4.0
G,64,2009,200000,d5 9d c5 61 b0 a1 eb 21 10 5b c0 ed b8 69 1f e0 d5 9d c5 61 b0 a1 eb 21 10 5b c0 ed b8 69 1f e0 d5 9d c5 61 b0 a1 eb 21 10 5b c0 ed b8 69 1f e0 d5 9d c5 61 b0 a1 eb 21 10 5b c0 ed b8 69 1f e0,0.0051,True,1.0,0.91943359375,12.0,101.79684757286344,0.0,13.0,4.0
G,64,2009,300000,cf 65 98 cb 43 64 01 a8 21 10 56 78 ed b8 0f b6 cf 65 98 cb 43 64 01 a8 21 10 56 78 ed b8 0f b6 cf 65 98 cb 43 64 01 a8 21 10 56 78 ed b8 0f b6 cf 65 98 cb 43 64 01 a8 21 10 56 78 ed b8 0f b6,0.005,True,1.0,0.92626953125,12.0,99.68952989947167,0.0,7.0,10.0
G,64,2009,500000,a5 5f 34 86 99 72 fe a1 21 90 b5 a4 ed b8 e4 16 a5 5f 34 86 99 72 fe a1 21 90 b5 a4 ed b8 e4 16 a5 5f 34 86 99 72 fe a1 21 90 b5 a4 ed b8 e4 16 a5 5f 34 86 99 72 fe a1 21 90 b5 a4 ed b8 e4 16,0.0032,True,1.0,0.93505859375,12.0,100.58827440564089,0.0,14.0,3.0
G,64,2009,750000,cf 0e 91 3c e9 7b 50 66 21 10 c8 ac ed b8 47 5c cf 0e 91 3c e9 7b 50 66 21 10 c8 ac ed b8 47 5c cf 0e 91 3c e9 7b 50 66 21 10 c8 ac ed b8 47 5c cf 0e 91 3c e9 7b 50 66 21 10 c8 ac ed b8 47 5c,0.0062,True,1.0,0.908203125,11.0,92.93448419323167,0.0,7.0,9.0
G,64,2009,1000000,b8 4b 2c cf ef ec ae 83 ab f9 0d 2e 90 03 19 ed b8 4b 2c cf ef ec ae 83 ab f9 0d 2e 90 03 19 ed b8 4b 2c cf ef ec ae 83 ab f9 0d 2e 90 03 19 ed b8 4b 2c cf ef ec ae 83 ab f9 0d 2e 90 03 19 ed,0.00675,True,1.0,0.9072265625,11.0,95.20290912369073,0.0,13.0,4.0
G,64,2009,1000000,b8 4b 2c cf ef ec ae 83 ab f9 0d 2e 90 03 19 ed b8 4b 2c cf ef ec ae 83 ab f9 0d 2e 90 03 19 ed b8 4b 2c cf ef ec ae 83 ab f9 0d 2e 90 03 19 ed b8 4b 2c cf ef ec ae 83 ab f9 0d 2e 90 03 19 ed,0.00675,True,1.0,0.9072265625,11.0,95.20290912369073,0.0,13.0,4.0
G,64,2010,500,00 03 00 03 00 03 00 03 00 03 00 03 00 03 00 03 00 03 00 03 00 03 00 03 00 03 00 03 00 03 00 03 00 03 00 03 00 03 00 03 00 03 00 03 00 03 00 03 00 03 00 03 00 03 00 03 00 03 00 03 00 03 00 00,0.00115,False,0.048712117575524835,0.0,0.0,0.0,1.0,64.0,0.0
G,64,2010,1000,00 04 00 04 00 04 00 04 00 04 00 04 00 04 00 04 00 04 00 04 00 04 00 04 00 04 00 04 00 04 00 04 00 04 00 04 00 04 00 04 00 04 00 04 00 04 00 04 00 04 00 04 00 04 00 04 00 04 00 04 00 04 00 00,0.0017,False,0.04774355558755761,0.0,0.0,0.0,1.0,64.0,0.0
G,64,2010,2000,01 c5 01 c5 01 c5 01 c5 01 c5 01 c5 01 c5 01 c5 01 c5 01 c5 01 c5 01 c5 01 c5 01 c5 01 c5 01 c5 01 c5 01 c5 01 c5 01 c5 01 c5 01 c5 01 c5 01 c5 01 c5 01 c5 01 c5 01 c5 01 c5 01 c5 01 c5 01 c5,0.00535,True,0.609790276577701,0.99267578125,32.0,301.63875680046294,1.0,64.0,0.0
G,64,2010,2400,01 c5 01 c5 01 c5 01 c5 01 c5 01 c5 01 c5 01 c5 01 c5 01 c5 01 c5 01 c5 01 c5 01 c5 01 c5 01 c5 01 c5 01 c5 01 c5 01 c5 01 c5 01 c5 01 c5 01 c5 01 c5 01 c5 01 c5 01 c5 01 c5 01 c5 01 c5 01 c5,0.01425,True,0.609790276577701,0.99267578125,32.0,301.63875680046294,1.0,64.0,0.0
G,64,2010,3000,01 c5 01 c5 01 c5 01 c5 01 c5 01 c5 01 c5 01 c5 01 c5 01 c5 01 c5 01 c5 01 c5 01 c5 01 c5 01 c5 01 c5 01 c5 01 c5 01 c5 01 c5 01 c5 01 c5 01 c5 01 c5 01 c5 01 c5 01 c5 01 c5 01 c5 01 c5 01 c5,0.03705,True,0.609790276577701,0.99267578125,32.0,301.63875680046294,1.0,64.0,0.0
G,64,2010,5000,01 c5 01 c5 01 c5 01 c5 01 c5 01 c5 01 c5 01 c5 01 c5 01 c5 01 c5 01 c5 01 c5 01 c5 01 c5 01 c5 01 c5 01 c5 01 c5 01 c5 01 c5 01 c5 01 c5 01 c5 01 c5 01 c5 01 c5 01 c5 01 c5 01 c5 01 c5 01 c5,0.03535,True,0.609790276577701,0.99267578125,32.0,301.63875680046294,1.0,64.0,0.0
G,64,2010,10000,01 c5 01 c5 01 c5 01 c5 01 c5 01 c5 01 c5 01 c5 01 c5 01 c5 01 c5 01 c5 01 c5 01 c5 01 c5 01 c5 01 c5 01 c5 01 c5 01 c5 01 c5 01 c5 01 c5 01 c5 01 c5 01 c5 01 c5 01 c5 01 c5 01 c5 01 c5 01 c5,0.02065,True,0.609790276577701,0.99267578125,32.0,301.63875680046294,1.0,64.0,0.0
G,64,2010,15000,11 d5 11 d5 11 d5 11 d5 11 d5 11 d5 11 d5 11 d5 11 d5 11 d5 11 d5 11 d5 11 d5 11 d5 11 d5 11 d5 11 d5 11 d5 11 d5 11 d5 11 d5 11 d5 11 d5 11 d5 11 d5 11 d5 11 d5 11 d5 11 d5 11 d5 11 d5 11 d5,0.01955,True,0.7357855902777778,0.99462890625,32.0,299.39109198846546,1.0,64.0,0.0
G,64,2010,20000,11 d5 11 d5 11 d5 11 d5 11 d5 11 d5 11 d5 11 d5 11 d5 11 d5 11 d5 11 d5 11 d5 11 d5 11 d5 11 d5 11 d5 11 d5 11 d5 11 d5 11 d5 11 d5 11 d5 11 d5 11 d5 11 d5 11 d5 11 d5 11 d5 11 d5 11 d5 11 d5,0.02585,True,0.7357855902777778,0.99462890625,32.0,299.39109198846546,1.0,64.0,0.0
G,64,2010,30000,11 d5 11 d5 11 d5 11 d5 11 d5 11 d5 11 d5 11 d5 11 d5 11 d5 11 d5 11 d5 11 d5 11 d5 11 d5 11 d5 11 d5 11 d5 11 d5 11 d5 11 d5 11 d5 11 d5 11 d5 11 d5 11 d5 11 d5 11 d5 11 d5 11 d5 11 d5 11 d5,0.0331,True,0.7357855902777778,0.99462890625,32.0,299.39109198846546,1.0,64.0,0.0
G,64,2010,50000,11 d5 11 d5 11 d5 11 d5 11 d5 11 d5 11 d5 11 d5 11 d5 11 d5 11 d5 11 d5 11 d5 11 d5 11 d5 11 d5 11 d5 11 d5 11 d5 11 d5 11 d5 11 d5 11 d5 11 d5 11 d5 11 d5 11 d5 11 d5 11 d5 11 d5 11 d5 11 d5,0.04155,True,0.7357855902777778,0.99462890625,32.0,299.39109198846546,1.0,64.0,0.0
G,64,2010,75000,11 d5 11 d5 11 d5 11 d5 11 d5 11 d5 11 d5 11 d5 11 d5 11 d5 11 d5 11 d5 11 d5 11 d5 11 d5 11 d5 11 d5 11 d5 11 d5 11 d5 11 d5 11 d5 11 d5 11 d5 11 d5 11 d5 11 d5 11 d5 11 d5 11 d5 11 d5 11 d5,0.04125,True,0.7357855902777778,0.99462890625,32.0,299.39109198846546,1.0,64.0,0.0
G,64,2010,100000,11 d5 11 d5 11 d5 11 d5 11 d5 11 d5 11 d5 11 d5 11 d5 11 d5 11 d5 11 d5 11 d5 11 d5 11 d5 11 d5 11 d5 11 d5 11 d5 11 d5 11 d5 11 d5 11 d5 11 d5 11 d5 11 d5 11 d5 11 d5 11 d5 11 d5 11 d5 11 d5,0.0407,True,0.7357855902777778,0.99462890625,32.0,299.39109198846546,1.0,64.0,0.0
G,64,2010,150000,11 d5 11 d5 11 d5 11 d5 11 d5 11 d5 11 d5 11 d5 11 d5 11 d5 11 d5 11 d5 11 d5 11 d5 11 d5 11 d5 11 d5 11 d5 11 d5 11 d5 11 d5 11 d5 11 d5 11 d5 11 d5 11 d5 11 d5 11 d5 11 d5 11 d5 11 d5 11 d5,0.04405,True,0.7357855902777778,0.99462890625,32.0,299.39109198846546,1.0,64.0,0.0
G,64,2010,200000,11 d5 11 d5 11 d5 11 d5 11 d5 11 d5 11 d5 11 d5 11 d5 11 d5 11 d5 11 d5 11 d5 11 d5 11 d5 11 d5 11 d5 11 d5 11 d5 11 d5 11 d5 11 d5 11 d5 11 d5 11 d5 11 d5 11 d5 11 d5 11 d5 11 d5 11 d5 11 d5,0.0406,True,0.7357855902777778,0.99462890625,32.0,299.39109198846546,1.0,64.0,0.0
G,64,2010,300000,11 d5 11 d5 11 d5 11 d5 11 d5 11 d5 11 d5 11 d5 11 d5 11 d5 11 d5 11 d5 11 d5 11 d5 11 d5 11 d5 11 d5 11 d5 11 d5 11 d5 11 d5 11 d5 11 d5 11 d5 11 d5 11 d5 11 d5 11 d5 11 d5 11 d5 11 d5 11 d5,0.0372,True,0.7357855902777778,0.99462890625,32.0,299.39109198846546,1.0,64.0,0.0
G,64,2010,500000,11 d5 11 d5 11 d5 11 d5 11 d5 11 d5 11 d5 11 d5 11 d5 11 d5 11 d5 11 d5 11 d5 11 d5 11 d5 11 d5 11 d5 11 d5 11 d5 11 d5 11 d5 11 d5 11 d5 11 d5 11 d5 11 d5 11 d5 11 d5 11 d5 11 d5 11 d5 11 d5,0.03955,True,0.7357855902777778,0.99462890625,32.0,299.39109198846546,1.0,64.0,0.0
G,64,2010,750000,11 d5 11 d5 11 d5 11 d5 11 d5 11 d5 11 d5 11 d5 11 d5 11 d5 11 d5 11 d5 11 d5 11 d5 11 d5 11 d5 11 d5 11 d5 11 d5 11 d5 11 d5 11 d5 11 d5 11 d5 11 d5 11 d5 11 d5 11 d5 11 d5 11 d5 11 d5 11 d5,0.0424,True,0.7357855902777778,0.99462890625,32.0,299.39109198846546,1.0,64.0,0.0
G,64,2010,1000000,11 d5 11 d5 11 d5 11 d5 11 d5 11 d5 11 d5 11 d5 11 d5 11 d5 11 d5 11 d5 11 d5 11 d5 11 d5 11 d5 11 d5 11 d5 11 d5 11 d5 11 d5 11 d5 11 d5 11 d5 11 d5 11 d5 11 d5 11 d5 11 d5 11 d5 11 d5 11 d5,0.0445,True,0.7357855902777778,0.99462890625,32.0,299.39109198846546,1.0,64.0,0.0
G,64,2010,1000000,11 d5 11 d5 11 d5 11 d5 11 d5 11 d5 11 d5 11 d5 11 d5 11 d5 11 d5 11 d5 11 d5 11 d5 11 d5 11 d5 11 d5 11 d5 11 d5 11 d5 11 d5 11 d5 11 d5 11 d5 11 d5 11 d5 11 d5 11 d5 11 d5 11 d5 11 d5 11 d5,0.0445,True,0.7357855902777778,0.99462890625,32.0,299.39109198846546,1.0,64.0,0.0
G,64,2011,500,00 04 00 04 00 04 00 04 00 04 00 04 00 04 00 04 00 04 00 04 00 04 00 04 00 04 00 04 00 04 00 04 00 04 00 04 00 04 00 04 00 04 00 04 00 04 00 04 00 04 00 04 00 04 00 04 00 04 00 04 00 04 00 00,0.0011,False,0.06571945604518689,0.0,0.0,0.0,1.0,64.0,0.0
G,64,2011,1000,00 04 00 04 00 04 00 04 00 04 00 04 00 04 00 04 00 04 00 04 00 04 00 04 00 04 00 04 00 04 00 04 00 04 00 04 00 04 00 04 00 04 00 04 00 04 00 04 00 04 00 04 00 04 00 04 00 04 00 04 00 04 00 00,0.00135,False,0.06571945604518689,0.0,0.0,0.0,1.0,64.0,0.0
G,64,2011,1650,01 c5 01 c5 01 c5 01 c5 01 c5 01 c5 01 c5 01 c5 01 c5 01 c5 01 c5 01 c5 01 c5 01 c5 01 c5 01 c5 01 c5 01 c5 01 c5 01 c5 01 c5 01 c5 01 c5 01 c5 01 c5 01 c5 01 c5 01 c5 01 c5 01 c5 01 c5 01 c5,0.01945,True,0.6423163869372885,0.99267578125,34.0,371.55843114247773,1.0,64.0,0.0
G,64,2011,2000,01 c5 01 c5 01 c5 01 c5 01 c5 01 c5 01 c5 01 c5 01 c5 01 c5 01 c5 01 c5 01 c5 01 c5 01 c5 01 c5 01 c5 01 c5 01 c5 01 c5 01 c5 01 c5 01 c5 01 c5 01 c5 01 c5 01 c5 01 c5 01 c5 01 c5 01 c5 01 c5,0.02865,True,0.6423163869372885,0.99267578125,34.0,371.55843114247773,1.0,64.0,0.0
G,64,2011,3000,01 c5 01 c5 01 c5 01 c5 01 c5 01 c5 01 c5 01 c5 01 c5 01 c5 01 c5 01 c5 01 c5 01 c5 01 c5 01 c5 01 c5 01 c5 01 c5 01 c5 01 c5 01 c5 01 c5 01 c5 01 c5 01 c5 01 c5 01 c5 01 c5 01 c5 01 c5 01 c5,0.0325,True,0.6423163869372885,0.99267578125,34.0,371.55843114247773,1.0,64.0,0.0
G,64,2011,5000,21 e5 21 e5 21 e5 21 e5 21 e5 21 e5 21 e5 21 e5 21 e5 21 e5 21 e5 21 e5 21 e5 21 e5 21 e5 21 e5 21 e5 21 e5 21 e5 21 e5 21 e5 21 e5 21 e5 21 e5 21 e5 21 e5 21 e5 21 e5 21 e5 21 e5 21 e5 21 e5,0.01635,True,0.7196313064036097,0.9951171875,34.0,394.9586697100807,1.0,64.0,0.0
G,64,2011,10000,21 e5 21 e5 21 e5 21 e5 21 e5 21 e5 21 e5 21 e5 21 e5 21 e5 21 e5 21 e5 21 e5 21 e5 21 e5 21 e5 21 e5 21 e5 21 e5 21 e5 21 e5 21 e5 21 e5 21 e5 21 e5 21 e5 21 e5 21 e5 21 e5 21 e5 21 e5 21 e5,0.0207,True,0.7196313064036097,0.9951171875,34.0,394.9586697100807,1.0,64.0,0.0
G,64,2011,15000,21 e5 21 e5 21 e5 21 e5 21 e5 21 e5 21 e5 21 e5 21 e5 21 e5 21 e5 21 e5 21 e5 21 e5 21 e5 21 e5 21 e5 21 e5 21 e5 21 e5 21 e5 21 e5 21 e5 21 e5 21 e5 21 e5 21 e5 21 e5 21 e5 21 e5 21 e5 21 e5,0.0221,True,0.7196313064036097,0.9951171875,34.0,394.9586697100807,1.0,64.0,0.0
G,64,2011,20000,21 e5 21 e5 21 e5 21 e5 21 e5 21 e5 21 e5 21 e5 21 e5 21 e5 21 e5 21 e5 21 e5 21 e5 21 e5 21 e5 21 e5 21 e5 21 e5 21 e5 21 e5 21 e5 21 e5 21 e5 21 e5 21 e5 21 e5 21 e5 21 e5 21 e5 21 e5 21 e5,0.02565,True,0.7196313064036097,0.9951171875,34.0,394.9586697100807,1.0,64.0,0.0
G,64,2011,30000,21 e5 21 e5 21 e5 21 e5 21 e5 21 e5 21 e5 21 e5 21 e5 21 e5 21 e5 21 e5 21 e5 21 e5 21 e5 21 e5 21 e5 21 e5 21 e5 21 e5 21 e5 21 e5 21 e5 21 e5 21 e5 21 e5 21 e5 21 e5 21 e5 21 e5 21 e5 21 e5,0.0273,True,0.7196313064036097,0.9951171875,34.0,394.9586697100807,1.0,64.0,0.0
G,64,2011,50000,21 e5 21 e5 21 e5 21 e5 21 e5 21 e5 21 e5 21 e5 21 e5 21 e5 21 e5 21 e5 21 e5 21 e5 21 e5 21 e5 21 e5 21 e5 21 e5 21 e5 21 e5 21 e5 21 e5 21 e5 21 e5 21 e5 21 e5 21 e5 21 e5 21 e5 21 e5 21 e5,0.0237,True,0.7196313064036097,0.9951171875,34.0,394.9586697100807,1.0,64.0,0.0
G,64,2011,75000,21 e5 21 e5 21 e5 21 e5 21 e5 21 e5 21 e5 21 e5 21 e5 21 e5 21 e5 21 e5 21 e5 21 e5 21 e5 21 e5 21 e5 21 e5 21 e5 21 e5 21 e5 21 e5 21 e5 21 e5 21 e5 21 e5 21 e5 21 e5 21 e5 21 e5 21 e5 21 e5,0.0238,True,0.7196313064036097,0.9951171875,34.0,394.9586697100807,1.0,64.0,0.0
G,64,2011,100000,11 d5 11 d5 11 d5 11 d5 11 d5 11 d5 11 d5 11 d5 11 d5 11 d5 11 d5 11 d5 11 d5 11 d5 11 d5 11 d5 11 d5 11 d5 11 d5 11 d5 11 d5 11 d5 11 d5 11 d5 11 d5 11 d5 11 d5 11 d5 11 d5 11 d5 11 d5 11 d5,0.02325,True,0.6916205137128777,0.99462890625,32.0,328.17169128990207,1.0,64.0,0.0
G,64,2011,150000,11 d5 11 d5 11 d5 11 d5 11 d5 11 d5 11 d5 11 d5 11 d5 11 d5 11 d5 11 d5 11 d5 11 d5 11 d5 11 d5 11 d5 11 d5 11 d5 11 d5 11 d5 11 d5 11 d5 11 d5 11 d5 11 d5 11 d5 11 d5 11 d5 11 d5 11 d5 11 d5,0.03145,True,0.6916205137128777,0.99462890625,32.0,328.17169128990207,1.0,64.0,0.0
G,64,2011,200000,11 d5 11 d5 11 d5 11 d5 11 d5 11 d5 11 d5 11 d5 11 d5 11 d5 11 d5 11 d5 11 d5 11 d5 11 d5 11 d5 11 d5 11 d5 11 d5 11 d5 11 d5 11 d5 11 d5 11 d5 11 d5 11 d5 11 d5 11 d5 11 d5 11 d5 11 d5 11 d5,0.0341,True,0.6916205137128777,0.99462890625,32.0,328.17169128990207,1.0,64.0,0.0
G,64,2011,300000,11 d5 11 d5 11 d5 11 d5 11 d5 11 d5 11 d5 11 d5 11 d5 11 d5 11 d5 11 d5 11 d5 11 d5 11 d5 11 d5 11 d5 11 d5 11 d5 11 d5 11 d5 11 d5 11 d5 11 d5 11 d5 11 d5 11 d5 11 d5 11 d5 11 d5 11 d5 11 d5,0.0426,True,0.6916205137128777,0.99462890625,32.0,328.17169128990207,1.0,64.0,0.0
G,64,2011,500000,11 08 92 ed b0 a7 66 6b 11 08 92 ed b0 a7 66 6b 11 08 92 ed b0 a7 66 6b 11 08 92 ed b0 a7 66 6b 11 08 92 ed b0 a7 66 6b 11 08 92 ed b0 a7 66 6b 11 08 92 ed b0 a7 66 6b 11 08 92 ed b0 a7 66 6b,0.00685,True,1.0,0.943359375,4.0,38.33427328530719,0.0,5.0,3.0
G,64,2011,750000,04 5e ed b0 04 5e ed b0 04 5e ed b0 04 5e ed b0 04 5e ed b0 04 5e ed b0 04 5e ed b0 04 5e ed b0 04 5e ed b0 04 5e ed b0 04 5e ed b0 04 5e ed b0 04 5e ed b0 04 5e ed b0 04 5e ed b0 04 5e ed b0,0.05155,True,1.0,0.955078125,0.0,5.352043425795433,0.0,4.0,0.0
G,64,2011,1000000,84 5e ed b0 84 5e ed b0 84 5e ed b0 84 5e ed b0 84 5e ed b0 84 5e ed b0 84 5e ed b0 84 5e ed b0 84 5e ed b0 84 5e ed b0 84 5e ed b0 84 5e ed b0 84 5e ed b0 84 5e ed b0 84 5e ed b0 84 5e ed b0,0.5886,True,1.0,0.9541015625,0.0,5.352043425795433,0.0,4.0,0.0
G,64,2011,1000000,84 5e ed b0 84 5e ed b0 84 5e ed b0 84 5e ed b0 84 5e ed b0 84 5e ed b0 84 5e ed b0 84 5e ed b0 84 5e ed b0 84 5e ed b0 84 5e ed b0 84 5e ed b0 84 5e ed b0 84 5e ed b0 84 5e ed b0 84 5e ed b0,0.5886,True,1.0,0.9541015625,0.0,5.352043425795433,0.0,4.0,0.0
G,64,2012,500,01 c5 01 c5 01 c5 01 c5 01 c5 01 c5 01 c5 01 c5 01 c5 01 c5 01 c5 01 c5 01 c5 01 c5 01 c5 01 c5 01 c5 01 c5 01 c5 01 c5 01 c5 01 c5 01 c5 01 c5 01 c5 01 c5 01 c5 01 c5 01 c5 01 c5 01 c5 01 c5,0.0024,True,0.6515454489087302,0.99072265625,32.0,328.86136942531755,1.0,64.0,0.0
G,64,2012,1000,01 c5 01 c5 01 c5 01 c5 01 c5 01 c5 01 c5 01 c5 01 c5 01 c5 01 c5 01 c5 01 c5 01 c5 01 c5 01 c5 01 c5 01 c5 01 c5 01 c5 01 c5 01 c5 01 c5 01 c5 01 c5 01 c5 01 c5 01 c5 01 c5 01 c5 01 c5 01 c5,0.0087,True,0.6515454489087302,0.99072265625,32.0,328.86136942531755,1.0,64.0,0.0
G,64,2012,1250,01 c5 01 c5 01 c5 01 c5 01 c5 01 c5 01 c5 01 c5 01 c5 01 c5 01 c5 01 c5 01 c5 01 c5 01 c5 01 c5 01 c5 01 c5 01 c5 01 c5 01 c5 01 c5 01 c5 01 c5 01 c5 01 c5 01 c5 01 c5 01 c5 01 c5 01 c5 01 c5,0.01595,True,0.6515454489087302,0.99072265625,32.0,328.86136942531755,1.0,64.0,0.0
G,64,2012,2000,01 c5 01 c5 01 c5 01 c5 01 c5 01 c5 01 c5 01 c5 01 c5 01 c5 01 c5 01 c5 01 c5 01 c5 01 c5 01 c5 01 c5 01 c5 01 c5 01 c5 01 c5 01 c5 01 c5 01 c5 01 c5 01 c5 01 c5 01 c5 01 c5 01 c5 01 c5 01 c5,0.03545,True,0.6515454489087302,0.99072265625,32.0,328.86136942531755,1.0,64.0,0.0
G,64,2012,3000,21 e5 21 e5 21 e5 21 e5 21 e5 21 e5 21 e5 21 e5 21 e5 21 e5 21 e5 21 e5 21 e5 21 e5 21 e5 21 e5 21 e5 21 e5 21 e5 21 e5 21 e5 21 e5 21 e5 21 e5 21 e5 21 e5 21 e5 21 e5 21 e5 21 e5 21 e5 21 e5,0.0377,True,0.7078047995071686,0.9931640625,34.0,364.39547076182953,1.0,64.0,0.0
G,64,2012,5000,01 c5 01 c5 01 c5 01 c5 01 c5 01 c5 01 c5 01 c5 01 c5 01 c5 01 c5 01 c5 01 c5 01 c5 01 c5 01 c5 01 c5 01 c5 01 c5 01 c5 01 c5 01 c5 01 c5 01 c5 01 c5 01 c5 01 c5 01 c5 01 c5 01 c5 01 c5 01 c5,0.0163,True,0.6515454489087302,0.99072265625,32.0,328.86136942531755,1.0,64.0,0.0
G,64,2012,10000,21 e5 21 e5 21 e5 21 e5 21 e5 21 e5 21 e5 21 e5 21 e5 21 e5 21 e5 21 e5 21 e5 21 e5 21 e5 21 e5 21 e5 21 e5 21 e5 21 e5 21 e5 21 e5 21 e5 21 e5 21 e5 21 e5 21 e5 21 e5 21 e5 21 e5 21 e5 21 e5,0.0176,True,0.7078047995071686,0.9931640625,34.0,364.39547076182953,1.0,64.0,0.0
G,64,2012,15000,11 d5 11 d5 11 d5 11 d5 11 d5 11 d5 11 d5 11 d5 11 d5 11 d5 11 d5 11 d5 11 d5 11 d5 11 d5 11 d5 11 d5 11 d5 11 d5 11 d5 11 d5 11 d5 11 d5 11 d5 11 d5 11 d5 11 d5 11 d5 11 d5 11 d5 11 d5 11 d5,0.0209,True,0.683438240047363,0.99169921875,32.0,344.08737475386454,1.0,64.0,0.0
G,64,2012,20000,21 e5 21 e5 21 e5 21 e5 21 e5 21 e5 21 e5 21 e5 21 e5 21 e5 21 e5 21 e5 21 e5 21 e5 21 e5 21 e5 21 e5 21 e5 21 e5 21 e5 21 e5 21 e5 21 e5 21 e5 21 e5 21 e5 21 e5 21 e5 21 e5 21 e5 21 e5 21 e5,0.02205,True,0.7078047995071686,0.9931640625,34.0,364.39547076182953,1.0,64.0,0.0
G,64,2012,30000,11 d5 11 d5 11 d5 11 d5 11 d5 11 d5 11 d5 11 d5 11 d5 11 d5 11 d5 11 d5 11 d5 11 d5 11 d5 11 d5 11 d5 11 d5 11 d5 11 d5 11 d5 11 d5 11 d5 11 d5 11 d5 11 d5 11 d5 11 d5 11 d5 11 d5 11 d5 11 d5,0.0222,True,0.683438240047363,0.99169921875,32.0,344.08737475386454,1.0,64.0,0.0
G,64,2012,50000,21 e5 21 e5 21 e5 21 e5 21 e5 21 e5 21 e5 21 e5 21 e5 21 e5 21 e5 21 e5 21 e5 21 e5 21 e5 21 e5 21 e5 21 e5 21 e5 21 e5 21 e5 21 e5 21 e5 21 e5 21 e5 21 e5 21 e5 21 e5 21 e5 21 e5 21 e5 21 e5,0.02205,True,0.7078047995071686,0.9931640625,34.0,364.39547076182953,1.0,64.0,0.0
G,64,2012,75000,21 e5 21 e5 21 e5 21 e5 21 e5 21 e5 21 e5 21 e5 21 e5 21 e5 21 e5 21 e5 21 e5 21 e5 21 e5 21 e5 21 e5 21 e5 21 e5 21 e5 21 e5 21 e5 21 e5 21 e5 21 e5 21 e5 21 e5 21 e5 21 e5 21 e5 21 e5 21 e5,0.0208,True,0.7078047995071686,0.9931640625,34.0,364.39547076182953,1.0,64.0,0.0
G,64,2012,100000,11 d5 11 d5 11 d5 11 d5 11 d5 11 d5 11 d5 11 d5 11 d5 11 d5 11 d5 11 d5 11 d5 11 d5 11 d5 11 d5 11 d5 11 d5 11 d5 11 d5 11 d5 11 d5 11 d5 11 d5 11 d5 11 d5 11 d5 11 d5 11 d5 11 d5 11 d5 11 d5,0.02145,True,0.683438240047363,0.99169921875,32.0,344.08737475386454,1.0,64.0,0.0
G,64,2012,150000,11 d5 11 d5 11 d5 11 d5 11 d5 11 d5 11 d5 11 d5 11 d5 11 d5 11 d5 11 d5 11 d5 11 d5 11 d5 11 d5 11 d5 11 d5 11 d5 11 d5 11 d5 11 d5 11 d5 11 d5 11 d5 11 d5 11 d5 11 d5 11 d5 11 d5 11 d5 11 d5,0.02865,True,0.683438240047363,0.99169921875,32.0,344.08737475386454,1.0,64.0,0.0
G,64,2012,200000,11 d5 11 d5 11 d5 11 d5 11 d5 11 d5 11 d5 11 d5 11 d5 11 d5 11 d5 11 d5 11 d5 11 d5 11 d5 11 d5 11 d5 11 d5 11 d5 11 d5 11 d5 11 d5 11 d5 11 d5 11 d5 11 d5 11 d5 11 d5 11 d5 11 d5 11 d5 11 d5,0.04255,True,0.683438240047363,0.99169921875,32.0,344.08737475386454,1.0,64.0,0.0
G,64,2012,300000,86 3f 11 08 5f ed b0 d2 86 3f 11 08 5f ed b0 d2 86 3f 11 08 5f ed b0 d2 86 3f 11 08 5f ed b0 d2 86 3f 11 08 5f ed b0 d2 86 3f 11 08 5f ed b0 d2 86 3f 11 08 5f ed b0 d2 86 3f 11 08 5f ed b0 d2,0.0054,True,1.0,0.93603515625,4.0,37.18800704167273,0.0,7.0,1.0
G,64,2012,500000,88 5e a3 ed b0 84 0d 70 88 5e a3 ed b0 84 0d 70 88 5e a3 ed b0 84 0d 70 88 5e a3 ed b0 84 0d 70 88 5e a3 ed b0 84 0d 70 88 5e a3 ed b0 84 0d 70 88 5e a3 ed b0 84 0d 70 88 5e a3 ed b0 84 0d 70,0.01145,True,1.0,0.9365234375,4.0,35.72758231651813,0.0,5.0,3.0
G,64,2012,750000,84 5e ed b0 84 5e ed b0 84 5e ed b0 84 5e ed b0 84 5e ed b0 84 5e ed b0 84 5e ed b0 84 5e ed b0 84 5e ed b0 84 5e ed b0 84 5e ed b0 84 5e ed b0 84 5e ed b0 84 5e ed b0 84 5e ed b0 84 5e ed b0,0.29785,True,1.0,0.9560546875,0.0,5.352043425795433,0.0,4.0,0.0
G,64,2012,1000000,04 5e ed b0 04 5e ed b0 04 5e ed b0 04 5e ed b0 04 5e ed b0 04 5e ed b0 04 5e ed b0 04 5e ed b0 04 5e ed b0 04 5e ed b0 04 5e ed b0 04 5e ed b0 04 5e ed b0 04 5e ed b0 04 5e ed b0 04 5e ed b0,0.286,True,1.0,0.9560546875,0.0,5.352043425795433,0.0,4.0,0.0
G,64,2012,1000000,04 5e ed b0 04 5e ed b0 04 5e ed b0 04 5e ed b0 04 5e ed b0 04 5e ed b0 04 5e ed b0 04 5e ed b0 04 5e ed b0 04 5e ed b0 04 5e ed b0 04 5e ed b0 04 5e ed b0 04 5e ed b0 04 5e ed b0 04 5e ed b0,0.286,True,1.0,0.9560546875,0.0,5.352043425795433,0.0,4.0,0.0
G,64,2013,500,00 04 00 04 00 04 00 04 00 04 00 04 00 04 00 04 00 04 00 04 00 04 00 04 00 04 00 04 00 04 00 04 00 04 00 04 00 04 00 04 00 04 00 04 00 04 00 04 00 04 00 04 00 04 00 04 00 04 00 04 00 04 00 00,0.00165,False,0.07281341005824372,0.0,0.0,0.0,1.0,64.0,0.0
G,64,2013,1000,01 c5 01 c5 01 c5 01 c5 01 c5 01 c5 01 c5 01 c5 01 c5 01 c5 01 c5 01 c5 01 c5 01 c5 01 c5 01 c5 01 c5 01 c5 01 c5 01 c5 01 c5 01 c5 01 c5 01 c5 01 c5 01 c5 01 c5 01 c5 01 c5 01 c5 01 c5 01 c5,0.0126,True,0.5729224170346903,0.99462890625,32.0,332.53033788403025,1.0,64.0,0.0
G,64,2013,1050,01 c5 01 c5 01 c5 01 c5 01 c5 01 c5 01 c5 01 c5 01 c5 01 c5 01 c5 01 c5 01 c5 01 c5 01 c5 01 c5 01 c5 01 c5 01 c5 01 c5 01 c5 01 c5 01 c5 01 c5 01 c5 01 c5 01 c5 01 c5 01 c5 01 c5 01 c5 01 c5,0.01485,True,0.5729224170346903,0.99462890625,32.0,332.53033788403025,1.0,64.0,0.0
G,64,2013,2000,01 c5 01 c5 01 c5 01 c5 01 c5 01 c5 01 c5 01 c5 01 c5 01 c5 01 c5 01 c5 01 c5 01 c5 01 c5 01 c5 01 c5 01 c5 01 c5 01 c5 01 c5 01 c5 01 c5 01 c5 01 c5 01 c5 01 c5 01 c5 01 c5 01 c5 01 c5 01 c5,0.04625,True,0.5729224170346903,0.99462890625,32.0,332.53033788403025,1.0,64.0,0.0
G,64,2013,3000,01 c5 01 c5 01 c5 01 c5 01 c5 01 c5 01 c5 01 c5 01 c5 01 c5 01 c5 01 c5 01 c5 01 c5 01 c5 01 c5 01 c5 01 c5 01 c5 01 c5 01 c5 01 c5 01 c5 01 c5 01 c5 01 c5 01 c5 01 c5 01 c5 01 c5 01 c5 01 c5,0.0462,True,0.5729224170346903,0.99462890625,32.0,332.53033788403025,1.0,64.0,0.0
G,64,2013,5000,01 c5 01 c5 01 c5 01 c5 01 c5 01 c5 01 c5 01 c5 01 c5 01 c5 01 c5 01 c5 01 c5 01 c5 01 c5 01 c5 01 c5 01 c5 01 c5 01 c5 01 c5 01 c5 01 c5 01 c5 01 c5 01 c5 01 c5 01 c5 01 c5 01 c5 01 c5 01 c5,0.0322,True,0.5729224170346903,0.99462890625,32.0,332.53033788403025,1.0,64.0,0.0
G,64,2013,10000,01 c5 01 c5 01 c5 01 c5 01 c5 01 c5 01 c5 01 c5 01 c5 01 c5 01 c5 01 c5 01 c5 01 c5 01 c5 01 c5 01 c5 01 c5 01 c5 01 c5 01 c5 01 c5 01 c5 01 c5 01 c5 01 c5 01 c5 01 c5 01 c5 01 c5 01 c5 01 c5,0.0322,True,0.5729224170346903,0.99462890625,32.0,332.53033788403025,1.0,64.0,0.0
G,64,2013,15000,01 c5 01 c5 01 c5 01 c5 01 c5 01 c5 01 c5 01 c5 01 c5 01 c5 01 c5 01 c5 01 c5 01 c5 01 c5 01 c5 01 c5 01 c5 01 c5 01 c5 01 c5 01 c5 01 c5 01 c5 01 c5 01 c5 01 c5 01 c5 01 c5 01 c5 01 c5 01 c5,0.0296,True,0.5729224170346903,0.99462890625,32.0,332.53033788403025,1.0,64.0,0.0
G,64,2013,20000,01 c5 01 c5 01 c5 01 c5 01 c5 01 c5 01 c5 01 c5 01 c5 01 c5 01 c5 01 c5 01 c5 01 c5 01 c5 01 c5 01 c5 01 c5 01 c5 01 c5 01 c5 01 c5 01 c5 01 c5 01 c5 01 c5 01 c5 01 c5 01 c5 01 c5 01 c5 01 c5,0.03515,True,0.5729224170346903,0.99462890625,32.0,332.53033788403025,1.0,64.0,0.0
G,64,2013,30000,01 c5 01 c5 01 c5 01 c5 01 c5 01 c5 01 c5 01 c5 01 c5 01 c5 01 c5 01 c5 01 c5 01 c5 01 c5 01 c5 01 c5 01 c5 01 c5 01 c5 01 c5 01 c5 01 c5 01 c5 01 c5 01 c5 01 c5 01 c5 01 c5 01 c5 01 c5 01 c5,0.02975,True,0.5729224170346903,0.99462890625,32.0,332.53033788403025,1.0,64.0,0.0
G,64,2013,50000,01 c5 01 c5 01 c5 01 c5 01 c5 01 c5 01 c5 01 c5 01 c5 01 c5 01 c5 01 c5 01 c5 01 c5 01 c5 01 c5 01 c5 01 c5 01 c5 01 c5 01 c5 01 c5 01 c5 01 c5 01 c5 01 c5 01 c5 01 c5 01 c5 01 c5 01 c5 01 c5,0.02865,True,0.5729224170346903,0.99462890625,32.0,332.53033788403025,1.0,64.0,0.0
G,64,2013,75000,01 c5 01 c5 01 c5 01 c5 01 c5 01 c5 01 c5 01 c5 01 c5 01 c5 01 c5 01 c5 01 c5 01 c5 01 c5 01 c5 01 c5 01 c5 01 c5 01 c5 01 c5 01 c5 01 c5 01 c5 01 c5 01 c5 01 c5 01 c5 01 c5 01 c5 01 c5 01 c5,0.02945,True,0.5729224170346903,0.99462890625,32.0,332.53033788403025,1.0,64.0,0.0
G,64,2013,100000,01 c5 01 c5 01 c5 01 c5 01 c5 01 c5 01 c5 01 c5 01 c5 01 c5 01 c5 01 c5 01 c5 01 c5 01 c5 01 c5 01 c5 01 c5 01 c5 01 c5 01 c5 01 c5 01 c5 01 c5 01 c5 01 c5 01 c5 01 c5 01 c5 01 c5 01 c5 01 c5,0.03175,True,0.5729224170346903,0.99462890625,32.0,332.53033788403025,1.0,64.0,0.0
G,64,2013,150000,01 c5 01 c5 01 c5 01 c5 01 c5 01 c5 01 c5 01 c5 01 c5 01 c5 01 c5 01 c5 01 c5 01 c5 01 c5 01 c5 01 c5 01 c5 01 c5 01 c5 01 c5 01 c5 01 c5 01 c5 01 c5 01 c5 01 c5 01 c5 01 c5 01 c5 01 c5 01 c5,0.0304,True,0.5729224170346903,0.99462890625,32.0,332.53033788403025,1.0,64.0,0.0
G,64,2013,200000,01 c5 01 c5 01 c5 01 c5 01 c5 01 c5 01 c5 01 c5 01 c5 01 c5 01 c5 01 c5 01 c5 01 c5 01 c5 01 c5 01 c5 01 c5 01 c5 01 c5 01 c5 01 c5 01 c5 01 c5 01 c5 01 c5 01 c5 01 c5 01 c5 01 c5 01 c5 01 c5,0.03015,True,0.5729224170346903,0.99462890625,32.0,332.53033788403025,1.0,64.0,0.0
G,64,2013,300000,01 c5 01 c5 01 c5 01 c5 01 c5 01 c5 01 c5 01 c5 01 c5 01 c5 01 c5 01 c5 01 c5 01 c5 01 c5 01 c5 01 c5 01 c5 01 c5 01 c5 01 c5 01 c5 01 c5 01 c5 01 c5 01 c5 01 c5 01 c5 01 c5 01 c5 01 c5 01 c5,0.0305,True,0.5729224170346903,0.99462890625,32.0,332.53033788403025,1.0,64.0,0.0
G,64,2013,500000,01 c5 01 c5 01 c5 01 c5 01 c5 01 c5 01 c5 01 c5 01 c5 01 c5 01 c5 01 c5 01 c5 01 c5 01 c5 01 c5 01 c5 01 c5 01 c5 01 c5 01 c5 01 c5 01 c5 01 c5 01 c5 01 c5 01 c5 01 c5 01 c5 01 c5 01 c5 01 c5,0.03115,True,0.5729224170346903,0.99462890625,32.0,332.53033788403025,1.0,64.0,0.0
G,64,2013,750000,21 e5 21 e5 21 e5 21 e5 21 e5 21 e5 21 e5 21 e5 21 e5 21 e5 21 e5 21 e5 21 e5 21 e5 21 e5 21 e5 21 e5 21 e5 21 e5 21 e5 21 e5 21 e5 21 e5 21 e5 21 e5 21 e5 21 e5 21 e5 21 e5 21 e5 21 e5 21 e5,0.02925,True,0.7397825960861495,0.99462890625,32.0,353.29221709498853,1.0,64.0,0.0
G,64,2013,1000000,21 e5 21 e5 21 e5 21 e5 21 e5 21 e5 21 e5 21 e5 21 e5 21 e5 21 e5 21 e5 21 e5 21 e5 21 e5 21 e5 21 e5 21 e5 21 e5 21 e5 21 e5 21 e5 21 e5 21 e5 21 e5 21 e5 21 e5 21 e5 21 e5 21 e5 21 e5 21 e5,0.04775,True,0.7397825960861495,0.99462890625,32.0,353.29221709498853,1.0,64.0,0.0
G,64,2013,1000000,21 e5 21 e5 21 e5 21 e5 21 e5 21 e5 21 e5 21 e5 21 e5 21 e5 21 e5 21 e5 21 e5 21 e5 21 e5 21 e5 21 e5 21 e5 21 e5 21 e5 21 e5 21 e5 21 e5 21 e5 21 e5 21 e5 21 e5 21 e5 21 e5 21 e5 21 e5 21 e5,0.04775,True,0.7397825960861495,0.99462890625,32.0,353.29221709498853,1.0,64.0,0.0
G,64,2014,500,01 c5 01 c5 01 c5 01 c5 01 c5 01 c5 01 c5 01 c5 01 c5 01 c5 01 c5 01 c5 01 c5 01 c5 01 c5 01 c5 01 c5 01 c5 01 c5 01 c5 01 c5 01 c5 01 c5 01 c5 01 c5 01 c5 01 c5 01 c5 01 c5 01 c5 01 c5 01 c5,0.0029,True,0.6344896073348694,0.99267578125,32.0,320.12659703087684,1.0,64.0,0.0
G,64,2014,1000,01 c5 01 c5 01 c5 01 c5 01 c5 01 c5 01 c5 01 c5 01 c5 01 c5 01 c5 01 c5 01 c5 01 c5 01 c5 01 c5 01 c5 01 c5 01 c5 01 c5 01 c5 01 c5 01 c5 01 c5 01 c5 01 c5 01 c5 01 c5 01 c5 01 c5 01 c5 01 c5,0.0136,True,0.6344896073348694,0.99267578125,32.0,320.12659703087684,1.0,64.0,0.0
G,64,2014,1050,01 c5 01 c5 01 c5 01 c5 01 c5 01 c5 01 c5 01 c5 01 c5 01 c5 01 c5 01 c5 01 c5 01 c5 01 c5 01 c5 01 c5 01 c5 01 c5 01 c5 01 c5 01 c5 01 c5 01 c5 01 c5 01 c5 01 c5 01 c5 01 c5 01 c5 01 c5 01 c5,0.0204,True,0.6344896073348694,0.99267578125,32.0,320.12659703087684,1.0,64.0,0.0
G,64,2014,2000,01 c5 01 c5 01 c5 01 c5 01 c5 01 c5 01 c5 01 c5 01 c5 01 c5 01 c5 01 c5 01 c5 01 c5 01 c5 01 c5 01 c5 01 c5 01 c5 01 c5 01 c5 01 c5 01 c5 01 c5 01 c5 01 c5 01 c5 01 c5 01 c5 01 c5 01 c5 01 c5,0.07965,True,0.6344896073348694,0.99267578125,32.0,320.12659703087684,1.0,64.0,0.0
G,64,2014,3000,01 c5 01 c5 01 c5 01 c5 01 c5 01 c5 01 c5 01 c5 01 c5 01 c5 01 c5 01 c5 01 c5 01 c5 01 c5 01 c5 01 c5 01 c5 01 c5 01 c5 01 c5 01 c5 01 c5 01 c5 01 c5 01 c5 01 c5 01 c5 01 c5 01 c5 01 c5 01 c5,0.0908,True,0.6344896073348694,0.99267578125,32.0,320.12659703087684,1.0,64.0,0.0
G,64,2014,5000,01 c5 01 c5 01 c5 01 c5 01 c5 01 c5 01 c5 01 c5 01 c5 01 c5 01 c5 01 c5 01 c5 01 c5 01 c5 01 c5 01 c5 01 c5 01 c5 01 c5 01 c5 01 c5 01 c5 01 c5 01 c5 01 c5 01 c5 01 c5 01 c5 01 c5 01 c5 01 c5,0.0308,True,0.6344896073348694,0.99267578125,32.0,320.12659703087684,1.0,64.0,0.0
G,64,2014,10000,01 c5 01 c5 01 c5 01 c5 01 c5 01 c5 01 c5 01 c5 01 c5 01 c5 01 c5 01 c5 01 c5 01 c5 01 c5 01 c5 01 c5 01 c5 01 c5 01 c5 01 c5 01 c5 01 c5 01 c5 01 c5 01 c5 01 c5 01 c5 01 c5 01 c5 01 c5 01 c5,0.02995,True,0.6344896073348694,0.99267578125,32.0,320.12659703087684,1.0,64.0,0.0
G,64,2014,15000,01 c5 01 c5 01 c5 01 c5 01 c5 01 c5 01 c5 01 c5 01 c5 01 c5 01 c5 01 c5 01 c5 01 c5 01 c5 01 c5 01 c5 01 c5 01 c5 01 c5 01 c5 01 c5 01 c5 01 c5 01 c5 01 c5 01 c5 01 c5 01 c5 01 c5 01 c5 01 c5,0.02845,True,0.6344896073348694,0.99267578125,32.0,320.12659703087684,1.0,64.0,0.0
G,64,2014,20000,01 c5 01 c5 01 c5 01 c5 01 c5 01 c5 01 c5 01 c5 01 c5 01 c5 01 c5 01 c5 01 c5 01 c5 01 c5 01 c5 01 c5 01 c5 01 c5 01 c5 01 c5 01 c5 01 c5 01 c5 01 c5 01 c5 01 c5 01 c5 01 c5 01 c5 01 c5 01 c5,0.02615,True,0.6344896073348694,0.99267578125,32.0,320.12659703087684,1.0,64.0,0.0
G,64,2014,30000,01 c5 01 c5 01 c5 01 c5 01 c5 01 c5 01 c5 01 c5 01 c5 01 c5 01 c5 01 c5 01 c5 01 c5 01 c5 01 c5 01 c5 01 c5 01 c5 01 c5 01 c5 01 c5 01 c5 01 c5 01 c5 01 c5 01 c5 01 c5 01 c5 01 c5 01 c5 01 c5,0.0308,True,0.6344896073348694,0.99267578125,32.0,320.12659703087684,1.0,64.0,0.0
G,64,2014,50000,01 c5 01 c5 01 c5 01 c5 01 c5 01 c5 01 c5 01 c5 01 c5 01 c5 01 c5 01 c5 01 c5 01 c5 01 c5 01 c5 01 c5 01 c5 01 c5 01 c5 01 c5 01 c5 01 c5 01 c5 01 c5 01 c5 01 c5 01 c5 01 c5 01 c5 01 c5 01 c5,0.03165,True,0.6344896073348694,0.99267578125,32.0,320.12659703087684,1.0,64.0,0.0
G,64,2014,75000,01 c5 01 c5 01 c5 01 c5 01 c5 01 c5 01 c5 01 c5 01 c5 01 c5 01 c5 01 c5 01 c5 01 c5 01 c5 01 c5 01 c5 01 c5 01 c5 01 c5 01 c5 01 c5 01 c5 01 c5 01 c5 01 c5 01 c5 01 c5 01 c5 01 c5 01 c5 01 c5,0.0251,True,0.6344896073348694,0.99267578125,32.0,320.12659703087684,1.0,64.0,0.0
G,64,2014,100000,01 c5 01 c5 01 c5 01 c5 01 c5 01 c5 01 c5 01 c5 01 c5 01 c5 01 c5 01 c5 01 c5 01 c5 01 c5 01 c5 01 c5 01 c5 01 c5 01 c5 01 c5 01 c5 01 c5 01 c5 01 c5 01 c5 01 c5 01 c5 01 c5 01 c5 01 c5 01 c5,0.02925,True,0.6344896073348694,0.99267578125,32.0,320.12659703087684,1.0,64.0,0.0
G,64,2014,150000,01 c5 01 c5 01 c5 01 c5 01 c5 01 c5 01 c5 01 c5 01 c5 01 c5 01 c5 01 c5 01 c5 01 c5 01 c5 01 c5 01 c5 01 c5 01 c5 01 c5 01 c5 01 c5 01 c5 01 c5 01 c5 01 c5 01 c5 01 c5 01 c5 01 c5 01 c5 01 c5,0.02835,True,0.6344896073348694,0.99267578125,32.0,320.12659703087684,1.0,64.0,0.0
G,64,2014,200000,01 c5 01 c5 01 c5 01 c5 01 c5 01 c5 01 c5 01 c5 01 c5 01 c5 01 c5 01 c5 01 c5 01 c5 01 c5 01 c5 01 c5 01 c5 01 c5 01 c5 01 c5 01 c5 01 c5 01 c5 01 c5 01 c5 01 c5 01 c5 01 c5 01 c5 01 c5 01 c5,0.0282,True,0.6344896073348694,0.99267578125,32.0,320.12659703087684,1.0,64.0,0.0
G,64,2014,300000,01 c5 01 c5 01 c5 01 c5 01 c5 01 c5 01 c5 01 c5 01 c5 01 c5 01 c5 01 c5 01 c5 01 c5 01 c5 01 c5 01 c5 01 c5 01 c5 01 c5 01 c5 01 c5 01 c5 01 c5 01 c5 01 c5 01 c5 01 c5 01 c5 01 c5 01 c5 01 c5,0.03235,True,0.6344896073348694,0.99267578125,32.0,320.12659703087684,1.0,64.0,0.0
G,64,2014,500000,01 c5 01 c5 01 c5 01 c5 01 c5 01 c5 01 c5 01 c5 01 c5 01 c5 01 c5 01 c5 01 c5 01 c5 01 c5 01 c5 01 c5 01 c5 01 c5 01 c5 01 c5 01 c5 01 c5 01 c5 01 c5 01 c5 01 c5 01 c5 01 c5 01 c5 01 c5 01 c5,0.0303,True,0.6344896073348694,0.99267578125,32.0,320.12659703087684,1.0,64.0,0.0
G,64,2014,750000,01 c5 01 c5 01 c5 01 c5 01 c5 01 c5 01 c5 01 c5 01 c5 01 c5 01 c5 01 c5 01 c5 01 c5 01 c5 01 c5 01 c5 01 c5 01 c5 01 c5 01 c5 01 c5 01 c5 01 c5 01 c5 01 c5 01 c5 01 c5 01 c5 01 c5 01 c5 01 c5,0.03085,True,0.6344896073348694,0.99267578125,32.0,320.12659703087684,1.0,64.0,0.0
G,64,2014,1000000,01 c5 01 c5 01 c5 01 c5 01 c5 01 c5 01 c5 01 c5 01 c5 01 c5 01 c5 01 c5 01 c5 01 c5 01 c5 01 c5 01 c5 01 c5 01 c5 01 c5 01 c5 01 c5 01 c5 01 c5 01 c5 01 c5 01 c5 01 c5 01 c5 01 c5 01 c5 01 c5,0.02835,True,0.6344896073348694,0.99267578125,32.0,320.12659703087684,1.0,64.0,0.0
G,64,2014,1000000,01 c5 01 c5 01 c5 01 c5 01 c5 01 c5 01 c5 01 c5 01 c5 01 c5 01 c5 01 c5 01 c5 01 c5 01 c5 01 c5 01 c5 01 c5 01 c5 01 c5 01 c5 01 c5 01 c5 01 c5 01 c5 01 c5 01 c5 01 c5 01 c5 01 c5 01 c5 01 c5,0.02835,True,0.6344896073348694,0.99267578125,32.0,320.12659703087684,1.0,64.0,0.0
G,64,2015,500,00 04 00 04 00 04 00 04 00 04 00 04 00 04 00 04 00 04 00 04 00 04 00 04 00 04 00 04 00 04 00 04 00 04 00 04 00 04 00 04 00 04 00 04 00 04 00 04 00 04 00 04 00 04 00 04 00 04 00 04 00 04 00 00,0.0014,False,0.10691985516581258,0.0,0.0,0.0,1.0,64.0,0.0
G,64,2015,1000,00 04 00 04 00 04 00 04 00 04 00 04 00 04 00 04 00 04 00 04 00 04 00 04 00 04 00 04 00 04 00 04 00 04 00 04 00 04 00 04 00 04 00 04 00 04 00 04 00 04 00 04 00 04 00 04 00 04 00 04 00 04 00 00,0.00135,False,0.10691985516581258,0.0,0.0,0.0,1.0,64.0,0.0
G,64,2015,2000,11 d5 11 d5 11 d5 11 d5 11 d5 11 d5 11 d5 11 d5 11 d5 11 d5 11 d5 11 d5 11 d5 11 d5 11 d5 11 d5 11 d5 11 d5 11 d5 11 d5 11 d5 11 d5 11 d5 11 d5 11 d5 11 d5 11 d5 11 d5 11 d5 11 d5 11 d5 11 d5,0.0079,True,0.6812513500864055,0.99365234375,32.0,354.0014706442912,1.0,64.0,0.0
G,64,2015,2250,11 d5 11 d5 11 d5 11 d5 11 d5 11 d5 11 d5 11 d5 11 d5 11 d5 11 d5 11 d5 11 d5 11 d5 11 d5 11 d5 11 d5 11 d5 11 d5 11 d5 11 d5 11 d5 11 d5 11 d5 11 d5 11 d5 11 d5 11 d5 11 d5 11 d5 11 d5 11 d5,0.0156,True,0.6812513500864055,0.99365234375,32.0,354.0014706442912,1.0,64.0,0.0
G,64,2015,3000,11 d5 11 d5 11 d5 11 d5 11 d5 11 d5 11 d5 11 d5 11 d5 11 d5 11 d5 11 d5 11 d5 11 d5 11 d5 11 d5 11 d5 11 d5 11 d5 11 d5 11 d5 11 d5 11 d5 11 d5 11 d5 11 d5 11 d5 11 d5 11 d5 11 d5 11 d5 11 d5,0.02045,True,0.6812513500864055,0.99365234375,32.0,354.0014706442912,1.0,64.0,0.0
G,64,2015,5000,11 d5 11 d5 11 d5 11 d5 11 d5 11 d5 11 d5 11 d5 11 d5 11 d5 11 d5 11 d5 11 d5 11 d5 11 d5 11 d5 11 d5 11 d5 11 d5 11 d5 11 d5 11 d5 11 d5 11 d5 11 d5 11 d5 11 d5 11 d5 11 d5 11 d5 11 d5 11 d5,0.0243,True,0.6812513500864055,0.99365234375,32.0,354.0014706442912,1.0,64.0,0.0
G,64,2015,10000,11 d5 11 d5 11 d5 11 d5 11 d5 11 d5 11 d5 11 d5 11 d5 11 d5 11 d5 11 d5 11 d5 11 d5 11 d5 11 d5 11 d5 11 d5 11 d5 11 d5 11 d5 11 d5 11 d5 11 d5 11 d5 11 d5 11 d5 11 d5 11 d5 11 d5 11 d5 11 d5,0.0279,True,0.6812513500864055,0.99365234375,32.0,354.0014706442912,1.0,64.0,0.0
G,64,2015,15000,11 d5 11 d5 11 d5 11 d5 11 d5 11 d5 11 d5 11 d5 11 d5 11 d5 11 d5 11 d5 11 d5 11 d5 11 d5 11 d5 11 d5 11 d5 11 d5 11 d5 11 d5 11 d5 11 d5 11 d5 11 d5 11 d5 11 d5 11 d5 11 d5 11 d5 11 d5 11 d5,0.02705,True,0.6812513500864055,0.99365234375,32.0,354.0014706442912,1.0,64.0,0.0
G,64,2015,20000,11 d5 11 d5 11 d5 11 d5 11 d5 11 d5 11 d5 11 d5 11 d5 11 d5 11 d5 11 d5 11 d5 11 d5 11 d5 11 d5 11 d5 11 d5 11 d5 11 d5 11 d5 11 d5 11 d5 11 d5 11 d5 11 d5 11 d5 11 d5 11 d5 11 d5 11 d5 11 d5,0.03265,True,0.6812513500864055,0.99365234375,32.0,354.0014706442912,1.0,64.0,0.0
G,64,2015,30000,11 d5 11 d5 11 d5 11 d5 11 d5 11 d5 11 d5 11 d5 11 d5 11 d5 11 d5 11 d5 11 d5 11 d5 11 d5 11 d5 11 d5 11 d5 11 d5 11 d5 11 d5 11 d5 11 d5 11 d5 11 d5 11 d5 11 d5 11 d5 11 d5 11 d5 11 d5 11 d5,0.03575,True,0.6812513500864055,0.99365234375,32.0,354.0014706442912,1.0,64.0,0.0
G,64,2015,50000,11 d5 11 d5 11 d5 11 d5 11 d5 11 d5 11 d5 11 d5 11 d5 11 d5 11 d5 11 d5 11 d5 11 d5 11 d5 11 d5 11 d5 11 d5 11 d5 11 d5 11 d5 11 d5 11 d5 11 d5 11 d5 11 d5 11 d5 11 d5 11 d5 11 d5 11 d5 11 d5,0.0392,True,0.6812513500864055,0.99365234375,32.0,354.0014706442912,1.0,64.0,0.0
G,64,2015,75000,11 d5 11 d5 11 d5 11 d5 11 d5 11 d5 11 d5 11 d5 11 d5 11 d5 11 d5 11 d5 11 d5 11 d5 11 d5 11 d5 11 d5 11 d5 11 d5 11 d5 11 d5 11 d5 11 d5 11 d5 11 d5 11 d5 11 d5 11 d5 11 d5 11 d5 11 d5 11 d5,0.043,True,0.6812513500864055,0.99365234375,32.0,354.0014706442912,1.0,64.0,0.0
G,64,2015,100000,11 d5 11 d5 11 d5 11 d5 11 d5 11 d5 11 d5 11 d5 11 d5 11 d5 11 d5 11 d5 11 d5 11 d5 11 d5 11 d5 11 d5 11 d5 11 d5 11 d5 11 d5 11 d5 11 d5 11 d5 11 d5 11 d5 11 d5 11 d5 11 d5 11 d5 11 d5 11 d5,0.04285,True,0.6812513500864055,0.99365234375,32.0,354.0014706442912,1.0,64.0,0.0
G,64,2015,150000,11 d5 11 d5 11 d5 11 d5 11 d5 11 d5 11 d5 11 d5 11 d5 11 d5 11 d5 11 d5 11 d5 11 d5 11 d5 11 d5 11 d5 11 d5 11 d5 11 d5 11 d5 11 d5 11 d5 11 d5 11 d5 11 d5 11 d5 11 d5 11 d5 11 d5 11 d5 11 d5,0.04315,True,0.6812513500864055,0.99365234375,32.0,354.0014706442912,1.0,64.0,0.0
G,64,2015,200000,11 d5 11 d5 11 d5 11 d5 11 d5 11 d5 11 d5 11 d5 11 d5 11 d5 11 d5 11 d5 11 d5 11 d5 11 d5 11 d5 11 d5 11 d5 11 d5 11 d5 11 d5 11 d5 11 d5 11 d5 11 d5 11 d5 11 d5 11 d5 11 d5 11 d5 11 d5 11 d5,0.04445,True,0.6812513500864055,0.99365234375,32.0,354.0014706442912,1.0,64.0,0.0
G,64,2015,300000,11 d5 11 d5 11 d5 11 d5 11 d5 11 d5 11 d5 11 d5 11 d5 11 d5 11 d5 11 d5 11 d5 11 d5 11 d5 11 d5 11 d5 11 d5 11 d5 11 d5 11 d5 11 d5 11 d5 11 d5 11 d5 11 d5 11 d5 11 d5 11 d5 11 d5 11 d5 11 d5,0.04495,True,0.6812513500864055,0.99365234375,32.0,354.0014706442912,1.0,64.0,0.0
G,64,2015,500000,11 d5 11 d5 11 d5 11 d5 11 d5 11 d5 11 d5 11 d5 11 d5 11 d5 11 d5 11 d5 11 d5 11 d5 11 d5 11 d5 11 d5 11 d5 11 d5 11 d5 11 d5 11 d5 11 d5 11 d5 11 d5 11 d5 11 d5 11 d5 11 d5 11 d5 11 d5 11 d5,0.0384,True,0.6812513500864055,0.99365234375,32.0,354.0014706442912,1.0,64.0,0.0
G,64,2015,750000,11 d5 11 d5 11 d5 11 d5 11 d5 11 d5 11 d5 11 d5 11 d5 11 d5 11 d5 11 d5 11 d5 11 d5 11 d5 11 d5 11 d5 11 d5 11 d5 11 d5 11 d5 11 d5 11 d5 11 d5 11 d5 11 d5 11 d5 11 d5 11 d5 11 d5 11 d5 11 d5,0.03965,True,0.6812513500864055,0.99365234375,32.0,354.0014706442912,1.0,64.0,0.0
G,64,2015,1000000,84 5e ed b0 84 5e ed b0 84 5e ed b0 84 5e ed b0 84 5e ed b0 84 5e ed b0 84 5e ed b0 84 5e ed b0 84 5e ed b0 84 5e ed b0 84 5e ed b0 84 5e ed b0 84 5e ed b0 84 5e ed b0 84 5e ed b0 84 5e ed b0,0.08975,True,1.0,0.953125,0.0,14.533639769319365,0.0,4.0,0.0
G,64,2015,1000000,84 5e ed b0 84 5e ed b0 84 5e ed b0 84 5e ed b0 84 5e ed b0 84 5e ed b0 84 5e ed b0 84 5e ed b0 84 5e ed b0 84 5e ed b0 84 5e ed b0 84 5e ed b0 84 5e ed b0 84 5e ed b0 84 5e ed b0 84 5e ed b0,0.08975,True,1.0,0.953125,0.0,14.533639769319365,0.0,4.0,0.0
G,64,2016,500,01 c5 01 c5 01 c5 01 c5 01 c5 01 c5 01 c5 01 c5 01 c5 01 c5 01 c5 01 c5 01 c5 01 c5 01 c5 01 c5 01 c5 01 c5 01 c5 01 c5 01 c5 01 c5 01 c5 01 c5 01 c5 01 c5 01 c5 01 c5 01 c5 01 c5 01 c5 01 c5,0.0033,True,0.6139400421626984,0.99365234375,32.0,337.53247419996933,1.0,64.0,0.0
G,64,2016,1000,01 c5 01 c5 01 c5 01 c5 01 c5 01 c5 01 c5 01 c5 01 c5 01 c5 01 c5 01 c5 01 c5 01 c5 01 c5 01 c5 01 c5 01 c5 01 c5 01 c5 01 c5 01 c5 01 c5 01 c5 01 c5 01 c5 01 c5 01 c5 01 c5 01 c5 01 c5 01 c5,0.0177,True,0.6139400421626984,0.99365234375,32.0,337.53247419996933,1.0,64.0,0.0
G,64,2016,1000,01 c5 01 c5 01 c5 01 c5 01 c5 01 c5 01 c5 01 c5 01 c5 01 c5 01 c5 01 c5 01 c5 01 c5 01 c5 01 c5 01 c5 01 c5 01 c5 01 c5 01 c5 01 c5 01 c5 01 c5 01 c5 01 c5 01 c5 01 c5 01 c5 01 c5 01 c5 01 c5,0.0177,True,0.6139400421626984,0.99365234375,32.0,337.53247419996933,1.0,64.0,0.0
G,64,2016,2000,01 c5 01 c5 01 c5 01 c5 01 c5 01 c5 01 c5 01 c5 01 c5 01 c5 01 c5 01 c5 01 c5 01 c5 01 c5 01 c5 01 c5 01 c5 01 c5 01 c5 01 c5 01 c5 01 c5 01 c5 01 c5 01 c5 01 c5 01 c5 01 c5 01 c5 01 c5 01 c5,0.0541,True,0.6139400421626984,0.99365234375,32.0,337.53247419996933,1.0,64.0,0.0
G,64,2016,3000,01 c5 01 c5 01 c5 01 c5 01 c5 01 c5 01 c5 01 c5 01 c5 01 c5 01 c5 01 c5 01 c5 01 c5 01 c5 01 c5 01 c5 01 c5 01 c5 01 c5 01 c5 01 c5 01 c5 01 c5 01 c5 01 c5 01 c5 01 c5 01 c5 01 c5 01 c5 01 c5,0.03655,True,0.6139400421626984,0.99365234375,32.0,337.53247419996933,1.0,64.0,0.0
G,64,2016,5000,01 c5 01 c5 01 c5 01 c5 01 c5 01 c5 01 c5 01 c5 01 c5 01 c5 01 c5 01 c5 01 c5 01 c5 01 c5 01 c5 01 c5 01 c5 01 c5 01 c5 01 c5 01 c5 01 c5 01 c5 01 c5 01 c5 01 c5 01 c5 01 c5 01 c5 01 c5 01 c5,0.02165,True,0.6139400421626984,0.99365234375,32.0,337.53247419996933,1.0,64.0,0.0
G,64,2016,10000,01 c5 01 c5 01 c5 01 c5 01 c5 01 c5 01 c5 01 c5 01 c5 01 c5 01 c5 01 c5 01 c5 01 c5 01 c5 01 c5 01 c5 01 c5 01 c5 01 c5 01 c5 01 c5 01 c5 01 c5 01 c5 01 c5 01 c5 01 c5 01 c5 01 c5 01 c5 01 c5,0.0176,True,0.6139400421626984,0.99365234375,32.0,337.53247419996933,1.0,64.0,0.0
G,64,2016,15000,21 e5 21 e5 21 e5 21 e5 21 e5 21 e5 21 e5 21 e5 21 e5 21 e5 21 e5 21 e5 21 e5 21 e5 21 e5 21 e5 21 e5 21 e5 21 e5 21 e5 21 e5 21 e5 21 e5 21 e5 21 e5 21 e5 21 e5 21 e5 21 e5 21 e5 21 e5 21 e5,0.0198,True,0.6824104242671531,0.99560546875,33.0,390.73068063649794,1.0,64.0,0.0
G,64,2016,20000,21 e5 21 e5 21 e5 21 e5 21 e5 21 e5 21 e5 21 e5 21 e5 21 e5 21 e5 21 e5 21 e5 21 e5 21 e5 21 e5 21 e5 21 e5 21 e5 21 e5 21 e5 21 e5 21 e5 21 e5 21 e5 21 e5 21 e5 21 e5 21 e5 21 e5 21 e5 21 e5,0.0288,True,0.6824104242671531,0.99560546875,33.0,390.73068063649794,1.0,64.0,0.0
G,64,2016,30000,21 e5 21 e5 21 e5 21 e5 21 e5 21 e5 21 e5 21 e5 21 e5 21 e5 21 e5 21 e5 21 e5 21 e5 21 e5 21 e5 21 e5 21 e5 21 e5 21 e5 21 e5 21 e5 21 e5 21 e5 21 e5 21 e5 21 e5 21 e5 21 e5 21 e5 21 e5 21 e5,0.03515,True,0.6824104242671531,0.99560546875,33.0,390.73068063649794,1.0,64.0,0.0
G,64,2016,50000,21 e5 21 e5 21 e5 21 e5 21 e5 21 e5 21 e5 21 e5 21 e5 21 e5 21 e5 21 e5 21 e5 21 e5 21 e5 21 e5 21 e5 21 e5 21 e5 21 e5 21 e5 21 e5 21 e5 21 e5 21 e5 21 e5 21 e5 21 e5 21 e5 21 e5 21 e5 21 e5,0.0472,True,0.6824104242671531,0.99560546875,33.0,390.73068063649794,1.0,64.0,0.0
G,64,2016,75000,21 e5 21 e5 21 e5 21 e5 21 e5 21 e5 21 e5 21 e5 21 e5 21 e5 21 e5 21 e5 21 e5 21 e5 21 e5 21 e5 21 e5 21 e5 21 e5 21 e5 21 e5 21 e5 21 e5 21 e5 21 e5 21 e5 21 e5 21 e5 21 e5 21 e5 21 e5 21 e5,0.0476,True,0.6824104242671531,0.99560546875,33.0,390.73068063649794,1.0,64.0,0.0
G,64,2016,100000,21 e5 21 e5 21 e5 21 e5 21 e5 21 e5 21 e5 21 e5 21 e5 21 e5 21 e5 21 e5 21 e5 21 e5 21 e5 21 e5 21 e5 21 e5 21 e5 21 e5 21 e5 21 e5 21 e5 21 e5 21 e5 21 e5 21 e5 21 e5 21 e5 21 e5 21 e5 21 e5,0.05095,True,0.6824104242671531,0.99560546875,33.0,390.73068063649794,1.0,64.0,0.0
G,64,2016,150000,21 e5 21 e5 21 e5 21 e5 21 e5 21 e5 21 e5 21 e5 21 e5 21 e5 21 e5 21 e5 21 e5 21 e5 21 e5 21 e5 21 e5 21 e5 21 e5 21 e5 21 e5 21 e5 21 e5 21 e5 21 e5 21 e5 21 e5 21 e5 21 e5 21 e5 21 e5 21 e5,0.04645,True,0.6824104242671531,0.99560546875,33.0,390.73068063649794,1.0,64.0,0.0
G,64,2016,200000,21 e5 21 e5 21 e5 21 e5 21 e5 21 e5 21 e5 21 e5 21 e5 21 e5 21 e5 21 e5 21 e5 21 e5 21 e5 21 e5 21 e5 21 e5 21 e5 21 e5 21 e5 21 e5 21 e5 21 e5 21 e5 21 e5 21 e5 21 e5 21 e5 21 e5 21 e5 21 e5,0.0473,True,0.6824104242671531,0.99560546875,33.0,390.73068063649794,1.0,64.0,0.0
G,64,2016,300000,21 10 37 ed b8 cb 71 46 71 42 27 6f cf 74 e3 30 21 10 37 ed b8 cb 71 46 71 42 27 6f cf 74 e3 30 21 10 37 ed b8 cb 71 46 71 42 27 6f cf 74 e3 30 21 10 37 ed b8 cb 71 46 71 42 27 6f cf 74 e3 30,0.00435,True,1.0,0.92578125,12.0,103.24705596802956,0.0,5.0,11.0
G,64,2016,500000,43 16 0b 21 90 0a cf f4 ac ed b8 c0 ae da a1 2e 43 16 0b 21 90 0a cf f4 ac ed b8 c0 ae da a1 2e 43 16 0b 21 90 0a cf f4 ac ed b8 c0 ae da a1 2e 43 16 0b 21 90 0a cf f4 ac ed b8 c0 ae da a1 2e,0.0061,True,1.0,0.91357421875,11.0,96.42971983791625,0.0,10.0,7.0
G,64,2016,750000,b2 21 20 b2 cf ba ad 5d ed b8 9d a8 9b c0 38 fd 69 12 ec bb 27 c7 cd ab b2 b9 ec 89 b2 cf c3 b9 b2 21 20 b2 cf ba ad 5d ed b8 9d a8 9b c0 38 fd 69 12 ec bb 27 c7 cd ab b2 b9 ec 89 b2 cf c3 b9,0.00305,True,1.0,0.91796875,27.0,222.94879560670392,0.0,7.0,26.0
G,64,2016,1000000,5f 21 20 8a cf 54 9a 45 ed b8 5d 10 00 de 00 62 00 10 00 10 00 10 00 10 00 55 00 10 00 10 82 97 5f 21 20 8a cf 54 9a 45 ed b8 5d 10 00 de 00 62 00 10 00 10 00 10 00 10 00 55 00 10 00 10 82 97,0.0025,True,1.0,0.9306640625,28.0,227.37072846799003,0.0,7.0,26.0
G,64,2016,1000000,5f 21 20 8a cf 54 9a 45 ed b8 5d 10 00 de 00 62 00 10 00 10 00 10 00 10 00 55 00 10 00 10 82 97 5f 21 20 8a cf 54 9a 45 ed b8 5d 10 00 de 00 62 00 10 00 10 00 10 00 10 00 55 00 10 00 10 82 97,0.0025,True,1.0,0.9306640625,28.0,227.37072846799003,0.0,7.0,26.0
G,64,2017,500,cd d3 cd d3 cd d3 cd d3 cd d3 cd d3 cd d3 cd d3 cd d3 cd d3 cd d3 cd d3 cd d3 cd d3 cd d3 cd d3 cd d3 cd d3 cd d3 cd d3 cd d3 cd d3 cd d3 cd d3 cd d3 cd d3 cd d3 cd d3 cd d3 cd d3 cd d3 cd d3,0.0014,False,-0.0025201612903225806,0.0,0.0,0.0,1.0,64.0,0.0
G,64,2017,1000,01 c5 01 c5 01 c5 01 c5 01 c5 01 c5 01 c5 01 c5 01 c5 01 c5 01 c5 01 c5 01 c5 01 c5 01 c5 01 c5 01 c5 01 c5 01 c5 01 c5 01 c5 01 c5 01 c5 01 c5 01 c5 01 c5 01 c5 01 c5 01 c5 01 c5 01 c5 01 c5,0.00585,True,0.6253627732174859,0.98828125,32.0,371.9219831535945,1.0,64.0,0.0
G,64,2017,1500,01 c5 01 c5 01 c5 01 c5 01 c5 01 c5 01 c5 01 c5 01 c5 01 c5 01 c5 01 c5 01 c5 01 c5 01 c5 01 c5 01 c5 01 c5 01 c5 01 c5 01 c5 01 c5 01 c5 01 c5 01 c5 01 c5 01 c5 01 c5 01 c5 01 c5 01 c5 01 c5,0.01655,True,0.6253627732174859,0.98828125,32.0,371.9219831535945,1.0,64.0,0.0
G,64,2017,2000,01 c5 01 c5 01 c5 01 c5 01 c5 01 c5 01 c5 01 c5 01 c5 01 c5 01 c5 01 c5 01 c5 01 c5 01 c5 01 c5 01 c5 01 c5 01 c5 01 c5 01 c5 01 c5 01 c5 01 c5 01 c5 01 c5 01 c5 01 c5 01 c5 01 c5 01 c5 01 c5,0.033,True,0.6253627732174859,0.98828125,32.0,371.9219831535945,1.0,64.0,0.0
G,64,2017,3000,21 e5 21 e5 21 e5 21 e5 21 e5 21 e5 21 e5 21 e5 21 e5 21 e5 21 e5 21 e5 21 e5 21 e5 21 e5 21 e5 21 e5 21 e5 21 e5 21 e5 21 e5 21 e5 21 e5 21 e5 21 e5 21 e5 21 e5 21 e5 21 e5 21 e5 21 e5 21 e5,0.0643,True,0.6570863035234255,0.994140625,32.0,359.43912157349143,1.0,64.0,0.0
G,64,2017,5000,01 c5 01 c5 01 c5 01 c5 01 c5 01 c5 01 c5 01 c5 01 c5 01 c5 01 c5 01 c5 01 c5 01 c5 01 c5 01 c5 01 c5 01 c5 01 c5 01 c5 01 c5 01 c5 01 c5 01 c5 01 c5 01 c5 01 c5 01 c5 01 c5 01 c5 01 c5 01 c5,0.01345,True,0.6253627732174859,0.98828125,32.0,371.9219831535945,1.0,64.0,0.0
G,64,2017,10000,21 e5 21 e5 21 e5 21 e5 21 e5 21 e5 21 e5 21 e5 21 e5 21 e5 21 e5 21 e5 21 e5 21 e5 21 e5 21 e5 21 e5 21 e5 21 e5 21 e5 21 e5 21 e5 21 e5 21 e5 21 e5 21 e5 21 e5 21 e5 21 e5 21 e5 21 e5 21 e5,0.02015,True,0.6570863035234255,0.994140625,32.0,359.43912157349143,1.0,64.0,0.0
G,64,2017,15000,21 e5 21 e5 21 e5 21 e5 21 e5 21 e5 21 e5 21 e5 21 e5 21 e5 21 e5 21 e5 21 e5 21 e5 21 e5 21 e5 21 e5 21 e5 21 e5 21 e5 21 e5 21 e5 21 e5 21 e5 21 e5 21 e5 21 e5 21 e5 21 e5 21 e5 21 e5 21 e5,0.03245,True,0.6570863035234255,0.994140625,32.0,359.43912157349143,1.0,64.0,0.0
G,64,2017,20000,21 e5 21 e5 21 e5 21 e5 21 e5 21 e5 21 e5 21 e5 21 e5 21 e5 21 e5 21 e5 21 e5 21 e5 21 e5 21 e5 21 e5 21 e5 21 e5 21 e5 21 e5 21 e5 21 e5 21 e5 21 e5 21 e5 21 e5 21 e5 21 e5 21 e5 21 e5 21 e5,0.0363,True,0.6570863035234255,0.994140625,32.0,359.43912157349143,1.0,64.0,0.0
G,64,2017,30000,21 e5 21 e5 21 e5 21 e5 21 e5 21 e5 21 e5 21 e5 21 e5 21 e5 21 e5 21 e5 21 e5 21 e5 21 e5 21 e5 21 e5 21 e5 21 e5 21 e5 21 e5 21 e5 21 e5 21 e5 21 e5 21 e5 21 e5 21 e5 21 e5 21 e5 21 e5 21 e5,0.03985,True,0.6570863035234255,0.994140625,32.0,359.43912157349143,1.0,64.0,0.0
G,64,2017,50000,21 e5 21 e5 21 e5 21 e5 21 e5 21 e5 21 e5 21 e5 21 e5 21 e5 21 e5 21 e5 21 e5 21 e5 21 e5 21 e5 21 e5 21 e5 21 e5 21 e5 21 e5 21 e5 21 e5 21 e5 21 e5 21 e5 21 e5 21 e5 21 e5 21 e5 21 e5 21 e5,0.04315,True,0.6570863035234255,0.994140625,32.0,359.43912157349143,1.0,64.0,0.0
G,64,2017,75000,21 e5 21 e5 21 e5 21 e5 21 e5 21 e5 21 e5 21 e5 21 e5 21 e5 21 e5 21 e5 21 e5 21 e5 21 e5 21 e5 21 e5 21 e5 21 e5 21 e5 21 e5 21 e5 21 e5 21 e5 21 e5 21 e5 21 e5 21 e5 21 e5 21 e5 21 e5 21 e5,0.04595,True,0.6570863035234255,0.994140625,32.0,359.43912157349143,1.0,64.0,0.0
G,64,2017,100000,21 e5 21 e5 21 e5 21 e5 21 e5 21 e5 21 e5 21 e5 21 e5 21 e5 21 e5 21 e5 21 e5 21 e5 21 e5 21 e5 21 e5 21 e5 21 e5 21 e5 21 e5 21 e5 21 e5 21 e5 21 e5 21 e5 21 e5 21 e5 21 e5 21 e5 21 e5 21 e5,0.044,True,0.6570863035234255,0.994140625,32.0,359.43912157349143,1.0,64.0,0.0
G,64,2017,150000,21 e5 21 e5 21 e5 21 e5 21 e5 21 e5 21 e5 21 e5 21 e5 21 e5 21 e5 21 e5 21 e5 21 e5 21 e5 21 e5 21 e5 21 e5 21 e5 21 e5 21 e5 21 e5 21 e5 21 e5 21 e5 21 e5 21 e5 21 e5 21 e5 21 e5 21 e5 21 e5,0.04585,True,0.6570863035234255,0.994140625,32.0,359.43912157349143,1.0,64.0,0.0
G,64,2017,200000,21 e5 21 e5 21 e5 21 e5 21 e5 21 e5 21 e5 21 e5 21 e5 21 e5 21 e5 21 e5 21 e5 21 e5 21 e5 21 e5 21 e5 21 e5 21 e5 21 e5 21 e5 21 e5 21 e5 21 e5 21 e5 21 e5 21 e5 21 e5 21 e5 21 e5 21 e5 21 e5,0.0444,True,0.6570863035234255,0.994140625,32.0,359.43912157349143,1.0,64.0,0.0
G,64,2017,300000,21 e5 21 e5 21 e5 21 e5 21 e5 21 e5 21 e5 21 e5 21 e5 21 e5 21 e5 21 e5 21 e5 21 e5 21 e5 21 e5 21 e5 21 e5 21 e5 21 e5 21 e5 21 e5 21 e5 21 e5 21 e5 21 e5 21 e5 21 e5 21 e5 21 e5 21 e5 21 e5,0.04335,True,0.6570863035234255,0.994140625,32.0,359.43912157349143,1.0,64.0,0.0
G,64,2017,500000,21 e5 21 e5 21 e5 21 e5 21 e5 21 e5 21 e5 21 e5 21 e5 21 e5 21 e5 21 e5 21 e5 21 e5 21 e5 21 e5 21 e5 21 e5 21 e5 21 e5 21 e5 21 e5 21 e5 21 e5 21 e5 21 e5 21 e5 21 e5 21 e5 21 e5 21 e5 21 e5,0.0423,True,0.6570863035234255,0.994140625,32.0,359.43912157349143,1.0,64.0,0.0
G,64,2017,750000,21 e5 21 e5 21 e5 21 e5 21 e5 21 e5 21 e5 21 e5 21 e5 21 e5 21 e5 21 e5 21 e5 21 e5 21 e5 21 e5 21 e5 21 e5 21 e5 21 e5 21 e5 21 e5 21 e5 21 e5 21 e5 21 e5 21 e5 21 e5 21 e5 21 e5 21 e5 21 e5,0.04585,True,0.6570863035234255,0.994140625,32.0,359.43912157349143,1.0,64.0,0.0
G,64,2017,1000000,21 e5 21 e5 21 e5 21 e5 21 e5 21 e5 21 e5 21 e5 21 e5 21 e5 21 e5 21 e5 21 e5 21 e5 21 e5 21 e5 21 e5 21 e5 21 e5 21 e5 21 e5 21 e5 21 e5 21 e5 21 e5 21 e5 21 e5 21 e5 21 e5 21 e5 21 e5 21 e5,0.0479,True,0.6570863035234255,0.994140625,32.0,359.43912157349143,1.0,64.0,0.0
G,64,2017,1000000,21 e5 21 e5 21 e5 21 e5 21 e5 21 e5 21 e5 21 e5 21 e5 21 e5 21 e5 21 e5 21 e5 21 e5 21 e5 21 e5 21 e5 21 e5 21 e5 21 e5 21 e5 21 e5 21 e5 21 e5 21 e5 21 e5 21 e5 21 e5 21 e5 21 e5 21 e5 21 e5,0.0479,True,0.6570863035234255,0.994140625,32.0,359.43912157349143,1.0,64.0,0.0
G,64,2018,500,11 d5 11 d5 11 d5 11 d5 11 d5 11 d5 11 d5 11 d5 11 d5 11 d5 11 d5 11 d5 11 d5 11 d5 11 d5 11 d5 11 d5 11 d5 11 d5 11 d5 11 d5 11 d5 11 d5 11 d5 11 d5 11 d5 11 d5 11 d5 11 d5 11 d5 11 d5 11 d5,0.00455,True,0.591030465294041,0.9931640625,32.0,349.8320224553444,1.0,64.0,0.0
G,64,2018,950,11 d5 11 d5 11 d5 11 d5 11 d5 11 d5 11 d5 11 d5 11 d5 11 d5 11 d5 11 d5 11 d5 11 d5 11 d5 11 d5 11 d5 11 d5 11 d5 11 d5 11 d5 11 d5 11 d5 11 d5 11 d5 11 d5 11 d5 11 d5 11 d5 11 d5 11 d5 11 d5,0.02105,True,0.591030465294041,0.9931640625,32.0,349.8320224553444,1.0,64.0,0.0
G,64,2018,1000,01 c5 01 c5 01 c5 01 c5 01 c5 01 c5 01 c5 01 c5 01 c5 01 c5 01 c5 01 c5 01 c5 01 c5 01 c5 01 c5 01 c5 01 c5 01 c5 01 c5 01 c5 01 c5 01 c5 01 c5 01 c5 01 c5 01 c5 01 c5 01 c5 01 c5 01 c5 01 c5,0.0239,True,0.5677238343253969,0.9912109375,32.0,360.3149341955329,1.0,64.0,0.0
G,64,2018,2000,01 c5 01 c5 01 c5 01 c5 01 c5 01 c5 01 c5 01 c5 01 c5 01 c5 01 c5 01 c5 01 c5 01 c5 01 c5 01 c5 01 c5 01 c5 01 c5 01 c5 01 c5 01 c5 01 c5 01 c5 01 c5 01 c5 01 c5 01 c5 01 c5 01 c5 01 c5 01 c5,0.06365,True,0.5677238343253969,0.9912109375,32.0,360.3149341955329,1.0,64.0,0.0
G,64,2018,3000,01 c5 01 c5 01 c5 01 c5 01 c5 01 c5 01 c5 01 c5 01 c5 01 c5 01 c5 01 c5 01 c5 01 c5 01 c5 01 c5 01 c5 01 c5 01 c5 01 c5 01 c5 01 c5 01 c5 01 c5 01 c5 01 c5 01 c5 01 c5 01 c5 01 c5 01 c5 01 c5,0.04235,True,0.5677238343253969,0.9912109375,32.0,360.3149341955329,1.0,64.0,0.0
G,64,2018,5000,01 c5 01 c5 01 c5 01 c5 01 c5 01 c5 01 c5 01 c5 01 c5 01 c5 01 c5 01 c5 01 c5 01 c5 01 c5 01 c5 01 c5 01 c5 01 c5 01 c5 01 c5 01 c5 01 c5 01 c5 01 c5 01 c5 01 c5 01 c5 01 c5 01 c5 01 c5 01 c5,0.02035,True,0.5677238343253969,0.9912109375,32.0,360.3149341955329,1.0,64.0,0.0
G,64,2018,10000,11 d5 11 d5 11 d5 11 d5 11 d5 11 d5 11 d5 11 d5 11 d5 11 d5 11 d5 11 d5 11 d5 11 d5 11 d5 11 d5 11 d5 11 d5 11 d5 11 d5 11 d5 11 d5 11 d5 11 d5 11 d5 11 d5 11 d5 11 d5 11 d5 11 d5 11 d5 11 d5,0.0183,True,0.591030465294041,0.9931640625,32.0,349.8320224553444,1.0,64.0,0.0
G,64,2018,15000,11 d5 11 d5 11 d5 11 d5 11 d5 11 d5 11 d5 11 d5 11 d5 11 d5 11 d5 11 d5 11 d5 11 d5 11 d5 11 d5 11 d5 11 d5 11 d5 11 d5 11 d5 11 d5 11 d5 11 d5 11 d5 11 d5 11 d5 11 d5 11 d5 11 d5 11 d5 11 d5,0.0229,True,0.591030465294041,0.9931640625,32.0,349.8320224553444,1.0,64.0,0.0
G,64,2018,20000,11 d5 11 d5 11 d5 11 d5 11 d5 11 d5 11 d5 11 d5 11 d5 11 d5 11 d5 11 d5 11 d5 11 d5 11 d5 11 d5 11 d5 11 d5 11 d5 11 d5 11 d5 11 d5 11 d5 11 d5 11 d5 11 d5 11 d5 11 d5 11 d5 11 d5 11 d5 11 d5,0.0293,True,0.591030465294041,0.9931640625,32.0,349.8320224553444,1.0,64.0,0.0
G,64,2018,30000,11 d5 11 d5 11 d5 11 d5 11 d5 11 d5 11 d5 11 d5 11 d5 11 d5 11 d5 11 d5 11 d5 11 d5 11 d5 11 d5 11 d5 11 d5 11 d5 11 d5 11 d5 11 d5 11 d5 11 d5 11 d5 11 d5 11 d5 11 d5 11 d5 11 d5 11 d5 11 d5,0.04145,True,0.591030465294041,0.9931640625,32.0,349.8320224553444,1.0,64.0,0.0
G,64,2018,50000,11 d5 11 d5 11 d5 11 d5 11 d5 11 d5 11 d5 11 d5 11 d5 11 d5 11 d5 11 d5 11 d5 11 d5 11 d5 11 d5 11 d5 11 d5 11 d5 11 d5 11 d5 11 d5 11 d5 11 d5 11 d5 11 d5 11 d5 11 d5 11 d5 11 d5 11 d5 11 d5,0.042,True,0.591030465294041,0.9931640625,32.0,349.8320224553444,1.0,64.0,0.0
G,64,2018,75000,11 d5 11 d5 11 d5 11 d5 11 d5 11 d5 11 d5 11 d5 11 d5 11 d5 11 d5 11 d5 11 d5 11 d5 11 d5 11 d5 11 d5 11 d5 11 d5 11 d5 11 d5 11 d5 11 d5 11 d5 11 d5 11 d5 11 d5 11 d5 11 d5 11 d5 11 d5 11 d5,0.04325,True,0.591030465294041,0.9931640625,32.0,349.8320224553444,1.0,64.0,0.0
G,64,2018,100000,11 d5 11 d5 11 d5 11 d5 11 d5 11 d5 11 d5 11 d5 11 d5 11 d5 11 d5 11 d5 11 d5 11 d5 11 d5 11 d5 11 d5 11 d5 11 d5 11 d5 11 d5 11 d5 11 d5 11 d5 11 d5 11 d5 11 d5 11 d5 11 d5 11 d5 11 d5 11 d5,0.0402,True,0.591030465294041,0.9931640625,32.0,349.8320224553444,1.0,64.0,0.0
G,64,2018,150000,11 d5 11 d5 11 d5 11 d5 11 d5 11 d5 11 d5 11 d5 11 d5 11 d5 11 d5 11 d5 11 d5 11 d5 11 d5 11 d5 11 d5 11 d5 11 d5 11 d5 11 d5 11 d5 11 d5 11 d5 11 d5 11 d5 11 d5 11 d5 11 d5 11 d5 11 d5 11 d5,0.04055,True,0.591030465294041,0.9931640625,32.0,349.8320224553444,1.0,64.0,0.0
G,64,2018,200000,11 d5 11 d5 11 d5 11 d5 11 d5 11 d5 11 d5 11 d5 11 d5 11 d5 11 d5 11 d5 11 d5 11 d5 11 d5 11 d5 11 d5 11 d5 11 d5 11 d5 11 d5 11 d5 11 d5 11 d5 11 d5 11 d5 11 d5 11 d5 11 d5 11 d5 11 d5 11 d5,0.04055,True,0.591030465294041,0.9931640625,32.0,349.8320224553444,1.0,64.0,0.0
G,64,2018,300000,11 d5 11 d5 11 d5 11 d5 11 d5 11 d5 11 d5 11 d5 11 d5 11 d5 11 d5 11 d5 11 d5 11 d5 11 d5 11 d5 11 d5 11 d5 11 d5 11 d5 11 d5 11 d5 11 d5 11 d5 11 d5 11 d5 11 d5 11 d5 11 d5 11 d5 11 d5 11 d5,0.0401,True,0.591030465294041,0.9931640625,32.0,349.8320224553444,1.0,64.0,0.0
G,64,2018,500000,11 d5 11 d5 11 d5 11 d5 11 d5 11 d5 11 d5 11 d5 11 d5 11 d5 11 d5 11 d5 11 d5 11 d5 11 d5 11 d5 11 d5 11 d5 11 d5 11 d5 11 d5 11 d5 11 d5 11 d5 11 d5 11 d5 11 d5 11 d5 11 d5 11 d5 11 d5 11 d5,0.04165,True,0.591030465294041,0.9931640625,32.0,349.8320224553444,1.0,64.0,0.0
G,64,2018,750000,11 d5 11 d5 11 d5 11 d5 11 d5 11 d5 11 d5 11 d5 11 d5 11 d5 11 d5 11 d5 11 d5 11 d5 11 d5 11 d5 11 d5 11 d5 11 d5 11 d5 11 d5 11 d5 11 d5 11 d5 11 d5 11 d5 11 d5 11 d5 11 d5 11 d5 11 d5 11 d5,0.0379,True,0.591030465294041,0.9931640625,32.0,349.8320224553444,1.0,64.0,0.0
G,64,2018,1000000,11 d5 11 d5 11 d5 11 d5 11 d5 11 d5 11 d5 11 d5 11 d5 11 d5 11 d5 11 d5 11 d5 11 d5 11 d5 11 d5 11 d5 11 d5 11 d5 11 d5 11 d5 11 d5 11 d5 11 d5 11 d5 11 d5 11 d5 11 d5 11 d5 11 d5 11 d5 11 d5,0.0406,True,0.591030465294041,0.9931640625,32.0,349.8320224553444,1.0,64.0,0.0
G,64,2018,1000000,11 d5 11 d5 11 d5 11 d5 11 d5 11 d5 11 d5 11 d5 11 d5 11 d5 11 d5 11 d5 11 d5 11 d5 11 d5 11 d5 11 d5 11 d5 11 d5 11 d5 11 d5 11 d5 11 d5 11 d5 11 d5 11 d5 11 d5 11 d5 11 d5 11 d5 11 d5 11 d5,0.0406,True,0.591030465294041,0.9931640625,32.0,349.8320224553444,1.0,64.0,0.0
G,64,2019,500,01 c5 01 c5 01 c5 01 c5 01 c5 01 c5 01 c5 01 c5 01 c5 01 c5 01 c5 01 c5 01 c5 01 c5 01 c5 01 c5 01 c5 01 c5 01 c5 01 c5 01 c5 01 c5 01 c5 01 c5 01 c5 01 c5 01 c5 01 c5 01 c5 01 c5 01 c5 01 c5,0.00615,True,0.584493157562084,0.9921875,32.0,329.0665208700243,1.0,64.0,0.0
G,64,2019,800,01 c5 01 c5 01 c5 01 c5 01 c5 01 c5 01 c5 01 c5 01 c5 01 c5 01 c5 01 c5 01 c5 01 c5 01 c5 01 c5 01 c5 01 c5 01 c5 01 c5 01 c5 01 c5 01 c5 01 c5 01 c5 01 c5 01 c5 01 c5 01 c5 01 c5 01 c5 01 c5,0.01745,True,0.584493157562084,0.9921875,32.0,329.0665208700243,1.0,64.0,0.0
G,64,2019,1000,01 c5 01 c5 01 c5 01 c5 01 c5 01 c5 01 c5 01 c5 01 c5 01 c5 01 c5 01 c5 01 c5 01 c5 01 c5 01 c5 01 c5 01 c5 01 c5 01 c5 01 c5 01 c5 01 c5 01 c5 01 c5 01 c5 01 c5 01 c5 01 c5 01 c5 01 c5 01 c5,0.0218,True,0.584493157562084,0.9921875,32.0,329.0665208700243,1.0,64.0,0.0
G,64,2019,2000,01 c5 01 c5 01 c5 01 c5 01 c5 01 c5 01 c5 01 c5 01 c5 01 c5 01 c5 01 c5 01 c5 01 c5 01 c5 01 c5 01 c5 01 c5 01 c5 01 c5 01 c5 01 c5 01 c5 01 c5 01 c5 01 c5 01 c5 01 c5 01 c5 01 c5 01 c5 01 c5,0.093,True,0.584493157562084,0.9921875,32.0,329.0665208700243,1.0,64.0,0.0
G,64,2019,3000,01 c5 01 c5 01 c5 01 c5 01 c5 01 c5 01 c5 01 c5 01 c5 01 c5 01 c5 01 c5 01 c5 01 c5 01 c5 01 c5 01 c5 01 c5 01 c5 01 c5 01 c5 01 c5 01 c5 01 c5 01 c5 01 c5 01 c5 01 c5 01 c5 01 c5 01 c5 01 c5,0.10185,True,0.584493157562084,0.9921875,32.0,329.0665208700243,1.0,64.0,0.0
G,64,2019,5000,01 c5 01 c5 01 c5 01 c5 01 c5 01 c5 01 c5 01 c5 01 c5 01 c5 01 c5 01 c5 01 c5 01 c5 01 c5 01 c5 01 c5 01 c5 01 c5 01 c5 01 c5 01 c5 01 c5 01 c5 01 c5 01 c5 01 c5 01 c5 01 c5 01 c5 01 c5 01 c5,0.02935,True,0.584493157562084,0.9921875,32.0,329.0665208700243,1.0,64.0,0.0
G,64,2019,10000,01 c5 01 c5 01 c5 01 c5 01 c5 01 c5 01 c5 01 c5 01 c5 01 c5 01 c5 01 c5 01 c5 01 c5 01 c5 01 c5 01 c5 01 c5 01 c5 01 c5 01 c5 01 c5 01 c5 01 c5 01 c5 01 c5 01 c5 01 c5 01 c5 01 c5 01 c5 01 c5,0.0293,True,0.584493157562084,0.9921875,32.0,329.0665208700243,1.0,64.0,0.0
G,64,2019,15000,01 c5 01 c5 01 c5 01 c5 01 c5 01 c5 01 c5 01 c5 01 c5 01 c5 01 c5 01 c5 01 c5 01 c5 01 c5 01 c5 01 c5 01 c5 01 c5 01 c5 01 c5 01 c5 01 c5 01 c5 01 c5 01 c5 01 c5 01 c5 01 c5 01 c5 01 c5 01 c5,0.0282,True,0.584493157562084,0.9921875,32.0,329.0665208700243,1.0,64.0,0.0
G,64,2019,20000,01 c5 01 c5 01 c5 01 c5 01 c5 01 c5 01 c5 01 c5 01 c5 01 c5 01 c5 01 c5 01 c5 01 c5 01 c5 01 c5 01 c5 01 c5 01 c5 01 c5 01 c5 01 c5 01 c5 01 c5 01 c5 01 c5 01 c5 01 c5 01 c5 01 c5 01 c5 01 c5,0.02875,True,0.584493157562084,0.9921875,32.0,329.0665208700243,1.0,64.0,0.0
G,64,2019,30000,01 c5 01 c5 01 c5 01 c5 01 c5 01 c5 01 c5 01 c5 01 c5 01 c5 01 c5 01 c5 01 c5 01 c5 01 c5 01 c5 01 c5 01 c5 01 c5 01 c5 01 c5 01 c5 01 c5 01 c5 01 c5 01 c5 01 c5 01 c5 01 c5 01 c5 01 c5 01 c5,0.03305,True,0.584493157562084,0.9921875,32.0,329.0665208700243,1.0,64.0,0.0
G,64,2019,50000,01 c5 01 c5 01 c5 01 c5 01 c5 01 c5 01 c5 01 c5 01 c5 01 c5 01 c5 01 c5 01 c5 01 c5 01 c5 01 c5 01 c5 01 c5 01 c5 01 c5 01 c5 01 c5 01 c5 01 c5 01 c5 01 c5 01 c5 01 c5 01 c5 01 c5 01 c5 01 c5,0.0326,True,0.584493157562084,0.9921875,32.0,329.0665208700243,1.0,64.0,0.0
G,64,2019,75000,01 c5 01 c5 01 c5 01 c5 01 c5 01 c5 01 c5 01 c5 01 c5 01 c5 01 c5 01 c5 01 c5 01 c5 01 c5 01 c5 01 c5 01 c5 01 c5 01 c5 01 c5 01 c5 01 c5 01 c5 01 c5 01 c5 01 c5 01 c5 01 c5 01 c5 01 c5 01 c5,0.028,True,0.584493157562084,0.9921875,32.0,329.0665208700243,1.0,64.0,0.0
G,64,2019,100000,01 c5 01 c5 01 c5 01 c5 01 c5 01 c5 01 c5 01 c5 01 c5 01 c5 01 c5 01 c5 01 c5 01 c5 01 c5 01 c5 01 c5 01 c5 01 c5 01 c5 01 c5 01 c5 01 c5 01 c5 01 c5 01 c5 01 c5 01 c5 01 c5 01 c5 01 c5 01 c5,0.0289,True,0.584493157562084,0.9921875,32.0,329.0665208700243,1.0,64.0,0.0
G,64,2019,150000,01 c5 01 c5 01 c5 01 c5 01 c5 01 c5 01 c5 01 c5 01 c5 01 c5 01 c5 01 c5 01 c5 01 c5 01 c5 01 c5 01 c5 01 c5 01 c5 01 c5 01 c5 01 c5 01 c5 01 c5 01 c5 01 c5 01 c5 01 c5 01 c5 01 c5 01 c5 01 c5,0.0274,True,0.584493157562084,0.9921875,32.0,329.0665208700243,1.0,64.0,0.0
G,64,2019,200000,01 c5 01 c5 01 c5 01 c5 01 c5 01 c5 01 c5 01 c5 01 c5 01 c5 01 c5 01 c5 01 c5 01 c5 01 c5 01 c5 01 c5 01 c5 01 c5 01 c5 01 c5 01 c5 01 c5 01 c5 01 c5 01 c5 01 c5 01 c5 01 c5 01 c5 01 c5 01 c5,0.0286,True,0.584493157562084,0.9921875,32.0,329.0665208700243,1.0,64.0,0.0
G,64,2019,300000,01 c5 01 c5 01 c5 01 c5 01 c5 01 c5 01 c5 01 c5 01 c5 01 c5 01 c5 01 c5 01 c5 01 c5 01 c5 01 c5 01 c5 01 c5 01 c5 01 c5 01 c5 01 c5 01 c5 01 c5 01 c5 01 c5 01 c5 01 c5 01 c5 01 c5 01 c5 01 c5,0.0317,True,0.584493157562084,0.9921875,32.0,329.0665208700243,1.0,64.0,0.0
G,64,2019,500000,01 c5 01 c5 01 c5 01 c5 01 c5 01 c5 01 c5 01 c5 01 c5 01 c5 01 c5 01 c5 01 c5 01 c5 01 c5 01 c5 01 c5 01 c5 01 c5 01 c5 01 c5 01 c5 01 c5 01 c5 01 c5 01 c5 01 c5 01 c5 01 c5 01 c5 01 c5 01 c5,0.02965,True,0.584493157562084,0.9921875,32.0,329.0665208700243,1.0,64.0,0.0
G,64,2019,750000,01 c5 01 c5 01 c5 01 c5 01 c5 01 c5 01 c5 01 c5 01 c5 01 c5 01 c5 01 c5 01 c5 01 c5 01 c5 01 c5 01 c5 01 c5 01 c5 01 c5 01 c5 01 c5 01 c5 01 c5 01 c5 01 c5 01 c5 01 c5 01 c5 01 c5 01 c5 01 c5,0.02745,True,0.584493157562084,0.9921875,32.0,329.0665208700243,1.0,64.0,0.0
G,64,2019,1000000,01 c5 01 c5 01 c5 01 c5 01 c5 01 c5 01 c5 01 c5 01 c5 01 c5 01 c5 01 c5 01 c5 01 c5 01 c5 01 c5 01 c5 01 c5 01 c5 01 c5 01 c5 01 c5 01 c5 01 c5 01 c5 01 c5 01 c5 01 c5 01 c5 01 c5 01 c5 01 c5,0.0313,True,0.584493157562084,0.9921875,32.0,329.0665208700243,1.0,64.0,0.0
G,64,2019,1000000,01 c5 01 c5 01 c5 01 c5 01 c5 01 c5 01 c5 01 c5 01 c5 01 c5 01 c5 01 c5 01 c5 01 c5 01 c5 01 c5 01 c5 01 c5 01 c5 01 c5 01 c5 01 c5 01 c5 01 c5 01 c5 01 c5 01 c5 01 c5 01 c5 01 c5 01 c5 01 c5,0.0313,True,0.584493157562084,0.9921875,32.0,329.0665208700243,1.0,64.0,0.0
G,64,2020,500,01 c5 01 c5 01 c5 01 c5 01 c5 01 c5 01 c5 01 c5 01 c5 01 c5 01 c5 01 c5 01 c5 01 c5 01 c5 01 c5 01 c5 01 c5 01 c5 01 c5 01 c5 01 c5 01 c5 01 c5 01 c5 01 c5 01 c5 01 c5 01 c5 01 c5 01 c5 01 c5,0.00245,True,0.6530940480190732,0.99169921875,32.0,338.44251531733454,1.0,64.0,0.0
G,64,2020,1000,01 c5 01 c5 01 c5 01 c5 01 c5 01 c5 01 c5 01 c5 01 c5 01 c5 01 c5 01 c5 01 c5 01 c5 01 c5 01 c5 01 c5 01 c5 01 c5 01 c5 01 c5 01 c5 01 c5 01 c5 01 c5 01 c5 01 c5 01 c5 01 c5 01 c5 01 c5 01 c5,0.0076,True,0.6530940480190732,0.99169921875,32.0,338.44251531733454,1.0,64.0,0.0
G,64,2020,1250,01 c5 01 c5 01 c5 01 c5 01 c5 01 c5 01 c5 01 c5 01 c5 01 c5 01 c5 01 c5 01 c5 01 c5 01 c5 01 c5 01 c5 01 c5 01 c5 01 c5 01 c5 01 c5 01 c5 01 c5 01 c5 01 c5 01 c5 01 c5 01 c5 01 c5 01 c5 01 c5,0.0155,True,0.6530940480190732,0.99169921875,32.0,338.44251531733454,1.0,64.0,0.0
G,64,2020,2000,01 c5 01 c5 01 c5 01 c5 01 c5 01 c5 01 c5 01 c5 01 c5 01 c5 01 c5 01 c5 01 c5 01 c5 01 c5 01 c5 01 c5 01 c5 01 c5 01 c5 01 c5 01 c5 01 c5 01 c5 01 c5 01 c5 01 c5 01 c5 01 c5 01 c5 01 c5 01 c5,0.0483,True,0.6530940480190732,0.99169921875,32.0,338.44251531733454,1.0,64.0,0.0
G,64,2020,3000,01 c5 01 c5 01 c5 01 c5 01 c5 01 c5 01 c5 01 c5 01 c5 01 c5 01 c5 01 c5 01 c5 01 c5 01 c5 01 c5 01 c5 01 c5 01 c5 01 c5 01 c5 01 c5 01 c5 01 c5 01 c5 01 c5 01 c5 01 c5 01 c5 01 c5 01 c5 01 c5,0.09285,True,0.6530940480190732,0.99169921875,32.0,338.44251531733454,1.0,64.0,0.0
G,64,2020,5000,01 c5 01 c5 01 c5 01 c5 01 c5 01 c5 01 c5 01 c5 01 c5 01 c5 01 c5 01 c5 01 c5 01 c5 01 c5 01 c5 01 c5 01 c5 01 c5 01 c5 01 c5 01 c5 01 c5 01 c5 01 c5 01 c5 01 c5 01 c5 01 c5 01 c5 01 c5 01 c5,0.04065,True,0.6530940480190732,0.99169921875,32.0,338.44251531733454,1.0,64.0,0.0
G,64,2020,10000,01 c5 01 c5 01 c5 01 c5 01 c5 01 c5 01 c5 01 c5 01 c5 01 c5 01 c5 01 c5 01 c5 01 c5 01 c5 01 c5 01 c5 01 c5 01 c5 01 c5 01 c5 01 c5 01 c5 01 c5 01 c5 01 c5 01 c5 01 c5 01 c5 01 c5 01 c5 01 c5,0.0268,True,0.6530940480190732,0.99169921875,32.0,338.44251531733454,1.0,64.0,0.0
G,64,2020,15000,01 c5 01 c5 01 c5 01 c5 01 c5 01 c5 01 c5 01 c5 01 c5 01 c5 01 c5 01 c5 01 c5 01 c5 01 c5 01 c5 01 c5 01 c5 01 c5 01 c5 01 c5 01 c5 01 c5 01 c5 01 c5 01 c5 01 c5 01 c5 01 c5 01 c5 01 c5 01 c5,0.02175,True,0.6530940480190732,0.99169921875,32.0,338.44251531733454,1.0,64.0,0.0
G,64,2020,20000,11 d5 11 d5 11 d5 11 d5 11 d5 11 d5 11 d5 11 d5 11 d5 11 d5 11 d5 11 d5 11 d5 11 d5 11 d5 11 d5 11 d5 11 d5 11 d5 11 d5 11 d5 11 d5 11 d5 11 d5 11 d5 11 d5 11 d5 11 d5 11 d5 11 d5 11 d5 11 d5,0.0167,True,0.6922288026433692,0.99267578125,32.0,346.41020640057354,1.0,64.0,0.0
G,64,2020,30000,11 d5 11 d5 11 d5 11 d5 11 d5 11 d5 11 d5 11 d5 11 d5 11 d5 11 d5 11 d5 11 d5 11 d5 11 d5 11 d5 11 d5 11 d5 11 d5 11 d5 11 d5 11 d5 11 d5 11 d5 11 d5 11 d5 11 d5 11 d5 11 d5 11 d5 11 d5 11 d5,0.02755,True,0.6922288026433692,0.99267578125,32.0,346.41020640057354,1.0,64.0,0.0
G,64,2020,50000,11 d5 11 d5 11 d5 11 d5 11 d5 11 d5 11 d5 11 d5 11 d5 11 d5 11 d5 11 d5 11 d5 11 d5 11 d5 11 d5 11 d5 11 d5 11 d5 11 d5 11 d5 11 d5 11 d5 11 d5 11 d5 11 d5 11 d5 11 d5 11 d5 11 d5 11 d5 11 d5,0.0415,True,0.6922288026433692,0.99267578125,32.0,346.41020640057354,1.0,64.0,0.0
G,64,2020,75000,11 d5 11 d5 11 d5 11 d5 11 d5 11 d5 11 d5 11 d5 11 d5 11 d5 11 d5 11 d5 11 d5 11 d5 11 d5 11 d5 11 d5 11 d5 11 d5 11 d5 11 d5 11 d5 11 d5 11 d5 11 d5 11 d5 11 d5 11 d5 11 d5 11 d5 11 d5 11 d5,0.0404,True,0.6922288026433692,0.99267578125,32.0,346.41020640057354,1.0,64.0,0.0
G,64,2020,100000,11 d5 11 d5 11 d5 11 d5 11 d5 11 d5 11 d5 11 d5 11 d5 11 d5 11 d5 11 d5 11 d5 11 d5 11 d5 11 d5 11 d5 11 d5 11 d5 11 d5 11 d5 11 d5 11 d5 11 d5 11 d5 11 d5 11 d5 11 d5 11 d5 11 d5 11 d5 11 d5,0.0402,True,0.6922288026433692,0.99267578125,32.0,346.41020640057354,1.0,64.0,0.0
G,64,2020,150000,11 d5 11 d5 11 d5 11 d5 11 d5 11 d5 11 d5 11 d5 11 d5 11 d5 11 d5 11 d5 11 d5 11 d5 11 d5 11 d5 11 d5 11 d5 11 d5 11 d5 11 d5 11 d5 11 d5 11 d5 11 d5 11 d5 11 d5 11 d5 11 d5 11 d5 11 d5 11 d5,0.0401,True,0.6922288026433692,0.99267578125,32.0,346.41020640057354,1.0,64.0,0.0
G,64,2020,200000,11 d5 11 d5 11 d5 11 d5 11 d5 11 d5 11 d5 11 d5 11 d5 11 d5 11 d5 11 d5 11 d5 11 d5 11 d5 11 d5 11 d5 11 d5 11 d5 11 d5 11 d5 11 d5 11 d5 11 d5 11 d5 11 d5 11 d5 11 d5 11 d5 11 d5 11 d5 11 d5,0.0415,True,0.6922288026433692,0.99267578125,32.0,346.41020640057354,1.0,64.0,0.0
G,64,2020,300000,11 d5 11 d5 11 d5 11 d5 11 d5 11 d5 11 d5 11 d5 11 d5 11 d5 11 d5 11 d5 11 d5 11 d5 11 d5 11 d5 11 d5 11 d5 11 d5 11 d5 11 d5 11 d5 11 d5 11 d5 11 d5 11 d5 11 d5 11 d5 11 d5 11 d5 11 d5 11 d5,0.0407,True,0.6922288026433692,0.99267578125,32.0,346.41020640057354,1.0,64.0,0.0
G,64,2020,500000,11 d5 11 d5 11 d5 11 d5 11 d5 11 d5 11 d5 11 d5 11 d5 11 d5 11 d5 11 d5 11 d5 11 d5 11 d5 11 d5 11 d5 11 d5 11 d5 11 d5 11 d5 11 d5 11 d5 11 d5 11 d5 11 d5 11 d5 11 d5 11 d5 11 d5 11 d5 11 d5,0.04125,True,0.6922288026433692,0.99267578125,32.0,346.41020640057354,1.0,64.0,0.0
G,64,2020,750000,11 d5 11 d5 11 d5 11 d5 11 d5 11 d5 11 d5 11 d5 11 d5 11 d5 11 d5 11 d5 11 d5 11 d5 11 d5 11 d5 11 d5 11 d5 11 d5 11 d5 11 d5 11 d5 11 d5 11 d5 11 d5 11 d5 11 d5 11 d5 11 d5 11 d5 11 d5 11 d5,0.03935,True,0.6922288026433692,0.99267578125,32.0,346.41020640057354,1.0,64.0,0.0
G,64,2020,1000000,11 d5 11 d5 11 d5 11 d5 11 d5 11 d5 11 d5 11 d5 11 d5 11 d5 11 d5 11 d5 11 d5 11 d5 11 d5 11 d5 11 d5 11 d5 11 d5 11 d5 11 d5 11 d5 11 d5 11 d5 11 d5 11 d5 11 d5 11 d5 11 d5 11 d5 11 d5 11 d5,0.04275,True,0.6922288026433692,0.99267578125,32.0,346.41020640057354,1.0,64.0,0.0
G,64,2020,1000000,11 d5 11 d5 11 d5 11 d5 11 d5 11 d5 11 d5 11 d5 11 d5 11 d5 11 d5 11 d5 11 d5 11 d5 11 d5 11 d5 11 d5 11 d5 11 d5 11 d5 11 d5 11 d5 11 d5 11 d5 11 d5 11 d5 11 d5 11 d5 11 d5 11 d5 11 d5 11 d5,0.04275,True,0.6922288026433692,0.99267578125,32.0,346.41020640057354,1.0,64.0,0.0
K,32,5001,50,00 41 00 41 00 41 00 41 00 41 00 41 00 41 00 41 00 41 00 41 00 41 00 41 00 41 00 41 00 01 00 00,0.0136,False,0.0947265625,0.0,0.0,0.0,1.0,32.0,0.0
K,32,5001,500,00 41 00 41 00 41 00 41 00 41 00 41 00 41 00 41 00 41 00 41 00 41 00 41 00 41 00 41 00 01 00 00,0.0304,False,0.0947265625,0.0,0.0,0.0,1.0,32.0,0.0
K,32,5001,1000,00 41 00 41 00 41 00 41 00 41 00 41 00 41 00 41 00 41 00 41 00 41 00 41 00 41 00 41 00 01 00 00,0.03315,False,0.0947265625,0.0,0.0,0.0,1.0,32.0,0.0
K,32,5001,2000,01 c5 01 c5 01 c5 01 c5 01 c5 01 c5 01 c5 01 c5 01 c5 01 c5 01 c5 01 c5 01 c5 01 c5 01 c5 01 c5,0.16035,True,0.632875504032258,0.970703125,9.0,148.24435866626987,1.0,32.0,0.0
K,32,5001,3000,01 c5 01 c5 01 c5 01 c5 01 c5 01 c5 01 c5 01 c5 01 c5 01 c5 01 c5 01 c5 01 c5 01 c5 01 c5 01 c5,0.2631,True,0.632875504032258,0.970703125,9.0,148.24435866626987,1.0,32.0,0.0
K,32,5001,5000,01 c5 01 c5 01 c5 01 c5 01 c5 01 c5 01 c5 01 c5 01 c5 01 c5 01 c5 01 c5 01 c5 01 c5 01 c5 01 c5,0.1775,True,0.632875504032258,0.970703125,9.0,148.24435866626987,1.0,32.0,0.0
K,32,5001,10000,01 c5 01 c5 01 c5 01 c5 01 c5 01 c5 01 c5 01 c5 01 c5 01 c5 01 c5 01 c5 01 c5 01 c5 01 c5 01 c5,0.15045,True,0.632875504032258,0.970703125,9.0,148.24435866626987,1.0,32.0,0.0
K,32,5001,15000,01 c5 01 c5 01 c5 01 c5 01 c5 01 c5 01 c5 01 c5 01 c5 01 c5 01 c5 01 c5 01 c5 01 c5 01 c5 01 c5,0.14505,True,0.632875504032258,0.970703125,9.0,148.24435866626987,1.0,32.0,0.0
K,32,5001,20000,01 c5 01 c5 01 c5 01 c5 01 c5 01 c5 01 c5 01 c5 01 c5 01 c5 01 c5 01 c5 01 c5 01 c5 01 c5 01 c5,0.1538,True,0.632875504032258,0.970703125,9.0,148.24435866626987,1.0,32.0,0.0
K,32,5001,30000,01 c5 01 c5 01 c5 01 c5 01 c5 01 c5 01 c5 01 c5 01 c5 01 c5 01 c5 01 c5 01 c5 01 c5 01 c5 01 c5,0.14625,True,0.632875504032258,0.970703125,9.0,148.24435866626987,1.0,32.0,0.0
K,32,5001,50000,01 c5 01 c5 01 c5 01 c5 01 c5 01 c5 01 c5 01 c5 01 c5 01 c5 01 c5 01 c5 01 c5 01 c5 01 c5 01 c5,0.148,True,0.632875504032258,0.970703125,9.0,148.24435866626987,1.0,32.0,0.0
K,32,5001,75000,01 c5 01 c5 01 c5 01 c5 01 c5 01 c5 01 c5 01 c5 01 c5 01 c5 01 c5 01 c5 01 c5 01 c5 01 c5 01 c5,0.1632,True,0.632875504032258,0.970703125,9.0,148.24435866626987,1.0,32.0,0.0
K,32,5001,100000,01 c5 01 c5 01 c5 01 c5 01 c5 01 c5 01 c5 01 c5 01 c5 01 c5 01 c5 01 c5 01 c5 01 c5 01 c5 01 c5,0.15765,True,0.632875504032258,0.970703125,9.0,148.24435866626987,1.0,32.0,0.0
K,32,5001,150000,11 d5 11 d5 11 d5 11 d5 11 d5 11 d5 11 d5 11 d5 11 d5 11 d5 11 d5 11 d5 11 d5 11 d5 11 d5 11 d5,0.14875,True,0.601272681451613,0.962890625,9.0,132.4001158042459,1.0,32.0,0.0
K,32,5001,200000,11 d5 11 d5 11 d5 11 d5 11 d5 11 d5 11 d5 11 d5 11 d5 11 d5 11 d5 11 d5 11 d5 11 d5 11 d5 11 d5,0.1781,True,0.601272681451613,0.962890625,9.0,132.4001158042459,1.0,32.0,0.0
K,32,5001,300000,11 d5 11 d5 11 d5 11 d5 11 d5 11 d5 11 d5 11 d5 11 d5 11 d5 11 d5 11 d5 11 d5 11 d5 11 d5 11 d5,0.1795,True,0.601272681451613,0.962890625,9.0,132.4001158042459,1.0,32.0,0.0
K,32,5001,500000,11 d5 11 d5 11 d5 11 d5 11 d5 11 d5 11 d5 11 d5 11 d5 11 d5 11 d5 11 d5 11 d5 11 d5 11 d5 11 d5,0.17195,True,0.601272681451613,0.962890625,9.0,132.4001158042459,1.0,32.0,0.0
K,32,5001,750000,11 d5 11 d5 11 d5 11 d5 11 d5 11 d5 11 d5 11 d5 11 d5 11 d5 11 d5 11 d5 11 d5 11 d5 11 d5 11 d5,0.17875,True,0.601272681451613,0.962890625,9.0,132.4001158042459,1.0,32.0,0.0
K,32,5001,1000000,11 d5 11 d5 11 d5 11 d5 11 d5 11 d5 11 d5 11 d5 11 d5 11 d5 11 d5 11 d5 11 d5 11 d5 11 d5 11 d5,0.18815,True,0.601272681451613,0.962890625,9.0,132.4001158042459,1.0,32.0,0.0
K,32,5001,1000000,11 d5 11 d5 11 d5 11 d5 11 d5 11 d5 11 d5 11 d5 11 d5 11 d5 11 d5 11 d5 11 d5 11 d5 11 d5 11 d5,0.18815,True,0.601272681451613,0.962890625,9.0,132.4001158042459,1.0,32.0,0.0
K,32,5002,50,00 41 00 41 00 41 00 41 00 41 00 41 00 41 00 41 00 41 00 41 00 41 00 41 00 41 00 41 00 01 00 00,0.0141,False,0.11740381384408602,0.0,0.0,0.0,1.0,32.0,0.0
K,32,5002,500,00 41 00 41 00 41 00 41 00 41 00 41 00 41 00 41 00 41 00 41 00 41 00 41 00 41 00 41 00 01 00 00,0.03225,False,0.11740381384408602,0.0,0.0,0.0,1.0,32.0,0.0
K,32,5002,1000,00 41 00 41 00 41 00 41 00 41 00 41 00 41 00 41 00 41 00 41 00 41 00 41 00 41 00 41 00 01 00 00,0.02955,False,0.11740381384408602,0.0,0.0,0.0,1.0,32.0,0.0
K,32,5002,2000,01 c5 01 c5 01 c5 01 c5 01 c5 01 c5 01 c5 01 c5 01 c5 01 c5 01 c5 01 c5 01 c5 01 c5 01 c5 01 c5,0.1746,True,0.638671875,0.9599609375,11.0,162.0386033685823,1.0,32.0,0.0
K,32,5002,3000,01 c5 01 c5 01 c5 01 c5 01 c5 01 c5 01 c5 01 c5 01 c5 01 c5 01 c5 01 c5 01 c5 01 c5 01 c5 01 c5,0.2716,True,0.638671875,0.9599609375,11.0,162.0386033685823,1.0,32.0,0.0
K,32,5002,5000,01 c5 01 c5 01 c5 01 c5 01 c5 01 c5 01 c5 01 c5 01 c5 01 c5 01 c5 01 c5 01 c5 01 c5 01 c5 01 c5,0.21955,True,0.638671875,0.9599609375,11.0,162.0386033685823,1.0,32.0,0.0
K,32,5002,10000,01 c5 01 c5 01 c5 01 c5 01 c5 01 c5 01 c5 01 c5 01 c5 01 c5 01 c5 01 c5 01 c5 01 c5 01 c5 01 c5,0.14625,True,0.638671875,0.9599609375,11.0,162.0386033685823,1.0,32.0,0.0
K,32,5002,15000,01 c5 01 c5 01 c5 01 c5 01 c5 01 c5 01 c5 01 c5 01 c5 01 c5 01 c5 01 c5 01 c5 01 c5 01 c5 01 c5,0.1582,True,0.638671875,0.9599609375,11.0,162.0386033685823,1.0,32.0,0.0
K,32,5002,20000,01 c5 01 c5 01 c5 01 c5 01 c5 01 c5 01 c5 01 c5 01 c5 01 c5 01 c5 01 c5 01 c5 01 c5 01 c5 01 c5,0.14055,True,0.638671875,0.9599609375,11.0,162.0386033685823,1.0,32.0,0.0
K,32,5002,30000,01 c5 01 c5 01 c5 01 c5 01 c5 01 c5 01 c5 01 c5 01 c5 01 c5 01 c5 01 c5 01 c5 01 c5 01 c5 01 c5,0.1579,True,0.638671875,0.9599609375,11.0,162.0386033685823,1.0,32.0,0.0
K,32,5002,50000,11 d5 11 d5 11 d5 11 d5 11 d5 11 d5 11 d5 11 d5 11 d5 11 d5 11 d5 11 d5 11 d5 11 d5 11 d5 11 d5,0.1367,True,0.6531313004032258,0.9619140625,11.0,152.13288367504484,1.0,32.0,0.0
K,32,5002,75000,11 d5 11 d5 11 d5 11 d5 11 d5 11 d5 11 d5 11 d5 11 d5 11 d5 11 d5 11 d5 11 d5 11 d5 11 d5 11 d5,0.1778,True,0.6531313004032258,0.9619140625,11.0,152.13288367504484,1.0,32.0,0.0
K,32,5002,100000,11 d5 11 d5 11 d5 11 d5 11 d5 11 d5 11 d5 11 d5 11 d5 11 d5 11 d5 11 d5 11 d5 11 d5 11 d5 11 d5,0.18585,True,0.6531313004032258,0.9619140625,11.0,152.13288367504484,1.0,32.0,0.0
K,32,5002,150000,11 d5 11 d5 11 d5 11 d5 11 d5 11 d5 11 d5 11 d5 11 d5 11 d5 11 d5 11 d5 11 d5 11 d5 11 d5 11 d5,0.1789,True,0.6531313004032258,0.9619140625,11.0,152.13288367504484,1.0,32.0,0.0
K,32,5002,200000,11 d5 11 d5 11 d5 11 d5 11 d5 11 d5 11 d5 11 d5 11 d5 11 d5 11 d5 11 d5 11 d5 11 d5 11 d5 11 d5,0.18795,True,0.6531313004032258,0.9619140625,11.0,152.13288367504484,1.0,32.0,0.0
K,32,5002,300000,11 d5 11 d5 11 d5 11 d5 11 d5 11 d5 11 d5 11 d5 11 d5 11 d5 11 d5 11 d5 11 d5 11 d5 11 d5 11 d5,0.17995,True,0.6531313004032258,0.9619140625,11.0,152.13288367504484,1.0,32.0,0.0
K,32,5002,500000,84 5e ed b0 84 5e ed b0 84 5e ed b0 84 5e ed b0 84 5e ed b0 84 5e ed b0 84 5e ed b0 84 5e ed b0,0.26755,True,1.0,0.892578125,0.0,8.51695035247112,0.0,4.0,0.0
K,32,5002,750000,84 5e ed b0 84 5e ed b0 84 5e ed b0 84 5e ed b0 84 5e ed b0 84 5e ed b0 84 5e ed b0 84 5e ed b0,0.2418,True,1.0,0.892578125,0.0,8.51695035247112,0.0,4.0,0.0
K,32,5002,1000000,04 5e ed b0 04 5e ed b0 04 5e ed b0 04 5e ed b0 04 5e ed b0 04 5e ed b0 04 5e ed b0 04 5e ed b0,0.45255,True,1.0,0.8955078125,0.0,8.774085664817667,0.0,4.0,0.0
K,32,5002,1000000,04 5e ed b0 04 5e ed b0 04 5e ed b0 04 5e ed b0 04 5e ed b0 04 5e ed b0 04 5e ed b0 04 5e ed b0,0.45255,True,1.0,0.8955078125,0.0,8.774085664817667,0.0,4.0,0.0
K,32,5003,50,00 41 00 41 00 41 00 41 00 41 00 41 00 41 00 41 00 41 00 41 00 41 00 41 00 41 00 41 00 01 00 00,0.0143,False,0.10279107862903225,0.0,0.0,0.0,1.0,32.0,0.0
K,32,5003,500,00 41 00 41 00 41 00 41 00 41 00 41 00 41 00 41 00 41 00 41 00 41 00 41 00 41 00 41 00 01 00 00,0.0277,False,0.10279107862903225,0.0,0.0,0.0,1.0,32.0,0.0
K,32,5003,1000,11 d5 11 d5 11 d5 11 d5 11 d5 11 d5 11 d5 11 d5 11 d5 11 d5 11 d5 11 d5 11 d5 11 d5 11 d5 11 d5,0.102,True,0.624968497983871,0.9619140625,10.0,132.11627148172113,1.0,32.0,0.0
K,32,5003,2000,01 c5 01 c5 01 c5 01 c5 01 c5 01 c5 01 c5 01 c5 01 c5 01 c5 01 c5 01 c5 01 c5 01 c5 01 c5 01 c5,0.15765,True,0.5973412298387096,0.9619140625,13.0,160.47470717502205,1.0,32.0,0.0
K,32,5003,3000,01 c5 01 c5 01 c5 01 c5 01 c5 01 c5 01 c5 01 c5 01 c5 01 c5 01 c5 01 c5 01 c5 01 c5 01 c5 01 c5,0.14365,True,0.5973412298387096,0.9619140625,13.0,160.47470717502205,1.0,32.0,0.0
K,32,5003,5000,01 c5 01 c5 01 c5 01 c5 01 c5 01 c5 01 c5 01 c5 01 c5 01 c5 01 c5 01 c5 01 c5 01 c5 01 c5 01 c5,0.1092,True,0.5973412298387096,0.9619140625,13.0,160.47470717502205,1.0,32.0,0.0
K,32,5003,10000,11 d5 11 d5 11 d5 11 d5 11 d5 11 d5 11 d5 11 d5 11 d5 11 d5 11 d5 11 d5 11 d5 11 d5 11 d5 11 d5,0.1271,True,0.624968497983871,0.9619140625,10.0,132.11627148172113,1.0,32.0,0.0
K,32,5003,15000,11 d5 11 d5 11 d5 11 d5 11 d5 11 d5 11 d5 11 d5 11 d5 11 d5 11 d5 11 d5 11 d5 11 d5 11 d5 11 d5,0.1347,True,0.624968497983871,0.9619140625,10.0,132.11627148172113,1.0,32.0,0.0
K,32,5003,20000,11 d5 11 d5 11 d5 11 d5 11 d5 11 d5 11 d5 11 d5 11 d5 11 d5 11 d5 11 d5 11 d5 11 d5 11 d5 11 d5,0.14335,True,0.624968497983871,0.9619140625,10.0,132.11627148172113,1.0,32.0,0.0
K,32,5003,30000,11 d5 11 d5 11 d5 11 d5 11 d5 11 d5 11 d5 11 d5 11 d5 11 d5 11 d5 11 d5 11 d5 11 d5 11 d5 11 d5,0.1714,True,0.624968497983871,0.9619140625,10.0,132.11627148172113,1.0,32.0,0.0
K,32,5003,50000,11 d5 11 d5 11 d5 11 d5 11 d5 11 d5 11 d5 11 d5 11 d5 11 d5 11 d5 11 d5 11 d5 11 d5 11 d5 11 d5,0.16805,True,0.624968497983871,0.9619140625,10.0,132.11627148172113,1.0,32.0,0.0
K,32,5003,75000,11 d5 11 d5 11 d5 11 d5 11 d5 11 d5 11 d5 11 d5 11 d5 11 d5 11 d5 11 d5 11 d5 11 d5 11 d5 11 d5,0.1823,True,0.624968497983871,0.9619140625,10.0,132.11627148172113,1.0,32.0,0.0
K,32,5003,100000,11 d5 11 d5 11 d5 11 d5 11 d5 11 d5 11 d5 11 d5 11 d5 11 d5 11 d5 11 d5 11 d5 11 d5 11 d5 11 d5,0.1832,True,0.624968497983871,0.9619140625,10.0,132.11627148172113,1.0,32.0,0.0
K,32,5003,150000,11 d5 11 d5 11 d5 11 d5 11 d5 11 d5 11 d5 11 d5 11 d5 11 d5 11 d5 11 d5 11 d5 11 d5 11 d5 11 d5,0.1784,True,0.624968497983871,0.9619140625,10.0,132.11627148172113,1.0,32.0,0.0
K,32,5003,200000,11 d5 11 d5 11 d5 11 d5 11 d5 11 d5 11 d5 11 d5 11 d5 11 d5 11 d5 11 d5 11 d5 11 d5 11 d5 11 d5,0.1778,True,0.624968497983871,0.9619140625,10.0,132.11627148172113,1.0,32.0,0.0
K,32,5003,300000,11 d5 11 d5 11 d5 11 d5 11 d5 11 d5 11 d5 11 d5 11 d5 11 d5 11 d5 11 d5 11 d5 11 d5 11 d5 11 d5,0.17505,True,0.624968497983871,0.9619140625,10.0,132.11627148172113,1.0,32.0,0.0
K,32,5003,500000,11 d5 11 d5 11 d5 11 d5 11 d5 11 d5 11 d5 11 d5 11 d5 11 d5 11 d5 11 d5 11 d5 11 d5 11 d5 11 d5,0.1859,True,0.624968497983871,0.9619140625,10.0,132.11627148172113,1.0,32.0,0.0
K,32,5003,750000,04 5e ed b0 04 5e ed b0 04 5e ed b0 04 5e ed b0 04 5e ed b0 04 5e ed b0 04 5e ed b0 04 5e ed b0,0.37055,True,1.0,0.8857421875,0.0,7.24705596802956,0.0,4.0,0.0
K,32,5003,1000000,44 5e ed b0 44 5e ed b0 44 5e ed b0 44 5e ed b0 44 5e ed b0 44 5e ed b0 44 5e ed b0 44 5e ed b0,0.29595,True,1.0,0.8896484375,0.0,8.51695035247112,0.0,4.0,0.0
K,32,5003,1000000,44 5e ed b0 44 5e ed b0 44 5e ed b0 44 5e ed b0 44 5e ed b0 44 5e ed b0 44 5e ed b0 44 5e ed b0,0.29595,True,1.0,0.8896484375,0.0,8.51695035247112,0.0,4.0,0.0
K,32,5004,50,00 41 00 41 00 41 00 41 00 41 00 41 00 41 00 41 00 41 00 41 00 41 00 41 00 41 00 41 00 01 00 00,0.01455,False,0.11463583669354839,0.0,0.0,0.0,1.0,32.0,0.0
K,32,5004,500,00 41 00 41 00 41 00 41 00 41 00 41 00 41 00 41 00 41 00 41 00 41 00 41 00 41 00 41 00 01 00 00,0.0328,False,0.11463583669354839,0.0,0.0,0.0,1.0,32.0,0.0
K,32,5004,1000,00 41 00 41 00 41 00 41 00 41 00 41 00 41 00 41 00 41 00 41 00 41 00 41 00 41 00 41 00 01 00 00,0.03055,False,0.11463583669354839,0.0,0.0,0.0,1.0,32.0,0.0
K,32,5004,2000,01 c5 01 c5 01 c5 01 c5 01 c5 01 c5 01 c5 01 c5 01 c5 01 c5 01 c5 01 c5 01 c5 01 c5 01 c5 01 c5,0.21125,True,0.6292842741935484,0.970703125,14.0,144.27934150854543,1.0,32.0,0.0
K,32,5004,3000,01 c5 01 c5 01 c5 01 c5 01 c5 01 c5 01 c5 01 c5 01 c5 01 c5 01 c5 01 c5 01 c5 01 c5 01 c5 01 c5,0.3017,True,0.6292842741935484,0.970703125,14.0,144.27934150854543,1.0,32.0,0.0
K,32,5004,5000,01 c5 01 c5 01 c5 01 c5 01 c5 01 c5 01 c5 01 c5 01 c5 01 c5 01 c5 01 c5 01 c5 01 c5 01 c5 01 c5,0.20405,True,0.6292842741935484,0.970703125,14.0,144.27934150854543,1.0,32.0,0.0
K,32,5004,10000,01 c5 01 c5 01 c5 01 c5 01 c5 01 c5 01 c5 01 c5 01 c5 01 c5 01 c5 01 c5 01 c5 01 c5 01 c5 01 c5,0.1505,True,0.6292842741935484,0.970703125,14.0,144.27934150854543,1.0,32.0,0.0
K,32,5004,15000,01 c5 01 c5 01 c5 01 c5 01 c5 01 c5 01 c5 01 c5 01 c5 01 c5 01 c5 01 c5 01 c5 01 c5 01 c5 01 c5,0.16205,True,0.6292842741935484,0.970703125,14.0,144.27934150854543,1.0,32.0,0.0
K,32,5004,20000,01 c5 01 c5 01 c5 01 c5 01 c5 01 c5 01 c5 01 c5 01 c5 01 c5 01 c5 01 c5 01 c5 01 c5 01 c5 01 c5,0.14825,True,0.6292842741935484,0.970703125,14.0,144.27934150854543,1.0,32.0,0.0
K,32,5004,30000,01 c5 01 c5 01 c5 01 c5 01 c5 01 c5 01 c5 01 c5 01 c5 01 c5 01 c5 01 c5 01 c5 01 c5 01 c5 01 c5,0.15005,True,0.6292842741935484,0.970703125,14.0,144.27934150854543,1.0,32.0,0.0
K,32,5004,50000,01 c5 01 c5 01 c5 01 c5 01 c5 01 c5 01 c5 01 c5 01 c5 01 c5 01 c5 01 c5 01 c5 01 c5 01 c5 01 c5,0.15395,True,0.6292842741935484,0.970703125,14.0,144.27934150854543,1.0,32.0,0.0
K,32,5004,75000,11 d5 11 d5 11 d5 11 d5 11 d5 11 d5 11 d5 11 d5 11 d5 11 d5 11 d5 11 d5 11 d5 11 d5 11 d5 11 d5,0.1466,True,0.5925529233870968,0.970703125,9.0,121.56289731869668,1.0,32.0,0.0
K,32,5004,100000,11 d5 11 d5 11 d5 11 d5 11 d5 11 d5 11 d5 11 d5 11 d5 11 d5 11 d5 11 d5 11 d5 11 d5 11 d5 11 d5,0.17065,True,0.5925529233870968,0.970703125,9.0,121.56289731869668,1.0,32.0,0.0
K,32,5004,150000,11 d5 11 d5 11 d5 11 d5 11 d5 11 d5 11 d5 11 d5 11 d5 11 d5 11 d5 11 d5 11 d5 11 d5 11 d5 11 d5,0.16745,True,0.5925529233870968,0.970703125,9.0,121.56289731869668,1.0,32.0,0.0
K,32,5004,200000,11 d5 11 d5 11 d5 11 d5 11 d5 11 d5 11 d5 11 d5 11 d5 11 d5 11 d5 11 d5 11 d5 11 d5 11 d5 11 d5,0.1854,True,0.5925529233870968,0.970703125,9.0,121.56289731869668,1.0,32.0,0.0
K,32,5004,300000,11 d5 11 d5 11 d5 11 d5 11 d5 11 d5 11 d5 11 d5 11 d5 11 d5 11 d5 11 d5 11 d5 11 d5 11 d5 11 d5,0.17895,True,0.5925529233870968,0.970703125,9.0,121.56289731869668,1.0,32.0,0.0
K,32,5004,500000,11 d5 11 d5 11 d5 11 d5 11 d5 11 d5 11 d5 11 d5 11 d5 11 d5 11 d5 11 d5 11 d5 11 d5 11 d5 11 d5,0.17875,True,0.5925529233870968,0.970703125,9.0,121.56289731869668,1.0,32.0,0.0
K,32,5004,750000,11 d5 11 d5 11 d5 11 d5 11 d5 11 d5 11 d5 11 d5 11 d5 11 d5 11 d5 11 d5 11 d5 11 d5 11 d5 11 d5,0.17625,True,0.5925529233870968,0.970703125,9.0,121.56289731869668,1.0,32.0,0.0
K,32,5004,1000000,11 d5 11 d5 11 d5 11 d5 11 d5 11 d5 11 d5 11 d5 11 d5 11 d5 11 d5 11 d5 11 d5 11 d5 11 d5 11 d5,0.17905,True,0.5925529233870968,0.970703125,9.0,121.56289731869668,1.0,32.0,0.0
K,32,5004,1000000,11 d5 11 d5 11 d5 11 d5 11 d5 11 d5 11 d5 11 d5 11 d5 11 d5 11 d5 11 d5 11 d5 11 d5 11 d5 11 d5,0.17905,True,0.5925529233870968,0.970703125,9.0,121.56289731869668,1.0,32.0,0.0
K,32,5005,34,00 41 00 41 00 41 00 41 00 41 00 41 00 41 00 41 00 41 00 41 00 41 00 41 00 41 00 41 00 01 00 00,0.0105,False,0.12077872983870969,0.0,0.0,0.0,1.0,32.0,0.0
K,32,5005,500,01 c5 01 c5 01 c5 01 c5 01 c5 01 c5 01 c5 01 c5 01 c5 01 c5 01 c5 01 c5 01 c5 01 c5 01 c5 01 c5,0.02565,True,0.6159904233870968,0.9609375,12.0,143.80485856316773,1.0,32.0,0.0
K,32,5005,1000,01 c5 01 c5 01 c5 01 c5 01 c5 01 c5 01 c5 01 c5 01 c5 01 c5 01 c5 01 c5 01 c5 01 c5 01 c5 01 c5,0.11795,True,0.6159904233870968,0.9609375,12.0,143.80485856316773,1.0,32.0,0.0
K,32,5005,2000,01 c5 01 c5 01 c5 01 c5 01 c5 01 c5 01 c5 01 c5 01 c5 01 c5 01 c5 01 c5 01 c5 01 c5 01 c5 01 c5,0.2762,True,0.6159904233870968,0.9609375,12.0,143.80485856316773,1.0,32.0,0.0
K,32,5005,3000,01 c5 01 c5 01 c5 01 c5 01 c5 01 c5 01 c5 01 c5 01 c5 01 c5 01 c5 01 c5 01 c5 01 c5 01 c5 01 c5,0.2762,True,0.6159904233870968,0.9609375,12.0,143.80485856316773,1.0,32.0,0.0
K,32,5005,5000,01 c5 01 c5 01 c5 01 c5 01 c5 01 c5 01 c5 01 c5 01 c5 01 c5 01 c5 01 c5 01 c5 01 c5 01 c5 01 c5,0.2167,True,0.6159904233870968,0.9609375,12.0,143.80485856316773,1.0,32.0,0.0
K,32,5005,10000,01 c5 01 c5 01 c5 01 c5 01 c5 01 c5 01 c5 01 c5 01 c5 01 c5 01 c5 01 c5 01 c5 01 c5 01 c5 01 c5,0.15785,True,0.6159904233870968,0.9609375,12.0,143.80485856316773,1.0,32.0,0.0
K,32,5005,15000,01 c5 01 c5 01 c5 01 c5 01 c5 01 c5 01 c5 01 c5 01 c5 01 c5 01 c5 01 c5 01 c5 01 c5 01 c5 01 c5,0.1488,True,0.6159904233870968,0.9609375,12.0,143.80485856316773,1.0,32.0,0.0
K,32,5005,20000,01 c5 01 c5 01 c5 01 c5 01 c5 01 c5 01 c5 01 c5 01 c5 01 c5 01 c5 01 c5 01 c5 01 c5 01 c5 01 c5,0.16085,True,0.6159904233870968,0.9609375,12.0,143.80485856316773,1.0,32.0,0.0
K,32,5005,30000,01 c5 01 c5 01 c5 01 c5 01 c5 01 c5 01 c5 01 c5 01 c5 01 c5 01 c5 01 c5 01 c5 01 c5 01 c5 01 c5,0.1566,True,0.6159904233870968,0.9609375,12.0,143.80485856316773,1.0,32.0,0.0
K,32,5005,50000,01 c5 01 c5 01 c5 01 c5 01 c5 01 c5 01 c5 01 c5 01 c5 01 c5 01 c5 01 c5 01 c5 01 c5 01 c5 01 c5,0.1496,True,0.6159904233870968,0.9609375,12.0,143.80485856316773,1.0,32.0,0.0
K,32,5005,75000,11 d5 11 d5 11 d5 11 d5 11 d5 11 d5 11 d5 11 d5 11 d5 11 d5 11 d5 11 d5 11 d5 11 d5 11 d5 11 d5,0.15475,True,0.662172379032258,0.9501953125,12.0,140.15574500015083,1.0,32.0,0.0
K,32,5005,100000,11 d5 11 d5 11 d5 11 d5 11 d5 11 d5 11 d5 11 d5 11 d5 11 d5 11 d5 11 d5 11 d5 11 d5 11 d5 11 d5,0.183,True,0.662172379032258,0.9501953125,12.0,140.15574500015083,1.0,32.0,0.0
K,32,5005,150000,11 d5 11 d5 11 d5 11 d5 11 d5 11 d5 11 d5 11 d5 11 d5 11 d5 11 d5 11 d5 11 d5 11 d5 11 d5 11 d5,0.17255,True,0.662172379032258,0.9501953125,12.0,140.15574500015083,1.0,32.0,0.0
K,32,5005,200000,11 d5 11 d5 11 d5 11 d5 11 d5 11 d5 11 d5 11 d5 11 d5 11 d5 11 d5 11 d5 11 d5 11 d5 11 d5 11 d5,0.19005,True,0.662172379032258,0.9501953125,12.0,140.15574500015083,1.0,32.0,0.0
K,32,5005,300000,11 d5 11 d5 11 d5 11 d5 11 d5 11 d5 11 d5 11 d5 11 d5 11 d5 11 d5 11 d5 11 d5 11 d5 11 d5 11 d5,0.1743,True,0.662172379032258,0.9501953125,12.0,140.15574500015083,1.0,32.0,0.0
K,32,5005,500000,11 d5 11 d5 11 d5 11 d5 11 d5 11 d5 11 d5 11 d5 11 d5 11 d5 11 d5 11 d5 11 d5 11 d5 11 d5 11 d5,0.18965,True,0.662172379032258,0.9501953125,12.0,140.15574500015083,1.0,32.0,0.0
K,32,5005,750000,11 d5 11 d5 11 d5 11 d5 11 d5 11 d5 11 d5 11 d5 11 d5 11 d5 11 d5 11 d5 11 d5 11 d5 11 d5 11 d5,0.17395,True,0.662172379032258,0.9501953125,12.0,140.15574500015083,1.0,32.0,0.0
K,32,5005,1000000,11 d5 11 d5 11 d5 11 d5 11 d5 11 d5 11 d5 11 d5 11 d5 11 d5 11 d5 11 d5 11 d5 11 d5 11 d5 11 d5,0.1838,True,0.662172379032258,0.9501953125,12.0,140.15574500015083,1.0,32.0,0.0
K,32,5005,1000000,11 d5 11 d5 11 d5 11 d5 11 d5 11 d5 11 d5 11 d5 11 d5 11 d5 11 d5 11 d5 11 d5 11 d5 11 d5 11 d5,0.1838,True,0.662172379032258,0.9501953125,12.0,140.15574500015083,1.0,32.0,0.0
K,32,5006,50,00 41 00 41 00 41 00 41 00 41 00 41 00 41 00 41 00 41 00 41 00 41 00 41 00 41 00 41 00 01 00 00,0.0133,False,0.06596522177419356,0.0,0.0,0.0,1.0,32.0,0.0
K,32,5006,500,00 41 00 41 00 41 00 41 00 41 00 41 00 41 00 41 00 41 00 41 00 41 00 41 00 41 00 41 00 01 00 00,0.02835,False,0.06596522177419356,0.0,0.0,0.0,1.0,32.0,0.0
K,32,5006,1000,01 c5 01 c5 01 c5 01 c5 01 c5 01 c5 01 c5 01 c5 01 c5 01 c5 01 c5 01 c5 01 c5 01 c5 01 c5 01 c5,0.08005,True,0.7557375672043011,0.96484375,13.0,174.27117065457128,1.0,32.0,0.0
K,32,5006,2000,01 c5 01 c5 01 c5 01 c5 01 c5 01 c5 01 c5 01 c5 01 c5 01 c5 01 c5 01 c5 01 c5 01 c5 01 c5 01 c5,0.185,True,0.7557375672043011,0.96484375,13.0,174.27117065457128,1.0,32.0,0.0
K,32,5006,3000,01 c5 01 c5 01 c5 01 c5 01 c5 01 c5 01 c5 01 c5 01 c5 01 c5 01 c5 01 c5 01 c5 01 c5 01 c5 01 c5,0.1682,True,0.7557375672043011,0.96484375,13.0,174.27117065457128,1.0,32.0,0.0
K,32,5006,5000,01 c5 01 c5 01 c5 01 c5 01 c5 01 c5 01 c5 01 c5 01 c5 01 c5 01 c5 01 c5 01 c5 01 c5 01 c5 01 c5,0.13235,True,0.7557375672043011,0.96484375,13.0,174.27117065457128,1.0,32.0,0.0
K,32,5006,10000,11 d5 11 d5 11 d5 11 d5 11 d5 11 d5 11 d5 11 d5 11 d5 11 d5 11 d5 11 d5 11 d5 11 d5 11 d5 11 d5,0.1141,True,0.7468392977150538,0.9658203125,10.0,138.7232683621205,1.0,32.0,0.0
K,32,5006,15000,11 d5 11 d5 11 d5 11 d5 11 d5 11 d5 11 d5 11 d5 11 d5 11 d5 11 d5 11 d5 11 d5 11 d5 11 d5 11 d5,0.14615,True,0.7468392977150538,0.9658203125,10.0,138.7232683621205,1.0,32.0,0.0
K,32,5006,20000,11 d5 11 d5 11 d5 11 d5 11 d5 11 d5 11 d5 11 d5 11 d5 11 d5 11 d5 11 d5 11 d5 11 d5 11 d5 11 d5,0.17975,True,0.7468392977150538,0.9658203125,10.0,138.7232683621205,1.0,32.0,0.0
K,32,5006,30000,11 d5 11 d5 11 d5 11 d5 11 d5 11 d5 11 d5 11 d5 11 d5 11 d5 11 d5 11 d5 11 d5 11 d5 11 d5 11 d5,0.173,True,0.7468392977150538,0.9658203125,10.0,138.7232683621205,1.0,32.0,0.0
K,32,5006,50000,11 d5 11 d5 11 d5 11 d5 11 d5 11 d5 11 d5 11 d5 11 d5 11 d5 11 d5 11 d5 11 d5 11 d5 11 d5 11 d5,0.18545,True,0.7468392977150538,0.9658203125,10.0,138.7232683621205,1.0,32.0,0.0
K,32,5006,75000,11 d5 11 d5 11 d5 11 d5 11 d5 11 d5 11 d5 11 d5 11 d5 11 d5 11 d5 11 d5 11 d5 11 d5 11 d5 11 d5,0.1804,True,0.7468392977150538,0.9658203125,10.0,138.7232683621205,1.0,32.0,0.0
K,32,5006,100000,11 d5 11 d5 11 d5 11 d5 11 d5 11 d5 11 d5 11 d5 11 d5 11 d5 11 d5 11 d5 11 d5 11 d5 11 d5 11 d5,0.18015,True,0.7468392977150538,0.9658203125,10.0,138.7232683621205,1.0,32.0,0.0
K,32,5006,150000,11 d5 11 d5 11 d5 11 d5 11 d5 11 d5 11 d5 11 d5 11 d5 11 d5 11 d5 11 d5 11 d5 11 d5 11 d5 11 d5,0.1598,True,0.7468392977150538,0.9658203125,10.0,138.7232683621205,1.0,32.0,0.0
K,32,5006,200000,11 d5 11 d5 11 d5 11 d5 11 d5 11 d5 11 d5 11 d5 11 d5 11 d5 11 d5 11 d5 11 d5 11 d5 11 d5 11 d5,0.17445,True,0.7468392977150538,0.9658203125,10.0,138.7232683621205,1.0,32.0,0.0
K,32,5006,300000,11 d5 11 d5 11 d5 11 d5 11 d5 11 d5 11 d5 11 d5 11 d5 11 d5 11 d5 11 d5 11 d5 11 d5 11 d5 11 d5,0.18245,True,0.7468392977150538,0.9658203125,10.0,138.7232683621205,1.0,32.0,0.0
K,32,5006,500000,44 5e ed b0 44 5e ed b0 44 5e ed b0 44 5e ed b0 44 5e ed b0 44 5e ed b0 44 5e ed b0 44 5e ed b0,0.31685,True,1.0,0.8935546875,0.0,9.635057361950047,0.0,4.0,0.0
K,32,5006,750000,44 5e ed b0 44 5e ed b0 44 5e ed b0 44 5e ed b0 44 5e ed b0 44 5e ed b0 44 5e ed b0 44 5e ed b0,0.3223,True,1.0,0.8935546875,0.0,9.635057361950047,0.0,4.0,0.0
K,32,5006,1000000,04 5e ed b0 04 5e ed b0 04 5e ed b0 04 5e ed b0 04 5e ed b0 04 5e ed b0 04 5e ed b0 04 5e ed b0,0.31895,True,1.0,0.892578125,0.0,9.181715214362242,0.0,4.0,0.0
K,32,5006,1000000,04 5e ed b0 04 5e ed b0 04 5e ed b0 04 5e ed b0 04 5e ed b0 04 5e ed b0 04 5e ed b0 04 5e ed b0,0.31895,True,1.0,0.892578125,0.0,9.181715214362242,0.0,4.0,0.0
K,32,5007,50,00 41 00 41 00 41 00 41 00 41 00 41 00 41 00 41 00 41 00 41 00 41 00 41 00 41 00 41 00 01 00 00,0.01375,False,0.1271421370967742,0.0,0.0,0.0,1.0,32.0,0.0
K,32,5007,500,00 41 00 41 00 41 00 41 00 41 00 41 00 41 00 41 00 41 00 41 00 41 00 41 00 41 00 41 00 01 00 00,0.03035,False,0.1271421370967742,0.0,0.0,0.0,1.0,32.0,0.0
K,32,5007,1000,01 c5 01 c5 01 c5 01 c5 01 c5 01 c5 01 c5 01 c5 01 c5 01 c5 01 c5 01 c5 01 c5 01 c5 01 c5 01 c5,0.0487,True,0.5850869455645161,0.96875,14.0,166.61864153720873,1.0,32.0,0.0
K,32,5007,2000,01 c5 01 c5 01 c5 01 c5 01 c5 01 c5 01 c5 01 c5 01 c5 01 c5 01 c5 01 c5 01 c5 01 c5 01 c5 01 c5,0.15605,True,0.5850869455645161,0.96875,14.0,166.61864153720873,1.0,32.0,0.0
K,32,5007,3000,01 c5 01 c5 01 c5 01 c5 01 c5 01 c5 01 c5 01 c5 01 c5 01 c5 01 c5 01 c5 01 c5 01 c5 01 c5 01 c5,0.16395,True,0.5850869455645161,0.96875,14.0,166.61864153720873,1.0,32.0,0.0
K,32,5007,5000,01 c5 01 c5 01 c5 01 c5 01 c5 01 c5 01 c5 01 c5 01 c5 01 c5 01 c5 01 c5 01 c5 01 c5 01 c5 01 c5,0.1747,True,0.5850869455645161,0.96875,14.0,166.61864153720873,1.0,32.0,0.0
K,32,5007,10000,01 c5 01 c5 01 c5 01 c5 01 c5 01 c5 01 c5 01 c5 01 c5 01 c5 01 c5 01 c5 01 c5 01 c5 01 c5 01 c5,0.1494,True,0.5850869455645161,0.96875,14.0,166.61864153720873,1.0,32.0,0.0
K,32,5007,15000,01 c5 01 c5 01 c5 01 c5 01 c5 01 c5 01 c5 01 c5 01 c5 01 c5 01 c5 01 c5 01 c5 01 c5 01 c5 01 c5,0.13865,True,0.5850869455645161,0.96875,14.0,166.61864153720873,1.0,32.0,0.0
K,32,5007,20000,01 c5 01 c5 01 c5 01 c5 01 c5 01 c5 01 c5 01 c5 01 c5 01 c5 01 c5 01 c5 01 c5 01 c5 01 c5 01 c5,0.11175,True,0.5850869455645161,0.96875,14.0,166.61864153720873,1.0,32.0,0.0
K,32,5007,30000,11 d5 11 d5 11 d5 11 d5 11 d5 11 d5 11 d5 11 d5 11 d5 11 d5 11 d5 11 d5 11 d5 11 d5 11 d5 11 d5,0.1162,True,0.5780808971774194,0.970703125,12.0,162.66157130957552,1.0,32.0,0.0
K,32,5007,50000,11 d5 11 d5 11 d5 11 d5 11 d5 11 d5 11 d5 11 d5 11 d5 11 d5 11 d5 11 d5 11 d5 11 d5 11 d5 11 d5,0.1436,True,0.5780808971774194,0.970703125,12.0,162.66157130957552,1.0,32.0,0.0
K,32,5007,75000,11 d5 11 d5 11 d5 11 d5 11 d5 11 d5 11 d5 11 d5 11 d5 11 d5 11 d5 11 d5 11 d5 11 d5 11 d5 11 d5,0.1581,True,0.5780808971774194,0.970703125,12.0,162.66157130957552,1.0,32.0,0.0
K,32,5007,100000,11 d5 11 d5 11 d5 11 d5 11 d5 11 d5 11 d5 11 d5 11 d5 11 d5 11 d5 11 d5 11 d5 11 d5 11 d5 11 d5,0.1684,True,0.5780808971774194,0.970703125,12.0,162.66157130957552,1.0,32.0,0.0
K,32,5007,150000,11 d5 11 d5 11 d5 11 d5 11 d5 11 d5 11 d5 11 d5 11 d5 11 d5 11 d5 11 d5 11 d5 11 d5 11 d5 11 d5,0.17865,True,0.5780808971774194,0.970703125,12.0,162.66157130957552,1.0,32.0,0.0
K,32,5007,200000,84 5e ed b0 84 5e ed b0 84 5e ed b0 84 5e ed b0 84 5e ed b0 84 5e ed b0 84 5e ed b0 84 5e ed b0,0.19945,True,1.0,0.88671875,0.0,6.016808287686554,0.0,4.0,0.0
K,32,5007,300000,84 5e ed b0 84 5e ed b0 84 5e ed b0 84 5e ed b0 84 5e ed b0 84 5e ed b0 84 5e ed b0 84 5e ed b0,0.18425,True,1.0,0.88671875,0.0,6.016808287686554,0.0,4.0,0.0
K,32,5007,500000,44 5e ed b0 44 5e ed b0 44 5e ed b0 44 5e ed b0 44 5e ed b0 44 5e ed b0 44 5e ed b0 44 5e ed b0,0.2215,True,1.0,0.890625,0.0,6.016808287686554,0.0,4.0,0.0
K,32,5007,750000,84 5e ed b0 84 5e ed b0 84 5e ed b0 84 5e ed b0 84 5e ed b0 84 5e ed b0 84 5e ed b0 84 5e ed b0,0.19785,True,1.0,0.88671875,0.0,6.016808287686554,0.0,4.0,0.0
K,32,5007,1000000,84 5e ed b0 84 5e ed b0 84 5e ed b0 84 5e ed b0 84 5e ed b0 84 5e ed b0 84 5e ed b0 84 5e ed b0,0.1493,True,1.0,0.88671875,0.0,6.016808287686554,0.0,4.0,0.0
K,32,5007,1000000,84 5e ed b0 84 5e ed b0 84 5e ed b0 84 5e ed b0 84 5e ed b0 84 5e ed b0 84 5e ed b0 84 5e ed b0,0.1493,True,1.0,0.88671875,0.0,6.016808287686554,0.0,4.0,0.0
K,32,5008,50,00 41 00 41 00 41 00 41 00 41 00 41 00 41 00 41 00 41 00 41 00 41 00 41 00 41 00 41 00 01 00 00,0.01515,False,0.10232274865591398,0.0,0.0,0.0,1.0,32.0,0.0
K,32,5008,500,00 41 00 41 00 41 00 41 00 41 00 41 00 41 00 41 00 41 00 41 00 41 00 41 00 41 00 41 00 01 00 00,0.0305,False,0.10232274865591398,0.0,0.0,0.0,1.0,32.0,0.0
K,32,5008,1000,00 41 00 41 00 41 00 41 00 41 00 41 00 41 00 41 00 41 00 41 00 41 00 41 00 41 00 41 00 01 00 00,0.02965,False,0.10232274865591398,0.0,0.0,0.0,1.0,32.0,0.0
K,32,5008,2000,00 41 00 41 00 41 00 41 00 41 00 41 00 41 00 41 00 41 00 41 00 41 00 41 00 41 00 41 00 01 00 00,0.0297,False,0.10232274865591398,0.0,0.0,0.0,1.0,32.0,0.0
K,32,5008,3000,00 41 00 41 00 41 00 41 00 41 00 41 00 41 00 41 00 41 00 41 00 41 00 41 00 41 00 41 00 01 00 00,0.03205,False,0.10232274865591398,0.0,0.0,0.0,1.0,32.0,0.0
K,32,5008,5000,01 c5 01 c5 01 c5 01 c5 01 c5 01 c5 01 c5 01 c5 01 c5 01 c5 01 c5 01 c5 01 c5 01 c5 01 c5 01 c5,0.14755,True,0.49136844758064513,0.9267578125,9.0,153.50828318782328,1.0,32.0,0.0
K,32,5008,10000,01 c5 01 c5 01 c5 01 c5 01 c5 01 c5 01 c5 01 c5 01 c5 01 c5 01 c5 01 c5 01 c5 01 c5 01 c5 01 c5,0.14955,True,0.49136844758064513,0.9267578125,9.0,153.50828318782328,1.0,32.0,0.0
K,32,5008,15000,01 c5 01 c5 01 c5 01 c5 01 c5 01 c5 01 c5 01 c5 01 c5 01 c5 01 c5 01 c5 01 c5 01 c5 01 c5 01 c5,0.1617,True,0.49136844758064513,0.9267578125,9.0,153.50828318782328,1.0,32.0,0.0
K,32,5008,20000,01 c5 01 c5 01 c5 01 c5 01 c5 01 c5 01 c5 01 c5 01 c5 01 c5 01 c5 01 c5 01 c5 01 c5 01 c5 01 c5,0.1431,True,0.49136844758064513,0.9267578125,9.0,153.50828318782328,1.0,32.0,0.0
K,32,5008,30000,01 c5 01 c5 01 c5 01 c5 01 c5 01 c5 01 c5 01 c5 01 c5 01 c5 01 c5 01 c5 01 c5 01 c5 01 c5 01 c5,0.1458,True,0.49136844758064513,0.9267578125,9.0,153.50828318782328,1.0,32.0,0.0
K,32,5008,50000,01 c5 01 c5 01 c5 01 c5 01 c5 01 c5 01 c5 01 c5 01 c5 01 c5 01 c5 01 c5 01 c5 01 c5 01 c5 01 c5,0.1569,True,0.49136844758064513,0.9267578125,9.0,153.50828318782328,1.0,32.0,0.0
K,32,5008,75000,01 c5 01 c5 01 c5 01 c5 01 c5 01 c5 01 c5 01 c5 01 c5 01 c5 01 c5 01 c5 01 c5 01 c5 01 c5 01 c5,0.13875,True,0.49136844758064513,0.9267578125,9.0,153.50828318782328,1.0,32.0,0.0
K,32,5008,100000,01 c5 01 c5 01 c5 01 c5 01 c5 01 c5 01 c5 01 c5 01 c5 01 c5 01 c5 01 c5 01 c5 01 c5 01 c5 01 c5,0.1505,True,0.49136844758064513,0.9267578125,9.0,153.50828318782328,1.0,32.0,0.0
K,32,5008,150000,01 c5 01 c5 01 c5 01 c5 01 c5 01 c5 01 c5 01 c5 01 c5 01 c5 01 c5 01 c5 01 c5 01 c5 01 c5 01 c5,0.15855,True,0.49136844758064513,0.9267578125,9.0,153.50828318782328,1.0,32.0,0.0
K,32,5008,200000,01 c5 01 c5 01 c5 01 c5 01 c5 01 c5 01 c5 01 c5 01 c5 01 c5 01 c5 01 c5 01 c5 01 c5 01 c5 01 c5,0.1525,True,0.49136844758064513,0.9267578125,9.0,153.50828318782328,1.0,32.0,0.0
K,32,5008,300000,01 c5 01 c5 01 c5 01 c5 01 c5 01 c5 01 c5 01 c5 01 c5 01 c5 01 c5 01 c5 01 c5 01 c5 01 c5 01 c5,0.16705,True,0.49136844758064513,0.9267578125,9.0,153.50828318782328,1.0,32.0,0.0
K,32,5008,500000,01 c5 01 c5 01 c5 01 c5 01 c5 01 c5 01 c5 01 c5 01 c5 01 c5 01 c5 01 c5 01 c5 01 c5 01 c5 01 c5,0.1461,True,0.49136844758064513,0.9267578125,9.0,153.50828318782328,1.0,32.0,0.0
K,32,5008,750000,11 d5 11 d5 11 d5 11 d5 11 d5 11 d5 11 d5 11 d5 11 d5 11 d5 11 d5 11 d5 11 d5 11 d5 11 d5 11 d5,0.1779,True,0.47243153561827955,0.9375,9.0,126.56911540933578,1.0,32.0,0.0
K,32,5008,1000000,11 d5 11 d5 11 d5 11 d5 11 d5 11 d5 11 d5 11 d5 11 d5 11 d5 11 d5 11 d5 11 d5 11 d5 11 d5 11 d5,0.1703,True,0.47243153561827955,0.9375,9.0,126.56911540933578,1.0,32.0,0.0
K,32,5008,1000000,11 d5 11 d5 11 d5 11 d5 11 d5 11 d5 11 d5 11 d5 11 d5 11 d5 11 d5 11 d5 11 d5 11 d5 11 d5 11 d5,0.1703,True,0.47243153561827955,0.9375,9.0,126.56911540933578,1.0,32.0,0.0
K,32,5009,50,00 41 00 41 00 41 00 41 00 41 00 41 00 41 00 41 00 41 00 41 00 41 00 41 00 41 00 41 00 01 00 00,0.0142,False,0.1385899697580645,0.0,0.0,0.0,1.0,32.0,0.0
K,32,5009,500,00 41 00 41 00 41 00 41 00 41 00 41 00 41 00 41 00 41 00 41 00 41 00 41 00 41 00 41 00 01 00 00,0.02805,False,0.1385899697580645,0.0,0.0,0.0,1.0,32.0,0.0
K,32,5009,1000,21 e5 21 e5 21 e5 21 e5 21 e5 21 e5 21 e5 21 e5 21 e5 21 e5 21 e5 21 e5 21 e5 21 e5 21 e5 21 e5,0.1136,True,0.5729271673387097,0.9375,11.0,127.49416553525478,1.0,32.0,0.0
K,32,5009,2000,01 c5 01 c5 01 c5 01 c5 01 c5 01 c5 01 c5 01 c5 01 c5 01 c5 01 c5 01 c5 01 c5 01 c5 01 c5 01 c5,0.1314,True,0.6232673891129032,0.9755859375,7.0,134.5410494594734,1.0,32.0,0.0
K,32,5009,3000,01 c5 01 c5 01 c5 01 c5 01 c5 01 c5 01 c5 01 c5 01 c5 01 c5 01 c5 01 c5 01 c5 01 c5 01 c5 01 c5,0.10435,True,0.6232673891129032,0.9755859375,7.0,134.5410494594734,1.0,32.0,0.0
K,32,5009,5000,01 c5 01 c5 01 c5 01 c5 01 c5 01 c5 01 c5 01 c5 01 c5 01 c5 01 c5 01 c5 01 c5 01 c5 01 c5 01 c5,0.09745,True,0.6232673891129032,0.9755859375,7.0,134.5410494594734,1.0,32.0,0.0
K,32,5009,10000,01 c5 01 c5 01 c5 01 c5 01 c5 01 c5 01 c5 01 c5 01 c5 01 c5 01 c5 01 c5 01 c5 01 c5 01 c5 01 c5,0.15095,True,0.6232673891129032,0.9755859375,7.0,134.5410494594734,1.0,32.0,0.0
K,32,5009,15000,01 c5 01 c5 01 c5 01 c5 01 c5 01 c5 01 c5 01 c5 01 c5 01 c5 01 c5 01 c5 01 c5 01 c5 01 c5 01 c5,0.1491,True,0.6232673891129032,0.9755859375,7.0,134.5410494594734,1.0,32.0,0.0
K,32,5009,20000,01 c5 01 c5 01 c5 01 c5 01 c5 01 c5 01 c5 01 c5 01 c5 01 c5 01 c5 01 c5 01 c5 01 c5 01 c5 01 c5,0.148,True,0.6232673891129032,0.9755859375,7.0,134.5410494594734,1.0,32.0,0.0
K,32,5009,30000,01 c5 01 c5 01 c5 01 c5 01 c5 01 c5 01 c5 01 c5 01 c5 01 c5 01 c5 01 c5 01 c5 01 c5 01 c5 01 c5,0.16045,True,0.6232673891129032,0.9755859375,7.0,134.5410494594734,1.0,32.0,0.0
K,32,5009,50000,01 c5 01 c5 01 c5 01 c5 01 c5 01 c5 01 c5 01 c5 01 c5 01 c5 01 c5 01 c5 01 c5 01 c5 01 c5 01 c5,0.1404,True,0.6232673891129032,0.9755859375,7.0,134.5410494594734,1.0,32.0,0.0
K,32,5009,75000,01 c5 01 c5 01 c5 01 c5 01 c5 01 c5 01 c5 01 c5 01 c5 01 c5 01 c5 01 c5 01 c5 01 c5 01 c5 01 c5,0.12005,True,0.6232673891129032,0.9755859375,7.0,134.5410494594734,1.0,32.0,0.0
K,32,5009,100000,11 d5 11 d5 11 d5 11 d5 11 d5 11 d5 11 d5 11 d5 11 d5 11 d5 11 d5 11 d5 11 d5 11 d5 11 d5 11 d5,0.1804,True,0.625945060483871,0.9697265625,9.0,137.1536831569537,1.0,32.0,0.0
K,32,5009,150000,11 d5 11 d5 11 d5 11 d5 11 d5 11 d5 11 d5 11 d5 11 d5 11 d5 11 d5 11 d5 11 d5 11 d5 11 d5 11 d5,0.1705,True,0.625945060483871,0.9697265625,9.0,137.1536831569537,1.0,32.0,0.0
K,32,5009,200000,11 d5 11 d5 11 d5 11 d5 11 d5 11 d5 11 d5 11 d5 11 d5 11 d5 11 d5 11 d5 11 d5 11 d5 11 d5 11 d5,0.18225,True,0.625945060483871,0.9697265625,9.0,137.1536831569537,1.0,32.0,0.0
K,32,5009,300000,1c de b5 11 c8 b4 ed b0 1c de b5 11 c8 b4 ed b0 1c de b5 11 c8 b4 ed b0 1c de b5 11 c8 b4 ed b0,0.00485,True,1.0,0.87890625,4.0,40.268191701310556,0.0,8.0,0.0
K,32,5009,500000,04 5e ed b0 04 5e ed b0 04 5e ed b0 04 5e ed b0 04 5e ed b0 04 5e ed b0 04 5e ed b0 04 5e ed b0,0.4236,True,1.0,0.890625,0.0,5.352043425795433,0.0,4.0,0.0
K,32,5009,750000,84 5e ed b0 84 5e ed b0 84 5e ed b0 84 5e ed b0 84 5e ed b0 84 5e ed b0 84 5e ed b0 84 5e ed b0,0.23595,True,1.0,0.8896484375,0.0,5.6091787381419795,0.0,4.0,0.0
K,32,5009,1000000,04 5e ed b0 04 5e ed b0 04 5e ed b0 04 5e ed b0 04 5e ed b0 04 5e ed b0 04 5e ed b0 04 5e ed b0,0.22245,True,1.0,0.890625,0.0,5.352043425795433,0.0,4.0,0.0
K,32,5009,1000000,04 5e ed b0 04 5e ed b0 04 5e ed b0 04 5e ed b0 04 5e ed b0 04 5e ed b0 04 5e ed b0 04 5e ed b0,0.22245,True,1.0,0.890625,0.0,5.352043425795433,0.0,4.0,0.0
K,32,5010,34,00 41 00 41 00 41 00 41 00 41 00 41 00 41 00 41 00 41 00 41 00 41 00 41 00 41 00 41 00 01 00 00,0.01075,False,0.0702179939516129,0.0,0.0,0.0,1.0,32.0,0.0
K,32,5010,500,00 41 00 41 00 41 00 41 00 41 00 41 00 41 00 41 00 41 00 41 00 41 00 41 00 41 00 41 00 01 00 00,0.02945,False,0.0702179939516129,0.0,0.0,0.0,1.0,32.0,0.0
K,32,5010,1000,01 c5 01 c5 01 c5 01 c5 01 c5 01 c5 01 c5 01 c5 01 c5 01 c5 01 c5 01 c5 01 c5 01 c5 01 c5 01 c5,0.111,True,0.6276776713709677,0.9638671875,9.0,151.40179873308062,1.0,32.0,0.0
K,32,5010,2000,01 c5 01 c5 01 c5 01 c5 01 c5 01 c5 01 c5 01 c5 01 c5 01 c5 01 c5 01 c5 01 c5 01 c5 01 c5 01 c5,0.2536,True,0.6276776713709677,0.9638671875,9.0,151.40179873308062,1.0,32.0,0.0
K,32,5010,3000,01 c5 01 c5 01 c5 01 c5 01 c5 01 c5 01 c5 01 c5 01 c5 01 c5 01 c5 01 c5 01 c5 01 c5 01 c5 01 c5,0.24375,True,0.6276776713709677,0.9638671875,9.0,151.40179873308062,1.0,32.0,0.0
K,32,5010,5000,01 c5 01 c5 01 c5 01 c5 01 c5 01 c5 01 c5 01 c5 01 c5 01 c5 01 c5 01 c5 01 c5 01 c5 01 c5 01 c5,0.1873,True,0.6276776713709677,0.9638671875,9.0,151.40179873308062,1.0,32.0,0.0
K,32,5010,10000,01 c5 01 c5 01 c5 01 c5 01 c5 01 c5 01 c5 01 c5 01 c5 01 c5 01 c5 01 c5 01 c5 01 c5 01 c5 01 c5,0.14635,True,0.6276776713709677,0.9638671875,9.0,151.40179873308062,1.0,32.0,0.0
K,32,5010,15000,01 c5 01 c5 01 c5 01 c5 01 c5 01 c5 01 c5 01 c5 01 c5 01 c5 01 c5 01 c5 01 c5 01 c5 01 c5 01 c5,0.15465,True,0.6276776713709677,0.9638671875,9.0,151.40179873308062,1.0,32.0,0.0
K,32,5010,20000,01 c5 01 c5 01 c5 01 c5 01 c5 01 c5 01 c5 01 c5 01 c5 01 c5 01 c5 01 c5 01 c5 01 c5 01 c5 01 c5,0.14125,True,0.6276776713709677,0.9638671875,9.0,151.40179873308062,1.0,32.0,0.0
K,32,5010,30000,01 c5 01 c5 01 c5 01 c5 01 c5 01 c5 01 c5 01 c5 01 c5 01 c5 01 c5 01 c5 01 c5 01 c5 01 c5 01 c5,0.15795,True,0.6276776713709677,0.9638671875,9.0,151.40179873308062,1.0,32.0,0.0
K,32,5010,50000,11 d5 11 d5 11 d5 11 d5 11 d5 11 d5 11 d5 11 d5 11 d5 11 d5 11 d5 11 d5 11 d5 11 d5 11 d5 11 d5,0.17045,True,0.6127898185483871,0.9609375,11.0,126.40678762923642,1.0,32.0,0.0
K,32,5010,75000,11 d5 11 d5 11 d5 11 d5 11 d5 11 d5 11 d5 11 d5 11 d5 11 d5 11 d5 11 d5 11 d5 11 d5 11 d5 11 d5,0.1737,True,0.6127898185483871,0.9609375,11.0,126.40678762923642,1.0,32.0,0.0
K,32,5010,100000,11 d5 11 d5 11 d5 11 d5 11 d5 11 d5 11 d5 11 d5 11 d5 11 d5 11 d5 11 d5 11 d5 11 d5 11 d5 11 d5,0.17205,True,0.6127898185483871,0.9609375,11.0,126.40678762923642,1.0,32.0,0.0
K,32,5010,150000,11 d5 11 d5 11 d5 11 d5 11 d5 11 d5 11 d5 11 d5 11 d5 11 d5 11 d5 11 d5 11 d5 11 d5 11 d5 11 d5,0.1751,True,0.6127898185483871,0.9609375,11.0,126.40678762923642,1.0,32.0,0.0
K,32,5010,200000,11 d5 11 d5 11 d5 11 d5 11 d5 11 d5 11 d5 11 d5 11 d5 11 d5 11 d5 11 d5 11 d5 11 d5 11 d5 11 d5,0.1796,True,0.6127898185483871,0.9609375,11.0,126.40678762923642,1.0,32.0,0.0
K,32,5010,300000,11 d5 11 d5 11 d5 11 d5 11 d5 11 d5 11 d5 11 d5 11 d5 11 d5 11 d5 11 d5 11 d5 11 d5 11 d5 11 d5,0.1783,True,0.6127898185483871,0.9609375,11.0,126.40678762923642,1.0,32.0,0.0
K,32,5010,500000,11 d5 11 d5 11 d5 11 d5 11 d5 11 d5 11 d5 11 d5 11 d5 11 d5 11 d5 11 d5 11 d5 11 d5 11 d5 11 d5,0.1648,True,0.6127898185483871,0.9609375,11.0,126.40678762923642,1.0,32.0,0.0
K,32,5010,750000,11 d5 11 d5 11 d5 11 d5 11 d5 11 d5 11 d5 11 d5 11 d5 11 d5 11 d5 11 d5 11 d5 11 d5 11 d5 11 d5,0.1863,True,0.6127898185483871,0.9609375,11.0,126.40678762923642,1.0,32.0,0.0
K,32,5010,1000000,1e 04 ed b0 1e 04 ed b0 1e 04 ed b0 1e 04 ed b0 1e 04 ed b0 1e 04 ed b0 1e 04 ed b0 1e 04 ed b0,0.3079,True,1.0,0.888671875,0.0,9.349162422081037,0.0,4.0,0.0
K,32,5010,1000000,1e 04 ed b0 1e 04 ed b0 1e 04 ed b0 1e 04 ed b0 1e 04 ed b0 1e 04 ed b0 1e 04 ed b0 1e 04 ed b0,0.3079,True,1.0,0.888671875,0.0,9.349162422081037,0.0,4.0,0.0
K,32,5011,50,00 41 00 41 00 41 00 41 00 41 00 41 00 41 00 41 00 41 00 41 00 41 00 41 00 41 00 41 00 01 00 00,0.01345,False,0.11671496975806452,0.0,0.0,0.0,1.0,32.0,0.0
K,32,5011,500,00 41 00 41 00 41 00 41 00 41 00 41 00 41 00 41 00 41 00 41 00 41 00 41 00 41 00 41 00 01 00 00,0.0311,False,0.11671496975806452,0.0,0.0,0.0,1.0,32.0,0.0
K,32,5011,1000,01 c5 01 c5 01 c5 01 c5 01 c5 01 c5 01 c5 01 c5 01 c5 01 c5 01 c5 01 c5 01 c5 01 c5 01 c5 01 c5,0.12915,True,0.6501386088709677,0.9677734375,10.0,149.65444735040109,1.0,32.0,0.0
K,32,5011,2000,01 c5 01 c5 01 c5 01 c5 01 c5 01 c5 01 c5 01 c5 01 c5 01 c5 01 c5 01 c5 01 c5 01 c5 01 c5 01 c5,0.258,True,0.6501386088709677,0.9677734375,10.0,149.65444735040109,1.0,32.0,0.0
K,32,5011,3000,01 c5 01 c5 01 c5 01 c5 01 c5 01 c5 01 c5 01 c5 01 c5 01 c5 01 c5 01 c5 01 c5 01 c5 01 c5 01 c5,0.2906,True,0.6501386088709677,0.9677734375,10.0,149.65444735040109,1.0,32.0,0.0
K,32,5011,5000,01 c5 01 c5 01 c5 01 c5 01 c5 01 c5 01 c5 01 c5 01 c5 01 c5 01 c5 01 c5 01 c5 01 c5 01 c5 01 c5,0.2437,True,0.6501386088709677,0.9677734375,10.0,149.65444735040109,1.0,32.0,0.0
K,32,5011,10000,01 c5 01 c5 01 c5 01 c5 01 c5 01 c5 01 c5 01 c5 01 c5 01 c5 01 c5 01 c5 01 c5 01 c5 01 c5 01 c5,0.1534,True,0.6501386088709677,0.9677734375,10.0,149.65444735040109,1.0,32.0,0.0
K,32,5011,15000,01 c5 01 c5 01 c5 01 c5 01 c5 01 c5 01 c5 01 c5 01 c5 01 c5 01 c5 01 c5 01 c5 01 c5 01 c5 01 c5,0.1482,True,0.6501386088709677,0.9677734375,10.0,149.65444735040109,1.0,32.0,0.0
K,32,5011,20000,01 c5 01 c5 01 c5 01 c5 01 c5 01 c5 01 c5 01 c5 01 c5 01 c5 01 c5 01 c5 01 c5 01 c5 01 c5 01 c5,0.1541,True,0.6501386088709677,0.9677734375,10.0,149.65444735040109,1.0,32.0,0.0
K,32,5011,30000,01 c5 01 c5 01 c5 01 c5 01 c5 01 c5 01 c5 01 c5 01 c5 01 c5 01 c5 01 c5 01 c5 01 c5 01 c5 01 c5,0.1491,True,0.6501386088709677,0.9677734375,10.0,149.65444735040109,1.0,32.0,0.0
K,32,5011,50000,01 c5 01 c5 01 c5 01 c5 01 c5 01 c5 01 c5 01 c5 01 c5 01 c5 01 c5 01 c5 01 c5 01 c5 01 c5 01 c5,0.142,True,0.6501386088709677,0.9677734375,10.0,149.65444735040109,1.0,32.0,0.0
K,32,5011,75000,01 c5 01 c5 01 c5 01 c5 01 c5 01 c5 01 c5 01 c5 01 c5 01 c5 01 c5 01 c5 01 c5 01 c5 01 c5 01 c5,0.1571,True,0.6501386088709677,0.9677734375,10.0,149.65444735040109,1.0,32.0,0.0
K,32,5011,100000,11 d5 11 d5 11 d5 11 d5 11 d5 11 d5 11 d5 11 d5 11 d5 11 d5 11 d5 11 d5 11 d5 11 d5 11 d5 11 d5,0.13535,True,0.6320249495967742,0.9658203125,12.0,141.31377887560532,1.0,32.0,0.0
K,32,5011,150000,11 d5 11 d5 11 d5 11 d5 11 d5 11 d5 11 d5 11 d5 11 d5 11 d5 11 d5 11 d5 11 d5 11 d5 11 d5 11 d5,0.1841,True,0.6320249495967742,0.9658203125,12.0,141.31377887560532,1.0,32.0,0.0
K,32,5011,200000,11 d5 11 d5 11 d5 11 d5 11 d5 11 d5 11 d5 11 d5 11 d5 11 d5 11 d5 11 d5 11 d5 11 d5 11 d5 11 d5,0.17405,True,0.6320249495967742,0.9658203125,12.0,141.31377887560532,1.0,32.0,0.0
K,32,5011,300000,11 88 a1 55 ed b0 71 32 11 88 a1 55 ed b0 71 32 11 88 a1 55 ed b0 71 32 11 88 a1 55 ed b0 71 32,0.00705,True,1.0,0.8701171875,4.0,39.842255807560804,0.0,6.0,2.0
K,32,5011,500000,04 5e ed b0 04 5e ed b0 04 5e ed b0 04 5e ed b0 04 5e ed b0 04 5e ed b0 04 5e ed b0 04 5e ed b0,0.4122,True,1.0,0.88671875,0.0,8.51695035247112,0.0,4.0,0.0
K,32,5011,750000,04 5e ed b0 04 5e ed b0 04 5e ed b0 04 5e ed b0 04 5e ed b0 04 5e ed b0 04 5e ed b0 04 5e ed b0,0.28655,True,1.0,0.88671875,0.0,8.51695035247112,0.0,4.0,0.0
K,32,5011,1000000,04 5e ed b0 04 5e ed b0 04 5e ed b0 04 5e ed b0 04 5e ed b0 04 5e ed b0 04 5e ed b0 04 5e ed b0,0.20815,True,1.0,0.88671875,0.0,8.51695035247112,0.0,4.0,0.0
K,32,5011,1000000,04 5e ed b0 04 5e ed b0 04 5e ed b0 04 5e ed b0 04 5e ed b0 04 5e ed b0 04 5e ed b0 04 5e ed b0,0.20815,True,1.0,0.88671875,0.0,8.51695035247112,0.0,4.0,0.0
K,32,5012,34,00 41 00 41 00 41 00 41 00 41 00 41 00 41 00 41 00 41 00 41 00 41 00 41 00 41 00 41 00 01 00 00,0.01045,False,0.09182837701612903,0.0,0.0,0.0,1.0,32.0,0.0
K,32,5012,500,00 41 00 41 00 41 00 41 00 41 00 41 00 41 00 41 00 41 00 41 00 41 00 41 00 41 00 41 00 01 00 00,0.02915,False,0.09182837701612903,0.0,0.0,0.0,1.0,32.0,0.0
K,32,5012,1000,00 41 00 41 00 41 00 41 00 41 00 41 00 41 00 41 00 41 00 41 00 41 00 41 00 41 00 41 00 01 00 00,0.0329,False,0.09182837701612903,0.0,0.0,0.0,1.0,32.0,0.0
K,32,5012,2000,00 41 00 41 00 41 00 41 00 41 00 41 00 41 00 41 00 41 00 41 00 41 00 41 00 41 00 41 00 01 00 00,0.03345,False,0.09182837701612903,0.0,0.0,0.0,1.0,32.0,0.0
K,32,5012,3000,00 41 00 41 00 41 00 41 00 41 00 41 00 41 00 41 00 41 00 41 00 41 00 41 00 41 00 41 00 01 00 00,0.0301,False,0.09182837701612903,0.0,0.0,0.0,1.0,32.0,0.0
K,32,5012,5000,01 c5 01 c5 01 c5 01 c5 01 c5 01 c5 01 c5 01 c5 01 c5 01 c5 01 c5 01 c5 01 c5 01 c5 01 c5 01 c5,0.1355,True,0.5908833165322581,0.9599609375,10.0,154.79347883708618,1.0,32.0,0.0
K,32,5012,10000,11 d5 11 d5 11 d5 11 d5 11 d5 11 d5 11 d5 11 d5 11 d5 11 d5 11 d5 11 d5 11 d5 11 d5 11 d5 11 d5,0.11855,True,0.6359311995967742,0.970703125,9.0,126.02596713477855,1.0,32.0,0.0
K,32,5012,15000,11 d5 11 d5 11 d5 11 d5 11 d5 11 d5 11 d5 11 d5 11 d5 11 d5 11 d5 11 d5 11 d5 11 d5 11 d5 11 d5,0.1298,True,0.6359311995967742,0.970703125,9.0,126.02596713477855,1.0,32.0,0.0
K,32,5012,20000,11 d5 11 d5 11 d5 11 d5 11 d5 11 d5 11 d5 11 d5 11 d5 11 d5 11 d5 11 d5 11 d5 11 d5 11 d5 11 d5,0.16635,True,0.6359311995967742,0.970703125,9.0,126.02596713477855,1.0,32.0,0.0
K,32,5012,30000,11 d5 11 d5 11 d5 11 d5 11 d5 11 d5 11 d5 11 d5 11 d5 11 d5 11 d5 11 d5 11 d5 11 d5 11 d5 11 d5,0.17685,True,0.6359311995967742,0.970703125,9.0,126.02596713477855,1.0,32.0,0.0
K,32,5012,50000,11 d5 11 d5 11 d5 11 d5 11 d5 11 d5 11 d5 11 d5 11 d5 11 d5 11 d5 11 d5 11 d5 11 d5 11 d5 11 d5,0.1769,True,0.6359311995967742,0.970703125,9.0,126.02596713477855,1.0,32.0,0.0
K,32,5012,75000,11 d5 11 d5 11 d5 11 d5 11 d5 11 d5 11 d5 11 d5 11 d5 11 d5 11 d5 11 d5 11 d5 11 d5 11 d5 11 d5,0.17585,True,0.6359311995967742,0.970703125,9.0,126.02596713477855,1.0,32.0,0.0
K,32,5012,100000,11 d5 11 d5 11 d5 11 d5 11 d5 11 d5 11 d5 11 d5 11 d5 11 d5 11 d5 11 d5 11 d5 11 d5 11 d5 11 d5,0.17095,True,0.6359311995967742,0.970703125,9.0,126.02596713477855,1.0,32.0,0.0
K,32,5012,150000,11 d5 11 d5 11 d5 11 d5 11 d5 11 d5 11 d5 11 d5 11 d5 11 d5 11 d5 11 d5 11 d5 11 d5 11 d5 11 d5,0.17205,True,0.6359311995967742,0.970703125,9.0,126.02596713477855,1.0,32.0,0.0
K,32,5012,200000,11 d5 11 d5 11 d5 11 d5 11 d5 11 d5 11 d5 11 d5 11 d5 11 d5 11 d5 11 d5 11 d5 11 d5 11 d5 11 d5,0.1648,True,0.6359311995967742,0.970703125,9.0,126.02596713477855,1.0,32.0,0.0
K,32,5012,300000,11 d5 11 d5 11 d5 11 d5 11 d5 11 d5 11 d5 11 d5 11 d5 11 d5 11 d5 11 d5 11 d5 11 d5 11 d5 11 d5,0.17135,True,0.6359311995967742,0.970703125,9.0,126.02596713477855,1.0,32.0,0.0
K,32,5012,500000,44 5e ed b0 44 5e ed b0 44 5e ed b0 44 5e ed b0 44 5e ed b0 44 5e ed b0 44 5e ed b0 44 5e ed b0,0.15035,True,1.0,0.8916015625,0.0,5.352043425795433,0.0,4.0,0.0
K,32,5012,750000,44 5e ed b0 44 5e ed b0 44 5e ed b0 44 5e ed b0 44 5e ed b0 44 5e ed b0 44 5e ed b0 44 5e ed b0,0.21635,True,1.0,0.8916015625,0.0,5.352043425795433,0.0,4.0,0.0
K,32,5012,1000000,04 5e ed b0 04 5e ed b0 04 5e ed b0 04 5e ed b0 04 5e ed b0 04 5e ed b0 04 5e ed b0 04 5e ed b0,0.4386,True,1.0,0.888671875,0.0,5.6091787381419795,0.0,4.0,0.0
K,32,5012,1000000,04 5e ed b0 04 5e ed b0 04 5e ed b0 04 5e ed b0 04 5e ed b0 04 5e ed b0 04 5e ed b0 04 5e ed b0,0.4386,True,1.0,0.888671875,0.0,5.6091787381419795,0.0,4.0,0.0
K,32,5013,50,00 41 00 41 00 41 00 41 00 41 00 41 00 41 00 41 00 41 00 41 00 41 00 41 00 41 00 41 00 01 00 00,0.01315,False,0.08713457661290322,0.0,0.0,0.0,1.0,32.0,0.0
K,32,5013,500,00 41 00 41 00 41 00 41 00 41 00 41 00 41 00 41 00 41 00 41 00 41 00 41 00 41 00 41 00 01 00 00,0.0312,False,0.08713457661290322,0.0,0.0,0.0,1.0,32.0,0.0
K,32,5013,1000,00 41 00 41 00 41 00 41 00 41 00 41 00 41 00 41 00 41 00 41 00 41 00 41 00 41 00 41 00 01 00 00,0.03045,False,0.08713457661290322,0.0,0.0,0.0,1.0,32.0,0.0
K,32,5013,2000,01 c5 01 c5 01 c5 01 c5 01 c5 01 c5 01 c5 01 c5 01 c5 01 c5 01 c5 01 c5 01 c5 01 c5 01 c5 01 c5,0.0523,True,0.6752142137096774,0.96484375,10.0,143.3432970516905,1.0,32.0,0.0
K,32,5013,3000,01 c5 01 c5 01 c5 01 c5 01 c5 01 c5 01 c5 01 c5 01 c5 01 c5 01 c5 01 c5 01 c5 01 c5 01 c5 01 c5,0.2107,True,0.6752142137096774,0.96484375,10.0,143.3432970516905,1.0,32.0,0.0
K,32,5013,5000,01 c5 01 c5 01 c5 01 c5 01 c5 01 c5 01 c5 01 c5 01 c5 01 c5 01 c5 01 c5 01 c5 01 c5 01 c5 01 c5,0.2418,True,0.6752142137096774,0.96484375,10.0,143.3432970516905,1.0,32.0,0.0
K,32,5013,10000,01 c5 01 c5 01 c5 01 c5 01 c5 01 c5 01 c5 01 c5 01 c5 01 c5 01 c5 01 c5 01 c5 01 c5 01 c5 01 c5,0.1658,True,0.6752142137096774,0.96484375,10.0,143.3432970516905,1.0,32.0,0.0
K,32,5013,15000,01 c5 01 c5 01 c5 01 c5 01 c5 01 c5 01 c5 01 c5 01 c5 01 c5 01 c5 01 c5 01 c5 01 c5 01 c5 01 c5,0.1399,True,0.6752142137096774,0.96484375,10.0,143.3432970516905,1.0,32.0,0.0
K,32,5013,20000,01 c5 01 c5 01 c5 01 c5 01 c5 01 c5 01 c5 01 c5 01 c5 01 c5 01 c5 01 c5 01 c5 01 c5 01 c5 01 c5,0.1572,True,0.6752142137096774,0.96484375,10.0,143.3432970516905,1.0,32.0,0.0
K,32,5013,30000,01 c5 01 c5 01 c5 01 c5 01 c5 01 c5 01 c5 01 c5 01 c5 01 c5 01 c5 01 c5 01 c5 01 c5 01 c5 01 c5,0.1488,True,0.6752142137096774,0.96484375,10.0,143.3432970516905,1.0,32.0,0.0
K,32,5013,50000,11 d5 11 d5 11 d5 11 d5 11 d5 11 d5 11 d5 11 d5 11 d5 11 d5 11 d5 11 d5 11 d5 11 d5 11 d5 11 d5,0.12165,True,0.5277847782258065,0.9619140625,10.0,133.920530478013,1.0,32.0,0.0
K,32,5013,75000,11 d5 11 d5 11 d5 11 d5 11 d5 11 d5 11 d5 11 d5 11 d5 11 d5 11 d5 11 d5 11 d5 11 d5 11 d5 11 d5,0.1731,True,0.5277847782258065,0.9619140625,10.0,133.920530478013,1.0,32.0,0.0
K,32,5013,100000,11 d5 11 d5 11 d5 11 d5 11 d5 11 d5 11 d5 11 d5 11 d5 11 d5 11 d5 11 d5 11 d5 11 d5 11 d5 11 d5,0.17945,True,0.5277847782258065,0.9619140625,10.0,133.920530478013,1.0,32.0,0.0
K,32,5013,150000,11 d5 11 d5 11 d5 11 d5 11 d5 11 d5 11 d5 11 d5 11 d5 11 d5 11 d5 11 d5 11 d5 11 d5 11 d5 11 d5,0.1801,True,0.5277847782258065,0.9619140625,10.0,133.920530478013,1.0,32.0,0.0
K,32,5013,200000,11 d5 11 d5 11 d5 11 d5 11 d5 11 d5 11 d5 11 d5 11 d5 11 d5 11 d5 11 d5 11 d5 11 d5 11 d5 11 d5,0.17675,True,0.5277847782258065,0.9619140625,10.0,133.920530478013,1.0,32.0,0.0
K,32,5013,300000,11 d5 11 d5 11 d5 11 d5 11 d5 11 d5 11 d5 11 d5 11 d5 11 d5 11 d5 11 d5 11 d5 11 d5 11 d5 11 d5,0.1761,True,0.5277847782258065,0.9619140625,10.0,133.920530478013,1.0,32.0,0.0
K,32,5013,500000,11 d5 11 d5 11 d5 11 d5 11 d5 11 d5 11 d5 11 d5 11 d5 11 d5 11 d5 11 d5 11 d5 11 d5 11 d5 11 d5,0.1717,True,0.5277847782258065,0.9619140625,10.0,133.920530478013,1.0,32.0,0.0
K,32,5013,750000,11 d5 11 d5 11 d5 11 d5 11 d5 11 d5 11 d5 11 d5 11 d5 11 d5 11 d5 11 d5 11 d5 11 d5 11 d5 11 d5,0.18525,True,0.5277847782258065,0.9619140625,10.0,133.920530478013,1.0,32.0,0.0
K,32,5013,1000000,11 d5 11 d5 11 d5 11 d5 11 d5 11 d5 11 d5 11 d5 11 d5 11 d5 11 d5 11 d5 11 d5 11 d5 11 d5 11 d5,0.1843,True,0.5277847782258065,0.9619140625,10.0,133.920530478013,1.0,32.0,0.0
K,32,5013,1000000,11 d5 11 d5 11 d5 11 d5 11 d5 11 d5 11 d5 11 d5 11 d5 11 d5 11 d5 11 d5 11 d5 11 d5 11 d5 11 d5,0.1843,True,0.5277847782258065,0.9619140625,10.0,133.920530478013,1.0,32.0,0.0
K,32,5014,34,00 41 00 41 00 41 00 41 00 41 00 41 00 41 00 41 00 41 00 41 00 41 00 41 00 41 00 41 00 01 00 00,0.01085,False,0.11526587701612903,0.0,0.0,0.0,1.0,32.0,0.0
K,32,5014,500,00 41 00 41 00 41 00 41 00 41 00 41 00 41 00 41 00 41 00 41 00 41 00 41 00 41 00 41 00 01 00 00,0.03405,False,0.11526587701612903,0.0,0.0,0.0,1.0,32.0,0.0
K,32,5014,1000,00 41 00 41 00 41 00 41 00 41 00 41 00 41 00 41 00 41 00 41 00 41 00 41 00 41 00 41 00 01 00 00,0.0341,False,0.11526587701612903,0.0,0.0,0.0,1.0,32.0,0.0
K,32,5014,2000,11 d5 11 d5 11 d5 11 d5 11 d5 11 d5 11 d5 11 d5 11 d5 11 d5 11 d5 11 d5 11 d5 11 d5 11 d5 11 d5,0.0948,True,0.7199785786290323,0.9677734375,12.0,141.08477566957424,1.0,32.0,0.0
K,32,5014,3000,11 d5 11 d5 11 d5 11 d5 11 d5 11 d5 11 d5 11 d5 11 d5 11 d5 11 d5 11 d5 11 d5 11 d5 11 d5 11 d5,0.3006,True,0.7199785786290323,0.9677734375,12.0,141.08477566957424,1.0,32.0,0.0
K,32,5014,5000,11 d5 11 d5 11 d5 11 d5 11 d5 11 d5 11 d5 11 d5 11 d5 11 d5 11 d5 11 d5 11 d5 11 d5 11 d5 11 d5,0.2902,True,0.7199785786290323,0.9677734375,12.0,141.08477566957424,1.0,32.0,0.0
K,32,5014,10000,11 d5 11 d5 11 d5 11 d5 11 d5 11 d5 11 d5 11 d5 11 d5 11 d5 11 d5 11 d5 11 d5 11 d5 11 d5 11 d5,0.2486,True,0.7199785786290323,0.9677734375,12.0,141.08477566957424,1.0,32.0,0.0
K,32,5014,15000,11 d5 11 d5 11 d5 11 d5 11 d5 11 d5 11 d5 11 d5 11 d5 11 d5 11 d5 11 d5 11 d5 11 d5 11 d5 11 d5,0.1825,True,0.7199785786290323,0.9677734375,12.0,141.08477566957424,1.0,32.0,0.0
K,32,5014,20000,11 d5 11 d5 11 d5 11 d5 11 d5 11 d5 11 d5 11 d5 11 d5 11 d5 11 d5 11 d5 11 d5 11 d5 11 d5 11 d5,0.18615,True,0.7199785786290323,0.9677734375,12.0,141.08477566957424,1.0,32.0,0.0
K,32,5014,30000,11 d5 11 d5 11 d5 11 d5 11 d5 11 d5 11 d5 11 d5 11 d5 11 d5 11 d5 11 d5 11 d5 11 d5 11 d5 11 d5,0.178,True,0.7199785786290323,0.9677734375,12.0,141.08477566957424,1.0,32.0,0.0
K,32,5014,50000,11 d5 11 d5 11 d5 11 d5 11 d5 11 d5 11 d5 11 d5 11 d5 11 d5 11 d5 11 d5 11 d5 11 d5 11 d5 11 d5,0.18165,True,0.7199785786290323,0.9677734375,12.0,141.08477566957424,1.0,32.0,0.0
K,32,5014,75000,11 d5 11 d5 11 d5 11 d5 11 d5 11 d5 11 d5 11 d5 11 d5 11 d5 11 d5 11 d5 11 d5 11 d5 11 d5 11 d5,0.1843,True,0.7199785786290323,0.9677734375,12.0,141.08477566957424,1.0,32.0,0.0
K,32,5014,100000,11 d5 11 d5 11 d5 11 d5 11 d5 11 d5 11 d5 11 d5 11 d5 11 d5 11 d5 11 d5 11 d5 11 d5 11 d5 11 d5,0.17705,True,0.7199785786290323,0.9677734375,12.0,141.08477566957424,1.0,32.0,0.0
K,32,5014,150000,11 d5 11 d5 11 d5 11 d5 11 d5 11 d5 11 d5 11 d5 11 d5 11 d5 11 d5 11 d5 11 d5 11 d5 11 d5 11 d5,0.1877,True,0.7199785786290323,0.9677734375,12.0,141.08477566957424,1.0,32.0,0.0
K,32,5014,200000,11 d5 11 d5 11 d5 11 d5 11 d5 11 d5 11 d5 11 d5 11 d5 11 d5 11 d5 11 d5 11 d5 11 d5 11 d5 11 d5,0.17115,True,0.7199785786290323,0.9677734375,12.0,141.08477566957424,1.0,32.0,0.0
K,32,5014,300000,11 d5 11 d5 11 d5 11 d5 11 d5 11 d5 11 d5 11 d5 11 d5 11 d5 11 d5 11 d5 11 d5 11 d5 11 d5 11 d5,0.17415,True,0.7199785786290323,0.9677734375,12.0,141.08477566957424,1.0,32.0,0.0
K,32,5014,500000,11 d5 11 d5 11 d5 11 d5 11 d5 11 d5 11 d5 11 d5 11 d5 11 d5 11 d5 11 d5 11 d5 11 d5 11 d5 11 d5,0.16605,True,0.7199785786290323,0.9677734375,12.0,141.08477566957424,1.0,32.0,0.0
K,32,5014,750000,11 d5 11 d5 11 d5 11 d5 11 d5 11 d5 11 d5 11 d5 11 d5 11 d5 11 d5 11 d5 11 d5 11 d5 11 d5 11 d5,0.1873,True,0.7199785786290323,0.9677734375,12.0,141.08477566957424,1.0,32.0,0.0
K,32,5014,1000000,11 d5 11 d5 11 d5 11 d5 11 d5 11 d5 11 d5 11 d5 11 d5 11 d5 11 d5 11 d5 11 d5 11 d5 11 d5 11 d5,0.1843,True,0.7199785786290323,0.9677734375,12.0,141.08477566957424,1.0,32.0,0.0
K,32,5014,1000000,11 d5 11 d5 11 d5 11 d5 11 d5 11 d5 11 d5 11 d5 11 d5 11 d5 11 d5 11 d5 11 d5 11 d5 11 d5 11 d5,0.1843,True,0.7199785786290323,0.9677734375,12.0,141.08477566957424,1.0,32.0,0.0
K,32,5015,34,00 41 00 41 00 41 00 41 00 41 00 41 00 41 00 41 00 41 00 41 00 41 00 41 00 41 00 41 00 01 00 00,0.0103,False,0.08171622983870967,0.0,0.0,0.0,1.0,32.0,0.0
K,32,5015,500,01 c5 01 c5 01 c5 01 c5 01 c5 01 c5 01 c5 01 c5 01 c5 01 c5 01 c5 01 c5 01 c5 01 c5 01 c5 01 c5,0.05025,True,0.6442162298387097,0.9658203125,9.0,149.28631518514493,1.0,32.0,0.0
K,32,5015,1000,01 c5 01 c5 01 c5 01 c5 01 c5 01 c5 01 c5 01 c5 01 c5 01 c5 01 c5 01 c5 01 c5 01 c5 01 c5 01 c5,0.16775,True,0.6442162298387097,0.9658203125,9.0,149.28631518514493,1.0,32.0,0.0
K,32,5015,2000,01 c5 01 c5 01 c5 01 c5 01 c5 01 c5 01 c5 01 c5 01 c5 01 c5 01 c5 01 c5 01 c5 01 c5 01 c5 01 c5,0.25,True,0.6442162298387097,0.9658203125,9.0,149.28631518514493,1.0,32.0,0.0
K,32,5015,3000,01 c5 01 c5 01 c5 01 c5 01 c5 01 c5 01 c5 01 c5 01 c5 01 c5 01 c5 01 c5 01 c5 01 c5 01 c5 01 c5,0.2147,True,0.6442162298387097,0.9658203125,9.0,149.28631518514493,1.0,32.0,0.0
K,32,5015,5000,01 c5 01 c5 01 c5 01 c5 01 c5 01 c5 01 c5 01 c5 01 c5 01 c5 01 c5 01 c5 01 c5 01 c5 01 c5 01 c5,0.1574,True,0.6442162298387097,0.9658203125,9.0,149.28631518514493,1.0,32.0,0.0
K,32,5015,10000,01 c5 01 c5 01 c5 01 c5 01 c5 01 c5 01 c5 01 c5 01 c5 01 c5 01 c5 01 c5 01 c5 01 c5 01 c5 01 c5,0.1467,True,0.6442162298387097,0.9658203125,9.0,149.28631518514493,1.0,32.0,0.0
K,32,5015,15000,01 c5 01 c5 01 c5 01 c5 01 c5 01 c5 01 c5 01 c5 01 c5 01 c5 01 c5 01 c5 01 c5 01 c5 01 c5 01 c5,0.1476,True,0.6442162298387097,0.9658203125,9.0,149.28631518514493,1.0,32.0,0.0
K,32,5015,20000,01 c5 01 c5 01 c5 01 c5 01 c5 01 c5 01 c5 01 c5 01 c5 01 c5 01 c5 01 c5 01 c5 01 c5 01 c5 01 c5,0.155,True,0.6442162298387097,0.9658203125,9.0,149.28631518514493,1.0,32.0,0.0
K,32,5015,30000,01 c5 01 c5 01 c5 01 c5 01 c5 01 c5 01 c5 01 c5 01 c5 01 c5 01 c5 01 c5 01 c5 01 c5 01 c5 01 c5,0.16415,True,0.6442162298387097,0.9658203125,9.0,149.28631518514493,1.0,32.0,0.0
K,32,5015,50000,01 c5 01 c5 01 c5 01 c5 01 c5 01 c5 01 c5 01 c5 01 c5 01 c5 01 c5 01 c5 01 c5 01 c5 01 c5 01 c5,0.1647,True,0.6442162298387097,0.9658203125,9.0,149.28631518514493,1.0,32.0,0.0
K,32,5015,75000,01 c5 01 c5 01 c5 01 c5 01 c5 01 c5 01 c5 01 c5 01 c5 01 c5 01 c5 01 c5 01 c5 01 c5 01 c5 01 c5,0.1416,True,0.6442162298387097,0.9658203125,9.0,149.28631518514493,1.0,32.0,0.0
K,32,5015,100000,01 c5 01 c5 01 c5 01 c5 01 c5 01 c5 01 c5 01 c5 01 c5 01 c5 01 c5 01 c5 01 c5 01 c5 01 c5 01 c5,0.14445,True,0.6442162298387097,0.9658203125,9.0,149.28631518514493,1.0,32.0,0.0
K,32,5015,150000,01 c5 01 c5 01 c5 01 c5 01 c5 01 c5 01 c5 01 c5 01 c5 01 c5 01 c5 01 c5 01 c5 01 c5 01 c5 01 c5,0.15005,True,0.6442162298387097,0.9658203125,9.0,149.28631518514493,1.0,32.0,0.0
K,32,5015,200000,01 c5 01 c5 01 c5 01 c5 01 c5 01 c5 01 c5 01 c5 01 c5 01 c5 01 c5 01 c5 01 c5 01 c5 01 c5 01 c5,0.1477,True,0.6442162298387097,0.9658203125,9.0,149.28631518514493,1.0,32.0,0.0
K,32,5015,300000,01 c5 01 c5 01 c5 01 c5 01 c5 01 c5 01 c5 01 c5 01 c5 01 c5 01 c5 01 c5 01 c5 01 c5 01 c5 01 c5,0.1553,True,0.6442162298387097,0.9658203125,9.0,149.28631518514493,1.0,32.0,0.0
K,32,5015,500000,11 d5 11 d5 11 d5 11 d5 11 d5 11 d5 11 d5 11 d5 11 d5 11 d5 11 d5 11 d5 11 d5 11 d5 11 d5 11 d5,0.16745,True,0.688382056451613,0.96875,9.0,130.37285737103224,1.0,32.0,0.0
K,32,5015,750000,11 d5 11 d5 11 d5 11 d5 11 d5 11 d5 11 d5 11 d5 11 d5 11 d5 11 d5 11 d5 11 d5 11 d5 11 d5 11 d5,0.16645,True,0.688382056451613,0.96875,9.0,130.37285737103224,1.0,32.0,0.0
K,32,5015,1000000,44 5e ed b0 44 5e ed b0 44 5e ed b0 44 5e ed b0 44 5e ed b0 44 5e ed b0 44 5e ed b0 44 5e ed b0,0.2617,True,1.0,0.88671875,0.0,5.6091787381419795,0.0,4.0,0.0
K,32,5015,1000000,44 5e ed b0 44 5e ed b0 44 5e ed b0 44 5e ed b0 44 5e ed b0 44 5e ed b0 44 5e ed b0 44 5e ed b0,0.2617,True,1.0,0.88671875,0.0,5.6091787381419795,0.0,4.0,0.0
K,32,5016,50,00 41 00 41 00 41 00 41 00 41 00 41 00 41 00 41 00 41 00 41 00 41 00 41 00 41 00 41 00 01 00 00,0.01275,False,0.12210181451612903,0.0,0.0,0.0,1.0,32.0,0.0
K,32,5016,500,00 41 00 41 00 41 00 41 00 41 00 41 00 41 00 41 00 41 00 41 00 41 00 41 00 41 00 41 00 01 00 00,0.02605,False,0.12210181451612903,0.0,0.0,0.0,1.0,32.0,0.0
K,32,5016,1000,01 c5 01 c5 01 c5 01 c5 01 c5 01 c5 01 c5 01 c5 01 c5 01 c5 01 c5 01 c5 01 c5 01 c5 01 c5 01 c5,0.08035,True,0.6912970430107528,0.9619140625,9.0,155.11868798776544,1.0,32.0,0.0
K,32,5016,2000,01 c5 01 c5 01 c5 01 c5 01 c5 01 c5 01 c5 01 c5 01 c5 01 c5 01 c5 01 c5 01 c5 01 c5 01 c5 01 c5,0.14985,True,0.6912970430107528,0.9619140625,9.0,155.11868798776544,1.0,32.0,0.0
K,32,5016,3000,01 c5 01 c5 01 c5 01 c5 01 c5 01 c5 01 c5 01 c5 01 c5 01 c5 01 c5 01 c5 01 c5 01 c5 01 c5 01 c5,0.1449,True,0.6912970430107528,0.9619140625,9.0,155.11868798776544,1.0,32.0,0.0
K,32,5016,5000,01 c5 01 c5 01 c5 01 c5 01 c5 01 c5 01 c5 01 c5 01 c5 01 c5 01 c5 01 c5 01 c5 01 c5 01 c5 01 c5,0.1298,True,0.6912970430107528,0.9619140625,9.0,155.11868798776544,1.0,32.0,0.0
K,32,5016,10000,01 c5 01 c5 01 c5 01 c5 01 c5 01 c5 01 c5 01 c5 01 c5 01 c5 01 c5 01 c5 01 c5 01 c5 01 c5 01 c5,0.143,True,0.6912970430107528,0.9619140625,9.0,155.11868798776544,1.0,32.0,0.0
K,32,5016,15000,01 c5 01 c5 01 c5 01 c5 01 c5 01 c5 01 c5 01 c5 01 c5 01 c5 01 c5 01 c5 01 c5 01 c5 01 c5 01 c5,0.13965,True,0.6912970430107528,0.9619140625,9.0,155.11868798776544,1.0,32.0,0.0
K,32,5016,20000,01 c5 01 c5 01 c5 01 c5 01 c5 01 c5 01 c5 01 c5 01 c5 01 c5 01 c5 01 c5 01 c5 01 c5 01 c5 01 c5,0.13685,True,0.6912970430107528,0.9619140625,9.0,155.11868798776544,1.0,32.0,0.0
K,32,5016,30000,01 c5 01 c5 01 c5 01 c5 01 c5 01 c5 01 c5 01 c5 01 c5 01 c5 01 c5 01 c5 01 c5 01 c5 01 c5 01 c5,0.1329,True,0.6912970430107528,0.9619140625,9.0,155.11868798776544,1.0,32.0,0.0
K,32,5016,50000,01 c5 01 c5 01 c5 01 c5 01 c5 01 c5 01 c5 01 c5 01 c5 01 c5 01 c5 01 c5 01 c5 01 c5 01 c5 01 c5,0.1239,True,0.6912970430107528,0.9619140625,9.0,155.11868798776544,1.0,32.0,0.0
K,32,5016,75000,01 c5 01 c5 01 c5 01 c5 01 c5 01 c5 01 c5 01 c5 01 c5 01 c5 01 c5 01 c5 01 c5 01 c5 01 c5 01 c5,0.11735,True,0.6912970430107528,0.9619140625,9.0,155.11868798776544,1.0,32.0,0.0
K,32,5016,100000,01 c5 01 c5 01 c5 01 c5 01 c5 01 c5 01 c5 01 c5 01 c5 01 c5 01 c5 01 c5 01 c5 01 c5 01 c5 01 c5,0.13985,True,0.6912970430107528,0.9619140625,9.0,155.11868798776544,1.0,32.0,0.0
K,32,5016,150000,01 c5 01 c5 01 c5 01 c5 01 c5 01 c5 01 c5 01 c5 01 c5 01 c5 01 c5 01 c5 01 c5 01 c5 01 c5 01 c5,0.15765,True,0.6912970430107528,0.9619140625,9.0,155.11868798776544,1.0,32.0,0.0
K,32,5016,200000,01 c5 01 c5 01 c5 01 c5 01 c5 01 c5 01 c5 01 c5 01 c5 01 c5 01 c5 01 c5 01 c5 01 c5 01 c5 01 c5,0.1524,True,0.6912970430107528,0.9619140625,9.0,155.11868798776544,1.0,32.0,0.0
K,32,5016,300000,11 d5 11 d5 11 d5 11 d5 11 d5 11 d5 11 d5 11 d5 11 d5 11 d5 11 d5 11 d5 11 d5 11 d5 11 d5 11 d5,0.17205,True,0.6278834845430108,0.9658203125,12.0,151.4397312986805,1.0,32.0,0.0
K,32,5016,500000,11 d5 11 d5 11 d5 11 d5 11 d5 11 d5 11 d5 11 d5 11 d5 11 d5 11 d5 11 d5 11 d5 11 d5 11 d5 11 d5,0.17335,True,0.6278834845430108,0.9658203125,12.0,151.4397312986805,1.0,32.0,0.0
K,32,5016,750000,11 d5 11 d5 11 d5 11 d5 11 d5 11 d5 11 d5 11 d5 11 d5 11 d5 11 d5 11 d5 11 d5 11 d5 11 d5 11 d5,0.1742,True,0.6278834845430108,0.9658203125,12.0,151.4397312986805,1.0,32.0,0.0
K,32,5016,1000000,11 d5 11 d5 11 d5 11 d5 11 d5 11 d5 11 d5 11 d5 11 d5 11 d5 11 d5 11 d5 11 d5 11 d5 11 d5 11 d5,0.18315,True,0.6278834845430108,0.9658203125,12.0,151.4397312986805,1.0,32.0,0.0
K,32,5016,1000000,11 d5 11 d5 11 d5 11 d5 11 d5 11 d5 11 d5 11 d5 11 d5 11 d5 11 d5 11 d5 11 d5 11 d5 11 d5 11 d5,0.18315,True,0.6278834845430108,0.9658203125,12.0,151.4397312986805,1.0,32.0,0.0
K,32,5017,50,00 41 00 41 00 41 00 41 00 41 00 41 00 41 00 41 00 41 00 41 00 41 00 41 00 41 00 41 00 01 00 00,0.01425,False,0.06388608870967742,0.0,0.0,0.0,1.0,32.0,0.0
K,32,5017,500,00 41 00 41 00 41 00 41 00 41 00 41 00 41 00 41 00 41 00 41 00 41 00 41 00 41 00 41 00 01 00 00,0.0302,False,0.06388608870967742,0.0,0.0,0.0,1.0,32.0,0.0
K,32,5017,1000,01 c5 01 c5 01 c5 01 c5 01 c5 01 c5 01 c5 01 c5 01 c5 01 c5 01 c5 01 c5 01 c5 01 c5 01 c5 01 c5,0.06765,True,0.6409400201612903,0.9677734375,11.0,157.20363775545377,1.0,32.0,0.0
K,32,5017,2000,01 c5 01 c5 01 c5 01 c5 01 c5 01 c5 01 c5 01 c5 01 c5 01 c5 01 c5 01 c5 01 c5 01 c5 01 c5 01 c5,0.25255,True,0.6409400201612903,0.9677734375,11.0,157.20363775545377,1.0,32.0,0.0
K,32,5017,3000,01 c5 01 c5 01 c5 01 c5 01 c5 01 c5 01 c5 01 c5 01 c5 01 c5 01 c5 01 c5 01 c5 01 c5 01 c5 01 c5,0.2348,True,0.6409400201612903,0.9677734375,11.0,157.20363775545377,1.0,32.0,0.0
K,32,5017,5000,01 c5 01 c5 01 c5 01 c5 01 c5 01 c5 01 c5 01 c5 01 c5 01 c5 01 c5 01 c5 01 c5 01 c5 01 c5 01 c5,0.16015,True,0.6409400201612903,0.9677734375,11.0,157.20363775545377,1.0,32.0,0.0
K,32,5017,10000,01 c5 01 c5 01 c5 01 c5 01 c5 01 c5 01 c5 01 c5 01 c5 01 c5 01 c5 01 c5 01 c5 01 c5 01 c5 01 c5,0.14545,True,0.6409400201612903,0.9677734375,11.0,157.20363775545377,1.0,32.0,0.0
K,32,5017,15000,01 c5 01 c5 01 c5 01 c5 01 c5 01 c5 01 c5 01 c5 01 c5 01 c5 01 c5 01 c5 01 c5 01 c5 01 c5 01 c5,0.1439,True,0.6409400201612903,0.9677734375,11.0,157.20363775545377,1.0,32.0,0.0
K,32,5017,20000,01 c5 01 c5 01 c5 01 c5 01 c5 01 c5 01 c5 01 c5 01 c5 01 c5 01 c5 01 c5 01 c5 01 c5 01 c5 01 c5,0.14325,True,0.6409400201612903,0.9677734375,11.0,157.20363775545377,1.0,32.0,0.0
K,32,5017,30000,01 c5 01 c5 01 c5 01 c5 01 c5 01 c5 01 c5 01 c5 01 c5 01 c5 01 c5 01 c5 01 c5 01 c5 01 c5 01 c5,0.15095,True,0.6409400201612903,0.9677734375,11.0,157.20363775545377,1.0,32.0,0.0
K,32,5017,50000,01 c5 01 c5 01 c5 01 c5 01 c5 01 c5 01 c5 01 c5 01 c5 01 c5 01 c5 01 c5 01 c5 01 c5 01 c5 01 c5,0.15335,True,0.6409400201612903,0.9677734375,11.0,157.20363775545377,1.0,32.0,0.0
K,32,5017,75000,01 c5 01 c5 01 c5 01 c5 01 c5 01 c5 01 c5 01 c5 01 c5 01 c5 01 c5 01 c5 01 c5 01 c5 01 c5 01 c5,0.1563,True,0.6409400201612903,0.9677734375,11.0,157.20363775545377,1.0,32.0,0.0
K,32,5017,100000,01 c5 01 c5 01 c5 01 c5 01 c5 01 c5 01 c5 01 c5 01 c5 01 c5 01 c5 01 c5 01 c5 01 c5 01 c5 01 c5,0.14625,True,0.6409400201612903,0.9677734375,11.0,157.20363775545377,1.0,32.0,0.0
K,32,5017,150000,01 c5 01 c5 01 c5 01 c5 01 c5 01 c5 01 c5 01 c5 01 c5 01 c5 01 c5 01 c5 01 c5 01 c5 01 c5 01 c5,0.1504,True,0.6409400201612903,0.9677734375,11.0,157.20363775545377,1.0,32.0,0.0
K,32,5017,200000,01 c5 01 c5 01 c5 01 c5 01 c5 01 c5 01 c5 01 c5 01 c5 01 c5 01 c5 01 c5 01 c5 01 c5 01 c5 01 c5,0.1518,True,0.6409400201612903,0.9677734375,11.0,157.20363775545377,1.0,32.0,0.0
K,32,5017,300000,01 c5 01 c5 01 c5 01 c5 01 c5 01 c5 01 c5 01 c5 01 c5 01 c5 01 c5 01 c5 01 c5 01 c5 01 c5 01 c5,0.14625,True,0.6409400201612903,0.9677734375,11.0,157.20363775545377,1.0,32.0,0.0
K,32,5017,500000,11 d5 11 d5 11 d5 11 d5 11 d5 11 d5 11 d5 11 d5 11 d5 11 d5 11 d5 11 d5 11 d5 11 d5 11 d5 11 d5,0.17345,True,0.5969675507508343,0.9658203125,10.0,145.07255124014978,1.0,32.0,0.0
K,32,5017,750000,11 d5 11 d5 11 d5 11 d5 11 d5 11 d5 11 d5 11 d5 11 d5 11 d5 11 d5 11 d5 11 d5 11 d5 11 d5 11 d5,0.177,True,0.5969675507508343,0.9658203125,10.0,145.07255124014978,1.0,32.0,0.0
K,32,5017,1000000,b0 1e 84 ed b0 1e 84 ed b0 1e 84 ed b0 1e 84 ed b0 1e 84 ed b0 1e 84 ed b0 1e 84 ed b0 1e 84 ed,0.3776,True,1.0,0.8837890625,0.0,5.352043425795433,0.0,5.0,0.0
K,32,5017,1000000,b0 1e 84 ed b0 1e 84 ed b0 1e 84 ed b0 1e 84 ed b0 1e 84 ed b0 1e 84 ed b0 1e 84 ed b0 1e 84 ed,0.3776,True,1.0,0.8837890625,0.0,5.352043425795433,0.0,5.0,0.0
K,32,5018,50,00 41 00 41 00 41 00 41 00 41 00 41 00 41 00 41 00 41 00 41 00 41 00 41 00 41 00 41 00 01 00 00,0.0146,False,0.11000924059139784,0.0,0.0,0.0,1.0,32.0,0.0
K,32,5018,500,11 d5 11 d5 11 d5 11 d5 11 d5 11 d5 11 d5 11 d5 11 d5 11 d5 11 d5 11 d5 11 d5 11 d5 11 d5 11 d5,0.04875,True,0.5727696572580645,0.966796875,9.0,132.06137579487478,1.0,32.0,0.0
K,32,5018,1000,11 d5 11 d5 11 d5 11 d5 11 d5 11 d5 11 d5 11 d5 11 d5 11 d5 11 d5 11 d5 11 d5 11 d5 11 d5 11 d5,0.12825,True,0.5727696572580645,0.966796875,9.0,132.06137579487478,1.0,32.0,0.0
K,32,5018,2000,11 d5 11 d5 11 d5 11 d5 11 d5 11 d5 11 d5 11 d5 11 d5 11 d5 11 d5 11 d5 11 d5 11 d5 11 d5 11 d5,0.16585,True,0.5727696572580645,0.966796875,9.0,132.06137579487478,1.0,32.0,0.0
K,32,5018,3000,11 d5 11 d5 11 d5 11 d5 11 d5 11 d5 11 d5 11 d5 11 d5 11 d5 11 d5 11 d5 11 d5 11 d5 11 d5 11 d5,0.1688,True,0.5727696572580645,0.966796875,9.0,132.06137579487478,1.0,32.0,0.0
K,32,5018,5000,11 d5 11 d5 11 d5 11 d5 11 d5 11 d5 11 d5 11 d5 11 d5 11 d5 11 d5 11 d5 11 d5 11 d5 11 d5 11 d5,0.174,True,0.5727696572580645,0.966796875,9.0,132.06137579487478,1.0,32.0,0.0
K,32,5018,10000,11 d5 11 d5 11 d5 11 d5 11 d5 11 d5 11 d5 11 d5 11 d5 11 d5 11 d5 11 d5 11 d5 11 d5 11 d5 11 d5,0.1121,True,0.5727696572580645,0.966796875,9.0,132.06137579487478,1.0,32.0,0.0
K,32,5018,15000,11 d5 11 d5 11 d5 11 d5 11 d5 11 d5 11 d5 11 d5 11 d5 11 d5 11 d5 11 d5 11 d5 11 d5 11 d5 11 d5,0.14165,True,0.5727696572580645,0.966796875,9.0,132.06137579487478,1.0,32.0,0.0
K,32,5018,20000,11 d5 11 d5 11 d5 11 d5 11 d5 11 d5 11 d5 11 d5 11 d5 11 d5 11 d5 11 d5 11 d5 11 d5 11 d5 11 d5,0.15735,True,0.5727696572580645,0.966796875,9.0,132.06137579487478,1.0,32.0,0.0
K,32,5018,30000,11 d5 11 d5 11 d5 11 d5 11 d5 11 d5 11 d5 11 d5 11 d5 11 d5 11 d5 11 d5 11 d5 11 d5 11 d5 11 d5,0.1531,True,0.5727696572580645,0.966796875,9.0,132.06137579487478,1.0,32.0,0.0
K,32,5018,50000,11 d5 11 d5 11 d5 11 d5 11 d5 11 d5 11 d5 11 d5 11 d5 11 d5 11 d5 11 d5 11 d5 11 d5 11 d5 11 d5,0.1605,True,0.5727696572580645,0.966796875,9.0,132.06137579487478,1.0,32.0,0.0
K,32,5018,75000,11 d5 11 d5 11 d5 11 d5 11 d5 11 d5 11 d5 11 d5 11 d5 11 d5 11 d5 11 d5 11 d5 11 d5 11 d5 11 d5,0.1772,True,0.5727696572580645,0.966796875,9.0,132.06137579487478,1.0,32.0,0.0
K,32,5018,100000,11 d5 11 d5 11 d5 11 d5 11 d5 11 d5 11 d5 11 d5 11 d5 11 d5 11 d5 11 d5 11 d5 11 d5 11 d5 11 d5,0.16975,True,0.5727696572580645,0.966796875,9.0,132.06137579487478,1.0,32.0,0.0
K,32,5018,150000,11 d5 11 d5 11 d5 11 d5 11 d5 11 d5 11 d5 11 d5 11 d5 11 d5 11 d5 11 d5 11 d5 11 d5 11 d5 11 d5,0.1815,True,0.5727696572580645,0.966796875,9.0,132.06137579487478,1.0,32.0,0.0
K,32,5018,200000,11 d5 11 d5 11 d5 11 d5 11 d5 11 d5 11 d5 11 d5 11 d5 11 d5 11 d5 11 d5 11 d5 11 d5 11 d5 11 d5,0.17335,True,0.5727696572580645,0.966796875,9.0,132.06137579487478,1.0,32.0,0.0
K,32,5018,300000,11 d5 11 d5 11 d5 11 d5 11 d5 11 d5 11 d5 11 d5 11 d5 11 d5 11 d5 11 d5 11 d5 11 d5 11 d5 11 d5,0.17905,True,0.5727696572580645,0.966796875,9.0,132.06137579487478,1.0,32.0,0.0
K,32,5018,500000,44 5e ed b0 44 5e ed b0 44 5e ed b0 44 5e ed b0 44 5e ed b0 44 5e ed b0 44 5e ed b0 44 5e ed b0,0.19715,True,1.0,0.8916015625,0.0,5.038918989292302,0.0,4.0,0.0
K,32,5018,750000,04 5e ed b0 04 5e ed b0 04 5e ed b0 04 5e ed b0 04 5e ed b0 04 5e ed b0 04 5e ed b0 04 5e ed b0,0.24355,True,1.0,0.88671875,0.0,5.6091787381419795,0.0,4.0,0.0
K,32,5018,1000000,04 5e ed b0 04 5e ed b0 04 5e ed b0 04 5e ed b0 04 5e ed b0 04 5e ed b0 04 5e ed b0 04 5e ed b0,0.27955,True,1.0,0.88671875,0.0,5.6091787381419795,0.0,4.0,0.0
K,32,5018,1000000,04 5e ed b0 04 5e ed b0 04 5e ed b0 04 5e ed b0 04 5e ed b0 04 5e ed b0 04 5e ed b0 04 5e ed b0,0.27955,True,1.0,0.88671875,0.0,5.6091787381419795,0.0,4.0,0.0
K,32,5019,50,00 41 00 41 00 41 00 41 00 41 00 41 00 41 00 41 00 41 00 41 00 41 00 41 00 41 00 41 00 01 00 00,0.0139,False,0.15426747311827957,0.0,0.0,0.0,1.0,32.0,0.0
K,32,5019,500,00 41 00 41 00 41 00 41 00 41 00 41 00 41 00 41 00 41 00 41 00 41 00 41 00 41 00 41 00 01 00 00,0.03045,False,0.15426747311827957,0.0,0.0,0.0,1.0,32.0,0.0
K,32,5019,1000,01 c5 01 c5 01 c5 01 c5 01 c5 01 c5 01 c5 01 c5 01 c5 01 c5 01 c5 01 c5 01 c5 01 c5 01 c5 01 c5,0.07415,True,0.657321068548387,0.9736328125,12.0,154.5897054762859,1.0,32.0,0.0
K,32,5019,2000,01 c5 01 c5 01 c5 01 c5 01 c5 01 c5 01 c5 01 c5 01 c5 01 c5 01 c5 01 c5 01 c5 01 c5 01 c5 01 c5,0.23935,True,0.657321068548387,0.9736328125,12.0,154.5897054762859,1.0,32.0,0.0
K,32,5019,3000,01 c5 01 c5 01 c5 01 c5 01 c5 01 c5 01 c5 01 c5 01 c5 01 c5 01 c5 01 c5 01 c5 01 c5 01 c5 01 c5,0.2616,True,0.657321068548387,0.9736328125,12.0,154.5897054762859,1.0,32.0,0.0
K,32,5019,5000,01 c5 01 c5 01 c5 01 c5 01 c5 01 c5 01 c5 01 c5 01 c5 01 c5 01 c5 01 c5 01 c5 01 c5 01 c5 01 c5,0.1859,True,0.657321068548387,0.9736328125,12.0,154.5897054762859,1.0,32.0,0.0
K,32,5019,10000,01 c5 01 c5 01 c5 01 c5 01 c5 01 c5 01 c5 01 c5 01 c5 01 c5 01 c5 01 c5 01 c5 01 c5 01 c5 01 c5,0.15465,True,0.657321068548387,0.9736328125,12.0,154.5897054762859,1.0,32.0,0.0
K,32,5019,15000,01 c5 01 c5 01 c5 01 c5 01 c5 01 c5 01 c5 01 c5 01 c5 01 c5 01 c5 01 c5 01 c5 01 c5 01 c5 01 c5,0.15595,True,0.657321068548387,0.9736328125,12.0,154.5897054762859,1.0,32.0,0.0
K,32,5019,20000,01 c5 01 c5 01 c5 01 c5 01 c5 01 c5 01 c5 01 c5 01 c5 01 c5 01 c5 01 c5 01 c5 01 c5 01 c5 01 c5,0.15295,True,0.657321068548387,0.9736328125,12.0,154.5897054762859,1.0,32.0,0.0
K,32,5019,30000,01 c5 01 c5 01 c5 01 c5 01 c5 01 c5 01 c5 01 c5 01 c5 01 c5 01 c5 01 c5 01 c5 01 c5 01 c5 01 c5,0.16155,True,0.657321068548387,0.9736328125,12.0,154.5897054762859,1.0,32.0,0.0
K,32,5019,50000,01 c5 01 c5 01 c5 01 c5 01 c5 01 c5 01 c5 01 c5 01 c5 01 c5 01 c5 01 c5 01 c5 01 c5 01 c5 01 c5,0.12335,True,0.657321068548387,0.9736328125,12.0,154.5897054762859,1.0,32.0,0.0
K,32,5019,75000,11 d5 11 d5 11 d5 11 d5 11 d5 11 d5 11 d5 11 d5 11 d5 11 d5 11 d5 11 d5 11 d5 11 d5 11 d5 11 d5,0.18365,True,0.6207787298387097,0.9658203125,12.0,138.942283236687,1.0,32.0,0.0
K,32,5019,100000,11 d5 11 d5 11 d5 11 d5 11 d5 11 d5 11 d5 11 d5 11 d5 11 d5 11 d5 11 d5 11 d5 11 d5 11 d5 11 d5,0.18515,True,0.6207787298387097,0.9658203125,12.0,138.942283236687,1.0,32.0,0.0
K,32,5019,150000,11 d5 11 d5 11 d5 11 d5 11 d5 11 d5 11 d5 11 d5 11 d5 11 d5 11 d5 11 d5 11 d5 11 d5 11 d5 11 d5,0.18395,True,0.6207787298387097,0.9658203125,12.0,138.942283236687,1.0,32.0,0.0
K,32,5019,200000,11 d5 11 d5 11 d5 11 d5 11 d5 11 d5 11 d5 11 d5 11 d5 11 d5 11 d5 11 d5 11 d5 11 d5 11 d5 11 d5,0.1854,True,0.6207787298387097,0.9658203125,12.0,138.942283236687,1.0,32.0,0.0
K,32,5019,300000,11 d5 11 d5 11 d5 11 d5 11 d5 11 d5 11 d5 11 d5 11 d5 11 d5 11 d5 11 d5 11 d5 11 d5 11 d5 11 d5,0.1748,True,0.6207787298387097,0.9658203125,12.0,138.942283236687,1.0,32.0,0.0
K,32,5019,500000,11 d5 11 d5 11 d5 11 d5 11 d5 11 d5 11 d5 11 d5 11 d5 11 d5 11 d5 11 d5 11 d5 11 d5 11 d5 11 d5,0.18645,True,0.6207787298387097,0.9658203125,12.0,138.942283236687,1.0,32.0,0.0
K,32,5019,750000,11 d5 11 d5 11 d5 11 d5 11 d5 11 d5 11 d5 11 d5 11 d5 11 d5 11 d5 11 d5 11 d5 11 d5 11 d5 11 d5,0.1844,True,0.6207787298387097,0.9658203125,12.0,138.942283236687,1.0,32.0,0.0
K,32,5019,1000000,11 d5 11 d5 11 d5 11 d5 11 d5 11 d5 11 d5 11 d5 11 d5 11 d5 11 d5 11 d5 11 d5 11 d5 11 d5 11 d5,0.17875,True,0.6207787298387097,0.9658203125,12.0,138.942283236687,1.0,32.0,0.0
K,32,5019,1000000,11 d5 11 d5 11 d5 11 d5 11 d5 11 d5 11 d5 11 d5 11 d5 11 d5 11 d5 11 d5 11 d5 11 d5 11 d5 11 d5,0.17875,True,0.6207787298387097,0.9658203125,12.0,138.942283236687,1.0,32.0,0.0
K,32,5020,50,00 41 00 41 00 41 00 41 00 41 00 41 00 41 00 41 00 41 00 41 00 41 00 41 00 41 00 41 00 01 00 00,0.0152,False,0.10401965725806452,0.0,0.0,0.0,1.0,32.0,0.0
K,32,5020,500,00 41 00 41 00 41 00 41 00 41 00 41 00 41 00 41 00 41 00 41 00 41 00 41 00 41 00 41 00 01 00 00,0.03135,False,0.10401965725806452,0.0,0.0,0.0,1.0,32.0,0.0
K,32,5020,1000,00 41 00 41 00 41 00 41 00 41 00 41 00 41 00 41 00 41 00 41 00 41 00 41 00 41 00 41 00 01 00 00,0.03175,False,0.10401965725806452,0.0,0.0,0.0,1.0,32.0,0.0
K,32,5020,2000,00 41 00 41 00 41 00 41 00 41 00 41 00 41 00 41 00 41 00 41 00 41 00 41 00 41 00 41 00 01 00 00,0.03055,False,0.10401965725806452,0.0,0.0,0.0,1.0,32.0,0.0
K,32,5020,3000,01 c5 01 c5 01 c5 01 c5 01 c5 01 c5 01 c5 01 c5 01 c5 01 c5 01 c5 01 c5 01 c5 01 c5 01 c5 01 c5,0.24265,True,0.706968245967742,0.974609375,12.0,153.4656550122698,1.0,32.0,0.0
K,32,5020,5000,01 c5 01 c5 01 c5 01 c5 01 c5 01 c5 01 c5 01 c5 01 c5 01 c5 01 c5 01 c5 01 c5 01 c5 01 c5 01 c5,0.2743,True,0.706968245967742,0.974609375,12.0,153.4656550122698,1.0,32.0,0.0
K,32,5020,10000,01 c5 01 c5 01 c5 01 c5 01 c5 01 c5 01 c5 01 c5 01 c5 01 c5 01 c5 01 c5 01 c5 01 c5 01 c5 01 c5,0.14365,True,0.706968245967742,0.974609375,12.0,153.4656550122698,1.0,32.0,0.0
K,32,5020,15000,01 c5 01 c5 01 c5 01 c5 01 c5 01 c5 01 c5 01 c5 01 c5 01 c5 01 c5 01 c5 01 c5 01 c5 01 c5 01 c5,0.1456,True,0.706968245967742,0.974609375,12.0,153.4656550122698,1.0,32.0,0.0
K,32,5020,20000,01 c5 01 c5 01 c5 01 c5 01 c5 01 c5 01 c5 01 c5 01 c5 01 c5 01 c5 01 c5 01 c5 01 c5 01 c5 01 c5,0.1515,True,0.706968245967742,0.974609375,12.0,153.4656550122698,1.0,32.0,0.0
K,32,5020,30000,01 c5 01 c5 01 c5 01 c5 01 c5 01 c5 01 c5 01 c5 01 c5 01 c5 01 c5 01 c5 01 c5 01 c5 01 c5 01 c5,0.14595,True,0.706968245967742,0.974609375,12.0,153.4656550122698,1.0,32.0,0.0
K,32,5020,50000,01 c5 01 c5 01 c5 01 c5 01 c5 01 c5 01 c5 01 c5 01 c5 01 c5 01 c5 01 c5 01 c5 01 c5 01 c5 01 c5,0.154,True,0.706968245967742,0.974609375,12.0,153.4656550122698,1.0,32.0,0.0
K,32,5020,75000,01 c5 01 c5 01 c5 01 c5 01 c5 01 c5 01 c5 01 c5 01 c5 01 c5 01 c5 01 c5 01 c5 01 c5 01 c5 01 c5,0.1474,True,0.706968245967742,0.974609375,12.0,153.4656550122698,1.0,32.0,0.0
K,32,5020,100000,01 c5 01 c5 01 c5 01 c5 01 c5 01 c5 01 c5 01 c5 01 c5 01 c5 01 c5 01 c5 01 c5 01 c5 01 c5 01 c5,0.1538,True,0.706968245967742,0.974609375,12.0,153.4656550122698,1.0,32.0,0.0
K,32,5020,150000,01 c5 01 c5 01 c5 01 c5 01 c5 01 c5 01 c5 01 c5 01 c5 01 c5 01 c5 01 c5 01 c5 01 c5 01 c5 01 c5,0.1115,True,0.706968245967742,0.974609375,12.0,153.4656550122698,1.0,32.0,0.0
K,32,5020,200000,11 d5 11 d5 11 d5 11 d5 11 d5 11 d5 11 d5 11 d5 11 d5 11 d5 11 d5 11 d5 11 d5 11 d5 11 d5 11 d5,0.17785,True,0.6016570060483871,0.9677734375,11.0,148.0555752368379,1.0,32.0,0.0
K,32,5020,300000,b0 11 48 0d 87 46 29 ed b0 11 48 0d 87 46 29 ed b0 11 48 0d 87 46 29 ed b0 11 48 0d 87 46 29 ed,0.00655,True,1.0,0.8505859375,4.0,35.12248723415242,0.0,9.0,0.0
K,32,5020,500000,b0 59 42 8e 11 08 47 ed b0 59 42 8e 11 08 47 ed b0 59 42 8e 11 08 47 ed b0 59 42 8e 11 08 47 ed,0.0051,True,1.0,0.853515625,4.0,34.374626923393095,0.0,9.0,0.0
K,32,5020,750000,44 5e ed b0 44 5e ed b0 44 5e ed b0 44 5e ed b0 44 5e ed b0 44 5e ed b0 44 5e ed b0 44 5e ed b0,0.19345,True,1.0,0.8876953125,0.0,8.20382591596799,0.0,4.0,0.0
K,32,5020,1000000,44 5e ed b0 44 5e ed b0 44 5e ed b0 44 5e ed b0 44 5e ed b0 44 5e ed b0 44 5e ed b0 44 5e ed b0,0.28225,True,1.0,0.8876953125,0.0,8.20382591596799,0.0,4.0,0.0
K,32,5020,1000000,44 5e ed b0 44 5e ed b0 44 5e ed b0 44 5e ed b0 44 5e ed b0 44 5e ed b0 44 5e ed b0 44 5e ed b0,0.28225,True,1.0,0.8876953125,0.0,8.20382591596799,0.0,4.0,0.0
I,16,4001,500,00 01 00 01 00 01 00 01 00 01 00 01 00 01 00 01,0.00065,False,0.07421875,0.0,0.0,0.0,0.0,1.0,0.0
I,16,4001,1000,00 01 00 01 00 01 00 01 00 01 00 01 00 01 00 01,0.0008,False,0.07421875,0.0,0.0,0.0,0.0,1.0,0.0
I,16,4001,2000,all-zero,0.00035,,,,,,,,
I,16,4001,3000,00 01 00 01 00 01 00 01 00 01 00 01 00 01 00 01,0.0004,False,0.07421875,0.0,0.0,0.0,0.0,1.0,0.0
I,16,4001,5000,00 01 00 01 00 01 00 01 00 01 00 01 00 01 00 01,0.00035,False,0.07421875,0.0,0.0,0.0,0.0,1.0,0.0
I,16,4001,7500,00 01 00 01 00 01 00 01 00 01 00 01 00 01 00 01,0.00035,False,0.07421875,0.0,0.0,0.0,0.0,1.0,0.0
I,16,4001,10000,00 01 00 01 00 01 00 01 00 01 00 01 00 01 00 01,0.0007,False,0.07421875,0.0,0.0,0.0,0.0,1.0,0.0
I,16,4001,15000,00 21 00 21 00 21 00 21 00 21 00 21 00 21 00 21,0.0004,False,0.07421875,0.0,0.0,0.0,0.0,1.0,0.0
I,16,4001,20000,all-zero,0.0004,,,,,,,,
I,16,4001,30000,00 01 00 01 00 01 00 01 00 01 00 01 00 01 00 01,0.0005,False,0.07421875,0.0,0.0,0.0,0.0,1.0,0.0
I,16,4001,50000,00 01 00 01 00 01 00 01 00 01 00 01 00 01 00 01,0.00055,False,0.07421875,0.0,0.0,0.0,0.0,1.0,0.0
I,16,4001,75000,84 5e ed b0 84 5e ed b0 84 5e ed b0 84 5e ed b0,0.00305,True,1.0,0.7649509803921568,0.0,8.569855608330947,0.0,4.0,0.0
I,16,4001,100000,04 5e ed b0 04 5e ed b0 04 5e ed b0 04 5e ed b0,0.0155,True,1.0,0.7644607843137254,0.0,7.247927513443585,0.0,4.0,0.0
I,16,4001,150000,a4 5e ed b0 a4 5e ed b0 a4 5e ed b0 a4 5e ed b0,0.0216,True,1.0,0.7642156862745098,0.0,7.247927513443585,0.0,4.0,0.0
I,16,4001,200000,04 5e ed b0 04 5e ed b0 04 5e ed b0 04 5e ed b0,0.0111,True,1.0,0.7644607843137254,0.0,7.247927513443585,0.0,4.0,0.0
I,16,4001,300000,44 5e ed b0 44 5e ed b0 44 5e ed b0 44 5e ed b0,0.0141,True,1.0,0.7647058823529411,0.0,7.832890014164741,0.0,4.0,0.0
I,16,4001,300000,44 5e ed b0 44 5e ed b0 44 5e ed b0 44 5e ed b0,0.0141,True,1.0,0.7647058823529411,0.0,7.832890014164741,0.0,4.0,0.0
I,16,4002,500,00 21 00 21 00 21 00 21 00 21 00 21 00 01 00 21,0.00055,False,0.099609375,0.0,0.0,0.0,0.0,1.0,0.0
I,16,4002,1000,00 01 00 01 00 01 00 01 00 01 00 01 00 01 00 01,0.0005,False,0.095703125,0.0,0.0,0.0,0.0,1.0,0.0
I,16,4002,2000,00 01 00 01 00 01 00 01 00 01 00 01 00 01 00 01,0.00085,False,0.095703125,0.0,0.0,0.0,0.0,1.0,0.0
I,16,4002,3000,00 01 00 01 00 01 00 01 00 01 00 01 00 01 00 01,0.0006,False,0.095703125,0.0,0.0,0.0,0.0,1.0,0.0
I,16,4002,5000,00 01 00 01 00 01 00 01 00 01 00 01 00 01 00 01,0.00065,False,0.095703125,0.0,0.0,0.0,0.0,1.0,0.0
I,16,4002,7500,00 01 00 01 00 01 00 01 00 01 00 01 00 01 00 01,0.00045,False,0.095703125,0.0,0.0,0.0,0.0,1.0,0.0
I,16,4002,10000,all-zero,0.00075,,,,,,,,
I,16,4002,15000,00 01 00 01 00 01 00 01 00 01 00 01 00 01 00 01,0.00065,False,0.095703125,0.0,0.0,0.0,0.0,1.0,0.0
I,16,4002,20000,00 01 00 01 00 01 00 01 00 01 00 01 00 01 00 01,0.00075,False,0.095703125,0.0,0.0,0.0,0.0,1.0,0.0
I,16,4002,30000,00 01 00 01 00 01 00 01 00 01 00 01 00 01 00 01,0.0008,False,0.095703125,0.0,0.0,0.0,0.0,1.0,0.0
I,16,4002,50000,00 01 00 01 00 01 00 01 00 01 00 01 00 01 00 01,0.00055,False,0.095703125,0.0,0.0,0.0,0.0,1.0,0.0
I,16,4002,75000,00 01 00 01 00 01 00 01 00 01 00 01 00 01 00 01,0.00075,False,0.095703125,0.0,0.0,0.0,0.0,1.0,0.0
I,16,4002,100000,00 01 00 01 00 01 00 01 00 01 00 01 00 01 00 01,0.00035,False,0.095703125,0.0,0.0,0.0,0.0,1.0,0.0
I,16,4002,150000,00 01 00 01 00 01 00 01 00 01 00 01 00 01 00 01,0.00065,False,0.095703125,0.0,0.0,0.0,0.0,1.0,0.0
I,16,4002,200000,00 01 00 01 00 01 00 01 00 01 00 01 00 01 00 01,0.0007,False,0.095703125,0.0,0.0,0.0,0.0,1.0,0.0
I,16,4002,300000,c8 6e eb ed b0 ee b6 4e c8 6e eb ed b0 ee b6 4e,0.0048,True,1.0,0.6948529411764706,3.0,27.32192809488736,0.0,5.0,3.0
I,16,4002,300000,c8 6e eb ed b0 ee b6 4e c8 6e eb ed b0 ee b6 4e,0.0048,True,1.0,0.6948529411764706,3.0,27.32192809488736,0.0,5.0,3.0
I,16,4003,500,00 01 00 01 00 01 00 01 00 01 00 01 00 01 00 01,0.0004,False,0.12057291666666667,0.0,0.0,0.0,0.0,1.0,0.0
I,16,4003,1000,00 01 00 01 00 01 00 01 00 01 00 01 00 01 00 01,0.00055,False,0.12057291666666667,0.0,0.0,0.0,0.0,1.0,0.0
I,16,4003,2000,00 01 00 01 00 01 00 01 00 01 00 01 00 01 00 01,0.00075,False,0.12057291666666667,0.0,0.0,0.0,0.0,1.0,0.0
I,16,4003,3000,00 01 00 01 00 01 00 01 00 01 00 01 00 01 00 01,0.00045,False,0.12057291666666667,0.0,0.0,0.0,0.0,1.0,0.0
I,16,4003,5000,all-zero,0.00055,,,,,,,,
I,16,4003,7500,00 01 00 01 00 01 00 01 00 01 00 01 00 01 00 01,0.00055,False,0.12057291666666667,0.0,0.0,0.0,0.0,1.0,0.0
I,16,4003,10000,all-zero,0.00035,,,,,,,,
I,16,4003,15000,00 01 00 01 00 01 00 01 00 01 00 01 00 01 00 01,0.00035,False,0.12057291666666667,0.0,0.0,0.0,0.0,1.0,0.0
I,16,4003,20000,00 01 00 01 00 01 00 01 00 01 00 01 00 01 00 01,0.0006,False,0.12057291666666667,0.0,0.0,0.0,0.0,1.0,0.0
I,16,4003,30000,b6 aa e5 31 8a d1 d1 7e 15 ed b0 e6 1e 2b 92 bc,0.0019,True,1.0,0.6002450980392157,11.0,89.9091502067372,0.0,11.0,5.0
I,16,4003,50000,31 e4 71 d1 28 36 ed b0 31 e4 71 d1 28 36 ed b0,0.0027,True,1.0,0.6330882352941176,2.0,22.0,0.0,8.0,0.0
I,16,4003,75000,11 68 4b ed b0 d1 e6 c7 11 68 4b ed b0 d1 e6 c7,0.00205,True,1.0,0.7573529411764706,4.0,37.0,0.0,5.0,3.0
I,16,4003,100000,11 a8 bd ed b0 b9 67 47 11 a8 bd ed b0 b9 67 47,0.00225,True,1.0,0.7600490196078431,4.0,37.0,0.0,5.0,3.0
I,16,4003,150000,11 08 a1 ed b0 a3 be 08 11 08 a1 ed b0 a3 be 08,0.00195,True,1.0,0.7600490196078431,4.0,37.0,0.0,5.0,3.0
I,16,4003,200000,11 48 56 ed b0 2f cf 0e 11 48 56 ed b0 2f cf 0e,0.00215,True,1.0,0.7544117647058823,4.0,37.16992500144231,0.0,5.0,3.0
I,16,4003,300000,11 48 da ed b0 44 c8 11 11 48 da ed b0 44 c8 11,0.0046,True,1.0,0.7568627450980392,4.0,36.857980995127576,0.0,5.0,3.0
I,16,4003,300000,11 48 da ed b0 44 c8 11 11 48 da ed b0 44 c8 11,0.0046,True,1.0,0.7568627450980392,4.0,36.857980995127576,0.0,5.0,3.0
I,16,4004,500,00 01 00 01 00 01 00 01 00 01 00 01 00 01 00 01,0.0008,False,0.11510416666666667,0.0,0.0,0.0,0.0,1.0,0.0
I,16,4004,1000,all-zero,0.00035,,,,,,,,
I,16,4004,2000,00 01 00 01 00 01 00 01 00 01 00 01 00 01 00 01,0.0008,False,0.11510416666666667,0.0,0.0,0.0,0.0,1.0,0.0
I,16,4004,3000,00 01 00 01 00 01 00 01 00 01 00 01 00 01 00 01,0.0006,False,0.11510416666666667,0.0,0.0,0.0,0.0,1.0,0.0
I,16,4004,5000,00 01 00 01 00 01 00 01 00 01 00 01 00 01 00 01,0.0008,False,0.11510416666666667,0.0,0.0,0.0,0.0,1.0,0.0
I,16,4004,7500,00 01 00 01 00 01 00 01 00 01 00 01 00 01 00 01,0.00075,False,0.11510416666666667,0.0,0.0,0.0,0.0,1.0,0.0
I,16,4004,10000,00 01 00 01 00 01 00 01 00 01 00 01 00 01 00 01,0.00045,False,0.11510416666666667,0.0,0.0,0.0,0.0,1.0,0.0
I,16,4004,15000,00 01 00 01 00 01 00 01 00 01 00 01 00 01 00 01,0.00025,False,0.11510416666666667,0.0,0.0,0.0,0.0,1.0,0.0
I,16,4004,20000,00 01 00 01 00 01 00 01 00 01 00 01 00 01 00 01,0.00085,False,0.11510416666666667,0.0,0.0,0.0,0.0,1.0,0.0
I,16,4004,30000,00 01 00 01 00 01 00 01 00 01 00 01 00 01 00 01,0.00075,False,0.11510416666666667,0.0,0.0,0.0,0.0,1.0,0.0
I,16,4004,50000,00 01 00 01 00 01 00 01 00 01 00 01 00 01 00 01,0.0005,False,0.11510416666666667,0.0,0.0,0.0,0.0,1.0,0.0
I,16,4004,75000,00 01 00 01 00 01 00 01 00 01 00 01 00 01 00 01,0.00035,False,0.11510416666666667,0.0,0.0,0.0,0.0,1.0,0.0
I,16,4004,100000,00 01 00 01 00 01 00 01 00 01 00 01 00 01 00 01,0.0006,False,0.11510416666666667,0.0,0.0,0.0,0.0,1.0,0.0
I,16,4004,150000,11 88 79 ed b0 bd 80 21 11 88 79 ed b0 bd 80 21,0.00255,True,1.0,0.7561274509803921,4.0,37.08746284125034,0.0,5.0,3.0
I,16,4004,200000,84 5e ed b0 84 5e ed b0 84 5e ed b0 84 5e ed b0,0.00245,True,1.0,0.7647058823529411,0.0,8.531381460516313,0.0,4.0,0.0
I,16,4004,300000,a4 5e ed b0 a4 5e ed b0 a4 5e ed b0 a4 5e ed b0,0.00745,True,1.0,0.7639705882352941,0.0,7.20945336562895,0.0,4.0,0.0
I,16,4004,300000,a4 5e ed b0 a4 5e ed b0 a4 5e ed b0 a4 5e ed b0,0.00745,True,1.0,0.7639705882352941,0.0,7.20945336562895,0.0,4.0,0.0
I,16,4005,500,all-zero,0.00055,,,,,,,,
I,16,4005,1000,00 01 00 01 00 01 00 01 00 01 00 01 00 01 00 01,0.00085,False,0.08203125,0.0,0.0,0.0,0.0,1.0,0.0
I,16,4005,2000,00 01 00 01 00 01 00 01 00 01 00 01 00 01 00 01,0.00075,False,0.08203125,0.0,0.0,0.0,0.0,1.0,0.0
I,16,4005,3000,00 01 00 01 00 01 00 01 00 01 00 01 00 01 00 01,0.00045,False,0.08203125,0.0,0.0,0.0,0.0,1.0,0.0
I,16,4005,5000,all-zero,0.0002,,,,,,,,
I,16,4005,7500,00 01 00 01 00 01 00 01 00 01 00 01 00 01 00 01,0.001,False,0.08203125,0.0,0.0,0.0,0.0,1.0,0.0
I,16,4005,10000,00 21 00 21 00 21 00 21 00 21 00 21 00 01 00 21,0.00035,False,0.08203125,0.0,0.0,0.0,0.0,1.0,0.0
I,16,4005,15000,00 01 00 01 00 01 00 01 00 01 00 01 00 01 00 01,0.00065,False,0.08203125,0.0,0.0,0.0,0.0,1.0,0.0
I,16,4005,20000,b7 11 88 d9 69 ed b0 a0 b7 11 88 d9 69 ed b0 a0,0.0055,True,1.0,0.7112745098039216,4.0,34.793095228611755,0.0,7.0,1.0
I,16,4005,30000,11 88 11 17 94 ab ed b0 11 88 11 17 94 ab ed b0,0.0056,True,1.0,0.6906862745098039,4.0,34.1784429867153,0.0,8.0,0.0
I,16,4005,50000,11 28 05 56 ed b0 2a d1 11 28 05 56 ed b0 2a d1,0.0029,True,1.0,0.7284313725490196,4.0,36.38909352190447,0.0,6.0,2.0
I,16,4005,75000,11 28 cd ed b0 4f 75 ef 11 28 cd ed b0 4f 75 ef,0.00235,True,1.0,0.753921568627451,4.0,36.08746284125034,0.0,5.0,3.0
I,16,4005,100000,11 48 85 ed b0 fd d5 3c 11 48 85 ed b0 fd d5 3c,0.0026,True,1.0,0.753921568627451,4.0,37.0,0.0,5.0,3.0
I,16,4005,150000,b0 f8 08 a0 11 88 9b ed b0 f8 08 a0 11 88 9b ed,0.0024,True,1.0,0.645343137254902,4.0,36.76041474203172,0.0,9.0,0.0
I,16,4005,200000,11 68 d5 ed b0 6c 06 64 11 68 d5 ed b0 6c 06 64,0.00205,True,1.0,0.7541666666666667,4.0,37.584962500721154,0.0,5.0,3.0
I,16,4005,300000,11 e8 da ed b0 58 6e 9b 11 e8 da ed b0 58 6e 9b,0.00215,True,1.0,0.7536764705882353,4.0,36.0,0.0,5.0,3.0
I,16,4005,300000,11 e8 da ed b0 58 6e 9b 11 e8 da ed b0 58 6e 9b,0.00215,True,1.0,0.7536764705882353,4.0,36.0,0.0,5.0,3.0
I,16,4006,500,00 01 00 01 00 01 00 01 00 01 00 01 00 01 00 01,0.00055,False,0.11588541666666666,0.0,0.0,0.0,0.0,1.0,0.0
I,16,4006,1000,00 01 00 01 00 01 00 01 00 01 00 01 00 01 00 01,0.00045,False,0.11588541666666666,0.0,0.0,0.0,0.0,1.0,0.0
I,16,4006,2000,00 01 00 01 00 01 00 01 00 01 00 01 00 01 00 01,0.00045,False,0.11588541666666666,0.0,0.0,0.0,0.0,1.0,0.0
I,16,4006,3000,00 01 00 01 00 01 00 01 00 01 00 01 00 01 00 01,0.00085,False,0.11588541666666666,0.0,0.0,0.0,0.0,1.0,0.0
I,16,4006,5000,00 01 00 01 00 01 00 01 00 01 00 01 00 01 00 01,0.00045,False,0.11588541666666666,0.0,0.0,0.0,0.0,1.0,0.0
I,16,4006,7500,00 01 00 01 00 01 00 01 00 01 00 01 00 01 00 01,0.00045,False,0.11588541666666666,0.0,0.0,0.0,0.0,1.0,0.0
I,16,4006,10000,00 01 00 01 00 01 00 01 00 01 00 01 00 01 00 01,0.0005,False,0.11588541666666666,0.0,0.0,0.0,0.0,1.0,0.0
I,16,4006,15000,00 01 00 01 00 01 00 01 00 01 00 01 00 01 00 01,0.00045,False,0.11588541666666666,0.0,0.0,0.0,0.0,1.0,0.0
I,16,4006,20000,00 21 00 21 00 21 00 21 00 21 00 21 00 01 00 21,0.00035,False,0.112109375,0.0,0.0,0.0,0.0,1.0,0.0
I,16,4006,30000,00 01 00 01 00 01 00 01 00 01 00 01 00 01 00 01,0.00055,False,0.11588541666666666,0.0,0.0,0.0,0.0,1.0,0.0
I,16,4006,50000,11 a8 ab ed b0 4e 11 fd 11 a8 ab ed b0 4e 11 fd,0.0032,True,1.0,0.7541666666666667,4.0,37.0,0.0,5.0,3.0
I,16,4006,75000,b0 a6 25 11 68 db ed b0 b0 a6 25 11 68 db ed b0,0.0026,True,1.0,0.7112745098039216,4.0,34.63029823564758,0.0,8.0,0.0
I,16,4006,100000,11 48 cc ed b0 fe ba e5 11 48 cc ed b0 fe ba e5,0.0039,True,1.0,0.753921568627451,4.0,36.08746284125034,0.0,5.0,3.0
I,16,4006,150000,11 08 20 ed b0 d7 c6 ab 11 08 20 ed b0 d7 c6 ab,0.0029,True,1.0,0.7536764705882353,4.0,36.0,0.0,5.0,3.0
I,16,4006,200000,11 50 90 ed b0 9a f7 96 1c 92 61 57 01 82 00 74,0.0019,True,1.0,0.753921568627451,12.0,100.0,0.0,5.0,11.0
I,16,4006,300000,11 a5 e1 ed b0 11 11 a5 e1 b0 11 a5 e1 ed b0 11,0.0024,True,0.81015625,0.7012254901960784,0.0,7.643856189774724,0.0,15.0,0.0
I,16,4006,300000,11 a5 e1 ed b0 11 11 a5 e1 b0 11 a5 e1 ed b0 11,0.0024,True,0.81015625,0.7012254901960784,0.0,7.643856189774724,0.0,15.0,0.0
I,16,4007,500,00 21 00 21 00 21 00 21 00 21 00 21 00 21 00 21,0.00035,False,0.080859375,0.0,0.0,0.0,0.0,1.0,0.0
I,16,4007,1000,00 01 00 01 00 01 00 01 00 01 00 01 00 01 00 01,0.00055,False,0.09205729166666667,0.0,0.0,0.0,0.0,1.0,0.0
I,16,4007,2000,00 01 00 01 00 01 00 01 00 01 00 01 00 01 00 01,0.0006,False,0.09205729166666667,0.0,0.0,0.0,0.0,1.0,0.0
I,16,4007,3000,00 21 00 21 00 21 00 21 00 21 00 21 00 01 00 21,0.0003,False,0.08671875,0.0,0.0,0.0,0.0,1.0,0.0
I,16,4007,5000,all-zero,0.00025,,,,,,,,
I,16,4007,7500,00 01 00 01 00 01 00 01 00 01 00 01 00 01 00 01,0.0004,False,0.09205729166666667,0.0,0.0,0.0,0.0,1.0,0.0
I,16,4007,10000,00 21 00 21 00 21 00 21 00 21 00 21 00 01 00 21,0.00045,False,0.08671875,0.0,0.0,0.0,0.0,1.0,0.0
I,16,4007,15000,00 01 00 01 00 01 00 01 00 01 00 01 00 01 00 01,0.00045,False,0.09205729166666667,0.0,0.0,0.0,0.0,1.0,0.0
I,16,4007,20000,00 01 00 01 00 01 00 01 00 01 00 01 00 01 00 01,0.00055,False,0.09205729166666667,0.0,0.0,0.0,0.0,1.0,0.0
I,16,4007,30000,b8 2e c8 c2 73 76 4e ed b8 2e c8 c2 73 76 4e ed,0.0049,True,1.0,0.6240196078431373,3.0,30.588714635582264,0.0,9.0,0.0
I,16,4007,50000,b8 2e c8 c3 27 8a 11 ed b8 2e c8 c3 27 8a 11 ed,0.00325,True,1.0,0.6142156862745098,2.0,26.643856189774723,0.0,8.0,1.0
I,16,4007,75000,28 3a 6e ed b8 e7 3e bb 28 3a 6e ed b8 e7 3e bb,0.00295,True,1.0,0.6919117647058823,4.0,35.16992500144231,0.0,5.0,3.0
I,16,4007,100000,28 1e 6e ed b8 6d 7c dd 28 1e 6e ed b8 6d 7c dd,0.0041,True,1.0,0.6965686274509804,4.0,37.247927513443585,0.0,5.0,3.0
I,16,4007,150000,28 38 6e ed b8 78 a1 d2 28 38 6e ed b8 78 a1 d2,0.00295,True,1.0,0.6975490196078431,4.0,38.339850002884624,0.0,5.0,3.0
I,16,4007,200000,28 00 6e ed b8 c0 18 5e 28 00 6e ed b8 c0 18 5e,0.00345,True,1.0,0.6982843137254902,4.0,36.75488750216347,0.0,5.0,3.0
I,16,4007,300000,04 5e ed b0 04 5e ed b0 04 5e ed b0 04 5e ed b0,0.00855,True,1.0,0.7639705882352941,0.0,7.20945336562895,0.0,4.0,0.0
I,16,4007,300000,04 5e ed b0 04 5e ed b0 04 5e ed b0 04 5e ed b0,0.00855,True,1.0,0.7639705882352941,0.0,7.20945336562895,0.0,4.0,0.0
I,16,4008,500,00 01 00 01 00 01 00 01 00 01 00 01 00 01 00 01,0.00035,False,0.07864583333333333,0.0,0.0,0.0,0.0,1.0,0.0
I,16,4008,1000,00 01 00 01 00 01 00 01 00 01 00 01 00 01 00 01,0.00045,False,0.07864583333333333,0.0,0.0,0.0,0.0,1.0,0.0
I,16,4008,2000,00 01 00 01 00 01 00 01 00 01 00 01 00 01 00 01,0.0006,False,0.07864583333333333,0.0,0.0,0.0,0.0,1.0,0.0
I,16,4008,3000,00 21 00 21 00 21 00 21 00 21 00 21 00 01 00 21,0.00045,False,0.07278645833333333,0.0,0.0,0.0,0.0,1.0,0.0
I,16,4008,5000,79 11 f0 45 05 c3 e7 bd 1f 91 ed b0 80 07 f0 c9,0.0023,True,1.0,0.5463235294117647,10.0,91.92829645888358,0.0,12.0,4.0
I,16,4008,7500,c1 11 f0 6a 3d c3 4a 84 ec 49 ed b0 4f 0b 00 89,0.0016,True,1.0,0.5897058823529412,10.0,90.14070996716276,0.0,10.0,6.0
I,16,4008,10000,fb 9c 11 f0 60 f9 a9 a6 b3 ea 6b ed b0 86 e8 58,0.00195,True,1.0,0.4877450980392157,9.0,87.16417598727074,0.0,13.0,3.0
I,16,4008,15000,8d 11 f0 b1 51 c3 ca fa 63 87 ed b0 d3 df 8e 88,0.00175,True,1.0,0.6174019607843138,10.0,95.36567633216303,0.0,10.0,6.0
I,16,4008,20000,62 11 50 8f d3 cd 57 08 f5 14 ed b0 54 00 00 5d,0.0022,True,1.0,0.611764705882353,11.0,96.49993368659517,0.0,12.0,4.0
I,16,4008,30000,24 5e ed b0 24 5e ed b0 24 5e ed b0 24 5e ed b0,0.0094,True,1.0,0.7629901960784313,0.0,7.087462841250339,0.0,4.0,0.0
I,16,4008,50000,04 5e ed b0 04 5e ed b0 04 5e ed b0 04 5e ed b0,0.0097,True,1.0,0.7639705882352941,0.0,7.20945336562895,0.0,4.0,0.0
I,16,4008,75000,a4 5e ed b0 a4 5e ed b0 a4 5e ed b0 a4 5e ed b0,0.0106,True,1.0,0.7627450980392156,0.0,7.044394119358453,0.0,4.0,0.0
I,16,4008,100000,04 5e ed b0 04 5e ed b0 04 5e ed b0 04 5e ed b0,0.0055,True,1.0,0.7639705882352941,0.0,7.20945336562895,0.0,4.0,0.0
I,16,4008,150000,04 5e ed b0 04 5e ed b0 04 5e ed b0 04 5e ed b0,0.02295,True,1.0,0.7639705882352941,0.0,7.20945336562895,0.0,4.0,0.0
I,16,4008,200000,04 5e ed b0 04 5e ed b0 04 5e ed b0 04 5e ed b0,0.0129,True,1.0,0.7639705882352941,0.0,7.20945336562895,0.0,4.0,0.0
I,16,4008,300000,64 5e ed b0 64 5e ed b0 64 5e ed b0 64 5e ed b0,0.01495,True,1.0,0.763235294117647,0.0,7.6293566200796095,0.0,4.0,0.0
I,16,4008,300000,64 5e ed b0 64 5e ed b0 64 5e ed b0 64 5e ed b0,0.01495,True,1.0,0.763235294117647,0.0,7.6293566200796095,0.0,4.0,0.0
I,16,4009,500,all-zero,0.00055,,,,,,,,
I,16,4009,1000,00 01 00 01 00 01 00 01 00 01 00 01 00 01 00 01,0.00055,False,0.07825520833333333,0.0,0.0,0.0,0.0,1.0,0.0
I,16,4009,2000,00 01 00 01 00 01 00 01 00 01 00 01 00 01 00 01,0.00045,False,0.07825520833333333,0.0,0.0,0.0,0.0,1.0,0.0
I,16,4009,3000,all-zero,0.0003,,,,,,,,
I,16,4009,5000,1d 2e 4f bf 32 06 00 ed b8 bb 51 3e 00 04 00 19,0.0032,True,1.0,0.6428921568627451,10.0,85.44556454869118,0.0,9.0,7.0
I,16,4009,7500,1d 2e 6f fa 67 ab db ed b8 fa 52 31 45 66 ea 57,0.0022,True,1.0,0.5681372549019608,9.0,81.32192809488737,0.0,8.0,8.0
I,16,4009,10000,1d 21 4f 66 f3 06 2c ed b8 f4 41 3c 00 01 00 90,0.00185,True,1.0,0.6696078431372549,11.0,95.3666423791438,0.0,9.0,7.0
I,16,4009,15000,1d 1d 1d 1d 1d 1d 1d 1d 1d 1d 1d 1d 1d 1d 1d 1d,0.0025,False,0.0,0.0,0.0,0.0,1.0,16.0,0.0
I,16,4009,20000,b8 21 28 2d da 81 2c ed b8 21 28 2d da 81 2c ed,0.0028,True,1.0,0.6843137254901961,3.0,32.977279923499914,0.0,9.0,0.0
I,16,4009,30000,2e a7 1d e2 86 1b ed b8 2e a7 1d e2 86 1b ed b8,0.0036,True,1.0,0.5965686274509804,1.0,26.62662165235837,0.0,8.0,0.0
I,16,4009,50000,1d 2e 6f c3 a7 8a 86 ed b8 06 c4 3e 48 33 ab a5,0.002,True,1.0,0.6301470588235294,10.0,91.17279860483961,0.0,8.0,8.0
I,16,4009,75000,1d 1d 1d 1d 1d 1d 1d 1d 1d 1d 1d 1d 1d 1d 1d 1d,0.0022,False,0.0,0.0,0.0,0.0,1.0,16.0,0.0
I,16,4009,100000,1d 1d 1d 1d 1d 1d 1d 1d 1d 1d 1d 1d 1d 1d 1d 1d,0.00245,False,0.0,0.0,0.0,0.0,1.0,16.0,0.0
I,16,4009,150000,1d 1d 1d 1d 1d 1d 1d 1d 1d 1d 1d 1d 1d 1d 1d 1d,0.00185,False,0.0,0.0,0.0,0.0,1.0,16.0,0.0
I,16,4009,200000,1d 2e e7 ed b8 85 5e dd 1d 2e e7 ed b8 85 5e dd,0.0023,True,1.0,0.7073529411764706,3.0,30.0,0.0,5.0,3.0
I,16,4009,300000,1d 2e 0f c3 eb 1d 74 5b 70 a0 28 ed b8 7f 8d 1c,0.0021,True,1.0,0.5683823529411764,9.0,82.32192809488737,0.0,8.0,8.0
I,16,4009,300000,1d 2e 0f c3 eb 1d 74 5b 70 a0 28 ed b8 7f 8d 1c,0.0021,True,1.0,0.5683823529411764,9.0,82.32192809488737,0.0,8.0,8.0
I,16,4010,500,00 21 00 21 00 21 00 21 00 21 00 21 00 01 00 21,0.0003,False,0.11575520833333333,0.0,0.0,0.0,0.0,1.0,0.0
I,16,4010,1000,00 21 00 21 00 21 00 21 00 21 00 21 00 21 00 21,0.00065,False,0.1171875,0.0,0.0,0.0,0.0,1.0,0.0
I,16,4010,2000,00 01 00 01 00 01 00 01 00 01 00 01 00 01 00 01,0.00065,False,0.11575520833333333,0.0,0.0,0.0,0.0,1.0,0.0
I,16,4010,3000,00 01 00 01 00 01 00 01 00 01 00 01 00 01 00 01,0.00065,False,0.11575520833333333,0.0,0.0,0.0,0.0,1.0,0.0
I,16,4010,5000,00 01 00 01 00 01 00 01 00 01 00 01 00 01 00 01,0.0007,False,0.11575520833333333,0.0,0.0,0.0,0.0,1.0,0.0
I,16,4010,7500,00 01 00 01 00 01 00 01 00 01 00 01 00 01 00 01,0.0004,False,0.11575520833333333,0.0,0.0,0.0,0.0,1.0,0.0
I,16,4010,10000,00 21 00 21 00 21 00 21 00 21 00 21 00 01 00 21,0.00035,False,0.11575520833333333,0.0,0.0,0.0,0.0,1.0,0.0
I,16,4010,15000,all-zero,0.00045,,,,,,,,
I,16,4010,20000,00 01 00 01 00 01 00 01 00 01 00 01 00 01 00 01,0.0007,False,0.11575520833333333,0.0,0.0,0.0,0.0,1.0,0.0
I,16,4010,30000,00 01 00 01 00 01 00 01 00 01 00 01 00 01 00 01,0.00035,False,0.11575520833333333,0.0,0.0,0.0,0.0,1.0,0.0
I,16,4010,50000,a4 5e ed b0 a4 5e ed b0 a4 5e ed b0 a4 5e ed b0,0.00825,True,1.0,0.7625,0.0,6.044394119358453,0.0,4.0,0.0
I,16,4010,75000,64 5e ed b0 64 5e ed b0 64 5e ed b0 64 5e ed b0,0.0093,True,1.0,0.7627450980392156,0.0,6.6293566200796095,0.0,4.0,0.0
I,16,4010,100000,04 5e ed b0 04 5e ed b0 04 5e ed b0 04 5e ed b0,0.01335,True,1.0,0.7625,0.0,6.044394119358453,0.0,4.0,0.0
I,16,4010,150000,04 5e ed b0 04 5e ed b0 04 5e ed b0 04 5e ed b0,0.0106,True,1.0,0.7625,0.0,6.044394119358453,0.0,4.0,0.0
I,16,4010,200000,64 5e ed b0 64 5e ed b0 64 5e ed b0 64 5e ed b0,0.0105,True,1.0,0.7627450980392156,0.0,6.6293566200796095,0.0,4.0,0.0
I,16,4010,300000,84 5e ed b0 84 5e ed b0 84 5e ed b0 84 5e ed b0,0.0101,True,1.0,0.763235294117647,0.0,7.366322214245816,0.0,4.0,0.0
I,16,4010,300000,84 5e ed b0 84 5e ed b0 84 5e ed b0 84 5e ed b0,0.0101,True,1.0,0.763235294117647,0.0,7.366322214245816,0.0,4.0,0.0
