file,label,tape_len,steps,k,seed,zero_halts,step,n,frac_heritable,frac_faithful,gen2_mean,zero_frac,q_share
i8080@closure1M_L32_st128_k4_s7001.summary.json,i8080@closure1M,32,128,4,7001,False,50,16,0.0,0.0,0.07852615282895346,0.3257265625,0.1284
i8080@closure1M_L32_st128_k4_s7001.summary.json,i8080@closure1M,32,128,4,7001,False,100,16,0.0,0.0,0.07444334670177512,0.3578484375,0.18385
i8080@closure1M_L32_st128_k4_s7001.summary.json,i8080@closure1M,32,128,4,7001,False,150,16,0.0,0.0,0.05816479754704301,0.3747078125,0.2126
i8080@closure1M_L32_st128_k4_s7001.summary.json,i8080@closure1M,32,128,4,7001,False,200,16,0.0,0.0,0.05632627470916759,0.3820703125,0.22335
i8080@closure1M_L32_st128_k4_s7001.summary.json,i8080@closure1M,32,128,4,7001,False,300,16,0.0625,0.0625,0.08271681262600808,0.387540625,0.2355
i8080@closure1M_L32_st128_k4_s7001.summary.json,i8080@closure1M,32,128,4,7001,False,500,16,0.0,0.0,0.0735191427251344,0.3830703125,0.24515
i8080@closure1M_L32_st128_k4_s7001.summary.json,i8080@closure1M,32,128,4,7001,False,750,16,0.3125,0.25,0.24923095703125003,0.3475,0.1163
i8080@closure1M_L32_st128_k4_s7001.summary.json,i8080@closure1M,32,128,4,7001,False,1000,16,0.1875,0.1875,0.18663211945564517,0.2976234375,0.2244
i8080@closure1M_L32_st128_k4_s7001.summary.json,i8080@closure1M,32,128,4,7001,False,1500,16,0.5,0.3125,0.2891833935130469,0.1845609375,0.4282
i8080@closure1M_L32_st128_k4_s7001.summary.json,i8080@closure1M,32,128,4,7001,False,2000,16,0.3125,0.25,0.2749913369455645,0.1196765625,0.52415
i8080@closure1M_L32_st128_k4_s7001.summary.json,i8080@closure1M,32,128,4,7001,False,3000,16,0.625,0.5,0.36707527406754037,0.087359375,0.5754
i8080@closure1M_L32_st128_k4_s7001.summary.json,i8080@closure1M,32,128,4,7001,False,5000,16,0.5,0.375,0.3503706873015735,0.110321875,0.52675
i8080@closure1M_L32_st128_k4_s7001.summary.json,i8080@closure1M,32,128,4,7001,False,10000,16,0.3125,0.25,0.17714581233198926,0.1305984375,0.4103
i8080@closure1M_L32_st128_k4_s7001.summary.json,i8080@closure1M,32,128,4,7001,False,15000,16,0.4375,0.3125,0.2645884524109543,0.1371625,0.4118
i8080@closure1M_L32_st128_k4_s7001.summary.json,i8080@closure1M,32,128,4,7001,False,20000,16,0.1875,0.1875,0.1784491856185692,0.1331796875,0.4445
i8080@closure1M_L32_st128_k4_s7001.summary.json,i8080@closure1M,32,128,4,7001,False,30000,16,0.25,0.25,0.2199082377047993,0.140390625,0.40555
i8080@closure1M_L32_st128_k4_s7001.summary.json,i8080@closure1M,32,128,4,7001,False,50000,16,0.5,0.3125,0.28484332997311823,0.13984375,0.41435
i8080@closure1M_L32_st128_k4_s7001.summary.json,i8080@closure1M,32,128,4,7001,False,75000,16,0.5625,0.375,0.30237748340893816,0.14515,0.40875
i8080@closure1M_L32_st128_k4_s7001.summary.json,i8080@closure1M,32,128,4,7001,False,100000,16,0.25,0.125,0.17926790310269514,0.13848125,0.40385
i8080@closure1M_L32_st128_k4_s7001.summary.json,i8080@closure1M,32,128,4,7001,False,150000,16,0.5625,0.5,0.4064070846223814,0.135709375,0.41065
i8080@closure1M_L32_st128_k4_s7001.summary.json,i8080@closure1M,32,128,4,7001,False,200000,16,0.3125,0.1875,0.20768189789146504,0.133334375,0.4245
i8080@closure1M_L32_st128_k4_s7001.summary.json,i8080@closure1M,32,128,4,7001,False,300000,16,0.375,0.25,0.2412463908466004,0.13494375,0.4146
i8080@closure1M_L32_st128_k4_s7001.summary.json,i8080@closure1M,32,128,4,7001,False,500000,16,0.3125,0.1875,0.21244243187598488,0.135728125,0.42165
i8080@closure1M_L32_st128_k4_s7001.summary.json,i8080@closure1M,32,128,4,7001,False,750000,16,0.375,0.1875,0.23430162655409945,0.1359078125,0.41885
i8080@closure1M_L32_st128_k4_s7001.summary.json,i8080@closure1M,32,128,4,7001,False,1000000,16,0.375,0.25,0.2420730426747312,0.138965625,0.40955
i8080@closure1M_L32_st128_k4_s7002.summary.json,i8080@closure1M,32,128,4,7002,False,50,16,0.0,0.0,0.04696703929568734,0.3245671875,0.12295
i8080@closure1M_L32_st128_k4_s7002.summary.json,i8080@closure1M,32,128,4,7002,False,100,16,0.0,0.0,0.08846660044001436,0.3587578125,0.17935
i8080@closure1M_L32_st128_k4_s7002.summary.json,i8080@closure1M,32,128,4,7002,False,150,16,0.0,0.0,0.06470607351629125,0.3713078125,0.1992
i8080@closure1M_L32_st128_k4_s7002.summary.json,i8080@closure1M,32,128,4,7002,False,200,16,0.0625,0.0,0.1075650598103796,0.3811921875,0.2102
i8080@closure1M_L32_st128_k4_s7002.summary.json,i8080@closure1M,32,128,4,7002,False,300,16,0.0,0.0,0.07255213945761493,0.3909421875,0.23255
i8080@closure1M_L32_st128_k4_s7002.summary.json,i8080@closure1M,32,128,4,7002,False,500,16,0.0,0.0,0.07718991515456988,0.396759375,0.25425
i8080@closure1M_L32_st128_k4_s7002.summary.json,i8080@closure1M,32,128,4,7002,False,750,16,0.0,0.0,0.07672264882711113,0.397646875,0.2521
i8080@closure1M_L32_st128_k4_s7002.summary.json,i8080@closure1M,32,128,4,7002,False,1000,16,0.0,0.0,0.07605827311741055,0.3868109375,0.25165
i8080@closure1M_L32_st128_k4_s7002.summary.json,i8080@closure1M,32,128,4,7002,False,1500,16,0.25,0.25,0.20639925437986653,0.3145234375,0.1699
i8080@closure1M_L32_st128_k4_s7002.summary.json,i8080@closure1M,32,128,4,7002,False,2000,16,0.25,0.25,0.18563526815716205,0.2281421875,0.3424
i8080@closure1M_L32_st128_k4_s7002.summary.json,i8080@closure1M,32,128,4,7002,False,3000,16,0.5625,0.4375,0.34329715851814513,0.095109375,0.5727
i8080@closure1M_L32_st128_k4_s7002.summary.json,i8080@closure1M,32,128,4,7002,False,5000,16,0.625,0.625,0.437978712965216,0.0948875,0.5775
i8080@closure1M_L32_st128_k4_s7002.summary.json,i8080@closure1M,32,128,4,7002,False,10000,16,0.375,0.3125,0.26571464948756723,0.12374375,0.43715
i8080@closure1M_L32_st128_k4_s7002.summary.json,i8080@closure1M,32,128,4,7002,False,15000,16,0.25,0.1875,0.20009988764280914,0.131603125,0.45365
i8080@closure1M_L32_st128_k4_s7002.summary.json,i8080@closure1M,32,128,4,7002,False,20000,16,0.4375,0.3125,0.26635269657258065,0.1306125,0.4181
i8080@closure1M_L32_st128_k4_s7002.summary.json,i8080@closure1M,32,128,4,7002,False,30000,16,0.375,0.3125,0.2632950185536012,0.1326875,0.4173
i8080@closure1M_L32_st128_k4_s7002.summary.json,i8080@closure1M,32,128,4,7002,False,50000,16,0.1875,0.0625,0.15024597824260755,0.1409328125,0.39865
i8080@closure1M_L32_st128_k4_s7002.summary.json,i8080@closure1M,32,128,4,7002,False,75000,16,0.1875,0.1875,0.15247264574932795,0.1375265625,0.4223
i8080@closure1M_L32_st128_k4_s7002.summary.json,i8080@closure1M,32,128,4,7002,False,100000,16,0.25,0.1875,0.1891016150033602,0.136359375,0.41815
i8080@closure1M_L32_st128_k4_s7002.summary.json,i8080@closure1M,32,128,4,7002,False,150000,16,0.5,0.375,0.33251375588037635,0.1336046875,0.41165
i8080@closure1M_L32_st128_k4_s7002.summary.json,i8080@closure1M,32,128,4,7002,False,200000,16,0.375,0.375,0.3076142998151882,0.1368046875,0.42205
i8080@closure1M_L32_st128_k4_s7002.summary.json,i8080@closure1M,32,128,4,7002,False,300000,16,0.5625,0.5,0.3774638242795815,0.0809234375,0.60565
i8080@closure1M_L32_st128_k4_s7002.summary.json,i8080@closure1M,32,128,4,7002,False,500000,16,0.375,0.3125,0.2918577788978495,0.0883296875,0.5741
i8080@closure1M_L32_st128_k4_s7002.summary.json,i8080@closure1M,32,128,4,7002,False,750000,16,0.8125,0.75,0.48153588079637094,0.0823640625,0.59195
i8080@closure1M_L32_st128_k4_s7002.summary.json,i8080@closure1M,32,128,4,7002,False,1000000,16,0.625,0.5,0.4028009230090726,0.0845578125,0.5853
i8080@closure1M_L32_st128_k4_s7003.summary.json,i8080@closure1M,32,128,4,7003,False,50,16,0.0,0.0,0.052348330465563586,0.3228390625,0.13505
i8080@closure1M_L32_st128_k4_s7003.summary.json,i8080@closure1M,32,128,4,7003,False,100,16,0.0,0.0,0.0786716007152044,0.3584625,0.1907
i8080@closure1M_L32_st128_k4_s7003.summary.json,i8080@closure1M,32,128,4,7003,False,150,16,0.0,0.0,0.08030073924731182,0.37381875,0.21585
i8080@closure1M_L32_st128_k4_s7003.summary.json,i8080@closure1M,32,128,4,7003,False,200,16,0.0,0.0,0.06555753318212365,0.380425,0.22645
i8080@closure1M_L32_st128_k4_s7003.summary.json,i8080@closure1M,32,128,4,7003,False,300,16,0.0,0.0,0.06202391672894652,0.3850625,0.23625
i8080@closure1M_L32_st128_k4_s7003.summary.json,i8080@closure1M,32,128,4,7003,False,500,16,0.125,0.125,0.14789218923804226,0.3580546875,0.08655
i8080@closure1M_L32_st128_k4_s7003.summary.json,i8080@closure1M,32,128,4,7003,False,750,16,0.25,0.125,0.16785618460615964,0.3030234375,0.2114
i8080@closure1M_L32_st128_k4_s7003.summary.json,i8080@closure1M,32,128,4,7003,False,1000,16,0.3125,0.25,0.24577744893776649,0.2180546875,0.37425
i8080@closure1M_L32_st128_k4_s7003.summary.json,i8080@closure1M,32,128,4,7003,False,1500,16,0.75,0.75,0.4703462334089382,0.096665625,0.60295
i8080@closure1M_L32_st128_k4_s7003.summary.json,i8080@closure1M,32,128,4,7003,False,2000,16,0.5625,0.5625,0.38922114161858085,0.0823671875,0.59655
i8080@closure1M_L32_st128_k4_s7003.summary.json,i8080@closure1M,32,128,4,7003,False,3000,16,0.375,0.3125,0.26698276857822345,0.0945828125,0.5899
i8080@closure1M_L32_st128_k4_s7003.summary.json,i8080@closure1M,32,128,4,7003,False,5000,16,0.75,0.6875,0.49209653792842745,0.092796875,0.58425
i8080@closure1M_L32_st128_k4_s7003.summary.json,i8080@closure1M,32,128,4,7003,False,10000,16,0.25,0.25,0.22000583964097842,0.1296953125,0.4444
i8080@closure1M_L32_st128_k4_s7003.summary.json,i8080@closure1M,32,128,4,7003,False,15000,16,0.4375,0.4375,0.3164517061419517,0.129190625,0.44235
i8080@closure1M_L32_st128_k4_s7003.summary.json,i8080@closure1M,32,128,4,7003,False,20000,16,0.375,0.3125,0.2640559370799731,0.135646875,0.4344
i8080@closure1M_L32_st128_k4_s7003.summary.json,i8080@closure1M,32,128,4,7003,False,30000,16,0.3125,0.1875,0.23576557865220615,0.1380515625,0.4172
i8080@closure1M_L32_st128_k4_s7003.summary.json,i8080@closure1M,32,128,4,7003,False,50000,16,0.125,0.0625,0.1650279055359543,0.1419625,0.4106
i8080@closure1M_L32_st128_k4_s7003.summary.json,i8080@closure1M,32,128,4,7003,False,75000,16,0.375,0.375,0.23512592930947582,0.122775,0.3226
i8080@closure1M_L32_st128_k4_s7003.summary.json,i8080@closure1M,32,128,4,7003,False,100000,16,0.5,0.5,0.3070191244394814,0.0878265625,0.5597
i8080@closure1M_L32_st128_k4_s7003.summary.json,i8080@closure1M,32,128,4,7003,False,150000,16,0.625,0.625,0.4294096259660618,0.0819546875,0.56265
i8080@closure1M_L32_st128_k4_s7003.summary.json,i8080@closure1M,32,128,4,7003,False,200000,16,0.625,0.4375,0.3559557458229051,0.088828125,0.57945
i8080@closure1M_L32_st128_k4_s7003.summary.json,i8080@closure1M,32,128,4,7003,False,300000,16,0.5,0.4375,0.3673917380712366,0.085628125,0.5906
i8080@closure1M_L32_st128_k4_s7003.summary.json,i8080@closure1M,32,128,4,7003,False,500000,16,0.375,0.1875,0.2714435400589776,0.084871875,0.5892
i8080@closure1M_L32_st128_k4_s7003.summary.json,i8080@closure1M,32,128,4,7003,False,750000,16,0.625,0.5625,0.44235367313508067,0.0837171875,0.58535
i8080@closure1M_L32_st128_k4_s7003.summary.json,i8080@closure1M,32,128,4,7003,False,1000000,16,0.5,0.4375,0.28879775180611555,0.085428125,0.5983
i8080@closure1M_L32_st128_k4_s7004.summary.json,i8080@closure1M,32,128,4,7004,False,50,16,0.0,0.0,0.06777475008400538,0.3245765625,0.1287
i8080@closure1M_L32_st128_k4_s7004.summary.json,i8080@closure1M,32,128,4,7004,False,100,16,0.0,0.0,0.06532877694689701,0.3572421875,0.18015
i8080@closure1M_L32_st128_k4_s7004.summary.json,i8080@closure1M,32,128,4,7004,False,150,16,0.0,0.0,0.06907853977654571,0.3719515625,0.2067
i8080@closure1M_L32_st128_k4_s7004.summary.json,i8080@closure1M,32,128,4,7004,False,200,16,0.0,0.0,0.06919533259611374,0.37951875,0.22285
i8080@closure1M_L32_st128_k4_s7004.summary.json,i8080@closure1M,32,128,4,7004,False,300,16,0.0,0.0,0.07405348662141964,0.3890625,0.2405
i8080@closure1M_L32_st128_k4_s7004.summary.json,i8080@closure1M,32,128,4,7004,False,500,16,0.0,0.0,0.09018525720128848,0.3989640625,0.2533
i8080@closure1M_L32_st128_k4_s7004.summary.json,i8080@closure1M,32,128,4,7004,False,750,16,0.0,0.0,0.09105291596420792,0.4004953125,0.2634
i8080@closure1M_L32_st128_k4_s7004.summary.json,i8080@closure1M,32,128,4,7004,False,1000,16,0.0,0.0,0.09697447576300056,0.3956265625,0.25425
i8080@closure1M_L32_st128_k4_s7004.summary.json,i8080@closure1M,32,128,4,7004,False,1500,16,0.0,0.0,0.07542228543144003,0.3980828125,0.2579
i8080@closure1M_L32_st128_k4_s7004.summary.json,i8080@closure1M,32,128,4,7004,False,2000,16,0.0,0.0,0.08365885416666667,0.405696875,0.26185
i8080@closure1M_L32_st128_k4_s7004.summary.json,i8080@closure1M,32,128,4,7004,False,3000,16,0.125,0.125,0.13730061848958333,0.371459375,0.0743
i8080@closure1M_L32_st128_k4_s7004.summary.json,i8080@closure1M,32,128,4,7004,False,5000,16,0.375,0.3125,0.2852361863659274,0.094903125,0.57865
i8080@closure1M_L32_st128_k4_s7004.summary.json,i8080@closure1M,32,128,4,7004,False,10000,16,0.375,0.3125,0.24767580750168008,0.120003125,0.464
i8080@closure1M_L32_st128_k4_s7004.summary.json,i8080@closure1M,32,128,4,7004,False,15000,16,0.25,0.25,0.2062413369455645,0.135303125,0.4347
i8080@closure1M_L32_st128_k4_s7004.summary.json,i8080@closure1M,32,128,4,7004,False,20000,16,0.25,0.125,0.17324966922883062,0.1472421875,0.4206
i8080@closure1M_L32_st128_k4_s7004.summary.json,i8080@closure1M,32,128,4,7004,False,30000,16,0.5,0.375,0.30708872760098027,0.1404578125,0.4267
i8080@closure1M_L32_st128_k4_s7004.summary.json,i8080@closure1M,32,128,4,7004,False,50000,16,0.25,0.1875,0.20756469771824015,0.1376453125,0.40805
i8080@closure1M_L32_st128_k4_s7004.summary.json,i8080@closure1M,32,128,4,7004,False,75000,16,0.125,0.0625,0.13072423316126716,0.1418359375,0.40175
i8080@closure1M_L32_st128_k4_s7004.summary.json,i8080@closure1M,32,128,4,7004,False,100000,16,0.1875,0.1875,0.16419730237735217,0.1448125,0.3943
i8080@closure1M_L32_st128_k4_s7004.summary.json,i8080@closure1M,32,128,4,7004,False,150000,16,0.375,0.1875,0.22506062780259317,0.1361875,0.4219
i8080@closure1M_L32_st128_k4_s7004.summary.json,i8080@closure1M,32,128,4,7004,False,200000,16,0.375,0.3125,0.2953038369455645,0.1393359375,0.4314
i8080@closure1M_L32_st128_k4_s7004.summary.json,i8080@closure1M,32,128,4,7004,False,300000,16,0.375,0.1875,0.2330981182795699,0.1414609375,0.4027
i8080@closure1M_L32_st128_k4_s7004.summary.json,i8080@closure1M,32,128,4,7004,False,500000,16,0.3125,0.3125,0.27568992131013625,0.1312484375,0.4328
i8080@closure1M_L32_st128_k4_s7004.summary.json,i8080@closure1M,32,128,4,7004,False,750000,16,0.5625,0.5,0.39344737244218114,0.0946046875,0.5832
i8080@closure1M_L32_st128_k4_s7004.summary.json,i8080@closure1M,32,128,4,7004,False,1000000,16,0.5,0.375,0.32227045440390945,0.0856875,0.57335
i8080@closure1M_L32_st128_k4_s7005.summary.json,i8080@closure1M,32,128,4,7005,False,50,16,0.0,0.0,0.05373917616072256,0.320859375,0.1257
i8080@closure1M_L32_st128_k4_s7005.summary.json,i8080@closure1M,32,128,4,7005,False,100,16,0.0,0.0,0.057467027889784944,0.35566875,0.18215
i8080@closure1M_L32_st128_k4_s7005.summary.json,i8080@closure1M,32,128,4,7005,False,150,16,0.0,0.0,0.08190513783399378,0.3718859375,0.20655
i8080@closure1M_L32_st128_k4_s7005.summary.json,i8080@closure1M,32,128,4,7005,False,200,16,0.0,0.0,0.06252257644489248,0.3788515625,0.22265
i8080@closure1M_L32_st128_k4_s7005.summary.json,i8080@closure1M,32,128,4,7005,False,300,16,0.0,0.0,0.0460868359799165,0.387934375,0.23465
i8080@closure1M_L32_st128_k4_s7005.summary.json,i8080@closure1M,32,128,4,7005,False,500,16,0.0,0.0,0.06167137929586114,0.381359375,0.2354
i8080@closure1M_L32_st128_k4_s7005.summary.json,i8080@closure1M,32,128,4,7005,False,750,16,0.0,0.0,0.06646493608349555,0.355003125,0.0993
i8080@closure1M_L32_st128_k4_s7005.summary.json,i8080@closure1M,32,128,4,7005,False,1000,16,0.125,0.0625,0.12616294942876344,0.3173984375,0.1734
i8080@closure1M_L32_st128_k4_s7005.summary.json,i8080@closure1M,32,128,4,7005,False,1500,16,0.25,0.25,0.21878371077817949,0.227065625,0.3346
i8080@closure1M_L32_st128_k4_s7005.summary.json,i8080@closure1M,32,128,4,7005,False,2000,16,0.5,0.4375,0.3206766108030914,0.1175,0.45195
i8080@closure1M_L32_st128_k4_s7005.summary.json,i8080@closure1M,32,128,4,7005,False,3000,16,0.5625,0.25,0.2826535460769489,0.099465625,0.476
i8080@closure1M_L32_st128_k4_s7005.summary.json,i8080@closure1M,32,128,4,7005,False,5000,16,0.625,0.5625,0.37252474783386136,0.093146875,0.51285
i8080@closure1M_L32_st128_k4_s7005.summary.json,i8080@closure1M,32,128,4,7005,False,10000,16,0.6875,0.5,0.4176867028541551,0.0835703125,0.56365
i8080@closure1M_L32_st128_k4_s7005.summary.json,i8080@closure1M,32,128,4,7005,False,15000,16,0.5625,0.5,0.3925496419270833,0.088296875,0.57445
i8080@closure1M_L32_st128_k4_s7005.summary.json,i8080@closure1M,32,128,4,7005,False,20000,16,0.75,0.6875,0.43039524529569895,0.084840625,0.59845
i8080@closure1M_L32_st128_k4_s7005.summary.json,i8080@closure1M,32,128,4,7005,False,30000,16,0.5,0.4375,0.35304046959005375,0.08169375,0.58425
i8080@closure1M_L32_st128_k4_s7005.summary.json,i8080@closure1M,32,128,4,7005,False,50000,16,0.25,0.25,0.18515727743644556,0.086925,0.5607
i8080@closure1M_L32_st128_k4_s7005.summary.json,i8080@closure1M,32,128,4,7005,False,75000,16,0.375,0.375,0.2878948252688172,0.0833,0.5769
i8080@closure1M_L32_st128_k4_s7005.summary.json,i8080@closure1M,32,128,4,7005,False,100000,16,0.5625,0.375,0.321663805233535,0.082696875,0.57085
i8080@closure1M_L32_st128_k4_s7005.summary.json,i8080@closure1M,32,128,4,7005,False,150000,16,0.25,0.25,0.21416737546202957,0.0869453125,0.57315
i8080@closure1M_L32_st128_k4_s7005.summary.json,i8080@closure1M,32,128,4,7005,False,200000,16,0.75,0.5625,0.4212844684559811,0.0856984375,0.5868
i8080@closure1M_L32_st128_k4_s7005.summary.json,i8080@closure1M,32,128,4,7005,False,300000,16,0.625,0.5625,0.438145266297043,0.0868734375,0.5685
i8080@closure1M_L32_st128_k4_s7005.summary.json,i8080@closure1M,32,128,4,7005,False,500000,16,0.4375,0.375,0.3719365601898521,0.086221875,0.561
i8080@closure1M_L32_st128_k4_s7005.summary.json,i8080@closure1M,32,128,4,7005,False,750000,16,0.25,0.25,0.23865008610551078,0.0827453125,0.59115
i8080@closure1M_L32_st128_k4_s7005.summary.json,i8080@closure1M,32,128,4,7005,False,1000000,16,0.6875,0.5625,0.45491903981854837,0.0825265625,0.5947
i8080@closure1M_L32_st128_k4_s7006.summary.json,i8080@closure1M,32,128,4,7006,False,50,16,0.0,0.0,0.05425027826780914,0.323121875,0.12365
i8080@closure1M_L32_st128_k4_s7006.summary.json,i8080@closure1M,32,128,4,7006,False,100,16,0.0,0.0,0.08099023962533602,0.358671875,0.1779
i8080@closure1M_L32_st128_k4_s7006.summary.json,i8080@closure1M,32,128,4,7006,False,150,16,0.0,0.0,0.06211340327505098,0.3746875,0.2073
i8080@closure1M_L32_st128_k4_s7006.summary.json,i8080@closure1M,32,128,4,7006,False,200,16,0.0,0.0,0.085131378796174,0.3814765625,0.22395
i8080@closure1M_L32_st128_k4_s7006.summary.json,i8080@closure1M,32,128,4,7006,False,300,16,0.0,0.0,0.052972047754159715,0.38848125,0.24085
i8080@closure1M_L32_st128_k4_s7006.summary.json,i8080@closure1M,32,128,4,7006,False,500,16,0.0625,0.0625,0.12829983618951613,0.39034375,0.2503
i8080@closure1M_L32_st128_k4_s7006.summary.json,i8080@closure1M,32,128,4,7006,False,750,16,0.0,0.0,0.0702821249956549,0.3760109375,0.2292
i8080@closure1M_L32_st128_k4_s7006.summary.json,i8080@closure1M,32,128,4,7006,False,1000,16,0.3125,0.3125,0.24385408791162635,0.3020921875,0.1219
i8080@closure1M_L32_st128_k4_s7006.summary.json,i8080@closure1M,32,128,4,7006,False,1500,16,0.375,0.375,0.28423218633406333,0.13678125,0.29115
i8080@closure1M_L32_st128_k4_s7006.summary.json,i8080@closure1M,32,128,4,7006,False,2000,16,0.375,0.3125,0.2864456329515434,0.120690625,0.2711
i8080@closure1M_L32_st128_k4_s7006.summary.json,i8080@closure1M,32,128,4,7006,False,3000,16,0.5,0.5,0.3144837625211462,0.1301453125,0.3043
i8080@closure1M_L32_st128_k4_s7006.summary.json,i8080@closure1M,32,128,4,7006,False,5000,16,0.3125,0.25,0.21979610682152623,0.135346875,0.34745
i8080@closure1M_L32_st128_k4_s7006.summary.json,i8080@closure1M,32,128,4,7006,False,10000,16,0.3125,0.3125,0.24918331023185483,0.1086890625,0.48335
i8080@closure1M_L32_st128_k4_s7006.summary.json,i8080@closure1M,32,128,4,7006,False,15000,16,0.375,0.375,0.2810851666058352,0.097503125,0.53575
i8080@closure1M_L32_st128_k4_s7006.summary.json,i8080@closure1M,32,128,4,7006,False,20000,16,0.625,0.3125,0.3564835086945565,0.084925,0.5687
i8080@closure1M_L32_st128_k4_s7006.summary.json,i8080@closure1M,32,128,4,7006,False,30000,16,0.625,0.5,0.40166278141801076,0.087025,0.58435
i8080@closure1M_L32_st128_k4_s7006.summary.json,i8080@closure1M,32,128,4,7006,False,50000,16,0.75,0.625,0.49189741893481187,0.085896875,0.5964
i8080@closure1M_L32_st128_k4_s7006.summary.json,i8080@closure1M,32,128,4,7006,False,75000,16,0.5,0.4375,0.3089436848958333,0.0802515625,0.5824
i8080@closure1M_L32_st128_k4_s7006.summary.json,i8080@closure1M,32,128,4,7006,False,100000,16,0.75,0.5,0.4226596491399588,0.0866703125,0.5889
i8080@closure1M_L32_st128_k4_s7006.summary.json,i8080@closure1M,32,128,4,7006,False,150000,16,0.5625,0.5625,0.4075898857526882,0.089171875,0.56335
i8080@closure1M_L32_st128_k4_s7006.summary.json,i8080@closure1M,32,128,4,7006,False,200000,16,0.5625,0.375,0.31252795803931455,0.0800984375,0.58105
i8080@closure1M_L32_st128_k4_s7006.summary.json,i8080@closure1M,32,128,4,7006,False,300000,16,0.5,0.4375,0.3117036417054829,0.0851859375,0.5771
i8080@closure1M_L32_st128_k4_s7006.summary.json,i8080@closure1M,32,128,4,7006,False,500000,16,0.5625,0.5,0.36143391927083335,0.1243984375,0.3139
i8080@closure1M_L32_st128_k4_s7006.summary.json,i8080@closure1M,32,128,4,7006,False,750000,16,0.625,0.5,0.4142138273573647,0.07388125,0.59855
i8080@closure1M_L32_st128_k4_s7006.summary.json,i8080@closure1M,32,128,4,7006,False,1000000,16,0.375,0.375,0.2796790225177859,0.094934375,0.56155
i8080@closure1M_L32_st128_k4_s7007.summary.json,i8080@closure1M,32,128,4,7007,False,50,16,0.0,0.0,0.06418404527889784,0.3246,0.13005
i8080@closure1M_L32_st128_k4_s7007.summary.json,i8080@closure1M,32,128,4,7007,False,100,16,0.0,0.0,0.09466822040403688,0.3574078125,0.18005
i8080@closure1M_L32_st128_k4_s7007.summary.json,i8080@closure1M,32,128,4,7007,False,150,16,0.0,0.0,0.068116782318896,0.37080625,0.19905
i8080@closure1M_L32_st128_k4_s7007.summary.json,i8080@closure1M,32,128,4,7007,False,200,16,0.0,0.0,0.11001869119623656,0.3798359375,0.21435
i8080@closure1M_L32_st128_k4_s7007.summary.json,i8080@closure1M,32,128,4,7007,False,300,16,0.0,0.0,0.06765228599630377,0.3842296875,0.2232
i8080@closure1M_L32_st128_k4_s7007.summary.json,i8080@closure1M,32,128,4,7007,False,500,16,0.125,0.0625,0.18601840043624862,0.3561,0.0586
i8080@closure1M_L32_st128_k4_s7007.summary.json,i8080@closure1M,32,128,4,7007,False,750,16,0.3125,0.25,0.20816650390624997,0.295078125,0.1353
i8080@closure1M_L32_st128_k4_s7007.summary.json,i8080@closure1M,32,128,4,7007,False,1000,16,0.1875,0.1875,0.15702473234149056,0.243759375,0.21025
i8080@closure1M_L32_st128_k4_s7007.summary.json,i8080@closure1M,32,128,4,7007,False,1500,16,0.5,0.375,0.32680047148017477,0.1675625,0.363
i8080@closure1M_L32_st128_k4_s7007.summary.json,i8080@closure1M,32,128,4,7007,False,2000,16,0.4375,0.4375,0.319906255250336,0.1104734375,0.46135
i8080@closure1M_L32_st128_k4_s7007.summary.json,i8080@closure1M,32,128,4,7007,False,3000,16,0.625,0.5,0.44390511574637326,0.104325,0.4679
i8080@closure1M_L32_st128_k4_s7007.summary.json,i8080@closure1M,32,128,4,7007,False,5000,16,0.625,0.5625,0.3912034421927141,0.09675625,0.494
i8080@closure1M_L32_st128_k4_s7007.summary.json,i8080@closure1M,32,128,4,7007,False,10000,16,0.375,0.3125,0.27903540826612905,0.102721875,0.49275
i8080@closure1M_L32_st128_k4_s7007.summary.json,i8080@closure1M,32,128,4,7007,False,15000,16,0.625,0.5625,0.41703064621135755,0.09518125,0.54975
i8080@closure1M_L32_st128_k4_s7007.summary.json,i8080@closure1M,32,128,4,7007,False,20000,16,0.625,0.5,0.3650386687247984,0.0999359375,0.55285
i8080@closure1M_L32_st128_k4_s7007.summary.json,i8080@closure1M,32,128,4,7007,False,30000,16,0.4375,0.4375,0.3045823620211694,0.0786625,0.6034
i8080@closure1M_L32_st128_k4_s7007.summary.json,i8080@closure1M,32,128,4,7007,False,50000,16,0.5,0.375,0.3153409568212366,0.08678125,0.5664
i8080@closure1M_L32_st128_k4_s7007.summary.json,i8080@closure1M,32,128,4,7007,False,75000,16,0.625,0.5,0.3726083406838038,0.082803125,0.5828
i8080@closure1M_L32_st128_k4_s7007.summary.json,i8080@closure1M,32,128,4,7007,False,100000,16,0.3125,0.1875,0.24707162508400538,0.0905875,0.5781
i8080@closure1M_L32_st128_k4_s7007.summary.json,i8080@closure1M,32,128,4,7007,False,150000,16,0.75,0.5625,0.43038251323084675,0.0785078125,0.58915
i8080@closure1M_L32_st128_k4_s7007.summary.json,i8080@closure1M,32,128,4,7007,False,200000,16,0.625,0.5625,0.36105891402049733,0.08243125,0.5817
i8080@closure1M_L32_st128_k4_s7007.summary.json,i8080@closure1M,32,128,4,7007,False,300000,16,0.375,0.25,0.2308286605342742,0.08276875,0.58455
i8080@closure1M_L32_st128_k4_s7007.summary.json,i8080@closure1M,32,128,4,7007,False,500000,16,0.6875,0.5625,0.4646615904969642,0.082984375,0.5885
i8080@closure1M_L32_st128_k4_s7007.summary.json,i8080@closure1M,32,128,4,7007,False,750000,16,0.625,0.5,0.3410658969674059,0.0877734375,0.5539
i8080@closure1M_L32_st128_k4_s7007.summary.json,i8080@closure1M,32,128,4,7007,False,1000000,16,0.5625,0.375,0.3445409631216398,0.082084375,0.5724
i8080@closure1M_L32_st128_k4_s7008.summary.json,i8080@closure1M,32,128,4,7008,False,50,16,0.0,0.0,0.04514527679771506,0.3224,0.1325
i8080@closure1M_L32_st128_k4_s7008.summary.json,i8080@closure1M,32,128,4,7008,False,100,16,0.0,0.0,0.11207603536626344,0.3570359375,0.18665
i8080@closure1M_L32_st128_k4_s7008.summary.json,i8080@closure1M,32,128,4,7008,False,150,16,0.0,0.0,0.06919134505642843,0.3743234375,0.2097
i8080@closure1M_L32_st128_k4_s7008.summary.json,i8080@closure1M,32,128,4,7008,False,200,16,0.0,0.0,0.09973933439498749,0.3807765625,0.23025
i8080@closure1M_L32_st128_k4_s7008.summary.json,i8080@closure1M,32,128,4,7008,False,300,16,0.0,0.0,0.08133728683635752,0.3852625,0.23525
i8080@closure1M_L32_st128_k4_s7008.summary.json,i8080@closure1M,32,128,4,7008,False,500,16,0.1875,0.125,0.17844290784610214,0.367615625,0.07995
i8080@closure1M_L32_st128_k4_s7008.summary.json,i8080@closure1M,32,128,4,7008,False,750,16,0.5,0.4375,0.36937322393805616,0.290121875,0.25975
i8080@closure1M_L32_st128_k4_s7008.summary.json,i8080@closure1M,32,128,4,7008,False,1000,16,0.3125,0.25,0.22181475239415324,0.193790625,0.4329
i8080@closure1M_L32_st128_k4_s7008.summary.json,i8080@closure1M,32,128,4,7008,False,1500,16,0.625,0.5625,0.41812238116860173,0.09590625,0.58405
i8080@closure1M_L32_st128_k4_s7008.summary.json,i8080@closure1M,32,128,4,7008,False,2000,16,0.375,0.25,0.250664420971218,0.0839859375,0.6023
i8080@closure1M_L32_st128_k4_s7008.summary.json,i8080@closure1M,32,128,4,7008,False,3000,16,0.3125,0.3125,0.24568671769993278,0.0954484375,0.5705
i8080@closure1M_L32_st128_k4_s7008.summary.json,i8080@closure1M,32,128,4,7008,False,5000,16,0.5,0.4375,0.3393532102002804,0.098053125,0.5598
i8080@closure1M_L32_st128_k4_s7008.summary.json,i8080@closure1M,32,128,4,7008,False,10000,16,0.3125,0.25,0.23171176705309143,0.1348421875,0.42505
i8080@closure1M_L32_st128_k4_s7008.summary.json,i8080@closure1M,32,128,4,7008,False,15000,16,0.25,0.25,0.20724717006888438,0.13335625,0.4291
i8080@closure1M_L32_st128_k4_s7008.summary.json,i8080@closure1M,32,128,4,7008,False,20000,16,0.5625,0.4375,0.37416769048219084,0.1305078125,0.43585
i8080@closure1M_L32_st128_k4_s7008.summary.json,i8080@closure1M,32,128,4,7008,False,30000,16,0.375,0.3125,0.25834094632056454,0.137275,0.42815
i8080@closure1M_L32_st128_k4_s7008.summary.json,i8080@closure1M,32,128,4,7008,False,50000,16,0.375,0.3125,0.27289710916498655,0.139078125,0.4136
i8080@closure1M_L32_st128_k4_s7008.summary.json,i8080@closure1M,32,128,4,7008,False,75000,16,0.4375,0.375,0.28695737777217745,0.1396765625,0.41625
i8080@closure1M_L32_st128_k4_s7008.summary.json,i8080@closure1M,32,128,4,7008,False,100000,16,0.3125,0.3125,0.2434650380124328,0.1407296875,0.4208
i8080@closure1M_L32_st128_k4_s7008.summary.json,i8080@closure1M,32,128,4,7008,False,150000,16,0.4375,0.4375,0.31199347383232523,0.1402703125,0.40455
i8080@closure1M_L32_st128_k4_s7008.summary.json,i8080@closure1M,32,128,4,7008,False,200000,16,0.5,0.3125,0.32123234529251254,0.129496875,0.42365
i8080@closure1M_L32_st128_k4_s7008.summary.json,i8080@closure1M,32,128,4,7008,False,300000,16,0.3125,0.25,0.22720107211861562,0.132684375,0.4281
i8080@closure1M_L32_st128_k4_s7008.summary.json,i8080@closure1M,32,128,4,7008,False,500000,16,0.4375,0.4375,0.29263692876344083,0.147134375,0.40375
i8080@closure1M_L32_st128_k4_s7008.summary.json,i8080@closure1M,32,128,4,7008,False,750000,16,0.25,0.25,0.232359133484543,0.1313015625,0.42685
i8080@closure1M_L32_st128_k4_s7008.summary.json,i8080@closure1M,32,128,4,7008,False,1000000,16,0.5,0.4375,0.34809780325940864,0.1379328125,0.4037
i8080@closure1M_L32_st128_k4_s7009.summary.json,i8080@closure1M,32,128,4,7009,False,50,16,0.0,0.0,0.04989525579637096,0.324275,0.1283
i8080@closure1M_L32_st128_k4_s7009.summary.json,i8080@closure1M,32,128,4,7009,False,100,16,0.0,0.0,0.09748094309070263,0.356378125,0.1811
i8080@closure1M_L32_st128_k4_s7009.summary.json,i8080@closure1M,32,128,4,7009,False,150,16,0.0,0.0,0.07051713184643818,0.370740625,0.2052
i8080@closure1M_L32_st128_k4_s7009.summary.json,i8080@closure1M,32,128,4,7009,False,200,16,0.0,0.0,0.07644252076960512,0.377659375,0.2167
i8080@closure1M_L32_st128_k4_s7009.summary.json,i8080@closure1M,32,128,4,7009,False,300,16,0.0,0.0,0.1063263923891129,0.3814078125,0.22445
i8080@closure1M_L32_st128_k4_s7009.summary.json,i8080@closure1M,32,128,4,7009,False,500,16,0.0625,0.0625,0.15241898822041852,0.3639921875,0.0811
i8080@closure1M_L32_st128_k4_s7009.summary.json,i8080@closure1M,32,128,4,7009,False,750,16,0.1875,0.1875,0.20634174962197582,0.2965515625,0.22085
i8080@closure1M_L32_st128_k4_s7009.summary.json,i8080@closure1M,32,128,4,7009,False,1000,16,0.5,0.375,0.33672725463912445,0.2310828125,0.3607
i8080@closure1M_L32_st128_k4_s7009.summary.json,i8080@closure1M,32,128,4,7009,False,1500,16,0.25,0.25,0.2224296844222168,0.0989609375,0.5981
i8080@closure1M_L32_st128_k4_s7009.summary.json,i8080@closure1M,32,128,4,7009,False,2000,16,0.5,0.5,0.3070897912466398,0.0821140625,0.61335
i8080@closure1M_L32_st128_k4_s7009.summary.json,i8080@closure1M,32,128,4,7009,False,3000,16,0.8125,0.6875,0.4945294123823925,0.090434375,0.5774
i8080@closure1M_L32_st128_k4_s7009.summary.json,i8080@closure1M,32,128,4,7009,False,5000,16,0.3125,0.25,0.3234818653393817,0.1075046875,0.51535
i8080@closure1M_L32_st128_k4_s7009.summary.json,i8080@closure1M,32,128,4,7009,False,10000,16,0.25,0.1875,0.20461817745990912,0.1448171875,0.4142
i8080@closure1M_L32_st128_k4_s7009.summary.json,i8080@closure1M,32,128,4,7009,False,15000,16,0.4375,0.3125,0.2903089388238088,0.12906875,0.4347
i8080@closure1M_L32_st128_k4_s7009.summary.json,i8080@closure1M,32,128,4,7009,False,20000,16,0.25,0.25,0.22858387936827956,0.1319390625,0.419
i8080@closure1M_L32_st128_k4_s7009.summary.json,i8080@closure1M,32,128,4,7009,False,30000,16,0.25,0.1875,0.1780172556043587,0.1373625,0.41515
i8080@closure1M_L32_st128_k4_s7009.summary.json,i8080@closure1M,32,128,4,7009,False,50000,16,0.375,0.375,0.30246975806451615,0.134159375,0.4169
i8080@closure1M_L32_st128_k4_s7009.summary.json,i8080@closure1M,32,128,4,7009,False,75000,16,0.375,0.3125,0.2710550287718414,0.1340828125,0.42545
i8080@closure1M_L32_st128_k4_s7009.summary.json,i8080@closure1M,32,128,4,7009,False,100000,16,0.4375,0.3125,0.3027751963625672,0.1338046875,0.4163
i8080@closure1M_L32_st128_k4_s7009.summary.json,i8080@closure1M,32,128,4,7009,False,150000,16,0.25,0.25,0.20906260500672041,0.13921875,0.4138
i8080@closure1M_L32_st128_k4_s7009.summary.json,i8080@closure1M,32,128,4,7009,False,200000,16,0.3125,0.3125,0.21735419816868282,0.1396796875,0.39855
i8080@closure1M_L32_st128_k4_s7009.summary.json,i8080@closure1M,32,128,4,7009,False,300000,16,0.375,0.375,0.2482478316112231,0.133640625,0.4252
i8080@closure1M_L32_st128_k4_s7009.summary.json,i8080@closure1M,32,128,4,7009,False,500000,16,0.375,0.3125,0.30336625294018815,0.1411765625,0.40905
i8080@closure1M_L32_st128_k4_s7009.summary.json,i8080@closure1M,32,128,4,7009,False,750000,16,0.375,0.3125,0.25333002562163975,0.14145625,0.4183
i8080@closure1M_L32_st128_k4_s7009.summary.json,i8080@closure1M,32,128,4,7009,False,1000000,16,0.25,0.1875,0.1919102822580645,0.138221875,0.3968
i8080@closure1M_L32_st128_k4_s7010.summary.json,i8080@closure1M,32,128,4,7010,False,50,16,0.0,0.0,0.10747647849462365,0.3228703125,0.1263
i8080@closure1M_L32_st128_k4_s7010.summary.json,i8080@closure1M,32,128,4,7010,False,100,16,0.0,0.0,0.09463603946514645,0.361253125,0.18745
i8080@closure1M_L32_st128_k4_s7010.summary.json,i8080@closure1M,32,128,4,7010,False,150,16,0.0,0.0,0.0861168196661138,0.376228125,0.21275
i8080@closure1M_L32_st128_k4_s7010.summary.json,i8080@closure1M,32,128,4,7010,False,200,16,0.0,0.0,0.0822080550655242,0.3827484375,0.2238
i8080@closure1M_L32_st128_k4_s7010.summary.json,i8080@closure1M,32,128,4,7010,False,300,16,0.0,0.0,0.061971010541226355,0.390984375,0.23635
i8080@closure1M_L32_st128_k4_s7010.summary.json,i8080@closure1M,32,128,4,7010,False,500,16,0.0,0.0,0.0446799295585952,0.4014671875,0.2541
i8080@closure1M_L32_st128_k4_s7010.summary.json,i8080@closure1M,32,128,4,7010,False,750,16,0.0,0.0,0.050659663985736465,0.3983734375,0.25775
i8080@closure1M_L32_st128_k4_s7010.summary.json,i8080@closure1M,32,128,4,7010,False,1000,16,0.0,0.0,0.10605160519066323,0.4017796875,0.26225
i8080@closure1M_L32_st128_k4_s7010.summary.json,i8080@closure1M,32,128,4,7010,False,1500,16,0.0,0.0,0.06839350218413978,0.379584375,0.2352
i8080@closure1M_L32_st128_k4_s7010.summary.json,i8080@closure1M,32,128,4,7010,False,2000,16,0.1875,0.1875,0.17055598433299732,0.3127546875,0.15205
i8080@closure1M_L32_st128_k4_s7010.summary.json,i8080@closure1M,32,128,4,7010,False,3000,16,0.5,0.375,0.3073395759828629,0.135025,0.2948
i8080@closure1M_L32_st128_k4_s7010.summary.json,i8080@closure1M,32,128,4,7010,False,5000,16,0.5625,0.375,0.374968497983871,0.1071046875,0.3784
i8080@closure1M_L32_st128_k4_s7010.summary.json,i8080@closure1M,32,128,4,7010,False,10000,16,0.3125,0.25,0.2424950384324597,0.1097078125,0.43725
i8080@closure1M_L32_st128_k4_s7010.summary.json,i8080@closure1M,32,128,4,7010,False,15000,16,0.625,0.5,0.3748071542526997,0.10113125,0.4777
i8080@closure1M_L32_st128_k4_s7010.summary.json,i8080@closure1M,32,128,4,7010,False,20000,16,0.375,0.375,0.2788058373235887,0.0989171875,0.50005
i8080@closure1M_L32_st128_k4_s7010.summary.json,i8080@closure1M,32,128,4,7010,False,30000,16,0.375,0.25,0.22075546089260056,0.08654375,0.5778
i8080@closure1M_L32_st128_k4_s7010.summary.json,i8080@closure1M,32,128,4,7010,False,50000,16,0.3125,0.3125,0.20826914797547047,0.0844703125,0.5756
i8080@closure1M_L32_st128_k4_s7010.summary.json,i8080@closure1M,32,128,4,7010,False,75000,16,0.5625,0.5625,0.35886072958669357,0.0828390625,0.59745
i8080@closure1M_L32_st128_k4_s7010.summary.json,i8080@closure1M,32,128,4,7010,False,100000,16,0.4375,0.375,0.2830744917674731,0.0824984375,0.5937
i8080@closure1M_L32_st128_k4_s7010.summary.json,i8080@closure1M,32,128,4,7010,False,150000,16,0.5,0.375,0.3437426495295699,0.083528125,0.5763
i8080@closure1M_L32_st128_k4_s7010.summary.json,i8080@closure1M,32,128,4,7010,False,200000,16,0.5,0.5,0.3932308458689632,0.0841125,0.57185
i8080@closure1M_L32_st128_k4_s7010.summary.json,i8080@closure1M,32,128,4,7010,False,300000,16,0.625,0.5625,0.3588184553294169,0.0864265625,0.5683
i8080@closure1M_L32_st128_k4_s7010.summary.json,i8080@closure1M,32,128,4,7010,False,500000,16,0.6875,0.5,0.4149824901293683,0.081496875,0.5979
i8080@closure1M_L32_st128_k4_s7010.summary.json,i8080@closure1M,32,128,4,7010,False,750000,16,0.4375,0.375,0.3031108240927419,0.082746875,0.5901
i8080@closure1M_L32_st128_k4_s7010.summary.json,i8080@closure1M,32,128,4,7010,False,1000000,16,0.5,0.3125,0.30571590956821243,0.1196640625,0.51655
i8080@closure1M_L32_st128_k4_s7011.summary.json,i8080@closure1M,32,128,4,7011,False,50,16,0.0,0.0,0.12009723622311828,0.3256390625,0.1357
i8080@closure1M_L32_st128_k4_s7011.summary.json,i8080@closure1M,32,128,4,7011,False,100,16,0.0,0.0,0.07125005159812986,0.3603671875,0.189
i8080@closure1M_L32_st128_k4_s7011.summary.json,i8080@closure1M,32,128,4,7011,False,150,16,0.0,0.0,0.07721012894825269,0.3750734375,0.2149
i8080@closure1M_L32_st128_k4_s7011.summary.json,i8080@closure1M,32,128,4,7011,False,200,16,0.0,0.0,0.08197359135295004,0.3845109375,0.23365
i8080@closure1M_L32_st128_k4_s7011.summary.json,i8080@closure1M,32,128,4,7011,False,300,16,0.0,0.0,0.10098268185715609,0.3907796875,0.2482
i8080@closure1M_L32_st128_k4_s7011.summary.json,i8080@closure1M,32,128,4,7011,False,500,16,0.0,0.0,0.11272401282820031,0.3971484375,0.25235
i8080@closure1M_L32_st128_k4_s7011.summary.json,i8080@closure1M,32,128,4,7011,False,750,16,0.0,0.0,0.09200972633800288,0.4038921875,0.26065
i8080@closure1M_L32_st128_k4_s7011.summary.json,i8080@closure1M,32,128,4,7011,False,1000,16,0.0,0.0,0.0896878150201613,0.40555,0.266
i8080@closure1M_L32_st128_k4_s7011.summary.json,i8080@closure1M,32,128,4,7011,False,1500,16,0.0625,0.0625,0.109766398971948,0.3831203125,0.24995
i8080@closure1M_L32_st128_k4_s7011.summary.json,i8080@closure1M,32,128,4,7011,False,2000,16,0.125,0.125,0.17393797470279476,0.3315203125,0.15805
i8080@closure1M_L32_st128_k4_s7011.summary.json,i8080@closure1M,32,128,4,7011,False,3000,16,0.375,0.375,0.31393819829469083,0.1741046875,0.45285
i8080@closure1M_L32_st128_k4_s7011.summary.json,i8080@closure1M,32,128,4,7011,False,5000,16,0.4375,0.3125,0.2532241000924059,0.0914921875,0.5809
i8080@closure1M_L32_st128_k4_s7011.summary.json,i8080@closure1M,32,128,4,7011,False,10000,16,0.5625,0.4375,0.35782864478326615,0.1262765625,0.4526
i8080@closure1M_L32_st128_k4_s7011.summary.json,i8080@closure1M,32,128,4,7011,False,15000,16,0.5,0.4375,0.3493678233337968,0.132971875,0.41955
i8080@closure1M_L32_st128_k4_s7011.summary.json,i8080@closure1M,32,128,4,7011,False,20000,16,0.25,0.125,0.23884262860064423,0.14070625,0.41155
i8080@closure1M_L32_st128_k4_s7011.summary.json,i8080@closure1M,32,128,4,7011,False,30000,16,0.3125,0.25,0.24004590151528318,0.13844375,0.425
i8080@closure1M_L32_st128_k4_s7011.summary.json,i8080@closure1M,32,128,4,7011,False,50000,16,0.3125,0.3125,0.2613661899361559,0.1415078125,0.43775
i8080@closure1M_L32_st128_k4_s7011.summary.json,i8080@closure1M,32,128,4,7011,False,75000,16,0.25,0.125,0.18661846858198927,0.13904375,0.4133
i8080@closure1M_L32_st128_k4_s7011.summary.json,i8080@closure1M,32,128,4,7011,False,100000,16,0.25,0.1875,0.21715770434307796,0.138571875,0.4133
i8080@closure1M_L32_st128_k4_s7011.summary.json,i8080@closure1M,32,128,4,7011,False,150000,16,0.3125,0.25,0.23998997185819892,0.140571875,0.40315
i8080@closure1M_L32_st128_k4_s7011.summary.json,i8080@closure1M,32,128,4,7011,False,200000,16,0.375,0.3125,0.2535534274193548,0.1428734375,0.40895
i8080@closure1M_L32_st128_k4_s7011.summary.json,i8080@closure1M,32,128,4,7011,False,300000,16,0.1875,0.0625,0.14427372101814517,0.1311078125,0.4188
i8080@closure1M_L32_st128_k4_s7011.summary.json,i8080@closure1M,32,128,4,7011,False,500000,16,0.4375,0.375,0.34606841712869624,0.1432546875,0.42405
i8080@closure1M_L32_st128_k4_s7011.summary.json,i8080@closure1M,32,128,4,7011,False,750000,16,0.4375,0.4375,0.3422022280977707,0.1269703125,0.44115
i8080@closure1M_L32_st128_k4_s7011.summary.json,i8080@closure1M,32,128,4,7011,False,1000000,16,0.5,0.3125,0.2843567415038701,0.1435046875,0.4022
i8080@closure1M_L32_st128_k4_s7012.summary.json,i8080@closure1M,32,128,4,7012,False,50,16,0.0,0.0,0.04489006973170421,0.323821875,0.13385
i8080@closure1M_L32_st128_k4_s7012.summary.json,i8080@closure1M,32,128,4,7012,False,100,16,0.0,0.0,0.07113613288491843,0.3597015625,0.1826
i8080@closure1M_L32_st128_k4_s7012.summary.json,i8080@closure1M,32,128,4,7012,False,150,16,0.0,0.0,0.08050736260051677,0.3727125,0.209
i8080@closure1M_L32_st128_k4_s7012.summary.json,i8080@closure1M,32,128,4,7012,False,200,16,0.0,0.0,0.06519224557957916,0.3833953125,0.22155
i8080@closure1M_L32_st128_k4_s7012.summary.json,i8080@closure1M,32,128,4,7012,False,300,16,0.0,0.0,0.1012297599546371,0.3916625,0.23805
i8080@closure1M_L32_st128_k4_s7012.summary.json,i8080@closure1M,32,128,4,7012,False,500,16,0.0625,0.0,0.11953702536962366,0.37833125,0.232
i8080@closure1M_L32_st128_k4_s7012.summary.json,i8080@closure1M,32,128,4,7012,False,750,16,0.1875,0.1875,0.21103515625,0.3264328125,0.16465
i8080@closure1M_L32_st128_k4_s7012.summary.json,i8080@closure1M,32,128,4,7012,False,1000,16,0.375,0.25,0.23814986034106184,0.2684734375,0.27835
i8080@closure1M_L32_st128_k4_s7012.summary.json,i8080@closure1M,32,128,4,7012,False,1500,16,0.4375,0.4375,0.3108738396757392,0.1528171875,0.4996
i8080@closure1M_L32_st128_k4_s7012.summary.json,i8080@closure1M,32,128,4,7012,False,2000,16,0.5625,0.5,0.3719520305765086,0.0984265625,0.5723
i8080@closure1M_L32_st128_k4_s7012.summary.json,i8080@closure1M,32,128,4,7012,False,3000,16,0.3125,0.25,0.19855546509286937,0.094565625,0.578
i8080@closure1M_L32_st128_k4_s7012.summary.json,i8080@closure1M,32,128,4,7012,False,5000,16,0.5625,0.4375,0.33611103718396595,0.103271875,0.5427
i8080@closure1M_L32_st128_k4_s7012.summary.json,i8080@closure1M,32,128,4,7012,False,10000,16,0.25,0.1875,0.18228877898185486,0.134828125,0.44325
i8080@closure1M_L32_st128_k4_s7012.summary.json,i8080@closure1M,32,128,4,7012,False,15000,16,0.3125,0.1875,0.20913610971102148,0.1429859375,0.40665
i8080@closure1M_L32_st128_k4_s7012.summary.json,i8080@closure1M,32,128,4,7012,False,20000,16,0.25,0.125,0.16712657347139184,0.1349046875,0.4358
i8080@closure1M_L32_st128_k4_s7012.summary.json,i8080@closure1M,32,128,4,7012,False,30000,16,0.5,0.4375,0.3414943243867608,0.141,0.42015
i8080@closure1M_L32_st128_k4_s7012.summary.json,i8080@closure1M,32,128,4,7012,False,50000,16,0.5,0.4375,0.33167199575772854,0.14674375,0.39495
i8080@closure1M_L32_st128_k4_s7012.summary.json,i8080@closure1M,32,128,4,7012,False,75000,16,0.3125,0.3125,0.30304144271267847,0.13635,0.42095
i8080@closure1M_L32_st128_k4_s7012.summary.json,i8080@closure1M,32,128,4,7012,False,100000,16,0.125,0.125,0.1477688697076613,0.1297046875,0.43475
i8080@closure1M_L32_st128_k4_s7012.summary.json,i8080@closure1M,32,128,4,7012,False,150000,16,0.3125,0.1875,0.21143310391692655,0.1345921875,0.4236
i8080@closure1M_L32_st128_k4_s7012.summary.json,i8080@closure1M,32,128,4,7012,False,200000,16,0.4375,0.25,0.2686081096690188,0.1405109375,0.42525
i8080@closure1M_L32_st128_k4_s7012.summary.json,i8080@closure1M,32,128,4,7012,False,300000,16,0.375,0.1875,0.2540209698420699,0.13619375,0.40785
i8080@closure1M_L32_st128_k4_s7012.summary.json,i8080@closure1M,32,128,4,7012,False,500000,16,0.25,0.1875,0.2316172610047043,0.1398125,0.41645
i8080@closure1M_L32_st128_k4_s7012.summary.json,i8080@closure1M,32,128,4,7012,False,750000,16,0.0625,0.0625,0.12201758412538402,0.1375390625,0.42515
i8080@closure1M_L32_st128_k4_s7012.summary.json,i8080@closure1M,32,128,4,7012,False,1000000,16,0.125,0.125,0.13242161248319892,0.1352828125,0.41255
i8080@closure1M_L32_st128_k4_s7013.summary.json,i8080@closure1M,32,128,4,7013,False,50,16,0.0,0.0,0.07348921580981183,0.323728125,0.1348
i8080@closure1M_L32_st128_k4_s7013.summary.json,i8080@closure1M,32,128,4,7013,False,100,16,0.0,0.0,0.064975547012595,0.3547734375,0.18575
i8080@closure1M_L32_st128_k4_s7013.summary.json,i8080@closure1M,32,128,4,7013,False,150,16,0.0,0.0,0.058112556703629026,0.3663953125,0.20595
i8080@closure1M_L32_st128_k4_s7013.summary.json,i8080@closure1M,32,128,4,7013,False,200,16,0.0,0.0,0.04511521862399194,0.37586875,0.214
i8080@closure1M_L32_st128_k4_s7013.summary.json,i8080@closure1M,32,128,4,7013,False,300,16,0.0,0.0,0.056024751532373934,0.381903125,0.23225
i8080@closure1M_L32_st128_k4_s7013.summary.json,i8080@closure1M,32,128,4,7013,False,500,16,0.0,0.0,0.06326405514952957,0.37449375,0.2293
i8080@closure1M_L32_st128_k4_s7013.summary.json,i8080@closure1M,32,128,4,7013,False,750,16,0.0,0.0,0.06798187584005376,0.35693125,0.08965
i8080@closure1M_L32_st128_k4_s7013.summary.json,i8080@closure1M,32,128,4,7013,False,1000,16,0.0625,0.0625,0.08931808273660549,0.3160125,0.15055
i8080@closure1M_L32_st128_k4_s7013.summary.json,i8080@closure1M,32,128,4,7013,False,1500,16,0.375,0.3125,0.2504195018481183,0.18809375,0.29795
i8080@closure1M_L32_st128_k4_s7013.summary.json,i8080@closure1M,32,128,4,7013,False,2000,16,0.6875,0.375,0.3479704690324319,0.1231734375,0.3248
i8080@closure1M_L32_st128_k4_s7013.summary.json,i8080@closure1M,32,128,4,7013,False,3000,16,0.5,0.375,0.31619754914314513,0.1250828125,0.2043
i8080@closure1M_L32_st128_k4_s7013.summary.json,i8080@closure1M,32,128,4,7013,False,5000,16,0.625,0.375,0.37558528573414907,0.1382796875,0.31785
i8080@closure1M_L32_st128_k4_s7013.summary.json,i8080@closure1M,32,128,4,7013,False,10000,16,0.5,0.375,0.32700339696740593,0.0831109375,0.55935
i8080@closure1M_L32_st128_k4_s7013.summary.json,i8080@closure1M,32,128,4,7013,False,15000,16,0.625,0.5625,0.4629996011555084,0.079984375,0.59885
i8080@closure1M_L32_st128_k4_s7013.summary.json,i8080@closure1M,32,128,4,7013,False,20000,16,0.625,0.3125,0.37150592853459863,0.0855734375,0.59795
i8080@closure1M_L32_st128_k4_s7013.summary.json,i8080@closure1M,32,128,4,7013,False,30000,16,0.25,0.25,0.17568700646841398,0.082634375,0.55485
i8080@closure1M_L32_st128_k4_s7013.summary.json,i8080@closure1M,32,128,4,7013,False,50000,16,0.5625,0.375,0.3513675812752016,0.081096875,0.5828
i8080@closure1M_L32_st128_k4_s7013.summary.json,i8080@closure1M,32,128,4,7013,False,75000,16,0.5,0.375,0.28307601708061036,0.090434375,0.56335
i8080@closure1M_L32_st128_k4_s7013.summary.json,i8080@closure1M,32,128,4,7013,False,100000,16,0.5,0.4375,0.2960152574764785,0.08614375,0.5671
i8080@closure1M_L32_st128_k4_s7013.summary.json,i8080@closure1M,32,128,4,7013,False,150000,16,0.375,0.25,0.22650540259576615,0.0834796875,0.58885
i8080@closure1M_L32_st128_k4_s7013.summary.json,i8080@closure1M,32,128,4,7013,False,200000,16,0.5625,0.5,0.41924563172043017,0.0789171875,0.59805
i8080@closure1M_L32_st128_k4_s7013.summary.json,i8080@closure1M,32,128,4,7013,False,300000,16,0.5625,0.4375,0.34558158424725394,0.07806875,0.57995
i8080@closure1M_L32_st128_k4_s7013.summary.json,i8080@closure1M,32,128,4,7013,False,500000,16,0.5,0.3125,0.34865972047211025,0.0828734375,0.58175
i8080@closure1M_L32_st128_k4_s7013.summary.json,i8080@closure1M,32,128,4,7013,False,750000,16,0.5625,0.375,0.3237955548120597,0.08443125,0.58565
i8080@closure1M_L32_st128_k4_s7013.summary.json,i8080@closure1M,32,128,4,7013,False,1000000,16,0.625,0.5625,0.4065377319924337,0.083984375,0.58205
i8080@closure1M_L32_st128_k4_s7014.summary.json,i8080@closure1M,32,128,4,7014,False,50,16,0.0,0.0,0.0753994057343808,0.322603125,0.1233
i8080@closure1M_L32_st128_k4_s7014.summary.json,i8080@closure1M,32,128,4,7014,False,100,16,0.0,0.0,0.08171298911406193,0.3593671875,0.18
i8080@closure1M_L32_st128_k4_s7014.summary.json,i8080@closure1M,32,128,4,7014,False,150,16,0.0,0.0,0.061229721934962456,0.372971875,0.20175
i8080@closure1M_L32_st128_k4_s7014.summary.json,i8080@closure1M,32,128,4,7014,False,200,16,0.0625,0.0625,0.11941173243708286,0.37995625,0.2171
i8080@closure1M_L32_st128_k4_s7014.summary.json,i8080@closure1M,32,128,4,7014,False,300,16,0.0,0.0,0.07653547887409622,0.377103125,0.2198
i8080@closure1M_L32_st128_k4_s7014.summary.json,i8080@closure1M,32,128,4,7014,False,500,16,0.0,0.0,0.09109007567001529,0.349325,0.0518
i8080@closure1M_L32_st128_k4_s7014.summary.json,i8080@closure1M,32,128,4,7014,False,750,16,0.3125,0.25,0.23139635311659945,0.2714515625,0.15615
i8080@closure1M_L32_st128_k4_s7014.summary.json,i8080@closure1M,32,128,4,7014,False,1000,16,0.5,0.25,0.31616959110383064,0.1967171875,0.2515
i8080@closure1M_L32_st128_k4_s7014.summary.json,i8080@closure1M,32,128,4,7014,False,1500,16,0.375,0.1875,0.267607658140121,0.107328125,0.34645
i8080@closure1M_L32_st128_k4_s7014.summary.json,i8080@closure1M,32,128,4,7014,False,2000,16,0.375,0.3125,0.2693394135845384,0.0984859375,0.34545
i8080@closure1M_L32_st128_k4_s7014.summary.json,i8080@closure1M,32,128,4,7014,False,3000,16,0.6875,0.625,0.4327278383316532,0.11610625,0.32935
i8080@closure1M_L32_st128_k4_s7014.summary.json,i8080@closure1M,32,128,4,7014,False,5000,16,0.625,0.5625,0.42525700394825267,0.1192625,0.28755
i8080@closure1M_L32_st128_k4_s7014.summary.json,i8080@closure1M,32,128,4,7014,False,10000,16,0.1875,0.1875,0.19681133967573924,0.128896875,0.28185
i8080@closure1M_L32_st128_k4_s7014.summary.json,i8080@closure1M,32,128,4,7014,False,15000,16,0.5,0.5,0.313952953549372,0.1292421875,0.34585
i8080@closure1M_L32_st128_k4_s7014.summary.json,i8080@closure1M,32,128,4,7014,False,20000,16,0.25,0.1875,0.2230053520839127,0.113625,0.44185
i8080@closure1M_L32_st128_k4_s7014.summary.json,i8080@closure1M,32,128,4,7014,False,30000,16,0.4375,0.25,0.28346708564348116,0.09235625,0.5712
i8080@closure1M_L32_st128_k4_s7014.summary.json,i8080@closure1M,32,128,4,7014,False,50000,16,0.5,0.4375,0.3491927608366936,0.085940625,0.57995
i8080@closure1M_L32_st128_k4_s7014.summary.json,i8080@closure1M,32,128,4,7014,False,75000,16,0.5,0.375,0.2895704700100807,0.0834234375,0.5709
i8080@closure1M_L32_st128_k4_s7014.summary.json,i8080@closure1M,32,128,4,7014,False,100000,16,0.875,0.8125,0.502843903346021,0.0817296875,0.58625
i8080@closure1M_L32_st128_k4_s7014.summary.json,i8080@closure1M,32,128,4,7014,False,150000,16,0.375,0.375,0.2736104985719086,0.083965625,0.58105
i8080@closure1M_L32_st128_k4_s7014.summary.json,i8080@closure1M,32,128,4,7014,False,200000,16,0.5625,0.5625,0.40141496555779566,0.07900625,0.5905
i8080@closure1M_L32_st128_k4_s7014.summary.json,i8080@closure1M,32,128,4,7014,False,300000,16,0.625,0.5,0.36159786101310487,0.0800140625,0.58325
i8080@closure1M_L32_st128_k4_s7014.summary.json,i8080@closure1M,32,128,4,7014,False,500000,16,0.3125,0.125,0.19746863648411428,0.0835875,0.5831
i8080@closure1M_L32_st128_k4_s7014.summary.json,i8080@closure1M,32,128,4,7014,False,750000,16,0.75,0.5625,0.44776191301243284,0.089778125,0.5912
i8080@closure1M_L32_st128_k4_s7014.summary.json,i8080@closure1M,32,128,4,7014,False,1000000,16,0.375,0.0625,0.24511165654257047,0.0853890625,0.5791
i8080@closure1M_L32_st128_k4_s7015.summary.json,i8080@closure1M,32,128,4,7015,False,50,16,0.0,0.0,0.06936547064012097,0.3241734375,0.1347
i8080@closure1M_L32_st128_k4_s7015.summary.json,i8080@closure1M,32,128,4,7015,False,100,16,0.0,0.0,0.09046817336826798,0.3624234375,0.19475
i8080@closure1M_L32_st128_k4_s7015.summary.json,i8080@closure1M,32,128,4,7015,False,150,16,0.0,0.0,0.09059092712968113,0.3759375,0.21525
i8080@closure1M_L32_st128_k4_s7015.summary.json,i8080@closure1M,32,128,4,7015,False,200,16,0.0,0.0,0.05645095661122312,0.3826875,0.2309
i8080@closure1M_L32_st128_k4_s7015.summary.json,i8080@closure1M,32,128,4,7015,False,300,16,0.0,0.0,0.06856097432477058,0.3921328125,0.2513
i8080@closure1M_L32_st128_k4_s7015.summary.json,i8080@closure1M,32,128,4,7015,False,500,16,0.0,0.0,0.06721348916330645,0.3963453125,0.24745
i8080@closure1M_L32_st128_k4_s7015.summary.json,i8080@closure1M,32,128,4,7015,False,750,16,0.0,0.0,0.09103927866900724,0.3996671875,0.25825
i8080@closure1M_L32_st128_k4_s7015.summary.json,i8080@closure1M,32,128,4,7015,False,1000,16,0.0625,0.0625,0.098155964309302,0.382734375,0.2399
i8080@closure1M_L32_st128_k4_s7015.summary.json,i8080@closure1M,32,128,4,7015,False,1500,16,0.0625,0.0625,0.10769994042549756,0.3228765625,0.16985
i8080@closure1M_L32_st128_k4_s7015.summary.json,i8080@closure1M,32,128,4,7015,False,2000,16,0.375,0.375,0.2670675569788191,0.2213890625,0.35555
i8080@closure1M_L32_st128_k4_s7015.summary.json,i8080@closure1M,32,128,4,7015,False,3000,16,0.5625,0.5,0.37498687415994625,0.0866421875,0.60095
i8080@closure1M_L32_st128_k4_s7015.summary.json,i8080@closure1M,32,128,4,7015,False,5000,16,0.4375,0.4375,0.28683530745967745,0.09110625,0.582
i8080@closure1M_L32_st128_k4_s7015.summary.json,i8080@closure1M,32,128,4,7015,False,10000,16,0.5,0.375,0.3012554866011425,0.123690625,0.4721
i8080@closure1M_L32_st128_k4_s7015.summary.json,i8080@closure1M,32,128,4,7015,False,15000,16,0.375,0.25,0.27194692960349465,0.1345203125,0.4383
i8080@closure1M_L32_st128_k4_s7015.summary.json,i8080@closure1M,32,128,4,7015,False,20000,16,0.4375,0.3125,0.2881136013394512,0.138396875,0.418
i8080@closure1M_L32_st128_k4_s7015.summary.json,i8080@closure1M,32,128,4,7015,False,30000,16,0.25,0.125,0.17957530122445076,0.1350046875,0.42055
i8080@closure1M_L32_st128_k4_s7015.summary.json,i8080@closure1M,32,128,4,7015,False,50000,16,0.3125,0.25,0.21544346963205646,0.1337296875,0.41855
i8080@closure1M_L32_st128_k4_s7015.summary.json,i8080@closure1M,32,128,4,7015,False,75000,16,0.4375,0.375,0.2957863156690304,0.1350953125,0.4062
i8080@closure1M_L32_st128_k4_s7015.summary.json,i8080@closure1M,32,128,4,7015,False,100000,16,0.4375,0.4375,0.3349896830897177,0.140640625,0.4263
i8080@closure1M_L32_st128_k4_s7015.summary.json,i8080@closure1M,32,128,4,7015,False,150000,16,0.5625,0.5,0.36631988197244625,0.124953125,0.3676
i8080@closure1M_L32_st128_k4_s7015.summary.json,i8080@closure1M,32,128,4,7015,False,200000,16,0.4375,0.375,0.22757555233534946,0.0865796875,0.58475
i8080@closure1M_L32_st128_k4_s7015.summary.json,i8080@closure1M,32,128,4,7015,False,300000,16,0.625,0.4375,0.4242838541666667,0.087125,0.5645
i8080@closure1M_L32_st128_k4_s7015.summary.json,i8080@closure1M,32,128,4,7015,False,500000,16,0.5,0.4375,0.34635295818415135,0.0828734375,0.5904
i8080@closure1M_L32_st128_k4_s7015.summary.json,i8080@closure1M,32,128,4,7015,False,750000,16,0.625,0.625,0.4767848517305108,0.081646875,0.606
i8080@closure1M_L32_st128_k4_s7015.summary.json,i8080@closure1M,32,128,4,7015,False,1000000,16,0.4375,0.25,0.2684688445060484,0.0819078125,0.5764
i8080@closure1M_L32_st128_k4_s7016.summary.json,i8080@closure1M,32,128,4,7016,False,50,16,0.0,0.0,0.04543955813172043,0.325378125,0.12465
i8080@closure1M_L32_st128_k4_s7016.summary.json,i8080@closure1M,32,128,4,7016,False,100,16,0.0,0.0,0.09392470493111559,0.3596453125,0.17885
i8080@closure1M_L32_st128_k4_s7016.summary.json,i8080@closure1M,32,128,4,7016,False,150,16,0.0,0.0,0.11500584054620876,0.373096875,0.20265
i8080@closure1M_L32_st128_k4_s7016.summary.json,i8080@closure1M,32,128,4,7016,False,200,16,0.0,0.0,0.06115241073704579,0.3818671875,0.22035
i8080@closure1M_L32_st128_k4_s7016.summary.json,i8080@closure1M,32,128,4,7016,False,300,16,0.0,0.0,0.09354113167553069,0.3880390625,0.23635
i8080@closure1M_L32_st128_k4_s7016.summary.json,i8080@closure1M,32,128,4,7016,False,500,16,0.0,0.0,0.08268548260364525,0.396440625,0.2513
i8080@closure1M_L32_st128_k4_s7016.summary.json,i8080@closure1M,32,128,4,7016,False,750,16,0.0,0.0,0.07134782358829586,0.4044765625,0.2604
i8080@closure1M_L32_st128_k4_s7016.summary.json,i8080@closure1M,32,128,4,7016,False,1000,16,0.0,0.0,0.08912118608349556,0.4019328125,0.26365
i8080@closure1M_L32_st128_k4_s7016.summary.json,i8080@closure1M,32,128,4,7016,False,1500,16,0.0,0.0,0.084789106675241,0.3955859375,0.25955
i8080@closure1M_L32_st128_k4_s7016.summary.json,i8080@closure1M,32,128,4,7016,False,2000,16,0.0,0.0,0.06641672351513256,0.36114375,0.0828
i8080@closure1M_L32_st128_k4_s7016.summary.json,i8080@closure1M,32,128,4,7016,False,3000,16,0.5,0.4375,0.329682118405578,0.1886640625,0.43745
i8080@closure1M_L32_st128_k4_s7016.summary.json,i8080@closure1M,32,128,4,7016,False,5000,16,0.5625,0.4375,0.33549095892137093,0.091834375,0.58685
i8080@closure1M_L32_st128_k4_s7016.summary.json,i8080@closure1M,32,128,4,7016,False,10000,16,0.125,0.125,0.14058050340221773,0.1437640625,0.40335
i8080@closure1M_L32_st128_k4_s7016.summary.json,i8080@closure1M,32,128,4,7016,False,15000,16,0.1875,0.0,0.14159408077116936,0.1382375,0.41515
i8080@closure1M_L32_st128_k4_s7016.summary.json,i8080@closure1M,32,128,4,7016,False,20000,16,0.375,0.25,0.2787936658549595,0.1417484375,0.4205
i8080@closure1M_L32_st128_k4_s7016.summary.json,i8080@closure1M,32,128,4,7016,False,30000,16,0.5,0.4375,0.3296773931031586,0.1290734375,0.42215
i8080@closure1M_L32_st128_k4_s7016.summary.json,i8080@closure1M,32,128,4,7016,False,50000,16,0.25,0.25,0.23581428909726085,0.140096875,0.41715
i8080@closure1M_L32_st128_k4_s7016.summary.json,i8080@closure1M,32,128,4,7016,False,75000,16,0.3125,0.125,0.2004046696488575,0.1385328125,0.40875
i8080@closure1M_L32_st128_k4_s7016.summary.json,i8080@closure1M,32,128,4,7016,False,100000,16,0.4375,0.1875,0.23881494665658604,0.1349640625,0.4362
i8080@closure1M_L32_st128_k4_s7016.summary.json,i8080@closure1M,32,128,4,7016,False,150000,16,0.375,0.375,0.2868535297465934,0.143546875,0.40575
i8080@closure1M_L32_st128_k4_s7016.summary.json,i8080@closure1M,32,128,4,7016,False,200000,16,0.5,0.375,0.2816031122543567,0.1344765625,0.42535
i8080@closure1M_L32_st128_k4_s7016.summary.json,i8080@closure1M,32,128,4,7016,False,300000,16,0.25,0.1875,0.21501698393179924,0.132934375,0.419
i8080@closure1M_L32_st128_k4_s7016.summary.json,i8080@closure1M,32,128,4,7016,False,500000,16,0.375,0.3125,0.25594744938676073,0.13878125,0.41805
i8080@closure1M_L32_st128_k4_s7016.summary.json,i8080@closure1M,32,128,4,7016,False,750000,16,0.125,0.125,0.18920491536458334,0.135165625,0.4322
i8080@closure1M_L32_st128_k4_s7016.summary.json,i8080@closure1M,32,128,4,7016,False,1000000,16,0.3125,0.1875,0.25031410135248655,0.132434375,0.42605
i8080@closure1M_L32_st128_k4_s7017.summary.json,i8080@closure1M,32,128,4,7017,False,50,16,0.0,0.0,0.06449945921538978,0.322959375,0.12375
i8080@closure1M_L32_st128_k4_s7017.summary.json,i8080@closure1M,32,128,4,7017,False,100,16,0.0,0.0,0.08772156418010753,0.3563640625,0.18025
i8080@closure1M_L32_st128_k4_s7017.summary.json,i8080@closure1M,32,128,4,7017,False,150,16,0.0,0.0,0.06006633799563171,0.3740890625,0.2062
i8080@closure1M_L32_st128_k4_s7017.summary.json,i8080@closure1M,32,128,4,7017,False,200,16,0.0,0.0,0.09904206261442111,0.37905,0.22075
i8080@closure1M_L32_st128_k4_s7017.summary.json,i8080@closure1M,32,128,4,7017,False,300,16,0.0,0.0,0.08841757316433768,0.3849109375,0.2368
i8080@closure1M_L32_st128_k4_s7017.summary.json,i8080@closure1M,32,128,4,7017,False,500,16,0.1875,0.1875,0.20357849777385753,0.3734984375,0.23505
i8080@closure1M_L32_st128_k4_s7017.summary.json,i8080@closure1M,32,128,4,7017,False,750,16,0.0625,0.0,0.08408216250840053,0.3258703125,0.10465
i8080@closure1M_L32_st128_k4_s7017.summary.json,i8080@closure1M,32,128,4,7017,False,1000,16,0.3125,0.3125,0.23589293098378983,0.2338125,0.19365
i8080@closure1M_L32_st128_k4_s7017.summary.json,i8080@closure1M,32,128,4,7017,False,1500,16,0.375,0.3125,0.2772712682059928,0.1117515625,0.3075
i8080@closure1M_L32_st128_k4_s7017.summary.json,i8080@closure1M,32,128,4,7017,False,2000,16,0.75,0.6875,0.5010044209639761,0.1006375,0.30885
i8080@closure1M_L32_st128_k4_s7017.summary.json,i8080@closure1M,32,128,4,7017,False,3000,16,0.6875,0.5,0.4500360462724787,0.0995109375,0.3042
i8080@closure1M_L32_st128_k4_s7017.summary.json,i8080@closure1M,32,128,4,7017,False,5000,16,0.5,0.4375,0.3060341116141778,0.1090984375,0.31665
i8080@closure1M_L32_st128_k4_s7017.summary.json,i8080@closure1M,32,128,4,7017,False,10000,16,0.5,0.5,0.3162802419354839,0.125390625,0.4191
i8080@closure1M_L32_st128_k4_s7017.summary.json,i8080@closure1M,32,128,4,7017,False,15000,16,0.5625,0.375,0.3654835034442204,0.0955453125,0.55465
i8080@closure1M_L32_st128_k4_s7017.summary.json,i8080@closure1M,32,128,4,7017,False,20000,16,0.625,0.5,0.34684323546706985,0.084234375,0.596
i8080@closure1M_L32_st128_k4_s7017.summary.json,i8080@closure1M,32,128,4,7017,False,30000,16,0.5,0.5,0.3226412865423387,0.0852078125,0.5802
i8080@closure1M_L32_st128_k4_s7017.summary.json,i8080@closure1M,32,128,4,7017,False,50000,16,0.5,0.4375,0.30085580477150536,0.077690625,0.58555
i8080@closure1M_L32_st128_k4_s7017.summary.json,i8080@closure1M,32,128,4,7017,False,75000,16,0.4375,0.4375,0.3074555676735725,0.0859171875,0.57345
i8080@closure1M_L32_st128_k4_s7017.summary.json,i8080@closure1M,32,128,4,7017,False,100000,16,0.25,0.25,0.24075310819892473,0.0849171875,0.5779
i8080@closure1M_L32_st128_k4_s7017.summary.json,i8080@closure1M,32,128,4,7017,False,150000,16,0.25,0.1875,0.19742930422547042,0.0893265625,0.57425
i8080@closure1M_L32_st128_k4_s7017.summary.json,i8080@closure1M,32,128,4,7017,False,200000,16,0.5,0.375,0.28209356153104137,0.0848375,0.5749
i8080@closure1M_L32_st128_k4_s7017.summary.json,i8080@closure1M,32,128,4,7017,False,300000,16,0.6875,0.5625,0.4358928721438172,0.0872671875,0.58185
i8080@closure1M_L32_st128_k4_s7017.summary.json,i8080@closure1M,32,128,4,7017,False,500000,16,0.4375,0.4375,0.33669459845430105,0.090434375,0.57715
i8080@closure1M_L32_st128_k4_s7017.summary.json,i8080@closure1M,32,128,4,7017,False,750000,16,0.6875,0.4375,0.3597278225806452,0.0859796875,0.58865
i8080@closure1M_L32_st128_k4_s7017.summary.json,i8080@closure1M,32,128,4,7017,False,1000000,16,0.5625,0.3125,0.3788592594926075,0.0834703125,0.587
i8080@closure1M_L32_st128_k4_s7018.summary.json,i8080@closure1M,32,128,4,7018,False,50,16,0.0,0.0,0.07790907993111558,0.322428125,0.13295
i8080@closure1M_L32_st128_k4_s7018.summary.json,i8080@closure1M,32,128,4,7018,False,100,16,0.0,0.0,0.05924594583536105,0.3575140625,0.1829
i8080@closure1M_L32_st128_k4_s7018.summary.json,i8080@closure1M,32,128,4,7018,False,150,16,0.0,0.0,0.09638973769321237,0.3734703125,0.20845
i8080@closure1M_L32_st128_k4_s7018.summary.json,i8080@closure1M,32,128,4,7018,False,200,16,0.0,0.0,0.10999303373519353,0.3834625,0.2268
i8080@closure1M_L32_st128_k4_s7018.summary.json,i8080@closure1M,32,128,4,7018,False,300,16,0.0,0.0,0.07858478459862811,0.3915140625,0.2424
i8080@closure1M_L32_st128_k4_s7018.summary.json,i8080@closure1M,32,128,4,7018,False,500,16,0.0,0.0,0.1257470051359149,0.3985453125,0.2575
i8080@closure1M_L32_st128_k4_s7018.summary.json,i8080@closure1M,32,128,4,7018,False,750,16,0.0625,0.0,0.13805161569133528,0.3944828125,0.25655
i8080@closure1M_L32_st128_k4_s7018.summary.json,i8080@closure1M,32,128,4,7018,False,1000,16,0.0625,0.0625,0.10465219149025537,0.3768125,0.2376
i8080@closure1M_L32_st128_k4_s7018.summary.json,i8080@closure1M,32,128,4,7018,False,1500,16,0.0,0.0,0.11236111503377595,0.3121828125,0.19895
i8080@closure1M_L32_st128_k4_s7018.summary.json,i8080@closure1M,32,128,4,7018,False,2000,16,0.3125,0.25,0.22386079476327866,0.227690625,0.35175
i8080@closure1M_L32_st128_k4_s7018.summary.json,i8080@closure1M,32,128,4,7018,False,3000,16,0.6875,0.5,0.3788890551495296,0.091515625,0.5796
i8080@closure1M_L32_st128_k4_s7018.summary.json,i8080@closure1M,32,128,4,7018,False,5000,16,0.375,0.375,0.3316088604670699,0.0982453125,0.56555
i8080@closure1M_L32_st128_k4_s7018.summary.json,i8080@closure1M,32,128,4,7018,False,10000,16,0.375,0.3125,0.27870069934475805,0.1320484375,0.42605
i8080@closure1M_L32_st128_k4_s7018.summary.json,i8080@closure1M,32,128,4,7018,False,15000,16,0.375,0.25,0.23048646988407256,0.136334375,0.43545
i8080@closure1M_L32_st128_k4_s7018.summary.json,i8080@closure1M,32,128,4,7018,False,20000,16,0.3125,0.25,0.24819887222782258,0.1351859375,0.41895
i8080@closure1M_L32_st128_k4_s7018.summary.json,i8080@closure1M,32,128,4,7018,False,30000,16,0.3125,0.25,0.20591607862903227,0.1453515625,0.4062
i8080@closure1M_L32_st128_k4_s7018.summary.json,i8080@closure1M,32,128,4,7018,False,50000,16,0.4375,0.3125,0.29323979859711025,0.1330546875,0.41975
i8080@closure1M_L32_st128_k4_s7018.summary.json,i8080@closure1M,32,128,4,7018,False,75000,16,0.25,0.125,0.1860461910079486,0.1390078125,0.40795
i8080@closure1M_L32_st128_k4_s7018.summary.json,i8080@closure1M,32,128,4,7018,False,100000,16,0.375,0.3125,0.3116639383023962,0.128834375,0.44135
i8080@closure1M_L32_st128_k4_s7018.summary.json,i8080@closure1M,32,128,4,7018,False,150000,16,0.5,0.375,0.34614152805779574,0.1356484375,0.40675
i8080@closure1M_L32_st128_k4_s7018.summary.json,i8080@closure1M,32,128,4,7018,False,200000,16,0.375,0.3125,0.29953692036290325,0.14030625,0.42475
i8080@closure1M_L32_st128_k4_s7018.summary.json,i8080@closure1M,32,128,4,7018,False,300000,16,0.25,0.1875,0.16838377095789303,0.138928125,0.416
i8080@closure1M_L32_st128_k4_s7018.summary.json,i8080@closure1M,32,128,4,7018,False,500000,16,0.125,0.125,0.17909548905095446,0.1406125,0.3968
i8080@closure1M_L32_st128_k4_s7018.summary.json,i8080@closure1M,32,128,4,7018,False,750000,16,0.5625,0.4375,0.32431312478998653,0.141184375,0.42625
i8080@closure1M_L32_st128_k4_s7018.summary.json,i8080@closure1M,32,128,4,7018,False,1000000,16,0.5,0.3125,0.29519292359711025,0.1378625,0.4196
i8080@closure1M_L32_st128_k4_s7019.summary.json,i8080@closure1M,32,128,4,7019,False,50,16,0.0,0.0,0.0347064138829023,0.3226828125,0.12935
i8080@closure1M_L32_st128_k4_s7019.summary.json,i8080@closure1M,32,128,4,7019,False,100,16,0.0,0.0,0.06426470130295235,0.3590046875,0.18415
i8080@closure1M_L32_st128_k4_s7019.summary.json,i8080@closure1M,32,128,4,7019,False,150,16,0.0,0.0,0.04547302902385752,0.373265625,0.20795
i8080@closure1M_L32_st128_k4_s7019.summary.json,i8080@closure1M,32,128,4,7019,False,200,16,0.0625,0.0625,0.10174573672715054,0.378203125,0.21455
i8080@closure1M_L32_st128_k4_s7019.summary.json,i8080@closure1M,32,128,4,7019,False,300,16,0.0,0.0,0.1018296877896737,0.3850296875,0.2302
i8080@closure1M_L32_st128_k4_s7019.summary.json,i8080@closure1M,32,128,4,7019,False,500,16,0.0,0.0,0.0774818338373656,0.3748796875,0.2329
i8080@closure1M_L32_st128_k4_s7019.summary.json,i8080@closure1M,32,128,4,7019,False,750,16,0.1875,0.0625,0.17165527343749998,0.3413078125,0.1186
i8080@closure1M_L32_st128_k4_s7019.summary.json,i8080@closure1M,32,128,4,7019,False,1000,16,0.1875,0.125,0.1592461087768238,0.30743125,0.17915
i8080@closure1M_L32_st128_k4_s7019.summary.json,i8080@closure1M,32,128,4,7019,False,1500,16,0.5,0.5,0.3532376106553578,0.1865109375,0.34635
i8080@closure1M_L32_st128_k4_s7019.summary.json,i8080@closure1M,32,128,4,7019,False,2000,16,0.5625,0.5,0.35938130040322586,0.0986953125,0.43015
i8080@closure1M_L32_st128_k4_s7019.summary.json,i8080@closure1M,32,128,4,7019,False,3000,16,0.6875,0.5,0.3994783791162635,0.1109671875,0.4106
i8080@closure1M_L32_st128_k4_s7019.summary.json,i8080@closure1M,32,128,4,7019,False,5000,16,0.375,0.375,0.27456409085181455,0.112665625,0.4107
i8080@closure1M_L32_st128_k4_s7019.summary.json,i8080@closure1M,32,128,4,7019,False,10000,16,0.5625,0.4375,0.3407073397525028,0.0940078125,0.5535
i8080@closure1M_L32_st128_k4_s7019.summary.json,i8080@closure1M,32,128,4,7019,False,15000,16,0.5625,0.5,0.3572496639784946,0.0857375,0.5626
i8080@closure1M_L32_st128_k4_s7019.summary.json,i8080@closure1M,32,128,4,7019,False,20000,16,0.625,0.5,0.3718424479166667,0.0873671875,0.5937
i8080@closure1M_L32_st128_k4_s7019.summary.json,i8080@closure1M,32,128,4,7019,False,30000,16,0.6875,0.4375,0.3430762506300403,0.0888078125,0.5699
i8080@closure1M_L32_st128_k4_s7019.summary.json,i8080@closure1M,32,128,4,7019,False,50000,16,0.625,0.5,0.44664254137264786,0.089484375,0.5944
i8080@closure1M_L32_st128_k4_s7019.summary.json,i8080@closure1M,32,128,4,7019,False,75000,16,0.5625,0.375,0.3309393113659274,0.08320625,0.58055
i8080@closure1M_L32_st128_k4_s7019.summary.json,i8080@closure1M,32,128,4,7019,False,100000,16,0.5625,0.5,0.34914458900369627,0.0920484375,0.57905
i8080@closure1M_L32_st128_k4_s7019.summary.json,i8080@closure1M,32,128,4,7019,False,150000,16,0.4375,0.3125,0.2864950585285734,0.0804828125,0.57915
i8080@closure1M_L32_st128_k4_s7019.summary.json,i8080@closure1M,32,128,4,7019,False,200000,16,0.4375,0.4375,0.2834048691616263,0.08563125,0.5823
i8080@closure1M_L32_st128_k4_s7019.summary.json,i8080@closure1M,32,128,4,7019,False,300000,16,0.5625,0.5625,0.3341697118615592,0.088221875,0.5665
i8080@closure1M_L32_st128_k4_s7019.summary.json,i8080@closure1M,32,128,4,7019,False,500000,16,0.625,0.625,0.40782909287228863,0.0820078125,0.59785
i8080@closure1M_L32_st128_k4_s7019.summary.json,i8080@closure1M,32,128,4,7019,False,750000,16,0.5625,0.4375,0.39579631846438174,0.0928765625,0.5642
i8080@closure1M_L32_st128_k4_s7019.summary.json,i8080@closure1M,32,128,4,7019,False,1000000,16,0.75,0.5625,0.41019365864415325,0.084234375,0.58845
i8080@closure1M_L32_st128_k4_s7020.summary.json,i8080@closure1M,32,128,4,7020,False,50,16,0.0,0.0,0.0862500262516801,0.322440625,0.13265
i8080@closure1M_L32_st128_k4_s7020.summary.json,i8080@closure1M,32,128,4,7020,False,100,16,0.0,0.0,0.05770565566196236,0.355890625,0.1805
i8080@closure1M_L32_st128_k4_s7020.summary.json,i8080@closure1M,32,128,4,7020,False,150,16,0.0,0.0,0.08930464911823321,0.372575,0.21045
i8080@closure1M_L32_st128_k4_s7020.summary.json,i8080@closure1M,32,128,4,7020,False,200,16,0.0,0.0,0.09543614541330644,0.381834375,0.2237
i8080@closure1M_L32_st128_k4_s7020.summary.json,i8080@closure1M,32,128,4,7020,False,300,16,0.0,0.0,0.07379655961774656,0.3908390625,0.2404
i8080@closure1M_L32_st128_k4_s7020.summary.json,i8080@closure1M,32,128,4,7020,False,500,16,0.0,0.0,0.0906165994623656,0.3916359375,0.25455
i8080@closure1M_L32_st128_k4_s7020.summary.json,i8080@closure1M,32,128,4,7020,False,750,16,0.125,0.125,0.14763642998151882,0.3632625,0.0763
i8080@closure1M_L32_st128_k4_s7020.summary.json,i8080@closure1M,32,128,4,7020,False,1000,16,0.1875,0.1875,0.18533358009912634,0.3182375,0.1719
i8080@closure1M_L32_st128_k4_s7020.summary.json,i8080@closure1M,32,128,4,7020,False,1500,16,0.3125,0.25,0.23661597467237905,0.22089375,0.35425
i8080@closure1M_L32_st128_k4_s7020.summary.json,i8080@closure1M,32,128,4,7020,False,2000,16,0.4375,0.3125,0.2957656039986559,0.1242359375,0.55285
i8080@closure1M_L32_st128_k4_s7020.summary.json,i8080@closure1M,32,128,4,7020,False,3000,16,0.4375,0.25,0.2504816594900005,0.0810390625,0.5999
i8080@closure1M_L32_st128_k4_s7020.summary.json,i8080@closure1M,32,128,4,7020,False,5000,16,0.4375,0.3125,0.28557142032090055,0.098315625,0.56765
i8080@closure1M_L32_st128_k4_s7020.summary.json,i8080@closure1M,32,128,4,7020,False,10000,16,0.5625,0.3125,0.3377402028729839,0.128275,0.45155
i8080@closure1M_L32_st128_k4_s7020.summary.json,i8080@closure1M,32,128,4,7020,False,15000,16,0.5,0.4375,0.3465739068076219,0.1375359375,0.43255
i8080@closure1M_L32_st128_k4_s7020.summary.json,i8080@closure1M,32,128,4,7020,False,20000,16,0.3125,0.3125,0.28207364646337363,0.1289265625,0.42635
i8080@closure1M_L32_st128_k4_s7020.summary.json,i8080@closure1M,32,128,4,7020,False,30000,16,0.375,0.375,0.3043269331737231,0.1380875,0.41185
i8080@closure1M_L32_st128_k4_s7020.summary.json,i8080@closure1M,32,128,4,7020,False,50000,16,0.375,0.125,0.2218638430359543,0.142840625,0.40835
i8080@closure1M_L32_st128_k4_s7020.summary.json,i8080@closure1M,32,128,4,7020,False,75000,16,0.3125,0.25,0.25573586084509414,0.139803125,0.398
i8080@closure1M_L32_st128_k4_s7020.summary.json,i8080@closure1M,32,128,4,7020,False,100000,16,0.5625,0.5,0.34306535618279566,0.1351765625,0.42775
i8080@closure1M_L32_st128_k4_s7020.summary.json,i8080@closure1M,32,128,4,7020,False,150000,16,0.3125,0.3125,0.2338212072296765,0.1394015625,0.4055
i8080@closure1M_L32_st128_k4_s7020.summary.json,i8080@closure1M,32,128,4,7020,False,200000,16,0.125,0.0,0.10269839661979746,0.139459375,0.40745
i8080@closure1M_L32_st128_k4_s7020.summary.json,i8080@closure1M,32,128,4,7020,False,300000,16,0.375,0.25,0.24613054308751622,0.14251875,0.4033
i8080@closure1M_L32_st128_k4_s7020.summary.json,i8080@closure1M,32,128,4,7020,False,500000,16,0.375,0.3125,0.2727065219674059,0.141746875,0.4136
i8080@closure1M_L32_st128_k4_s7020.summary.json,i8080@closure1M,32,128,4,7020,False,750000,16,0.1875,0.0625,0.17305658812163977,0.1377671875,0.41665
i8080@closure1M_L32_st128_k4_s7020.summary.json,i8080@closure1M,32,128,4,7020,False,1000000,16,0.5625,0.5,0.3426415228074597,0.1111296875,0.4339
i8080@closure_L16_st128_k4_s7001.summary.json,i8080@closure,16,128,4,7001,False,50,16,0.0,0.0,0.05928431919642857,0.337496875,0.08205
i8080@closure_L16_st128_k4_s7001.summary.json,i8080@closure,16,128,4,7001,False,100,16,0.0,0.0,0.10365048363095239,0.359384375,0.0857
i8080@closure_L16_st128_k4_s7001.summary.json,i8080@closure,16,128,4,7001,False,150,16,0.0,0.0,0.07834240141369048,0.36940625,0.0899
i8080@closure_L16_st128_k4_s7001.summary.json,i8080@closure,16,128,4,7001,False,200,16,0.0,0.0,0.10370047433035715,0.37154375,0.0891
i8080@closure_L16_st128_k4_s7001.summary.json,i8080@closure,16,128,4,7001,False,300,16,0.0,0.0,0.07685251759958792,0.370928125,0.08145
i8080@closure_L16_st128_k4_s7001.summary.json,i8080@closure,16,128,4,7001,False,500,16,0.0625,0.0625,0.10464564732142857,0.348303125,0.0458
i8080@closure_L16_st128_k4_s7001.summary.json,i8080@closure,16,128,4,7001,False,750,16,0.125,0.125,0.11666434151785714,0.284721875,0.0962
i8080@closure_L16_st128_k4_s7001.summary.json,i8080@closure,16,128,4,7001,False,1000,16,0.0625,0.0625,0.09707147507440475,0.170621875,0.14185
i8080@closure_L16_st128_k4_s7001.summary.json,i8080@closure,16,128,4,7001,False,1500,16,0.125,0.125,0.10419340587797618,0.16038125,0.1498
i8080@closure_L16_st128_k4_s7001.summary.json,i8080@closure,16,128,4,7001,False,2000,16,0.1875,0.1875,0.14195731026785713,0.141646875,0.1561
i8080@closure_L16_st128_k4_s7001.summary.json,i8080@closure,16,128,4,7001,False,3000,16,0.125,0.125,0.10959588913690477,0.148665625,0.1497
i8080@closure_L16_st128_k4_s7001.summary.json,i8080@closure,16,128,4,7001,False,5000,16,0.0,0.0,0.06809082031250001,0.143421875,0.09435
i8080@closure_L16_st128_k4_s7001.summary.json,i8080@closure,16,128,4,7001,False,7500,16,0.0,0.0,0.05031854538690475,0.133240625,0.1172
i8080@closure_L16_st128_k4_s7001.summary.json,i8080@closure,16,128,4,7001,False,10000,16,0.0625,0.0625,0.06130138578869048,0.131428125,0.08875
i8080@closure_L16_st128_k4_s7001.summary.json,i8080@closure,16,128,4,7001,False,15000,16,0.0,0.0,0.02903413318452381,0.154484375,0.0906
i8080@closure_L16_st128_k4_s7001.summary.json,i8080@closure,16,128,4,7001,False,20000,16,0.0625,0.0,0.040907237293956046,0.145146875,0.11095
i8080@closure_L16_st128_k4_s7001.summary.json,i8080@closure,16,128,4,7001,False,30000,16,0.125,0.125,0.0894438244047619,0.136459375,0.10095
i8080@closure_L16_st128_k4_s7001.summary.json,i8080@closure,16,128,4,7001,False,50000,16,0.75,0.75,0.763760230654762,0.011675,0.63545
i8080@closure_L16_st128_k4_s7001.summary.json,i8080@closure,16,128,4,7001,False,75000,16,0.8125,0.8125,0.8081368582589286,0.00431875,0.8614
i8080@closure_L16_st128_k4_s7001.summary.json,i8080@closure,16,128,4,7001,False,100000,16,0.75,0.75,0.7511195591517857,0.003721875,0.86825
i8080@closure_L16_st128_k4_s7001.summary.json,i8080@closure,16,128,4,7001,False,150000,16,0.8125,0.8125,0.8184965587797619,0.003875,0.8778
i8080@closure_L16_st128_k4_s7001.summary.json,i8080@closure,16,128,4,7001,False,200000,16,0.8125,0.8125,0.81025390625,0.00395,0.8891
i8080@closure_L16_st128_k4_s7001.summary.json,i8080@closure,16,128,4,7001,False,300000,16,0.875,0.875,0.8763416108630953,0.0039625,0.8622
i8080@closure_L16_st128_k4_s7002.summary.json,i8080@closure,16,128,4,7002,False,50,16,0.0,0.0,0.06516229538690477,0.338175,0.0796
i8080@closure_L16_st128_k4_s7002.summary.json,i8080@closure,16,128,4,7002,False,100,16,0.0,0.0,0.05821940104166666,0.358928125,0.0908
i8080@closure_L16_st128_k4_s7002.summary.json,i8080@closure,16,128,4,7002,False,150,16,0.0,0.0,0.12243768601190477,0.369740625,0.09155
i8080@closure_L16_st128_k4_s7002.summary.json,i8080@closure,16,128,4,7002,False,200,16,0.0,0.0,0.09028087797619047,0.374484375,0.08875
i8080@closure_L16_st128_k4_s7002.summary.json,i8080@closure,16,128,4,7002,False,300,16,0.0,0.0,0.07519763764880952,0.3812625,0.08255
i8080@closure_L16_st128_k4_s7002.summary.json,i8080@closure,16,128,4,7002,False,500,16,0.0,0.0,0.06565755208333332,0.38216875,0.08075
i8080@closure_L16_st128_k4_s7002.summary.json,i8080@closure,16,128,4,7002,False,750,16,0.0,0.0,0.10842168898809523,0.380284375,0.08325
i8080@closure_L16_st128_k4_s7002.summary.json,i8080@closure,16,128,4,7002,False,1000,16,0.0,0.0,0.0836762927827381,0.383753125,0.07855
i8080@closure_L16_st128_k4_s7002.summary.json,i8080@closure,16,128,4,7002,False,1500,16,0.0625,0.0625,0.07639043898809524,0.3106,0.0773
i8080@closure_L16_st128_k4_s7002.summary.json,i8080@closure,16,128,4,7002,False,2000,16,0.25,0.25,0.1762338491586538,0.20165,0.1471
i8080@closure_L16_st128_k4_s7002.summary.json,i8080@closure,16,128,4,7002,False,3000,16,0.0625,0.0625,0.06685384114583334,0.15569375,0.1441
i8080@closure_L16_st128_k4_s7002.summary.json,i8080@closure,16,128,4,7002,False,5000,16,0.0625,0.0625,0.06547619047619047,0.146215625,0.10915
i8080@closure_L16_st128_k4_s7002.summary.json,i8080@closure,16,128,4,7002,False,7500,16,0.125,0.125,0.10985630580357143,0.150134375,0.07325
i8080@closure_L16_st128_k4_s7002.summary.json,i8080@closure,16,128,4,7002,False,10000,16,0.3125,0.3125,0.20031040736607142,0.140290625,0.0958
i8080@closure_L16_st128_k4_s7002.summary.json,i8080@closure,16,128,4,7002,False,15000,16,0.0625,0.0625,0.07204241071428572,0.1387,0.09815
i8080@closure_L16_st128_k4_s7002.summary.json,i8080@closure,16,128,4,7002,False,20000,16,0.3125,0.3125,0.19568801153273807,0.148078125,0.0771
i8080@closure_L16_st128_k4_s7002.summary.json,i8080@closure,16,128,4,7002,False,30000,16,0.5,0.5,0.518701171875,0.011134375,0.7008
i8080@closure_L16_st128_k4_s7002.summary.json,i8080@closure,16,128,4,7002,False,50000,16,0.875,0.875,0.8784098307291667,0.004296875,0.7609
i8080@closure_L16_st128_k4_s7002.summary.json,i8080@closure,16,128,4,7002,False,75000,16,0.8125,0.8125,0.8074346633184524,0.004490625,0.87745
i8080@closure_L16_st128_k4_s7002.summary.json,i8080@closure,16,128,4,7002,False,100000,16,0.875,0.875,0.8826625279017857,0.004853125,0.86695
i8080@closure_L16_st128_k4_s7002.summary.json,i8080@closure,16,128,4,7002,False,150000,16,0.9375,0.9375,0.9372314453125,0.004259375,0.87555
i8080@closure_L16_st128_k4_s7002.summary.json,i8080@closure,16,128,4,7002,False,200000,16,0.875,0.875,0.8850086030505953,0.003965625,0.8609
i8080@closure_L16_st128_k4_s7002.summary.json,i8080@closure,16,128,4,7002,False,300000,16,0.875,0.875,0.8845052083333333,0.003415625,0.87945
i8080@closure_L16_st128_k4_s7003.summary.json,i8080@closure,16,128,4,7003,False,50,16,0.0,0.0,0.05079985119047619,0.340890625,0.08145
i8080@closure_L16_st128_k4_s7003.summary.json,i8080@closure,16,128,4,7003,False,100,16,0.0,0.0,0.08290318080357142,0.361375,0.092
i8080@closure_L16_st128_k4_s7003.summary.json,i8080@closure,16,128,4,7003,False,150,16,0.0,0.0,0.12281087239583333,0.371503125,0.09465
i8080@closure_L16_st128_k4_s7003.summary.json,i8080@closure,16,128,4,7003,False,200,16,0.0,0.0,0.08081868489583333,0.375309375,0.09415
i8080@closure_L16_st128_k4_s7003.summary.json,i8080@closure,16,128,4,7003,False,300,16,0.0,0.0,0.07491396949404763,0.379934375,0.08855
i8080@closure_L16_st128_k4_s7003.summary.json,i8080@closure,16,128,4,7003,False,500,16,0.0,0.0,0.06413922991071429,0.380978125,0.0823
i8080@closure_L16_st128_k4_s7003.summary.json,i8080@closure,16,128,4,7003,False,750,16,0.0,0.0,0.06805361793154763,0.37845,0.0807
i8080@closure_L16_st128_k4_s7003.summary.json,i8080@closure,16,128,4,7003,False,1000,16,0.0,0.0,0.05693591889880952,0.382221875,0.08055
i8080@closure_L16_st128_k4_s7003.summary.json,i8080@closure,16,128,4,7003,False,1500,16,0.0,0.0,0.07019740513392857,0.386490625,0.0773
i8080@closure_L16_st128_k4_s7003.summary.json,i8080@closure,16,128,4,7003,False,2000,16,0.0,0.0,0.08906366257440476,0.37854375,0.07455
i8080@closure_L16_st128_k4_s7003.summary.json,i8080@closure,16,128,4,7003,False,3000,16,0.1875,0.1875,0.1230189732142857,0.15163125,0.17455
i8080@closure_L16_st128_k4_s7003.summary.json,i8080@closure,16,128,4,7003,False,5000,16,0.125,0.125,0.11872093563988095,0.155053125,0.1454
i8080@closure_L16_st128_k4_s7003.summary.json,i8080@closure,16,128,4,7003,False,7500,16,0.1875,0.1875,0.14142252604166666,0.139359375,0.1108
i8080@closure_L16_st128_k4_s7003.summary.json,i8080@closure,16,128,4,7003,False,10000,16,0.375,0.375,0.3877685546875,0.018775,0.26335
i8080@closure_L16_st128_k4_s7003.summary.json,i8080@closure,16,128,4,7003,False,15000,16,0.875,0.875,0.8769507998511905,0.004075,0.8581
i8080@closure_L16_st128_k4_s7003.summary.json,i8080@closure,16,128,4,7003,False,20000,16,1.0,1.0,0.9879740620707418,0.00526875,0.8455
i8080@closure_L16_st128_k4_s7003.summary.json,i8080@closure,16,128,4,7003,False,30000,16,0.75,0.75,0.7415364583333334,0.004515625,0.7923
i8080@closure_L16_st128_k4_s7003.summary.json,i8080@closure,16,128,4,7003,False,50000,16,0.8125,0.8125,0.8207845052083333,0.00399375,0.8741
i8080@closure_L16_st128_k4_s7003.summary.json,i8080@closure,16,128,4,7003,False,75000,16,0.8125,0.8125,0.821337890625,0.00408125,0.8811
i8080@closure_L16_st128_k4_s7003.summary.json,i8080@closure,16,128,4,7003,False,100000,16,0.9375,0.9375,0.9257405598958334,0.004125,0.86995
i8080@closure_L16_st128_k4_s7003.summary.json,i8080@closure,16,128,4,7003,False,150000,16,0.9375,0.9375,0.9292957124255953,0.0036625,0.8735
i8080@closure_L16_st128_k4_s7003.summary.json,i8080@closure,16,128,4,7003,False,200000,16,0.8125,0.8125,0.8134440104166667,0.003678125,0.8679
i8080@closure_L16_st128_k4_s7003.summary.json,i8080@closure,16,128,4,7003,False,300000,16,0.8125,0.8125,0.8096110026041667,0.003934375,0.8837
i8080@closure_L16_st128_k4_s7004.summary.json,i8080@closure,16,128,4,7004,False,50,16,0.0,0.0,0.10380394345238095,0.334484375,0.081
i8080@closure_L16_st128_k4_s7004.summary.json,i8080@closure,16,128,4,7004,False,100,16,0.0,0.0,0.06408342633928571,0.355675,0.0931
i8080@closure_L16_st128_k4_s7004.summary.json,i8080@closure,16,128,4,7004,False,150,16,0.0625,0.0625,0.12327357700892856,0.3616,0.095
i8080@closure_L16_st128_k4_s7004.summary.json,i8080@closure,16,128,4,7004,False,200,16,0.0,0.0,0.11448451450892858,0.3655125,0.01615
i8080@closure_L16_st128_k4_s7004.summary.json,i8080@closure,16,128,4,7004,False,300,16,0.0,0.0,0.07000906808035715,0.354159375,0.04275
i8080@closure_L16_st128_k4_s7004.summary.json,i8080@closure,16,128,4,7004,False,500,16,0.0,0.0,0.09716796875,0.320046875,0.07005
i8080@closure_L16_st128_k4_s7004.summary.json,i8080@closure,16,128,4,7004,False,750,16,0.0625,0.0625,0.08851841517857144,0.243734375,0.13135
i8080@closure_L16_st128_k4_s7004.summary.json,i8080@closure,16,128,4,7004,False,1000,16,0.0625,0.0625,0.08483770461309524,0.175075,0.18425
i8080@closure_L16_st128_k4_s7004.summary.json,i8080@closure,16,128,4,7004,False,1500,16,0.0625,0.0625,0.07880510602678571,0.156265625,0.15395
i8080@closure_L16_st128_k4_s7004.summary.json,i8080@closure,16,128,4,7004,False,2000,16,0.125,0.125,0.1217680431547619,0.162953125,0.16605
i8080@closure_L16_st128_k4_s7004.summary.json,i8080@closure,16,128,4,7004,False,3000,16,0.125,0.125,0.12259928385416669,0.164990625,0.14475
i8080@closure_L16_st128_k4_s7004.summary.json,i8080@closure,16,128,4,7004,False,5000,16,0.0625,0.0,0.05091378348214286,0.153671875,0.1576
i8080@closure_L16_st128_k4_s7004.summary.json,i8080@closure,16,128,4,7004,False,7500,16,0.125,0.125,0.1070893787202381,0.14919375,0.15065
i8080@closure_L16_st128_k4_s7004.summary.json,i8080@closure,16,128,4,7004,False,10000,16,0.125,0.0625,0.0993501209077381,0.150178125,0.08615
i8080@closure_L16_st128_k4_s7004.summary.json,i8080@closure,16,128,4,7004,False,15000,16,0.0625,0.0625,0.09324893043154761,0.132365625,0.08405
i8080@closure_L16_st128_k4_s7004.summary.json,i8080@closure,16,128,4,7004,False,20000,16,0.0625,0.0625,0.08718029203869049,0.146728125,0.08745
i8080@closure_L16_st128_k4_s7004.summary.json,i8080@closure,16,128,4,7004,False,30000,16,0.125,0.125,0.14875953311011902,0.12623125,0.10545
i8080@closure_L16_st128_k4_s7004.summary.json,i8080@closure,16,128,4,7004,False,50000,16,0.125,0.125,0.1233359088827839,0.141159375,0.0852
i8080@closure_L16_st128_k4_s7004.summary.json,i8080@closure,16,128,4,7004,False,75000,16,0.125,0.125,0.08094075520833333,0.129309375,0.1062
i8080@closure_L16_st128_k4_s7004.summary.json,i8080@closure,16,128,4,7004,False,100000,16,0.875,0.875,0.8790771484375,0.00395625,0.80785
i8080@closure_L16_st128_k4_s7004.summary.json,i8080@closure,16,128,4,7004,False,150000,16,0.875,0.875,0.8721516927083334,0.00328125,0.88285
i8080@closure_L16_st128_k4_s7004.summary.json,i8080@closure,16,128,4,7004,False,200000,16,0.8125,0.8125,0.8112223307291666,0.00405625,0.88425
i8080@closure_L16_st128_k4_s7004.summary.json,i8080@closure,16,128,4,7004,False,300000,16,0.75,0.75,0.7634312220982142,0.0039,0.88025
i8080@closure_L16_st128_k4_s7005.summary.json,i8080@closure,16,128,4,7005,False,50,16,0.0,0.0,0.05660691034226191,0.335925,0.08205
i8080@closure_L16_st128_k4_s7005.summary.json,i8080@closure,16,128,4,7005,False,100,16,0.0,0.0,0.08043968563988094,0.3571125,0.09405
i8080@closure_L16_st128_k4_s7005.summary.json,i8080@closure,16,128,4,7005,False,150,16,0.0,0.0,0.11728980654761903,0.36594375,0.0922
i8080@closure_L16_st128_k4_s7005.summary.json,i8080@closure,16,128,4,7005,False,200,16,0.0,0.0,0.10267740885416665,0.36994375,0.0856
i8080@closure_L16_st128_k4_s7005.summary.json,i8080@closure,16,128,4,7005,False,300,16,0.0,0.0,0.08560384114583333,0.378134375,0.0847
i8080@closure_L16_st128_k4_s7005.summary.json,i8080@closure,16,128,4,7005,False,500,16,0.0,0.0,0.0734095982142857,0.3823,0.0805
i8080@closure_L16_st128_k4_s7005.summary.json,i8080@closure,16,128,4,7005,False,750,16,0.0,0.0,0.060890997023809526,0.382809375,0.0878
i8080@closure_L16_st128_k4_s7005.summary.json,i8080@closure,16,128,4,7005,False,1000,16,0.0,0.0,0.066162109375,0.3854625,0.08285
i8080@closure_L16_st128_k4_s7005.summary.json,i8080@closure,16,128,4,7005,False,1500,16,0.0,0.0,0.08470052083333333,0.38336875,0.07655
i8080@closure_L16_st128_k4_s7005.summary.json,i8080@closure,16,128,4,7005,False,2000,16,0.0,0.0,0.07103678385416667,0.382540625,0.0845
i8080@closure_L16_st128_k4_s7005.summary.json,i8080@closure,16,128,4,7005,False,3000,16,0.0625,0.0625,0.16752348400297618,0.34223125,0.04995
i8080@closure_L16_st128_k4_s7005.summary.json,i8080@closure,16,128,4,7005,False,5000,16,0.0625,0.0625,0.09524623325892856,0.163203125,0.1536
i8080@closure_L16_st128_k4_s7005.summary.json,i8080@closure,16,128,4,7005,False,7500,16,0.125,0.125,0.09270019531250001,0.14245,0.18225
i8080@closure_L16_st128_k4_s7005.summary.json,i8080@closure,16,128,4,7005,False,10000,16,0.0625,0.0625,0.06961728050595238,0.16274375,0.15585
i8080@closure_L16_st128_k4_s7005.summary.json,i8080@closure,16,128,4,7005,False,15000,16,0.25,0.25,0.1616455078125,0.1516125,0.1668
i8080@closure_L16_st128_k4_s7005.summary.json,i8080@closure,16,128,4,7005,False,20000,16,0.0625,0.0625,0.055235072544642855,0.153471875,0.17645
i8080@closure_L16_st128_k4_s7005.summary.json,i8080@closure,16,128,4,7005,False,30000,16,0.25,0.1875,0.15718005952380953,0.138309375,0.1051
i8080@closure_L16_st128_k4_s7005.summary.json,i8080@closure,16,128,4,7005,False,50000,16,0.8125,0.8125,0.8218424479166667,0.004746875,0.71775
i8080@closure_L16_st128_k4_s7005.summary.json,i8080@closure,16,128,4,7005,False,75000,16,0.8125,0.8125,0.820556640625,0.003584375,0.8912
i8080@closure_L16_st128_k4_s7005.summary.json,i8080@closure,16,128,4,7005,False,100000,16,0.8125,0.8125,0.8252115885416667,0.004490625,0.87455
i8080@closure_L16_st128_k4_s7005.summary.json,i8080@closure,16,128,4,7005,False,150000,16,0.8125,0.8125,0.8118001302083333,0.004153125,0.85235
i8080@closure_L16_st128_k4_s7005.summary.json,i8080@closure,16,128,4,7005,False,200000,16,0.8125,0.8125,0.8182210286458333,0.004328125,0.8845
i8080@closure_L16_st128_k4_s7005.summary.json,i8080@closure,16,128,4,7005,False,300000,16,0.875,0.875,0.8755115327380953,0.00425,0.87185
i8080@closure_L16_st128_k4_s7006.summary.json,i8080@closure,16,128,4,7006,False,50,16,0.0,0.0,0.0711762927827381,0.337925,0.0772
i8080@closure_L16_st128_k4_s7006.summary.json,i8080@closure,16,128,4,7006,False,100,16,0.0,0.0,0.06074800037202381,0.3572875,0.08775
i8080@closure_L16_st128_k4_s7006.summary.json,i8080@closure,16,128,4,7006,False,150,16,0.0,0.0,0.08157668340773809,0.363590625,0.0108
i8080@closure_L16_st128_k4_s7006.summary.json,i8080@closure,16,128,4,7006,False,200,16,0.0,0.0,0.09312686011904761,0.3641625,0.0181
i8080@closure_L16_st128_k4_s7006.summary.json,i8080@closure,16,128,4,7006,False,300,16,0.0,0.0,0.042488606770833326,0.35521875,0.0404
i8080@closure_L16_st128_k4_s7006.summary.json,i8080@closure,16,128,4,7006,False,500,16,0.0,0.0,0.08208356584821427,0.3116625,0.07735
i8080@closure_L16_st128_k4_s7006.summary.json,i8080@closure,16,128,4,7006,False,750,16,0.125,0.125,0.10644182477678571,0.241990625,0.12875
i8080@closure_L16_st128_k4_s7006.summary.json,i8080@closure,16,128,4,7006,False,1000,16,0.0,0.0,0.05144856770833333,0.19049375,0.1394
i8080@closure_L16_st128_k4_s7006.summary.json,i8080@closure,16,128,4,7006,False,1500,16,0.0625,0.0625,0.06878317808493589,0.156828125,0.13735
i8080@closure_L16_st128_k4_s7006.summary.json,i8080@closure,16,128,4,7006,False,2000,16,0.125,0.125,0.11401134672619048,0.174440625,0.11425
i8080@closure_L16_st128_k4_s7006.summary.json,i8080@closure,16,128,4,7006,False,3000,16,0.1875,0.0,0.14360119047619047,0.170034375,0.1265
i8080@closure_L16_st128_k4_s7006.summary.json,i8080@closure,16,128,4,7006,False,5000,16,0.25,0.1875,0.15586635044642855,0.1464125,0.13645
i8080@closure_L16_st128_k4_s7006.summary.json,i8080@closure,16,128,4,7006,False,7500,16,0.125,0.125,0.11422874813988096,0.14644375,0.11305
i8080@closure_L16_st128_k4_s7006.summary.json,i8080@closure,16,128,4,7006,False,10000,16,0.25,0.25,0.16958705357142856,0.131965625,0.1042
i8080@closure_L16_st128_k4_s7006.summary.json,i8080@closure,16,128,4,7006,False,15000,16,0.125,0.125,0.07378135373740842,0.137221875,0.10855
i8080@closure_L16_st128_k4_s7006.summary.json,i8080@closure,16,128,4,7006,False,20000,16,0.0625,0.0625,0.08360653831845237,0.145725,0.0949
i8080@closure_L16_st128_k4_s7006.summary.json,i8080@closure,16,128,4,7006,False,30000,16,0.1875,0.1875,0.1679350353422619,0.137415625,0.09205
i8080@closure_L16_st128_k4_s7006.summary.json,i8080@closure,16,128,4,7006,False,50000,16,0.125,0.125,0.11425897507440477,0.14280625,0.0897
i8080@closure_L16_st128_k4_s7006.summary.json,i8080@closure,16,128,4,7006,False,75000,16,0.625,0.625,0.6360374813988096,0.003884375,0.8452
i8080@closure_L16_st128_k4_s7006.summary.json,i8080@closure,16,128,4,7006,False,100000,16,0.9375,0.9375,0.93169678628663,0.003925,0.8562
i8080@closure_L16_st128_k4_s7006.summary.json,i8080@closure,16,128,4,7006,False,150000,16,0.8125,0.8125,0.8151843843005953,0.00355,0.87725
i8080@closure_L16_st128_k4_s7006.summary.json,i8080@closure,16,128,4,7006,False,200000,16,0.9375,0.9375,0.9378243582589285,0.00373125,0.8768
i8080@closure_L16_st128_k4_s7006.summary.json,i8080@closure,16,128,4,7006,False,300000,16,0.75,0.75,0.7506254650297619,0.006184375,0.83995
i8080@closure_L16_st128_k4_s7007.summary.json,i8080@closure,16,128,4,7007,False,50,16,0.0,0.0,0.06420665922619047,0.3372625,0.08145
i8080@closure_L16_st128_k4_s7007.summary.json,i8080@closure,16,128,4,7007,False,100,16,0.0,0.0,0.08994256882440477,0.358825,0.09045
i8080@closure_L16_st128_k4_s7007.summary.json,i8080@closure,16,128,4,7007,False,150,16,0.0,0.0,0.08879743303571429,0.368434375,0.09035
i8080@closure_L16_st128_k4_s7007.summary.json,i8080@closure,16,128,4,7007,False,200,16,0.0,0.0,0.08692220052083333,0.372934375,0.08695
i8080@closure_L16_st128_k4_s7007.summary.json,i8080@closure,16,128,4,7007,False,300,16,0.0,0.0,0.15604073660714285,0.379209375,0.08215
i8080@closure_L16_st128_k4_s7007.summary.json,i8080@closure,16,128,4,7007,False,500,16,0.0,0.0,0.08356933593749999,0.38340625,0.07975
i8080@closure_L16_st128_k4_s7007.summary.json,i8080@closure,16,128,4,7007,False,750,16,0.0,0.0,0.07449660528273808,0.378328125,0.083
i8080@closure_L16_st128_k4_s7007.summary.json,i8080@closure,16,128,4,7007,False,1000,16,0.0,0.0,0.10560244605654762,0.365128125,0.02305
i8080@closure_L16_st128_k4_s7007.summary.json,i8080@closure,16,128,4,7007,False,1500,16,0.25,0.25,0.2100341796875,0.27246875,0.06545
i8080@closure_L16_st128_k4_s7007.summary.json,i8080@closure,16,128,4,7007,False,2000,16,0.0625,0.0625,0.0594389415922619,0.2131,0.08385
i8080@closure_L16_st128_k4_s7007.summary.json,i8080@closure,16,128,4,7007,False,3000,16,0.0625,0.0625,0.08555966331845237,0.159559375,0.13925
i8080@closure_L16_st128_k4_s7007.summary.json,i8080@closure,16,128,4,7007,False,5000,16,0.0625,0.0625,0.08353678385416667,0.161365625,0.14045
i8080@closure_L16_st128_k4_s7007.summary.json,i8080@closure,16,128,4,7007,False,7500,16,0.25,0.25,0.159814453125,0.1466375,0.1486
i8080@closure_L16_st128_k4_s7007.summary.json,i8080@closure,16,128,4,7007,False,10000,16,0.125,0.125,0.1377836681547619,0.139575,0.1329
i8080@closure_L16_st128_k4_s7007.summary.json,i8080@closure,16,128,4,7007,False,15000,16,0.1875,0.1875,0.15966796875,0.139440625,0.12275
i8080@closure_L16_st128_k4_s7007.summary.json,i8080@closure,16,128,4,7007,False,20000,16,0.25,0.25,0.1282470703125,0.134565625,0.09925
i8080@closure_L16_st128_k4_s7007.summary.json,i8080@closure,16,128,4,7007,False,30000,16,0.1875,0.1875,0.15165201822916666,0.14949375,0.09845
i8080@closure_L16_st128_k4_s7007.summary.json,i8080@closure,16,128,4,7007,False,50000,16,0.875,0.875,0.8779215494791667,0.0039375,0.7358
i8080@closure_L16_st128_k4_s7007.summary.json,i8080@closure,16,128,4,7007,False,75000,16,0.625,0.625,0.6368722098214286,0.0038625,0.84585
i8080@closure_L16_st128_k4_s7007.summary.json,i8080@closure,16,128,4,7007,False,100000,16,0.875,0.875,0.8740234375,0.003765625,0.88245
i8080@closure_L16_st128_k4_s7007.summary.json,i8080@closure,16,128,4,7007,False,150000,16,0.8125,0.8125,0.8141741071428572,0.00441875,0.87715
i8080@closure_L16_st128_k4_s7007.summary.json,i8080@closure,16,128,4,7007,False,200000,16,0.8125,0.8125,0.8189534505208333,0.003659375,0.89005
i8080@closure_L16_st128_k4_s7007.summary.json,i8080@closure,16,128,4,7007,False,300000,16,0.875,0.875,0.8761544363839286,0.00278125,0.8962
i8080@closure_L16_st128_k4_s7008.summary.json,i8080@closure,16,128,4,7008,False,50,16,0.0,0.0,0.08423200334821429,0.333890625,0.073
i8080@closure_L16_st128_k4_s7008.summary.json,i8080@closure,16,128,4,7008,False,100,16,0.0,0.0,0.05959356398809524,0.3562375,0.08735
i8080@closure_L16_st128_k4_s7008.summary.json,i8080@closure,16,128,4,7008,False,150,16,0.0,0.0,0.06964169456845237,0.36571875,0.09005
i8080@closure_L16_st128_k4_s7008.summary.json,i8080@closure,16,128,4,7008,False,200,16,0.0,0.0,0.07106182391826922,0.367996875,0.0858
i8080@closure_L16_st128_k4_s7008.summary.json,i8080@closure,16,128,4,7008,False,300,16,0.0,0.0,0.06079217819940476,0.361465625,0.0279
i8080@closure_L16_st128_k4_s7008.summary.json,i8080@closure,16,128,4,7008,False,500,16,0.0625,0.0625,0.09955008370535715,0.32235625,0.0645
i8080@closure_L16_st128_k4_s7008.summary.json,i8080@closure,16,128,4,7008,False,750,16,0.1875,0.1875,0.1636962890625,0.2374625,0.11085
i8080@closure_L16_st128_k4_s7008.summary.json,i8080@closure,16,128,4,7008,False,1000,16,0.1875,0.1875,0.12755417596726187,0.175396875,0.1285
i8080@closure_L16_st128_k4_s7008.summary.json,i8080@closure,16,128,4,7008,False,1500,16,0.125,0.125,0.10740094866071428,0.14484375,0.13105
i8080@closure_L16_st128_k4_s7008.summary.json,i8080@closure,16,128,4,7008,False,2000,16,0.1875,0.1875,0.11795247395833332,0.158259375,0.1283
i8080@closure_L16_st128_k4_s7008.summary.json,i8080@closure,16,128,4,7008,False,3000,16,0.25,0.25,0.16496117001488098,0.14821875,0.09985
i8080@closure_L16_st128_k4_s7008.summary.json,i8080@closure,16,128,4,7008,False,5000,16,0.1875,0.1875,0.1355294363839286,0.134790625,0.1017
i8080@closure_L16_st128_k4_s7008.summary.json,i8080@closure,16,128,4,7008,False,7500,16,0.75,0.75,0.7656168619791667,0.052765625,0.7085
i8080@closure_L16_st128_k4_s7008.summary.json,i8080@closure,16,128,4,7008,False,10000,16,0.875,0.875,0.8833984375,0.016990625,0.8062
i8080@closure_L16_st128_k4_s7008.summary.json,i8080@closure,16,128,4,7008,False,15000,16,0.75,0.75,0.7712483723958333,0.003909375,0.8641
i8080@closure_L16_st128_k4_s7008.summary.json,i8080@closure,16,128,4,7008,False,20000,16,0.9375,0.9375,0.9295003255208334,0.003496875,0.8546
i8080@closure_L16_st128_k4_s7008.summary.json,i8080@closure,16,128,4,7008,False,30000,16,0.75,0.75,0.7600713820684524,0.004078125,0.86655
i8080@closure_L16_st128_k4_s7008.summary.json,i8080@closure,16,128,4,7008,False,50000,16,0.875,0.875,0.8798828125,0.004375,0.86385
i8080@closure_L16_st128_k4_s7008.summary.json,i8080@closure,16,128,4,7008,False,75000,16,0.75,0.75,0.7522774832589285,0.004240625,0.8737
i8080@closure_L16_st128_k4_s7008.summary.json,i8080@closure,16,128,4,7008,False,100000,16,0.8125,0.8125,0.8204182942708333,0.003909375,0.8736
i8080@closure_L16_st128_k4_s7008.summary.json,i8080@closure,16,128,4,7008,False,150000,16,0.8125,0.8125,0.812890625,0.00419375,0.88535
i8080@closure_L16_st128_k4_s7008.summary.json,i8080@closure,16,128,4,7008,False,200000,16,0.9375,0.9375,0.9333821614583333,0.00410625,0.8736
i8080@closure_L16_st128_k4_s7008.summary.json,i8080@closure,16,128,4,7008,False,300000,16,0.9375,0.9375,0.9296549479166667,0.003971875,0.8669
i8080@closure_L16_st128_k4_s7009.summary.json,i8080@closure,16,128,4,7009,False,50,16,0.0,0.0,0.08975423177083333,0.33614375,0.082
i8080@closure_L16_st128_k4_s7009.summary.json,i8080@closure,16,128,4,7009,False,100,16,0.0,0.0,0.08482840401785714,0.35733125,0.09415
i8080@closure_L16_st128_k4_s7009.summary.json,i8080@closure,16,128,4,7009,False,150,16,0.0,0.0,0.08516000600961537,0.361853125,0.0933
i8080@closure_L16_st128_k4_s7009.summary.json,i8080@closure,16,128,4,7009,False,200,16,0.0625,0.0625,0.08421107700892858,0.363790625,0.02095
i8080@closure_L16_st128_k4_s7009.summary.json,i8080@closure,16,128,4,7009,False,300,16,0.0,0.0,0.07150762648809524,0.3495875,0.0375
i8080@closure_L16_st128_k4_s7009.summary.json,i8080@closure,16,128,4,7009,False,500,16,0.1875,0.1875,0.15075218563988096,0.302428125,0.097
i8080@closure_L16_st128_k4_s7009.summary.json,i8080@closure,16,128,4,7009,False,750,16,0.25,0.25,0.2004243396577381,0.21236875,0.17215
i8080@closure_L16_st128_k4_s7009.summary.json,i8080@closure,16,128,4,7009,False,1000,16,0.1875,0.1875,0.1297665550595238,0.176265625,0.1658
i8080@closure_L16_st128_k4_s7009.summary.json,i8080@closure,16,128,4,7009,False,1500,16,0.0625,0.0625,0.05948079427083333,0.138609375,0.1551
i8080@closure_L16_st128_k4_s7009.summary.json,i8080@closure,16,128,4,7009,False,2000,16,0.1875,0.125,0.12635904947916665,0.147596875,0.15675
i8080@closure_L16_st128_k4_s7009.summary.json,i8080@closure,16,128,4,7009,False,3000,16,0.125,0.0625,0.09488002232142859,0.1564625,0.14505
i8080@closure_L16_st128_k4_s7009.summary.json,i8080@closure,16,128,4,7009,False,5000,16,0.0625,0.0625,0.08378906250000001,0.143753125,0.1645
i8080@closure_L16_st128_k4_s7009.summary.json,i8080@closure,16,128,4,7009,False,7500,16,0.25,0.25,0.164306640625,0.135559375,0.12305
i8080@closure_L16_st128_k4_s7009.summary.json,i8080@closure,16,128,4,7009,False,10000,16,0.0625,0.0625,0.0790829613095238,0.1423125,0.11555
i8080@closure_L16_st128_k4_s7009.summary.json,i8080@closure,16,128,4,7009,False,15000,16,0.0625,0.0,0.043130347842261905,0.137928125,0.0975
i8080@closure_L16_st128_k4_s7009.summary.json,i8080@closure,16,128,4,7009,False,20000,16,0.8125,0.8125,0.8171875,0.011153125,0.2172
i8080@closure_L16_st128_k4_s7009.summary.json,i8080@closure,16,128,4,7009,False,30000,16,0.9375,0.9375,0.9418863932291667,0.004371875,0.8309
i8080@closure_L16_st128_k4_s7009.summary.json,i8080@closure,16,128,4,7009,False,50000,16,1.0,1.0,0.9960042317708333,0.004075,0.85955
i8080@closure_L16_st128_k4_s7009.summary.json,i8080@closure,16,128,4,7009,False,75000,16,0.8125,0.8125,0.8302652994791666,0.0036625,0.85835
i8080@closure_L16_st128_k4_s7009.summary.json,i8080@closure,16,128,4,7009,False,100000,16,0.9375,0.9375,0.9380836123511904,0.00391875,0.88995
i8080@closure_L16_st128_k4_s7009.summary.json,i8080@closure,16,128,4,7009,False,150000,16,0.9375,0.9375,0.9367094494047619,0.00334375,0.8661
i8080@closure_L16_st128_k4_s7009.summary.json,i8080@closure,16,128,4,7009,False,200000,16,0.875,0.875,0.877294921875,0.004,0.8742
i8080@closure_L16_st128_k4_s7009.summary.json,i8080@closure,16,128,4,7009,False,300000,16,0.875,0.875,0.867529296875,0.0035625,0.8613
i8080@closure_L16_st128_k4_s7010.summary.json,i8080@closure,16,128,4,7010,False,50,16,0.0,0.0,0.07533285399496337,0.336115625,0.07925
i8080@closure_L16_st128_k4_s7010.summary.json,i8080@closure,16,128,4,7010,False,100,16,0.0,0.0,0.11311848958333333,0.359603125,0.08775
i8080@closure_L16_st128_k4_s7010.summary.json,i8080@closure,16,128,4,7010,False,150,16,0.0,0.0,0.11754092261904761,0.369984375,0.08675
i8080@closure_L16_st128_k4_s7010.summary.json,i8080@closure,16,128,4,7010,False,200,16,0.0,0.0,0.0999755859375,0.37305,0.08655
i8080@closure_L16_st128_k4_s7010.summary.json,i8080@closure,16,128,4,7010,False,300,16,0.0,0.0,0.04472539992559524,0.3722375,0.07785
i8080@closure_L16_st128_k4_s7010.summary.json,i8080@closure,16,128,4,7010,False,500,16,0.0625,0.0625,0.12302362351190475,0.325240625,0.04045
i8080@closure_L16_st128_k4_s7010.summary.json,i8080@closure,16,128,4,7010,False,750,16,0.3125,0.3125,0.21011207217261907,0.23080625,0.10035
i8080@closure_L16_st128_k4_s7010.summary.json,i8080@closure,16,128,4,7010,False,1000,16,0.0625,0.0625,0.0767636253720238,0.184046875,0.13755
i8080@closure_L16_st128_k4_s7010.summary.json,i8080@closure,16,128,4,7010,False,1500,16,0.25,0.25,0.1842785063244048,0.151525,0.1523
i8080@closure_L16_st128_k4_s7010.summary.json,i8080@closure,16,128,4,7010,False,2000,16,0.0,0.0,0.05683361235119047,0.159484375,0.14905
i8080@closure_L16_st128_k4_s7010.summary.json,i8080@closure,16,128,4,7010,False,3000,16,0.25,0.25,0.17451985677083331,0.163884375,0.14615
i8080@closure_L16_st128_k4_s7010.summary.json,i8080@closure,16,128,4,7010,False,5000,16,0.0625,0.0625,0.07557896205357142,0.138296875,0.17545
i8080@closure_L16_st128_k4_s7010.summary.json,i8080@closure,16,128,4,7010,False,7500,16,0.125,0.0625,0.08084077380952381,0.15775625,0.16375
i8080@closure_L16_st128_k4_s7010.summary.json,i8080@closure,16,128,4,7010,False,10000,16,0.0625,0.0625,0.06728050595238096,0.154184375,0.15355
i8080@closure_L16_st128_k4_s7010.summary.json,i8080@closure,16,128,4,7010,False,15000,16,0.0625,0.0625,0.06858258928571428,0.157075,0.14175
i8080@closure_L16_st128_k4_s7010.summary.json,i8080@closure,16,128,4,7010,False,20000,16,0.6875,0.6875,0.6951171875,0.009096875,0.19225
i8080@closure_L16_st128_k4_s7010.summary.json,i8080@closure,16,128,4,7010,False,30000,16,0.9375,0.9375,0.9376220703125,0.00375625,0.8405
i8080@closure_L16_st128_k4_s7010.summary.json,i8080@closure,16,128,4,7010,False,50000,16,0.9375,0.9375,0.9403145926339286,0.003534375,0.78785
i8080@closure_L16_st128_k4_s7010.summary.json,i8080@closure,16,128,4,7010,False,75000,16,1.0,1.0,1.0,0.0049,0.85145
i8080@closure_L16_st128_k4_s7010.summary.json,i8080@closure,16,128,4,7010,False,100000,16,0.875,0.875,0.8700927734375,0.0044,0.8658
i8080@closure_L16_st128_k4_s7010.summary.json,i8080@closure,16,128,4,7010,False,150000,16,1.0,1.0,1.0,0.004490625,0.87165
i8080@closure_L16_st128_k4_s7010.summary.json,i8080@closure,16,128,4,7010,False,200000,16,0.8125,0.8125,0.8121221633184523,0.003878125,0.8729
i8080@closure_L16_st128_k4_s7010.summary.json,i8080@closure,16,128,4,7010,False,300000,16,0.875,0.875,0.8749918619791666,0.0038125,0.88735
i8080@closure_L16_st128_k4_s7011.summary.json,i8080@closure,16,128,4,7011,False,50,16,0.0,0.0,0.10970517113095238,0.33931875,0.082
i8080@closure_L16_st128_k4_s7011.summary.json,i8080@closure,16,128,4,7011,False,100,16,0.0,0.0,0.049361746651785714,0.35838125,0.094
i8080@closure_L16_st128_k4_s7011.summary.json,i8080@closure,16,128,4,7011,False,150,16,0.0,0.0,0.07364908854166666,0.367971875,0.0957
i8080@closure_L16_st128_k4_s7011.summary.json,i8080@closure,16,128,4,7011,False,200,16,0.0,0.0,0.05355980282738095,0.37225,0.0898
i8080@closure_L16_st128_k4_s7011.summary.json,i8080@closure,16,128,4,7011,False,300,16,0.0,0.0,0.09009602864583333,0.375584375,0.08335
i8080@closure_L16_st128_k4_s7011.summary.json,i8080@closure,16,128,4,7011,False,500,16,0.0,0.0,0.0972900390625,0.379521875,0.08755
i8080@closure_L16_st128_k4_s7011.summary.json,i8080@closure,16,128,4,7011,False,750,16,0.0625,0.0625,0.13333333333333333,0.368834375,0.01845
i8080@closure_L16_st128_k4_s7011.summary.json,i8080@closure,16,128,4,7011,False,1000,16,0.125,0.0625,0.14351167224702382,0.3448625,0.04305
i8080@closure_L16_st128_k4_s7011.summary.json,i8080@closure,16,128,4,7011,False,1500,16,0.0625,0.0,0.08354027157738095,0.2596625,0.1137
i8080@closure_L16_st128_k4_s7011.summary.json,i8080@closure,16,128,4,7011,False,2000,16,0.0,0.0,0.041993350074404766,0.155621875,0.18625
i8080@closure_L16_st128_k4_s7011.summary.json,i8080@closure,16,128,4,7011,False,3000,16,0.125,0.125,0.14843633742559526,0.146775,0.17115
i8080@closure_L16_st128_k4_s7011.summary.json,i8080@closure,16,128,4,7011,False,5000,16,0.125,0.125,0.10056849888392858,0.144028125,0.15085
i8080@closure_L16_st128_k4_s7011.summary.json,i8080@closure,16,128,4,7011,False,7500,16,0.25,0.25,0.1756463913690476,0.136115625,0.10945
i8080@closure_L16_st128_k4_s7011.summary.json,i8080@closure,16,128,4,7011,False,10000,16,0.25,0.25,0.16020042782738092,0.13720625,0.097
i8080@closure_L16_st128_k4_s7011.summary.json,i8080@closure,16,128,4,7011,False,15000,16,0.0625,0.0625,0.12516276041666666,0.14796875,0.0785
i8080@closure_L16_st128_k4_s7011.summary.json,i8080@closure,16,128,4,7011,False,20000,16,0.25,0.25,0.1662899925595238,0.1555375,0.0803
i8080@closure_L16_st128_k4_s7011.summary.json,i8080@closure,16,128,4,7011,False,30000,16,0.125,0.125,0.11861165364583334,0.138671875,0.09155
i8080@closure_L16_st128_k4_s7011.summary.json,i8080@closure,16,128,4,7011,False,50000,16,0.125,0.125,0.10034877232142857,0.135678125,0.0866
i8080@closure_L16_st128_k4_s7011.summary.json,i8080@closure,16,128,4,7011,False,75000,16,0.9375,0.9375,0.9351155598958334,0.004384375,0.8235
i8080@closure_L16_st128_k4_s7011.summary.json,i8080@closure,16,128,4,7011,False,100000,16,1.0,1.0,0.9960205078125,0.00410625,0.82275
i8080@closure_L16_st128_k4_s7011.summary.json,i8080@closure,16,128,4,7011,False,150000,16,0.875,0.875,0.8768310546875,0.00525,0.87205
i8080@closure_L16_st128_k4_s7011.summary.json,i8080@closure,16,128,4,7011,False,200000,16,0.875,0.875,0.8666585286458333,0.00421875,0.8901
i8080@closure_L16_st128_k4_s7011.summary.json,i8080@closure,16,128,4,7011,False,300000,16,0.875,0.875,0.8728585379464286,0.003575,0.8767
i8080@closure_L16_st128_k4_s7012.summary.json,i8080@closure,16,128,4,7012,False,50,16,0.0,0.0,0.05174734933035714,0.337225,0.0835
i8080@closure_L16_st128_k4_s7012.summary.json,i8080@closure,16,128,4,7012,False,100,16,0.0,0.0,0.07724493117559524,0.359365625,0.08995
i8080@closure_L16_st128_k4_s7012.summary.json,i8080@closure,16,128,4,7012,False,150,16,0.0,0.0,0.04808756510416666,0.3688125,0.0944
i8080@closure_L16_st128_k4_s7012.summary.json,i8080@closure,16,128,4,7012,False,200,16,0.0,0.0,0.10816127232142857,0.375209375,0.09245
i8080@closure_L16_st128_k4_s7012.summary.json,i8080@closure,16,128,4,7012,False,300,16,0.0,0.0,0.09605136074862636,0.379153125,0.08485
i8080@closure_L16_st128_k4_s7012.summary.json,i8080@closure,16,128,4,7012,False,500,16,0.0,0.0,0.1078671409970238,0.382115625,0.08175
i8080@closure_L16_st128_k4_s7012.summary.json,i8080@closure,16,128,4,7012,False,750,16,0.0,0.0,0.0853178478422619,0.38554375,0.0774
i8080@closure_L16_st128_k4_s7012.summary.json,i8080@closure,16,128,4,7012,False,1000,16,0.0,0.0,0.08544921875,0.383784375,0.0807
i8080@closure_L16_st128_k4_s7012.summary.json,i8080@closure,16,128,4,7012,False,1500,16,0.0,0.0,0.09719005766369049,0.3803625,0.0803
i8080@closure_L16_st128_k4_s7012.summary.json,i8080@closure,16,128,4,7012,False,2000,16,0.0,0.0,0.07843773251488095,0.379984375,0.08385
i8080@closure_L16_st128_k4_s7012.summary.json,i8080@closure,16,128,4,7012,False,3000,16,0.0,0.0,0.08494376717032967,0.38594375,0.08805
i8080@closure_L16_st128_k4_s7012.summary.json,i8080@closure,16,128,4,7012,False,5000,16,0.0,0.0,0.11619001116071428,0.38351875,0.0784
i8080@closure_L16_st128_k4_s7012.summary.json,i8080@closure,16,128,4,7012,False,7500,16,0.125,0.125,0.12210518973214285,0.146946875,0.14225
i8080@closure_L16_st128_k4_s7012.summary.json,i8080@closure,16,128,4,7012,False,10000,16,0.125,0.125,0.13462727864583332,0.155240625,0.1577
i8080@closure_L16_st128_k4_s7012.summary.json,i8080@closure,16,128,4,7012,False,15000,16,0.125,0.125,0.11642252604166667,0.159703125,0.15885
i8080@closure_L16_st128_k4_s7012.summary.json,i8080@closure,16,128,4,7012,False,20000,16,0.0,0.0,0.062441871279761904,0.154940625,0.13825
i8080@closure_L16_st128_k4_s7012.summary.json,i8080@closure,16,128,4,7012,False,30000,16,0.0625,0.0625,0.08683617001488095,0.145184375,0.09555
i8080@closure_L16_st128_k4_s7012.summary.json,i8080@closure,16,128,4,7012,False,50000,16,0.125,0.125,0.11826636904761904,0.137859375,0.11225
i8080@closure_L16_st128_k4_s7012.summary.json,i8080@closure,16,128,4,7012,False,75000,16,0.875,0.875,0.8678606305803571,0.004684375,0.86755
i8080@closure_L16_st128_k4_s7012.summary.json,i8080@closure,16,128,4,7012,False,100000,16,0.875,0.875,0.8775716145833333,0.003609375,0.85995
i8080@closure_L16_st128_k4_s7012.summary.json,i8080@closure,16,128,4,7012,False,150000,16,0.8125,0.8125,0.8127918061755952,0.00415625,0.87355
i8080@closure_L16_st128_k4_s7012.summary.json,i8080@closure,16,128,4,7012,False,200000,16,0.75,0.75,0.7472726004464285,0.003509375,0.88605
i8080@closure_L16_st128_k4_s7012.summary.json,i8080@closure,16,128,4,7012,False,300000,16,0.875,0.875,0.874462890625,0.004115625,0.88415
i8080@closure_L16_st128_k4_s7013.summary.json,i8080@closure,16,128,4,7013,False,50,16,0.0,0.0,0.07410365513392857,0.335309375,0.0821
i8080@closure_L16_st128_k4_s7013.summary.json,i8080@closure,16,128,4,7013,False,100,16,0.0,0.0,0.07913876488095238,0.357515625,0.09115
i8080@closure_L16_st128_k4_s7013.summary.json,i8080@closure,16,128,4,7013,False,150,16,0.0,0.0,0.07468959263392858,0.368246875,0.0925
i8080@closure_L16_st128_k4_s7013.summary.json,i8080@closure,16,128,4,7013,False,200,16,0.0,0.0,0.11278018043154761,0.372809375,0.08755
i8080@closure_L16_st128_k4_s7013.summary.json,i8080@closure,16,128,4,7013,False,300,16,0.0,0.0,0.08102329799107143,0.379184375,0.0872
i8080@closure_L16_st128_k4_s7013.summary.json,i8080@closure,16,128,4,7013,False,500,16,0.0,0.0,0.08357398623511905,0.380128125,0.08425
i8080@closure_L16_st128_k4_s7013.summary.json,i8080@closure,16,128,4,7013,False,750,16,0.0,0.0,0.06543666294642857,0.38034375,0.0835
i8080@closure_L16_st128_k4_s7013.summary.json,i8080@closure,16,128,4,7013,False,1000,16,0.0,0.0,0.07196219308035715,0.382053125,0.08175
i8080@closure_L16_st128_k4_s7013.summary.json,i8080@closure,16,128,4,7013,False,1500,16,0.0,0.0,0.07707635788690476,0.37969375,0.0828
i8080@closure_L16_st128_k4_s7013.summary.json,i8080@closure,16,128,4,7013,False,2000,16,0.0,0.0,0.06918167281936813,0.38255625,0.0777
i8080@closure_L16_st128_k4_s7013.summary.json,i8080@closure,16,128,4,7013,False,3000,16,0.125,0.0625,0.07567894345238095,0.17095625,0.15755
i8080@closure_L16_st128_k4_s7013.summary.json,i8080@closure,16,128,4,7013,False,5000,16,0.1875,0.1875,0.1649809337797619,0.15315,0.15545
i8080@closure_L16_st128_k4_s7013.summary.json,i8080@closure,16,128,4,7013,False,7500,16,0.125,0.125,0.08674781436011904,0.13738125,0.1058
i8080@closure_L16_st128_k4_s7013.summary.json,i8080@closure,16,128,4,7013,False,10000,16,0.3125,0.3125,0.20105561755952378,0.143459375,0.09635
i8080@closure_L16_st128_k4_s7013.summary.json,i8080@closure,16,128,4,7013,False,15000,16,0.3125,0.3125,0.20283668154761902,0.145659375,0.1033
i8080@closure_L16_st128_k4_s7013.summary.json,i8080@closure,16,128,4,7013,False,20000,16,0.0625,0.0625,0.0754022507440476,0.1454,0.09425
i8080@closure_L16_st128_k4_s7013.summary.json,i8080@closure,16,128,4,7013,False,30000,16,0.8125,0.8125,0.8182942708333334,0.009784375,0.8214
i8080@closure_L16_st128_k4_s7013.summary.json,i8080@closure,16,128,4,7013,False,50000,16,0.875,0.875,0.8801839192708334,0.004190625,0.83355
i8080@closure_L16_st128_k4_s7013.summary.json,i8080@closure,16,128,4,7013,False,75000,16,0.9375,0.9375,0.9413818359375,0.003625,0.86805
i8080@closure_L16_st128_k4_s7013.summary.json,i8080@closure,16,128,4,7013,False,100000,16,0.8125,0.8125,0.8243815104166667,0.00355,0.9012
i8080@closure_L16_st128_k4_s7013.summary.json,i8080@closure,16,128,4,7013,False,150000,16,0.875,0.875,0.8791073753720238,0.003990625,0.8647
i8080@closure_L16_st128_k4_s7013.summary.json,i8080@closure,16,128,4,7013,False,200000,16,0.9375,0.9375,0.9359619140625,0.003678125,0.875
i8080@closure_L16_st128_k4_s7013.summary.json,i8080@closure,16,128,4,7013,False,300000,16,0.9375,0.9375,0.9395263671875,0.0043,0.8785
i8080@closure_L16_st128_k4_s7014.summary.json,i8080@closure,16,128,4,7014,False,50,16,0.0,0.0,0.06751302083333333,0.33625625,0.08245
i8080@closure_L16_st128_k4_s7014.summary.json,i8080@closure,16,128,4,7014,False,100,16,0.0,0.0,0.10170898437499999,0.357128125,0.0897
i8080@closure_L16_st128_k4_s7014.summary.json,i8080@closure,16,128,4,7014,False,150,16,0.0,0.0,0.07682872953869047,0.364521875,0.08955
i8080@closure_L16_st128_k4_s7014.summary.json,i8080@closure,16,128,4,7014,False,200,16,0.0,0.0,0.05357491629464285,0.370628125,0.0878
i8080@closure_L16_st128_k4_s7014.summary.json,i8080@closure,16,128,4,7014,False,300,16,0.0,0.0,0.08361557062728937,0.3766375,0.0825
i8080@closure_L16_st128_k4_s7014.summary.json,i8080@closure,16,128,4,7014,False,500,16,0.0,0.0,0.09179222470238094,0.38403125,0.08105
i8080@closure_L16_st128_k4_s7014.summary.json,i8080@closure,16,128,4,7014,False,750,16,0.0,0.0,0.09117954799107143,0.38375,0.08555
i8080@closure_L16_st128_k4_s7014.summary.json,i8080@closure,16,128,4,7014,False,1000,16,0.0,0.0,0.06837216331845239,0.38340625,0.07945
i8080@closure_L16_st128_k4_s7014.summary.json,i8080@closure,16,128,4,7014,False,1500,16,0.0,0.0,0.09061337425595238,0.349265625,0.04055
i8080@closure_L16_st128_k4_s7014.summary.json,i8080@closure,16,128,4,7014,False,2000,16,0.125,0.125,0.13756975446428574,0.26445625,0.1197
i8080@closure_L16_st128_k4_s7014.summary.json,i8080@closure,16,128,4,7014,False,3000,16,0.3125,0.25,0.20571754092261907,0.158921875,0.1676
i8080@closure_L16_st128_k4_s7014.summary.json,i8080@closure,16,128,4,7014,False,5000,16,0.0,0.0,0.07284458705357143,0.158653125,0.15845
i8080@closure_L16_st128_k4_s7014.summary.json,i8080@closure,16,128,4,7014,False,7500,16,0.125,0.125,0.10087774367559524,0.154121875,0.17235
i8080@closure_L16_st128_k4_s7014.summary.json,i8080@closure,16,128,4,7014,False,10000,16,0.125,0.125,0.139208984375,0.15773125,0.1259
i8080@closure_L16_st128_k4_s7014.summary.json,i8080@closure,16,128,4,7014,False,15000,16,0.0625,0.0625,0.07315150669642856,0.1438,0.0969
i8080@closure_L16_st128_k4_s7014.summary.json,i8080@closure,16,128,4,7014,False,20000,16,0.6875,0.6875,0.6779866536458333,0.018946875,0.7171
i8080@closure_L16_st128_k4_s7014.summary.json,i8080@closure,16,128,4,7014,False,30000,16,0.6875,0.6875,0.6932989211309524,0.0044375,0.8642
i8080@closure_L16_st128_k4_s7014.summary.json,i8080@closure,16,128,4,7014,False,50000,16,0.6875,0.6875,0.7013892764136904,0.005146875,0.81915
i8080@closure_L16_st128_k4_s7014.summary.json,i8080@closure,16,128,4,7014,False,75000,16,0.875,0.875,0.8825927734375,0.00363125,0.8952
i8080@closure_L16_st128_k4_s7014.summary.json,i8080@closure,16,128,4,7014,False,100000,16,0.75,0.75,0.7574137369791667,0.004,0.8826
i8080@closure_L16_st128_k4_s7014.summary.json,i8080@closure,16,128,4,7014,False,150000,16,0.8125,0.8125,0.81591796875,0.0039625,0.86125
i8080@closure_L16_st128_k4_s7014.summary.json,i8080@closure,16,128,4,7014,False,200000,16,1.0,1.0,1.0,0.003671875,0.87665
i8080@closure_L16_st128_k4_s7014.summary.json,i8080@closure,16,128,4,7014,False,300000,16,0.8125,0.8125,0.8193196614583333,0.003921875,0.8935
i8080@closure_L16_st128_k4_s7015.summary.json,i8080@closure,16,128,4,7015,False,50,16,0.0,0.0,0.08233763307005494,0.3374,0.0798
i8080@closure_L16_st128_k4_s7015.summary.json,i8080@closure,16,128,4,7015,False,100,16,0.0,0.0,0.08554571242559524,0.3578875,0.091
i8080@closure_L16_st128_k4_s7015.summary.json,i8080@closure,16,128,4,7015,False,150,16,0.0,0.0,0.08961239769345238,0.36296875,0.0123
i8080@closure_L16_st128_k4_s7015.summary.json,i8080@closure,16,128,4,7015,False,200,16,0.0,0.0,0.07566150483630951,0.36154375,0.0207
i8080@closure_L16_st128_k4_s7015.summary.json,i8080@closure,16,128,4,7015,False,300,16,0.0625,0.0625,0.11515648251488096,0.354559375,0.043
i8080@closure_L16_st128_k4_s7015.summary.json,i8080@closure,16,128,4,7015,False,500,16,0.0,0.0,0.06706891741071429,0.30500625,0.08475
i8080@closure_L16_st128_k4_s7015.summary.json,i8080@closure,16,128,4,7015,False,750,16,0.3125,0.3125,0.22226508842719778,0.22276875,0.17195
i8080@closure_L16_st128_k4_s7015.summary.json,i8080@closure,16,128,4,7015,False,1000,16,0.0,0.0,0.06405436197916667,0.163503125,0.1733
i8080@closure_L16_st128_k4_s7015.summary.json,i8080@closure,16,128,4,7015,False,1500,16,0.0625,0.0625,0.07962937127976191,0.15070625,0.1468
i8080@closure_L16_st128_k4_s7015.summary.json,i8080@closure,16,128,4,7015,False,2000,16,0.125,0.125,0.11495392628205128,0.157634375,0.14095
i8080@closure_L16_st128_k4_s7015.summary.json,i8080@closure,16,128,4,7015,False,3000,16,0.125,0.125,0.09358321528731685,0.15225625,0.16985
i8080@closure_L16_st128_k4_s7015.summary.json,i8080@closure,16,128,4,7015,False,5000,16,0.25,0.25,0.17156575520833334,0.160284375,0.16035
i8080@closure_L16_st128_k4_s7015.summary.json,i8080@closure,16,128,4,7015,False,7500,16,0.0625,0.0625,0.12303059895833332,0.155846875,0.1647
i8080@closure_L16_st128_k4_s7015.summary.json,i8080@closure,16,128,4,7015,False,10000,16,0.3125,0.25,0.19737025669642858,0.15720625,0.1646
i8080@closure_L16_st128_k4_s7015.summary.json,i8080@closure,16,128,4,7015,False,15000,16,0.0625,0.0625,0.06761273394574176,0.162103125,0.1701
i8080@closure_L16_st128_k4_s7015.summary.json,i8080@closure,16,128,4,7015,False,20000,16,0.125,0.125,0.07305966331845237,0.159809375,0.1542
i8080@closure_L16_st128_k4_s7015.summary.json,i8080@closure,16,128,4,7015,False,30000,16,0.0625,0.0625,0.09061221168154762,0.13981875,0.10155
i8080@closure_L16_st128_k4_s7015.summary.json,i8080@closure,16,128,4,7015,False,50000,16,0.75,0.75,0.7509172712053571,0.0052375,0.81185
i8080@closure_L16_st128_k4_s7015.summary.json,i8080@closure,16,128,4,7015,False,75000,16,0.8125,0.8125,0.8183186848958334,0.0037375,0.8063
i8080@closure_L16_st128_k4_s7015.summary.json,i8080@closure,16,128,4,7015,False,100000,16,0.75,0.75,0.7471702938988096,0.004353125,0.87495
i8080@closure_L16_st128_k4_s7015.summary.json,i8080@closure,16,128,4,7015,False,150000,16,0.75,0.75,0.7509091331845239,0.0039875,0.88255
i8080@closure_L16_st128_k4_s7015.summary.json,i8080@closure,16,128,4,7015,False,200000,16,1.0,1.0,1.0,0.003515625,0.87935
i8080@closure_L16_st128_k4_s7015.summary.json,i8080@closure,16,128,4,7015,False,300000,16,0.9375,0.9375,0.9380696614583333,0.003615625,0.8612
i8080@closure_L16_st128_k4_s7016.summary.json,i8080@closure,16,128,4,7016,False,50,16,0.0,0.0,0.08648274739583334,0.33951875,0.0815
i8080@closure_L16_st128_k4_s7016.summary.json,i8080@closure,16,128,4,7016,False,100,16,0.0,0.0,0.08145926339285714,0.359528125,0.09135
i8080@closure_L16_st128_k4_s7016.summary.json,i8080@closure,16,128,4,7016,False,150,16,0.0,0.0,0.12886672247023812,0.369203125,0.0904
i8080@closure_L16_st128_k4_s7016.summary.json,i8080@closure,16,128,4,7016,False,200,16,0.0,0.0,0.09860607328869048,0.375165625,0.0863
i8080@closure_L16_st128_k4_s7016.summary.json,i8080@closure,16,128,4,7016,False,300,16,0.0,0.0,0.09931524367559524,0.379459375,0.08555
i8080@closure_L16_st128_k4_s7016.summary.json,i8080@closure,16,128,4,7016,False,500,16,0.0,0.0,0.08345540364583334,0.38025,0.08005
i8080@closure_L16_st128_k4_s7016.summary.json,i8080@closure,16,128,4,7016,False,750,16,0.0,0.0,0.1231073288690476,0.375853125,0.0149
i8080@closure_L16_st128_k4_s7016.summary.json,i8080@closure,16,128,4,7016,False,1000,16,0.0625,0.0625,0.08154878162202381,0.31560625,0.0844
i8080@closure_L16_st128_k4_s7016.summary.json,i8080@closure,16,128,4,7016,False,1500,16,0.125,0.125,0.08564578325320513,0.157375,0.167
i8080@closure_L16_st128_k4_s7016.summary.json,i8080@closure,16,128,4,7016,False,2000,16,0.1875,0.1875,0.13441569010416668,0.15080625,0.13225
i8080@closure_L16_st128_k4_s7016.summary.json,i8080@closure,16,128,4,7016,False,3000,16,0.125,0.125,0.13010137648809525,0.15093125,0.11005
i8080@closure_L16_st128_k4_s7016.summary.json,i8080@closure,16,128,4,7016,False,5000,16,0.0625,0.0625,0.05343048878205129,0.1417625,0.09985
i8080@closure_L16_st128_k4_s7016.summary.json,i8080@closure,16,128,4,7016,False,7500,16,0.125,0.125,0.13185918898809523,0.145059375,0.10535
i8080@closure_L16_st128_k4_s7016.summary.json,i8080@closure,16,128,4,7016,False,10000,16,0.125,0.125,0.0846040271577381,0.14154375,0.0884
i8080@closure_L16_st128_k4_s7016.summary.json,i8080@closure,16,128,4,7016,False,15000,16,0.1875,0.1875,0.1365745907738095,0.1431625,0.0944
i8080@closure_L16_st128_k4_s7016.summary.json,i8080@closure,16,128,4,7016,False,20000,16,0.125,0.125,0.1084135509672619,0.14124375,0.08885
i8080@closure_L16_st128_k4_s7016.summary.json,i8080@closure,16,128,4,7016,False,30000,16,0.375,0.375,0.2553036644345238,0.13998125,0.0962
i8080@closure_L16_st128_k4_s7016.summary.json,i8080@closure,16,128,4,7016,False,50000,16,0.8125,0.8125,0.8169840494791667,0.005434375,0.84375
i8080@closure_L16_st128_k4_s7016.summary.json,i8080@closure,16,128,4,7016,False,75000,16,0.9375,0.9375,0.9395670572916667,0.00439375,0.7557
i8080@closure_L16_st128_k4_s7016.summary.json,i8080@closure,16,128,4,7016,False,100000,16,0.8125,0.8125,0.8160319010416667,0.004278125,0.88405
i8080@closure_L16_st128_k4_s7016.summary.json,i8080@closure,16,128,4,7016,False,150000,16,0.9375,0.9375,0.9346354166666666,0.0037375,0.8922
i8080@closure_L16_st128_k4_s7016.summary.json,i8080@closure,16,128,4,7016,False,200000,16,0.875,0.875,0.8716145833333333,0.004696875,0.88475
i8080@closure_L16_st128_k4_s7016.summary.json,i8080@closure,16,128,4,7016,False,300000,16,0.875,0.875,0.8802129836309524,0.00505625,0.87705
i8080@closure_L16_st128_k4_s7017.summary.json,i8080@closure,16,128,4,7017,False,50,16,0.0,0.0,0.07109142485119047,0.333578125,0.07565
i8080@closure_L16_st128_k4_s7017.summary.json,i8080@closure,16,128,4,7017,False,100,16,0.0,0.0,0.09210844494047618,0.35433125,0.08595
i8080@closure_L16_st128_k4_s7017.summary.json,i8080@closure,16,128,4,7017,False,150,16,0.0,0.0,0.13914620535714284,0.362990625,0.0897
i8080@closure_L16_st128_k4_s7017.summary.json,i8080@closure,16,128,4,7017,False,200,16,0.0,0.0,0.07372814360119048,0.360490625,0.02345
i8080@closure_L16_st128_k4_s7017.summary.json,i8080@closure,16,128,4,7017,False,300,16,0.0,0.0,0.10396902901785715,0.351015625,0.041
i8080@closure_L16_st128_k4_s7017.summary.json,i8080@closure,16,128,4,7017,False,500,16,0.0625,0.0625,0.10413411458333333,0.3019875,0.0925
i8080@closure_L16_st128_k4_s7017.summary.json,i8080@closure,16,128,4,7017,False,750,16,0.125,0.125,0.10827985491071429,0.230028125,0.13775
i8080@closure_L16_st128_k4_s7017.summary.json,i8080@closure,16,128,4,7017,False,1000,16,0.375,0.375,0.2513241722470238,0.184540625,0.1601
i8080@closure_L16_st128_k4_s7017.summary.json,i8080@closure,16,128,4,7017,False,1500,16,0.1875,0.125,0.134375,0.15515625,0.169
i8080@closure_L16_st128_k4_s7017.summary.json,i8080@closure,16,128,4,7017,False,2000,16,0.0,0.0,0.03796619233630952,0.157709375,0.1498
i8080@closure_L16_st128_k4_s7017.summary.json,i8080@closure,16,128,4,7017,False,3000,16,0.1875,0.1875,0.15885416666666666,0.148653125,0.1518
i8080@closure_L16_st128_k4_s7017.summary.json,i8080@closure,16,128,4,7017,False,5000,16,0.0,0.0,0.01989111149267399,0.16343125,0.14535
i8080@closure_L16_st128_k4_s7017.summary.json,i8080@closure,16,128,4,7017,False,7500,16,0.0625,0.0625,0.06709681919642857,0.16515625,0.1643
i8080@closure_L16_st128_k4_s7017.summary.json,i8080@closure,16,128,4,7017,False,10000,16,0.0625,0.0625,0.07613118489583333,0.15204375,0.12175
i8080@closure_L16_st128_k4_s7017.summary.json,i8080@closure,16,128,4,7017,False,15000,16,0.1875,0.1875,0.13969842819940476,0.143371875,0.11125
i8080@closure_L16_st128_k4_s7017.summary.json,i8080@closure,16,128,4,7017,False,20000,16,0.125,0.0625,0.08641531808035714,0.134459375,0.11375
i8080@closure_L16_st128_k4_s7017.summary.json,i8080@closure,16,128,4,7017,False,30000,16,1.0,1.0,1.0,0.005146875,0.7086
i8080@closure_L16_st128_k4_s7017.summary.json,i8080@closure,16,128,4,7017,False,50000,16,1.0,1.0,1.0,0.0033125,0.80215
i8080@closure_L16_st128_k4_s7017.summary.json,i8080@closure,16,128,4,7017,False,75000,16,0.6875,0.6875,0.698486328125,0.00435625,0.87795
i8080@closure_L16_st128_k4_s7017.summary.json,i8080@closure,16,128,4,7017,False,100000,16,0.9375,0.9375,0.9451497395833333,0.00399375,0.8916
i8080@closure_L16_st128_k4_s7017.summary.json,i8080@closure,16,128,4,7017,False,150000,16,0.8125,0.8125,0.8242513020833333,0.003890625,0.88965
i8080@closure_L16_st128_k4_s7017.summary.json,i8080@closure,16,128,4,7017,False,200000,16,1.0,1.0,1.0,0.00328125,0.8583
i8080@closure_L16_st128_k4_s7017.summary.json,i8080@closure,16,128,4,7017,False,300000,16,0.8125,0.8125,0.8201416015625,0.00318125,0.8776
i8080@closure_L16_st128_k4_s7018.summary.json,i8080@closure,16,128,4,7018,False,50,16,0.0,0.0,0.06616094680059524,0.3424375,0.08115
i8080@closure_L16_st128_k4_s7018.summary.json,i8080@closure,16,128,4,7018,False,100,16,0.0,0.0,0.07362234933035713,0.363553125,0.09335
i8080@closure_L16_st128_k4_s7018.summary.json,i8080@closure,16,128,4,7018,False,150,16,0.0,0.0,0.10099865141369047,0.36986875,0.094
i8080@closure_L16_st128_k4_s7018.summary.json,i8080@closure,16,128,4,7018,False,200,16,0.0,0.0,0.07417689732142857,0.3733375,0.0891
i8080@closure_L16_st128_k4_s7018.summary.json,i8080@closure,16,128,4,7018,False,300,16,0.0,0.0,0.10023367745535715,0.3786125,0.08525
i8080@closure_L16_st128_k4_s7018.summary.json,i8080@closure,16,128,4,7018,False,500,16,0.0,0.0,0.08588285900297618,0.3801125,0.08095
i8080@closure_L16_st128_k4_s7018.summary.json,i8080@closure,16,128,4,7018,False,750,16,0.0625,0.0,0.09949544270833334,0.364059375,0.0236
i8080@closure_L16_st128_k4_s7018.summary.json,i8080@closure,16,128,4,7018,False,1000,16,0.0625,0.0625,0.12115071614583332,0.3344,0.0507
i8080@closure_L16_st128_k4_s7018.summary.json,i8080@closure,16,128,4,7018,False,1500,16,0.0,0.0,0.045447358630952374,0.247034375,0.1171
i8080@closure_L16_st128_k4_s7018.summary.json,i8080@closure,16,128,4,7018,False,2000,16,0.0625,0.0625,0.0834228515625,0.192971875,0.1418
i8080@closure_L16_st128_k4_s7018.summary.json,i8080@closure,16,128,4,7018,False,3000,16,0.3125,0.3125,0.2283447265625,0.161221875,0.16245
i8080@closure_L16_st128_k4_s7018.summary.json,i8080@closure,16,128,4,7018,False,5000,16,0.1875,0.125,0.12776227678571428,0.14014375,0.1675
i8080@closure_L16_st128_k4_s7018.summary.json,i8080@closure,16,128,4,7018,False,7500,16,0.0625,0.0625,0.056782459077380956,0.14665625,0.12835
i8080@closure_L16_st128_k4_s7018.summary.json,i8080@closure,16,128,4,7018,False,10000,16,0.1875,0.1875,0.13662574404761904,0.15244375,0.09605
i8080@closure_L16_st128_k4_s7018.summary.json,i8080@closure,16,128,4,7018,False,15000,16,0.25,0.25,0.15283435639880952,0.15164375,0.088
i8080@closure_L16_st128_k4_s7018.summary.json,i8080@closure,16,128,4,7018,False,20000,16,0.1875,0.1875,0.10806245349702381,0.126903125,0.0945
i8080@closure_L16_st128_k4_s7018.summary.json,i8080@closure,16,128,4,7018,False,30000,16,0.0625,0.0625,0.06400437127976191,0.13945625,0.1112
i8080@closure_L16_st128_k4_s7018.summary.json,i8080@closure,16,128,4,7018,False,50000,16,0.125,0.125,0.10603259858630952,0.151496875,0.0969
i8080@closure_L16_st128_k4_s7018.summary.json,i8080@closure,16,128,4,7018,False,75000,16,0.1875,0.1875,0.1385405040922619,0.135253125,0.1131
i8080@closure_L16_st128_k4_s7018.summary.json,i8080@closure,16,128,4,7018,False,100000,16,0.9375,0.9375,0.9358549572172619,0.0038375,0.851
i8080@closure_L16_st128_k4_s7018.summary.json,i8080@closure,16,128,4,7018,False,150000,16,0.9375,0.9375,0.9338623046875001,0.003871875,0.81725
i8080@closure_L16_st128_k4_s7018.summary.json,i8080@closure,16,128,4,7018,False,200000,16,0.6875,0.6875,0.7157168433779761,0.003915625,0.88985
i8080@closure_L16_st128_k4_s7018.summary.json,i8080@closure,16,128,4,7018,False,300000,16,1.0,1.0,0.988032459077381,0.003603125,0.87685
i8080@closure_L16_st128_k4_s7019.summary.json,i8080@closure,16,128,4,7019,False,50,16,0.0,0.0,0.10203683035714287,0.33744375,0.07965
i8080@closure_L16_st128_k4_s7019.summary.json,i8080@closure,16,128,4,7019,False,100,16,0.0,0.0,0.0951962425595238,0.35903125,0.0922
i8080@closure_L16_st128_k4_s7019.summary.json,i8080@closure,16,128,4,7019,False,150,16,0.0,0.0,0.06390322730654761,0.363221875,0.0107
i8080@closure_L16_st128_k4_s7019.summary.json,i8080@closure,16,128,4,7019,False,200,16,0.0,0.0,0.08540736607142857,0.36096875,0.02065
i8080@closure_L16_st128_k4_s7019.summary.json,i8080@closure,16,128,4,7019,False,300,16,0.0625,0.0625,0.12946312313988095,0.346896875,0.04845
i8080@closure_L16_st128_k4_s7019.summary.json,i8080@closure,16,128,4,7019,False,500,16,0.0,0.0,0.09402553013392856,0.308653125,0.069
i8080@closure_L16_st128_k4_s7019.summary.json,i8080@closure,16,128,4,7019,False,750,16,0.125,0.125,0.1462588355654762,0.252946875,0.1061
i8080@closure_L16_st128_k4_s7019.summary.json,i8080@closure,16,128,4,7019,False,1000,16,0.125,0.125,0.10548851376488094,0.20295625,0.14325
i8080@closure_L16_st128_k4_s7019.summary.json,i8080@closure,16,128,4,7019,False,1500,16,0.1875,0.0,0.0845458984375,0.14836875,0.1154
i8080@closure_L16_st128_k4_s7019.summary.json,i8080@closure,16,128,4,7019,False,2000,16,0.1875,0.125,0.16536690848214286,0.1434125,0.1165
i8080@closure_L16_st128_k4_s7019.summary.json,i8080@closure,16,128,4,7019,False,3000,16,0.0,0.0,0.04952218191964285,0.1464875,0.09345
i8080@closure_L16_st128_k4_s7019.summary.json,i8080@closure,16,128,4,7019,False,5000,16,0.125,0.125,0.1143612816220238,0.133628125,0.09535
i8080@closure_L16_st128_k4_s7019.summary.json,i8080@closure,16,128,4,7019,False,7500,16,0.125,0.0625,0.10455147879464285,0.137546875,0.09775
i8080@closure_L16_st128_k4_s7019.summary.json,i8080@closure,16,128,4,7019,False,10000,16,0.25,0.25,0.1472691127232143,0.137503125,0.10125
i8080@closure_L16_st128_k4_s7019.summary.json,i8080@closure,16,128,4,7019,False,15000,16,0.125,0.125,0.09373372395833332,0.133215625,0.1017
i8080@closure_L16_st128_k4_s7019.summary.json,i8080@closure,16,128,4,7019,False,20000,16,0.5625,0.5625,0.5853085472470239,0.06223125,0.5861
i8080@closure_L16_st128_k4_s7019.summary.json,i8080@closure,16,128,4,7019,False,30000,16,0.6875,0.6875,0.6906087239583334,0.004534375,0.8498
i8080@closure_L16_st128_k4_s7019.summary.json,i8080@closure,16,128,4,7019,False,50000,16,0.9375,0.9375,0.9394705636160714,0.00385,0.75025
i8080@closure_L16_st128_k4_s7019.summary.json,i8080@closure,16,128,4,7019,False,75000,16,0.9375,0.9375,0.9339181082589285,0.004315625,0.8721
i8080@closure_L16_st128_k4_s7019.summary.json,i8080@closure,16,128,4,7019,False,100000,16,0.6875,0.6875,0.7035237630208334,0.003471875,0.86285
i8080@closure_L16_st128_k4_s7019.summary.json,i8080@closure,16,128,4,7019,False,150000,16,0.6875,0.6875,0.7001383463541666,0.004109375,0.8909
i8080@closure_L16_st128_k4_s7019.summary.json,i8080@closure,16,128,4,7019,False,200000,16,0.875,0.875,0.8631693745707418,0.004103125,0.87325
i8080@closure_L16_st128_k4_s7019.summary.json,i8080@closure,16,128,4,7019,False,300000,16,0.9375,0.9375,0.9426432291666667,0.00375625,0.88125
i8080@closure_L16_st128_k4_s7020.summary.json,i8080@closure,16,128,4,7020,False,50,16,0.0,0.0,0.06532854352678572,0.34045625,0.08385
i8080@closure_L16_st128_k4_s7020.summary.json,i8080@closure,16,128,4,7020,False,100,16,0.0,0.0,0.03520391555059524,0.362959375,0.0949
i8080@closure_L16_st128_k4_s7020.summary.json,i8080@closure,16,128,4,7020,False,150,16,0.0,0.0,0.09038667224702382,0.3714875,0.0927
i8080@closure_L16_st128_k4_s7020.summary.json,i8080@closure,16,128,4,7020,False,200,16,0.0,0.0,0.08686639694940476,0.375184375,0.0905
i8080@closure_L16_st128_k4_s7020.summary.json,i8080@closure,16,128,4,7020,False,300,16,0.0,0.0,0.09577404203869047,0.378596875,0.0875
i8080@closure_L16_st128_k4_s7020.summary.json,i8080@closure,16,128,4,7020,False,500,16,0.0,0.0,0.05315352778731685,0.38084375,0.0802
i8080@closure_L16_st128_k4_s7020.summary.json,i8080@closure,16,128,4,7020,False,750,16,0.0,0.0,0.06700587010645603,0.3843,0.0788
i8080@closure_L16_st128_k4_s7020.summary.json,i8080@closure,16,128,4,7020,False,1000,16,0.0,0.0,0.13007928757440476,0.346971875,0.0552
i8080@closure_L16_st128_k4_s7020.summary.json,i8080@closure,16,128,4,7020,False,1500,16,0.0625,0.0,0.08783133370535715,0.16286875,0.18405
i8080@closure_L16_st128_k4_s7020.summary.json,i8080@closure,16,128,4,7020,False,2000,16,0.0625,0.0625,0.07033458891369047,0.16223125,0.14485
i8080@closure_L16_st128_k4_s7020.summary.json,i8080@closure,16,128,4,7020,False,3000,16,0.3125,0.25,0.19166666666666665,0.15740625,0.14685
i8080@closure_L16_st128_k4_s7020.summary.json,i8080@closure,16,128,4,7020,False,5000,16,0.4375,0.4375,0.4421049572172619,0.10845625,0.1852
i8080@closure_L16_st128_k4_s7020.summary.json,i8080@closure,16,128,4,7020,False,7500,16,0.8125,0.8125,0.8158040364583333,0.007171875,0.6661
i8080@closure_L16_st128_k4_s7020.summary.json,i8080@closure,16,128,4,7020,False,10000,16,0.9375,0.9375,0.9397042410714286,0.008475,0.7755
i8080@closure_L16_st128_k4_s7020.summary.json,i8080@closure,16,128,4,7020,False,15000,16,0.8125,0.8125,0.8317464192708333,0.0069375,0.8101
i8080@closure_L16_st128_k4_s7020.summary.json,i8080@closure,16,128,4,7020,False,20000,16,0.8125,0.8125,0.8103969029017857,0.00481875,0.85275
i8080@closure_L16_st128_k4_s7020.summary.json,i8080@closure,16,128,4,7020,False,30000,16,0.8125,0.8125,0.8144612630208334,0.0035,0.8468
i8080@closure_L16_st128_k4_s7020.summary.json,i8080@closure,16,128,4,7020,False,50000,16,0.875,0.875,0.870083472842262,0.00373125,0.8414
i8080@closure_L16_st128_k4_s7020.summary.json,i8080@closure,16,128,4,7020,False,75000,16,0.875,0.875,0.8816080729166667,0.003315625,0.88835
i8080@closure_L16_st128_k4_s7020.summary.json,i8080@closure,16,128,4,7020,False,100000,16,0.875,0.875,0.87431640625,0.003971875,0.8641
i8080@closure_L16_st128_k4_s7020.summary.json,i8080@closure,16,128,4,7020,False,150000,16,0.8125,0.8125,0.8227945963541667,0.003790625,0.88685
i8080@closure_L16_st128_k4_s7020.summary.json,i8080@closure,16,128,4,7020,False,200000,16,0.8125,0.8125,0.8204822358630952,0.00399375,0.8748
i8080@closure_L16_st128_k4_s7020.summary.json,i8080@closure,16,128,4,7020,False,300000,16,0.625,0.625,0.6349609375,0.0041875,0.87945
