label,L,seed,which,pos,frac_herit,frac_faith,frac_trans,frac_both,n_vals,transmissible,byte
L16_s2001_first,16,2001,first,0,0.9137254901960784,0.1607843137254902,0.0,0.0,255,False,01
L16_s2001_first,16,2001,first,1,0.9137254901960784,0.8784313725490196,0.1333333333333333,0.1294117647058823,255,False,c5
L16_s2001_first,16,2001,first,2,0.8705882352941177,0.8196078431372549,0.0784313725490196,0.0745098039215686,255,False,01
L16_s2001_first,16,2001,first,3,0.8627450980392157,0.5803921568627451,0.0196078431372549,0.0078431372549019,255,False,c5
L16_s2001_first,16,2001,first,4,0.9215686274509804,0.8156862745098039,0.0117647058823529,0.0039215686274509,255,False,01
L16_s2001_first,16,2001,first,5,0.8313725490196079,0.1137254901960784,0.0352941176470588,0.0274509803921568,255,False,c5
L16_s2001_first,16,2001,first,6,0.7803921568627451,0.0941176470588235,0.0431372549019607,0.0196078431372549,255,False,01
L16_s2001_first,16,2001,first,7,0.0901960784313725,0.0156862745098039,0.1294117647058823,0.0,255,False,c5
L16_s2001_first,16,2001,first,8,0.7647058823529411,0.6588235294117647,0.0627450980392156,0.0196078431372549,255,False,01
L16_s2001_first,16,2001,first,9,0.1647058823529411,0.1137254901960784,0.7725490196078432,0.0274509803921568,255,False,c5
L16_s2001_first,16,2001,first,10,0.8509803921568627,0.788235294117647,0.1176470588235294,0.1019607843137254,255,False,01
L16_s2001_first,16,2001,first,11,0.8745098039215686,0.4078431372549019,0.0509803921568627,0.0274509803921568,255,False,c5
L16_s2001_first,16,2001,first,12,0.792156862745098,0.592156862745098,0.0235294117647058,0.0,255,False,01
L16_s2001_first,16,2001,first,13,0.2588235294117647,0.2,0.0431372549019607,0.0078431372549019,255,False,c5
L16_s2001_first,16,2001,first,14,0.8627450980392157,0.7372549019607844,0.0117647058823529,0.0,255,False,01
L16_s2001_first,16,2001,first,15,0.9372549019607844,0.5254901960784314,0.0,0.0,255,False,c5
L16_s2001_final,16,2001,final,0,0.6666666666666666,0.6666666666666666,0.0,0.0,255,False,ad
L16_s2001_final,16,2001,final,1,0.0,0.0,0.0,0.0,255,False,e3
L16_s2001_final,16,2001,final,2,0.6313725490196078,0.6313725490196078,0.0,0.0,255,False,21
L16_s2001_final,16,2001,final,3,0.0,0.0,0.0,0.0,255,False,e3
L16_s2001_final,16,2001,final,4,0.0431372549019607,0.0431372549019607,0.0,0.0,255,False,21
L16_s2001_final,16,2001,final,5,0.0039215686274509,0.0039215686274509,0.0705882352941176,0.0039215686274509,255,False,c0
L16_s2001_final,16,2001,final,6,0.1215686274509803,0.1215686274509803,0.1450980392156863,0.1215686274509803,255,False,ad
L16_s2001_final,16,2001,final,7,0.0352941176470588,0.0352941176470588,0.0,0.0,255,False,c0
L16_s2001_final,16,2001,final,8,1.0,1.0,0.0,0.0,255,False,ad
L16_s2001_final,16,2001,final,9,1.0,1.0,0.0,0.0,255,False,e3
L16_s2001_final,16,2001,final,10,1.0,1.0,0.0,0.0,255,False,21
L16_s2001_final,16,2001,final,11,1.0,1.0,0.0,0.0,255,False,e3
L16_s2001_final,16,2001,final,12,1.0,1.0,0.0,0.0,255,False,21
L16_s2001_final,16,2001,final,13,1.0,1.0,0.0,0.0,255,False,c0
L16_s2001_final,16,2001,final,14,1.0,1.0,0.0,0.0,255,False,ad
L16_s2001_final,16,2001,final,15,1.0,1.0,0.0,0.0,255,False,c0
L16_s2002_first,16,2002,first,0,0.9058823529411764,0.7803921568627451,0.0,0.0,255,False,01
L16_s2002_first,16,2002,first,1,0.9137254901960784,0.8941176470588236,0.0901960784313725,0.0862745098039215,255,False,c5
L16_s2002_first,16,2002,first,2,0.8745098039215686,0.2549019607843137,0.0196078431372549,0.0196078431372549,255,False,01
L16_s2002_first,16,2002,first,3,0.8862745098039215,0.8156862745098039,0.0431372549019607,0.0117647058823529,255,False,c5
L16_s2002_first,16,2002,first,4,0.9411764705882352,0.8509803921568627,0.0039215686274509,0.0039215686274509,255,False,01
L16_s2002_first,16,2002,first,5,0.8784313725490196,0.1058823529411764,0.3803921568627451,0.3568627450980392,255,False,c5
L16_s2002_first,16,2002,first,6,0.8431372549019608,0.1764705882352941,0.0352941176470588,0.0274509803921568,255,False,01
L16_s2002_first,16,2002,first,7,0.7803921568627451,0.0901960784313725,0.0862745098039215,0.0392156862745098,255,False,c5
L16_s2002_first,16,2002,first,8,0.8235294117647058,0.7372549019607844,0.0549019607843137,0.0392156862745098,255,False,01
L16_s2002_first,16,2002,first,9,0.4,0.1764705882352941,0.7333333333333333,0.2666666666666666,255,False,c5
L16_s2002_first,16,2002,first,10,0.8352941176470589,0.803921568627451,0.0901960784313725,0.0784313725490196,255,False,01
L16_s2002_first,16,2002,first,11,0.9098039215686274,0.2392156862745098,0.0588235294117647,0.0352941176470588,255,False,c5
L16_s2002_first,16,2002,first,12,0.8980392156862745,0.7725490196078432,0.0196078431372549,0.0,255,False,01
L16_s2002_first,16,2002,first,13,0.6666666666666666,0.2549019607843137,0.0274509803921568,0.0117647058823529,255,False,c5
L16_s2002_first,16,2002,first,14,0.8392156862745098,0.7137254901960784,0.0196078431372549,0.0039215686274509,255,False,01
L16_s2002_first,16,2002,first,15,0.9176470588235294,0.5450980392156862,0.0078431372549019,0.0078431372549019,255,False,c5
L16_s2002_final,16,2002,final,0,0.0039215686274509,0.0039215686274509,0.0235294117647058,0.0039215686274509,255,False,1e
L16_s2002_final,16,2002,final,1,0.0274509803921568,0.0274509803921568,0.2470588235294117,0.0274509803921568,255,False,50
L16_s2002_final,16,2002,final,2,0.6313725490196078,0.6313725490196078,0.7647058823529411,0.6313725490196078,255,True,f9
L16_s2002_final,16,2002,final,3,0.0431372549019607,0.0431372549019607,0.1019607843137254,0.0431372549019607,255,False,c3
L16_s2002_final,16,2002,final,4,0.0980392156862745,0.0980392156862745,0.4352941176470588,0.0980392156862745,255,False,8e
L16_s2002_final,16,2002,final,5,1.0,1.0,1.0,1.0,255,True,4e
L16_s2002_final,16,2002,final,6,1.0,1.0,1.0,1.0,255,True,f6
L16_s2002_final,16,2002,final,7,1.0,1.0,1.0,1.0,255,True,b5
L16_s2002_final,16,2002,final,8,1.0,1.0,1.0,1.0,255,True,e9
L16_s2002_final,16,2002,final,9,1.0,1.0,1.0,1.0,255,True,d2
L16_s2002_final,16,2002,final,10,1.0,1.0,1.0,1.0,255,True,5b
L16_s2002_final,16,2002,final,11,1.0,1.0,1.0,1.0,255,True,01
L16_s2002_final,16,2002,final,12,1.0,1.0,1.0,1.0,255,True,20
L16_s2002_final,16,2002,final,13,1.0,1.0,1.0,1.0,255,True,ce
L16_s2002_final,16,2002,final,14,0.0,0.0,0.0,0.0,255,False,ed
L16_s2002_final,16,2002,final,15,0.0,0.0,0.0039215686274509,0.0,255,False,b0
L16_s2003_first,16,2003,first,0,0.8862745098039215,0.6862745098039216,0.0,0.0,255,False,01
L16_s2003_first,16,2003,first,1,0.9254901960784314,0.8509803921568627,0.1607843137254902,0.1372549019607843,255,False,c5
L16_s2003_first,16,2003,first,2,0.8705882352941177,0.7372549019607844,0.6039215686274509,0.5490196078431373,255,True,01
L16_s2003_first,16,2003,first,3,0.8313725490196079,0.2352941176470588,0.0117647058823529,0.0039215686274509,255,False,c5
L16_s2003_first,16,2003,first,4,0.9137254901960784,0.7294117647058823,0.0039215686274509,0.0039215686274509,255,False,01
L16_s2003_first,16,2003,first,5,0.9019607843137256,0.1333333333333333,0.1019607843137254,0.0549019607843137,255,False,c5
L16_s2003_first,16,2003,first,6,0.8470588235294118,0.5607843137254902,0.0627450980392156,0.0352941176470588,255,False,01
L16_s2003_first,16,2003,first,7,0.3372549019607843,0.0313725490196078,0.1176470588235294,0.0,255,False,c5
L16_s2003_first,16,2003,first,8,0.7647058823529411,0.396078431372549,0.0705882352941176,0.0156862745098039,255,False,01
L16_s2003_first,16,2003,first,9,0.1725490196078431,0.1450980392156863,0.9490196078431372,0.1568627450980392,255,False,c5
L16_s2003_first,16,2003,first,10,0.8588235294117647,0.803921568627451,0.1529411764705882,0.1098039215686274,255,False,01
L16_s2003_first,16,2003,first,11,0.6901960784313725,0.0941176470588235,0.0470588235294117,0.0313725490196078,255,False,c5
L16_s2003_first,16,2003,first,12,0.7764705882352941,0.6666666666666666,0.0039215686274509,0.0,255,False,01
L16_s2003_first,16,2003,first,13,0.9215686274509804,0.5490196078431373,0.0196078431372549,0.0156862745098039,255,False,c5
L16_s2003_first,16,2003,first,14,0.8509803921568627,0.4392156862745098,0.0117647058823529,0.0,255,False,01
L16_s2003_first,16,2003,first,15,0.9176470588235294,0.6980392156862745,0.0,0.0,255,False,c5
L16_s2003_final,16,2003,final,0,0.6666666666666666,0.6666666666666666,0.0,0.0,255,False,ad
L16_s2003_final,16,2003,final,1,0.0,0.0,0.0,0.0,255,False,e3
L16_s2003_final,16,2003,final,2,0.6313725490196078,0.6313725490196078,0.0,0.0,255,False,21
L16_s2003_final,16,2003,final,3,0.0,0.0,0.0,0.0,255,False,e3
L16_s2003_final,16,2003,final,4,0.0431372549019607,0.0431372549019607,0.0,0.0,255,False,21
L16_s2003_final,16,2003,final,5,0.0039215686274509,0.0039215686274509,0.0705882352941176,0.0039215686274509,255,False,c0
L16_s2003_final,16,2003,final,6,0.1215686274509803,0.1215686274509803,0.1450980392156863,0.1215686274509803,255,False,ad
L16_s2003_final,16,2003,final,7,0.0352941176470588,0.0352941176470588,0.0,0.0,255,False,c0
L16_s2003_final,16,2003,final,8,1.0,1.0,0.0,0.0,255,False,ad
L16_s2003_final,16,2003,final,9,1.0,1.0,0.0,0.0,255,False,e3
L16_s2003_final,16,2003,final,10,1.0,1.0,0.0,0.0,255,False,21
L16_s2003_final,16,2003,final,11,1.0,1.0,0.0,0.0,255,False,e3
L16_s2003_final,16,2003,final,12,1.0,1.0,0.0,0.0,255,False,21
L16_s2003_final,16,2003,final,13,1.0,1.0,0.0,0.0,255,False,c0
L16_s2003_final,16,2003,final,14,1.0,1.0,0.0,0.0,255,False,ad
L16_s2003_final,16,2003,final,15,1.0,1.0,0.0,0.0,255,False,c0
L16_s2004_first,16,2004,first,0,0.8313725490196079,0.7450980392156863,0.0,0.0,255,False,01
L16_s2004_first,16,2004,first,1,0.9137254901960784,0.9019607843137256,0.0901960784313725,0.0862745098039215,255,False,c5
L16_s2004_first,16,2004,first,2,0.8588235294117647,0.8156862745098039,0.0235294117647058,0.0235294117647058,255,False,01
L16_s2004_first,16,2004,first,3,0.6745098039215687,0.2627450980392157,0.0470588235294117,0.0078431372549019,255,False,c5
L16_s2004_first,16,2004,first,4,0.8980392156862745,0.7529411764705882,0.0039215686274509,0.0039215686274509,255,False,01
L16_s2004_first,16,2004,first,5,0.8745098039215686,0.8235294117647058,0.0235294117647058,0.0156862745098039,255,False,c5
L16_s2004_first,16,2004,first,6,0.8588235294117647,0.6980392156862745,0.0313725490196078,0.0196078431372549,255,False,01
L16_s2004_first,16,2004,first,7,0.1098039215686274,0.0470588235294117,0.0588235294117647,0.0078431372549019,255,False,c5
L16_s2004_first,16,2004,first,8,0.8549019607843137,0.6901960784313725,0.0235294117647058,0.0117647058823529,255,False,01
L16_s2004_first,16,2004,first,9,0.8588235294117647,0.8,0.7686274509803922,0.6941176470588235,255,True,c5
L16_s2004_first,16,2004,first,10,0.8745098039215686,0.8235294117647058,0.0980392156862745,0.0901960784313725,255,False,01
L16_s2004_first,16,2004,first,11,0.3686274509803922,0.2784313725490196,0.0392156862745098,0.0313725490196078,255,False,c5
L16_s2004_first,16,2004,first,12,0.8470588235294118,0.7176470588235294,0.0039215686274509,0.0,255,False,01
L16_s2004_first,16,2004,first,13,0.7725490196078432,0.7568627450980392,0.0156862745098039,0.0039215686274509,255,False,c5
L16_s2004_first,16,2004,first,14,0.8235294117647058,0.7529411764705882,0.0078431372549019,0.0,255,False,01
L16_s2004_first,16,2004,first,15,0.7019607843137254,0.5490196078431373,0.0,0.0,255,False,c5
L16_s2004_final,16,2004,final,0,0.6666666666666666,0.6666666666666666,0.0,0.0,255,False,ad
L16_s2004_final,16,2004,final,1,0.0,0.0,0.0,0.0,255,False,e3
L16_s2004_final,16,2004,final,2,0.6313725490196078,0.6313725490196078,0.0,0.0,255,False,21
L16_s2004_final,16,2004,final,3,0.0,0.0,0.0,0.0,255,False,e3
L16_s2004_final,16,2004,final,4,0.0431372549019607,0.0431372549019607,0.0,0.0,255,False,21
L16_s2004_final,16,2004,final,5,0.0039215686274509,0.0039215686274509,0.192156862745098,0.0039215686274509,255,False,c0
L16_s2004_final,16,2004,final,6,0.1215686274509803,0.1215686274509803,0.1372549019607843,0.1215686274509803,255,False,ad
L16_s2004_final,16,2004,final,7,0.0352941176470588,0.0352941176470588,0.0,0.0,255,False,c0
L16_s2004_final,16,2004,final,8,1.0,1.0,0.0,0.0,255,False,ad
L16_s2004_final,16,2004,final,9,1.0,1.0,0.0,0.0,255,False,e3
L16_s2004_final,16,2004,final,10,1.0,1.0,0.0,0.0,255,False,21
L16_s2004_final,16,2004,final,11,1.0,1.0,0.0,0.0,255,False,e3
L16_s2004_final,16,2004,final,12,1.0,1.0,0.0,0.0,255,False,21
L16_s2004_final,16,2004,final,13,1.0,1.0,0.0,0.0,255,False,c0
L16_s2004_final,16,2004,final,14,1.0,1.0,0.0,0.0,255,False,ad
L16_s2004_final,16,2004,final,15,1.0,1.0,0.0,0.0,255,False,c0
L16_s2005_first,16,2005,first,0,0.9098039215686274,0.8274509803921568,0.0,0.0,255,False,01
L16_s2005_first,16,2005,first,1,0.9098039215686274,0.8627450980392157,0.1254901960784313,0.1176470588235294,255,False,c5
L16_s2005_first,16,2005,first,2,0.8627450980392157,0.7529411764705882,0.0196078431372549,0.0156862745098039,255,False,01
L16_s2005_first,16,2005,first,3,0.8196078431372549,0.4392156862745098,0.0431372549019607,0.0039215686274509,255,False,c5
L16_s2005_first,16,2005,first,4,0.8862745098039215,0.8196078431372549,0.0039215686274509,0.0039215686274509,255,False,01
L16_s2005_first,16,2005,first,5,0.7254901960784313,0.1490196078431372,0.0627450980392156,0.0313725490196078,255,False,c5
L16_s2005_first,16,2005,first,6,0.8470588235294118,0.3450980392156862,0.0392156862745098,0.0196078431372549,255,False,01
L16_s2005_first,16,2005,first,7,0.403921568627451,0.0313725490196078,0.0313725490196078,0.0,255,False,c5
L16_s2005_first,16,2005,first,8,0.7333333333333333,0.7058823529411765,0.0862745098039215,0.0235294117647058,255,False,01
L16_s2005_first,16,2005,first,9,0.1686274509803921,0.1490196078431372,0.7568627450980392,0.0196078431372549,255,False,c5
L16_s2005_first,16,2005,first,10,0.8313725490196079,0.792156862745098,0.0274509803921568,0.0078431372549019,255,False,01
L16_s2005_first,16,2005,first,11,0.796078431372549,0.4666666666666667,0.0313725490196078,0.0235294117647058,255,False,c5
L16_s2005_first,16,2005,first,12,0.8509803921568627,0.792156862745098,0.0235294117647058,0.0,255,False,01
L16_s2005_first,16,2005,first,13,0.5764705882352941,0.1803921568627451,0.0470588235294117,0.0039215686274509,255,False,c5
L16_s2005_first,16,2005,first,14,0.8431372549019608,0.7333333333333333,0.0156862745098039,0.0039215686274509,255,False,01
L16_s2005_first,16,2005,first,15,0.8980392156862745,0.8392156862745098,0.0,0.0,255,False,c5
L16_s2005_final,16,2005,final,0,0.6745098039215687,0.6666666666666666,0.0,0.0,255,False,ad
L16_s2005_final,16,2005,final,1,0.0,0.0,0.0,0.0,255,False,e3
L16_s2005_final,16,2005,final,2,0.6313725490196078,0.6313725490196078,0.0,0.0,255,False,21
L16_s2005_final,16,2005,final,3,0.0,0.0,0.0,0.0,255,False,e3
L16_s2005_final,16,2005,final,4,0.0431372549019607,0.0431372549019607,0.0235294117647058,0.0,255,False,21
L16_s2005_final,16,2005,final,5,0.0039215686274509,0.0039215686274509,0.0823529411764705,0.0039215686274509,255,False,c0
L16_s2005_final,16,2005,final,6,0.1215686274509803,0.1215686274509803,0.1490196078431372,0.1215686274509803,255,False,ad
L16_s2005_final,16,2005,final,7,0.0352941176470588,0.0352941176470588,0.0,0.0,255,False,c0
L16_s2005_final,16,2005,final,8,1.0,1.0,0.0,0.0,255,False,ad
L16_s2005_final,16,2005,final,9,1.0,1.0,0.0,0.0,255,False,e3
L16_s2005_final,16,2005,final,10,1.0,1.0,0.0,0.0,255,False,21
L16_s2005_final,16,2005,final,11,1.0,1.0,0.0,0.0,255,False,e3
L16_s2005_final,16,2005,final,12,1.0,1.0,0.0,0.0,255,False,21
L16_s2005_final,16,2005,final,13,1.0,1.0,0.0,0.0,255,False,c0
L16_s2005_final,16,2005,final,14,1.0,1.0,0.0,0.0,255,False,ad
L16_s2005_final,16,2005,final,15,1.0,1.0,0.0,0.0,255,False,c0
L16_s2006_first,16,2006,first,0,0.9019607843137256,0.4352941176470588,0.0,0.0,255,False,01
L16_s2006_first,16,2006,first,1,0.9372549019607844,0.9098039215686274,0.0313725490196078,0.0274509803921568,255,False,c5
L16_s2006_first,16,2006,first,2,0.8509803921568627,0.8235294117647058,0.0196078431372549,0.0039215686274509,255,False,01
L16_s2006_first,16,2006,first,3,0.3294117647058823,0.0823529411764705,0.0823529411764705,0.0117647058823529,255,False,c5
L16_s2006_first,16,2006,first,4,0.8352941176470589,0.6392156862745098,0.0039215686274509,0.0,255,False,01
L16_s2006_first,16,2006,first,5,0.807843137254902,0.5098039215686274,0.0509803921568627,0.0313725490196078,255,False,c5
L16_s2006_first,16,2006,first,6,0.7568627450980392,0.0627450980392156,0.0470588235294117,0.0196078431372549,255,False,01
L16_s2006_first,16,2006,first,7,0.1686274509803921,0.0196078431372549,0.1254901960784313,0.0117647058823529,255,False,c5
L16_s2006_first,16,2006,first,8,0.7176470588235294,0.2078431372549019,0.1215686274509803,0.0235294117647058,255,False,01
L16_s2006_first,16,2006,first,9,0.196078431372549,0.1058823529411764,0.1803921568627451,0.0235294117647058,255,False,c5
L16_s2006_first,16,2006,first,10,0.8392156862745098,0.7764705882352941,0.0313725490196078,0.0156862745098039,255,False,01
L16_s2006_first,16,2006,first,11,0.6901960784313725,0.3294117647058823,0.0274509803921568,0.0156862745098039,255,False,c5
L16_s2006_first,16,2006,first,12,0.7333333333333333,0.611764705882353,0.0274509803921568,0.0,255,False,01
L16_s2006_first,16,2006,first,13,0.9137254901960784,0.6666666666666666,0.0078431372549019,0.0,255,False,c5
L16_s2006_first,16,2006,first,14,0.788235294117647,0.1137254901960784,0.0352941176470588,0.0,255,False,01
L16_s2006_first,16,2006,first,15,0.6941176470588235,0.3058823529411765,0.0,0.0,255,False,c5
L16_s2006_final,16,2006,final,0,0.6666666666666666,0.6666666666666666,0.0,0.0,255,False,ad
L16_s2006_final,16,2006,final,1,0.0039215686274509,0.0,0.0,0.0,255,False,e3
L16_s2006_final,16,2006,final,2,0.6313725490196078,0.6313725490196078,0.0,0.0,255,False,21
L16_s2006_final,16,2006,final,3,0.0,0.0,0.0,0.0,255,False,e3
L16_s2006_final,16,2006,final,4,0.0431372549019607,0.0431372549019607,0.0,0.0,255,False,21
L16_s2006_final,16,2006,final,5,0.0039215686274509,0.0039215686274509,0.0901960784313725,0.0039215686274509,255,False,c0
L16_s2006_final,16,2006,final,6,0.1215686274509803,0.1215686274509803,0.1372549019607843,0.1215686274509803,255,False,ad
L16_s2006_final,16,2006,final,7,0.0352941176470588,0.0352941176470588,0.0,0.0,255,False,c0
L16_s2006_final,16,2006,final,8,1.0,1.0,0.0,0.0,255,False,ad
L16_s2006_final,16,2006,final,9,1.0,1.0,0.0,0.0,255,False,e3
L16_s2006_final,16,2006,final,10,1.0,1.0,0.0,0.0,255,False,21
L16_s2006_final,16,2006,final,11,1.0,1.0,0.0,0.0,255,False,e3
L16_s2006_final,16,2006,final,12,1.0,1.0,0.0,0.0,255,False,21
L16_s2006_final,16,2006,final,13,1.0,1.0,0.0,0.0,255,False,c0
L16_s2006_final,16,2006,final,14,1.0,1.0,0.0,0.0,255,False,ad
L16_s2006_final,16,2006,final,15,1.0,1.0,0.0,0.0,255,False,c0
L16_s2007_first,16,2007,first,0,0.7803921568627451,0.7098039215686275,0.0,0.0,255,False,01
L16_s2007_first,16,2007,first,1,0.8509803921568627,0.8313725490196079,0.1529411764705882,0.1254901960784313,255,False,c5
L16_s2007_first,16,2007,first,2,0.3215686274509804,0.2627450980392157,0.0313725490196078,0.0156862745098039,255,False,01
L16_s2007_first,16,2007,first,3,0.8431372549019608,0.615686274509804,0.0431372549019607,0.0117647058823529,255,False,c5
L16_s2007_first,16,2007,first,4,0.9176470588235294,0.8274509803921568,0.0156862745098039,0.0039215686274509,255,False,01
L16_s2007_first,16,2007,first,5,0.6588235294117647,0.1843137254901961,0.0941176470588235,0.0549019607843137,255,False,c5
L16_s2007_first,16,2007,first,6,0.8196078431372549,0.1098039215686274,0.0627450980392156,0.0156862745098039,255,False,01
L16_s2007_first,16,2007,first,7,0.5215686274509804,0.0117647058823529,0.1411764705882353,0.0039215686274509,255,False,c5
L16_s2007_first,16,2007,first,8,0.7843137254901961,0.6980392156862745,0.0274509803921568,0.0196078431372549,255,False,01
L16_s2007_first,16,2007,first,9,0.2705882352941176,0.1607843137254902,0.3372549019607843,0.0823529411764705,255,False,c5
L16_s2007_first,16,2007,first,10,0.8666666666666667,0.8392156862745098,0.0313725490196078,0.0117647058823529,255,False,01
L16_s2007_first,16,2007,first,11,0.9019607843137256,0.1333333333333333,0.0313725490196078,0.0235294117647058,255,False,c5
L16_s2007_first,16,2007,first,12,0.8862745098039215,0.7254901960784313,0.0196078431372549,0.0,255,False,01
L16_s2007_first,16,2007,first,13,0.6823529411764706,0.2705882352941176,0.0235294117647058,0.0039215686274509,255,False,c5
L16_s2007_first,16,2007,first,14,0.8392156862745098,0.788235294117647,0.0117647058823529,0.0039215686274509,255,False,01
L16_s2007_first,16,2007,first,15,0.9137254901960784,0.7372549019607844,0.0039215686274509,0.0039215686274509,255,False,c5
L16_s2007_final,16,2007,final,0,0.6666666666666666,0.6666666666666666,0.0,0.0,255,False,ad
L16_s2007_final,16,2007,final,1,0.0039215686274509,0.0,0.0,0.0,255,False,e3
L16_s2007_final,16,2007,final,2,0.6470588235294118,0.6313725490196078,0.0,0.0,255,False,21
L16_s2007_final,16,2007,final,3,0.0,0.0,0.0,0.0,255,False,e3
L16_s2007_final,16,2007,final,4,0.0431372549019607,0.0431372549019607,0.0,0.0,255,False,21
L16_s2007_final,16,2007,final,5,0.0039215686274509,0.0039215686274509,0.0392156862745098,0.0039215686274509,255,False,c0
L16_s2007_final,16,2007,final,6,0.1215686274509803,0.1215686274509803,0.1450980392156863,0.1215686274509803,255,False,ad
L16_s2007_final,16,2007,final,7,0.0352941176470588,0.0352941176470588,0.0,0.0,255,False,c0
L16_s2007_final,16,2007,final,8,1.0,1.0,0.0,0.0,255,False,ad
L16_s2007_final,16,2007,final,9,1.0,1.0,0.0,0.0,255,False,e3
L16_s2007_final,16,2007,final,10,1.0,1.0,0.0,0.0,255,False,21
L16_s2007_final,16,2007,final,11,1.0,1.0,0.0,0.0,255,False,e3
L16_s2007_final,16,2007,final,12,1.0,1.0,0.0,0.0,255,False,21
L16_s2007_final,16,2007,final,13,1.0,1.0,0.0,0.0,255,False,c0
L16_s2007_final,16,2007,final,14,1.0,1.0,0.0,0.0,255,False,ad
L16_s2007_final,16,2007,final,15,1.0,1.0,0.0,0.0,255,False,c0
L16_s2008_first,16,2008,first,0,0.9019607843137256,0.803921568627451,0.0,0.0,255,False,01
L16_s2008_first,16,2008,first,1,0.8862745098039215,0.8431372549019608,0.1411764705882353,0.1215686274509803,255,False,c5
L16_s2008_first,16,2008,first,2,0.8509803921568627,0.2039215686274509,0.0196078431372549,0.0156862745098039,255,False,01
L16_s2008_first,16,2008,first,3,0.8196078431372549,0.1019607843137254,0.0235294117647058,0.0117647058823529,255,False,c5
L16_s2008_first,16,2008,first,4,0.8901960784313725,0.7607843137254902,0.0039215686274509,0.0039215686274509,255,False,01
L16_s2008_first,16,2008,first,5,0.8980392156862745,0.3843137254901961,0.0470588235294117,0.0313725490196078,255,False,c5
L16_s2008_first,16,2008,first,6,0.8509803921568627,0.2235294117647059,0.0470588235294117,0.0196078431372549,255,False,01
L16_s2008_first,16,2008,first,7,0.1254901960784313,0.0274509803921568,0.0392156862745098,0.0039215686274509,255,False,c5
L16_s2008_first,16,2008,first,8,0.7647058823529411,0.6823529411764706,0.1058823529411764,0.0274509803921568,255,False,01
L16_s2008_first,16,2008,first,9,0.192156862745098,0.1647058823529411,0.1098039215686274,0.0156862745098039,255,False,c5
L16_s2008_first,16,2008,first,10,0.8470588235294118,0.8235294117647058,0.0235294117647058,0.0078431372549019,255,False,01
L16_s2008_first,16,2008,first,11,0.3019607843137254,0.1333333333333333,0.0431372549019607,0.0313725490196078,255,False,c5
L16_s2008_first,16,2008,first,12,0.8196078431372549,0.7450980392156863,0.0235294117647058,0.0,255,False,01
L16_s2008_first,16,2008,first,13,0.6274509803921569,0.3019607843137254,0.2274509803921568,0.0901960784313725,255,False,c5
L16_s2008_first,16,2008,first,14,0.8862745098039215,0.796078431372549,0.0078431372549019,0.0,255,False,01
L16_s2008_first,16,2008,first,15,0.8745098039215686,0.2588235294117647,0.0,0.0,255,False,c5
L16_s2008_final,16,2008,final,0,0.6666666666666666,0.6666666666666666,0.0,0.0,255,False,ad
L16_s2008_final,16,2008,final,1,0.0078431372549019,0.0,0.0,0.0,255,False,e3
L16_s2008_final,16,2008,final,2,0.6470588235294118,0.6313725490196078,0.0,0.0,255,False,21
L16_s2008_final,16,2008,final,3,0.0,0.0,0.0,0.0,255,False,e3
L16_s2008_final,16,2008,final,4,0.0431372549019607,0.0431372549019607,0.0,0.0,255,False,21
L16_s2008_final,16,2008,final,5,0.0039215686274509,0.0039215686274509,0.0588235294117647,0.0039215686274509,255,False,c0
L16_s2008_final,16,2008,final,6,0.1215686274509803,0.1215686274509803,0.1372549019607843,0.1215686274509803,255,False,ad
L16_s2008_final,16,2008,final,7,0.0352941176470588,0.0352941176470588,0.0,0.0,255,False,c0
L16_s2008_final,16,2008,final,8,1.0,1.0,0.0,0.0,255,False,ad
L16_s2008_final,16,2008,final,9,1.0,1.0,0.0,0.0,255,False,e3
L16_s2008_final,16,2008,final,10,1.0,1.0,0.0,0.0,255,False,21
L16_s2008_final,16,2008,final,11,1.0,1.0,0.0,0.0,255,False,e3
L16_s2008_final,16,2008,final,12,1.0,1.0,0.0,0.0,255,False,21
L16_s2008_final,16,2008,final,13,1.0,1.0,0.0,0.0,255,False,c0
L16_s2008_final,16,2008,final,14,1.0,1.0,0.0,0.0,255,False,ad
L16_s2008_final,16,2008,final,15,1.0,1.0,0.0,0.0,255,False,c0
L16_s2009_first,16,2009,first,0,0.8627450980392157,0.4588235294117647,0.0,0.0,255,False,01
L16_s2009_first,16,2009,first,1,0.8862745098039215,0.7843137254901961,0.1372549019607843,0.1137254901960784,255,False,c5
L16_s2009_first,16,2009,first,2,0.2745098039215686,0.2352941176470588,0.0509803921568627,0.0431372549019607,255,False,01
L16_s2009_first,16,2009,first,3,0.8705882352941177,0.1372549019607843,0.0117647058823529,0.0039215686274509,255,False,c5
L16_s2009_first,16,2009,first,4,0.8549019607843137,0.7568627450980392,0.0039215686274509,0.0039215686274509,255,False,01
L16_s2009_first,16,2009,first,5,0.796078431372549,0.188235294117647,0.1019607843137254,0.0274509803921568,255,False,c5
L16_s2009_first,16,2009,first,6,0.7333333333333333,0.0705882352941176,0.0666666666666666,0.0274509803921568,255,False,01
L16_s2009_first,16,2009,first,7,0.0705882352941176,0.0313725490196078,0.0980392156862745,0.0078431372549019,255,False,c5
L16_s2009_first,16,2009,first,8,0.7568627450980392,0.6980392156862745,0.0627450980392156,0.0117647058823529,255,False,01
L16_s2009_first,16,2009,first,9,0.1764705882352941,0.1450980392156863,0.3137254901960784,0.0784313725490196,255,False,c5
L16_s2009_first,16,2009,first,10,0.8156862745098039,0.7803921568627451,0.0196078431372549,0.0156862745098039,255,False,01
L16_s2009_first,16,2009,first,11,0.2392156862745098,0.1019607843137254,0.0392156862745098,0.0235294117647058,255,False,c5
L16_s2009_first,16,2009,first,12,0.8705882352941177,0.7607843137254902,0.0039215686274509,0.0,255,False,01
L16_s2009_first,16,2009,first,13,0.8784313725490196,0.596078431372549,0.0196078431372549,0.0078431372549019,255,False,c5
L16_s2009_first,16,2009,first,14,0.8117647058823529,0.611764705882353,0.0156862745098039,0.0078431372549019,255,False,01
L16_s2009_first,16,2009,first,15,0.8313725490196079,0.0431372549019607,0.0078431372549019,0.0,255,False,c5
L16_s2009_final,16,2009,final,0,0.6666666666666666,0.6666666666666666,0.0,0.0,255,False,ad
L16_s2009_final,16,2009,final,1,0.0,0.0,0.0,0.0,255,False,e3
L16_s2009_final,16,2009,final,2,0.6313725490196078,0.6313725490196078,0.0,0.0,255,False,21
L16_s2009_final,16,2009,final,3,0.0,0.0,0.0,0.0,255,False,e3
L16_s2009_final,16,2009,final,4,0.0431372549019607,0.0431372549019607,0.0,0.0,255,False,21
L16_s2009_final,16,2009,final,5,0.0039215686274509,0.0039215686274509,0.0392156862745098,0.0039215686274509,255,False,c0
L16_s2009_final,16,2009,final,6,0.1215686274509803,0.1215686274509803,0.1372549019607843,0.1215686274509803,255,False,ad
L16_s2009_final,16,2009,final,7,0.0352941176470588,0.0352941176470588,0.0,0.0,255,False,c0
L16_s2009_final,16,2009,final,8,1.0,1.0,0.0,0.0,255,False,ad
L16_s2009_final,16,2009,final,9,1.0,1.0,0.0,0.0,255,False,e3
L16_s2009_final,16,2009,final,10,1.0,1.0,0.0,0.0,255,False,21
L16_s2009_final,16,2009,final,11,1.0,1.0,0.0,0.0,255,False,e3
L16_s2009_final,16,2009,final,12,1.0,1.0,0.0,0.0,255,False,21
L16_s2009_final,16,2009,final,13,1.0,1.0,0.0,0.0,255,False,c0
L16_s2009_final,16,2009,final,14,1.0,1.0,0.0,0.0,255,False,ad
L16_s2009_final,16,2009,final,15,1.0,1.0,0.0,0.0,255,False,c0
L16_s2010_first,16,2010,first,0,0.8392156862745098,0.4156862745098039,0.0,0.0,255,False,01
L16_s2010_first,16,2010,first,1,0.9058823529411764,0.7843137254901961,0.0862745098039215,0.0666666666666666,255,False,c5
L16_s2010_first,16,2010,first,2,0.8235294117647058,0.7490196078431373,0.0235294117647058,0.0078431372549019,255,False,01
L16_s2010_first,16,2010,first,3,0.5333333333333333,0.1607843137254902,0.0117647058823529,0.0,255,False,c5
L16_s2010_first,16,2010,first,4,0.9058823529411764,0.7411764705882353,0.0039215686274509,0.0039215686274509,255,False,01
L16_s2010_first,16,2010,first,5,0.8156862745098039,0.1058823529411764,0.0980392156862745,0.0784313725490196,255,False,c5
L16_s2010_first,16,2010,first,6,0.796078431372549,0.5450980392156862,0.0627450980392156,0.0235294117647058,255,False,01
L16_s2010_first,16,2010,first,7,0.0784313725490196,0.0274509803921568,0.0274509803921568,0.0,255,False,c5
L16_s2010_first,16,2010,first,8,0.803921568627451,0.6784313725490196,0.0313725490196078,0.0196078431372549,255,False,01
L16_s2010_first,16,2010,first,9,0.1647058823529411,0.1411764705882353,0.2549019607843137,0.0117647058823529,255,False,c5
L16_s2010_first,16,2010,first,10,0.8588235294117647,0.8,0.0274509803921568,0.0039215686274509,255,False,01
L16_s2010_first,16,2010,first,11,0.6039215686274509,0.2352941176470588,0.0470588235294117,0.0313725490196078,255,False,c5
L16_s2010_first,16,2010,first,12,0.8784313725490196,0.7372549019607844,0.0235294117647058,0.0,255,False,01
L16_s2010_first,16,2010,first,13,0.8117647058823529,0.4,0.0156862745098039,0.0039215686274509,255,False,c5
L16_s2010_first,16,2010,first,14,0.8431372549019608,0.2,0.0078431372549019,0.0,255,False,01
L16_s2010_first,16,2010,first,15,0.8627450980392157,0.2235294117647059,0.0,0.0,255,False,c5
L16_s2010_final,16,2010,final,0,0.6666666666666666,0.6666666666666666,0.0,0.0,255,False,ad
L16_s2010_final,16,2010,final,1,0.0,0.0,0.0,0.0,255,False,e3
L16_s2010_final,16,2010,final,2,0.6392156862745098,0.6313725490196078,0.0,0.0,255,False,21
L16_s2010_final,16,2010,final,3,0.0,0.0,0.0,0.0,255,False,e3
L16_s2010_final,16,2010,final,4,0.0431372549019607,0.0431372549019607,0.0,0.0,255,False,21
L16_s2010_final,16,2010,final,5,0.0039215686274509,0.0039215686274509,0.0549019607843137,0.0039215686274509,255,False,c0
L16_s2010_final,16,2010,final,6,0.1215686274509803,0.1215686274509803,0.1450980392156863,0.1215686274509803,255,False,ad
L16_s2010_final,16,2010,final,7,0.0352941176470588,0.0352941176470588,0.0,0.0,255,False,c0
L16_s2010_final,16,2010,final,8,1.0,1.0,0.0,0.0,255,False,ad
L16_s2010_final,16,2010,final,9,1.0,1.0,0.0,0.0,255,False,e3
L16_s2010_final,16,2010,final,10,1.0,1.0,0.0,0.0,255,False,21
L16_s2010_final,16,2010,final,11,1.0,1.0,0.0,0.0,255,False,e3
L16_s2010_final,16,2010,final,12,1.0,1.0,0.0,0.0,255,False,21
L16_s2010_final,16,2010,final,13,1.0,1.0,0.0,0.0,255,False,c0
L16_s2010_final,16,2010,final,14,1.0,1.0,0.0,0.0,255,False,ad
L16_s2010_final,16,2010,final,15,1.0,1.0,0.0,0.0,255,False,c0
L16_s2011_first,16,2011,first,0,0.7137254901960784,0.1058823529411764,0.0,0.0,255,False,01
L16_s2011_first,16,2011,first,1,0.8705882352941177,0.0862745098039215,0.1176470588235294,0.1098039215686274,255,False,c5
L16_s2011_first,16,2011,first,2,0.8470588235294118,0.3686274509803922,0.0196078431372549,0.0156862745098039,255,False,01
L16_s2011_first,16,2011,first,3,0.8627450980392157,0.1450980392156863,0.0352941176470588,0.0078431372549019,255,False,c5
L16_s2011_first,16,2011,first,4,0.8745098039215686,0.6705882352941176,0.0,0.0,255,False,01
L16_s2011_first,16,2011,first,5,0.9137254901960784,0.8,0.0823529411764705,0.0588235294117647,255,False,c5
L16_s2011_first,16,2011,first,6,0.6392156862745098,0.0823529411764705,0.0431372549019607,0.0235294117647058,255,False,01
L16_s2011_first,16,2011,first,7,0.2431372549019607,0.0313725490196078,0.0549019607843137,0.0078431372549019,255,False,c5
L16_s2011_first,16,2011,first,8,0.7411764705882353,0.4470588235294118,0.1098039215686274,0.0196078431372549,255,False,01
L16_s2011_first,16,2011,first,9,0.1607843137254902,0.1333333333333333,0.7568627450980392,0.0862745098039215,255,False,c5
L16_s2011_first,16,2011,first,10,0.8431372549019608,0.796078431372549,0.0431372549019607,0.0196078431372549,255,False,01
L16_s2011_first,16,2011,first,11,0.7647058823529411,0.1607843137254902,0.0470588235294117,0.0352941176470588,255,False,c5
L16_s2011_first,16,2011,first,12,0.8196078431372549,0.3333333333333333,0.0235294117647058,0.0039215686274509,255,False,01
L16_s2011_first,16,2011,first,13,0.8862745098039215,0.2039215686274509,0.0196078431372549,0.0039215686274509,255,False,c5
L16_s2011_first,16,2011,first,14,0.7529411764705882,0.1686274509803921,0.0196078431372549,0.0,255,False,01
L16_s2011_first,16,2011,first,15,0.8431372549019608,0.6823529411764706,0.0,0.0,255,False,c5
L16_s2011_final,16,2011,final,0,0.1450980392156863,0.0431372549019607,0.0823529411764705,0.0392156862745098,255,False,28
L16_s2011_final,16,2011,final,1,1.0,1.0,1.0,1.0,255,True,19
L16_s2011_final,16,2011,final,2,0.0,0.0,0.1372549019607843,0.0,255,False,5e
L16_s2011_final,16,2011,final,3,0.0,0.0,0.0078431372549019,0.0,255,False,ed
L16_s2011_final,16,2011,final,4,0.0,0.0,0.0039215686274509,0.0,255,False,b0
L16_s2011_final,16,2011,final,5,1.0,1.0,1.0,1.0,255,True,aa
L16_s2011_final,16,2011,final,6,1.0,1.0,1.0,1.0,255,True,6b
L16_s2011_final,16,2011,final,7,1.0,1.0,1.0,1.0,255,True,b4
L16_s2011_final,16,2011,final,8,1.0,1.0,0.0,0.0,255,False,28
L16_s2011_final,16,2011,final,9,1.0,1.0,0.0,0.0,255,False,19
L16_s2011_final,16,2011,final,10,1.0,1.0,0.0,0.0,255,False,5e
L16_s2011_final,16,2011,final,11,1.0,1.0,0.0,0.0,255,False,ed
L16_s2011_final,16,2011,final,12,1.0,1.0,0.0,0.0,255,False,b0
L16_s2011_final,16,2011,final,13,1.0,1.0,0.0,0.0,255,False,aa
L16_s2011_final,16,2011,final,14,1.0,1.0,0.0,0.0,255,False,6b
L16_s2011_final,16,2011,final,15,1.0,1.0,0.0,0.0,255,False,b4
L16_s2012_first,16,2012,first,0,0.8627450980392157,0.4784313725490196,0.0,0.0,255,False,01
L16_s2012_first,16,2012,first,1,0.9333333333333332,0.807843137254902,0.0313725490196078,0.0313725490196078,255,False,c5
L16_s2012_first,16,2012,first,2,0.8313725490196079,0.0823529411764705,0.0117647058823529,0.0078431372549019,255,False,01
L16_s2012_first,16,2012,first,3,0.7686274509803922,0.188235294117647,0.0078431372549019,0.0039215686274509,255,False,c5
L16_s2012_first,16,2012,first,4,0.9019607843137256,0.7450980392156863,0.0039215686274509,0.0039215686274509,255,False,01
L16_s2012_first,16,2012,first,5,0.803921568627451,0.4352941176470588,0.0352941176470588,0.0235294117647058,255,False,c5
L16_s2012_first,16,2012,first,6,0.3568627450980392,0.0784313725490196,0.0470588235294117,0.0196078431372549,255,False,01
L16_s2012_first,16,2012,first,7,0.7450980392156863,0.0431372549019607,0.0352941176470588,0.0039215686274509,255,False,c5
L16_s2012_first,16,2012,first,8,0.4745098039215686,0.2901960784313726,0.0196078431372549,0.0117647058823529,255,False,01
L16_s2012_first,16,2012,first,9,0.2,0.0549019607843137,0.1450980392156863,0.0509803921568627,255,False,c5
L16_s2012_first,16,2012,first,10,0.807843137254902,0.7450980392156863,0.0235294117647058,0.0078431372549019,255,False,01
L16_s2012_first,16,2012,first,11,0.7803921568627451,0.3254901960784314,0.0274509803921568,0.0235294117647058,255,False,c5
L16_s2012_first,16,2012,first,12,0.8235294117647058,0.6313725490196078,0.0039215686274509,0.0,255,False,01
L16_s2012_first,16,2012,first,13,0.8901960784313725,0.5843137254901961,0.0117647058823529,0.0039215686274509,255,False,c5
L16_s2012_first,16,2012,first,14,0.6509803921568628,0.1725490196078431,0.0156862745098039,0.0078431372549019,255,False,01
L16_s2012_first,16,2012,first,15,0.8745098039215686,0.7411764705882353,0.0,0.0,255,False,c5
L16_s2012_final,16,2012,final,0,0.0078431372549019,0.0078431372549019,0.1137254901960784,0.0078431372549019,255,False,50
L16_s2012_final,16,2012,final,1,0.0,0.0,0.0470588235294117,0.0,255,False,5e
L16_s2012_final,16,2012,final,2,0.0352941176470588,0.0352941176470588,0.1215686274509803,0.0352941176470588,255,False,c3
L16_s2012_final,16,2012,final,3,0.0274509803921568,0.0274509803921568,0.1450980392156863,0.0274509803921568,255,False,eb
L16_s2012_final,16,2012,final,4,1.0,1.0,1.0,1.0,255,True,12
L16_s2012_final,16,2012,final,5,1.0,1.0,1.0,1.0,255,True,ee
L16_s2012_final,16,2012,final,6,1.0,1.0,1.0,1.0,255,True,8a
L16_s2012_final,16,2012,final,7,1.0,1.0,1.0,1.0,255,True,51
L16_s2012_final,16,2012,final,8,1.0,1.0,1.0,1.0,255,True,0b
L16_s2012_final,16,2012,final,9,1.0,1.0,1.0,1.0,255,True,0d
L16_s2012_final,16,2012,final,10,1.0,1.0,1.0,1.0,255,True,db
L16_s2012_final,16,2012,final,11,0.0,0.0,0.0,0.0,255,False,ed
L16_s2012_final,16,2012,final,12,0.0,0.0,0.0039215686274509,0.0,255,False,b0
L16_s2012_final,16,2012,final,13,1.0,1.0,1.0,1.0,255,True,ad
L16_s2012_final,16,2012,final,14,1.0,1.0,1.0,1.0,255,True,4d
L16_s2012_final,16,2012,final,15,1.0,1.0,1.0,1.0,255,True,a9
L16_s2013_first,16,2013,first,0,0.9098039215686274,0.1529411764705882,0.0,0.0,255,False,01
L16_s2013_first,16,2013,first,1,0.9294117647058824,0.9137254901960784,0.0431372549019607,0.0392156862745098,255,False,c5
L16_s2013_first,16,2013,first,2,0.8431372549019608,0.1568627450980392,0.0156862745098039,0.0117647058823529,255,False,01
L16_s2013_first,16,2013,first,3,0.3764705882352941,0.0588235294117647,0.0392156862745098,0.0039215686274509,255,False,c5
L16_s2013_first,16,2013,first,4,0.9137254901960784,0.7725490196078432,0.0039215686274509,0.0039215686274509,255,False,01
L16_s2013_first,16,2013,first,5,0.8196078431372549,0.6862745098039216,0.0352941176470588,0.0235294117647058,255,False,c5
L16_s2013_first,16,2013,first,6,0.8431372549019608,0.1137254901960784,0.0470588235294117,0.0274509803921568,255,False,01
L16_s2013_first,16,2013,first,7,0.7725490196078432,0.0352941176470588,0.0470588235294117,0.0156862745098039,255,False,c5
L16_s2013_first,16,2013,first,8,0.7647058823529411,0.7176470588235294,0.0274509803921568,0.0235294117647058,255,False,01
L16_s2013_first,16,2013,first,9,0.1568627450980392,0.1215686274509803,0.796078431372549,0.0313725490196078,255,False,c5
L16_s2013_first,16,2013,first,10,0.8,0.7686274509803922,0.0352941176470588,0.0117647058823529,255,False,01
L16_s2013_first,16,2013,first,11,0.9019607843137256,0.2549019607843137,0.0431372549019607,0.0352941176470588,255,False,c5
L16_s2013_first,16,2013,first,12,0.8196078431372549,0.6862745098039216,0.0,0.0,255,False,01
L16_s2013_first,16,2013,first,13,0.9137254901960784,0.792156862745098,0.0078431372549019,0.0,255,False,c5
L16_s2013_first,16,2013,first,14,0.8588235294117647,0.7686274509803922,0.0078431372549019,0.0039215686274509,255,False,01
L16_s2013_first,16,2013,first,15,0.7176470588235294,0.1137254901960784,0.0,0.0,255,False,c5
L16_s2013_final,16,2013,final,0,0.6666666666666666,0.6666666666666666,0.0,0.0,255,False,ad
L16_s2013_final,16,2013,final,1,0.0,0.0,0.0,0.0,255,False,e3
L16_s2013_final,16,2013,final,2,0.6313725490196078,0.6313725490196078,0.0,0.0,255,False,21
L16_s2013_final,16,2013,final,3,0.0,0.0,0.0,0.0,255,False,e3
L16_s2013_final,16,2013,final,4,0.0431372549019607,0.0431372549019607,0.0,0.0,255,False,21
L16_s2013_final,16,2013,final,5,0.0039215686274509,0.0039215686274509,0.0549019607843137,0.0039215686274509,255,False,c0
L16_s2013_final,16,2013,final,6,0.1215686274509803,0.1215686274509803,0.1490196078431372,0.1215686274509803,255,False,ad
L16_s2013_final,16,2013,final,7,0.0352941176470588,0.0352941176470588,0.0,0.0,255,False,c0
L16_s2013_final,16,2013,final,8,1.0,1.0,0.0,0.0,255,False,ad
L16_s2013_final,16,2013,final,9,1.0,1.0,0.0,0.0,255,False,e3
L16_s2013_final,16,2013,final,10,1.0,1.0,0.0,0.0,255,False,21
L16_s2013_final,16,2013,final,11,1.0,1.0,0.0,0.0,255,False,e3
L16_s2013_final,16,2013,final,12,1.0,1.0,0.0,0.0,255,False,21
L16_s2013_final,16,2013,final,13,1.0,1.0,0.0,0.0,255,False,c0
L16_s2013_final,16,2013,final,14,1.0,1.0,0.0,0.0,255,False,ad
L16_s2013_final,16,2013,final,15,1.0,1.0,0.0,0.0,255,False,c0
L16_s2014_first,16,2014,first,0,0.8627450980392157,0.7176470588235294,0.0,0.0,255,False,01
L16_s2014_first,16,2014,first,1,0.9137254901960784,0.8705882352941177,0.1137254901960784,0.1058823529411764,255,False,c5
L16_s2014_first,16,2014,first,2,0.8705882352941177,0.792156862745098,0.0274509803921568,0.0196078431372549,255,False,01
L16_s2014_first,16,2014,first,3,0.2078431372549019,0.1019607843137254,0.192156862745098,0.0039215686274509,255,False,c5
L16_s2014_first,16,2014,first,4,0.9019607843137256,0.7568627450980392,0.0039215686274509,0.0,255,False,01
L16_s2014_first,16,2014,first,5,0.788235294117647,0.0941176470588235,0.0705882352941176,0.0470588235294117,255,False,c5
L16_s2014_first,16,2014,first,6,0.3529411764705882,0.0901960784313725,0.0588235294117647,0.0274509803921568,255,False,01
L16_s2014_first,16,2014,first,7,0.4274509803921568,0.0196078431372549,0.0431372549019607,0.0,255,False,c5
L16_s2014_first,16,2014,first,8,0.7803921568627451,0.196078431372549,0.0588235294117647,0.0235294117647058,255,False,01
L16_s2014_first,16,2014,first,9,0.1725490196078431,0.1568627450980392,0.792156862745098,0.0352941176470588,255,False,c5
L16_s2014_first,16,2014,first,10,0.8235294117647058,0.788235294117647,0.0274509803921568,0.0117647058823529,255,False,01
L16_s2014_first,16,2014,first,11,0.8274509803921568,0.1568627450980392,0.0431372549019607,0.0235294117647058,255,False,c5
L16_s2014_first,16,2014,first,12,0.8705882352941177,0.6666666666666666,0.0,0.0,255,False,01
L16_s2014_first,16,2014,first,13,0.7686274509803922,0.1529411764705882,0.0392156862745098,0.0196078431372549,255,False,c5
L16_s2014_first,16,2014,first,14,0.8156862745098039,0.5764705882352941,0.0078431372549019,0.0,255,False,01
L16_s2014_first,16,2014,first,15,0.9294117647058824,0.1058823529411764,0.0039215686274509,0.0039215686274509,255,False,c5
L16_s2014_final,16,2014,final,0,0.6666666666666666,0.6666666666666666,0.0,0.0,255,False,ad
L16_s2014_final,16,2014,final,1,0.0,0.0,0.0,0.0,255,False,e3
L16_s2014_final,16,2014,final,2,0.6313725490196078,0.6313725490196078,0.0,0.0,255,False,21
L16_s2014_final,16,2014,final,3,0.0,0.0,0.0,0.0,255,False,e3
L16_s2014_final,16,2014,final,4,0.0431372549019607,0.0431372549019607,0.0,0.0,255,False,21
L16_s2014_final,16,2014,final,5,0.0039215686274509,0.0039215686274509,0.0392156862745098,0.0039215686274509,255,False,c0
L16_s2014_final,16,2014,final,6,0.1215686274509803,0.1215686274509803,0.1372549019607843,0.1215686274509803,255,False,ad
L16_s2014_final,16,2014,final,7,0.0352941176470588,0.0352941176470588,0.0,0.0,255,False,c0
L16_s2014_final,16,2014,final,8,1.0,1.0,0.0,0.0,255,False,ad
L16_s2014_final,16,2014,final,9,1.0,1.0,0.0,0.0,255,False,e3
L16_s2014_final,16,2014,final,10,1.0,1.0,0.0,0.0,255,False,21
L16_s2014_final,16,2014,final,11,1.0,1.0,0.0,0.0,255,False,e3
L16_s2014_final,16,2014,final,12,1.0,1.0,0.0,0.0,255,False,21
L16_s2014_final,16,2014,final,13,1.0,1.0,0.0,0.0,255,False,c0
L16_s2014_final,16,2014,final,14,1.0,1.0,0.0,0.0,255,False,ad
L16_s2014_final,16,2014,final,15,1.0,1.0,0.0,0.0,255,False,c0
L16_s2015_first,16,2015,first,0,0.8745098039215686,0.7215686274509804,0.0,0.0,255,False,01
L16_s2015_first,16,2015,first,1,0.9254901960784314,0.9019607843137256,0.0862745098039215,0.0784313725490196,255,False,c5
L16_s2015_first,16,2015,first,2,0.8745098039215686,0.7176470588235294,0.0235294117647058,0.0078431372549019,255,False,01
L16_s2015_first,16,2015,first,3,0.8705882352941177,0.0941176470588235,0.0156862745098039,0.0039215686274509,255,False,c5
L16_s2015_first,16,2015,first,4,0.9019607843137256,0.788235294117647,0.0078431372549019,0.0039215686274509,255,False,01
L16_s2015_first,16,2015,first,5,0.8862745098039215,0.1137254901960784,0.0666666666666666,0.0392156862745098,255,False,c5
L16_s2015_first,16,2015,first,6,0.8823529411764706,0.1490196078431372,0.0431372549019607,0.0235294117647058,255,False,01
L16_s2015_first,16,2015,first,7,0.7450980392156863,0.0392156862745098,0.0392156862745098,0.0039215686274509,255,False,c5
L16_s2015_first,16,2015,first,8,0.7803921568627451,0.7176470588235294,0.0392156862745098,0.0156862745098039,255,False,01
L16_s2015_first,16,2015,first,9,0.2352941176470588,0.1764705882352941,0.792156862745098,0.0901960784313725,255,False,c5
L16_s2015_first,16,2015,first,10,0.8588235294117647,0.7803921568627451,0.0352941176470588,0.0274509803921568,255,False,01
L16_s2015_first,16,2015,first,11,0.8784313725490196,0.611764705882353,0.0352941176470588,0.0274509803921568,255,False,c5
L16_s2015_first,16,2015,first,12,0.8745098039215686,0.6666666666666666,0.0274509803921568,0.0039215686274509,255,False,01
L16_s2015_first,16,2015,first,13,0.9058823529411764,0.796078431372549,0.0156862745098039,0.0039215686274509,255,False,c5
L16_s2015_first,16,2015,first,14,0.8509803921568627,0.7254901960784313,0.0117647058823529,0.0,255,False,01
L16_s2015_first,16,2015,first,15,0.9490196078431372,0.1098039215686274,0.0078431372549019,0.0078431372549019,255,False,c5
L16_s2015_final,16,2015,final,0,0.6666666666666666,0.6666666666666666,0.0,0.0,255,False,ad
L16_s2015_final,16,2015,final,1,0.0,0.0,0.0,0.0,255,False,e3
L16_s2015_final,16,2015,final,2,0.6313725490196078,0.6313725490196078,0.0,0.0,255,False,21
L16_s2015_final,16,2015,final,3,0.0,0.0,0.0,0.0,255,False,e3
L16_s2015_final,16,2015,final,4,0.0431372549019607,0.0431372549019607,0.0509803921568627,0.0,255,False,21
L16_s2015_final,16,2015,final,5,0.0039215686274509,0.0039215686274509,0.0705882352941176,0.0039215686274509,255,False,c0
L16_s2015_final,16,2015,final,6,0.1254901960784313,0.1254901960784313,0.1843137254901961,0.1254901960784313,255,False,ad
L16_s2015_final,16,2015,final,7,0.0352941176470588,0.0352941176470588,0.0,0.0,255,False,c0
L16_s2015_final,16,2015,final,8,1.0,1.0,0.0,0.0,255,False,ad
L16_s2015_final,16,2015,final,9,1.0,1.0,0.0,0.0,255,False,e3
L16_s2015_final,16,2015,final,10,1.0,1.0,0.0,0.0,255,False,21
L16_s2015_final,16,2015,final,11,1.0,1.0,0.0,0.0,255,False,e3
L16_s2015_final,16,2015,final,12,1.0,1.0,0.0,0.0,255,False,21
L16_s2015_final,16,2015,final,13,1.0,1.0,0.0,0.0,255,False,c0
L16_s2015_final,16,2015,final,14,1.0,1.0,0.0,0.0,255,False,ad
L16_s2015_final,16,2015,final,15,1.0,1.0,0.0,0.0,255,False,c0
L16_s2016_first,16,2016,first,0,0.8666666666666667,0.1803921568627451,0.0039215686274509,0.0,255,False,01
L16_s2016_first,16,2016,first,1,0.9019607843137256,0.8470588235294118,0.1490196078431372,0.1411764705882353,255,False,c5
L16_s2016_first,16,2016,first,2,0.8549019607843137,0.7647058823529411,0.0352941176470588,0.0196078431372549,255,False,01
L16_s2016_first,16,2016,first,3,0.8980392156862745,0.4980392156862745,0.0392156862745098,0.0313725490196078,255,False,c5
L16_s2016_first,16,2016,first,4,0.8901960784313725,0.8274509803921568,0.0039215686274509,0.0039215686274509,255,False,01
L16_s2016_first,16,2016,first,5,0.8117647058823529,0.7529411764705882,0.388235294117647,0.3725490196078431,255,False,c5
L16_s2016_first,16,2016,first,6,0.8431372549019608,0.1725490196078431,0.0509803921568627,0.0274509803921568,255,False,01
L16_s2016_first,16,2016,first,7,0.8470588235294118,0.5803921568627451,0.0627450980392156,0.0156862745098039,255,False,c5
L16_s2016_first,16,2016,first,8,0.8627450980392157,0.7254901960784313,0.0196078431372549,0.0117647058823529,255,False,01
L16_s2016_first,16,2016,first,9,0.2666666666666666,0.1254901960784313,0.8392156862745098,0.1686274509803921,255,False,c5
L16_s2016_first,16,2016,first,10,0.807843137254902,0.7764705882352941,0.0549019607843137,0.0274509803921568,255,False,01
L16_s2016_first,16,2016,first,11,0.8901960784313725,0.1529411764705882,0.0470588235294117,0.0274509803921568,255,False,c5
L16_s2016_first,16,2016,first,12,0.8980392156862745,0.7411764705882353,0.0196078431372549,0.0,255,False,01
L16_s2016_first,16,2016,first,13,0.8588235294117647,0.188235294117647,0.0196078431372549,0.0039215686274509,255,False,c5
L16_s2016_first,16,2016,first,14,0.8705882352941177,0.788235294117647,0.0078431372549019,0.0,255,False,01
L16_s2016_first,16,2016,first,15,0.9450980392156862,0.8431372549019608,0.0,0.0,255,False,c5
L16_s2016_final,16,2016,final,0,0.6666666666666666,0.6666666666666666,0.0,0.0,255,False,ad
L16_s2016_final,16,2016,final,1,0.0,0.0,0.0,0.0,255,False,e3
L16_s2016_final,16,2016,final,2,0.6392156862745098,0.6313725490196078,0.0,0.0,255,False,21
L16_s2016_final,16,2016,final,3,0.0,0.0,0.0,0.0,255,False,e3
L16_s2016_final,16,2016,final,4,0.0431372549019607,0.0431372549019607,0.0,0.0,255,False,21
L16_s2016_final,16,2016,final,5,0.0039215686274509,0.0039215686274509,0.0784313725490196,0.0039215686274509,255,False,c0
L16_s2016_final,16,2016,final,6,0.1215686274509803,0.1215686274509803,0.1490196078431372,0.1215686274509803,255,False,ad
L16_s2016_final,16,2016,final,7,0.0352941176470588,0.0352941176470588,0.0,0.0,255,False,c0
L16_s2016_final,16,2016,final,8,1.0,1.0,0.0,0.0,255,False,ad
L16_s2016_final,16,2016,final,9,1.0,1.0,0.0,0.0,255,False,e3
L16_s2016_final,16,2016,final,10,1.0,1.0,0.0,0.0,255,False,21
L16_s2016_final,16,2016,final,11,1.0,1.0,0.0,0.0,255,False,e3
L16_s2016_final,16,2016,final,12,1.0,1.0,0.0,0.0,255,False,21
L16_s2016_final,16,2016,final,13,1.0,1.0,0.0,0.0,255,False,c0
L16_s2016_final,16,2016,final,14,1.0,1.0,0.0,0.0,255,False,ad
L16_s2016_final,16,2016,final,15,1.0,1.0,0.0,0.0,255,False,c0
L16_s2017_first,16,2017,first,0,0.7333333333333333,0.0666666666666666,0.0,0.0,255,False,11
L16_s2017_first,16,2017,first,1,0.7843137254901961,0.0941176470588235,0.3254901960784314,0.2235294117647059,255,False,d5
L16_s2017_first,16,2017,first,2,0.7215686274509804,0.0823529411764705,0.0705882352941176,0.0313725490196078,255,False,11
L16_s2017_first,16,2017,first,3,0.2313725490196078,0.0274509803921568,0.0549019607843137,0.0,255,False,d5
L16_s2017_first,16,2017,first,4,0.8666666666666667,0.6941176470588235,0.0078431372549019,0.0039215686274509,255,False,11
L16_s2017_first,16,2017,first,5,0.0549019607843137,0.0156862745098039,0.8156862745098039,0.0274509803921568,255,False,d5
L16_s2017_first,16,2017,first,6,0.6823529411764706,0.0078431372549019,0.0274509803921568,0.0,255,False,11
L16_s2017_first,16,2017,first,7,0.0705882352941176,0.0078431372549019,0.0235294117647058,0.0,255,False,d5
L16_s2017_first,16,2017,first,8,0.7725490196078432,0.6941176470588235,0.0274509803921568,0.0,255,False,11
L16_s2017_first,16,2017,first,9,0.2078431372549019,0.0901960784313725,0.7411764705882353,0.1450980392156863,255,False,d5
L16_s2017_first,16,2017,first,10,0.8352941176470589,0.6862745098039216,0.1019607843137254,0.0823529411764705,255,False,11
L16_s2017_first,16,2017,first,11,0.1490196078431372,0.0196078431372549,0.0039215686274509,0.0,255,False,d5
L16_s2017_first,16,2017,first,12,0.8784313725490196,0.7137254901960784,0.0117647058823529,0.0,255,False,11
L16_s2017_first,16,2017,first,13,0.8745098039215686,0.7803921568627451,0.0196078431372549,0.0,255,False,d5
L16_s2017_first,16,2017,first,14,0.7215686274509804,0.1058823529411764,0.0352941176470588,0.0,255,False,11
L16_s2017_first,16,2017,first,15,0.2549019607843137,0.0823529411764705,0.0,0.0,255,False,d5
L16_s2017_final,16,2017,final,0,0.6666666666666666,0.6666666666666666,0.0,0.0,255,False,ad
L16_s2017_final,16,2017,final,1,0.0117647058823529,0.0,0.0,0.0,255,False,e3
L16_s2017_final,16,2017,final,2,0.6392156862745098,0.6313725490196078,0.0,0.0,255,False,21
L16_s2017_final,16,2017,final,3,0.0,0.0,0.0,0.0,255,False,e3
L16_s2017_final,16,2017,final,4,0.0431372549019607,0.0431372549019607,0.0,0.0,255,False,21
L16_s2017_final,16,2017,final,5,0.0039215686274509,0.0039215686274509,0.0588235294117647,0.0039215686274509,255,False,c0
L16_s2017_final,16,2017,final,6,0.1215686274509803,0.1215686274509803,0.1411764705882353,0.1215686274509803,255,False,ad
L16_s2017_final,16,2017,final,7,0.0352941176470588,0.0352941176470588,0.0,0.0,255,False,c0
L16_s2017_final,16,2017,final,8,1.0,1.0,0.0,0.0,255,False,ad
L16_s2017_final,16,2017,final,9,1.0,1.0,0.0,0.0,255,False,e3
L16_s2017_final,16,2017,final,10,1.0,1.0,0.0,0.0,255,False,21
L16_s2017_final,16,2017,final,11,1.0,1.0,0.0,0.0,255,False,e3
L16_s2017_final,16,2017,final,12,1.0,1.0,0.0,0.0,255,False,21
L16_s2017_final,16,2017,final,13,1.0,1.0,0.0,0.0,255,False,c0
L16_s2017_final,16,2017,final,14,1.0,1.0,0.0,0.0,255,False,ad
L16_s2017_final,16,2017,final,15,1.0,1.0,0.0,0.0,255,False,c0
L16_s2018_first,16,2018,first,0,0.9176470588235294,0.7333333333333333,0.0,0.0,255,False,01
L16_s2018_first,16,2018,first,1,0.8980392156862745,0.8509803921568627,0.0862745098039215,0.0666666666666666,255,False,c5
L16_s2018_first,16,2018,first,2,0.8352941176470589,0.1294117647058823,0.0274509803921568,0.0196078431372549,255,False,01
L16_s2018_first,16,2018,first,3,0.1803921568627451,0.0823529411764705,0.0196078431372549,0.0039215686274509,255,False,c5
L16_s2018_first,16,2018,first,4,0.8588235294117647,0.7137254901960784,0.0039215686274509,0.0039215686274509,255,False,01
L16_s2018_first,16,2018,first,5,0.6392156862745098,0.1137254901960784,0.7019607843137254,0.5137254901960784,255,True,c5
L16_s2018_first,16,2018,first,6,0.7098039215686275,0.0784313725490196,0.0666666666666666,0.0235294117647058,255,False,01
L16_s2018_first,16,2018,first,7,0.6666666666666666,0.0313725490196078,0.1137254901960784,0.0078431372549019,255,False,c5
L16_s2018_first,16,2018,first,8,0.7254901960784313,0.1411764705882353,0.0784313725490196,0.0235294117647058,255,False,01
L16_s2018_first,16,2018,first,9,0.1686274509803921,0.1411764705882353,0.3176470588235294,0.1254901960784313,255,False,c5
L16_s2018_first,16,2018,first,10,0.8313725490196079,0.7607843137254902,0.1137254901960784,0.0862745098039215,255,False,01
L16_s2018_first,16,2018,first,11,0.8745098039215686,0.596078431372549,0.0470588235294117,0.0274509803921568,255,False,c5
L16_s2018_first,16,2018,first,12,0.8470588235294118,0.6588235294117647,0.0235294117647058,0.0,255,False,01
L16_s2018_first,16,2018,first,13,0.6235294117647059,0.1137254901960784,0.0078431372549019,0.0,255,False,c5
L16_s2018_first,16,2018,first,14,0.8352941176470589,0.7529411764705882,0.0274509803921568,0.0078431372549019,255,False,01
L16_s2018_first,16,2018,first,15,0.8627450980392157,0.6509803921568628,0.0,0.0,255,False,c5
L16_s2018_final,16,2018,final,0,0.6666666666666666,0.6666666666666666,0.0,0.0,255,False,ad
L16_s2018_final,16,2018,final,1,0.0,0.0,0.0,0.0,255,False,e3
L16_s2018_final,16,2018,final,2,0.6392156862745098,0.6313725490196078,0.0,0.0,255,False,21
L16_s2018_final,16,2018,final,3,0.0,0.0,0.0156862745098039,0.0,255,False,e3
L16_s2018_final,16,2018,final,4,0.0431372549019607,0.0431372549019607,0.0078431372549019,0.0,255,False,21
L16_s2018_final,16,2018,final,5,0.0039215686274509,0.0039215686274509,0.0666666666666666,0.0039215686274509,255,False,c0
L16_s2018_final,16,2018,final,6,0.1215686274509803,0.1215686274509803,0.1411764705882353,0.1215686274509803,255,False,ad
L16_s2018_final,16,2018,final,7,0.0352941176470588,0.0352941176470588,0.0,0.0,255,False,c0
L16_s2018_final,16,2018,final,8,1.0,1.0,0.0,0.0,255,False,ad
L16_s2018_final,16,2018,final,9,1.0,1.0,0.0,0.0,255,False,e3
L16_s2018_final,16,2018,final,10,1.0,1.0,0.0,0.0,255,False,21
L16_s2018_final,16,2018,final,11,1.0,1.0,0.0,0.0,255,False,e3
L16_s2018_final,16,2018,final,12,1.0,1.0,0.0,0.0,255,False,21
L16_s2018_final,16,2018,final,13,1.0,1.0,0.0,0.0,255,False,c0
L16_s2018_final,16,2018,final,14,1.0,1.0,0.0,0.0,255,False,ad
L16_s2018_final,16,2018,final,15,1.0,1.0,0.0,0.0,255,False,c0
L16_s2019_first,16,2019,first,0,0.9098039215686274,0.6470588235294118,0.0,0.0,255,False,01
L16_s2019_first,16,2019,first,1,0.9294117647058824,0.8980392156862745,0.1333333333333333,0.1333333333333333,255,False,c5
L16_s2019_first,16,2019,first,2,0.8588235294117647,0.8352941176470589,0.0470588235294117,0.0352941176470588,255,False,01
L16_s2019_first,16,2019,first,3,0.7686274509803922,0.1176470588235294,0.0274509803921568,0.0078431372549019,255,False,c5
L16_s2019_first,16,2019,first,4,0.8980392156862745,0.7686274509803922,0.0039215686274509,0.0039215686274509,255,False,01
L16_s2019_first,16,2019,first,5,0.9294117647058824,0.2823529411764706,0.0352941176470588,0.0274509803921568,255,False,c5
L16_s2019_first,16,2019,first,6,0.8431372549019608,0.1333333333333333,0.0509803921568627,0.0235294117647058,255,False,01
L16_s2019_first,16,2019,first,7,0.615686274509804,0.0352941176470588,0.0549019607843137,0.0078431372549019,255,False,c5
L16_s2019_first,16,2019,first,8,0.7647058823529411,0.6901960784313725,0.0313725490196078,0.0196078431372549,255,False,01
L16_s2019_first,16,2019,first,9,0.8156862745098039,0.188235294117647,0.7450980392156863,0.6509803921568628,255,True,c5
L16_s2019_first,16,2019,first,10,0.8588235294117647,0.8156862745098039,0.0313725490196078,0.0117647058823529,255,False,01
L16_s2019_first,16,2019,first,11,0.8823529411764706,0.6666666666666666,0.0392156862745098,0.0313725490196078,255,False,c5
L16_s2019_first,16,2019,first,12,0.8431372549019608,0.6745098039215687,0.0235294117647058,0.0,255,False,01
L16_s2019_first,16,2019,first,13,0.807843137254902,0.1803921568627451,0.0196078431372549,0.0078431372549019,255,False,c5
L16_s2019_first,16,2019,first,14,0.8509803921568627,0.7647058823529411,0.0392156862745098,0.0039215686274509,255,False,01
L16_s2019_first,16,2019,first,15,0.9568627450980391,0.6509803921568628,0.0,0.0,255,False,c5
L16_s2019_final,16,2019,final,0,0.6666666666666666,0.6666666666666666,0.0,0.0,255,False,ad
L16_s2019_final,16,2019,final,1,0.0,0.0,0.0,0.0,255,False,e3
L16_s2019_final,16,2019,final,2,0.6313725490196078,0.6313725490196078,0.0,0.0,255,False,21
L16_s2019_final,16,2019,final,3,0.0,0.0,0.0,0.0,255,False,e3
L16_s2019_final,16,2019,final,4,0.0431372549019607,0.0431372549019607,0.0,0.0,255,False,21
L16_s2019_final,16,2019,final,5,0.0039215686274509,0.0039215686274509,0.0941176470588235,0.0039215686274509,255,False,c0
L16_s2019_final,16,2019,final,6,0.1215686274509803,0.1215686274509803,0.1372549019607843,0.1215686274509803,255,False,ad
L16_s2019_final,16,2019,final,7,0.0352941176470588,0.0352941176470588,0.0,0.0,255,False,c0
L16_s2019_final,16,2019,final,8,1.0,1.0,0.0,0.0,255,False,ad
L16_s2019_final,16,2019,final,9,1.0,1.0,0.0,0.0,255,False,e3
L16_s2019_final,16,2019,final,10,1.0,1.0,0.0,0.0,255,False,21
L16_s2019_final,16,2019,final,11,1.0,1.0,0.0,0.0,255,False,e3
L16_s2019_final,16,2019,final,12,1.0,1.0,0.0,0.0,255,False,21
L16_s2019_final,16,2019,final,13,1.0,1.0,0.0,0.0,255,False,c0
L16_s2019_final,16,2019,final,14,1.0,1.0,0.0,0.0,255,False,ad
L16_s2019_final,16,2019,final,15,1.0,1.0,0.0,0.0,255,False,c0
L16_s2020_first,16,2020,first,0,0.9294117647058824,0.792156862745098,0.0,0.0,255,False,01
L16_s2020_first,16,2020,first,1,0.9254901960784314,0.8588235294117647,0.0470588235294117,0.0431372549019607,255,False,c5
L16_s2020_first,16,2020,first,2,0.8588235294117647,0.8156862745098039,0.0196078431372549,0.0156862745098039,255,False,01
L16_s2020_first,16,2020,first,3,0.8823529411764706,0.3843137254901961,0.0313725490196078,0.0196078431372549,255,False,c5
L16_s2020_first,16,2020,first,4,0.9215686274509804,0.7647058823529411,0.0,0.0,255,False,01
L16_s2020_first,16,2020,first,5,0.9019607843137256,0.788235294117647,0.6745098039215687,0.6588235294117647,255,True,c5
L16_s2020_first,16,2020,first,6,0.8823529411764706,0.6980392156862745,0.0431372549019607,0.0274509803921568,255,False,01
L16_s2020_first,16,2020,first,7,0.5176470588235295,0.0509803921568627,0.0431372549019607,0.0039215686274509,255,False,c5
L16_s2020_first,16,2020,first,8,0.7764705882352941,0.7176470588235294,0.0392156862745098,0.0196078431372549,255,False,01
L16_s2020_first,16,2020,first,9,0.192156862745098,0.1843137254901961,0.8470588235294118,0.1019607843137254,255,False,c5
L16_s2020_first,16,2020,first,10,0.8470588235294118,0.7764705882352941,0.0627450980392156,0.0392156862745098,255,False,01
L16_s2020_first,16,2020,first,11,0.9098039215686274,0.2470588235294117,0.0352941176470588,0.0274509803921568,255,False,c5
L16_s2020_first,16,2020,first,12,0.8980392156862745,0.7176470588235294,0.0039215686274509,0.0,255,False,01
L16_s2020_first,16,2020,first,13,0.8588235294117647,0.1568627450980392,0.0313725490196078,0.0196078431372549,255,False,c5
L16_s2020_first,16,2020,first,14,0.8392156862745098,0.7647058823529411,0.0235294117647058,0.0,255,False,01
L16_s2020_first,16,2020,first,15,0.9176470588235294,0.6784313725490196,0.0,0.0,255,False,c5
L16_s2020_final,16,2020,final,0,0.6666666666666666,0.6666666666666666,0.0,0.0,255,False,ad
L16_s2020_final,16,2020,final,1,0.0039215686274509,0.0,0.0,0.0,255,False,e3
L16_s2020_final,16,2020,final,2,0.6588235294117647,0.6313725490196078,0.0,0.0,255,False,21
L16_s2020_final,16,2020,final,3,0.0,0.0,0.0,0.0,255,False,e3
L16_s2020_final,16,2020,final,4,0.0431372549019607,0.0431372549019607,0.0,0.0,255,False,21
L16_s2020_final,16,2020,final,5,0.0039215686274509,0.0039215686274509,0.0862745098039215,0.0039215686274509,255,False,c0
L16_s2020_final,16,2020,final,6,0.1215686274509803,0.1215686274509803,0.1529411764705882,0.1215686274509803,255,False,ad
L16_s2020_final,16,2020,final,7,0.0352941176470588,0.0352941176470588,0.0,0.0,255,False,c0
L16_s2020_final,16,2020,final,8,1.0,1.0,0.0,0.0,255,False,ad
L16_s2020_final,16,2020,final,9,1.0,1.0,0.0,0.0,255,False,e3
L16_s2020_final,16,2020,final,10,1.0,1.0,0.0,0.0,255,False,21
L16_s2020_final,16,2020,final,11,1.0,1.0,0.0,0.0,255,False,e3
L16_s2020_final,16,2020,final,12,1.0,1.0,0.0,0.0,255,False,21
L16_s2020_final,16,2020,final,13,1.0,1.0,0.0,0.0,255,False,c0
L16_s2020_final,16,2020,final,14,1.0,1.0,0.0,0.0,255,False,ad
L16_s2020_final,16,2020,final,15,1.0,1.0,0.0,0.0,255,False,c0
L20_s2001_first,20,2001,first,0,0.9058823529411765,0.8117647058823529,0.0,0.0,255,False,01
L20_s2001_first,20,2001,first,1,0.9215686274509803,0.8862745098039215,0.06274509803921569,0.050980392156862744,255,False,c5
L20_s2001_first,20,2001,first,2,0.9019607843137255,0.8627450980392157,0.09411764705882353,0.0784313725490196,255,False,01
L20_s2001_first,20,2001,first,3,0.9019607843137255,0.6274509803921569,0.0392156862745098,0.03529411764705882,255,False,c5
L20_s2001_first,20,2001,first,4,0.8862745098039215,0.7843137254901961,0.0,0.0,255,False,01
L20_s2001_first,20,2001,first,5,0.803921568627451,0.1450980392156863,0.1450980392156863,0.027450980392156862,255,False,c5
L20_s2001_first,20,2001,first,6,0.796078431372549,0.11372549019607843,0.047058823529411764,0.00392156862745098,255,False,01
L20_s2001_first,20,2001,first,7,0.8,0.48627450980392156,0.07450980392156863,0.023529411764705882,255,False,c5
L20_s2001_first,20,2001,first,8,0.8666666666666667,0.19215686274509805,0.00392156862745098,0.0,255,False,01
L20_s2001_first,20,2001,first,9,0.8901960784313725,0.1568627450980392,0.11764705882352941,0.07450980392156863,255,False,c5
L20_s2001_first,20,2001,first,10,0.9058823529411765,0.8549019607843137,0.050980392156862744,0.03529411764705882,255,False,01
L20_s2001_first,20,2001,first,11,0.8627450980392157,0.7294117647058823,0.0392156862745098,0.0196078431372549,255,False,c5
L20_s2001_first,20,2001,first,12,0.8666666666666667,0.7843137254901961,0.03137254901960784,0.0,255,False,01
L20_s2001_first,20,2001,first,13,0.18823529411764706,0.14901960784313725,0.7411764705882353,0.023529411764705882,255,False,c5
L20_s2001_first,20,2001,first,14,0.8666666666666667,0.807843137254902,0.050980392156862744,0.023529411764705882,255,False,01
L20_s2001_first,20,2001,first,15,0.8980392156862745,0.807843137254902,0.03137254901960784,0.00784313725490196,255,False,c5
L20_s2001_first,20,2001,first,16,0.9372549019607843,0.8627450980392157,0.011764705882352941,0.0,255,False,01
L20_s2001_first,20,2001,first,17,0.9372549019607843,0.9019607843137255,0.01568627450980392,0.00392156862745098,255,False,c5
L20_s2001_first,20,2001,first,18,0.9098039215686274,0.8509803921568627,0.023529411764705882,0.00784313725490196,255,False,01
L20_s2001_first,20,2001,first,19,0.9803921568627451,0.7450980392156863,0.0,0.0,255,False,c5
L20_s2001_final,20,2001,final,0,0.0,0.0,0.011764705882352941,0.0,255,False,b0
L20_s2001_final,20,2001,final,1,0.0,0.0,0.07450980392156863,0.0,255,False,11
L20_s2001_final,20,2001,final,2,0.16470588235294117,0.1411764705882353,0.3137254901960784,0.1411764705882353,255,False,5d
L20_s2001_final,20,2001,final,3,0.19607843137254902,0.19607843137254902,0.4392156862745098,0.19607843137254902,255,False,d9
L20_s2001_final,20,2001,final,4,0.0,0.0,0.00784313725490196,0.0,255,False,ed
L20_s2001_final,20,2001,final,5,0.8705882352941177,0.8705882352941177,0.0,0.0,255,False,b0
L20_s2001_final,20,2001,final,6,1.0,1.0,0.0,0.0,255,False,11
L20_s2001_final,20,2001,final,7,1.0,1.0,0.0,0.0,255,False,5d
L20_s2001_final,20,2001,final,8,1.0,1.0,0.0,0.0,255,False,d9
L20_s2001_final,20,2001,final,9,1.0,1.0,0.0,0.0,255,False,ed
L20_s2001_final,20,2001,final,10,1.0,1.0,0.0,0.0,255,False,b0
L20_s2001_final,20,2001,final,11,1.0,1.0,0.0,0.0,255,False,11
L20_s2001_final,20,2001,final,12,1.0,1.0,0.0,0.0,255,False,5d
L20_s2001_final,20,2001,final,13,1.0,1.0,0.0,0.0,255,False,d9
L20_s2001_final,20,2001,final,14,1.0,1.0,0.0,0.0,255,False,ed
L20_s2001_final,20,2001,final,15,1.0,1.0,0.0,0.0,255,False,b0
L20_s2001_final,20,2001,final,16,1.0,1.0,0.0,0.0,255,False,11
L20_s2001_final,20,2001,final,17,1.0,1.0,0.0,0.0,255,False,5d
L20_s2001_final,20,2001,final,18,1.0,1.0,0.0,0.0,255,False,d9
L20_s2001_final,20,2001,final,19,1.0,1.0,0.0,0.0,255,False,ed
L20_s2002_first,20,2002,first,0,0.9333333333333333,0.8980392156862745,0.0,0.0,255,False,11
L20_s2002_first,20,2002,first,1,0.9411764705882353,0.8980392156862745,0.01568627450980392,0.011764705882352941,255,False,d5
L20_s2002_first,20,2002,first,2,0.9333333333333333,0.8901960784313725,0.043137254901960784,0.0392156862745098,255,False,11
L20_s2002_first,20,2002,first,3,0.8980392156862745,0.8117647058823529,0.03137254901960784,0.027450980392156862,255,False,d5
L20_s2002_first,20,2002,first,4,0.8901960784313725,0.8509803921568627,0.0,0.0,255,False,11
L20_s2002_first,20,2002,first,5,0.8901960784313725,0.8117647058823529,0.8470588235294118,0.7843137254901961,255,True,d5
L20_s2002_first,20,2002,first,6,0.7803921568627451,0.17647058823529413,0.1803921568627451,0.12549019607843137,255,False,11
L20_s2002_first,20,2002,first,7,0.8470588235294118,0.7529411764705882,0.08235294117647059,0.0392156862745098,255,False,d5
L20_s2002_first,20,2002,first,8,0.8588235294117647,0.4666666666666667,0.08235294117647059,0.050980392156862744,255,False,11
L20_s2002_first,20,2002,first,9,0.8666666666666667,0.20392156862745098,0.10980392156862745,0.054901960784313725,255,False,d5
L20_s2002_first,20,2002,first,10,0.9019607843137255,0.8509803921568627,0.12941176470588237,0.11372549019607843,255,False,11
L20_s2002_first,20,2002,first,11,0.8980392156862745,0.8,0.06274509803921569,0.043137254901960784,255,False,d5
L20_s2002_first,20,2002,first,12,0.8470588235294118,0.7333333333333333,0.027450980392156862,0.0196078431372549,255,False,11
L20_s2002_first,20,2002,first,13,0.17647058823529413,0.13333333333333333,0.9215686274509803,0.14901960784313725,255,False,d5
L20_s2002_first,20,2002,first,14,0.8549019607843137,0.8156862745098039,0.17254901960784313,0.10980392156862745,255,False,11
L20_s2002_first,20,2002,first,15,0.9372549019607843,0.8313725490196079,0.01568627450980392,0.01568627450980392,255,False,d5
L20_s2002_first,20,2002,first,16,0.9568627450980393,0.8784313725490196,0.023529411764705882,0.0196078431372549,255,False,11
L20_s2002_first,20,2002,first,17,0.9176470588235294,0.8823529411764706,0.07058823529411765,0.043137254901960784,255,False,d5
L20_s2002_first,20,2002,first,18,0.9254901960784314,0.8549019607843137,0.011764705882352941,0.0,255,False,11
L20_s2002_first,20,2002,first,19,0.9725490196078431,0.9058823529411765,0.0,0.0,255,False,d5
L20_s2002_final,20,2002,final,0,0.054901960784313725,0.054901960784313725,0.011764705882352941,0.0,255,False,21
L20_s2002_final,20,2002,final,1,1.0,1.0,0.0,0.0,255,False,e5
L20_s2002_final,20,2002,final,2,1.0,1.0,0.0,0.0,255,False,21
L20_s2002_final,20,2002,final,3,0.5098039215686274,0.011764705882352941,0.0196078431372549,0.0,255,False,e5
L20_s2002_final,20,2002,final,4,0.20392156862745098,0.0784313725490196,0.047058823529411764,0.0,255,False,21
L20_s2002_final,20,2002,final,5,0.5803921568627451,0.5686274509803921,0.7686274509803922,0.5333333333333333,255,True,fd
L20_s2002_final,20,2002,final,6,0.7647058823529411,0.7372549019607844,0.6941176470588235,0.6352941176470588,255,True,20
L20_s2002_final,20,2002,final,7,0.5254901960784314,0.5137254901960784,0.00392156862745098,0.0,255,False,e5
L20_s2002_final,20,2002,final,8,0.00784313725490196,0.00784313725490196,0.0,0.0,255,False,21
L20_s2002_final,20,2002,final,9,0.3607843137254902,0.3607843137254902,0.5019607843137255,0.30980392156862746,255,False,e5
L20_s2002_final,20,2002,final,10,0.07058823529411765,0.06666666666666667,0.10980392156862745,0.054901960784313725,255,False,21
L20_s2002_final,20,2002,final,11,0.0196078431372549,0.0196078431372549,0.00784313725490196,0.0,255,False,e5
L20_s2002_final,20,2002,final,12,0.054901960784313725,0.054901960784313725,0.0,0.0,255,False,21
L20_s2002_final,20,2002,final,13,0.592156862745098,0.5176470588235295,0.043137254901960784,0.03529411764705882,255,False,e5
L20_s2002_final,20,2002,final,14,1.0,1.0,0.0,0.0,255,False,21
L20_s2002_final,20,2002,final,15,0.5372549019607843,0.5137254901960784,0.00784313725490196,0.00392156862745098,255,False,fd
L20_s2002_final,20,2002,final,16,0.047058823529411764,0.01568627450980392,0.00392156862745098,0.00392156862745098,255,False,20
L20_s2002_final,20,2002,final,17,0.20392156862745098,0.2,0.0,0.0,255,False,e5
L20_s2002_final,20,2002,final,18,1.0,1.0,0.0,0.0,255,False,21
L20_s2002_final,20,2002,final,19,1.0,1.0,0.0,0.0,255,False,e5
L20_s2003_first,20,2003,first,0,0.9215686274509803,0.8666666666666667,0.0,0.0,255,False,11
L20_s2003_first,20,2003,first,1,0.9176470588235294,0.8941176470588236,0.10196078431372549,0.047058823529411764,255,False,d5
L20_s2003_first,20,2003,first,2,0.9176470588235294,0.8627450980392157,0.16470588235294117,0.1568627450980392,255,False,11
L20_s2003_first,20,2003,first,3,0.8823529411764706,0.8235294117647058,0.03529411764705882,0.027450980392156862,255,False,d5
L20_s2003_first,20,2003,first,4,0.9176470588235294,0.8431372549019608,0.01568627450980392,0.011764705882352941,255,False,11
L20_s2003_first,20,2003,first,5,0.8705882352941177,0.8470588235294118,0.9137254901960784,0.8392156862745098,255,True,d5
L20_s2003_first,20,2003,first,6,0.4627450980392157,0.1568627450980392,0.1803921568627451,0.13333333333333333,255,False,11
L20_s2003_first,20,2003,first,7,0.7843137254901961,0.16862745098039217,0.09411764705882353,0.011764705882352941,255,False,d5
L20_s2003_first,20,2003,first,8,0.7176470588235294,0.2549019607843137,0.023529411764705882,0.00784313725490196,255,False,11
L20_s2003_first,20,2003,first,9,0.32941176470588235,0.19607843137254902,0.7647058823529411,0.20784313725490197,255,False,d5
L20_s2003_first,20,2003,first,10,0.8980392156862745,0.8235294117647058,0.10980392156862745,0.08627450980392157,255,False,11
L20_s2003_first,20,2003,first,11,0.8745098039215686,0.796078431372549,0.054901960784313725,0.023529411764705882,255,False,d5
L20_s2003_first,20,2003,first,12,0.8470588235294118,0.7725490196078432,0.054901960784313725,0.0196078431372549,255,False,11
L20_s2003_first,20,2003,first,13,0.1803921568627451,0.12941176470588237,0.7803921568627451,0.047058823529411764,255,False,d5
L20_s2003_first,20,2003,first,14,0.8549019607843137,0.6901960784313725,0.12549019607843137,0.06274509803921569,255,False,11
L20_s2003_first,20,2003,first,15,0.9254901960784314,0.8274509803921568,0.01568627450980392,0.01568627450980392,255,False,d5
L20_s2003_first,20,2003,first,16,0.9411764705882353,0.34509803921568627,0.023529411764705882,0.0196078431372549,255,False,11
L20_s2003_first,20,2003,first,17,0.9019607843137255,0.8705882352941177,0.07058823529411765,0.03529411764705882,255,False,d5
L20_s2003_first,20,2003,first,18,0.8901960784313725,0.807843137254902,0.058823529411764705,0.047058823529411764,255,False,11
L20_s2003_first,20,2003,first,19,0.9764705882352941,0.8235294117647058,0.0,0.0,255,False,d5
L20_s2003_final,20,2003,final,0,0.00392156862745098,0.00392156862745098,0.00784313725490196,0.00392156862745098,255,False,1e
L20_s2003_final,20,2003,final,1,0.07450980392156863,0.050980392156862744,0.11764705882352941,0.050980392156862744,255,False,9c
L20_s2003_final,20,2003,final,2,0.011764705882352941,0.011764705882352941,0.6941176470588235,0.011764705882352941,255,False,10
L20_s2003_final,20,2003,final,3,0.050980392156862744,0.050980392156862744,0.30196078431372547,0.050980392156862744,255,False,f6
L20_s2003_final,20,2003,final,4,1.0,1.0,1.0,1.0,255,True,6b
L20_s2003_final,20,2003,final,5,1.0,1.0,1.0,1.0,255,True,c2
L20_s2003_final,20,2003,final,6,1.0,1.0,1.0,1.0,255,True,03
L20_s2003_final,20,2003,final,7,1.0,1.0,1.0,1.0,255,True,33
L20_s2003_final,20,2003,final,8,1.0,1.0,1.0,1.0,255,True,76
L20_s2003_final,20,2003,final,9,1.0,1.0,1.0,1.0,255,True,9c
L20_s2003_final,20,2003,final,10,0.0,0.0,0.0,0.0,255,False,ed
L20_s2003_final,20,2003,final,11,0.0,0.0,0.0,0.0,255,False,b8
L20_s2003_final,20,2003,final,12,1.0,1.0,1.0,1.0,255,True,08
L20_s2003_final,20,2003,final,13,1.0,1.0,1.0,1.0,255,True,48
L20_s2003_final,20,2003,final,14,1.0,1.0,1.0,1.0,255,True,e3
L20_s2003_final,20,2003,final,15,1.0,1.0,1.0,1.0,255,True,bc
L20_s2003_final,20,2003,final,16,1.0,1.0,0.0,0.0,255,False,1e
L20_s2003_final,20,2003,final,17,1.0,1.0,0.0,0.0,255,False,ef
L20_s2003_final,20,2003,final,18,1.0,1.0,0.0,0.0,255,False,aa
L20_s2003_final,20,2003,final,19,1.0,1.0,0.0,0.0,255,False,5c
L20_s2004_first,20,2004,first,0,0.8823529411764706,0.5686274509803921,0.0,0.0,255,False,21
L20_s2004_first,20,2004,first,1,0.9254901960784314,0.8823529411764706,0.06666666666666667,0.0392156862745098,255,False,e5
L20_s2004_first,20,2004,first,2,0.9058823529411765,0.8156862745098039,0.12941176470588237,0.11764705882352941,255,False,21
L20_s2004_first,20,2004,first,3,0.8666666666666667,0.7176470588235294,0.054901960784313725,0.023529411764705882,255,False,e5
L20_s2004_first,20,2004,first,4,0.8509803921568627,0.7411764705882353,0.0,0.0,255,False,21
L20_s2004_first,20,2004,first,5,0.8392156862745098,0.807843137254902,0.8196078431372549,0.7058823529411765,255,True,e5
L20_s2004_first,20,2004,first,6,0.807843137254902,0.4745098039215686,0.08627450980392157,0.023529411764705882,255,False,21
L20_s2004_first,20,2004,first,7,0.6980392156862745,0.2196078431372549,0.047058823529411764,0.00392156862745098,255,False,e5
L20_s2004_first,20,2004,first,8,0.8235294117647058,0.11372549019607843,0.023529411764705882,0.01568627450980392,255,False,21
L20_s2004_first,20,2004,first,9,0.8549019607843137,0.17254901960784313,0.13725490196078433,0.058823529411764705,255,False,e5
L20_s2004_first,20,2004,first,10,0.8862745098039215,0.792156862745098,0.11764705882352941,0.10196078431372549,255,False,21
L20_s2004_first,20,2004,first,11,0.788235294117647,0.4117647058823529,0.08627450980392157,0.043137254901960784,255,False,e5
L20_s2004_first,20,2004,first,12,0.8549019607843137,0.26666666666666666,0.0196078431372549,0.011764705882352941,255,False,21
L20_s2004_first,20,2004,first,13,0.807843137254902,0.14901960784313725,0.6588235294117647,0.5647058823529412,255,True,e5
L20_s2004_first,20,2004,first,14,0.8901960784313725,0.7843137254901961,0.0196078431372549,0.011764705882352941,255,False,21
L20_s2004_first,20,2004,first,15,0.8862745098039215,0.6274509803921569,0.0196078431372549,0.0,255,False,e5
L20_s2004_first,20,2004,first,16,0.9294117647058824,0.2627450980392157,0.023529411764705882,0.0,255,False,21
L20_s2004_first,20,2004,first,17,0.8745098039215686,0.8235294117647058,0.050980392156862744,0.00392156862745098,255,False,e5
L20_s2004_first,20,2004,first,18,0.8745098039215686,0.8,0.027450980392156862,0.01568627450980392,255,False,21
L20_s2004_first,20,2004,first,19,0.9725490196078431,0.7843137254901961,0.0,0.0,255,False,e5
L20_s2004_final,20,2004,final,0,0.01568627450980392,0.00784313725490196,0.14901960784313725,0.00784313725490196,255,False,1e
L20_s2004_final,20,2004,final,1,0.3058823529411765,0.17254901960784313,0.2823529411764706,0.17647058823529413,255,False,a4
L20_s2004_final,20,2004,final,2,0.011764705882352941,0.011764705882352941,0.023529411764705882,0.011764705882352941,255,False,ed
L20_s2004_final,20,2004,final,3,0.00784313725490196,0.00392156862745098,0.023529411764705882,0.0,255,False,b0
L20_s2004_final,20,2004,final,4,1.0,1.0,0.0,0.0,255,False,1e
L20_s2004_final,20,2004,final,5,1.0,1.0,0.0,0.0,255,False,a4
L20_s2004_final,20,2004,final,6,1.0,1.0,0.0,0.0,255,False,ed
L20_s2004_final,20,2004,final,7,1.0,1.0,0.0,0.0,255,False,b0
L20_s2004_final,20,2004,final,8,1.0,1.0,0.0,0.0,255,False,1e
L20_s2004_final,20,2004,final,9,1.0,1.0,0.0,0.0,255,False,a4
L20_s2004_final,20,2004,final,10,1.0,1.0,0.0,0.0,255,False,ed
L20_s2004_final,20,2004,final,11,1.0,1.0,0.0,0.0,255,False,b0
L20_s2004_final,20,2004,final,12,1.0,1.0,0.0,0.0,255,False,1e
L20_s2004_final,20,2004,final,13,1.0,1.0,0.0,0.0,255,False,a4
L20_s2004_final,20,2004,final,14,1.0,1.0,0.0,0.0,255,False,ed
L20_s2004_final,20,2004,final,15,1.0,1.0,0.0,0.0,255,False,b0
L20_s2004_final,20,2004,final,16,1.0,1.0,0.0,0.0,255,False,1e
L20_s2004_final,20,2004,final,17,1.0,1.0,0.0,0.0,255,False,a4
L20_s2004_final,20,2004,final,18,1.0,1.0,0.0,0.0,255,False,ed
L20_s2004_final,20,2004,final,19,1.0,1.0,0.0,0.0,255,False,b0
L20_s2005_first,20,2005,first,0,0.9294117647058824,0.8392156862745098,0.0,0.0,255,False,01
L20_s2005_first,20,2005,first,1,0.9607843137254902,0.8862745098039215,0.03137254901960784,0.023529411764705882,255,False,c5
L20_s2005_first,20,2005,first,2,0.9333333333333333,0.8470588235294118,0.01568627450980392,0.00784313725490196,255,False,01
L20_s2005_first,20,2005,first,3,0.9019607843137255,0.803921568627451,0.0392156862745098,0.03137254901960784,255,False,c5
L20_s2005_first,20,2005,first,4,0.9333333333333333,0.8196078431372549,0.01568627450980392,0.01568627450980392,255,False,01
L20_s2005_first,20,2005,first,5,0.8941176470588236,0.8156862745098039,0.8862745098039215,0.8352941176470589,255,True,c5
L20_s2005_first,20,2005,first,6,0.8431372549019608,0.12941176470588237,0.7019607843137254,0.6745098039215687,255,True,01
L20_s2005_first,20,2005,first,7,0.9098039215686274,0.7607843137254902,0.023529411764705882,0.011764705882352941,255,False,c5
L20_s2005_first,20,2005,first,8,0.9019607843137255,0.792156862745098,0.00392156862745098,0.00392156862745098,255,False,01
L20_s2005_first,20,2005,first,9,0.9098039215686274,0.6627450980392157,0.803921568627451,0.7725490196078432,255,True,c5
L20_s2005_first,20,2005,first,10,0.9215686274509803,0.8705882352941177,0.047058823529411764,0.027450980392156862,255,False,01
L20_s2005_first,20,2005,first,11,0.9333333333333333,0.8235294117647058,0.0,0.0,255,False,c5
L20_s2005_first,20,2005,first,12,0.9254901960784314,0.8156862745098039,0.0,0.0,255,False,01
L20_s2005_first,20,2005,first,13,0.8666666666666667,0.18823529411764706,0.8470588235294118,0.788235294117647,255,True,c5
L20_s2005_first,20,2005,first,14,0.8509803921568627,0.7803921568627451,0.4235294117647059,0.40784313725490196,255,False,01
L20_s2005_first,20,2005,first,15,0.9490196078431372,0.8274509803921568,0.027450980392156862,0.01568627450980392,255,False,c5
L20_s2005_first,20,2005,first,16,0.9725490196078431,0.8745098039215686,0.011764705882352941,0.00784313725490196,255,False,01
L20_s2005_first,20,2005,first,17,0.9450980392156862,0.8784313725490196,0.050980392156862744,0.027450980392156862,255,False,c5
L20_s2005_first,20,2005,first,18,0.9058823529411765,0.8392156862745098,0.01568627450980392,0.00784313725490196,255,False,01
L20_s2005_first,20,2005,first,19,0.9921568627450981,0.9647058823529412,0.0,0.0,255,False,c5
L20_s2005_final,20,2005,final,0,0.8862745098039215,0.49019607843137253,0.0,0.0,255,False,21
L20_s2005_final,20,2005,final,1,0.9254901960784314,0.8588235294117647,0.047058823529411764,0.03137254901960784,255,False,e5
L20_s2005_final,20,2005,final,2,0.9254901960784314,0.8117647058823529,0.12156862745098039,0.11372549019607843,255,False,21
L20_s2005_final,20,2005,final,3,0.8392156862745098,0.15294117647058825,0.023529411764705882,0.011764705882352941,255,False,e5
L20_s2005_final,20,2005,final,4,0.8941176470588236,0.28627450980392155,0.0,0.0,255,False,21
L20_s2005_final,20,2005,final,5,0.8549019607843137,0.47058823529411764,0.5686274509803921,0.49019607843137253,255,False,e5
L20_s2005_final,20,2005,final,6,0.8235294117647058,0.043137254901960784,0.050980392156862744,0.0196078431372549,255,False,21
L20_s2005_final,20,2005,final,7,0.6745098039215687,0.09411764705882353,0.043137254901960784,0.011764705882352941,255,False,e5
L20_s2005_final,20,2005,final,8,0.7490196078431373,0.19215686274509805,0.027450980392156862,0.027450980392156862,255,False,21
L20_s2005_final,20,2005,final,9,0.8705882352941177,0.12941176470588237,0.17647058823529413,0.1450980392156863,255,False,e5
L20_s2005_final,20,2005,final,10,0.8784313725490196,0.7372549019607844,0.043137254901960784,0.027450980392156862,255,False,21
L20_s2005_final,20,2005,final,11,0.8549019607843137,0.1568627450980392,0.058823529411764705,0.027450980392156862,255,False,e5
L20_s2005_final,20,2005,final,12,0.8274509803921568,0.12941176470588237,0.027450980392156862,0.00784313725490196,255,False,21
L20_s2005_final,20,2005,final,13,0.13333333333333333,0.050980392156862744,0.8509803921568627,0.11372549019607843,255,False,e5
L20_s2005_final,20,2005,final,14,0.8313725490196079,0.7254901960784313,0.043137254901960784,0.023529411764705882,255,False,21
L20_s2005_final,20,2005,final,15,0.8745098039215686,0.5450980392156862,0.01568627450980392,0.0,255,False,e5
L20_s2005_final,20,2005,final,16,0.8980392156862745,0.23529411764705882,0.023529411764705882,0.0,255,False,21
L20_s2005_final,20,2005,final,17,0.8862745098039215,0.8274509803921568,0.050980392156862744,0.00392156862745098,255,False,e5
L20_s2005_final,20,2005,final,18,0.8862745098039215,0.7607843137254902,0.03529411764705882,0.011764705882352941,255,False,21
L20_s2005_final,20,2005,final,19,0.9803921568627451,0.8862745098039215,0.00392156862745098,0.0,255,False,e5
L20_s2006_first,20,2006,first,0,0.9568627450980393,0.8784313725490196,0.0,0.0,255,False,11
L20_s2006_first,20,2006,first,1,0.9490196078431372,0.9294117647058824,0.054901960784313725,0.043137254901960784,255,False,d5
L20_s2006_first,20,2006,first,2,0.9294117647058824,0.8862745098039215,0.027450980392156862,0.0196078431372549,255,False,11
L20_s2006_first,20,2006,first,3,0.9254901960784314,0.8392156862745098,0.03137254901960784,0.027450980392156862,255,False,d5
L20_s2006_first,20,2006,first,4,0.9372549019607843,0.8431372549019608,0.0,0.0,255,False,11
L20_s2006_first,20,2006,first,5,0.9176470588235294,0.792156862745098,0.4470588235294118,0.4235294117647059,255,False,d5
L20_s2006_first,20,2006,first,6,0.8823529411764706,0.6235294117647059,0.043137254901960784,0.03137254901960784,255,False,11
L20_s2006_first,20,2006,first,7,0.8666666666666667,0.5725490196078431,0.0784313725490196,0.054901960784313725,255,False,d5
L20_s2006_first,20,2006,first,8,0.9019607843137255,0.796078431372549,0.03137254901960784,0.0,255,False,11
L20_s2006_first,20,2006,first,9,0.9058823529411765,0.25882352941176473,0.1450980392156863,0.10980392156862745,255,False,d5
L20_s2006_first,20,2006,first,10,0.9176470588235294,0.8666666666666667,0.011764705882352941,0.00784313725490196,255,False,11
L20_s2006_first,20,2006,first,11,0.8901960784313725,0.8117647058823529,0.054901960784313725,0.0392156862745098,255,False,d5
L20_s2006_first,20,2006,first,12,0.8784313725490196,0.796078431372549,0.03529411764705882,0.0196078431372549,255,False,11
L20_s2006_first,20,2006,first,13,0.8392156862745098,0.3176470588235294,0.1607843137254902,0.09411764705882353,255,False,d5
L20_s2006_first,20,2006,first,14,0.8666666666666667,0.6941176470588235,0.08627450980392157,0.058823529411764705,255,False,11
L20_s2006_first,20,2006,first,15,0.8705882352941177,0.807843137254902,0.03529411764705882,0.03529411764705882,255,False,d5
L20_s2006_first,20,2006,first,16,0.9607843137254902,0.8901960784313725,0.0,0.0,255,False,11
L20_s2006_first,20,2006,first,17,0.9176470588235294,0.8823529411764706,0.023529411764705882,0.00784313725490196,255,False,d5
L20_s2006_first,20,2006,first,18,0.9215686274509803,0.8666666666666667,0.047058823529411764,0.03529411764705882,255,False,11
L20_s2006_first,20,2006,first,19,0.9725490196078431,0.8705882352941177,0.0,0.0,255,False,d5
L20_s2006_final,20,2006,final,0,0.01568627450980392,0.00784313725490196,0.1568627450980392,0.00784313725490196,255,False,1e
L20_s2006_final,20,2006,final,1,0.29411764705882354,0.14901960784313725,0.2549019607843137,0.16862745098039217,255,False,04
L20_s2006_final,20,2006,final,2,0.01568627450980392,0.011764705882352941,0.0392156862745098,0.011764705882352941,255,False,ed
L20_s2006_final,20,2006,final,3,0.011764705882352941,0.00784313725490196,0.023529411764705882,0.00392156862745098,255,False,b0
L20_s2006_final,20,2006,final,4,1.0,1.0,0.0,0.0,255,False,1e
L20_s2006_final,20,2006,final,5,1.0,1.0,0.0,0.0,255,False,04
L20_s2006_final,20,2006,final,6,1.0,1.0,0.0,0.0,255,False,ed
L20_s2006_final,20,2006,final,7,1.0,1.0,0.0,0.0,255,False,b0
L20_s2006_final,20,2006,final,8,1.0,1.0,0.0,0.0,255,False,1e
L20_s2006_final,20,2006,final,9,1.0,1.0,0.0,0.0,255,False,04
L20_s2006_final,20,2006,final,10,1.0,1.0,0.0,0.0,255,False,ed
L20_s2006_final,20,2006,final,11,1.0,1.0,0.0,0.0,255,False,b0
L20_s2006_final,20,2006,final,12,1.0,1.0,0.0,0.0,255,False,1e
L20_s2006_final,20,2006,final,13,1.0,1.0,0.0,0.0,255,False,04
L20_s2006_final,20,2006,final,14,1.0,1.0,0.0,0.0,255,False,ed
L20_s2006_final,20,2006,final,15,1.0,1.0,0.0,0.0,255,False,b0
L20_s2006_final,20,2006,final,16,1.0,1.0,0.0,0.0,255,False,1e
L20_s2006_final,20,2006,final,17,1.0,1.0,0.0,0.0,255,False,04
L20_s2006_final,20,2006,final,18,1.0,1.0,0.0,0.0,255,False,ed
L20_s2006_final,20,2006,final,19,1.0,1.0,0.0,0.0,255,False,b0
L20_s2007_first,20,2007,first,0,0.9333333333333333,0.7411764705882353,0.0,0.0,255,False,11
L20_s2007_first,20,2007,first,1,0.9254901960784314,0.9019607843137255,0.09019607843137255,0.07450980392156863,255,False,d5
L20_s2007_first,20,2007,first,2,0.9254901960784314,0.8392156862745098,0.7058823529411765,0.6980392156862745,255,True,11
L20_s2007_first,20,2007,first,3,0.8745098039215686,0.7450980392156863,0.03137254901960784,0.023529411764705882,255,False,d5
L20_s2007_first,20,2007,first,4,0.8745098039215686,0.5254901960784314,0.023529411764705882,0.023529411764705882,255,False,11
L20_s2007_first,20,2007,first,5,0.8705882352941177,0.8,0.8,0.7254901960784313,255,True,d5
L20_s2007_first,20,2007,first,6,0.8274509803921568,0.08627450980392157,0.03137254901960784,0.0196078431372549,255,False,11
L20_s2007_first,20,2007,first,7,0.8313725490196079,0.15294117647058825,0.09019607843137255,0.03529411764705882,255,False,d5
L20_s2007_first,20,2007,first,8,0.8392156862745098,0.6588235294117647,0.0196078431372549,0.00784313725490196,255,False,11
L20_s2007_first,20,2007,first,9,0.8509803921568627,0.17647058823529413,0.8,0.7137254901960784,255,True,d5
L20_s2007_first,20,2007,first,10,0.8862745098039215,0.8509803921568627,0.13333333333333333,0.09411764705882353,255,False,11
L20_s2007_first,20,2007,first,11,0.8509803921568627,0.7529411764705882,0.054901960784313725,0.03137254901960784,255,False,d5
L20_s2007_first,20,2007,first,12,0.8509803921568627,0.42745098039215684,0.0392156862745098,0.0196078431372549,255,False,11
L20_s2007_first,20,2007,first,13,0.7764705882352941,0.13333333333333333,0.1843137254901961,0.11372549019607843,255,False,d5
L20_s2007_first,20,2007,first,14,0.8705882352941177,0.792156862745098,0.10196078431372549,0.07058823529411765,255,False,11
L20_s2007_first,20,2007,first,15,0.8705882352941177,0.7647058823529411,0.023529411764705882,0.0196078431372549,255,False,d5
L20_s2007_first,20,2007,first,16,0.9568627450980393,0.8980392156862745,0.00392156862745098,0.0,255,False,11
L20_s2007_first,20,2007,first,17,0.9215686274509803,0.9019607843137255,0.08235294117647059,0.054901960784313725,255,False,d5
L20_s2007_first,20,2007,first,18,0.8901960784313725,0.8392156862745098,0.0392156862745098,0.0196078431372549,255,False,11
L20_s2007_first,20,2007,first,19,0.9450980392156862,0.8196078431372549,0.0,0.0,255,False,d5
L20_s2007_final,20,2007,final,0,0.00392156862745098,0.0,0.14901960784313725,0.0,255,False,1e
L20_s2007_final,20,2007,final,1,0.2980392156862745,0.14901960784313725,0.2901960784313726,0.17254901960784313,255,False,54
L20_s2007_final,20,2007,final,2,0.01568627450980392,0.011764705882352941,0.03529411764705882,0.011764705882352941,255,False,ed
L20_s2007_final,20,2007,final,3,0.00784313725490196,0.00392156862745098,0.00784313725490196,0.0,255,False,b0
L20_s2007_final,20,2007,final,4,1.0,1.0,0.0,0.0,255,False,1e
L20_s2007_final,20,2007,final,5,1.0,1.0,0.0,0.0,255,False,54
L20_s2007_final,20,2007,final,6,1.0,1.0,0.0,0.0,255,False,ed
L20_s2007_final,20,2007,final,7,1.0,1.0,0.0,0.0,255,False,b0
L20_s2007_final,20,2007,final,8,1.0,1.0,0.0,0.0,255,False,1e
L20_s2007_final,20,2007,final,9,1.0,1.0,0.0,0.0,255,False,54
L20_s2007_final,20,2007,final,10,1.0,1.0,0.0,0.0,255,False,ed
L20_s2007_final,20,2007,final,11,1.0,1.0,0.0,0.0,255,False,b0
L20_s2007_final,20,2007,final,12,1.0,1.0,0.0,0.0,255,False,1e
L20_s2007_final,20,2007,final,13,1.0,1.0,0.0,0.0,255,False,54
L20_s2007_final,20,2007,final,14,1.0,1.0,0.0,0.0,255,False,ed
L20_s2007_final,20,2007,final,15,1.0,1.0,0.0,0.0,255,False,b0
L20_s2007_final,20,2007,final,16,1.0,1.0,0.0,0.0,255,False,1e
L20_s2007_final,20,2007,final,17,1.0,1.0,0.0,0.0,255,False,54
L20_s2007_final,20,2007,final,18,1.0,1.0,0.0,0.0,255,False,ed
L20_s2007_final,20,2007,final,19,1.0,1.0,0.0,0.0,255,False,b0
L20_s2008_first,20,2008,first,0,0.8862745098039215,0.6627450980392157,0.0,0.0,255,False,01
L20_s2008_first,20,2008,first,1,0.9215686274509803,0.10980392156862745,0.023529411764705882,0.011764705882352941,255,False,c5
L20_s2008_first,20,2008,first,2,0.9294117647058824,0.8392156862745098,0.00784313725490196,0.00392156862745098,255,False,01
L20_s2008_first,20,2008,first,3,0.9137254901960784,0.1411764705882353,0.06274509803921569,0.054901960784313725,255,False,c5
L20_s2008_first,20,2008,first,4,0.8666666666666667,0.7333333333333333,0.0,0.0,255,False,01
L20_s2008_first,20,2008,first,5,0.7568627450980392,0.2,0.7294117647058823,0.6235294117647059,255,True,c5
L20_s2008_first,20,2008,first,6,0.12941176470588237,0.00392156862745098,0.07058823529411765,0.00392156862745098,255,False,01
L20_s2008_first,20,2008,first,7,0.8274509803921568,0.13333333333333333,0.054901960784313725,0.0,255,False,c5
L20_s2008_first,20,2008,first,8,0.8901960784313725,0.3803921568627451,0.011764705882352941,0.00784313725490196,255,False,01
L20_s2008_first,20,2008,first,9,0.8235294117647058,0.043137254901960784,0.6901960784313725,0.5843137254901961,255,True,c5
L20_s2008_first,20,2008,first,10,0.8666666666666667,0.7176470588235294,0.03137254901960784,0.00784313725490196,255,False,01
L20_s2008_first,20,2008,first,11,0.9137254901960784,0.19607843137254902,0.011764705882352941,0.011764705882352941,255,False,c5
L20_s2008_first,20,2008,first,12,0.8784313725490196,0.2784313725490196,0.0,0.0,255,False,01
L20_s2008_first,20,2008,first,13,0.17254901960784313,0.03529411764705882,0.8,0.050980392156862744,255,False,c5
L20_s2008_first,20,2008,first,14,0.8352941176470589,0.6980392156862745,0.09803921568627451,0.054901960784313725,255,False,01
L20_s2008_first,20,2008,first,15,0.9176470588235294,0.29411764705882354,0.01568627450980392,0.00392156862745098,255,False,c5
L20_s2008_first,20,2008,first,16,0.9333333333333333,0.2901960784313726,0.03137254901960784,0.027450980392156862,255,False,01
L20_s2008_first,20,2008,first,17,0.8980392156862745,0.8313725490196079,0.03529411764705882,0.0196078431372549,255,False,c5
L20_s2008_first,20,2008,first,18,0.8784313725490196,0.6313725490196078,0.047058823529411764,0.01568627450980392,255,False,01
L20_s2008_first,20,2008,first,19,0.984313725490196,0.27058823529411763,0.0,0.0,255,False,c5
L20_s2008_final,20,2008,final,0,0.054901960784313725,0.050980392156862744,0.0,0.0,255,False,21
L20_s2008_final,20,2008,final,1,0.8117647058823529,0.796078431372549,0.023529411764705882,0.023529411764705882,255,False,e5
L20_s2008_final,20,2008,final,2,0.09019607843137255,0.09019607843137255,0.0,0.0,255,False,21
L20_s2008_final,20,2008,final,3,0.6862745098039216,0.01568627450980392,0.00784313725490196,0.00392156862745098,255,False,e5
L20_s2008_final,20,2008,final,4,0.06666666666666667,0.06274509803921569,0.01568627450980392,0.0,255,False,21
L20_s2008_final,20,2008,final,5,0.7725490196078432,0.7647058823529411,0.788235294117647,0.7333333333333333,255,True,4e
L20_s2008_final,20,2008,final,6,0.7803921568627451,0.7254901960784313,0.6862745098039216,0.6392156862745098,255,True,10
L20_s2008_final,20,2008,final,7,0.7019607843137254,0.6901960784313725,0.0,0.0,255,False,e5
L20_s2008_final,20,2008,final,8,0.01568627450980392,0.011764705882352941,0.0,0.0,255,False,21
L20_s2008_final,20,2008,final,9,0.03137254901960784,0.023529411764705882,0.8745098039215686,0.011764705882352941,255,False,e5
L20_s2008_final,20,2008,final,10,0.6196078431372549,0.6039215686274509,0.054901960784313725,0.00392156862745098,255,False,21
L20_s2008_final,20,2008,final,11,0.03137254901960784,0.027450980392156862,0.00392156862745098,0.0,255,False,e5
L20_s2008_final,20,2008,final,12,0.054901960784313725,0.054901960784313725,0.00392156862745098,0.0,255,False,21
L20_s2008_final,20,2008,final,13,1.0,1.0,0.0,0.0,255,False,e5
L20_s2008_final,20,2008,final,14,1.0,1.0,0.0,0.0,255,False,21
L20_s2008_final,20,2008,final,15,0.7568627450980392,0.7294117647058823,0.00392156862745098,0.00392156862745098,255,False,4e
L20_s2008_final,20,2008,final,16,0.20784313725490197,0.0196078431372549,0.00392156862745098,0.0,255,False,10
L20_s2008_final,20,2008,final,17,0.23921568627450981,0.2235294117647059,0.0,0.0,255,False,e5
L20_s2008_final,20,2008,final,18,1.0,1.0,0.0,0.0,255,False,21
L20_s2008_final,20,2008,final,19,1.0,1.0,0.0,0.0,255,False,e5
L20_s2009_first,20,2009,first,0,0.8784313725490196,0.6941176470588235,0.0,0.0,255,False,01
L20_s2009_first,20,2009,first,1,0.9411764705882353,0.8941176470588236,0.027450980392156862,0.01568627450980392,255,False,c5
L20_s2009_first,20,2009,first,2,0.9450980392156862,0.8509803921568627,0.027450980392156862,0.01568627450980392,255,False,01
L20_s2009_first,20,2009,first,3,0.8784313725490196,0.12549019607843137,0.054901960784313725,0.03529411764705882,255,False,c5
L20_s2009_first,20,2009,first,4,0.8509803921568627,0.20392156862745098,0.00784313725490196,0.00392156862745098,255,False,01
L20_s2009_first,20,2009,first,5,0.7725490196078432,0.7294117647058823,0.34509803921568627,0.15294117647058825,255,False,c5
L20_s2009_first,20,2009,first,6,0.3411764705882353,0.00784313725490196,0.7176470588235294,0.2,255,False,01
L20_s2009_first,20,2009,first,7,0.7254901960784313,0.06666666666666667,0.054901960784313725,0.00784313725490196,255,False,c5
L20_s2009_first,20,2009,first,8,0.4823529411764706,0.16470588235294117,0.01568627450980392,0.0,255,False,01
L20_s2009_first,20,2009,first,9,0.5490196078431373,0.13725490196078433,0.16862745098039217,0.11764705882352941,255,False,c5
L20_s2009_first,20,2009,first,10,0.9058823529411765,0.8352941176470589,0.043137254901960784,0.03137254901960784,255,False,01
L20_s2009_first,20,2009,first,11,0.8431372549019608,0.2235294117647059,0.050980392156862744,0.011764705882352941,255,False,c5
L20_s2009_first,20,2009,first,12,0.8509803921568627,0.19215686274509805,0.00784313725490196,0.0,255,False,01
L20_s2009_first,20,2009,first,13,0.1607843137254902,0.10980392156862745,0.14901960784313725,0.0392156862745098,255,False,c5
L20_s2009_first,20,2009,first,14,0.8901960784313725,0.792156862745098,0.054901960784313725,0.0392156862745098,255,False,01
L20_s2009_first,20,2009,first,15,0.8862745098039215,0.4627450980392157,0.00784313725490196,0.00392156862745098,255,False,c5
L20_s2009_first,20,2009,first,16,0.9372549019607843,0.7372549019607844,0.01568627450980392,0.00784313725490196,255,False,01
L20_s2009_first,20,2009,first,17,0.9176470588235294,0.6784313725490196,0.03529411764705882,0.0196078431372549,255,False,c5
L20_s2009_first,20,2009,first,18,0.9019607843137255,0.8117647058823529,0.07058823529411765,0.050980392156862744,255,False,01
L20_s2009_first,20,2009,first,19,0.9764705882352941,0.7725490196078432,0.00392156862745098,0.0,255,False,c5
L20_s2009_final,20,2009,final,0,0.0,0.0,0.0,0.0,255,False,11
L20_s2009_final,20,2009,final,1,0.06666666666666667,0.023529411764705882,0.14901960784313725,0.023529411764705882,255,False,2c
L20_s2009_final,20,2009,final,2,0.011764705882352941,0.011764705882352941,0.043137254901960784,0.011764705882352941,255,False,20
L20_s2009_final,20,2009,final,3,0.5372549019607843,0.5372549019607843,0.6666666666666666,0.5372549019607843,255,True,10
L20_s2009_final,20,2009,final,4,0.0,0.0,0.0,0.0,255,False,ed
L20_s2009_final,20,2009,final,5,0.0,0.0,0.0,0.0,255,False,b8
L20_s2009_final,20,2009,final,6,1.0,1.0,1.0,1.0,255,True,ce
L20_s2009_final,20,2009,final,7,1.0,1.0,1.0,1.0,255,True,29
L20_s2009_final,20,2009,final,8,1.0,1.0,1.0,1.0,255,True,09
L20_s2009_final,20,2009,final,9,1.0,1.0,1.0,1.0,255,True,d3
L20_s2009_final,20,2009,final,10,1.0,1.0,1.0,1.0,255,True,7f
L20_s2009_final,20,2009,final,11,1.0,1.0,1.0,1.0,255,True,55
L20_s2009_final,20,2009,final,12,1.0,1.0,1.0,1.0,255,True,a4
L20_s2009_final,20,2009,final,13,1.0,1.0,1.0,1.0,255,True,2e
L20_s2009_final,20,2009,final,14,1.0,1.0,1.0,1.0,255,True,b8
L20_s2009_final,20,2009,final,15,1.0,1.0,1.0,1.0,255,True,0c
L20_s2009_final,20,2009,final,16,1.0,1.0,0.0,0.0,255,False,11
L20_s2009_final,20,2009,final,17,1.0,1.0,0.0,0.0,255,False,29
L20_s2009_final,20,2009,final,18,1.0,1.0,0.0,0.0,255,False,e1
L20_s2009_final,20,2009,final,19,1.0,1.0,0.0,0.0,255,False,29
L20_s2010_first,20,2010,first,0,0.9137254901960784,0.3843137254901961,0.0,0.0,255,False,21
L20_s2010_first,20,2010,first,1,0.9294117647058824,0.8823529411764706,0.11372549019607843,0.10196078431372549,255,False,e5
L20_s2010_first,20,2010,first,2,0.9058823529411765,0.7764705882352941,0.1568627450980392,0.1411764705882353,255,False,21
L20_s2010_first,20,2010,first,3,0.8823529411764706,0.796078431372549,0.054901960784313725,0.03529411764705882,255,False,e5
L20_s2010_first,20,2010,first,4,0.8941176470588236,0.792156862745098,0.0,0.0,255,False,21
L20_s2010_first,20,2010,first,5,0.8470588235294118,0.7843137254901961,0.07450980392156863,0.050980392156862744,255,False,e5
L20_s2010_first,20,2010,first,6,0.792156862745098,0.0196078431372549,0.10196078431372549,0.0784313725490196,255,False,21
L20_s2010_first,20,2010,first,7,0.8352941176470589,0.7647058823529411,0.054901960784313725,0.0392156862745098,255,False,e5
L20_s2010_first,20,2010,first,8,0.9137254901960784,0.24705882352941178,0.027450980392156862,0.023529411764705882,255,False,21
L20_s2010_first,20,2010,first,9,0.8549019607843137,0.1607843137254902,0.29411764705882354,0.24313725490196078,255,False,e5
L20_s2010_first,20,2010,first,10,0.8901960784313725,0.7803921568627451,0.0392156862745098,0.0196078431372549,255,False,21
L20_s2010_first,20,2010,first,11,0.8980392156862745,0.7843137254901961,0.07058823529411765,0.0392156862745098,255,False,e5
L20_s2010_first,20,2010,first,12,0.8666666666666667,0.7686274509803922,0.03529411764705882,0.011764705882352941,255,False,21
L20_s2010_first,20,2010,first,13,0.8470588235294118,0.11764705882352941,0.8196078431372549,0.7372549019607844,255,True,e5
L20_s2010_first,20,2010,first,14,0.8509803921568627,0.7607843137254902,0.17254901960784313,0.1411764705882353,255,False,21
L20_s2010_first,20,2010,first,15,0.8941176470588236,0.796078431372549,0.0196078431372549,0.0,255,False,e5
L20_s2010_first,20,2010,first,16,0.9411764705882353,0.4,0.043137254901960784,0.01568627450980392,255,False,21
L20_s2010_first,20,2010,first,17,0.8901960784313725,0.8509803921568627,0.06274509803921569,0.023529411764705882,255,False,e5
L20_s2010_first,20,2010,first,18,0.9098039215686274,0.7607843137254902,0.00392156862745098,0.0,255,False,21
L20_s2010_first,20,2010,first,19,0.9803921568627451,0.9333333333333333,0.0,0.0,255,False,e5
L20_s2010_final,20,2010,final,0,0.0,0.0,0.08235294117647059,0.0,255,False,11
L20_s2010_final,20,2010,final,1,0.3254901960784314,0.18823529411764706,0.33725490196078434,0.23529411764705882,255,False,ad
L20_s2010_final,20,2010,final,2,0.42745098039215684,0.396078431372549,0.596078431372549,0.42745098039215684,255,False,d9
L20_s2010_final,20,2010,final,3,0.0,0.0,0.01568627450980392,0.0,255,False,ed
L20_s2010_final,20,2010,final,4,0.0,0.0,0.00392156862745098,0.0,255,False,b0
L20_s2010_final,20,2010,final,5,1.0,1.0,0.0,0.0,255,False,11
L20_s2010_final,20,2010,final,6,1.0,1.0,0.0,0.0,255,False,ad
L20_s2010_final,20,2010,final,7,1.0,1.0,0.0,0.0,255,False,d9
L20_s2010_final,20,2010,final,8,1.0,1.0,0.0,0.0,255,False,ed
L20_s2010_final,20,2010,final,9,1.0,1.0,0.0,0.0,255,False,b0
L20_s2010_final,20,2010,final,10,1.0,1.0,0.0,0.0,255,False,11
L20_s2010_final,20,2010,final,11,1.0,1.0,0.0,0.0,255,False,ad
L20_s2010_final,20,2010,final,12,1.0,1.0,0.0,0.0,255,False,d9
L20_s2010_final,20,2010,final,13,1.0,1.0,0.0,0.0,255,False,ed
L20_s2010_final,20,2010,final,14,1.0,1.0,0.0,0.0,255,False,b0
L20_s2010_final,20,2010,final,15,1.0,1.0,0.0,0.0,255,False,11
L20_s2010_final,20,2010,final,16,1.0,1.0,0.0,0.0,255,False,ad
L20_s2010_final,20,2010,final,17,1.0,1.0,0.0,0.0,255,False,d9
L20_s2010_final,20,2010,final,18,1.0,1.0,0.0,0.0,255,False,ed
L20_s2010_final,20,2010,final,19,1.0,1.0,0.0,0.0,255,False,b0
L20_s2011_first,20,2011,first,0,0.9058823529411765,0.6745098039215687,0.0,0.0,255,False,11
L20_s2011_first,20,2011,first,1,0.9333333333333333,0.8549019607843137,0.027450980392156862,0.0196078431372549,255,False,d5
L20_s2011_first,20,2011,first,2,0.8980392156862745,0.8470588235294118,0.0784313725490196,0.07450980392156863,255,False,11
L20_s2011_first,20,2011,first,3,0.8431372549019608,0.5568627450980392,0.027450980392156862,0.011764705882352941,255,False,d5
L20_s2011_first,20,2011,first,4,0.8705882352941177,0.2627450980392157,0.0,0.0,255,False,11
L20_s2011_first,20,2011,first,5,0.7372549019607844,0.054901960784313725,0.8235294117647058,0.6470588235294118,255,True,d5
L20_s2011_first,20,2011,first,6,0.8156862745098039,0.06666666666666667,0.1607843137254902,0.10980392156862745,255,False,11
L20_s2011_first,20,2011,first,7,0.792156862745098,0.1568627450980392,0.0784313725490196,0.050980392156862744,255,False,d5
L20_s2011_first,20,2011,first,8,0.7568627450980392,0.11372549019607843,0.03137254901960784,0.00784313725490196,255,False,11
L20_s2011_first,20,2011,first,9,0.8352941176470589,0.6745098039215687,0.16470588235294117,0.07058823529411765,255,False,d5
L20_s2011_first,20,2011,first,10,0.8784313725490196,0.8313725490196079,0.10196078431372549,0.09019607843137255,255,False,11
L20_s2011_first,20,2011,first,11,0.8392156862745098,0.5294117647058824,0.03529411764705882,0.0196078431372549,255,False,d5
L20_s2011_first,20,2011,first,12,0.807843137254902,0.07058823529411765,0.027450980392156862,0.011764705882352941,255,False,11
L20_s2011_first,20,2011,first,13,0.15294117647058825,0.047058823529411764,0.7725490196078432,0.054901960784313725,255,False,d5
L20_s2011_first,20,2011,first,14,0.8431372549019608,0.7686274509803922,0.043137254901960784,0.01568627450980392,255,False,11
L20_s2011_first,20,2011,first,15,0.8941176470588236,0.6313725490196078,0.027450980392156862,0.027450980392156862,255,False,d5
L20_s2011_first,20,2011,first,16,0.9176470588235294,0.596078431372549,0.0196078431372549,0.0196078431372549,255,False,11
L20_s2011_first,20,2011,first,17,0.8941176470588236,0.8745098039215686,0.047058823529411764,0.01568627450980392,255,False,d5
L20_s2011_first,20,2011,first,18,0.8823529411764706,0.7764705882352941,0.03529411764705882,0.01568627450980392,255,False,11
L20_s2011_first,20,2011,first,19,0.9254901960784314,0.8274509803921568,0.0,0.0,255,False,d5
L20_s2011_final,20,2011,final,0,0.0196078431372549,0.00784313725490196,0.14901960784313725,0.011764705882352941,255,False,1e
L20_s2011_final,20,2011,final,1,0.2980392156862745,0.14901960784313725,0.2235294117647059,0.1568627450980392,255,False,04
L20_s2011_final,20,2011,final,2,0.01568627450980392,0.011764705882352941,0.0392156862745098,0.011764705882352941,255,False,ed
L20_s2011_final,20,2011,final,3,0.011764705882352941,0.00784313725490196,0.023529411764705882,0.00392156862745098,255,False,b0
L20_s2011_final,20,2011,final,4,1.0,1.0,0.0,0.0,255,False,1e
L20_s2011_final,20,2011,final,5,1.0,1.0,0.0,0.0,255,False,04
L20_s2011_final,20,2011,final,6,1.0,1.0,0.0,0.0,255,False,ed
L20_s2011_final,20,2011,final,7,1.0,1.0,0.0,0.0,255,False,b0
L20_s2011_final,20,2011,final,8,1.0,1.0,0.0,0.0,255,False,1e
L20_s2011_final,20,2011,final,9,1.0,1.0,0.0,0.0,255,False,04
L20_s2011_final,20,2011,final,10,1.0,1.0,0.0,0.0,255,False,ed
L20_s2011_final,20,2011,final,11,1.0,1.0,0.0,0.0,255,False,b0
L20_s2011_final,20,2011,final,12,1.0,1.0,0.0,0.0,255,False,1e
L20_s2011_final,20,2011,final,13,1.0,1.0,0.0,0.0,255,False,04
L20_s2011_final,20,2011,final,14,1.0,1.0,0.0,0.0,255,False,ed
L20_s2011_final,20,2011,final,15,1.0,1.0,0.0,0.0,255,False,b0
L20_s2011_final,20,2011,final,16,1.0,1.0,0.0,0.0,255,False,1e
L20_s2011_final,20,2011,final,17,1.0,1.0,0.0,0.0,255,False,04
L20_s2011_final,20,2011,final,18,1.0,1.0,0.0,0.0,255,False,ed
L20_s2011_final,20,2011,final,19,1.0,1.0,0.0,0.0,255,False,b0
L20_s2012_first,20,2012,first,0,0.5686274509803921,0.0392156862745098,0.00392156862745098,0.0,255,False,01
L20_s2012_first,20,2012,first,1,0.8862745098039215,0.807843137254902,0.050980392156862744,0.01568627450980392,255,False,c5
L20_s2012_first,20,2012,first,2,0.8941176470588236,0.8235294117647058,0.12156862745098039,0.10588235294117647,255,False,01
L20_s2012_first,20,2012,first,3,0.8862745098039215,0.12941176470588237,0.03137254901960784,0.027450980392156862,255,False,c5
L20_s2012_first,20,2012,first,4,0.6666666666666666,0.25098039215686274,0.01568627450980392,0.00392156862745098,255,False,01
L20_s2012_first,20,2012,first,5,0.803921568627451,0.5411764705882353,0.9607843137254902,0.788235294117647,255,True,c5
L20_s2012_first,20,2012,first,6,0.6392156862745098,0.00392156862745098,0.796078431372549,0.6039215686274509,255,True,01
L20_s2012_first,20,2012,first,7,0.792156862745098,0.10196078431372549,0.03529411764705882,0.00784313725490196,255,False,c5
L20_s2012_first,20,2012,first,8,0.8470588235294118,0.11764705882352941,0.00392156862745098,0.0,255,False,01
L20_s2012_first,20,2012,first,9,0.6980392156862745,0.09019607843137255,0.15294117647058825,0.08627450980392157,255,False,c5
L20_s2012_first,20,2012,first,10,0.8862745098039215,0.8196078431372549,0.09019607843137255,0.043137254901960784,255,False,01
L20_s2012_first,20,2012,first,11,0.9176470588235294,0.21176470588235294,0.0,0.0,255,False,c5
L20_s2012_first,20,2012,first,12,0.45098039215686275,0.1411764705882353,0.0,0.0,255,False,01
L20_s2012_first,20,2012,first,13,0.2627450980392157,0.08235294117647059,0.7803921568627451,0.21176470588235294,255,False,c5
L20_s2012_first,20,2012,first,14,0.8352941176470589,0.7607843137254902,0.1411764705882353,0.09803921568627451,255,False,01
L20_s2012_first,20,2012,first,15,0.8941176470588236,0.5490196078431373,0.00784313725490196,0.0,255,False,c5
L20_s2012_first,20,2012,first,16,0.6784313725490196,0.1607843137254902,0.01568627450980392,0.00392156862745098,255,False,01
L20_s2012_first,20,2012,first,17,0.9137254901960784,0.8627450980392157,0.03529411764705882,0.00392156862745098,255,False,c5
L20_s2012_first,20,2012,first,18,0.8745098039215686,0.8117647058823529,0.03529411764705882,0.00784313725490196,255,False,01
L20_s2012_first,20,2012,first,19,0.984313725490196,0.20392156862745098,0.0,0.0,255,False,c5
L20_s2012_final,20,2012,final,0,0.38823529411764707,0.1411764705882353,0.20784313725490197,0.17647058823529413,255,False,a4
L20_s2012_final,20,2012,final,1,0.023529411764705882,0.011764705882352941,0.23529411764705882,0.00784313725490196,255,False,5e
L20_s2012_final,20,2012,final,2,0.7137254901960784,0.01568627450980392,0.047058823529411764,0.011764705882352941,255,False,ed
L20_s2012_final,20,2012,final,3,0.043137254901960784,0.00784313725490196,0.043137254901960784,0.00784313725490196,255,False,b0
L20_s2012_final,20,2012,final,4,1.0,1.0,0.0,0.0,255,False,a4
L20_s2012_final,20,2012,final,5,1.0,1.0,0.0,0.0,255,False,5e
L20_s2012_final,20,2012,final,6,1.0,1.0,0.0,0.0,255,False,ed
L20_s2012_final,20,2012,final,7,1.0,1.0,0.0,0.0,255,False,b0
L20_s2012_final,20,2012,final,8,1.0,1.0,0.0,0.0,255,False,a4
L20_s2012_final,20,2012,final,9,1.0,1.0,0.0,0.0,255,False,5e
L20_s2012_final,20,2012,final,10,1.0,1.0,0.0,0.0,255,False,ed
L20_s2012_final,20,2012,final,11,1.0,1.0,0.0,0.0,255,False,b0
L20_s2012_final,20,2012,final,12,1.0,1.0,0.0,0.0,255,False,a4
L20_s2012_final,20,2012,final,13,1.0,1.0,0.0,0.0,255,False,5e
L20_s2012_final,20,2012,final,14,1.0,1.0,0.0,0.0,255,False,ed
L20_s2012_final,20,2012,final,15,1.0,1.0,0.0,0.0,255,False,b0
L20_s2012_final,20,2012,final,16,1.0,1.0,0.0,0.0,255,False,a4
L20_s2012_final,20,2012,final,17,1.0,1.0,0.0,0.0,255,False,5e
L20_s2012_final,20,2012,final,18,1.0,1.0,0.0,0.0,255,False,ed
L20_s2012_final,20,2012,final,19,1.0,1.0,0.0,0.0,255,False,b0
L20_s2013_first,20,2013,first,0,0.9215686274509803,0.7764705882352941,0.0,0.0,255,False,11
L20_s2013_first,20,2013,first,1,0.9176470588235294,0.8666666666666667,0.0196078431372549,0.011764705882352941,255,False,d5
L20_s2013_first,20,2013,first,2,0.8980392156862745,0.8627450980392157,0.09411764705882353,0.09019607843137255,255,False,11
L20_s2013_first,20,2013,first,3,0.788235294117647,0.6,0.027450980392156862,0.01568627450980392,255,False,d5
L20_s2013_first,20,2013,first,4,0.8549019607843137,0.6980392156862745,0.0,0.0,255,False,11
L20_s2013_first,20,2013,first,5,0.8509803921568627,0.7843137254901961,0.7686274509803922,0.6980392156862745,255,True,d5
L20_s2013_first,20,2013,first,6,0.8274509803921568,0.09019607843137255,0.07058823529411765,0.043137254901960784,255,False,11
L20_s2013_first,20,2013,first,7,0.611764705882353,0.047058823529411764,0.08627450980392157,0.011764705882352941,255,False,d5
L20_s2013_first,20,2013,first,8,0.8549019607843137,0.1450980392156863,0.058823529411764705,0.0196078431372549,255,False,11
L20_s2013_first,20,2013,first,9,0.8784313725490196,0.45098039215686275,0.09803921568627451,0.050980392156862744,255,False,d5
L20_s2013_first,20,2013,first,10,0.8784313725490196,0.7607843137254902,0.03529411764705882,0.00784313725490196,255,False,11
L20_s2013_first,20,2013,first,11,0.33725490196078434,0.058823529411764705,0.7529411764705882,0.24705882352941178,255,False,d5
L20_s2013_first,20,2013,first,12,0.8313725490196079,0.12156862745098039,0.07058823529411765,0.047058823529411764,255,False,11
L20_s2013_first,20,2013,first,13,0.6274509803921569,0.12156862745098039,0.788235294117647,0.5372549019607843,255,True,d5
L20_s2013_first,20,2013,first,14,0.8196078431372549,0.7411764705882353,0.050980392156862744,0.01568627450980392,255,False,11
L20_s2013_first,20,2013,first,15,0.8588235294117647,0.7098039215686275,0.03137254901960784,0.027450980392156862,255,False,d5
L20_s2013_first,20,2013,first,16,0.9254901960784314,0.6627450980392157,0.027450980392156862,0.027450980392156862,255,False,11
L20_s2013_first,20,2013,first,17,0.9058823529411765,0.8705882352941177,0.03137254901960784,0.011764705882352941,255,False,d5
L20_s2013_first,20,2013,first,18,0.8549019607843137,0.807843137254902,0.03529411764705882,0.023529411764705882,255,False,11
L20_s2013_first,20,2013,first,19,0.9372549019607843,0.7647058823529411,0.0,0.0,255,False,d5
L20_s2013_final,20,2013,final,0,0.01568627450980392,0.00784313725490196,0.1568627450980392,0.00784313725490196,255,False,1e
L20_s2013_final,20,2013,final,1,0.32941176470588235,0.17254901960784313,0.19607843137254902,0.17254901960784313,255,False,04
L20_s2013_final,20,2013,final,2,0.01568627450980392,0.011764705882352941,0.0196078431372549,0.011764705882352941,255,False,ed
L20_s2013_final,20,2013,final,3,0.011764705882352941,0.00784313725490196,0.00392156862745098,0.00392156862745098,255,False,b0
L20_s2013_final,20,2013,final,4,1.0,1.0,0.0,0.0,255,False,1e
L20_s2013_final,20,2013,final,5,1.0,1.0,0.0,0.0,255,False,04
L20_s2013_final,20,2013,final,6,1.0,1.0,0.0,0.0,255,False,ed
L20_s2013_final,20,2013,final,7,1.0,1.0,0.0,0.0,255,False,b0
L20_s2013_final,20,2013,final,8,1.0,1.0,0.0,0.0,255,False,1e
L20_s2013_final,20,2013,final,9,1.0,1.0,0.0,0.0,255,False,04
L20_s2013_final,20,2013,final,10,1.0,1.0,0.0,0.0,255,False,ed
L20_s2013_final,20,2013,final,11,1.0,1.0,0.0,0.0,255,False,b0
L20_s2013_final,20,2013,final,12,1.0,1.0,0.0,0.0,255,False,1e
L20_s2013_final,20,2013,final,13,1.0,1.0,0.0,0.0,255,False,04
L20_s2013_final,20,2013,final,14,1.0,1.0,0.0,0.0,255,False,ed
L20_s2013_final,20,2013,final,15,1.0,1.0,0.0,0.0,255,False,b0
L20_s2013_final,20,2013,final,16,1.0,1.0,0.0,0.0,255,False,1e
L20_s2013_final,20,2013,final,17,1.0,1.0,0.0,0.0,255,False,04
L20_s2013_final,20,2013,final,18,1.0,1.0,0.0,0.0,255,False,ed
L20_s2013_final,20,2013,final,19,1.0,1.0,0.0,0.0,255,False,b0
L20_s2014_first,20,2014,first,0,0.9098039215686274,0.8392156862745098,0.0,0.0,255,False,01
L20_s2014_first,20,2014,first,1,0.9176470588235294,0.8980392156862745,0.10196078431372549,0.0784313725490196,255,False,c5
L20_s2014_first,20,2014,first,2,0.9215686274509803,0.8627450980392157,0.16862745098039217,0.1568627450980392,255,False,01
L20_s2014_first,20,2014,first,3,0.9019607843137255,0.18823529411764706,0.011764705882352941,0.011764705882352941,255,False,c5
L20_s2014_first,20,2014,first,4,0.9254901960784314,0.7843137254901961,0.0,0.0,255,False,01
L20_s2014_first,20,2014,first,5,0.8274509803921568,0.7843137254901961,0.788235294117647,0.6784313725490196,255,True,c5
L20_s2014_first,20,2014,first,6,0.788235294117647,0.0392156862745098,0.1450980392156863,0.0784313725490196,255,False,01
L20_s2014_first,20,2014,first,7,0.8470588235294118,0.6901960784313725,0.023529411764705882,0.0,255,False,c5
L20_s2014_first,20,2014,first,8,0.8862745098039215,0.3411764705882353,0.00784313725490196,0.00392156862745098,255,False,01
L20_s2014_first,20,2014,first,9,0.8823529411764706,0.20784313725490197,0.8823529411764706,0.8196078431372549,255,True,c5
L20_s2014_first,20,2014,first,10,0.9019607843137255,0.8274509803921568,0.14901960784313725,0.10980392156862745,255,False,01
L20_s2014_first,20,2014,first,11,0.8901960784313725,0.7529411764705882,0.01568627450980392,0.011764705882352941,255,False,c5
L20_s2014_first,20,2014,first,12,0.8666666666666667,0.7686274509803922,0.01568627450980392,0.0,255,False,01
L20_s2014_first,20,2014,first,13,0.8745098039215686,0.12941176470588237,0.7529411764705882,0.6980392156862745,255,True,c5
L20_s2014_first,20,2014,first,14,0.8823529411764706,0.8235294117647058,0.12941176470588237,0.08235294117647059,255,False,01
L20_s2014_first,20,2014,first,15,0.9254901960784314,0.7803921568627451,0.03529411764705882,0.0196078431372549,255,False,c5
L20_s2014_first,20,2014,first,16,0.9607843137254902,0.8313725490196079,0.023529411764705882,0.0196078431372549,255,False,01
L20_s2014_first,20,2014,first,17,0.9411764705882353,0.8980392156862745,0.043137254901960784,0.023529411764705882,255,False,c5
L20_s2014_first,20,2014,first,18,0.8980392156862745,0.8549019607843137,0.16862745098039217,0.14901960784313725,255,False,01
L20_s2014_first,20,2014,first,19,0.9686274509803922,0.8392156862745098,0.0,0.0,255,False,c5
L20_s2014_final,20,2014,final,0,0.7607843137254902,0.7529411764705882,0.803921568627451,0.7098039215686275,255,True,a0
L20_s2014_final,20,2014,final,1,0.0,0.0,0.023529411764705882,0.0,255,False,11
L20_s2014_final,20,2014,final,2,0.0784313725490196,0.050980392156862744,0.19215686274509805,0.050980392156862744,255,False,2c
L20_s2014_final,20,2014,final,3,0.19607843137254902,0.19607843137254902,0.20784313725490197,0.19607843137254902,255,False,20
L20_s2014_final,20,2014,final,4,0.611764705882353,0.592156862745098,0.796078431372549,0.596078431372549,255,True,48
L20_s2014_final,20,2014,final,5,0.0,0.0,0.0,0.0,255,False,ed
L20_s2014_final,20,2014,final,6,0.0,0.0,0.0,0.0,255,False,b8
L20_s2014_final,20,2014,final,7,1.0,1.0,1.0,1.0,255,True,80
L20_s2014_final,20,2014,final,8,1.0,1.0,1.0,1.0,255,True,e6
L20_s2014_final,20,2014,final,9,1.0,1.0,1.0,1.0,255,True,dd
L20_s2014_final,20,2014,final,10,1.0,1.0,1.0,1.0,255,True,c9
L20_s2014_final,20,2014,final,11,1.0,1.0,1.0,1.0,255,True,e6
L20_s2014_final,20,2014,final,12,1.0,1.0,1.0,1.0,255,True,bf
L20_s2014_final,20,2014,final,13,1.0,1.0,1.0,1.0,255,True,3d
L20_s2014_final,20,2014,final,14,1.0,1.0,1.0,1.0,255,True,bb
L20_s2014_final,20,2014,final,15,1.0,1.0,1.0,1.0,255,True,2c
L20_s2014_final,20,2014,final,16,1.0,1.0,0.0,0.0,255,False,a0
L20_s2014_final,20,2014,final,17,1.0,1.0,0.0,0.0,255,False,09
L20_s2014_final,20,2014,final,18,1.0,1.0,0.0,0.0,255,False,00
L20_s2014_final,20,2014,final,19,1.0,1.0,0.0,0.0,255,False,83
L20_s2015_first,20,2015,first,0,0.8784313725490196,0.8352941176470589,0.0,0.0,255,False,01
L20_s2015_first,20,2015,first,1,0.9137254901960784,0.8901960784313725,0.06666666666666667,0.050980392156862744,255,False,c5
L20_s2015_first,20,2015,first,2,0.9333333333333333,0.8588235294117647,0.050980392156862744,0.03137254901960784,255,False,01
L20_s2015_first,20,2015,first,3,0.8862745098039215,0.803921568627451,0.047058823529411764,0.03529411764705882,255,False,c5
L20_s2015_first,20,2015,first,4,0.9058823529411765,0.792156862745098,0.00784313725490196,0.00392156862745098,255,False,01
L20_s2015_first,20,2015,first,5,0.8627450980392157,0.807843137254902,0.6588235294117647,0.5647058823529412,255,True,c5
L20_s2015_first,20,2015,first,6,0.8235294117647058,0.13333333333333333,0.054901960784313725,0.0196078431372549,255,False,01
L20_s2015_first,20,2015,first,7,0.8117647058823529,0.6823529411764706,0.027450980392156862,0.0,255,False,c5
L20_s2015_first,20,2015,first,8,0.8313725490196079,0.25882352941176473,0.01568627450980392,0.0,255,False,01
L20_s2015_first,20,2015,first,9,0.8862745098039215,0.27058823529411763,0.10588235294117647,0.06274509803921569,255,False,c5
L20_s2015_first,20,2015,first,10,0.9294117647058824,0.8431372549019608,0.06274509803921569,0.0392156862745098,255,False,01
L20_s2015_first,20,2015,first,11,0.9215686274509803,0.7215686274509804,0.00392156862745098,0.0,255,False,c5
L20_s2015_first,20,2015,first,12,0.8745098039215686,0.8274509803921568,0.0,0.0,255,False,01
L20_s2015_first,20,2015,first,13,0.1803921568627451,0.16862745098039217,0.7333333333333333,0.10588235294117647,255,False,c5
L20_s2015_first,20,2015,first,14,0.8705882352941177,0.8,0.16470588235294117,0.13725490196078433,255,False,01
L20_s2015_first,20,2015,first,15,0.9294117647058824,0.5215686274509804,0.027450980392156862,0.01568627450980392,255,False,c5
L20_s2015_first,20,2015,first,16,0.9529411764705882,0.8705882352941177,0.01568627450980392,0.01568627450980392,255,False,01
L20_s2015_first,20,2015,first,17,0.9294117647058824,0.9176470588235294,0.01568627450980392,0.00392156862745098,255,False,c5
L20_s2015_first,20,2015,first,18,0.8941176470588236,0.8313725490196079,0.03529411764705882,0.023529411764705882,255,False,01
L20_s2015_first,20,2015,first,19,0.9725490196078431,0.5529411764705883,0.0,0.0,255,False,c5
L20_s2015_final,20,2015,final,0,0.01568627450980392,0.00784313725490196,0.15294117647058825,0.00784313725490196,255,False,1e
L20_s2015_final,20,2015,final,1,0.30196078431372547,0.14901960784313725,0.23529411764705882,0.15294117647058825,255,False,a4
L20_s2015_final,20,2015,final,2,0.011764705882352941,0.011764705882352941,0.0196078431372549,0.011764705882352941,255,False,ed
L20_s2015_final,20,2015,final,3,0.00784313725490196,0.00392156862745098,0.00784313725490196,0.0,255,False,b0
L20_s2015_final,20,2015,final,4,1.0,1.0,0.0,0.0,255,False,1e
L20_s2015_final,20,2015,final,5,1.0,1.0,0.0,0.0,255,False,a4
L20_s2015_final,20,2015,final,6,1.0,1.0,0.0,0.0,255,False,ed
L20_s2015_final,20,2015,final,7,1.0,1.0,0.0,0.0,255,False,b0
L20_s2015_final,20,2015,final,8,1.0,1.0,0.0,0.0,255,False,1e
L20_s2015_final,20,2015,final,9,1.0,1.0,0.0,0.0,255,False,a4
L20_s2015_final,20,2015,final,10,1.0,1.0,0.0,0.0,255,False,ed
L20_s2015_final,20,2015,final,11,1.0,1.0,0.0,0.0,255,False,b0
L20_s2015_final,20,2015,final,12,1.0,1.0,0.0,0.0,255,False,1e
L20_s2015_final,20,2015,final,13,1.0,1.0,0.0,0.0,255,False,a4
L20_s2015_final,20,2015,final,14,1.0,1.0,0.0,0.0,255,False,ed
L20_s2015_final,20,2015,final,15,1.0,1.0,0.0,0.0,255,False,b0
L20_s2015_final,20,2015,final,16,1.0,1.0,0.0,0.0,255,False,1e
L20_s2015_final,20,2015,final,17,1.0,1.0,0.0,0.0,255,False,a4
L20_s2015_final,20,2015,final,18,1.0,1.0,0.0,0.0,255,False,ed
L20_s2015_final,20,2015,final,19,1.0,1.0,0.0,0.0,255,False,b0
L20_s2016_first,20,2016,first,0,0.9058823529411765,0.8431372549019608,0.0,0.0,255,False,01
L20_s2016_first,20,2016,first,1,0.9294117647058824,0.9176470588235294,0.17647058823529413,0.1450980392156863,255,False,c5
L20_s2016_first,20,2016,first,2,0.8901960784313725,0.8588235294117647,0.16470588235294117,0.12941176470588237,255,False,01
L20_s2016_first,20,2016,first,3,0.9176470588235294,0.8588235294117647,0.054901960784313725,0.047058823529411764,255,False,c5
L20_s2016_first,20,2016,first,4,0.9333333333333333,0.8352941176470589,0.00784313725490196,0.0,255,False,01
L20_s2016_first,20,2016,first,5,0.8549019607843137,0.803921568627451,0.788235294117647,0.7294117647058823,255,True,c5
L20_s2016_first,20,2016,first,6,0.8588235294117647,0.1803921568627451,0.0392156862745098,0.023529411764705882,255,False,01
L20_s2016_first,20,2016,first,7,0.8941176470588236,0.7764705882352941,0.0196078431372549,0.00784313725490196,255,False,c5
L20_s2016_first,20,2016,first,8,0.9254901960784314,0.8274509803921568,0.00392156862745098,0.0,255,False,01
L20_s2016_first,20,2016,first,9,0.9058823529411765,0.8470588235294118,0.7490196078431373,0.6941176470588235,255,True,c5
L20_s2016_first,20,2016,first,10,0.9019607843137255,0.8431372549019608,0.16862745098039217,0.14901960784313725,255,False,01
L20_s2016_first,20,2016,first,11,0.9372549019607843,0.8941176470588236,0.01568627450980392,0.01568627450980392,255,False,c5
L20_s2016_first,20,2016,first,12,0.8980392156862745,0.8627450980392157,0.0,0.0,255,False,01
L20_s2016_first,20,2016,first,13,0.4588235294117647,0.1568627450980392,0.796078431372549,0.32941176470588235,255,False,c5
L20_s2016_first,20,2016,first,14,0.9176470588235294,0.8431372549019608,0.1568627450980392,0.13333333333333333,255,False,01
L20_s2016_first,20,2016,first,15,0.9686274509803922,0.9176470588235294,0.027450980392156862,0.023529411764705882,255,False,c5
L20_s2016_first,20,2016,first,16,0.9725490196078431,0.9254901960784314,0.01568627450980392,0.01568627450980392,255,False,01
L20_s2016_first,20,2016,first,17,0.9372549019607843,0.9058823529411765,0.027450980392156862,0.0196078431372549,255,False,c5
L20_s2016_first,20,2016,first,18,0.9058823529411765,0.8392156862745098,0.0196078431372549,0.0,255,False,01
L20_s2016_first,20,2016,first,19,0.9921568627450981,0.9725490196078431,0.0,0.0,255,False,c5
L20_s2016_final,20,2016,final,0,0.3764705882352941,0.13333333333333333,0.2,0.16470588235294117,255,False,a4
L20_s2016_final,20,2016,final,1,0.027450980392156862,0.011764705882352941,0.24313725490196078,0.011764705882352941,255,False,5e
L20_s2016_final,20,2016,final,2,0.7176470588235294,0.01568627450980392,0.058823529411764705,0.011764705882352941,255,False,ed
L20_s2016_final,20,2016,final,3,0.03137254901960784,0.00784313725490196,0.047058823529411764,0.00392156862745098,255,False,b0
L20_s2016_final,20,2016,final,4,1.0,1.0,0.0,0.0,255,False,a4
L20_s2016_final,20,2016,final,5,1.0,1.0,0.0,0.0,255,False,5e
L20_s2016_final,20,2016,final,6,1.0,1.0,0.0,0.0,255,False,ed
L20_s2016_final,20,2016,final,7,1.0,1.0,0.0,0.0,255,False,b0
L20_s2016_final,20,2016,final,8,1.0,1.0,0.0,0.0,255,False,a4
L20_s2016_final,20,2016,final,9,1.0,1.0,0.0,0.0,255,False,5e
L20_s2016_final,20,2016,final,10,1.0,1.0,0.0,0.0,255,False,ed
L20_s2016_final,20,2016,final,11,1.0,1.0,0.0,0.0,255,False,b0
L20_s2016_final,20,2016,final,12,1.0,1.0,0.0,0.0,255,False,a4
L20_s2016_final,20,2016,final,13,1.0,1.0,0.0,0.0,255,False,5e
L20_s2016_final,20,2016,final,14,1.0,1.0,0.0,0.0,255,False,ed
L20_s2016_final,20,2016,final,15,1.0,1.0,0.0,0.0,255,False,b0
L20_s2016_final,20,2016,final,16,1.0,1.0,0.0,0.0,255,False,a4
L20_s2016_final,20,2016,final,17,1.0,1.0,0.0,0.0,255,False,5e
L20_s2016_final,20,2016,final,18,1.0,1.0,0.0,0.0,255,False,ed
L20_s2016_final,20,2016,final,19,1.0,1.0,0.0,0.0,255,False,b0
L20_s2017_first,20,2017,first,0,0.8941176470588236,0.8117647058823529,0.00392156862745098,0.0,255,False,01
L20_s2017_first,20,2017,first,1,0.9215686274509803,0.8117647058823529,0.07058823529411765,0.050980392156862744,255,False,c5
L20_s2017_first,20,2017,first,2,0.9176470588235294,0.8392156862745098,0.10980392156862745,0.09803921568627451,255,False,01
L20_s2017_first,20,2017,first,3,0.9058823529411765,0.796078431372549,0.0392156862745098,0.0392156862745098,255,False,c5
L20_s2017_first,20,2017,first,4,0.8980392156862745,0.7607843137254902,0.00392156862745098,0.00392156862745098,255,False,01
L20_s2017_first,20,2017,first,5,0.8274509803921568,0.7137254901960784,0.23137254901960785,0.10196078431372549,255,False,c5
L20_s2017_first,20,2017,first,6,0.5607843137254902,0.03529411764705882,0.11372549019607843,0.08235294117647059,255,False,01
L20_s2017_first,20,2017,first,7,0.8352941176470589,0.6627450980392157,0.03137254901960784,0.011764705882352941,255,False,c5
L20_s2017_first,20,2017,first,8,0.8941176470588236,0.27450980392156865,0.0,0.0,255,False,01
L20_s2017_first,20,2017,first,9,0.8823529411764706,0.1607843137254902,0.12941176470588237,0.08235294117647059,255,False,c5
L20_s2017_first,20,2017,first,10,0.8901960784313725,0.7686274509803922,0.043137254901960784,0.0196078431372549,255,False,01
L20_s2017_first,20,2017,first,11,0.8941176470588236,0.8,0.054901960784313725,0.03529411764705882,255,False,c5
L20_s2017_first,20,2017,first,12,0.9137254901960784,0.30196078431372547,0.00392156862745098,0.00392156862745098,255,False,01
L20_s2017_first,20,2017,first,13,0.5254901960784314,0.08235294117647059,0.8117647058823529,0.42745098039215684,255,False,c5
L20_s2017_first,20,2017,first,14,0.8705882352941177,0.788235294117647,0.1803921568627451,0.13725490196078433,255,False,01
L20_s2017_first,20,2017,first,15,0.9137254901960784,0.7843137254901961,0.027450980392156862,0.011764705882352941,255,False,c5
L20_s2017_first,20,2017,first,16,0.9568627450980393,0.792156862745098,0.023529411764705882,0.0196078431372549,255,False,01
L20_s2017_first,20,2017,first,17,0.9098039215686274,0.8549019607843137,0.0784313725490196,0.058823529411764705,255,False,c5
L20_s2017_first,20,2017,first,18,0.9058823529411765,0.8235294117647058,0.0392156862745098,0.023529411764705882,255,False,01
L20_s2017_first,20,2017,first,19,0.9921568627450981,0.9294117647058824,0.0,0.0,255,False,c5
L20_s2017_final,20,2017,final,0,0.054901960784313725,0.050980392156862744,0.0,0.0,255,False,21
L20_s2017_final,20,2017,final,1,0.803921568627451,0.792156862745098,0.023529411764705882,0.023529411764705882,255,False,e5
L20_s2017_final,20,2017,final,2,0.09803921568627451,0.09803921568627451,0.0,0.0,255,False,21
L20_s2017_final,20,2017,final,3,0.6980392156862745,0.0196078431372549,0.03529411764705882,0.00392156862745098,255,False,e5
L20_s2017_final,20,2017,final,4,0.09019607843137255,0.058823529411764705,0.00784313725490196,0.0,255,False,21
L20_s2017_final,20,2017,final,5,0.7725490196078432,0.7647058823529411,0.7725490196078432,0.7333333333333333,255,True,4e
L20_s2017_final,20,2017,final,6,0.7372549019607844,0.7215686274509804,0.7568627450980392,0.6392156862745098,255,True,10
L20_s2017_final,20,2017,final,7,0.7019607843137254,0.6941176470588235,0.0,0.0,255,False,e5
L20_s2017_final,20,2017,final,8,0.01568627450980392,0.011764705882352941,0.0,0.0,255,False,21
L20_s2017_final,20,2017,final,9,0.03137254901960784,0.023529411764705882,0.8705882352941177,0.011764705882352941,255,False,e5
L20_s2017_final,20,2017,final,10,0.6196078431372549,0.6039215686274509,0.054901960784313725,0.00392156862745098,255,False,21
L20_s2017_final,20,2017,final,11,0.03137254901960784,0.027450980392156862,0.00392156862745098,0.0,255,False,e5
L20_s2017_final,20,2017,final,12,0.054901960784313725,0.054901960784313725,0.0,0.0,255,False,21
L20_s2017_final,20,2017,final,13,1.0,1.0,0.0,0.0,255,False,e5
L20_s2017_final,20,2017,final,14,1.0,1.0,0.0,0.0,255,False,21
L20_s2017_final,20,2017,final,15,0.788235294117647,0.7411764705882353,0.00392156862745098,0.00392156862745098,255,False,4e
L20_s2017_final,20,2017,final,16,0.6039215686274509,0.14901960784313725,0.0196078431372549,0.00392156862745098,255,False,10
L20_s2017_final,20,2017,final,17,0.24705882352941178,0.2235294117647059,0.00392156862745098,0.0,255,False,e5
L20_s2017_final,20,2017,final,18,1.0,1.0,0.0,0.0,255,False,21
L20_s2017_final,20,2017,final,19,1.0,1.0,0.0,0.0,255,False,e5
L20_s2018_first,20,2018,first,0,0.8941176470588236,0.6392156862745098,0.0,0.0,255,False,01
L20_s2018_first,20,2018,first,1,0.9333333333333333,0.8862745098039215,0.050980392156862744,0.03137254901960784,255,False,c5
L20_s2018_first,20,2018,first,2,0.9019607843137255,0.8509803921568627,0.03137254901960784,0.01568627450980392,255,False,01
L20_s2018_first,20,2018,first,3,0.8862745098039215,0.10980392156862745,0.058823529411764705,0.03529411764705882,255,False,c5
L20_s2018_first,20,2018,first,4,0.8705882352941177,0.3568627450980392,0.0,0.0,255,False,01
L20_s2018_first,20,2018,first,5,0.8392156862745098,0.807843137254902,0.27058823529411763,0.16862745098039217,255,False,c5
L20_s2018_first,20,2018,first,6,0.7647058823529411,0.5647058823529412,0.06274509803921569,0.011764705882352941,255,False,01
L20_s2018_first,20,2018,first,7,0.8352941176470589,0.36470588235294116,0.03137254901960784,0.01568627450980392,255,False,c5
L20_s2018_first,20,2018,first,8,0.39215686274509803,0.17254901960784313,0.0,0.0,255,False,01
L20_s2018_first,20,2018,first,9,0.8784313725490196,0.3803921568627451,0.7568627450980392,0.7098039215686275,255,True,c5
L20_s2018_first,20,2018,first,10,0.8980392156862745,0.8352941176470589,0.047058823529411764,0.0392156862745098,255,False,01
L20_s2018_first,20,2018,first,11,0.9019607843137255,0.7529411764705882,0.043137254901960784,0.023529411764705882,255,False,c5
L20_s2018_first,20,2018,first,12,0.8745098039215686,0.803921568627451,0.00392156862745098,0.0,255,False,01
L20_s2018_first,20,2018,first,13,0.6745098039215687,0.12156862745098039,0.4588235294117647,0.2823529411764706,255,False,c5
L20_s2018_first,20,2018,first,14,0.8941176470588236,0.8196078431372549,0.13333333333333333,0.11372549019607843,255,False,01
L20_s2018_first,20,2018,first,15,0.9254901960784314,0.7215686274509804,0.023529411764705882,0.011764705882352941,255,False,c5
L20_s2018_first,20,2018,first,16,0.8431372549019608,0.35294117647058826,0.01568627450980392,0.00784313725490196,255,False,01
L20_s2018_first,20,2018,first,17,0.9411764705882353,0.8980392156862745,0.023529411764705882,0.011764705882352941,255,False,c5
L20_s2018_first,20,2018,first,18,0.9176470588235294,0.8549019607843137,0.0196078431372549,0.00392156862745098,255,False,01
L20_s2018_first,20,2018,first,19,0.984313725490196,0.9372549019607843,0.00392156862745098,0.0,255,False,c5
L20_s2018_final,20,2018,final,0,0.01568627450980392,0.00784313725490196,0.1568627450980392,0.00784313725490196,255,False,1e
L20_s2018_final,20,2018,final,1,0.3215686274509804,0.17254901960784313,0.25098039215686274,0.17647058823529413,255,False,a4
L20_s2018_final,20,2018,final,2,0.01568627450980392,0.011764705882352941,0.023529411764705882,0.011764705882352941,255,False,ed
L20_s2018_final,20,2018,final,3,0.00784313725490196,0.00392156862745098,0.0196078431372549,0.0,255,False,b0
L20_s2018_final,20,2018,final,4,1.0,1.0,0.0,0.0,255,False,1e
L20_s2018_final,20,2018,final,5,1.0,1.0,0.0,0.0,255,False,a4
L20_s2018_final,20,2018,final,6,1.0,1.0,0.0,0.0,255,False,ed
L20_s2018_final,20,2018,final,7,1.0,1.0,0.0,0.0,255,False,b0
L20_s2018_final,20,2018,final,8,1.0,1.0,0.0,0.0,255,False,1e
L20_s2018_final,20,2018,final,9,1.0,1.0,0.0,0.0,255,False,a4
L20_s2018_final,20,2018,final,10,1.0,1.0,0.0,0.0,255,False,ed
L20_s2018_final,20,2018,final,11,1.0,1.0,0.0,0.0,255,False,b0
L20_s2018_final,20,2018,final,12,1.0,1.0,0.0,0.0,255,False,1e
L20_s2018_final,20,2018,final,13,1.0,1.0,0.0,0.0,255,False,a4
L20_s2018_final,20,2018,final,14,1.0,1.0,0.0,0.0,255,False,ed
L20_s2018_final,20,2018,final,15,1.0,1.0,0.0,0.0,255,False,b0
L20_s2018_final,20,2018,final,16,1.0,1.0,0.0,0.0,255,False,1e
L20_s2018_final,20,2018,final,17,1.0,1.0,0.0,0.0,255,False,a4
L20_s2018_final,20,2018,final,18,1.0,1.0,0.0,0.0,255,False,ed
L20_s2018_final,20,2018,final,19,1.0,1.0,0.0,0.0,255,False,b0
L20_s2019_first,20,2019,first,0,0.8549019607843137,0.7215686274509804,0.0,0.0,255,False,01
L20_s2019_first,20,2019,first,1,0.9137254901960784,0.8980392156862745,0.03529411764705882,0.027450980392156862,255,False,c5
L20_s2019_first,20,2019,first,2,0.8941176470588236,0.8313725490196079,0.0196078431372549,0.0,255,False,01
L20_s2019_first,20,2019,first,3,0.8274509803921568,0.40784313725490196,0.0392156862745098,0.011764705882352941,255,False,c5
L20_s2019_first,20,2019,first,4,0.8549019607843137,0.5176470588235295,0.0,0.0,255,False,01
L20_s2019_first,20,2019,first,5,0.7411764705882353,0.6392156862745098,0.7843137254901961,0.5764705882352941,255,True,c5
L20_s2019_first,20,2019,first,6,0.16470588235294117,0.12156862745098039,0.12549019607843137,0.10588235294117647,255,False,01
L20_s2019_first,20,2019,first,7,0.7607843137254902,0.2549019607843137,0.058823529411764705,0.00392156862745098,255,False,c5
L20_s2019_first,20,2019,first,8,0.6196078431372549,0.27450980392156865,0.011764705882352941,0.0,255,False,01
L20_s2019_first,20,2019,first,9,0.2,0.13725490196078433,0.20784313725490197,0.11764705882352941,255,False,c5
L20_s2019_first,20,2019,first,10,0.8666666666666667,0.792156862745098,0.10196078431372549,0.07058823529411765,255,False,01
L20_s2019_first,20,2019,first,11,0.8745098039215686,0.3254901960784314,0.023529411764705882,0.00784313725490196,255,False,c5
L20_s2019_first,20,2019,first,12,0.8235294117647058,0.6196078431372549,0.0,0.0,255,False,01
L20_s2019_first,20,2019,first,13,0.6313725490196078,0.12156862745098039,0.17254901960784313,0.10980392156862745,255,False,c5
L20_s2019_first,20,2019,first,14,0.8627450980392157,0.788235294117647,0.08627450980392157,0.07058823529411765,255,False,01
L20_s2019_first,20,2019,first,15,0.807843137254902,0.26666666666666666,0.00784313725490196,0.00392156862745098,255,False,c5
L20_s2019_first,20,2019,first,16,0.8235294117647058,0.5450980392156862,0.027450980392156862,0.0,255,False,01
L20_s2019_first,20,2019,first,17,0.611764705882353,0.5764705882352941,0.09411764705882353,0.03137254901960784,255,False,c5
L20_s2019_first,20,2019,first,18,0.8862745098039215,0.8431372549019608,0.0196078431372549,0.00784313725490196,255,False,01
L20_s2019_first,20,2019,first,19,0.9450980392156862,0.5803921568627451,0.0,0.0,255,False,c5
L20_s2019_final,20,2019,final,0,0.0,0.0,0.06274509803921569,0.0,255,False,11
L20_s2019_final,20,2019,final,1,0.35294117647058826,0.19215686274509805,0.3764705882352941,0.2549019607843137,255,False,25
L20_s2019_final,20,2019,final,2,0.4392156862745098,0.396078431372549,0.596078431372549,0.4392156862745098,255,False,76
L20_s2019_final,20,2019,final,3,0.0,0.0,0.0,0.0,255,False,ed
L20_s2019_final,20,2019,final,4,0.0,0.0,0.00784313725490196,0.0,255,False,b0
L20_s2019_final,20,2019,final,5,1.0,1.0,0.0,0.0,255,False,11
L20_s2019_final,20,2019,final,6,1.0,1.0,0.0,0.0,255,False,25
L20_s2019_final,20,2019,final,7,1.0,1.0,0.0,0.0,255,False,76
L20_s2019_final,20,2019,final,8,1.0,1.0,0.0,0.0,255,False,ed
L20_s2019_final,20,2019,final,9,1.0,1.0,0.0,0.0,255,False,b0
L20_s2019_final,20,2019,final,10,1.0,1.0,0.0,0.0,255,False,11
L20_s2019_final,20,2019,final,11,1.0,1.0,0.0,0.0,255,False,25
L20_s2019_final,20,2019,final,12,1.0,1.0,0.0,0.0,255,False,76
L20_s2019_final,20,2019,final,13,1.0,1.0,0.0,0.0,255,False,ed
L20_s2019_final,20,2019,final,14,1.0,1.0,0.0,0.0,255,False,b0
L20_s2019_final,20,2019,final,15,1.0,1.0,0.0,0.0,255,False,11
L20_s2019_final,20,2019,final,16,1.0,1.0,0.0,0.0,255,False,25
L20_s2019_final,20,2019,final,17,1.0,1.0,0.0,0.0,255,False,76
L20_s2019_final,20,2019,final,18,1.0,1.0,0.0,0.0,255,False,ed
L20_s2019_final,20,2019,final,19,1.0,1.0,0.0,0.0,255,False,b0
L20_s2020_first,20,2020,first,0,0.9019607843137255,0.8431372549019608,0.0,0.0,255,False,01
L20_s2020_first,20,2020,first,1,0.9333333333333333,0.8549019607843137,0.043137254901960784,0.03529411764705882,255,False,c5
L20_s2020_first,20,2020,first,2,0.9137254901960784,0.8588235294117647,0.09019607843137255,0.08235294117647059,255,False,01
L20_s2020_first,20,2020,first,3,0.8823529411764706,0.17254901960784313,0.050980392156862744,0.03137254901960784,255,False,c5
L20_s2020_first,20,2020,first,4,0.9215686274509803,0.7843137254901961,0.00392156862745098,0.0,255,False,01
L20_s2020_first,20,2020,first,5,0.8745098039215686,0.807843137254902,0.2235294117647059,0.15294117647058825,255,False,c5
L20_s2020_first,20,2020,first,6,0.8509803921568627,0.1803921568627451,0.09411764705882353,0.06666666666666667,255,False,01
L20_s2020_first,20,2020,first,7,0.8274509803921568,0.34509803921568627,0.07058823529411765,0.06274509803921569,255,False,c5
L20_s2020_first,20,2020,first,8,0.8941176470588236,0.7529411764705882,0.0,0.0,255,False,01
L20_s2020_first,20,2020,first,9,0.9098039215686274,0.3568627450980392,0.12941176470588237,0.09411764705882353,255,False,c5
L20_s2020_first,20,2020,first,10,0.8980392156862745,0.8588235294117647,0.023529411764705882,0.00784313725490196,255,False,01
L20_s2020_first,20,2020,first,11,0.9215686274509803,0.7568627450980392,0.01568627450980392,0.01568627450980392,255,False,c5
L20_s2020_first,20,2020,first,12,0.8823529411764706,0.396078431372549,0.00392156862745098,0.0,255,False,01
L20_s2020_first,20,2020,first,13,0.8627450980392157,0.13725490196078433,0.7529411764705882,0.6862745098039216,255,True,c5
L20_s2020_first,20,2020,first,14,0.8901960784313725,0.8,0.09019607843137255,0.06274509803921569,255,False,01
L20_s2020_first,20,2020,first,15,0.9490196078431372,0.6627450980392157,0.011764705882352941,0.011764705882352941,255,False,c5
L20_s2020_first,20,2020,first,16,0.9725490196078431,0.6313725490196078,0.00784313725490196,0.00392156862745098,255,False,01
L20_s2020_first,20,2020,first,17,0.9294117647058824,0.8901960784313725,0.027450980392156862,0.011764705882352941,255,False,c5
L20_s2020_first,20,2020,first,18,0.9254901960784314,0.8509803921568627,0.023529411764705882,0.00784313725490196,255,False,01
L20_s2020_first,20,2020,first,19,0.9803921568627451,0.9058823529411765,0.0,0.0,255,False,c5
L20_s2020_final,20,2020,final,0,0.0196078431372549,0.00784313725490196,0.15294117647058825,0.011764705882352941,255,False,1e
L20_s2020_final,20,2020,final,1,0.29411764705882354,0.14901960784313725,0.21176470588235294,0.14901960784313725,255,False,04
L20_s2020_final,20,2020,final,2,0.01568627450980392,0.011764705882352941,0.054901960784313725,0.011764705882352941,255,False,ed
L20_s2020_final,20,2020,final,3,0.011764705882352941,0.00784313725490196,0.03529411764705882,0.00392156862745098,255,False,b0
L20_s2020_final,20,2020,final,4,1.0,1.0,0.0,0.0,255,False,1e
L20_s2020_final,20,2020,final,5,1.0,1.0,0.0,0.0,255,False,04
L20_s2020_final,20,2020,final,6,1.0,1.0,0.0,0.0,255,False,ed
L20_s2020_final,20,2020,final,7,1.0,1.0,0.0,0.0,255,False,b0
L20_s2020_final,20,2020,final,8,1.0,1.0,0.0,0.0,255,False,1e
L20_s2020_final,20,2020,final,9,1.0,1.0,0.0,0.0,255,False,04
L20_s2020_final,20,2020,final,10,1.0,1.0,0.0,0.0,255,False,ed
L20_s2020_final,20,2020,final,11,1.0,1.0,0.0,0.0,255,False,b0
L20_s2020_final,20,2020,final,12,1.0,1.0,0.0,0.0,255,False,1e
L20_s2020_final,20,2020,final,13,1.0,1.0,0.0,0.0,255,False,04
L20_s2020_final,20,2020,final,14,1.0,1.0,0.0,0.0,255,False,ed
L20_s2020_final,20,2020,final,15,1.0,1.0,0.0,0.0,255,False,b0
L20_s2020_final,20,2020,final,16,1.0,1.0,0.0,0.0,255,False,1e
L20_s2020_final,20,2020,final,17,1.0,1.0,0.0,0.0,255,False,04
L20_s2020_final,20,2020,final,18,1.0,1.0,0.0,0.0,255,False,ed
L20_s2020_final,20,2020,final,19,1.0,1.0,0.0,0.0,255,False,b0
L50_s2001_first,50,2001,first,0,0.90625,0.90625,0.0,0.0,32,False,01
L50_s2001_first,50,2001,first,1,1.0,1.0,1.0,1.0,32,True,c5
L50_s2001_first,50,2001,first,2,1.0,0.96875,1.0,1.0,32,True,01
L50_s2001_first,50,2001,first,3,1.0,0.90625,0.0,0.0,32,False,c5
L50_s2001_first,50,2001,first,4,1.0,0.90625,0.03125,0.03125,32,False,01
L50_s2001_first,50,2001,first,5,1.0,1.0,0.96875,0.96875,32,True,c5
L50_s2001_first,50,2001,first,6,0.9375,0.9375,0.28125,0.21875,32,False,01
L50_s2001_first,50,2001,first,7,1.0,0.90625,0.0,0.0,32,False,c5
L50_s2001_first,50,2001,first,8,0.96875,0.90625,0.03125,0.03125,32,False,01
L50_s2001_first,50,2001,first,9,1.0,0.90625,1.0,1.0,32,True,c5
L50_s2001_first,50,2001,first,10,1.0,0.96875,1.0,1.0,32,True,01
L50_s2001_first,50,2001,first,11,1.0,0.96875,0.0,0.0,32,False,c5
L50_s2001_first,50,2001,first,12,1.0,0.875,0.03125,0.03125,32,False,01
L50_s2001_first,50,2001,first,13,1.0,1.0,1.0,1.0,32,True,c5
L50_s2001_first,50,2001,first,14,1.0,1.0,1.0,1.0,32,True,01
L50_s2001_first,50,2001,first,15,0.96875,0.9375,0.125,0.125,32,False,c5
L50_s2001_first,50,2001,first,16,0.90625,0.8125,0.09375,0.09375,32,False,01
L50_s2001_first,50,2001,first,17,1.0,0.96875,1.0,1.0,32,True,c5
L50_s2001_first,50,2001,first,18,0.96875,0.96875,1.0,0.96875,32,True,01
L50_s2001_first,50,2001,first,19,0.96875,0.90625,0.09375,0.0625,32,False,c5
L50_s2001_first,50,2001,first,20,0.90625,0.8125,0.125,0.09375,32,False,01
L50_s2001_first,50,2001,first,21,0.9375,0.90625,1.0,0.9375,32,True,c5
L50_s2001_first,50,2001,first,22,0.96875,0.96875,1.0,0.96875,32,True,01
L50_s2001_first,50,2001,first,23,0.96875,0.96875,0.0,0.0,32,False,c5
L50_s2001_first,50,2001,first,24,1.0,0.90625,0.0,0.0,32,False,01
L50_s2001_first,50,2001,first,25,1.0,1.0,1.0,1.0,32,True,c5
L50_s2001_first,50,2001,first,26,1.0,1.0,1.0,1.0,32,True,01
L50_s2001_first,50,2001,first,27,1.0,1.0,0.0,0.0,32,False,c5
L50_s2001_first,50,2001,first,28,1.0,0.96875,0.0625,0.0625,32,False,01
L50_s2001_first,50,2001,first,29,0.9375,0.9375,1.0,0.9375,32,True,c5
L50_s2001_first,50,2001,first,30,0.90625,0.90625,1.0,0.90625,32,True,01
L50_s2001_first,50,2001,first,31,0.96875,0.875,0.0625,0.0625,32,False,c5
L50_s2001_first,50,2001,first,32,1.0,1.0,0.0,0.0,32,False,01
L50_s2001_first,50,2001,first,33,1.0,1.0,1.0,1.0,32,True,c5
L50_s2001_first,50,2001,first,34,0.9375,0.9375,1.0,0.9375,32,True,01
L50_s2001_first,50,2001,first,35,1.0,0.96875,0.03125,0.03125,32,False,c5
L50_s2001_first,50,2001,first,36,1.0,1.0,0.0,0.0,32,False,01
L50_s2001_first,50,2001,first,37,0.96875,0.90625,1.0,0.96875,32,True,c5
L50_s2001_first,50,2001,first,38,0.96875,0.9375,1.0,0.96875,32,True,01
L50_s2001_first,50,2001,first,39,0.96875,0.9375,0.0625,0.03125,32,False,c5
L50_s2001_first,50,2001,first,40,1.0,0.9375,0.0,0.0,32,False,01
L50_s2001_first,50,2001,first,41,1.0,0.96875,1.0,1.0,32,True,c5
L50_s2001_first,50,2001,first,42,0.96875,0.90625,1.0,0.96875,32,True,01
L50_s2001_first,50,2001,first,43,0.96875,0.96875,0.09375,0.09375,32,False,c5
L50_s2001_first,50,2001,first,44,0.96875,0.9375,0.0,0.0,32,False,01
L50_s2001_first,50,2001,first,45,1.0,0.96875,1.0,1.0,32,True,c5
L50_s2001_first,50,2001,first,46,0.96875,0.96875,1.0,0.96875,32,True,01
L50_s2001_first,50,2001,first,47,1.0,0.90625,0.0625,0.0625,32,False,c5
L50_s2001_first,50,2001,first,48,0.9375,0.90625,0.03125,0.03125,32,False,01
L50_s2001_first,50,2001,first,49,1.0,0.96875,0.0,0.0,32,False,c5
L50_s2001_final,50,2001,final,0,0.84375,0.59375,0.0,0.0,32,False,21
L50_s2001_final,50,2001,final,1,1.0,1.0,0.03125,0.03125,32,False,e5
L50_s2001_final,50,2001,final,2,1.0,1.0,0.46875,0.46875,32,False,21
L50_s2001_final,50,2001,final,3,0.9375,0.9375,0.0,0.0,32,False,e5
L50_s2001_final,50,2001,final,4,0.9375,0.90625,0.0625,0.0,32,False,21
L50_s2001_final,50,2001,final,5,0.90625,0.90625,0.0,0.0,32,False,e5
L50_s2001_final,50,2001,final,6,0.9375,0.1875,0.0,0.0,32,False,21
L50_s2001_final,50,2001,final,7,0.84375,0.84375,0.03125,0.0,32,False,e5
L50_s2001_final,50,2001,final,8,1.0,0.8125,0.0625,0.0625,32,False,21
L50_s2001_final,50,2001,final,9,0.46875,0.09375,0.9375,0.4375,32,False,20
L50_s2001_final,50,2001,final,10,0.84375,0.34375,0.625,0.53125,32,True,f0
L50_s2001_final,50,2001,final,11,0.9375,0.8125,0.0,0.0,32,False,e5
L50_s2001_final,50,2001,final,12,0.90625,0.6875,0.0,0.0,32,False,21
L50_s2001_final,50,2001,final,13,1.0,1.0,0.0,0.0,32,False,e5
L50_s2001_final,50,2001,final,14,0.9375,0.9375,0.0,0.0,32,False,21
L50_s2001_final,50,2001,final,15,0.84375,0.6875,0.0,0.0,32,False,e5
L50_s2001_final,50,2001,final,16,0.9375,0.84375,0.0,0.0,32,False,21
L50_s2001_final,50,2001,final,17,0.96875,0.9375,0.0,0.0,32,False,e5
L50_s2001_final,50,2001,final,18,0.96875,0.96875,0.0,0.0,32,False,21
L50_s2001_final,50,2001,final,19,0.96875,0.90625,0.0,0.0,32,False,e5
L50_s2001_final,50,2001,final,20,1.0,0.875,0.0,0.0,32,False,21
L50_s2001_final,50,2001,final,21,0.90625,0.90625,0.0,0.0,32,False,e5
L50_s2001_final,50,2001,final,22,0.96875,0.96875,0.0,0.0,32,False,21
L50_s2001_final,50,2001,final,23,0.96875,0.4375,0.0,0.0,32,False,20
L50_s2001_final,50,2001,final,24,0.96875,0.40625,0.0,0.0,32,False,f0
L50_s2001_final,50,2001,final,25,1.0,1.0,0.0,0.0,32,False,e5
L50_s2001_final,50,2001,final,26,1.0,1.0,0.0,0.0,32,False,21
L50_s2001_final,50,2001,final,27,1.0,1.0,0.0,0.0,32,False,e5
L50_s2001_final,50,2001,final,28,1.0,1.0,0.0,0.0,32,False,21
L50_s2001_final,50,2001,final,29,1.0,1.0,0.0,0.0,32,False,e5
L50_s2001_final,50,2001,final,30,1.0,1.0,0.0,0.0,32,False,21
L50_s2001_final,50,2001,final,31,0.96875,0.84375,0.0,0.0,32,False,e5
L50_s2001_final,50,2001,final,32,0.9375,0.84375,0.0625,0.0625,32,False,21
L50_s2001_final,50,2001,final,33,0.96875,0.96875,0.0,0.0,32,False,e5
L50_s2001_final,50,2001,final,34,0.9375,0.9375,0.0,0.0,32,False,21
L50_s2001_final,50,2001,final,35,1.0,0.84375,0.25,0.25,32,False,e5
L50_s2001_final,50,2001,final,36,1.0,1.0,0.0,0.0,32,False,21
L50_s2001_final,50,2001,final,37,1.0,1.0,0.0,0.0,32,False,20
L50_s2001_final,50,2001,final,38,1.0,1.0,0.0,0.0,32,False,f0
L50_s2001_final,50,2001,final,39,1.0,1.0,0.0,0.0,32,False,e5
L50_s2001_final,50,2001,final,40,1.0,1.0,0.0,0.0,32,False,21
L50_s2001_final,50,2001,final,41,1.0,1.0,0.0,0.0,32,False,e5
L50_s2001_final,50,2001,final,42,1.0,1.0,0.0,0.0,32,False,21
L50_s2001_final,50,2001,final,43,1.0,1.0,0.0,0.0,32,False,e5
L50_s2001_final,50,2001,final,44,1.0,1.0,0.0,0.0,32,False,21
L50_s2001_final,50,2001,final,45,1.0,1.0,0.0,0.0,32,False,e5
L50_s2001_final,50,2001,final,46,1.0,1.0,0.0,0.0,32,False,21
L50_s2001_final,50,2001,final,47,1.0,1.0,0.0,0.0,32,False,e5
L50_s2001_final,50,2001,final,48,1.0,1.0,0.0,0.0,32,False,21
L50_s2001_final,50,2001,final,49,1.0,1.0,0.0,0.0,32,False,e5
L50_s2002_first,50,2002,first,0,1.0,0.9375,0.0,0.0,32,False,01
L50_s2002_first,50,2002,first,1,1.0,1.0,0.90625,0.90625,32,True,c5
L50_s2002_first,50,2002,first,2,1.0,0.9375,1.0,1.0,32,True,01
L50_s2002_first,50,2002,first,3,0.96875,0.9375,0.59375,0.59375,32,True,c5
L50_s2002_first,50,2002,first,4,1.0,0.875,0.8125,0.8125,32,True,01
L50_s2002_first,50,2002,first,5,1.0,0.96875,1.0,1.0,32,True,c5
L50_s2002_first,50,2002,first,6,1.0,0.96875,0.4375,0.4375,32,False,01
L50_s2002_first,50,2002,first,7,0.96875,0.875,0.84375,0.84375,32,True,c5
L50_s2002_first,50,2002,first,8,0.96875,0.9375,0.65625,0.65625,32,True,01
L50_s2002_first,50,2002,first,9,0.96875,0.90625,1.0,0.96875,32,True,c5
L50_s2002_first,50,2002,first,10,1.0,0.96875,1.0,1.0,32,True,01
L50_s2002_first,50,2002,first,11,0.96875,0.90625,0.65625,0.65625,32,True,c5
L50_s2002_first,50,2002,first,12,1.0,0.9375,0.84375,0.84375,32,True,01
L50_s2002_first,50,2002,first,13,1.0,1.0,1.0,1.0,32,True,c5
L50_s2002_first,50,2002,first,14,1.0,0.96875,0.96875,0.96875,32,True,01
L50_s2002_first,50,2002,first,15,1.0,0.96875,0.8125,0.8125,32,True,c5
L50_s2002_first,50,2002,first,16,1.0,0.875,0.65625,0.65625,32,True,01
L50_s2002_first,50,2002,first,17,1.0,0.96875,1.0,1.0,32,True,c5
L50_s2002_first,50,2002,first,18,1.0,1.0,1.0,1.0,32,True,01
L50_s2002_first,50,2002,first,19,1.0,0.9375,0.5625,0.5625,32,True,c5
L50_s2002_first,50,2002,first,20,0.96875,0.9375,0.15625,0.15625,32,False,01
L50_s2002_first,50,2002,first,21,0.96875,0.96875,1.0,0.96875,32,True,c5
L50_s2002_first,50,2002,first,22,1.0,1.0,1.0,1.0,32,True,01
L50_s2002_first,50,2002,first,23,0.9375,0.9375,0.0,0.0,32,False,c5
L50_s2002_first,50,2002,first,24,0.96875,0.96875,0.0,0.0,32,False,01
L50_s2002_first,50,2002,first,25,1.0,0.96875,1.0,1.0,32,True,c5
L50_s2002_first,50,2002,first,26,1.0,1.0,1.0,1.0,32,True,01
L50_s2002_first,50,2002,first,27,1.0,1.0,0.0,0.0,32,False,c5
L50_s2002_first,50,2002,first,28,0.96875,0.96875,0.0625,0.0625,32,False,01
L50_s2002_first,50,2002,first,29,0.9375,0.90625,1.0,0.9375,32,True,c5
L50_s2002_first,50,2002,first,30,1.0,1.0,1.0,1.0,32,True,01
L50_s2002_first,50,2002,first,31,1.0,1.0,0.0,0.0,32,False,c5
L50_s2002_first,50,2002,first,32,1.0,0.96875,0.03125,0.03125,32,False,01
L50_s2002_first,50,2002,first,33,1.0,0.96875,1.0,1.0,32,True,c5
L50_s2002_first,50,2002,first,34,1.0,1.0,1.0,1.0,32,True,01
L50_s2002_first,50,2002,first,35,0.96875,0.96875,0.09375,0.0625,32,False,c5
L50_s2002_first,50,2002,first,36,0.96875,0.9375,0.03125,0.03125,32,False,01
L50_s2002_first,50,2002,first,37,0.96875,0.9375,1.0,0.96875,32,True,c5
L50_s2002_first,50,2002,first,38,1.0,0.96875,1.0,1.0,32,True,01
L50_s2002_first,50,2002,first,39,1.0,1.0,0.0,0.0,32,False,c5
L50_s2002_first,50,2002,first,40,0.96875,0.96875,0.0,0.0,32,False,01
L50_s2002_first,50,2002,first,41,1.0,0.9375,1.0,1.0,32,True,c5
L50_s2002_first,50,2002,first,42,1.0,1.0,1.0,1.0,32,True,01
L50_s2002_first,50,2002,first,43,0.9375,0.90625,0.03125,0.03125,32,False,c5
L50_s2002_first,50,2002,first,44,0.96875,0.96875,0.0,0.0,32,False,01
L50_s2002_first,50,2002,first,45,1.0,1.0,1.0,1.0,32,True,c5
L50_s2002_first,50,2002,first,46,0.9375,0.90625,1.0,0.9375,32,True,01
L50_s2002_first,50,2002,first,47,1.0,0.96875,0.0625,0.0625,32,False,c5
L50_s2002_first,50,2002,first,48,0.96875,0.96875,0.09375,0.09375,32,False,01
L50_s2002_first,50,2002,first,49,1.0,1.0,0.0,0.0,32,False,c5
L50_s2002_final,50,2002,final,0,0.96875,0.65625,0.0,0.0,32,False,21
L50_s2002_final,50,2002,final,1,1.0,0.96875,0.0625,0.0625,32,False,e5
L50_s2002_final,50,2002,final,2,1.0,1.0,0.4375,0.4375,32,False,21
L50_s2002_final,50,2002,final,3,0.9375,0.90625,0.0,0.0,32,False,e5
L50_s2002_final,50,2002,final,4,1.0,0.96875,0.0,0.0,32,False,21
L50_s2002_final,50,2002,final,5,0.9375,0.9375,0.0,0.0,32,False,e5
L50_s2002_final,50,2002,final,6,0.84375,0.09375,0.0,0.0,32,False,21
L50_s2002_final,50,2002,final,7,0.90625,0.8125,0.0,0.0,32,False,e5
L50_s2002_final,50,2002,final,8,0.9375,0.8125,0.0,0.0,32,False,21
L50_s2002_final,50,2002,final,9,0.625,0.21875,0.875,0.59375,32,True,20
L50_s2002_final,50,2002,final,10,0.84375,0.28125,0.71875,0.625,32,True,f0
L50_s2002_final,50,2002,final,11,1.0,0.90625,0.0,0.0,32,False,e5
L50_s2002_final,50,2002,final,12,0.84375,0.53125,0.0,0.0,32,False,21
L50_s2002_final,50,2002,final,13,1.0,1.0,0.0,0.0,32,False,e5
L50_s2002_final,50,2002,final,14,0.5625,0.5625,0.0,0.0,32,False,21
L50_s2002_final,50,2002,final,15,0.9375,0.875,0.0,0.0,32,False,e5
L50_s2002_final,50,2002,final,16,1.0,0.78125,0.0,0.0,32,False,21
L50_s2002_final,50,2002,final,17,0.84375,0.84375,0.03125,0.0,32,False,e5
L50_s2002_final,50,2002,final,18,1.0,0.9375,0.0,0.0,32,False,21
L50_s2002_final,50,2002,final,19,0.9375,0.9375,0.0,0.0,32,False,e5
L50_s2002_final,50,2002,final,20,1.0,0.625,0.0,0.0,32,False,21
L50_s2002_final,50,2002,final,21,0.90625,0.875,0.0,0.0,32,False,e5
L50_s2002_final,50,2002,final,22,0.90625,0.90625,0.0,0.0,32,False,21
L50_s2002_final,50,2002,final,23,0.84375,0.28125,0.03125,0.03125,32,False,20
L50_s2002_final,50,2002,final,24,0.96875,0.4375,0.03125,0.03125,32,False,f0
L50_s2002_final,50,2002,final,25,1.0,1.0,0.0,0.0,32,False,e5
L50_s2002_final,50,2002,final,26,1.0,1.0,0.0,0.0,32,False,21
L50_s2002_final,50,2002,final,27,1.0,1.0,0.0,0.0,32,False,e5
L50_s2002_final,50,2002,final,28,1.0,1.0,0.0,0.0,32,False,21
L50_s2002_final,50,2002,final,29,1.0,1.0,0.0,0.0,32,False,e5
L50_s2002_final,50,2002,final,30,1.0,1.0,0.0,0.0,32,False,21
L50_s2002_final,50,2002,final,31,0.9375,0.6875,0.0,0.0,32,False,e5
L50_s2002_final,50,2002,final,32,1.0,0.96875,0.0,0.0,32,False,21
L50_s2002_final,50,2002,final,33,0.90625,0.90625,0.0,0.0,32,False,e5
L50_s2002_final,50,2002,final,34,1.0,1.0,0.0,0.0,32,False,21
L50_s2002_final,50,2002,final,35,1.0,0.9375,0.28125,0.28125,32,False,e5
L50_s2002_final,50,2002,final,36,1.0,1.0,0.0,0.0,32,False,21
L50_s2002_final,50,2002,final,37,1.0,1.0,0.0,0.0,32,False,20
L50_s2002_final,50,2002,final,38,1.0,1.0,0.0,0.0,32,False,f0
L50_s2002_final,50,2002,final,39,1.0,1.0,0.0,0.0,32,False,e5
L50_s2002_final,50,2002,final,40,1.0,1.0,0.0,0.0,32,False,21
L50_s2002_final,50,2002,final,41,1.0,1.0,0.0,0.0,32,False,e5
L50_s2002_final,50,2002,final,42,1.0,1.0,0.0,0.0,32,False,21
L50_s2002_final,50,2002,final,43,1.0,1.0,0.0,0.0,32,False,e5
L50_s2002_final,50,2002,final,44,1.0,1.0,0.0,0.0,32,False,21
L50_s2002_final,50,2002,final,45,1.0,1.0,0.0,0.0,32,False,e5
L50_s2002_final,50,2002,final,46,1.0,1.0,0.0,0.0,32,False,21
L50_s2002_final,50,2002,final,47,1.0,1.0,0.0,0.0,32,False,e5
L50_s2002_final,50,2002,final,48,1.0,1.0,0.0,0.0,32,False,21
L50_s2002_final,50,2002,final,49,1.0,1.0,0.0,0.0,32,False,e5
L50_s2003_first,50,2003,first,0,0.875,0.84375,0.0,0.0,32,False,01
L50_s2003_first,50,2003,first,1,1.0,1.0,1.0,1.0,32,True,c5
L50_s2003_first,50,2003,first,2,0.96875,0.96875,1.0,0.96875,32,True,01
L50_s2003_first,50,2003,first,3,1.0,0.96875,0.125,0.125,32,False,c5
L50_s2003_first,50,2003,first,4,0.96875,0.875,0.15625,0.15625,32,False,01
L50_s2003_first,50,2003,first,5,0.96875,0.96875,1.0,0.96875,32,True,c5
L50_s2003_first,50,2003,first,6,1.0,0.96875,0.90625,0.90625,32,True,01
L50_s2003_first,50,2003,first,7,0.9375,0.90625,0.28125,0.21875,32,False,c5
L50_s2003_first,50,2003,first,8,0.96875,0.90625,0.15625,0.15625,32,False,01
L50_s2003_first,50,2003,first,9,0.96875,0.96875,1.0,0.96875,32,True,c5
L50_s2003_first,50,2003,first,10,1.0,1.0,1.0,1.0,32,True,01
L50_s2003_first,50,2003,first,11,1.0,0.875,0.0625,0.0625,32,False,c5
L50_s2003_first,50,2003,first,12,0.9375,0.84375,0.1875,0.15625,32,False,01
L50_s2003_first,50,2003,first,13,1.0,1.0,1.0,1.0,32,True,c5
L50_s2003_first,50,2003,first,14,1.0,0.96875,1.0,1.0,32,True,01
L50_s2003_first,50,2003,first,15,0.90625,0.78125,0.21875,0.1875,32,False,c5
L50_s2003_first,50,2003,first,16,0.9375,0.90625,0.03125,0.03125,32,False,01
L50_s2003_first,50,2003,first,17,1.0,1.0,1.0,1.0,32,True,c5
L50_s2003_first,50,2003,first,18,1.0,1.0,1.0,1.0,32,True,01
L50_s2003_first,50,2003,first,19,0.9375,0.84375,0.15625,0.15625,32,False,c5
L50_s2003_first,50,2003,first,20,0.96875,0.90625,0.125,0.125,32,False,01
L50_s2003_first,50,2003,first,21,1.0,0.9375,1.0,1.0,32,True,c5
L50_s2003_first,50,2003,first,22,1.0,1.0,1.0,1.0,32,True,01
L50_s2003_first,50,2003,first,23,0.96875,0.9375,0.03125,0.03125,32,False,c5
L50_s2003_first,50,2003,first,24,1.0,1.0,0.03125,0.03125,32,False,01
L50_s2003_first,50,2003,first,25,1.0,0.96875,1.0,1.0,32,True,c5
L50_s2003_first,50,2003,first,26,0.96875,0.96875,1.0,0.96875,32,True,01
L50_s2003_first,50,2003,first,27,1.0,0.96875,0.09375,0.09375,32,False,c5
L50_s2003_first,50,2003,first,28,0.9375,0.875,0.03125,0.03125,32,False,01
L50_s2003_first,50,2003,first,29,1.0,0.9375,1.0,1.0,32,True,c5
L50_s2003_first,50,2003,first,30,1.0,0.9375,1.0,1.0,32,True,01
L50_s2003_first,50,2003,first,31,1.0,1.0,0.0625,0.0625,32,False,c5
L50_s2003_first,50,2003,first,32,1.0,1.0,0.03125,0.03125,32,False,01
L50_s2003_first,50,2003,first,33,1.0,0.90625,1.0,1.0,32,True,c5
L50_s2003_first,50,2003,first,34,0.9375,0.90625,1.0,0.9375,32,True,01
L50_s2003_first,50,2003,first,35,1.0,0.96875,0.09375,0.09375,32,False,c5
L50_s2003_first,50,2003,first,36,1.0,0.9375,0.03125,0.03125,32,False,01
L50_s2003_first,50,2003,first,37,0.96875,0.875,1.0,0.96875,32,True,c5
L50_s2003_first,50,2003,first,38,1.0,0.90625,1.0,1.0,32,True,01
L50_s2003_first,50,2003,first,39,0.96875,0.9375,0.0,0.0,32,False,c5
L50_s2003_first,50,2003,first,40,1.0,0.9375,0.0,0.0,32,False,01
L50_s2003_first,50,2003,first,41,1.0,0.96875,1.0,1.0,32,True,c5
L50_s2003_first,50,2003,first,42,1.0,0.9375,1.0,1.0,32,True,01
L50_s2003_first,50,2003,first,43,1.0,0.96875,0.0,0.0,32,False,c5
L50_s2003_first,50,2003,first,44,0.9375,0.90625,0.0,0.0,32,False,01
L50_s2003_first,50,2003,first,45,1.0,0.96875,1.0,1.0,32,True,c5
L50_s2003_first,50,2003,first,46,0.9375,0.875,1.0,0.9375,32,True,01
L50_s2003_first,50,2003,first,47,0.96875,0.90625,0.03125,0.03125,32,False,c5
L50_s2003_first,50,2003,first,48,1.0,0.9375,0.03125,0.03125,32,False,01
L50_s2003_first,50,2003,first,49,1.0,1.0,0.0,0.0,32,False,c5
L50_s2003_final,50,2003,final,0,0.875,0.65625,0.0,0.0,32,False,01
L50_s2003_final,50,2003,final,1,1.0,1.0,0.03125,0.03125,32,False,c5
L50_s2003_final,50,2003,final,2,1.0,1.0,0.28125,0.28125,32,False,01
L50_s2003_final,50,2003,final,3,0.8125,0.59375,0.125,0.125,32,False,c5
L50_s2003_final,50,2003,final,4,0.90625,0.65625,0.0625,0.0625,32,False,01
L50_s2003_final,50,2003,final,5,0.9375,0.9375,0.0,0.0,32,False,c5
L50_s2003_final,50,2003,final,6,0.90625,0.21875,0.0,0.0,32,False,01
L50_s2003_final,50,2003,final,7,0.78125,0.65625,0.125,0.03125,32,False,c5
L50_s2003_final,50,2003,final,8,0.84375,0.5,0.03125,0.03125,32,False,01
L50_s2003_final,50,2003,final,9,0.375,0.25,0.90625,0.34375,32,False,20
L50_s2003_final,50,2003,final,10,0.59375,0.25,0.65625,0.40625,32,False,f0
L50_s2003_final,50,2003,final,11,0.9375,0.625,0.0,0.0,32,False,c5
L50_s2003_final,50,2003,final,12,0.84375,0.71875,0.0,0.0,32,False,01
L50_s2003_final,50,2003,final,13,1.0,1.0,0.0,0.0,32,False,c5
L50_s2003_final,50,2003,final,14,0.84375,0.84375,0.0,0.0,32,False,01
L50_s2003_final,50,2003,final,15,0.96875,0.59375,0.0,0.0,32,False,c5
L50_s2003_final,50,2003,final,16,0.96875,0.71875,0.0,0.0,32,False,01
L50_s2003_final,50,2003,final,17,0.90625,0.90625,0.0,0.0,32,False,c5
L50_s2003_final,50,2003,final,18,0.9375,0.9375,0.0,0.0,32,False,01
L50_s2003_final,50,2003,final,19,1.0,0.90625,0.03125,0.03125,32,False,c5
L50_s2003_final,50,2003,final,20,1.0,0.75,0.0,0.0,32,False,01
L50_s2003_final,50,2003,final,21,0.90625,0.90625,0.0,0.0,32,False,c5
L50_s2003_final,50,2003,final,22,0.9375,0.9375,0.0,0.0,32,False,01
L50_s2003_final,50,2003,final,23,0.4375,0.09375,0.0,0.0,32,False,20
L50_s2003_final,50,2003,final,24,0.90625,0.375,0.03125,0.03125,32,False,f0
L50_s2003_final,50,2003,final,25,1.0,1.0,0.0,0.0,32,False,c5
L50_s2003_final,50,2003,final,26,1.0,1.0,0.0,0.0,32,False,01
L50_s2003_final,50,2003,final,27,1.0,1.0,0.0,0.0,32,False,c5
L50_s2003_final,50,2003,final,28,1.0,1.0,0.0,0.0,32,False,01
L50_s2003_final,50,2003,final,29,1.0,1.0,0.0,0.0,32,False,c5
L50_s2003_final,50,2003,final,30,1.0,1.0,0.0,0.0,32,False,01
L50_s2003_final,50,2003,final,31,1.0,0.96875,0.0,0.0,32,False,c5
L50_s2003_final,50,2003,final,32,0.875,0.84375,0.09375,0.09375,32,False,01
L50_s2003_final,50,2003,final,33,0.9375,0.9375,0.0,0.0,32,False,c5
L50_s2003_final,50,2003,final,34,0.9375,0.9375,0.0,0.0,32,False,01
L50_s2003_final,50,2003,final,35,0.90625,0.84375,0.15625,0.15625,32,False,c5
L50_s2003_final,50,2003,final,36,1.0,1.0,0.0,0.0,32,False,01
L50_s2003_final,50,2003,final,37,1.0,1.0,0.0,0.0,32,False,20
L50_s2003_final,50,2003,final,38,1.0,1.0,0.0,0.0,32,False,f0
L50_s2003_final,50,2003,final,39,1.0,1.0,0.0,0.0,32,False,c5
L50_s2003_final,50,2003,final,40,1.0,1.0,0.0,0.0,32,False,01
L50_s2003_final,50,2003,final,41,1.0,1.0,0.0,0.0,32,False,c5
L50_s2003_final,50,2003,final,42,1.0,1.0,0.0,0.0,32,False,01
L50_s2003_final,50,2003,final,43,1.0,1.0,0.0,0.0,32,False,c5
L50_s2003_final,50,2003,final,44,1.0,1.0,0.0,0.0,32,False,01
L50_s2003_final,50,2003,final,45,1.0,1.0,0.0,0.0,32,False,c5
L50_s2003_final,50,2003,final,46,1.0,1.0,0.0,0.0,32,False,01
L50_s2003_final,50,2003,final,47,1.0,1.0,0.0,0.0,32,False,c5
L50_s2003_final,50,2003,final,48,1.0,1.0,0.0,0.0,32,False,01
L50_s2003_final,50,2003,final,49,1.0,1.0,0.0,0.0,32,False,c5
L50_s2004_first,50,2004,first,0,0.96875,0.875,0.0,0.0,32,False,21
L50_s2004_first,50,2004,first,1,1.0,1.0,0.125,0.125,32,False,e5
L50_s2004_first,50,2004,first,2,1.0,1.0,0.125,0.125,32,False,21
L50_s2004_first,50,2004,first,3,1.0,1.0,0.0,0.0,32,False,e5
L50_s2004_first,50,2004,first,4,0.96875,0.9375,0.03125,0.03125,32,False,21
L50_s2004_first,50,2004,first,5,1.0,1.0,0.84375,0.84375,32,True,e5
L50_s2004_first,50,2004,first,6,1.0,0.96875,0.25,0.25,32,False,21
L50_s2004_first,50,2004,first,7,1.0,0.96875,0.03125,0.03125,32,False,e5
L50_s2004_first,50,2004,first,8,1.0,1.0,0.03125,0.03125,32,False,21
L50_s2004_first,50,2004,first,9,1.0,1.0,1.0,1.0,32,True,e5
L50_s2004_first,50,2004,first,10,1.0,1.0,1.0,1.0,32,True,21
L50_s2004_first,50,2004,first,11,1.0,1.0,0.0,0.0,32,False,e5
L50_s2004_first,50,2004,first,12,1.0,1.0,0.21875,0.21875,32,False,21
L50_s2004_first,50,2004,first,13,1.0,1.0,1.0,1.0,32,True,e5
L50_s2004_first,50,2004,first,14,1.0,1.0,0.9375,0.9375,32,True,21
L50_s2004_first,50,2004,first,15,1.0,1.0,0.125,0.125,32,False,e5
L50_s2004_first,50,2004,first,16,1.0,1.0,0.0,0.0,32,False,21
L50_s2004_first,50,2004,first,17,1.0,1.0,1.0,1.0,32,True,e5
L50_s2004_first,50,2004,first,18,1.0,1.0,1.0,1.0,32,True,21
L50_s2004_first,50,2004,first,19,1.0,0.875,0.125,0.125,32,False,e5
L50_s2004_first,50,2004,first,20,1.0,0.96875,0.15625,0.15625,32,False,21
L50_s2004_first,50,2004,first,21,1.0,1.0,1.0,1.0,32,True,e5
L50_s2004_first,50,2004,first,22,1.0,1.0,1.0,1.0,32,True,21
L50_s2004_first,50,2004,first,23,0.9375,0.90625,0.0625,0.0625,32,False,e5
L50_s2004_first,50,2004,first,24,0.96875,0.9375,0.0,0.0,32,False,21
L50_s2004_first,50,2004,first,25,1.0,1.0,1.0,1.0,32,True,e5
L50_s2004_first,50,2004,first,26,1.0,1.0,1.0,1.0,32,True,21
L50_s2004_first,50,2004,first,27,0.96875,0.96875,0.09375,0.09375,32,False,e5
L50_s2004_first,50,2004,first,28,0.96875,0.90625,0.21875,0.21875,32,False,21
L50_s2004_first,50,2004,first,29,0.96875,0.96875,1.0,0.96875,32,True,e5
L50_s2004_first,50,2004,first,30,1.0,1.0,1.0,1.0,32,True,21
L50_s2004_first,50,2004,first,31,1.0,1.0,0.0625,0.0625,32,False,e5
L50_s2004_first,50,2004,first,32,1.0,1.0,0.03125,0.03125,32,False,21
L50_s2004_first,50,2004,first,33,1.0,1.0,1.0,1.0,32,True,e5
L50_s2004_first,50,2004,first,34,1.0,1.0,1.0,1.0,32,True,21
L50_s2004_first,50,2004,first,35,0.96875,0.96875,0.0,0.0,32,False,e5
L50_s2004_first,50,2004,first,36,0.96875,0.96875,0.03125,0.03125,32,False,21
L50_s2004_first,50,2004,first,37,1.0,1.0,1.0,1.0,32,True,e5
L50_s2004_first,50,2004,first,38,1.0,1.0,1.0,1.0,32,True,21
L50_s2004_first,50,2004,first,39,0.96875,0.96875,0.03125,0.03125,32,False,e5
L50_s2004_first,50,2004,first,40,1.0,1.0,0.03125,0.03125,32,False,21
L50_s2004_first,50,2004,first,41,1.0,1.0,1.0,1.0,32,True,e5
L50_s2004_first,50,2004,first,42,1.0,0.9375,1.0,1.0,32,True,21
L50_s2004_first,50,2004,first,43,1.0,0.96875,0.0,0.0,32,False,e5
L50_s2004_first,50,2004,first,44,1.0,1.0,0.0,0.0,32,False,21
L50_s2004_first,50,2004,first,45,1.0,1.0,0.96875,0.96875,32,True,e5
L50_s2004_first,50,2004,first,46,0.96875,0.96875,1.0,0.96875,32,True,21
L50_s2004_first,50,2004,first,47,1.0,0.96875,0.0,0.0,32,False,e5
L50_s2004_first,50,2004,first,48,1.0,0.9375,0.09375,0.09375,32,False,21
L50_s2004_first,50,2004,first,49,1.0,1.0,0.6875,0.6875,32,True,e5
L50_s2004_final,50,2004,final,0,0.875,0.71875,0.0,0.0,32,False,21
L50_s2004_final,50,2004,final,1,1.0,1.0,0.03125,0.03125,32,False,e5
L50_s2004_final,50,2004,final,2,1.0,1.0,0.34375,0.34375,32,False,21
L50_s2004_final,50,2004,final,3,0.78125,0.78125,0.0,0.0,32,False,e5
L50_s2004_final,50,2004,final,4,1.0,0.75,0.03125,0.03125,32,False,21
L50_s2004_final,50,2004,final,5,0.96875,0.96875,0.0,0.0,32,False,e5
L50_s2004_final,50,2004,final,6,0.78125,0.1875,0.0,0.0,32,False,21
L50_s2004_final,50,2004,final,7,0.9375,0.9375,0.0,0.0,32,False,e5
L50_s2004_final,50,2004,final,8,0.90625,0.8125,0.03125,0.0,32,False,21
L50_s2004_final,50,2004,final,9,0.78125,0.34375,0.84375,0.71875,32,True,20
L50_s2004_final,50,2004,final,10,0.78125,0.375,0.6875,0.5,32,True,f0
L50_s2004_final,50,2004,final,11,0.96875,0.8125,0.0,0.0,32,False,e5
L50_s2004_final,50,2004,final,12,1.0,0.78125,0.0,0.0,32,False,21
L50_s2004_final,50,2004,final,13,1.0,1.0,0.0,0.0,32,False,e5
L50_s2004_final,50,2004,final,14,0.875,0.875,0.03125,0.0,32,False,21
L50_s2004_final,50,2004,final,15,0.90625,0.875,0.0,0.0,32,False,e5
L50_s2004_final,50,2004,final,16,1.0,0.96875,0.0,0.0,32,False,21
L50_s2004_final,50,2004,final,17,0.96875,0.96875,0.0,0.0,32,False,e5
L50_s2004_final,50,2004,final,18,1.0,0.96875,0.0,0.0,32,False,21
L50_s2004_final,50,2004,final,19,0.9375,0.9375,0.0,0.0,32,False,e5
L50_s2004_final,50,2004,final,20,0.96875,0.875,0.0,0.0,32,False,21
L50_s2004_final,50,2004,final,21,1.0,0.96875,0.0,0.0,32,False,e5
L50_s2004_final,50,2004,final,22,0.96875,0.96875,0.0,0.0,32,False,21
L50_s2004_final,50,2004,final,23,0.84375,0.25,0.0,0.0,32,False,20
L50_s2004_final,50,2004,final,24,0.9375,0.5625,0.03125,0.03125,32,False,f0
L50_s2004_final,50,2004,final,25,1.0,1.0,0.0,0.0,32,False,e5
L50_s2004_final,50,2004,final,26,1.0,1.0,0.0,0.0,32,False,21
L50_s2004_final,50,2004,final,27,1.0,1.0,0.0,0.0,32,False,e5
L50_s2004_final,50,2004,final,28,1.0,1.0,0.0,0.0,32,False,21
L50_s2004_final,50,2004,final,29,1.0,1.0,0.0,0.0,32,False,e5
L50_s2004_final,50,2004,final,30,1.0,1.0,0.0,0.0,32,False,21
L50_s2004_final,50,2004,final,31,1.0,0.8125,0.0,0.0,32,False,e5
L50_s2004_final,50,2004,final,32,1.0,0.90625,0.0,0.0,32,False,21
L50_s2004_final,50,2004,final,33,0.9375,0.9375,0.0,0.0,32,False,e5
L50_s2004_final,50,2004,final,34,1.0,1.0,0.0,0.0,32,False,21
L50_s2004_final,50,2004,final,35,0.96875,0.90625,0.15625,0.15625,32,False,e5
L50_s2004_final,50,2004,final,36,1.0,1.0,0.0,0.0,32,False,21
L50_s2004_final,50,2004,final,37,1.0,1.0,0.0,0.0,32,False,20
L50_s2004_final,50,2004,final,38,1.0,1.0,0.0,0.0,32,False,f0
L50_s2004_final,50,2004,final,39,1.0,1.0,0.0,0.0,32,False,e5
L50_s2004_final,50,2004,final,40,1.0,1.0,0.0,0.0,32,False,21
L50_s2004_final,50,2004,final,41,1.0,1.0,0.0,0.0,32,False,e5
L50_s2004_final,50,2004,final,42,1.0,1.0,0.0,0.0,32,False,21
L50_s2004_final,50,2004,final,43,1.0,1.0,0.0,0.0,32,False,e5
L50_s2004_final,50,2004,final,44,1.0,1.0,0.0,0.0,32,False,21
L50_s2004_final,50,2004,final,45,1.0,1.0,0.0,0.0,32,False,e5
L50_s2004_final,50,2004,final,46,1.0,1.0,0.0,0.0,32,False,21
L50_s2004_final,50,2004,final,47,1.0,1.0,0.0,0.0,32,False,e5
L50_s2004_final,50,2004,final,48,1.0,1.0,0.0,0.0,32,False,21
L50_s2004_final,50,2004,final,49,1.0,1.0,0.0,0.0,32,False,e5
L50_s2005_first,50,2005,first,0,0.96875,0.875,0.0,0.0,32,False,01
L50_s2005_first,50,2005,first,1,1.0,1.0,0.03125,0.03125,32,False,c5
L50_s2005_first,50,2005,first,2,1.0,0.90625,0.125,0.125,32,False,01
L50_s2005_first,50,2005,first,3,1.0,1.0,0.0,0.0,32,False,c5
L50_s2005_first,50,2005,first,4,0.96875,0.9375,0.03125,0.03125,32,False,01
L50_s2005_first,50,2005,first,5,1.0,1.0,0.9375,0.9375,32,True,c5
L50_s2005_first,50,2005,first,6,1.0,1.0,0.09375,0.09375,32,False,01
L50_s2005_first,50,2005,first,7,1.0,0.96875,0.03125,0.03125,32,False,c5
L50_s2005_first,50,2005,first,8,1.0,1.0,0.03125,0.03125,32,False,01
L50_s2005_first,50,2005,first,9,1.0,0.9375,1.0,1.0,32,True,c5
L50_s2005_first,50,2005,first,10,1.0,1.0,1.0,1.0,32,True,01
L50_s2005_first,50,2005,first,11,1.0,0.9375,0.15625,0.15625,32,False,c5
L50_s2005_first,50,2005,first,12,1.0,1.0,0.3125,0.3125,32,False,01
L50_s2005_first,50,2005,first,13,1.0,0.96875,1.0,1.0,32,True,c5
L50_s2005_first,50,2005,first,14,0.96875,0.96875,1.0,0.96875,32,True,01
L50_s2005_first,50,2005,first,15,1.0,0.9375,0.0625,0.0625,32,False,c5
L50_s2005_first,50,2005,first,16,1.0,0.96875,0.15625,0.15625,32,False,01
L50_s2005_first,50,2005,first,17,1.0,0.96875,1.0,1.0,32,True,c5
L50_s2005_first,50,2005,first,18,1.0,0.96875,1.0,1.0,32,True,01
L50_s2005_first,50,2005,first,19,0.96875,0.96875,0.59375,0.59375,32,True,c5
L50_s2005_first,50,2005,first,20,1.0,0.875,0.0625,0.0625,32,False,01
L50_s2005_first,50,2005,first,21,0.96875,0.96875,1.0,0.96875,32,True,c5
L50_s2005_first,50,2005,first,22,1.0,1.0,1.0,1.0,32,True,01
L50_s2005_first,50,2005,first,23,1.0,0.96875,0.625,0.625,32,True,c5
L50_s2005_first,50,2005,first,24,0.96875,0.96875,0.03125,0.03125,32,False,01
L50_s2005_first,50,2005,first,25,1.0,1.0,1.0,1.0,32,True,c5
L50_s2005_first,50,2005,first,26,1.0,1.0,1.0,1.0,32,True,01
L50_s2005_first,50,2005,first,27,1.0,1.0,0.0625,0.0625,32,False,c5
L50_s2005_first,50,2005,first,28,1.0,1.0,0.0625,0.0625,32,False,01
L50_s2005_first,50,2005,first,29,1.0,1.0,1.0,1.0,32,True,c5
L50_s2005_first,50,2005,first,30,1.0,1.0,1.0,1.0,32,True,01
L50_s2005_first,50,2005,first,31,1.0,0.96875,0.03125,0.03125,32,False,c5
L50_s2005_first,50,2005,first,32,0.96875,0.96875,0.0,0.0,32,False,01
L50_s2005_first,50,2005,first,33,1.0,1.0,1.0,1.0,32,True,c5
L50_s2005_first,50,2005,first,34,1.0,1.0,1.0,1.0,32,True,01
L50_s2005_first,50,2005,first,35,0.96875,0.9375,0.03125,0.03125,32,False,c5
L50_s2005_first,50,2005,first,36,0.90625,0.90625,0.03125,0.03125,32,False,01
L50_s2005_first,50,2005,first,37,0.9375,0.90625,1.0,0.9375,32,True,c5
L50_s2005_first,50,2005,first,38,0.96875,0.96875,1.0,0.96875,32,True,01
L50_s2005_first,50,2005,first,39,0.9375,0.9375,0.125,0.125,32,False,c5
L50_s2005_first,50,2005,first,40,1.0,1.0,0.03125,0.03125,32,False,01
L50_s2005_first,50,2005,first,41,1.0,1.0,1.0,1.0,32,True,c5
L50_s2005_first,50,2005,first,42,1.0,1.0,1.0,1.0,32,True,01
L50_s2005_first,50,2005,first,43,1.0,0.96875,0.125,0.125,32,False,c5
L50_s2005_first,50,2005,first,44,1.0,0.9375,0.03125,0.03125,32,False,01
L50_s2005_first,50,2005,first,45,0.96875,0.96875,1.0,0.96875,32,True,c5
L50_s2005_first,50,2005,first,46,1.0,1.0,1.0,1.0,32,True,01
L50_s2005_first,50,2005,first,47,1.0,1.0,0.09375,0.09375,32,False,c5
L50_s2005_first,50,2005,first,48,0.90625,0.84375,0.03125,0.03125,32,False,01
L50_s2005_first,50,2005,first,49,1.0,1.0,0.0,0.0,32,False,c5
L50_s2005_final,50,2005,final,0,0.9375,0.71875,0.03125,0.03125,32,False,01
L50_s2005_final,50,2005,final,1,1.0,1.0,0.0,0.0,32,False,c5
L50_s2005_final,50,2005,final,2,0.96875,0.96875,0.21875,0.1875,32,False,01
L50_s2005_final,50,2005,final,3,0.84375,0.71875,0.125,0.125,32,False,c5
L50_s2005_final,50,2005,final,4,1.0,0.875,0.03125,0.03125,32,False,01
L50_s2005_final,50,2005,final,5,0.84375,0.84375,0.0,0.0,32,False,c5
L50_s2005_final,50,2005,final,6,0.84375,0.1875,0.0,0.0,32,False,01
L50_s2005_final,50,2005,final,7,0.875,0.75,0.09375,0.09375,32,False,c5
L50_s2005_final,50,2005,final,8,0.90625,0.8125,0.0625,0.0625,32,False,01
L50_s2005_final,50,2005,final,9,0.84375,0.34375,0.78125,0.6875,32,True,20
L50_s2005_final,50,2005,final,10,0.71875,0.3125,0.75,0.53125,32,True,f0
L50_s2005_final,50,2005,final,11,0.96875,0.90625,0.0,0.0,32,False,c5
L50_s2005_final,50,2005,final,12,0.84375,0.65625,0.0,0.0,32,False,01
L50_s2005_final,50,2005,final,13,1.0,1.0,0.0,0.0,32,False,c5
L50_s2005_final,50,2005,final,14,0.84375,0.84375,0.0,0.0,32,False,01
L50_s2005_final,50,2005,final,15,0.875,0.84375,0.0,0.0,32,False,c5
L50_s2005_final,50,2005,final,16,1.0,0.75,0.0,0.0,32,False,01
L50_s2005_final,50,2005,final,17,0.90625,0.90625,0.0,0.0,32,False,c5
L50_s2005_final,50,2005,final,18,0.9375,0.9375,0.0,0.0,32,False,01
L50_s2005_final,50,2005,final,19,0.9375,0.90625,0.0,0.0,32,False,c5
L50_s2005_final,50,2005,final,20,0.96875,0.84375,0.0,0.0,32,False,01
L50_s2005_final,50,2005,final,21,0.9375,0.9375,0.0,0.0,32,False,c5
L50_s2005_final,50,2005,final,22,0.9375,0.9375,0.0,0.0,32,False,01
L50_s2005_final,50,2005,final,23,0.84375,0.34375,0.0,0.0,32,False,20
L50_s2005_final,50,2005,final,24,0.9375,0.375,0.03125,0.03125,32,False,f0
L50_s2005_final,50,2005,final,25,1.0,1.0,0.0,0.0,32,False,c5
L50_s2005_final,50,2005,final,26,1.0,1.0,0.0,0.0,32,False,01
L50_s2005_final,50,2005,final,27,1.0,1.0,0.0,0.0,32,False,c5
L50_s2005_final,50,2005,final,28,1.0,1.0,0.0,0.0,32,False,01
L50_s2005_final,50,2005,final,29,1.0,1.0,0.0,0.0,32,False,c5
L50_s2005_final,50,2005,final,30,1.0,1.0,0.0,0.0,32,False,01
L50_s2005_final,50,2005,final,31,1.0,0.90625,0.0,0.0,32,False,c5
L50_s2005_final,50,2005,final,32,0.96875,0.9375,0.03125,0.03125,32,False,01
L50_s2005_final,50,2005,final,33,0.9375,0.9375,0.0,0.0,32,False,c5
L50_s2005_final,50,2005,final,34,0.96875,0.96875,0.0,0.0,32,False,01
L50_s2005_final,50,2005,final,35,0.96875,0.875,0.28125,0.28125,32,False,c5
L50_s2005_final,50,2005,final,36,1.0,1.0,0.0,0.0,32,False,01
L50_s2005_final,50,2005,final,37,1.0,1.0,0.0,0.0,32,False,20
L50_s2005_final,50,2005,final,38,1.0,1.0,0.0,0.0,32,False,f0
L50_s2005_final,50,2005,final,39,1.0,1.0,0.0,0.0,32,False,c5
L50_s2005_final,50,2005,final,40,1.0,1.0,0.0,0.0,32,False,01
L50_s2005_final,50,2005,final,41,1.0,1.0,0.0,0.0,32,False,c5
L50_s2005_final,50,2005,final,42,1.0,1.0,0.0,0.0,32,False,01
L50_s2005_final,50,2005,final,43,1.0,1.0,0.0,0.0,32,False,c5
L50_s2005_final,50,2005,final,44,1.0,1.0,0.0,0.0,32,False,01
L50_s2005_final,50,2005,final,45,1.0,1.0,0.0,0.0,32,False,c5
L50_s2005_final,50,2005,final,46,1.0,1.0,0.0,0.0,32,False,01
L50_s2005_final,50,2005,final,47,1.0,1.0,0.0,0.0,32,False,c5
L50_s2005_final,50,2005,final,48,1.0,1.0,0.0,0.0,32,False,01
L50_s2005_final,50,2005,final,49,1.0,1.0,0.0,0.0,32,False,c5
L50_s2006_first,50,2006,first,0,1.0,0.90625,0.0,0.0,32,False,01
L50_s2006_first,50,2006,first,1,1.0,1.0,1.0,1.0,32,True,c5
L50_s2006_first,50,2006,first,2,1.0,0.96875,0.96875,0.96875,32,True,01
L50_s2006_first,50,2006,first,3,1.0,0.875,0.0625,0.0625,32,False,c5
L50_s2006_first,50,2006,first,4,1.0,0.875,0.25,0.25,32,False,01
L50_s2006_first,50,2006,first,5,1.0,1.0,0.96875,0.96875,32,True,c5
L50_s2006_first,50,2006,first,6,1.0,1.0,0.375,0.375,32,False,01
L50_s2006_first,50,2006,first,7,1.0,1.0,0.0625,0.0625,32,False,c5
L50_s2006_first,50,2006,first,8,0.9375,0.9375,0.0625,0.0625,32,False,01
L50_s2006_first,50,2006,first,9,1.0,0.96875,1.0,1.0,32,True,c5
L50_s2006_first,50,2006,first,10,1.0,1.0,1.0,1.0,32,True,01
L50_s2006_first,50,2006,first,11,1.0,0.96875,0.125,0.125,32,False,c5
L50_s2006_first,50,2006,first,12,0.96875,0.875,0.1875,0.1875,32,False,01
L50_s2006_first,50,2006,first,13,1.0,0.96875,1.0,1.0,32,True,c5
L50_s2006_first,50,2006,first,14,1.0,1.0,0.96875,0.96875,32,True,01
L50_s2006_first,50,2006,first,15,1.0,0.9375,0.125,0.125,32,False,c5
L50_s2006_first,50,2006,first,16,0.96875,0.9375,0.0,0.0,32,False,01
L50_s2006_first,50,2006,first,17,1.0,1.0,1.0,1.0,32,True,c5
L50_s2006_first,50,2006,first,18,1.0,1.0,1.0,1.0,32,True,01
L50_s2006_first,50,2006,first,19,1.0,0.96875,0.03125,0.03125,32,False,c5
L50_s2006_first,50,2006,first,20,0.96875,0.9375,0.0625,0.0625,32,False,01
L50_s2006_first,50,2006,first,21,1.0,0.96875,1.0,1.0,32,True,c5
L50_s2006_first,50,2006,first,22,0.96875,0.96875,1.0,0.96875,32,True,01
L50_s2006_first,50,2006,first,23,0.96875,0.90625,0.03125,0.03125,32,False,c5
L50_s2006_first,50,2006,first,24,1.0,0.90625,0.0,0.0,32,False,01
L50_s2006_first,50,2006,first,25,1.0,0.96875,1.0,1.0,32,True,c5
L50_s2006_first,50,2006,first,26,1.0,0.96875,1.0,1.0,32,True,01
L50_s2006_first,50,2006,first,27,1.0,0.90625,0.0,0.0,32,False,c5
L50_s2006_first,50,2006,first,28,1.0,0.84375,0.0,0.0,32,False,01
L50_s2006_first,50,2006,first,29,0.96875,0.96875,1.0,0.96875,32,True,c5
L50_s2006_first,50,2006,first,30,1.0,1.0,1.0,1.0,32,True,01
L50_s2006_first,50,2006,first,31,1.0,1.0,0.03125,0.03125,32,False,c5
L50_s2006_first,50,2006,first,32,1.0,0.875,0.0,0.0,32,False,01
L50_s2006_first,50,2006,first,33,0.96875,0.90625,1.0,0.96875,32,True,c5
L50_s2006_first,50,2006,first,34,1.0,0.96875,1.0,1.0,32,True,01
L50_s2006_first,50,2006,first,35,1.0,0.9375,0.0625,0.0625,32,False,c5
L50_s2006_first,50,2006,first,36,0.9375,0.875,0.03125,0.03125,32,False,01
L50_s2006_first,50,2006,first,37,1.0,1.0,1.0,1.0,32,True,c5
L50_s2006_first,50,2006,first,38,1.0,0.96875,1.0,1.0,32,True,01
L50_s2006_first,50,2006,first,39,1.0,0.96875,0.0625,0.0625,32,False,c5
L50_s2006_first,50,2006,first,40,1.0,1.0,0.0,0.0,32,False,01
L50_s2006_first,50,2006,first,41,1.0,1.0,1.0,1.0,32,True,c5
L50_s2006_first,50,2006,first,42,1.0,1.0,1.0,1.0,32,True,01
L50_s2006_first,50,2006,first,43,1.0,1.0,0.0625,0.0625,32,False,c5
L50_s2006_first,50,2006,first,44,1.0,1.0,0.0,0.0,32,False,01
L50_s2006_first,50,2006,first,45,1.0,1.0,1.0,1.0,32,True,c5
L50_s2006_first,50,2006,first,46,1.0,1.0,1.0,1.0,32,True,01
L50_s2006_first,50,2006,first,47,1.0,1.0,0.0,0.0,32,False,c5
L50_s2006_first,50,2006,first,48,1.0,0.96875,0.03125,0.03125,32,False,01
L50_s2006_first,50,2006,first,49,1.0,1.0,0.0,0.0,32,False,c5
L50_s2006_final,50,2006,final,0,0.875,0.6875,0.0,0.0,32,False,01
L50_s2006_final,50,2006,final,1,1.0,1.0,0.0,0.0,32,False,c5
L50_s2006_final,50,2006,final,2,1.0,1.0,0.1875,0.1875,32,False,01
L50_s2006_final,50,2006,final,3,0.875,0.71875,0.125,0.09375,32,False,c5
L50_s2006_final,50,2006,final,4,0.9375,0.84375,0.125,0.125,32,False,01
L50_s2006_final,50,2006,final,5,0.90625,0.90625,0.0,0.0,32,False,c5
L50_s2006_final,50,2006,final,6,0.90625,0.1875,0.0,0.0,32,False,01
L50_s2006_final,50,2006,final,7,0.8125,0.59375,0.0,0.0,32,False,c5
L50_s2006_final,50,2006,final,8,0.875,0.6875,0.0,0.0,32,False,01
L50_s2006_final,50,2006,final,9,0.34375,0.21875,0.8125,0.3125,32,False,20
L50_s2006_final,50,2006,final,10,0.59375,0.25,0.75,0.4375,32,False,f0
L50_s2006_final,50,2006,final,11,0.96875,0.65625,0.0,0.0,32,False,c5
L50_s2006_final,50,2006,final,12,0.8125,0.6875,0.0,0.0,32,False,01
L50_s2006_final,50,2006,final,13,1.0,1.0,0.0,0.0,32,False,c5
L50_s2006_final,50,2006,final,14,0.75,0.75,0.0,0.0,32,False,01
L50_s2006_final,50,2006,final,15,0.96875,0.5625,0.0,0.0,32,False,c5
L50_s2006_final,50,2006,final,16,0.96875,0.78125,0.0,0.0,32,False,01
L50_s2006_final,50,2006,final,17,0.9375,0.9375,0.0,0.0,32,False,c5
L50_s2006_final,50,2006,final,18,1.0,0.96875,0.0,0.0,32,False,01
L50_s2006_final,50,2006,final,19,0.90625,0.78125,0.0,0.0,32,False,c5
L50_s2006_final,50,2006,final,20,0.9375,0.65625,0.0,0.0,32,False,01
L50_s2006_final,50,2006,final,21,0.9375,0.9375,0.0,0.0,32,False,c5
L50_s2006_final,50,2006,final,22,1.0,1.0,0.0,0.0,32,False,01
L50_s2006_final,50,2006,final,23,0.46875,0.21875,0.0,0.0,32,False,20
L50_s2006_final,50,2006,final,24,0.875,0.375,0.0,0.0,32,False,f0
L50_s2006_final,50,2006,final,25,1.0,1.0,0.0,0.0,32,False,c5
L50_s2006_final,50,2006,final,26,1.0,1.0,0.0,0.0,32,False,01
L50_s2006_final,50,2006,final,27,1.0,1.0,0.0,0.0,32,False,c5
L50_s2006_final,50,2006,final,28,1.0,1.0,0.0,0.0,32,False,01
L50_s2006_final,50,2006,final,29,1.0,1.0,0.0,0.0,32,False,c5
L50_s2006_final,50,2006,final,30,1.0,1.0,0.0,0.0,32,False,01
L50_s2006_final,50,2006,final,31,0.9375,0.90625,0.0,0.0,32,False,c5
L50_s2006_final,50,2006,final,32,0.9375,0.84375,0.03125,0.03125,32,False,01
L50_s2006_final,50,2006,final,33,0.9375,0.9375,0.0,0.0,32,False,c5
L50_s2006_final,50,2006,final,34,0.96875,0.96875,0.0,0.0,32,False,01
L50_s2006_final,50,2006,final,35,0.90625,0.84375,0.09375,0.09375,32,False,c5
L50_s2006_final,50,2006,final,36,1.0,1.0,0.0,0.0,32,False,01
L50_s2006_final,50,2006,final,37,1.0,1.0,0.0,0.0,32,False,20
L50_s2006_final,50,2006,final,38,1.0,1.0,0.0,0.0,32,False,f0
L50_s2006_final,50,2006,final,39,1.0,1.0,0.0,0.0,32,False,c5
L50_s2006_final,50,2006,final,40,1.0,1.0,0.0,0.0,32,False,01
L50_s2006_final,50,2006,final,41,1.0,1.0,0.0,0.0,32,False,c5
L50_s2006_final,50,2006,final,42,1.0,1.0,0.0,0.0,32,False,01
L50_s2006_final,50,2006,final,43,1.0,1.0,0.0,0.0,32,False,c5
L50_s2006_final,50,2006,final,44,1.0,1.0,0.0,0.0,32,False,01
L50_s2006_final,50,2006,final,45,1.0,1.0,0.0,0.0,32,False,c5
L50_s2006_final,50,2006,final,46,1.0,1.0,0.0,0.0,32,False,01
L50_s2006_final,50,2006,final,47,1.0,1.0,0.0,0.0,32,False,c5
L50_s2006_final,50,2006,final,48,1.0,1.0,0.0,0.0,32,False,01
L50_s2006_final,50,2006,final,49,1.0,1.0,0.0,0.0,32,False,c5
L50_s2007_first,50,2007,first,0,1.0,0.96875,0.0,0.0,32,False,01
L50_s2007_first,50,2007,first,1,1.0,0.9375,0.625,0.625,32,True,c5
L50_s2007_first,50,2007,first,2,1.0,1.0,0.375,0.375,32,False,01
L50_s2007_first,50,2007,first,3,0.9375,0.90625,0.0,0.0,32,False,c5
L50_s2007_first,50,2007,first,4,0.96875,0.90625,0.0,0.0,32,False,01
L50_s2007_first,50,2007,first,5,1.0,0.96875,1.0,1.0,32,True,c5
L50_s2007_first,50,2007,first,6,1.0,1.0,0.1875,0.1875,32,False,01
L50_s2007_first,50,2007,first,7,0.9375,0.9375,0.0625,0.0625,32,False,c5
L50_s2007_first,50,2007,first,8,1.0,0.96875,0.0625,0.0625,32,False,01
L50_s2007_first,50,2007,first,9,1.0,1.0,1.0,1.0,32,True,c5
L50_s2007_first,50,2007,first,10,1.0,0.96875,1.0,1.0,32,True,01
L50_s2007_first,50,2007,first,11,0.96875,0.90625,0.15625,0.15625,32,False,c5
L50_s2007_first,50,2007,first,12,1.0,0.90625,0.0625,0.0625,32,False,01
L50_s2007_first,50,2007,first,13,1.0,1.0,1.0,1.0,32,True,c5
L50_s2007_first,50,2007,first,14,1.0,0.9375,1.0,1.0,32,True,01
L50_s2007_first,50,2007,first,15,1.0,0.9375,0.0,0.0,32,False,c5
L50_s2007_first,50,2007,first,16,0.96875,0.90625,0.03125,0.03125,32,False,01
L50_s2007_first,50,2007,first,17,1.0,0.96875,1.0,1.0,32,True,c5
L50_s2007_first,50,2007,first,18,1.0,1.0,1.0,1.0,32,True,01
L50_s2007_first,50,2007,first,19,1.0,0.96875,0.0,0.0,32,False,c5
L50_s2007_first,50,2007,first,20,1.0,0.9375,0.03125,0.03125,32,False,01
L50_s2007_first,50,2007,first,21,0.96875,0.96875,1.0,0.96875,32,True,c5
L50_s2007_first,50,2007,first,22,0.96875,0.9375,1.0,0.96875,32,True,01
L50_s2007_first,50,2007,first,23,1.0,0.875,0.03125,0.03125,32,False,c5
L50_s2007_first,50,2007,first,24,0.96875,0.90625,0.0,0.0,32,False,01
L50_s2007_first,50,2007,first,25,1.0,0.96875,1.0,1.0,32,True,c5
L50_s2007_first,50,2007,first,26,0.96875,0.96875,1.0,0.96875,32,True,01
L50_s2007_first,50,2007,first,27,1.0,0.9375,0.0,0.0,32,False,c5
L50_s2007_first,50,2007,first,28,0.96875,0.96875,0.0625,0.0625,32,False,01
L50_s2007_first,50,2007,first,29,0.96875,0.96875,1.0,0.96875,32,True,c5
L50_s2007_first,50,2007,first,30,1.0,0.96875,1.0,1.0,32,True,01
L50_s2007_first,50,2007,first,31,1.0,0.96875,0.0,0.0,32,False,c5
L50_s2007_first,50,2007,first,32,0.96875,0.9375,0.0,0.0,32,False,01
L50_s2007_first,50,2007,first,33,1.0,0.96875,1.0,1.0,32,True,c5
L50_s2007_first,50,2007,first,34,0.96875,0.96875,1.0,0.96875,32,True,01
L50_s2007_first,50,2007,first,35,1.0,0.96875,0.09375,0.09375,32,False,c5
L50_s2007_first,50,2007,first,36,0.96875,0.96875,0.03125,0.03125,32,False,01
L50_s2007_first,50,2007,first,37,1.0,1.0,1.0,1.0,32,True,c5
L50_s2007_first,50,2007,first,38,0.96875,0.96875,1.0,0.96875,32,True,01
L50_s2007_first,50,2007,first,39,0.96875,0.9375,0.0625,0.0625,32,False,c5
L50_s2007_first,50,2007,first,40,1.0,0.96875,0.03125,0.03125,32,False,01
L50_s2007_first,50,2007,first,41,1.0,0.9375,1.0,1.0,32,True,c5
L50_s2007_first,50,2007,first,42,1.0,0.96875,1.0,1.0,32,True,01
L50_s2007_first,50,2007,first,43,1.0,0.96875,0.03125,0.03125,32,False,c5
L50_s2007_first,50,2007,first,44,1.0,1.0,0.0,0.0,32,False,01
L50_s2007_first,50,2007,first,45,1.0,0.9375,0.9375,0.9375,32,True,c5
L50_s2007_first,50,2007,first,46,0.9375,0.9375,0.96875,0.90625,32,True,01
L50_s2007_first,50,2007,first,47,1.0,0.9375,0.03125,0.03125,32,False,c5
L50_s2007_first,50,2007,first,48,1.0,0.9375,0.0,0.0,32,False,01
L50_s2007_first,50,2007,first,49,1.0,1.0,0.53125,0.53125,32,True,c5
L50_s2007_final,50,2007,final,0,0.96875,0.84375,0.0,0.0,32,False,01
L50_s2007_final,50,2007,final,1,1.0,1.0,0.0,0.0,32,False,c5
L50_s2007_final,50,2007,final,2,1.0,0.96875,0.21875,0.21875,32,False,01
L50_s2007_final,50,2007,final,3,0.875,0.8125,0.0,0.0,32,False,c5
L50_s2007_final,50,2007,final,4,0.875,0.84375,0.03125,0.0,32,False,01
L50_s2007_final,50,2007,final,5,0.96875,0.96875,0.0,0.0,32,False,c5
L50_s2007_final,50,2007,final,6,0.9375,0.125,0.0,0.0,32,False,01
L50_s2007_final,50,2007,final,7,0.90625,0.875,0.09375,0.0625,32,False,c5
L50_s2007_final,50,2007,final,8,0.9375,0.75,0.03125,0.03125,32,False,01
L50_s2007_final,50,2007,final,9,0.25,0.15625,0.84375,0.1875,32,False,20
L50_s2007_final,50,2007,final,10,0.8125,0.1875,0.6875,0.625,32,True,f0
L50_s2007_final,50,2007,final,11,0.96875,0.90625,0.0,0.0,32,False,c5
L50_s2007_final,50,2007,final,12,0.90625,0.71875,0.0,0.0,32,False,01
L50_s2007_final,50,2007,final,13,0.96875,0.96875,0.0,0.0,32,False,c5
L50_s2007_final,50,2007,final,14,0.9375,0.9375,0.0,0.0,32,False,01
L50_s2007_final,50,2007,final,15,0.9375,0.9375,0.0,0.0,32,False,c5
L50_s2007_final,50,2007,final,16,0.96875,0.9375,0.0,0.0,32,False,01
L50_s2007_final,50,2007,final,17,1.0,1.0,0.0,0.0,32,False,c5
L50_s2007_final,50,2007,final,18,0.96875,0.96875,0.0,0.0,32,False,01
L50_s2007_final,50,2007,final,19,1.0,0.90625,0.03125,0.03125,32,False,c5
L50_s2007_final,50,2007,final,20,1.0,0.90625,0.0,0.0,32,False,01
L50_s2007_final,50,2007,final,21,0.9375,0.9375,0.0,0.0,32,False,c5
L50_s2007_final,50,2007,final,22,0.9375,0.9375,0.0,0.0,32,False,01
L50_s2007_final,50,2007,final,23,0.625,0.1875,0.03125,0.03125,32,False,20
L50_s2007_final,50,2007,final,24,0.9375,0.40625,0.03125,0.03125,32,False,f0
L50_s2007_final,50,2007,final,25,1.0,1.0,0.0,0.0,32,False,c5
L50_s2007_final,50,2007,final,26,1.0,1.0,0.0,0.0,32,False,01
L50_s2007_final,50,2007,final,27,1.0,1.0,0.0,0.0,32,False,c5
L50_s2007_final,50,2007,final,28,1.0,1.0,0.0,0.0,32,False,01
L50_s2007_final,50,2007,final,29,1.0,1.0,0.0,0.0,32,False,c5
L50_s2007_final,50,2007,final,30,1.0,1.0,0.0,0.0,32,False,01
L50_s2007_final,50,2007,final,31,0.96875,0.9375,0.0,0.0,32,False,c5
L50_s2007_final,50,2007,final,32,0.96875,0.9375,0.03125,0.03125,32,False,01
L50_s2007_final,50,2007,final,33,0.90625,0.90625,0.0,0.0,32,False,c5
L50_s2007_final,50,2007,final,34,0.96875,0.96875,0.0,0.0,32,False,01
L50_s2007_final,50,2007,final,35,0.96875,0.9375,0.28125,0.28125,32,False,c5
L50_s2007_final,50,2007,final,36,1.0,1.0,0.0,0.0,32,False,01
L50_s2007_final,50,2007,final,37,1.0,1.0,0.0,0.0,32,False,20
L50_s2007_final,50,2007,final,38,1.0,1.0,0.0,0.0,32,False,f0
L50_s2007_final,50,2007,final,39,1.0,1.0,0.0,0.0,32,False,c5
L50_s2007_final,50,2007,final,40,1.0,1.0,0.0,0.0,32,False,01
L50_s2007_final,50,2007,final,41,1.0,1.0,0.0,0.0,32,False,c5
L50_s2007_final,50,2007,final,42,1.0,1.0,0.0,0.0,32,False,01
L50_s2007_final,50,2007,final,43,1.0,1.0,0.0,0.0,32,False,c5
L50_s2007_final,50,2007,final,44,1.0,1.0,0.0,0.0,32,False,01
L50_s2007_final,50,2007,final,45,1.0,1.0,0.0,0.0,32,False,c5
L50_s2007_final,50,2007,final,46,1.0,1.0,0.0,0.0,32,False,01
L50_s2007_final,50,2007,final,47,1.0,1.0,0.0,0.0,32,False,c5
L50_s2007_final,50,2007,final,48,1.0,1.0,0.0,0.0,32,False,01
L50_s2007_final,50,2007,final,49,1.0,1.0,0.0,0.0,32,False,c5
L50_s2008_first,50,2008,first,0,0.9375,0.84375,0.0,0.0,32,False,11
L50_s2008_first,50,2008,first,1,1.0,1.0,0.90625,0.90625,32,True,d5
L50_s2008_first,50,2008,first,2,1.0,1.0,0.84375,0.84375,32,True,11
L50_s2008_first,50,2008,first,3,1.0,0.96875,0.0625,0.0625,32,False,d5
L50_s2008_first,50,2008,first,4,1.0,0.96875,0.1875,0.1875,32,False,11
L50_s2008_first,50,2008,first,5,0.96875,0.96875,0.9375,0.90625,32,True,d5
L50_s2008_first,50,2008,first,6,1.0,1.0,0.0625,0.0625,32,False,11
L50_s2008_first,50,2008,first,7,1.0,0.9375,0.0,0.0,32,False,d5
L50_s2008_first,50,2008,first,8,1.0,0.96875,0.125,0.125,32,False,11
L50_s2008_first,50,2008,first,9,0.96875,0.90625,1.0,0.96875,32,True,d5
L50_s2008_first,50,2008,first,10,0.96875,0.96875,0.96875,0.9375,32,True,11
L50_s2008_first,50,2008,first,11,1.0,0.96875,0.15625,0.15625,32,False,d5
L50_s2008_first,50,2008,first,12,0.96875,0.9375,0.125,0.125,32,False,11
L50_s2008_first,50,2008,first,13,1.0,1.0,0.96875,0.96875,32,True,d5
L50_s2008_first,50,2008,first,14,1.0,0.96875,1.0,1.0,32,True,11
L50_s2008_first,50,2008,first,15,1.0,0.90625,0.15625,0.15625,32,False,d5
L50_s2008_first,50,2008,first,16,0.9375,0.9375,0.28125,0.28125,32,False,11
L50_s2008_first,50,2008,first,17,1.0,0.96875,1.0,1.0,32,True,d5
L50_s2008_first,50,2008,first,18,1.0,1.0,1.0,1.0,32,True,11
L50_s2008_first,50,2008,first,19,0.96875,0.96875,0.21875,0.21875,32,False,d5
L50_s2008_first,50,2008,first,20,1.0,1.0,0.09375,0.09375,32,False,11
L50_s2008_first,50,2008,first,21,0.96875,0.96875,1.0,0.96875,32,True,d5
L50_s2008_first,50,2008,first,22,1.0,1.0,1.0,1.0,32,True,11
L50_s2008_first,50,2008,first,23,0.9375,0.90625,0.09375,0.09375,32,False,d5
L50_s2008_first,50,2008,first,24,1.0,0.96875,0.0625,0.0625,32,False,11
L50_s2008_first,50,2008,first,25,0.96875,0.96875,1.0,0.96875,32,True,d5
L50_s2008_first,50,2008,first,26,0.96875,0.9375,1.0,0.96875,32,True,11
L50_s2008_first,50,2008,first,27,1.0,0.96875,0.03125,0.03125,32,False,d5
L50_s2008_first,50,2008,first,28,1.0,1.0,0.09375,0.09375,32,False,11
L50_s2008_first,50,2008,first,29,0.96875,0.96875,1.0,0.96875,32,True,d5
L50_s2008_first,50,2008,first,30,0.96875,0.96875,1.0,0.96875,32,True,11
L50_s2008_first,50,2008,first,31,1.0,0.96875,0.03125,0.03125,32,False,d5
L50_s2008_first,50,2008,first,32,1.0,0.96875,0.0625,0.0625,32,False,11
L50_s2008_first,50,2008,first,33,1.0,1.0,1.0,1.0,32,True,d5
L50_s2008_first,50,2008,first,34,1.0,1.0,1.0,1.0,32,True,11
L50_s2008_first,50,2008,first,35,1.0,1.0,0.0,0.0,32,False,d5
L50_s2008_first,50,2008,first,36,0.96875,0.9375,0.0625,0.0625,32,False,11
L50_s2008_first,50,2008,first,37,0.96875,0.9375,1.0,0.96875,32,True,d5
L50_s2008_first,50,2008,first,38,1.0,1.0,1.0,1.0,32,True,11
L50_s2008_first,50,2008,first,39,1.0,1.0,0.0625,0.0625,32,False,d5
L50_s2008_first,50,2008,first,40,1.0,1.0,0.0,0.0,32,False,11
L50_s2008_first,50,2008,first,41,1.0,0.96875,1.0,1.0,32,True,d5
L50_s2008_first,50,2008,first,42,1.0,1.0,1.0,1.0,32,True,11
L50_s2008_first,50,2008,first,43,1.0,1.0,0.0,0.0,32,False,d5
L50_s2008_first,50,2008,first,44,0.96875,0.96875,0.0,0.0,32,False,11
L50_s2008_first,50,2008,first,45,0.96875,0.96875,1.0,0.96875,32,True,d5
L50_s2008_first,50,2008,first,46,1.0,1.0,1.0,1.0,32,True,11
L50_s2008_first,50,2008,first,47,1.0,1.0,0.03125,0.03125,32,False,d5
L50_s2008_first,50,2008,first,48,1.0,0.96875,0.03125,0.03125,32,False,11
L50_s2008_first,50,2008,first,49,1.0,1.0,0.0,0.0,32,False,d5
L50_s2008_final,50,2008,final,0,0.9375,0.71875,0.0,0.0,32,False,01
L50_s2008_final,50,2008,final,1,1.0,1.0,0.0,0.0,32,False,c5
L50_s2008_final,50,2008,final,2,1.0,1.0,0.28125,0.28125,32,False,01
L50_s2008_final,50,2008,final,3,0.90625,0.75,0.0625,0.0625,32,False,c5
L50_s2008_final,50,2008,final,4,0.9375,0.71875,0.125,0.125,32,False,01
L50_s2008_final,50,2008,final,5,0.9375,0.9375,0.0,0.0,32,False,c5
L50_s2008_final,50,2008,final,6,0.9375,0.09375,0.0,0.0,32,False,01
L50_s2008_final,50,2008,final,7,0.90625,0.59375,0.15625,0.09375,32,False,c5
L50_s2008_final,50,2008,final,8,0.875,0.6875,0.03125,0.0,32,False,01
L50_s2008_final,50,2008,final,9,0.15625,0.09375,0.84375,0.09375,32,False,20
L50_s2008_final,50,2008,final,10,0.625,0.25,0.75,0.40625,32,False,f0
L50_s2008_final,50,2008,final,11,0.96875,0.8125,0.0,0.0,32,False,c5
L50_s2008_final,50,2008,final,12,0.875,0.71875,0.0,0.0,32,False,01
L50_s2008_final,50,2008,final,13,0.96875,0.96875,0.0,0.0,32,False,c5
L50_s2008_final,50,2008,final,14,0.71875,0.71875,0.0,0.0,32,False,01
L50_s2008_final,50,2008,final,15,0.90625,0.75,0.0,0.0,32,False,c5
L50_s2008_final,50,2008,final,16,0.9375,0.71875,0.0,0.0,32,False,01
L50_s2008_final,50,2008,final,17,0.9375,0.9375,0.0,0.0,32,False,c5
L50_s2008_final,50,2008,final,18,0.9375,0.875,0.0,0.0,32,False,01
L50_s2008_final,50,2008,final,19,1.0,0.78125,0.0,0.0,32,False,c5
L50_s2008_final,50,2008,final,20,0.9375,0.53125,0.0,0.0,32,False,01
L50_s2008_final,50,2008,final,21,1.0,0.96875,0.0,0.0,32,False,c5
L50_s2008_final,50,2008,final,22,1.0,1.0,0.0,0.0,32,False,01
L50_s2008_final,50,2008,final,23,0.46875,0.09375,0.0,0.0,32,False,20
L50_s2008_final,50,2008,final,24,0.9375,0.46875,0.0,0.0,32,False,f0
L50_s2008_final,50,2008,final,25,1.0,1.0,0.0,0.0,32,False,c5
L50_s2008_final,50,2008,final,26,1.0,1.0,0.0,0.0,32,False,01
L50_s2008_final,50,2008,final,27,1.0,1.0,0.0,0.0,32,False,c5
L50_s2008_final,50,2008,final,28,1.0,1.0,0.0,0.0,32,False,01
L50_s2008_final,50,2008,final,29,1.0,1.0,0.0,0.0,32,False,c5
L50_s2008_final,50,2008,final,30,1.0,1.0,0.0,0.0,32,False,01
L50_s2008_final,50,2008,final,31,0.9375,0.90625,0.0,0.0,32,False,c5
L50_s2008_final,50,2008,final,32,0.9375,0.8125,0.09375,0.09375,32,False,01
L50_s2008_final,50,2008,final,33,0.96875,0.96875,0.0,0.0,32,False,c5
L50_s2008_final,50,2008,final,34,1.0,1.0,0.0,0.0,32,False,01
L50_s2008_final,50,2008,final,35,1.0,0.9375,0.03125,0.03125,32,False,c5
L50_s2008_final,50,2008,final,36,1.0,1.0,0.0,0.0,32,False,01
L50_s2008_final,50,2008,final,37,1.0,1.0,0.0,0.0,32,False,20
L50_s2008_final,50,2008,final,38,1.0,1.0,0.0,0.0,32,False,f0
L50_s2008_final,50,2008,final,39,1.0,1.0,0.0,0.0,32,False,c5
L50_s2008_final,50,2008,final,40,1.0,1.0,0.0,0.0,32,False,01
L50_s2008_final,50,2008,final,41,1.0,1.0,0.0,0.0,32,False,c5
L50_s2008_final,50,2008,final,42,1.0,1.0,0.0,0.0,32,False,01
L50_s2008_final,50,2008,final,43,1.0,1.0,0.0,0.0,32,False,c5
L50_s2008_final,50,2008,final,44,1.0,1.0,0.0,0.0,32,False,01
L50_s2008_final,50,2008,final,45,1.0,1.0,0.0,0.0,32,False,c5
L50_s2008_final,50,2008,final,46,1.0,1.0,0.0,0.0,32,False,01
L50_s2008_final,50,2008,final,47,1.0,1.0,0.0,0.0,32,False,c5
L50_s2008_final,50,2008,final,48,1.0,1.0,0.0,0.0,32,False,01
L50_s2008_final,50,2008,final,49,1.0,1.0,0.0,0.0,32,False,c5
L50_s2009_first,50,2009,first,0,1.0,0.90625,0.0,0.0,32,False,11
L50_s2009_first,50,2009,first,1,1.0,1.0,0.25,0.25,32,False,d5
L50_s2009_first,50,2009,first,2,1.0,1.0,0.0625,0.0625,32,False,11
L50_s2009_first,50,2009,first,3,1.0,0.9375,0.03125,0.03125,32,False,d5
L50_s2009_first,50,2009,first,4,1.0,0.96875,0.0,0.0,32,False,11
L50_s2009_first,50,2009,first,5,1.0,1.0,0.90625,0.90625,32,True,d5
L50_s2009_first,50,2009,first,6,1.0,0.96875,0.09375,0.09375,32,False,11
L50_s2009_first,50,2009,first,7,0.96875,0.90625,0.4375,0.4375,32,False,d5
L50_s2009_first,50,2009,first,8,0.96875,0.875,0.125,0.125,32,False,11
L50_s2009_first,50,2009,first,9,1.0,0.96875,1.0,1.0,32,True,d5
L50_s2009_first,50,2009,first,10,1.0,1.0,1.0,1.0,32,True,11
L50_s2009_first,50,2009,first,11,1.0,0.9375,0.375,0.375,32,False,d5
L50_s2009_first,50,2009,first,12,1.0,0.9375,0.03125,0.03125,32,False,11
L50_s2009_first,50,2009,first,13,1.0,1.0,1.0,1.0,32,True,d5
L50_s2009_first,50,2009,first,14,0.96875,0.96875,0.5,0.46875,32,False,11
L50_s2009_first,50,2009,first,15,1.0,0.90625,0.34375,0.34375,32,False,d5
L50_s2009_first,50,2009,first,16,1.0,1.0,0.0,0.0,32,False,11
L50_s2009_first,50,2009,first,17,1.0,1.0,1.0,1.0,32,True,d5
L50_s2009_first,50,2009,first,18,1.0,1.0,1.0,1.0,32,True,11
L50_s2009_first,50,2009,first,19,0.96875,0.96875,0.125,0.125,32,False,d5
L50_s2009_first,50,2009,first,20,1.0,0.96875,0.125,0.125,32,False,11
L50_s2009_first,50,2009,first,21,0.96875,0.9375,1.0,0.96875,32,True,d5
L50_s2009_first,50,2009,first,22,0.96875,0.96875,1.0,0.96875,32,True,11
L50_s2009_first,50,2009,first,23,1.0,0.96875,0.1875,0.1875,32,False,d5
L50_s2009_first,50,2009,first,24,1.0,0.96875,0.0,0.0,32,False,11
L50_s2009_first,50,2009,first,25,1.0,0.96875,1.0,1.0,32,True,d5
L50_s2009_first,50,2009,first,26,1.0,1.0,1.0,1.0,32,True,11
L50_s2009_first,50,2009,first,27,1.0,0.96875,0.09375,0.09375,32,False,d5
L50_s2009_first,50,2009,first,28,0.96875,0.96875,0.09375,0.09375,32,False,11
L50_s2009_first,50,2009,first,29,1.0,1.0,1.0,1.0,32,True,d5
L50_s2009_first,50,2009,first,30,0.96875,0.9375,1.0,0.96875,32,True,11
L50_s2009_first,50,2009,first,31,1.0,0.96875,0.09375,0.09375,32,False,d5
L50_s2009_first,50,2009,first,32,1.0,1.0,0.03125,0.03125,32,False,11
L50_s2009_first,50,2009,first,33,1.0,0.96875,1.0,1.0,32,True,d5
L50_s2009_first,50,2009,first,34,0.96875,0.96875,1.0,0.96875,32,True,11
L50_s2009_first,50,2009,first,35,1.0,0.96875,0.0625,0.0625,32,False,d5
L50_s2009_first,50,2009,first,36,1.0,1.0,0.03125,0.03125,32,False,11
L50_s2009_first,50,2009,first,37,1.0,1.0,1.0,1.0,32,True,d5
L50_s2009_first,50,2009,first,38,1.0,1.0,1.0,1.0,32,True,11
L50_s2009_first,50,2009,first,39,1.0,1.0,0.03125,0.03125,32,False,d5
L50_s2009_first,50,2009,first,40,1.0,0.96875,0.0,0.0,32,False,11
L50_s2009_first,50,2009,first,41,0.96875,0.96875,1.0,0.96875,32,True,d5
L50_s2009_first,50,2009,first,42,1.0,0.96875,1.0,1.0,32,True,11
L50_s2009_first,50,2009,first,43,1.0,0.96875,0.09375,0.09375,32,False,d5
L50_s2009_first,50,2009,first,44,1.0,1.0,0.0,0.0,32,False,11
L50_s2009_first,50,2009,first,45,0.90625,0.90625,1.0,0.90625,32,True,d5
L50_s2009_first,50,2009,first,46,0.96875,0.9375,1.0,0.96875,32,True,11
L50_s2009_first,50,2009,first,47,0.96875,0.9375,0.09375,0.0625,32,False,d5
L50_s2009_first,50,2009,first,48,1.0,0.96875,0.03125,0.03125,32,False,11
L50_s2009_first,50,2009,first,49,1.0,1.0,0.0,0.0,32,False,d5
L50_s2009_final,50,2009,final,0,1.0,0.59375,0.03125,0.03125,32,False,01
L50_s2009_final,50,2009,final,1,1.0,1.0,0.03125,0.03125,32,False,c5
L50_s2009_final,50,2009,final,2,1.0,1.0,0.4375,0.4375,32,False,01
L50_s2009_final,50,2009,final,3,0.90625,0.90625,0.09375,0.09375,32,False,c5
L50_s2009_final,50,2009,final,4,0.9375,0.875,0.09375,0.0625,32,False,01
L50_s2009_final,50,2009,final,5,0.90625,0.90625,0.0,0.0,32,False,c5
L50_s2009_final,50,2009,final,6,0.90625,0.15625,0.0,0.0,32,False,01
L50_s2009_final,50,2009,final,7,0.84375,0.75,0.03125,0.0,32,False,c5
L50_s2009_final,50,2009,final,8,0.90625,0.5625,0.0625,0.0625,32,False,01
L50_s2009_final,50,2009,final,9,0.65625,0.28125,0.8125,0.53125,32,True,20
L50_s2009_final,50,2009,final,10,0.71875,0.40625,0.78125,0.5625,32,True,f0
L50_s2009_final,50,2009,final,11,0.96875,0.84375,0.0,0.0,32,False,c5
L50_s2009_final,50,2009,final,12,0.9375,0.75,0.0,0.0,32,False,01
L50_s2009_final,50,2009,final,13,0.9375,0.9375,0.0,0.0,32,False,c5
L50_s2009_final,50,2009,final,14,0.875,0.875,0.0,0.0,32,False,01
L50_s2009_final,50,2009,final,15,0.9375,0.84375,0.0,0.0,32,False,c5
L50_s2009_final,50,2009,final,16,0.96875,0.8125,0.0,0.0,32,False,01
L50_s2009_final,50,2009,final,17,0.96875,0.96875,0.0,0.0,32,False,c5
L50_s2009_final,50,2009,final,18,0.96875,0.9375,0.0,0.0,32,False,01
L50_s2009_final,50,2009,final,19,0.9375,0.875,0.0,0.0,32,False,c5
L50_s2009_final,50,2009,final,20,1.0,0.78125,0.0,0.0,32,False,01
L50_s2009_final,50,2009,final,21,0.96875,0.96875,0.0,0.0,32,False,c5
L50_s2009_final,50,2009,final,22,0.875,0.875,0.0,0.0,32,False,01
L50_s2009_final,50,2009,final,23,0.59375,0.21875,0.0,0.0,32,False,20
L50_s2009_final,50,2009,final,24,0.90625,0.3125,0.0,0.0,32,False,f0
L50_s2009_final,50,2009,final,25,1.0,1.0,0.0,0.0,32,False,c5
L50_s2009_final,50,2009,final,26,1.0,1.0,0.0,0.0,32,False,01
L50_s2009_final,50,2009,final,27,1.0,1.0,0.0,0.0,32,False,c5
L50_s2009_final,50,2009,final,28,1.0,1.0,0.0,0.0,32,False,01
L50_s2009_final,50,2009,final,29,1.0,1.0,0.0,0.0,32,False,c5
L50_s2009_final,50,2009,final,30,1.0,1.0,0.0,0.0,32,False,01
L50_s2009_final,50,2009,final,31,1.0,0.9375,0.0,0.0,32,False,c5
L50_s2009_final,50,2009,final,32,0.96875,0.90625,0.0,0.0,32,False,01
L50_s2009_final,50,2009,final,33,0.9375,0.9375,0.0,0.0,32,False,c5
L50_s2009_final,50,2009,final,34,0.90625,0.90625,0.0,0.0,32,False,01
L50_s2009_final,50,2009,final,35,1.0,0.96875,0.1875,0.1875,32,False,c5
L50_s2009_final,50,2009,final,36,1.0,1.0,0.0,0.0,32,False,01
L50_s2009_final,50,2009,final,37,1.0,1.0,0.0,0.0,32,False,20
L50_s2009_final,50,2009,final,38,1.0,1.0,0.0,0.0,32,False,f0
L50_s2009_final,50,2009,final,39,1.0,1.0,0.0,0.0,32,False,c5
L50_s2009_final,50,2009,final,40,1.0,1.0,0.0,0.0,32,False,01
L50_s2009_final,50,2009,final,41,1.0,1.0,0.0,0.0,32,False,c5
L50_s2009_final,50,2009,final,42,1.0,1.0,0.0,0.0,32,False,01
L50_s2009_final,50,2009,final,43,1.0,1.0,0.0,0.0,32,False,c5
L50_s2009_final,50,2009,final,44,1.0,1.0,0.0,0.0,32,False,01
L50_s2009_final,50,2009,final,45,1.0,1.0,0.0,0.0,32,False,c5
L50_s2009_final,50,2009,final,46,1.0,1.0,0.0,0.0,32,False,01
L50_s2009_final,50,2009,final,47,1.0,1.0,0.0,0.0,32,False,c5
L50_s2009_final,50,2009,final,48,1.0,1.0,0.0,0.0,32,False,01
L50_s2009_final,50,2009,final,49,1.0,1.0,0.0,0.0,32,False,c5
L50_s2010_first,50,2010,first,0,0.875,0.625,0.0,0.0,32,False,01
L50_s2010_first,50,2010,first,1,1.0,1.0,0.90625,0.90625,32,True,c5
L50_s2010_first,50,2010,first,2,1.0,0.9375,1.0,1.0,32,True,01
L50_s2010_first,50,2010,first,3,0.9375,0.34375,0.09375,0.09375,32,False,c5
L50_s2010_first,50,2010,first,4,0.9375,0.71875,0.09375,0.09375,32,False,01
L50_s2010_first,50,2010,first,5,1.0,0.90625,0.84375,0.84375,32,True,c5
L50_s2010_first,50,2010,first,6,1.0,0.90625,0.125,0.125,32,False,01
L50_s2010_first,50,2010,first,7,0.96875,0.25,0.125,0.125,32,False,c5
L50_s2010_first,50,2010,first,8,0.96875,0.84375,0.125,0.125,32,False,01
L50_s2010_first,50,2010,first,9,1.0,0.96875,1.0,1.0,32,True,c5
L50_s2010_first,50,2010,first,10,1.0,0.96875,1.0,1.0,32,True,01
L50_s2010_first,50,2010,first,11,0.9375,0.40625,0.09375,0.09375,32,False,c5
L50_s2010_first,50,2010,first,12,0.84375,0.8125,0.125,0.03125,32,False,01
L50_s2010_first,50,2010,first,13,1.0,1.0,1.0,1.0,32,True,c5
L50_s2010_first,50,2010,first,14,1.0,1.0,0.21875,0.21875,32,False,01
L50_s2010_first,50,2010,first,15,0.96875,0.4375,0.21875,0.21875,32,False,c5
L50_s2010_first,50,2010,first,16,0.96875,0.9375,0.15625,0.15625,32,False,01
L50_s2010_first,50,2010,first,17,1.0,0.90625,1.0,1.0,32,True,c5
L50_s2010_first,50,2010,first,18,0.96875,0.96875,1.0,0.96875,32,True,01
L50_s2010_first,50,2010,first,19,1.0,0.25,0.15625,0.15625,32,False,c5
L50_s2010_first,50,2010,first,20,1.0,0.78125,0.125,0.125,32,False,01
L50_s2010_first,50,2010,first,21,0.96875,0.84375,1.0,0.96875,32,True,c5
L50_s2010_first,50,2010,first,22,1.0,0.90625,0.96875,0.96875,32,True,01
L50_s2010_first,50,2010,first,23,0.9375,0.40625,0.0625,0.0625,32,False,c5
L50_s2010_first,50,2010,first,24,0.96875,0.84375,0.0625,0.0625,32,False,01
L50_s2010_first,50,2010,first,25,1.0,1.0,1.0,1.0,32,True,c5
L50_s2010_first,50,2010,first,26,1.0,1.0,1.0,1.0,32,True,01
L50_s2010_first,50,2010,first,27,1.0,0.25,0.09375,0.09375,32,False,c5
L50_s2010_first,50,2010,first,28,1.0,0.71875,0.0,0.0,32,False,01
L50_s2010_first,50,2010,first,29,1.0,0.96875,1.0,1.0,32,True,c5
L50_s2010_first,50,2010,first,30,1.0,0.96875,1.0,1.0,32,True,01
L50_s2010_first,50,2010,first,31,0.96875,0.40625,0.03125,0.03125,32,False,c5
L50_s2010_first,50,2010,first,32,1.0,0.8125,0.03125,0.03125,32,False,01
L50_s2010_first,50,2010,first,33,0.9375,0.84375,1.0,0.9375,32,True,c5
L50_s2010_first,50,2010,first,34,0.9375,0.84375,1.0,0.9375,32,True,01
L50_s2010_first,50,2010,first,35,0.96875,0.3125,0.1875,0.1875,32,False,c5
L50_s2010_first,50,2010,first,36,1.0,0.8125,0.0,0.0,32,False,01
L50_s2010_first,50,2010,first,37,1.0,0.90625,1.0,1.0,32,True,c5
L50_s2010_first,50,2010,first,38,0.96875,0.71875,1.0,0.96875,32,True,01
L50_s2010_first,50,2010,first,39,1.0,0.46875,0.125,0.125,32,False,c5
L50_s2010_first,50,2010,first,40,1.0,0.9375,0.0,0.0,32,False,01
L50_s2010_first,50,2010,first,41,1.0,1.0,1.0,1.0,32,True,c5
L50_s2010_first,50,2010,first,42,0.96875,0.53125,1.0,0.96875,32,True,01
L50_s2010_first,50,2010,first,43,1.0,0.4375,0.125,0.125,32,False,c5
L50_s2010_first,50,2010,first,44,1.0,0.9375,0.0,0.0,32,False,01
L50_s2010_first,50,2010,first,45,1.0,0.90625,1.0,1.0,32,True,c5
L50_s2010_first,50,2010,first,46,1.0,0.65625,1.0,1.0,32,True,01
L50_s2010_first,50,2010,first,47,1.0,0.4375,0.03125,0.03125,32,False,c5
L50_s2010_first,50,2010,first,48,1.0,0.8125,0.03125,0.03125,32,False,01
L50_s2010_first,50,2010,first,49,1.0,0.875,0.09375,0.09375,32,False,c5
L50_s2010_final,50,2010,final,0,0.875,0.5625,0.0,0.0,32,False,01
L50_s2010_final,50,2010,final,1,1.0,1.0,0.03125,0.03125,32,False,c5
L50_s2010_final,50,2010,final,2,1.0,1.0,0.28125,0.28125,32,False,01
L50_s2010_final,50,2010,final,3,0.96875,0.75,0.09375,0.09375,32,False,c5
L50_s2010_final,50,2010,final,4,0.9375,0.625,0.125,0.125,32,False,01
L50_s2010_final,50,2010,final,5,0.9375,0.9375,0.0,0.0,32,False,c5
L50_s2010_final,50,2010,final,6,0.90625,0.1875,0.0,0.0,32,False,01
L50_s2010_final,50,2010,final,7,0.84375,0.59375,0.125,0.09375,32,False,c5
L50_s2010_final,50,2010,final,8,0.84375,0.625,0.09375,0.0625,32,False,01
L50_s2010_final,50,2010,final,9,0.5,0.28125,0.78125,0.40625,32,False,20
L50_s2010_final,50,2010,final,10,0.8125,0.25,0.65625,0.53125,32,True,f0
L50_s2010_final,50,2010,final,11,1.0,1.0,0.0,0.0,32,False,c5
L50_s2010_final,50,2010,final,12,0.90625,0.75,0.0,0.0,32,False,01
L50_s2010_final,50,2010,final,13,1.0,1.0,0.0,0.0,32,False,c5
L50_s2010_final,50,2010,final,14,0.9375,0.9375,0.0,0.0,32,False,01
L50_s2010_final,50,2010,final,15,1.0,0.75,0.0,0.0,32,False,c5
L50_s2010_final,50,2010,final,16,0.90625,0.625,0.0,0.0,32,False,01
L50_s2010_final,50,2010,final,17,0.90625,0.875,0.0,0.0,32,False,c5
L50_s2010_final,50,2010,final,18,1.0,1.0,0.0,0.0,32,False,01
L50_s2010_final,50,2010,final,19,0.90625,0.6875,0.0,0.0,32,False,c5
L50_s2010_final,50,2010,final,20,0.96875,0.75,0.0,0.0,32,False,01
L50_s2010_final,50,2010,final,21,0.96875,0.9375,0.0,0.0,32,False,c5
L50_s2010_final,50,2010,final,22,0.96875,0.96875,0.0,0.0,32,False,01
L50_s2010_final,50,2010,final,23,0.34375,0.25,0.0,0.0,32,False,20
L50_s2010_final,50,2010,final,24,0.84375,0.28125,0.03125,0.03125,32,False,f0
L50_s2010_final,50,2010,final,25,1.0,1.0,0.0,0.0,32,False,c5
L50_s2010_final,50,2010,final,26,1.0,1.0,0.0,0.0,32,False,01
L50_s2010_final,50,2010,final,27,1.0,1.0,0.0,0.0,32,False,c5
L50_s2010_final,50,2010,final,28,1.0,1.0,0.0,0.0,32,False,01
L50_s2010_final,50,2010,final,29,1.0,1.0,0.0,0.0,32,False,c5
L50_s2010_final,50,2010,final,30,1.0,1.0,0.0,0.0,32,False,01
L50_s2010_final,50,2010,final,31,0.9375,0.90625,0.0,0.0,32,False,c5
L50_s2010_final,50,2010,final,32,0.875,0.8125,0.03125,0.03125,32,False,01
L50_s2010_final,50,2010,final,33,0.96875,0.96875,0.0,0.0,32,False,c5
L50_s2010_final,50,2010,final,34,0.9375,0.9375,0.0,0.0,32,False,01
L50_s2010_final,50,2010,final,35,0.875,0.84375,0.0625,0.0625,32,False,c5
L50_s2010_final,50,2010,final,36,1.0,1.0,0.0,0.0,32,False,01
L50_s2010_final,50,2010,final,37,1.0,1.0,0.0,0.0,32,False,20
L50_s2010_final,50,2010,final,38,1.0,1.0,0.0,0.0,32,False,f0
L50_s2010_final,50,2010,final,39,1.0,1.0,0.0,0.0,32,False,c5
L50_s2010_final,50,2010,final,40,1.0,1.0,0.0,0.0,32,False,01
L50_s2010_final,50,2010,final,41,1.0,1.0,0.0,0.0,32,False,c5
L50_s2010_final,50,2010,final,42,1.0,1.0,0.0,0.0,32,False,01
L50_s2010_final,50,2010,final,43,1.0,1.0,0.0,0.0,32,False,c5
L50_s2010_final,50,2010,final,44,1.0,1.0,0.0,0.0,32,False,01
L50_s2010_final,50,2010,final,45,1.0,1.0,0.0,0.0,32,False,c5
L50_s2010_final,50,2010,final,46,1.0,1.0,0.0,0.0,32,False,01
L50_s2010_final,50,2010,final,47,1.0,1.0,0.0,0.0,32,False,c5
L50_s2010_final,50,2010,final,48,1.0,1.0,0.0,0.0,32,False,01
L50_s2010_final,50,2010,final,49,1.0,1.0,0.0,0.0,32,False,c5
L50_s2011_first,50,2011,first,0,0.96875,0.875,0.0,0.0,32,False,01
L50_s2011_first,50,2011,first,1,1.0,1.0,0.09375,0.09375,32,False,c5
L50_s2011_first,50,2011,first,2,1.0,0.96875,0.8125,0.8125,32,True,01
L50_s2011_first,50,2011,first,3,0.9375,0.90625,0.03125,0.03125,32,False,c5
L50_s2011_first,50,2011,first,4,1.0,0.84375,0.125,0.125,32,False,01
L50_s2011_first,50,2011,first,5,1.0,0.96875,0.71875,0.71875,32,True,c5
L50_s2011_first,50,2011,first,6,1.0,0.96875,0.21875,0.21875,32,False,01
L50_s2011_first,50,2011,first,7,1.0,1.0,0.0,0.0,32,False,c5
L50_s2011_first,50,2011,first,8,0.96875,0.96875,0.03125,0.03125,32,False,01
L50_s2011_first,50,2011,first,9,1.0,1.0,1.0,1.0,32,True,c5
L50_s2011_first,50,2011,first,10,1.0,1.0,1.0,1.0,32,True,01
L50_s2011_first,50,2011,first,11,0.9375,0.84375,0.125,0.125,32,False,c5
L50_s2011_first,50,2011,first,12,1.0,1.0,0.03125,0.03125,32,False,01
L50_s2011_first,50,2011,first,13,1.0,0.96875,1.0,1.0,32,True,c5
L50_s2011_first,50,2011,first,14,0.96875,0.9375,0.90625,0.875,32,True,01
L50_s2011_first,50,2011,first,15,1.0,0.9375,0.0,0.0,32,False,c5
L50_s2011_first,50,2011,first,16,1.0,0.96875,0.15625,0.15625,32,False,01
L50_s2011_first,50,2011,first,17,1.0,1.0,1.0,1.0,32,True,c5
L50_s2011_first,50,2011,first,18,0.96875,0.96875,1.0,0.96875,32,True,01
L50_s2011_first,50,2011,first,19,1.0,0.96875,0.0,0.0,32,False,c5
L50_s2011_first,50,2011,first,20,0.96875,0.9375,0.0,0.0,32,False,01
L50_s2011_first,50,2011,first,21,1.0,1.0,1.0,1.0,32,True,c5
L50_s2011_first,50,2011,first,22,0.96875,0.96875,1.0,0.96875,32,True,01
L50_s2011_first,50,2011,first,23,1.0,0.9375,0.0,0.0,32,False,c5
L50_s2011_first,50,2011,first,24,0.96875,0.96875,0.0,0.0,32,False,01
L50_s2011_first,50,2011,first,25,1.0,1.0,1.0,1.0,32,True,c5
L50_s2011_first,50,2011,first,26,0.96875,0.9375,1.0,0.96875,32,True,01
L50_s2011_first,50,2011,first,27,1.0,1.0,0.03125,0.03125,32,False,c5
L50_s2011_first,50,2011,first,28,1.0,1.0,0.0,0.0,32,False,01
L50_s2011_first,50,2011,first,29,0.9375,0.9375,1.0,0.9375,32,True,c5
L50_s2011_first,50,2011,first,30,1.0,1.0,1.0,1.0,32,True,01
L50_s2011_first,50,2011,first,31,1.0,0.9375,0.15625,0.15625,32,False,c5
L50_s2011_first,50,2011,first,32,1.0,0.9375,0.0625,0.0625,32,False,01
L50_s2011_first,50,2011,first,33,1.0,0.96875,1.0,1.0,32,True,c5
L50_s2011_first,50,2011,first,34,1.0,1.0,1.0,1.0,32,True,01
L50_s2011_first,50,2011,first,35,1.0,0.9375,0.03125,0.03125,32,False,c5
L50_s2011_first,50,2011,first,36,0.96875,0.96875,0.09375,0.09375,32,False,01
L50_s2011_first,50,2011,first,37,1.0,1.0,1.0,1.0,32,True,c5
L50_s2011_first,50,2011,first,38,1.0,1.0,1.0,1.0,32,True,01
L50_s2011_first,50,2011,first,39,0.9375,0.9375,0.03125,0.03125,32,False,c5
L50_s2011_first,50,2011,first,40,1.0,1.0,0.03125,0.03125,32,False,01
L50_s2011_first,50,2011,first,41,1.0,1.0,1.0,1.0,32,True,c5
L50_s2011_first,50,2011,first,42,1.0,0.96875,1.0,1.0,32,True,01
L50_s2011_first,50,2011,first,43,1.0,0.96875,0.03125,0.03125,32,False,c5
L50_s2011_first,50,2011,first,44,1.0,0.96875,0.0,0.0,32,False,01
L50_s2011_first,50,2011,first,45,1.0,1.0,1.0,1.0,32,True,c5
L50_s2011_first,50,2011,first,46,0.96875,0.96875,0.96875,0.9375,32,True,01
L50_s2011_first,50,2011,first,47,1.0,1.0,0.0625,0.0625,32,False,c5
L50_s2011_first,50,2011,first,48,1.0,0.96875,0.0,0.0,32,False,01
L50_s2011_first,50,2011,first,49,1.0,1.0,0.28125,0.28125,32,False,c5
L50_s2011_final,50,2011,final,0,1.0,0.71875,0.0,0.0,32,False,01
L50_s2011_final,50,2011,final,1,1.0,0.96875,0.0,0.0,32,False,c5
L50_s2011_final,50,2011,final,2,1.0,1.0,0.25,0.25,32,False,01
L50_s2011_final,50,2011,final,3,0.96875,0.875,0.0,0.0,32,False,c5
L50_s2011_final,50,2011,final,4,0.875,0.84375,0.0625,0.03125,32,False,01
L50_s2011_final,50,2011,final,5,0.9375,0.9375,0.0,0.0,32,False,c5
L50_s2011_final,50,2011,final,6,0.96875,0.21875,0.0,0.0,32,False,01
L50_s2011_final,50,2011,final,7,0.875,0.8125,0.0625,0.0625,32,False,c5
L50_s2011_final,50,2011,final,8,0.90625,0.65625,0.0,0.0,32,False,01
L50_s2011_final,50,2011,final,9,0.53125,0.1875,0.875,0.5,32,True,20
L50_s2011_final,50,2011,final,10,0.84375,0.4375,0.59375,0.5625,32,True,f0
L50_s2011_final,50,2011,final,11,0.96875,0.90625,0.0,0.0,32,False,c5
L50_s2011_final,50,2011,final,12,0.875,0.5625,0.0,0.0,32,False,01
L50_s2011_final,50,2011,final,13,0.96875,0.96875,0.0,0.0,32,False,c5
L50_s2011_final,50,2011,final,14,0.71875,0.71875,0.0,0.0,32,False,01
L50_s2011_final,50,2011,final,15,1.0,0.96875,0.0,0.0,32,False,c5
L50_s2011_final,50,2011,final,16,0.96875,0.84375,0.0,0.0,32,False,01
L50_s2011_final,50,2011,final,17,0.875,0.875,0.0,0.0,32,False,c5
L50_s2011_final,50,2011,final,18,0.96875,0.9375,0.0,0.0,32,False,01
L50_s2011_final,50,2011,final,19,1.0,0.9375,0.0,0.0,32,False,c5
L50_s2011_final,50,2011,final,20,1.0,0.875,0.0,0.0,32,False,01
L50_s2011_final,50,2011,final,21,0.9375,0.90625,0.0,0.0,32,False,c5
L50_s2011_final,50,2011,final,22,0.875,0.875,0.0,0.0,32,False,01
L50_s2011_final,50,2011,final,23,0.90625,0.21875,0.0,0.0,32,False,20
L50_s2011_final,50,2011,final,24,0.875,0.375,0.0625,0.0625,32,False,f0
L50_s2011_final,50,2011,final,25,1.0,1.0,0.0,0.0,32,False,c5
L50_s2011_final,50,2011,final,26,1.0,1.0,0.0,0.0,32,False,01
L50_s2011_final,50,2011,final,27,1.0,1.0,0.0,0.0,32,False,c5
L50_s2011_final,50,2011,final,28,1.0,1.0,0.0,0.0,32,False,01
L50_s2011_final,50,2011,final,29,1.0,1.0,0.0,0.0,32,False,c5
L50_s2011_final,50,2011,final,30,1.0,1.0,0.0,0.0,32,False,01
L50_s2011_final,50,2011,final,31,0.96875,0.875,0.0,0.0,32,False,c5
L50_s2011_final,50,2011,final,32,0.9375,0.875,0.03125,0.03125,32,False,01
L50_s2011_final,50,2011,final,33,0.9375,0.9375,0.0,0.0,32,False,c5
L50_s2011_final,50,2011,final,34,1.0,1.0,0.0,0.0,32,False,01
L50_s2011_final,50,2011,final,35,1.0,0.96875,0.125,0.125,32,False,c5
L50_s2011_final,50,2011,final,36,1.0,1.0,0.0,0.0,32,False,01
L50_s2011_final,50,2011,final,37,1.0,1.0,0.0,0.0,32,False,20
L50_s2011_final,50,2011,final,38,1.0,1.0,0.0,0.0,32,False,f0
L50_s2011_final,50,2011,final,39,1.0,1.0,0.0,0.0,32,False,c5
L50_s2011_final,50,2011,final,40,1.0,1.0,0.0,0.0,32,False,01
L50_s2011_final,50,2011,final,41,1.0,1.0,0.0,0.0,32,False,c5
L50_s2011_final,50,2011,final,42,1.0,1.0,0.0,0.0,32,False,01
L50_s2011_final,50,2011,final,43,1.0,1.0,0.0,0.0,32,False,c5
L50_s2011_final,50,2011,final,44,1.0,1.0,0.0,0.0,32,False,01
L50_s2011_final,50,2011,final,45,1.0,1.0,0.0,0.0,32,False,c5
L50_s2011_final,50,2011,final,46,1.0,1.0,0.0,0.0,32,False,01
L50_s2011_final,50,2011,final,47,1.0,1.0,0.0,0.0,32,False,c5
L50_s2011_final,50,2011,final,48,1.0,1.0,0.0,0.0,32,False,01
L50_s2011_final,50,2011,final,49,1.0,1.0,0.0,0.0,32,False,c5
L50_s2012_first,50,2012,first,0,0.96875,0.90625,0.0,0.0,32,False,01
L50_s2012_first,50,2012,first,1,1.0,1.0,0.25,0.25,32,False,c5
L50_s2012_first,50,2012,first,2,1.0,1.0,1.0,1.0,32,True,01
L50_s2012_first,50,2012,first,3,0.90625,0.78125,0.0625,0.0625,32,False,c5
L50_s2012_first,50,2012,first,4,1.0,1.0,0.1875,0.1875,32,False,01
L50_s2012_first,50,2012,first,5,0.96875,0.9375,1.0,0.96875,32,True,c5
L50_s2012_first,50,2012,first,6,0.96875,0.96875,0.3125,0.28125,32,False,01
L50_s2012_first,50,2012,first,7,0.9375,0.9375,0.1875,0.15625,32,False,c5
L50_s2012_first,50,2012,first,8,0.96875,0.9375,0.625,0.625,32,True,01
L50_s2012_first,50,2012,first,9,1.0,1.0,1.0,1.0,32,True,c5
L50_s2012_first,50,2012,first,10,1.0,1.0,1.0,1.0,32,True,01
L50_s2012_first,50,2012,first,11,0.96875,0.96875,0.0625,0.0625,32,False,c5
L50_s2012_first,50,2012,first,12,0.96875,0.9375,0.1875,0.1875,32,False,01
L50_s2012_first,50,2012,first,13,1.0,1.0,1.0,1.0,32,True,c5
L50_s2012_first,50,2012,first,14,1.0,1.0,1.0,1.0,32,True,01
L50_s2012_first,50,2012,first,15,0.96875,0.96875,0.09375,0.09375,32,False,c5
L50_s2012_first,50,2012,first,16,1.0,0.96875,0.59375,0.59375,32,True,01
L50_s2012_first,50,2012,first,17,1.0,1.0,1.0,1.0,32,True,c5
L50_s2012_first,50,2012,first,18,0.96875,0.96875,1.0,0.96875,32,True,01
L50_s2012_first,50,2012,first,19,0.96875,0.9375,0.09375,0.09375,32,False,c5
L50_s2012_first,50,2012,first,20,0.96875,0.90625,0.0,0.0,32,False,01
L50_s2012_first,50,2012,first,21,0.96875,0.96875,1.0,0.96875,32,True,c5
L50_s2012_first,50,2012,first,22,0.96875,0.96875,1.0,0.96875,32,True,01
L50_s2012_first,50,2012,first,23,0.9375,0.90625,0.15625,0.15625,32,False,c5
L50_s2012_first,50,2012,first,24,0.96875,0.96875,0.0,0.0,32,False,01
L50_s2012_first,50,2012,first,25,1.0,1.0,1.0,1.0,32,True,c5
L50_s2012_first,50,2012,first,26,1.0,0.96875,1.0,1.0,32,True,01
L50_s2012_first,50,2012,first,27,1.0,1.0,0.125,0.125,32,False,c5
L50_s2012_first,50,2012,first,28,1.0,0.9375,0.0625,0.0625,32,False,01
L50_s2012_first,50,2012,first,29,0.96875,0.96875,1.0,0.96875,32,True,c5
L50_s2012_first,50,2012,first,30,1.0,0.96875,1.0,1.0,32,True,01
L50_s2012_first,50,2012,first,31,0.96875,0.9375,0.0625,0.0625,32,False,c5
L50_s2012_first,50,2012,first,32,1.0,1.0,0.0,0.0,32,False,01
L50_s2012_first,50,2012,first,33,1.0,1.0,1.0,1.0,32,True,c5
L50_s2012_first,50,2012,first,34,1.0,1.0,1.0,1.0,32,True,01
L50_s2012_first,50,2012,first,35,1.0,0.96875,0.0625,0.0625,32,False,c5
L50_s2012_first,50,2012,first,36,1.0,1.0,0.0,0.0,32,False,01
L50_s2012_first,50,2012,first,37,0.96875,0.96875,1.0,0.96875,32,True,c5
L50_s2012_first,50,2012,first,38,0.96875,0.90625,1.0,0.96875,32,True,01
L50_s2012_first,50,2012,first,39,0.96875,0.96875,0.0,0.0,32,False,c5
L50_s2012_first,50,2012,first,40,1.0,0.96875,0.0,0.0,32,False,01
L50_s2012_first,50,2012,first,41,1.0,1.0,1.0,1.0,32,True,c5
L50_s2012_first,50,2012,first,42,1.0,1.0,1.0,1.0,32,True,01
L50_s2012_first,50,2012,first,43,1.0,1.0,0.03125,0.03125,32,False,c5
L50_s2012_first,50,2012,first,44,1.0,0.96875,0.0,0.0,32,False,01
L50_s2012_first,50,2012,first,45,0.96875,0.90625,1.0,0.96875,32,True,c5
L50_s2012_first,50,2012,first,46,1.0,1.0,1.0,1.0,32,True,01
L50_s2012_first,50,2012,first,47,1.0,0.96875,0.0625,0.0625,32,False,c5
L50_s2012_first,50,2012,first,48,0.9375,0.9375,0.0,0.0,32,False,01
L50_s2012_first,50,2012,first,49,1.0,1.0,0.21875,0.21875,32,False,c5
L50_s2012_final,50,2012,final,0,0.875,0.5625,0.0,0.0,32,False,01
L50_s2012_final,50,2012,final,1,1.0,1.0,0.03125,0.03125,32,False,c5
L50_s2012_final,50,2012,final,2,1.0,1.0,0.25,0.25,32,False,01
L50_s2012_final,50,2012,final,3,0.96875,0.6875,0.09375,0.09375,32,False,c5
L50_s2012_final,50,2012,final,4,0.90625,0.65625,0.0,0.0,32,False,01
L50_s2012_final,50,2012,final,5,0.78125,0.78125,0.0,0.0,32,False,c5
L50_s2012_final,50,2012,final,6,0.875,0.1875,0.0,0.0,32,False,01
L50_s2012_final,50,2012,final,7,0.8125,0.53125,0.0625,0.0625,32,False,c5
L50_s2012_final,50,2012,final,8,0.875,0.46875,0.03125,0.03125,32,False,01
L50_s2012_final,50,2012,final,9,0.125,0.09375,0.71875,0.09375,32,False,20
L50_s2012_final,50,2012,final,10,0.5,0.15625,0.8125,0.375,32,False,f0
L50_s2012_final,50,2012,final,11,0.9375,0.78125,0.0,0.0,32,False,c5
L50_s2012_final,50,2012,final,12,0.90625,0.65625,0.0,0.0,32,False,01
L50_s2012_final,50,2012,final,13,1.0,1.0,0.0,0.0,32,False,c5
L50_s2012_final,50,2012,final,14,0.75,0.75,0.0,0.0,32,False,01
L50_s2012_final,50,2012,final,15,0.875,0.71875,0.0,0.0,32,False,c5
L50_s2012_final,50,2012,final,16,0.90625,0.625,0.0,0.0,32,False,01
L50_s2012_final,50,2012,final,17,0.96875,0.96875,0.0,0.0,32,False,c5
L50_s2012_final,50,2012,final,18,1.0,1.0,0.0,0.0,32,False,01
L50_s2012_final,50,2012,final,19,1.0,0.8125,0.0,0.0,32,False,c5
L50_s2012_final,50,2012,final,20,0.96875,0.625,0.0,0.0,32,False,01
L50_s2012_final,50,2012,final,21,0.96875,0.9375,0.0,0.0,32,False,c5
L50_s2012_final,50,2012,final,22,1.0,0.96875,0.0,0.0,32,False,01
L50_s2012_final,50,2012,final,23,0.6875,0.34375,0.0,0.0,32,False,20
L50_s2012_final,50,2012,final,24,0.75,0.3125,0.0,0.0,32,False,f0
L50_s2012_final,50,2012,final,25,1.0,1.0,0.0,0.0,32,False,c5
L50_s2012_final,50,2012,final,26,1.0,1.0,0.0,0.0,32,False,01
L50_s2012_final,50,2012,final,27,1.0,1.0,0.0,0.0,32,False,c5
L50_s2012_final,50,2012,final,28,1.0,1.0,0.0,0.0,32,False,01
L50_s2012_final,50,2012,final,29,1.0,1.0,0.0,0.0,32,False,c5
L50_s2012_final,50,2012,final,30,1.0,1.0,0.0,0.0,32,False,01
L50_s2012_final,50,2012,final,31,1.0,0.9375,0.0,0.0,32,False,c5
L50_s2012_final,50,2012,final,32,0.96875,0.84375,0.09375,0.09375,32,False,01
L50_s2012_final,50,2012,final,33,0.90625,0.90625,0.0,0.0,32,False,c5
L50_s2012_final,50,2012,final,34,1.0,1.0,0.0,0.0,32,False,01
L50_s2012_final,50,2012,final,35,0.96875,0.875,0.125,0.125,32,False,c5
L50_s2012_final,50,2012,final,36,1.0,1.0,0.0,0.0,32,False,01
L50_s2012_final,50,2012,final,37,1.0,1.0,0.0,0.0,32,False,20
L50_s2012_final,50,2012,final,38,1.0,1.0,0.0,0.0,32,False,f0
L50_s2012_final,50,2012,final,39,1.0,1.0,0.0,0.0,32,False,c5
L50_s2012_final,50,2012,final,40,1.0,1.0,0.0,0.0,32,False,01
L50_s2012_final,50,2012,final,41,1.0,1.0,0.0,0.0,32,False,c5
L50_s2012_final,50,2012,final,42,1.0,1.0,0.0,0.0,32,False,01
L50_s2012_final,50,2012,final,43,1.0,1.0,0.0,0.0,32,False,c5
L50_s2012_final,50,2012,final,44,1.0,1.0,0.0,0.0,32,False,01
L50_s2012_final,50,2012,final,45,1.0,1.0,0.0,0.0,32,False,c5
L50_s2012_final,50,2012,final,46,1.0,1.0,0.0,0.0,32,False,01
L50_s2012_final,50,2012,final,47,1.0,1.0,0.0,0.0,32,False,c5
L50_s2012_final,50,2012,final,48,1.0,1.0,0.0,0.0,32,False,01
L50_s2012_final,50,2012,final,49,1.0,1.0,0.0,0.0,32,False,c5
L50_s2013_first,50,2013,first,0,0.9375,0.8125,0.03125,0.03125,32,False,01
L50_s2013_first,50,2013,first,1,1.0,0.0,0.1875,0.1875,32,False,c5
L50_s2013_first,50,2013,first,2,1.0,0.03125,0.0625,0.0625,32,False,01
L50_s2013_first,50,2013,first,3,0.9375,0.3125,0.0,0.0,32,False,c5
L50_s2013_first,50,2013,first,4,0.9375,0.90625,0.0,0.0,32,False,01
L50_s2013_first,50,2013,first,5,0.96875,0.03125,1.0,0.96875,32,True,c5
L50_s2013_first,50,2013,first,6,1.0,0.0625,0.375,0.375,32,False,01
L50_s2013_first,50,2013,first,7,0.9375,0.625,0.0,0.0,32,False,c5
L50_s2013_first,50,2013,first,8,1.0,0.84375,0.0,0.0,32,False,01
L50_s2013_first,50,2013,first,9,1.0,0.21875,1.0,1.0,32,True,c5
L50_s2013_first,50,2013,first,10,0.96875,0.1875,0.96875,0.9375,32,True,01
L50_s2013_first,50,2013,first,11,0.96875,0.40625,0.0,0.0,32,False,c5
L50_s2013_first,50,2013,first,12,1.0,0.875,0.0625,0.0625,32,False,01
L50_s2013_first,50,2013,first,13,1.0,0.40625,1.0,1.0,32,True,c5
L50_s2013_first,50,2013,first,14,0.96875,0.0625,1.0,0.96875,32,True,01
L50_s2013_first,50,2013,first,15,1.0,0.46875,0.03125,0.03125,32,False,c5
L50_s2013_first,50,2013,first,16,0.96875,0.90625,0.03125,0.03125,32,False,01
L50_s2013_first,50,2013,first,17,1.0,0.5625,1.0,1.0,32,True,c5
L50_s2013_first,50,2013,first,18,1.0,0.625,1.0,1.0,32,True,01
L50_s2013_first,50,2013,first,19,0.96875,0.375,0.03125,0.03125,32,False,c5
L50_s2013_first,50,2013,first,20,1.0,0.84375,0.0,0.0,32,False,01
L50_s2013_first,50,2013,first,21,1.0,0.53125,1.0,1.0,32,True,c5
L50_s2013_first,50,2013,first,22,1.0,0.3125,1.0,1.0,32,True,01
L50_s2013_first,50,2013,first,23,1.0,0.46875,0.03125,0.03125,32,False,c5
L50_s2013_first,50,2013,first,24,0.9375,0.84375,0.0,0.0,32,False,01
L50_s2013_first,50,2013,first,25,1.0,0.6875,1.0,1.0,32,True,c5
L50_s2013_first,50,2013,first,26,1.0,0.8125,1.0,1.0,32,True,01
L50_s2013_first,50,2013,first,27,1.0,0.4375,0.0,0.0,32,False,c5
L50_s2013_first,50,2013,first,28,0.9375,0.8125,0.0,0.0,32,False,01
L50_s2013_first,50,2013,first,29,0.90625,0.6875,1.0,0.90625,32,True,c5
L50_s2013_first,50,2013,first,30,0.96875,0.53125,1.0,0.96875,32,True,01
L50_s2013_first,50,2013,first,31,0.96875,0.5,0.03125,0.03125,32,False,c5
L50_s2013_first,50,2013,first,32,1.0,0.84375,0.03125,0.03125,32,False,01
L50_s2013_first,50,2013,first,33,0.96875,0.90625,1.0,0.96875,32,True,c5
L50_s2013_first,50,2013,first,34,1.0,0.75,1.0,1.0,32,True,01
L50_s2013_first,50,2013,first,35,1.0,0.3125,0.0625,0.0625,32,False,c5
L50_s2013_first,50,2013,first,36,1.0,0.96875,0.0,0.0,32,False,01
L50_s2013_first,50,2013,first,37,0.96875,0.75,1.0,0.96875,32,True,c5
L50_s2013_first,50,2013,first,38,0.96875,0.65625,0.96875,0.96875,32,True,01
L50_s2013_first,50,2013,first,39,0.9375,0.34375,0.03125,0.0,32,False,c5
L50_s2013_first,50,2013,first,40,0.96875,0.875,0.0,0.0,32,False,01
L50_s2013_first,50,2013,first,41,1.0,0.8125,1.0,1.0,32,True,c5
L50_s2013_first,50,2013,first,42,1.0,0.71875,1.0,1.0,32,True,01
L50_s2013_first,50,2013,first,43,0.96875,0.15625,0.0,0.0,32,False,c5
L50_s2013_first,50,2013,first,44,1.0,0.9375,0.0,0.0,32,False,01
L50_s2013_first,50,2013,first,45,0.96875,0.65625,1.0,0.96875,32,True,c5
L50_s2013_first,50,2013,first,46,1.0,0.65625,1.0,1.0,32,True,01
L50_s2013_first,50,2013,first,47,0.96875,0.4375,0.0625,0.0625,32,False,c5
L50_s2013_first,50,2013,first,48,1.0,0.9375,0.03125,0.03125,32,False,01
L50_s2013_first,50,2013,first,49,1.0,0.65625,0.0,0.0,32,False,c5
L50_s2013_final,50,2013,final,0,0.84375,0.5,0.0,0.0,32,False,01
L50_s2013_final,50,2013,final,1,1.0,0.96875,0.0625,0.0625,32,False,c5
L50_s2013_final,50,2013,final,2,1.0,0.96875,0.3125,0.3125,32,False,01
L50_s2013_final,50,2013,final,3,0.96875,0.875,0.09375,0.09375,32,False,c5
L50_s2013_final,50,2013,final,4,0.875,0.8125,0.03125,0.03125,32,False,01
L50_s2013_final,50,2013,final,5,0.9375,0.9375,0.0,0.0,32,False,c5
L50_s2013_final,50,2013,final,6,0.875,0.1875,0.0,0.0,32,False,01
L50_s2013_final,50,2013,final,7,0.75,0.6875,0.03125,0.03125,32,False,c5
L50_s2013_final,50,2013,final,8,0.84375,0.65625,0.0,0.0,32,False,01
L50_s2013_final,50,2013,final,9,0.5625,0.3125,0.84375,0.40625,32,False,20
L50_s2013_final,50,2013,final,10,0.8125,0.25,0.71875,0.625,32,True,f0
L50_s2013_final,50,2013,final,11,0.9375,0.875,0.0,0.0,32,False,c5
L50_s2013_final,50,2013,final,12,0.84375,0.40625,0.0,0.0,32,False,01
L50_s2013_final,50,2013,final,13,1.0,1.0,0.0,0.0,32,False,c5
L50_s2013_final,50,2013,final,14,0.8125,0.8125,0.0,0.0,32,False,01
L50_s2013_final,50,2013,final,15,0.9375,0.875,0.0,0.0,32,False,c5
L50_s2013_final,50,2013,final,16,0.90625,0.84375,0.0,0.0,32,False,01
L50_s2013_final,50,2013,final,17,0.8125,0.8125,0.0,0.0,32,False,c5
L50_s2013_final,50,2013,final,18,0.9375,0.9375,0.0,0.0,32,False,01
L50_s2013_final,50,2013,final,19,0.96875,0.90625,0.0,0.0,32,False,c5
L50_s2013_final,50,2013,final,20,0.9375,0.8125,0.0,0.0,32,False,01
L50_s2013_final,50,2013,final,21,0.9375,0.9375,0.0,0.0,32,False,c5
L50_s2013_final,50,2013,final,22,1.0,1.0,0.0,0.0,32,False,01
L50_s2013_final,50,2013,final,23,0.5,0.25,0.0,0.0,32,False,20
L50_s2013_final,50,2013,final,24,0.96875,0.46875,0.0,0.0,32,False,f0
L50_s2013_final,50,2013,final,25,1.0,1.0,0.0,0.0,32,False,c5
L50_s2013_final,50,2013,final,26,1.0,1.0,0.0,0.0,32,False,01
L50_s2013_final,50,2013,final,27,1.0,1.0,0.0,0.0,32,False,c5
L50_s2013_final,50,2013,final,28,1.0,1.0,0.0,0.0,32,False,01
L50_s2013_final,50,2013,final,29,1.0,1.0,0.0,0.0,32,False,c5
L50_s2013_final,50,2013,final,30,1.0,1.0,0.0,0.0,32,False,01
L50_s2013_final,50,2013,final,31,0.96875,0.875,0.0,0.0,32,False,c5
L50_s2013_final,50,2013,final,32,0.9375,0.9375,0.0,0.0,32,False,01
L50_s2013_final,50,2013,final,33,0.90625,0.90625,0.0,0.0,32,False,c5
L50_s2013_final,50,2013,final,34,1.0,1.0,0.0,0.0,32,False,01
L50_s2013_final,50,2013,final,35,0.9375,0.875,0.1875,0.1875,32,False,c5
L50_s2013_final,50,2013,final,36,1.0,1.0,0.0,0.0,32,False,01
L50_s2013_final,50,2013,final,37,1.0,1.0,0.0,0.0,32,False,20
L50_s2013_final,50,2013,final,38,1.0,1.0,0.0,0.0,32,False,f0
L50_s2013_final,50,2013,final,39,1.0,1.0,0.0,0.0,32,False,c5
L50_s2013_final,50,2013,final,40,1.0,1.0,0.0,0.0,32,False,01
L50_s2013_final,50,2013,final,41,1.0,1.0,0.0,0.0,32,False,c5
L50_s2013_final,50,2013,final,42,1.0,1.0,0.0,0.0,32,False,01
L50_s2013_final,50,2013,final,43,1.0,1.0,0.0,0.0,32,False,c5
L50_s2013_final,50,2013,final,44,1.0,1.0,0.0,0.0,32,False,01
L50_s2013_final,50,2013,final,45,1.0,1.0,0.0,0.0,32,False,c5
L50_s2013_final,50,2013,final,46,1.0,1.0,0.0,0.0,32,False,01
L50_s2013_final,50,2013,final,47,1.0,1.0,0.0,0.0,32,False,c5
L50_s2013_final,50,2013,final,48,1.0,1.0,0.0,0.0,32,False,01
L50_s2013_final,50,2013,final,49,1.0,1.0,0.0,0.0,32,False,c5
L50_s2014_first,50,2014,first,0,0.96875,0.875,0.0,0.0,32,False,01
L50_s2014_first,50,2014,first,1,1.0,0.96875,0.03125,0.03125,32,False,c5
L50_s2014_first,50,2014,first,2,1.0,0.96875,0.03125,0.03125,32,False,01
L50_s2014_first,50,2014,first,3,0.9375,0.90625,0.0,0.0,32,False,c5
L50_s2014_first,50,2014,first,4,0.96875,0.90625,0.46875,0.46875,32,False,01
L50_s2014_first,50,2014,first,5,0.96875,0.96875,0.1875,0.15625,32,False,c5
L50_s2014_first,50,2014,first,6,1.0,1.0,0.09375,0.09375,32,False,01
L50_s2014_first,50,2014,first,7,0.96875,0.96875,0.03125,0.03125,32,False,c5
L50_s2014_first,50,2014,first,8,0.96875,0.90625,0.65625,0.65625,32,True,01
L50_s2014_first,50,2014,first,9,1.0,1.0,1.0,1.0,32,True,c5
L50_s2014_first,50,2014,first,10,1.0,0.90625,0.9375,0.9375,32,True,01
L50_s2014_first,50,2014,first,11,1.0,0.96875,0.0625,0.0625,32,False,c5
L50_s2014_first,50,2014,first,12,0.96875,0.90625,0.625,0.625,32,True,01
L50_s2014_first,50,2014,first,13,0.96875,0.96875,1.0,0.96875,32,True,c5
L50_s2014_first,50,2014,first,14,1.0,1.0,0.96875,0.96875,32,True,01
L50_s2014_first,50,2014,first,15,0.96875,0.96875,0.0,0.0,32,False,c5
L50_s2014_first,50,2014,first,16,1.0,0.96875,0.21875,0.21875,32,False,01
L50_s2014_first,50,2014,first,17,1.0,1.0,1.0,1.0,32,True,c5
L50_s2014_first,50,2014,first,18,1.0,1.0,1.0,1.0,32,True,01
L50_s2014_first,50,2014,first,19,1.0,0.96875,0.09375,0.09375,32,False,c5
L50_s2014_first,50,2014,first,20,1.0,0.96875,0.15625,0.15625,32,False,01
L50_s2014_first,50,2014,first,21,0.9375,0.90625,1.0,0.9375,32,True,c5
L50_s2014_first,50,2014,first,22,0.96875,0.9375,1.0,0.96875,32,True,01
L50_s2014_first,50,2014,first,23,0.9375,0.9375,0.0625,0.0625,32,False,c5
L50_s2014_first,50,2014,first,24,1.0,0.9375,0.0625,0.0625,32,False,01
L50_s2014_first,50,2014,first,25,1.0,0.96875,1.0,1.0,32,True,c5
L50_s2014_first,50,2014,first,26,1.0,1.0,1.0,1.0,32,True,01
L50_s2014_first,50,2014,first,27,0.96875,0.9375,0.03125,0.03125,32,False,c5
L50_s2014_first,50,2014,first,28,0.96875,0.90625,0.09375,0.09375,32,False,01
L50_s2014_first,50,2014,first,29,1.0,1.0,1.0,1.0,32,True,c5
L50_s2014_first,50,2014,first,30,1.0,0.90625,1.0,1.0,32,True,01
L50_s2014_first,50,2014,first,31,0.96875,0.96875,0.03125,0.03125,32,False,c5
L50_s2014_first,50,2014,first,32,1.0,1.0,0.0,0.0,32,False,01
L50_s2014_first,50,2014,first,33,1.0,0.875,1.0,1.0,32,True,c5
L50_s2014_first,50,2014,first,34,1.0,0.96875,1.0,1.0,32,True,01
L50_s2014_first,50,2014,first,35,1.0,0.96875,0.0625,0.0625,32,False,c5
L50_s2014_first,50,2014,first,36,1.0,1.0,0.0625,0.0625,32,False,01
L50_s2014_first,50,2014,first,37,0.9375,0.9375,1.0,0.9375,32,True,c5
L50_s2014_first,50,2014,first,38,0.96875,0.90625,1.0,0.96875,32,True,01
L50_s2014_first,50,2014,first,39,1.0,1.0,0.03125,0.03125,32,False,c5
L50_s2014_first,50,2014,first,40,0.96875,0.96875,0.0,0.0,32,False,01
L50_s2014_first,50,2014,first,41,1.0,1.0,1.0,1.0,32,True,c5
L50_s2014_first,50,2014,first,42,1.0,0.96875,1.0,1.0,32,True,01
L50_s2014_first,50,2014,first,43,0.96875,0.9375,0.09375,0.09375,32,False,c5
L50_s2014_first,50,2014,first,44,1.0,1.0,0.0,0.0,32,False,01
L50_s2014_first,50,2014,first,45,1.0,0.96875,1.0,1.0,32,True,c5
L50_s2014_first,50,2014,first,46,1.0,0.96875,1.0,1.0,32,True,01
L50_s2014_first,50,2014,first,47,1.0,0.96875,0.03125,0.03125,32,False,c5
L50_s2014_first,50,2014,first,48,0.96875,0.875,0.09375,0.09375,32,False,01
L50_s2014_first,50,2014,first,49,1.0,1.0,1.0,1.0,32,True,c5
L50_s2014_final,50,2014,final,0,0.96875,0.65625,0.0,0.0,32,False,01
L50_s2014_final,50,2014,final,1,1.0,1.0,0.0,0.0,32,False,c5
L50_s2014_final,50,2014,final,2,1.0,1.0,0.21875,0.21875,32,False,01
L50_s2014_final,50,2014,final,3,0.9375,0.90625,0.03125,0.03125,32,False,c5
L50_s2014_final,50,2014,final,4,1.0,0.9375,0.0,0.0,32,False,01
L50_s2014_final,50,2014,final,5,0.875,0.875,0.0,0.0,32,False,c5
L50_s2014_final,50,2014,final,6,0.96875,0.0625,0.0,0.0,32,False,01
L50_s2014_final,50,2014,final,7,0.90625,0.65625,0.09375,0.03125,32,False,c5
L50_s2014_final,50,2014,final,8,0.9375,0.75,0.03125,0.03125,32,False,01
L50_s2014_final,50,2014,final,9,0.5625,0.125,0.78125,0.5,32,True,20
L50_s2014_final,50,2014,final,10,0.875,0.46875,0.71875,0.6875,32,True,f0
L50_s2014_final,50,2014,final,11,0.9375,0.90625,0.0,0.0,32,False,c5
L50_s2014_final,50,2014,final,12,0.875,0.65625,0.0,0.0,32,False,01
L50_s2014_final,50,2014,final,13,0.96875,0.96875,0.0,0.0,32,False,c5
L50_s2014_final,50,2014,final,14,0.875,0.875,0.0,0.0,32,False,01
L50_s2014_final,50,2014,final,15,0.96875,0.75,0.0,0.0,32,False,c5
L50_s2014_final,50,2014,final,16,1.0,0.71875,0.0,0.0,32,False,01
L50_s2014_final,50,2014,final,17,0.875,0.875,0.0,0.0,32,False,c5
L50_s2014_final,50,2014,final,18,0.9375,0.9375,0.0,0.0,32,False,01
L50_s2014_final,50,2014,final,19,1.0,0.8125,0.0,0.0,32,False,c5
L50_s2014_final,50,2014,final,20,1.0,0.8125,0.0,0.0,32,False,01
L50_s2014_final,50,2014,final,21,1.0,0.96875,0.0,0.0,32,False,c5
L50_s2014_final,50,2014,final,22,1.0,1.0,0.0,0.0,32,False,01
L50_s2014_final,50,2014,final,23,0.96875,0.15625,0.0,0.0,32,False,20
L50_s2014_final,50,2014,final,24,0.96875,0.3125,0.03125,0.03125,32,False,f0
L50_s2014_final,50,2014,final,25,1.0,1.0,0.0,0.0,32,False,c5
L50_s2014_final,50,2014,final,26,1.0,1.0,0.0,0.0,32,False,01
L50_s2014_final,50,2014,final,27,1.0,1.0,0.0,0.0,32,False,c5
L50_s2014_final,50,2014,final,28,1.0,1.0,0.0,0.0,32,False,01
L50_s2014_final,50,2014,final,29,1.0,1.0,0.0,0.0,32,False,c5
L50_s2014_final,50,2014,final,30,1.0,1.0,0.0,0.0,32,False,01
L50_s2014_final,50,2014,final,31,0.96875,0.875,0.0,0.0,32,False,c5
L50_s2014_final,50,2014,final,32,0.9375,0.75,0.03125,0.03125,32,False,01
L50_s2014_final,50,2014,final,33,0.9375,0.9375,0.0,0.0,32,False,c5
L50_s2014_final,50,2014,final,34,0.96875,0.96875,0.0,0.0,32,False,01
L50_s2014_final,50,2014,final,35,1.0,0.9375,0.15625,0.15625,32,False,c5
L50_s2014_final,50,2014,final,36,1.0,1.0,0.0,0.0,32,False,01
L50_s2014_final,50,2014,final,37,1.0,1.0,0.0,0.0,32,False,20
L50_s2014_final,50,2014,final,38,1.0,1.0,0.0,0.0,32,False,f0
L50_s2014_final,50,2014,final,39,1.0,1.0,0.0,0.0,32,False,c5
L50_s2014_final,50,2014,final,40,1.0,1.0,0.0,0.0,32,False,01
L50_s2014_final,50,2014,final,41,1.0,1.0,0.0,0.0,32,False,c5
L50_s2014_final,50,2014,final,42,1.0,1.0,0.0,0.0,32,False,01
L50_s2014_final,50,2014,final,43,1.0,1.0,0.0,0.0,32,False,c5
L50_s2014_final,50,2014,final,44,1.0,1.0,0.0,0.0,32,False,01
L50_s2014_final,50,2014,final,45,1.0,1.0,0.0,0.0,32,False,c5
L50_s2014_final,50,2014,final,46,1.0,1.0,0.0,0.0,32,False,01
L50_s2014_final,50,2014,final,47,1.0,1.0,0.0,0.0,32,False,c5
L50_s2014_final,50,2014,final,48,1.0,1.0,0.0,0.0,32,False,01
L50_s2014_final,50,2014,final,49,1.0,1.0,0.0,0.0,32,False,c5
L50_s2015_first,50,2015,first,0,0.96875,0.90625,0.0,0.0,32,False,11
L50_s2015_first,50,2015,first,1,1.0,1.0,1.0,1.0,32,True,d5
L50_s2015_first,50,2015,first,2,1.0,1.0,1.0,1.0,32,True,11
L50_s2015_first,50,2015,first,3,1.0,0.96875,0.03125,0.03125,32,False,d5
L50_s2015_first,50,2015,first,4,1.0,0.9375,0.15625,0.15625,32,False,11
L50_s2015_first,50,2015,first,5,1.0,1.0,1.0,1.0,32,True,d5
L50_s2015_first,50,2015,first,6,1.0,1.0,1.0,1.0,32,True,11
L50_s2015_first,50,2015,first,7,0.96875,0.9375,0.09375,0.09375,32,False,d5
L50_s2015_first,50,2015,first,8,1.0,0.90625,0.03125,0.03125,32,False,11
L50_s2015_first,50,2015,first,9,1.0,1.0,1.0,1.0,32,True,d5
L50_s2015_first,50,2015,first,10,1.0,1.0,1.0,1.0,32,True,11
L50_s2015_first,50,2015,first,11,1.0,1.0,0.0625,0.0625,32,False,d5
L50_s2015_first,50,2015,first,12,1.0,0.84375,0.21875,0.21875,32,False,11
L50_s2015_first,50,2015,first,13,0.96875,0.96875,1.0,0.96875,32,True,d5
L50_s2015_first,50,2015,first,14,1.0,0.96875,1.0,1.0,32,True,11
L50_s2015_first,50,2015,first,15,0.96875,0.90625,0.21875,0.21875,32,False,d5
L50_s2015_first,50,2015,first,16,0.96875,0.96875,0.125,0.125,32,False,11
L50_s2015_first,50,2015,first,17,1.0,1.0,1.0,1.0,32,True,d5
L50_s2015_first,50,2015,first,18,1.0,0.96875,1.0,1.0,32,True,11
L50_s2015_first,50,2015,first,19,1.0,0.96875,0.0625,0.0625,32,False,d5
L50_s2015_first,50,2015,first,20,1.0,0.90625,0.0625,0.0625,32,False,11
L50_s2015_first,50,2015,first,21,1.0,0.96875,1.0,1.0,32,True,d5
L50_s2015_first,50,2015,first,22,1.0,1.0,1.0,1.0,32,True,11
L50_s2015_first,50,2015,first,23,0.96875,0.9375,0.0625,0.0625,32,False,d5
L50_s2015_first,50,2015,first,24,1.0,0.9375,0.03125,0.03125,32,False,11
L50_s2015_first,50,2015,first,25,1.0,0.96875,1.0,1.0,32,True,d5
L50_s2015_first,50,2015,first,26,1.0,1.0,1.0,1.0,32,True,11
L50_s2015_first,50,2015,first,27,0.96875,0.9375,0.125,0.125,32,False,d5
L50_s2015_first,50,2015,first,28,1.0,0.9375,0.0625,0.0625,32,False,11
L50_s2015_first,50,2015,first,29,1.0,1.0,1.0,1.0,32,True,d5
L50_s2015_first,50,2015,first,30,0.96875,0.96875,1.0,0.96875,32,True,11
L50_s2015_first,50,2015,first,31,0.96875,0.96875,0.0625,0.0625,32,False,d5
L50_s2015_first,50,2015,first,32,0.96875,0.90625,0.0625,0.0625,32,False,11
L50_s2015_first,50,2015,first,33,1.0,1.0,1.0,1.0,32,True,d5
L50_s2015_first,50,2015,first,34,1.0,1.0,1.0,1.0,32,True,11
L50_s2015_first,50,2015,first,35,1.0,1.0,0.0625,0.0625,32,False,d5
L50_s2015_first,50,2015,first,36,0.96875,0.96875,0.0,0.0,32,False,11
L50_s2015_first,50,2015,first,37,0.96875,0.96875,1.0,0.96875,32,True,d5
L50_s2015_first,50,2015,first,38,0.96875,0.96875,1.0,0.96875,32,True,11
L50_s2015_first,50,2015,first,39,1.0,1.0,0.0,0.0,32,False,d5
L50_s2015_first,50,2015,first,40,0.96875,0.96875,0.0,0.0,32,False,11
L50_s2015_first,50,2015,first,41,1.0,1.0,1.0,1.0,32,True,d5
L50_s2015_first,50,2015,first,42,1.0,0.96875,1.0,1.0,32,True,11
L50_s2015_first,50,2015,first,43,1.0,0.96875,0.03125,0.03125,32,False,d5
L50_s2015_first,50,2015,first,44,0.96875,0.9375,0.0,0.0,32,False,11
L50_s2015_first,50,2015,first,45,1.0,0.96875,1.0,1.0,32,True,d5
L50_s2015_first,50,2015,first,46,1.0,0.96875,1.0,1.0,32,True,11
L50_s2015_first,50,2015,first,47,0.9375,0.90625,0.0625,0.0625,32,False,d5
L50_s2015_first,50,2015,first,48,1.0,0.9375,0.03125,0.03125,32,False,11
L50_s2015_first,50,2015,first,49,1.0,1.0,0.0,0.0,32,False,d5
L50_s2015_final,50,2015,final,0,1.0,0.71875,0.03125,0.03125,32,False,01
L50_s2015_final,50,2015,final,1,1.0,1.0,0.0,0.0,32,False,c5
L50_s2015_final,50,2015,final,2,1.0,1.0,0.1875,0.1875,32,False,01
L50_s2015_final,50,2015,final,3,0.96875,0.90625,0.0,0.0,32,False,c5
L50_s2015_final,50,2015,final,4,0.9375,0.9375,0.03125,0.03125,32,False,01
L50_s2015_final,50,2015,final,5,0.875,0.875,0.0,0.0,32,False,c5
L50_s2015_final,50,2015,final,6,0.875,0.1875,0.0,0.0,32,False,01
L50_s2015_final,50,2015,final,7,0.78125,0.71875,0.0625,0.0,32,False,c5
L50_s2015_final,50,2015,final,8,0.90625,0.65625,0.09375,0.0625,32,False,01
L50_s2015_final,50,2015,final,9,0.3125,0.1875,0.875,0.25,32,False,20
L50_s2015_final,50,2015,final,10,0.8125,0.375,0.8125,0.65625,32,True,f0
L50_s2015_final,50,2015,final,11,0.90625,0.90625,0.0,0.0,32,False,c5
L50_s2015_final,50,2015,final,12,0.90625,0.6875,0.0,0.0,32,False,01
L50_s2015_final,50,2015,final,13,1.0,1.0,0.0,0.0,32,False,c5
L50_s2015_final,50,2015,final,14,0.75,0.75,0.0,0.0,32,False,01
L50_s2015_final,50,2015,final,15,0.96875,0.875,0.0,0.0,32,False,c5
L50_s2015_final,50,2015,final,16,0.9375,0.84375,0.0,0.0,32,False,01
L50_s2015_final,50,2015,final,17,0.96875,0.96875,0.0,0.0,32,False,c5
L50_s2015_final,50,2015,final,18,0.96875,0.9375,0.0,0.0,32,False,01
L50_s2015_final,50,2015,final,19,0.9375,0.84375,0.0,0.0,32,False,c5
L50_s2015_final,50,2015,final,20,0.96875,0.75,0.0,0.0,32,False,01
L50_s2015_final,50,2015,final,21,1.0,0.96875,0.0,0.0,32,False,c5
L50_s2015_final,50,2015,final,22,0.9375,0.9375,0.0,0.0,32,False,01
L50_s2015_final,50,2015,final,23,0.53125,0.1875,0.0,0.0,32,False,20
L50_s2015_final,50,2015,final,24,0.9375,0.4375,0.09375,0.09375,32,False,f0
L50_s2015_final,50,2015,final,25,1.0,1.0,0.0,0.0,32,False,c5
L50_s2015_final,50,2015,final,26,1.0,1.0,0.0,0.0,32,False,01
L50_s2015_final,50,2015,final,27,1.0,1.0,0.0,0.0,32,False,c5
L50_s2015_final,50,2015,final,28,1.0,1.0,0.0,0.0,32,False,01
L50_s2015_final,50,2015,final,29,1.0,1.0,0.0,0.0,32,False,c5
L50_s2015_final,50,2015,final,30,1.0,1.0,0.0,0.0,32,False,01
L50_s2015_final,50,2015,final,31,0.90625,0.90625,0.0,0.0,32,False,c5
L50_s2015_final,50,2015,final,32,0.90625,0.875,0.0,0.0,32,False,01
L50_s2015_final,50,2015,final,33,1.0,1.0,0.0,0.0,32,False,c5
L50_s2015_final,50,2015,final,34,1.0,1.0,0.0,0.0,32,False,01
L50_s2015_final,50,2015,final,35,0.96875,0.9375,0.0625,0.0625,32,False,c5
L50_s2015_final,50,2015,final,36,1.0,1.0,0.0,0.0,32,False,01
L50_s2015_final,50,2015,final,37,1.0,1.0,0.0,0.0,32,False,20
L50_s2015_final,50,2015,final,38,1.0,1.0,0.0,0.0,32,False,f0
L50_s2015_final,50,2015,final,39,1.0,1.0,0.0,0.0,32,False,c5
L50_s2015_final,50,2015,final,40,1.0,1.0,0.0,0.0,32,False,01
L50_s2015_final,50,2015,final,41,1.0,1.0,0.0,0.0,32,False,c5
L50_s2015_final,50,2015,final,42,1.0,1.0,0.0,0.0,32,False,01
L50_s2015_final,50,2015,final,43,1.0,1.0,0.0,0.0,32,False,c5
L50_s2015_final,50,2015,final,44,1.0,1.0,0.0,0.0,32,False,01
L50_s2015_final,50,2015,final,45,1.0,1.0,0.0,0.0,32,False,c5
L50_s2015_final,50,2015,final,46,1.0,1.0,0.0,0.0,32,False,01
L50_s2015_final,50,2015,final,47,1.0,1.0,0.0,0.0,32,False,c5
L50_s2015_final,50,2015,final,48,1.0,1.0,0.0,0.0,32,False,01
L50_s2015_final,50,2015,final,49,1.0,1.0,0.0,0.0,32,False,c5
L50_s2016_first,50,2016,first,0,1.0,0.9375,0.0,0.0,32,False,21
L50_s2016_first,50,2016,first,1,1.0,1.0,0.03125,0.03125,32,False,e5
L50_s2016_first,50,2016,first,2,1.0,0.96875,0.0,0.0,32,False,21
L50_s2016_first,50,2016,first,3,0.96875,0.90625,0.0,0.0,32,False,e5
L50_s2016_first,50,2016,first,4,1.0,0.90625,0.0625,0.0625,32,False,21
L50_s2016_first,50,2016,first,5,1.0,1.0,0.3125,0.3125,32,False,e5
L50_s2016_first,50,2016,first,6,1.0,1.0,0.09375,0.09375,32,False,21
L50_s2016_first,50,2016,first,7,1.0,0.96875,0.0,0.0,32,False,e5
L50_s2016_first,50,2016,first,8,0.96875,0.96875,0.0,0.0,32,False,21
L50_s2016_first,50,2016,first,9,1.0,1.0,0.28125,0.28125,32,False,e5
L50_s2016_first,50,2016,first,10,1.0,1.0,0.96875,0.96875,32,True,21
L50_s2016_first,50,2016,first,11,0.96875,0.875,0.0,0.0,32,False,e5
L50_s2016_first,50,2016,first,12,1.0,0.9375,0.03125,0.03125,32,False,21
L50_s2016_first,50,2016,first,13,1.0,1.0,0.84375,0.84375,32,True,e5
L50_s2016_first,50,2016,first,14,1.0,1.0,0.90625,0.90625,32,True,21
L50_s2016_first,50,2016,first,15,1.0,0.8125,0.0,0.0,32,False,e5
L50_s2016_first,50,2016,first,16,0.96875,0.96875,0.0,0.0,32,False,21
L50_s2016_first,50,2016,first,17,1.0,1.0,1.0,1.0,32,True,e5
L50_s2016_first,50,2016,first,18,1.0,0.96875,0.96875,0.96875,32,True,21
L50_s2016_first,50,2016,first,19,1.0,0.9375,0.03125,0.03125,32,False,e5
L50_s2016_first,50,2016,first,20,1.0,1.0,0.03125,0.03125,32,False,21
L50_s2016_first,50,2016,first,21,1.0,1.0,1.0,1.0,32,True,e5
L50_s2016_first,50,2016,first,22,0.96875,0.9375,1.0,0.96875,32,True,21
L50_s2016_first,50,2016,first,23,0.96875,0.96875,0.0,0.0,32,False,e5
L50_s2016_first,50,2016,first,24,1.0,0.96875,0.03125,0.03125,32,False,21
L50_s2016_first,50,2016,first,25,1.0,1.0,1.0,1.0,32,True,e5
L50_s2016_first,50,2016,first,26,1.0,1.0,1.0,1.0,32,True,21
L50_s2016_first,50,2016,first,27,1.0,0.875,0.09375,0.09375,32,False,e5
L50_s2016_first,50,2016,first,28,1.0,0.96875,0.0,0.0,32,False,21
L50_s2016_first,50,2016,first,29,1.0,1.0,1.0,1.0,32,True,e5
L50_s2016_first,50,2016,first,30,1.0,1.0,1.0,1.0,32,True,21
L50_s2016_first,50,2016,first,31,0.96875,0.90625,0.0,0.0,32,False,e5
L50_s2016_first,50,2016,first,32,0.96875,0.96875,0.03125,0.03125,32,False,21
L50_s2016_first,50,2016,first,33,1.0,0.96875,1.0,1.0,32,True,e5
L50_s2016_first,50,2016,first,34,1.0,0.9375,1.0,1.0,32,True,21
L50_s2016_first,50,2016,first,35,1.0,0.96875,0.0,0.0,32,False,e5
L50_s2016_first,50,2016,first,36,0.96875,0.96875,0.0625,0.0625,32,False,21
L50_s2016_first,50,2016,first,37,1.0,0.9375,1.0,1.0,32,True,e5
L50_s2016_first,50,2016,first,38,1.0,0.96875,1.0,1.0,32,True,21
L50_s2016_first,50,2016,first,39,1.0,1.0,0.0,0.0,32,False,e5
L50_s2016_first,50,2016,first,40,1.0,1.0,0.0,0.0,32,False,21
L50_s2016_first,50,2016,first,41,1.0,0.9375,1.0,1.0,32,True,e5
L50_s2016_first,50,2016,first,42,1.0,0.84375,1.0,1.0,32,True,21
L50_s2016_first,50,2016,first,43,1.0,1.0,0.0,0.0,32,False,e5
L50_s2016_first,50,2016,first,44,1.0,0.96875,0.0,0.0,32,False,21
L50_s2016_first,50,2016,first,45,0.96875,0.96875,1.0,0.96875,32,True,e5
L50_s2016_first,50,2016,first,46,1.0,0.96875,0.96875,0.96875,32,True,21
L50_s2016_first,50,2016,first,47,0.96875,0.96875,0.0,0.0,32,False,e5
L50_s2016_first,50,2016,first,48,0.9375,0.84375,0.0,0.0,32,False,21
L50_s2016_first,50,2016,first,49,1.0,1.0,0.0,0.0,32,False,e5
L50_s2016_final,50,2016,final,0,0.9375,0.65625,0.0,0.0,32,False,21
L50_s2016_final,50,2016,final,1,1.0,1.0,0.0625,0.0625,32,False,e5
L50_s2016_final,50,2016,final,2,1.0,0.96875,0.28125,0.28125,32,False,21
L50_s2016_final,50,2016,final,3,0.9375,0.875,0.0,0.0,32,False,e5
L50_s2016_final,50,2016,final,4,0.875,0.84375,0.09375,0.03125,32,False,21
L50_s2016_final,50,2016,final,5,0.875,0.875,0.0,0.0,32,False,e5
L50_s2016_final,50,2016,final,6,0.8125,0.1875,0.0,0.0,32,False,21
L50_s2016_final,50,2016,final,7,0.90625,0.78125,0.0,0.0,32,False,e5
L50_s2016_final,50,2016,final,8,0.96875,0.71875,0.0,0.0,32,False,21
L50_s2016_final,50,2016,final,9,0.84375,0.4375,0.875,0.8125,32,True,20
L50_s2016_final,50,2016,final,10,0.84375,0.3125,0.75,0.625,32,True,f0
L50_s2016_final,50,2016,final,11,0.9375,0.8125,0.0,0.0,32,False,e5
L50_s2016_final,50,2016,final,12,0.9375,0.71875,0.0,0.0,32,False,21
L50_s2016_final,50,2016,final,13,0.875,0.875,0.03125,0.0,32,False,e5
L50_s2016_final,50,2016,final,14,0.78125,0.78125,0.0,0.0,32,False,21
L50_s2016_final,50,2016,final,15,1.0,0.90625,0.0,0.0,32,False,e5
L50_s2016_final,50,2016,final,16,1.0,0.78125,0.0,0.0,32,False,21
L50_s2016_final,50,2016,final,17,0.8125,0.8125,0.0,0.0,32,False,e5
L50_s2016_final,50,2016,final,18,0.9375,0.90625,0.03125,0.03125,32,False,21
L50_s2016_final,50,2016,final,19,1.0,0.90625,0.0,0.0,32,False,e5
L50_s2016_final,50,2016,final,20,0.96875,0.59375,0.0,0.0,32,False,21
L50_s2016_final,50,2016,final,21,0.90625,0.875,0.0,0.0,32,False,e5
L50_s2016_final,50,2016,final,22,0.96875,0.96875,0.03125,0.03125,32,False,21
L50_s2016_final,50,2016,final,23,0.9375,0.28125,0.0,0.0,32,False,20
L50_s2016_final,50,2016,final,24,0.90625,0.5,0.0625,0.0625,32,False,f0
L50_s2016_final,50,2016,final,25,1.0,1.0,0.0,0.0,32,False,e5
L50_s2016_final,50,2016,final,26,1.0,1.0,0.0,0.0,32,False,21
L50_s2016_final,50,2016,final,27,1.0,1.0,0.0,0.0,32,False,e5
L50_s2016_final,50,2016,final,28,1.0,1.0,0.0,0.0,32,False,21
L50_s2016_final,50,2016,final,29,1.0,1.0,0.0,0.0,32,False,e5
L50_s2016_final,50,2016,final,30,1.0,1.0,0.0,0.0,32,False,21
L50_s2016_final,50,2016,final,31,0.90625,0.75,0.0,0.0,32,False,e5
L50_s2016_final,50,2016,final,32,0.96875,0.90625,0.0,0.0,32,False,21
L50_s2016_final,50,2016,final,33,0.84375,0.84375,0.0,0.0,32,False,e5
L50_s2016_final,50,2016,final,34,0.96875,0.96875,0.0,0.0,32,False,21
L50_s2016_final,50,2016,final,35,0.9375,0.84375,0.25,0.25,32,False,e5
L50_s2016_final,50,2016,final,36,1.0,1.0,0.0,0.0,32,False,21
L50_s2016_final,50,2016,final,37,1.0,1.0,0.0,0.0,32,False,20
L50_s2016_final,50,2016,final,38,1.0,1.0,0.0,0.0,32,False,f0
L50_s2016_final,50,2016,final,39,1.0,1.0,0.0,0.0,32,False,e5
L50_s2016_final,50,2016,final,40,1.0,1.0,0.0,0.0,32,False,21
L50_s2016_final,50,2016,final,41,1.0,1.0,0.0,0.0,32,False,e5
L50_s2016_final,50,2016,final,42,1.0,1.0,0.0,0.0,32,False,21
L50_s2016_final,50,2016,final,43,1.0,1.0,0.0,0.0,32,False,e5
L50_s2016_final,50,2016,final,44,1.0,1.0,0.0,0.0,32,False,21
L50_s2016_final,50,2016,final,45,1.0,1.0,0.0,0.0,32,False,e5
L50_s2016_final,50,2016,final,46,1.0,1.0,0.0,0.0,32,False,21
L50_s2016_final,50,2016,final,47,1.0,1.0,0.0,0.0,32,False,e5
L50_s2016_final,50,2016,final,48,1.0,1.0,0.0,0.0,32,False,21
L50_s2016_final,50,2016,final,49,1.0,1.0,0.0,0.0,32,False,e5
L50_s2017_first,50,2017,first,0,0.9375,0.84375,0.0,0.0,32,False,01
L50_s2017_first,50,2017,first,1,1.0,1.0,0.1875,0.1875,32,False,c5
L50_s2017_first,50,2017,first,2,1.0,1.0,0.09375,0.09375,32,False,01
L50_s2017_first,50,2017,first,3,1.0,0.96875,0.0,0.0,32,False,c5
L50_s2017_first,50,2017,first,4,0.9375,0.9375,0.0625,0.0625,32,False,01
L50_s2017_first,50,2017,first,5,1.0,1.0,1.0,1.0,32,True,c5
L50_s2017_first,50,2017,first,6,1.0,1.0,0.78125,0.78125,32,True,01
L50_s2017_first,50,2017,first,7,0.96875,0.9375,0.03125,0.03125,32,False,c5
L50_s2017_first,50,2017,first,8,0.9375,0.875,0.0,0.0,32,False,01
L50_s2017_first,50,2017,first,9,1.0,1.0,1.0,1.0,32,True,c5
L50_s2017_first,50,2017,first,10,1.0,0.9375,0.90625,0.90625,32,True,01
L50_s2017_first,50,2017,first,11,1.0,1.0,0.0,0.0,32,False,c5
L50_s2017_first,50,2017,first,12,0.96875,0.9375,0.0,0.0,32,False,01
L50_s2017_first,50,2017,first,13,1.0,0.96875,1.0,1.0,32,True,c5
L50_s2017_first,50,2017,first,14,1.0,0.96875,1.0,1.0,32,True,01
L50_s2017_first,50,2017,first,15,1.0,0.96875,0.0,0.0,32,False,c5
L50_s2017_first,50,2017,first,16,0.9375,0.8125,0.0,0.0,32,False,01
L50_s2017_first,50,2017,first,17,1.0,1.0,1.0,1.0,32,True,c5
L50_s2017_first,50,2017,first,18,1.0,1.0,1.0,1.0,32,True,01
L50_s2017_first,50,2017,first,19,0.96875,0.90625,0.0,0.0,32,False,c5
L50_s2017_first,50,2017,first,20,1.0,0.9375,0.0,0.0,32,False,01
L50_s2017_first,50,2017,first,21,1.0,0.96875,1.0,1.0,32,True,c5
L50_s2017_first,50,2017,first,22,1.0,1.0,1.0,1.0,32,True,01
L50_s2017_first,50,2017,first,23,1.0,1.0,0.0,0.0,32,False,c5
L50_s2017_first,50,2017,first,24,0.96875,0.90625,0.0,0.0,32,False,01
L50_s2017_first,50,2017,first,25,1.0,0.96875,1.0,1.0,32,True,c5
L50_s2017_first,50,2017,first,26,1.0,1.0,1.0,1.0,32,True,01
L50_s2017_first,50,2017,first,27,1.0,0.96875,0.0,0.0,32,False,c5
L50_s2017_first,50,2017,first,28,1.0,1.0,0.0,0.0,32,False,01
L50_s2017_first,50,2017,first,29,1.0,0.96875,1.0,1.0,32,True,c5
L50_s2017_first,50,2017,first,30,1.0,1.0,1.0,1.0,32,True,01
L50_s2017_first,50,2017,first,31,1.0,0.96875,0.0,0.0,32,False,c5
L50_s2017_first,50,2017,first,32,0.9375,0.90625,0.0,0.0,32,False,01
L50_s2017_first,50,2017,first,33,1.0,0.96875,1.0,1.0,32,True,c5
L50_s2017_first,50,2017,first,34,0.96875,0.96875,1.0,0.96875,32,True,01
L50_s2017_first,50,2017,first,35,1.0,0.9375,0.125,0.125,32,False,c5
L50_s2017_first,50,2017,first,36,0.96875,0.9375,0.03125,0.03125,32,False,01
L50_s2017_first,50,2017,first,37,0.96875,0.90625,1.0,0.96875,32,True,c5
L50_s2017_first,50,2017,first,38,0.96875,0.96875,1.0,0.96875,32,True,01
L50_s2017_first,50,2017,first,39,0.96875,0.9375,0.125,0.125,32,False,c5
L50_s2017_first,50,2017,first,40,1.0,1.0,0.0,0.0,32,False,01
L50_s2017_first,50,2017,first,41,1.0,1.0,1.0,1.0,32,True,c5
L50_s2017_first,50,2017,first,42,1.0,0.96875,1.0,1.0,32,True,01
L50_s2017_first,50,2017,first,43,1.0,1.0,0.09375,0.09375,32,False,c5
L50_s2017_first,50,2017,first,44,1.0,1.0,0.0,0.0,32,False,01
L50_s2017_first,50,2017,first,45,1.0,1.0,1.0,1.0,32,True,c5
L50_s2017_first,50,2017,first,46,0.9375,0.8125,1.0,0.9375,32,True,01
L50_s2017_first,50,2017,first,47,1.0,0.9375,0.03125,0.03125,32,False,c5
L50_s2017_first,50,2017,first,48,1.0,0.875,0.0625,0.0625,32,False,01
L50_s2017_first,50,2017,first,49,1.0,1.0,0.0,0.0,32,False,c5
L50_s2017_final,50,2017,final,0,0.8125,0.5,0.0,0.0,32,False,01
L50_s2017_final,50,2017,final,1,1.0,0.96875,0.0,0.0,32,False,c5
L50_s2017_final,50,2017,final,2,1.0,0.96875,0.21875,0.21875,32,False,01
L50_s2017_final,50,2017,final,3,0.875,0.78125,0.0625,0.0625,32,False,c5
L50_s2017_final,50,2017,final,4,0.9375,0.5625,0.0625,0.0625,32,False,01
L50_s2017_final,50,2017,final,5,0.9375,0.9375,0.0,0.0,32,False,c5
L50_s2017_final,50,2017,final,6,0.9375,0.21875,0.0,0.0,32,False,01
L50_s2017_final,50,2017,final,7,0.65625,0.625,0.0625,0.0625,32,False,c5
L50_s2017_final,50,2017,final,8,0.9375,0.6875,0.0625,0.0625,32,False,01
L50_s2017_final,50,2017,final,9,0.46875,0.1875,0.8125,0.40625,32,False,20
L50_s2017_final,50,2017,final,10,0.6875,0.21875,0.65625,0.46875,32,False,f0
L50_s2017_final,50,2017,final,11,0.96875,0.75,0.0,0.0,32,False,c5
L50_s2017_final,50,2017,final,12,0.78125,0.53125,0.0,0.0,32,False,01
L50_s2017_final,50,2017,final,13,0.9375,0.9375,0.0,0.0,32,False,c5
L50_s2017_final,50,2017,final,14,0.875,0.875,0.0,0.0,32,False,01
L50_s2017_final,50,2017,final,15,0.96875,0.625,0.0,0.0,32,False,c5
L50_s2017_final,50,2017,final,16,0.9375,0.75,0.0,0.0,32,False,01
L50_s2017_final,50,2017,final,17,0.90625,0.90625,0.0,0.0,32,False,c5
L50_s2017_final,50,2017,final,18,0.9375,0.875,0.0,0.0,32,False,01
L50_s2017_final,50,2017,final,19,0.9375,0.65625,0.0,0.0,32,False,c5
L50_s2017_final,50,2017,final,20,0.96875,0.75,0.0,0.0,32,False,01
L50_s2017_final,50,2017,final,21,0.96875,0.96875,0.0,0.0,32,False,c5
L50_s2017_final,50,2017,final,22,0.96875,0.96875,0.0,0.0,32,False,01
L50_s2017_final,50,2017,final,23,0.59375,0.125,0.09375,0.0,32,False,20
L50_s2017_final,50,2017,final,24,0.90625,0.4375,0.03125,0.03125,32,False,f0
L50_s2017_final,50,2017,final,25,1.0,1.0,0.0,0.0,32,False,c5
L50_s2017_final,50,2017,final,26,1.0,1.0,0.0,0.0,32,False,01
L50_s2017_final,50,2017,final,27,1.0,1.0,0.0,0.0,32,False,c5
L50_s2017_final,50,2017,final,28,1.0,1.0,0.0,0.0,32,False,01
L50_s2017_final,50,2017,final,29,1.0,1.0,0.0,0.0,32,False,c5
L50_s2017_final,50,2017,final,30,1.0,1.0,0.0,0.0,32,False,01
L50_s2017_final,50,2017,final,31,0.90625,0.875,0.0,0.0,32,False,c5
L50_s2017_final,50,2017,final,32,1.0,0.9375,0.0,0.0,32,False,01
L50_s2017_final,50,2017,final,33,0.96875,0.96875,0.0,0.0,32,False,c5
L50_s2017_final,50,2017,final,34,1.0,1.0,0.0,0.0,32,False,01
L50_s2017_final,50,2017,final,35,0.96875,0.875,0.03125,0.03125,32,False,c5
L50_s2017_final,50,2017,final,36,1.0,1.0,0.0,0.0,32,False,01
L50_s2017_final,50,2017,final,37,1.0,1.0,0.0,0.0,32,False,20
L50_s2017_final,50,2017,final,38,1.0,1.0,0.0,0.0,32,False,f0
L50_s2017_final,50,2017,final,39,1.0,1.0,0.0,0.0,32,False,c5
L50_s2017_final,50,2017,final,40,1.0,1.0,0.0,0.0,32,False,01
L50_s2017_final,50,2017,final,41,1.0,1.0,0.0,0.0,32,False,c5
L50_s2017_final,50,2017,final,42,1.0,1.0,0.0,0.0,32,False,01
L50_s2017_final,50,2017,final,43,1.0,1.0,0.0,0.0,32,False,c5
L50_s2017_final,50,2017,final,44,1.0,1.0,0.0,0.0,32,False,01
L50_s2017_final,50,2017,final,45,1.0,1.0,0.0,0.0,32,False,c5
L50_s2017_final,50,2017,final,46,1.0,1.0,0.0,0.0,32,False,01
L50_s2017_final,50,2017,final,47,1.0,1.0,0.0,0.0,32,False,c5
L50_s2017_final,50,2017,final,48,1.0,1.0,0.0,0.0,32,False,01
L50_s2017_final,50,2017,final,49,1.0,1.0,0.0,0.0,32,False,c5
L50_s2018_first,50,2018,first,0,1.0,0.9375,0.0,0.0,32,False,21
L50_s2018_first,50,2018,first,1,1.0,1.0,1.0,1.0,32,True,e5
L50_s2018_first,50,2018,first,2,1.0,1.0,0.9375,0.9375,32,True,21
L50_s2018_first,50,2018,first,3,1.0,0.90625,0.0,0.0,32,False,e5
L50_s2018_first,50,2018,first,4,1.0,0.96875,0.09375,0.09375,32,False,21
L50_s2018_first,50,2018,first,5,1.0,1.0,1.0,1.0,32,True,e5
L50_s2018_first,50,2018,first,6,1.0,1.0,1.0,1.0,32,True,21
L50_s2018_first,50,2018,first,7,0.96875,0.9375,0.125,0.125,32,False,e5
L50_s2018_first,50,2018,first,8,0.96875,0.875,0.0,0.0,32,False,21
L50_s2018_first,50,2018,first,9,1.0,1.0,1.0,1.0,32,True,e5
L50_s2018_first,50,2018,first,10,1.0,1.0,1.0,1.0,32,True,21
L50_s2018_first,50,2018,first,11,0.96875,0.875,0.09375,0.09375,32,False,e5
L50_s2018_first,50,2018,first,12,1.0,0.96875,0.125,0.125,32,False,21
L50_s2018_first,50,2018,first,13,0.96875,0.96875,1.0,0.96875,32,True,e5
L50_s2018_first,50,2018,first,14,1.0,1.0,1.0,1.0,32,True,21
L50_s2018_first,50,2018,first,15,0.96875,0.96875,0.09375,0.09375,32,False,e5
L50_s2018_first,50,2018,first,16,1.0,1.0,0.15625,0.15625,32,False,21
L50_s2018_first,50,2018,first,17,1.0,0.96875,1.0,1.0,32,True,e5
L50_s2018_first,50,2018,first,18,1.0,0.96875,1.0,1.0,32,True,21
L50_s2018_first,50,2018,first,19,1.0,0.96875,0.09375,0.09375,32,False,e5
L50_s2018_first,50,2018,first,20,1.0,0.96875,0.25,0.25,32,False,21
L50_s2018_first,50,2018,first,21,0.96875,0.9375,1.0,0.96875,32,True,e5
L50_s2018_first,50,2018,first,22,1.0,0.96875,1.0,1.0,32,True,21
L50_s2018_first,50,2018,first,23,0.96875,0.90625,0.15625,0.15625,32,False,e5
L50_s2018_first,50,2018,first,24,1.0,1.0,0.03125,0.03125,32,False,21
L50_s2018_first,50,2018,first,25,1.0,1.0,1.0,1.0,32,True,e5
L50_s2018_first,50,2018,first,26,1.0,0.9375,1.0,1.0,32,True,21
L50_s2018_first,50,2018,first,27,1.0,1.0,0.03125,0.03125,32,False,e5
L50_s2018_first,50,2018,first,28,1.0,1.0,0.0625,0.0625,32,False,21
L50_s2018_first,50,2018,first,29,1.0,0.96875,1.0,1.0,32,True,e5
L50_s2018_first,50,2018,first,30,1.0,0.9375,1.0,1.0,32,True,21
L50_s2018_first,50,2018,first,31,0.9375,0.9375,0.0625,0.0625,32,False,e5
L50_s2018_first,50,2018,first,32,0.96875,0.9375,0.125,0.125,32,False,21
L50_s2018_first,50,2018,first,33,1.0,1.0,1.0,1.0,32,True,e5
L50_s2018_first,50,2018,first,34,1.0,1.0,1.0,1.0,32,True,21
L50_s2018_first,50,2018,first,35,1.0,0.96875,0.1875,0.1875,32,False,e5
L50_s2018_first,50,2018,first,36,1.0,0.96875,0.0625,0.0625,32,False,21
L50_s2018_first,50,2018,first,37,1.0,1.0,1.0,1.0,32,True,e5
L50_s2018_first,50,2018,first,38,1.0,1.0,1.0,1.0,32,True,21
L50_s2018_first,50,2018,first,39,1.0,0.96875,0.0625,0.0625,32,False,e5
L50_s2018_first,50,2018,first,40,1.0,1.0,0.0,0.0,32,False,21
L50_s2018_first,50,2018,first,41,1.0,1.0,1.0,1.0,32,True,e5
L50_s2018_first,50,2018,first,42,1.0,1.0,1.0,1.0,32,True,21
L50_s2018_first,50,2018,first,43,1.0,0.9375,0.0,0.0,32,False,e5
L50_s2018_first,50,2018,first,44,1.0,1.0,0.0,0.0,32,False,21
L50_s2018_first,50,2018,first,45,0.96875,0.96875,1.0,0.96875,32,True,e5
L50_s2018_first,50,2018,first,46,1.0,1.0,1.0,1.0,32,True,21
L50_s2018_first,50,2018,first,47,0.9375,0.90625,0.0,0.0,32,False,e5
L50_s2018_first,50,2018,first,48,0.9375,0.84375,0.0,0.0,32,False,21
L50_s2018_first,50,2018,first,49,1.0,1.0,0.0,0.0,32,False,e5
L50_s2018_final,50,2018,final,0,1.0,0.65625,0.0,0.0,32,False,21
L50_s2018_final,50,2018,final,1,1.0,1.0,0.03125,0.03125,32,False,e5
L50_s2018_final,50,2018,final,2,1.0,1.0,0.375,0.375,32,False,21
L50_s2018_final,50,2018,final,3,0.84375,0.78125,0.0,0.0,32,False,e5
L50_s2018_final,50,2018,final,4,0.9375,0.875,0.03125,0.03125,32,False,21
L50_s2018_final,50,2018,final,5,0.875,0.875,0.0,0.0,32,False,e5
L50_s2018_final,50,2018,final,6,1.0,0.28125,0.0,0.0,32,False,21
L50_s2018_final,50,2018,final,7,0.9375,0.875,0.0,0.0,32,False,e5
L50_s2018_final,50,2018,final,8,0.875,0.65625,0.0625,0.03125,32,False,21
L50_s2018_final,50,2018,final,9,0.8125,0.3125,0.75,0.65625,32,True,20
L50_s2018_final,50,2018,final,10,0.78125,0.25,0.8125,0.625,32,True,f0
L50_s2018_final,50,2018,final,11,1.0,0.90625,0.0,0.0,32,False,e5
L50_s2018_final,50,2018,final,12,0.90625,0.6875,0.0,0.0,32,False,21
L50_s2018_final,50,2018,final,13,0.96875,0.96875,0.0,0.0,32,False,e5
L50_s2018_final,50,2018,final,14,0.71875,0.71875,0.0,0.0,32,False,21
L50_s2018_final,50,2018,final,15,1.0,1.0,0.0,0.0,32,False,e5
L50_s2018_final,50,2018,final,16,1.0,0.9375,0.03125,0.03125,32,False,21
L50_s2018_final,50,2018,final,17,0.9375,0.9375,0.0,0.0,32,False,e5
L50_s2018_final,50,2018,final,18,0.96875,0.96875,0.0,0.0,32,False,21
L50_s2018_final,50,2018,final,19,0.84375,0.6875,0.0,0.0,32,False,e5
L50_s2018_final,50,2018,final,20,0.96875,0.78125,0.0,0.0,32,False,21
L50_s2018_final,50,2018,final,21,0.96875,0.96875,0.0,0.0,32,False,e5
L50_s2018_final,50,2018,final,22,0.96875,0.9375,0.0,0.0,32,False,21
L50_s2018_final,50,2018,final,23,0.90625,0.6875,0.0,0.0,32,False,20
L50_s2018_final,50,2018,final,24,1.0,0.375,0.0625,0.0625,32,False,f0
L50_s2018_final,50,2018,final,25,1.0,1.0,0.0,0.0,32,False,e5
L50_s2018_final,50,2018,final,26,1.0,1.0,0.0,0.0,32,False,21
L50_s2018_final,50,2018,final,27,1.0,1.0,0.0,0.0,32,False,e5
L50_s2018_final,50,2018,final,28,1.0,1.0,0.0,0.0,32,False,21
L50_s2018_final,50,2018,final,29,1.0,1.0,0.0,0.0,32,False,e5
L50_s2018_final,50,2018,final,30,1.0,1.0,0.0,0.0,32,False,21
L50_s2018_final,50,2018,final,31,0.96875,0.90625,0.03125,0.03125,32,False,e5
L50_s2018_final,50,2018,final,32,1.0,0.90625,0.03125,0.03125,32,False,21
L50_s2018_final,50,2018,final,33,0.96875,0.96875,0.0,0.0,32,False,e5
L50_s2018_final,50,2018,final,34,0.9375,0.9375,0.0,0.0,32,False,21
L50_s2018_final,50,2018,final,35,0.96875,0.8125,0.09375,0.09375,32,False,e5
L50_s2018_final,50,2018,final,36,1.0,1.0,0.0,0.0,32,False,21
L50_s2018_final,50,2018,final,37,1.0,1.0,0.0,0.0,32,False,20
L50_s2018_final,50,2018,final,38,1.0,1.0,0.0,0.0,32,False,f0
L50_s2018_final,50,2018,final,39,1.0,1.0,0.0,0.0,32,False,e5
L50_s2018_final,50,2018,final,40,1.0,1.0,0.0,0.0,32,False,21
L50_s2018_final,50,2018,final,41,1.0,1.0,0.0,0.0,32,False,e5
L50_s2018_final,50,2018,final,42,1.0,1.0,0.0,0.0,32,False,21
L50_s2018_final,50,2018,final,43,1.0,1.0,0.0,0.0,32,False,e5
L50_s2018_final,50,2018,final,44,1.0,1.0,0.0,0.0,32,False,21
L50_s2018_final,50,2018,final,45,1.0,1.0,0.0,0.0,32,False,e5
L50_s2018_final,50,2018,final,46,1.0,1.0,0.0,0.0,32,False,21
L50_s2018_final,50,2018,final,47,1.0,1.0,0.0,0.0,32,False,e5
L50_s2018_final,50,2018,final,48,1.0,1.0,0.0,0.0,32,False,21
L50_s2018_final,50,2018,final,49,1.0,1.0,0.0,0.0,32,False,e5
L50_s2019_first,50,2019,first,0,0.90625,0.71875,0.03125,0.03125,32,False,01
L50_s2019_first,50,2019,first,1,1.0,1.0,0.0625,0.0625,32,False,c5
L50_s2019_first,50,2019,first,2,1.0,0.96875,0.1875,0.1875,32,False,01
L50_s2019_first,50,2019,first,3,0.96875,0.875,0.0625,0.0625,32,False,c5
L50_s2019_first,50,2019,first,4,0.9375,0.6875,0.0,0.0,32,False,01
L50_s2019_first,50,2019,first,5,1.0,0.96875,0.8125,0.8125,32,True,c5
L50_s2019_first,50,2019,first,6,1.0,0.96875,0.125,0.125,32,False,01
L50_s2019_first,50,2019,first,7,0.96875,0.875,0.125,0.09375,32,False,c5
L50_s2019_first,50,2019,first,8,0.96875,0.84375,0.0625,0.0625,32,False,01
L50_s2019_first,50,2019,first,9,1.0,0.96875,1.0,1.0,32,True,c5
L50_s2019_first,50,2019,first,10,1.0,0.84375,0.90625,0.90625,32,True,01
L50_s2019_first,50,2019,first,11,0.9375,0.90625,0.0625,0.03125,32,False,c5
L50_s2019_first,50,2019,first,12,0.90625,0.8125,0.09375,0.0625,32,False,01
L50_s2019_first,50,2019,first,13,1.0,0.9375,1.0,1.0,32,True,c5
L50_s2019_first,50,2019,first,14,1.0,0.96875,0.40625,0.40625,32,False,01
L50_s2019_first,50,2019,first,15,0.9375,0.8125,0.03125,0.03125,32,False,c5
L50_s2019_first,50,2019,first,16,0.9375,0.6875,0.0625,0.03125,32,False,01
L50_s2019_first,50,2019,first,17,1.0,1.0,1.0,1.0,32,True,c5
L50_s2019_first,50,2019,first,18,1.0,0.9375,1.0,1.0,32,True,01
L50_s2019_first,50,2019,first,19,1.0,0.9375,0.03125,0.03125,32,False,c5
L50_s2019_first,50,2019,first,20,0.875,0.71875,0.0625,0.0,32,False,01
L50_s2019_first,50,2019,first,21,1.0,0.9375,1.0,1.0,32,True,c5
L50_s2019_first,50,2019,first,22,1.0,0.9375,1.0,1.0,32,True,01
L50_s2019_first,50,2019,first,23,0.9375,0.84375,0.25,0.21875,32,False,c5
L50_s2019_first,50,2019,first,24,1.0,0.90625,0.0625,0.0625,32,False,01
L50_s2019_first,50,2019,first,25,1.0,0.96875,1.0,1.0,32,True,c5
L50_s2019_first,50,2019,first,26,1.0,0.96875,1.0,1.0,32,True,01
L50_s2019_first,50,2019,first,27,1.0,0.9375,0.09375,0.09375,32,False,c5
L50_s2019_first,50,2019,first,28,0.96875,0.75,0.1875,0.1875,32,False,01
L50_s2019_first,50,2019,first,29,1.0,1.0,1.0,1.0,32,True,c5
L50_s2019_first,50,2019,first,30,1.0,1.0,1.0,1.0,32,True,01
L50_s2019_first,50,2019,first,31,0.96875,0.875,0.0625,0.0625,32,False,c5
L50_s2019_first,50,2019,first,32,1.0,0.90625,0.0625,0.0625,32,False,01
L50_s2019_first,50,2019,first,33,1.0,0.90625,1.0,1.0,32,True,c5
L50_s2019_first,50,2019,first,34,1.0,0.96875,1.0,1.0,32,True,01
L50_s2019_first,50,2019,first,35,0.96875,0.78125,0.0625,0.0625,32,False,c5
L50_s2019_first,50,2019,first,36,1.0,0.90625,0.03125,0.03125,32,False,01
L50_s2019_first,50,2019,first,37,1.0,0.9375,1.0,1.0,32,True,c5
L50_s2019_first,50,2019,first,38,1.0,1.0,1.0,1.0,32,True,01
L50_s2019_first,50,2019,first,39,1.0,0.90625,0.15625,0.15625,32,False,c5
L50_s2019_first,50,2019,first,40,1.0,0.875,0.03125,0.03125,32,False,01
L50_s2019_first,50,2019,first,41,1.0,1.0,1.0,1.0,32,True,c5
L50_s2019_first,50,2019,first,42,1.0,1.0,1.0,1.0,32,True,01
L50_s2019_first,50,2019,first,43,1.0,0.96875,0.0625,0.0625,32,False,c5
L50_s2019_first,50,2019,first,44,0.96875,0.8125,0.125,0.125,32,False,01
L50_s2019_first,50,2019,first,45,1.0,0.84375,1.0,1.0,32,True,c5
L50_s2019_first,50,2019,first,46,1.0,0.8125,1.0,1.0,32,True,01
L50_s2019_first,50,2019,first,47,0.9375,0.84375,0.0,0.0,32,False,c5
L50_s2019_first,50,2019,first,48,0.96875,0.84375,0.0,0.0,32,False,01
L50_s2019_first,50,2019,first,49,1.0,1.0,0.3125,0.3125,32,False,c5
L50_s2019_final,50,2019,final,0,0.9375,0.71875,0.0,0.0,32,False,01
L50_s2019_final,50,2019,final,1,1.0,1.0,0.03125,0.03125,32,False,c5
L50_s2019_final,50,2019,final,2,0.96875,0.96875,0.25,0.21875,32,False,01
L50_s2019_final,50,2019,final,3,0.9375,0.90625,0.03125,0.03125,32,False,c5
L50_s2019_final,50,2019,final,4,0.90625,0.875,0.03125,0.0,32,False,01
L50_s2019_final,50,2019,final,5,0.9375,0.9375,0.0,0.0,32,False,c5
L50_s2019_final,50,2019,final,6,0.9375,0.21875,0.0,0.0,32,False,01
L50_s2019_final,50,2019,final,7,0.90625,0.84375,0.09375,0.0625,32,False,c5
L50_s2019_final,50,2019,final,8,0.90625,0.8125,0.0,0.0,32,False,01
L50_s2019_final,50,2019,final,9,0.53125,0.28125,0.8125,0.40625,32,False,20
L50_s2019_final,50,2019,final,10,0.53125,0.25,0.75,0.46875,32,False,f0
L50_s2019_final,50,2019,final,11,0.96875,0.90625,0.0,0.0,32,False,c5
L50_s2019_final,50,2019,final,12,0.9375,0.59375,0.0,0.0,32,False,01
L50_s2019_final,50,2019,final,13,0.96875,0.96875,0.0,0.0,32,False,c5
L50_s2019_final,50,2019,final,14,0.75,0.75,0.0,0.0,32,False,01
L50_s2019_final,50,2019,final,15,0.9375,0.90625,0.0,0.0,32,False,c5
L50_s2019_final,50,2019,final,16,0.90625,0.84375,0.0,0.0,32,False,01
L50_s2019_final,50,2019,final,17,0.9375,0.9375,0.0,0.0,32,False,c5
L50_s2019_final,50,2019,final,18,0.96875,0.90625,0.0,0.0,32,False,01
L50_s2019_final,50,2019,final,19,0.9375,0.90625,0.03125,0.03125,32,False,c5
L50_s2019_final,50,2019,final,20,0.96875,0.8125,0.0,0.0,32,False,01
L50_s2019_final,50,2019,final,21,1.0,1.0,0.0,0.0,32,False,c5
L50_s2019_final,50,2019,final,22,0.9375,0.9375,0.0,0.0,32,False,01
L50_s2019_final,50,2019,final,23,0.96875,0.15625,0.0,0.0,32,False,20
L50_s2019_final,50,2019,final,24,0.9375,0.5,0.0625,0.0625,32,False,f0
L50_s2019_final,50,2019,final,25,1.0,1.0,0.0,0.0,32,False,c5
L50_s2019_final,50,2019,final,26,1.0,1.0,0.0,0.0,32,False,01
L50_s2019_final,50,2019,final,27,1.0,1.0,0.0,0.0,32,False,c5
L50_s2019_final,50,2019,final,28,1.0,1.0,0.0,0.0,32,False,01
L50_s2019_final,50,2019,final,29,1.0,1.0,0.0,0.0,32,False,c5
L50_s2019_final,50,2019,final,30,1.0,1.0,0.0,0.0,32,False,01
L50_s2019_final,50,2019,final,31,0.9375,0.90625,0.0,0.0,32,False,c5
L50_s2019_final,50,2019,final,32,0.96875,0.96875,0.0,0.0,32,False,01
L50_s2019_final,50,2019,final,33,0.84375,0.84375,0.0,0.0,32,False,c5
L50_s2019_final,50,2019,final,34,0.9375,0.9375,0.0,0.0,32,False,01
L50_s2019_final,50,2019,final,35,0.96875,0.875,0.1875,0.1875,32,False,c5
L50_s2019_final,50,2019,final,36,1.0,1.0,0.0,0.0,32,False,01
L50_s2019_final,50,2019,final,37,1.0,1.0,0.0,0.0,32,False,20
L50_s2019_final,50,2019,final,38,1.0,1.0,0.0,0.0,32,False,f0
L50_s2019_final,50,2019,final,39,1.0,1.0,0.0,0.0,32,False,c5
L50_s2019_final,50,2019,final,40,1.0,1.0,0.0,0.0,32,False,01
L50_s2019_final,50,2019,final,41,1.0,1.0,0.0,0.0,32,False,c5
L50_s2019_final,50,2019,final,42,1.0,1.0,0.0,0.0,32,False,01
L50_s2019_final,50,2019,final,43,1.0,1.0,0.0,0.0,32,False,c5
L50_s2019_final,50,2019,final,44,1.0,1.0,0.0,0.0,32,False,01
L50_s2019_final,50,2019,final,45,1.0,1.0,0.0,0.0,32,False,c5
L50_s2019_final,50,2019,final,46,1.0,1.0,0.0,0.0,32,False,01
L50_s2019_final,50,2019,final,47,1.0,1.0,0.0,0.0,32,False,c5
L50_s2019_final,50,2019,final,48,1.0,1.0,0.0,0.0,32,False,01
L50_s2019_final,50,2019,final,49,1.0,1.0,0.0,0.0,32,False,c5
L50_s2020_first,50,2020,first,0,0.96875,0.84375,0.0,0.0,32,False,01
L50_s2020_first,50,2020,first,1,1.0,1.0,0.125,0.125,32,False,c5
L50_s2020_first,50,2020,first,2,1.0,1.0,0.1875,0.1875,32,False,01
L50_s2020_first,50,2020,first,3,1.0,1.0,0.0,0.0,32,False,c5
L50_s2020_first,50,2020,first,4,0.96875,0.84375,0.0,0.0,32,False,01
L50_s2020_first,50,2020,first,5,1.0,0.96875,0.96875,0.96875,32,True,c5
L50_s2020_first,50,2020,first,6,1.0,0.9375,0.0625,0.0625,32,False,01
L50_s2020_first,50,2020,first,7,0.96875,0.90625,0.0,0.0,32,False,c5
L50_s2020_first,50,2020,first,8,1.0,0.9375,0.0625,0.0625,32,False,01
L50_s2020_first,50,2020,first,9,1.0,1.0,1.0,1.0,32,True,c5
L50_s2020_first,50,2020,first,10,1.0,1.0,1.0,1.0,32,True,01
L50_s2020_first,50,2020,first,11,1.0,0.875,0.0,0.0,32,False,c5
L50_s2020_first,50,2020,first,12,1.0,0.90625,0.09375,0.09375,32,False,01
L50_s2020_first,50,2020,first,13,1.0,1.0,1.0,1.0,32,True,c5
L50_s2020_first,50,2020,first,14,1.0,0.90625,0.625,0.625,32,True,01
L50_s2020_first,50,2020,first,15,1.0,0.9375,0.0625,0.0625,32,False,c5
L50_s2020_first,50,2020,first,16,0.96875,0.90625,0.0625,0.0625,32,False,01
L50_s2020_first,50,2020,first,17,1.0,1.0,1.0,1.0,32,True,c5
L50_s2020_first,50,2020,first,18,0.96875,0.96875,1.0,0.96875,32,True,01
L50_s2020_first,50,2020,first,19,1.0,0.96875,0.0,0.0,32,False,c5
L50_s2020_first,50,2020,first,20,0.96875,0.8125,0.09375,0.09375,32,False,01
L50_s2020_first,50,2020,first,21,0.96875,0.96875,1.0,0.96875,32,True,c5
L50_s2020_first,50,2020,first,22,1.0,1.0,1.0,1.0,32,True,01
L50_s2020_first,50,2020,first,23,1.0,0.96875,0.0,0.0,32,False,c5
L50_s2020_first,50,2020,first,24,0.9375,0.875,0.0625,0.0625,32,False,01
L50_s2020_first,50,2020,first,25,1.0,0.96875,1.0,1.0,32,True,c5
L50_s2020_first,50,2020,first,26,0.96875,0.96875,1.0,0.96875,32,True,01
L50_s2020_first,50,2020,first,27,0.9375,0.84375,0.125,0.125,32,False,c5
L50_s2020_first,50,2020,first,28,0.96875,0.90625,0.09375,0.09375,32,False,01
L50_s2020_first,50,2020,first,29,0.96875,0.9375,1.0,0.96875,32,True,c5
L50_s2020_first,50,2020,first,30,0.96875,0.9375,1.0,0.96875,32,True,01
L50_s2020_first,50,2020,first,31,1.0,0.96875,0.0625,0.0625,32,False,c5
L50_s2020_first,50,2020,first,32,0.96875,0.9375,0.03125,0.03125,32,False,01
L50_s2020_first,50,2020,first,33,1.0,1.0,1.0,1.0,32,True,c5
L50_s2020_first,50,2020,first,34,0.96875,0.9375,1.0,0.96875,32,True,01
L50_s2020_first,50,2020,first,35,1.0,1.0,0.15625,0.15625,32,False,c5
L50_s2020_first,50,2020,first,36,1.0,1.0,0.0,0.0,32,False,01
L50_s2020_first,50,2020,first,37,1.0,1.0,1.0,1.0,32,True,c5
L50_s2020_first,50,2020,first,38,1.0,0.9375,1.0,1.0,32,True,01
L50_s2020_first,50,2020,first,39,1.0,1.0,0.0625,0.0625,32,False,c5
L50_s2020_first,50,2020,first,40,1.0,0.96875,0.03125,0.03125,32,False,01
L50_s2020_first,50,2020,first,41,1.0,0.96875,1.0,1.0,32,True,c5
L50_s2020_first,50,2020,first,42,0.96875,0.96875,1.0,0.96875,32,True,01
L50_s2020_first,50,2020,first,43,0.96875,0.9375,0.15625,0.125,32,False,c5
L50_s2020_first,50,2020,first,44,1.0,0.96875,0.0,0.0,32,False,01
L50_s2020_first,50,2020,first,45,0.96875,0.96875,1.0,0.96875,32,True,c5
L50_s2020_first,50,2020,first,46,1.0,0.96875,1.0,1.0,32,True,01
L50_s2020_first,50,2020,first,47,1.0,1.0,0.0625,0.0625,32,False,c5
L50_s2020_first,50,2020,first,48,0.9375,0.875,0.0,0.0,32,False,01
L50_s2020_first,50,2020,first,49,1.0,1.0,0.0,0.0,32,False,c5
L50_s2020_final,50,2020,final,0,1.0,0.6875,0.0,0.0,32,False,21
L50_s2020_final,50,2020,final,1,1.0,0.96875,0.03125,0.03125,32,False,e5
L50_s2020_final,50,2020,final,2,1.0,1.0,0.3125,0.3125,32,False,21
L50_s2020_final,50,2020,final,3,0.90625,0.75,0.0,0.0,32,False,e5
L50_s2020_final,50,2020,final,4,0.96875,0.9375,0.0625,0.0625,32,False,21
L50_s2020_final,50,2020,final,5,0.96875,0.96875,0.0,0.0,32,False,e5
L50_s2020_final,50,2020,final,6,0.90625,0.125,0.0,0.0,32,False,21
L50_s2020_final,50,2020,final,7,0.90625,0.6875,0.0,0.0,32,False,e5
L50_s2020_final,50,2020,final,8,1.0,0.71875,0.0625,0.0625,32,False,21
L50_s2020_final,50,2020,final,9,0.71875,0.15625,0.84375,0.65625,32,True,20
L50_s2020_final,50,2020,final,10,0.6875,0.375,0.625,0.46875,32,False,f0
L50_s2020_final,50,2020,final,11,1.0,0.90625,0.0,0.0,32,False,e5
L50_s2020_final,50,2020,final,12,0.90625,0.5625,0.0,0.0,32,False,21
L50_s2020_final,50,2020,final,13,1.0,1.0,0.0,0.0,32,False,e5
L50_s2020_final,50,2020,final,14,0.59375,0.59375,0.0,0.0,32,False,21
L50_s2020_final,50,2020,final,15,0.90625,0.875,0.0,0.0,32,False,e5
L50_s2020_final,50,2020,final,16,0.96875,0.875,0.0,0.0,32,False,21
L50_s2020_final,50,2020,final,17,0.96875,0.96875,0.0,0.0,32,False,e5
L50_s2020_final,50,2020,final,18,0.9375,0.9375,0.0,0.0,32,False,21
L50_s2020_final,50,2020,final,19,0.96875,0.90625,0.0,0.0,32,False,e5
L50_s2020_final,50,2020,final,20,1.0,0.84375,0.0,0.0,32,False,21
L50_s2020_final,50,2020,final,21,0.96875,0.96875,0.0,0.0,32,False,e5
L50_s2020_final,50,2020,final,22,0.9375,0.9375,0.0,0.0,32,False,21
L50_s2020_final,50,2020,final,23,0.71875,0.125,0.0,0.0,32,False,20
L50_s2020_final,50,2020,final,24,0.84375,0.34375,0.03125,0.03125,32,False,f0
L50_s2020_final,50,2020,final,25,1.0,1.0,0.0,0.0,32,False,e5
L50_s2020_final,50,2020,final,26,1.0,1.0,0.0,0.0,32,False,21
L50_s2020_final,50,2020,final,27,1.0,1.0,0.0,0.0,32,False,e5
L50_s2020_final,50,2020,final,28,1.0,1.0,0.0,0.0,32,False,21
L50_s2020_final,50,2020,final,29,1.0,1.0,0.0,0.0,32,False,e5
L50_s2020_final,50,2020,final,30,1.0,1.0,0.0,0.0,32,False,21
L50_s2020_final,50,2020,final,31,1.0,0.875,0.0,0.0,32,False,e5
L50_s2020_final,50,2020,final,32,1.0,0.9375,0.0,0.0,32,False,21
L50_s2020_final,50,2020,final,33,0.9375,0.9375,0.0,0.0,32,False,e5
L50_s2020_final,50,2020,final,34,0.96875,0.96875,0.0,0.0,32,False,21
L50_s2020_final,50,2020,final,35,0.9375,0.90625,0.125,0.125,32,False,e5
L50_s2020_final,50,2020,final,36,1.0,1.0,0.0,0.0,32,False,21
L50_s2020_final,50,2020,final,37,1.0,1.0,0.0,0.0,32,False,20
L50_s2020_final,50,2020,final,38,1.0,1.0,0.0,0.0,32,False,f0
L50_s2020_final,50,2020,final,39,1.0,1.0,0.0,0.0,32,False,e5
L50_s2020_final,50,2020,final,40,1.0,1.0,0.0,0.0,32,False,21
L50_s2020_final,50,2020,final,41,1.0,1.0,0.0,0.0,32,False,e5
L50_s2020_final,50,2020,final,42,1.0,1.0,0.0,0.0,32,False,21
L50_s2020_final,50,2020,final,43,1.0,1.0,0.0,0.0,32,False,e5
L50_s2020_final,50,2020,final,44,1.0,1.0,0.0,0.0,32,False,21
L50_s2020_final,50,2020,final,45,1.0,1.0,0.0,0.0,32,False,e5
L50_s2020_final,50,2020,final,46,1.0,1.0,0.0,0.0,32,False,21
L50_s2020_final,50,2020,final,47,1.0,1.0,0.0,0.0,32,False,e5
L50_s2020_final,50,2020,final,48,1.0,1.0,0.0,0.0,32,False,21
L50_s2020_final,50,2020,final,49,1.0,1.0,0.0,0.0,32,False,e5
L64_s2001_first,64,2001,first,0,1.0,0.8125,0.0,0.0,32,False,01
L64_s2001_first,64,2001,first,1,1.0,1.0,1.0,1.0,32,True,c5
L64_s2001_first,64,2001,first,2,1.0,1.0,1.0,1.0,32,True,01
L64_s2001_first,64,2001,first,3,1.0,0.9375,0.03125,0.03125,32,False,c5
L64_s2001_first,64,2001,first,4,0.9375,0.90625,0.0,0.0,32,False,01
L64_s2001_first,64,2001,first,5,1.0,0.96875,1.0,1.0,32,True,c5
L64_s2001_first,64,2001,first,6,1.0,1.0,1.0,1.0,32,True,01
L64_s2001_first,64,2001,first,7,1.0,0.96875,0.125,0.125,32,False,c5
L64_s2001_first,64,2001,first,8,0.96875,0.875,0.0625,0.0625,32,False,01
L64_s2001_first,64,2001,first,9,1.0,1.0,1.0,1.0,32,True,c5
L64_s2001_first,64,2001,first,10,1.0,1.0,1.0,1.0,32,True,01
L64_s2001_first,64,2001,first,11,0.9375,0.90625,0.09375,0.09375,32,False,c5
L64_s2001_first,64,2001,first,12,0.9375,0.875,0.09375,0.09375,32,False,01
L64_s2001_first,64,2001,first,13,1.0,1.0,1.0,1.0,32,True,c5
L64_s2001_first,64,2001,first,14,0.96875,0.96875,1.0,0.96875,32,True,01
L64_s2001_first,64,2001,first,15,0.90625,0.875,0.0625,0.0625,32,False,c5
L64_s2001_first,64,2001,first,16,0.9375,0.84375,0.125,0.125,32,False,01
L64_s2001_first,64,2001,first,17,1.0,1.0,1.0,1.0,32,True,c5
L64_s2001_first,64,2001,first,18,1.0,1.0,1.0,1.0,32,True,01
L64_s2001_first,64,2001,first,19,1.0,1.0,0.03125,0.03125,32,False,c5
L64_s2001_first,64,2001,first,20,0.96875,0.9375,0.0625,0.0625,32,False,01
L64_s2001_first,64,2001,first,21,1.0,1.0,1.0,1.0,32,True,c5
L64_s2001_first,64,2001,first,22,0.96875,0.96875,1.0,0.96875,32,True,01
L64_s2001_first,64,2001,first,23,0.96875,0.9375,0.3125,0.28125,32,False,c5
L64_s2001_first,64,2001,first,24,0.96875,0.875,0.3125,0.3125,32,False,01
L64_s2001_first,64,2001,first,25,1.0,1.0,1.0,1.0,32,True,c5
L64_s2001_first,64,2001,first,26,1.0,1.0,1.0,1.0,32,True,01
L64_s2001_first,64,2001,first,27,1.0,0.96875,0.1875,0.1875,32,False,c5
L64_s2001_first,64,2001,first,28,0.96875,0.8125,0.125,0.125,32,False,01
L64_s2001_first,64,2001,first,29,1.0,1.0,1.0,1.0,32,True,c5
L64_s2001_first,64,2001,first,30,1.0,1.0,1.0,1.0,32,True,01
L64_s2001_first,64,2001,first,31,1.0,1.0,0.34375,0.34375,32,False,c5
L64_s2001_first,64,2001,first,32,0.96875,0.90625,0.125,0.125,32,False,01
L64_s2001_first,64,2001,first,33,1.0,1.0,1.0,1.0,32,True,c5
L64_s2001_first,64,2001,first,34,1.0,1.0,1.0,1.0,32,True,01
L64_s2001_first,64,2001,first,35,0.96875,0.96875,0.21875,0.1875,32,False,c5
L64_s2001_first,64,2001,first,36,0.96875,0.9375,0.1875,0.1875,32,False,01
L64_s2001_first,64,2001,first,37,1.0,0.96875,1.0,1.0,32,True,c5
L64_s2001_first,64,2001,first,38,1.0,1.0,1.0,1.0,32,True,01
L64_s2001_first,64,2001,first,39,1.0,0.96875,0.15625,0.15625,32,False,c5
L64_s2001_first,64,2001,first,40,1.0,0.96875,0.25,0.25,32,False,01
L64_s2001_first,64,2001,first,41,1.0,1.0,1.0,1.0,32,True,c5
L64_s2001_first,64,2001,first,42,1.0,1.0,1.0,1.0,32,True,01
L64_s2001_first,64,2001,first,43,1.0,1.0,0.09375,0.09375,32,False,c5
L64_s2001_first,64,2001,first,44,1.0,1.0,0.125,0.125,32,False,01
L64_s2001_first,64,2001,first,45,1.0,1.0,1.0,1.0,32,True,c5
L64_s2001_first,64,2001,first,46,1.0,0.96875,1.0,1.0,32,True,01
L64_s2001_first,64,2001,first,47,1.0,0.90625,0.09375,0.09375,32,False,c5
L64_s2001_first,64,2001,first,48,1.0,0.96875,0.34375,0.34375,32,False,01
L64_s2001_first,64,2001,first,49,1.0,1.0,1.0,1.0,32,True,c5
L64_s2001_first,64,2001,first,50,1.0,0.96875,1.0,1.0,32,True,01
L64_s2001_first,64,2001,first,51,0.9375,0.90625,0.1875,0.15625,32,False,c5
L64_s2001_first,64,2001,first,52,1.0,0.96875,0.15625,0.15625,32,False,01
L64_s2001_first,64,2001,first,53,1.0,0.96875,1.0,1.0,32,True,c5
L64_s2001_first,64,2001,first,54,1.0,0.9375,1.0,1.0,32,True,01
L64_s2001_first,64,2001,first,55,1.0,0.96875,0.03125,0.03125,32,False,c5
L64_s2001_first,64,2001,first,56,1.0,0.96875,0.0625,0.0625,32,False,01
L64_s2001_first,64,2001,first,57,1.0,1.0,1.0,1.0,32,True,c5
L64_s2001_first,64,2001,first,58,1.0,1.0,1.0,1.0,32,True,01
L64_s2001_first,64,2001,first,59,0.9375,0.9375,0.0625,0.03125,32,False,c5
L64_s2001_first,64,2001,first,60,0.96875,0.96875,0.0625,0.03125,32,False,01
L64_s2001_first,64,2001,first,61,1.0,1.0,1.0,1.0,32,True,c5
L64_s2001_first,64,2001,first,62,1.0,1.0,1.0,1.0,32,True,01
L64_s2001_first,64,2001,first,63,0.9375,0.9375,0.0,0.0,32,False,c5
L64_s2001_final,64,2001,final,0,1.0,1.0,0.0,0.0,32,False,01
L64_s2001_final,64,2001,final,1,1.0,1.0,1.0,1.0,32,True,c5
L64_s2001_final,64,2001,final,2,1.0,1.0,1.0,1.0,32,True,01
L64_s2001_final,64,2001,final,3,1.0,1.0,0.03125,0.03125,32,False,c5
L64_s2001_final,64,2001,final,4,0.96875,0.96875,0.0,0.0,32,False,01
L64_s2001_final,64,2001,final,5,1.0,1.0,1.0,1.0,32,True,c5
L64_s2001_final,64,2001,final,6,1.0,1.0,1.0,1.0,32,True,01
L64_s2001_final,64,2001,final,7,1.0,1.0,0.03125,0.03125,32,False,c5
L64_s2001_final,64,2001,final,8,0.9375,0.90625,0.03125,0.03125,32,False,01
L64_s2001_final,64,2001,final,9,1.0,1.0,1.0,1.0,32,True,c5
L64_s2001_final,64,2001,final,10,1.0,1.0,1.0,1.0,32,True,01
L64_s2001_final,64,2001,final,11,0.96875,0.9375,0.0625,0.0625,32,False,c5
L64_s2001_final,64,2001,final,12,0.96875,0.875,0.0,0.0,32,False,01
L64_s2001_final,64,2001,final,13,1.0,1.0,1.0,1.0,32,True,c5
L64_s2001_final,64,2001,final,14,1.0,1.0,1.0,1.0,32,True,01
L64_s2001_final,64,2001,final,15,1.0,0.96875,0.0,0.0,32,False,c5
L64_s2001_final,64,2001,final,16,1.0,0.96875,0.03125,0.03125,32,False,01
L64_s2001_final,64,2001,final,17,1.0,1.0,1.0,1.0,32,True,c5
L64_s2001_final,64,2001,final,18,1.0,1.0,1.0,1.0,32,True,01
L64_s2001_final,64,2001,final,19,1.0,0.96875,0.03125,0.03125,32,False,c5
L64_s2001_final,64,2001,final,20,1.0,0.9375,0.03125,0.03125,32,False,01
L64_s2001_final,64,2001,final,21,1.0,1.0,1.0,1.0,32,True,c5
L64_s2001_final,64,2001,final,22,1.0,0.96875,1.0,1.0,32,True,01
L64_s2001_final,64,2001,final,23,0.96875,0.90625,0.0625,0.0625,32,False,c5
L64_s2001_final,64,2001,final,24,1.0,0.96875,0.03125,0.03125,32,False,01
L64_s2001_final,64,2001,final,25,1.0,1.0,1.0,1.0,32,True,c5
L64_s2001_final,64,2001,final,26,1.0,1.0,1.0,1.0,32,True,01
L64_s2001_final,64,2001,final,27,1.0,1.0,0.125,0.125,32,False,c5
L64_s2001_final,64,2001,final,28,1.0,1.0,0.0,0.0,32,False,01
L64_s2001_final,64,2001,final,29,0.96875,0.96875,1.0,0.96875,32,True,c5
L64_s2001_final,64,2001,final,30,1.0,0.96875,1.0,1.0,32,True,01
L64_s2001_final,64,2001,final,31,0.96875,0.96875,0.0,0.0,32,False,c5
L64_s2001_final,64,2001,final,32,0.96875,0.9375,0.0,0.0,32,False,01
L64_s2001_final,64,2001,final,33,1.0,1.0,1.0,1.0,32,True,c5
L64_s2001_final,64,2001,final,34,1.0,1.0,1.0,1.0,32,True,01
L64_s2001_final,64,2001,final,35,1.0,1.0,0.03125,0.03125,32,False,c5
L64_s2001_final,64,2001,final,36,1.0,1.0,0.0,0.0,32,False,01
L64_s2001_final,64,2001,final,37,1.0,1.0,1.0,1.0,32,True,c5
L64_s2001_final,64,2001,final,38,1.0,1.0,1.0,1.0,32,True,01
L64_s2001_final,64,2001,final,39,0.96875,0.96875,0.0,0.0,32,False,c5
L64_s2001_final,64,2001,final,40,1.0,0.96875,0.03125,0.03125,32,False,01
L64_s2001_final,64,2001,final,41,1.0,1.0,1.0,1.0,32,True,c5
L64_s2001_final,64,2001,final,42,1.0,1.0,1.0,1.0,32,True,01
L64_s2001_final,64,2001,final,43,0.90625,0.90625,0.03125,0.0,32,False,c5
L64_s2001_final,64,2001,final,44,1.0,1.0,0.0,0.0,32,False,01
L64_s2001_final,64,2001,final,45,1.0,1.0,1.0,1.0,32,True,c5
L64_s2001_final,64,2001,final,46,1.0,1.0,1.0,1.0,32,True,01
L64_s2001_final,64,2001,final,47,1.0,0.96875,0.0,0.0,32,False,c5
L64_s2001_final,64,2001,final,48,0.96875,0.9375,0.0,0.0,32,False,01
L64_s2001_final,64,2001,final,49,1.0,1.0,1.0,1.0,32,True,c5
L64_s2001_final,64,2001,final,50,1.0,1.0,1.0,1.0,32,True,01
L64_s2001_final,64,2001,final,51,1.0,1.0,0.0,0.0,32,False,c5
L64_s2001_final,64,2001,final,52,0.9375,0.9375,0.0,0.0,32,False,01
L64_s2001_final,64,2001,final,53,1.0,1.0,1.0,1.0,32,True,c5
L64_s2001_final,64,2001,final,54,1.0,1.0,1.0,1.0,32,True,01
L64_s2001_final,64,2001,final,55,1.0,0.96875,0.0,0.0,32,False,c5
L64_s2001_final,64,2001,final,56,1.0,1.0,0.0,0.0,32,False,01
L64_s2001_final,64,2001,final,57,1.0,1.0,1.0,1.0,32,True,c5
L64_s2001_final,64,2001,final,58,1.0,1.0,1.0,1.0,32,True,01
L64_s2001_final,64,2001,final,59,0.96875,0.96875,0.03125,0.0,32,False,c5
L64_s2001_final,64,2001,final,60,1.0,1.0,0.0,0.0,32,False,01
L64_s2001_final,64,2001,final,61,1.0,1.0,1.0,1.0,32,True,c5
L64_s2001_final,64,2001,final,62,0.96875,0.96875,1.0,0.96875,32,True,01
L64_s2001_final,64,2001,final,63,1.0,0.96875,0.0,0.0,32,False,c5
L64_s2002_first,64,2002,first,0,0.96875,0.96875,0.0,0.0,32,False,21
L64_s2002_first,64,2002,first,1,1.0,1.0,1.0,1.0,32,True,e5
L64_s2002_first,64,2002,first,2,1.0,1.0,1.0,1.0,32,True,21
L64_s2002_first,64,2002,first,3,1.0,1.0,0.3125,0.3125,32,False,e5
L64_s2002_first,64,2002,first,4,1.0,0.96875,0.09375,0.09375,32,False,21
L64_s2002_first,64,2002,first,5,1.0,1.0,1.0,1.0,32,True,e5
L64_s2002_first,64,2002,first,6,1.0,1.0,1.0,1.0,32,True,21
L64_s2002_first,64,2002,first,7,0.96875,0.9375,0.21875,0.21875,32,False,e5
L64_s2002_first,64,2002,first,8,1.0,1.0,0.0,0.0,32,False,21
L64_s2002_first,64,2002,first,9,1.0,1.0,1.0,1.0,32,True,e5
L64_s2002_first,64,2002,first,10,1.0,1.0,1.0,1.0,32,True,21
L64_s2002_first,64,2002,first,11,1.0,0.96875,0.3125,0.3125,32,False,e5
L64_s2002_first,64,2002,first,12,1.0,1.0,0.21875,0.21875,32,False,21
L64_s2002_first,64,2002,first,13,1.0,1.0,1.0,1.0,32,True,e5
L64_s2002_first,64,2002,first,14,1.0,1.0,1.0,1.0,32,True,21
L64_s2002_first,64,2002,first,15,1.0,0.96875,0.15625,0.15625,32,False,e5
L64_s2002_first,64,2002,first,16,1.0,1.0,0.09375,0.09375,32,False,21
L64_s2002_first,64,2002,first,17,1.0,1.0,1.0,1.0,32,True,e5
L64_s2002_first,64,2002,first,18,1.0,1.0,1.0,1.0,32,True,21
L64_s2002_first,64,2002,first,19,1.0,1.0,0.21875,0.21875,32,False,e5
L64_s2002_first,64,2002,first,20,1.0,1.0,0.1875,0.1875,32,False,21
L64_s2002_first,64,2002,first,21,1.0,1.0,1.0,1.0,32,True,e5
L64_s2002_first,64,2002,first,22,0.96875,0.96875,1.0,0.96875,32,True,21
L64_s2002_first,64,2002,first,23,0.96875,0.96875,0.1875,0.1875,32,False,e5
L64_s2002_first,64,2002,first,24,1.0,1.0,0.0,0.0,32,False,21
L64_s2002_first,64,2002,first,25,1.0,1.0,1.0,1.0,32,True,e5
L64_s2002_first,64,2002,first,26,1.0,1.0,1.0,1.0,32,True,21
L64_s2002_first,64,2002,first,27,1.0,1.0,0.3125,0.3125,32,False,e5
L64_s2002_first,64,2002,first,28,1.0,0.96875,0.25,0.25,32,False,21
L64_s2002_first,64,2002,first,29,1.0,1.0,1.0,1.0,32,True,e5
L64_s2002_first,64,2002,first,30,1.0,1.0,1.0,1.0,32,True,21
L64_s2002_first,64,2002,first,31,1.0,1.0,0.09375,0.09375,32,False,e5
L64_s2002_first,64,2002,first,32,1.0,0.96875,0.03125,0.03125,32,False,21
L64_s2002_first,64,2002,first,33,1.0,1.0,1.0,1.0,32,True,e5
L64_s2002_first,64,2002,first,34,1.0,1.0,1.0,1.0,32,True,21
L64_s2002_first,64,2002,first,35,0.96875,0.9375,0.125,0.125,32,False,e5
L64_s2002_first,64,2002,first,36,0.96875,0.96875,0.15625,0.15625,32,False,21
L64_s2002_first,64,2002,first,37,1.0,1.0,1.0,1.0,32,True,e5
L64_s2002_first,64,2002,first,38,1.0,1.0,1.0,1.0,32,True,21
L64_s2002_first,64,2002,first,39,1.0,1.0,0.125,0.125,32,False,e5
L64_s2002_first,64,2002,first,40,1.0,1.0,0.0,0.0,32,False,21
L64_s2002_first,64,2002,first,41,1.0,1.0,1.0,1.0,32,True,e5
L64_s2002_first,64,2002,first,42,1.0,1.0,1.0,1.0,32,True,21
L64_s2002_first,64,2002,first,43,1.0,1.0,0.03125,0.03125,32,False,e5
L64_s2002_first,64,2002,first,44,0.96875,0.96875,0.03125,0.03125,32,False,21
L64_s2002_first,64,2002,first,45,1.0,1.0,1.0,1.0,32,True,e5
L64_s2002_first,64,2002,first,46,1.0,1.0,1.0,1.0,32,True,21
L64_s2002_first,64,2002,first,47,1.0,0.96875,0.125,0.125,32,False,e5
L64_s2002_first,64,2002,first,48,1.0,1.0,0.0,0.0,32,False,21
L64_s2002_first,64,2002,first,49,1.0,1.0,0.96875,0.96875,32,True,e5
L64_s2002_first,64,2002,first,50,1.0,1.0,1.0,1.0,32,True,21
L64_s2002_first,64,2002,first,51,0.96875,0.96875,0.09375,0.0625,32,False,e5
L64_s2002_first,64,2002,first,52,1.0,1.0,0.0,0.0,32,False,21
L64_s2002_first,64,2002,first,53,1.0,1.0,0.96875,0.96875,32,True,e5
L64_s2002_first,64,2002,first,54,1.0,1.0,1.0,1.0,32,True,21
L64_s2002_first,64,2002,first,55,1.0,1.0,0.09375,0.09375,32,False,e5
L64_s2002_first,64,2002,first,56,1.0,1.0,0.0,0.0,32,False,21
L64_s2002_first,64,2002,first,57,1.0,1.0,1.0,1.0,32,True,e5
L64_s2002_first,64,2002,first,58,1.0,1.0,1.0,1.0,32,True,21
L64_s2002_first,64,2002,first,59,1.0,1.0,0.09375,0.09375,32,False,e5
L64_s2002_first,64,2002,first,60,1.0,1.0,0.0,0.0,32,False,21
L64_s2002_first,64,2002,first,61,1.0,1.0,1.0,1.0,32,True,e5
L64_s2002_first,64,2002,first,62,1.0,1.0,0.96875,0.96875,32,True,21
L64_s2002_first,64,2002,first,63,1.0,1.0,0.0,0.0,32,False,e5
L64_s2002_final,64,2002,final,0,1.0,1.0,0.0,0.0,32,False,21
L64_s2002_final,64,2002,final,1,1.0,1.0,1.0,1.0,32,True,e5
L64_s2002_final,64,2002,final,2,1.0,1.0,1.0,1.0,32,True,21
L64_s2002_final,64,2002,final,3,1.0,1.0,0.0,0.0,32,False,e5
L64_s2002_final,64,2002,final,4,1.0,1.0,0.0625,0.0625,32,False,21
L64_s2002_final,64,2002,final,5,1.0,1.0,1.0,1.0,32,True,e5
L64_s2002_final,64,2002,final,6,1.0,1.0,1.0,1.0,32,True,21
L64_s2002_final,64,2002,final,7,1.0,1.0,0.0625,0.0625,32,False,e5
L64_s2002_final,64,2002,final,8,0.96875,0.96875,0.09375,0.09375,32,False,21
L64_s2002_final,64,2002,final,9,1.0,1.0,1.0,1.0,32,True,e5
L64_s2002_final,64,2002,final,10,1.0,1.0,1.0,1.0,32,True,21
L64_s2002_final,64,2002,final,11,1.0,1.0,0.03125,0.03125,32,False,e5
L64_s2002_final,64,2002,final,12,1.0,1.0,0.28125,0.28125,32,False,21
L64_s2002_final,64,2002,final,13,0.96875,0.96875,1.0,0.96875,32,True,e5
L64_s2002_final,64,2002,final,14,1.0,1.0,1.0,1.0,32,True,21
L64_s2002_final,64,2002,final,15,1.0,1.0,0.125,0.125,32,False,e5
L64_s2002_final,64,2002,final,16,0.96875,0.96875,0.3125,0.3125,32,False,21
L64_s2002_final,64,2002,final,17,1.0,1.0,1.0,1.0,32,True,e5
L64_s2002_final,64,2002,final,18,1.0,1.0,1.0,1.0,32,True,21
L64_s2002_final,64,2002,final,19,1.0,1.0,0.03125,0.03125,32,False,e5
L64_s2002_final,64,2002,final,20,1.0,1.0,0.375,0.375,32,False,21
L64_s2002_final,64,2002,final,21,1.0,1.0,1.0,1.0,32,True,e5
L64_s2002_final,64,2002,final,22,1.0,1.0,1.0,1.0,32,True,21
L64_s2002_final,64,2002,final,23,1.0,0.96875,0.4375,0.4375,32,False,e5
L64_s2002_final,64,2002,final,24,1.0,1.0,0.75,0.75,32,True,21
L64_s2002_final,64,2002,final,25,1.0,0.96875,1.0,1.0,32,True,e5
L64_s2002_final,64,2002,final,26,0.96875,0.96875,1.0,0.96875,32,True,21
L64_s2002_final,64,2002,final,27,1.0,1.0,0.4375,0.4375,32,False,e5
L64_s2002_final,64,2002,final,28,1.0,0.9375,0.84375,0.84375,32,True,21
L64_s2002_final,64,2002,final,29,0.96875,0.96875,1.0,0.96875,32,True,e5
L64_s2002_final,64,2002,final,30,1.0,1.0,1.0,1.0,32,True,21
L64_s2002_final,64,2002,final,31,1.0,1.0,0.25,0.25,32,False,e5
L64_s2002_final,64,2002,final,32,1.0,1.0,0.625,0.625,32,True,21
L64_s2002_final,64,2002,final,33,1.0,1.0,1.0,1.0,32,True,e5
L64_s2002_final,64,2002,final,34,1.0,1.0,1.0,1.0,32,True,21
L64_s2002_final,64,2002,final,35,1.0,0.96875,0.03125,0.03125,32,False,e5
L64_s2002_final,64,2002,final,36,0.96875,0.96875,0.40625,0.40625,32,False,21
L64_s2002_final,64,2002,final,37,0.96875,0.96875,1.0,0.96875,32,True,e5
L64_s2002_final,64,2002,final,38,1.0,1.0,1.0,1.0,32,True,21
L64_s2002_final,64,2002,final,39,1.0,0.96875,0.1875,0.1875,32,False,e5
L64_s2002_final,64,2002,final,40,0.96875,0.96875,0.03125,0.03125,32,False,21
L64_s2002_final,64,2002,final,41,1.0,1.0,1.0,1.0,32,True,e5
L64_s2002_final,64,2002,final,42,1.0,1.0,1.0,1.0,32,True,21
L64_s2002_final,64,2002,final,43,1.0,1.0,0.09375,0.09375,32,False,e5
L64_s2002_final,64,2002,final,44,0.96875,0.9375,0.0625,0.0625,32,False,21
L64_s2002_final,64,2002,final,45,1.0,1.0,1.0,1.0,32,True,e5
L64_s2002_final,64,2002,final,46,1.0,1.0,1.0,1.0,32,True,21
L64_s2002_final,64,2002,final,47,1.0,1.0,0.0625,0.0625,32,False,e5
L64_s2002_final,64,2002,final,48,1.0,0.90625,0.0,0.0,32,False,21
L64_s2002_final,64,2002,final,49,1.0,1.0,0.96875,0.96875,32,True,e5
L64_s2002_final,64,2002,final,50,1.0,1.0,1.0,1.0,32,True,21
L64_s2002_final,64,2002,final,51,1.0,1.0,0.03125,0.03125,32,False,e5
L64_s2002_final,64,2002,final,52,0.96875,0.96875,0.0,0.0,32,False,21
L64_s2002_final,64,2002,final,53,1.0,1.0,1.0,1.0,32,True,e5
L64_s2002_final,64,2002,final,54,1.0,1.0,1.0,1.0,32,True,21
L64_s2002_final,64,2002,final,55,1.0,1.0,0.0625,0.0625,32,False,e5
L64_s2002_final,64,2002,final,56,0.96875,0.96875,0.0,0.0,32,False,21
L64_s2002_final,64,2002,final,57,1.0,1.0,1.0,1.0,32,True,e5
L64_s2002_final,64,2002,final,58,1.0,1.0,1.0,1.0,32,True,21
L64_s2002_final,64,2002,final,59,0.96875,0.96875,0.03125,0.03125,32,False,e5
L64_s2002_final,64,2002,final,60,1.0,0.9375,0.0,0.0,32,False,21
L64_s2002_final,64,2002,final,61,1.0,1.0,1.0,1.0,32,True,e5
L64_s2002_final,64,2002,final,62,1.0,1.0,1.0,1.0,32,True,21
L64_s2002_final,64,2002,final,63,1.0,0.96875,0.0,0.0,32,False,e5
L64_s2003_first,64,2003,first,0,1.0,0.96875,0.0,0.0,32,False,01
L64_s2003_first,64,2003,first,1,1.0,1.0,1.0,1.0,32,True,c5
L64_s2003_first,64,2003,first,2,1.0,1.0,1.0,1.0,32,True,01
L64_s2003_first,64,2003,first,3,1.0,1.0,0.0,0.0,32,False,c5
L64_s2003_first,64,2003,first,4,1.0,0.90625,0.15625,0.15625,32,False,01
L64_s2003_first,64,2003,first,5,1.0,1.0,1.0,1.0,32,True,c5
L64_s2003_first,64,2003,first,6,1.0,1.0,1.0,1.0,32,True,01
L64_s2003_first,64,2003,first,7,0.96875,0.96875,0.0,0.0,32,False,c5
L64_s2003_first,64,2003,first,8,1.0,0.90625,0.03125,0.03125,32,False,01
L64_s2003_first,64,2003,first,9,1.0,1.0,1.0,1.0,32,True,c5
L64_s2003_first,64,2003,first,10,1.0,1.0,1.0,1.0,32,True,01
L64_s2003_first,64,2003,first,11,0.96875,0.9375,0.09375,0.09375,32,False,c5
L64_s2003_first,64,2003,first,12,1.0,1.0,0.0,0.0,32,False,01
L64_s2003_first,64,2003,first,13,0.96875,0.96875,1.0,0.96875,32,True,c5
L64_s2003_first,64,2003,first,14,1.0,1.0,1.0,1.0,32,True,01
L64_s2003_first,64,2003,first,15,1.0,1.0,0.0,0.0,32,False,c5
L64_s2003_first,64,2003,first,16,1.0,0.96875,0.09375,0.09375,32,False,01
L64_s2003_first,64,2003,first,17,1.0,1.0,1.0,1.0,32,True,c5
L64_s2003_first,64,2003,first,18,1.0,1.0,1.0,1.0,32,True,01
L64_s2003_first,64,2003,first,19,1.0,0.96875,0.03125,0.03125,32,False,c5
L64_s2003_first,64,2003,first,20,0.96875,0.96875,0.03125,0.03125,32,False,01
L64_s2003_first,64,2003,first,21,1.0,1.0,1.0,1.0,32,True,c5
L64_s2003_first,64,2003,first,22,0.96875,0.96875,1.0,0.96875,32,True,01
L64_s2003_first,64,2003,first,23,1.0,1.0,0.0625,0.0625,32,False,c5
L64_s2003_first,64,2003,first,24,1.0,0.96875,0.0625,0.0625,32,False,01
L64_s2003_first,64,2003,first,25,1.0,1.0,1.0,1.0,32,True,c5
L64_s2003_first,64,2003,first,26,1.0,1.0,1.0,1.0,32,True,01
L64_s2003_first,64,2003,first,27,1.0,1.0,0.03125,0.03125,32,False,c5
L64_s2003_first,64,2003,first,28,1.0,1.0,0.0,0.0,32,False,01
L64_s2003_first,64,2003,first,29,1.0,1.0,1.0,1.0,32,True,c5
L64_s2003_first,64,2003,first,30,1.0,1.0,1.0,1.0,32,True,01
L64_s2003_first,64,2003,first,31,1.0,1.0,0.0625,0.0625,32,False,c5
L64_s2003_first,64,2003,first,32,0.96875,0.96875,0.0,0.0,32,False,01
L64_s2003_first,64,2003,first,33,1.0,1.0,1.0,1.0,32,True,c5
L64_s2003_first,64,2003,first,34,1.0,1.0,1.0,1.0,32,True,01
L64_s2003_first,64,2003,first,35,1.0,1.0,0.0625,0.0625,32,False,c5
L64_s2003_first,64,2003,first,36,1.0,1.0,0.03125,0.03125,32,False,01
L64_s2003_first,64,2003,first,37,1.0,1.0,1.0,1.0,32,True,c5
L64_s2003_first,64,2003,first,38,1.0,1.0,1.0,1.0,32,True,01
L64_s2003_first,64,2003,first,39,0.96875,0.96875,0.09375,0.0625,32,False,c5
L64_s2003_first,64,2003,first,40,1.0,1.0,0.0,0.0,32,False,01
L64_s2003_first,64,2003,first,41,1.0,1.0,1.0,1.0,32,True,c5
L64_s2003_first,64,2003,first,42,1.0,1.0,1.0,1.0,32,True,01
L64_s2003_first,64,2003,first,43,0.96875,0.96875,0.0625,0.03125,32,False,c5
L64_s2003_first,64,2003,first,44,0.96875,0.96875,0.0,0.0,32,False,01
L64_s2003_first,64,2003,first,45,1.0,0.96875,1.0,1.0,32,True,c5
L64_s2003_first,64,2003,first,46,1.0,0.96875,1.0,1.0,32,True,01
L64_s2003_first,64,2003,first,47,0.96875,0.96875,0.03125,0.03125,32,False,c5
L64_s2003_first,64,2003,first,48,1.0,1.0,0.0,0.0,32,False,01
L64_s2003_first,64,2003,first,49,1.0,1.0,1.0,1.0,32,True,c5
L64_s2003_first,64,2003,first,50,1.0,1.0,1.0,1.0,32,True,01
L64_s2003_first,64,2003,first,51,1.0,1.0,0.0,0.0,32,False,c5
L64_s2003_first,64,2003,first,52,0.96875,0.96875,0.0625,0.03125,32,False,01
L64_s2003_first,64,2003,first,53,1.0,0.96875,1.0,1.0,32,True,c5
L64_s2003_first,64,2003,first,54,1.0,0.96875,1.0,1.0,32,True,01
L64_s2003_first,64,2003,first,55,1.0,1.0,0.0,0.0,32,False,c5
L64_s2003_first,64,2003,first,56,1.0,1.0,0.0,0.0,32,False,01
L64_s2003_first,64,2003,first,57,1.0,1.0,1.0,1.0,32,True,c5
L64_s2003_first,64,2003,first,58,1.0,1.0,1.0,1.0,32,True,01
L64_s2003_first,64,2003,first,59,1.0,1.0,0.0,0.0,32,False,c5
L64_s2003_first,64,2003,first,60,1.0,1.0,0.0,0.0,32,False,01
L64_s2003_first,64,2003,first,61,1.0,1.0,1.0,1.0,32,True,c5
L64_s2003_first,64,2003,first,62,1.0,1.0,1.0,1.0,32,True,01
L64_s2003_first,64,2003,first,63,1.0,1.0,0.0,0.0,32,False,c5
L64_s2003_final,64,2003,final,0,1.0,1.0,0.0,0.0,32,False,11
L64_s2003_final,64,2003,final,1,1.0,1.0,1.0,1.0,32,True,d5
L64_s2003_final,64,2003,final,2,1.0,1.0,1.0,1.0,32,True,11
L64_s2003_final,64,2003,final,3,1.0,0.96875,0.0,0.0,32,False,d5
L64_s2003_final,64,2003,final,4,1.0,0.96875,0.0625,0.0625,32,False,11
L64_s2003_final,64,2003,final,5,1.0,1.0,1.0,1.0,32,True,d5
L64_s2003_final,64,2003,final,6,1.0,0.96875,1.0,1.0,32,True,11
L64_s2003_final,64,2003,final,7,0.96875,0.96875,0.0,0.0,32,False,d5
L64_s2003_final,64,2003,final,8,1.0,0.9375,0.03125,0.03125,32,False,11
L64_s2003_final,64,2003,final,9,1.0,1.0,1.0,1.0,32,True,d5
L64_s2003_final,64,2003,final,10,1.0,1.0,1.0,1.0,32,True,11
L64_s2003_final,64,2003,final,11,1.0,1.0,0.0,0.0,32,False,d5
L64_s2003_final,64,2003,final,12,1.0,0.96875,0.0625,0.0625,32,False,11
L64_s2003_final,64,2003,final,13,1.0,1.0,1.0,1.0,32,True,d5
L64_s2003_final,64,2003,final,14,0.96875,0.9375,1.0,0.96875,32,True,11
L64_s2003_final,64,2003,final,15,0.96875,0.96875,0.0,0.0,32,False,d5
L64_s2003_final,64,2003,final,16,0.96875,0.9375,0.03125,0.03125,32,False,11
L64_s2003_final,64,2003,final,17,1.0,1.0,1.0,1.0,32,True,d5
L64_s2003_final,64,2003,final,18,1.0,1.0,1.0,1.0,32,True,11
L64_s2003_final,64,2003,final,19,1.0,0.96875,0.0625,0.0625,32,False,d5
L64_s2003_final,64,2003,final,20,1.0,1.0,0.09375,0.09375,32,False,11
L64_s2003_final,64,2003,final,21,1.0,1.0,1.0,1.0,32,True,d5
L64_s2003_final,64,2003,final,22,1.0,1.0,1.0,1.0,32,True,11
L64_s2003_final,64,2003,final,23,0.96875,0.90625,0.0625,0.0625,32,False,d5
L64_s2003_final,64,2003,final,24,1.0,1.0,0.0,0.0,32,False,11
L64_s2003_final,64,2003,final,25,1.0,1.0,1.0,1.0,32,True,d5
L64_s2003_final,64,2003,final,26,1.0,1.0,1.0,1.0,32,True,11
L64_s2003_final,64,2003,final,27,0.96875,0.90625,0.0625,0.0625,32,False,d5
L64_s2003_final,64,2003,final,28,1.0,1.0,0.0,0.0,32,False,11
L64_s2003_final,64,2003,final,29,1.0,1.0,1.0,1.0,32,True,d5
L64_s2003_final,64,2003,final,30,1.0,1.0,1.0,1.0,32,True,11
L64_s2003_final,64,2003,final,31,1.0,1.0,0.03125,0.03125,32,False,d5
L64_s2003_final,64,2003,final,32,1.0,0.96875,0.0,0.0,32,False,11
L64_s2003_final,64,2003,final,33,1.0,1.0,1.0,1.0,32,True,d5
L64_s2003_final,64,2003,final,34,1.0,1.0,1.0,1.0,32,True,11
L64_s2003_final,64,2003,final,35,1.0,0.96875,0.09375,0.09375,32,False,d5
L64_s2003_final,64,2003,final,36,1.0,1.0,0.09375,0.09375,32,False,11
L64_s2003_final,64,2003,final,37,1.0,1.0,1.0,1.0,32,True,d5
L64_s2003_final,64,2003,final,38,1.0,1.0,1.0,1.0,32,True,11
L64_s2003_final,64,2003,final,39,1.0,0.96875,0.03125,0.03125,32,False,d5
L64_s2003_final,64,2003,final,40,1.0,0.96875,0.03125,0.03125,32,False,11
L64_s2003_final,64,2003,final,41,1.0,1.0,1.0,1.0,32,True,d5
L64_s2003_final,64,2003,final,42,1.0,1.0,1.0,1.0,32,True,11
L64_s2003_final,64,2003,final,43,1.0,0.96875,0.03125,0.03125,32,False,d5
L64_s2003_final,64,2003,final,44,1.0,0.96875,0.0,0.0,32,False,11
L64_s2003_final,64,2003,final,45,1.0,1.0,1.0,1.0,32,True,d5
L64_s2003_final,64,2003,final,46,1.0,0.96875,1.0,1.0,32,True,11
L64_s2003_final,64,2003,final,47,0.9375,0.9375,0.0625,0.03125,32,False,d5
L64_s2003_final,64,2003,final,48,1.0,0.9375,0.0625,0.0625,32,False,11
L64_s2003_final,64,2003,final,49,0.96875,0.96875,1.0,0.96875,32,True,d5
L64_s2003_final,64,2003,final,50,1.0,1.0,1.0,1.0,32,True,11
L64_s2003_final,64,2003,final,51,1.0,0.96875,0.09375,0.09375,32,False,d5
L64_s2003_final,64,2003,final,52,1.0,0.96875,0.0,0.0,32,False,11
L64_s2003_final,64,2003,final,53,1.0,1.0,1.0,1.0,32,True,d5
L64_s2003_final,64,2003,final,54,1.0,1.0,1.0,1.0,32,True,11
L64_s2003_final,64,2003,final,55,1.0,1.0,0.0625,0.0625,32,False,d5
L64_s2003_final,64,2003,final,56,1.0,1.0,0.0,0.0,32,False,11
L64_s2003_final,64,2003,final,57,1.0,1.0,1.0,1.0,32,True,d5
L64_s2003_final,64,2003,final,58,1.0,1.0,1.0,1.0,32,True,11
L64_s2003_final,64,2003,final,59,1.0,1.0,0.0,0.0,32,False,d5
L64_s2003_final,64,2003,final,60,1.0,0.96875,0.0,0.0,32,False,11
L64_s2003_final,64,2003,final,61,0.96875,0.96875,1.0,0.96875,32,True,d5
L64_s2003_final,64,2003,final,62,1.0,1.0,1.0,1.0,32,True,11
L64_s2003_final,64,2003,final,63,1.0,1.0,0.0,0.0,32,False,d5
L64_s2004_first,64,2004,first,0,0.96875,0.96875,0.03125,0.03125,32,False,01
L64_s2004_first,64,2004,first,1,1.0,1.0,1.0,1.0,32,True,c5
L64_s2004_first,64,2004,first,2,1.0,1.0,1.0,1.0,32,True,01
L64_s2004_first,64,2004,first,3,1.0,0.9375,0.0,0.0,32,False,c5
L64_s2004_first,64,2004,first,4,0.96875,0.8125,0.0625,0.0625,32,False,01
L64_s2004_first,64,2004,first,5,1.0,0.96875,1.0,1.0,32,True,c5
L64_s2004_first,64,2004,first,6,1.0,1.0,1.0,1.0,32,True,01
L64_s2004_first,64,2004,first,7,1.0,1.0,0.09375,0.09375,32,False,c5
L64_s2004_first,64,2004,first,8,1.0,0.96875,0.03125,0.03125,32,False,01
L64_s2004_first,64,2004,first,9,1.0,1.0,1.0,1.0,32,True,c5
L64_s2004_first,64,2004,first,10,1.0,1.0,1.0,1.0,32,True,01
L64_s2004_first,64,2004,first,11,1.0,0.96875,0.0,0.0,32,False,c5
L64_s2004_first,64,2004,first,12,1.0,0.96875,0.0625,0.0625,32,False,01
L64_s2004_first,64,2004,first,13,0.96875,0.96875,1.0,0.96875,32,True,c5
L64_s2004_first,64,2004,first,14,1.0,1.0,1.0,1.0,32,True,01
L64_s2004_first,64,2004,first,15,1.0,1.0,0.03125,0.03125,32,False,c5
L64_s2004_first,64,2004,first,16,0.96875,0.90625,0.0625,0.0625,32,False,01
L64_s2004_first,64,2004,first,17,1.0,1.0,1.0,1.0,32,True,c5
L64_s2004_first,64,2004,first,18,1.0,1.0,1.0,1.0,32,True,01
L64_s2004_first,64,2004,first,19,1.0,0.9375,0.0,0.0,32,False,c5
L64_s2004_first,64,2004,first,20,1.0,0.9375,0.09375,0.09375,32,False,01
L64_s2004_first,64,2004,first,21,1.0,1.0,1.0,1.0,32,True,c5
L64_s2004_first,64,2004,first,22,1.0,1.0,1.0,1.0,32,True,01
L64_s2004_first,64,2004,first,23,1.0,0.96875,0.0,0.0,32,False,c5
L64_s2004_first,64,2004,first,24,1.0,0.9375,0.03125,0.03125,32,False,01
L64_s2004_first,64,2004,first,25,1.0,1.0,1.0,1.0,32,True,c5
L64_s2004_first,64,2004,first,26,1.0,1.0,1.0,1.0,32,True,01
L64_s2004_first,64,2004,first,27,1.0,0.90625,0.0625,0.0625,32,False,c5
L64_s2004_first,64,2004,first,28,0.96875,0.96875,0.0,0.0,32,False,01
L64_s2004_first,64,2004,first,29,1.0,1.0,1.0,1.0,32,True,c5
L64_s2004_first,64,2004,first,30,1.0,1.0,1.0,1.0,32,True,01
L64_s2004_first,64,2004,first,31,0.96875,0.96875,0.03125,0.03125,32,False,c5
L64_s2004_first,64,2004,first,32,1.0,1.0,0.0,0.0,32,False,01
L64_s2004_first,64,2004,first,33,1.0,1.0,1.0,1.0,32,True,c5
L64_s2004_first,64,2004,first,34,1.0,1.0,1.0,1.0,32,True,01
L64_s2004_first,64,2004,first,35,1.0,0.96875,0.0625,0.0625,32,False,c5
L64_s2004_first,64,2004,first,36,0.96875,0.96875,0.03125,0.03125,32,False,01
L64_s2004_first,64,2004,first,37,1.0,1.0,1.0,1.0,32,True,c5
L64_s2004_first,64,2004,first,38,1.0,1.0,1.0,1.0,32,True,01
L64_s2004_first,64,2004,first,39,1.0,0.96875,0.09375,0.09375,32,False,c5
L64_s2004_first,64,2004,first,40,1.0,1.0,0.03125,0.03125,32,False,01
L64_s2004_first,64,2004,first,41,1.0,1.0,1.0,1.0,32,True,c5
L64_s2004_first,64,2004,first,42,0.96875,0.96875,1.0,0.96875,32,True,01
L64_s2004_first,64,2004,first,43,1.0,1.0,0.0,0.0,32,False,c5
L64_s2004_first,64,2004,first,44,1.0,1.0,0.0,0.0,32,False,01
L64_s2004_first,64,2004,first,45,1.0,1.0,1.0,1.0,32,True,c5
L64_s2004_first,64,2004,first,46,1.0,1.0,1.0,1.0,32,True,01
L64_s2004_first,64,2004,first,47,1.0,0.96875,0.0625,0.0625,32,False,c5
L64_s2004_first,64,2004,first,48,1.0,0.96875,0.03125,0.03125,32,False,01
L64_s2004_first,64,2004,first,49,1.0,1.0,1.0,1.0,32,True,c5
L64_s2004_first,64,2004,first,50,1.0,1.0,1.0,1.0,32,True,01
L64_s2004_first,64,2004,first,51,1.0,0.9375,0.0625,0.0625,32,False,c5
L64_s2004_first,64,2004,first,52,1.0,1.0,0.03125,0.03125,32,False,01
L64_s2004_first,64,2004,first,53,1.0,1.0,1.0,1.0,32,True,c5
L64_s2004_first,64,2004,first,54,1.0,1.0,1.0,1.0,32,True,01
L64_s2004_first,64,2004,first,55,1.0,1.0,0.03125,0.03125,32,False,c5
L64_s2004_first,64,2004,first,56,1.0,0.96875,0.03125,0.03125,32,False,01
L64_s2004_first,64,2004,first,57,1.0,1.0,1.0,1.0,32,True,c5
L64_s2004_first,64,2004,first,58,1.0,1.0,1.0,1.0,32,True,01
L64_s2004_first,64,2004,first,59,1.0,0.96875,0.0,0.0,32,False,c5
L64_s2004_first,64,2004,first,60,1.0,0.96875,0.0,0.0,32,False,01
L64_s2004_first,64,2004,first,61,1.0,1.0,1.0,1.0,32,True,c5
L64_s2004_first,64,2004,first,62,0.9375,0.9375,1.0,0.9375,32,True,01
L64_s2004_first,64,2004,first,63,1.0,1.0,0.0,0.0,32,False,c5
L64_s2004_final,64,2004,final,0,1.0,1.0,0.0,0.0,32,False,11
L64_s2004_final,64,2004,final,1,1.0,1.0,1.0,1.0,32,True,d5
L64_s2004_final,64,2004,final,2,1.0,1.0,1.0,1.0,32,True,11
L64_s2004_final,64,2004,final,3,1.0,1.0,0.0,0.0,32,False,d5
L64_s2004_final,64,2004,final,4,0.96875,0.96875,0.0,0.0,32,False,11
L64_s2004_final,64,2004,final,5,1.0,1.0,1.0,1.0,32,True,d5
L64_s2004_final,64,2004,final,6,1.0,1.0,1.0,1.0,32,True,11
L64_s2004_final,64,2004,final,7,1.0,1.0,0.0,0.0,32,False,d5
L64_s2004_final,64,2004,final,8,0.96875,0.875,0.0,0.0,32,False,11
L64_s2004_final,64,2004,final,9,1.0,1.0,1.0,1.0,32,True,d5
L64_s2004_final,64,2004,final,10,1.0,1.0,1.0,1.0,32,True,11
L64_s2004_final,64,2004,final,11,0.96875,0.9375,0.0,0.0,32,False,d5
L64_s2004_final,64,2004,final,12,0.96875,0.96875,0.0,0.0,32,False,11
L64_s2004_final,64,2004,final,13,1.0,1.0,1.0,1.0,32,True,d5
L64_s2004_final,64,2004,final,14,1.0,1.0,1.0,1.0,32,True,11
L64_s2004_final,64,2004,final,15,0.96875,0.9375,0.0,0.0,32,False,d5
L64_s2004_final,64,2004,final,16,0.96875,0.90625,0.0,0.0,32,False,11
L64_s2004_final,64,2004,final,17,1.0,1.0,1.0,1.0,32,True,d5
L64_s2004_final,64,2004,final,18,1.0,1.0,1.0,1.0,32,True,11
L64_s2004_final,64,2004,final,19,1.0,0.96875,0.09375,0.09375,32,False,d5
L64_s2004_final,64,2004,final,20,1.0,0.96875,0.0,0.0,32,False,11
L64_s2004_final,64,2004,final,21,0.9375,0.9375,1.0,0.9375,32,True,d5
L64_s2004_final,64,2004,final,22,1.0,1.0,1.0,1.0,32,True,11
L64_s2004_final,64,2004,final,23,1.0,0.96875,0.09375,0.09375,32,False,d5
L64_s2004_final,64,2004,final,24,1.0,0.96875,0.0,0.0,32,False,11
L64_s2004_final,64,2004,final,25,1.0,1.0,1.0,1.0,32,True,d5
L64_s2004_final,64,2004,final,26,1.0,1.0,1.0,1.0,32,True,11
L64_s2004_final,64,2004,final,27,0.96875,0.96875,0.125,0.09375,32,False,d5
L64_s2004_final,64,2004,final,28,0.96875,0.96875,0.0,0.0,32,False,11
L64_s2004_final,64,2004,final,29,1.0,1.0,1.0,1.0,32,True,d5
L64_s2004_final,64,2004,final,30,1.0,1.0,1.0,1.0,32,True,11
L64_s2004_final,64,2004,final,31,0.96875,0.96875,0.0625,0.0625,32,False,d5
L64_s2004_final,64,2004,final,32,1.0,0.96875,0.0,0.0,32,False,11
L64_s2004_final,64,2004,final,33,1.0,1.0,1.0,1.0,32,True,d5
L64_s2004_final,64,2004,final,34,1.0,1.0,1.0,1.0,32,True,11
L64_s2004_final,64,2004,final,35,0.96875,0.96875,0.03125,0.03125,32,False,d5
L64_s2004_final,64,2004,final,36,1.0,1.0,0.0,0.0,32,False,11
L64_s2004_final,64,2004,final,37,1.0,1.0,1.0,1.0,32,True,d5
L64_s2004_final,64,2004,final,38,1.0,1.0,1.0,1.0,32,True,11
L64_s2004_final,64,2004,final,39,1.0,1.0,0.0625,0.0625,32,False,d5
L64_s2004_final,64,2004,final,40,0.96875,0.96875,0.03125,0.03125,32,False,11
L64_s2004_final,64,2004,final,41,1.0,1.0,1.0,1.0,32,True,d5
L64_s2004_final,64,2004,final,42,1.0,1.0,1.0,1.0,32,True,11
L64_s2004_final,64,2004,final,43,1.0,0.96875,0.0625,0.0625,32,False,d5
L64_s2004_final,64,2004,final,44,1.0,1.0,0.0,0.0,32,False,11
L64_s2004_final,64,2004,final,45,1.0,0.96875,1.0,1.0,32,True,d5
L64_s2004_final,64,2004,final,46,1.0,1.0,1.0,1.0,32,True,11
L64_s2004_final,64,2004,final,47,1.0,1.0,0.0,0.0,32,False,d5
L64_s2004_final,64,2004,final,48,1.0,0.9375,0.03125,0.03125,32,False,11
L64_s2004_final,64,2004,final,49,1.0,1.0,1.0,1.0,32,True,d5
L64_s2004_final,64,2004,final,50,1.0,1.0,1.0,1.0,32,True,11
L64_s2004_final,64,2004,final,51,1.0,1.0,0.0,0.0,32,False,d5
L64_s2004_final,64,2004,final,52,1.0,0.96875,0.0,0.0,32,False,11
L64_s2004_final,64,2004,final,53,1.0,1.0,1.0,1.0,32,True,d5
L64_s2004_final,64,2004,final,54,1.0,1.0,1.0,1.0,32,True,11
L64_s2004_final,64,2004,final,55,1.0,1.0,0.03125,0.03125,32,False,d5
L64_s2004_final,64,2004,final,56,1.0,1.0,0.0,0.0,32,False,11
L64_s2004_final,64,2004,final,57,1.0,1.0,1.0,1.0,32,True,d5
L64_s2004_final,64,2004,final,58,1.0,1.0,1.0,1.0,32,True,11
L64_s2004_final,64,2004,final,59,1.0,0.96875,0.09375,0.09375,32,False,d5
L64_s2004_final,64,2004,final,60,1.0,1.0,0.0,0.0,32,False,11
L64_s2004_final,64,2004,final,61,1.0,0.96875,1.0,1.0,32,True,d5
L64_s2004_final,64,2004,final,62,1.0,1.0,1.0,1.0,32,True,11
L64_s2004_final,64,2004,final,63,0.96875,0.96875,0.0,0.0,32,False,d5
L64_s2005_first,64,2005,first,0,1.0,0.9375,0.0,0.0,32,False,01
L64_s2005_first,64,2005,first,1,1.0,1.0,1.0,1.0,32,True,c5
L64_s2005_first,64,2005,first,2,1.0,0.96875,1.0,1.0,32,True,01
L64_s2005_first,64,2005,first,3,0.96875,0.90625,0.0,0.0,32,False,c5
L64_s2005_first,64,2005,first,4,0.96875,0.9375,0.03125,0.03125,32,False,01
L64_s2005_first,64,2005,first,5,1.0,1.0,1.0,1.0,32,True,c5
L64_s2005_first,64,2005,first,6,0.96875,0.96875,1.0,0.96875,32,True,01
L64_s2005_first,64,2005,first,7,1.0,1.0,0.03125,0.03125,32,False,c5
L64_s2005_first,64,2005,first,8,1.0,1.0,0.0,0.0,32,False,01
L64_s2005_first,64,2005,first,9,1.0,1.0,1.0,1.0,32,True,c5
L64_s2005_first,64,2005,first,10,1.0,1.0,1.0,1.0,32,True,01
L64_s2005_first,64,2005,first,11,0.96875,0.9375,0.03125,0.03125,32,False,c5
L64_s2005_first,64,2005,first,12,0.9375,0.9375,0.0,0.0,32,False,01
L64_s2005_first,64,2005,first,13,1.0,1.0,1.0,1.0,32,True,c5
L64_s2005_first,64,2005,first,14,0.96875,0.96875,1.0,0.96875,32,True,01
L64_s2005_first,64,2005,first,15,1.0,0.96875,0.15625,0.15625,32,False,c5
L64_s2005_first,64,2005,first,16,0.9375,0.90625,0.03125,0.03125,32,False,01
L64_s2005_first,64,2005,first,17,1.0,1.0,1.0,1.0,32,True,c5
L64_s2005_first,64,2005,first,18,1.0,1.0,1.0,1.0,32,True,01
L64_s2005_first,64,2005,first,19,1.0,0.96875,0.0625,0.0625,32,False,c5
L64_s2005_first,64,2005,first,20,0.96875,0.96875,0.03125,0.03125,32,False,01
L64_s2005_first,64,2005,first,21,1.0,1.0,1.0,1.0,32,True,c5
L64_s2005_first,64,2005,first,22,1.0,1.0,1.0,1.0,32,True,01
L64_s2005_first,64,2005,first,23,1.0,1.0,0.03125,0.03125,32,False,c5
L64_s2005_first,64,2005,first,24,1.0,1.0,0.0,0.0,32,False,01
L64_s2005_first,64,2005,first,25,1.0,1.0,1.0,1.0,32,True,c5
L64_s2005_first,64,2005,first,26,1.0,1.0,1.0,1.0,32,True,01
L64_s2005_first,64,2005,first,27,1.0,0.96875,0.09375,0.09375,32,False,c5
L64_s2005_first,64,2005,first,28,1.0,1.0,0.0,0.0,32,False,01
L64_s2005_first,64,2005,first,29,1.0,1.0,1.0,1.0,32,True,c5
L64_s2005_first,64,2005,first,30,1.0,1.0,1.0,1.0,32,True,01
L64_s2005_first,64,2005,first,31,1.0,1.0,0.03125,0.03125,32,False,c5
L64_s2005_first,64,2005,first,32,1.0,1.0,0.0,0.0,32,False,01
L64_s2005_first,64,2005,first,33,1.0,1.0,1.0,1.0,32,True,c5
L64_s2005_first,64,2005,first,34,1.0,1.0,1.0,1.0,32,True,01
L64_s2005_first,64,2005,first,35,0.96875,0.96875,0.0625,0.0625,32,False,c5
L64_s2005_first,64,2005,first,36,1.0,1.0,0.0,0.0,32,False,01
L64_s2005_first,64,2005,first,37,1.0,1.0,1.0,1.0,32,True,c5
L64_s2005_first,64,2005,first,38,0.96875,0.9375,1.0,0.96875,32,True,01
L64_s2005_first,64,2005,first,39,1.0,1.0,0.0625,0.0625,32,False,c5
L64_s2005_first,64,2005,first,40,0.9375,0.84375,0.09375,0.09375,32,False,01
L64_s2005_first,64,2005,first,41,1.0,1.0,1.0,1.0,32,True,c5
L64_s2005_first,64,2005,first,42,1.0,1.0,1.0,1.0,32,True,01
L64_s2005_first,64,2005,first,43,0.96875,0.96875,0.0,0.0,32,False,c5
L64_s2005_first,64,2005,first,44,0.96875,0.96875,0.0,0.0,32,False,01
L64_s2005_first,64,2005,first,45,1.0,1.0,1.0,1.0,32,True,c5
L64_s2005_first,64,2005,first,46,1.0,1.0,1.0,1.0,32,True,01
L64_s2005_first,64,2005,first,47,0.96875,0.96875,0.03125,0.03125,32,False,c5
L64_s2005_first,64,2005,first,48,0.96875,0.9375,0.03125,0.03125,32,False,01
L64_s2005_first,64,2005,first,49,1.0,1.0,1.0,1.0,32,True,c5
L64_s2005_first,64,2005,first,50,1.0,1.0,1.0,1.0,32,True,01
L64_s2005_first,64,2005,first,51,0.96875,0.96875,0.0625,0.03125,32,False,c5
L64_s2005_first,64,2005,first,52,1.0,0.96875,0.0,0.0,32,False,01
L64_s2005_first,64,2005,first,53,1.0,1.0,1.0,1.0,32,True,c5
L64_s2005_first,64,2005,first,54,0.9375,0.9375,1.0,0.9375,32,True,01
L64_s2005_first,64,2005,first,55,1.0,0.96875,0.0625,0.0625,32,False,c5
L64_s2005_first,64,2005,first,56,1.0,0.9375,0.03125,0.03125,32,False,01
L64_s2005_first,64,2005,first,57,1.0,1.0,1.0,1.0,32,True,c5
L64_s2005_first,64,2005,first,58,0.96875,0.96875,1.0,0.96875,32,True,01
L64_s2005_first,64,2005,first,59,0.96875,0.96875,0.03125,0.0,32,False,c5
L64_s2005_first,64,2005,first,60,1.0,0.96875,0.0,0.0,32,False,01
L64_s2005_first,64,2005,first,61,1.0,1.0,1.0,1.0,32,True,c5
L64_s2005_first,64,2005,first,62,1.0,1.0,1.0,1.0,32,True,01
L64_s2005_first,64,2005,first,63,1.0,0.96875,0.0,0.0,32,False,c5
L64_s2005_final,64,2005,final,0,0.5,0.28125,0.25,0.25,32,False,84
L64_s2005_final,64,2005,final,1,0.0,0.0,0.3125,0.0,32,False,5e
L64_s2005_final,64,2005,final,2,0.8125,0.03125,0.15625,0.03125,32,False,ed
L64_s2005_final,64,2005,final,3,0.0,0.0,0.0,0.0,32,False,b0
L64_s2005_final,64,2005,final,4,1.0,1.0,0.0,0.0,32,False,84
L64_s2005_final,64,2005,final,5,1.0,1.0,0.0,0.0,32,False,5e
L64_s2005_final,64,2005,final,6,1.0,1.0,0.0,0.0,32,False,ed
L64_s2005_final,64,2005,final,7,1.0,1.0,0.0,0.0,32,False,b0
L64_s2005_final,64,2005,final,8,1.0,1.0,0.0,0.0,32,False,84
L64_s2005_final,64,2005,final,9,1.0,1.0,0.0,0.0,32,False,5e
L64_s2005_final,64,2005,final,10,1.0,1.0,0.0,0.0,32,False,ed
L64_s2005_final,64,2005,final,11,1.0,1.0,0.0,0.0,32,False,b0
L64_s2005_final,64,2005,final,12,1.0,1.0,0.0,0.0,32,False,84
L64_s2005_final,64,2005,final,13,1.0,1.0,0.0,0.0,32,False,5e
L64_s2005_final,64,2005,final,14,1.0,1.0,0.0,0.0,32,False,ed
L64_s2005_final,64,2005,final,15,1.0,1.0,0.0,0.0,32,False,b0
L64_s2005_final,64,2005,final,16,1.0,1.0,0.0,0.0,32,False,84
L64_s2005_final,64,2005,final,17,1.0,1.0,0.0,0.0,32,False,5e
L64_s2005_final,64,2005,final,18,1.0,1.0,0.0,0.0,32,False,ed
L64_s2005_final,64,2005,final,19,1.0,1.0,0.0,0.0,32,False,b0
L64_s2005_final,64,2005,final,20,1.0,1.0,0.0,0.0,32,False,84
L64_s2005_final,64,2005,final,21,1.0,1.0,0.0,0.0,32,False,5e
L64_s2005_final,64,2005,final,22,1.0,1.0,0.0,0.0,32,False,ed
L64_s2005_final,64,2005,final,23,1.0,1.0,0.0,0.0,32,False,b0
L64_s2005_final,64,2005,final,24,1.0,1.0,0.0,0.0,32,False,84
L64_s2005_final,64,2005,final,25,1.0,1.0,0.0,0.0,32,False,5e
L64_s2005_final,64,2005,final,26,1.0,1.0,0.0,0.0,32,False,ed
L64_s2005_final,64,2005,final,27,1.0,1.0,0.0,0.0,32,False,b0
L64_s2005_final,64,2005,final,28,1.0,1.0,0.0,0.0,32,False,84
L64_s2005_final,64,2005,final,29,1.0,1.0,0.0,0.0,32,False,5e
L64_s2005_final,64,2005,final,30,1.0,1.0,0.0,0.0,32,False,ed
L64_s2005_final,64,2005,final,31,1.0,1.0,0.0,0.0,32,False,b0
L64_s2005_final,64,2005,final,32,1.0,1.0,0.0,0.0,32,False,84
L64_s2005_final,64,2005,final,33,1.0,1.0,0.0,0.0,32,False,5e
L64_s2005_final,64,2005,final,34,1.0,1.0,0.0,0.0,32,False,ed
L64_s2005_final,64,2005,final,35,1.0,1.0,0.0,0.0,32,False,b0
L64_s2005_final,64,2005,final,36,1.0,1.0,0.0,0.0,32,False,84
L64_s2005_final,64,2005,final,37,1.0,1.0,0.0,0.0,32,False,5e
L64_s2005_final,64,2005,final,38,1.0,1.0,0.0,0.0,32,False,ed
L64_s2005_final,64,2005,final,39,1.0,1.0,0.0,0.0,32,False,b0
L64_s2005_final,64,2005,final,40,1.0,1.0,0.0,0.0,32,False,84
L64_s2005_final,64,2005,final,41,1.0,1.0,0.0,0.0,32,False,5e
L64_s2005_final,64,2005,final,42,1.0,1.0,0.0,0.0,32,False,ed
L64_s2005_final,64,2005,final,43,1.0,1.0,0.0,0.0,32,False,b0
L64_s2005_final,64,2005,final,44,1.0,1.0,0.0,0.0,32,False,84
L64_s2005_final,64,2005,final,45,1.0,1.0,0.0,0.0,32,False,5e
L64_s2005_final,64,2005,final,46,1.0,1.0,0.0,0.0,32,False,ed
L64_s2005_final,64,2005,final,47,1.0,1.0,0.0,0.0,32,False,b0
L64_s2005_final,64,2005,final,48,1.0,1.0,0.0,0.0,32,False,84
L64_s2005_final,64,2005,final,49,1.0,1.0,0.0,0.0,32,False,5e
L64_s2005_final,64,2005,final,50,1.0,1.0,0.0,0.0,32,False,ed
L64_s2005_final,64,2005,final,51,1.0,1.0,0.0,0.0,32,False,b0
L64_s2005_final,64,2005,final,52,1.0,1.0,0.0,0.0,32,False,84
L64_s2005_final,64,2005,final,53,1.0,1.0,0.0,0.0,32,False,5e
L64_s2005_final,64,2005,final,54,1.0,1.0,0.0,0.0,32,False,ed
L64_s2005_final,64,2005,final,55,1.0,1.0,0.0,0.0,32,False,b0
L64_s2005_final,64,2005,final,56,1.0,1.0,0.0,0.0,32,False,84
L64_s2005_final,64,2005,final,57,1.0,1.0,0.0,0.0,32,False,5e
L64_s2005_final,64,2005,final,58,1.0,1.0,0.0,0.0,32,False,ed
L64_s2005_final,64,2005,final,59,1.0,1.0,0.0,0.0,32,False,b0
L64_s2005_final,64,2005,final,60,1.0,1.0,0.0,0.0,32,False,84
L64_s2005_final,64,2005,final,61,1.0,1.0,0.0,0.0,32,False,5e
L64_s2005_final,64,2005,final,62,1.0,1.0,0.0,0.0,32,False,ed
L64_s2005_final,64,2005,final,63,1.0,1.0,0.0,0.0,32,False,b0
L64_s2006_first,64,2006,first,0,1.0,0.875,0.03125,0.03125,32,False,01
L64_s2006_first,64,2006,first,1,1.0,0.9375,1.0,1.0,32,True,c5
L64_s2006_first,64,2006,first,2,1.0,0.96875,1.0,1.0,32,True,01
L64_s2006_first,64,2006,first,3,1.0,0.9375,0.03125,0.03125,32,False,c5
L64_s2006_first,64,2006,first,4,1.0,0.9375,0.0,0.0,32,False,01
L64_s2006_first,64,2006,first,5,1.0,0.96875,1.0,1.0,32,True,c5
L64_s2006_first,64,2006,first,6,0.9375,0.9375,1.0,0.9375,32,True,01
L64_s2006_first,64,2006,first,7,1.0,0.9375,0.09375,0.09375,32,False,c5
L64_s2006_first,64,2006,first,8,1.0,0.96875,0.15625,0.15625,32,False,01
L64_s2006_first,64,2006,first,9,1.0,1.0,1.0,1.0,32,True,c5
L64_s2006_first,64,2006,first,10,1.0,1.0,1.0,1.0,32,True,01
L64_s2006_first,64,2006,first,11,1.0,1.0,0.1875,0.1875,32,False,c5
L64_s2006_first,64,2006,first,12,1.0,0.9375,0.15625,0.15625,32,False,01
L64_s2006_first,64,2006,first,13,1.0,0.96875,1.0,1.0,32,True,c5
L64_s2006_first,64,2006,first,14,0.96875,0.96875,1.0,0.96875,32,True,01
L64_s2006_first,64,2006,first,15,1.0,0.96875,0.21875,0.21875,32,False,c5
L64_s2006_first,64,2006,first,16,0.96875,0.84375,0.1875,0.1875,32,False,01
L64_s2006_first,64,2006,first,17,1.0,1.0,1.0,1.0,32,True,c5
L64_s2006_first,64,2006,first,18,1.0,1.0,1.0,1.0,32,True,01
L64_s2006_first,64,2006,first,19,1.0,1.0,0.125,0.125,32,False,c5
L64_s2006_first,64,2006,first,20,0.96875,0.90625,0.21875,0.1875,32,False,01
L64_s2006_first,64,2006,first,21,1.0,0.96875,1.0,1.0,32,True,c5
L64_s2006_first,64,2006,first,22,1.0,1.0,1.0,1.0,32,True,01
L64_s2006_first,64,2006,first,23,1.0,0.875,0.15625,0.15625,32,False,c5
L64_s2006_first,64,2006,first,24,0.9375,0.875,0.09375,0.0625,32,False,01
L64_s2006_first,64,2006,first,25,1.0,1.0,1.0,1.0,32,True,c5
L64_s2006_first,64,2006,first,26,1.0,0.96875,1.0,1.0,32,True,01
L64_s2006_first,64,2006,first,27,1.0,0.96875,0.125,0.125,32,False,c5
L64_s2006_first,64,2006,first,28,1.0,0.84375,0.25,0.25,32,False,01
L64_s2006_first,64,2006,first,29,1.0,1.0,1.0,1.0,32,True,c5
L64_s2006_first,64,2006,first,30,1.0,1.0,1.0,1.0,32,True,01
L64_s2006_first,64,2006,first,31,1.0,0.9375,0.09375,0.09375,32,False,c5
L64_s2006_first,64,2006,first,32,0.96875,0.9375,0.0,0.0,32,False,01
L64_s2006_first,64,2006,first,33,1.0,1.0,1.0,1.0,32,True,c5
L64_s2006_first,64,2006,first,34,1.0,1.0,1.0,1.0,32,True,01
L64_s2006_first,64,2006,first,35,1.0,0.9375,0.03125,0.03125,32,False,c5
L64_s2006_first,64,2006,first,36,1.0,0.96875,0.0,0.0,32,False,01
L64_s2006_first,64,2006,first,37,1.0,1.0,1.0,1.0,32,True,c5
L64_s2006_first,64,2006,first,38,0.96875,0.96875,1.0,0.96875,32,True,01
L64_s2006_first,64,2006,first,39,1.0,1.0,0.03125,0.03125,32,False,c5
L64_s2006_first,64,2006,first,40,1.0,0.96875,0.0,0.0,32,False,01
L64_s2006_first,64,2006,first,41,1.0,1.0,1.0,1.0,32,True,c5
L64_s2006_first,64,2006,first,42,1.0,1.0,1.0,1.0,32,True,01
L64_s2006_first,64,2006,first,43,1.0,0.96875,0.15625,0.15625,32,False,c5
L64_s2006_first,64,2006,first,44,1.0,0.96875,0.03125,0.03125,32,False,01
L64_s2006_first,64,2006,first,45,0.96875,0.96875,1.0,0.96875,32,True,c5
L64_s2006_first,64,2006,first,46,1.0,1.0,1.0,1.0,32,True,01
L64_s2006_first,64,2006,first,47,0.96875,0.96875,0.0,0.0,32,False,c5
L64_s2006_first,64,2006,first,48,1.0,0.96875,0.03125,0.03125,32,False,01
L64_s2006_first,64,2006,first,49,1.0,1.0,1.0,1.0,32,True,c5
L64_s2006_first,64,2006,first,50,1.0,1.0,1.0,1.0,32,True,01
L64_s2006_first,64,2006,first,51,1.0,1.0,0.03125,0.03125,32,False,c5
L64_s2006_first,64,2006,first,52,0.96875,0.96875,0.0,0.0,32,False,01
L64_s2006_first,64,2006,first,53,1.0,1.0,1.0,1.0,32,True,c5
L64_s2006_first,64,2006,first,54,1.0,1.0,1.0,1.0,32,True,01
L64_s2006_first,64,2006,first,55,1.0,1.0,0.0625,0.0625,32,False,c5
L64_s2006_first,64,2006,first,56,0.96875,0.9375,0.0,0.0,32,False,01
L64_s2006_first,64,2006,first,57,1.0,1.0,1.0,1.0,32,True,c5
L64_s2006_first,64,2006,first,58,1.0,0.96875,1.0,1.0,32,True,01
L64_s2006_first,64,2006,first,59,1.0,0.90625,0.0,0.0,32,False,c5
L64_s2006_first,64,2006,first,60,1.0,0.9375,0.0,0.0,32,False,01
L64_s2006_first,64,2006,first,61,1.0,0.96875,1.0,1.0,32,True,c5
L64_s2006_first,64,2006,first,62,1.0,1.0,1.0,1.0,32,True,01
L64_s2006_first,64,2006,first,63,0.96875,0.71875,0.03125,0.03125,32,False,c5
L64_s2006_final,64,2006,final,0,0.125,0.125,0.0,0.0,32,False,d5
L64_s2006_final,64,2006,final,1,0.03125,0.03125,0.0,0.0,32,False,d5
L64_s2006_final,64,2006,final,2,0.15625,0.0,0.0,0.0,32,False,11
L64_s2006_final,64,2006,final,3,0.09375,0.09375,1.0,0.09375,32,False,73
L64_s2006_final,64,2006,final,4,0.71875,0.71875,1.0,0.71875,32,True,e9
L64_s2006_final,64,2006,final,5,0.90625,0.0,0.0,0.0,32,False,d5
L64_s2006_final,64,2006,final,6,0.71875,0.0,0.0,0.0,32,False,11
L64_s2006_final,64,2006,final,7,0.0,0.0,0.0,0.0,32,False,d5
L64_s2006_final,64,2006,final,8,0.0,0.0,0.0,0.0,32,False,11
L64_s2006_final,64,2006,final,9,0.65625,0.53125,0.0,0.0,32,False,73
L64_s2006_final,64,2006,final,10,0.875,0.03125,0.0,0.0,32,False,e9
L64_s2006_final,64,2006,final,11,1.0,1.0,0.03125,0.03125,32,False,d5
L64_s2006_final,64,2006,final,12,1.0,1.0,0.0,0.0,32,False,11
L64_s2006_final,64,2006,final,13,1.0,1.0,0.0,0.0,32,False,d5
L64_s2006_final,64,2006,final,14,1.0,1.0,0.0,0.0,32,False,11
L64_s2006_final,64,2006,final,15,1.0,1.0,0.0,0.0,32,False,d5
L64_s2006_final,64,2006,final,16,1.0,1.0,0.0,0.0,32,False,11
L64_s2006_final,64,2006,final,17,1.0,1.0,0.03125,0.03125,32,False,d5
L64_s2006_final,64,2006,final,18,1.0,1.0,0.0,0.0,32,False,11
L64_s2006_final,64,2006,final,19,1.0,1.0,0.0,0.0,32,False,73
L64_s2006_final,64,2006,final,20,1.0,1.0,0.0,0.0,32,False,e9
L64_s2006_final,64,2006,final,21,1.0,1.0,0.0,0.0,32,False,d5
L64_s2006_final,64,2006,final,22,1.0,1.0,0.0,0.0,32,False,11
L64_s2006_final,64,2006,final,23,1.0,1.0,0.0,0.0,32,False,d5
L64_s2006_final,64,2006,final,24,1.0,1.0,0.0,0.0,32,False,11
L64_s2006_final,64,2006,final,25,1.0,1.0,0.0,0.0,32,False,73
L64_s2006_final,64,2006,final,26,1.0,1.0,0.0,0.0,32,False,e9
L64_s2006_final,64,2006,final,27,1.0,1.0,0.0,0.0,32,False,d5
L64_s2006_final,64,2006,final,28,1.0,1.0,0.0,0.0,32,False,11
L64_s2006_final,64,2006,final,29,1.0,1.0,0.0,0.0,32,False,d5
L64_s2006_final,64,2006,final,30,1.0,1.0,0.0,0.0,32,False,11
L64_s2006_final,64,2006,final,31,1.0,1.0,0.0,0.0,32,False,73
L64_s2006_final,64,2006,final,32,1.0,1.0,0.0,0.0,32,False,e9
L64_s2006_final,64,2006,final,33,1.0,1.0,0.0,0.0,32,False,d5
L64_s2006_final,64,2006,final,34,1.0,1.0,0.0,0.0,32,False,11
L64_s2006_final,64,2006,final,35,1.0,1.0,0.0,0.0,32,False,d5
L64_s2006_final,64,2006,final,36,1.0,1.0,0.0,0.0,32,False,11
L64_s2006_final,64,2006,final,37,1.0,1.0,0.0,0.0,32,False,73
L64_s2006_final,64,2006,final,38,1.0,1.0,0.0,0.0,32,False,e9
L64_s2006_final,64,2006,final,39,1.0,1.0,0.0,0.0,32,False,d5
L64_s2006_final,64,2006,final,40,1.0,1.0,0.0,0.0,32,False,11
L64_s2006_final,64,2006,final,41,1.0,1.0,0.0,0.0,32,False,d5
L64_s2006_final,64,2006,final,42,1.0,1.0,0.0,0.0,32,False,11
L64_s2006_final,64,2006,final,43,1.0,1.0,0.0,0.0,32,False,73
L64_s2006_final,64,2006,final,44,1.0,1.0,0.0,0.0,32,False,e9
L64_s2006_final,64,2006,final,45,1.0,1.0,0.0,0.0,32,False,d5
L64_s2006_final,64,2006,final,46,1.0,1.0,0.0,0.0,32,False,11
L64_s2006_final,64,2006,final,47,1.0,1.0,0.0,0.0,32,False,d5
L64_s2006_final,64,2006,final,48,1.0,1.0,0.0,0.0,32,False,11
L64_s2006_final,64,2006,final,49,1.0,1.0,0.0,0.0,32,False,73
L64_s2006_final,64,2006,final,50,1.0,1.0,0.0,0.0,32,False,e9
L64_s2006_final,64,2006,final,51,1.0,1.0,0.0,0.0,32,False,d5
L64_s2006_final,64,2006,final,52,1.0,1.0,0.0,0.0,32,False,11
L64_s2006_final,64,2006,final,53,1.0,1.0,0.0,0.0,32,False,d5
L64_s2006_final,64,2006,final,54,1.0,1.0,0.0,0.0,32,False,11
L64_s2006_final,64,2006,final,55,1.0,1.0,0.0,0.0,32,False,73
L64_s2006_final,64,2006,final,56,1.0,1.0,0.0,0.0,32,False,e9
L64_s2006_final,64,2006,final,57,1.0,1.0,0.0,0.0,32,False,d5
L64_s2006_final,64,2006,final,58,1.0,1.0,0.0,0.0,32,False,11
L64_s2006_final,64,2006,final,59,1.0,1.0,0.0,0.0,32,False,d5
L64_s2006_final,64,2006,final,60,1.0,1.0,0.0,0.0,32,False,11
L64_s2006_final,64,2006,final,61,1.0,1.0,0.0,0.0,32,False,73
L64_s2006_final,64,2006,final,62,1.0,1.0,0.0,0.0,32,False,e9
L64_s2006_final,64,2006,final,63,1.0,1.0,0.0,0.0,32,False,d5
L64_s2007_first,64,2007,first,0,0.96875,0.90625,0.0,0.0,32,False,01
L64_s2007_first,64,2007,first,1,1.0,1.0,1.0,1.0,32,True,c5
L64_s2007_first,64,2007,first,2,1.0,1.0,1.0,1.0,32,True,01
L64_s2007_first,64,2007,first,3,0.96875,0.9375,0.03125,0.03125,32,False,c5
L64_s2007_first,64,2007,first,4,0.96875,0.9375,0.09375,0.09375,32,False,01
L64_s2007_first,64,2007,first,5,1.0,1.0,1.0,1.0,32,True,c5
L64_s2007_first,64,2007,first,6,1.0,1.0,1.0,1.0,32,True,01
L64_s2007_first,64,2007,first,7,1.0,1.0,0.09375,0.09375,32,False,c5
L64_s2007_first,64,2007,first,8,1.0,0.96875,0.0625,0.0625,32,False,01
L64_s2007_first,64,2007,first,9,1.0,1.0,1.0,1.0,32,True,c5
L64_s2007_first,64,2007,first,10,1.0,1.0,1.0,1.0,32,True,01
L64_s2007_first,64,2007,first,11,0.96875,0.96875,0.03125,0.03125,32,False,c5
L64_s2007_first,64,2007,first,12,1.0,0.90625,0.0625,0.0625,32,False,01
L64_s2007_first,64,2007,first,13,1.0,1.0,1.0,1.0,32,True,c5
L64_s2007_first,64,2007,first,14,1.0,0.96875,0.96875,0.96875,32,True,01
L64_s2007_first,64,2007,first,15,0.96875,0.96875,0.0625,0.0625,32,False,c5
L64_s2007_first,64,2007,first,16,0.96875,0.9375,0.09375,0.09375,32,False,01
L64_s2007_first,64,2007,first,17,1.0,1.0,1.0,1.0,32,True,c5
L64_s2007_first,64,2007,first,18,1.0,1.0,1.0,1.0,32,True,01
L64_s2007_first,64,2007,first,19,0.96875,0.9375,0.09375,0.0625,32,False,c5
L64_s2007_first,64,2007,first,20,1.0,1.0,0.0625,0.0625,32,False,01
L64_s2007_first,64,2007,first,21,1.0,1.0,1.0,1.0,32,True,c5
L64_s2007_first,64,2007,first,22,1.0,1.0,1.0,1.0,32,True,01
L64_s2007_first,64,2007,first,23,1.0,0.96875,0.03125,0.03125,32,False,c5
L64_s2007_first,64,2007,first,24,0.96875,0.96875,0.0,0.0,32,False,01
L64_s2007_first,64,2007,first,25,1.0,1.0,1.0,1.0,32,True,c5
L64_s2007_first,64,2007,first,26,0.96875,0.96875,1.0,0.96875,32,True,01
L64_s2007_first,64,2007,first,27,0.9375,0.9375,0.03125,0.03125,32,False,c5
L64_s2007_first,64,2007,first,28,0.96875,0.875,0.0,0.0,32,False,01
L64_s2007_first,64,2007,first,29,1.0,1.0,1.0,1.0,32,True,c5
L64_s2007_first,64,2007,first,30,0.96875,0.96875,1.0,0.96875,32,True,01
L64_s2007_first,64,2007,first,31,0.96875,0.96875,0.0,0.0,32,False,c5
L64_s2007_first,64,2007,first,32,1.0,1.0,0.0,0.0,32,False,01
L64_s2007_first,64,2007,first,33,1.0,1.0,1.0,1.0,32,True,c5
L64_s2007_first,64,2007,first,34,1.0,1.0,1.0,1.0,32,True,01
L64_s2007_first,64,2007,first,35,1.0,1.0,0.0625,0.0625,32,False,c5
L64_s2007_first,64,2007,first,36,1.0,1.0,0.03125,0.03125,32,False,01
L64_s2007_first,64,2007,first,37,1.0,1.0,1.0,1.0,32,True,c5
L64_s2007_first,64,2007,first,38,1.0,0.96875,1.0,1.0,32,True,01
L64_s2007_first,64,2007,first,39,0.96875,0.9375,0.03125,0.03125,32,False,c5
L64_s2007_first,64,2007,first,40,1.0,1.0,0.0,0.0,32,False,01
L64_s2007_first,64,2007,first,41,1.0,0.96875,1.0,1.0,32,True,c5
L64_s2007_first,64,2007,first,42,1.0,1.0,1.0,1.0,32,True,01
L64_s2007_first,64,2007,first,43,1.0,0.96875,0.0,0.0,32,False,c5
L64_s2007_first,64,2007,first,44,1.0,1.0,0.0,0.0,32,False,01
L64_s2007_first,64,2007,first,45,1.0,1.0,1.0,1.0,32,True,c5
L64_s2007_first,64,2007,first,46,1.0,1.0,1.0,1.0,32,True,01
L64_s2007_first,64,2007,first,47,1.0,1.0,0.09375,0.09375,32,False,c5
L64_s2007_first,64,2007,first,48,0.96875,0.96875,0.03125,0.0,32,False,01
L64_s2007_first,64,2007,first,49,1.0,1.0,1.0,1.0,32,True,c5
L64_s2007_first,64,2007,first,50,1.0,1.0,1.0,1.0,32,True,01
L64_s2007_first,64,2007,first,51,0.9375,0.9375,0.15625,0.09375,32,False,c5
L64_s2007_first,64,2007,first,52,1.0,1.0,0.0,0.0,32,False,01
L64_s2007_first,64,2007,first,53,1.0,1.0,1.0,1.0,32,True,c5
L64_s2007_first,64,2007,first,54,0.96875,0.96875,1.0,0.96875,32,True,01
L64_s2007_first,64,2007,first,55,0.9375,0.90625,0.09375,0.0625,32,False,c5
L64_s2007_first,64,2007,first,56,0.96875,0.9375,0.0625,0.03125,32,False,01
L64_s2007_first,64,2007,first,57,1.0,1.0,1.0,1.0,32,True,c5
L64_s2007_first,64,2007,first,58,1.0,1.0,1.0,1.0,32,True,01
L64_s2007_first,64,2007,first,59,0.90625,0.90625,0.0625,0.0,32,False,c5
L64_s2007_first,64,2007,first,60,1.0,0.96875,0.0,0.0,32,False,01
L64_s2007_first,64,2007,first,61,1.0,1.0,1.0,1.0,32,True,c5
L64_s2007_first,64,2007,first,62,0.96875,0.96875,1.0,0.96875,32,True,01
L64_s2007_first,64,2007,first,63,0.96875,0.9375,0.03125,0.0,32,False,c5
L64_s2007_final,64,2007,final,0,0.5,0.28125,0.21875,0.15625,32,False,08
L64_s2007_final,64,2007,final,1,0.09375,0.0,0.15625,0.0625,32,False,5e
L64_s2007_final,64,2007,final,2,0.75,0.625,0.875,0.75,32,True,50
L64_s2007_final,64,2007,final,3,0.84375,0.0625,0.78125,0.75,32,True,ed
L64_s2007_final,64,2007,final,4,0.9375,0.25,0.9375,0.9375,32,True,b0
L64_s2007_final,64,2007,final,5,1.0,1.0,1.0,1.0,32,True,bd
L64_s2007_final,64,2007,final,6,1.0,1.0,1.0,1.0,32,True,2b
L64_s2007_final,64,2007,final,7,1.0,1.0,1.0,1.0,32,True,0f
L64_s2007_final,64,2007,final,8,1.0,1.0,0.0,0.0,32,False,08
L64_s2007_final,64,2007,final,9,1.0,1.0,0.0,0.0,32,False,5e
L64_s2007_final,64,2007,final,10,1.0,1.0,0.0,0.0,32,False,50
L64_s2007_final,64,2007,final,11,1.0,1.0,0.0,0.0,32,False,ed
L64_s2007_final,64,2007,final,12,1.0,1.0,0.0,0.0,32,False,b0
L64_s2007_final,64,2007,final,13,1.0,1.0,0.0,0.0,32,False,bd
L64_s2007_final,64,2007,final,14,1.0,1.0,0.0,0.0,32,False,2b
L64_s2007_final,64,2007,final,15,1.0,1.0,0.0,0.0,32,False,0f
L64_s2007_final,64,2007,final,16,1.0,1.0,0.0,0.0,32,False,08
L64_s2007_final,64,2007,final,17,1.0,1.0,0.0,0.0,32,False,5e
L64_s2007_final,64,2007,final,18,1.0,1.0,0.0,0.0,32,False,50
L64_s2007_final,64,2007,final,19,1.0,1.0,0.0,0.0,32,False,ed
L64_s2007_final,64,2007,final,20,1.0,1.0,0.0,0.0,32,False,b0
L64_s2007_final,64,2007,final,21,1.0,1.0,0.0,0.0,32,False,bd
L64_s2007_final,64,2007,final,22,1.0,1.0,0.0,0.0,32,False,2b
L64_s2007_final,64,2007,final,23,1.0,1.0,0.0,0.0,32,False,0f
L64_s2007_final,64,2007,final,24,1.0,1.0,0.0,0.0,32,False,08
L64_s2007_final,64,2007,final,25,1.0,1.0,0.0,0.0,32,False,5e
L64_s2007_final,64,2007,final,26,1.0,1.0,0.0,0.0,32,False,50
L64_s2007_final,64,2007,final,27,1.0,1.0,0.0,0.0,32,False,ed
L64_s2007_final,64,2007,final,28,1.0,1.0,0.0,0.0,32,False,b0
L64_s2007_final,64,2007,final,29,1.0,1.0,0.0,0.0,32,False,bd
L64_s2007_final,64,2007,final,30,1.0,1.0,0.0,0.0,32,False,2b
L64_s2007_final,64,2007,final,31,1.0,1.0,0.0,0.0,32,False,0f
L64_s2007_final,64,2007,final,32,1.0,1.0,0.0,0.0,32,False,08
L64_s2007_final,64,2007,final,33,1.0,1.0,0.0,0.0,32,False,5e
L64_s2007_final,64,2007,final,34,1.0,1.0,0.0,0.0,32,False,50
L64_s2007_final,64,2007,final,35,1.0,1.0,0.0,0.0,32,False,ed
L64_s2007_final,64,2007,final,36,1.0,1.0,0.0,0.0,32,False,b0
L64_s2007_final,64,2007,final,37,1.0,1.0,0.0,0.0,32,False,bd
L64_s2007_final,64,2007,final,38,1.0,1.0,0.0,0.0,32,False,2b
L64_s2007_final,64,2007,final,39,1.0,1.0,0.0,0.0,32,False,0f
L64_s2007_final,64,2007,final,40,1.0,1.0,0.0,0.0,32,False,08
L64_s2007_final,64,2007,final,41,1.0,1.0,0.0,0.0,32,False,5e
L64_s2007_final,64,2007,final,42,1.0,1.0,0.0,0.0,32,False,50
L64_s2007_final,64,2007,final,43,1.0,1.0,0.0,0.0,32,False,ed
L64_s2007_final,64,2007,final,44,1.0,1.0,0.0,0.0,32,False,b0
L64_s2007_final,64,2007,final,45,1.0,1.0,0.0,0.0,32,False,bd
L64_s2007_final,64,2007,final,46,1.0,1.0,0.0,0.0,32,False,2b
L64_s2007_final,64,2007,final,47,1.0,1.0,0.0,0.0,32,False,0f
L64_s2007_final,64,2007,final,48,1.0,1.0,0.0,0.0,32,False,08
L64_s2007_final,64,2007,final,49,1.0,1.0,0.0,0.0,32,False,5e
L64_s2007_final,64,2007,final,50,1.0,1.0,0.0,0.0,32,False,50
L64_s2007_final,64,2007,final,51,1.0,1.0,0.0,0.0,32,False,ed
L64_s2007_final,64,2007,final,52,1.0,1.0,0.0,0.0,32,False,b0
L64_s2007_final,64,2007,final,53,1.0,1.0,0.0,0.0,32,False,bd
L64_s2007_final,64,2007,final,54,1.0,1.0,0.0,0.0,32,False,2b
L64_s2007_final,64,2007,final,55,1.0,1.0,0.0,0.0,32,False,0f
L64_s2007_final,64,2007,final,56,1.0,1.0,0.0,0.0,32,False,08
L64_s2007_final,64,2007,final,57,1.0,1.0,0.0,0.0,32,False,5e
L64_s2007_final,64,2007,final,58,1.0,1.0,0.0,0.0,32,False,50
L64_s2007_final,64,2007,final,59,1.0,1.0,0.0,0.0,32,False,ed
L64_s2007_final,64,2007,final,60,1.0,1.0,0.0,0.0,32,False,b0
L64_s2007_final,64,2007,final,61,1.0,1.0,0.0,0.0,32,False,bd
L64_s2007_final,64,2007,final,62,1.0,1.0,0.0,0.0,32,False,2b
L64_s2007_final,64,2007,final,63,1.0,1.0,0.0,0.0,32,False,0f
L64_s2008_first,64,2008,first,0,1.0,1.0,0.0,0.0,32,False,01
L64_s2008_first,64,2008,first,1,1.0,1.0,1.0,1.0,32,True,c5
L64_s2008_first,64,2008,first,2,1.0,1.0,1.0,1.0,32,True,01
L64_s2008_first,64,2008,first,3,1.0,1.0,0.03125,0.03125,32,False,c5
L64_s2008_first,64,2008,first,4,0.96875,0.96875,0.0,0.0,32,False,01
L64_s2008_first,64,2008,first,5,1.0,1.0,1.0,1.0,32,True,c5
L64_s2008_first,64,2008,first,6,1.0,1.0,1.0,1.0,32,True,01
L64_s2008_first,64,2008,first,7,1.0,1.0,0.03125,0.03125,32,False,c5
L64_s2008_first,64,2008,first,8,0.9375,0.90625,0.03125,0.03125,32,False,01
L64_s2008_first,64,2008,first,9,1.0,1.0,1.0,1.0,32,True,c5
L64_s2008_first,64,2008,first,10,1.0,1.0,1.0,1.0,32,True,01
L64_s2008_first,64,2008,first,11,0.96875,0.9375,0.0625,0.0625,32,False,c5
L64_s2008_first,64,2008,first,12,0.96875,0.875,0.0,0.0,32,False,01
L64_s2008_first,64,2008,first,13,1.0,1.0,1.0,1.0,32,True,c5
L64_s2008_first,64,2008,first,14,1.0,1.0,1.0,1.0,32,True,01
L64_s2008_first,64,2008,first,15,1.0,0.96875,0.0,0.0,32,False,c5
L64_s2008_first,64,2008,first,16,1.0,0.96875,0.03125,0.03125,32,False,01
L64_s2008_first,64,2008,first,17,1.0,1.0,1.0,1.0,32,True,c5
L64_s2008_first,64,2008,first,18,1.0,1.0,1.0,1.0,32,True,01
L64_s2008_first,64,2008,first,19,1.0,0.96875,0.03125,0.03125,32,False,c5
L64_s2008_first,64,2008,first,20,1.0,0.9375,0.03125,0.03125,32,False,01
L64_s2008_first,64,2008,first,21,1.0,1.0,1.0,1.0,32,True,c5
L64_s2008_first,64,2008,first,22,1.0,0.96875,1.0,1.0,32,True,01
L64_s2008_first,64,2008,first,23,0.96875,0.90625,0.0625,0.0625,32,False,c5
L64_s2008_first,64,2008,first,24,1.0,0.96875,0.03125,0.03125,32,False,01
L64_s2008_first,64,2008,first,25,1.0,1.0,1.0,1.0,32,True,c5
L64_s2008_first,64,2008,first,26,1.0,1.0,1.0,1.0,32,True,01
L64_s2008_first,64,2008,first,27,1.0,1.0,0.125,0.125,32,False,c5
L64_s2008_first,64,2008,first,28,1.0,1.0,0.0,0.0,32,False,01
L64_s2008_first,64,2008,first,29,0.96875,0.96875,1.0,0.96875,32,True,c5
L64_s2008_first,64,2008,first,30,1.0,0.96875,1.0,1.0,32,True,01
L64_s2008_first,64,2008,first,31,0.96875,0.96875,0.0,0.0,32,False,c5
L64_s2008_first,64,2008,first,32,0.96875,0.9375,0.0,0.0,32,False,01
L64_s2008_first,64,2008,first,33,1.0,1.0,1.0,1.0,32,True,c5
L64_s2008_first,64,2008,first,34,1.0,1.0,1.0,1.0,32,True,01
L64_s2008_first,64,2008,first,35,1.0,1.0,0.03125,0.03125,32,False,c5
L64_s2008_first,64,2008,first,36,1.0,1.0,0.0,0.0,32,False,01
L64_s2008_first,64,2008,first,37,1.0,1.0,1.0,1.0,32,True,c5
L64_s2008_first,64,2008,first,38,1.0,1.0,1.0,1.0,32,True,01
L64_s2008_first,64,2008,first,39,0.96875,0.96875,0.0,0.0,32,False,c5
L64_s2008_first,64,2008,first,40,1.0,0.96875,0.03125,0.03125,32,False,01
L64_s2008_first,64,2008,first,41,1.0,1.0,1.0,1.0,32,True,c5
L64_s2008_first,64,2008,first,42,1.0,1.0,1.0,1.0,32,True,01
L64_s2008_first,64,2008,first,43,0.90625,0.90625,0.03125,0.0,32,False,c5
L64_s2008_first,64,2008,first,44,1.0,1.0,0.0,0.0,32,False,01
L64_s2008_first,64,2008,first,45,1.0,1.0,1.0,1.0,32,True,c5
L64_s2008_first,64,2008,first,46,1.0,1.0,1.0,1.0,32,True,01
L64_s2008_first,64,2008,first,47,1.0,0.96875,0.0,0.0,32,False,c5
L64_s2008_first,64,2008,first,48,0.96875,0.9375,0.0,0.0,32,False,01
L64_s2008_first,64,2008,first,49,1.0,1.0,1.0,1.0,32,True,c5
L64_s2008_first,64,2008,first,50,1.0,1.0,1.0,1.0,32,True,01
L64_s2008_first,64,2008,first,51,1.0,1.0,0.0,0.0,32,False,c5
L64_s2008_first,64,2008,first,52,0.9375,0.9375,0.0,0.0,32,False,01
L64_s2008_first,64,2008,first,53,1.0,1.0,1.0,1.0,32,True,c5
L64_s2008_first,64,2008,first,54,1.0,1.0,1.0,1.0,32,True,01
L64_s2008_first,64,2008,first,55,1.0,0.96875,0.0,0.0,32,False,c5
L64_s2008_first,64,2008,first,56,1.0,1.0,0.0,0.0,32,False,01
L64_s2008_first,64,2008,first,57,1.0,1.0,1.0,1.0,32,True,c5
L64_s2008_first,64,2008,first,58,1.0,1.0,1.0,1.0,32,True,01
L64_s2008_first,64,2008,first,59,0.96875,0.96875,0.03125,0.0,32,False,c5
L64_s2008_first,64,2008,first,60,1.0,1.0,0.0,0.0,32,False,01
L64_s2008_first,64,2008,first,61,1.0,1.0,1.0,1.0,32,True,c5
L64_s2008_first,64,2008,first,62,0.96875,0.96875,1.0,0.96875,32,True,01
L64_s2008_first,64,2008,first,63,1.0,0.96875,0.0,0.0,32,False,c5
L64_s2008_final,64,2008,final,0,1.0,1.0,0.0,0.0,32,False,01
L64_s2008_final,64,2008,final,1,1.0,1.0,1.0,1.0,32,True,c5
L64_s2008_final,64,2008,final,2,1.0,1.0,1.0,1.0,32,True,01
L64_s2008_final,64,2008,final,3,1.0,1.0,0.09375,0.09375,32,False,c5
L64_s2008_final,64,2008,final,4,1.0,1.0,0.0625,0.0625,32,False,01
L64_s2008_final,64,2008,final,5,1.0,1.0,1.0,1.0,32,True,c5
L64_s2008_final,64,2008,final,6,1.0,1.0,1.0,1.0,32,True,01
L64_s2008_final,64,2008,final,7,0.96875,0.96875,0.03125,0.03125,32,False,c5
L64_s2008_final,64,2008,final,8,1.0,1.0,0.03125,0.03125,32,False,01
L64_s2008_final,64,2008,final,9,1.0,1.0,1.0,1.0,32,True,c5
L64_s2008_final,64,2008,final,10,1.0,1.0,1.0,1.0,32,True,01
L64_s2008_final,64,2008,final,11,0.96875,0.96875,0.0625,0.0625,32,False,c5
L64_s2008_final,64,2008,final,12,1.0,1.0,0.0625,0.0625,32,False,01
L64_s2008_final,64,2008,final,13,1.0,1.0,1.0,1.0,32,True,c5
L64_s2008_final,64,2008,final,14,1.0,1.0,1.0,1.0,32,True,01
L64_s2008_final,64,2008,final,15,1.0,1.0,0.03125,0.03125,32,False,c5
L64_s2008_final,64,2008,final,16,0.96875,0.9375,0.03125,0.03125,32,False,01
L64_s2008_final,64,2008,final,17,1.0,1.0,1.0,1.0,32,True,c5
L64_s2008_final,64,2008,final,18,1.0,1.0,1.0,1.0,32,True,01
L64_s2008_final,64,2008,final,19,1.0,1.0,0.0625,0.0625,32,False,c5
L64_s2008_final,64,2008,final,20,1.0,1.0,0.0625,0.0625,32,False,01
L64_s2008_final,64,2008,final,21,1.0,1.0,1.0,1.0,32,True,c5
L64_s2008_final,64,2008,final,22,1.0,1.0,1.0,1.0,32,True,01
L64_s2008_final,64,2008,final,23,1.0,0.96875,0.03125,0.03125,32,False,c5
L64_s2008_final,64,2008,final,24,0.96875,0.96875,0.0,0.0,32,False,01
L64_s2008_final,64,2008,final,25,1.0,1.0,1.0,1.0,32,True,c5
L64_s2008_final,64,2008,final,26,1.0,1.0,1.0,1.0,32,True,01
L64_s2008_final,64,2008,final,27,1.0,0.96875,0.125,0.125,32,False,c5
L64_s2008_final,64,2008,final,28,0.96875,0.90625,0.0625,0.0625,32,False,01
L64_s2008_final,64,2008,final,29,1.0,1.0,1.0,1.0,32,True,c5
L64_s2008_final,64,2008,final,30,1.0,1.0,1.0,1.0,32,True,01
L64_s2008_final,64,2008,final,31,1.0,0.9375,0.03125,0.03125,32,False,c5
L64_s2008_final,64,2008,final,32,1.0,1.0,0.0,0.0,32,False,01
L64_s2008_final,64,2008,final,33,1.0,1.0,1.0,1.0,32,True,c5
L64_s2008_final,64,2008,final,34,1.0,1.0,1.0,1.0,32,True,01
L64_s2008_final,64,2008,final,35,1.0,0.96875,0.09375,0.09375,32,False,c5
L64_s2008_final,64,2008,final,36,1.0,0.96875,0.0625,0.0625,32,False,01
L64_s2008_final,64,2008,final,37,1.0,1.0,1.0,1.0,32,True,c5
L64_s2008_final,64,2008,final,38,1.0,1.0,1.0,1.0,32,True,01
L64_s2008_final,64,2008,final,39,0.96875,0.96875,0.03125,0.03125,32,False,c5
L64_s2008_final,64,2008,final,40,1.0,1.0,0.0,0.0,32,False,01
L64_s2008_final,64,2008,final,41,1.0,1.0,1.0,1.0,32,True,c5
L64_s2008_final,64,2008,final,42,1.0,1.0,1.0,1.0,32,True,01
L64_s2008_final,64,2008,final,43,1.0,1.0,0.0625,0.0625,32,False,c5
L64_s2008_final,64,2008,final,44,1.0,1.0,0.0,0.0,32,False,01
L64_s2008_final,64,2008,final,45,0.96875,0.96875,1.0,0.96875,32,True,c5
L64_s2008_final,64,2008,final,46,1.0,1.0,1.0,1.0,32,True,01
L64_s2008_final,64,2008,final,47,0.96875,0.96875,0.03125,0.03125,32,False,c5
L64_s2008_final,64,2008,final,48,1.0,0.90625,0.0,0.0,32,False,01
L64_s2008_final,64,2008,final,49,1.0,1.0,1.0,1.0,32,True,c5
L64_s2008_final,64,2008,final,50,1.0,1.0,1.0,1.0,32,True,01
L64_s2008_final,64,2008,final,51,0.96875,0.9375,0.03125,0.03125,32,False,c5
L64_s2008_final,64,2008,final,52,0.96875,0.90625,0.0,0.0,32,False,01
L64_s2008_final,64,2008,final,53,0.96875,0.96875,1.0,0.96875,32,True,c5
L64_s2008_final,64,2008,final,54,1.0,1.0,1.0,1.0,32,True,01
L64_s2008_final,64,2008,final,55,1.0,1.0,0.0625,0.0625,32,False,c5
L64_s2008_final,64,2008,final,56,0.96875,0.9375,0.03125,0.03125,32,False,01
L64_s2008_final,64,2008,final,57,1.0,1.0,1.0,1.0,32,True,c5
L64_s2008_final,64,2008,final,58,1.0,1.0,1.0,1.0,32,True,01
L64_s2008_final,64,2008,final,59,1.0,1.0,0.03125,0.03125,32,False,c5
L64_s2008_final,64,2008,final,60,1.0,1.0,0.0,0.0,32,False,01
L64_s2008_final,64,2008,final,61,1.0,0.96875,1.0,1.0,32,True,c5
L64_s2008_final,64,2008,final,62,1.0,1.0,1.0,1.0,32,True,01
L64_s2008_final,64,2008,final,63,1.0,0.96875,0.0,0.0,32,False,c5
L64_s2009_first,64,2009,first,0,1.0,1.0,0.0,0.0,32,False,01
L64_s2009_first,64,2009,first,1,1.0,1.0,1.0,1.0,32,True,c5
L64_s2009_first,64,2009,first,2,1.0,1.0,1.0,1.0,32,True,01
L64_s2009_first,64,2009,first,3,1.0,0.96875,0.03125,0.03125,32,False,c5
L64_s2009_first,64,2009,first,4,1.0,0.9375,0.03125,0.03125,32,False,01
L64_s2009_first,64,2009,first,5,1.0,1.0,1.0,1.0,32,True,c5
L64_s2009_first,64,2009,first,6,1.0,1.0,1.0,1.0,32,True,01
L64_s2009_first,64,2009,first,7,1.0,0.9375,0.09375,0.09375,32,False,c5
L64_s2009_first,64,2009,first,8,0.96875,0.9375,0.03125,0.03125,32,False,01
L64_s2009_first,64,2009,first,9,1.0,0.96875,1.0,1.0,32,True,c5
L64_s2009_first,64,2009,first,10,1.0,1.0,1.0,1.0,32,True,01
L64_s2009_first,64,2009,first,11,1.0,1.0,0.125,0.125,32,False,c5
L64_s2009_first,64,2009,first,12,1.0,0.96875,0.09375,0.09375,32,False,01
L64_s2009_first,64,2009,first,13,0.96875,0.96875,1.0,0.96875,32,True,c5
L64_s2009_first,64,2009,first,14,0.96875,0.96875,1.0,0.96875,32,True,01
L64_s2009_first,64,2009,first,15,1.0,0.96875,0.15625,0.15625,32,False,c5
L64_s2009_first,64,2009,first,16,0.96875,0.96875,0.125,0.125,32,False,01
L64_s2009_first,64,2009,first,17,1.0,1.0,1.0,1.0,32,True,c5
L64_s2009_first,64,2009,first,18,1.0,1.0,1.0,1.0,32,True,01
L64_s2009_first,64,2009,first,19,1.0,1.0,0.03125,0.03125,32,False,c5
L64_s2009_first,64,2009,first,20,1.0,0.90625,0.15625,0.15625,32,False,01
L64_s2009_first,64,2009,first,21,1.0,1.0,1.0,1.0,32,True,c5
L64_s2009_first,64,2009,first,22,0.96875,0.96875,1.0,0.96875,32,True,01
L64_s2009_first,64,2009,first,23,1.0,0.96875,0.03125,0.03125,32,False,c5
L64_s2009_first,64,2009,first,24,1.0,1.0,0.03125,0.03125,32,False,01
L64_s2009_first,64,2009,first,25,1.0,1.0,1.0,1.0,32,True,c5
L64_s2009_first,64,2009,first,26,1.0,1.0,1.0,1.0,32,True,01
L64_s2009_first,64,2009,first,27,1.0,1.0,0.0625,0.0625,32,False,c5
L64_s2009_first,64,2009,first,28,1.0,0.90625,0.15625,0.15625,32,False,01
L64_s2009_first,64,2009,first,29,0.96875,0.96875,1.0,0.96875,32,True,c5
L64_s2009_first,64,2009,first,30,1.0,1.0,1.0,1.0,32,True,01
L64_s2009_first,64,2009,first,31,1.0,1.0,0.125,0.125,32,False,c5
L64_s2009_first,64,2009,first,32,1.0,1.0,0.09375,0.09375,32,False,01
L64_s2009_first,64,2009,first,33,1.0,1.0,1.0,1.0,32,True,c5
L64_s2009_first,64,2009,first,34,1.0,1.0,1.0,1.0,32,True,01
L64_s2009_first,64,2009,first,35,1.0,1.0,0.09375,0.09375,32,False,c5
L64_s2009_first,64,2009,first,36,0.96875,0.9375,0.03125,0.03125,32,False,01
L64_s2009_first,64,2009,first,37,0.96875,0.96875,1.0,0.96875,32,True,c5
L64_s2009_first,64,2009,first,38,1.0,1.0,1.0,1.0,32,True,01
L64_s2009_first,64,2009,first,39,1.0,0.96875,0.125,0.125,32,False,c5
L64_s2009_first,64,2009,first,40,0.96875,0.96875,0.03125,0.03125,32,False,01
L64_s2009_first,64,2009,first,41,1.0,1.0,1.0,1.0,32,True,c5
L64_s2009_first,64,2009,first,42,1.0,1.0,1.0,1.0,32,True,01
L64_s2009_first,64,2009,first,43,1.0,1.0,0.0625,0.0625,32,False,c5
L64_s2009_first,64,2009,first,44,0.96875,0.90625,0.0625,0.0625,32,False,01
L64_s2009_first,64,2009,first,45,1.0,1.0,1.0,1.0,32,True,c5
L64_s2009_first,64,2009,first,46,1.0,1.0,1.0,1.0,32,True,01
L64_s2009_first,64,2009,first,47,1.0,1.0,0.0625,0.0625,32,False,c5
L64_s2009_first,64,2009,first,48,1.0,0.9375,0.09375,0.09375,32,False,01
L64_s2009_first,64,2009,first,49,1.0,1.0,1.0,1.0,32,True,c5
L64_s2009_first,64,2009,first,50,1.0,1.0,1.0,1.0,32,True,01
L64_s2009_first,64,2009,first,51,1.0,1.0,0.03125,0.03125,32,False,c5
L64_s2009_first,64,2009,first,52,1.0,0.96875,0.0625,0.0625,32,False,01
L64_s2009_first,64,2009,first,53,1.0,1.0,1.0,1.0,32,True,c5
L64_s2009_first,64,2009,first,54,1.0,1.0,1.0,1.0,32,True,01
L64_s2009_first,64,2009,first,55,1.0,1.0,0.0,0.0,32,False,c5
L64_s2009_first,64,2009,first,56,0.96875,0.90625,0.09375,0.09375,32,False,01
L64_s2009_first,64,2009,first,57,1.0,1.0,1.0,1.0,32,True,c5
L64_s2009_first,64,2009,first,58,1.0,1.0,1.0,1.0,32,True,01
L64_s2009_first,64,2009,first,59,0.90625,0.90625,0.0625,0.0,32,False,c5
L64_s2009_first,64,2009,first,60,1.0,0.9375,0.03125,0.03125,32,False,01
L64_s2009_first,64,2009,first,61,1.0,1.0,1.0,1.0,32,True,c5
L64_s2009_first,64,2009,first,62,1.0,1.0,1.0,1.0,32,True,01
L64_s2009_first,64,2009,first,63,1.0,0.96875,0.0,0.0,32,False,c5
L64_s2009_final,64,2009,final,0,0.90625,0.90625,0.0625,0.0,32,False,b8
L64_s2009_final,64,2009,final,1,0.84375,0.84375,0.9375,0.84375,32,True,4b
L64_s2009_final,64,2009,final,2,0.9375,0.9375,0.96875,0.9375,32,True,2c
L64_s2009_final,64,2009,final,3,0.75,0.75,0.96875,0.75,32,True,cf
L64_s2009_final,64,2009,final,4,1.0,1.0,1.0,1.0,32,True,ef
L64_s2009_final,64,2009,final,5,1.0,1.0,1.0,1.0,32,True,ec
L64_s2009_final,64,2009,final,6,1.0,1.0,1.0,1.0,32,True,ae
L64_s2009_final,64,2009,final,7,1.0,1.0,1.0,1.0,32,True,83
L64_s2009_final,64,2009,final,8,0.9375,0.9375,1.0,0.9375,32,True,ab
L64_s2009_final,64,2009,final,9,0.84375,0.84375,0.90625,0.84375,32,True,f9
L64_s2009_final,64,2009,final,10,0.03125,0.03125,0.71875,0.03125,32,False,0d
L64_s2009_final,64,2009,final,11,0.0,0.0,0.0625,0.0,32,False,2e
L64_s2009_final,64,2009,final,12,0.3125,0.0625,0.25,0.0625,32,False,90
L64_s2009_final,64,2009,final,13,0.71875,0.6875,0.75,0.6875,32,True,03
L64_s2009_final,64,2009,final,14,0.625,0.625,0.71875,0.625,32,True,19
L64_s2009_final,64,2009,final,15,0.0,0.0,0.03125,0.0,32,False,ed
L64_s2009_final,64,2009,final,16,0.0,0.0,0.0,0.0,32,False,b8
L64_s2009_final,64,2009,final,17,1.0,1.0,0.0,0.0,32,False,4b
L64_s2009_final,64,2009,final,18,1.0,1.0,0.0,0.0,32,False,2c
L64_s2009_final,64,2009,final,19,1.0,1.0,0.0,0.0,32,False,cf
L64_s2009_final,64,2009,final,20,1.0,1.0,0.0,0.0,32,False,ef
L64_s2009_final,64,2009,final,21,1.0,1.0,0.0,0.0,32,False,ec
L64_s2009_final,64,2009,final,22,1.0,1.0,0.0,0.0,32,False,ae
L64_s2009_final,64,2009,final,23,1.0,1.0,0.0,0.0,32,False,83
L64_s2009_final,64,2009,final,24,1.0,1.0,0.0,0.0,32,False,ab
L64_s2009_final,64,2009,final,25,1.0,1.0,0.0,0.0,32,False,f9
L64_s2009_final,64,2009,final,26,1.0,1.0,0.0,0.0,32,False,0d
L64_s2009_final,64,2009,final,27,1.0,1.0,0.0,0.0,32,False,2e
L64_s2009_final,64,2009,final,28,1.0,1.0,0.0,0.0,32,False,90
L64_s2009_final,64,2009,final,29,1.0,1.0,0.0,0.0,32,False,03
L64_s2009_final,64,2009,final,30,1.0,1.0,0.0,0.0,32,False,19
L64_s2009_final,64,2009,final,31,1.0,1.0,0.0,0.0,32,False,ed
L64_s2009_final,64,2009,final,32,1.0,1.0,0.0,0.0,32,False,b8
L64_s2009_final,64,2009,final,33,1.0,1.0,0.0,0.0,32,False,4b
L64_s2009_final,64,2009,final,34,1.0,1.0,0.0,0.0,32,False,2c
L64_s2009_final,64,2009,final,35,1.0,1.0,0.0,0.0,32,False,cf
L64_s2009_final,64,2009,final,36,1.0,1.0,0.0,0.0,32,False,ef
L64_s2009_final,64,2009,final,37,1.0,1.0,0.0,0.0,32,False,ec
L64_s2009_final,64,2009,final,38,1.0,1.0,0.0,0.0,32,False,ae
L64_s2009_final,64,2009,final,39,1.0,1.0,0.0,0.0,32,False,83
L64_s2009_final,64,2009,final,40,1.0,1.0,0.0,0.0,32,False,ab
L64_s2009_final,64,2009,final,41,1.0,1.0,0.0,0.0,32,False,f9
L64_s2009_final,64,2009,final,42,1.0,1.0,0.0,0.0,32,False,0d
L64_s2009_final,64,2009,final,43,1.0,1.0,0.0,0.0,32,False,2e
L64_s2009_final,64,2009,final,44,1.0,1.0,0.0,0.0,32,False,90
L64_s2009_final,64,2009,final,45,1.0,1.0,0.0,0.0,32,False,03
L64_s2009_final,64,2009,final,46,1.0,1.0,0.0,0.0,32,False,19
L64_s2009_final,64,2009,final,47,1.0,1.0,0.0,0.0,32,False,ed
L64_s2009_final,64,2009,final,48,1.0,1.0,0.0,0.0,32,False,b8
L64_s2009_final,64,2009,final,49,1.0,1.0,0.0,0.0,32,False,4b
L64_s2009_final,64,2009,final,50,1.0,1.0,0.0,0.0,32,False,2c
L64_s2009_final,64,2009,final,51,1.0,1.0,0.0,0.0,32,False,cf
L64_s2009_final,64,2009,final,52,1.0,1.0,0.0,0.0,32,False,ef
L64_s2009_final,64,2009,final,53,1.0,1.0,0.0,0.0,32,False,ec
L64_s2009_final,64,2009,final,54,1.0,1.0,0.0,0.0,32,False,ae
L64_s2009_final,64,2009,final,55,1.0,1.0,0.0,0.0,32,False,83
L64_s2009_final,64,2009,final,56,1.0,1.0,0.0,0.0,32,False,ab
L64_s2009_final,64,2009,final,57,1.0,1.0,0.0,0.0,32,False,f9
L64_s2009_final,64,2009,final,58,1.0,1.0,0.0,0.0,32,False,0d
L64_s2009_final,64,2009,final,59,1.0,1.0,0.0,0.0,32,False,2e
L64_s2009_final,64,2009,final,60,1.0,1.0,0.0,0.0,32,False,90
L64_s2009_final,64,2009,final,61,1.0,1.0,0.0,0.0,32,False,03
L64_s2009_final,64,2009,final,62,1.0,1.0,0.0,0.0,32,False,19
L64_s2009_final,64,2009,final,63,1.0,1.0,0.0,0.0,32,False,ed
L64_s2010_first,64,2010,first,0,1.0,0.9375,0.0,0.0,32,False,01
L64_s2010_first,64,2010,first,1,1.0,1.0,1.0,1.0,32,True,c5
L64_s2010_first,64,2010,first,2,1.0,1.0,1.0,1.0,32,True,01
L64_s2010_first,64,2010,first,3,1.0,1.0,0.03125,0.03125,32,False,c5
L64_s2010_first,64,2010,first,4,1.0,0.90625,0.0,0.0,32,False,01
L64_s2010_first,64,2010,first,5,1.0,0.96875,1.0,1.0,32,True,c5
L64_s2010_first,64,2010,first,6,1.0,0.96875,1.0,1.0,32,True,01
L64_s2010_first,64,2010,first,7,0.9375,0.90625,0.0625,0.0625,32,False,c5
L64_s2010_first,64,2010,first,8,1.0,0.78125,0.0,0.0,32,False,01
L64_s2010_first,64,2010,first,9,1.0,1.0,1.0,1.0,32,True,c5
L64_s2010_first,64,2010,first,10,1.0,1.0,1.0,1.0,32,True,01
L64_s2010_first,64,2010,first,11,1.0,1.0,0.09375,0.09375,32,False,c5
L64_s2010_first,64,2010,first,12,1.0,0.9375,0.0,0.0,32,False,01
L64_s2010_first,64,2010,first,13,1.0,1.0,1.0,1.0,32,True,c5
L64_s2010_first,64,2010,first,14,0.96875,0.9375,1.0,0.96875,32,True,01
L64_s2010_first,64,2010,first,15,0.9375,0.9375,0.09375,0.09375,32,False,c5
L64_s2010_first,64,2010,first,16,0.96875,0.875,0.03125,0.03125,32,False,01
L64_s2010_first,64,2010,first,17,1.0,1.0,1.0,1.0,32,True,c5
L64_s2010_first,64,2010,first,18,1.0,1.0,1.0,1.0,32,True,01
L64_s2010_first,64,2010,first,19,0.96875,0.96875,0.0,0.0,32,False,c5
L64_s2010_first,64,2010,first,20,1.0,1.0,0.0625,0.0625,32,False,01
L64_s2010_first,64,2010,first,21,1.0,1.0,1.0,1.0,32,True,c5
L64_s2010_first,64,2010,first,22,1.0,1.0,1.0,1.0,32,True,01
L64_s2010_first,64,2010,first,23,0.96875,0.90625,0.03125,0.03125,32,False,c5
L64_s2010_first,64,2010,first,24,1.0,1.0,0.03125,0.03125,32,False,01
L64_s2010_first,64,2010,first,25,1.0,1.0,1.0,1.0,32,True,c5
L64_s2010_first,64,2010,first,26,1.0,1.0,1.0,1.0,32,True,01
L64_s2010_first,64,2010,first,27,0.96875,0.875,0.03125,0.03125,32,False,c5
L64_s2010_first,64,2010,first,28,1.0,0.96875,0.0,0.0,32,False,01
L64_s2010_first,64,2010,first,29,1.0,1.0,1.0,1.0,32,True,c5
L64_s2010_first,64,2010,first,30,1.0,1.0,1.0,1.0,32,True,01
L64_s2010_first,64,2010,first,31,1.0,1.0,0.0,0.0,32,False,c5
L64_s2010_first,64,2010,first,32,0.96875,0.96875,0.0,0.0,32,False,01
L64_s2010_first,64,2010,first,33,1.0,1.0,1.0,1.0,32,True,c5
L64_s2010_first,64,2010,first,34,1.0,0.96875,1.0,1.0,32,True,01
L64_s2010_first,64,2010,first,35,1.0,0.96875,0.09375,0.09375,32,False,c5
L64_s2010_first,64,2010,first,36,1.0,1.0,0.03125,0.03125,32,False,01
L64_s2010_first,64,2010,first,37,1.0,1.0,1.0,1.0,32,True,c5
L64_s2010_first,64,2010,first,38,1.0,1.0,1.0,1.0,32,True,01
L64_s2010_first,64,2010,first,39,1.0,0.96875,0.0625,0.0625,32,False,c5
L64_s2010_first,64,2010,first,40,1.0,0.96875,0.03125,0.03125,32,False,01
L64_s2010_first,64,2010,first,41,1.0,1.0,1.0,1.0,32,True,c5
L64_s2010_first,64,2010,first,42,1.0,1.0,1.0,1.0,32,True,01
L64_s2010_first,64,2010,first,43,1.0,0.96875,0.0,0.0,32,False,c5
L64_s2010_first,64,2010,first,44,1.0,0.96875,0.03125,0.03125,32,False,01
L64_s2010_first,64,2010,first,45,1.0,1.0,1.0,1.0,32,True,c5
L64_s2010_first,64,2010,first,46,1.0,0.96875,1.0,1.0,32,True,01
L64_s2010_first,64,2010,first,47,0.9375,0.9375,0.03125,0.0,32,False,c5
L64_s2010_first,64,2010,first,48,0.96875,0.90625,0.03125,0.0,32,False,01
L64_s2010_first,64,2010,first,49,1.0,0.96875,1.0,1.0,32,True,c5
L64_s2010_first,64,2010,first,50,1.0,0.96875,1.0,1.0,32,True,01
L64_s2010_first,64,2010,first,51,0.96875,0.96875,0.09375,0.0625,32,False,c5
L64_s2010_first,64,2010,first,52,1.0,0.90625,0.03125,0.03125,32,False,01
L64_s2010_first,64,2010,first,53,1.0,1.0,1.0,1.0,32,True,c5
L64_s2010_first,64,2010,first,54,1.0,1.0,1.0,1.0,32,True,01
L64_s2010_first,64,2010,first,55,1.0,0.96875,0.0,0.0,32,False,c5
L64_s2010_first,64,2010,first,56,1.0,1.0,0.0,0.0,32,False,01
L64_s2010_first,64,2010,first,57,1.0,1.0,1.0,1.0,32,True,c5
L64_s2010_first,64,2010,first,58,1.0,1.0,1.0,1.0,32,True,01
L64_s2010_first,64,2010,first,59,0.9375,0.9375,0.0625,0.0,32,False,c5
L64_s2010_first,64,2010,first,60,1.0,0.96875,0.03125,0.03125,32,False,01
L64_s2010_first,64,2010,first,61,0.96875,0.96875,1.0,0.96875,32,True,c5
L64_s2010_first,64,2010,first,62,1.0,1.0,1.0,1.0,32,True,01
L64_s2010_first,64,2010,first,63,1.0,1.0,0.0,0.0,32,False,c5
L64_s2010_final,64,2010,final,0,0.96875,0.96875,0.0,0.0,32,False,11
L64_s2010_final,64,2010,final,1,1.0,1.0,1.0,1.0,32,True,d5
L64_s2010_final,64,2010,final,2,1.0,1.0,1.0,1.0,32,True,11
L64_s2010_final,64,2010,final,3,1.0,1.0,0.0,0.0,32,False,d5
L64_s2010_final,64,2010,final,4,1.0,1.0,0.0,0.0,32,False,11
L64_s2010_final,64,2010,final,5,1.0,1.0,1.0,1.0,32,True,d5
L64_s2010_final,64,2010,final,6,1.0,1.0,1.0,1.0,32,True,11
L64_s2010_final,64,2010,final,7,1.0,1.0,0.0,0.0,32,False,d5
L64_s2010_final,64,2010,final,8,1.0,0.9375,0.0,0.0,32,False,11
L64_s2010_final,64,2010,final,9,1.0,1.0,1.0,1.0,32,True,d5
L64_s2010_final,64,2010,final,10,1.0,1.0,1.0,1.0,32,True,11
L64_s2010_final,64,2010,final,11,1.0,1.0,0.0,0.0,32,False,d5
L64_s2010_final,64,2010,final,12,1.0,0.96875,0.0,0.0,32,False,11
L64_s2010_final,64,2010,final,13,1.0,1.0,1.0,1.0,32,True,d5
L64_s2010_final,64,2010,final,14,1.0,1.0,1.0,1.0,32,True,11
L64_s2010_final,64,2010,final,15,1.0,1.0,0.0,0.0,32,False,d5
L64_s2010_final,64,2010,final,16,0.96875,0.96875,0.03125,0.03125,32,False,11
L64_s2010_final,64,2010,final,17,1.0,1.0,1.0,1.0,32,True,d5
L64_s2010_final,64,2010,final,18,1.0,1.0,1.0,1.0,32,True,11
L64_s2010_final,64,2010,final,19,1.0,1.0,0.0625,0.0625,32,False,d5
L64_s2010_final,64,2010,final,20,1.0,1.0,0.125,0.125,32,False,11
L64_s2010_final,64,2010,final,21,1.0,1.0,1.0,1.0,32,True,d5
L64_s2010_final,64,2010,final,22,1.0,1.0,1.0,1.0,32,True,11
L64_s2010_final,64,2010,final,23,1.0,0.96875,0.09375,0.09375,32,False,d5
L64_s2010_final,64,2010,final,24,1.0,0.9375,0.09375,0.09375,32,False,11
L64_s2010_final,64,2010,final,25,1.0,1.0,1.0,1.0,32,True,d5
L64_s2010_final,64,2010,final,26,1.0,1.0,1.0,1.0,32,True,11
L64_s2010_final,64,2010,final,27,1.0,1.0,0.03125,0.03125,32,False,d5
L64_s2010_final,64,2010,final,28,1.0,1.0,0.03125,0.03125,32,False,11
L64_s2010_final,64,2010,final,29,1.0,1.0,1.0,1.0,32,True,d5
L64_s2010_final,64,2010,final,30,0.96875,0.96875,1.0,0.96875,32,True,11
L64_s2010_final,64,2010,final,31,0.96875,0.9375,0.1875,0.1875,32,False,d5
L64_s2010_final,64,2010,final,32,1.0,1.0,0.09375,0.09375,32,False,11
L64_s2010_final,64,2010,final,33,1.0,1.0,1.0,1.0,32,True,d5
L64_s2010_final,64,2010,final,34,1.0,1.0,1.0,1.0,32,True,11
L64_s2010_final,64,2010,final,35,1.0,1.0,0.0625,0.0625,32,False,d5
L64_s2010_final,64,2010,final,36,1.0,0.96875,0.09375,0.09375,32,False,11
L64_s2010_final,64,2010,final,37,1.0,1.0,1.0,1.0,32,True,d5
L64_s2010_final,64,2010,final,38,1.0,1.0,1.0,1.0,32,True,11
L64_s2010_final,64,2010,final,39,1.0,1.0,0.0,0.0,32,False,d5
L64_s2010_final,64,2010,final,40,1.0,0.96875,0.03125,0.03125,32,False,11
L64_s2010_final,64,2010,final,41,1.0,1.0,1.0,1.0,32,True,d5
L64_s2010_final,64,2010,final,42,1.0,1.0,1.0,1.0,32,True,11
L64_s2010_final,64,2010,final,43,1.0,0.96875,0.03125,0.03125,32,False,d5
L64_s2010_final,64,2010,final,44,1.0,0.96875,0.03125,0.03125,32,False,11
L64_s2010_final,64,2010,final,45,0.96875,0.96875,1.0,0.96875,32,True,d5
L64_s2010_final,64,2010,final,46,1.0,1.0,1.0,1.0,32,True,11
L64_s2010_final,64,2010,final,47,1.0,0.96875,0.03125,0.03125,32,False,d5
L64_s2010_final,64,2010,final,48,1.0,0.9375,0.0625,0.0625,32,False,11
L64_s2010_final,64,2010,final,49,1.0,1.0,1.0,1.0,32,True,d5
L64_s2010_final,64,2010,final,50,1.0,1.0,1.0,1.0,32,True,11
L64_s2010_final,64,2010,final,51,1.0,1.0,0.09375,0.09375,32,False,d5
L64_s2010_final,64,2010,final,52,1.0,0.96875,0.0,0.0,32,False,11
L64_s2010_final,64,2010,final,53,1.0,0.96875,1.0,1.0,32,True,d5
L64_s2010_final,64,2010,final,54,1.0,1.0,1.0,1.0,32,True,11
L64_s2010_final,64,2010,final,55,1.0,1.0,0.03125,0.03125,32,False,d5
L64_s2010_final,64,2010,final,56,1.0,1.0,0.0,0.0,32,False,11
L64_s2010_final,64,2010,final,57,1.0,1.0,1.0,1.0,32,True,d5
L64_s2010_final,64,2010,final,58,1.0,1.0,1.0,1.0,32,True,11
L64_s2010_final,64,2010,final,59,1.0,0.96875,0.03125,0.03125,32,False,d5
L64_s2010_final,64,2010,final,60,1.0,0.96875,0.03125,0.03125,32,False,11
L64_s2010_final,64,2010,final,61,1.0,1.0,1.0,1.0,32,True,d5
L64_s2010_final,64,2010,final,62,1.0,1.0,1.0,1.0,32,True,11
L64_s2010_final,64,2010,final,63,1.0,1.0,0.0,0.0,32,False,d5
L64_s2011_first,64,2011,first,0,1.0,1.0,0.0,0.0,32,False,01
L64_s2011_first,64,2011,first,1,1.0,1.0,1.0,1.0,32,True,c5
L64_s2011_first,64,2011,first,2,1.0,1.0,1.0,1.0,32,True,01
L64_s2011_first,64,2011,first,3,1.0,1.0,0.0,0.0,32,False,c5
L64_s2011_first,64,2011,first,4,0.96875,0.90625,0.0,0.0,32,False,01
L64_s2011_first,64,2011,first,5,1.0,1.0,1.0,1.0,32,True,c5
L64_s2011_first,64,2011,first,6,1.0,1.0,1.0,1.0,32,True,01
L64_s2011_first,64,2011,first,7,1.0,0.96875,0.09375,0.09375,32,False,c5
L64_s2011_first,64,2011,first,8,0.96875,0.875,0.0,0.0,32,False,01
L64_s2011_first,64,2011,first,9,1.0,1.0,1.0,1.0,32,True,c5
L64_s2011_first,64,2011,first,10,1.0,1.0,1.0,1.0,32,True,01
L64_s2011_first,64,2011,first,11,1.0,0.96875,0.0,0.0,32,False,c5
L64_s2011_first,64,2011,first,12,0.96875,0.96875,0.0,0.0,32,False,01
L64_s2011_first,64,2011,first,13,1.0,1.0,1.0,1.0,32,True,c5
L64_s2011_first,64,2011,first,14,1.0,1.0,1.0,1.0,32,True,01
L64_s2011_first,64,2011,first,15,1.0,0.90625,0.0625,0.0625,32,False,c5
L64_s2011_first,64,2011,first,16,0.96875,0.875,0.0,0.0,32,False,01
L64_s2011_first,64,2011,first,17,1.0,1.0,1.0,1.0,32,True,c5
L64_s2011_first,64,2011,first,18,1.0,1.0,1.0,1.0,32,True,01
L64_s2011_first,64,2011,first,19,1.0,1.0,0.09375,0.09375,32,False,c5
L64_s2011_first,64,2011,first,20,1.0,0.96875,0.0,0.0,32,False,01
L64_s2011_first,64,2011,first,21,0.96875,0.96875,1.0,0.96875,32,True,c5
L64_s2011_first,64,2011,first,22,1.0,1.0,1.0,1.0,32,True,01
L64_s2011_first,64,2011,first,23,1.0,0.96875,0.09375,0.09375,32,False,c5
L64_s2011_first,64,2011,first,24,1.0,0.96875,0.0,0.0,32,False,01
L64_s2011_first,64,2011,first,25,1.0,1.0,1.0,1.0,32,True,c5
L64_s2011_first,64,2011,first,26,1.0,1.0,1.0,1.0,32,True,01
L64_s2011_first,64,2011,first,27,1.0,0.96875,0.0625,0.0625,32,False,c5
L64_s2011_first,64,2011,first,28,0.96875,0.96875,0.0,0.0,32,False,01
L64_s2011_first,64,2011,first,29,1.0,1.0,1.0,1.0,32,True,c5
L64_s2011_first,64,2011,first,30,1.0,1.0,1.0,1.0,32,True,01
L64_s2011_first,64,2011,first,31,0.96875,0.96875,0.03125,0.03125,32,False,c5
L64_s2011_first,64,2011,first,32,1.0,0.96875,0.0,0.0,32,False,01
L64_s2011_first,64,2011,first,33,1.0,1.0,1.0,1.0,32,True,c5
L64_s2011_first,64,2011,first,34,1.0,1.0,1.0,1.0,32,True,01
L64_s2011_first,64,2011,first,35,0.96875,0.96875,0.0625,0.0625,32,False,c5
L64_s2011_first,64,2011,first,36,1.0,1.0,0.03125,0.03125,32,False,01
L64_s2011_first,64,2011,first,37,1.0,1.0,1.0,1.0,32,True,c5
L64_s2011_first,64,2011,first,38,0.96875,0.96875,1.0,0.96875,32,True,01
L64_s2011_first,64,2011,first,39,1.0,0.96875,0.09375,0.09375,32,False,c5
L64_s2011_first,64,2011,first,40,0.96875,0.96875,0.0,0.0,32,False,01
L64_s2011_first,64,2011,first,41,1.0,1.0,1.0,1.0,32,True,c5
L64_s2011_first,64,2011,first,42,1.0,1.0,1.0,1.0,32,True,01
L64_s2011_first,64,2011,first,43,1.0,0.96875,0.03125,0.03125,32,False,c5
L64_s2011_first,64,2011,first,44,1.0,1.0,0.0,0.0,32,False,01
L64_s2011_first,64,2011,first,45,1.0,0.96875,1.0,1.0,32,True,c5
L64_s2011_first,64,2011,first,46,1.0,1.0,1.0,1.0,32,True,01
L64_s2011_first,64,2011,first,47,1.0,1.0,0.0,0.0,32,False,c5
L64_s2011_first,64,2011,first,48,1.0,0.9375,0.03125,0.03125,32,False,01
L64_s2011_first,64,2011,first,49,1.0,1.0,1.0,1.0,32,True,c5
L64_s2011_first,64,2011,first,50,1.0,1.0,1.0,1.0,32,True,01
L64_s2011_first,64,2011,first,51,1.0,1.0,0.0,0.0,32,False,c5
L64_s2011_first,64,2011,first,52,1.0,0.96875,0.0,0.0,32,False,01
L64_s2011_first,64,2011,first,53,1.0,1.0,1.0,1.0,32,True,c5
L64_s2011_first,64,2011,first,54,1.0,1.0,1.0,1.0,32,True,01
L64_s2011_first,64,2011,first,55,1.0,1.0,0.0,0.0,32,False,c5
L64_s2011_first,64,2011,first,56,1.0,1.0,0.0,0.0,32,False,01
L64_s2011_first,64,2011,first,57,1.0,1.0,1.0,1.0,32,True,c5
L64_s2011_first,64,2011,first,58,1.0,1.0,1.0,1.0,32,True,01
L64_s2011_first,64,2011,first,59,0.9375,0.90625,0.09375,0.03125,32,False,c5
L64_s2011_first,64,2011,first,60,0.96875,0.96875,0.0,0.0,32,False,01
L64_s2011_first,64,2011,first,61,1.0,0.96875,1.0,1.0,32,True,c5
L64_s2011_first,64,2011,first,62,1.0,1.0,1.0,1.0,32,True,01
L64_s2011_first,64,2011,first,63,0.96875,0.96875,0.0,0.0,32,False,c5
L64_s2011_final,64,2011,final,0,0.25,0.15625,0.1875,0.15625,32,False,84
L64_s2011_final,64,2011,final,1,0.0,0.0,0.25,0.0,32,False,5e
L64_s2011_final,64,2011,final,2,0.6875,0.0,0.0,0.0,32,False,ed
L64_s2011_final,64,2011,final,3,0.0625,0.0,0.0625,0.0625,32,False,b0
L64_s2011_final,64,2011,final,4,1.0,1.0,0.0,0.0,32,False,84
L64_s2011_final,64,2011,final,5,1.0,1.0,0.0,0.0,32,False,5e
L64_s2011_final,64,2011,final,6,1.0,1.0,0.0,0.0,32,False,ed
L64_s2011_final,64,2011,final,7,1.0,1.0,0.0,0.0,32,False,b0
L64_s2011_final,64,2011,final,8,1.0,1.0,0.0,0.0,32,False,84
L64_s2011_final,64,2011,final,9,1.0,1.0,0.0,0.0,32,False,5e
L64_s2011_final,64,2011,final,10,1.0,1.0,0.0,0.0,32,False,ed
L64_s2011_final,64,2011,final,11,1.0,1.0,0.0,0.0,32,False,b0
L64_s2011_final,64,2011,final,12,1.0,1.0,0.0,0.0,32,False,84
L64_s2011_final,64,2011,final,13,1.0,1.0,0.0,0.0,32,False,5e
L64_s2011_final,64,2011,final,14,1.0,1.0,0.0,0.0,32,False,ed
L64_s2011_final,64,2011,final,15,1.0,1.0,0.0,0.0,32,False,b0
L64_s2011_final,64,2011,final,16,1.0,1.0,0.0,0.0,32,False,84
L64_s2011_final,64,2011,final,17,1.0,1.0,0.0,0.0,32,False,5e
L64_s2011_final,64,2011,final,18,1.0,1.0,0.0,0.0,32,False,ed
L64_s2011_final,64,2011,final,19,1.0,1.0,0.0,0.0,32,False,b0
L64_s2011_final,64,2011,final,20,1.0,1.0,0.0,0.0,32,False,84
L64_s2011_final,64,2011,final,21,1.0,1.0,0.0,0.0,32,False,5e
L64_s2011_final,64,2011,final,22,1.0,1.0,0.0,0.0,32,False,ed
L64_s2011_final,64,2011,final,23,1.0,1.0,0.0,0.0,32,False,b0
L64_s2011_final,64,2011,final,24,1.0,1.0,0.0,0.0,32,False,84
L64_s2011_final,64,2011,final,25,1.0,1.0,0.0,0.0,32,False,5e
L64_s2011_final,64,2011,final,26,1.0,1.0,0.0,0.0,32,False,ed
L64_s2011_final,64,2011,final,27,1.0,1.0,0.0,0.0,32,False,b0
L64_s2011_final,64,2011,final,28,1.0,1.0,0.0,0.0,32,False,84
L64_s2011_final,64,2011,final,29,1.0,1.0,0.0,0.0,32,False,5e
L64_s2011_final,64,2011,final,30,1.0,1.0,0.0,0.0,32,False,ed
L64_s2011_final,64,2011,final,31,1.0,1.0,0.0,0.0,32,False,b0
L64_s2011_final,64,2011,final,32,1.0,1.0,0.0,0.0,32,False,84
L64_s2011_final,64,2011,final,33,1.0,1.0,0.0,0.0,32,False,5e
L64_s2011_final,64,2011,final,34,1.0,1.0,0.0,0.0,32,False,ed
L64_s2011_final,64,2011,final,35,1.0,1.0,0.0,0.0,32,False,b0
L64_s2011_final,64,2011,final,36,1.0,1.0,0.0,0.0,32,False,84
L64_s2011_final,64,2011,final,37,1.0,1.0,0.0,0.0,32,False,5e
L64_s2011_final,64,2011,final,38,1.0,1.0,0.0,0.0,32,False,ed
L64_s2011_final,64,2011,final,39,1.0,1.0,0.0,0.0,32,False,b0
L64_s2011_final,64,2011,final,40,1.0,1.0,0.0,0.0,32,False,84
L64_s2011_final,64,2011,final,41,1.0,1.0,0.0,0.0,32,False,5e
L64_s2011_final,64,2011,final,42,1.0,1.0,0.0,0.0,32,False,ed
L64_s2011_final,64,2011,final,43,1.0,1.0,0.0,0.0,32,False,b0
L64_s2011_final,64,2011,final,44,1.0,1.0,0.0,0.0,32,False,84
L64_s2011_final,64,2011,final,45,1.0,1.0,0.0,0.0,32,False,5e
L64_s2011_final,64,2011,final,46,1.0,1.0,0.0,0.0,32,False,ed
L64_s2011_final,64,2011,final,47,1.0,1.0,0.0,0.0,32,False,b0
L64_s2011_final,64,2011,final,48,1.0,1.0,0.0,0.0,32,False,84
L64_s2011_final,64,2011,final,49,1.0,1.0,0.0,0.0,32,False,5e
L64_s2011_final,64,2011,final,50,1.0,1.0,0.0,0.0,32,False,ed
L64_s2011_final,64,2011,final,51,1.0,1.0,0.0,0.0,32,False,b0
L64_s2011_final,64,2011,final,52,1.0,1.0,0.0,0.0,32,False,84
L64_s2011_final,64,2011,final,53,1.0,1.0,0.0,0.0,32,False,5e
L64_s2011_final,64,2011,final,54,1.0,1.0,0.0,0.0,32,False,ed
L64_s2011_final,64,2011,final,55,1.0,1.0,0.0,0.0,32,False,b0
L64_s2011_final,64,2011,final,56,1.0,1.0,0.0,0.0,32,False,84
L64_s2011_final,64,2011,final,57,1.0,1.0,0.0,0.0,32,False,5e
L64_s2011_final,64,2011,final,58,1.0,1.0,0.0,0.0,32,False,ed
L64_s2011_final,64,2011,final,59,1.0,1.0,0.0,0.0,32,False,b0
L64_s2011_final,64,2011,final,60,1.0,1.0,0.0,0.0,32,False,84
L64_s2011_final,64,2011,final,61,1.0,1.0,0.0,0.0,32,False,5e
L64_s2011_final,64,2011,final,62,1.0,1.0,0.0,0.0,32,False,ed
L64_s2011_final,64,2011,final,63,1.0,1.0,0.0,0.0,32,False,b0
L64_s2012_first,64,2012,first,0,0.96875,0.96875,0.03125,0.03125,32,False,01
L64_s2012_first,64,2012,first,1,1.0,1.0,1.0,1.0,32,True,c5
L64_s2012_first,64,2012,first,2,1.0,1.0,1.0,1.0,32,True,01
L64_s2012_first,64,2012,first,3,0.96875,0.96875,0.15625,0.15625,32,False,c5
L64_s2012_first,64,2012,first,4,1.0,1.0,0.0,0.0,32,False,01
L64_s2012_first,64,2012,first,5,1.0,1.0,1.0,1.0,32,True,c5
L64_s2012_first,64,2012,first,6,0.96875,0.96875,1.0,0.96875,32,True,01
L64_s2012_first,64,2012,first,7,0.96875,0.96875,0.0625,0.0625,32,False,c5
L64_s2012_first,64,2012,first,8,1.0,1.0,0.0,0.0,32,False,01
L64_s2012_first,64,2012,first,9,1.0,1.0,1.0,1.0,32,True,c5
L64_s2012_first,64,2012,first,10,1.0,1.0,1.0,1.0,32,True,01
L64_s2012_first,64,2012,first,11,1.0,1.0,0.0625,0.0625,32,False,c5
L64_s2012_first,64,2012,first,12,0.96875,0.96875,0.0,0.0,32,False,01
L64_s2012_first,64,2012,first,13,1.0,0.96875,1.0,1.0,32,True,c5
L64_s2012_first,64,2012,first,14,1.0,1.0,1.0,1.0,32,True,01
L64_s2012_first,64,2012,first,15,1.0,1.0,0.03125,0.03125,32,False,c5
L64_s2012_first,64,2012,first,16,0.96875,0.9375,0.03125,0.03125,32,False,01
L64_s2012_first,64,2012,first,17,1.0,1.0,1.0,1.0,32,True,c5
L64_s2012_first,64,2012,first,18,1.0,1.0,1.0,1.0,32,True,01
L64_s2012_first,64,2012,first,19,1.0,1.0,0.0625,0.0625,32,False,c5
L64_s2012_first,64,2012,first,20,1.0,1.0,0.0,0.0,32,False,01
L64_s2012_first,64,2012,first,21,0.96875,0.9375,1.0,0.96875,32,True,c5
L64_s2012_first,64,2012,first,22,1.0,1.0,1.0,1.0,32,True,01
L64_s2012_first,64,2012,first,23,1.0,1.0,0.0,0.0,32,False,c5
L64_s2012_first,64,2012,first,24,0.96875,0.96875,0.0,0.0,32,False,01
L64_s2012_first,64,2012,first,25,1.0,1.0,1.0,1.0,32,True,c5
L64_s2012_first,64,2012,first,26,1.0,1.0,1.0,1.0,32,True,01
L64_s2012_first,64,2012,first,27,1.0,0.96875,0.03125,0.03125,32,False,c5
L64_s2012_first,64,2012,first,28,0.96875,0.9375,0.0,0.0,32,False,01
L64_s2012_first,64,2012,first,29,0.96875,0.96875,1.0,0.96875,32,True,c5
L64_s2012_first,64,2012,first,30,1.0,1.0,1.0,1.0,32,True,01
L64_s2012_first,64,2012,first,31,1.0,0.96875,0.03125,0.03125,32,False,c5
L64_s2012_first,64,2012,first,32,1.0,0.96875,0.03125,0.03125,32,False,01
L64_s2012_first,64,2012,first,33,1.0,1.0,1.0,1.0,32,True,c5
L64_s2012_first,64,2012,first,34,1.0,1.0,1.0,1.0,32,True,01
L64_s2012_first,64,2012,first,35,0.9375,0.9375,0.0,0.0,32,False,c5
L64_s2012_first,64,2012,first,36,1.0,1.0,0.0,0.0,32,False,01
L64_s2012_first,64,2012,first,37,1.0,1.0,1.0,1.0,32,True,c5
L64_s2012_first,64,2012,first,38,1.0,1.0,1.0,1.0,32,True,01
L64_s2012_first,64,2012,first,39,1.0,0.96875,0.15625,0.15625,32,False,c5
L64_s2012_first,64,2012,first,40,1.0,0.96875,0.03125,0.03125,32,False,01
L64_s2012_first,64,2012,first,41,1.0,1.0,1.0,1.0,32,True,c5
L64_s2012_first,64,2012,first,42,1.0,1.0,1.0,1.0,32,True,01
L64_s2012_first,64,2012,first,43,1.0,1.0,0.0,0.0,32,False,c5
L64_s2012_first,64,2012,first,44,1.0,0.96875,0.0,0.0,32,False,01
L64_s2012_first,64,2012,first,45,1.0,1.0,1.0,1.0,32,True,c5
L64_s2012_first,64,2012,first,46,1.0,1.0,1.0,1.0,32,True,01
L64_s2012_first,64,2012,first,47,1.0,0.96875,0.09375,0.09375,32,False,c5
L64_s2012_first,64,2012,first,48,1.0,0.9375,0.03125,0.03125,32,False,01
L64_s2012_first,64,2012,first,49,1.0,1.0,1.0,1.0,32,True,c5
L64_s2012_first,64,2012,first,50,1.0,1.0,1.0,1.0,32,True,01
L64_s2012_first,64,2012,first,51,1.0,0.96875,0.0625,0.0625,32,False,c5
L64_s2012_first,64,2012,first,52,0.96875,0.96875,0.0,0.0,32,False,01
L64_s2012_first,64,2012,first,53,1.0,1.0,1.0,1.0,32,True,c5
L64_s2012_first,64,2012,first,54,1.0,1.0,1.0,1.0,32,True,01
L64_s2012_first,64,2012,first,55,0.9375,0.9375,0.0625,0.03125,32,False,c5
L64_s2012_first,64,2012,first,56,1.0,1.0,0.03125,0.03125,32,False,01
L64_s2012_first,64,2012,first,57,1.0,1.0,1.0,1.0,32,True,c5
L64_s2012_first,64,2012,first,58,1.0,1.0,1.0,1.0,32,True,01
L64_s2012_first,64,2012,first,59,0.96875,0.96875,0.0625,0.03125,32,False,c5
L64_s2012_first,64,2012,first,60,1.0,1.0,0.0,0.0,32,False,01
L64_s2012_first,64,2012,first,61,1.0,1.0,1.0,1.0,32,True,c5
L64_s2012_first,64,2012,first,62,1.0,0.96875,1.0,1.0,32,True,01
L64_s2012_first,64,2012,first,63,1.0,0.96875,0.0,0.0,32,False,c5
L64_s2012_final,64,2012,final,0,0.375,0.28125,0.3125,0.21875,32,False,04
L64_s2012_final,64,2012,final,1,0.0,0.0,0.21875,0.0,32,False,5e
L64_s2012_final,64,2012,final,2,0.78125,0.0,0.0,0.0,32,False,ed
L64_s2012_final,64,2012,final,3,0.03125,0.0,0.03125,0.03125,32,False,b0
L64_s2012_final,64,2012,final,4,1.0,1.0,0.0,0.0,32,False,04
L64_s2012_final,64,2012,final,5,1.0,1.0,0.0,0.0,32,False,5e
L64_s2012_final,64,2012,final,6,1.0,1.0,0.0,0.0,32,False,ed
L64_s2012_final,64,2012,final,7,1.0,1.0,0.0,0.0,32,False,b0
L64_s2012_final,64,2012,final,8,1.0,1.0,0.0,0.0,32,False,04
L64_s2012_final,64,2012,final,9,1.0,1.0,0.0,0.0,32,False,5e
L64_s2012_final,64,2012,final,10,1.0,1.0,0.0,0.0,32,False,ed
L64_s2012_final,64,2012,final,11,1.0,1.0,0.0,0.0,32,False,b0
L64_s2012_final,64,2012,final,12,1.0,1.0,0.0,0.0,32,False,04
L64_s2012_final,64,2012,final,13,1.0,1.0,0.0,0.0,32,False,5e
L64_s2012_final,64,2012,final,14,1.0,1.0,0.0,0.0,32,False,ed
L64_s2012_final,64,2012,final,15,1.0,1.0,0.0,0.0,32,False,b0
L64_s2012_final,64,2012,final,16,1.0,1.0,0.0,0.0,32,False,04
L64_s2012_final,64,2012,final,17,1.0,1.0,0.0,0.0,32,False,5e
L64_s2012_final,64,2012,final,18,1.0,1.0,0.0,0.0,32,False,ed
L64_s2012_final,64,2012,final,19,1.0,1.0,0.0,0.0,32,False,b0
L64_s2012_final,64,2012,final,20,1.0,1.0,0.0,0.0,32,False,04
L64_s2012_final,64,2012,final,21,1.0,1.0,0.0,0.0,32,False,5e
L64_s2012_final,64,2012,final,22,1.0,1.0,0.0,0.0,32,False,ed
L64_s2012_final,64,2012,final,23,1.0,1.0,0.0,0.0,32,False,b0
L64_s2012_final,64,2012,final,24,1.0,1.0,0.0,0.0,32,False,04
L64_s2012_final,64,2012,final,25,1.0,1.0,0.0,0.0,32,False,5e
L64_s2012_final,64,2012,final,26,1.0,1.0,0.0,0.0,32,False,ed
L64_s2012_final,64,2012,final,27,1.0,1.0,0.0,0.0,32,False,b0
L64_s2012_final,64,2012,final,28,1.0,1.0,0.0,0.0,32,False,04
L64_s2012_final,64,2012,final,29,1.0,1.0,0.0,0.0,32,False,5e
L64_s2012_final,64,2012,final,30,1.0,1.0,0.0,0.0,32,False,ed
L64_s2012_final,64,2012,final,31,1.0,1.0,0.0,0.0,32,False,b0
L64_s2012_final,64,2012,final,32,1.0,1.0,0.0,0.0,32,False,04
L64_s2012_final,64,2012,final,33,1.0,1.0,0.0,0.0,32,False,5e
L64_s2012_final,64,2012,final,34,1.0,1.0,0.0,0.0,32,False,ed
L64_s2012_final,64,2012,final,35,1.0,1.0,0.0,0.0,32,False,b0
L64_s2012_final,64,2012,final,36,1.0,1.0,0.0,0.0,32,False,04
L64_s2012_final,64,2012,final,37,1.0,1.0,0.0,0.0,32,False,5e
L64_s2012_final,64,2012,final,38,1.0,1.0,0.0,0.0,32,False,ed
L64_s2012_final,64,2012,final,39,1.0,1.0,0.0,0.0,32,False,b0
L64_s2012_final,64,2012,final,40,1.0,1.0,0.0,0.0,32,False,04
L64_s2012_final,64,2012,final,41,1.0,1.0,0.0,0.0,32,False,5e
L64_s2012_final,64,2012,final,42,1.0,1.0,0.0,0.0,32,False,ed
L64_s2012_final,64,2012,final,43,1.0,1.0,0.0,0.0,32,False,b0
L64_s2012_final,64,2012,final,44,1.0,1.0,0.0,0.0,32,False,04
L64_s2012_final,64,2012,final,45,1.0,1.0,0.0,0.0,32,False,5e
L64_s2012_final,64,2012,final,46,1.0,1.0,0.0,0.0,32,False,ed
L64_s2012_final,64,2012,final,47,1.0,1.0,0.0,0.0,32,False,b0
L64_s2012_final,64,2012,final,48,1.0,1.0,0.0,0.0,32,False,04
L64_s2012_final,64,2012,final,49,1.0,1.0,0.0,0.0,32,False,5e
L64_s2012_final,64,2012,final,50,1.0,1.0,0.0,0.0,32,False,ed
L64_s2012_final,64,2012,final,51,1.0,1.0,0.0,0.0,32,False,b0
L64_s2012_final,64,2012,final,52,1.0,1.0,0.0,0.0,32,False,04
L64_s2012_final,64,2012,final,53,1.0,1.0,0.0,0.0,32,False,5e
L64_s2012_final,64,2012,final,54,1.0,1.0,0.0,0.0,32,False,ed
L64_s2012_final,64,2012,final,55,1.0,1.0,0.0,0.0,32,False,b0
L64_s2012_final,64,2012,final,56,1.0,1.0,0.0,0.0,32,False,04
L64_s2012_final,64,2012,final,57,1.0,1.0,0.0,0.0,32,False,5e
L64_s2012_final,64,2012,final,58,1.0,1.0,0.0,0.0,32,False,ed
L64_s2012_final,64,2012,final,59,1.0,1.0,0.0,0.0,32,False,b0
L64_s2012_final,64,2012,final,60,1.0,1.0,0.0,0.0,32,False,04
L64_s2012_final,64,2012,final,61,1.0,1.0,0.0,0.0,32,False,5e
L64_s2012_final,64,2012,final,62,1.0,1.0,0.0,0.0,32,False,ed
L64_s2012_final,64,2012,final,63,1.0,1.0,0.0,0.0,32,False,b0
L64_s2013_first,64,2013,first,0,1.0,1.0,0.0,0.0,32,False,01
L64_s2013_first,64,2013,first,1,1.0,1.0,1.0,1.0,32,True,c5
L64_s2013_first,64,2013,first,2,1.0,0.96875,1.0,1.0,32,True,01
L64_s2013_first,64,2013,first,3,0.96875,0.96875,0.03125,0.03125,32,False,c5
L64_s2013_first,64,2013,first,4,0.96875,0.9375,0.0,0.0,32,False,01
L64_s2013_first,64,2013,first,5,1.0,1.0,1.0,1.0,32,True,c5
L64_s2013_first,64,2013,first,6,1.0,0.96875,0.96875,0.96875,32,True,01
L64_s2013_first,64,2013,first,7,1.0,1.0,0.09375,0.09375,32,False,c5
L64_s2013_first,64,2013,first,8,1.0,0.96875,0.0,0.0,32,False,01
L64_s2013_first,64,2013,first,9,1.0,1.0,1.0,1.0,32,True,c5
L64_s2013_first,64,2013,first,10,1.0,1.0,1.0,1.0,32,True,01
L64_s2013_first,64,2013,first,11,1.0,1.0,0.03125,0.03125,32,False,c5
L64_s2013_first,64,2013,first,12,1.0,1.0,0.0,0.0,32,False,01
L64_s2013_first,64,2013,first,13,1.0,1.0,1.0,1.0,32,True,c5
L64_s2013_first,64,2013,first,14,1.0,1.0,1.0,1.0,32,True,01
L64_s2013_first,64,2013,first,15,1.0,0.96875,0.0,0.0,32,False,c5
L64_s2013_first,64,2013,first,16,1.0,1.0,0.0,0.0,32,False,01
L64_s2013_first,64,2013,first,17,1.0,1.0,1.0,1.0,32,True,c5
L64_s2013_first,64,2013,first,18,1.0,1.0,1.0,1.0,32,True,01
L64_s2013_first,64,2013,first,19,1.0,0.96875,0.0,0.0,32,False,c5
L64_s2013_first,64,2013,first,20,0.96875,0.9375,0.0,0.0,32,False,01
L64_s2013_first,64,2013,first,21,1.0,1.0,1.0,1.0,32,True,c5
L64_s2013_first,64,2013,first,22,0.96875,0.96875,1.0,0.96875,32,True,01
L64_s2013_first,64,2013,first,23,0.96875,0.96875,0.09375,0.09375,32,False,c5
L64_s2013_first,64,2013,first,24,1.0,0.9375,0.0,0.0,32,False,01
L64_s2013_first,64,2013,first,25,1.0,1.0,1.0,1.0,32,True,c5
L64_s2013_first,64,2013,first,26,1.0,1.0,1.0,1.0,32,True,01
L64_s2013_first,64,2013,first,27,0.96875,0.9375,0.0625,0.0625,32,False,c5
L64_s2013_first,64,2013,first,28,0.96875,0.9375,0.03125,0.03125,32,False,01
L64_s2013_first,64,2013,first,29,1.0,1.0,1.0,1.0,32,True,c5
L64_s2013_first,64,2013,first,30,1.0,1.0,1.0,1.0,32,True,01
L64_s2013_first,64,2013,first,31,1.0,0.96875,0.0625,0.0625,32,False,c5
L64_s2013_first,64,2013,first,32,0.96875,0.9375,0.0,0.0,32,False,01
L64_s2013_first,64,2013,first,33,1.0,1.0,1.0,1.0,32,True,c5
L64_s2013_first,64,2013,first,34,1.0,1.0,1.0,1.0,32,True,01
L64_s2013_first,64,2013,first,35,1.0,1.0,0.0,0.0,32,False,c5
L64_s2013_first,64,2013,first,36,1.0,1.0,0.0625,0.0625,32,False,01
L64_s2013_first,64,2013,first,37,1.0,1.0,1.0,1.0,32,True,c5
L64_s2013_first,64,2013,first,38,1.0,0.96875,1.0,1.0,32,True,01
L64_s2013_first,64,2013,first,39,1.0,1.0,0.0,0.0,32,False,c5
L64_s2013_first,64,2013,first,40,1.0,0.96875,0.0,0.0,32,False,01
L64_s2013_first,64,2013,first,41,1.0,1.0,1.0,1.0,32,True,c5
L64_s2013_first,64,2013,first,42,1.0,1.0,1.0,1.0,32,True,01
L64_s2013_first,64,2013,first,43,0.96875,0.9375,0.125,0.09375,32,False,c5
L64_s2013_first,64,2013,first,44,0.96875,0.96875,0.03125,0.0,32,False,01
L64_s2013_first,64,2013,first,45,1.0,1.0,1.0,1.0,32,True,c5
L64_s2013_first,64,2013,first,46,1.0,1.0,1.0,1.0,32,True,01
L64_s2013_first,64,2013,first,47,1.0,1.0,0.0625,0.0625,32,False,c5
L64_s2013_first,64,2013,first,48,0.96875,0.9375,0.0,0.0,32,False,01
L64_s2013_first,64,2013,first,49,1.0,1.0,1.0,1.0,32,True,c5
L64_s2013_first,64,2013,first,50,1.0,1.0,1.0,1.0,32,True,01
L64_s2013_first,64,2013,first,51,1.0,1.0,0.0,0.0,32,False,c5
L64_s2013_first,64,2013,first,52,1.0,1.0,0.0,0.0,32,False,01
L64_s2013_first,64,2013,first,53,1.0,1.0,1.0,1.0,32,True,c5
L64_s2013_first,64,2013,first,54,1.0,1.0,1.0,1.0,32,True,01
L64_s2013_first,64,2013,first,55,0.9375,0.9375,0.0625,0.03125,32,False,c5
L64_s2013_first,64,2013,first,56,0.96875,0.96875,0.0,0.0,32,False,01
L64_s2013_first,64,2013,first,57,1.0,1.0,1.0,1.0,32,True,c5
L64_s2013_first,64,2013,first,58,1.0,1.0,1.0,1.0,32,True,01
L64_s2013_first,64,2013,first,59,0.96875,0.9375,0.03125,0.0,32,False,c5
L64_s2013_first,64,2013,first,60,1.0,1.0,0.0,0.0,32,False,01
L64_s2013_first,64,2013,first,61,1.0,1.0,1.0,1.0,32,True,c5
L64_s2013_first,64,2013,first,62,0.96875,0.96875,1.0,0.96875,32,True,01
L64_s2013_first,64,2013,first,63,1.0,1.0,0.0,0.0,32,False,c5
L64_s2013_final,64,2013,final,0,1.0,1.0,0.0,0.0,32,False,21
L64_s2013_final,64,2013,final,1,1.0,1.0,1.0,1.0,32,True,e5
L64_s2013_final,64,2013,final,2,1.0,1.0,1.0,1.0,32,True,21
L64_s2013_final,64,2013,final,3,1.0,0.96875,0.0,0.0,32,False,e5
L64_s2013_final,64,2013,final,4,1.0,1.0,0.15625,0.15625,32,False,21
L64_s2013_final,64,2013,final,5,1.0,1.0,1.0,1.0,32,True,e5
L64_s2013_final,64,2013,final,6,1.0,1.0,1.0,1.0,32,True,21
L64_s2013_final,64,2013,final,7,0.96875,0.96875,0.03125,0.03125,32,False,e5
L64_s2013_final,64,2013,final,8,1.0,0.96875,0.0,0.0,32,False,21
L64_s2013_final,64,2013,final,9,1.0,1.0,1.0,1.0,32,True,e5
L64_s2013_final,64,2013,final,10,1.0,1.0,1.0,1.0,32,True,21
L64_s2013_final,64,2013,final,11,1.0,0.96875,0.0,0.0,32,False,e5
L64_s2013_final,64,2013,final,12,1.0,1.0,0.0625,0.0625,32,False,21
L64_s2013_final,64,2013,final,13,0.96875,0.96875,1.0,0.96875,32,True,e5
L64_s2013_final,64,2013,final,14,0.96875,0.96875,1.0,0.96875,32,True,21
L64_s2013_final,64,2013,final,15,0.96875,0.96875,0.03125,0.03125,32,False,e5
L64_s2013_final,64,2013,final,16,1.0,0.96875,0.03125,0.03125,32,False,21
L64_s2013_final,64,2013,final,17,1.0,1.0,1.0,1.0,32,True,e5
L64_s2013_final,64,2013,final,18,1.0,1.0,1.0,1.0,32,True,21
L64_s2013_final,64,2013,final,19,1.0,1.0,0.03125,0.03125,32,False,e5
L64_s2013_final,64,2013,final,20,1.0,1.0,0.03125,0.03125,32,False,21
L64_s2013_final,64,2013,final,21,1.0,1.0,1.0,1.0,32,True,e5
L64_s2013_final,64,2013,final,22,1.0,1.0,1.0,1.0,32,True,21
L64_s2013_final,64,2013,final,23,1.0,0.96875,0.03125,0.03125,32,False,e5
L64_s2013_final,64,2013,final,24,1.0,1.0,0.0625,0.0625,32,False,21
L64_s2013_final,64,2013,final,25,0.96875,0.96875,1.0,0.96875,32,True,e5
L64_s2013_final,64,2013,final,26,1.0,1.0,1.0,1.0,32,True,21
L64_s2013_final,64,2013,final,27,1.0,0.9375,0.03125,0.03125,32,False,e5
L64_s2013_final,64,2013,final,28,1.0,0.96875,0.125,0.125,32,False,21
L64_s2013_final,64,2013,final,29,1.0,1.0,1.0,1.0,32,True,e5
L64_s2013_final,64,2013,final,30,1.0,1.0,1.0,1.0,32,True,21
L64_s2013_final,64,2013,final,31,1.0,1.0,0.09375,0.09375,32,False,e5
L64_s2013_final,64,2013,final,32,1.0,0.9375,0.0625,0.0625,32,False,21
L64_s2013_final,64,2013,final,33,0.96875,0.96875,1.0,0.96875,32,True,e5
L64_s2013_final,64,2013,final,34,1.0,1.0,1.0,1.0,32,True,21
L64_s2013_final,64,2013,final,35,1.0,1.0,0.0625,0.0625,32,False,e5
L64_s2013_final,64,2013,final,36,1.0,1.0,0.0625,0.0625,32,False,21
L64_s2013_final,64,2013,final,37,1.0,1.0,1.0,1.0,32,True,e5
L64_s2013_final,64,2013,final,38,1.0,1.0,1.0,1.0,32,True,21
L64_s2013_final,64,2013,final,39,0.9375,0.90625,0.15625,0.15625,32,False,e5
L64_s2013_final,64,2013,final,40,1.0,1.0,0.03125,0.03125,32,False,21
L64_s2013_final,64,2013,final,41,1.0,1.0,1.0,1.0,32,True,e5
L64_s2013_final,64,2013,final,42,1.0,1.0,1.0,1.0,32,True,21
L64_s2013_final,64,2013,final,43,1.0,1.0,0.125,0.125,32,False,e5
L64_s2013_final,64,2013,final,44,1.0,1.0,0.15625,0.15625,32,False,21
L64_s2013_final,64,2013,final,45,1.0,1.0,1.0,1.0,32,True,e5
L64_s2013_final,64,2013,final,46,1.0,1.0,1.0,1.0,32,True,21
L64_s2013_final,64,2013,final,47,0.96875,0.9375,0.0,0.0,32,False,e5
L64_s2013_final,64,2013,final,48,1.0,0.96875,0.03125,0.03125,32,False,21
L64_s2013_final,64,2013,final,49,1.0,1.0,0.9375,0.9375,32,True,e5
L64_s2013_final,64,2013,final,50,1.0,1.0,1.0,1.0,32,True,21
L64_s2013_final,64,2013,final,51,1.0,1.0,0.0,0.0,32,False,e5
L64_s2013_final,64,2013,final,52,1.0,1.0,0.0,0.0,32,False,21
L64_s2013_final,64,2013,final,53,0.96875,0.96875,1.0,0.96875,32,True,e5
L64_s2013_final,64,2013,final,54,1.0,1.0,0.96875,0.96875,32,True,21
L64_s2013_final,64,2013,final,55,0.96875,0.96875,0.09375,0.09375,32,False,e5
L64_s2013_final,64,2013,final,56,1.0,0.96875,0.0,0.0,32,False,21
L64_s2013_final,64,2013,final,57,1.0,1.0,1.0,1.0,32,True,e5
L64_s2013_final,64,2013,final,58,1.0,1.0,1.0,1.0,32,True,21
L64_s2013_final,64,2013,final,59,1.0,0.96875,0.0625,0.0625,32,False,e5
L64_s2013_final,64,2013,final,60,1.0,1.0,0.03125,0.03125,32,False,21
L64_s2013_final,64,2013,final,61,1.0,0.96875,1.0,1.0,32,True,e5
L64_s2013_final,64,2013,final,62,1.0,1.0,1.0,1.0,32,True,21
L64_s2013_final,64,2013,final,63,1.0,1.0,0.0,0.0,32,False,e5
L64_s2014_first,64,2014,first,0,1.0,1.0,0.0,0.0,32,False,01
L64_s2014_first,64,2014,first,1,1.0,1.0,1.0,1.0,32,True,c5
L64_s2014_first,64,2014,first,2,1.0,1.0,1.0,1.0,32,True,01
L64_s2014_first,64,2014,first,3,1.0,1.0,0.09375,0.09375,32,False,c5
L64_s2014_first,64,2014,first,4,0.96875,0.9375,0.21875,0.21875,32,False,01
L64_s2014_first,64,2014,first,5,1.0,1.0,1.0,1.0,32,True,c5
L64_s2014_first,64,2014,first,6,1.0,1.0,1.0,1.0,32,True,01
L64_s2014_first,64,2014,first,7,1.0,1.0,0.15625,0.15625,32,False,c5
L64_s2014_first,64,2014,first,8,1.0,0.9375,0.03125,0.03125,32,False,01
L64_s2014_first,64,2014,first,9,1.0,1.0,1.0,1.0,32,True,c5
L64_s2014_first,64,2014,first,10,1.0,1.0,1.0,1.0,32,True,01
L64_s2014_first,64,2014,first,11,1.0,1.0,0.0625,0.0625,32,False,c5
L64_s2014_first,64,2014,first,12,1.0,1.0,0.09375,0.09375,32,False,01
L64_s2014_first,64,2014,first,13,1.0,0.96875,1.0,1.0,32,True,c5
L64_s2014_first,64,2014,first,14,1.0,1.0,1.0,1.0,32,True,01
L64_s2014_first,64,2014,first,15,1.0,1.0,0.0625,0.0625,32,False,c5
L64_s2014_first,64,2014,first,16,1.0,1.0,0.09375,0.09375,32,False,01
L64_s2014_first,64,2014,first,17,1.0,1.0,1.0,1.0,32,True,c5
L64_s2014_first,64,2014,first,18,1.0,1.0,1.0,1.0,32,True,01
L64_s2014_first,64,2014,first,19,0.96875,0.9375,0.125,0.125,32,False,c5
L64_s2014_first,64,2014,first,20,1.0,0.96875,0.09375,0.09375,32,False,01
L64_s2014_first,64,2014,first,21,0.96875,0.96875,1.0,0.96875,32,True,c5
L64_s2014_first,64,2014,first,22,1.0,1.0,1.0,1.0,32,True,01
L64_s2014_first,64,2014,first,23,0.96875,0.96875,0.09375,0.09375,32,False,c5
L64_s2014_first,64,2014,first,24,1.0,0.9375,0.0625,0.0625,32,False,01
L64_s2014_first,64,2014,first,25,0.96875,0.96875,1.0,0.96875,32,True,c5
L64_s2014_first,64,2014,first,26,1.0,1.0,1.0,1.0,32,True,01
L64_s2014_first,64,2014,first,27,0.96875,0.9375,0.0625,0.0625,32,False,c5
L64_s2014_first,64,2014,first,28,1.0,1.0,0.0625,0.0625,32,False,01
L64_s2014_first,64,2014,first,29,1.0,1.0,1.0,1.0,32,True,c5
L64_s2014_first,64,2014,first,30,1.0,0.96875,1.0,1.0,32,True,01
L64_s2014_first,64,2014,first,31,0.96875,0.9375,0.15625,0.15625,32,False,c5
L64_s2014_first,64,2014,first,32,1.0,0.96875,0.09375,0.09375,32,False,01
L64_s2014_first,64,2014,first,33,1.0,1.0,1.0,1.0,32,True,c5
L64_s2014_first,64,2014,first,34,1.0,1.0,1.0,1.0,32,True,01
L64_s2014_first,64,2014,first,35,0.9375,0.9375,0.125,0.0625,32,False,c5
L64_s2014_first,64,2014,first,36,1.0,1.0,0.0625,0.0625,32,False,01
L64_s2014_first,64,2014,first,37,1.0,1.0,1.0,1.0,32,True,c5
L64_s2014_first,64,2014,first,38,1.0,1.0,1.0,1.0,32,True,01
L64_s2014_first,64,2014,first,39,1.0,1.0,0.0625,0.0625,32,False,c5
L64_s2014_first,64,2014,first,40,1.0,1.0,0.03125,0.03125,32,False,01
L64_s2014_first,64,2014,first,41,1.0,0.96875,1.0,1.0,32,True,c5
L64_s2014_first,64,2014,first,42,1.0,1.0,1.0,1.0,32,True,01
L64_s2014_first,64,2014,first,43,1.0,1.0,0.0625,0.0625,32,False,c5
L64_s2014_first,64,2014,first,44,1.0,1.0,0.03125,0.03125,32,False,01
L64_s2014_first,64,2014,first,45,1.0,0.96875,1.0,1.0,32,True,c5
L64_s2014_first,64,2014,first,46,1.0,1.0,1.0,1.0,32,True,01
L64_s2014_first,64,2014,first,47,1.0,1.0,0.0,0.0,32,False,c5
L64_s2014_first,64,2014,first,48,0.96875,0.96875,0.03125,0.03125,32,False,01
L64_s2014_first,64,2014,first,49,1.0,1.0,1.0,1.0,32,True,c5
L64_s2014_first,64,2014,first,50,1.0,1.0,1.0,1.0,32,True,01
L64_s2014_first,64,2014,first,51,1.0,0.96875,0.09375,0.09375,32,False,c5
L64_s2014_first,64,2014,first,52,1.0,1.0,0.0,0.0,32,False,01
L64_s2014_first,64,2014,first,53,0.96875,0.96875,1.0,0.96875,32,True,c5
L64_s2014_first,64,2014,first,54,1.0,0.96875,1.0,1.0,32,True,01
L64_s2014_first,64,2014,first,55,1.0,1.0,0.0,0.0,32,False,c5
L64_s2014_first,64,2014,first,56,1.0,1.0,0.0,0.0,32,False,01
L64_s2014_first,64,2014,first,57,1.0,1.0,1.0,1.0,32,True,c5
L64_s2014_first,64,2014,first,58,1.0,1.0,1.0,1.0,32,True,01
L64_s2014_first,64,2014,first,59,1.0,1.0,0.0,0.0,32,False,c5
L64_s2014_first,64,2014,first,60,1.0,0.96875,0.0,0.0,32,False,01
L64_s2014_first,64,2014,first,61,1.0,1.0,1.0,1.0,32,True,c5
L64_s2014_first,64,2014,first,62,0.96875,0.96875,1.0,0.96875,32,True,01
L64_s2014_first,64,2014,first,63,1.0,1.0,0.0,0.0,32,False,c5
L64_s2014_final,64,2014,final,0,0.96875,0.96875,0.0,0.0,32,False,01
L64_s2014_final,64,2014,final,1,1.0,1.0,1.0,1.0,32,True,c5
L64_s2014_final,64,2014,final,2,1.0,1.0,1.0,1.0,32,True,01
L64_s2014_final,64,2014,final,3,1.0,0.9375,0.03125,0.03125,32,False,c5
L64_s2014_final,64,2014,final,4,1.0,0.96875,0.0,0.0,32,False,01
L64_s2014_final,64,2014,final,5,1.0,1.0,0.96875,0.96875,32,True,c5
L64_s2014_final,64,2014,final,6,1.0,1.0,1.0,1.0,32,True,01
L64_s2014_final,64,2014,final,7,1.0,1.0,0.03125,0.03125,32,False,c5
L64_s2014_final,64,2014,final,8,1.0,0.84375,0.0,0.0,32,False,01
L64_s2014_final,64,2014,final,9,1.0,0.96875,1.0,1.0,32,True,c5
L64_s2014_final,64,2014,final,10,1.0,1.0,1.0,1.0,32,True,01
L64_s2014_final,64,2014,final,11,1.0,1.0,0.0625,0.0625,32,False,c5
L64_s2014_final,64,2014,final,12,1.0,0.96875,0.0,0.0,32,False,01
L64_s2014_final,64,2014,final,13,1.0,1.0,1.0,1.0,32,True,c5
L64_s2014_final,64,2014,final,14,1.0,1.0,1.0,1.0,32,True,01
L64_s2014_final,64,2014,final,15,0.96875,0.9375,0.0625,0.0625,32,False,c5
L64_s2014_final,64,2014,final,16,0.96875,0.96875,0.03125,0.03125,32,False,01
L64_s2014_final,64,2014,final,17,1.0,1.0,1.0,1.0,32,True,c5
L64_s2014_final,64,2014,final,18,1.0,1.0,1.0,1.0,32,True,01
L64_s2014_final,64,2014,final,19,1.0,1.0,0.0,0.0,32,False,c5
L64_s2014_final,64,2014,final,20,1.0,0.78125,0.0,0.0,32,False,01
L64_s2014_final,64,2014,final,21,1.0,1.0,1.0,1.0,32,True,c5
L64_s2014_final,64,2014,final,22,1.0,1.0,1.0,1.0,32,True,01
L64_s2014_final,64,2014,final,23,1.0,1.0,0.03125,0.03125,32,False,c5
L64_s2014_final,64,2014,final,24,1.0,1.0,0.0,0.0,32,False,01
L64_s2014_final,64,2014,final,25,1.0,1.0,1.0,1.0,32,True,c5
L64_s2014_final,64,2014,final,26,1.0,1.0,1.0,1.0,32,True,01
L64_s2014_final,64,2014,final,27,0.96875,0.90625,0.0625,0.0625,32,False,c5
L64_s2014_final,64,2014,final,28,0.96875,0.96875,0.0,0.0,32,False,01
L64_s2014_final,64,2014,final,29,1.0,1.0,1.0,1.0,32,True,c5
L64_s2014_final,64,2014,final,30,0.96875,0.96875,1.0,0.96875,32,True,01
L64_s2014_final,64,2014,final,31,1.0,0.96875,0.0,0.0,32,False,c5
L64_s2014_final,64,2014,final,32,1.0,0.9375,0.0,0.0,32,False,01
L64_s2014_final,64,2014,final,33,1.0,1.0,1.0,1.0,32,True,c5
L64_s2014_final,64,2014,final,34,1.0,1.0,1.0,1.0,32,True,01
L64_s2014_final,64,2014,final,35,1.0,0.96875,0.0625,0.0625,32,False,c5
L64_s2014_final,64,2014,final,36,1.0,0.96875,0.03125,0.03125,32,False,01
L64_s2014_final,64,2014,final,37,1.0,0.96875,1.0,1.0,32,True,c5
L64_s2014_final,64,2014,final,38,1.0,1.0,1.0,1.0,32,True,01
L64_s2014_final,64,2014,final,39,1.0,0.96875,0.09375,0.09375,32,False,c5
L64_s2014_final,64,2014,final,40,1.0,0.9375,0.0,0.0,32,False,01
L64_s2014_final,64,2014,final,41,1.0,1.0,1.0,1.0,32,True,c5
L64_s2014_final,64,2014,final,42,1.0,1.0,1.0,1.0,32,True,01
L64_s2014_final,64,2014,final,43,1.0,1.0,0.03125,0.03125,32,False,c5
L64_s2014_final,64,2014,final,44,1.0,0.9375,0.03125,0.03125,32,False,01
L64_s2014_final,64,2014,final,45,1.0,1.0,1.0,1.0,32,True,c5
L64_s2014_final,64,2014,final,46,1.0,1.0,1.0,1.0,32,True,01
L64_s2014_final,64,2014,final,47,1.0,1.0,0.0625,0.0625,32,False,c5
L64_s2014_final,64,2014,final,48,0.96875,0.90625,0.0,0.0,32,False,01
L64_s2014_final,64,2014,final,49,1.0,1.0,1.0,1.0,32,True,c5
L64_s2014_final,64,2014,final,50,1.0,1.0,1.0,1.0,32,True,01
L64_s2014_final,64,2014,final,51,1.0,1.0,0.0,0.0,32,False,c5
L64_s2014_final,64,2014,final,52,1.0,0.96875,0.03125,0.03125,32,False,01
L64_s2014_final,64,2014,final,53,1.0,1.0,1.0,1.0,32,True,c5
L64_s2014_final,64,2014,final,54,1.0,1.0,1.0,1.0,32,True,01
L64_s2014_final,64,2014,final,55,1.0,0.96875,0.03125,0.03125,32,False,c5
L64_s2014_final,64,2014,final,56,0.96875,0.96875,0.0,0.0,32,False,01
L64_s2014_final,64,2014,final,57,1.0,1.0,1.0,1.0,32,True,c5
L64_s2014_final,64,2014,final,58,1.0,0.96875,1.0,1.0,32,True,01
L64_s2014_final,64,2014,final,59,1.0,1.0,0.09375,0.09375,32,False,c5
L64_s2014_final,64,2014,final,60,1.0,0.96875,0.0,0.0,32,False,01
L64_s2014_final,64,2014,final,61,1.0,0.96875,1.0,1.0,32,True,c5
L64_s2014_final,64,2014,final,62,0.96875,0.96875,1.0,0.96875,32,True,01
L64_s2014_final,64,2014,final,63,1.0,0.90625,0.0,0.0,32,False,c5
L64_s2015_first,64,2015,first,0,1.0,1.0,0.0,0.0,32,False,11
L64_s2015_first,64,2015,first,1,1.0,1.0,1.0,1.0,32,True,d5
L64_s2015_first,64,2015,first,2,1.0,1.0,1.0,1.0,32,True,11
L64_s2015_first,64,2015,first,3,1.0,1.0,0.0,0.0,32,False,d5
L64_s2015_first,64,2015,first,4,1.0,1.0,0.0,0.0,32,False,11
L64_s2015_first,64,2015,first,5,1.0,1.0,1.0,1.0,32,True,d5
L64_s2015_first,64,2015,first,6,1.0,1.0,1.0,1.0,32,True,11
L64_s2015_first,64,2015,first,7,0.96875,0.96875,0.0,0.0,32,False,d5
L64_s2015_first,64,2015,first,8,1.0,1.0,0.03125,0.03125,32,False,11
L64_s2015_first,64,2015,first,9,1.0,1.0,1.0,1.0,32,True,d5
L64_s2015_first,64,2015,first,10,1.0,1.0,1.0,1.0,32,True,11
L64_s2015_first,64,2015,first,11,1.0,1.0,0.0,0.0,32,False,d5
L64_s2015_first,64,2015,first,12,1.0,1.0,0.03125,0.03125,32,False,11
L64_s2015_first,64,2015,first,13,1.0,1.0,1.0,1.0,32,True,d5
L64_s2015_first,64,2015,first,14,1.0,1.0,1.0,1.0,32,True,11
L64_s2015_first,64,2015,first,15,1.0,1.0,0.0,0.0,32,False,d5
L64_s2015_first,64,2015,first,16,0.96875,0.96875,0.0,0.0,32,False,11
L64_s2015_first,64,2015,first,17,1.0,1.0,1.0,1.0,32,True,d5
L64_s2015_first,64,2015,first,18,1.0,1.0,1.0,1.0,32,True,11
L64_s2015_first,64,2015,first,19,1.0,1.0,0.0625,0.0625,32,False,d5
L64_s2015_first,64,2015,first,20,1.0,0.96875,0.0625,0.0625,32,False,11
L64_s2015_first,64,2015,first,21,1.0,1.0,1.0,1.0,32,True,d5
L64_s2015_first,64,2015,first,22,1.0,1.0,1.0,1.0,32,True,11
L64_s2015_first,64,2015,first,23,1.0,1.0,0.03125,0.03125,32,False,d5
L64_s2015_first,64,2015,first,24,1.0,0.96875,0.0,0.0,32,False,11
L64_s2015_first,64,2015,first,25,1.0,1.0,1.0,1.0,32,True,d5
L64_s2015_first,64,2015,first,26,1.0,1.0,1.0,1.0,32,True,11
L64_s2015_first,64,2015,first,27,1.0,0.96875,0.1875,0.1875,32,False,d5
L64_s2015_first,64,2015,first,28,0.96875,0.90625,0.03125,0.03125,32,False,11
L64_s2015_first,64,2015,first,29,1.0,1.0,1.0,1.0,32,True,d5
L64_s2015_first,64,2015,first,30,1.0,1.0,1.0,1.0,32,True,11
L64_s2015_first,64,2015,first,31,1.0,0.9375,0.03125,0.03125,32,False,d5
L64_s2015_first,64,2015,first,32,1.0,1.0,0.0,0.0,32,False,11
L64_s2015_first,64,2015,first,33,1.0,1.0,1.0,1.0,32,True,d5
L64_s2015_first,64,2015,first,34,1.0,1.0,1.0,1.0,32,True,11
L64_s2015_first,64,2015,first,35,1.0,0.96875,0.0625,0.0625,32,False,d5
L64_s2015_first,64,2015,first,36,1.0,0.96875,0.03125,0.03125,32,False,11
L64_s2015_first,64,2015,first,37,1.0,1.0,1.0,1.0,32,True,d5
L64_s2015_first,64,2015,first,38,1.0,1.0,1.0,1.0,32,True,11
L64_s2015_first,64,2015,first,39,0.96875,0.96875,0.03125,0.03125,32,False,d5
L64_s2015_first,64,2015,first,40,1.0,1.0,0.0,0.0,32,False,11
L64_s2015_first,64,2015,first,41,1.0,1.0,1.0,1.0,32,True,d5
L64_s2015_first,64,2015,first,42,1.0,1.0,1.0,1.0,32,True,11
L64_s2015_first,64,2015,first,43,1.0,1.0,0.0625,0.0625,32,False,d5
L64_s2015_first,64,2015,first,44,1.0,1.0,0.0,0.0,32,False,11
L64_s2015_first,64,2015,first,45,0.96875,0.96875,1.0,0.96875,32,True,d5
L64_s2015_first,64,2015,first,46,1.0,1.0,1.0,1.0,32,True,11
L64_s2015_first,64,2015,first,47,0.96875,0.96875,0.09375,0.09375,32,False,d5
L64_s2015_first,64,2015,first,48,1.0,0.90625,0.0,0.0,32,False,11
L64_s2015_first,64,2015,first,49,1.0,1.0,1.0,1.0,32,True,d5
L64_s2015_first,64,2015,first,50,1.0,1.0,1.0,1.0,32,True,11
L64_s2015_first,64,2015,first,51,0.96875,0.9375,0.0625,0.0625,32,False,d5
L64_s2015_first,64,2015,first,52,1.0,0.90625,0.03125,0.03125,32,False,11
L64_s2015_first,64,2015,first,53,0.96875,0.96875,1.0,0.96875,32,True,d5
L64_s2015_first,64,2015,first,54,1.0,1.0,1.0,1.0,32,True,11
L64_s2015_first,64,2015,first,55,1.0,1.0,0.03125,0.03125,32,False,d5
L64_s2015_first,64,2015,first,56,1.0,0.90625,0.03125,0.03125,32,False,11
L64_s2015_first,64,2015,first,57,1.0,1.0,1.0,1.0,32,True,d5
L64_s2015_first,64,2015,first,58,1.0,1.0,1.0,1.0,32,True,11
L64_s2015_first,64,2015,first,59,1.0,1.0,0.03125,0.03125,32,False,d5
L64_s2015_first,64,2015,first,60,1.0,1.0,0.0,0.0,32,False,11
L64_s2015_first,64,2015,first,61,1.0,0.96875,1.0,1.0,32,True,d5
L64_s2015_first,64,2015,first,62,1.0,1.0,1.0,1.0,32,True,11
L64_s2015_first,64,2015,first,63,1.0,0.96875,0.0,0.0,32,False,d5
L64_s2015_final,64,2015,final,0,0.375,0.15625,0.1875,0.15625,32,False,84
L64_s2015_final,64,2015,final,1,0.0,0.0,0.3125,0.0,32,False,5e
L64_s2015_final,64,2015,final,2,0.65625,0.0,0.03125,0.0,32,False,ed
L64_s2015_final,64,2015,final,3,0.03125,0.0,0.03125,0.03125,32,False,b0
L64_s2015_final,64,2015,final,4,1.0,1.0,0.0,0.0,32,False,84
L64_s2015_final,64,2015,final,5,1.0,1.0,0.0,0.0,32,False,5e
L64_s2015_final,64,2015,final,6,1.0,1.0,0.0,0.0,32,False,ed
L64_s2015_final,64,2015,final,7,1.0,1.0,0.0,0.0,32,False,b0
L64_s2015_final,64,2015,final,8,1.0,1.0,0.0,0.0,32,False,84
L64_s2015_final,64,2015,final,9,1.0,1.0,0.0,0.0,32,False,5e
L64_s2015_final,64,2015,final,10,1.0,1.0,0.0,0.0,32,False,ed
L64_s2015_final,64,2015,final,11,1.0,1.0,0.0,0.0,32,False,b0
L64_s2015_final,64,2015,final,12,1.0,1.0,0.0,0.0,32,False,84
L64_s2015_final,64,2015,final,13,1.0,1.0,0.0,0.0,32,False,5e
L64_s2015_final,64,2015,final,14,1.0,1.0,0.0,0.0,32,False,ed
L64_s2015_final,64,2015,final,15,1.0,1.0,0.0,0.0,32,False,b0
L64_s2015_final,64,2015,final,16,1.0,1.0,0.0,0.0,32,False,84
L64_s2015_final,64,2015,final,17,1.0,1.0,0.0,0.0,32,False,5e
L64_s2015_final,64,2015,final,18,1.0,1.0,0.0,0.0,32,False,ed
L64_s2015_final,64,2015,final,19,1.0,1.0,0.0,0.0,32,False,b0
L64_s2015_final,64,2015,final,20,1.0,1.0,0.0,0.0,32,False,84
L64_s2015_final,64,2015,final,21,1.0,1.0,0.0,0.0,32,False,5e
L64_s2015_final,64,2015,final,22,1.0,1.0,0.0,0.0,32,False,ed
L64_s2015_final,64,2015,final,23,1.0,1.0,0.0,0.0,32,False,b0
L64_s2015_final,64,2015,final,24,1.0,1.0,0.0,0.0,32,False,84
L64_s2015_final,64,2015,final,25,1.0,1.0,0.0,0.0,32,False,5e
L64_s2015_final,64,2015,final,26,1.0,1.0,0.0,0.0,32,False,ed
L64_s2015_final,64,2015,final,27,1.0,1.0,0.0,0.0,32,False,b0
L64_s2015_final,64,2015,final,28,1.0,1.0,0.0,0.0,32,False,84
L64_s2015_final,64,2015,final,29,1.0,1.0,0.0,0.0,32,False,5e
L64_s2015_final,64,2015,final,30,1.0,1.0,0.0,0.0,32,False,ed
L64_s2015_final,64,2015,final,31,1.0,1.0,0.0,0.0,32,False,b0
L64_s2015_final,64,2015,final,32,1.0,1.0,0.0,0.0,32,False,84
L64_s2015_final,64,2015,final,33,1.0,1.0,0.0,0.0,32,False,5e
L64_s2015_final,64,2015,final,34,1.0,1.0,0.0,0.0,32,False,ed
L64_s2015_final,64,2015,final,35,1.0,1.0,0.0,0.0,32,False,b0
L64_s2015_final,64,2015,final,36,1.0,1.0,0.0,0.0,32,False,84
L64_s2015_final,64,2015,final,37,1.0,1.0,0.0,0.0,32,False,5e
L64_s2015_final,64,2015,final,38,1.0,1.0,0.0,0.0,32,False,ed
L64_s2015_final,64,2015,final,39,1.0,1.0,0.0,0.0,32,False,b0
L64_s2015_final,64,2015,final,40,1.0,1.0,0.0,0.0,32,False,84
L64_s2015_final,64,2015,final,41,1.0,1.0,0.0,0.0,32,False,5e
L64_s2015_final,64,2015,final,42,1.0,1.0,0.0,0.0,32,False,ed
L64_s2015_final,64,2015,final,43,1.0,1.0,0.0,0.0,32,False,b0
L64_s2015_final,64,2015,final,44,1.0,1.0,0.0,0.0,32,False,84
L64_s2015_final,64,2015,final,45,1.0,1.0,0.0,0.0,32,False,5e
L64_s2015_final,64,2015,final,46,1.0,1.0,0.0,0.0,32,False,ed
L64_s2015_final,64,2015,final,47,1.0,1.0,0.0,0.0,32,False,b0
L64_s2015_final,64,2015,final,48,1.0,1.0,0.0,0.0,32,False,84
L64_s2015_final,64,2015,final,49,1.0,1.0,0.0,0.0,32,False,5e
L64_s2015_final,64,2015,final,50,1.0,1.0,0.0,0.0,32,False,ed
L64_s2015_final,64,2015,final,51,1.0,1.0,0.0,0.0,32,False,b0
L64_s2015_final,64,2015,final,52,1.0,1.0,0.0,0.0,32,False,84
L64_s2015_final,64,2015,final,53,1.0,1.0,0.0,0.0,32,False,5e
L64_s2015_final,64,2015,final,54,1.0,1.0,0.0,0.0,32,False,ed
L64_s2015_final,64,2015,final,55,1.0,1.0,0.0,0.0,32,False,b0
L64_s2015_final,64,2015,final,56,1.0,1.0,0.0,0.0,32,False,84
L64_s2015_final,64,2015,final,57,1.0,1.0,0.0,0.0,32,False,5e
L64_s2015_final,64,2015,final,58,1.0,1.0,0.0,0.0,32,False,ed
L64_s2015_final,64,2015,final,59,1.0,1.0,0.0,0.0,32,False,b0
L64_s2015_final,64,2015,final,60,1.0,1.0,0.0,0.0,32,False,84
L64_s2015_final,64,2015,final,61,1.0,1.0,0.0,0.0,32,False,5e
L64_s2015_final,64,2015,final,62,1.0,1.0,0.0,0.0,32,False,ed
L64_s2015_final,64,2015,final,63,1.0,1.0,0.0,0.0,32,False,b0
L64_s2016_first,64,2016,first,0,0.9375,0.90625,0.03125,0.0,32,False,01
L64_s2016_first,64,2016,first,1,1.0,1.0,1.0,1.0,32,True,c5
L64_s2016_first,64,2016,first,2,1.0,0.96875,1.0,1.0,32,True,01
L64_s2016_first,64,2016,first,3,0.96875,0.96875,0.15625,0.15625,32,False,c5
L64_s2016_first,64,2016,first,4,0.96875,0.875,0.0,0.0,32,False,01
L64_s2016_first,64,2016,first,5,1.0,1.0,1.0,1.0,32,True,c5
L64_s2016_first,64,2016,first,6,1.0,0.96875,1.0,1.0,32,True,01
L64_s2016_first,64,2016,first,7,1.0,1.0,0.03125,0.03125,32,False,c5
L64_s2016_first,64,2016,first,8,0.9375,0.875,0.0625,0.0625,32,False,01
L64_s2016_first,64,2016,first,9,1.0,1.0,1.0,1.0,32,True,c5
L64_s2016_first,64,2016,first,10,1.0,1.0,1.0,1.0,32,True,01
L64_s2016_first,64,2016,first,11,0.96875,0.90625,0.0,0.0,32,False,c5
L64_s2016_first,64,2016,first,12,0.9375,0.9375,0.0625,0.0625,32,False,01
L64_s2016_first,64,2016,first,13,1.0,1.0,1.0,1.0,32,True,c5
L64_s2016_first,64,2016,first,14,1.0,0.96875,1.0,1.0,32,True,01
L64_s2016_first,64,2016,first,15,1.0,0.96875,0.0625,0.0625,32,False,c5
L64_s2016_first,64,2016,first,16,0.96875,0.84375,0.03125,0.03125,32,False,01
L64_s2016_first,64,2016,first,17,1.0,1.0,1.0,1.0,32,True,c5
L64_s2016_first,64,2016,first,18,1.0,1.0,1.0,1.0,32,True,01
L64_s2016_first,64,2016,first,19,0.9375,0.90625,0.0625,0.03125,32,False,c5
L64_s2016_first,64,2016,first,20,1.0,0.875,0.0625,0.0625,32,False,01
L64_s2016_first,64,2016,first,21,1.0,0.96875,1.0,1.0,32,True,c5
L64_s2016_first,64,2016,first,22,1.0,0.96875,1.0,1.0,32,True,01
L64_s2016_first,64,2016,first,23,1.0,0.96875,0.0625,0.0625,32,False,c5
L64_s2016_first,64,2016,first,24,1.0,0.96875,0.09375,0.09375,32,False,01
L64_s2016_first,64,2016,first,25,1.0,1.0,1.0,1.0,32,True,c5
L64_s2016_first,64,2016,first,26,1.0,1.0,1.0,1.0,32,True,01
L64_s2016_first,64,2016,first,27,1.0,1.0,0.0,0.0,32,False,c5
L64_s2016_first,64,2016,first,28,1.0,0.96875,0.0,0.0,32,False,01
L64_s2016_first,64,2016,first,29,1.0,0.96875,1.0,1.0,32,True,c5
L64_s2016_first,64,2016,first,30,1.0,1.0,1.0,1.0,32,True,01
L64_s2016_first,64,2016,first,31,1.0,1.0,0.0,0.0,32,False,c5
L64_s2016_first,64,2016,first,32,1.0,1.0,0.0,0.0,32,False,01
L64_s2016_first,64,2016,first,33,1.0,1.0,1.0,1.0,32,True,c5
L64_s2016_first,64,2016,first,34,1.0,1.0,1.0,1.0,32,True,01
L64_s2016_first,64,2016,first,35,0.96875,0.9375,0.125,0.125,32,False,c5
L64_s2016_first,64,2016,first,36,0.96875,0.9375,0.0625,0.0625,32,False,01
L64_s2016_first,64,2016,first,37,1.0,1.0,1.0,1.0,32,True,c5
L64_s2016_first,64,2016,first,38,0.96875,0.96875,1.0,0.96875,32,True,01
L64_s2016_first,64,2016,first,39,1.0,1.0,0.09375,0.09375,32,False,c5
L64_s2016_first,64,2016,first,40,1.0,1.0,0.03125,0.03125,32,False,01
L64_s2016_first,64,2016,first,41,1.0,0.96875,1.0,1.0,32,True,c5
L64_s2016_first,64,2016,first,42,1.0,0.96875,1.0,1.0,32,True,01
L64_s2016_first,64,2016,first,43,1.0,1.0,0.0625,0.0625,32,False,c5
L64_s2016_first,64,2016,first,44,0.9375,0.9375,0.0625,0.03125,32,False,01
L64_s2016_first,64,2016,first,45,1.0,1.0,1.0,1.0,32,True,c5
L64_s2016_first,64,2016,first,46,1.0,1.0,1.0,1.0,32,True,01
L64_s2016_first,64,2016,first,47,0.96875,0.96875,0.09375,0.09375,32,False,c5
L64_s2016_first,64,2016,first,48,1.0,0.9375,0.0,0.0,32,False,01
L64_s2016_first,64,2016,first,49,1.0,1.0,1.0,1.0,32,True,c5
L64_s2016_first,64,2016,first,50,1.0,0.96875,1.0,1.0,32,True,01
L64_s2016_first,64,2016,first,51,0.96875,0.9375,0.03125,0.0,32,False,c5
L64_s2016_first,64,2016,first,52,0.96875,0.96875,0.0,0.0,32,False,01
L64_s2016_first,64,2016,first,53,1.0,1.0,1.0,1.0,32,True,c5
L64_s2016_first,64,2016,first,54,1.0,1.0,1.0,1.0,32,True,01
L64_s2016_first,64,2016,first,55,1.0,1.0,0.03125,0.03125,32,False,c5
L64_s2016_first,64,2016,first,56,1.0,1.0,0.0,0.0,32,False,01
L64_s2016_first,64,2016,first,57,1.0,0.96875,1.0,1.0,32,True,c5
L64_s2016_first,64,2016,first,58,1.0,1.0,1.0,1.0,32,True,01
L64_s2016_first,64,2016,first,59,0.96875,0.96875,0.09375,0.0625,32,False,c5
L64_s2016_first,64,2016,first,60,1.0,1.0,0.0,0.0,32,False,01
L64_s2016_first,64,2016,first,61,1.0,1.0,1.0,1.0,32,True,c5
L64_s2016_first,64,2016,first,62,0.9375,0.9375,1.0,0.9375,32,True,01
L64_s2016_first,64,2016,first,63,1.0,0.96875,0.0,0.0,32,False,c5
L64_s2016_final,64,2016,final,0,0.875,0.875,0.0,0.0,32,False,5f
L64_s2016_final,64,2016,final,1,0.03125,0.03125,0.65625,0.03125,32,False,21
L64_s2016_final,64,2016,final,2,0.0625,0.0,0.09375,0.0,32,False,20
L64_s2016_final,64,2016,final,3,1.0,1.0,1.0,1.0,32,True,8a
L64_s2016_final,64,2016,final,4,0.8125,0.78125,0.9375,0.78125,32,True,cf
L64_s2016_final,64,2016,final,5,1.0,1.0,1.0,1.0,32,True,54
L64_s2016_final,64,2016,final,6,1.0,1.0,1.0,1.0,32,True,9a
L64_s2016_final,64,2016,final,7,1.0,1.0,1.0,1.0,32,True,45
L64_s2016_final,64,2016,final,8,0.0,0.0,0.03125,0.0,32,False,ed
L64_s2016_final,64,2016,final,9,0.0,0.0,0.0,0.0,32,False,b8
L64_s2016_final,64,2016,final,10,1.0,1.0,1.0,1.0,32,True,5d
L64_s2016_final,64,2016,final,11,1.0,1.0,1.0,1.0,32,True,10
L64_s2016_final,64,2016,final,12,1.0,1.0,1.0,1.0,32,True,00
L64_s2016_final,64,2016,final,13,1.0,1.0,1.0,1.0,32,True,de
L64_s2016_final,64,2016,final,14,1.0,1.0,1.0,1.0,32,True,00
L64_s2016_final,64,2016,final,15,1.0,1.0,1.0,1.0,32,True,62
L64_s2016_final,64,2016,final,16,1.0,1.0,1.0,1.0,32,True,00
L64_s2016_final,64,2016,final,17,1.0,1.0,1.0,1.0,32,True,10
L64_s2016_final,64,2016,final,18,1.0,1.0,1.0,1.0,32,True,00
L64_s2016_final,64,2016,final,19,1.0,1.0,1.0,1.0,32,True,10
L64_s2016_final,64,2016,final,20,1.0,1.0,1.0,1.0,32,True,00
L64_s2016_final,64,2016,final,21,1.0,1.0,1.0,1.0,32,True,10
L64_s2016_final,64,2016,final,22,1.0,1.0,1.0,1.0,32,True,00
L64_s2016_final,64,2016,final,23,1.0,1.0,1.0,1.0,32,True,10
L64_s2016_final,64,2016,final,24,1.0,1.0,1.0,1.0,32,True,00
L64_s2016_final,64,2016,final,25,1.0,1.0,1.0,1.0,32,True,55
L64_s2016_final,64,2016,final,26,1.0,1.0,1.0,1.0,32,True,00
L64_s2016_final,64,2016,final,27,1.0,1.0,1.0,1.0,32,True,10
L64_s2016_final,64,2016,final,28,1.0,1.0,1.0,1.0,32,True,00
L64_s2016_final,64,2016,final,29,1.0,1.0,1.0,1.0,32,True,10
L64_s2016_final,64,2016,final,30,1.0,1.0,1.0,1.0,32,True,82
L64_s2016_final,64,2016,final,31,1.0,1.0,1.0,1.0,32,True,97
L64_s2016_final,64,2016,final,32,0.90625,0.90625,1.0,0.90625,32,True,5f
L64_s2016_final,64,2016,final,33,1.0,1.0,0.0,0.0,32,False,21
L64_s2016_final,64,2016,final,34,1.0,1.0,0.0,0.0,32,False,20
L64_s2016_final,64,2016,final,35,1.0,1.0,0.0,0.0,32,False,8a
L64_s2016_final,64,2016,final,36,1.0,1.0,0.0,0.0,32,False,cf
L64_s2016_final,64,2016,final,37,1.0,1.0,0.0,0.0,32,False,54
L64_s2016_final,64,2016,final,38,1.0,1.0,0.0,0.0,32,False,9a
L64_s2016_final,64,2016,final,39,1.0,1.0,0.0,0.0,32,False,45
L64_s2016_final,64,2016,final,40,1.0,1.0,0.0,0.0,32,False,ed
L64_s2016_final,64,2016,final,41,1.0,1.0,0.0,0.0,32,False,b8
L64_s2016_final,64,2016,final,42,1.0,1.0,0.0,0.0,32,False,5d
L64_s2016_final,64,2016,final,43,1.0,1.0,0.0,0.0,32,False,10
L64_s2016_final,64,2016,final,44,1.0,1.0,0.0,0.0,32,False,00
L64_s2016_final,64,2016,final,45,1.0,1.0,0.0,0.0,32,False,de
L64_s2016_final,64,2016,final,46,1.0,1.0,0.0,0.0,32,False,00
L64_s2016_final,64,2016,final,47,1.0,1.0,0.0,0.0,32,False,62
L64_s2016_final,64,2016,final,48,1.0,1.0,0.0,0.0,32,False,00
L64_s2016_final,64,2016,final,49,1.0,1.0,0.0,0.0,32,False,10
L64_s2016_final,64,2016,final,50,1.0,1.0,0.0,0.0,32,False,00
L64_s2016_final,64,2016,final,51,1.0,1.0,0.0,0.0,32,False,10
L64_s2016_final,64,2016,final,52,1.0,1.0,0.0,0.0,32,False,00
L64_s2016_final,64,2016,final,53,1.0,1.0,0.0,0.0,32,False,10
L64_s2016_final,64,2016,final,54,1.0,1.0,0.0,0.0,32,False,00
L64_s2016_final,64,2016,final,55,1.0,1.0,0.0,0.0,32,False,10
L64_s2016_final,64,2016,final,56,1.0,1.0,0.0,0.0,32,False,00
L64_s2016_final,64,2016,final,57,1.0,1.0,0.0,0.0,32,False,55
L64_s2016_final,64,2016,final,58,1.0,1.0,0.0,0.0,32,False,00
L64_s2016_final,64,2016,final,59,1.0,1.0,0.0,0.0,32,False,10
L64_s2016_final,64,2016,final,60,1.0,1.0,0.0,0.0,32,False,00
L64_s2016_final,64,2016,final,61,1.0,1.0,0.0,0.0,32,False,10
L64_s2016_final,64,2016,final,62,1.0,1.0,0.0,0.0,32,False,82
L64_s2016_final,64,2016,final,63,1.0,1.0,0.0,0.0,32,False,97
L64_s2017_first,64,2017,first,0,0.96875,0.96875,0.0,0.0,32,False,01
L64_s2017_first,64,2017,first,1,1.0,1.0,1.0,1.0,32,True,c5
L64_s2017_first,64,2017,first,2,1.0,1.0,1.0,1.0,32,True,01
L64_s2017_first,64,2017,first,3,1.0,1.0,0.03125,0.03125,32,False,c5
L64_s2017_first,64,2017,first,4,1.0,1.0,0.0625,0.0625,32,False,01
L64_s2017_first,64,2017,first,5,1.0,1.0,1.0,1.0,32,True,c5
L64_s2017_first,64,2017,first,6,1.0,1.0,1.0,1.0,32,True,01
L64_s2017_first,64,2017,first,7,1.0,1.0,0.0,0.0,32,False,c5
L64_s2017_first,64,2017,first,8,0.96875,0.9375,0.0,0.0,32,False,01
L64_s2017_first,64,2017,first,9,1.0,1.0,1.0,1.0,32,True,c5
L64_s2017_first,64,2017,first,10,1.0,1.0,1.0,1.0,32,True,01
L64_s2017_first,64,2017,first,11,1.0,1.0,0.0625,0.0625,32,False,c5
L64_s2017_first,64,2017,first,12,0.96875,0.96875,0.15625,0.15625,32,False,01
L64_s2017_first,64,2017,first,13,1.0,1.0,1.0,1.0,32,True,c5
L64_s2017_first,64,2017,first,14,1.0,1.0,1.0,1.0,32,True,01
L64_s2017_first,64,2017,first,15,1.0,1.0,0.28125,0.28125,32,False,c5
L64_s2017_first,64,2017,first,16,0.96875,0.96875,0.09375,0.09375,32,False,01
L64_s2017_first,64,2017,first,17,1.0,0.96875,1.0,1.0,32,True,c5
L64_s2017_first,64,2017,first,18,1.0,1.0,1.0,1.0,32,True,01
L64_s2017_first,64,2017,first,19,1.0,1.0,0.4375,0.4375,32,False,c5
L64_s2017_first,64,2017,first,20,1.0,1.0,0.28125,0.28125,32,False,01
L64_s2017_first,64,2017,first,21,1.0,1.0,1.0,1.0,32,True,c5
L64_s2017_first,64,2017,first,22,1.0,1.0,1.0,1.0,32,True,01
L64_s2017_first,64,2017,first,23,1.0,1.0,0.375,0.375,32,False,c5
L64_s2017_first,64,2017,first,24,0.96875,0.9375,0.125,0.125,32,False,01
L64_s2017_first,64,2017,first,25,1.0,1.0,1.0,1.0,32,True,c5
L64_s2017_first,64,2017,first,26,1.0,1.0,1.0,1.0,32,True,01
L64_s2017_first,64,2017,first,27,1.0,1.0,0.375,0.375,32,False,c5
L64_s2017_first,64,2017,first,28,1.0,1.0,0.09375,0.09375,32,False,01
L64_s2017_first,64,2017,first,29,1.0,1.0,1.0,1.0,32,True,c5
L64_s2017_first,64,2017,first,30,0.96875,0.96875,1.0,0.96875,32,True,01
L64_s2017_first,64,2017,first,31,0.96875,0.9375,0.28125,0.28125,32,False,c5
L64_s2017_first,64,2017,first,32,1.0,1.0,0.1875,0.1875,32,False,01
L64_s2017_first,64,2017,first,33,1.0,1.0,1.0,1.0,32,True,c5
L64_s2017_first,64,2017,first,34,1.0,1.0,1.0,1.0,32,True,01
L64_s2017_first,64,2017,first,35,1.0,1.0,0.09375,0.09375,32,False,c5
L64_s2017_first,64,2017,first,36,1.0,0.96875,0.0625,0.0625,32,False,01
L64_s2017_first,64,2017,first,37,1.0,1.0,1.0,1.0,32,True,c5
L64_s2017_first,64,2017,first,38,1.0,1.0,1.0,1.0,32,True,01
L64_s2017_first,64,2017,first,39,1.0,1.0,0.0625,0.0625,32,False,c5
L64_s2017_first,64,2017,first,40,1.0,0.96875,0.03125,0.03125,32,False,01
L64_s2017_first,64,2017,first,41,1.0,1.0,1.0,1.0,32,True,c5
L64_s2017_first,64,2017,first,42,1.0,1.0,1.0,1.0,32,True,01
L64_s2017_first,64,2017,first,43,1.0,0.96875,0.0,0.0,32,False,c5
L64_s2017_first,64,2017,first,44,1.0,0.96875,0.03125,0.03125,32,False,01
L64_s2017_first,64,2017,first,45,1.0,1.0,1.0,1.0,32,True,c5
L64_s2017_first,64,2017,first,46,1.0,1.0,1.0,1.0,32,True,01
L64_s2017_first,64,2017,first,47,1.0,0.96875,0.03125,0.03125,32,False,c5
L64_s2017_first,64,2017,first,48,0.96875,0.9375,0.03125,0.03125,32,False,01
L64_s2017_first,64,2017,first,49,1.0,1.0,1.0,1.0,32,True,c5
L64_s2017_first,64,2017,first,50,1.0,0.96875,1.0,1.0,32,True,01
L64_s2017_first,64,2017,first,51,1.0,1.0,0.0625,0.0625,32,False,c5
L64_s2017_first,64,2017,first,52,1.0,0.96875,0.0,0.0,32,False,01
L64_s2017_first,64,2017,first,53,1.0,0.96875,1.0,1.0,32,True,c5
L64_s2017_first,64,2017,first,54,1.0,1.0,1.0,1.0,32,True,01
L64_s2017_first,64,2017,first,55,1.0,1.0,0.0,0.0,32,False,c5
L64_s2017_first,64,2017,first,56,1.0,1.0,0.0,0.0,32,False,01
L64_s2017_first,64,2017,first,57,1.0,1.0,1.0,1.0,32,True,c5
L64_s2017_first,64,2017,first,58,1.0,1.0,1.0,1.0,32,True,01
L64_s2017_first,64,2017,first,59,1.0,0.96875,0.03125,0.03125,32,False,c5
L64_s2017_first,64,2017,first,60,1.0,0.96875,0.03125,0.03125,32,False,01
L64_s2017_first,64,2017,first,61,1.0,1.0,1.0,1.0,32,True,c5
L64_s2017_first,64,2017,first,62,1.0,1.0,1.0,1.0,32,True,01
L64_s2017_first,64,2017,first,63,1.0,1.0,0.0,0.0,32,False,c5
L64_s2017_final,64,2017,final,0,0.96875,0.9375,0.0,0.0,32,False,21
L64_s2017_final,64,2017,final,1,1.0,1.0,1.0,1.0,32,True,e5
L64_s2017_final,64,2017,final,2,1.0,1.0,1.0,1.0,32,True,21
L64_s2017_final,64,2017,final,3,1.0,1.0,0.0625,0.0625,32,False,e5
L64_s2017_final,64,2017,final,4,1.0,1.0,0.15625,0.15625,32,False,21
L64_s2017_final,64,2017,final,5,1.0,1.0,1.0,1.0,32,True,e5
L64_s2017_final,64,2017,final,6,1.0,1.0,1.0,1.0,32,True,21
L64_s2017_final,64,2017,final,7,0.96875,0.96875,0.1875,0.1875,32,False,e5
L64_s2017_final,64,2017,final,8,1.0,1.0,0.28125,0.28125,32,False,21
L64_s2017_final,64,2017,final,9,1.0,1.0,1.0,1.0,32,True,e5
L64_s2017_final,64,2017,final,10,1.0,1.0,1.0,1.0,32,True,21
L64_s2017_final,64,2017,final,11,1.0,1.0,0.125,0.125,32,False,e5
L64_s2017_final,64,2017,final,12,1.0,1.0,0.625,0.625,32,True,21
L64_s2017_final,64,2017,final,13,1.0,1.0,1.0,1.0,32,True,e5
L64_s2017_final,64,2017,final,14,1.0,1.0,1.0,1.0,32,True,21
L64_s2017_final,64,2017,final,15,1.0,1.0,0.21875,0.21875,32,False,e5
L64_s2017_final,64,2017,final,16,1.0,1.0,0.46875,0.46875,32,False,21
L64_s2017_final,64,2017,final,17,1.0,1.0,1.0,1.0,32,True,e5
L64_s2017_final,64,2017,final,18,1.0,1.0,1.0,1.0,32,True,21
L64_s2017_final,64,2017,final,19,1.0,1.0,0.3125,0.3125,32,False,e5
L64_s2017_final,64,2017,final,20,1.0,1.0,0.46875,0.46875,32,False,21
L64_s2017_final,64,2017,final,21,0.96875,0.96875,1.0,0.96875,32,True,e5
L64_s2017_final,64,2017,final,22,1.0,1.0,1.0,1.0,32,True,21
L64_s2017_final,64,2017,final,23,1.0,1.0,0.40625,0.40625,32,False,e5
L64_s2017_final,64,2017,final,24,1.0,0.96875,0.3125,0.3125,32,False,21
L64_s2017_final,64,2017,final,25,1.0,1.0,1.0,1.0,32,True,e5
L64_s2017_final,64,2017,final,26,1.0,1.0,1.0,1.0,32,True,21
L64_s2017_final,64,2017,final,27,1.0,1.0,0.125,0.125,32,False,e5
L64_s2017_final,64,2017,final,28,0.96875,0.9375,0.28125,0.28125,32,False,21
L64_s2017_final,64,2017,final,29,0.96875,0.96875,1.0,0.96875,32,True,e5
L64_s2017_final,64,2017,final,30,1.0,1.0,1.0,1.0,32,True,21
L64_s2017_final,64,2017,final,31,1.0,1.0,0.03125,0.03125,32,False,e5
L64_s2017_final,64,2017,final,32,1.0,0.96875,0.03125,0.03125,32,False,21
L64_s2017_final,64,2017,final,33,1.0,1.0,1.0,1.0,32,True,e5
L64_s2017_final,64,2017,final,34,1.0,1.0,1.0,1.0,32,True,21
L64_s2017_final,64,2017,final,35,1.0,0.96875,0.09375,0.09375,32,False,e5
L64_s2017_final,64,2017,final,36,1.0,1.0,0.09375,0.09375,32,False,21
L64_s2017_final,64,2017,final,37,1.0,1.0,1.0,1.0,32,True,e5
L64_s2017_final,64,2017,final,38,1.0,1.0,1.0,1.0,32,True,21
L64_s2017_final,64,2017,final,39,1.0,0.96875,0.03125,0.03125,32,False,e5
L64_s2017_final,64,2017,final,40,1.0,1.0,0.03125,0.03125,32,False,21
L64_s2017_final,64,2017,final,41,1.0,1.0,1.0,1.0,32,True,e5
L64_s2017_final,64,2017,final,42,1.0,1.0,1.0,1.0,32,True,21
L64_s2017_final,64,2017,final,43,0.96875,0.96875,0.0625,0.0625,32,False,e5
L64_s2017_final,64,2017,final,44,1.0,1.0,0.03125,0.03125,32,False,21
L64_s2017_final,64,2017,final,45,1.0,1.0,1.0,1.0,32,True,e5
L64_s2017_final,64,2017,final,46,0.96875,0.96875,1.0,0.96875,32,True,21
L64_s2017_final,64,2017,final,47,0.96875,0.9375,0.0625,0.0625,32,False,e5
L64_s2017_final,64,2017,final,48,1.0,0.90625,0.0,0.0,32,False,21
L64_s2017_final,64,2017,final,49,1.0,1.0,1.0,1.0,32,True,e5
L64_s2017_final,64,2017,final,50,1.0,1.0,1.0,1.0,32,True,21
L64_s2017_final,64,2017,final,51,1.0,1.0,0.0,0.0,32,False,e5
L64_s2017_final,64,2017,final,52,1.0,1.0,0.0,0.0,32,False,21
L64_s2017_final,64,2017,final,53,1.0,1.0,1.0,1.0,32,True,e5
L64_s2017_final,64,2017,final,54,1.0,1.0,0.96875,0.96875,32,True,21
L64_s2017_final,64,2017,final,55,1.0,1.0,0.03125,0.03125,32,False,e5
L64_s2017_final,64,2017,final,56,1.0,1.0,0.0,0.0,32,False,21
L64_s2017_final,64,2017,final,57,1.0,1.0,1.0,1.0,32,True,e5
L64_s2017_final,64,2017,final,58,1.0,1.0,1.0,1.0,32,True,21
L64_s2017_final,64,2017,final,59,1.0,0.96875,0.0,0.0,32,False,e5
L64_s2017_final,64,2017,final,60,1.0,1.0,0.0,0.0,32,False,21
L64_s2017_final,64,2017,final,61,1.0,1.0,0.96875,0.96875,32,True,e5
L64_s2017_final,64,2017,final,62,1.0,1.0,1.0,1.0,32,True,21
L64_s2017_final,64,2017,final,63,1.0,1.0,0.0,0.0,32,False,e5
L64_s2018_first,64,2018,first,0,1.0,0.9375,0.03125,0.03125,32,False,01
L64_s2018_first,64,2018,first,1,1.0,1.0,1.0,1.0,32,True,c5
L64_s2018_first,64,2018,first,2,1.0,1.0,1.0,1.0,32,True,01
L64_s2018_first,64,2018,first,3,1.0,0.96875,0.0,0.0,32,False,c5
L64_s2018_first,64,2018,first,4,1.0,0.96875,0.0,0.0,32,False,01
L64_s2018_first,64,2018,first,5,0.96875,0.96875,1.0,0.96875,32,True,c5
L64_s2018_first,64,2018,first,6,1.0,1.0,1.0,1.0,32,True,01
L64_s2018_first,64,2018,first,7,1.0,0.96875,0.0625,0.0625,32,False,c5
L64_s2018_first,64,2018,first,8,0.96875,0.96875,0.0,0.0,32,False,01
L64_s2018_first,64,2018,first,9,1.0,1.0,1.0,1.0,32,True,c5
L64_s2018_first,64,2018,first,10,1.0,1.0,1.0,1.0,32,True,01
L64_s2018_first,64,2018,first,11,1.0,0.96875,0.0,0.0,32,False,c5
L64_s2018_first,64,2018,first,12,0.90625,0.8125,0.125,0.125,32,False,01
L64_s2018_first,64,2018,first,13,1.0,1.0,1.0,1.0,32,True,c5
L64_s2018_first,64,2018,first,14,1.0,1.0,1.0,1.0,32,True,01
L64_s2018_first,64,2018,first,15,1.0,1.0,0.09375,0.09375,32,False,c5
L64_s2018_first,64,2018,first,16,1.0,0.84375,0.0,0.0,32,False,01
L64_s2018_first,64,2018,first,17,1.0,1.0,1.0,1.0,32,True,c5
L64_s2018_first,64,2018,first,18,1.0,1.0,1.0,1.0,32,True,01
L64_s2018_first,64,2018,first,19,1.0,0.9375,0.03125,0.03125,32,False,c5
L64_s2018_first,64,2018,first,20,1.0,0.90625,0.0,0.0,32,False,01
L64_s2018_first,64,2018,first,21,1.0,1.0,1.0,1.0,32,True,c5
L64_s2018_first,64,2018,first,22,0.96875,0.96875,1.0,0.96875,32,True,01
L64_s2018_first,64,2018,first,23,0.96875,0.875,0.03125,0.03125,32,False,c5
L64_s2018_first,64,2018,first,24,1.0,0.9375,0.0,0.0,32,False,01
L64_s2018_first,64,2018,first,25,1.0,1.0,1.0,1.0,32,True,c5
L64_s2018_first,64,2018,first,26,1.0,1.0,1.0,1.0,32,True,01
L64_s2018_first,64,2018,first,27,0.9375,0.90625,0.09375,0.09375,32,False,c5
L64_s2018_first,64,2018,first,28,1.0,0.96875,0.09375,0.09375,32,False,01
L64_s2018_first,64,2018,first,29,1.0,1.0,1.0,1.0,32,True,c5
L64_s2018_first,64,2018,first,30,1.0,0.96875,1.0,1.0,32,True,01
L64_s2018_first,64,2018,first,31,1.0,1.0,0.0,0.0,32,False,c5
L64_s2018_first,64,2018,first,32,1.0,0.9375,0.0,0.0,32,False,01
L64_s2018_first,64,2018,first,33,1.0,1.0,1.0,1.0,32,True,c5
L64_s2018_first,64,2018,first,34,1.0,1.0,1.0,1.0,32,True,01
L64_s2018_first,64,2018,first,35,1.0,0.96875,0.125,0.125,32,False,c5
L64_s2018_first,64,2018,first,36,1.0,0.96875,0.0625,0.0625,32,False,01
L64_s2018_first,64,2018,first,37,1.0,1.0,1.0,1.0,32,True,c5
L64_s2018_first,64,2018,first,38,0.96875,0.9375,1.0,0.96875,32,True,01
L64_s2018_first,64,2018,first,39,1.0,1.0,0.09375,0.09375,32,False,c5
L64_s2018_first,64,2018,first,40,0.96875,0.9375,0.0,0.0,32,False,01
L64_s2018_first,64,2018,first,41,1.0,1.0,1.0,1.0,32,True,c5
L64_s2018_first,64,2018,first,42,1.0,1.0,1.0,1.0,32,True,01
L64_s2018_first,64,2018,first,43,1.0,0.96875,0.03125,0.03125,32,False,c5
L64_s2018_first,64,2018,first,44,1.0,1.0,0.0,0.0,32,False,01
L64_s2018_first,64,2018,first,45,1.0,0.96875,1.0,1.0,32,True,c5
L64_s2018_first,64,2018,first,46,1.0,1.0,1.0,1.0,32,True,01
L64_s2018_first,64,2018,first,47,1.0,0.96875,0.0625,0.0625,32,False,c5
L64_s2018_first,64,2018,first,48,0.96875,0.875,0.0,0.0,32,False,01
L64_s2018_first,64,2018,first,49,1.0,1.0,1.0,1.0,32,True,c5
L64_s2018_first,64,2018,first,50,1.0,1.0,1.0,1.0,32,True,01
L64_s2018_first,64,2018,first,51,1.0,1.0,0.0,0.0,32,False,c5
L64_s2018_first,64,2018,first,52,1.0,0.96875,0.0,0.0,32,False,01
L64_s2018_first,64,2018,first,53,1.0,1.0,1.0,1.0,32,True,c5
L64_s2018_first,64,2018,first,54,0.96875,0.9375,1.0,0.96875,32,True,01
L64_s2018_first,64,2018,first,55,1.0,1.0,0.125,0.125,32,False,c5
L64_s2018_first,64,2018,first,56,1.0,1.0,0.03125,0.03125,32,False,01
L64_s2018_first,64,2018,first,57,1.0,1.0,1.0,1.0,32,True,c5
L64_s2018_first,64,2018,first,58,1.0,1.0,1.0,1.0,32,True,01
L64_s2018_first,64,2018,first,59,1.0,0.9375,0.0625,0.0625,32,False,c5
L64_s2018_first,64,2018,first,60,1.0,0.9375,0.03125,0.03125,32,False,01
L64_s2018_first,64,2018,first,61,1.0,1.0,1.0,1.0,32,True,c5
L64_s2018_first,64,2018,first,62,0.9375,0.875,0.96875,0.90625,32,True,01
L64_s2018_first,64,2018,first,63,1.0,1.0,0.0,0.0,32,False,c5
L64_s2018_final,64,2018,final,0,1.0,1.0,0.0,0.0,32,False,11
L64_s2018_final,64,2018,final,1,1.0,1.0,1.0,1.0,32,True,d5
L64_s2018_final,64,2018,final,2,1.0,1.0,1.0,1.0,32,True,11
L64_s2018_final,64,2018,final,3,1.0,1.0,0.0,0.0,32,False,d5
L64_s2018_final,64,2018,final,4,1.0,1.0,0.0,0.0,32,False,11
L64_s2018_final,64,2018,final,5,1.0,1.0,1.0,1.0,32,True,d5
L64_s2018_final,64,2018,final,6,1.0,1.0,1.0,1.0,32,True,11
L64_s2018_final,64,2018,final,7,1.0,1.0,0.0,0.0,32,False,d5
L64_s2018_final,64,2018,final,8,1.0,0.96875,0.0,0.0,32,False,11
L64_s2018_final,64,2018,final,9,1.0,1.0,1.0,1.0,32,True,d5
L64_s2018_final,64,2018,final,10,1.0,1.0,1.0,1.0,32,True,11
L64_s2018_final,64,2018,final,11,1.0,1.0,0.0,0.0,32,False,d5
L64_s2018_final,64,2018,final,12,0.96875,0.96875,0.0,0.0,32,False,11
L64_s2018_final,64,2018,final,13,1.0,1.0,1.0,1.0,32,True,d5
L64_s2018_final,64,2018,final,14,1.0,1.0,1.0,1.0,32,True,11
L64_s2018_final,64,2018,final,15,1.0,1.0,0.0,0.0,32,False,d5
L64_s2018_final,64,2018,final,16,1.0,1.0,0.0,0.0,32,False,11
L64_s2018_final,64,2018,final,17,1.0,1.0,1.0,1.0,32,True,d5
L64_s2018_final,64,2018,final,18,1.0,1.0,1.0,1.0,32,True,11
L64_s2018_final,64,2018,final,19,1.0,0.96875,0.03125,0.03125,32,False,d5
L64_s2018_final,64,2018,final,20,1.0,1.0,0.03125,0.03125,32,False,11
L64_s2018_final,64,2018,final,21,1.0,1.0,1.0,1.0,32,True,d5
L64_s2018_final,64,2018,final,22,1.0,1.0,1.0,1.0,32,True,11
L64_s2018_final,64,2018,final,23,0.96875,0.96875,0.03125,0.03125,32,False,d5
L64_s2018_final,64,2018,final,24,1.0,0.96875,0.0,0.0,32,False,11
L64_s2018_final,64,2018,final,25,1.0,1.0,1.0,1.0,32,True,d5
L64_s2018_final,64,2018,final,26,1.0,1.0,1.0,1.0,32,True,11
L64_s2018_final,64,2018,final,27,1.0,0.96875,0.09375,0.09375,32,False,d5
L64_s2018_final,64,2018,final,28,1.0,0.9375,0.0625,0.0625,32,False,11
L64_s2018_final,64,2018,final,29,0.96875,0.96875,1.0,0.96875,32,True,d5
L64_s2018_final,64,2018,final,30,1.0,1.0,1.0,1.0,32,True,11
L64_s2018_final,64,2018,final,31,1.0,1.0,0.0625,0.0625,32,False,d5
L64_s2018_final,64,2018,final,32,1.0,0.96875,0.0,0.0,32,False,11
L64_s2018_final,64,2018,final,33,1.0,1.0,1.0,1.0,32,True,d5
L64_s2018_final,64,2018,final,34,1.0,1.0,1.0,1.0,32,True,11
L64_s2018_final,64,2018,final,35,0.9375,0.9375,0.09375,0.03125,32,False,d5
L64_s2018_final,64,2018,final,36,1.0,1.0,0.0,0.0,32,False,11
L64_s2018_final,64,2018,final,37,1.0,1.0,1.0,1.0,32,True,d5
L64_s2018_final,64,2018,final,38,1.0,1.0,1.0,1.0,32,True,11
L64_s2018_final,64,2018,final,39,1.0,0.96875,0.0,0.0,32,False,d5
L64_s2018_final,64,2018,final,40,1.0,1.0,0.0,0.0,32,False,11
L64_s2018_final,64,2018,final,41,1.0,1.0,1.0,1.0,32,True,d5
L64_s2018_final,64,2018,final,42,1.0,1.0,1.0,1.0,32,True,11
L64_s2018_final,64,2018,final,43,1.0,1.0,0.03125,0.03125,32,False,d5
L64_s2018_final,64,2018,final,44,0.96875,0.9375,0.03125,0.03125,32,False,11
L64_s2018_final,64,2018,final,45,1.0,1.0,1.0,1.0,32,True,d5
L64_s2018_final,64,2018,final,46,1.0,1.0,1.0,1.0,32,True,11
L64_s2018_final,64,2018,final,47,1.0,1.0,0.0625,0.0625,32,False,d5
L64_s2018_final,64,2018,final,48,0.96875,0.96875,0.0,0.0,32,False,11
L64_s2018_final,64,2018,final,49,1.0,1.0,1.0,1.0,32,True,d5
L64_s2018_final,64,2018,final,50,1.0,1.0,1.0,1.0,32,True,11
L64_s2018_final,64,2018,final,51,1.0,1.0,0.09375,0.09375,32,False,d5
L64_s2018_final,64,2018,final,52,1.0,0.96875,0.03125,0.03125,32,False,11
L64_s2018_final,64,2018,final,53,1.0,1.0,1.0,1.0,32,True,d5
L64_s2018_final,64,2018,final,54,1.0,0.96875,1.0,1.0,32,True,11
L64_s2018_final,64,2018,final,55,1.0,1.0,0.0,0.0,32,False,d5
L64_s2018_final,64,2018,final,56,1.0,0.96875,0.0625,0.0625,32,False,11
L64_s2018_final,64,2018,final,57,1.0,1.0,1.0,1.0,32,True,d5
L64_s2018_final,64,2018,final,58,1.0,1.0,1.0,1.0,32,True,11
L64_s2018_final,64,2018,final,59,1.0,1.0,0.0,0.0,32,False,d5
L64_s2018_final,64,2018,final,60,1.0,0.96875,0.0,0.0,32,False,11
L64_s2018_final,64,2018,final,61,1.0,1.0,1.0,1.0,32,True,d5
L64_s2018_final,64,2018,final,62,1.0,1.0,1.0,1.0,32,True,11
L64_s2018_final,64,2018,final,63,1.0,1.0,0.0,0.0,32,False,d5
L64_s2019_first,64,2019,first,0,1.0,0.875,0.03125,0.03125,32,False,01
L64_s2019_first,64,2019,first,1,1.0,1.0,1.0,1.0,32,True,c5
L64_s2019_first,64,2019,first,2,1.0,1.0,1.0,1.0,32,True,01
L64_s2019_first,64,2019,first,3,1.0,1.0,0.0,0.0,32,False,c5
L64_s2019_first,64,2019,first,4,0.90625,0.78125,0.0,0.0,32,False,01
L64_s2019_first,64,2019,first,5,1.0,1.0,0.96875,0.96875,32,True,c5
L64_s2019_first,64,2019,first,6,0.9375,0.9375,1.0,0.9375,32,True,01
L64_s2019_first,64,2019,first,7,1.0,1.0,0.03125,0.03125,32,False,c5
L64_s2019_first,64,2019,first,8,1.0,0.96875,0.0,0.0,32,False,01
L64_s2019_first,64,2019,first,9,1.0,1.0,1.0,1.0,32,True,c5
L64_s2019_first,64,2019,first,10,1.0,1.0,1.0,1.0,32,True,01
L64_s2019_first,64,2019,first,11,0.9375,0.84375,0.0,0.0,32,False,c5
L64_s2019_first,64,2019,first,12,1.0,0.96875,0.0,0.0,32,False,01
L64_s2019_first,64,2019,first,13,1.0,1.0,1.0,1.0,32,True,c5
L64_s2019_first,64,2019,first,14,0.96875,0.96875,1.0,0.96875,32,True,01
L64_s2019_first,64,2019,first,15,0.96875,0.96875,0.09375,0.09375,32,False,c5
L64_s2019_first,64,2019,first,16,1.0,1.0,0.0,0.0,32,False,01
L64_s2019_first,64,2019,first,17,1.0,1.0,1.0,1.0,32,True,c5
L64_s2019_first,64,2019,first,18,1.0,1.0,1.0,1.0,32,True,01
L64_s2019_first,64,2019,first,19,1.0,0.90625,0.09375,0.09375,32,False,c5
L64_s2019_first,64,2019,first,20,1.0,0.90625,0.03125,0.03125,32,False,01
L64_s2019_first,64,2019,first,21,1.0,1.0,1.0,1.0,32,True,c5
L64_s2019_first,64,2019,first,22,1.0,1.0,1.0,1.0,32,True,01
L64_s2019_first,64,2019,first,23,1.0,1.0,0.0625,0.0625,32,False,c5
L64_s2019_first,64,2019,first,24,1.0,0.875,0.0,0.0,32,False,01
L64_s2019_first,64,2019,first,25,1.0,1.0,1.0,1.0,32,True,c5
L64_s2019_first,64,2019,first,26,1.0,1.0,1.0,1.0,32,True,01
L64_s2019_first,64,2019,first,27,0.96875,0.9375,0.09375,0.09375,32,False,c5
L64_s2019_first,64,2019,first,28,1.0,0.9375,0.03125,0.03125,32,False,01
L64_s2019_first,64,2019,first,29,1.0,1.0,1.0,1.0,32,True,c5
L64_s2019_first,64,2019,first,30,0.9375,0.9375,1.0,0.9375,32,True,01
L64_s2019_first,64,2019,first,31,1.0,0.96875,0.03125,0.03125,32,False,c5
L64_s2019_first,64,2019,first,32,1.0,0.96875,0.0,0.0,32,False,01
L64_s2019_first,64,2019,first,33,1.0,1.0,1.0,1.0,32,True,c5
L64_s2019_first,64,2019,first,34,1.0,1.0,1.0,1.0,32,True,01
L64_s2019_first,64,2019,first,35,1.0,1.0,0.0,0.0,32,False,c5
L64_s2019_first,64,2019,first,36,1.0,1.0,0.0,0.0,32,False,01
L64_s2019_first,64,2019,first,37,1.0,1.0,1.0,1.0,32,True,c5
L64_s2019_first,64,2019,first,38,1.0,1.0,1.0,1.0,32,True,01
L64_s2019_first,64,2019,first,39,0.96875,0.96875,0.09375,0.0625,32,False,c5
L64_s2019_first,64,2019,first,40,0.9375,0.9375,0.03125,0.0,32,False,01
L64_s2019_first,64,2019,first,41,1.0,1.0,1.0,1.0,32,True,c5
L64_s2019_first,64,2019,first,42,1.0,1.0,1.0,1.0,32,True,01
L64_s2019_first,64,2019,first,43,1.0,0.96875,0.0625,0.0625,32,False,c5
L64_s2019_first,64,2019,first,44,1.0,1.0,0.0,0.0,32,False,01
L64_s2019_first,64,2019,first,45,1.0,1.0,1.0,1.0,32,True,c5
L64_s2019_first,64,2019,first,46,1.0,0.96875,1.0,1.0,32,True,01
L64_s2019_first,64,2019,first,47,1.0,1.0,0.0,0.0,32,False,c5
L64_s2019_first,64,2019,first,48,0.96875,0.90625,0.03125,0.03125,32,False,01
L64_s2019_first,64,2019,first,49,1.0,1.0,1.0,1.0,32,True,c5
L64_s2019_first,64,2019,first,50,1.0,1.0,1.0,1.0,32,True,01
L64_s2019_first,64,2019,first,51,1.0,1.0,0.0625,0.0625,32,False,c5
L64_s2019_first,64,2019,first,52,1.0,0.96875,0.0,0.0,32,False,01
L64_s2019_first,64,2019,first,53,1.0,0.96875,1.0,1.0,32,True,c5
L64_s2019_first,64,2019,first,54,1.0,1.0,1.0,1.0,32,True,01
L64_s2019_first,64,2019,first,55,1.0,0.96875,0.0625,0.0625,32,False,c5
L64_s2019_first,64,2019,first,56,1.0,0.96875,0.0,0.0,32,False,01
L64_s2019_first,64,2019,first,57,1.0,1.0,1.0,1.0,32,True,c5
L64_s2019_first,64,2019,first,58,1.0,1.0,1.0,1.0,32,True,01
L64_s2019_first,64,2019,first,59,0.96875,0.9375,0.03125,0.0,32,False,c5
L64_s2019_first,64,2019,first,60,1.0,1.0,0.0,0.0,32,False,01
L64_s2019_first,64,2019,first,61,1.0,0.96875,1.0,1.0,32,True,c5
L64_s2019_first,64,2019,first,62,1.0,1.0,1.0,1.0,32,True,01
L64_s2019_first,64,2019,first,63,1.0,0.9375,0.0,0.0,32,False,c5
L64_s2019_final,64,2019,final,0,1.0,0.96875,0.0,0.0,32,False,01
L64_s2019_final,64,2019,final,1,1.0,1.0,1.0,1.0,32,True,c5
L64_s2019_final,64,2019,final,2,1.0,1.0,1.0,1.0,32,True,01
L64_s2019_final,64,2019,final,3,1.0,1.0,0.03125,0.03125,32,False,c5
L64_s2019_final,64,2019,final,4,0.96875,0.96875,0.0,0.0,32,False,01
L64_s2019_final,64,2019,final,5,1.0,1.0,1.0,1.0,32,True,c5
L64_s2019_final,64,2019,final,6,1.0,1.0,1.0,1.0,32,True,01
L64_s2019_final,64,2019,final,7,1.0,1.0,0.0,0.0,32,False,c5
L64_s2019_final,64,2019,final,8,0.96875,0.9375,0.0,0.0,32,False,01
L64_s2019_final,64,2019,final,9,1.0,1.0,1.0,1.0,32,True,c5
L64_s2019_final,64,2019,final,10,1.0,1.0,1.0,1.0,32,True,01
L64_s2019_final,64,2019,final,11,1.0,0.96875,0.03125,0.03125,32,False,c5
L64_s2019_final,64,2019,final,12,1.0,0.96875,0.0,0.0,32,False,01
L64_s2019_final,64,2019,final,13,1.0,1.0,1.0,1.0,32,True,c5
L64_s2019_final,64,2019,final,14,1.0,0.96875,1.0,1.0,32,True,01
L64_s2019_final,64,2019,final,15,0.96875,0.96875,0.0625,0.0625,32,False,c5
L64_s2019_final,64,2019,final,16,0.96875,0.90625,0.0,0.0,32,False,01
L64_s2019_final,64,2019,final,17,1.0,1.0,1.0,1.0,32,True,c5
L64_s2019_final,64,2019,final,18,1.0,1.0,1.0,1.0,32,True,01
L64_s2019_final,64,2019,final,19,1.0,0.90625,0.0625,0.0625,32,False,c5
L64_s2019_final,64,2019,final,20,1.0,0.90625,0.03125,0.03125,32,False,01
L64_s2019_final,64,2019,final,21,0.96875,0.96875,1.0,0.96875,32,True,c5
L64_s2019_final,64,2019,final,22,0.96875,0.96875,1.0,0.96875,32,True,01
L64_s2019_final,64,2019,final,23,1.0,1.0,0.03125,0.03125,32,False,c5
L64_s2019_final,64,2019,final,24,1.0,0.9375,0.03125,0.03125,32,False,01
L64_s2019_final,64,2019,final,25,1.0,1.0,1.0,1.0,32,True,c5
L64_s2019_final,64,2019,final,26,1.0,1.0,1.0,1.0,32,True,01
L64_s2019_final,64,2019,final,27,1.0,0.96875,0.03125,0.03125,32,False,c5
L64_s2019_final,64,2019,final,28,1.0,1.0,0.0,0.0,32,False,01
L64_s2019_final,64,2019,final,29,1.0,1.0,1.0,1.0,32,True,c5
L64_s2019_final,64,2019,final,30,1.0,1.0,1.0,1.0,32,True,01
L64_s2019_final,64,2019,final,31,1.0,1.0,0.03125,0.03125,32,False,c5
L64_s2019_final,64,2019,final,32,1.0,0.9375,0.0,0.0,32,False,01
L64_s2019_final,64,2019,final,33,1.0,1.0,1.0,1.0,32,True,c5
L64_s2019_final,64,2019,final,34,1.0,1.0,1.0,1.0,32,True,01
L64_s2019_final,64,2019,final,35,1.0,1.0,0.03125,0.03125,32,False,c5
L64_s2019_final,64,2019,final,36,0.96875,0.96875,0.03125,0.03125,32,False,01
L64_s2019_final,64,2019,final,37,1.0,1.0,1.0,1.0,32,True,c5
L64_s2019_final,64,2019,final,38,0.96875,0.96875,1.0,0.96875,32,True,01
L64_s2019_final,64,2019,final,39,1.0,0.9375,0.03125,0.03125,32,False,c5
L64_s2019_final,64,2019,final,40,1.0,0.96875,0.0,0.0,32,False,01
L64_s2019_final,64,2019,final,41,1.0,1.0,1.0,1.0,32,True,c5
L64_s2019_final,64,2019,final,42,1.0,1.0,1.0,1.0,32,True,01
L64_s2019_final,64,2019,final,43,1.0,1.0,0.0625,0.0625,32,False,c5
L64_s2019_final,64,2019,final,44,1.0,1.0,0.0,0.0,32,False,01
L64_s2019_final,64,2019,final,45,1.0,1.0,1.0,1.0,32,True,c5
L64_s2019_final,64,2019,final,46,0.96875,0.9375,1.0,0.96875,32,True,01
L64_s2019_final,64,2019,final,47,1.0,1.0,0.03125,0.03125,32,False,c5
L64_s2019_final,64,2019,final,48,1.0,0.90625,0.03125,0.03125,32,False,01
L64_s2019_final,64,2019,final,49,1.0,1.0,1.0,1.0,32,True,c5
L64_s2019_final,64,2019,final,50,1.0,1.0,1.0,1.0,32,True,01
L64_s2019_final,64,2019,final,51,1.0,0.96875,0.0625,0.0625,32,False,c5
L64_s2019_final,64,2019,final,52,1.0,0.96875,0.0,0.0,32,False,01
L64_s2019_final,64,2019,final,53,1.0,0.96875,1.0,1.0,32,True,c5
L64_s2019_final,64,2019,final,54,1.0,1.0,1.0,1.0,32,True,01
L64_s2019_final,64,2019,final,55,1.0,0.96875,0.0,0.0,32,False,c5
L64_s2019_final,64,2019,final,56,1.0,0.96875,0.0,0.0,32,False,01
L64_s2019_final,64,2019,final,57,1.0,1.0,1.0,1.0,32,True,c5
L64_s2019_final,64,2019,final,58,1.0,1.0,1.0,1.0,32,True,01
L64_s2019_final,64,2019,final,59,1.0,0.96875,0.0625,0.0625,32,False,c5
L64_s2019_final,64,2019,final,60,0.96875,0.9375,0.03125,0.0,32,False,01
L64_s2019_final,64,2019,final,61,1.0,1.0,1.0,1.0,32,True,c5
L64_s2019_final,64,2019,final,62,0.96875,0.96875,1.0,0.96875,32,True,01
L64_s2019_final,64,2019,final,63,1.0,1.0,0.0,0.0,32,False,c5
L64_s2020_first,64,2020,first,0,1.0,1.0,0.0,0.0,32,False,01
L64_s2020_first,64,2020,first,1,1.0,1.0,1.0,1.0,32,True,c5
L64_s2020_first,64,2020,first,2,1.0,1.0,1.0,1.0,32,True,01
L64_s2020_first,64,2020,first,3,0.96875,0.90625,0.03125,0.03125,32,False,c5
L64_s2020_first,64,2020,first,4,1.0,1.0,0.0,0.0,32,False,01
L64_s2020_first,64,2020,first,5,1.0,1.0,1.0,1.0,32,True,c5
L64_s2020_first,64,2020,first,6,1.0,1.0,1.0,1.0,32,True,01
L64_s2020_first,64,2020,first,7,1.0,0.96875,0.0,0.0,32,False,c5
L64_s2020_first,64,2020,first,8,1.0,0.90625,0.0,0.0,32,False,01
L64_s2020_first,64,2020,first,9,1.0,1.0,1.0,1.0,32,True,c5
L64_s2020_first,64,2020,first,10,1.0,1.0,1.0,1.0,32,True,01
L64_s2020_first,64,2020,first,11,1.0,0.9375,0.09375,0.09375,32,False,c5
L64_s2020_first,64,2020,first,12,1.0,0.96875,0.125,0.125,32,False,01
L64_s2020_first,64,2020,first,13,1.0,0.96875,1.0,1.0,32,True,c5
L64_s2020_first,64,2020,first,14,0.96875,0.96875,1.0,0.96875,32,True,01
L64_s2020_first,64,2020,first,15,0.96875,0.96875,0.0625,0.0625,32,False,c5
L64_s2020_first,64,2020,first,16,1.0,0.9375,0.0625,0.0625,32,False,01
L64_s2020_first,64,2020,first,17,1.0,1.0,1.0,1.0,32,True,c5
L64_s2020_first,64,2020,first,18,1.0,1.0,1.0,1.0,32,True,01
L64_s2020_first,64,2020,first,19,1.0,1.0,0.0,0.0,32,False,c5
L64_s2020_first,64,2020,first,20,1.0,0.9375,0.0625,0.0625,32,False,01
L64_s2020_first,64,2020,first,21,1.0,1.0,1.0,1.0,32,True,c5
L64_s2020_first,64,2020,first,22,1.0,1.0,1.0,1.0,32,True,01
L64_s2020_first,64,2020,first,23,1.0,1.0,0.125,0.125,32,False,c5
L64_s2020_first,64,2020,first,24,1.0,0.96875,0.03125,0.03125,32,False,01
L64_s2020_first,64,2020,first,25,0.96875,0.96875,1.0,0.96875,32,True,c5
L64_s2020_first,64,2020,first,26,1.0,1.0,1.0,1.0,32,True,01
L64_s2020_first,64,2020,first,27,1.0,1.0,0.0,0.0,32,False,c5
L64_s2020_first,64,2020,first,28,0.96875,0.96875,0.0,0.0,32,False,01
L64_s2020_first,64,2020,first,29,1.0,1.0,1.0,1.0,32,True,c5
L64_s2020_first,64,2020,first,30,1.0,1.0,1.0,1.0,32,True,01
L64_s2020_first,64,2020,first,31,0.96875,0.96875,0.03125,0.03125,32,False,c5
L64_s2020_first,64,2020,first,32,1.0,0.9375,0.03125,0.03125,32,False,01
L64_s2020_first,64,2020,first,33,1.0,0.96875,1.0,1.0,32,True,c5
L64_s2020_first,64,2020,first,34,1.0,1.0,1.0,1.0,32,True,01
L64_s2020_first,64,2020,first,35,1.0,0.96875,0.03125,0.03125,32,False,c5
L64_s2020_first,64,2020,first,36,1.0,1.0,0.0,0.0,32,False,01
L64_s2020_first,64,2020,first,37,1.0,1.0,1.0,1.0,32,True,c5
L64_s2020_first,64,2020,first,38,1.0,1.0,1.0,1.0,32,True,01
L64_s2020_first,64,2020,first,39,0.9375,0.90625,0.125,0.09375,32,False,c5
L64_s2020_first,64,2020,first,40,0.96875,0.96875,0.03125,0.0,32,False,01
L64_s2020_first,64,2020,first,41,1.0,1.0,1.0,1.0,32,True,c5
L64_s2020_first,64,2020,first,42,1.0,1.0,1.0,1.0,32,True,01
L64_s2020_first,64,2020,first,43,1.0,1.0,0.03125,0.03125,32,False,c5
L64_s2020_first,64,2020,first,44,1.0,1.0,0.0,0.0,32,False,01
L64_s2020_first,64,2020,first,45,1.0,1.0,1.0,1.0,32,True,c5
L64_s2020_first,64,2020,first,46,1.0,1.0,1.0,1.0,32,True,01
L64_s2020_first,64,2020,first,47,0.96875,0.9375,0.03125,0.03125,32,False,c5
L64_s2020_first,64,2020,first,48,1.0,0.96875,0.03125,0.03125,32,False,01
L64_s2020_first,64,2020,first,49,1.0,1.0,1.0,1.0,32,True,c5
L64_s2020_first,64,2020,first,50,1.0,1.0,1.0,1.0,32,True,01
L64_s2020_first,64,2020,first,51,1.0,1.0,0.0,0.0,32,False,c5
L64_s2020_first,64,2020,first,52,1.0,1.0,0.0,0.0,32,False,01
L64_s2020_first,64,2020,first,53,0.96875,0.96875,1.0,0.96875,32,True,c5
L64_s2020_first,64,2020,first,54,1.0,1.0,1.0,1.0,32,True,01
L64_s2020_first,64,2020,first,55,0.9375,0.9375,0.125,0.09375,32,False,c5
L64_s2020_first,64,2020,first,56,0.96875,0.9375,0.03125,0.0,32,False,01
L64_s2020_first,64,2020,first,57,1.0,1.0,1.0,1.0,32,True,c5
L64_s2020_first,64,2020,first,58,1.0,1.0,1.0,1.0,32,True,01
L64_s2020_first,64,2020,first,59,0.96875,0.9375,0.09375,0.0625,32,False,c5
L64_s2020_first,64,2020,first,60,1.0,1.0,0.03125,0.03125,32,False,01
L64_s2020_first,64,2020,first,61,1.0,1.0,1.0,1.0,32,True,c5
L64_s2020_first,64,2020,first,62,1.0,1.0,1.0,1.0,32,True,01
L64_s2020_first,64,2020,first,63,1.0,1.0,0.0,0.0,32,False,c5
L64_s2020_final,64,2020,final,0,0.9375,0.9375,0.0,0.0,32,False,11
L64_s2020_final,64,2020,final,1,1.0,1.0,1.0,1.0,32,True,d5
L64_s2020_final,64,2020,final,2,1.0,1.0,1.0,1.0,32,True,11
L64_s2020_final,64,2020,final,3,1.0,1.0,0.0,0.0,32,False,d5
L64_s2020_final,64,2020,final,4,0.96875,0.84375,0.0,0.0,32,False,11
L64_s2020_final,64,2020,final,5,1.0,1.0,1.0,1.0,32,True,d5
L64_s2020_final,64,2020,final,6,1.0,0.96875,1.0,1.0,32,True,11
L64_s2020_final,64,2020,final,7,1.0,1.0,0.0,0.0,32,False,d5
L64_s2020_final,64,2020,final,8,0.9375,0.875,0.0,0.0,32,False,11
L64_s2020_final,64,2020,final,9,1.0,1.0,1.0,1.0,32,True,d5
L64_s2020_final,64,2020,final,10,1.0,1.0,1.0,1.0,32,True,11
L64_s2020_final,64,2020,final,11,1.0,1.0,0.0,0.0,32,False,d5
L64_s2020_final,64,2020,final,12,0.9375,0.8125,0.0625,0.0625,32,False,11
L64_s2020_final,64,2020,final,13,1.0,1.0,1.0,1.0,32,True,d5
L64_s2020_final,64,2020,final,14,1.0,1.0,1.0,1.0,32,True,11
L64_s2020_final,64,2020,final,15,0.96875,0.9375,0.0,0.0,32,False,d5
L64_s2020_final,64,2020,final,16,1.0,0.9375,0.0,0.0,32,False,11
L64_s2020_final,64,2020,final,17,1.0,1.0,1.0,1.0,32,True,d5
L64_s2020_final,64,2020,final,18,1.0,1.0,1.0,1.0,32,True,11
L64_s2020_final,64,2020,final,19,1.0,0.96875,0.09375,0.09375,32,False,d5
L64_s2020_final,64,2020,final,20,1.0,0.96875,0.03125,0.03125,32,False,11
L64_s2020_final,64,2020,final,21,1.0,1.0,1.0,1.0,32,True,d5
L64_s2020_final,64,2020,final,22,0.96875,0.96875,1.0,0.96875,32,True,11
L64_s2020_final,64,2020,final,23,1.0,0.96875,0.03125,0.03125,32,False,d5
L64_s2020_final,64,2020,final,24,1.0,1.0,0.03125,0.03125,32,False,11
L64_s2020_final,64,2020,final,25,1.0,1.0,1.0,1.0,32,True,d5
L64_s2020_final,64,2020,final,26,1.0,1.0,1.0,1.0,32,True,11
L64_s2020_final,64,2020,final,27,0.9375,0.9375,0.0625,0.0625,32,False,d5
L64_s2020_final,64,2020,final,28,0.96875,0.9375,0.03125,0.03125,32,False,11
L64_s2020_final,64,2020,final,29,0.96875,0.96875,1.0,0.96875,32,True,d5
L64_s2020_final,64,2020,final,30,1.0,0.96875,1.0,1.0,32,True,11
L64_s2020_final,64,2020,final,31,1.0,1.0,0.03125,0.03125,32,False,d5
L64_s2020_final,64,2020,final,32,1.0,0.96875,0.0,0.0,32,False,11
L64_s2020_final,64,2020,final,33,1.0,1.0,1.0,1.0,32,True,d5
L64_s2020_final,64,2020,final,34,1.0,1.0,1.0,1.0,32,True,11
L64_s2020_final,64,2020,final,35,1.0,1.0,0.0,0.0,32,False,d5
L64_s2020_final,64,2020,final,36,1.0,0.96875,0.03125,0.03125,32,False,11
L64_s2020_final,64,2020,final,37,0.96875,0.9375,1.0,0.96875,32,True,d5
L64_s2020_final,64,2020,final,38,1.0,1.0,1.0,1.0,32,True,11
L64_s2020_final,64,2020,final,39,0.96875,0.9375,0.0625,0.0625,32,False,d5
L64_s2020_final,64,2020,final,40,1.0,0.96875,0.03125,0.03125,32,False,11
L64_s2020_final,64,2020,final,41,1.0,1.0,1.0,1.0,32,True,d5
L64_s2020_final,64,2020,final,42,1.0,1.0,1.0,1.0,32,True,11
L64_s2020_final,64,2020,final,43,1.0,0.96875,0.0,0.0,32,False,d5
L64_s2020_final,64,2020,final,44,1.0,0.96875,0.03125,0.03125,32,False,11
L64_s2020_final,64,2020,final,45,0.96875,0.96875,1.0,0.96875,32,True,d5
L64_s2020_final,64,2020,final,46,1.0,1.0,1.0,1.0,32,True,11
L64_s2020_final,64,2020,final,47,1.0,0.96875,0.0,0.0,32,False,d5
L64_s2020_final,64,2020,final,48,1.0,0.96875,0.0,0.0,32,False,11
L64_s2020_final,64,2020,final,49,0.96875,0.96875,1.0,0.96875,32,True,d5
L64_s2020_final,64,2020,final,50,1.0,1.0,1.0,1.0,32,True,11
L64_s2020_final,64,2020,final,51,0.9375,0.9375,0.09375,0.0625,32,False,d5
L64_s2020_final,64,2020,final,52,0.96875,0.96875,0.03125,0.0,32,False,11
L64_s2020_final,64,2020,final,53,0.9375,0.9375,1.0,0.9375,32,True,d5
L64_s2020_final,64,2020,final,54,1.0,1.0,1.0,1.0,32,True,11
L64_s2020_final,64,2020,final,55,0.96875,0.96875,0.15625,0.15625,32,False,d5
L64_s2020_final,64,2020,final,56,0.96875,0.96875,0.0,0.0,32,False,11
L64_s2020_final,64,2020,final,57,1.0,1.0,1.0,1.0,32,True,d5
L64_s2020_final,64,2020,final,58,1.0,1.0,1.0,1.0,32,True,11
L64_s2020_final,64,2020,final,59,1.0,1.0,0.0625,0.0625,32,False,d5
L64_s2020_final,64,2020,final,60,1.0,1.0,0.03125,0.03125,32,False,11
L64_s2020_final,64,2020,final,61,1.0,1.0,1.0,1.0,32,True,d5
L64_s2020_final,64,2020,final,62,0.96875,0.9375,1.0,0.96875,32,True,11
L64_s2020_final,64,2020,final,63,1.0,0.9375,0.0,0.0,32,False,d5
