seed,t_close,line,cell,line_records,founder_found,founder_in_founders2,founder_is_first,F_step,F_tape,step0_kind,step0_step,window_records,window_distinct_tapes,window_classes,first_copier_step,first_copier_class,first_copier_tape,first_copier_kind,first_copier_rec,first_copier_copy,first_copier_enter,first_copier_exact,first_open_step,first_open_tape,first_conf_step,first_conf_tape,first_conf_is_founder,confined_lead_steps,sens_copy_gt_half_class,sens_copy_gt_half_step,sens_exact_class,sens_exact_step
31001,11140,0,13125,2809,True,True,True,10065,87 e3 21 e3 21 e0 87 e0 87 e3 21 e3 21 e0 87 e0,0,0,1788,669,open copier:1175;confined copier:1;non-copier:612,219,open copier,21 e5 21 e5 21 e5 21 e5 21 e5 21 e5 21 e5 21 e5,3,2787,0.59375,1.0,0.40625,219,21 e5 21 e5 21 e5 21 e5 21 e5 21 e5 21 e5 21 e5,10065,87 e3 21 e3 21 e0 87 e0 87 e3 21 e3 21 e0 87 e0,True,,open copier,219,open copier,219
31001,11140,1,5223,2658,True,True,True,10065,87 e3 21 e3 21 e0 87 e0 87 e3 21 e3 21 e0 87 e0,0,0,1788,669,open copier:1175;confined copier:1;non-copier:612,219,open copier,21 e5 21 e5 21 e5 21 e5 21 e5 21 e5 21 e5 21 e5,3,2787,0.59375,1.0,0.40625,219,21 e5 21 e5 21 e5 21 e5 21 e5 21 e5 21 e5 21 e5,10065,87 e3 21 e3 21 e0 87 e0 87 e3 21 e3 21 e0 87 e0,True,,open copier,219,open copier,219
31001,11140,2,13497,2764,True,True,True,10065,87 e3 21 e3 21 e0 87 e0 87 e3 21 e3 21 e0 87 e0,0,0,1788,669,open copier:1175;confined copier:1;non-copier:612,219,open copier,21 e5 21 e5 21 e5 21 e5 21 e5 21 e5 21 e5 21 e5,3,2787,0.59375,1.0,0.40625,219,21 e5 21 e5 21 e5 21 e5 21 e5 21 e5 21 e5 21 e5,10065,87 e3 21 e3 21 e0 87 e0 87 e3 21 e3 21 e0 87 e0,True,,open copier,219,open copier,219
31001,11140,3,1533,2767,True,True,True,10065,87 e3 21 e3 21 e0 87 e0 87 e3 21 e3 21 e0 87 e0,0,0,1788,669,open copier:1175;confined copier:1;non-copier:612,219,open copier,21 e5 21 e5 21 e5 21 e5 21 e5 21 e5 21 e5 21 e5,3,2787,0.59375,1.0,0.40625,219,21 e5 21 e5 21 e5 21 e5 21 e5 21 e5 21 e5 21 e5,10065,87 e3 21 e3 21 e0 87 e0 87 e3 21 e3 21 e0 87 e0,True,,open copier,219,open copier,219
31001,11140,4,15841,2794,True,True,True,10065,87 e3 21 e3 21 e0 87 e0 87 e3 21 e3 21 e0 87 e0,0,0,1788,669,open copier:1175;confined copier:1;non-copier:612,219,open copier,21 e5 21 e5 21 e5 21 e5 21 e5 21 e5 21 e5 21 e5,3,2787,0.59375,1.0,0.40625,219,21 e5 21 e5 21 e5 21 e5 21 e5 21 e5 21 e5 21 e5,10065,87 e3 21 e3 21 e0 87 e0 87 e3 21 e3 21 e0 87 e0,True,,open copier,219,open copier,219
31001,11140,5,7339,2774,True,True,True,10065,87 e3 21 e3 21 e0 87 e0 87 e3 21 e3 21 e0 87 e0,0,0,1788,669,open copier:1175;confined copier:1;non-copier:612,219,open copier,21 e5 21 e5 21 e5 21 e5 21 e5 21 e5 21 e5 21 e5,3,2787,0.59375,1.0,0.40625,219,21 e5 21 e5 21 e5 21 e5 21 e5 21 e5 21 e5 21 e5,10065,87 e3 21 e3 21 e0 87 e0 87 e3 21 e3 21 e0 87 e0,True,,open copier,219,open copier,219
31001,11140,6,4236,2699,True,True,True,10065,87 e3 21 e3 21 e0 87 e0 87 e3 21 e3 21 e0 87 e0,0,0,1788,669,open copier:1175;confined copier:1;non-copier:612,219,open copier,21 e5 21 e5 21 e5 21 e5 21 e5 21 e5 21 e5 21 e5,3,2787,0.59375,1.0,0.40625,219,21 e5 21 e5 21 e5 21 e5 21 e5 21 e5 21 e5 21 e5,10065,87 e3 21 e3 21 e0 87 e0 87 e3 21 e3 21 e0 87 e0,True,,open copier,219,open copier,219
31001,11140,7,16001,2795,True,True,True,10065,87 e3 21 e3 21 e0 87 e0 87 e3 21 e3 21 e0 87 e0,0,0,1788,669,open copier:1175;confined copier:1;non-copier:612,219,open copier,21 e5 21 e5 21 e5 21 e5 21 e5 21 e5 21 e5 21 e5,3,2787,0.59375,1.0,0.40625,219,21 e5 21 e5 21 e5 21 e5 21 e5 21 e5 21 e5 21 e5,10065,87 e3 21 e3 21 e0 87 e0 87 e3 21 e3 21 e0 87 e0,True,,open copier,219,open copier,219
31001,11140,8,1796,2684,True,True,True,10065,87 e3 21 e3 21 e0 87 e0 87 e3 21 e3 21 e0 87 e0,0,0,1788,669,open copier:1175;confined copier:1;non-copier:612,219,open copier,21 e5 21 e5 21 e5 21 e5 21 e5 21 e5 21 e5 21 e5,3,2787,0.59375,1.0,0.40625,219,21 e5 21 e5 21 e5 21 e5 21 e5 21 e5 21 e5 21 e5,10065,87 e3 21 e3 21 e0 87 e0 87 e3 21 e3 21 e0 87 e0,True,,open copier,219,open copier,219
31001,11140,9,8332,2764,True,True,True,10065,87 e3 21 e3 21 e0 87 e0 87 e3 21 e3 21 e0 87 e0,0,0,1788,669,open copier:1175;confined copier:1;non-copier:612,219,open copier,21 e5 21 e5 21 e5 21 e5 21 e5 21 e5 21 e5 21 e5,3,2787,0.59375,1.0,0.40625,219,21 e5 21 e5 21 e5 21 e5 21 e5 21 e5 21 e5 21 e5,10065,87 e3 21 e3 21 e0 87 e0 87 e3 21 e3 21 e0 87 e0,True,,open copier,219,open copier,219
31001,11140,10,19299,2784,True,True,True,10065,87 e3 21 e3 21 e0 87 e0 87 e3 21 e3 21 e0 87 e0,0,0,1788,669,open copier:1175;confined copier:1;non-copier:612,219,open copier,21 e5 21 e5 21 e5 21 e5 21 e5 21 e5 21 e5 21 e5,3,2787,0.59375,1.0,0.40625,219,21 e5 21 e5 21 e5 21 e5 21 e5 21 e5 21 e5 21 e5,10065,87 e3 21 e3 21 e0 87 e0 87 e3 21 e3 21 e0 87 e0,True,,open copier,219,open copier,219
31001,11140,11,14942,2790,True,True,True,10065,87 e3 21 e3 21 e0 87 e0 87 e3 21 e3 21 e0 87 e0,0,0,1788,669,open copier:1175;confined copier:1;non-copier:612,219,open copier,21 e5 21 e5 21 e5 21 e5 21 e5 21 e5 21 e5 21 e5,3,2787,0.59375,1.0,0.40625,219,21 e5 21 e5 21 e5 21 e5 21 e5 21 e5 21 e5 21 e5,10065,87 e3 21 e3 21 e0 87 e0 87 e3 21 e3 21 e0 87 e0,True,,open copier,219,open copier,219
31001,11140,12,12233,2816,True,True,True,10065,87 e3 21 e3 21 e0 87 e0 87 e3 21 e3 21 e0 87 e0,0,0,1788,669,open copier:1175;confined copier:1;non-copier:612,219,open copier,21 e5 21 e5 21 e5 21 e5 21 e5 21 e5 21 e5 21 e5,3,2787,0.59375,1.0,0.40625,219,21 e5 21 e5 21 e5 21 e5 21 e5 21 e5 21 e5 21 e5,10065,87 e3 21 e3 21 e0 87 e0 87 e3 21 e3 21 e0 87 e0,True,,open copier,219,open copier,219
31001,11140,13,11250,2869,True,True,True,10065,87 e3 21 e3 21 e0 87 e0 87 e3 21 e3 21 e0 87 e0,0,0,1788,669,open copier:1175;confined copier:1;non-copier:612,219,open copier,21 e5 21 e5 21 e5 21 e5 21 e5 21 e5 21 e5 21 e5,3,2787,0.59375,1.0,0.40625,219,21 e5 21 e5 21 e5 21 e5 21 e5 21 e5 21 e5 21 e5,10065,87 e3 21 e3 21 e0 87 e0 87 e3 21 e3 21 e0 87 e0,True,,open copier,219,open copier,219
31001,11140,14,4590,2663,True,True,True,10065,87 e3 21 e3 21 e0 87 e0 87 e3 21 e3 21 e0 87 e0,0,0,1788,669,open copier:1175;confined copier:1;non-copier:612,219,open copier,21 e5 21 e5 21 e5 21 e5 21 e5 21 e5 21 e5 21 e5,3,2787,0.59375,1.0,0.40625,219,21 e5 21 e5 21 e5 21 e5 21 e5 21 e5 21 e5 21 e5,10065,87 e3 21 e3 21 e0 87 e0 87 e3 21 e3 21 e0 87 e0,True,,open copier,219,open copier,219
31001,11140,15,13549,2839,True,True,True,10065,87 e3 21 e3 21 e0 87 e0 87 e3 21 e3 21 e0 87 e0,0,0,1788,669,open copier:1175;confined copier:1;non-copier:612,219,open copier,21 e5 21 e5 21 e5 21 e5 21 e5 21 e5 21 e5 21 e5,3,2787,0.59375,1.0,0.40625,219,21 e5 21 e5 21 e5 21 e5 21 e5 21 e5 21 e5 21 e5,10065,87 e3 21 e3 21 e0 87 e0 87 e3 21 e3 21 e0 87 e0,True,,open copier,219,open copier,219
31001,11140,16,11884,2783,True,True,True,10065,87 e3 21 e3 21 e0 87 e0 87 e3 21 e3 21 e0 87 e0,0,0,1788,669,open copier:1175;confined copier:1;non-copier:612,219,open copier,21 e5 21 e5 21 e5 21 e5 21 e5 21 e5 21 e5 21 e5,3,2787,0.59375,1.0,0.40625,219,21 e5 21 e5 21 e5 21 e5 21 e5 21 e5 21 e5 21 e5,10065,87 e3 21 e3 21 e0 87 e0 87 e3 21 e3 21 e0 87 e0,True,,open copier,219,open copier,219
31001,11140,17,15288,2805,True,True,True,10065,87 e3 21 e3 21 e0 87 e0 87 e3 21 e3 21 e0 87 e0,0,0,1788,669,open copier:1175;confined copier:1;non-copier:612,219,open copier,21 e5 21 e5 21 e5 21 e5 21 e5 21 e5 21 e5 21 e5,3,2787,0.59375,1.0,0.40625,219,21 e5 21 e5 21 e5 21 e5 21 e5 21 e5 21 e5 21 e5,10065,87 e3 21 e3 21 e0 87 e0 87 e3 21 e3 21 e0 87 e0,True,,open copier,219,open copier,219
31001,11140,18,18976,2787,True,True,True,10065,87 e3 21 e3 21 e0 87 e0 87 e3 21 e3 21 e0 87 e0,0,0,1788,669,open copier:1175;confined copier:1;non-copier:612,219,open copier,21 e5 21 e5 21 e5 21 e5 21 e5 21 e5 21 e5 21 e5,3,2787,0.59375,1.0,0.40625,219,21 e5 21 e5 21 e5 21 e5 21 e5 21 e5 21 e5 21 e5,10065,87 e3 21 e3 21 e0 87 e0 87 e3 21 e3 21 e0 87 e0,True,,open copier,219,open copier,219
31001,11140,19,16433,2746,True,True,True,10065,87 e3 21 e3 21 e0 87 e0 87 e3 21 e3 21 e0 87 e0,0,0,1788,669,open copier:1175;confined copier:1;non-copier:612,219,open copier,21 e5 21 e5 21 e5 21 e5 21 e5 21 e5 21 e5 21 e5,3,2787,0.59375,1.0,0.40625,219,21 e5 21 e5 21 e5 21 e5 21 e5 21 e5 21 e5 21 e5,10065,87 e3 21 e3 21 e0 87 e0 87 e3 21 e3 21 e0 87 e0,True,,open copier,219,open copier,219
31001,11140,20,15402,2861,True,True,True,10065,87 e3 21 e3 21 e0 87 e0 87 e3 21 e3 21 e0 87 e0,0,0,1788,669,open copier:1175;confined copier:1;non-copier:612,219,open copier,21 e5 21 e5 21 e5 21 e5 21 e5 21 e5 21 e5 21 e5,3,2787,0.59375,1.0,0.40625,219,21 e5 21 e5 21 e5 21 e5 21 e5 21 e5 21 e5 21 e5,10065,87 e3 21 e3 21 e0 87 e0 87 e3 21 e3 21 e0 87 e0,True,,open copier,219,open copier,219
31001,11140,21,5673,2729,True,True,True,10065,87 e3 21 e3 21 e0 87 e0 87 e3 21 e3 21 e0 87 e0,0,0,1788,669,open copier:1175;confined copier:1;non-copier:612,219,open copier,21 e5 21 e5 21 e5 21 e5 21 e5 21 e5 21 e5 21 e5,3,2787,0.59375,1.0,0.40625,219,21 e5 21 e5 21 e5 21 e5 21 e5 21 e5 21 e5 21 e5,10065,87 e3 21 e3 21 e0 87 e0 87 e3 21 e3 21 e0 87 e0,True,,open copier,219,open copier,219
31001,11140,22,16535,2772,True,True,True,10065,87 e3 21 e3 21 e0 87 e0 87 e3 21 e3 21 e0 87 e0,0,0,1788,669,open copier:1175;confined copier:1;non-copier:612,219,open copier,21 e5 21 e5 21 e5 21 e5 21 e5 21 e5 21 e5 21 e5,3,2787,0.59375,1.0,0.40625,219,21 e5 21 e5 21 e5 21 e5 21 e5 21 e5 21 e5 21 e5,10065,87 e3 21 e3 21 e0 87 e0 87 e3 21 e3 21 e0 87 e0,True,,open copier,219,open copier,219
31001,11140,23,5852,2674,True,True,True,10065,87 e3 21 e3 21 e0 87 e0 87 e3 21 e3 21 e0 87 e0,0,0,1788,669,open copier:1175;confined copier:1;non-copier:612,219,open copier,21 e5 21 e5 21 e5 21 e5 21 e5 21 e5 21 e5 21 e5,3,2787,0.59375,1.0,0.40625,219,21 e5 21 e5 21 e5 21 e5 21 e5 21 e5 21 e5 21 e5,10065,87 e3 21 e3 21 e0 87 e0 87 e3 21 e3 21 e0 87 e0,True,,open copier,219,open copier,219
31001,11140,24,502,2773,True,True,True,10065,87 e3 21 e3 21 e0 87 e0 87 e3 21 e3 21 e0 87 e0,0,0,1788,669,open copier:1175;confined copier:1;non-copier:612,219,open copier,21 e5 21 e5 21 e5 21 e5 21 e5 21 e5 21 e5 21 e5,3,2787,0.59375,1.0,0.40625,219,21 e5 21 e5 21 e5 21 e5 21 e5 21 e5 21 e5 21 e5,10065,87 e3 21 e3 21 e0 87 e0 87 e3 21 e3 21 e0 87 e0,True,,open copier,219,open copier,219
31001,11140,25,11395,2841,True,True,True,10065,87 e3 21 e3 21 e0 87 e0 87 e3 21 e3 21 e0 87 e0,0,0,1788,669,open copier:1175;confined copier:1;non-copier:612,219,open copier,21 e5 21 e5 21 e5 21 e5 21 e5 21 e5 21 e5 21 e5,3,2787,0.59375,1.0,0.40625,219,21 e5 21 e5 21 e5 21 e5 21 e5 21 e5 21 e5 21 e5,10065,87 e3 21 e3 21 e0 87 e0 87 e3 21 e3 21 e0 87 e0,True,,open copier,219,open copier,219
31001,11140,26,14503,2758,True,True,True,10065,87 e3 21 e3 21 e0 87 e0 87 e3 21 e3 21 e0 87 e0,0,0,1788,669,open copier:1175;confined copier:1;non-copier:612,219,open copier,21 e5 21 e5 21 e5 21 e5 21 e5 21 e5 21 e5 21 e5,3,2787,0.59375,1.0,0.40625,219,21 e5 21 e5 21 e5 21 e5 21 e5 21 e5 21 e5 21 e5,10065,87 e3 21 e3 21 e0 87 e0 87 e3 21 e3 21 e0 87 e0,True,,open copier,219,open copier,219
31001,11140,27,2486,2818,True,True,True,10065,87 e3 21 e3 21 e0 87 e0 87 e3 21 e3 21 e0 87 e0,0,0,1788,669,open copier:1175;confined copier:1;non-copier:612,219,open copier,21 e5 21 e5 21 e5 21 e5 21 e5 21 e5 21 e5 21 e5,3,2787,0.59375,1.0,0.40625,219,21 e5 21 e5 21 e5 21 e5 21 e5 21 e5 21 e5 21 e5,10065,87 e3 21 e3 21 e0 87 e0 87 e3 21 e3 21 e0 87 e0,True,,open copier,219,open copier,219
31001,11140,28,11545,2862,True,True,True,10065,87 e3 21 e3 21 e0 87 e0 87 e3 21 e3 21 e0 87 e0,0,0,1788,669,open copier:1175;confined copier:1;non-copier:612,219,open copier,21 e5 21 e5 21 e5 21 e5 21 e5 21 e5 21 e5 21 e5,3,2787,0.59375,1.0,0.40625,219,21 e5 21 e5 21 e5 21 e5 21 e5 21 e5 21 e5 21 e5,10065,87 e3 21 e3 21 e0 87 e0 87 e3 21 e3 21 e0 87 e0,True,,open copier,219,open copier,219
31001,11140,29,17551,2748,True,True,True,10065,87 e3 21 e3 21 e0 87 e0 87 e3 21 e3 21 e0 87 e0,0,0,1788,669,open copier:1175;confined copier:1;non-copier:612,219,open copier,21 e5 21 e5 21 e5 21 e5 21 e5 21 e5 21 e5 21 e5,3,2787,0.59375,1.0,0.40625,219,21 e5 21 e5 21 e5 21 e5 21 e5 21 e5 21 e5 21 e5,10065,87 e3 21 e3 21 e0 87 e0 87 e3 21 e3 21 e0 87 e0,True,,open copier,219,open copier,219
31001,11140,30,9642,2733,True,True,True,10065,87 e3 21 e3 21 e0 87 e0 87 e3 21 e3 21 e0 87 e0,0,0,1788,669,open copier:1175;confined copier:1;non-copier:612,219,open copier,21 e5 21 e5 21 e5 21 e5 21 e5 21 e5 21 e5 21 e5,3,2787,0.59375,1.0,0.40625,219,21 e5 21 e5 21 e5 21 e5 21 e5 21 e5 21 e5 21 e5,10065,87 e3 21 e3 21 e0 87 e0 87 e3 21 e3 21 e0 87 e0,True,,open copier,219,open copier,219
31001,11140,31,9133,2859,True,True,True,10065,87 e3 21 e3 21 e0 87 e0 87 e3 21 e3 21 e0 87 e0,0,0,1788,669,open copier:1175;confined copier:1;non-copier:612,219,open copier,21 e5 21 e5 21 e5 21 e5 21 e5 21 e5 21 e5 21 e5,3,2787,0.59375,1.0,0.40625,219,21 e5 21 e5 21 e5 21 e5 21 e5 21 e5 21 e5 21 e5,10065,87 e3 21 e3 21 e0 87 e0 87 e3 21 e3 21 e0 87 e0,True,,open copier,219,open copier,219
31001,11140,32,4081,2693,True,True,True,10065,87 e3 21 e3 21 e0 87 e0 87 e3 21 e3 21 e0 87 e0,0,0,1788,669,open copier:1175;confined copier:1;non-copier:612,219,open copier,21 e5 21 e5 21 e5 21 e5 21 e5 21 e5 21 e5 21 e5,3,2787,0.59375,1.0,0.40625,219,21 e5 21 e5 21 e5 21 e5 21 e5 21 e5 21 e5 21 e5,10065,87 e3 21 e3 21 e0 87 e0 87 e3 21 e3 21 e0 87 e0,True,,open copier,219,open copier,219
31001,11140,33,921,2701,True,True,True,10065,87 e3 21 e3 21 e0 87 e0 87 e3 21 e3 21 e0 87 e0,0,0,1788,669,open copier:1175;confined copier:1;non-copier:612,219,open copier,21 e5 21 e5 21 e5 21 e5 21 e5 21 e5 21 e5 21 e5,3,2787,0.59375,1.0,0.40625,219,21 e5 21 e5 21 e5 21 e5 21 e5 21 e5 21 e5 21 e5,10065,87 e3 21 e3 21 e0 87 e0 87 e3 21 e3 21 e0 87 e0,True,,open copier,219,open copier,219
31001,11140,34,2591,2831,True,True,True,10065,87 e3 21 e3 21 e0 87 e0 87 e3 21 e3 21 e0 87 e0,0,0,1788,669,open copier:1175;confined copier:1;non-copier:612,219,open copier,21 e5 21 e5 21 e5 21 e5 21 e5 21 e5 21 e5 21 e5,3,2787,0.59375,1.0,0.40625,219,21 e5 21 e5 21 e5 21 e5 21 e5 21 e5 21 e5 21 e5,10065,87 e3 21 e3 21 e0 87 e0 87 e3 21 e3 21 e0 87 e0,True,,open copier,219,open copier,219
31001,11140,35,18181,2796,True,True,True,10065,87 e3 21 e3 21 e0 87 e0 87 e3 21 e3 21 e0 87 e0,0,0,1788,669,open copier:1175;confined copier:1;non-copier:612,219,open copier,21 e5 21 e5 21 e5 21 e5 21 e5 21 e5 21 e5 21 e5,3,2787,0.59375,1.0,0.40625,219,21 e5 21 e5 21 e5 21 e5 21 e5 21 e5 21 e5 21 e5,10065,87 e3 21 e3 21 e0 87 e0 87 e3 21 e3 21 e0 87 e0,True,,open copier,219,open copier,219
31001,11140,36,8713,2720,True,True,True,10065,87 e3 21 e3 21 e0 87 e0 87 e3 21 e3 21 e0 87 e0,0,0,1788,669,open copier:1175;confined copier:1;non-copier:612,219,open copier,21 e5 21 e5 21 e5 21 e5 21 e5 21 e5 21 e5 21 e5,3,2787,0.59375,1.0,0.40625,219,21 e5 21 e5 21 e5 21 e5 21 e5 21 e5 21 e5 21 e5,10065,87 e3 21 e3 21 e0 87 e0 87 e3 21 e3 21 e0 87 e0,True,,open copier,219,open copier,219
31001,11140,37,8738,2752,True,True,True,10065,87 e3 21 e3 21 e0 87 e0 87 e3 21 e3 21 e0 87 e0,0,0,1788,669,open copier:1175;confined copier:1;non-copier:612,219,open copier,21 e5 21 e5 21 e5 21 e5 21 e5 21 e5 21 e5 21 e5,3,2787,0.59375,1.0,0.40625,219,21 e5 21 e5 21 e5 21 e5 21 e5 21 e5 21 e5 21 e5,10065,87 e3 21 e3 21 e0 87 e0 87 e3 21 e3 21 e0 87 e0,True,,open copier,219,open copier,219
31001,11140,38,18430,2692,True,True,True,10065,87 e3 21 e3 21 e0 87 e0 87 e3 21 e3 21 e0 87 e0,0,0,1788,669,open copier:1175;confined copier:1;non-copier:612,219,open copier,21 e5 21 e5 21 e5 21 e5 21 e5 21 e5 21 e5 21 e5,3,2787,0.59375,1.0,0.40625,219,21 e5 21 e5 21 e5 21 e5 21 e5 21 e5 21 e5 21 e5,10065,87 e3 21 e3 21 e0 87 e0 87 e3 21 e3 21 e0 87 e0,True,,open copier,219,open copier,219
31001,11140,39,264,2706,True,True,True,10065,87 e3 21 e3 21 e0 87 e0 87 e3 21 e3 21 e0 87 e0,0,0,1788,669,open copier:1175;confined copier:1;non-copier:612,219,open copier,21 e5 21 e5 21 e5 21 e5 21 e5 21 e5 21 e5 21 e5,3,2787,0.59375,1.0,0.40625,219,21 e5 21 e5 21 e5 21 e5 21 e5 21 e5 21 e5 21 e5,10065,87 e3 21 e3 21 e0 87 e0 87 e3 21 e3 21 e0 87 e0,True,,open copier,219,open copier,219
31001,11140,40,763,2667,True,True,True,10065,87 e3 21 e3 21 e0 87 e0 87 e3 21 e3 21 e0 87 e0,0,0,1788,669,open copier:1175;confined copier:1;non-copier:612,219,open copier,21 e5 21 e5 21 e5 21 e5 21 e5 21 e5 21 e5 21 e5,3,2787,0.59375,1.0,0.40625,219,21 e5 21 e5 21 e5 21 e5 21 e5 21 e5 21 e5 21 e5,10065,87 e3 21 e3 21 e0 87 e0 87 e3 21 e3 21 e0 87 e0,True,,open copier,219,open copier,219
31001,11140,41,15036,2706,True,True,True,10065,87 e3 21 e3 21 e0 87 e0 87 e3 21 e3 21 e0 87 e0,0,0,1788,669,open copier:1175;confined copier:1;non-copier:612,219,open copier,21 e5 21 e5 21 e5 21 e5 21 e5 21 e5 21 e5 21 e5,3,2787,0.59375,1.0,0.40625,219,21 e5 21 e5 21 e5 21 e5 21 e5 21 e5 21 e5 21 e5,10065,87 e3 21 e3 21 e0 87 e0 87 e3 21 e3 21 e0 87 e0,True,,open copier,219,open copier,219
31001,11140,42,1468,2823,True,True,True,10065,87 e3 21 e3 21 e0 87 e0 87 e3 21 e3 21 e0 87 e0,0,0,1788,669,open copier:1175;confined copier:1;non-copier:612,219,open copier,21 e5 21 e5 21 e5 21 e5 21 e5 21 e5 21 e5 21 e5,3,2787,0.59375,1.0,0.40625,219,21 e5 21 e5 21 e5 21 e5 21 e5 21 e5 21 e5 21 e5,10065,87 e3 21 e3 21 e0 87 e0 87 e3 21 e3 21 e0 87 e0,True,,open copier,219,open copier,219
31001,11140,43,9192,2706,True,True,True,10065,87 e3 21 e3 21 e0 87 e0 87 e3 21 e3 21 e0 87 e0,0,0,1788,669,open copier:1175;confined copier:1;non-copier:612,219,open copier,21 e5 21 e5 21 e5 21 e5 21 e5 21 e5 21 e5 21 e5,3,2787,0.59375,1.0,0.40625,219,21 e5 21 e5 21 e5 21 e5 21 e5 21 e5 21 e5 21 e5,10065,87 e3 21 e3 21 e0 87 e0 87 e3 21 e3 21 e0 87 e0,True,,open copier,219,open copier,219
31001,11140,44,11310,2733,True,True,True,10065,87 e3 21 e3 21 e0 87 e0 87 e3 21 e3 21 e0 87 e0,0,0,1788,669,open copier:1175;confined copier:1;non-copier:612,219,open copier,21 e5 21 e5 21 e5 21 e5 21 e5 21 e5 21 e5 21 e5,3,2787,0.59375,1.0,0.40625,219,21 e5 21 e5 21 e5 21 e5 21 e5 21 e5 21 e5 21 e5,10065,87 e3 21 e3 21 e0 87 e0 87 e3 21 e3 21 e0 87 e0,True,,open copier,219,open copier,219
31001,11140,45,6760,2805,True,True,True,10065,87 e3 21 e3 21 e0 87 e0 87 e3 21 e3 21 e0 87 e0,0,0,1788,669,open copier:1175;confined copier:1;non-copier:612,219,open copier,21 e5 21 e5 21 e5 21 e5 21 e5 21 e5 21 e5 21 e5,3,2787,0.59375,1.0,0.40625,219,21 e5 21 e5 21 e5 21 e5 21 e5 21 e5 21 e5 21 e5,10065,87 e3 21 e3 21 e0 87 e0 87 e3 21 e3 21 e0 87 e0,True,,open copier,219,open copier,219
31001,11140,46,13673,2776,True,True,True,10065,87 e3 21 e3 21 e0 87 e0 87 e3 21 e3 21 e0 87 e0,0,0,1788,669,open copier:1175;confined copier:1;non-copier:612,219,open copier,21 e5 21 e5 21 e5 21 e5 21 e5 21 e5 21 e5 21 e5,3,2787,0.59375,1.0,0.40625,219,21 e5 21 e5 21 e5 21 e5 21 e5 21 e5 21 e5 21 e5,10065,87 e3 21 e3 21 e0 87 e0 87 e3 21 e3 21 e0 87 e0,True,,open copier,219,open copier,219
31001,11140,47,3877,2716,True,True,True,10065,87 e3 21 e3 21 e0 87 e0 87 e3 21 e3 21 e0 87 e0,0,0,1788,669,open copier:1175;confined copier:1;non-copier:612,219,open copier,21 e5 21 e5 21 e5 21 e5 21 e5 21 e5 21 e5 21 e5,3,2787,0.59375,1.0,0.40625,219,21 e5 21 e5 21 e5 21 e5 21 e5 21 e5 21 e5 21 e5,10065,87 e3 21 e3 21 e0 87 e0 87 e3 21 e3 21 e0 87 e0,True,,open copier,219,open copier,219
31001,11140,48,13865,2766,True,True,True,10065,87 e3 21 e3 21 e0 87 e0 87 e3 21 e3 21 e0 87 e0,0,0,1788,669,open copier:1175;confined copier:1;non-copier:612,219,open copier,21 e5 21 e5 21 e5 21 e5 21 e5 21 e5 21 e5 21 e5,3,2787,0.59375,1.0,0.40625,219,21 e5 21 e5 21 e5 21 e5 21 e5 21 e5 21 e5 21 e5,10065,87 e3 21 e3 21 e0 87 e0 87 e3 21 e3 21 e0 87 e0,True,,open copier,219,open copier,219
31001,11140,49,8780,2774,True,True,True,10065,87 e3 21 e3 21 e0 87 e0 87 e3 21 e3 21 e0 87 e0,0,0,1788,669,open copier:1175;confined copier:1;non-copier:612,219,open copier,21 e5 21 e5 21 e5 21 e5 21 e5 21 e5 21 e5 21 e5,3,2787,0.59375,1.0,0.40625,219,21 e5 21 e5 21 e5 21 e5 21 e5 21 e5 21 e5 21 e5,10065,87 e3 21 e3 21 e0 87 e0 87 e3 21 e3 21 e0 87 e0,True,,open copier,219,open copier,219
31001,11140,50,17278,2691,True,True,True,10065,87 e3 21 e3 21 e0 87 e0 87 e3 21 e3 21 e0 87 e0,0,0,1788,669,open copier:1175;confined copier:1;non-copier:612,219,open copier,21 e5 21 e5 21 e5 21 e5 21 e5 21 e5 21 e5 21 e5,3,2787,0.59375,1.0,0.40625,219,21 e5 21 e5 21 e5 21 e5 21 e5 21 e5 21 e5 21 e5,10065,87 e3 21 e3 21 e0 87 e0 87 e3 21 e3 21 e0 87 e0,True,,open copier,219,open copier,219
31001,11140,51,8564,2698,True,True,True,10065,87 e3 21 e3 21 e0 87 e0 87 e3 21 e3 21 e0 87 e0,0,0,1788,669,open copier:1175;confined copier:1;non-copier:612,219,open copier,21 e5 21 e5 21 e5 21 e5 21 e5 21 e5 21 e5 21 e5,3,2787,0.59375,1.0,0.40625,219,21 e5 21 e5 21 e5 21 e5 21 e5 21 e5 21 e5 21 e5,10065,87 e3 21 e3 21 e0 87 e0 87 e3 21 e3 21 e0 87 e0,True,,open copier,219,open copier,219
31001,11140,52,4803,2652,True,True,True,10065,87 e3 21 e3 21 e0 87 e0 87 e3 21 e3 21 e0 87 e0,0,0,1788,669,open copier:1175;confined copier:1;non-copier:612,219,open copier,21 e5 21 e5 21 e5 21 e5 21 e5 21 e5 21 e5 21 e5,3,2787,0.59375,1.0,0.40625,219,21 e5 21 e5 21 e5 21 e5 21 e5 21 e5 21 e5 21 e5,10065,87 e3 21 e3 21 e0 87 e0 87 e3 21 e3 21 e0 87 e0,True,,open copier,219,open copier,219
31001,11140,53,13109,2732,True,True,True,10065,87 e3 21 e3 21 e0 87 e0 87 e3 21 e3 21 e0 87 e0,0,0,1788,669,open copier:1175;confined copier:1;non-copier:612,219,open copier,21 e5 21 e5 21 e5 21 e5 21 e5 21 e5 21 e5 21 e5,3,2787,0.59375,1.0,0.40625,219,21 e5 21 e5 21 e5 21 e5 21 e5 21 e5 21 e5 21 e5,10065,87 e3 21 e3 21 e0 87 e0 87 e3 21 e3 21 e0 87 e0,True,,open copier,219,open copier,219
31001,11140,54,7352,2752,True,True,True,10065,87 e3 21 e3 21 e0 87 e0 87 e3 21 e3 21 e0 87 e0,0,0,1788,669,open copier:1175;confined copier:1;non-copier:612,219,open copier,21 e5 21 e5 21 e5 21 e5 21 e5 21 e5 21 e5 21 e5,3,2787,0.59375,1.0,0.40625,219,21 e5 21 e5 21 e5 21 e5 21 e5 21 e5 21 e5 21 e5,10065,87 e3 21 e3 21 e0 87 e0 87 e3 21 e3 21 e0 87 e0,True,,open copier,219,open copier,219
31001,11140,55,6762,2806,True,True,True,10065,87 e3 21 e3 21 e0 87 e0 87 e3 21 e3 21 e0 87 e0,0,0,1788,669,open copier:1175;confined copier:1;non-copier:612,219,open copier,21 e5 21 e5 21 e5 21 e5 21 e5 21 e5 21 e5 21 e5,3,2787,0.59375,1.0,0.40625,219,21 e5 21 e5 21 e5 21 e5 21 e5 21 e5 21 e5 21 e5,10065,87 e3 21 e3 21 e0 87 e0 87 e3 21 e3 21 e0 87 e0,True,,open copier,219,open copier,219
31001,11140,56,935,2732,True,True,True,10065,87 e3 21 e3 21 e0 87 e0 87 e3 21 e3 21 e0 87 e0,0,0,1788,669,open copier:1175;confined copier:1;non-copier:612,219,open copier,21 e5 21 e5 21 e5 21 e5 21 e5 21 e5 21 e5 21 e5,3,2787,0.59375,1.0,0.40625,219,21 e5 21 e5 21 e5 21 e5 21 e5 21 e5 21 e5 21 e5,10065,87 e3 21 e3 21 e0 87 e0 87 e3 21 e3 21 e0 87 e0,True,,open copier,219,open copier,219
31001,11140,57,12161,2838,True,True,True,10065,87 e3 21 e3 21 e0 87 e0 87 e3 21 e3 21 e0 87 e0,0,0,1788,669,open copier:1175;confined copier:1;non-copier:612,219,open copier,21 e5 21 e5 21 e5 21 e5 21 e5 21 e5 21 e5 21 e5,3,2787,0.59375,1.0,0.40625,219,21 e5 21 e5 21 e5 21 e5 21 e5 21 e5 21 e5 21 e5,10065,87 e3 21 e3 21 e0 87 e0 87 e3 21 e3 21 e0 87 e0,True,,open copier,219,open copier,219
31001,11140,58,8082,2785,True,True,True,10065,87 e3 21 e3 21 e0 87 e0 87 e3 21 e3 21 e0 87 e0,0,0,1788,669,open copier:1175;confined copier:1;non-copier:612,219,open copier,21 e5 21 e5 21 e5 21 e5 21 e5 21 e5 21 e5 21 e5,3,2787,0.59375,1.0,0.40625,219,21 e5 21 e5 21 e5 21 e5 21 e5 21 e5 21 e5 21 e5,10065,87 e3 21 e3 21 e0 87 e0 87 e3 21 e3 21 e0 87 e0,True,,open copier,219,open copier,219
31001,11140,59,7113,2721,True,True,True,10065,87 e3 21 e3 21 e0 87 e0 87 e3 21 e3 21 e0 87 e0,0,0,1788,669,open copier:1175;confined copier:1;non-copier:612,219,open copier,21 e5 21 e5 21 e5 21 e5 21 e5 21 e5 21 e5 21 e5,3,2787,0.59375,1.0,0.40625,219,21 e5 21 e5 21 e5 21 e5 21 e5 21 e5 21 e5 21 e5,10065,87 e3 21 e3 21 e0 87 e0 87 e3 21 e3 21 e0 87 e0,True,,open copier,219,open copier,219
31001,11140,60,786,2658,True,True,True,10065,87 e3 21 e3 21 e0 87 e0 87 e3 21 e3 21 e0 87 e0,0,0,1788,669,open copier:1175;confined copier:1;non-copier:612,219,open copier,21 e5 21 e5 21 e5 21 e5 21 e5 21 e5 21 e5 21 e5,3,2787,0.59375,1.0,0.40625,219,21 e5 21 e5 21 e5 21 e5 21 e5 21 e5 21 e5 21 e5,10065,87 e3 21 e3 21 e0 87 e0 87 e3 21 e3 21 e0 87 e0,True,,open copier,219,open copier,219
31001,11140,61,18712,2715,True,True,True,10065,87 e3 21 e3 21 e0 87 e0 87 e3 21 e3 21 e0 87 e0,0,0,1788,669,open copier:1175;confined copier:1;non-copier:612,219,open copier,21 e5 21 e5 21 e5 21 e5 21 e5 21 e5 21 e5 21 e5,3,2787,0.59375,1.0,0.40625,219,21 e5 21 e5 21 e5 21 e5 21 e5 21 e5 21 e5 21 e5,10065,87 e3 21 e3 21 e0 87 e0 87 e3 21 e3 21 e0 87 e0,True,,open copier,219,open copier,219
31001,11140,62,19254,2712,True,True,True,10065,87 e3 21 e3 21 e0 87 e0 87 e3 21 e3 21 e0 87 e0,0,0,1788,669,open copier:1175;confined copier:1;non-copier:612,219,open copier,21 e5 21 e5 21 e5 21 e5 21 e5 21 e5 21 e5 21 e5,3,2787,0.59375,1.0,0.40625,219,21 e5 21 e5 21 e5 21 e5 21 e5 21 e5 21 e5 21 e5,10065,87 e3 21 e3 21 e0 87 e0 87 e3 21 e3 21 e0 87 e0,True,,open copier,219,open copier,219
31001,11140,63,2019,2697,True,True,True,10065,87 e3 21 e3 21 e0 87 e0 87 e3 21 e3 21 e0 87 e0,0,0,1788,669,open copier:1175;confined copier:1;non-copier:612,219,open copier,21 e5 21 e5 21 e5 21 e5 21 e5 21 e5 21 e5 21 e5,3,2787,0.59375,1.0,0.40625,219,21 e5 21 e5 21 e5 21 e5 21 e5 21 e5 21 e5 21 e5,10065,87 e3 21 e3 21 e0 87 e0 87 e3 21 e3 21 e0 87 e0,True,,open copier,219,open copier,219
31002,3366,0,6353,1229,True,True,True,2457,3d e3 21 e3 21 e0 3d e0 3d e3 21 e3 21 e0 3d e0,0,0,407,182,open copier:229;confined copier:1;non-copier:177,5,open copier,00 e5 21 e5 21 e5 21 e5 21 e5 21 e5 21 e5 21 e5,3,1227,0.609375,1.0,0.0,5,00 e5 21 e5 21 e5 21 e5 21 e5 21 e5 21 e5 21 e5,2457,3d e3 21 e3 21 e0 3d e0 3d e3 21 e3 21 e0 3d e0,True,,open copier,5,open copier,6
31002,3366,1,6149,1142,True,True,True,2457,3d e3 21 e3 21 e0 3d e0 3d e3 21 e3 21 e0 3d e0,0,0,407,182,open copier:229;confined copier:1;non-copier:177,5,open copier,00 e5 21 e5 21 e5 21 e5 21 e5 21 e5 21 e5 21 e5,3,1227,0.609375,1.0,0.0,5,00 e5 21 e5 21 e5 21 e5 21 e5 21 e5 21 e5 21 e5,2457,3d e3 21 e3 21 e0 3d e0 3d e3 21 e3 21 e0 3d e0,True,,open copier,5,open copier,6
31002,3366,2,11449,1302,True,True,True,2457,3d e3 21 e3 21 e0 3d e0 3d e3 21 e3 21 e0 3d e0,0,0,407,182,open copier:229;confined copier:1;non-copier:177,5,open copier,00 e5 21 e5 21 e5 21 e5 21 e5 21 e5 21 e5 21 e5,3,1227,0.609375,1.0,0.0,5,00 e5 21 e5 21 e5 21 e5 21 e5 21 e5 21 e5 21 e5,2457,3d e3 21 e3 21 e0 3d e0 3d e3 21 e3 21 e0 3d e0,True,,open copier,5,open copier,6
31002,3366,3,18957,1351,True,True,True,2457,3d e3 21 e3 21 e0 3d e0 3d e3 21 e3 21 e0 3d e0,0,0,407,182,open copier:229;confined copier:1;non-copier:177,5,open copier,00 e5 21 e5 21 e5 21 e5 21 e5 21 e5 21 e5 21 e5,3,1227,0.609375,1.0,0.0,5,00 e5 21 e5 21 e5 21 e5 21 e5 21 e5 21 e5 21 e5,2457,3d e3 21 e3 21 e0 3d e0 3d e3 21 e3 21 e0 3d e0,True,,open copier,5,open copier,6
31002,3366,4,12239,1310,True,True,True,2457,3d e3 21 e3 21 e0 3d e0 3d e3 21 e3 21 e0 3d e0,0,0,407,182,open copier:229;confined copier:1;non-copier:177,5,open copier,00 e5 21 e5 21 e5 21 e5 21 e5 21 e5 21 e5 21 e5,3,1227,0.609375,1.0,0.0,5,00 e5 21 e5 21 e5 21 e5 21 e5 21 e5 21 e5 21 e5,2457,3d e3 21 e3 21 e0 3d e0 3d e3 21 e3 21 e0 3d e0,True,,open copier,5,open copier,6
31002,3366,5,18044,1261,True,True,True,2457,3d e3 21 e3 21 e0 3d e0 3d e3 21 e3 21 e0 3d e0,0,0,407,182,open copier:229;confined copier:1;non-copier:177,5,open copier,00 e5 21 e5 21 e5 21 e5 21 e5 21 e5 21 e5 21 e5,3,1227,0.609375,1.0,0.0,5,00 e5 21 e5 21 e5 21 e5 21 e5 21 e5 21 e5 21 e5,2457,3d e3 21 e3 21 e0 3d e0 3d e3 21 e3 21 e0 3d e0,True,,open copier,5,open copier,6
31002,3366,6,18144,1363,True,True,True,2457,3d e3 21 e3 21 e0 3d e0 3d e3 21 e3 21 e0 3d e0,0,0,407,182,open copier:229;confined copier:1;non-copier:177,5,open copier,00 e5 21 e5 21 e5 21 e5 21 e5 21 e5 21 e5 21 e5,3,1227,0.609375,1.0,0.0,5,00 e5 21 e5 21 e5 21 e5 21 e5 21 e5 21 e5 21 e5,2457,3d e3 21 e3 21 e0 3d e0 3d e3 21 e3 21 e0 3d e0,True,,open copier,5,open copier,6
31002,3366,7,10890,1416,True,True,True,2457,3d e3 21 e3 21 e0 3d e0 3d e3 21 e3 21 e0 3d e0,0,0,407,182,open copier:229;confined copier:1;non-copier:177,5,open copier,00 e5 21 e5 21 e5 21 e5 21 e5 21 e5 21 e5 21 e5,3,1227,0.609375,1.0,0.0,5,00 e5 21 e5 21 e5 21 e5 21 e5 21 e5 21 e5 21 e5,2457,3d e3 21 e3 21 e0 3d e0 3d e3 21 e3 21 e0 3d e0,True,,open copier,5,open copier,6
31002,3366,8,10393,1328,True,True,True,2457,3d e3 21 e3 21 e0 3d e0 3d e3 21 e3 21 e0 3d e0,0,0,407,182,open copier:229;confined copier:1;non-copier:177,5,open copier,00 e5 21 e5 21 e5 21 e5 21 e5 21 e5 21 e5 21 e5,3,1227,0.609375,1.0,0.0,5,00 e5 21 e5 21 e5 21 e5 21 e5 21 e5 21 e5 21 e5,2457,3d e3 21 e3 21 e0 3d e0 3d e3 21 e3 21 e0 3d e0,True,,open copier,5,open copier,6
31002,3366,9,8301,1421,True,True,True,2457,3d e3 21 e3 21 e0 3d e0 3d e3 21 e3 21 e0 3d e0,0,0,407,182,open copier:229;confined copier:1;non-copier:177,5,open copier,00 e5 21 e5 21 e5 21 e5 21 e5 21 e5 21 e5 21 e5,3,1227,0.609375,1.0,0.0,5,00 e5 21 e5 21 e5 21 e5 21 e5 21 e5 21 e5 21 e5,2457,3d e3 21 e3 21 e0 3d e0 3d e3 21 e3 21 e0 3d e0,True,,open copier,5,open copier,6
31002,3366,10,5129,1308,True,True,True,2457,3d e3 21 e3 21 e0 3d e0 3d e3 21 e3 21 e0 3d e0,0,0,407,182,open copier:229;confined copier:1;non-copier:177,5,open copier,00 e5 21 e5 21 e5 21 e5 21 e5 21 e5 21 e5 21 e5,3,1227,0.609375,1.0,0.0,5,00 e5 21 e5 21 e5 21 e5 21 e5 21 e5 21 e5 21 e5,2457,3d e3 21 e3 21 e0 3d e0 3d e3 21 e3 21 e0 3d e0,True,,open copier,5,open copier,6
31002,3366,11,10579,1332,True,True,True,2457,3d e3 21 e3 21 e0 3d e0 3d e3 21 e3 21 e0 3d e0,0,0,407,182,open copier:229;confined copier:1;non-copier:177,5,open copier,00 e5 21 e5 21 e5 21 e5 21 e5 21 e5 21 e5 21 e5,3,1227,0.609375,1.0,0.0,5,00 e5 21 e5 21 e5 21 e5 21 e5 21 e5 21 e5 21 e5,2457,3d e3 21 e3 21 e0 3d e0 3d e3 21 e3 21 e0 3d e0,True,,open copier,5,open copier,6
31002,3366,12,15195,1394,True,True,True,2457,3d e3 21 e3 21 e0 3d e0 3d e3 21 e3 21 e0 3d e0,0,0,407,182,open copier:229;confined copier:1;non-copier:177,5,open copier,00 e5 21 e5 21 e5 21 e5 21 e5 21 e5 21 e5 21 e5,3,1227,0.609375,1.0,0.0,5,00 e5 21 e5 21 e5 21 e5 21 e5 21 e5 21 e5 21 e5,2457,3d e3 21 e3 21 e0 3d e0 3d e3 21 e3 21 e0 3d e0,True,,open copier,5,open copier,6
31002,3366,13,18659,1364,True,True,True,2457,3d e3 21 e3 21 e0 3d e0 3d e3 21 e3 21 e0 3d e0,0,0,407,182,open copier:229;confined copier:1;non-copier:177,5,open copier,00 e5 21 e5 21 e5 21 e5 21 e5 21 e5 21 e5 21 e5,3,1227,0.609375,1.0,0.0,5,00 e5 21 e5 21 e5 21 e5 21 e5 21 e5 21 e5 21 e5,2457,3d e3 21 e3 21 e0 3d e0 3d e3 21 e3 21 e0 3d e0,True,,open copier,5,open copier,6
31002,3366,14,9315,1408,True,True,True,2457,3d e3 21 e3 21 e0 3d e0 3d e3 21 e3 21 e0 3d e0,0,0,407,182,open copier:229;confined copier:1;non-copier:177,5,open copier,00 e5 21 e5 21 e5 21 e5 21 e5 21 e5 21 e5 21 e5,3,1227,0.609375,1.0,0.0,5,00 e5 21 e5 21 e5 21 e5 21 e5 21 e5 21 e5 21 e5,2457,3d e3 21 e3 21 e0 3d e0 3d e3 21 e3 21 e0 3d e0,True,,open copier,5,open copier,6
31002,3366,15,9525,1336,True,True,True,2457,3d e3 21 e3 21 e0 3d e0 3d e3 21 e3 21 e0 3d e0,0,0,407,182,open copier:229;confined copier:1;non-copier:177,5,open copier,00 e5 21 e5 21 e5 21 e5 21 e5 21 e5 21 e5 21 e5,3,1227,0.609375,1.0,0.0,5,00 e5 21 e5 21 e5 21 e5 21 e5 21 e5 21 e5 21 e5,2457,3d e3 21 e3 21 e0 3d e0 3d e3 21 e3 21 e0 3d e0,True,,open copier,5,open copier,6
31002,3366,16,6857,1200,True,True,True,2457,3d e3 21 e3 21 e0 3d e0 3d e3 21 e3 21 e0 3d e0,0,0,407,182,open copier:229;confined copier:1;non-copier:177,5,open copier,00 e5 21 e5 21 e5 21 e5 21 e5 21 e5 21 e5 21 e5,3,1227,0.609375,1.0,0.0,5,00 e5 21 e5 21 e5 21 e5 21 e5 21 e5 21 e5 21 e5,2457,3d e3 21 e3 21 e0 3d e0 3d e3 21 e3 21 e0 3d e0,True,,open copier,5,open copier,6
31002,3366,17,14221,1233,True,True,True,2457,3d e3 21 e3 21 e0 3d e0 3d e3 21 e3 21 e0 3d e0,0,0,407,182,open copier:229;confined copier:1;non-copier:177,5,open copier,00 e5 21 e5 21 e5 21 e5 21 e5 21 e5 21 e5 21 e5,3,1227,0.609375,1.0,0.0,5,00 e5 21 e5 21 e5 21 e5 21 e5 21 e5 21 e5 21 e5,2457,3d e3 21 e3 21 e0 3d e0 3d e3 21 e3 21 e0 3d e0,True,,open copier,5,open copier,6
31002,3366,18,5940,1279,True,True,True,2457,3d e3 21 e3 21 e0 3d e0 3d e3 21 e3 21 e0 3d e0,0,0,407,182,open copier:229;confined copier:1;non-copier:177,5,open copier,00 e5 21 e5 21 e5 21 e5 21 e5 21 e5 21 e5 21 e5,3,1227,0.609375,1.0,0.0,5,00 e5 21 e5 21 e5 21 e5 21 e5 21 e5 21 e5 21 e5,2457,3d e3 21 e3 21 e0 3d e0 3d e3 21 e3 21 e0 3d e0,True,,open copier,5,open copier,6
31002,3366,19,15506,1376,True,True,True,2457,3d e3 21 e3 21 e0 3d e0 3d e3 21 e3 21 e0 3d e0,0,0,407,182,open copier:229;confined copier:1;non-copier:177,5,open copier,00 e5 21 e5 21 e5 21 e5 21 e5 21 e5 21 e5 21 e5,3,1227,0.609375,1.0,0.0,5,00 e5 21 e5 21 e5 21 e5 21 e5 21 e5 21 e5 21 e5,2457,3d e3 21 e3 21 e0 3d e0 3d e3 21 e3 21 e0 3d e0,True,,open copier,5,open copier,6
31002,3366,20,17353,1352,True,True,True,2457,3d e3 21 e3 21 e0 3d e0 3d e3 21 e3 21 e0 3d e0,0,0,407,182,open copier:229;confined copier:1;non-copier:177,5,open copier,00 e5 21 e5 21 e5 21 e5 21 e5 21 e5 21 e5 21 e5,3,1227,0.609375,1.0,0.0,5,00 e5 21 e5 21 e5 21 e5 21 e5 21 e5 21 e5 21 e5,2457,3d e3 21 e3 21 e0 3d e0 3d e3 21 e3 21 e0 3d e0,True,,open copier,5,open copier,6
31002,3366,21,13356,1399,True,True,True,2457,3d e3 21 e3 21 e0 3d e0 3d e3 21 e3 21 e0 3d e0,0,0,407,182,open copier:229;confined copier:1;non-copier:177,5,open copier,00 e5 21 e5 21 e5 21 e5 21 e5 21 e5 21 e5 21 e5,3,1227,0.609375,1.0,0.0,5,00 e5 21 e5 21 e5 21 e5 21 e5 21 e5 21 e5 21 e5,2457,3d e3 21 e3 21 e0 3d e0 3d e3 21 e3 21 e0 3d e0,True,,open copier,5,open copier,6
31002,3366,22,8873,1352,True,True,True,2457,3d e3 21 e3 21 e0 3d e0 3d e3 21 e3 21 e0 3d e0,0,0,407,182,open copier:229;confined copier:1;non-copier:177,5,open copier,00 e5 21 e5 21 e5 21 e5 21 e5 21 e5 21 e5 21 e5,3,1227,0.609375,1.0,0.0,5,00 e5 21 e5 21 e5 21 e5 21 e5 21 e5 21 e5 21 e5,2457,3d e3 21 e3 21 e0 3d e0 3d e3 21 e3 21 e0 3d e0,True,,open copier,5,open copier,6
31002,3366,23,12186,1312,True,True,True,2457,3d e3 21 e3 21 e0 3d e0 3d e3 21 e3 21 e0 3d e0,0,0,407,182,open copier:229;confined copier:1;non-copier:177,5,open copier,00 e5 21 e5 21 e5 21 e5 21 e5 21 e5 21 e5 21 e5,3,1227,0.609375,1.0,0.0,5,00 e5 21 e5 21 e5 21 e5 21 e5 21 e5 21 e5 21 e5,2457,3d e3 21 e3 21 e0 3d e0 3d e3 21 e3 21 e0 3d e0,True,,open copier,5,open copier,6
31002,3366,24,1171,1264,True,True,True,2457,3d e3 21 e3 21 e0 3d e0 3d e3 21 e3 21 e0 3d e0,0,0,407,182,open copier:229;confined copier:1;non-copier:177,5,open copier,00 e5 21 e5 21 e5 21 e5 21 e5 21 e5 21 e5 21 e5,3,1227,0.609375,1.0,0.0,5,00 e5 21 e5 21 e5 21 e5 21 e5 21 e5 21 e5 21 e5,2457,3d e3 21 e3 21 e0 3d e0 3d e3 21 e3 21 e0 3d e0,True,,open copier,5,open copier,6
31002,3366,25,7279,1264,True,True,True,2457,3d e3 21 e3 21 e0 3d e0 3d e3 21 e3 21 e0 3d e0,0,0,407,182,open copier:229;confined copier:1;non-copier:177,5,open copier,00 e5 21 e5 21 e5 21 e5 21 e5 21 e5 21 e5 21 e5,3,1227,0.609375,1.0,0.0,5,00 e5 21 e5 21 e5 21 e5 21 e5 21 e5 21 e5 21 e5,2457,3d e3 21 e3 21 e0 3d e0 3d e3 21 e3 21 e0 3d e0,True,,open copier,5,open copier,6
31002,3366,26,8870,1341,True,True,True,2457,3d e3 21 e3 21 e0 3d e0 3d e3 21 e3 21 e0 3d e0,0,0,407,182,open copier:229;confined copier:1;non-copier:177,5,open copier,00 e5 21 e5 21 e5 21 e5 21 e5 21 e5 21 e5 21 e5,3,1227,0.609375,1.0,0.0,5,00 e5 21 e5 21 e5 21 e5 21 e5 21 e5 21 e5 21 e5,2457,3d e3 21 e3 21 e0 3d e0 3d e3 21 e3 21 e0 3d e0,True,,open copier,5,open copier,6
31002,3366,27,7802,1308,True,True,True,2457,3d e3 21 e3 21 e0 3d e0 3d e3 21 e3 21 e0 3d e0,0,0,407,182,open copier:229;confined copier:1;non-copier:177,5,open copier,00 e5 21 e5 21 e5 21 e5 21 e5 21 e5 21 e5 21 e5,3,1227,0.609375,1.0,0.0,5,00 e5 21 e5 21 e5 21 e5 21 e5 21 e5 21 e5 21 e5,2457,3d e3 21 e3 21 e0 3d e0 3d e3 21 e3 21 e0 3d e0,True,,open copier,5,open copier,6
31002,3366,28,6768,1174,True,True,True,2457,3d e3 21 e3 21 e0 3d e0 3d e3 21 e3 21 e0 3d e0,0,0,407,182,open copier:229;confined copier:1;non-copier:177,5,open copier,00 e5 21 e5 21 e5 21 e5 21 e5 21 e5 21 e5 21 e5,3,1227,0.609375,1.0,0.0,5,00 e5 21 e5 21 e5 21 e5 21 e5 21 e5 21 e5 21 e5,2457,3d e3 21 e3 21 e0 3d e0 3d e3 21 e3 21 e0 3d e0,True,,open copier,5,open copier,6
31002,3366,29,6823,1248,True,True,True,2457,3d e3 21 e3 21 e0 3d e0 3d e3 21 e3 21 e0 3d e0,0,0,407,182,open copier:229;confined copier:1;non-copier:177,5,open copier,00 e5 21 e5 21 e5 21 e5 21 e5 21 e5 21 e5 21 e5,3,1227,0.609375,1.0,0.0,5,00 e5 21 e5 21 e5 21 e5 21 e5 21 e5 21 e5 21 e5,2457,3d e3 21 e3 21 e0 3d e0 3d e3 21 e3 21 e0 3d e0,True,,open copier,5,open copier,6
31002,3366,30,17012,1339,True,True,True,2457,3d e3 21 e3 21 e0 3d e0 3d e3 21 e3 21 e0 3d e0,0,0,407,182,open copier:229;confined copier:1;non-copier:177,5,open copier,00 e5 21 e5 21 e5 21 e5 21 e5 21 e5 21 e5 21 e5,3,1227,0.609375,1.0,0.0,5,00 e5 21 e5 21 e5 21 e5 21 e5 21 e5 21 e5 21 e5,2457,3d e3 21 e3 21 e0 3d e0 3d e3 21 e3 21 e0 3d e0,True,,open copier,5,open copier,6
31002,3366,31,6733,1334,True,True,True,2457,3d e3 21 e3 21 e0 3d e0 3d e3 21 e3 21 e0 3d e0,0,0,407,182,open copier:229;confined copier:1;non-copier:177,5,open copier,00 e5 21 e5 21 e5 21 e5 21 e5 21 e5 21 e5 21 e5,3,1227,0.609375,1.0,0.0,5,00 e5 21 e5 21 e5 21 e5 21 e5 21 e5 21 e5 21 e5,2457,3d e3 21 e3 21 e0 3d e0 3d e3 21 e3 21 e0 3d e0,True,,open copier,5,open copier,6
31002,3366,32,8010,1348,True,True,True,2457,3d e3 21 e3 21 e0 3d e0 3d e3 21 e3 21 e0 3d e0,0,0,407,182,open copier:229;confined copier:1;non-copier:177,5,open copier,00 e5 21 e5 21 e5 21 e5 21 e5 21 e5 21 e5 21 e5,3,1227,0.609375,1.0,0.0,5,00 e5 21 e5 21 e5 21 e5 21 e5 21 e5 21 e5 21 e5,2457,3d e3 21 e3 21 e0 3d e0 3d e3 21 e3 21 e0 3d e0,True,,open copier,5,open copier,6
31002,3366,33,2599,1278,True,True,True,2457,3d e3 21 e3 21 e0 3d e0 3d e3 21 e3 21 e0 3d e0,0,0,407,182,open copier:229;confined copier:1;non-copier:177,5,open copier,00 e5 21 e5 21 e5 21 e5 21 e5 21 e5 21 e5 21 e5,3,1227,0.609375,1.0,0.0,5,00 e5 21 e5 21 e5 21 e5 21 e5 21 e5 21 e5 21 e5,2457,3d e3 21 e3 21 e0 3d e0 3d e3 21 e3 21 e0 3d e0,True,,open copier,5,open copier,6
31002,3366,34,348,1342,True,True,True,2457,3d e3 21 e3 21 e0 3d e0 3d e3 21 e3 21 e0 3d e0,0,0,407,182,open copier:229;confined copier:1;non-copier:177,5,open copier,00 e5 21 e5 21 e5 21 e5 21 e5 21 e5 21 e5 21 e5,3,1227,0.609375,1.0,0.0,5,00 e5 21 e5 21 e5 21 e5 21 e5 21 e5 21 e5 21 e5,2457,3d e3 21 e3 21 e0 3d e0 3d e3 21 e3 21 e0 3d e0,True,,open copier,5,open copier,6
31002,3366,35,16510,1373,True,True,True,2457,3d e3 21 e3 21 e0 3d e0 3d e3 21 e3 21 e0 3d e0,0,0,407,182,open copier:229;confined copier:1;non-copier:177,5,open copier,00 e5 21 e5 21 e5 21 e5 21 e5 21 e5 21 e5 21 e5,3,1227,0.609375,1.0,0.0,5,00 e5 21 e5 21 e5 21 e5 21 e5 21 e5 21 e5 21 e5,2457,3d e3 21 e3 21 e0 3d e0 3d e3 21 e3 21 e0 3d e0,True,,open copier,5,open copier,6
31002,3366,36,8669,1263,True,True,True,2457,3d e3 21 e3 21 e0 3d e0 3d e3 21 e3 21 e0 3d e0,0,0,407,182,open copier:229;confined copier:1;non-copier:177,5,open copier,00 e5 21 e5 21 e5 21 e5 21 e5 21 e5 21 e5 21 e5,3,1227,0.609375,1.0,0.0,5,00 e5 21 e5 21 e5 21 e5 21 e5 21 e5 21 e5 21 e5,2457,3d e3 21 e3 21 e0 3d e0 3d e3 21 e3 21 e0 3d e0,True,,open copier,5,open copier,6
31002,3366,37,10914,1410,True,True,True,2457,3d e3 21 e3 21 e0 3d e0 3d e3 21 e3 21 e0 3d e0,0,0,407,182,open copier:229;confined copier:1;non-copier:177,5,open copier,00 e5 21 e5 21 e5 21 e5 21 e5 21 e5 21 e5 21 e5,3,1227,0.609375,1.0,0.0,5,00 e5 21 e5 21 e5 21 e5 21 e5 21 e5 21 e5 21 e5,2457,3d e3 21 e3 21 e0 3d e0 3d e3 21 e3 21 e0 3d e0,True,,open copier,5,open copier,6
31002,3366,38,3743,1204,True,True,True,2457,3d e3 21 e3 21 e0 3d e0 3d e3 21 e3 21 e0 3d e0,0,0,407,182,open copier:229;confined copier:1;non-copier:177,5,open copier,00 e5 21 e5 21 e5 21 e5 21 e5 21 e5 21 e5 21 e5,3,1227,0.609375,1.0,0.0,5,00 e5 21 e5 21 e5 21 e5 21 e5 21 e5 21 e5 21 e5,2457,3d e3 21 e3 21 e0 3d e0 3d e3 21 e3 21 e0 3d e0,True,,open copier,5,open copier,6
31002,3366,39,7339,1222,True,True,True,2457,3d e3 21 e3 21 e0 3d e0 3d e3 21 e3 21 e0 3d e0,0,0,407,182,open copier:229;confined copier:1;non-copier:177,5,open copier,00 e5 21 e5 21 e5 21 e5 21 e5 21 e5 21 e5 21 e5,3,1227,0.609375,1.0,0.0,5,00 e5 21 e5 21 e5 21 e5 21 e5 21 e5 21 e5 21 e5,2457,3d e3 21 e3 21 e0 3d e0 3d e3 21 e3 21 e0 3d e0,True,,open copier,5,open copier,6
31002,3366,40,17983,1365,True,True,True,2457,3d e3 21 e3 21 e0 3d e0 3d e3 21 e3 21 e0 3d e0,0,0,407,182,open copier:229;confined copier:1;non-copier:177,5,open copier,00 e5 21 e5 21 e5 21 e5 21 e5 21 e5 21 e5 21 e5,3,1227,0.609375,1.0,0.0,5,00 e5 21 e5 21 e5 21 e5 21 e5 21 e5 21 e5 21 e5,2457,3d e3 21 e3 21 e0 3d e0 3d e3 21 e3 21 e0 3d e0,True,,open copier,5,open copier,6
31002,3366,41,6932,1166,True,True,True,2457,3d e3 21 e3 21 e0 3d e0 3d e3 21 e3 21 e0 3d e0,0,0,407,182,open copier:229;confined copier:1;non-copier:177,5,open copier,00 e5 21 e5 21 e5 21 e5 21 e5 21 e5 21 e5 21 e5,3,1227,0.609375,1.0,0.0,5,00 e5 21 e5 21 e5 21 e5 21 e5 21 e5 21 e5 21 e5,2457,3d e3 21 e3 21 e0 3d e0 3d e3 21 e3 21 e0 3d e0,True,,open copier,5,open copier,6
31002,3366,42,3293,1272,True,True,True,2457,3d e3 21 e3 21 e0 3d e0 3d e3 21 e3 21 e0 3d e0,0,0,407,182,open copier:229;confined copier:1;non-copier:177,5,open copier,00 e5 21 e5 21 e5 21 e5 21 e5 21 e5 21 e5 21 e5,3,1227,0.609375,1.0,0.0,5,00 e5 21 e5 21 e5 21 e5 21 e5 21 e5 21 e5 21 e5,2457,3d e3 21 e3 21 e0 3d e0 3d e3 21 e3 21 e0 3d e0,True,,open copier,5,open copier,6
31002,3366,43,6491,1210,True,True,True,2457,3d e3 21 e3 21 e0 3d e0 3d e3 21 e3 21 e0 3d e0,0,0,407,182,open copier:229;confined copier:1;non-copier:177,5,open copier,00 e5 21 e5 21 e5 21 e5 21 e5 21 e5 21 e5 21 e5,3,1227,0.609375,1.0,0.0,5,00 e5 21 e5 21 e5 21 e5 21 e5 21 e5 21 e5 21 e5,2457,3d e3 21 e3 21 e0 3d e0 3d e3 21 e3 21 e0 3d e0,True,,open copier,5,open copier,6
31002,3366,44,151,1203,True,True,True,2457,3d e3 21 e3 21 e0 3d e0 3d e3 21 e3 21 e0 3d e0,0,0,407,182,open copier:229;confined copier:1;non-copier:177,5,open copier,00 e5 21 e5 21 e5 21 e5 21 e5 21 e5 21 e5 21 e5,3,1227,0.609375,1.0,0.0,5,00 e5 21 e5 21 e5 21 e5 21 e5 21 e5 21 e5 21 e5,2457,3d e3 21 e3 21 e0 3d e0 3d e3 21 e3 21 e0 3d e0,True,,open copier,5,open copier,6
31002,3366,45,14663,1320,True,True,True,2457,3d e3 21 e3 21 e0 3d e0 3d e3 21 e3 21 e0 3d e0,0,0,407,182,open copier:229;confined copier:1;non-copier:177,5,open copier,00 e5 21 e5 21 e5 21 e5 21 e5 21 e5 21 e5 21 e5,3,1227,0.609375,1.0,0.0,5,00 e5 21 e5 21 e5 21 e5 21 e5 21 e5 21 e5 21 e5,2457,3d e3 21 e3 21 e0 3d e0 3d e3 21 e3 21 e0 3d e0,True,,open copier,5,open copier,6
31002,3366,46,1098,1213,True,True,True,2457,3d e3 21 e3 21 e0 3d e0 3d e3 21 e3 21 e0 3d e0,0,0,407,182,open copier:229;confined copier:1;non-copier:177,5,open copier,00 e5 21 e5 21 e5 21 e5 21 e5 21 e5 21 e5 21 e5,3,1227,0.609375,1.0,0.0,5,00 e5 21 e5 21 e5 21 e5 21 e5 21 e5 21 e5 21 e5,2457,3d e3 21 e3 21 e0 3d e0 3d e3 21 e3 21 e0 3d e0,True,,open copier,5,open copier,6
31002,3366,47,9387,1344,True,True,True,2457,3d e3 21 e3 21 e0 3d e0 3d e3 21 e3 21 e0 3d e0,0,0,407,182,open copier:229;confined copier:1;non-copier:177,5,open copier,00 e5 21 e5 21 e5 21 e5 21 e5 21 e5 21 e5 21 e5,3,1227,0.609375,1.0,0.0,5,00 e5 21 e5 21 e5 21 e5 21 e5 21 e5 21 e5 21 e5,2457,3d e3 21 e3 21 e0 3d e0 3d e3 21 e3 21 e0 3d e0,True,,open copier,5,open copier,6
31002,3366,48,9962,1358,True,True,True,2457,3d e3 21 e3 21 e0 3d e0 3d e3 21 e3 21 e0 3d e0,0,0,407,182,open copier:229;confined copier:1;non-copier:177,5,open copier,00 e5 21 e5 21 e5 21 e5 21 e5 21 e5 21 e5 21 e5,3,1227,0.609375,1.0,0.0,5,00 e5 21 e5 21 e5 21 e5 21 e5 21 e5 21 e5 21 e5,2457,3d e3 21 e3 21 e0 3d e0 3d e3 21 e3 21 e0 3d e0,True,,open copier,5,open copier,6
31002,3366,49,2249,1410,True,True,True,2457,3d e3 21 e3 21 e0 3d e0 3d e3 21 e3 21 e0 3d e0,0,0,407,182,open copier:229;confined copier:1;non-copier:177,5,open copier,00 e5 21 e5 21 e5 21 e5 21 e5 21 e5 21 e5 21 e5,3,1227,0.609375,1.0,0.0,5,00 e5 21 e5 21 e5 21 e5 21 e5 21 e5 21 e5 21 e5,2457,3d e3 21 e3 21 e0 3d e0 3d e3 21 e3 21 e0 3d e0,True,,open copier,5,open copier,6
31002,3366,50,7961,1308,True,True,True,2457,3d e3 21 e3 21 e0 3d e0 3d e3 21 e3 21 e0 3d e0,0,0,407,182,open copier:229;confined copier:1;non-copier:177,5,open copier,00 e5 21 e5 21 e5 21 e5 21 e5 21 e5 21 e5 21 e5,3,1227,0.609375,1.0,0.0,5,00 e5 21 e5 21 e5 21 e5 21 e5 21 e5 21 e5 21 e5,2457,3d e3 21 e3 21 e0 3d e0 3d e3 21 e3 21 e0 3d e0,True,,open copier,5,open copier,6
31002,3366,51,6830,1248,True,True,True,2457,3d e3 21 e3 21 e0 3d e0 3d e3 21 e3 21 e0 3d e0,0,0,407,182,open copier:229;confined copier:1;non-copier:177,5,open copier,00 e5 21 e5 21 e5 21 e5 21 e5 21 e5 21 e5 21 e5,3,1227,0.609375,1.0,0.0,5,00 e5 21 e5 21 e5 21 e5 21 e5 21 e5 21 e5 21 e5,2457,3d e3 21 e3 21 e0 3d e0 3d e3 21 e3 21 e0 3d e0,True,,open copier,5,open copier,6
31002,3366,52,19245,1478,True,True,True,2457,3d e3 21 e3 21 e0 3d e0 3d e3 21 e3 21 e0 3d e0,0,0,407,182,open copier:229;confined copier:1;non-copier:177,5,open copier,00 e5 21 e5 21 e5 21 e5 21 e5 21 e5 21 e5 21 e5,3,1227,0.609375,1.0,0.0,5,00 e5 21 e5 21 e5 21 e5 21 e5 21 e5 21 e5 21 e5,2457,3d e3 21 e3 21 e0 3d e0 3d e3 21 e3 21 e0 3d e0,True,,open copier,5,open copier,6
31002,3366,53,10700,1329,True,True,True,2457,3d e3 21 e3 21 e0 3d e0 3d e3 21 e3 21 e0 3d e0,0,0,407,182,open copier:229;confined copier:1;non-copier:177,5,open copier,00 e5 21 e5 21 e5 21 e5 21 e5 21 e5 21 e5 21 e5,3,1227,0.609375,1.0,0.0,5,00 e5 21 e5 21 e5 21 e5 21 e5 21 e5 21 e5 21 e5,2457,3d e3 21 e3 21 e0 3d e0 3d e3 21 e3 21 e0 3d e0,True,,open copier,5,open copier,6
31002,3366,54,7226,1319,True,True,True,2457,3d e3 21 e3 21 e0 3d e0 3d e3 21 e3 21 e0 3d e0,0,0,407,182,open copier:229;confined copier:1;non-copier:177,5,open copier,00 e5 21 e5 21 e5 21 e5 21 e5 21 e5 21 e5 21 e5,3,1227,0.609375,1.0,0.0,5,00 e5 21 e5 21 e5 21 e5 21 e5 21 e5 21 e5 21 e5,2457,3d e3 21 e3 21 e0 3d e0 3d e3 21 e3 21 e0 3d e0,True,,open copier,5,open copier,6
31002,3366,55,17796,1400,True,True,True,2457,3d e3 21 e3 21 e0 3d e0 3d e3 21 e3 21 e0 3d e0,0,0,407,182,open copier:229;confined copier:1;non-copier:177,5,open copier,00 e5 21 e5 21 e5 21 e5 21 e5 21 e5 21 e5 21 e5,3,1227,0.609375,1.0,0.0,5,00 e5 21 e5 21 e5 21 e5 21 e5 21 e5 21 e5 21 e5,2457,3d e3 21 e3 21 e0 3d e0 3d e3 21 e3 21 e0 3d e0,True,,open copier,5,open copier,6
31002,3366,56,12892,1317,True,True,True,2457,3d e3 21 e3 21 e0 3d e0 3d e3 21 e3 21 e0 3d e0,0,0,407,182,open copier:229;confined copier:1;non-copier:177,5,open copier,00 e5 21 e5 21 e5 21 e5 21 e5 21 e5 21 e5 21 e5,3,1227,0.609375,1.0,0.0,5,00 e5 21 e5 21 e5 21 e5 21 e5 21 e5 21 e5 21 e5,2457,3d e3 21 e3 21 e0 3d e0 3d e3 21 e3 21 e0 3d e0,True,,open copier,5,open copier,6
31002,3366,57,6100,1278,True,True,True,2457,3d e3 21 e3 21 e0 3d e0 3d e3 21 e3 21 e0 3d e0,0,0,407,182,open copier:229;confined copier:1;non-copier:177,5,open copier,00 e5 21 e5 21 e5 21 e5 21 e5 21 e5 21 e5 21 e5,3,1227,0.609375,1.0,0.0,5,00 e5 21 e5 21 e5 21 e5 21 e5 21 e5 21 e5 21 e5,2457,3d e3 21 e3 21 e0 3d e0 3d e3 21 e3 21 e0 3d e0,True,,open copier,5,open copier,6
31002,3366,58,9659,1363,True,True,True,2457,3d e3 21 e3 21 e0 3d e0 3d e3 21 e3 21 e0 3d e0,0,0,407,182,open copier:229;confined copier:1;non-copier:177,5,open copier,00 e5 21 e5 21 e5 21 e5 21 e5 21 e5 21 e5 21 e5,3,1227,0.609375,1.0,0.0,5,00 e5 21 e5 21 e5 21 e5 21 e5 21 e5 21 e5 21 e5,2457,3d e3 21 e3 21 e0 3d e0 3d e3 21 e3 21 e0 3d e0,True,,open copier,5,open copier,6
31002,3366,59,17357,1356,True,True,True,2457,3d e3 21 e3 21 e0 3d e0 3d e3 21 e3 21 e0 3d e0,0,0,407,182,open copier:229;confined copier:1;non-copier:177,5,open copier,00 e5 21 e5 21 e5 21 e5 21 e5 21 e5 21 e5 21 e5,3,1227,0.609375,1.0,0.0,5,00 e5 21 e5 21 e5 21 e5 21 e5 21 e5 21 e5 21 e5,2457,3d e3 21 e3 21 e0 3d e0 3d e3 21 e3 21 e0 3d e0,True,,open copier,5,open copier,6
31002,3366,60,18071,1349,True,True,True,2457,3d e3 21 e3 21 e0 3d e0 3d e3 21 e3 21 e0 3d e0,0,0,407,182,open copier:229;confined copier:1;non-copier:177,5,open copier,00 e5 21 e5 21 e5 21 e5 21 e5 21 e5 21 e5 21 e5,3,1227,0.609375,1.0,0.0,5,00 e5 21 e5 21 e5 21 e5 21 e5 21 e5 21 e5 21 e5,2457,3d e3 21 e3 21 e0 3d e0 3d e3 21 e3 21 e0 3d e0,True,,open copier,5,open copier,6
31002,3366,61,9100,1430,True,True,True,2457,3d e3 21 e3 21 e0 3d e0 3d e3 21 e3 21 e0 3d e0,0,0,407,182,open copier:229;confined copier:1;non-copier:177,5,open copier,00 e5 21 e5 21 e5 21 e5 21 e5 21 e5 21 e5 21 e5,3,1227,0.609375,1.0,0.0,5,00 e5 21 e5 21 e5 21 e5 21 e5 21 e5 21 e5 21 e5,2457,3d e3 21 e3 21 e0 3d e0 3d e3 21 e3 21 e0 3d e0,True,,open copier,5,open copier,6
31002,3366,62,7689,1344,True,True,True,2457,3d e3 21 e3 21 e0 3d e0 3d e3 21 e3 21 e0 3d e0,0,0,407,182,open copier:229;confined copier:1;non-copier:177,5,open copier,00 e5 21 e5 21 e5 21 e5 21 e5 21 e5 21 e5 21 e5,3,1227,0.609375,1.0,0.0,5,00 e5 21 e5 21 e5 21 e5 21 e5 21 e5 21 e5 21 e5,2457,3d e3 21 e3 21 e0 3d e0 3d e3 21 e3 21 e0 3d e0,True,,open copier,5,open copier,6
31002,3366,63,14044,1348,True,True,True,2457,3d e3 21 e3 21 e0 3d e0 3d e3 21 e3 21 e0 3d e0,0,0,407,182,open copier:229;confined copier:1;non-copier:177,5,open copier,00 e5 21 e5 21 e5 21 e5 21 e5 21 e5 21 e5 21 e5,3,1227,0.609375,1.0,0.0,5,00 e5 21 e5 21 e5 21 e5 21 e5 21 e5 21 e5 21 e5,2457,3d e3 21 e3 21 e0 3d e0 3d e3 21 e3 21 e0 3d e0,True,,open copier,5,open copier,6
31003,22892,0,19338,4336,True,True,True,21933,00 e3 21 e3 21 e0 00 e0 00 e0 00 e0 00 e0 00 e0,0,0,3446,1395,open copier:2106;confined copier:1;non-copier:1339,1235,open copier,ff 41 00 41 00 41 00 41 00 41 00 41 00 41 00 41,3,4269,0.5,1.0,0.0,1235,ff 41 00 41 00 41 00 41 00 41 00 41 00 41 00 41,21933,00 e3 21 e3 21 e0 00 e0 00 e0 00 e0 00 e0 00 e0,True,,open copier,3712,open copier,3712
31003,22892,1,3099,4329,True,True,True,21933,00 e3 21 e3 21 e0 00 e0 00 e0 00 e0 00 e0 00 e0,0,0,3446,1395,open copier:2106;confined copier:1;non-copier:1339,1235,open copier,ff 41 00 41 00 41 00 41 00 41 00 41 00 41 00 41,3,4269,0.5,1.0,0.0,1235,ff 41 00 41 00 41 00 41 00 41 00 41 00 41 00 41,21933,00 e3 21 e3 21 e0 00 e0 00 e0 00 e0 00 e0 00 e0,True,,open copier,3712,open copier,3712
31003,22892,2,4758,4342,True,True,True,21933,00 e3 21 e3 21 e0 00 e0 00 e0 00 e0 00 e0 00 e0,0,0,3446,1395,open copier:2106;confined copier:1;non-copier:1339,1235,open copier,ff 41 00 41 00 41 00 41 00 41 00 41 00 41 00 41,3,4269,0.5,1.0,0.0,1235,ff 41 00 41 00 41 00 41 00 41 00 41 00 41 00 41,21933,00 e3 21 e3 21 e0 00 e0 00 e0 00 e0 00 e0 00 e0,True,,open copier,3712,open copier,3712
31003,22892,3,18714,4387,True,True,True,21933,00 e3 21 e3 21 e0 00 e0 00 e0 00 e0 00 e0 00 e0,0,0,3446,1395,open copier:2106;confined copier:1;non-copier:1339,1235,open copier,ff 41 00 41 00 41 00 41 00 41 00 41 00 41 00 41,3,4269,0.5,1.0,0.0,1235,ff 41 00 41 00 41 00 41 00 41 00 41 00 41 00 41,21933,00 e3 21 e3 21 e0 00 e0 00 e0 00 e0 00 e0 00 e0,True,,open copier,3712,open copier,3712
31003,22892,4,6482,4390,True,True,True,21933,00 e3 21 e3 21 e0 00 e0 00 e0 00 e0 00 e0 00 e0,0,0,3446,1395,open copier:2106;confined copier:1;non-copier:1339,1235,open copier,ff 41 00 41 00 41 00 41 00 41 00 41 00 41 00 41,3,4269,0.5,1.0,0.0,1235,ff 41 00 41 00 41 00 41 00 41 00 41 00 41 00 41,21933,00 e3 21 e3 21 e0 00 e0 00 e0 00 e0 00 e0 00 e0,True,,open copier,3712,open copier,3712
31003,22892,5,2739,4338,True,True,True,21933,00 e3 21 e3 21 e0 00 e0 00 e0 00 e0 00 e0 00 e0,0,0,3446,1395,open copier:2106;confined copier:1;non-copier:1339,1235,open copier,ff 41 00 41 00 41 00 41 00 41 00 41 00 41 00 41,3,4269,0.5,1.0,0.0,1235,ff 41 00 41 00 41 00 41 00 41 00 41 00 41 00 41,21933,00 e3 21 e3 21 e0 00 e0 00 e0 00 e0 00 e0 00 e0,True,,open copier,3712,open copier,3712
31003,22892,6,12804,4349,True,True,True,21933,00 e3 21 e3 21 e0 00 e0 00 e0 00 e0 00 e0 00 e0,0,0,3446,1395,open copier:2106;confined copier:1;non-copier:1339,1235,open copier,ff 41 00 41 00 41 00 41 00 41 00 41 00 41 00 41,3,4269,0.5,1.0,0.0,1235,ff 41 00 41 00 41 00 41 00 41 00 41 00 41 00 41,21933,00 e3 21 e3 21 e0 00 e0 00 e0 00 e0 00 e0 00 e0,True,,open copier,3712,open copier,3712
31003,22892,7,4594,4357,True,True,True,21933,00 e3 21 e3 21 e0 00 e0 00 e0 00 e0 00 e0 00 e0,0,0,3446,1395,open copier:2106;confined copier:1;non-copier:1339,1235,open copier,ff 41 00 41 00 41 00 41 00 41 00 41 00 41 00 41,3,4269,0.5,1.0,0.0,1235,ff 41 00 41 00 41 00 41 00 41 00 41 00 41 00 41,21933,00 e3 21 e3 21 e0 00 e0 00 e0 00 e0 00 e0 00 e0,True,,open copier,3712,open copier,3712
31003,22892,8,17502,4284,True,True,True,21933,00 e3 21 e3 21 e0 00 e0 00 e0 00 e0 00 e0 00 e0,0,0,3446,1395,open copier:2106;confined copier:1;non-copier:1339,1235,open copier,ff 41 00 41 00 41 00 41 00 41 00 41 00 41 00 41,3,4269,0.5,1.0,0.0,1235,ff 41 00 41 00 41 00 41 00 41 00 41 00 41 00 41,21933,00 e3 21 e3 21 e0 00 e0 00 e0 00 e0 00 e0 00 e0,True,,open copier,3712,open copier,3712
31003,22892,9,13512,4402,True,True,True,21933,00 e3 21 e3 21 e0 00 e0 00 e0 00 e0 00 e0 00 e0,0,0,3446,1395,open copier:2106;confined copier:1;non-copier:1339,1235,open copier,ff 41 00 41 00 41 00 41 00 41 00 41 00 41 00 41,3,4269,0.5,1.0,0.0,1235,ff 41 00 41 00 41 00 41 00 41 00 41 00 41 00 41,21933,00 e3 21 e3 21 e0 00 e0 00 e0 00 e0 00 e0 00 e0,True,,open copier,3712,open copier,3712
31003,22892,10,8421,4190,True,True,True,21933,00 e3 21 e3 21 e0 00 e0 00 e0 00 e0 00 e0 00 e0,0,0,3446,1395,open copier:2106;confined copier:1;non-copier:1339,1235,open copier,ff 41 00 41 00 41 00 41 00 41 00 41 00 41 00 41,3,4269,0.5,1.0,0.0,1235,ff 41 00 41 00 41 00 41 00 41 00 41 00 41 00 41,21933,00 e3 21 e3 21 e0 00 e0 00 e0 00 e0 00 e0 00 e0,True,,open copier,3712,open copier,3712
31003,22892,11,18569,4277,True,True,True,21933,00 e3 21 e3 21 e0 00 e0 00 e0 00 e0 00 e0 00 e0,0,0,3446,1395,open copier:2106;confined copier:1;non-copier:1339,1235,open copier,ff 41 00 41 00 41 00 41 00 41 00 41 00 41 00 41,3,4269,0.5,1.0,0.0,1235,ff 41 00 41 00 41 00 41 00 41 00 41 00 41 00 41,21933,00 e3 21 e3 21 e0 00 e0 00 e0 00 e0 00 e0 00 e0,True,,open copier,3712,open copier,3712
31003,22892,12,12354,4417,True,True,True,21933,00 e3 21 e3 21 e0 00 e0 00 e0 00 e0 00 e0 00 e0,0,0,3446,1395,open copier:2106;confined copier:1;non-copier:1339,1235,open copier,ff 41 00 41 00 41 00 41 00 41 00 41 00 41 00 41,3,4269,0.5,1.0,0.0,1235,ff 41 00 41 00 41 00 41 00 41 00 41 00 41 00 41,21933,00 e3 21 e3 21 e0 00 e0 00 e0 00 e0 00 e0 00 e0,True,,open copier,3712,open copier,3712
31003,22892,13,2351,4361,True,True,True,21933,00 e3 21 e3 21 e0 00 e0 00 e0 00 e0 00 e0 00 e0,0,0,3446,1395,open copier:2106;confined copier:1;non-copier:1339,1235,open copier,ff 41 00 41 00 41 00 41 00 41 00 41 00 41 00 41,3,4269,0.5,1.0,0.0,1235,ff 41 00 41 00 41 00 41 00 41 00 41 00 41 00 41,21933,00 e3 21 e3 21 e0 00 e0 00 e0 00 e0 00 e0 00 e0,True,,open copier,3712,open copier,3712
31003,22892,14,3972,4378,True,True,True,21933,00 e3 21 e3 21 e0 00 e0 00 e0 00 e0 00 e0 00 e0,0,0,3446,1395,open copier:2106;confined copier:1;non-copier:1339,1235,open copier,ff 41 00 41 00 41 00 41 00 41 00 41 00 41 00 41,3,4269,0.5,1.0,0.0,1235,ff 41 00 41 00 41 00 41 00 41 00 41 00 41 00 41,21933,00 e3 21 e3 21 e0 00 e0 00 e0 00 e0 00 e0 00 e0,True,,open copier,3712,open copier,3712
31003,22892,15,11247,4363,True,True,True,21933,00 e3 21 e3 21 e0 00 e0 00 e0 00 e0 00 e0 00 e0,0,0,3446,1395,open copier:2106;confined copier:1;non-copier:1339,1235,open copier,ff 41 00 41 00 41 00 41 00 41 00 41 00 41 00 41,3,4269,0.5,1.0,0.0,1235,ff 41 00 41 00 41 00 41 00 41 00 41 00 41 00 41,21933,00 e3 21 e3 21 e0 00 e0 00 e0 00 e0 00 e0 00 e0,True,,open copier,3712,open copier,3712
31003,22892,16,16362,4402,True,True,True,21933,00 e3 21 e3 21 e0 00 e0 00 e0 00 e0 00 e0 00 e0,0,0,3446,1395,open copier:2106;confined copier:1;non-copier:1339,1235,open copier,ff 41 00 41 00 41 00 41 00 41 00 41 00 41 00 41,3,4269,0.5,1.0,0.0,1235,ff 41 00 41 00 41 00 41 00 41 00 41 00 41 00 41,21933,00 e3 21 e3 21 e0 00 e0 00 e0 00 e0 00 e0 00 e0,True,,open copier,3712,open copier,3712
31003,22892,17,16293,4448,True,True,True,21933,00 e3 21 e3 21 e0 00 e0 00 e0 00 e0 00 e0 00 e0,0,0,3446,1395,open copier:2106;confined copier:1;non-copier:1339,1235,open copier,ff 41 00 41 00 41 00 41 00 41 00 41 00 41 00 41,3,4269,0.5,1.0,0.0,1235,ff 41 00 41 00 41 00 41 00 41 00 41 00 41 00 41,21933,00 e3 21 e3 21 e0 00 e0 00 e0 00 e0 00 e0 00 e0,True,,open copier,3712,open copier,3712
31003,22892,18,17825,4512,True,True,True,21933,00 e3 21 e3 21 e0 00 e0 00 e0 00 e0 00 e0 00 e0,0,0,3446,1395,open copier:2106;confined copier:1;non-copier:1339,1235,open copier,ff 41 00 41 00 41 00 41 00 41 00 41 00 41 00 41,3,4269,0.5,1.0,0.0,1235,ff 41 00 41 00 41 00 41 00 41 00 41 00 41 00 41,21933,00 e3 21 e3 21 e0 00 e0 00 e0 00 e0 00 e0 00 e0,True,,open copier,3712,open copier,3712
31003,22892,19,5135,4359,True,True,True,21933,00 e3 21 e3 21 e0 00 e0 00 e0 00 e0 00 e0 00 e0,0,0,3446,1395,open copier:2106;confined copier:1;non-copier:1339,1235,open copier,ff 41 00 41 00 41 00 41 00 41 00 41 00 41 00 41,3,4269,0.5,1.0,0.0,1235,ff 41 00 41 00 41 00 41 00 41 00 41 00 41 00 41,21933,00 e3 21 e3 21 e0 00 e0 00 e0 00 e0 00 e0 00 e0,True,,open copier,3712,open copier,3712
31003,22892,20,16830,4323,True,True,True,21933,00 e3 21 e3 21 e0 00 e0 00 e0 00 e0 00 e0 00 e0,0,0,3446,1395,open copier:2106;confined copier:1;non-copier:1339,1235,open copier,ff 41 00 41 00 41 00 41 00 41 00 41 00 41 00 41,3,4269,0.5,1.0,0.0,1235,ff 41 00 41 00 41 00 41 00 41 00 41 00 41 00 41,21933,00 e3 21 e3 21 e0 00 e0 00 e0 00 e0 00 e0 00 e0,True,,open copier,3712,open copier,3712
31003,22892,21,19224,4333,True,True,True,21933,00 e3 21 e3 21 e0 00 e0 00 e0 00 e0 00 e0 00 e0,0,0,3446,1395,open copier:2106;confined copier:1;non-copier:1339,1235,open copier,ff 41 00 41 00 41 00 41 00 41 00 41 00 41 00 41,3,4269,0.5,1.0,0.0,1235,ff 41 00 41 00 41 00 41 00 41 00 41 00 41 00 41,21933,00 e3 21 e3 21 e0 00 e0 00 e0 00 e0 00 e0 00 e0,True,,open copier,3712,open copier,3712
31003,22892,22,11796,4315,True,True,True,21933,00 e3 21 e3 21 e0 00 e0 00 e0 00 e0 00 e0 00 e0,0,0,3446,1395,open copier:2106;confined copier:1;non-copier:1339,1235,open copier,ff 41 00 41 00 41 00 41 00 41 00 41 00 41 00 41,3,4269,0.5,1.0,0.0,1235,ff 41 00 41 00 41 00 41 00 41 00 41 00 41 00 41,21933,00 e3 21 e3 21 e0 00 e0 00 e0 00 e0 00 e0 00 e0,True,,open copier,3712,open copier,3712
31003,22892,23,15743,4425,True,True,True,21933,00 e3 21 e3 21 e0 00 e0 00 e0 00 e0 00 e0 00 e0,0,0,3446,1395,open copier:2106;confined copier:1;non-copier:1339,1235,open copier,ff 41 00 41 00 41 00 41 00 41 00 41 00 41 00 41,3,4269,0.5,1.0,0.0,1235,ff 41 00 41 00 41 00 41 00 41 00 41 00 41 00 41,21933,00 e3 21 e3 21 e0 00 e0 00 e0 00 e0 00 e0 00 e0,True,,open copier,3712,open copier,3712
31003,22892,24,15053,4309,True,True,True,21933,00 e3 21 e3 21 e0 00 e0 00 e0 00 e0 00 e0 00 e0,0,0,3446,1395,open copier:2106;confined copier:1;non-copier:1339,1235,open copier,ff 41 00 41 00 41 00 41 00 41 00 41 00 41 00 41,3,4269,0.5,1.0,0.0,1235,ff 41 00 41 00 41 00 41 00 41 00 41 00 41 00 41,21933,00 e3 21 e3 21 e0 00 e0 00 e0 00 e0 00 e0 00 e0,True,,open copier,3712,open copier,3712
31003,22892,25,4991,4422,True,True,True,21933,00 e3 21 e3 21 e0 00 e0 00 e0 00 e0 00 e0 00 e0,0,0,3446,1395,open copier:2106;confined copier:1;non-copier:1339,1235,open copier,ff 41 00 41 00 41 00 41 00 41 00 41 00 41 00 41,3,4269,0.5,1.0,0.0,1235,ff 41 00 41 00 41 00 41 00 41 00 41 00 41 00 41,21933,00 e3 21 e3 21 e0 00 e0 00 e0 00 e0 00 e0 00 e0,True,,open copier,3712,open copier,3712
31003,22892,26,11839,4368,True,True,True,21933,00 e3 21 e3 21 e0 00 e0 00 e0 00 e0 00 e0 00 e0,0,0,3446,1395,open copier:2106;confined copier:1;non-copier:1339,1235,open copier,ff 41 00 41 00 41 00 41 00 41 00 41 00 41 00 41,3,4269,0.5,1.0,0.0,1235,ff 41 00 41 00 41 00 41 00 41 00 41 00 41 00 41,21933,00 e3 21 e3 21 e0 00 e0 00 e0 00 e0 00 e0 00 e0,True,,open copier,3712,open copier,3712
31003,22892,27,4825,4401,True,True,True,21933,00 e3 21 e3 21 e0 00 e0 00 e0 00 e0 00 e0 00 e0,0,0,3446,1395,open copier:2106;confined copier:1;non-copier:1339,1235,open copier,ff 41 00 41 00 41 00 41 00 41 00 41 00 41 00 41,3,4269,0.5,1.0,0.0,1235,ff 41 00 41 00 41 00 41 00 41 00 41 00 41 00 41,21933,00 e3 21 e3 21 e0 00 e0 00 e0 00 e0 00 e0 00 e0,True,,open copier,3712,open copier,3712
31003,22892,28,7562,4417,True,True,True,21933,00 e3 21 e3 21 e0 00 e0 00 e0 00 e0 00 e0 00 e0,0,0,3446,1395,open copier:2106;confined copier:1;non-copier:1339,1235,open copier,ff 41 00 41 00 41 00 41 00 41 00 41 00 41 00 41,3,4269,0.5,1.0,0.0,1235,ff 41 00 41 00 41 00 41 00 41 00 41 00 41 00 41,21933,00 e3 21 e3 21 e0 00 e0 00 e0 00 e0 00 e0 00 e0,True,,open copier,3712,open copier,3712
31003,22892,29,19152,4317,True,True,True,21933,00 e3 21 e3 21 e0 00 e0 00 e0 00 e0 00 e0 00 e0,0,0,3446,1395,open copier:2106;confined copier:1;non-copier:1339,1235,open copier,ff 41 00 41 00 41 00 41 00 41 00 41 00 41 00 41,3,4269,0.5,1.0,0.0,1235,ff 41 00 41 00 41 00 41 00 41 00 41 00 41 00 41,21933,00 e3 21 e3 21 e0 00 e0 00 e0 00 e0 00 e0 00 e0,True,,open copier,3712,open copier,3712
31003,22892,30,6760,4437,True,True,True,21933,00 e3 21 e3 21 e0 00 e0 00 e0 00 e0 00 e0 00 e0,0,0,3446,1395,open copier:2106;confined copier:1;non-copier:1339,1235,open copier,ff 41 00 41 00 41 00 41 00 41 00 41 00 41 00 41,3,4269,0.5,1.0,0.0,1235,ff 41 00 41 00 41 00 41 00 41 00 41 00 41 00 41,21933,00 e3 21 e3 21 e0 00 e0 00 e0 00 e0 00 e0 00 e0,True,,open copier,3712,open copier,3712
31003,22892,31,15083,4398,True,True,True,21933,00 e3 21 e3 21 e0 00 e0 00 e0 00 e0 00 e0 00 e0,0,0,3446,1395,open copier:2106;confined copier:1;non-copier:1339,1235,open copier,ff 41 00 41 00 41 00 41 00 41 00 41 00 41 00 41,3,4269,0.5,1.0,0.0,1235,ff 41 00 41 00 41 00 41 00 41 00 41 00 41 00 41,21933,00 e3 21 e3 21 e0 00 e0 00 e0 00 e0 00 e0 00 e0,True,,open copier,3712,open copier,3712
31003,22892,32,11003,4298,True,True,True,21933,00 e3 21 e3 21 e0 00 e0 00 e0 00 e0 00 e0 00 e0,0,0,3446,1395,open copier:2106;confined copier:1;non-copier:1339,1235,open copier,ff 41 00 41 00 41 00 41 00 41 00 41 00 41 00 41,3,4269,0.5,1.0,0.0,1235,ff 41 00 41 00 41 00 41 00 41 00 41 00 41 00 41,21933,00 e3 21 e3 21 e0 00 e0 00 e0 00 e0 00 e0 00 e0,True,,open copier,3712,open copier,3712
31003,22892,33,12639,4439,True,True,True,21933,00 e3 21 e3 21 e0 00 e0 00 e0 00 e0 00 e0 00 e0,0,0,3446,1395,open copier:2106;confined copier:1;non-copier:1339,1235,open copier,ff 41 00 41 00 41 00 41 00 41 00 41 00 41 00 41,3,4269,0.5,1.0,0.0,1235,ff 41 00 41 00 41 00 41 00 41 00 41 00 41 00 41,21933,00 e3 21 e3 21 e0 00 e0 00 e0 00 e0 00 e0 00 e0,True,,open copier,3712,open copier,3712
31003,22892,34,10770,4313,True,True,True,21933,00 e3 21 e3 21 e0 00 e0 00 e0 00 e0 00 e0 00 e0,0,0,3446,1395,open copier:2106;confined copier:1;non-copier:1339,1235,open copier,ff 41 00 41 00 41 00 41 00 41 00 41 00 41 00 41,3,4269,0.5,1.0,0.0,1235,ff 41 00 41 00 41 00 41 00 41 00 41 00 41 00 41,21933,00 e3 21 e3 21 e0 00 e0 00 e0 00 e0 00 e0 00 e0,True,,open copier,3712,open copier,3712
31003,22892,35,1812,4300,True,True,True,21933,00 e3 21 e3 21 e0 00 e0 00 e0 00 e0 00 e0 00 e0,0,0,3446,1395,open copier:2106;confined copier:1;non-copier:1339,1235,open copier,ff 41 00 41 00 41 00 41 00 41 00 41 00 41 00 41,3,4269,0.5,1.0,0.0,1235,ff 41 00 41 00 41 00 41 00 41 00 41 00 41 00 41,21933,00 e3 21 e3 21 e0 00 e0 00 e0 00 e0 00 e0 00 e0,True,,open copier,3712,open copier,3712
31003,22892,36,6383,4467,True,True,True,21933,00 e3 21 e3 21 e0 00 e0 00 e0 00 e0 00 e0 00 e0,0,0,3446,1395,open copier:2106;confined copier:1;non-copier:1339,1235,open copier,ff 41 00 41 00 41 00 41 00 41 00 41 00 41 00 41,3,4269,0.5,1.0,0.0,1235,ff 41 00 41 00 41 00 41 00 41 00 41 00 41 00 41,21933,00 e3 21 e3 21 e0 00 e0 00 e0 00 e0 00 e0 00 e0,True,,open copier,3712,open copier,3712
31003,22892,37,1346,4321,True,True,True,21933,00 e3 21 e3 21 e0 00 e0 00 e0 00 e0 00 e0 00 e0,0,0,3446,1395,open copier:2106;confined copier:1;non-copier:1339,1235,open copier,ff 41 00 41 00 41 00 41 00 41 00 41 00 41 00 41,3,4269,0.5,1.0,0.0,1235,ff 41 00 41 00 41 00 41 00 41 00 41 00 41 00 41,21933,00 e3 21 e3 21 e0 00 e0 00 e0 00 e0 00 e0 00 e0,True,,open copier,3712,open copier,3712
31003,22892,38,6897,4338,True,True,True,21933,00 e3 21 e3 21 e0 00 e0 00 e0 00 e0 00 e0 00 e0,0,0,3446,1395,open copier:2106;confined copier:1;non-copier:1339,1235,open copier,ff 41 00 41 00 41 00 41 00 41 00 41 00 41 00 41,3,4269,0.5,1.0,0.0,1235,ff 41 00 41 00 41 00 41 00 41 00 41 00 41 00 41,21933,00 e3 21 e3 21 e0 00 e0 00 e0 00 e0 00 e0 00 e0,True,,open copier,3712,open copier,3712
31003,22892,39,19209,4281,True,True,True,21933,00 e3 21 e3 21 e0 00 e0 00 e0 00 e0 00 e0 00 e0,0,0,3446,1395,open copier:2106;confined copier:1;non-copier:1339,1235,open copier,ff 41 00 41 00 41 00 41 00 41 00 41 00 41 00 41,3,4269,0.5,1.0,0.0,1235,ff 41 00 41 00 41 00 41 00 41 00 41 00 41 00 41,21933,00 e3 21 e3 21 e0 00 e0 00 e0 00 e0 00 e0 00 e0,True,,open copier,3712,open copier,3712
31003,22892,40,2639,4383,True,True,True,21933,00 e3 21 e3 21 e0 00 e0 00 e0 00 e0 00 e0 00 e0,0,0,3446,1395,open copier:2106;confined copier:1;non-copier:1339,1235,open copier,ff 41 00 41 00 41 00 41 00 41 00 41 00 41 00 41,3,4269,0.5,1.0,0.0,1235,ff 41 00 41 00 41 00 41 00 41 00 41 00 41 00 41,21933,00 e3 21 e3 21 e0 00 e0 00 e0 00 e0 00 e0 00 e0,True,,open copier,3712,open copier,3712
31003,22892,41,19049,4282,True,True,True,21933,00 e3 21 e3 21 e0 00 e0 00 e0 00 e0 00 e0 00 e0,0,0,3446,1395,open copier:2106;confined copier:1;non-copier:1339,1235,open copier,ff 41 00 41 00 41 00 41 00 41 00 41 00 41 00 41,3,4269,0.5,1.0,0.0,1235,ff 41 00 41 00 41 00 41 00 41 00 41 00 41 00 41,21933,00 e3 21 e3 21 e0 00 e0 00 e0 00 e0 00 e0 00 e0,True,,open copier,3712,open copier,3712
31003,22892,42,6331,4415,True,True,True,21933,00 e3 21 e3 21 e0 00 e0 00 e0 00 e0 00 e0 00 e0,0,0,3446,1395,open copier:2106;confined copier:1;non-copier:1339,1235,open copier,ff 41 00 41 00 41 00 41 00 41 00 41 00 41 00 41,3,4269,0.5,1.0,0.0,1235,ff 41 00 41 00 41 00 41 00 41 00 41 00 41 00 41,21933,00 e3 21 e3 21 e0 00 e0 00 e0 00 e0 00 e0 00 e0,True,,open copier,3712,open copier,3712
31003,22892,43,17633,4346,True,True,True,21933,00 e3 21 e3 21 e0 00 e0 00 e0 00 e0 00 e0 00 e0,0,0,3446,1395,open copier:2106;confined copier:1;non-copier:1339,1235,open copier,ff 41 00 41 00 41 00 41 00 41 00 41 00 41 00 41,3,4269,0.5,1.0,0.0,1235,ff 41 00 41 00 41 00 41 00 41 00 41 00 41 00 41,21933,00 e3 21 e3 21 e0 00 e0 00 e0 00 e0 00 e0 00 e0,True,,open copier,3712,open copier,3712
31003,22892,44,11773,4265,True,True,True,21933,00 e3 21 e3 21 e0 00 e0 00 e0 00 e0 00 e0 00 e0,0,0,3446,1395,open copier:2106;confined copier:1;non-copier:1339,1235,open copier,ff 41 00 41 00 41 00 41 00 41 00 41 00 41 00 41,3,4269,0.5,1.0,0.0,1235,ff 41 00 41 00 41 00 41 00 41 00 41 00 41 00 41,21933,00 e3 21 e3 21 e0 00 e0 00 e0 00 e0 00 e0 00 e0,True,,open copier,3712,open copier,3712
31003,22892,45,6862,4438,True,True,True,21933,00 e3 21 e3 21 e0 00 e0 00 e0 00 e0 00 e0 00 e0,0,0,3446,1395,open copier:2106;confined copier:1;non-copier:1339,1235,open copier,ff 41 00 41 00 41 00 41 00 41 00 41 00 41 00 41,3,4269,0.5,1.0,0.0,1235,ff 41 00 41 00 41 00 41 00 41 00 41 00 41 00 41,21933,00 e3 21 e3 21 e0 00 e0 00 e0 00 e0 00 e0 00 e0,True,,open copier,3712,open copier,3712
31003,22892,46,13152,4401,True,True,True,21933,00 e3 21 e3 21 e0 00 e0 00 e0 00 e0 00 e0 00 e0,0,0,3446,1395,open copier:2106;confined copier:1;non-copier:1339,1235,open copier,ff 41 00 41 00 41 00 41 00 41 00 41 00 41 00 41,3,4269,0.5,1.0,0.0,1235,ff 41 00 41 00 41 00 41 00 41 00 41 00 41 00 41,21933,00 e3 21 e3 21 e0 00 e0 00 e0 00 e0 00 e0 00 e0,True,,open copier,3712,open copier,3712
31003,22892,47,8974,4305,True,True,True,21933,00 e3 21 e3 21 e0 00 e0 00 e0 00 e0 00 e0 00 e0,0,0,3446,1395,open copier:2106;confined copier:1;non-copier:1339,1235,open copier,ff 41 00 41 00 41 00 41 00 41 00 41 00 41 00 41,3,4269,0.5,1.0,0.0,1235,ff 41 00 41 00 41 00 41 00 41 00 41 00 41 00 41,21933,00 e3 21 e3 21 e0 00 e0 00 e0 00 e0 00 e0 00 e0,True,,open copier,3712,open copier,3712
31003,22892,48,10728,4417,True,True,True,21933,00 e3 21 e3 21 e0 00 e0 00 e0 00 e0 00 e0 00 e0,0,0,3446,1395,open copier:2106;confined copier:1;non-copier:1339,1235,open copier,ff 41 00 41 00 41 00 41 00 41 00 41 00 41 00 41,3,4269,0.5,1.0,0.0,1235,ff 41 00 41 00 41 00 41 00 41 00 41 00 41 00 41,21933,00 e3 21 e3 21 e0 00 e0 00 e0 00 e0 00 e0 00 e0,True,,open copier,3712,open copier,3712
31003,22892,49,8698,4346,True,True,True,21933,00 e3 21 e3 21 e0 00 e0 00 e0 00 e0 00 e0 00 e0,0,0,3446,1395,open copier:2106;confined copier:1;non-copier:1339,1235,open copier,ff 41 00 41 00 41 00 41 00 41 00 41 00 41 00 41,3,4269,0.5,1.0,0.0,1235,ff 41 00 41 00 41 00 41 00 41 00 41 00 41 00 41,21933,00 e3 21 e3 21 e0 00 e0 00 e0 00 e0 00 e0 00 e0,True,,open copier,3712,open copier,3712
31003,22892,50,13378,4286,True,True,True,21933,00 e3 21 e3 21 e0 00 e0 00 e0 00 e0 00 e0 00 e0,0,0,3446,1395,open copier:2106;confined copier:1;non-copier:1339,1235,open copier,ff 41 00 41 00 41 00 41 00 41 00 41 00 41 00 41,3,4269,0.5,1.0,0.0,1235,ff 41 00 41 00 41 00 41 00 41 00 41 00 41 00 41,21933,00 e3 21 e3 21 e0 00 e0 00 e0 00 e0 00 e0 00 e0,True,,open copier,3712,open copier,3712
31003,22892,51,15199,4349,True,True,True,21933,00 e3 21 e3 21 e0 00 e0 00 e0 00 e0 00 e0 00 e0,0,0,3446,1395,open copier:2106;confined copier:1;non-copier:1339,1235,open copier,ff 41 00 41 00 41 00 41 00 41 00 41 00 41 00 41,3,4269,0.5,1.0,0.0,1235,ff 41 00 41 00 41 00 41 00 41 00 41 00 41 00 41,21933,00 e3 21 e3 21 e0 00 e0 00 e0 00 e0 00 e0 00 e0,True,,open copier,3712,open copier,3712
31003,22892,52,14909,4377,True,True,True,21933,00 e3 21 e3 21 e0 00 e0 00 e0 00 e0 00 e0 00 e0,0,0,3446,1395,open copier:2106;confined copier:1;non-copier:1339,1235,open copier,ff 41 00 41 00 41 00 41 00 41 00 41 00 41 00 41,3,4269,0.5,1.0,0.0,1235,ff 41 00 41 00 41 00 41 00 41 00 41 00 41 00 41,21933,00 e3 21 e3 21 e0 00 e0 00 e0 00 e0 00 e0 00 e0,True,,open copier,3712,open copier,3712
31003,22892,53,10327,4193,True,True,True,21933,00 e3 21 e3 21 e0 00 e0 00 e0 00 e0 00 e0 00 e0,0,0,3446,1395,open copier:2106;confined copier:1;non-copier:1339,1235,open copier,ff 41 00 41 00 41 00 41 00 41 00 41 00 41 00 41,3,4269,0.5,1.0,0.0,1235,ff 41 00 41 00 41 00 41 00 41 00 41 00 41 00 41,21933,00 e3 21 e3 21 e0 00 e0 00 e0 00 e0 00 e0 00 e0,True,,open copier,3712,open copier,3712
31003,22892,54,3598,4378,True,True,True,21933,00 e3 21 e3 21 e0 00 e0 00 e0 00 e0 00 e0 00 e0,0,0,3446,1395,open copier:2106;confined copier:1;non-copier:1339,1235,open copier,ff 41 00 41 00 41 00 41 00 41 00 41 00 41 00 41,3,4269,0.5,1.0,0.0,1235,ff 41 00 41 00 41 00 41 00 41 00 41 00 41 00 41,21933,00 e3 21 e3 21 e0 00 e0 00 e0 00 e0 00 e0 00 e0,True,,open copier,3712,open copier,3712
31003,22892,55,8419,4324,True,True,True,21933,00 e3 21 e3 21 e0 00 e0 00 e0 00 e0 00 e0 00 e0,0,0,3446,1395,open copier:2106;confined copier:1;non-copier:1339,1235,open copier,ff 41 00 41 00 41 00 41 00 41 00 41 00 41 00 41,3,4269,0.5,1.0,0.0,1235,ff 41 00 41 00 41 00 41 00 41 00 41 00 41 00 41,21933,00 e3 21 e3 21 e0 00 e0 00 e0 00 e0 00 e0 00 e0,True,,open copier,3712,open copier,3712
31003,22892,56,16491,4297,True,True,True,21933,00 e3 21 e3 21 e0 00 e0 00 e0 00 e0 00 e0 00 e0,0,0,3446,1395,open copier:2106;confined copier:1;non-copier:1339,1235,open copier,ff 41 00 41 00 41 00 41 00 41 00 41 00 41 00 41,3,4269,0.5,1.0,0.0,1235,ff 41 00 41 00 41 00 41 00 41 00 41 00 41 00 41,21933,00 e3 21 e3 21 e0 00 e0 00 e0 00 e0 00 e0 00 e0,True,,open copier,3712,open copier,3712
31003,22892,57,6110,4297,True,True,True,21933,00 e3 21 e3 21 e0 00 e0 00 e0 00 e0 00 e0 00 e0,0,0,3446,1395,open copier:2106;confined copier:1;non-copier:1339,1235,open copier,ff 41 00 41 00 41 00 41 00 41 00 41 00 41 00 41,3,4269,0.5,1.0,0.0,1235,ff 41 00 41 00 41 00 41 00 41 00 41 00 41 00 41,21933,00 e3 21 e3 21 e0 00 e0 00 e0 00 e0 00 e0 00 e0,True,,open copier,3712,open copier,3712
31003,22892,58,6295,4277,True,True,True,21933,00 e3 21 e3 21 e0 00 e0 00 e0 00 e0 00 e0 00 e0,0,0,3446,1395,open copier:2106;confined copier:1;non-copier:1339,1235,open copier,ff 41 00 41 00 41 00 41 00 41 00 41 00 41 00 41,3,4269,0.5,1.0,0.0,1235,ff 41 00 41 00 41 00 41 00 41 00 41 00 41 00 41,21933,00 e3 21 e3 21 e0 00 e0 00 e0 00 e0 00 e0 00 e0,True,,open copier,3712,open copier,3712
31003,22892,59,5124,4354,True,True,True,21933,00 e3 21 e3 21 e0 00 e0 00 e0 00 e0 00 e0 00 e0,0,0,3446,1395,open copier:2106;confined copier:1;non-copier:1339,1235,open copier,ff 41 00 41 00 41 00 41 00 41 00 41 00 41 00 41,3,4269,0.5,1.0,0.0,1235,ff 41 00 41 00 41 00 41 00 41 00 41 00 41 00 41,21933,00 e3 21 e3 21 e0 00 e0 00 e0 00 e0 00 e0 00 e0,True,,open copier,3712,open copier,3712
31003,22892,60,15350,4434,True,True,True,21933,00 e3 21 e3 21 e0 00 e0 00 e0 00 e0 00 e0 00 e0,0,0,3446,1395,open copier:2106;confined copier:1;non-copier:1339,1235,open copier,ff 41 00 41 00 41 00 41 00 41 00 41 00 41 00 41,3,4269,0.5,1.0,0.0,1235,ff 41 00 41 00 41 00 41 00 41 00 41 00 41 00 41,21933,00 e3 21 e3 21 e0 00 e0 00 e0 00 e0 00 e0 00 e0,True,,open copier,3712,open copier,3712
31003,22892,61,17045,4340,True,True,True,21933,00 e3 21 e3 21 e0 00 e0 00 e0 00 e0 00 e0 00 e0,0,0,3446,1395,open copier:2106;confined copier:1;non-copier:1339,1235,open copier,ff 41 00 41 00 41 00 41 00 41 00 41 00 41 00 41,3,4269,0.5,1.0,0.0,1235,ff 41 00 41 00 41 00 41 00 41 00 41 00 41 00 41,21933,00 e3 21 e3 21 e0 00 e0 00 e0 00 e0 00 e0 00 e0,True,,open copier,3712,open copier,3712
31003,22892,62,15744,4424,True,True,True,21933,00 e3 21 e3 21 e0 00 e0 00 e0 00 e0 00 e0 00 e0,0,0,3446,1395,open copier:2106;confined copier:1;non-copier:1339,1235,open copier,ff 41 00 41 00 41 00 41 00 41 00 41 00 41 00 41,3,4269,0.5,1.0,0.0,1235,ff 41 00 41 00 41 00 41 00 41 00 41 00 41 00 41,21933,00 e3 21 e3 21 e0 00 e0 00 e0 00 e0 00 e0 00 e0,True,,open copier,3712,open copier,3712
31003,22892,63,266,4354,True,True,True,21933,00 e3 21 e3 21 e0 00 e0 00 e0 00 e0 00 e0 00 e0,0,0,3446,1395,open copier:2106;confined copier:1;non-copier:1339,1235,open copier,ff 41 00 41 00 41 00 41 00 41 00 41 00 41 00 41,3,4269,0.5,1.0,0.0,1235,ff 41 00 41 00 41 00 41 00 41 00 41 00 41 00 41,21933,00 e3 21 e3 21 e0 00 e0 00 e0 00 e0 00 e0 00 e0,True,,open copier,3712,open copier,3712
31005,12440,0,3001,2823,True,True,True,10861,ed ed b0 1e b0 b0 ed ed ed b0 1e b0 1e b0 1e e6,0,0,1693,665,open copier:1119;confined copier:1;non-copier:573,1403,open copier,01 c5 01 c5 01 c5 01 c5 01 c5 01 c5 01 c5 01 c5,2,2774,0.703125,1.0,0.46875,1403,01 c5 01 c5 01 c5 01 c5 01 c5 01 c5 01 c5 01 c5,10861,ed ed b0 1e b0 b0 ed ed ed b0 1e b0 1e b0 1e e6,True,,open copier,1403,open copier,1403
31005,12440,1,8994,2805,True,True,False,13456,1e b0 c2 e5 49 ed b0 97 e9 e5 e9 e5 e9 e5 b0 97,0,0,1947,961,open copier:980;confined copier:1;non-copier:966,2104,open copier,01 c5 01 c5 01 c5 01 c5 01 c5 01 c5 01 c5 01 c5,3,5498,0.703125,1.0,0.46875,2104,01 c5 01 c5 01 c5 01 c5 01 c5 01 c5 01 c5 01 c5,13456,1e b0 c2 e5 49 ed b0 97 e9 e5 e9 e5 e9 e5 b0 97,True,,open copier,2104,open copier,2104
31005,12440,2,5497,3221,True,True,True,10861,ed ed b0 1e b0 b0 ed ed ed b0 1e b0 1e b0 1e e6,0,0,1693,665,open copier:1119;confined copier:1;non-copier:573,1403,open copier,01 c5 01 c5 01 c5 01 c5 01 c5 01 c5 01 c5 01 c5,2,2774,0.703125,1.0,0.46875,1403,01 c5 01 c5 01 c5 01 c5 01 c5 01 c5 01 c5 01 c5,10861,ed ed b0 1e b0 b0 ed ed ed b0 1e b0 1e b0 1e e6,True,,open copier,1403,open copier,1403
31005,12440,3,6785,2952,True,True,True,10861,ed ed b0 1e b0 b0 ed ed ed b0 1e b0 1e b0 1e e6,0,0,1693,665,open copier:1119;confined copier:1;non-copier:573,1403,open copier,01 c5 01 c5 01 c5 01 c5 01 c5 01 c5 01 c5 01 c5,2,2774,0.703125,1.0,0.46875,1403,01 c5 01 c5 01 c5 01 c5 01 c5 01 c5 01 c5 01 c5,10861,ed ed b0 1e b0 b0 ed ed ed b0 1e b0 1e b0 1e e6,True,,open copier,1403,open copier,1403
31005,12440,4,18268,2992,True,True,True,10861,ed ed b0 1e b0 b0 ed ed ed b0 1e b0 1e b0 1e e6,0,0,1693,665,open copier:1119;confined copier:1;non-copier:573,1403,open copier,01 c5 01 c5 01 c5 01 c5 01 c5 01 c5 01 c5 01 c5,2,2774,0.703125,1.0,0.46875,1403,01 c5 01 c5 01 c5 01 c5 01 c5 01 c5 01 c5 01 c5,10861,ed ed b0 1e b0 b0 ed ed ed b0 1e b0 1e b0 1e e6,True,,open copier,1403,open copier,1403
31005,12440,5,3818,2923,True,True,True,10861,ed ed b0 1e b0 b0 ed ed ed b0 1e b0 1e b0 1e e6,0,0,1693,665,open copier:1119;confined copier:1;non-copier:573,1403,open copier,01 c5 01 c5 01 c5 01 c5 01 c5 01 c5 01 c5 01 c5,2,2774,0.703125,1.0,0.46875,1403,01 c5 01 c5 01 c5 01 c5 01 c5 01 c5 01 c5 01 c5,10861,ed ed b0 1e b0 b0 ed ed ed b0 1e b0 1e b0 1e e6,True,,open copier,1403,open copier,1403
31005,12440,6,6494,2933,True,True,True,10861,ed ed b0 1e b0 b0 ed ed ed b0 1e b0 1e b0 1e e6,0,0,1693,665,open copier:1119;confined copier:1;non-copier:573,1403,open copier,01 c5 01 c5 01 c5 01 c5 01 c5 01 c5 01 c5 01 c5,2,2774,0.703125,1.0,0.46875,1403,01 c5 01 c5 01 c5 01 c5 01 c5 01 c5 01 c5 01 c5,10861,ed ed b0 1e b0 b0 ed ed ed b0 1e b0 1e b0 1e e6,True,,open copier,1403,open copier,1403
31005,12440,7,10071,2960,True,True,True,10861,ed ed b0 1e b0 b0 ed ed ed b0 1e b0 1e b0 1e e6,0,0,1693,665,open copier:1119;confined copier:1;non-copier:573,1403,open copier,01 c5 01 c5 01 c5 01 c5 01 c5 01 c5 01 c5 01 c5,2,2774,0.703125,1.0,0.46875,1403,01 c5 01 c5 01 c5 01 c5 01 c5 01 c5 01 c5 01 c5,10861,ed ed b0 1e b0 b0 ed ed ed b0 1e b0 1e b0 1e e6,True,,open copier,1403,open copier,1403
31005,12440,8,16519,2998,True,True,True,10861,ed ed b0 1e b0 b0 ed ed ed b0 1e b0 1e b0 1e e6,0,0,1693,665,open copier:1119;confined copier:1;non-copier:573,1403,open copier,01 c5 01 c5 01 c5 01 c5 01 c5 01 c5 01 c5 01 c5,2,2774,0.703125,1.0,0.46875,1403,01 c5 01 c5 01 c5 01 c5 01 c5 01 c5 01 c5 01 c5,10861,ed ed b0 1e b0 b0 ed ed ed b0 1e b0 1e b0 1e e6,True,,open copier,1403,open copier,1403
31005,12440,9,18638,2911,True,True,True,10861,ed ed b0 1e b0 b0 ed ed ed b0 1e b0 1e b0 1e e6,0,0,1693,665,open copier:1119;confined copier:1;non-copier:573,1403,open copier,01 c5 01 c5 01 c5 01 c5 01 c5 01 c5 01 c5 01 c5,2,2774,0.703125,1.0,0.46875,1403,01 c5 01 c5 01 c5 01 c5 01 c5 01 c5 01 c5 01 c5,10861,ed ed b0 1e b0 b0 ed ed ed b0 1e b0 1e b0 1e e6,True,,open copier,1403,open copier,1403
31005,12440,10,15942,2918,True,True,True,10861,ed ed b0 1e b0 b0 ed ed ed b0 1e b0 1e b0 1e e6,0,0,1693,665,open copier:1119;confined copier:1;non-copier:573,1403,open copier,01 c5 01 c5 01 c5 01 c5 01 c5 01 c5 01 c5 01 c5,2,2774,0.703125,1.0,0.46875,1403,01 c5 01 c5 01 c5 01 c5 01 c5 01 c5 01 c5 01 c5,10861,ed ed b0 1e b0 b0 ed ed ed b0 1e b0 1e b0 1e e6,True,,open copier,1403,open copier,1403
31005,12440,11,16464,2941,True,True,True,10861,ed ed b0 1e b0 b0 ed ed ed b0 1e b0 1e b0 1e e6,0,0,1693,665,open copier:1119;confined copier:1;non-copier:573,1403,open copier,01 c5 01 c5 01 c5 01 c5 01 c5 01 c5 01 c5 01 c5,2,2774,0.703125,1.0,0.46875,1403,01 c5 01 c5 01 c5 01 c5 01 c5 01 c5 01 c5 01 c5,10861,ed ed b0 1e b0 b0 ed ed ed b0 1e b0 1e b0 1e e6,True,,open copier,1403,open copier,1403
31005,12440,12,11096,2992,True,True,True,10861,ed ed b0 1e b0 b0 ed ed ed b0 1e b0 1e b0 1e e6,0,0,1693,665,open copier:1119;confined copier:1;non-copier:573,1403,open copier,01 c5 01 c5 01 c5 01 c5 01 c5 01 c5 01 c5 01 c5,2,2774,0.703125,1.0,0.46875,1403,01 c5 01 c5 01 c5 01 c5 01 c5 01 c5 01 c5 01 c5,10861,ed ed b0 1e b0 b0 ed ed ed b0 1e b0 1e b0 1e e6,True,,open copier,1403,open copier,1403
31005,12440,13,7211,2976,True,True,True,10861,ed ed b0 1e b0 b0 ed ed ed b0 1e b0 1e b0 1e e6,0,0,1693,665,open copier:1119;confined copier:1;non-copier:573,1403,open copier,01 c5 01 c5 01 c5 01 c5 01 c5 01 c5 01 c5 01 c5,2,2774,0.703125,1.0,0.46875,1403,01 c5 01 c5 01 c5 01 c5 01 c5 01 c5 01 c5 01 c5,10861,ed ed b0 1e b0 b0 ed ed ed b0 1e b0 1e b0 1e e6,True,,open copier,1403,open copier,1403
31005,12440,14,2054,2918,True,True,True,10861,ed ed b0 1e b0 b0 ed ed ed b0 1e b0 1e b0 1e e6,0,0,1693,665,open copier:1119;confined copier:1;non-copier:573,1403,open copier,01 c5 01 c5 01 c5 01 c5 01 c5 01 c5 01 c5 01 c5,2,2774,0.703125,1.0,0.46875,1403,01 c5 01 c5 01 c5 01 c5 01 c5 01 c5 01 c5 01 c5,10861,ed ed b0 1e b0 b0 ed ed ed b0 1e b0 1e b0 1e e6,True,,open copier,1403,open copier,1403
31005,12440,15,4628,2926,True,True,True,10861,ed ed b0 1e b0 b0 ed ed ed b0 1e b0 1e b0 1e e6,0,0,1693,665,open copier:1119;confined copier:1;non-copier:573,1403,open copier,01 c5 01 c5 01 c5 01 c5 01 c5 01 c5 01 c5 01 c5,2,2774,0.703125,1.0,0.46875,1403,01 c5 01 c5 01 c5 01 c5 01 c5 01 c5 01 c5 01 c5,10861,ed ed b0 1e b0 b0 ed ed ed b0 1e b0 1e b0 1e e6,True,,open copier,1403,open copier,1403
31005,12440,16,15133,2956,True,True,True,10861,ed ed b0 1e b0 b0 ed ed ed b0 1e b0 1e b0 1e e6,0,0,1693,665,open copier:1119;confined copier:1;non-copier:573,1403,open copier,01 c5 01 c5 01 c5 01 c5 01 c5 01 c5 01 c5 01 c5,2,2774,0.703125,1.0,0.46875,1403,01 c5 01 c5 01 c5 01 c5 01 c5 01 c5 01 c5 01 c5,10861,ed ed b0 1e b0 b0 ed ed ed b0 1e b0 1e b0 1e e6,True,,open copier,1403,open copier,1403
31005,12440,17,8023,2797,True,True,False,13456,1e b0 c2 e5 49 ed b0 97 e9 e5 e9 e5 e9 e5 b0 97,0,0,1947,961,open copier:980;confined copier:1;non-copier:966,2104,open copier,01 c5 01 c5 01 c5 01 c5 01 c5 01 c5 01 c5 01 c5,3,5498,0.703125,1.0,0.46875,2104,01 c5 01 c5 01 c5 01 c5 01 c5 01 c5 01 c5 01 c5,13456,1e b0 c2 e5 49 ed b0 97 e9 e5 e9 e5 e9 e5 b0 97,True,,open copier,2104,open copier,2104
31005,12440,18,11122,2926,True,True,True,10861,ed ed b0 1e b0 b0 ed ed ed b0 1e b0 1e b0 1e e6,0,0,1693,665,open copier:1119;confined copier:1;non-copier:573,1403,open copier,01 c5 01 c5 01 c5 01 c5 01 c5 01 c5 01 c5 01 c5,2,2774,0.703125,1.0,0.46875,1403,01 c5 01 c5 01 c5 01 c5 01 c5 01 c5 01 c5 01 c5,10861,ed ed b0 1e b0 b0 ed ed ed b0 1e b0 1e b0 1e e6,True,,open copier,1403,open copier,1403
31005,12440,19,12039,2940,True,True,True,10861,ed ed b0 1e b0 b0 ed ed ed b0 1e b0 1e b0 1e e6,0,0,1693,665,open copier:1119;confined copier:1;non-copier:573,1403,open copier,01 c5 01 c5 01 c5 01 c5 01 c5 01 c5 01 c5 01 c5,2,2774,0.703125,1.0,0.46875,1403,01 c5 01 c5 01 c5 01 c5 01 c5 01 c5 01 c5 01 c5,10861,ed ed b0 1e b0 b0 ed ed ed b0 1e b0 1e b0 1e e6,True,,open copier,1403,open copier,1403
31005,12440,20,3916,2883,True,True,True,10861,ed ed b0 1e b0 b0 ed ed ed b0 1e b0 1e b0 1e e6,0,0,1693,665,open copier:1119;confined copier:1;non-copier:573,1403,open copier,01 c5 01 c5 01 c5 01 c5 01 c5 01 c5 01 c5 01 c5,2,2774,0.703125,1.0,0.46875,1403,01 c5 01 c5 01 c5 01 c5 01 c5 01 c5 01 c5 01 c5,10861,ed ed b0 1e b0 b0 ed ed ed b0 1e b0 1e b0 1e e6,True,,open copier,1403,open copier,1403
31005,12440,21,9502,2975,True,True,True,10861,ed ed b0 1e b0 b0 ed ed ed b0 1e b0 1e b0 1e e6,0,0,1693,665,open copier:1119;confined copier:1;non-copier:573,1403,open copier,01 c5 01 c5 01 c5 01 c5 01 c5 01 c5 01 c5 01 c5,2,2774,0.703125,1.0,0.46875,1403,01 c5 01 c5 01 c5 01 c5 01 c5 01 c5 01 c5 01 c5,10861,ed ed b0 1e b0 b0 ed ed ed b0 1e b0 1e b0 1e e6,True,,open copier,1403,open copier,1403
31005,12440,22,12197,2930,True,True,True,10861,ed ed b0 1e b0 b0 ed ed ed b0 1e b0 1e b0 1e e6,0,0,1693,665,open copier:1119;confined copier:1;non-copier:573,1403,open copier,01 c5 01 c5 01 c5 01 c5 01 c5 01 c5 01 c5 01 c5,2,2774,0.703125,1.0,0.46875,1403,01 c5 01 c5 01 c5 01 c5 01 c5 01 c5 01 c5 01 c5,10861,ed ed b0 1e b0 b0 ed ed ed b0 1e b0 1e b0 1e e6,True,,open copier,1403,open copier,1403
31005,12440,23,17851,2930,True,True,True,10861,ed ed b0 1e b0 b0 ed ed ed b0 1e b0 1e b0 1e e6,0,0,1693,665,open copier:1119;confined copier:1;non-copier:573,1403,open copier,01 c5 01 c5 01 c5 01 c5 01 c5 01 c5 01 c5 01 c5,2,2774,0.703125,1.0,0.46875,1403,01 c5 01 c5 01 c5 01 c5 01 c5 01 c5 01 c5 01 c5,10861,ed ed b0 1e b0 b0 ed ed ed b0 1e b0 1e b0 1e e6,True,,open copier,1403,open copier,1403
31005,12440,24,6110,2940,True,True,True,10861,ed ed b0 1e b0 b0 ed ed ed b0 1e b0 1e b0 1e e6,0,0,1693,665,open copier:1119;confined copier:1;non-copier:573,1403,open copier,01 c5 01 c5 01 c5 01 c5 01 c5 01 c5 01 c5 01 c5,2,2774,0.703125,1.0,0.46875,1403,01 c5 01 c5 01 c5 01 c5 01 c5 01 c5 01 c5 01 c5,10861,ed ed b0 1e b0 b0 ed ed ed b0 1e b0 1e b0 1e e6,True,,open copier,1403,open copier,1403
31005,12440,25,19689,2778,True,True,False,13456,1e b0 c2 e5 49 ed b0 97 e9 e5 e9 e5 e9 e5 b0 97,0,0,1947,961,open copier:980;confined copier:1;non-copier:966,2104,open copier,01 c5 01 c5 01 c5 01 c5 01 c5 01 c5 01 c5 01 c5,3,5498,0.703125,1.0,0.46875,2104,01 c5 01 c5 01 c5 01 c5 01 c5 01 c5 01 c5 01 c5,13456,1e b0 c2 e5 49 ed b0 97 e9 e5 e9 e5 e9 e5 b0 97,True,,open copier,2104,open copier,2104
31005,12440,26,12829,2802,True,True,False,13456,1e b0 c2 e5 49 ed b0 97 e9 e5 e9 e5 e9 e5 b0 97,0,0,1947,961,open copier:980;confined copier:1;non-copier:966,2104,open copier,01 c5 01 c5 01 c5 01 c5 01 c5 01 c5 01 c5 01 c5,3,5498,0.703125,1.0,0.46875,2104,01 c5 01 c5 01 c5 01 c5 01 c5 01 c5 01 c5 01 c5,13456,1e b0 c2 e5 49 ed b0 97 e9 e5 e9 e5 e9 e5 b0 97,True,,open copier,2104,open copier,2104
31005,12440,27,19823,2896,True,True,True,10861,ed ed b0 1e b0 b0 ed ed ed b0 1e b0 1e b0 1e e6,0,0,1693,665,open copier:1119;confined copier:1;non-copier:573,1403,open copier,01 c5 01 c5 01 c5 01 c5 01 c5 01 c5 01 c5 01 c5,2,2774,0.703125,1.0,0.46875,1403,01 c5 01 c5 01 c5 01 c5 01 c5 01 c5 01 c5 01 c5,10861,ed ed b0 1e b0 b0 ed ed ed b0 1e b0 1e b0 1e e6,True,,open copier,1403,open copier,1403
31005,12440,28,1354,2887,True,True,True,10861,ed ed b0 1e b0 b0 ed ed ed b0 1e b0 1e b0 1e e6,0,0,1693,665,open copier:1119;confined copier:1;non-copier:573,1403,open copier,01 c5 01 c5 01 c5 01 c5 01 c5 01 c5 01 c5 01 c5,2,2774,0.703125,1.0,0.46875,1403,01 c5 01 c5 01 c5 01 c5 01 c5 01 c5 01 c5 01 c5,10861,ed ed b0 1e b0 b0 ed ed ed b0 1e b0 1e b0 1e e6,True,,open copier,1403,open copier,1403
31005,12440,29,15431,2780,True,True,False,13456,1e b0 c2 e5 49 ed b0 97 e9 e5 e9 e5 e9 e5 b0 97,0,0,1947,961,open copier:980;confined copier:1;non-copier:966,2104,open copier,01 c5 01 c5 01 c5 01 c5 01 c5 01 c5 01 c5 01 c5,3,5498,0.703125,1.0,0.46875,2104,01 c5 01 c5 01 c5 01 c5 01 c5 01 c5 01 c5 01 c5,13456,1e b0 c2 e5 49 ed b0 97 e9 e5 e9 e5 e9 e5 b0 97,True,,open copier,2104,open copier,2104
31005,12440,30,4633,2945,True,True,True,10861,ed ed b0 1e b0 b0 ed ed ed b0 1e b0 1e b0 1e e6,0,0,1693,665,open copier:1119;confined copier:1;non-copier:573,1403,open copier,01 c5 01 c5 01 c5 01 c5 01 c5 01 c5 01 c5 01 c5,2,2774,0.703125,1.0,0.46875,1403,01 c5 01 c5 01 c5 01 c5 01 c5 01 c5 01 c5 01 c5,10861,ed ed b0 1e b0 b0 ed ed ed b0 1e b0 1e b0 1e e6,True,,open copier,1403,open copier,1403
31005,12440,31,15001,2950,True,True,True,10861,ed ed b0 1e b0 b0 ed ed ed b0 1e b0 1e b0 1e e6,0,0,1693,665,open copier:1119;confined copier:1;non-copier:573,1403,open copier,01 c5 01 c5 01 c5 01 c5 01 c5 01 c5 01 c5 01 c5,2,2774,0.703125,1.0,0.46875,1403,01 c5 01 c5 01 c5 01 c5 01 c5 01 c5 01 c5 01 c5,10861,ed ed b0 1e b0 b0 ed ed ed b0 1e b0 1e b0 1e e6,True,,open copier,1403,open copier,1403
31005,12440,32,5547,2878,True,True,True,10861,ed ed b0 1e b0 b0 ed ed ed b0 1e b0 1e b0 1e e6,0,0,1693,665,open copier:1119;confined copier:1;non-copier:573,1403,open copier,01 c5 01 c5 01 c5 01 c5 01 c5 01 c5 01 c5 01 c5,2,2774,0.703125,1.0,0.46875,1403,01 c5 01 c5 01 c5 01 c5 01 c5 01 c5 01 c5 01 c5,10861,ed ed b0 1e b0 b0 ed ed ed b0 1e b0 1e b0 1e e6,True,,open copier,1403,open copier,1403
31005,12440,33,19912,3000,True,True,True,10861,ed ed b0 1e b0 b0 ed ed ed b0 1e b0 1e b0 1e e6,0,0,1693,665,open copier:1119;confined copier:1;non-copier:573,1403,open copier,01 c5 01 c5 01 c5 01 c5 01 c5 01 c5 01 c5 01 c5,2,2774,0.703125,1.0,0.46875,1403,01 c5 01 c5 01 c5 01 c5 01 c5 01 c5 01 c5 01 c5,10861,ed ed b0 1e b0 b0 ed ed ed b0 1e b0 1e b0 1e e6,True,,open copier,1403,open copier,1403
31005,12440,34,14986,2974,True,True,True,10861,ed ed b0 1e b0 b0 ed ed ed b0 1e b0 1e b0 1e e6,0,0,1693,665,open copier:1119;confined copier:1;non-copier:573,1403,open copier,01 c5 01 c5 01 c5 01 c5 01 c5 01 c5 01 c5 01 c5,2,2774,0.703125,1.0,0.46875,1403,01 c5 01 c5 01 c5 01 c5 01 c5 01 c5 01 c5 01 c5,10861,ed ed b0 1e b0 b0 ed ed ed b0 1e b0 1e b0 1e e6,True,,open copier,1403,open copier,1403
31005,12440,35,8423,2979,True,True,True,10861,ed ed b0 1e b0 b0 ed ed ed b0 1e b0 1e b0 1e e6,0,0,1693,665,open copier:1119;confined copier:1;non-copier:573,1403,open copier,01 c5 01 c5 01 c5 01 c5 01 c5 01 c5 01 c5 01 c5,2,2774,0.703125,1.0,0.46875,1403,01 c5 01 c5 01 c5 01 c5 01 c5 01 c5 01 c5 01 c5,10861,ed ed b0 1e b0 b0 ed ed ed b0 1e b0 1e b0 1e e6,True,,open copier,1403,open copier,1403
31005,12440,36,11665,2943,True,True,True,10861,ed ed b0 1e b0 b0 ed ed ed b0 1e b0 1e b0 1e e6,0,0,1693,665,open copier:1119;confined copier:1;non-copier:573,1403,open copier,01 c5 01 c5 01 c5 01 c5 01 c5 01 c5 01 c5 01 c5,2,2774,0.703125,1.0,0.46875,1403,01 c5 01 c5 01 c5 01 c5 01 c5 01 c5 01 c5 01 c5,10861,ed ed b0 1e b0 b0 ed ed ed b0 1e b0 1e b0 1e e6,True,,open copier,1403,open copier,1403
31005,12440,37,14968,2915,True,True,True,10861,ed ed b0 1e b0 b0 ed ed ed b0 1e b0 1e b0 1e e6,0,0,1693,665,open copier:1119;confined copier:1;non-copier:573,1403,open copier,01 c5 01 c5 01 c5 01 c5 01 c5 01 c5 01 c5 01 c5,2,2774,0.703125,1.0,0.46875,1403,01 c5 01 c5 01 c5 01 c5 01 c5 01 c5 01 c5 01 c5,10861,ed ed b0 1e b0 b0 ed ed ed b0 1e b0 1e b0 1e e6,True,,open copier,1403,open copier,1403
31005,12440,38,3513,2836,True,True,True,10861,ed ed b0 1e b0 b0 ed ed ed b0 1e b0 1e b0 1e e6,0,0,1693,665,open copier:1119;confined copier:1;non-copier:573,1403,open copier,01 c5 01 c5 01 c5 01 c5 01 c5 01 c5 01 c5 01 c5,2,2774,0.703125,1.0,0.46875,1403,01 c5 01 c5 01 c5 01 c5 01 c5 01 c5 01 c5 01 c5,10861,ed ed b0 1e b0 b0 ed ed ed b0 1e b0 1e b0 1e e6,True,,open copier,1403,open copier,1403
31005,12440,39,7539,2800,True,True,False,13456,1e b0 c2 e5 49 ed b0 97 e9 e5 e9 e5 e9 e5 b0 97,0,0,1947,961,open copier:980;confined copier:1;non-copier:966,2104,open copier,01 c5 01 c5 01 c5 01 c5 01 c5 01 c5 01 c5 01 c5,3,5498,0.703125,1.0,0.46875,2104,01 c5 01 c5 01 c5 01 c5 01 c5 01 c5 01 c5 01 c5,13456,1e b0 c2 e5 49 ed b0 97 e9 e5 e9 e5 e9 e5 b0 97,True,,open copier,2104,open copier,2104
31005,12440,40,17875,2924,True,True,True,10861,ed ed b0 1e b0 b0 ed ed ed b0 1e b0 1e b0 1e e6,0,0,1693,665,open copier:1119;confined copier:1;non-copier:573,1403,open copier,01 c5 01 c5 01 c5 01 c5 01 c5 01 c5 01 c5 01 c5,2,2774,0.703125,1.0,0.46875,1403,01 c5 01 c5 01 c5 01 c5 01 c5 01 c5 01 c5 01 c5,10861,ed ed b0 1e b0 b0 ed ed ed b0 1e b0 1e b0 1e e6,True,,open copier,1403,open copier,1403
31005,12440,41,19850,2780,True,True,False,13456,1e b0 c2 e5 49 ed b0 97 e9 e5 e9 e5 e9 e5 b0 97,0,0,1947,961,open copier:980;confined copier:1;non-copier:966,2104,open copier,01 c5 01 c5 01 c5 01 c5 01 c5 01 c5 01 c5 01 c5,3,5498,0.703125,1.0,0.46875,2104,01 c5 01 c5 01 c5 01 c5 01 c5 01 c5 01 c5 01 c5,13456,1e b0 c2 e5 49 ed b0 97 e9 e5 e9 e5 e9 e5 b0 97,True,,open copier,2104,open copier,2104
31005,12440,42,2845,2931,True,True,True,10861,ed ed b0 1e b0 b0 ed ed ed b0 1e b0 1e b0 1e e6,0,0,1693,665,open copier:1119;confined copier:1;non-copier:573,1403,open copier,01 c5 01 c5 01 c5 01 c5 01 c5 01 c5 01 c5 01 c5,2,2774,0.703125,1.0,0.46875,1403,01 c5 01 c5 01 c5 01 c5 01 c5 01 c5 01 c5 01 c5,10861,ed ed b0 1e b0 b0 ed ed ed b0 1e b0 1e b0 1e e6,True,,open copier,1403,open copier,1403
31005,12440,43,15134,2955,True,True,True,10861,ed ed b0 1e b0 b0 ed ed ed b0 1e b0 1e b0 1e e6,0,0,1693,665,open copier:1119;confined copier:1;non-copier:573,1403,open copier,01 c5 01 c5 01 c5 01 c5 01 c5 01 c5 01 c5 01 c5,2,2774,0.703125,1.0,0.46875,1403,01 c5 01 c5 01 c5 01 c5 01 c5 01 c5 01 c5 01 c5,10861,ed ed b0 1e b0 b0 ed ed ed b0 1e b0 1e b0 1e e6,True,,open copier,1403,open copier,1403
31005,12440,44,7057,2978,True,True,True,10861,ed ed b0 1e b0 b0 ed ed ed b0 1e b0 1e b0 1e e6,0,0,1693,665,open copier:1119;confined copier:1;non-copier:573,1403,open copier,01 c5 01 c5 01 c5 01 c5 01 c5 01 c5 01 c5 01 c5,2,2774,0.703125,1.0,0.46875,1403,01 c5 01 c5 01 c5 01 c5 01 c5 01 c5 01 c5 01 c5,10861,ed ed b0 1e b0 b0 ed ed ed b0 1e b0 1e b0 1e e6,True,,open copier,1403,open copier,1403
31005,12440,45,12803,2772,True,True,False,13456,1e b0 c2 e5 49 ed b0 97 e9 e5 e9 e5 e9 e5 b0 97,0,0,1947,961,open copier:980;confined copier:1;non-copier:966,2104,open copier,01 c5 01 c5 01 c5 01 c5 01 c5 01 c5 01 c5 01 c5,3,5498,0.703125,1.0,0.46875,2104,01 c5 01 c5 01 c5 01 c5 01 c5 01 c5 01 c5 01 c5,13456,1e b0 c2 e5 49 ed b0 97 e9 e5 e9 e5 e9 e5 b0 97,True,,open copier,2104,open copier,2104
31005,12440,46,15186,2957,True,True,True,10861,ed ed b0 1e b0 b0 ed ed ed b0 1e b0 1e b0 1e e6,0,0,1693,665,open copier:1119;confined copier:1;non-copier:573,1403,open copier,01 c5 01 c5 01 c5 01 c5 01 c5 01 c5 01 c5 01 c5,2,2774,0.703125,1.0,0.46875,1403,01 c5 01 c5 01 c5 01 c5 01 c5 01 c5 01 c5 01 c5,10861,ed ed b0 1e b0 b0 ed ed ed b0 1e b0 1e b0 1e e6,True,,open copier,1403,open copier,1403
31005,12440,47,16221,3006,True,True,True,10861,ed ed b0 1e b0 b0 ed ed ed b0 1e b0 1e b0 1e e6,0,0,1693,665,open copier:1119;confined copier:1;non-copier:573,1403,open copier,01 c5 01 c5 01 c5 01 c5 01 c5 01 c5 01 c5 01 c5,2,2774,0.703125,1.0,0.46875,1403,01 c5 01 c5 01 c5 01 c5 01 c5 01 c5 01 c5 01 c5,10861,ed ed b0 1e b0 b0 ed ed ed b0 1e b0 1e b0 1e e6,True,,open copier,1403,open copier,1403
31005,12440,48,18549,2931,True,True,True,10861,ed ed b0 1e b0 b0 ed ed ed b0 1e b0 1e b0 1e e6,0,0,1693,665,open copier:1119;confined copier:1;non-copier:573,1403,open copier,01 c5 01 c5 01 c5 01 c5 01 c5 01 c5 01 c5 01 c5,2,2774,0.703125,1.0,0.46875,1403,01 c5 01 c5 01 c5 01 c5 01 c5 01 c5 01 c5 01 c5,10861,ed ed b0 1e b0 b0 ed ed ed b0 1e b0 1e b0 1e e6,True,,open copier,1403,open copier,1403
31005,12440,49,5881,2842,True,True,True,10861,ed ed b0 1e b0 b0 ed ed ed b0 1e b0 1e b0 1e e6,0,0,1693,665,open copier:1119;confined copier:1;non-copier:573,1403,open copier,01 c5 01 c5 01 c5 01 c5 01 c5 01 c5 01 c5 01 c5,2,2774,0.703125,1.0,0.46875,1403,01 c5 01 c5 01 c5 01 c5 01 c5 01 c5 01 c5 01 c5,10861,ed ed b0 1e b0 b0 ed ed ed b0 1e b0 1e b0 1e e6,True,,open copier,1403,open copier,1403
31005,12440,50,7552,2962,True,True,True,10861,ed ed b0 1e b0 b0 ed ed ed b0 1e b0 1e b0 1e e6,0,0,1693,665,open copier:1119;confined copier:1;non-copier:573,1403,open copier,01 c5 01 c5 01 c5 01 c5 01 c5 01 c5 01 c5 01 c5,2,2774,0.703125,1.0,0.46875,1403,01 c5 01 c5 01 c5 01 c5 01 c5 01 c5 01 c5 01 c5,10861,ed ed b0 1e b0 b0 ed ed ed b0 1e b0 1e b0 1e e6,True,,open copier,1403,open copier,1403
31005,12440,51,12448,2942,True,True,True,10861,ed ed b0 1e b0 b0 ed ed ed b0 1e b0 1e b0 1e e6,0,0,1693,665,open copier:1119;confined copier:1;non-copier:573,1403,open copier,01 c5 01 c5 01 c5 01 c5 01 c5 01 c5 01 c5 01 c5,2,2774,0.703125,1.0,0.46875,1403,01 c5 01 c5 01 c5 01 c5 01 c5 01 c5 01 c5 01 c5,10861,ed ed b0 1e b0 b0 ed ed ed b0 1e b0 1e b0 1e e6,True,,open copier,1403,open copier,1403
31005,12440,52,16047,2961,True,True,True,10861,ed ed b0 1e b0 b0 ed ed ed b0 1e b0 1e b0 1e e6,0,0,1693,665,open copier:1119;confined copier:1;non-copier:573,1403,open copier,01 c5 01 c5 01 c5 01 c5 01 c5 01 c5 01 c5 01 c5,2,2774,0.703125,1.0,0.46875,1403,01 c5 01 c5 01 c5 01 c5 01 c5 01 c5 01 c5 01 c5,10861,ed ed b0 1e b0 b0 ed ed ed b0 1e b0 1e b0 1e e6,True,,open copier,1403,open copier,1403
31005,12440,53,15095,2998,True,True,True,10861,ed ed b0 1e b0 b0 ed ed ed b0 1e b0 1e b0 1e e6,0,0,1693,665,open copier:1119;confined copier:1;non-copier:573,1403,open copier,01 c5 01 c5 01 c5 01 c5 01 c5 01 c5 01 c5 01 c5,2,2774,0.703125,1.0,0.46875,1403,01 c5 01 c5 01 c5 01 c5 01 c5 01 c5 01 c5 01 c5,10861,ed ed b0 1e b0 b0 ed ed ed b0 1e b0 1e b0 1e e6,True,,open copier,1403,open copier,1403
31005,12440,54,18790,2767,True,True,False,13456,1e b0 c2 e5 49 ed b0 97 e9 e5 e9 e5 e9 e5 b0 97,0,0,1947,961,open copier:980;confined copier:1;non-copier:966,2104,open copier,01 c5 01 c5 01 c5 01 c5 01 c5 01 c5 01 c5 01 c5,3,5498,0.703125,1.0,0.46875,2104,01 c5 01 c5 01 c5 01 c5 01 c5 01 c5 01 c5 01 c5,13456,1e b0 c2 e5 49 ed b0 97 e9 e5 e9 e5 e9 e5 b0 97,True,,open copier,2104,open copier,2104
31005,12440,55,10955,2952,True,True,True,10861,ed ed b0 1e b0 b0 ed ed ed b0 1e b0 1e b0 1e e6,0,0,1693,665,open copier:1119;confined copier:1;non-copier:573,1403,open copier,01 c5 01 c5 01 c5 01 c5 01 c5 01 c5 01 c5 01 c5,2,2774,0.703125,1.0,0.46875,1403,01 c5 01 c5 01 c5 01 c5 01 c5 01 c5 01 c5 01 c5,10861,ed ed b0 1e b0 b0 ed ed ed b0 1e b0 1e b0 1e e6,True,,open copier,1403,open copier,1403
31005,12440,56,10322,2912,True,True,True,10861,ed ed b0 1e b0 b0 ed ed ed b0 1e b0 1e b0 1e e6,0,0,1693,665,open copier:1119;confined copier:1;non-copier:573,1403,open copier,01 c5 01 c5 01 c5 01 c5 01 c5 01 c5 01 c5 01 c5,2,2774,0.703125,1.0,0.46875,1403,01 c5 01 c5 01 c5 01 c5 01 c5 01 c5 01 c5 01 c5,10861,ed ed b0 1e b0 b0 ed ed ed b0 1e b0 1e b0 1e e6,True,,open copier,1403,open copier,1403
31005,12440,57,15554,2815,True,True,False,13456,1e b0 c2 e5 49 ed b0 97 e9 e5 e9 e5 e9 e5 b0 97,0,0,1947,961,open copier:980;confined copier:1;non-copier:966,2104,open copier,01 c5 01 c5 01 c5 01 c5 01 c5 01 c5 01 c5 01 c5,3,5498,0.703125,1.0,0.46875,2104,01 c5 01 c5 01 c5 01 c5 01 c5 01 c5 01 c5 01 c5,13456,1e b0 c2 e5 49 ed b0 97 e9 e5 e9 e5 e9 e5 b0 97,True,,open copier,2104,open copier,2104
31005,12440,58,17538,3055,True,True,True,10861,ed ed b0 1e b0 b0 ed ed ed b0 1e b0 1e b0 1e e6,0,0,1693,665,open copier:1119;confined copier:1;non-copier:573,1403,open copier,01 c5 01 c5 01 c5 01 c5 01 c5 01 c5 01 c5 01 c5,2,2774,0.703125,1.0,0.46875,1403,01 c5 01 c5 01 c5 01 c5 01 c5 01 c5 01 c5 01 c5,10861,ed ed b0 1e b0 b0 ed ed ed b0 1e b0 1e b0 1e e6,True,,open copier,1403,open copier,1403
31005,12440,59,9115,2955,True,True,True,10861,ed ed b0 1e b0 b0 ed ed ed b0 1e b0 1e b0 1e e6,0,0,1693,665,open copier:1119;confined copier:1;non-copier:573,1403,open copier,01 c5 01 c5 01 c5 01 c5 01 c5 01 c5 01 c5 01 c5,2,2774,0.703125,1.0,0.46875,1403,01 c5 01 c5 01 c5 01 c5 01 c5 01 c5 01 c5 01 c5,10861,ed ed b0 1e b0 b0 ed ed ed b0 1e b0 1e b0 1e e6,True,,open copier,1403,open copier,1403
31005,12440,60,15922,2981,True,True,True,10861,ed ed b0 1e b0 b0 ed ed ed b0 1e b0 1e b0 1e e6,0,0,1693,665,open copier:1119;confined copier:1;non-copier:573,1403,open copier,01 c5 01 c5 01 c5 01 c5 01 c5 01 c5 01 c5 01 c5,2,2774,0.703125,1.0,0.46875,1403,01 c5 01 c5 01 c5 01 c5 01 c5 01 c5 01 c5 01 c5,10861,ed ed b0 1e b0 b0 ed ed ed b0 1e b0 1e b0 1e e6,True,,open copier,1403,open copier,1403
31005,12440,61,11687,2763,True,True,False,13456,1e b0 c2 e5 49 ed b0 97 e9 e5 e9 e5 e9 e5 b0 97,0,0,1947,961,open copier:980;confined copier:1;non-copier:966,2104,open copier,01 c5 01 c5 01 c5 01 c5 01 c5 01 c5 01 c5 01 c5,3,5498,0.703125,1.0,0.46875,2104,01 c5 01 c5 01 c5 01 c5 01 c5 01 c5 01 c5 01 c5,13456,1e b0 c2 e5 49 ed b0 97 e9 e5 e9 e5 e9 e5 b0 97,True,,open copier,2104,open copier,2104
31005,12440,62,6179,2860,True,True,True,10861,ed ed b0 1e b0 b0 ed ed ed b0 1e b0 1e b0 1e e6,0,0,1693,665,open copier:1119;confined copier:1;non-copier:573,1403,open copier,01 c5 01 c5 01 c5 01 c5 01 c5 01 c5 01 c5 01 c5,2,2774,0.703125,1.0,0.46875,1403,01 c5 01 c5 01 c5 01 c5 01 c5 01 c5 01 c5 01 c5,10861,ed ed b0 1e b0 b0 ed ed ed b0 1e b0 1e b0 1e e6,True,,open copier,1403,open copier,1403
31005,12440,63,6839,2978,True,True,True,10861,ed ed b0 1e b0 b0 ed ed ed b0 1e b0 1e b0 1e e6,0,0,1693,665,open copier:1119;confined copier:1;non-copier:573,1403,open copier,01 c5 01 c5 01 c5 01 c5 01 c5 01 c5 01 c5 01 c5,2,2774,0.703125,1.0,0.46875,1403,01 c5 01 c5 01 c5 01 c5 01 c5 01 c5 01 c5 01 c5,10861,ed ed b0 1e b0 b0 ed ed ed b0 1e b0 1e b0 1e e6,True,,open copier,1403,open copier,1403
31006,37307,0,16701,6675,True,True,True,36041,81 e3 21 e3 21 e0 81 e0 81 e3 21 e3 21 e0 81 e0,0,0,5655,2297,open copier:3309;confined copier:1;non-copier:2345,2703,open copier,01 c5 01 c5 01 c5 01 c5 01 c5 01 c5 01 c5 01 c5,3,6550,0.703125,1.0,0.46875,2703,01 c5 01 c5 01 c5 01 c5 01 c5 01 c5 01 c5 01 c5,36041,81 e3 21 e3 21 e0 81 e0 81 e3 21 e3 21 e0 81 e0,True,,open copier,2703,open copier,2703
31006,37307,1,15111,6725,True,True,True,36041,81 e3 21 e3 21 e0 81 e0 81 e3 21 e3 21 e0 81 e0,0,0,5655,2297,open copier:3309;confined copier:1;non-copier:2345,2703,open copier,01 c5 01 c5 01 c5 01 c5 01 c5 01 c5 01 c5 01 c5,3,6550,0.703125,1.0,0.46875,2703,01 c5 01 c5 01 c5 01 c5 01 c5 01 c5 01 c5 01 c5,36041,81 e3 21 e3 21 e0 81 e0 81 e3 21 e3 21 e0 81 e0,True,,open copier,2703,open copier,2703
31006,37307,2,17138,6733,True,True,True,36041,81 e3 21 e3 21 e0 81 e0 81 e3 21 e3 21 e0 81 e0,0,0,5655,2297,open copier:3309;confined copier:1;non-copier:2345,2703,open copier,01 c5 01 c5 01 c5 01 c5 01 c5 01 c5 01 c5 01 c5,3,6550,0.703125,1.0,0.46875,2703,01 c5 01 c5 01 c5 01 c5 01 c5 01 c5 01 c5 01 c5,36041,81 e3 21 e3 21 e0 81 e0 81 e3 21 e3 21 e0 81 e0,True,,open copier,2703,open copier,2703
31006,37307,3,9869,6657,True,True,True,36041,81 e3 21 e3 21 e0 81 e0 81 e3 21 e3 21 e0 81 e0,0,0,5655,2297,open copier:3309;confined copier:1;non-copier:2345,2703,open copier,01 c5 01 c5 01 c5 01 c5 01 c5 01 c5 01 c5 01 c5,3,6550,0.703125,1.0,0.46875,2703,01 c5 01 c5 01 c5 01 c5 01 c5 01 c5 01 c5 01 c5,36041,81 e3 21 e3 21 e0 81 e0 81 e3 21 e3 21 e0 81 e0,True,,open copier,2703,open copier,2703
31006,37307,4,16806,6731,True,True,True,36041,81 e3 21 e3 21 e0 81 e0 81 e3 21 e3 21 e0 81 e0,0,0,5655,2297,open copier:3309;confined copier:1;non-copier:2345,2703,open copier,01 c5 01 c5 01 c5 01 c5 01 c5 01 c5 01 c5 01 c5,3,6550,0.703125,1.0,0.46875,2703,01 c5 01 c5 01 c5 01 c5 01 c5 01 c5 01 c5 01 c5,36041,81 e3 21 e3 21 e0 81 e0 81 e3 21 e3 21 e0 81 e0,True,,open copier,2703,open copier,2703
31006,37307,5,2458,6699,True,True,True,36041,81 e3 21 e3 21 e0 81 e0 81 e3 21 e3 21 e0 81 e0,0,0,5655,2297,open copier:3309;confined copier:1;non-copier:2345,2703,open copier,01 c5 01 c5 01 c5 01 c5 01 c5 01 c5 01 c5 01 c5,3,6550,0.703125,1.0,0.46875,2703,01 c5 01 c5 01 c5 01 c5 01 c5 01 c5 01 c5 01 c5,36041,81 e3 21 e3 21 e0 81 e0 81 e3 21 e3 21 e0 81 e0,True,,open copier,2703,open copier,2703
31006,37307,6,8521,6716,True,True,True,36041,81 e3 21 e3 21 e0 81 e0 81 e3 21 e3 21 e0 81 e0,0,0,5655,2297,open copier:3309;confined copier:1;non-copier:2345,2703,open copier,01 c5 01 c5 01 c5 01 c5 01 c5 01 c5 01 c5 01 c5,3,6550,0.703125,1.0,0.46875,2703,01 c5 01 c5 01 c5 01 c5 01 c5 01 c5 01 c5 01 c5,36041,81 e3 21 e3 21 e0 81 e0 81 e3 21 e3 21 e0 81 e0,True,,open copier,2703,open copier,2703
31006,37307,7,11818,6550,True,True,True,36041,81 e3 21 e3 21 e0 81 e0 81 e3 21 e3 21 e0 81 e0,0,0,5655,2297,open copier:3309;confined copier:1;non-copier:2345,2703,open copier,01 c5 01 c5 01 c5 01 c5 01 c5 01 c5 01 c5 01 c5,3,6550,0.703125,1.0,0.46875,2703,01 c5 01 c5 01 c5 01 c5 01 c5 01 c5 01 c5 01 c5,36041,81 e3 21 e3 21 e0 81 e0 81 e3 21 e3 21 e0 81 e0,True,,open copier,2703,open copier,2703
31006,37307,8,12073,6724,True,True,True,36041,81 e3 21 e3 21 e0 81 e0 81 e3 21 e3 21 e0 81 e0,0,0,5655,2297,open copier:3309;confined copier:1;non-copier:2345,2703,open copier,01 c5 01 c5 01 c5 01 c5 01 c5 01 c5 01 c5 01 c5,3,6550,0.703125,1.0,0.46875,2703,01 c5 01 c5 01 c5 01 c5 01 c5 01 c5 01 c5 01 c5,36041,81 e3 21 e3 21 e0 81 e0 81 e3 21 e3 21 e0 81 e0,True,,open copier,2703,open copier,2703
31006,37307,9,1993,6707,True,True,True,36041,81 e3 21 e3 21 e0 81 e0 81 e3 21 e3 21 e0 81 e0,0,0,5655,2297,open copier:3309;confined copier:1;non-copier:2345,2703,open copier,01 c5 01 c5 01 c5 01 c5 01 c5 01 c5 01 c5 01 c5,3,6550,0.703125,1.0,0.46875,2703,01 c5 01 c5 01 c5 01 c5 01 c5 01 c5 01 c5 01 c5,36041,81 e3 21 e3 21 e0 81 e0 81 e3 21 e3 21 e0 81 e0,True,,open copier,2703,open copier,2703
31006,37307,10,4390,6630,True,True,True,36041,81 e3 21 e3 21 e0 81 e0 81 e3 21 e3 21 e0 81 e0,0,0,5655,2297,open copier:3309;confined copier:1;non-copier:2345,2703,open copier,01 c5 01 c5 01 c5 01 c5 01 c5 01 c5 01 c5 01 c5,3,6550,0.703125,1.0,0.46875,2703,01 c5 01 c5 01 c5 01 c5 01 c5 01 c5 01 c5 01 c5,36041,81 e3 21 e3 21 e0 81 e0 81 e3 21 e3 21 e0 81 e0,True,,open copier,2703,open copier,2703
31006,37307,11,15073,6854,True,True,True,36041,81 e3 21 e3 21 e0 81 e0 81 e3 21 e3 21 e0 81 e0,0,0,5655,2297,open copier:3309;confined copier:1;non-copier:2345,2703,open copier,01 c5 01 c5 01 c5 01 c5 01 c5 01 c5 01 c5 01 c5,3,6550,0.703125,1.0,0.46875,2703,01 c5 01 c5 01 c5 01 c5 01 c5 01 c5 01 c5 01 c5,36041,81 e3 21 e3 21 e0 81 e0 81 e3 21 e3 21 e0 81 e0,True,,open copier,2703,open copier,2703
31006,37307,12,15752,6730,True,True,True,36041,81 e3 21 e3 21 e0 81 e0 81 e3 21 e3 21 e0 81 e0,0,0,5655,2297,open copier:3309;confined copier:1;non-copier:2345,2703,open copier,01 c5 01 c5 01 c5 01 c5 01 c5 01 c5 01 c5 01 c5,3,6550,0.703125,1.0,0.46875,2703,01 c5 01 c5 01 c5 01 c5 01 c5 01 c5 01 c5 01 c5,36041,81 e3 21 e3 21 e0 81 e0 81 e3 21 e3 21 e0 81 e0,True,,open copier,2703,open copier,2703
31006,37307,13,16360,6651,True,True,True,36041,81 e3 21 e3 21 e0 81 e0 81 e3 21 e3 21 e0 81 e0,0,0,5655,2297,open copier:3309;confined copier:1;non-copier:2345,2703,open copier,01 c5 01 c5 01 c5 01 c5 01 c5 01 c5 01 c5 01 c5,3,6550,0.703125,1.0,0.46875,2703,01 c5 01 c5 01 c5 01 c5 01 c5 01 c5 01 c5 01 c5,36041,81 e3 21 e3 21 e0 81 e0 81 e3 21 e3 21 e0 81 e0,True,,open copier,2703,open copier,2703
31006,37307,14,3290,6622,True,True,True,36041,81 e3 21 e3 21 e0 81 e0 81 e3 21 e3 21 e0 81 e0,0,0,5655,2297,open copier:3309;confined copier:1;non-copier:2345,2703,open copier,01 c5 01 c5 01 c5 01 c5 01 c5 01 c5 01 c5 01 c5,3,6550,0.703125,1.0,0.46875,2703,01 c5 01 c5 01 c5 01 c5 01 c5 01 c5 01 c5 01 c5,36041,81 e3 21 e3 21 e0 81 e0 81 e3 21 e3 21 e0 81 e0,True,,open copier,2703,open copier,2703
31006,37307,15,12896,6670,True,True,True,36041,81 e3 21 e3 21 e0 81 e0 81 e3 21 e3 21 e0 81 e0,0,0,5655,2297,open copier:3309;confined copier:1;non-copier:2345,2703,open copier,01 c5 01 c5 01 c5 01 c5 01 c5 01 c5 01 c5 01 c5,3,6550,0.703125,1.0,0.46875,2703,01 c5 01 c5 01 c5 01 c5 01 c5 01 c5 01 c5 01 c5,36041,81 e3 21 e3 21 e0 81 e0 81 e3 21 e3 21 e0 81 e0,True,,open copier,2703,open copier,2703
31006,37307,16,11265,6766,True,True,True,36041,81 e3 21 e3 21 e0 81 e0 81 e3 21 e3 21 e0 81 e0,0,0,5655,2297,open copier:3309;confined copier:1;non-copier:2345,2703,open copier,01 c5 01 c5 01 c5 01 c5 01 c5 01 c5 01 c5 01 c5,3,6550,0.703125,1.0,0.46875,2703,01 c5 01 c5 01 c5 01 c5 01 c5 01 c5 01 c5 01 c5,36041,81 e3 21 e3 21 e0 81 e0 81 e3 21 e3 21 e0 81 e0,True,,open copier,2703,open copier,2703
31006,37307,17,560,6669,True,True,True,36041,81 e3 21 e3 21 e0 81 e0 81 e3 21 e3 21 e0 81 e0,0,0,5655,2297,open copier:3309;confined copier:1;non-copier:2345,2703,open copier,01 c5 01 c5 01 c5 01 c5 01 c5 01 c5 01 c5 01 c5,3,6550,0.703125,1.0,0.46875,2703,01 c5 01 c5 01 c5 01 c5 01 c5 01 c5 01 c5 01 c5,36041,81 e3 21 e3 21 e0 81 e0 81 e3 21 e3 21 e0 81 e0,True,,open copier,2703,open copier,2703
31006,37307,18,18206,6651,True,True,True,36041,81 e3 21 e3 21 e0 81 e0 81 e3 21 e3 21 e0 81 e0,0,0,5655,2297,open copier:3309;confined copier:1;non-copier:2345,2703,open copier,01 c5 01 c5 01 c5 01 c5 01 c5 01 c5 01 c5 01 c5,3,6550,0.703125,1.0,0.46875,2703,01 c5 01 c5 01 c5 01 c5 01 c5 01 c5 01 c5 01 c5,36041,81 e3 21 e3 21 e0 81 e0 81 e3 21 e3 21 e0 81 e0,True,,open copier,2703,open copier,2703
31006,37307,19,15518,6673,True,True,True,36041,81 e3 21 e3 21 e0 81 e0 81 e3 21 e3 21 e0 81 e0,0,0,5655,2297,open copier:3309;confined copier:1;non-copier:2345,2703,open copier,01 c5 01 c5 01 c5 01 c5 01 c5 01 c5 01 c5 01 c5,3,6550,0.703125,1.0,0.46875,2703,01 c5 01 c5 01 c5 01 c5 01 c5 01 c5 01 c5 01 c5,36041,81 e3 21 e3 21 e0 81 e0 81 e3 21 e3 21 e0 81 e0,True,,open copier,2703,open copier,2703
31006,37307,20,6384,6623,True,True,True,36041,81 e3 21 e3 21 e0 81 e0 81 e3 21 e3 21 e0 81 e0,0,0,5655,2297,open copier:3309;confined copier:1;non-copier:2345,2703,open copier,01 c5 01 c5 01 c5 01 c5 01 c5 01 c5 01 c5 01 c5,3,6550,0.703125,1.0,0.46875,2703,01 c5 01 c5 01 c5 01 c5 01 c5 01 c5 01 c5 01 c5,36041,81 e3 21 e3 21 e0 81 e0 81 e3 21 e3 21 e0 81 e0,True,,open copier,2703,open copier,2703
31006,37307,21,5341,6695,True,True,True,36041,81 e3 21 e3 21 e0 81 e0 81 e3 21 e3 21 e0 81 e0,0,0,5655,2297,open copier:3309;confined copier:1;non-copier:2345,2703,open copier,01 c5 01 c5 01 c5 01 c5 01 c5 01 c5 01 c5 01 c5,3,6550,0.703125,1.0,0.46875,2703,01 c5 01 c5 01 c5 01 c5 01 c5 01 c5 01 c5 01 c5,36041,81 e3 21 e3 21 e0 81 e0 81 e3 21 e3 21 e0 81 e0,True,,open copier,2703,open copier,2703
31006,37307,22,11466,6576,True,True,True,36041,81 e3 21 e3 21 e0 81 e0 81 e3 21 e3 21 e0 81 e0,0,0,5655,2297,open copier:3309;confined copier:1;non-copier:2345,2703,open copier,01 c5 01 c5 01 c5 01 c5 01 c5 01 c5 01 c5 01 c5,3,6550,0.703125,1.0,0.46875,2703,01 c5 01 c5 01 c5 01 c5 01 c5 01 c5 01 c5 01 c5,36041,81 e3 21 e3 21 e0 81 e0 81 e3 21 e3 21 e0 81 e0,True,,open copier,2703,open copier,2703
31006,37307,23,11782,6646,True,True,True,36041,81 e3 21 e3 21 e0 81 e0 81 e3 21 e3 21 e0 81 e0,0,0,5655,2297,open copier:3309;confined copier:1;non-copier:2345,2703,open copier,01 c5 01 c5 01 c5 01 c5 01 c5 01 c5 01 c5 01 c5,3,6550,0.703125,1.0,0.46875,2703,01 c5 01 c5 01 c5 01 c5 01 c5 01 c5 01 c5 01 c5,36041,81 e3 21 e3 21 e0 81 e0 81 e3 21 e3 21 e0 81 e0,True,,open copier,2703,open copier,2703
31006,37307,24,6706,6608,True,True,True,36041,81 e3 21 e3 21 e0 81 e0 81 e3 21 e3 21 e0 81 e0,0,0,5655,2297,open copier:3309;confined copier:1;non-copier:2345,2703,open copier,01 c5 01 c5 01 c5 01 c5 01 c5 01 c5 01 c5 01 c5,3,6550,0.703125,1.0,0.46875,2703,01 c5 01 c5 01 c5 01 c5 01 c5 01 c5 01 c5 01 c5,36041,81 e3 21 e3 21 e0 81 e0 81 e3 21 e3 21 e0 81 e0,True,,open copier,2703,open copier,2703
31006,37307,25,8985,6728,True,True,True,36041,81 e3 21 e3 21 e0 81 e0 81 e3 21 e3 21 e0 81 e0,0,0,5655,2297,open copier:3309;confined copier:1;non-copier:2345,2703,open copier,01 c5 01 c5 01 c5 01 c5 01 c5 01 c5 01 c5 01 c5,3,6550,0.703125,1.0,0.46875,2703,01 c5 01 c5 01 c5 01 c5 01 c5 01 c5 01 c5 01 c5,36041,81 e3 21 e3 21 e0 81 e0 81 e3 21 e3 21 e0 81 e0,True,,open copier,2703,open copier,2703
31006,37307,26,6452,6655,True,True,True,36041,81 e3 21 e3 21 e0 81 e0 81 e3 21 e3 21 e0 81 e0,0,0,5655,2297,open copier:3309;confined copier:1;non-copier:2345,2703,open copier,01 c5 01 c5 01 c5 01 c5 01 c5 01 c5 01 c5 01 c5,3,6550,0.703125,1.0,0.46875,2703,01 c5 01 c5 01 c5 01 c5 01 c5 01 c5 01 c5 01 c5,36041,81 e3 21 e3 21 e0 81 e0 81 e3 21 e3 21 e0 81 e0,True,,open copier,2703,open copier,2703
31006,37307,27,4972,6714,True,True,True,36041,81 e3 21 e3 21 e0 81 e0 81 e3 21 e3 21 e0 81 e0,0,0,5655,2297,open copier:3309;confined copier:1;non-copier:2345,2703,open copier,01 c5 01 c5 01 c5 01 c5 01 c5 01 c5 01 c5 01 c5,3,6550,0.703125,1.0,0.46875,2703,01 c5 01 c5 01 c5 01 c5 01 c5 01 c5 01 c5 01 c5,36041,81 e3 21 e3 21 e0 81 e0 81 e3 21 e3 21 e0 81 e0,True,,open copier,2703,open copier,2703
31006,37307,28,11703,6729,True,True,True,36041,81 e3 21 e3 21 e0 81 e0 81 e3 21 e3 21 e0 81 e0,0,0,5655,2297,open copier:3309;confined copier:1;non-copier:2345,2703,open copier,01 c5 01 c5 01 c5 01 c5 01 c5 01 c5 01 c5 01 c5,3,6550,0.703125,1.0,0.46875,2703,01 c5 01 c5 01 c5 01 c5 01 c5 01 c5 01 c5 01 c5,36041,81 e3 21 e3 21 e0 81 e0 81 e3 21 e3 21 e0 81 e0,True,,open copier,2703,open copier,2703
31006,37307,29,9999,6742,True,True,True,36041,81 e3 21 e3 21 e0 81 e0 81 e3 21 e3 21 e0 81 e0,0,0,5655,2297,open copier:3309;confined copier:1;non-copier:2345,2703,open copier,01 c5 01 c5 01 c5 01 c5 01 c5 01 c5 01 c5 01 c5,3,6550,0.703125,1.0,0.46875,2703,01 c5 01 c5 01 c5 01 c5 01 c5 01 c5 01 c5 01 c5,36041,81 e3 21 e3 21 e0 81 e0 81 e3 21 e3 21 e0 81 e0,True,,open copier,2703,open copier,2703
31006,37307,30,4081,6672,True,True,True,36041,81 e3 21 e3 21 e0 81 e0 81 e3 21 e3 21 e0 81 e0,0,0,5655,2297,open copier:3309;confined copier:1;non-copier:2345,2703,open copier,01 c5 01 c5 01 c5 01 c5 01 c5 01 c5 01 c5 01 c5,3,6550,0.703125,1.0,0.46875,2703,01 c5 01 c5 01 c5 01 c5 01 c5 01 c5 01 c5 01 c5,36041,81 e3 21 e3 21 e0 81 e0 81 e3 21 e3 21 e0 81 e0,True,,open copier,2703,open copier,2703
31006,37307,31,1409,6581,True,True,True,36041,81 e3 21 e3 21 e0 81 e0 81 e3 21 e3 21 e0 81 e0,0,0,5655,2297,open copier:3309;confined copier:1;non-copier:2345,2703,open copier,01 c5 01 c5 01 c5 01 c5 01 c5 01 c5 01 c5 01 c5,3,6550,0.703125,1.0,0.46875,2703,01 c5 01 c5 01 c5 01 c5 01 c5 01 c5 01 c5 01 c5,36041,81 e3 21 e3 21 e0 81 e0 81 e3 21 e3 21 e0 81 e0,True,,open copier,2703,open copier,2703
31006,37307,32,16799,6633,True,True,True,36041,81 e3 21 e3 21 e0 81 e0 81 e3 21 e3 21 e0 81 e0,0,0,5655,2297,open copier:3309;confined copier:1;non-copier:2345,2703,open copier,01 c5 01 c5 01 c5 01 c5 01 c5 01 c5 01 c5 01 c5,3,6550,0.703125,1.0,0.46875,2703,01 c5 01 c5 01 c5 01 c5 01 c5 01 c5 01 c5 01 c5,36041,81 e3 21 e3 21 e0 81 e0 81 e3 21 e3 21 e0 81 e0,True,,open copier,2703,open copier,2703
31006,37307,33,15577,6701,True,True,True,36041,81 e3 21 e3 21 e0 81 e0 81 e3 21 e3 21 e0 81 e0,0,0,5655,2297,open copier:3309;confined copier:1;non-copier:2345,2703,open copier,01 c5 01 c5 01 c5 01 c5 01 c5 01 c5 01 c5 01 c5,3,6550,0.703125,1.0,0.46875,2703,01 c5 01 c5 01 c5 01 c5 01 c5 01 c5 01 c5 01 c5,36041,81 e3 21 e3 21 e0 81 e0 81 e3 21 e3 21 e0 81 e0,True,,open copier,2703,open copier,2703
31006,37307,34,5172,6627,True,True,True,36041,81 e3 21 e3 21 e0 81 e0 81 e3 21 e3 21 e0 81 e0,0,0,5655,2297,open copier:3309;confined copier:1;non-copier:2345,2703,open copier,01 c5 01 c5 01 c5 01 c5 01 c5 01 c5 01 c5 01 c5,3,6550,0.703125,1.0,0.46875,2703,01 c5 01 c5 01 c5 01 c5 01 c5 01 c5 01 c5 01 c5,36041,81 e3 21 e3 21 e0 81 e0 81 e3 21 e3 21 e0 81 e0,True,,open copier,2703,open copier,2703
31006,37307,35,5923,6780,True,True,True,36041,81 e3 21 e3 21 e0 81 e0 81 e3 21 e3 21 e0 81 e0,0,0,5655,2297,open copier:3309;confined copier:1;non-copier:2345,2703,open copier,01 c5 01 c5 01 c5 01 c5 01 c5 01 c5 01 c5 01 c5,3,6550,0.703125,1.0,0.46875,2703,01 c5 01 c5 01 c5 01 c5 01 c5 01 c5 01 c5 01 c5,36041,81 e3 21 e3 21 e0 81 e0 81 e3 21 e3 21 e0 81 e0,True,,open copier,2703,open copier,2703
31006,37307,36,4666,6763,True,True,True,36041,81 e3 21 e3 21 e0 81 e0 81 e3 21 e3 21 e0 81 e0,0,0,5655,2297,open copier:3309;confined copier:1;non-copier:2345,2703,open copier,01 c5 01 c5 01 c5 01 c5 01 c5 01 c5 01 c5 01 c5,3,6550,0.703125,1.0,0.46875,2703,01 c5 01 c5 01 c5 01 c5 01 c5 01 c5 01 c5 01 c5,36041,81 e3 21 e3 21 e0 81 e0 81 e3 21 e3 21 e0 81 e0,True,,open copier,2703,open copier,2703
31006,37307,37,8373,6789,True,True,True,36041,81 e3 21 e3 21 e0 81 e0 81 e3 21 e3 21 e0 81 e0,0,0,5655,2297,open copier:3309;confined copier:1;non-copier:2345,2703,open copier,01 c5 01 c5 01 c5 01 c5 01 c5 01 c5 01 c5 01 c5,3,6550,0.703125,1.0,0.46875,2703,01 c5 01 c5 01 c5 01 c5 01 c5 01 c5 01 c5 01 c5,36041,81 e3 21 e3 21 e0 81 e0 81 e3 21 e3 21 e0 81 e0,True,,open copier,2703,open copier,2703
31006,37307,38,15945,6712,True,True,True,36041,81 e3 21 e3 21 e0 81 e0 81 e3 21 e3 21 e0 81 e0,0,0,5655,2297,open copier:3309;confined copier:1;non-copier:2345,2703,open copier,01 c5 01 c5 01 c5 01 c5 01 c5 01 c5 01 c5 01 c5,3,6550,0.703125,1.0,0.46875,2703,01 c5 01 c5 01 c5 01 c5 01 c5 01 c5 01 c5 01 c5,36041,81 e3 21 e3 21 e0 81 e0 81 e3 21 e3 21 e0 81 e0,True,,open copier,2703,open copier,2703
31006,37307,39,16534,6670,True,True,True,36041,81 e3 21 e3 21 e0 81 e0 81 e3 21 e3 21 e0 81 e0,0,0,5655,2297,open copier:3309;confined copier:1;non-copier:2345,2703,open copier,01 c5 01 c5 01 c5 01 c5 01 c5 01 c5 01 c5 01 c5,3,6550,0.703125,1.0,0.46875,2703,01 c5 01 c5 01 c5 01 c5 01 c5 01 c5 01 c5 01 c5,36041,81 e3 21 e3 21 e0 81 e0 81 e3 21 e3 21 e0 81 e0,True,,open copier,2703,open copier,2703
31006,37307,40,1296,6637,True,True,True,36041,81 e3 21 e3 21 e0 81 e0 81 e3 21 e3 21 e0 81 e0,0,0,5655,2297,open copier:3309;confined copier:1;non-copier:2345,2703,open copier,01 c5 01 c5 01 c5 01 c5 01 c5 01 c5 01 c5 01 c5,3,6550,0.703125,1.0,0.46875,2703,01 c5 01 c5 01 c5 01 c5 01 c5 01 c5 01 c5 01 c5,36041,81 e3 21 e3 21 e0 81 e0 81 e3 21 e3 21 e0 81 e0,True,,open copier,2703,open copier,2703
31006,37307,41,12512,6700,True,True,True,36041,81 e3 21 e3 21 e0 81 e0 81 e3 21 e3 21 e0 81 e0,0,0,5655,2297,open copier:3309;confined copier:1;non-copier:2345,2703,open copier,01 c5 01 c5 01 c5 01 c5 01 c5 01 c5 01 c5 01 c5,3,6550,0.703125,1.0,0.46875,2703,01 c5 01 c5 01 c5 01 c5 01 c5 01 c5 01 c5 01 c5,36041,81 e3 21 e3 21 e0 81 e0 81 e3 21 e3 21 e0 81 e0,True,,open copier,2703,open copier,2703
31006,37307,42,17439,6657,True,True,True,36041,81 e3 21 e3 21 e0 81 e0 81 e3 21 e3 21 e0 81 e0,0,0,5655,2297,open copier:3309;confined copier:1;non-copier:2345,2703,open copier,01 c5 01 c5 01 c5 01 c5 01 c5 01 c5 01 c5 01 c5,3,6550,0.703125,1.0,0.46875,2703,01 c5 01 c5 01 c5 01 c5 01 c5 01 c5 01 c5 01 c5,36041,81 e3 21 e3 21 e0 81 e0 81 e3 21 e3 21 e0 81 e0,True,,open copier,2703,open copier,2703
31006,37307,43,12046,6731,True,True,True,36041,81 e3 21 e3 21 e0 81 e0 81 e3 21 e3 21 e0 81 e0,0,0,5655,2297,open copier:3309;confined copier:1;non-copier:2345,2703,open copier,01 c5 01 c5 01 c5 01 c5 01 c5 01 c5 01 c5 01 c5,3,6550,0.703125,1.0,0.46875,2703,01 c5 01 c5 01 c5 01 c5 01 c5 01 c5 01 c5 01 c5,36041,81 e3 21 e3 21 e0 81 e0 81 e3 21 e3 21 e0 81 e0,True,,open copier,2703,open copier,2703
31006,37307,44,8897,6648,True,True,True,36041,81 e3 21 e3 21 e0 81 e0 81 e3 21 e3 21 e0 81 e0,0,0,5655,2297,open copier:3309;confined copier:1;non-copier:2345,2703,open copier,01 c5 01 c5 01 c5 01 c5 01 c5 01 c5 01 c5 01 c5,3,6550,0.703125,1.0,0.46875,2703,01 c5 01 c5 01 c5 01 c5 01 c5 01 c5 01 c5 01 c5,36041,81 e3 21 e3 21 e0 81 e0 81 e3 21 e3 21 e0 81 e0,True,,open copier,2703,open copier,2703
31006,37307,45,15805,6639,True,True,True,36041,81 e3 21 e3 21 e0 81 e0 81 e3 21 e3 21 e0 81 e0,0,0,5655,2297,open copier:3309;confined copier:1;non-copier:2345,2703,open copier,01 c5 01 c5 01 c5 01 c5 01 c5 01 c5 01 c5 01 c5,3,6550,0.703125,1.0,0.46875,2703,01 c5 01 c5 01 c5 01 c5 01 c5 01 c5 01 c5 01 c5,36041,81 e3 21 e3 21 e0 81 e0 81 e3 21 e3 21 e0 81 e0,True,,open copier,2703,open copier,2703
31006,37307,46,13055,6670,True,True,True,36041,81 e3 21 e3 21 e0 81 e0 81 e3 21 e3 21 e0 81 e0,0,0,5655,2297,open copier:3309;confined copier:1;non-copier:2345,2703,open copier,01 c5 01 c5 01 c5 01 c5 01 c5 01 c5 01 c5 01 c5,3,6550,0.703125,1.0,0.46875,2703,01 c5 01 c5 01 c5 01 c5 01 c5 01 c5 01 c5 01 c5,36041,81 e3 21 e3 21 e0 81 e0 81 e3 21 e3 21 e0 81 e0,True,,open copier,2703,open copier,2703
31006,37307,47,19353,6606,True,True,True,36041,81 e3 21 e3 21 e0 81 e0 81 e3 21 e3 21 e0 81 e0,0,0,5655,2297,open copier:3309;confined copier:1;non-copier:2345,2703,open copier,01 c5 01 c5 01 c5 01 c5 01 c5 01 c5 01 c5 01 c5,3,6550,0.703125,1.0,0.46875,2703,01 c5 01 c5 01 c5 01 c5 01 c5 01 c5 01 c5 01 c5,36041,81 e3 21 e3 21 e0 81 e0 81 e3 21 e3 21 e0 81 e0,True,,open copier,2703,open copier,2703
31006,37307,48,16415,6705,True,True,True,36041,81 e3 21 e3 21 e0 81 e0 81 e3 21 e3 21 e0 81 e0,0,0,5655,2297,open copier:3309;confined copier:1;non-copier:2345,2703,open copier,01 c5 01 c5 01 c5 01 c5 01 c5 01 c5 01 c5 01 c5,3,6550,0.703125,1.0,0.46875,2703,01 c5 01 c5 01 c5 01 c5 01 c5 01 c5 01 c5 01 c5,36041,81 e3 21 e3 21 e0 81 e0 81 e3 21 e3 21 e0 81 e0,True,,open copier,2703,open copier,2703
31006,37307,49,10701,6749,True,True,True,36041,81 e3 21 e3 21 e0 81 e0 81 e3 21 e3 21 e0 81 e0,0,0,5655,2297,open copier:3309;confined copier:1;non-copier:2345,2703,open copier,01 c5 01 c5 01 c5 01 c5 01 c5 01 c5 01 c5 01 c5,3,6550,0.703125,1.0,0.46875,2703,01 c5 01 c5 01 c5 01 c5 01 c5 01 c5 01 c5 01 c5,36041,81 e3 21 e3 21 e0 81 e0 81 e3 21 e3 21 e0 81 e0,True,,open copier,2703,open copier,2703
31006,37307,50,17655,6694,True,True,True,36041,81 e3 21 e3 21 e0 81 e0 81 e3 21 e3 21 e0 81 e0,0,0,5655,2297,open copier:3309;confined copier:1;non-copier:2345,2703,open copier,01 c5 01 c5 01 c5 01 c5 01 c5 01 c5 01 c5 01 c5,3,6550,0.703125,1.0,0.46875,2703,01 c5 01 c5 01 c5 01 c5 01 c5 01 c5 01 c5 01 c5,36041,81 e3 21 e3 21 e0 81 e0 81 e3 21 e3 21 e0 81 e0,True,,open copier,2703,open copier,2703
31006,37307,51,2143,6726,True,True,True,36041,81 e3 21 e3 21 e0 81 e0 81 e3 21 e3 21 e0 81 e0,0,0,5655,2297,open copier:3309;confined copier:1;non-copier:2345,2703,open copier,01 c5 01 c5 01 c5 01 c5 01 c5 01 c5 01 c5 01 c5,3,6550,0.703125,1.0,0.46875,2703,01 c5 01 c5 01 c5 01 c5 01 c5 01 c5 01 c5 01 c5,36041,81 e3 21 e3 21 e0 81 e0 81 e3 21 e3 21 e0 81 e0,True,,open copier,2703,open copier,2703
31006,37307,52,19638,6665,True,True,True,36041,81 e3 21 e3 21 e0 81 e0 81 e3 21 e3 21 e0 81 e0,0,0,5655,2297,open copier:3309;confined copier:1;non-copier:2345,2703,open copier,01 c5 01 c5 01 c5 01 c5 01 c5 01 c5 01 c5 01 c5,3,6550,0.703125,1.0,0.46875,2703,01 c5 01 c5 01 c5 01 c5 01 c5 01 c5 01 c5 01 c5,36041,81 e3 21 e3 21 e0 81 e0 81 e3 21 e3 21 e0 81 e0,True,,open copier,2703,open copier,2703
31006,37307,53,1934,6671,True,True,True,36041,81 e3 21 e3 21 e0 81 e0 81 e3 21 e3 21 e0 81 e0,0,0,5655,2297,open copier:3309;confined copier:1;non-copier:2345,2703,open copier,01 c5 01 c5 01 c5 01 c5 01 c5 01 c5 01 c5 01 c5,3,6550,0.703125,1.0,0.46875,2703,01 c5 01 c5 01 c5 01 c5 01 c5 01 c5 01 c5 01 c5,36041,81 e3 21 e3 21 e0 81 e0 81 e3 21 e3 21 e0 81 e0,True,,open copier,2703,open copier,2703
31006,37307,54,13865,6555,True,True,True,36041,81 e3 21 e3 21 e0 81 e0 81 e3 21 e3 21 e0 81 e0,0,0,5655,2297,open copier:3309;confined copier:1;non-copier:2345,2703,open copier,01 c5 01 c5 01 c5 01 c5 01 c5 01 c5 01 c5 01 c5,3,6550,0.703125,1.0,0.46875,2703,01 c5 01 c5 01 c5 01 c5 01 c5 01 c5 01 c5 01 c5,36041,81 e3 21 e3 21 e0 81 e0 81 e3 21 e3 21 e0 81 e0,True,,open copier,2703,open copier,2703
31006,37307,55,19852,6720,True,True,True,36041,81 e3 21 e3 21 e0 81 e0 81 e3 21 e3 21 e0 81 e0,0,0,5655,2297,open copier:3309;confined copier:1;non-copier:2345,2703,open copier,01 c5 01 c5 01 c5 01 c5 01 c5 01 c5 01 c5 01 c5,3,6550,0.703125,1.0,0.46875,2703,01 c5 01 c5 01 c5 01 c5 01 c5 01 c5 01 c5 01 c5,36041,81 e3 21 e3 21 e0 81 e0 81 e3 21 e3 21 e0 81 e0,True,,open copier,2703,open copier,2703
31006,37307,56,2404,6671,True,True,True,36041,81 e3 21 e3 21 e0 81 e0 81 e3 21 e3 21 e0 81 e0,0,0,5655,2297,open copier:3309;confined copier:1;non-copier:2345,2703,open copier,01 c5 01 c5 01 c5 01 c5 01 c5 01 c5 01 c5 01 c5,3,6550,0.703125,1.0,0.46875,2703,01 c5 01 c5 01 c5 01 c5 01 c5 01 c5 01 c5 01 c5,36041,81 e3 21 e3 21 e0 81 e0 81 e3 21 e3 21 e0 81 e0,True,,open copier,2703,open copier,2703
31006,37307,57,16583,6670,True,True,True,36041,81 e3 21 e3 21 e0 81 e0 81 e3 21 e3 21 e0 81 e0,0,0,5655,2297,open copier:3309;confined copier:1;non-copier:2345,2703,open copier,01 c5 01 c5 01 c5 01 c5 01 c5 01 c5 01 c5 01 c5,3,6550,0.703125,1.0,0.46875,2703,01 c5 01 c5 01 c5 01 c5 01 c5 01 c5 01 c5 01 c5,36041,81 e3 21 e3 21 e0 81 e0 81 e3 21 e3 21 e0 81 e0,True,,open copier,2703,open copier,2703
31006,37307,58,1018,6638,True,True,True,36041,81 e3 21 e3 21 e0 81 e0 81 e3 21 e3 21 e0 81 e0,0,0,5655,2297,open copier:3309;confined copier:1;non-copier:2345,2703,open copier,01 c5 01 c5 01 c5 01 c5 01 c5 01 c5 01 c5 01 c5,3,6550,0.703125,1.0,0.46875,2703,01 c5 01 c5 01 c5 01 c5 01 c5 01 c5 01 c5 01 c5,36041,81 e3 21 e3 21 e0 81 e0 81 e3 21 e3 21 e0 81 e0,True,,open copier,2703,open copier,2703
31006,37307,59,12790,6645,True,True,True,36041,81 e3 21 e3 21 e0 81 e0 81 e3 21 e3 21 e0 81 e0,0,0,5655,2297,open copier:3309;confined copier:1;non-copier:2345,2703,open copier,01 c5 01 c5 01 c5 01 c5 01 c5 01 c5 01 c5 01 c5,3,6550,0.703125,1.0,0.46875,2703,01 c5 01 c5 01 c5 01 c5 01 c5 01 c5 01 c5 01 c5,36041,81 e3 21 e3 21 e0 81 e0 81 e3 21 e3 21 e0 81 e0,True,,open copier,2703,open copier,2703
31006,37307,60,10114,6722,True,True,True,36041,81 e3 21 e3 21 e0 81 e0 81 e3 21 e3 21 e0 81 e0,0,0,5655,2297,open copier:3309;confined copier:1;non-copier:2345,2703,open copier,01 c5 01 c5 01 c5 01 c5 01 c5 01 c5 01 c5 01 c5,3,6550,0.703125,1.0,0.46875,2703,01 c5 01 c5 01 c5 01 c5 01 c5 01 c5 01 c5 01 c5,36041,81 e3 21 e3 21 e0 81 e0 81 e3 21 e3 21 e0 81 e0,True,,open copier,2703,open copier,2703
31006,37307,61,12219,6703,True,True,True,36041,81 e3 21 e3 21 e0 81 e0 81 e3 21 e3 21 e0 81 e0,0,0,5655,2297,open copier:3309;confined copier:1;non-copier:2345,2703,open copier,01 c5 01 c5 01 c5 01 c5 01 c5 01 c5 01 c5 01 c5,3,6550,0.703125,1.0,0.46875,2703,01 c5 01 c5 01 c5 01 c5 01 c5 01 c5 01 c5 01 c5,36041,81 e3 21 e3 21 e0 81 e0 81 e3 21 e3 21 e0 81 e0,True,,open copier,2703,open copier,2703
31006,37307,62,1662,6617,True,True,True,36041,81 e3 21 e3 21 e0 81 e0 81 e3 21 e3 21 e0 81 e0,0,0,5655,2297,open copier:3309;confined copier:1;non-copier:2345,2703,open copier,01 c5 01 c5 01 c5 01 c5 01 c5 01 c5 01 c5 01 c5,3,6550,0.703125,1.0,0.46875,2703,01 c5 01 c5 01 c5 01 c5 01 c5 01 c5 01 c5 01 c5,36041,81 e3 21 e3 21 e0 81 e0 81 e3 21 e3 21 e0 81 e0,True,,open copier,2703,open copier,2703
31006,37307,63,16630,6672,True,True,True,36041,81 e3 21 e3 21 e0 81 e0 81 e3 21 e3 21 e0 81 e0,0,0,5655,2297,open copier:3309;confined copier:1;non-copier:2345,2703,open copier,01 c5 01 c5 01 c5 01 c5 01 c5 01 c5 01 c5 01 c5,3,6550,0.703125,1.0,0.46875,2703,01 c5 01 c5 01 c5 01 c5 01 c5 01 c5 01 c5 01 c5,36041,81 e3 21 e3 21 e0 81 e0 81 e3 21 e3 21 e0 81 e0,True,,open copier,2703,open copier,2703
31007,56801,0,2939,9989,True,True,True,55792,4f e3 21 e3 21 e0 4f e0 4f e3 21 e3 21 e0 4f e0,0,0,9088,3161,open copier:5858;confined copier:1;non-copier:3229,431,open copier,ff 41 00 41 00 41 00 41 00 41 00 41 00 41 00 41,3,9950,0.5,1.0,0.0,431,ff 41 00 41 00 41 00 41 00 41 00 41 00 41 00 41,55792,4f e3 21 e3 21 e0 4f e0 4f e3 21 e3 21 e0 4f e0,True,,open copier,1886,open copier,1887
31007,56801,1,6252,10114,True,True,True,55792,4f e3 21 e3 21 e0 4f e0 4f e3 21 e3 21 e0 4f e0,0,0,9088,3161,open copier:5858;confined copier:1;non-copier:3229,431,open copier,ff 41 00 41 00 41 00 41 00 41 00 41 00 41 00 41,3,9950,0.5,1.0,0.0,431,ff 41 00 41 00 41 00 41 00 41 00 41 00 41 00 41,55792,4f e3 21 e3 21 e0 4f e0 4f e3 21 e3 21 e0 4f e0,True,,open copier,1886,open copier,1887
31007,56801,2,16773,10199,True,True,True,55792,4f e3 21 e3 21 e0 4f e0 4f e3 21 e3 21 e0 4f e0,0,0,9088,3161,open copier:5858;confined copier:1;non-copier:3229,431,open copier,ff 41 00 41 00 41 00 41 00 41 00 41 00 41 00 41,3,9950,0.5,1.0,0.0,431,ff 41 00 41 00 41 00 41 00 41 00 41 00 41 00 41,55792,4f e3 21 e3 21 e0 4f e0 4f e3 21 e3 21 e0 4f e0,True,,open copier,1886,open copier,1887
31007,56801,3,447,9985,True,True,True,55792,4f e3 21 e3 21 e0 4f e0 4f e3 21 e3 21 e0 4f e0,0,0,9088,3161,open copier:5858;confined copier:1;non-copier:3229,431,open copier,ff 41 00 41 00 41 00 41 00 41 00 41 00 41 00 41,3,9950,0.5,1.0,0.0,431,ff 41 00 41 00 41 00 41 00 41 00 41 00 41 00 41,55792,4f e3 21 e3 21 e0 4f e0 4f e3 21 e3 21 e0 4f e0,True,,open copier,1886,open copier,1887
31007,56801,4,2407,9957,True,True,True,55792,4f e3 21 e3 21 e0 4f e0 4f e3 21 e3 21 e0 4f e0,0,0,9088,3161,open copier:5858;confined copier:1;non-copier:3229,431,open copier,ff 41 00 41 00 41 00 41 00 41 00 41 00 41 00 41,3,9950,0.5,1.0,0.0,431,ff 41 00 41 00 41 00 41 00 41 00 41 00 41 00 41,55792,4f e3 21 e3 21 e0 4f e0 4f e3 21 e3 21 e0 4f e0,True,,open copier,1886,open copier,1887
31007,56801,5,12434,10049,True,True,True,55792,4f e3 21 e3 21 e0 4f e0 4f e3 21 e3 21 e0 4f e0,0,0,9088,3161,open copier:5858;confined copier:1;non-copier:3229,431,open copier,ff 41 00 41 00 41 00 41 00 41 00 41 00 41 00 41,3,9950,0.5,1.0,0.0,431,ff 41 00 41 00 41 00 41 00 41 00 41 00 41 00 41,55792,4f e3 21 e3 21 e0 4f e0 4f e3 21 e3 21 e0 4f e0,True,,open copier,1886,open copier,1887
31007,56801,6,11122,10012,True,True,True,55792,4f e3 21 e3 21 e0 4f e0 4f e3 21 e3 21 e0 4f e0,0,0,9088,3161,open copier:5858;confined copier:1;non-copier:3229,431,open copier,ff 41 00 41 00 41 00 41 00 41 00 41 00 41 00 41,3,9950,0.5,1.0,0.0,431,ff 41 00 41 00 41 00 41 00 41 00 41 00 41 00 41,55792,4f e3 21 e3 21 e0 4f e0 4f e3 21 e3 21 e0 4f e0,True,,open copier,1886,open copier,1887
31007,56801,7,6459,9955,True,True,True,55792,4f e3 21 e3 21 e0 4f e0 4f e3 21 e3 21 e0 4f e0,0,0,9088,3161,open copier:5858;confined copier:1;non-copier:3229,431,open copier,ff 41 00 41 00 41 00 41 00 41 00 41 00 41 00 41,3,9950,0.5,1.0,0.0,431,ff 41 00 41 00 41 00 41 00 41 00 41 00 41 00 41,55792,4f e3 21 e3 21 e0 4f e0 4f e3 21 e3 21 e0 4f e0,True,,open copier,1886,open copier,1887
31007,56801,8,17980,9947,True,True,True,55792,4f e3 21 e3 21 e0 4f e0 4f e3 21 e3 21 e0 4f e0,0,0,9088,3161,open copier:5858;confined copier:1;non-copier:3229,431,open copier,ff 41 00 41 00 41 00 41 00 41 00 41 00 41 00 41,3,9950,0.5,1.0,0.0,431,ff 41 00 41 00 41 00 41 00 41 00 41 00 41 00 41,55792,4f e3 21 e3 21 e0 4f e0 4f e3 21 e3 21 e0 4f e0,True,,open copier,1886,open copier,1887
31007,56801,9,18716,10051,True,True,True,55792,4f e3 21 e3 21 e0 4f e0 4f e3 21 e3 21 e0 4f e0,0,0,9088,3161,open copier:5858;confined copier:1;non-copier:3229,431,open copier,ff 41 00 41 00 41 00 41 00 41 00 41 00 41 00 41,3,9950,0.5,1.0,0.0,431,ff 41 00 41 00 41 00 41 00 41 00 41 00 41 00 41,55792,4f e3 21 e3 21 e0 4f e0 4f e3 21 e3 21 e0 4f e0,True,,open copier,1886,open copier,1887
31007,56801,10,14360,10015,True,True,True,55792,4f e3 21 e3 21 e0 4f e0 4f e3 21 e3 21 e0 4f e0,0,0,9088,3161,open copier:5858;confined copier:1;non-copier:3229,431,open copier,ff 41 00 41 00 41 00 41 00 41 00 41 00 41 00 41,3,9950,0.5,1.0,0.0,431,ff 41 00 41 00 41 00 41 00 41 00 41 00 41 00 41,55792,4f e3 21 e3 21 e0 4f e0 4f e3 21 e3 21 e0 4f e0,True,,open copier,1886,open copier,1887
31007,56801,11,11481,10213,True,True,True,55792,4f e3 21 e3 21 e0 4f e0 4f e3 21 e3 21 e0 4f e0,0,0,9088,3161,open copier:5858;confined copier:1;non-copier:3229,431,open copier,ff 41 00 41 00 41 00 41 00 41 00 41 00 41 00 41,3,9950,0.5,1.0,0.0,431,ff 41 00 41 00 41 00 41 00 41 00 41 00 41 00 41,55792,4f e3 21 e3 21 e0 4f e0 4f e3 21 e3 21 e0 4f e0,True,,open copier,1886,open copier,1887
31007,56801,12,4342,10005,True,True,True,55792,4f e3 21 e3 21 e0 4f e0 4f e3 21 e3 21 e0 4f e0,0,0,9088,3161,open copier:5858;confined copier:1;non-copier:3229,431,open copier,ff 41 00 41 00 41 00 41 00 41 00 41 00 41 00 41,3,9950,0.5,1.0,0.0,431,ff 41 00 41 00 41 00 41 00 41 00 41 00 41 00 41,55792,4f e3 21 e3 21 e0 4f e0 4f e3 21 e3 21 e0 4f e0,True,,open copier,1886,open copier,1887
31007,56801,13,11911,9997,True,True,True,55792,4f e3 21 e3 21 e0 4f e0 4f e3 21 e3 21 e0 4f e0,0,0,9088,3161,open copier:5858;confined copier:1;non-copier:3229,431,open copier,ff 41 00 41 00 41 00 41 00 41 00 41 00 41 00 41,3,9950,0.5,1.0,0.0,431,ff 41 00 41 00 41 00 41 00 41 00 41 00 41 00 41,55792,4f e3 21 e3 21 e0 4f e0 4f e3 21 e3 21 e0 4f e0,True,,open copier,1886,open copier,1887
31007,56801,14,12430,10062,True,True,True,55792,4f e3 21 e3 21 e0 4f e0 4f e3 21 e3 21 e0 4f e0,0,0,9088,3161,open copier:5858;confined copier:1;non-copier:3229,431,open copier,ff 41 00 41 00 41 00 41 00 41 00 41 00 41 00 41,3,9950,0.5,1.0,0.0,431,ff 41 00 41 00 41 00 41 00 41 00 41 00 41 00 41,55792,4f e3 21 e3 21 e0 4f e0 4f e3 21 e3 21 e0 4f e0,True,,open copier,1886,open copier,1887
31007,56801,15,2583,9919,True,True,True,55792,4f e3 21 e3 21 e0 4f e0 4f e3 21 e3 21 e0 4f e0,0,0,9088,3161,open copier:5858;confined copier:1;non-copier:3229,431,open copier,ff 41 00 41 00 41 00 41 00 41 00 41 00 41 00 41,3,9950,0.5,1.0,0.0,431,ff 41 00 41 00 41 00 41 00 41 00 41 00 41 00 41,55792,4f e3 21 e3 21 e0 4f e0 4f e3 21 e3 21 e0 4f e0,True,,open copier,1886,open copier,1887
31007,56801,16,16569,10040,True,True,True,55792,4f e3 21 e3 21 e0 4f e0 4f e3 21 e3 21 e0 4f e0,0,0,9088,3161,open copier:5858;confined copier:1;non-copier:3229,431,open copier,ff 41 00 41 00 41 00 41 00 41 00 41 00 41 00 41,3,9950,0.5,1.0,0.0,431,ff 41 00 41 00 41 00 41 00 41 00 41 00 41 00 41,55792,4f e3 21 e3 21 e0 4f e0 4f e3 21 e3 21 e0 4f e0,True,,open copier,1886,open copier,1887
31007,56801,17,6775,9925,True,True,True,55792,4f e3 21 e3 21 e0 4f e0 4f e3 21 e3 21 e0 4f e0,0,0,9088,3161,open copier:5858;confined copier:1;non-copier:3229,431,open copier,ff 41 00 41 00 41 00 41 00 41 00 41 00 41 00 41,3,9950,0.5,1.0,0.0,431,ff 41 00 41 00 41 00 41 00 41 00 41 00 41 00 41,55792,4f e3 21 e3 21 e0 4f e0 4f e3 21 e3 21 e0 4f e0,True,,open copier,1886,open copier,1887
31007,56801,18,16456,10077,True,True,True,55792,4f e3 21 e3 21 e0 4f e0 4f e3 21 e3 21 e0 4f e0,0,0,9088,3161,open copier:5858;confined copier:1;non-copier:3229,431,open copier,ff 41 00 41 00 41 00 41 00 41 00 41 00 41 00 41,3,9950,0.5,1.0,0.0,431,ff 41 00 41 00 41 00 41 00 41 00 41 00 41 00 41,55792,4f e3 21 e3 21 e0 4f e0 4f e3 21 e3 21 e0 4f e0,True,,open copier,1886,open copier,1887
31007,56801,19,15819,10075,True,True,True,55792,4f e3 21 e3 21 e0 4f e0 4f e3 21 e3 21 e0 4f e0,0,0,9088,3161,open copier:5858;confined copier:1;non-copier:3229,431,open copier,ff 41 00 41 00 41 00 41 00 41 00 41 00 41 00 41,3,9950,0.5,1.0,0.0,431,ff 41 00 41 00 41 00 41 00 41 00 41 00 41 00 41,55792,4f e3 21 e3 21 e0 4f e0 4f e3 21 e3 21 e0 4f e0,True,,open copier,1886,open copier,1887
31007,56801,20,3053,9933,True,True,True,55792,4f e3 21 e3 21 e0 4f e0 4f e3 21 e3 21 e0 4f e0,0,0,9088,3161,open copier:5858;confined copier:1;non-copier:3229,431,open copier,ff 41 00 41 00 41 00 41 00 41 00 41 00 41 00 41,3,9950,0.5,1.0,0.0,431,ff 41 00 41 00 41 00 41 00 41 00 41 00 41 00 41,55792,4f e3 21 e3 21 e0 4f e0 4f e3 21 e3 21 e0 4f e0,True,,open copier,1886,open copier,1887
31007,56801,21,19356,10093,True,True,True,55792,4f e3 21 e3 21 e0 4f e0 4f e3 21 e3 21 e0 4f e0,0,0,9088,3161,open copier:5858;confined copier:1;non-copier:3229,431,open copier,ff 41 00 41 00 41 00 41 00 41 00 41 00 41 00 41,3,9950,0.5,1.0,0.0,431,ff 41 00 41 00 41 00 41 00 41 00 41 00 41 00 41,55792,4f e3 21 e3 21 e0 4f e0 4f e3 21 e3 21 e0 4f e0,True,,open copier,1886,open copier,1887
31007,56801,22,8018,10134,True,True,True,55792,4f e3 21 e3 21 e0 4f e0 4f e3 21 e3 21 e0 4f e0,0,0,9088,3161,open copier:5858;confined copier:1;non-copier:3229,431,open copier,ff 41 00 41 00 41 00 41 00 41 00 41 00 41 00 41,3,9950,0.5,1.0,0.0,431,ff 41 00 41 00 41 00 41 00 41 00 41 00 41 00 41,55792,4f e3 21 e3 21 e0 4f e0 4f e3 21 e3 21 e0 4f e0,True,,open copier,1886,open copier,1887
31007,56801,23,3824,10101,True,True,True,55792,4f e3 21 e3 21 e0 4f e0 4f e3 21 e3 21 e0 4f e0,0,0,9088,3161,open copier:5858;confined copier:1;non-copier:3229,431,open copier,ff 41 00 41 00 41 00 41 00 41 00 41 00 41 00 41,3,9950,0.5,1.0,0.0,431,ff 41 00 41 00 41 00 41 00 41 00 41 00 41 00 41,55792,4f e3 21 e3 21 e0 4f e0 4f e3 21 e3 21 e0 4f e0,True,,open copier,1886,open copier,1887
31007,56801,24,15951,10071,True,True,True,55792,4f e3 21 e3 21 e0 4f e0 4f e3 21 e3 21 e0 4f e0,0,0,9088,3161,open copier:5858;confined copier:1;non-copier:3229,431,open copier,ff 41 00 41 00 41 00 41 00 41 00 41 00 41 00 41,3,9950,0.5,1.0,0.0,431,ff 41 00 41 00 41 00 41 00 41 00 41 00 41 00 41,55792,4f e3 21 e3 21 e0 4f e0 4f e3 21 e3 21 e0 4f e0,True,,open copier,1886,open copier,1887
31007,56801,25,8877,10089,True,True,True,55792,4f e3 21 e3 21 e0 4f e0 4f e3 21 e3 21 e0 4f e0,0,0,9088,3161,open copier:5858;confined copier:1;non-copier:3229,431,open copier,ff 41 00 41 00 41 00 41 00 41 00 41 00 41 00 41,3,9950,0.5,1.0,0.0,431,ff 41 00 41 00 41 00 41 00 41 00 41 00 41 00 41,55792,4f e3 21 e3 21 e0 4f e0 4f e3 21 e3 21 e0 4f e0,True,,open copier,1886,open copier,1887
31007,56801,26,14916,10017,True,True,True,55792,4f e3 21 e3 21 e0 4f e0 4f e3 21 e3 21 e0 4f e0,0,0,9088,3161,open copier:5858;confined copier:1;non-copier:3229,431,open copier,ff 41 00 41 00 41 00 41 00 41 00 41 00 41 00 41,3,9950,0.5,1.0,0.0,431,ff 41 00 41 00 41 00 41 00 41 00 41 00 41 00 41,55792,4f e3 21 e3 21 e0 4f e0 4f e3 21 e3 21 e0 4f e0,True,,open copier,1886,open copier,1887
31007,56801,27,2387,10069,True,True,True,55792,4f e3 21 e3 21 e0 4f e0 4f e3 21 e3 21 e0 4f e0,0,0,9088,3161,open copier:5858;confined copier:1;non-copier:3229,431,open copier,ff 41 00 41 00 41 00 41 00 41 00 41 00 41 00 41,3,9950,0.5,1.0,0.0,431,ff 41 00 41 00 41 00 41 00 41 00 41 00 41 00 41,55792,4f e3 21 e3 21 e0 4f e0 4f e3 21 e3 21 e0 4f e0,True,,open copier,1886,open copier,1887
31007,56801,28,15070,9976,True,True,True,55792,4f e3 21 e3 21 e0 4f e0 4f e3 21 e3 21 e0 4f e0,0,0,9088,3161,open copier:5858;confined copier:1;non-copier:3229,431,open copier,ff 41 00 41 00 41 00 41 00 41 00 41 00 41 00 41,3,9950,0.5,1.0,0.0,431,ff 41 00 41 00 41 00 41 00 41 00 41 00 41 00 41,55792,4f e3 21 e3 21 e0 4f e0 4f e3 21 e3 21 e0 4f e0,True,,open copier,1886,open copier,1887
31007,56801,29,5085,10043,True,True,True,55792,4f e3 21 e3 21 e0 4f e0 4f e3 21 e3 21 e0 4f e0,0,0,9088,3161,open copier:5858;confined copier:1;non-copier:3229,431,open copier,ff 41 00 41 00 41 00 41 00 41 00 41 00 41 00 41,3,9950,0.5,1.0,0.0,431,ff 41 00 41 00 41 00 41 00 41 00 41 00 41 00 41,55792,4f e3 21 e3 21 e0 4f e0 4f e3 21 e3 21 e0 4f e0,True,,open copier,1886,open copier,1887
31007,56801,30,7950,10047,True,True,True,55792,4f e3 21 e3 21 e0 4f e0 4f e3 21 e3 21 e0 4f e0,0,0,9088,3161,open copier:5858;confined copier:1;non-copier:3229,431,open copier,ff 41 00 41 00 41 00 41 00 41 00 41 00 41 00 41,3,9950,0.5,1.0,0.0,431,ff 41 00 41 00 41 00 41 00 41 00 41 00 41 00 41,55792,4f e3 21 e3 21 e0 4f e0 4f e3 21 e3 21 e0 4f e0,True,,open copier,1886,open copier,1887
31007,56801,31,3724,9878,True,True,True,55792,4f e3 21 e3 21 e0 4f e0 4f e3 21 e3 21 e0 4f e0,0,0,9088,3161,open copier:5858;confined copier:1;non-copier:3229,431,open copier,ff 41 00 41 00 41 00 41 00 41 00 41 00 41 00 41,3,9950,0.5,1.0,0.0,431,ff 41 00 41 00 41 00 41 00 41 00 41 00 41 00 41,55792,4f e3 21 e3 21 e0 4f e0 4f e3 21 e3 21 e0 4f e0,True,,open copier,1886,open copier,1887
31007,56801,32,32,9957,True,True,True,55792,4f e3 21 e3 21 e0 4f e0 4f e3 21 e3 21 e0 4f e0,0,0,9088,3161,open copier:5858;confined copier:1;non-copier:3229,431,open copier,ff 41 00 41 00 41 00 41 00 41 00 41 00 41 00 41,3,9950,0.5,1.0,0.0,431,ff 41 00 41 00 41 00 41 00 41 00 41 00 41 00 41,55792,4f e3 21 e3 21 e0 4f e0 4f e3 21 e3 21 e0 4f e0,True,,open copier,1886,open copier,1887
31007,56801,33,14137,10082,True,True,True,55792,4f e3 21 e3 21 e0 4f e0 4f e3 21 e3 21 e0 4f e0,0,0,9088,3161,open copier:5858;confined copier:1;non-copier:3229,431,open copier,ff 41 00 41 00 41 00 41 00 41 00 41 00 41 00 41,3,9950,0.5,1.0,0.0,431,ff 41 00 41 00 41 00 41 00 41 00 41 00 41 00 41,55792,4f e3 21 e3 21 e0 4f e0 4f e3 21 e3 21 e0 4f e0,True,,open copier,1886,open copier,1887
31007,56801,34,2666,9993,True,True,True,55792,4f e3 21 e3 21 e0 4f e0 4f e3 21 e3 21 e0 4f e0,0,0,9088,3161,open copier:5858;confined copier:1;non-copier:3229,431,open copier,ff 41 00 41 00 41 00 41 00 41 00 41 00 41 00 41,3,9950,0.5,1.0,0.0,431,ff 41 00 41 00 41 00 41 00 41 00 41 00 41 00 41,55792,4f e3 21 e3 21 e0 4f e0 4f e3 21 e3 21 e0 4f e0,True,,open copier,1886,open copier,1887
31007,56801,35,5794,9880,True,True,True,55792,4f e3 21 e3 21 e0 4f e0 4f e3 21 e3 21 e0 4f e0,0,0,9088,3161,open copier:5858;confined copier:1;non-copier:3229,431,open copier,ff 41 00 41 00 41 00 41 00 41 00 41 00 41 00 41,3,9950,0.5,1.0,0.0,431,ff 41 00 41 00 41 00 41 00 41 00 41 00 41 00 41,55792,4f e3 21 e3 21 e0 4f e0 4f e3 21 e3 21 e0 4f e0,True,,open copier,1886,open copier,1887
31007,56801,36,8215,9881,True,True,True,55792,4f e3 21 e3 21 e0 4f e0 4f e3 21 e3 21 e0 4f e0,0,0,9088,3161,open copier:5858;confined copier:1;non-copier:3229,431,open copier,ff 41 00 41 00 41 00 41 00 41 00 41 00 41 00 41,3,9950,0.5,1.0,0.0,431,ff 41 00 41 00 41 00 41 00 41 00 41 00 41 00 41,55792,4f e3 21 e3 21 e0 4f e0 4f e3 21 e3 21 e0 4f e0,True,,open copier,1886,open copier,1887
31007,56801,37,15915,10039,True,True,True,55792,4f e3 21 e3 21 e0 4f e0 4f e3 21 e3 21 e0 4f e0,0,0,9088,3161,open copier:5858;confined copier:1;non-copier:3229,431,open copier,ff 41 00 41 00 41 00 41 00 41 00 41 00 41 00 41,3,9950,0.5,1.0,0.0,431,ff 41 00 41 00 41 00 41 00 41 00 41 00 41 00 41,55792,4f e3 21 e3 21 e0 4f e0 4f e3 21 e3 21 e0 4f e0,True,,open copier,1886,open copier,1887
31007,56801,38,5847,9959,True,True,True,55792,4f e3 21 e3 21 e0 4f e0 4f e3 21 e3 21 e0 4f e0,0,0,9088,3161,open copier:5858;confined copier:1;non-copier:3229,431,open copier,ff 41 00 41 00 41 00 41 00 41 00 41 00 41 00 41,3,9950,0.5,1.0,0.0,431,ff 41 00 41 00 41 00 41 00 41 00 41 00 41 00 41,55792,4f e3 21 e3 21 e0 4f e0 4f e3 21 e3 21 e0 4f e0,True,,open copier,1886,open copier,1887
31007,56801,39,6432,10023,True,True,True,55792,4f e3 21 e3 21 e0 4f e0 4f e3 21 e3 21 e0 4f e0,0,0,9088,3161,open copier:5858;confined copier:1;non-copier:3229,431,open copier,ff 41 00 41 00 41 00 41 00 41 00 41 00 41 00 41,3,9950,0.5,1.0,0.0,431,ff 41 00 41 00 41 00 41 00 41 00 41 00 41 00 41,55792,4f e3 21 e3 21 e0 4f e0 4f e3 21 e3 21 e0 4f e0,True,,open copier,1886,open copier,1887
31007,56801,40,8229,10033,True,True,True,55792,4f e3 21 e3 21 e0 4f e0 4f e3 21 e3 21 e0 4f e0,0,0,9088,3161,open copier:5858;confined copier:1;non-copier:3229,431,open copier,ff 41 00 41 00 41 00 41 00 41 00 41 00 41 00 41,3,9950,0.5,1.0,0.0,431,ff 41 00 41 00 41 00 41 00 41 00 41 00 41 00 41,55792,4f e3 21 e3 21 e0 4f e0 4f e3 21 e3 21 e0 4f e0,True,,open copier,1886,open copier,1887
31007,56801,41,6485,9871,True,True,True,55792,4f e3 21 e3 21 e0 4f e0 4f e3 21 e3 21 e0 4f e0,0,0,9088,3161,open copier:5858;confined copier:1;non-copier:3229,431,open copier,ff 41 00 41 00 41 00 41 00 41 00 41 00 41 00 41,3,9950,0.5,1.0,0.0,431,ff 41 00 41 00 41 00 41 00 41 00 41 00 41 00 41,55792,4f e3 21 e3 21 e0 4f e0 4f e3 21 e3 21 e0 4f e0,True,,open copier,1886,open copier,1887
31007,56801,42,14547,10098,True,True,True,55792,4f e3 21 e3 21 e0 4f e0 4f e3 21 e3 21 e0 4f e0,0,0,9088,3161,open copier:5858;confined copier:1;non-copier:3229,431,open copier,ff 41 00 41 00 41 00 41 00 41 00 41 00 41 00 41,3,9950,0.5,1.0,0.0,431,ff 41 00 41 00 41 00 41 00 41 00 41 00 41 00 41,55792,4f e3 21 e3 21 e0 4f e0 4f e3 21 e3 21 e0 4f e0,True,,open copier,1886,open copier,1887
31007,56801,43,12517,10038,True,True,True,55792,4f e3 21 e3 21 e0 4f e0 4f e3 21 e3 21 e0 4f e0,0,0,9088,3161,open copier:5858;confined copier:1;non-copier:3229,431,open copier,ff 41 00 41 00 41 00 41 00 41 00 41 00 41 00 41,3,9950,0.5,1.0,0.0,431,ff 41 00 41 00 41 00 41 00 41 00 41 00 41 00 41,55792,4f e3 21 e3 21 e0 4f e0 4f e3 21 e3 21 e0 4f e0,True,,open copier,1886,open copier,1887
31007,56801,44,15633,10054,True,True,True,55792,4f e3 21 e3 21 e0 4f e0 4f e3 21 e3 21 e0 4f e0,0,0,9088,3161,open copier:5858;confined copier:1;non-copier:3229,431,open copier,ff 41 00 41 00 41 00 41 00 41 00 41 00 41 00 41,3,9950,0.5,1.0,0.0,431,ff 41 00 41 00 41 00 41 00 41 00 41 00 41 00 41,55792,4f e3 21 e3 21 e0 4f e0 4f e3 21 e3 21 e0 4f e0,True,,open copier,1886,open copier,1887
31007,56801,45,1696,10045,True,True,True,55792,4f e3 21 e3 21 e0 4f e0 4f e3 21 e3 21 e0 4f e0,0,0,9088,3161,open copier:5858;confined copier:1;non-copier:3229,431,open copier,ff 41 00 41 00 41 00 41 00 41 00 41 00 41 00 41,3,9950,0.5,1.0,0.0,431,ff 41 00 41 00 41 00 41 00 41 00 41 00 41 00 41,55792,4f e3 21 e3 21 e0 4f e0 4f e3 21 e3 21 e0 4f e0,True,,open copier,1886,open copier,1887
31007,56801,46,14062,10163,True,True,True,55792,4f e3 21 e3 21 e0 4f e0 4f e3 21 e3 21 e0 4f e0,0,0,9088,3161,open copier:5858;confined copier:1;non-copier:3229,431,open copier,ff 41 00 41 00 41 00 41 00 41 00 41 00 41 00 41,3,9950,0.5,1.0,0.0,431,ff 41 00 41 00 41 00 41 00 41 00 41 00 41 00 41,55792,4f e3 21 e3 21 e0 4f e0 4f e3 21 e3 21 e0 4f e0,True,,open copier,1886,open copier,1887
31007,56801,47,9210,10070,True,True,True,55792,4f e3 21 e3 21 e0 4f e0 4f e3 21 e3 21 e0 4f e0,0,0,9088,3161,open copier:5858;confined copier:1;non-copier:3229,431,open copier,ff 41 00 41 00 41 00 41 00 41 00 41 00 41 00 41,3,9950,0.5,1.0,0.0,431,ff 41 00 41 00 41 00 41 00 41 00 41 00 41 00 41,55792,4f e3 21 e3 21 e0 4f e0 4f e3 21 e3 21 e0 4f e0,True,,open copier,1886,open copier,1887
31007,56801,48,6158,10011,True,True,True,55792,4f e3 21 e3 21 e0 4f e0 4f e3 21 e3 21 e0 4f e0,0,0,9088,3161,open copier:5858;confined copier:1;non-copier:3229,431,open copier,ff 41 00 41 00 41 00 41 00 41 00 41 00 41 00 41,3,9950,0.5,1.0,0.0,431,ff 41 00 41 00 41 00 41 00 41 00 41 00 41 00 41,55792,4f e3 21 e3 21 e0 4f e0 4f e3 21 e3 21 e0 4f e0,True,,open copier,1886,open copier,1887
31007,56801,49,10570,10093,True,True,True,55792,4f e3 21 e3 21 e0 4f e0 4f e3 21 e3 21 e0 4f e0,0,0,9088,3161,open copier:5858;confined copier:1;non-copier:3229,431,open copier,ff 41 00 41 00 41 00 41 00 41 00 41 00 41 00 41,3,9950,0.5,1.0,0.0,431,ff 41 00 41 00 41 00 41 00 41 00 41 00 41 00 41,55792,4f e3 21 e3 21 e0 4f e0 4f e3 21 e3 21 e0 4f e0,True,,open copier,1886,open copier,1887
31007,56801,50,18042,10156,True,True,True,55792,4f e3 21 e3 21 e0 4f e0 4f e3 21 e3 21 e0 4f e0,0,0,9088,3161,open copier:5858;confined copier:1;non-copier:3229,431,open copier,ff 41 00 41 00 41 00 41 00 41 00 41 00 41 00 41,3,9950,0.5,1.0,0.0,431,ff 41 00 41 00 41 00 41 00 41 00 41 00 41 00 41,55792,4f e3 21 e3 21 e0 4f e0 4f e3 21 e3 21 e0 4f e0,True,,open copier,1886,open copier,1887
31007,56801,51,6710,10084,True,True,True,55792,4f e3 21 e3 21 e0 4f e0 4f e3 21 e3 21 e0 4f e0,0,0,9088,3161,open copier:5858;confined copier:1;non-copier:3229,431,open copier,ff 41 00 41 00 41 00 41 00 41 00 41 00 41 00 41,3,9950,0.5,1.0,0.0,431,ff 41 00 41 00 41 00 41 00 41 00 41 00 41 00 41,55792,4f e3 21 e3 21 e0 4f e0 4f e3 21 e3 21 e0 4f e0,True,,open copier,1886,open copier,1887
31007,56801,52,13319,10020,True,True,True,55792,4f e3 21 e3 21 e0 4f e0 4f e3 21 e3 21 e0 4f e0,0,0,9088,3161,open copier:5858;confined copier:1;non-copier:3229,431,open copier,ff 41 00 41 00 41 00 41 00 41 00 41 00 41 00 41,3,9950,0.5,1.0,0.0,431,ff 41 00 41 00 41 00 41 00 41 00 41 00 41 00 41,55792,4f e3 21 e3 21 e0 4f e0 4f e3 21 e3 21 e0 4f e0,True,,open copier,1886,open copier,1887
31007,56801,53,14952,10036,True,True,True,55792,4f e3 21 e3 21 e0 4f e0 4f e3 21 e3 21 e0 4f e0,0,0,9088,3161,open copier:5858;confined copier:1;non-copier:3229,431,open copier,ff 41 00 41 00 41 00 41 00 41 00 41 00 41 00 41,3,9950,0.5,1.0,0.0,431,ff 41 00 41 00 41 00 41 00 41 00 41 00 41 00 41,55792,4f e3 21 e3 21 e0 4f e0 4f e3 21 e3 21 e0 4f e0,True,,open copier,1886,open copier,1887
31007,56801,54,12433,10050,True,True,True,55792,4f e3 21 e3 21 e0 4f e0 4f e3 21 e3 21 e0 4f e0,0,0,9088,3161,open copier:5858;confined copier:1;non-copier:3229,431,open copier,ff 41 00 41 00 41 00 41 00 41 00 41 00 41 00 41,3,9950,0.5,1.0,0.0,431,ff 41 00 41 00 41 00 41 00 41 00 41 00 41 00 41,55792,4f e3 21 e3 21 e0 4f e0 4f e3 21 e3 21 e0 4f e0,True,,open copier,1886,open copier,1887
31007,56801,55,6305,9889,True,True,True,55792,4f e3 21 e3 21 e0 4f e0 4f e3 21 e3 21 e0 4f e0,0,0,9088,3161,open copier:5858;confined copier:1;non-copier:3229,431,open copier,ff 41 00 41 00 41 00 41 00 41 00 41 00 41 00 41,3,9950,0.5,1.0,0.0,431,ff 41 00 41 00 41 00 41 00 41 00 41 00 41 00 41,55792,4f e3 21 e3 21 e0 4f e0 4f e3 21 e3 21 e0 4f e0,True,,open copier,1886,open copier,1887
31007,56801,56,18349,9988,True,True,True,55792,4f e3 21 e3 21 e0 4f e0 4f e3 21 e3 21 e0 4f e0,0,0,9088,3161,open copier:5858;confined copier:1;non-copier:3229,431,open copier,ff 41 00 41 00 41 00 41 00 41 00 41 00 41 00 41,3,9950,0.5,1.0,0.0,431,ff 41 00 41 00 41 00 41 00 41 00 41 00 41 00 41,55792,4f e3 21 e3 21 e0 4f e0 4f e3 21 e3 21 e0 4f e0,True,,open copier,1886,open copier,1887
31007,56801,57,617,10038,True,True,True,55792,4f e3 21 e3 21 e0 4f e0 4f e3 21 e3 21 e0 4f e0,0,0,9088,3161,open copier:5858;confined copier:1;non-copier:3229,431,open copier,ff 41 00 41 00 41 00 41 00 41 00 41 00 41 00 41,3,9950,0.5,1.0,0.0,431,ff 41 00 41 00 41 00 41 00 41 00 41 00 41 00 41,55792,4f e3 21 e3 21 e0 4f e0 4f e3 21 e3 21 e0 4f e0,True,,open copier,1886,open copier,1887
31007,56801,58,10821,10069,True,True,True,55792,4f e3 21 e3 21 e0 4f e0 4f e3 21 e3 21 e0 4f e0,0,0,9088,3161,open copier:5858;confined copier:1;non-copier:3229,431,open copier,ff 41 00 41 00 41 00 41 00 41 00 41 00 41 00 41,3,9950,0.5,1.0,0.0,431,ff 41 00 41 00 41 00 41 00 41 00 41 00 41 00 41,55792,4f e3 21 e3 21 e0 4f e0 4f e3 21 e3 21 e0 4f e0,True,,open copier,1886,open copier,1887
31007,56801,59,3451,9986,True,True,True,55792,4f e3 21 e3 21 e0 4f e0 4f e3 21 e3 21 e0 4f e0,0,0,9088,3161,open copier:5858;confined copier:1;non-copier:3229,431,open copier,ff 41 00 41 00 41 00 41 00 41 00 41 00 41 00 41,3,9950,0.5,1.0,0.0,431,ff 41 00 41 00 41 00 41 00 41 00 41 00 41 00 41,55792,4f e3 21 e3 21 e0 4f e0 4f e3 21 e3 21 e0 4f e0,True,,open copier,1886,open copier,1887
31007,56801,60,8104,9924,True,True,True,55792,4f e3 21 e3 21 e0 4f e0 4f e3 21 e3 21 e0 4f e0,0,0,9088,3161,open copier:5858;confined copier:1;non-copier:3229,431,open copier,ff 41 00 41 00 41 00 41 00 41 00 41 00 41 00 41,3,9950,0.5,1.0,0.0,431,ff 41 00 41 00 41 00 41 00 41 00 41 00 41 00 41,55792,4f e3 21 e3 21 e0 4f e0 4f e3 21 e3 21 e0 4f e0,True,,open copier,1886,open copier,1887
31007,56801,61,7229,9909,True,True,True,55792,4f e3 21 e3 21 e0 4f e0 4f e3 21 e3 21 e0 4f e0,0,0,9088,3161,open copier:5858;confined copier:1;non-copier:3229,431,open copier,ff 41 00 41 00 41 00 41 00 41 00 41 00 41 00 41,3,9950,0.5,1.0,0.0,431,ff 41 00 41 00 41 00 41 00 41 00 41 00 41 00 41,55792,4f e3 21 e3 21 e0 4f e0 4f e3 21 e3 21 e0 4f e0,True,,open copier,1886,open copier,1887
31007,56801,62,9366,10085,True,True,True,55792,4f e3 21 e3 21 e0 4f e0 4f e3 21 e3 21 e0 4f e0,0,0,9088,3161,open copier:5858;confined copier:1;non-copier:3229,431,open copier,ff 41 00 41 00 41 00 41 00 41 00 41 00 41 00 41,3,9950,0.5,1.0,0.0,431,ff 41 00 41 00 41 00 41 00 41 00 41 00 41 00 41,55792,4f e3 21 e3 21 e0 4f e0 4f e3 21 e3 21 e0 4f e0,True,,open copier,1886,open copier,1887
31007,56801,63,16593,10068,True,True,True,55792,4f e3 21 e3 21 e0 4f e0 4f e3 21 e3 21 e0 4f e0,0,0,9088,3161,open copier:5858;confined copier:1;non-copier:3229,431,open copier,ff 41 00 41 00 41 00 41 00 41 00 41 00 41 00 41,3,9950,0.5,1.0,0.0,431,ff 41 00 41 00 41 00 41 00 41 00 41 00 41 00 41,55792,4f e3 21 e3 21 e0 4f e0 4f e3 21 e3 21 e0 4f e0,True,,open copier,1886,open copier,1887
31008,42643,0,8359,7720,True,True,True,41419,53 e3 21 e3 21 e0 53 e0 53 e3 21 e3 21 e0 53 e0,0,0,6588,2504,open copier:4058;confined copier:4;non-copier:2526,342,open copier,01 c5 01 c5 01 c5 01 c5 01 c5 01 c5 01 c5 01 c5,3,7685,0.703125,1.0,0.46875,342,01 c5 01 c5 01 c5 01 c5 01 c5 01 c5 01 c5 01 c5,3502,01 c0 01 c5 01 c0 01 c5 01 c0 01 c0 01 c0 01 c0,False,,open copier,342,open copier,342
31008,42643,1,3748,7701,True,True,True,41419,53 e3 21 e3 21 e0 53 e0 53 e3 21 e3 21 e0 53 e0,0,0,6588,2504,open copier:4058;confined copier:4;non-copier:2526,342,open copier,01 c5 01 c5 01 c5 01 c5 01 c5 01 c5 01 c5 01 c5,3,7685,0.703125,1.0,0.46875,342,01 c5 01 c5 01 c5 01 c5 01 c5 01 c5 01 c5 01 c5,3502,01 c0 01 c5 01 c0 01 c5 01 c0 01 c0 01 c0 01 c0,False,,open copier,342,open copier,342
31008,42643,2,10832,7603,True,True,True,41419,53 e3 21 e3 21 e0 53 e0 53 e3 21 e3 21 e0 53 e0,0,0,6588,2504,open copier:4058;confined copier:4;non-copier:2526,342,open copier,01 c5 01 c5 01 c5 01 c5 01 c5 01 c5 01 c5 01 c5,3,7685,0.703125,1.0,0.46875,342,01 c5 01 c5 01 c5 01 c5 01 c5 01 c5 01 c5 01 c5,3502,01 c0 01 c5 01 c0 01 c5 01 c0 01 c0 01 c0 01 c0,False,,open copier,342,open copier,342
31008,42643,3,8672,7639,True,True,True,41419,53 e3 21 e3 21 e0 53 e0 53 e3 21 e3 21 e0 53 e0,0,0,6588,2504,open copier:4058;confined copier:4;non-copier:2526,342,open copier,01 c5 01 c5 01 c5 01 c5 01 c5 01 c5 01 c5 01 c5,3,7685,0.703125,1.0,0.46875,342,01 c5 01 c5 01 c5 01 c5 01 c5 01 c5 01 c5 01 c5,3502,01 c0 01 c5 01 c0 01 c5 01 c0 01 c0 01 c0 01 c0,False,,open copier,342,open copier,342
31008,42643,4,18485,7447,True,True,True,41419,53 e3 21 e3 21 e0 53 e0 53 e3 21 e3 21 e0 53 e0,0,0,6588,2504,open copier:4058;confined copier:4;non-copier:2526,342,open copier,01 c5 01 c5 01 c5 01 c5 01 c5 01 c5 01 c5 01 c5,3,7685,0.703125,1.0,0.46875,342,01 c5 01 c5 01 c5 01 c5 01 c5 01 c5 01 c5 01 c5,3502,01 c0 01 c5 01 c0 01 c5 01 c0 01 c0 01 c0 01 c0,False,,open copier,342,open copier,342
31008,42643,5,2024,7504,True,True,True,41419,53 e3 21 e3 21 e0 53 e0 53 e3 21 e3 21 e0 53 e0,0,0,6588,2504,open copier:4058;confined copier:4;non-copier:2526,342,open copier,01 c5 01 c5 01 c5 01 c5 01 c5 01 c5 01 c5 01 c5,3,7685,0.703125,1.0,0.46875,342,01 c5 01 c5 01 c5 01 c5 01 c5 01 c5 01 c5 01 c5,3502,01 c0 01 c5 01 c0 01 c5 01 c0 01 c0 01 c0 01 c0,False,,open copier,342,open copier,342
31008,42643,6,9384,7640,True,True,True,41419,53 e3 21 e3 21 e0 53 e0 53 e3 21 e3 21 e0 53 e0,0,0,6588,2504,open copier:4058;confined copier:4;non-copier:2526,342,open copier,01 c5 01 c5 01 c5 01 c5 01 c5 01 c5 01 c5 01 c5,3,7685,0.703125,1.0,0.46875,342,01 c5 01 c5 01 c5 01 c5 01 c5 01 c5 01 c5 01 c5,3502,01 c0 01 c5 01 c0 01 c5 01 c0 01 c0 01 c0 01 c0,False,,open copier,342,open copier,342
31008,42643,7,1327,7644,True,True,True,41419,53 e3 21 e3 21 e0 53 e0 53 e3 21 e3 21 e0 53 e0,0,0,6588,2504,open copier:4058;confined copier:4;non-copier:2526,342,open copier,01 c5 01 c5 01 c5 01 c5 01 c5 01 c5 01 c5 01 c5,3,7685,0.703125,1.0,0.46875,342,01 c5 01 c5 01 c5 01 c5 01 c5 01 c5 01 c5 01 c5,3502,01 c0 01 c5 01 c0 01 c5 01 c0 01 c0 01 c0 01 c0,False,,open copier,342,open copier,342
31008,42643,8,5813,7673,True,True,True,41419,53 e3 21 e3 21 e0 53 e0 53 e3 21 e3 21 e0 53 e0,0,0,6588,2504,open copier:4058;confined copier:4;non-copier:2526,342,open copier,01 c5 01 c5 01 c5 01 c5 01 c5 01 c5 01 c5 01 c5,3,7685,0.703125,1.0,0.46875,342,01 c5 01 c5 01 c5 01 c5 01 c5 01 c5 01 c5 01 c5,3502,01 c0 01 c5 01 c0 01 c5 01 c0 01 c0 01 c0 01 c0,False,,open copier,342,open copier,342
31008,42643,9,17738,7480,True,True,True,41419,53 e3 21 e3 21 e0 53 e0 53 e3 21 e3 21 e0 53 e0,0,0,6588,2504,open copier:4058;confined copier:4;non-copier:2526,342,open copier,01 c5 01 c5 01 c5 01 c5 01 c5 01 c5 01 c5 01 c5,3,7685,0.703125,1.0,0.46875,342,01 c5 01 c5 01 c5 01 c5 01 c5 01 c5 01 c5 01 c5,3502,01 c0 01 c5 01 c0 01 c5 01 c0 01 c0 01 c0 01 c0,False,,open copier,342,open copier,342
31008,42643,10,2438,7665,True,True,True,41419,53 e3 21 e3 21 e0 53 e0 53 e3 21 e3 21 e0 53 e0,0,0,6588,2504,open copier:4058;confined copier:4;non-copier:2526,342,open copier,01 c5 01 c5 01 c5 01 c5 01 c5 01 c5 01 c5 01 c5,3,7685,0.703125,1.0,0.46875,342,01 c5 01 c5 01 c5 01 c5 01 c5 01 c5 01 c5 01 c5,3502,01 c0 01 c5 01 c0 01 c5 01 c0 01 c0 01 c0 01 c0,False,,open copier,342,open copier,342
31008,42643,11,9053,7670,True,True,True,41419,53 e3 21 e3 21 e0 53 e0 53 e3 21 e3 21 e0 53 e0,0,0,6588,2504,open copier:4058;confined copier:4;non-copier:2526,342,open copier,01 c5 01 c5 01 c5 01 c5 01 c5 01 c5 01 c5 01 c5,3,7685,0.703125,1.0,0.46875,342,01 c5 01 c5 01 c5 01 c5 01 c5 01 c5 01 c5 01 c5,3502,01 c0 01 c5 01 c0 01 c5 01 c0 01 c0 01 c0 01 c0,False,,open copier,342,open copier,342
31008,42643,12,9451,7690,True,True,True,41419,53 e3 21 e3 21 e0 53 e0 53 e3 21 e3 21 e0 53 e0,0,0,6588,2504,open copier:4058;confined copier:4;non-copier:2526,342,open copier,01 c5 01 c5 01 c5 01 c5 01 c5 01 c5 01 c5 01 c5,3,7685,0.703125,1.0,0.46875,342,01 c5 01 c5 01 c5 01 c5 01 c5 01 c5 01 c5 01 c5,3502,01 c0 01 c5 01 c0 01 c5 01 c0 01 c0 01 c0 01 c0,False,,open copier,342,open copier,342
31008,42643,13,8140,7521,True,True,True,41419,53 e3 21 e3 21 e0 53 e0 53 e3 21 e3 21 e0 53 e0,0,0,6588,2504,open copier:4058;confined copier:4;non-copier:2526,342,open copier,01 c5 01 c5 01 c5 01 c5 01 c5 01 c5 01 c5 01 c5,3,7685,0.703125,1.0,0.46875,342,01 c5 01 c5 01 c5 01 c5 01 c5 01 c5 01 c5 01 c5,3502,01 c0 01 c5 01 c0 01 c5 01 c0 01 c0 01 c0 01 c0,False,,open copier,342,open copier,342
31008,42643,14,6933,7675,True,True,True,41419,53 e3 21 e3 21 e0 53 e0 53 e3 21 e3 21 e0 53 e0,0,0,6588,2504,open copier:4058;confined copier:4;non-copier:2526,342,open copier,01 c5 01 c5 01 c5 01 c5 01 c5 01 c5 01 c5 01 c5,3,7685,0.703125,1.0,0.46875,342,01 c5 01 c5 01 c5 01 c5 01 c5 01 c5 01 c5 01 c5,3502,01 c0 01 c5 01 c0 01 c5 01 c0 01 c0 01 c0 01 c0,False,,open copier,342,open copier,342
31008,42643,15,17187,7573,True,True,True,41419,53 e3 21 e3 21 e0 53 e0 53 e3 21 e3 21 e0 53 e0,0,0,6588,2504,open copier:4058;confined copier:4;non-copier:2526,342,open copier,01 c5 01 c5 01 c5 01 c5 01 c5 01 c5 01 c5 01 c5,3,7685,0.703125,1.0,0.46875,342,01 c5 01 c5 01 c5 01 c5 01 c5 01 c5 01 c5 01 c5,3502,01 c0 01 c5 01 c0 01 c5 01 c0 01 c0 01 c0 01 c0,False,,open copier,342,open copier,342
31008,42643,16,18774,7664,True,True,False,44385,02 e3 21 e3 21 e0 02 e0 02 e3 21 e3 21 e0 02 e0,0,0,7066,2601,open copier:4059;confined copier:401;non-copier:2606,342,open copier,01 c5 01 c5 01 c5 01 c5 01 c5 01 c5 01 c5 01 c5,3,7685,0.703125,1.0,0.46875,342,01 c5 01 c5 01 c5 01 c5 01 c5 01 c5 01 c5 01 c5,3502,01 c0 01 c5 01 c0 01 c5 01 c0 01 c0 01 c0 01 c0,False,,open copier,342,open copier,342
31008,42643,17,4715,7611,True,True,True,41419,53 e3 21 e3 21 e0 53 e0 53 e3 21 e3 21 e0 53 e0,0,0,6588,2504,open copier:4058;confined copier:4;non-copier:2526,342,open copier,01 c5 01 c5 01 c5 01 c5 01 c5 01 c5 01 c5 01 c5,3,7685,0.703125,1.0,0.46875,342,01 c5 01 c5 01 c5 01 c5 01 c5 01 c5 01 c5 01 c5,3502,01 c0 01 c5 01 c0 01 c5 01 c0 01 c0 01 c0 01 c0,False,,open copier,342,open copier,342
31008,42643,18,8580,7635,True,True,True,41419,53 e3 21 e3 21 e0 53 e0 53 e3 21 e3 21 e0 53 e0,0,0,6588,2504,open copier:4058;confined copier:4;non-copier:2526,342,open copier,01 c5 01 c5 01 c5 01 c5 01 c5 01 c5 01 c5 01 c5,3,7685,0.703125,1.0,0.46875,342,01 c5 01 c5 01 c5 01 c5 01 c5 01 c5 01 c5 01 c5,3502,01 c0 01 c5 01 c0 01 c5 01 c0 01 c0 01 c0 01 c0,False,,open copier,342,open copier,342
31008,42643,19,1098,7561,True,True,True,41419,53 e3 21 e3 21 e0 53 e0 53 e3 21 e3 21 e0 53 e0,0,0,6588,2504,open copier:4058;confined copier:4;non-copier:2526,342,open copier,01 c5 01 c5 01 c5 01 c5 01 c5 01 c5 01 c5 01 c5,3,7685,0.703125,1.0,0.46875,342,01 c5 01 c5 01 c5 01 c5 01 c5 01 c5 01 c5 01 c5,3502,01 c0 01 c5 01 c0 01 c5 01 c0 01 c0 01 c0 01 c0,False,,open copier,342,open copier,342
31008,42643,20,12208,7687,True,True,True,41419,53 e3 21 e3 21 e0 53 e0 53 e3 21 e3 21 e0 53 e0,0,0,6588,2504,open copier:4058;confined copier:4;non-copier:2526,342,open copier,01 c5 01 c5 01 c5 01 c5 01 c5 01 c5 01 c5 01 c5,3,7685,0.703125,1.0,0.46875,342,01 c5 01 c5 01 c5 01 c5 01 c5 01 c5 01 c5 01 c5,3502,01 c0 01 c5 01 c0 01 c5 01 c0 01 c0 01 c0 01 c0,False,,open copier,342,open copier,342
31008,42643,21,10702,7516,True,True,True,41419,53 e3 21 e3 21 e0 53 e0 53 e3 21 e3 21 e0 53 e0,0,0,6588,2504,open copier:4058;confined copier:4;non-copier:2526,342,open copier,01 c5 01 c5 01 c5 01 c5 01 c5 01 c5 01 c5 01 c5,3,7685,0.703125,1.0,0.46875,342,01 c5 01 c5 01 c5 01 c5 01 c5 01 c5 01 c5 01 c5,3502,01 c0 01 c5 01 c0 01 c5 01 c0 01 c0 01 c0 01 c0,False,,open copier,342,open copier,342
31008,42643,22,5881,7586,True,True,True,41419,53 e3 21 e3 21 e0 53 e0 53 e3 21 e3 21 e0 53 e0,0,0,6588,2504,open copier:4058;confined copier:4;non-copier:2526,342,open copier,01 c5 01 c5 01 c5 01 c5 01 c5 01 c5 01 c5 01 c5,3,7685,0.703125,1.0,0.46875,342,01 c5 01 c5 01 c5 01 c5 01 c5 01 c5 01 c5 01 c5,3502,01 c0 01 c5 01 c0 01 c5 01 c0 01 c0 01 c0 01 c0,False,,open copier,342,open copier,342
31008,42643,23,2138,7624,True,True,True,41419,53 e3 21 e3 21 e0 53 e0 53 e3 21 e3 21 e0 53 e0,0,0,6588,2504,open copier:4058;confined copier:4;non-copier:2526,342,open copier,01 c5 01 c5 01 c5 01 c5 01 c5 01 c5 01 c5 01 c5,3,7685,0.703125,1.0,0.46875,342,01 c5 01 c5 01 c5 01 c5 01 c5 01 c5 01 c5 01 c5,3502,01 c0 01 c5 01 c0 01 c5 01 c0 01 c0 01 c0 01 c0,False,,open copier,342,open copier,342
31008,42643,24,14479,7546,True,True,True,41419,53 e3 21 e3 21 e0 53 e0 53 e3 21 e3 21 e0 53 e0,0,0,6588,2504,open copier:4058;confined copier:4;non-copier:2526,342,open copier,01 c5 01 c5 01 c5 01 c5 01 c5 01 c5 01 c5 01 c5,3,7685,0.703125,1.0,0.46875,342,01 c5 01 c5 01 c5 01 c5 01 c5 01 c5 01 c5 01 c5,3502,01 c0 01 c5 01 c0 01 c5 01 c0 01 c0 01 c0 01 c0,False,,open copier,342,open copier,342
31008,42643,25,9996,7625,True,True,True,41419,53 e3 21 e3 21 e0 53 e0 53 e3 21 e3 21 e0 53 e0,0,0,6588,2504,open copier:4058;confined copier:4;non-copier:2526,342,open copier,01 c5 01 c5 01 c5 01 c5 01 c5 01 c5 01 c5 01 c5,3,7685,0.703125,1.0,0.46875,342,01 c5 01 c5 01 c5 01 c5 01 c5 01 c5 01 c5 01 c5,3502,01 c0 01 c5 01 c0 01 c5 01 c0 01 c0 01 c0 01 c0,False,,open copier,342,open copier,342
31008,42643,26,6590,7704,True,True,True,41419,53 e3 21 e3 21 e0 53 e0 53 e3 21 e3 21 e0 53 e0,0,0,6588,2504,open copier:4058;confined copier:4;non-copier:2526,342,open copier,01 c5 01 c5 01 c5 01 c5 01 c5 01 c5 01 c5 01 c5,3,7685,0.703125,1.0,0.46875,342,01 c5 01 c5 01 c5 01 c5 01 c5 01 c5 01 c5 01 c5,3502,01 c0 01 c5 01 c0 01 c5 01 c0 01 c0 01 c0 01 c0,False,,open copier,342,open copier,342
31008,42643,27,19453,7688,True,True,True,41419,53 e3 21 e3 21 e0 53 e0 53 e3 21 e3 21 e0 53 e0,0,0,6588,2504,open copier:4058;confined copier:4;non-copier:2526,342,open copier,01 c5 01 c5 01 c5 01 c5 01 c5 01 c5 01 c5 01 c5,3,7685,0.703125,1.0,0.46875,342,01 c5 01 c5 01 c5 01 c5 01 c5 01 c5 01 c5 01 c5,3502,01 c0 01 c5 01 c0 01 c5 01 c0 01 c0 01 c0 01 c0,False,,open copier,342,open copier,342
31008,42643,28,5912,7593,True,True,True,41419,53 e3 21 e3 21 e0 53 e0 53 e3 21 e3 21 e0 53 e0,0,0,6588,2504,open copier:4058;confined copier:4;non-copier:2526,342,open copier,01 c5 01 c5 01 c5 01 c5 01 c5 01 c5 01 c5 01 c5,3,7685,0.703125,1.0,0.46875,342,01 c5 01 c5 01 c5 01 c5 01 c5 01 c5 01 c5 01 c5,3502,01 c0 01 c5 01 c0 01 c5 01 c0 01 c0 01 c0 01 c0,False,,open copier,342,open copier,342
31008,42643,29,9221,7634,True,True,True,41419,53 e3 21 e3 21 e0 53 e0 53 e3 21 e3 21 e0 53 e0,0,0,6588,2504,open copier:4058;confined copier:4;non-copier:2526,342,open copier,01 c5 01 c5 01 c5 01 c5 01 c5 01 c5 01 c5 01 c5,3,7685,0.703125,1.0,0.46875,342,01 c5 01 c5 01 c5 01 c5 01 c5 01 c5 01 c5 01 c5,3502,01 c0 01 c5 01 c0 01 c5 01 c0 01 c0 01 c0 01 c0,False,,open copier,342,open copier,342
31008,42643,30,1150,7694,True,True,True,41419,53 e3 21 e3 21 e0 53 e0 53 e3 21 e3 21 e0 53 e0,0,0,6588,2504,open copier:4058;confined copier:4;non-copier:2526,342,open copier,01 c5 01 c5 01 c5 01 c5 01 c5 01 c5 01 c5 01 c5,3,7685,0.703125,1.0,0.46875,342,01 c5 01 c5 01 c5 01 c5 01 c5 01 c5 01 c5 01 c5,3502,01 c0 01 c5 01 c0 01 c5 01 c0 01 c0 01 c0 01 c0,False,,open copier,342,open copier,342
31008,42643,31,13108,7543,True,True,True,41419,53 e3 21 e3 21 e0 53 e0 53 e3 21 e3 21 e0 53 e0,0,0,6588,2504,open copier:4058;confined copier:4;non-copier:2526,342,open copier,01 c5 01 c5 01 c5 01 c5 01 c5 01 c5 01 c5 01 c5,3,7685,0.703125,1.0,0.46875,342,01 c5 01 c5 01 c5 01 c5 01 c5 01 c5 01 c5 01 c5,3502,01 c0 01 c5 01 c0 01 c5 01 c0 01 c0 01 c0 01 c0,False,,open copier,342,open copier,342
31008,42643,32,17898,7481,True,True,True,41419,53 e3 21 e3 21 e0 53 e0 53 e3 21 e3 21 e0 53 e0,0,0,6588,2504,open copier:4058;confined copier:4;non-copier:2526,342,open copier,01 c5 01 c5 01 c5 01 c5 01 c5 01 c5 01 c5 01 c5,3,7685,0.703125,1.0,0.46875,342,01 c5 01 c5 01 c5 01 c5 01 c5 01 c5 01 c5 01 c5,3502,01 c0 01 c5 01 c0 01 c5 01 c0 01 c0 01 c0 01 c0,False,,open copier,342,open copier,342
31008,42643,33,16585,7638,True,True,True,41419,53 e3 21 e3 21 e0 53 e0 53 e3 21 e3 21 e0 53 e0,0,0,6588,2504,open copier:4058;confined copier:4;non-copier:2526,342,open copier,01 c5 01 c5 01 c5 01 c5 01 c5 01 c5 01 c5 01 c5,3,7685,0.703125,1.0,0.46875,342,01 c5 01 c5 01 c5 01 c5 01 c5 01 c5 01 c5 01 c5,3502,01 c0 01 c5 01 c0 01 c5 01 c0 01 c0 01 c0 01 c0,False,,open copier,342,open copier,342
31008,42643,34,18026,7648,True,True,True,41419,53 e3 21 e3 21 e0 53 e0 53 e3 21 e3 21 e0 53 e0,0,0,6588,2504,open copier:4058;confined copier:4;non-copier:2526,342,open copier,01 c5 01 c5 01 c5 01 c5 01 c5 01 c5 01 c5 01 c5,3,7685,0.703125,1.0,0.46875,342,01 c5 01 c5 01 c5 01 c5 01 c5 01 c5 01 c5 01 c5,3502,01 c0 01 c5 01 c0 01 c5 01 c0 01 c0 01 c0 01 c0,False,,open copier,342,open copier,342
31008,42643,35,18119,7732,True,True,True,41419,53 e3 21 e3 21 e0 53 e0 53 e3 21 e3 21 e0 53 e0,0,0,6588,2504,open copier:4058;confined copier:4;non-copier:2526,342,open copier,01 c5 01 c5 01 c5 01 c5 01 c5 01 c5 01 c5 01 c5,3,7685,0.703125,1.0,0.46875,342,01 c5 01 c5 01 c5 01 c5 01 c5 01 c5 01 c5 01 c5,3502,01 c0 01 c5 01 c0 01 c5 01 c0 01 c0 01 c0 01 c0,False,,open copier,342,open copier,342
31008,42643,36,8923,7588,True,True,True,41419,53 e3 21 e3 21 e0 53 e0 53 e3 21 e3 21 e0 53 e0,0,0,6588,2504,open copier:4058;confined copier:4;non-copier:2526,342,open copier,01 c5 01 c5 01 c5 01 c5 01 c5 01 c5 01 c5 01 c5,3,7685,0.703125,1.0,0.46875,342,01 c5 01 c5 01 c5 01 c5 01 c5 01 c5 01 c5 01 c5,3502,01 c0 01 c5 01 c0 01 c5 01 c0 01 c0 01 c0 01 c0,False,,open copier,342,open copier,342
31008,42643,37,1407,7570,True,True,True,41419,53 e3 21 e3 21 e0 53 e0 53 e3 21 e3 21 e0 53 e0,0,0,6588,2504,open copier:4058;confined copier:4;non-copier:2526,342,open copier,01 c5 01 c5 01 c5 01 c5 01 c5 01 c5 01 c5 01 c5,3,7685,0.703125,1.0,0.46875,342,01 c5 01 c5 01 c5 01 c5 01 c5 01 c5 01 c5 01 c5,3502,01 c0 01 c5 01 c0 01 c5 01 c0 01 c0 01 c0 01 c0,False,,open copier,342,open copier,342
31008,42643,38,11532,7627,True,True,True,41419,53 e3 21 e3 21 e0 53 e0 53 e3 21 e3 21 e0 53 e0,0,0,6588,2504,open copier:4058;confined copier:4;non-copier:2526,342,open copier,01 c5 01 c5 01 c5 01 c5 01 c5 01 c5 01 c5 01 c5,3,7685,0.703125,1.0,0.46875,342,01 c5 01 c5 01 c5 01 c5 01 c5 01 c5 01 c5 01 c5,3502,01 c0 01 c5 01 c0 01 c5 01 c0 01 c0 01 c0 01 c0,False,,open copier,342,open copier,342
31008,42643,39,5461,7707,True,True,True,41419,53 e3 21 e3 21 e0 53 e0 53 e3 21 e3 21 e0 53 e0,0,0,6588,2504,open copier:4058;confined copier:4;non-copier:2526,342,open copier,01 c5 01 c5 01 c5 01 c5 01 c5 01 c5 01 c5 01 c5,3,7685,0.703125,1.0,0.46875,342,01 c5 01 c5 01 c5 01 c5 01 c5 01 c5 01 c5 01 c5,3502,01 c0 01 c5 01 c0 01 c5 01 c0 01 c0 01 c0 01 c0,False,,open copier,342,open copier,342
31008,42643,40,19088,7630,True,True,False,44385,02 e3 21 e3 21 e0 02 e0 02 e3 21 e3 21 e0 02 e0,0,0,7066,2601,open copier:4059;confined copier:401;non-copier:2606,342,open copier,01 c5 01 c5 01 c5 01 c5 01 c5 01 c5 01 c5 01 c5,3,7685,0.703125,1.0,0.46875,342,01 c5 01 c5 01 c5 01 c5 01 c5 01 c5 01 c5 01 c5,3502,01 c0 01 c5 01 c0 01 c5 01 c0 01 c0 01 c0 01 c0,False,,open copier,342,open copier,342
31008,42643,41,2714,7538,True,True,True,41419,53 e3 21 e3 21 e0 53 e0 53 e3 21 e3 21 e0 53 e0,0,0,6588,2504,open copier:4058;confined copier:4;non-copier:2526,342,open copier,01 c5 01 c5 01 c5 01 c5 01 c5 01 c5 01 c5 01 c5,3,7685,0.703125,1.0,0.46875,342,01 c5 01 c5 01 c5 01 c5 01 c5 01 c5 01 c5 01 c5,3502,01 c0 01 c5 01 c0 01 c5 01 c0 01 c0 01 c0 01 c0,False,,open copier,342,open copier,342
31008,42643,42,14226,7620,True,True,True,41419,53 e3 21 e3 21 e0 53 e0 53 e3 21 e3 21 e0 53 e0,0,0,6588,2504,open copier:4058;confined copier:4;non-copier:2526,342,open copier,01 c5 01 c5 01 c5 01 c5 01 c5 01 c5 01 c5 01 c5,3,7685,0.703125,1.0,0.46875,342,01 c5 01 c5 01 c5 01 c5 01 c5 01 c5 01 c5 01 c5,3502,01 c0 01 c5 01 c0 01 c5 01 c0 01 c0 01 c0 01 c0,False,,open copier,342,open copier,342
31008,42643,43,9682,7550,True,True,True,41419,53 e3 21 e3 21 e0 53 e0 53 e3 21 e3 21 e0 53 e0,0,0,6588,2504,open copier:4058;confined copier:4;non-copier:2526,342,open copier,01 c5 01 c5 01 c5 01 c5 01 c5 01 c5 01 c5 01 c5,3,7685,0.703125,1.0,0.46875,342,01 c5 01 c5 01 c5 01 c5 01 c5 01 c5 01 c5 01 c5,3502,01 c0 01 c5 01 c0 01 c5 01 c0 01 c0 01 c0 01 c0,False,,open copier,342,open copier,342
31008,42643,44,1046,7553,True,True,True,41419,53 e3 21 e3 21 e0 53 e0 53 e3 21 e3 21 e0 53 e0,0,0,6588,2504,open copier:4058;confined copier:4;non-copier:2526,342,open copier,01 c5 01 c5 01 c5 01 c5 01 c5 01 c5 01 c5 01 c5,3,7685,0.703125,1.0,0.46875,342,01 c5 01 c5 01 c5 01 c5 01 c5 01 c5 01 c5 01 c5,3502,01 c0 01 c5 01 c0 01 c5 01 c0 01 c0 01 c0 01 c0,False,,open copier,342,open copier,342
31008,42643,45,16753,7476,True,True,True,41419,53 e3 21 e3 21 e0 53 e0 53 e3 21 e3 21 e0 53 e0,0,0,6588,2504,open copier:4058;confined copier:4;non-copier:2526,342,open copier,01 c5 01 c5 01 c5 01 c5 01 c5 01 c5 01 c5 01 c5,3,7685,0.703125,1.0,0.46875,342,01 c5 01 c5 01 c5 01 c5 01 c5 01 c5 01 c5 01 c5,3502,01 c0 01 c5 01 c0 01 c5 01 c0 01 c0 01 c0 01 c0,False,,open copier,342,open copier,342
31008,42643,46,4433,7593,True,True,True,41419,53 e3 21 e3 21 e0 53 e0 53 e3 21 e3 21 e0 53 e0,0,0,6588,2504,open copier:4058;confined copier:4;non-copier:2526,342,open copier,01 c5 01 c5 01 c5 01 c5 01 c5 01 c5 01 c5 01 c5,3,7685,0.703125,1.0,0.46875,342,01 c5 01 c5 01 c5 01 c5 01 c5 01 c5 01 c5 01 c5,3502,01 c0 01 c5 01 c0 01 c5 01 c0 01 c0 01 c0 01 c0,False,,open copier,342,open copier,342
31008,42643,47,1641,7706,True,True,True,41419,53 e3 21 e3 21 e0 53 e0 53 e3 21 e3 21 e0 53 e0,0,0,6588,2504,open copier:4058;confined copier:4;non-copier:2526,342,open copier,01 c5 01 c5 01 c5 01 c5 01 c5 01 c5 01 c5 01 c5,3,7685,0.703125,1.0,0.46875,342,01 c5 01 c5 01 c5 01 c5 01 c5 01 c5 01 c5 01 c5,3502,01 c0 01 c5 01 c0 01 c5 01 c0 01 c0 01 c0 01 c0,False,,open copier,342,open copier,342
31008,42643,48,18895,7731,True,True,True,41419,53 e3 21 e3 21 e0 53 e0 53 e3 21 e3 21 e0 53 e0,0,0,6588,2504,open copier:4058;confined copier:4;non-copier:2526,342,open copier,01 c5 01 c5 01 c5 01 c5 01 c5 01 c5 01 c5 01 c5,3,7685,0.703125,1.0,0.46875,342,01 c5 01 c5 01 c5 01 c5 01 c5 01 c5 01 c5 01 c5,3502,01 c0 01 c5 01 c0 01 c5 01 c0 01 c0 01 c0 01 c0,False,,open copier,342,open copier,342
31008,42643,49,4587,7649,True,True,True,41419,53 e3 21 e3 21 e0 53 e0 53 e3 21 e3 21 e0 53 e0,0,0,6588,2504,open copier:4058;confined copier:4;non-copier:2526,342,open copier,01 c5 01 c5 01 c5 01 c5 01 c5 01 c5 01 c5 01 c5,3,7685,0.703125,1.0,0.46875,342,01 c5 01 c5 01 c5 01 c5 01 c5 01 c5 01 c5 01 c5,3502,01 c0 01 c5 01 c0 01 c5 01 c0 01 c0 01 c0 01 c0,False,,open copier,342,open copier,342
31008,42643,50,5478,7711,True,True,True,41419,53 e3 21 e3 21 e0 53 e0 53 e3 21 e3 21 e0 53 e0,0,0,6588,2504,open copier:4058;confined copier:4;non-copier:2526,342,open copier,01 c5 01 c5 01 c5 01 c5 01 c5 01 c5 01 c5 01 c5,3,7685,0.703125,1.0,0.46875,342,01 c5 01 c5 01 c5 01 c5 01 c5 01 c5 01 c5 01 c5,3502,01 c0 01 c5 01 c0 01 c5 01 c0 01 c0 01 c0 01 c0,False,,open copier,342,open copier,342
31008,42643,51,14019,7610,True,True,True,41419,53 e3 21 e3 21 e0 53 e0 53 e3 21 e3 21 e0 53 e0,0,0,6588,2504,open copier:4058;confined copier:4;non-copier:2526,342,open copier,01 c5 01 c5 01 c5 01 c5 01 c5 01 c5 01 c5 01 c5,3,7685,0.703125,1.0,0.46875,342,01 c5 01 c5 01 c5 01 c5 01 c5 01 c5 01 c5 01 c5,3502,01 c0 01 c5 01 c0 01 c5 01 c0 01 c0 01 c0 01 c0,False,,open copier,342,open copier,342
31008,42643,52,19054,7704,True,True,True,41419,53 e3 21 e3 21 e0 53 e0 53 e3 21 e3 21 e0 53 e0,0,0,6588,2504,open copier:4058;confined copier:4;non-copier:2526,342,open copier,01 c5 01 c5 01 c5 01 c5 01 c5 01 c5 01 c5 01 c5,3,7685,0.703125,1.0,0.46875,342,01 c5 01 c5 01 c5 01 c5 01 c5 01 c5 01 c5 01 c5,3502,01 c0 01 c5 01 c0 01 c5 01 c0 01 c0 01 c0 01 c0,False,,open copier,342,open copier,342
31008,42643,53,18295,7667,True,True,False,44385,02 e3 21 e3 21 e0 02 e0 02 e3 21 e3 21 e0 02 e0,0,0,7066,2601,open copier:4059;confined copier:401;non-copier:2606,342,open copier,01 c5 01 c5 01 c5 01 c5 01 c5 01 c5 01 c5 01 c5,3,7685,0.703125,1.0,0.46875,342,01 c5 01 c5 01 c5 01 c5 01 c5 01 c5 01 c5 01 c5,3502,01 c0 01 c5 01 c0 01 c5 01 c0 01 c0 01 c0 01 c0,False,,open copier,342,open copier,342
31008,42643,54,12854,7596,True,True,True,41419,53 e3 21 e3 21 e0 53 e0 53 e3 21 e3 21 e0 53 e0,0,0,6588,2504,open copier:4058;confined copier:4;non-copier:2526,342,open copier,01 c5 01 c5 01 c5 01 c5 01 c5 01 c5 01 c5 01 c5,3,7685,0.703125,1.0,0.46875,342,01 c5 01 c5 01 c5 01 c5 01 c5 01 c5 01 c5 01 c5,3502,01 c0 01 c5 01 c0 01 c5 01 c0 01 c0 01 c0 01 c0,False,,open copier,342,open copier,342
31008,42643,55,13591,7488,True,True,True,41419,53 e3 21 e3 21 e0 53 e0 53 e3 21 e3 21 e0 53 e0,0,0,6588,2504,open copier:4058;confined copier:4;non-copier:2526,342,open copier,01 c5 01 c5 01 c5 01 c5 01 c5 01 c5 01 c5 01 c5,3,7685,0.703125,1.0,0.46875,342,01 c5 01 c5 01 c5 01 c5 01 c5 01 c5 01 c5 01 c5,3502,01 c0 01 c5 01 c0 01 c5 01 c0 01 c0 01 c0 01 c0,False,,open copier,342,open copier,342
31008,42643,56,3625,7546,True,True,True,41419,53 e3 21 e3 21 e0 53 e0 53 e3 21 e3 21 e0 53 e0,0,0,6588,2504,open copier:4058;confined copier:4;non-copier:2526,342,open copier,01 c5 01 c5 01 c5 01 c5 01 c5 01 c5 01 c5 01 c5,3,7685,0.703125,1.0,0.46875,342,01 c5 01 c5 01 c5 01 c5 01 c5 01 c5 01 c5 01 c5,3502,01 c0 01 c5 01 c0 01 c5 01 c0 01 c0 01 c0 01 c0,False,,open copier,342,open copier,342
31008,42643,57,16145,7448,True,True,True,41419,53 e3 21 e3 21 e0 53 e0 53 e3 21 e3 21 e0 53 e0,0,0,6588,2504,open copier:4058;confined copier:4;non-copier:2526,342,open copier,01 c5 01 c5 01 c5 01 c5 01 c5 01 c5 01 c5 01 c5,3,7685,0.703125,1.0,0.46875,342,01 c5 01 c5 01 c5 01 c5 01 c5 01 c5 01 c5 01 c5,3502,01 c0 01 c5 01 c0 01 c5 01 c0 01 c0 01 c0 01 c0,False,,open copier,342,open copier,342
31008,42643,58,3725,7705,True,True,True,41419,53 e3 21 e3 21 e0 53 e0 53 e3 21 e3 21 e0 53 e0,0,0,6588,2504,open copier:4058;confined copier:4;non-copier:2526,342,open copier,01 c5 01 c5 01 c5 01 c5 01 c5 01 c5 01 c5 01 c5,3,7685,0.703125,1.0,0.46875,342,01 c5 01 c5 01 c5 01 c5 01 c5 01 c5 01 c5 01 c5,3502,01 c0 01 c5 01 c0 01 c5 01 c0 01 c0 01 c0 01 c0,False,,open copier,342,open copier,342
31008,42643,59,19714,7731,True,True,True,41419,53 e3 21 e3 21 e0 53 e0 53 e3 21 e3 21 e0 53 e0,0,0,6588,2504,open copier:4058;confined copier:4;non-copier:2526,342,open copier,01 c5 01 c5 01 c5 01 c5 01 c5 01 c5 01 c5 01 c5,3,7685,0.703125,1.0,0.46875,342,01 c5 01 c5 01 c5 01 c5 01 c5 01 c5 01 c5 01 c5,3502,01 c0 01 c5 01 c0 01 c5 01 c0 01 c0 01 c0 01 c0,False,,open copier,342,open copier,342
31008,42643,60,17049,7495,True,True,True,41419,53 e3 21 e3 21 e0 53 e0 53 e3 21 e3 21 e0 53 e0,0,0,6588,2504,open copier:4058;confined copier:4;non-copier:2526,342,open copier,01 c5 01 c5 01 c5 01 c5 01 c5 01 c5 01 c5 01 c5,3,7685,0.703125,1.0,0.46875,342,01 c5 01 c5 01 c5 01 c5 01 c5 01 c5 01 c5 01 c5,3502,01 c0 01 c5 01 c0 01 c5 01 c0 01 c0 01 c0 01 c0,False,,open copier,342,open copier,342
31008,42643,61,16846,7720,True,True,True,41419,53 e3 21 e3 21 e0 53 e0 53 e3 21 e3 21 e0 53 e0,0,0,6588,2504,open copier:4058;confined copier:4;non-copier:2526,342,open copier,01 c5 01 c5 01 c5 01 c5 01 c5 01 c5 01 c5 01 c5,3,7685,0.703125,1.0,0.46875,342,01 c5 01 c5 01 c5 01 c5 01 c5 01 c5 01 c5 01 c5,3502,01 c0 01 c5 01 c0 01 c5 01 c0 01 c0 01 c0 01 c0,False,,open copier,342,open copier,342
31008,42643,62,11452,7677,True,True,True,41419,53 e3 21 e3 21 e0 53 e0 53 e3 21 e3 21 e0 53 e0,0,0,6588,2504,open copier:4058;confined copier:4;non-copier:2526,342,open copier,01 c5 01 c5 01 c5 01 c5 01 c5 01 c5 01 c5 01 c5,3,7685,0.703125,1.0,0.46875,342,01 c5 01 c5 01 c5 01 c5 01 c5 01 c5 01 c5 01 c5,3502,01 c0 01 c5 01 c0 01 c5 01 c0 01 c0 01 c0 01 c0,False,,open copier,342,open copier,342
31008,42643,63,16044,7625,True,True,True,41419,53 e3 21 e3 21 e0 53 e0 53 e3 21 e3 21 e0 53 e0,0,0,6588,2504,open copier:4058;confined copier:4;non-copier:2526,342,open copier,01 c5 01 c5 01 c5 01 c5 01 c5 01 c5 01 c5 01 c5,3,7685,0.703125,1.0,0.46875,342,01 c5 01 c5 01 c5 01 c5 01 c5 01 c5 01 c5 01 c5,3502,01 c0 01 c5 01 c0 01 c5 01 c0 01 c0 01 c0 01 c0,False,,open copier,342,open copier,342
31010,37883,0,8459,7403,True,True,True,36835,93 e3 21 e3 21 e0 93 e0 93 e3 21 e0 93 e3 21 e0,0,0,6404,2332,open copier:3945;confined copier:2;non-copier:2457,474,open copier,01 c5 01 c5 01 c5 01 c5 01 c5 01 c5 01 c5 01 c5,3,7370,0.703125,1.0,0.46875,474,01 c5 01 c5 01 c5 01 c5 01 c5 01 c5 01 c5 01 c5,5321,01 c0 01 c5 01 c0 01 d5 01 c5 01 c0 01 c0 01 c0,False,,open copier,474,open copier,474
31010,37883,1,9753,7342,True,True,True,36835,93 e3 21 e3 21 e0 93 e0 93 e3 21 e0 93 e3 21 e0,0,0,6404,2332,open copier:3945;confined copier:2;non-copier:2457,474,open copier,01 c5 01 c5 01 c5 01 c5 01 c5 01 c5 01 c5 01 c5,3,7370,0.703125,1.0,0.46875,474,01 c5 01 c5 01 c5 01 c5 01 c5 01 c5 01 c5 01 c5,5321,01 c0 01 c5 01 c0 01 d5 01 c5 01 c0 01 c0 01 c0,False,,open copier,474,open copier,474
31010,37883,2,19302,7318,True,True,True,36835,93 e3 21 e3 21 e0 93 e0 93 e3 21 e0 93 e3 21 e0,0,0,6404,2332,open copier:3945;confined copier:2;non-copier:2457,474,open copier,01 c5 01 c5 01 c5 01 c5 01 c5 01 c5 01 c5 01 c5,3,7370,0.703125,1.0,0.46875,474,01 c5 01 c5 01 c5 01 c5 01 c5 01 c5 01 c5 01 c5,5321,01 c0 01 c5 01 c0 01 d5 01 c5 01 c0 01 c0 01 c0,False,,open copier,474,open copier,474
31010,37883,3,13778,7417,True,True,True,36835,93 e3 21 e3 21 e0 93 e0 93 e3 21 e0 93 e3 21 e0,0,0,6404,2332,open copier:3945;confined copier:2;non-copier:2457,474,open copier,01 c5 01 c5 01 c5 01 c5 01 c5 01 c5 01 c5 01 c5,3,7370,0.703125,1.0,0.46875,474,01 c5 01 c5 01 c5 01 c5 01 c5 01 c5 01 c5 01 c5,5321,01 c0 01 c5 01 c0 01 d5 01 c5 01 c0 01 c0 01 c0,False,,open copier,474,open copier,474
31010,37883,4,11211,7364,True,True,True,36835,93 e3 21 e3 21 e0 93 e0 93 e3 21 e0 93 e3 21 e0,0,0,6404,2332,open copier:3945;confined copier:2;non-copier:2457,474,open copier,01 c5 01 c5 01 c5 01 c5 01 c5 01 c5 01 c5 01 c5,3,7370,0.703125,1.0,0.46875,474,01 c5 01 c5 01 c5 01 c5 01 c5 01 c5 01 c5 01 c5,5321,01 c0 01 c5 01 c0 01 d5 01 c5 01 c0 01 c0 01 c0,False,,open copier,474,open copier,474
31010,37883,5,13707,7377,True,True,True,36835,93 e3 21 e3 21 e0 93 e0 93 e3 21 e0 93 e3 21 e0,0,0,6404,2332,open copier:3945;confined copier:2;non-copier:2457,474,open copier,01 c5 01 c5 01 c5 01 c5 01 c5 01 c5 01 c5 01 c5,3,7370,0.703125,1.0,0.46875,474,01 c5 01 c5 01 c5 01 c5 01 c5 01 c5 01 c5 01 c5,5321,01 c0 01 c5 01 c0 01 d5 01 c5 01 c0 01 c0 01 c0,False,,open copier,474,open copier,474
31010,37883,6,4933,7389,True,True,True,36835,93 e3 21 e3 21 e0 93 e0 93 e3 21 e0 93 e3 21 e0,0,0,6404,2332,open copier:3945;confined copier:2;non-copier:2457,474,open copier,01 c5 01 c5 01 c5 01 c5 01 c5 01 c5 01 c5 01 c5,3,7370,0.703125,1.0,0.46875,474,01 c5 01 c5 01 c5 01 c5 01 c5 01 c5 01 c5 01 c5,5321,01 c0 01 c5 01 c0 01 d5 01 c5 01 c0 01 c0 01 c0,False,,open copier,474,open copier,474
31010,37883,7,833,7354,True,True,True,36835,93 e3 21 e3 21 e0 93 e0 93 e3 21 e0 93 e3 21 e0,0,0,6404,2332,open copier:3945;confined copier:2;non-copier:2457,474,open copier,01 c5 01 c5 01 c5 01 c5 01 c5 01 c5 01 c5 01 c5,3,7370,0.703125,1.0,0.46875,474,01 c5 01 c5 01 c5 01 c5 01 c5 01 c5 01 c5 01 c5,5321,01 c0 01 c5 01 c0 01 d5 01 c5 01 c0 01 c0 01 c0,False,,open copier,474,open copier,474
31010,37883,8,3546,7356,True,True,True,36835,93 e3 21 e3 21 e0 93 e0 93 e3 21 e0 93 e3 21 e0,0,0,6404,2332,open copier:3945;confined copier:2;non-copier:2457,474,open copier,01 c5 01 c5 01 c5 01 c5 01 c5 01 c5 01 c5 01 c5,3,7370,0.703125,1.0,0.46875,474,01 c5 01 c5 01 c5 01 c5 01 c5 01 c5 01 c5 01 c5,5321,01 c0 01 c5 01 c0 01 d5 01 c5 01 c0 01 c0 01 c0,False,,open copier,474,open copier,474
31010,37883,9,11195,7393,True,True,True,36835,93 e3 21 e3 21 e0 93 e0 93 e3 21 e0 93 e3 21 e0,0,0,6404,2332,open copier:3945;confined copier:2;non-copier:2457,474,open copier,01 c5 01 c5 01 c5 01 c5 01 c5 01 c5 01 c5 01 c5,3,7370,0.703125,1.0,0.46875,474,01 c5 01 c5 01 c5 01 c5 01 c5 01 c5 01 c5 01 c5,5321,01 c0 01 c5 01 c0 01 d5 01 c5 01 c0 01 c0 01 c0,False,,open copier,474,open copier,474
31010,37883,10,33,7370,True,True,True,36835,93 e3 21 e3 21 e0 93 e0 93 e3 21 e0 93 e3 21 e0,0,0,6404,2332,open copier:3945;confined copier:2;non-copier:2457,474,open copier,01 c5 01 c5 01 c5 01 c5 01 c5 01 c5 01 c5 01 c5,3,7370,0.703125,1.0,0.46875,474,01 c5 01 c5 01 c5 01 c5 01 c5 01 c5 01 c5 01 c5,5321,01 c0 01 c5 01 c0 01 d5 01 c5 01 c0 01 c0 01 c0,False,,open copier,474,open copier,474
31010,37883,11,16084,7381,True,True,True,36835,93 e3 21 e3 21 e0 93 e0 93 e3 21 e0 93 e3 21 e0,0,0,6404,2332,open copier:3945;confined copier:2;non-copier:2457,474,open copier,01 c5 01 c5 01 c5 01 c5 01 c5 01 c5 01 c5 01 c5,3,7370,0.703125,1.0,0.46875,474,01 c5 01 c5 01 c5 01 c5 01 c5 01 c5 01 c5 01 c5,5321,01 c0 01 c5 01 c0 01 d5 01 c5 01 c0 01 c0 01 c0,False,,open copier,474,open copier,474
31010,37883,12,4224,7323,True,True,True,36835,93 e3 21 e3 21 e0 93 e0 93 e3 21 e0 93 e3 21 e0,0,0,6404,2332,open copier:3945;confined copier:2;non-copier:2457,474,open copier,01 c5 01 c5 01 c5 01 c5 01 c5 01 c5 01 c5 01 c5,3,7370,0.703125,1.0,0.46875,474,01 c5 01 c5 01 c5 01 c5 01 c5 01 c5 01 c5 01 c5,5321,01 c0 01 c5 01 c0 01 d5 01 c5 01 c0 01 c0 01 c0,False,,open copier,474,open copier,474
31010,37883,13,14895,7457,True,True,False,39080,8c e3 21 e3 21 e0 8c e0 8c e3 21 e3 21 e0 8c e0,0,0,6716,2387,open copier:3946;confined copier:304;non-copier:2466,474,open copier,01 c5 01 c5 01 c5 01 c5 01 c5 01 c5 01 c5 01 c5,3,7370,0.703125,1.0,0.46875,474,01 c5 01 c5 01 c5 01 c5 01 c5 01 c5 01 c5 01 c5,5321,01 c0 01 c5 01 c0 01 d5 01 c5 01 c0 01 c0 01 c0,False,,open copier,474,open copier,474
31010,37883,14,10612,7258,True,True,True,36835,93 e3 21 e3 21 e0 93 e0 93 e3 21 e0 93 e3 21 e0,0,0,6404,2332,open copier:3945;confined copier:2;non-copier:2457,474,open copier,01 c5 01 c5 01 c5 01 c5 01 c5 01 c5 01 c5 01 c5,3,7370,0.703125,1.0,0.46875,474,01 c5 01 c5 01 c5 01 c5 01 c5 01 c5 01 c5 01 c5,5321,01 c0 01 c5 01 c0 01 d5 01 c5 01 c0 01 c0 01 c0,False,,open copier,474,open copier,474
31010,37883,15,9822,7363,True,True,True,36835,93 e3 21 e3 21 e0 93 e0 93 e3 21 e0 93 e3 21 e0,0,0,6404,2332,open copier:3945;confined copier:2;non-copier:2457,474,open copier,01 c5 01 c5 01 c5 01 c5 01 c5 01 c5 01 c5 01 c5,3,7370,0.703125,1.0,0.46875,474,01 c5 01 c5 01 c5 01 c5 01 c5 01 c5 01 c5 01 c5,5321,01 c0 01 c5 01 c0 01 d5 01 c5 01 c0 01 c0 01 c0,False,,open copier,474,open copier,474
31010,37883,16,17018,7391,True,True,True,36835,93 e3 21 e3 21 e0 93 e0 93 e3 21 e0 93 e3 21 e0,0,0,6404,2332,open copier:3945;confined copier:2;non-copier:2457,474,open copier,01 c5 01 c5 01 c5 01 c5 01 c5 01 c5 01 c5 01 c5,3,7370,0.703125,1.0,0.46875,474,01 c5 01 c5 01 c5 01 c5 01 c5 01 c5 01 c5 01 c5,5321,01 c0 01 c5 01 c0 01 d5 01 c5 01 c0 01 c0 01 c0,False,,open copier,474,open copier,474
31010,37883,17,11339,7391,True,True,True,36835,93 e3 21 e3 21 e0 93 e0 93 e3 21 e0 93 e3 21 e0,0,0,6404,2332,open copier:3945;confined copier:2;non-copier:2457,474,open copier,01 c5 01 c5 01 c5 01 c5 01 c5 01 c5 01 c5 01 c5,3,7370,0.703125,1.0,0.46875,474,01 c5 01 c5 01 c5 01 c5 01 c5 01 c5 01 c5 01 c5,5321,01 c0 01 c5 01 c0 01 d5 01 c5 01 c0 01 c0 01 c0,False,,open copier,474,open copier,474
31010,37883,18,2923,7410,True,True,True,36835,93 e3 21 e3 21 e0 93 e0 93 e3 21 e0 93 e3 21 e0,0,0,6404,2332,open copier:3945;confined copier:2;non-copier:2457,474,open copier,01 c5 01 c5 01 c5 01 c5 01 c5 01 c5 01 c5 01 c5,3,7370,0.703125,1.0,0.46875,474,01 c5 01 c5 01 c5 01 c5 01 c5 01 c5 01 c5 01 c5,5321,01 c0 01 c5 01 c0 01 d5 01 c5 01 c0 01 c0 01 c0,False,,open copier,474,open copier,474
31010,37883,19,5819,7307,True,True,True,36835,93 e3 21 e3 21 e0 93 e0 93 e3 21 e0 93 e3 21 e0,0,0,6404,2332,open copier:3945;confined copier:2;non-copier:2457,474,open copier,01 c5 01 c5 01 c5 01 c5 01 c5 01 c5 01 c5 01 c5,3,7370,0.703125,1.0,0.46875,474,01 c5 01 c5 01 c5 01 c5 01 c5 01 c5 01 c5 01 c5,5321,01 c0 01 c5 01 c0 01 d5 01 c5 01 c0 01 c0 01 c0,False,,open copier,474,open copier,474
31010,37883,20,2127,7452,True,True,True,36835,93 e3 21 e3 21 e0 93 e0 93 e3 21 e0 93 e3 21 e0,0,0,6404,2332,open copier:3945;confined copier:2;non-copier:2457,474,open copier,01 c5 01 c5 01 c5 01 c5 01 c5 01 c5 01 c5 01 c5,3,7370,0.703125,1.0,0.46875,474,01 c5 01 c5 01 c5 01 c5 01 c5 01 c5 01 c5 01 c5,5321,01 c0 01 c5 01 c0 01 d5 01 c5 01 c0 01 c0 01 c0,False,,open copier,474,open copier,474
31010,37883,21,5922,7355,True,True,True,36835,93 e3 21 e3 21 e0 93 e0 93 e3 21 e0 93 e3 21 e0,0,0,6404,2332,open copier:3945;confined copier:2;non-copier:2457,474,open copier,01 c5 01 c5 01 c5 01 c5 01 c5 01 c5 01 c5 01 c5,3,7370,0.703125,1.0,0.46875,474,01 c5 01 c5 01 c5 01 c5 01 c5 01 c5 01 c5 01 c5,5321,01 c0 01 c5 01 c0 01 d5 01 c5 01 c0 01 c0 01 c0,False,,open copier,474,open copier,474
31010,37883,22,5679,7425,True,True,True,36835,93 e3 21 e3 21 e0 93 e0 93 e3 21 e0 93 e3 21 e0,0,0,6404,2332,open copier:3945;confined copier:2;non-copier:2457,474,open copier,01 c5 01 c5 01 c5 01 c5 01 c5 01 c5 01 c5 01 c5,3,7370,0.703125,1.0,0.46875,474,01 c5 01 c5 01 c5 01 c5 01 c5 01 c5 01 c5 01 c5,5321,01 c0 01 c5 01 c0 01 d5 01 c5 01 c0 01 c0 01 c0,False,,open copier,474,open copier,474
31010,37883,23,19452,7373,True,True,True,36835,93 e3 21 e3 21 e0 93 e0 93 e3 21 e0 93 e3 21 e0,0,0,6404,2332,open copier:3945;confined copier:2;non-copier:2457,474,open copier,01 c5 01 c5 01 c5 01 c5 01 c5 01 c5 01 c5 01 c5,3,7370,0.703125,1.0,0.46875,474,01 c5 01 c5 01 c5 01 c5 01 c5 01 c5 01 c5 01 c5,5321,01 c0 01 c5 01 c0 01 d5 01 c5 01 c0 01 c0 01 c0,False,,open copier,474,open copier,474
31010,37883,24,14265,7410,True,True,True,36835,93 e3 21 e3 21 e0 93 e0 93 e3 21 e0 93 e3 21 e0,0,0,6404,2332,open copier:3945;confined copier:2;non-copier:2457,474,open copier,01 c5 01 c5 01 c5 01 c5 01 c5 01 c5 01 c5 01 c5,3,7370,0.703125,1.0,0.46875,474,01 c5 01 c5 01 c5 01 c5 01 c5 01 c5 01 c5 01 c5,5321,01 c0 01 c5 01 c0 01 d5 01 c5 01 c0 01 c0 01 c0,False,,open copier,474,open copier,474
31010,37883,25,10223,7397,True,True,True,36835,93 e3 21 e3 21 e0 93 e0 93 e3 21 e0 93 e3 21 e0,0,0,6404,2332,open copier:3945;confined copier:2;non-copier:2457,474,open copier,01 c5 01 c5 01 c5 01 c5 01 c5 01 c5 01 c5 01 c5,3,7370,0.703125,1.0,0.46875,474,01 c5 01 c5 01 c5 01 c5 01 c5 01 c5 01 c5 01 c5,5321,01 c0 01 c5 01 c0 01 d5 01 c5 01 c0 01 c0 01 c0,False,,open copier,474,open copier,474
31010,37883,26,18802,7243,True,True,True,36835,93 e3 21 e3 21 e0 93 e0 93 e3 21 e0 93 e3 21 e0,0,0,6404,2332,open copier:3945;confined copier:2;non-copier:2457,474,open copier,01 c5 01 c5 01 c5 01 c5 01 c5 01 c5 01 c5 01 c5,3,7370,0.703125,1.0,0.46875,474,01 c5 01 c5 01 c5 01 c5 01 c5 01 c5 01 c5 01 c5,5321,01 c0 01 c5 01 c0 01 d5 01 c5 01 c0 01 c0 01 c0,False,,open copier,474,open copier,474
31010,37883,27,6380,7424,True,True,True,36835,93 e3 21 e3 21 e0 93 e0 93 e3 21 e0 93 e3 21 e0,0,0,6404,2332,open copier:3945;confined copier:2;non-copier:2457,474,open copier,01 c5 01 c5 01 c5 01 c5 01 c5 01 c5 01 c5 01 c5,3,7370,0.703125,1.0,0.46875,474,01 c5 01 c5 01 c5 01 c5 01 c5 01 c5 01 c5 01 c5,5321,01 c0 01 c5 01 c0 01 d5 01 c5 01 c0 01 c0 01 c0,False,,open copier,474,open copier,474
31010,37883,28,5971,7303,True,True,True,36835,93 e3 21 e3 21 e0 93 e0 93 e3 21 e0 93 e3 21 e0,0,0,6404,2332,open copier:3945;confined copier:2;non-copier:2457,474,open copier,01 c5 01 c5 01 c5 01 c5 01 c5 01 c5 01 c5 01 c5,3,7370,0.703125,1.0,0.46875,474,01 c5 01 c5 01 c5 01 c5 01 c5 01 c5 01 c5 01 c5,5321,01 c0 01 c5 01 c0 01 d5 01 c5 01 c0 01 c0 01 c0,False,,open copier,474,open copier,474
31010,37883,29,5579,7411,True,True,True,36835,93 e3 21 e3 21 e0 93 e0 93 e3 21 e0 93 e3 21 e0,0,0,6404,2332,open copier:3945;confined copier:2;non-copier:2457,474,open copier,01 c5 01 c5 01 c5 01 c5 01 c5 01 c5 01 c5 01 c5,3,7370,0.703125,1.0,0.46875,474,01 c5 01 c5 01 c5 01 c5 01 c5 01 c5 01 c5 01 c5,5321,01 c0 01 c5 01 c0 01 d5 01 c5 01 c0 01 c0 01 c0,False,,open copier,474,open copier,474
31010,37883,30,2051,7377,True,True,True,36835,93 e3 21 e3 21 e0 93 e0 93 e3 21 e0 93 e3 21 e0,0,0,6404,2332,open copier:3945;confined copier:2;non-copier:2457,474,open copier,01 c5 01 c5 01 c5 01 c5 01 c5 01 c5 01 c5 01 c5,3,7370,0.703125,1.0,0.46875,474,01 c5 01 c5 01 c5 01 c5 01 c5 01 c5 01 c5 01 c5,5321,01 c0 01 c5 01 c0 01 d5 01 c5 01 c0 01 c0 01 c0,False,,open copier,474,open copier,474
31010,37883,31,699,7400,True,True,True,36835,93 e3 21 e3 21 e0 93 e0 93 e3 21 e0 93 e3 21 e0,0,0,6404,2332,open copier:3945;confined copier:2;non-copier:2457,474,open copier,01 c5 01 c5 01 c5 01 c5 01 c5 01 c5 01 c5 01 c5,3,7370,0.703125,1.0,0.46875,474,01 c5 01 c5 01 c5 01 c5 01 c5 01 c5 01 c5 01 c5,5321,01 c0 01 c5 01 c0 01 d5 01 c5 01 c0 01 c0 01 c0,False,,open copier,474,open copier,474
31010,37883,32,14996,7276,True,True,True,36835,93 e3 21 e3 21 e0 93 e0 93 e3 21 e0 93 e3 21 e0,0,0,6404,2332,open copier:3945;confined copier:2;non-copier:2457,474,open copier,01 c5 01 c5 01 c5 01 c5 01 c5 01 c5 01 c5 01 c5,3,7370,0.703125,1.0,0.46875,474,01 c5 01 c5 01 c5 01 c5 01 c5 01 c5 01 c5 01 c5,5321,01 c0 01 c5 01 c0 01 d5 01 c5 01 c0 01 c0 01 c0,False,,open copier,474,open copier,474
31010,37883,33,7944,7188,True,True,True,36835,93 e3 21 e3 21 e0 93 e0 93 e3 21 e0 93 e3 21 e0,0,0,6404,2332,open copier:3945;confined copier:2;non-copier:2457,474,open copier,01 c5 01 c5 01 c5 01 c5 01 c5 01 c5 01 c5 01 c5,3,7370,0.703125,1.0,0.46875,474,01 c5 01 c5 01 c5 01 c5 01 c5 01 c5 01 c5 01 c5,5321,01 c0 01 c5 01 c0 01 d5 01 c5 01 c0 01 c0 01 c0,False,,open copier,474,open copier,474
31010,37883,34,13140,7357,True,True,True,36835,93 e3 21 e3 21 e0 93 e0 93 e3 21 e0 93 e3 21 e0,0,0,6404,2332,open copier:3945;confined copier:2;non-copier:2457,474,open copier,01 c5 01 c5 01 c5 01 c5 01 c5 01 c5 01 c5 01 c5,3,7370,0.703125,1.0,0.46875,474,01 c5 01 c5 01 c5 01 c5 01 c5 01 c5 01 c5 01 c5,5321,01 c0 01 c5 01 c0 01 d5 01 c5 01 c0 01 c0 01 c0,False,,open copier,474,open copier,474
31010,37883,35,19798,7426,True,True,True,36835,93 e3 21 e3 21 e0 93 e0 93 e3 21 e0 93 e3 21 e0,0,0,6404,2332,open copier:3945;confined copier:2;non-copier:2457,474,open copier,01 c5 01 c5 01 c5 01 c5 01 c5 01 c5 01 c5 01 c5,3,7370,0.703125,1.0,0.46875,474,01 c5 01 c5 01 c5 01 c5 01 c5 01 c5 01 c5 01 c5,5321,01 c0 01 c5 01 c0 01 d5 01 c5 01 c0 01 c0 01 c0,False,,open copier,474,open copier,474
31010,37883,36,16697,7407,True,True,True,36835,93 e3 21 e3 21 e0 93 e0 93 e3 21 e0 93 e3 21 e0,0,0,6404,2332,open copier:3945;confined copier:2;non-copier:2457,474,open copier,01 c5 01 c5 01 c5 01 c5 01 c5 01 c5 01 c5 01 c5,3,7370,0.703125,1.0,0.46875,474,01 c5 01 c5 01 c5 01 c5 01 c5 01 c5 01 c5 01 c5,5321,01 c0 01 c5 01 c0 01 d5 01 c5 01 c0 01 c0 01 c0,False,,open copier,474,open copier,474
31010,37883,37,4758,7416,True,True,True,36835,93 e3 21 e3 21 e0 93 e0 93 e3 21 e0 93 e3 21 e0,0,0,6404,2332,open copier:3945;confined copier:2;non-copier:2457,474,open copier,01 c5 01 c5 01 c5 01 c5 01 c5 01 c5 01 c5 01 c5,3,7370,0.703125,1.0,0.46875,474,01 c5 01 c5 01 c5 01 c5 01 c5 01 c5 01 c5 01 c5,5321,01 c0 01 c5 01 c0 01 d5 01 c5 01 c0 01 c0 01 c0,False,,open copier,474,open copier,474
31010,37883,38,7355,7315,True,True,True,36835,93 e3 21 e3 21 e0 93 e0 93 e3 21 e0 93 e3 21 e0,0,0,6404,2332,open copier:3945;confined copier:2;non-copier:2457,474,open copier,01 c5 01 c5 01 c5 01 c5 01 c5 01 c5 01 c5 01 c5,3,7370,0.703125,1.0,0.46875,474,01 c5 01 c5 01 c5 01 c5 01 c5 01 c5 01 c5 01 c5,5321,01 c0 01 c5 01 c0 01 d5 01 c5 01 c0 01 c0 01 c0,False,,open copier,474,open copier,474
31010,37883,39,13218,7295,True,True,True,36835,93 e3 21 e3 21 e0 93 e0 93 e3 21 e0 93 e3 21 e0,0,0,6404,2332,open copier:3945;confined copier:2;non-copier:2457,474,open copier,01 c5 01 c5 01 c5 01 c5 01 c5 01 c5 01 c5 01 c5,3,7370,0.703125,1.0,0.46875,474,01 c5 01 c5 01 c5 01 c5 01 c5 01 c5 01 c5 01 c5,5321,01 c0 01 c5 01 c0 01 d5 01 c5 01 c0 01 c0 01 c0,False,,open copier,474,open copier,474
31010,37883,40,6282,7384,True,True,True,36835,93 e3 21 e3 21 e0 93 e0 93 e3 21 e0 93 e3 21 e0,0,0,6404,2332,open copier:3945;confined copier:2;non-copier:2457,474,open copier,01 c5 01 c5 01 c5 01 c5 01 c5 01 c5 01 c5 01 c5,3,7370,0.703125,1.0,0.46875,474,01 c5 01 c5 01 c5 01 c5 01 c5 01 c5 01 c5 01 c5,5321,01 c0 01 c5 01 c0 01 d5 01 c5 01 c0 01 c0 01 c0,False,,open copier,474,open copier,474
31010,37883,41,12866,7307,True,True,True,36835,93 e3 21 e3 21 e0 93 e0 93 e3 21 e0 93 e3 21 e0,0,0,6404,2332,open copier:3945;confined copier:2;non-copier:2457,474,open copier,01 c5 01 c5 01 c5 01 c5 01 c5 01 c5 01 c5 01 c5,3,7370,0.703125,1.0,0.46875,474,01 c5 01 c5 01 c5 01 c5 01 c5 01 c5 01 c5 01 c5,5321,01 c0 01 c5 01 c0 01 d5 01 c5 01 c0 01 c0 01 c0,False,,open copier,474,open copier,474
31010,37883,42,2371,7401,True,True,True,36835,93 e3 21 e3 21 e0 93 e0 93 e3 21 e0 93 e3 21 e0,0,0,6404,2332,open copier:3945;confined copier:2;non-copier:2457,474,open copier,01 c5 01 c5 01 c5 01 c5 01 c5 01 c5 01 c5 01 c5,3,7370,0.703125,1.0,0.46875,474,01 c5 01 c5 01 c5 01 c5 01 c5 01 c5 01 c5 01 c5,5321,01 c0 01 c5 01 c0 01 d5 01 c5 01 c0 01 c0 01 c0,False,,open copier,474,open copier,474
31010,37883,43,8554,7261,True,True,True,36835,93 e3 21 e3 21 e0 93 e0 93 e3 21 e0 93 e3 21 e0,0,0,6404,2332,open copier:3945;confined copier:2;non-copier:2457,474,open copier,01 c5 01 c5 01 c5 01 c5 01 c5 01 c5 01 c5 01 c5,3,7370,0.703125,1.0,0.46875,474,01 c5 01 c5 01 c5 01 c5 01 c5 01 c5 01 c5 01 c5,5321,01 c0 01 c5 01 c0 01 d5 01 c5 01 c0 01 c0 01 c0,False,,open copier,474,open copier,474
31010,37883,44,15203,7456,True,True,False,39080,8c e3 21 e3 21 e0 8c e0 8c e3 21 e3 21 e0 8c e0,0,0,6716,2387,open copier:3946;confined copier:304;non-copier:2466,474,open copier,01 c5 01 c5 01 c5 01 c5 01 c5 01 c5 01 c5 01 c5,3,7370,0.703125,1.0,0.46875,474,01 c5 01 c5 01 c5 01 c5 01 c5 01 c5 01 c5 01 c5,5321,01 c0 01 c5 01 c0 01 d5 01 c5 01 c0 01 c0 01 c0,False,,open copier,474,open copier,474
31010,37883,45,13054,7304,True,True,True,36835,93 e3 21 e3 21 e0 93 e0 93 e3 21 e0 93 e3 21 e0,0,0,6404,2332,open copier:3945;confined copier:2;non-copier:2457,474,open copier,01 c5 01 c5 01 c5 01 c5 01 c5 01 c5 01 c5 01 c5,3,7370,0.703125,1.0,0.46875,474,01 c5 01 c5 01 c5 01 c5 01 c5 01 c5 01 c5 01 c5,5321,01 c0 01 c5 01 c0 01 d5 01 c5 01 c0 01 c0 01 c0,False,,open copier,474,open copier,474
31010,37883,46,9599,7371,True,True,True,36835,93 e3 21 e3 21 e0 93 e0 93 e3 21 e0 93 e3 21 e0,0,0,6404,2332,open copier:3945;confined copier:2;non-copier:2457,474,open copier,01 c5 01 c5 01 c5 01 c5 01 c5 01 c5 01 c5 01 c5,3,7370,0.703125,1.0,0.46875,474,01 c5 01 c5 01 c5 01 c5 01 c5 01 c5 01 c5 01 c5,5321,01 c0 01 c5 01 c0 01 d5 01 c5 01 c0 01 c0 01 c0,False,,open copier,474,open copier,474
31010,37883,47,9987,7382,True,True,True,36835,93 e3 21 e3 21 e0 93 e0 93 e3 21 e0 93 e3 21 e0,0,0,6404,2332,open copier:3945;confined copier:2;non-copier:2457,474,open copier,01 c5 01 c5 01 c5 01 c5 01 c5 01 c5 01 c5 01 c5,3,7370,0.703125,1.0,0.46875,474,01 c5 01 c5 01 c5 01 c5 01 c5 01 c5 01 c5 01 c5,5321,01 c0 01 c5 01 c0 01 d5 01 c5 01 c0 01 c0 01 c0,False,,open copier,474,open copier,474
31010,37883,48,7497,7378,True,True,True,36835,93 e3 21 e3 21 e0 93 e0 93 e3 21 e0 93 e3 21 e0,0,0,6404,2332,open copier:3945;confined copier:2;non-copier:2457,474,open copier,01 c5 01 c5 01 c5 01 c5 01 c5 01 c5 01 c5 01 c5,3,7370,0.703125,1.0,0.46875,474,01 c5 01 c5 01 c5 01 c5 01 c5 01 c5 01 c5 01 c5,5321,01 c0 01 c5 01 c0 01 d5 01 c5 01 c0 01 c0 01 c0,False,,open copier,474,open copier,474
31010,37883,49,8712,7379,True,True,True,36835,93 e3 21 e3 21 e0 93 e0 93 e3 21 e0 93 e3 21 e0,0,0,6404,2332,open copier:3945;confined copier:2;non-copier:2457,474,open copier,01 c5 01 c5 01 c5 01 c5 01 c5 01 c5 01 c5 01 c5,3,7370,0.703125,1.0,0.46875,474,01 c5 01 c5 01 c5 01 c5 01 c5 01 c5 01 c5 01 c5,5321,01 c0 01 c5 01 c0 01 d5 01 c5 01 c0 01 c0 01 c0,False,,open copier,474,open copier,474
31010,37883,50,7322,7352,True,True,True,36835,93 e3 21 e3 21 e0 93 e0 93 e3 21 e0 93 e3 21 e0,0,0,6404,2332,open copier:3945;confined copier:2;non-copier:2457,474,open copier,01 c5 01 c5 01 c5 01 c5 01 c5 01 c5 01 c5 01 c5,3,7370,0.703125,1.0,0.46875,474,01 c5 01 c5 01 c5 01 c5 01 c5 01 c5 01 c5 01 c5,5321,01 c0 01 c5 01 c0 01 d5 01 c5 01 c0 01 c0 01 c0,False,,open copier,474,open copier,474
31010,37883,51,8831,7222,True,True,True,36835,93 e3 21 e3 21 e0 93 e0 93 e3 21 e0 93 e3 21 e0,0,0,6404,2332,open copier:3945;confined copier:2;non-copier:2457,474,open copier,01 c5 01 c5 01 c5 01 c5 01 c5 01 c5 01 c5 01 c5,3,7370,0.703125,1.0,0.46875,474,01 c5 01 c5 01 c5 01 c5 01 c5 01 c5 01 c5 01 c5,5321,01 c0 01 c5 01 c0 01 d5 01 c5 01 c0 01 c0 01 c0,False,,open copier,474,open copier,474
31010,37883,52,11292,7287,True,True,True,36835,93 e3 21 e3 21 e0 93 e0 93 e3 21 e0 93 e3 21 e0,0,0,6404,2332,open copier:3945;confined copier:2;non-copier:2457,474,open copier,01 c5 01 c5 01 c5 01 c5 01 c5 01 c5 01 c5 01 c5,3,7370,0.703125,1.0,0.46875,474,01 c5 01 c5 01 c5 01 c5 01 c5 01 c5 01 c5 01 c5,5321,01 c0 01 c5 01 c0 01 d5 01 c5 01 c0 01 c0 01 c0,False,,open copier,474,open copier,474
31010,37883,53,3051,7415,True,True,True,36835,93 e3 21 e3 21 e0 93 e0 93 e3 21 e0 93 e3 21 e0,0,0,6404,2332,open copier:3945;confined copier:2;non-copier:2457,474,open copier,01 c5 01 c5 01 c5 01 c5 01 c5 01 c5 01 c5 01 c5,3,7370,0.703125,1.0,0.46875,474,01 c5 01 c5 01 c5 01 c5 01 c5 01 c5 01 c5 01 c5,5321,01 c0 01 c5 01 c0 01 d5 01 c5 01 c0 01 c0 01 c0,False,,open copier,474,open copier,474
31010,37883,54,907,7365,True,True,True,36835,93 e3 21 e3 21 e0 93 e0 93 e3 21 e0 93 e3 21 e0,0,0,6404,2332,open copier:3945;confined copier:2;non-copier:2457,474,open copier,01 c5 01 c5 01 c5 01 c5 01 c5 01 c5 01 c5 01 c5,3,7370,0.703125,1.0,0.46875,474,01 c5 01 c5 01 c5 01 c5 01 c5 01 c5 01 c5 01 c5,5321,01 c0 01 c5 01 c0 01 d5 01 c5 01 c0 01 c0 01 c0,False,,open copier,474,open copier,474
31010,37883,55,5752,7421,True,True,True,36835,93 e3 21 e3 21 e0 93 e0 93 e3 21 e0 93 e3 21 e0,0,0,6404,2332,open copier:3945;confined copier:2;non-copier:2457,474,open copier,01 c5 01 c5 01 c5 01 c5 01 c5 01 c5 01 c5 01 c5,3,7370,0.703125,1.0,0.46875,474,01 c5 01 c5 01 c5 01 c5 01 c5 01 c5 01 c5 01 c5,5321,01 c0 01 c5 01 c0 01 d5 01 c5 01 c0 01 c0 01 c0,False,,open copier,474,open copier,474
31010,37883,56,7270,7279,True,True,True,36835,93 e3 21 e3 21 e0 93 e0 93 e3 21 e0 93 e3 21 e0,0,0,6404,2332,open copier:3945;confined copier:2;non-copier:2457,474,open copier,01 c5 01 c5 01 c5 01 c5 01 c5 01 c5 01 c5 01 c5,3,7370,0.703125,1.0,0.46875,474,01 c5 01 c5 01 c5 01 c5 01 c5 01 c5 01 c5 01 c5,5321,01 c0 01 c5 01 c0 01 d5 01 c5 01 c0 01 c0 01 c0,False,,open copier,474,open copier,474
31010,37883,57,19202,7283,True,True,True,36835,93 e3 21 e3 21 e0 93 e0 93 e3 21 e0 93 e3 21 e0,0,0,6404,2332,open copier:3945;confined copier:2;non-copier:2457,474,open copier,01 c5 01 c5 01 c5 01 c5 01 c5 01 c5 01 c5 01 c5,3,7370,0.703125,1.0,0.46875,474,01 c5 01 c5 01 c5 01 c5 01 c5 01 c5 01 c5 01 c5,5321,01 c0 01 c5 01 c0 01 d5 01 c5 01 c0 01 c0 01 c0,False,,open copier,474,open copier,474
31010,37883,58,14567,7374,True,True,True,36835,93 e3 21 e3 21 e0 93 e0 93 e3 21 e0 93 e3 21 e0,0,0,6404,2332,open copier:3945;confined copier:2;non-copier:2457,474,open copier,01 c5 01 c5 01 c5 01 c5 01 c5 01 c5 01 c5 01 c5,3,7370,0.703125,1.0,0.46875,474,01 c5 01 c5 01 c5 01 c5 01 c5 01 c5 01 c5 01 c5,5321,01 c0 01 c5 01 c0 01 d5 01 c5 01 c0 01 c0 01 c0,False,,open copier,474,open copier,474
31010,37883,59,10403,7310,True,True,True,36835,93 e3 21 e3 21 e0 93 e0 93 e3 21 e0 93 e3 21 e0,0,0,6404,2332,open copier:3945;confined copier:2;non-copier:2457,474,open copier,01 c5 01 c5 01 c5 01 c5 01 c5 01 c5 01 c5 01 c5,3,7370,0.703125,1.0,0.46875,474,01 c5 01 c5 01 c5 01 c5 01 c5 01 c5 01 c5 01 c5,5321,01 c0 01 c5 01 c0 01 d5 01 c5 01 c0 01 c0 01 c0,False,,open copier,474,open copier,474
31010,37883,60,11926,7294,True,True,True,36835,93 e3 21 e3 21 e0 93 e0 93 e3 21 e0 93 e3 21 e0,0,0,6404,2332,open copier:3945;confined copier:2;non-copier:2457,474,open copier,01 c5 01 c5 01 c5 01 c5 01 c5 01 c5 01 c5 01 c5,3,7370,0.703125,1.0,0.46875,474,01 c5 01 c5 01 c5 01 c5 01 c5 01 c5 01 c5 01 c5,5321,01 c0 01 c5 01 c0 01 d5 01 c5 01 c0 01 c0 01 c0,False,,open copier,474,open copier,474
31010,37883,61,3859,7372,True,True,True,36835,93 e3 21 e3 21 e0 93 e0 93 e3 21 e0 93 e3 21 e0,0,0,6404,2332,open copier:3945;confined copier:2;non-copier:2457,474,open copier,01 c5 01 c5 01 c5 01 c5 01 c5 01 c5 01 c5 01 c5,3,7370,0.703125,1.0,0.46875,474,01 c5 01 c5 01 c5 01 c5 01 c5 01 c5 01 c5 01 c5,5321,01 c0 01 c5 01 c0 01 d5 01 c5 01 c0 01 c0 01 c0,False,,open copier,474,open copier,474
31010,37883,62,9972,7372,True,True,True,36835,93 e3 21 e3 21 e0 93 e0 93 e3 21 e0 93 e3 21 e0,0,0,6404,2332,open copier:3945;confined copier:2;non-copier:2457,474,open copier,01 c5 01 c5 01 c5 01 c5 01 c5 01 c5 01 c5 01 c5,3,7370,0.703125,1.0,0.46875,474,01 c5 01 c5 01 c5 01 c5 01 c5 01 c5 01 c5 01 c5,5321,01 c0 01 c5 01 c0 01 d5 01 c5 01 c0 01 c0 01 c0,False,,open copier,474,open copier,474
31010,37883,63,5549,7420,True,True,True,36835,93 e3 21 e3 21 e0 93 e0 93 e3 21 e0 93 e3 21 e0,0,0,6404,2332,open copier:3945;confined copier:2;non-copier:2457,474,open copier,01 c5 01 c5 01 c5 01 c5 01 c5 01 c5 01 c5 01 c5,3,7370,0.703125,1.0,0.46875,474,01 c5 01 c5 01 c5 01 c5 01 c5 01 c5 01 c5 01 c5,5321,01 c0 01 c5 01 c0 01 d5 01 c5 01 c0 01 c0 01 c0,False,,open copier,474,open copier,474
31011,37709,0,13488,7189,True,True,True,35960,00 e3 21 e3 21 e0 00 e0 00 e3 21 e3 21 e0 00 e0,0,0,5893,2343,open copier:3583;confined copier:1;non-copier:2309,643,open copier,01 c5 01 c5 01 c5 01 c5 01 c5 01 c5 01 c5 01 c5,3,7144,0.703125,1.0,0.46875,643,01 c5 01 c5 01 c5 01 c5 01 c5 01 c5 01 c5 01 c5,35960,00 e3 21 e3 21 e0 00 e0 00 e3 21 e3 21 e0 00 e0,True,,open copier,643,open copier,643
31011,37709,1,15628,6988,True,True,True,35960,00 e3 21 e3 21 e0 00 e0 00 e3 21 e3 21 e0 00 e0,0,0,5893,2343,open copier:3583;confined copier:1;non-copier:2309,643,open copier,01 c5 01 c5 01 c5 01 c5 01 c5 01 c5 01 c5 01 c5,3,7144,0.703125,1.0,0.46875,643,01 c5 01 c5 01 c5 01 c5 01 c5 01 c5 01 c5 01 c5,35960,00 e3 21 e3 21 e0 00 e0 00 e3 21 e3 21 e0 00 e0,True,,open copier,643,open copier,643
31011,37709,2,5602,6833,True,True,True,35960,00 e3 21 e3 21 e0 00 e0 00 e3 21 e3 21 e0 00 e0,0,0,5893,2343,open copier:3583;confined copier:1;non-copier:2309,643,open copier,01 c5 01 c5 01 c5 01 c5 01 c5 01 c5 01 c5 01 c5,3,7144,0.703125,1.0,0.46875,643,01 c5 01 c5 01 c5 01 c5 01 c5 01 c5 01 c5 01 c5,35960,00 e3 21 e3 21 e0 00 e0 00 e3 21 e3 21 e0 00 e0,True,,open copier,643,open copier,643
31011,37709,3,11717,7040,True,True,True,35960,00 e3 21 e3 21 e0 00 e0 00 e3 21 e3 21 e0 00 e0,0,0,5893,2343,open copier:3583;confined copier:1;non-copier:2309,643,open copier,01 c5 01 c5 01 c5 01 c5 01 c5 01 c5 01 c5 01 c5,3,7144,0.703125,1.0,0.46875,643,01 c5 01 c5 01 c5 01 c5 01 c5 01 c5 01 c5 01 c5,35960,00 e3 21 e3 21 e0 00 e0 00 e3 21 e3 21 e0 00 e0,True,,open copier,643,open copier,643
31011,37709,4,2055,6794,True,True,True,35960,00 e3 21 e3 21 e0 00 e0 00 e3 21 e3 21 e0 00 e0,0,0,5893,2343,open copier:3583;confined copier:1;non-copier:2309,643,open copier,01 c5 01 c5 01 c5 01 c5 01 c5 01 c5 01 c5 01 c5,3,7144,0.703125,1.0,0.46875,643,01 c5 01 c5 01 c5 01 c5 01 c5 01 c5 01 c5 01 c5,35960,00 e3 21 e3 21 e0 00 e0 00 e3 21 e3 21 e0 00 e0,True,,open copier,643,open copier,643
31011,37709,5,4027,6991,True,True,True,35960,00 e3 21 e3 21 e0 00 e0 00 e3 21 e3 21 e0 00 e0,0,0,5893,2343,open copier:3583;confined copier:1;non-copier:2309,643,open copier,01 c5 01 c5 01 c5 01 c5 01 c5 01 c5 01 c5 01 c5,3,7144,0.703125,1.0,0.46875,643,01 c5 01 c5 01 c5 01 c5 01 c5 01 c5 01 c5 01 c5,35960,00 e3 21 e3 21 e0 00 e0 00 e3 21 e3 21 e0 00 e0,True,,open copier,643,open copier,643
31011,37709,6,1300,7011,True,True,True,35960,00 e3 21 e3 21 e0 00 e0 00 e3 21 e3 21 e0 00 e0,0,0,5893,2343,open copier:3583;confined copier:1;non-copier:2309,643,open copier,01 c5 01 c5 01 c5 01 c5 01 c5 01 c5 01 c5 01 c5,3,7144,0.703125,1.0,0.46875,643,01 c5 01 c5 01 c5 01 c5 01 c5 01 c5 01 c5 01 c5,35960,00 e3 21 e3 21 e0 00 e0 00 e3 21 e3 21 e0 00 e0,True,,open copier,643,open copier,643
31011,37709,7,12373,7099,True,True,True,35960,00 e3 21 e3 21 e0 00 e0 00 e3 21 e3 21 e0 00 e0,0,0,5893,2343,open copier:3583;confined copier:1;non-copier:2309,643,open copier,01 c5 01 c5 01 c5 01 c5 01 c5 01 c5 01 c5 01 c5,3,7144,0.703125,1.0,0.46875,643,01 c5 01 c5 01 c5 01 c5 01 c5 01 c5 01 c5 01 c5,35960,00 e3 21 e3 21 e0 00 e0 00 e3 21 e3 21 e0 00 e0,True,,open copier,643,open copier,643
31011,37709,8,19055,7251,True,True,True,35960,00 e3 21 e3 21 e0 00 e0 00 e3 21 e3 21 e0 00 e0,0,0,5893,2343,open copier:3583;confined copier:1;non-copier:2309,643,open copier,01 c5 01 c5 01 c5 01 c5 01 c5 01 c5 01 c5 01 c5,3,7144,0.703125,1.0,0.46875,643,01 c5 01 c5 01 c5 01 c5 01 c5 01 c5 01 c5 01 c5,35960,00 e3 21 e3 21 e0 00 e0 00 e3 21 e3 21 e0 00 e0,True,,open copier,643,open copier,643
31011,37709,9,4805,6849,True,True,True,35960,00 e3 21 e3 21 e0 00 e0 00 e3 21 e3 21 e0 00 e0,0,0,5893,2343,open copier:3583;confined copier:1;non-copier:2309,643,open copier,01 c5 01 c5 01 c5 01 c5 01 c5 01 c5 01 c5 01 c5,3,7144,0.703125,1.0,0.46875,643,01 c5 01 c5 01 c5 01 c5 01 c5 01 c5 01 c5 01 c5,35960,00 e3 21 e3 21 e0 00 e0 00 e3 21 e3 21 e0 00 e0,True,,open copier,643,open copier,643
31011,37709,10,13716,6983,True,True,True,35960,00 e3 21 e3 21 e0 00 e0 00 e3 21 e3 21 e0 00 e0,0,0,5893,2343,open copier:3583;confined copier:1;non-copier:2309,643,open copier,01 c5 01 c5 01 c5 01 c5 01 c5 01 c5 01 c5 01 c5,3,7144,0.703125,1.0,0.46875,643,01 c5 01 c5 01 c5 01 c5 01 c5 01 c5 01 c5 01 c5,35960,00 e3 21 e3 21 e0 00 e0 00 e3 21 e3 21 e0 00 e0,True,,open copier,643,open copier,643
31011,37709,11,11296,7075,True,True,True,35960,00 e3 21 e3 21 e0 00 e0 00 e3 21 e3 21 e0 00 e0,0,0,5893,2343,open copier:3583;confined copier:1;non-copier:2309,643,open copier,01 c5 01 c5 01 c5 01 c5 01 c5 01 c5 01 c5 01 c5,3,7144,0.703125,1.0,0.46875,643,01 c5 01 c5 01 c5 01 c5 01 c5 01 c5 01 c5 01 c5,35960,00 e3 21 e3 21 e0 00 e0 00 e3 21 e3 21 e0 00 e0,True,,open copier,643,open copier,643
31011,37709,12,644,6976,True,True,True,35960,00 e3 21 e3 21 e0 00 e0 00 e3 21 e3 21 e0 00 e0,0,0,5893,2343,open copier:3583;confined copier:1;non-copier:2309,643,open copier,01 c5 01 c5 01 c5 01 c5 01 c5 01 c5 01 c5 01 c5,3,7144,0.703125,1.0,0.46875,643,01 c5 01 c5 01 c5 01 c5 01 c5 01 c5 01 c5 01 c5,35960,00 e3 21 e3 21 e0 00 e0 00 e3 21 e3 21 e0 00 e0,True,,open copier,643,open copier,643
31011,37709,13,9312,7072,True,True,True,35960,00 e3 21 e3 21 e0 00 e0 00 e3 21 e3 21 e0 00 e0,0,0,5893,2343,open copier:3583;confined copier:1;non-copier:2309,643,open copier,01 c5 01 c5 01 c5 01 c5 01 c5 01 c5 01 c5 01 c5,3,7144,0.703125,1.0,0.46875,643,01 c5 01 c5 01 c5 01 c5 01 c5 01 c5 01 c5 01 c5,35960,00 e3 21 e3 21 e0 00 e0 00 e3 21 e3 21 e0 00 e0,True,,open copier,643,open copier,643
31011,37709,14,7263,7072,True,True,True,35960,00 e3 21 e3 21 e0 00 e0 00 e3 21 e3 21 e0 00 e0,0,0,5893,2343,open copier:3583;confined copier:1;non-copier:2309,643,open copier,01 c5 01 c5 01 c5 01 c5 01 c5 01 c5 01 c5 01 c5,3,7144,0.703125,1.0,0.46875,643,01 c5 01 c5 01 c5 01 c5 01 c5 01 c5 01 c5 01 c5,35960,00 e3 21 e3 21 e0 00 e0 00 e3 21 e3 21 e0 00 e0,True,,open copier,643,open copier,643
31011,37709,15,4403,7127,True,True,True,35960,00 e3 21 e3 21 e0 00 e0 00 e3 21 e3 21 e0 00 e0,0,0,5893,2343,open copier:3583;confined copier:1;non-copier:2309,643,open copier,01 c5 01 c5 01 c5 01 c5 01 c5 01 c5 01 c5 01 c5,3,7144,0.703125,1.0,0.46875,643,01 c5 01 c5 01 c5 01 c5 01 c5 01 c5 01 c5 01 c5,35960,00 e3 21 e3 21 e0 00 e0 00 e3 21 e3 21 e0 00 e0,True,,open copier,643,open copier,643
31011,37709,16,19708,7034,True,True,True,35960,00 e3 21 e3 21 e0 00 e0 00 e3 21 e3 21 e0 00 e0,0,0,5893,2343,open copier:3583;confined copier:1;non-copier:2309,643,open copier,01 c5 01 c5 01 c5 01 c5 01 c5 01 c5 01 c5 01 c5,3,7144,0.703125,1.0,0.46875,643,01 c5 01 c5 01 c5 01 c5 01 c5 01 c5 01 c5 01 c5,35960,00 e3 21 e3 21 e0 00 e0 00 e3 21 e3 21 e0 00 e0,True,,open copier,643,open copier,643
31011,37709,17,12074,7005,True,True,True,35960,00 e3 21 e3 21 e0 00 e0 00 e3 21 e3 21 e0 00 e0,0,0,5893,2343,open copier:3583;confined copier:1;non-copier:2309,643,open copier,01 c5 01 c5 01 c5 01 c5 01 c5 01 c5 01 c5 01 c5,3,7144,0.703125,1.0,0.46875,643,01 c5 01 c5 01 c5 01 c5 01 c5 01 c5 01 c5 01 c5,35960,00 e3 21 e3 21 e0 00 e0 00 e3 21 e3 21 e0 00 e0,True,,open copier,643,open copier,643
31011,37709,18,3246,6919,True,True,True,35960,00 e3 21 e3 21 e0 00 e0 00 e3 21 e3 21 e0 00 e0,0,0,5893,2343,open copier:3583;confined copier:1;non-copier:2309,643,open copier,01 c5 01 c5 01 c5 01 c5 01 c5 01 c5 01 c5 01 c5,3,7144,0.703125,1.0,0.46875,643,01 c5 01 c5 01 c5 01 c5 01 c5 01 c5 01 c5 01 c5,35960,00 e3 21 e3 21 e0 00 e0 00 e3 21 e3 21 e0 00 e0,True,,open copier,643,open copier,643
31011,37709,19,18656,6963,True,True,True,35960,00 e3 21 e3 21 e0 00 e0 00 e3 21 e3 21 e0 00 e0,0,0,5893,2343,open copier:3583;confined copier:1;non-copier:2309,643,open copier,01 c5 01 c5 01 c5 01 c5 01 c5 01 c5 01 c5 01 c5,3,7144,0.703125,1.0,0.46875,643,01 c5 01 c5 01 c5 01 c5 01 c5 01 c5 01 c5 01 c5,35960,00 e3 21 e3 21 e0 00 e0 00 e3 21 e3 21 e0 00 e0,True,,open copier,643,open copier,643
31011,37709,20,1557,6806,True,True,True,35960,00 e3 21 e3 21 e0 00 e0 00 e3 21 e3 21 e0 00 e0,0,0,5893,2343,open copier:3583;confined copier:1;non-copier:2309,643,open copier,01 c5 01 c5 01 c5 01 c5 01 c5 01 c5 01 c5 01 c5,3,7144,0.703125,1.0,0.46875,643,01 c5 01 c5 01 c5 01 c5 01 c5 01 c5 01 c5 01 c5,35960,00 e3 21 e3 21 e0 00 e0 00 e3 21 e3 21 e0 00 e0,True,,open copier,643,open copier,643
31011,37709,21,11674,6900,True,True,True,35960,00 e3 21 e3 21 e0 00 e0 00 e3 21 e3 21 e0 00 e0,0,0,5893,2343,open copier:3583;confined copier:1;non-copier:2309,643,open copier,01 c5 01 c5 01 c5 01 c5 01 c5 01 c5 01 c5 01 c5,3,7144,0.703125,1.0,0.46875,643,01 c5 01 c5 01 c5 01 c5 01 c5 01 c5 01 c5 01 c5,35960,00 e3 21 e3 21 e0 00 e0 00 e3 21 e3 21 e0 00 e0,True,,open copier,643,open copier,643
31011,37709,22,13792,7184,True,True,True,35960,00 e3 21 e3 21 e0 00 e0 00 e3 21 e3 21 e0 00 e0,0,0,5893,2343,open copier:3583;confined copier:1;non-copier:2309,643,open copier,01 c5 01 c5 01 c5 01 c5 01 c5 01 c5 01 c5 01 c5,3,7144,0.703125,1.0,0.46875,643,01 c5 01 c5 01 c5 01 c5 01 c5 01 c5 01 c5 01 c5,35960,00 e3 21 e3 21 e0 00 e0 00 e3 21 e3 21 e0 00 e0,True,,open copier,643,open copier,643
31011,37709,23,14745,7199,True,True,True,35960,00 e3 21 e3 21 e0 00 e0 00 e3 21 e3 21 e0 00 e0,0,0,5893,2343,open copier:3583;confined copier:1;non-copier:2309,643,open copier,01 c5 01 c5 01 c5 01 c5 01 c5 01 c5 01 c5 01 c5,3,7144,0.703125,1.0,0.46875,643,01 c5 01 c5 01 c5 01 c5 01 c5 01 c5 01 c5 01 c5,35960,00 e3 21 e3 21 e0 00 e0 00 e3 21 e3 21 e0 00 e0,True,,open copier,643,open copier,643
31011,37709,24,13555,6978,True,True,True,35960,00 e3 21 e3 21 e0 00 e0 00 e3 21 e3 21 e0 00 e0,0,0,5893,2343,open copier:3583;confined copier:1;non-copier:2309,643,open copier,01 c5 01 c5 01 c5 01 c5 01 c5 01 c5 01 c5 01 c5,3,7144,0.703125,1.0,0.46875,643,01 c5 01 c5 01 c5 01 c5 01 c5 01 c5 01 c5 01 c5,35960,00 e3 21 e3 21 e0 00 e0 00 e3 21 e3 21 e0 00 e0,True,,open copier,643,open copier,643
31011,37709,25,8959,6923,True,True,True,35960,00 e3 21 e3 21 e0 00 e0 00 e3 21 e3 21 e0 00 e0,0,0,5893,2343,open copier:3583;confined copier:1;non-copier:2309,643,open copier,01 c5 01 c5 01 c5 01 c5 01 c5 01 c5 01 c5 01 c5,3,7144,0.703125,1.0,0.46875,643,01 c5 01 c5 01 c5 01 c5 01 c5 01 c5 01 c5 01 c5,35960,00 e3 21 e3 21 e0 00 e0 00 e3 21 e3 21 e0 00 e0,True,,open copier,643,open copier,643
31011,37709,26,14225,6895,True,True,True,35960,00 e3 21 e3 21 e0 00 e0 00 e3 21 e3 21 e0 00 e0,0,0,5893,2343,open copier:3583;confined copier:1;non-copier:2309,643,open copier,01 c5 01 c5 01 c5 01 c5 01 c5 01 c5 01 c5 01 c5,3,7144,0.703125,1.0,0.46875,643,01 c5 01 c5 01 c5 01 c5 01 c5 01 c5 01 c5 01 c5,35960,00 e3 21 e3 21 e0 00 e0 00 e3 21 e3 21 e0 00 e0,True,,open copier,643,open copier,643
31011,37709,27,19122,6959,True,True,True,35960,00 e3 21 e3 21 e0 00 e0 00 e3 21 e3 21 e0 00 e0,0,0,5893,2343,open copier:3583;confined copier:1;non-copier:2309,643,open copier,01 c5 01 c5 01 c5 01 c5 01 c5 01 c5 01 c5 01 c5,3,7144,0.703125,1.0,0.46875,643,01 c5 01 c5 01 c5 01 c5 01 c5 01 c5 01 c5 01 c5,35960,00 e3 21 e3 21 e0 00 e0 00 e3 21 e3 21 e0 00 e0,True,,open copier,643,open copier,643
31011,37709,28,3103,6859,True,True,True,35960,00 e3 21 e3 21 e0 00 e0 00 e3 21 e3 21 e0 00 e0,0,0,5893,2343,open copier:3583;confined copier:1;non-copier:2309,643,open copier,01 c5 01 c5 01 c5 01 c5 01 c5 01 c5 01 c5 01 c5,3,7144,0.703125,1.0,0.46875,643,01 c5 01 c5 01 c5 01 c5 01 c5 01 c5 01 c5 01 c5,35960,00 e3 21 e3 21 e0 00 e0 00 e3 21 e3 21 e0 00 e0,True,,open copier,643,open copier,643
31011,37709,29,6937,7153,True,True,True,35960,00 e3 21 e3 21 e0 00 e0 00 e3 21 e3 21 e0 00 e0,0,0,5893,2343,open copier:3583;confined copier:1;non-copier:2309,643,open copier,01 c5 01 c5 01 c5 01 c5 01 c5 01 c5 01 c5 01 c5,3,7144,0.703125,1.0,0.46875,643,01 c5 01 c5 01 c5 01 c5 01 c5 01 c5 01 c5 01 c5,35960,00 e3 21 e3 21 e0 00 e0 00 e3 21 e3 21 e0 00 e0,True,,open copier,643,open copier,643
31011,37709,30,10048,7016,True,True,True,35960,00 e3 21 e3 21 e0 00 e0 00 e3 21 e3 21 e0 00 e0,0,0,5893,2343,open copier:3583;confined copier:1;non-copier:2309,643,open copier,01 c5 01 c5 01 c5 01 c5 01 c5 01 c5 01 c5 01 c5,3,7144,0.703125,1.0,0.46875,643,01 c5 01 c5 01 c5 01 c5 01 c5 01 c5 01 c5 01 c5,35960,00 e3 21 e3 21 e0 00 e0 00 e3 21 e3 21 e0 00 e0,True,,open copier,643,open copier,643
31011,37709,31,17260,6915,True,True,True,35960,00 e3 21 e3 21 e0 00 e0 00 e3 21 e3 21 e0 00 e0,0,0,5893,2343,open copier:3583;confined copier:1;non-copier:2309,643,open copier,01 c5 01 c5 01 c5 01 c5 01 c5 01 c5 01 c5 01 c5,3,7144,0.703125,1.0,0.46875,643,01 c5 01 c5 01 c5 01 c5 01 c5 01 c5 01 c5 01 c5,35960,00 e3 21 e3 21 e0 00 e0 00 e3 21 e3 21 e0 00 e0,True,,open copier,643,open copier,643
31011,37709,32,11984,6912,True,True,True,35960,00 e3 21 e3 21 e0 00 e0 00 e3 21 e3 21 e0 00 e0,0,0,5893,2343,open copier:3583;confined copier:1;non-copier:2309,643,open copier,01 c5 01 c5 01 c5 01 c5 01 c5 01 c5 01 c5 01 c5,3,7144,0.703125,1.0,0.46875,643,01 c5 01 c5 01 c5 01 c5 01 c5 01 c5 01 c5 01 c5,35960,00 e3 21 e3 21 e0 00 e0 00 e3 21 e3 21 e0 00 e0,True,,open copier,643,open copier,643
31011,37709,33,10582,7074,True,True,True,35960,00 e3 21 e3 21 e0 00 e0 00 e3 21 e3 21 e0 00 e0,0,0,5893,2343,open copier:3583;confined copier:1;non-copier:2309,643,open copier,01 c5 01 c5 01 c5 01 c5 01 c5 01 c5 01 c5 01 c5,3,7144,0.703125,1.0,0.46875,643,01 c5 01 c5 01 c5 01 c5 01 c5 01 c5 01 c5 01 c5,35960,00 e3 21 e3 21 e0 00 e0 00 e3 21 e3 21 e0 00 e0,True,,open copier,643,open copier,643
31011,37709,34,15233,7111,True,True,True,35960,00 e3 21 e3 21 e0 00 e0 00 e3 21 e3 21 e0 00 e0,0,0,5893,2343,open copier:3583;confined copier:1;non-copier:2309,643,open copier,01 c5 01 c5 01 c5 01 c5 01 c5 01 c5 01 c5 01 c5,3,7144,0.703125,1.0,0.46875,643,01 c5 01 c5 01 c5 01 c5 01 c5 01 c5 01 c5 01 c5,35960,00 e3 21 e3 21 e0 00 e0 00 e3 21 e3 21 e0 00 e0,True,,open copier,643,open copier,643
31011,37709,35,6649,7105,True,True,True,35960,00 e3 21 e3 21 e0 00 e0 00 e3 21 e3 21 e0 00 e0,0,0,5893,2343,open copier:3583;confined copier:1;non-copier:2309,643,open copier,01 c5 01 c5 01 c5 01 c5 01 c5 01 c5 01 c5 01 c5,3,7144,0.703125,1.0,0.46875,643,01 c5 01 c5 01 c5 01 c5 01 c5 01 c5 01 c5 01 c5,35960,00 e3 21 e3 21 e0 00 e0 00 e3 21 e3 21 e0 00 e0,True,,open copier,643,open copier,643
31011,37709,36,15736,6986,True,True,True,35960,00 e3 21 e3 21 e0 00 e0 00 e3 21 e3 21 e0 00 e0,0,0,5893,2343,open copier:3583;confined copier:1;non-copier:2309,643,open copier,01 c5 01 c5 01 c5 01 c5 01 c5 01 c5 01 c5 01 c5,3,7144,0.703125,1.0,0.46875,643,01 c5 01 c5 01 c5 01 c5 01 c5 01 c5 01 c5 01 c5,35960,00 e3 21 e3 21 e0 00 e0 00 e3 21 e3 21 e0 00 e0,True,,open copier,643,open copier,643
31011,37709,37,17573,6849,True,True,True,35960,00 e3 21 e3 21 e0 00 e0 00 e3 21 e3 21 e0 00 e0,0,0,5893,2343,open copier:3583;confined copier:1;non-copier:2309,643,open copier,01 c5 01 c5 01 c5 01 c5 01 c5 01 c5 01 c5 01 c5,3,7144,0.703125,1.0,0.46875,643,01 c5 01 c5 01 c5 01 c5 01 c5 01 c5 01 c5 01 c5,35960,00 e3 21 e3 21 e0 00 e0 00 e3 21 e3 21 e0 00 e0,True,,open copier,643,open copier,643
31011,37709,38,724,6830,True,True,True,35960,00 e3 21 e3 21 e0 00 e0 00 e3 21 e3 21 e0 00 e0,0,0,5893,2343,open copier:3583;confined copier:1;non-copier:2309,643,open copier,01 c5 01 c5 01 c5 01 c5 01 c5 01 c5 01 c5 01 c5,3,7144,0.703125,1.0,0.46875,643,01 c5 01 c5 01 c5 01 c5 01 c5 01 c5 01 c5 01 c5,35960,00 e3 21 e3 21 e0 00 e0 00 e3 21 e3 21 e0 00 e0,True,,open copier,643,open copier,643
31011,37709,39,3697,7016,True,True,True,35960,00 e3 21 e3 21 e0 00 e0 00 e3 21 e3 21 e0 00 e0,0,0,5893,2343,open copier:3583;confined copier:1;non-copier:2309,643,open copier,01 c5 01 c5 01 c5 01 c5 01 c5 01 c5 01 c5 01 c5,3,7144,0.703125,1.0,0.46875,643,01 c5 01 c5 01 c5 01 c5 01 c5 01 c5 01 c5 01 c5,35960,00 e3 21 e3 21 e0 00 e0 00 e3 21 e3 21 e0 00 e0,True,,open copier,643,open copier,643
31011,37709,40,12026,7093,True,True,True,35960,00 e3 21 e3 21 e0 00 e0 00 e3 21 e3 21 e0 00 e0,0,0,5893,2343,open copier:3583;confined copier:1;non-copier:2309,643,open copier,01 c5 01 c5 01 c5 01 c5 01 c5 01 c5 01 c5 01 c5,3,7144,0.703125,1.0,0.46875,643,01 c5 01 c5 01 c5 01 c5 01 c5 01 c5 01 c5 01 c5,35960,00 e3 21 e3 21 e0 00 e0 00 e3 21 e3 21 e0 00 e0,True,,open copier,643,open copier,643
31011,37709,41,7448,7110,True,True,True,35960,00 e3 21 e3 21 e0 00 e0 00 e3 21 e3 21 e0 00 e0,0,0,5893,2343,open copier:3583;confined copier:1;non-copier:2309,643,open copier,01 c5 01 c5 01 c5 01 c5 01 c5 01 c5 01 c5 01 c5,3,7144,0.703125,1.0,0.46875,643,01 c5 01 c5 01 c5 01 c5 01 c5 01 c5 01 c5 01 c5,35960,00 e3 21 e3 21 e0 00 e0 00 e3 21 e3 21 e0 00 e0,True,,open copier,643,open copier,643
31011,37709,42,12741,6986,True,True,True,35960,00 e3 21 e3 21 e0 00 e0 00 e3 21 e3 21 e0 00 e0,0,0,5893,2343,open copier:3583;confined copier:1;non-copier:2309,643,open copier,01 c5 01 c5 01 c5 01 c5 01 c5 01 c5 01 c5 01 c5,3,7144,0.703125,1.0,0.46875,643,01 c5 01 c5 01 c5 01 c5 01 c5 01 c5 01 c5 01 c5,35960,00 e3 21 e3 21 e0 00 e0 00 e3 21 e3 21 e0 00 e0,True,,open copier,643,open copier,643
31011,37709,43,18429,7264,True,True,True,35960,00 e3 21 e3 21 e0 00 e0 00 e3 21 e3 21 e0 00 e0,0,0,5893,2343,open copier:3583;confined copier:1;non-copier:2309,643,open copier,01 c5 01 c5 01 c5 01 c5 01 c5 01 c5 01 c5 01 c5,3,7144,0.703125,1.0,0.46875,643,01 c5 01 c5 01 c5 01 c5 01 c5 01 c5 01 c5 01 c5,35960,00 e3 21 e3 21 e0 00 e0 00 e3 21 e3 21 e0 00 e0,True,,open copier,643,open copier,643
31011,37709,44,12114,6976,True,True,True,35960,00 e3 21 e3 21 e0 00 e0 00 e3 21 e3 21 e0 00 e0,0,0,5893,2343,open copier:3583;confined copier:1;non-copier:2309,643,open copier,01 c5 01 c5 01 c5 01 c5 01 c5 01 c5 01 c5 01 c5,3,7144,0.703125,1.0,0.46875,643,01 c5 01 c5 01 c5 01 c5 01 c5 01 c5 01 c5 01 c5,35960,00 e3 21 e3 21 e0 00 e0 00 e3 21 e3 21 e0 00 e0,True,,open copier,643,open copier,643
31011,37709,45,9172,7039,True,True,True,35960,00 e3 21 e3 21 e0 00 e0 00 e3 21 e3 21 e0 00 e0,0,0,5893,2343,open copier:3583;confined copier:1;non-copier:2309,643,open copier,01 c5 01 c5 01 c5 01 c5 01 c5 01 c5 01 c5 01 c5,3,7144,0.703125,1.0,0.46875,643,01 c5 01 c5 01 c5 01 c5 01 c5 01 c5 01 c5 01 c5,35960,00 e3 21 e3 21 e0 00 e0 00 e3 21 e3 21 e0 00 e0,True,,open copier,643,open copier,643
31011,37709,46,1429,6848,True,True,True,35960,00 e3 21 e3 21 e0 00 e0 00 e3 21 e3 21 e0 00 e0,0,0,5893,2343,open copier:3583;confined copier:1;non-copier:2309,643,open copier,01 c5 01 c5 01 c5 01 c5 01 c5 01 c5 01 c5 01 c5,3,7144,0.703125,1.0,0.46875,643,01 c5 01 c5 01 c5 01 c5 01 c5 01 c5 01 c5 01 c5,35960,00 e3 21 e3 21 e0 00 e0 00 e3 21 e3 21 e0 00 e0,True,,open copier,643,open copier,643
31011,37709,47,18054,6845,True,True,True,35960,00 e3 21 e3 21 e0 00 e0 00 e3 21 e3 21 e0 00 e0,0,0,5893,2343,open copier:3583;confined copier:1;non-copier:2309,643,open copier,01 c5 01 c5 01 c5 01 c5 01 c5 01 c5 01 c5 01 c5,3,7144,0.703125,1.0,0.46875,643,01 c5 01 c5 01 c5 01 c5 01 c5 01 c5 01 c5 01 c5,35960,00 e3 21 e3 21 e0 00 e0 00 e3 21 e3 21 e0 00 e0,True,,open copier,643,open copier,643
31011,37709,48,15716,7170,True,True,True,35960,00 e3 21 e3 21 e0 00 e0 00 e3 21 e3 21 e0 00 e0,0,0,5893,2343,open copier:3583;confined copier:1;non-copier:2309,643,open copier,01 c5 01 c5 01 c5 01 c5 01 c5 01 c5 01 c5 01 c5,3,7144,0.703125,1.0,0.46875,643,01 c5 01 c5 01 c5 01 c5 01 c5 01 c5 01 c5 01 c5,35960,00 e3 21 e3 21 e0 00 e0 00 e3 21 e3 21 e0 00 e0,True,,open copier,643,open copier,643
31011,37709,49,17189,7056,True,True,True,35960,00 e3 21 e3 21 e0 00 e0 00 e3 21 e3 21 e0 00 e0,0,0,5893,2343,open copier:3583;confined copier:1;non-copier:2309,643,open copier,01 c5 01 c5 01 c5 01 c5 01 c5 01 c5 01 c5 01 c5,3,7144,0.703125,1.0,0.46875,643,01 c5 01 c5 01 c5 01 c5 01 c5 01 c5 01 c5 01 c5,35960,00 e3 21 e3 21 e0 00 e0 00 e3 21 e3 21 e0 00 e0,True,,open copier,643,open copier,643
31011,37709,50,343,7024,True,True,True,35960,00 e3 21 e3 21 e0 00 e0 00 e3 21 e3 21 e0 00 e0,0,0,5893,2343,open copier:3583;confined copier:1;non-copier:2309,643,open copier,01 c5 01 c5 01 c5 01 c5 01 c5 01 c5 01 c5 01 c5,3,7144,0.703125,1.0,0.46875,643,01 c5 01 c5 01 c5 01 c5 01 c5 01 c5 01 c5 01 c5,35960,00 e3 21 e3 21 e0 00 e0 00 e3 21 e3 21 e0 00 e0,True,,open copier,643,open copier,643
31011,37709,51,3875,7057,True,True,True,35960,00 e3 21 e3 21 e0 00 e0 00 e3 21 e3 21 e0 00 e0,0,0,5893,2343,open copier:3583;confined copier:1;non-copier:2309,643,open copier,01 c5 01 c5 01 c5 01 c5 01 c5 01 c5 01 c5 01 c5,3,7144,0.703125,1.0,0.46875,643,01 c5 01 c5 01 c5 01 c5 01 c5 01 c5 01 c5 01 c5,35960,00 e3 21 e3 21 e0 00 e0 00 e3 21 e3 21 e0 00 e0,True,,open copier,643,open copier,643
31011,37709,52,15258,6946,True,True,True,35960,00 e3 21 e3 21 e0 00 e0 00 e3 21 e3 21 e0 00 e0,0,0,5893,2343,open copier:3583;confined copier:1;non-copier:2309,643,open copier,01 c5 01 c5 01 c5 01 c5 01 c5 01 c5 01 c5 01 c5,3,7144,0.703125,1.0,0.46875,643,01 c5 01 c5 01 c5 01 c5 01 c5 01 c5 01 c5 01 c5,35960,00 e3 21 e3 21 e0 00 e0 00 e3 21 e3 21 e0 00 e0,True,,open copier,643,open copier,643
31011,37709,53,365,6930,True,True,True,35960,00 e3 21 e3 21 e0 00 e0 00 e3 21 e3 21 e0 00 e0,0,0,5893,2343,open copier:3583;confined copier:1;non-copier:2309,643,open copier,01 c5 01 c5 01 c5 01 c5 01 c5 01 c5 01 c5 01 c5,3,7144,0.703125,1.0,0.46875,643,01 c5 01 c5 01 c5 01 c5 01 c5 01 c5 01 c5 01 c5,35960,00 e3 21 e3 21 e0 00 e0 00 e3 21 e3 21 e0 00 e0,True,,open copier,643,open copier,643
31011,37709,54,12734,7075,True,True,True,35960,00 e3 21 e3 21 e0 00 e0 00 e3 21 e3 21 e0 00 e0,0,0,5893,2343,open copier:3583;confined copier:1;non-copier:2309,643,open copier,01 c5 01 c5 01 c5 01 c5 01 c5 01 c5 01 c5 01 c5,3,7144,0.703125,1.0,0.46875,643,01 c5 01 c5 01 c5 01 c5 01 c5 01 c5 01 c5 01 c5,35960,00 e3 21 e3 21 e0 00 e0 00 e3 21 e3 21 e0 00 e0,True,,open copier,643,open copier,643
31011,37709,55,2814,6848,True,True,False,37202,6d e3 21 e3 21 e0 6d e0 6d e3 21 e3 21 e0 6d e0,0,0,6106,2411,open copier:3586;confined copier:143;non-copier:2377,643,open copier,01 c5 01 c5 01 c5 01 c5 01 c5 01 c5 01 c5 01 c5,3,7144,0.703125,1.0,0.46875,643,01 c5 01 c5 01 c5 01 c5 01 c5 01 c5 01 c5 01 c5,35960,00 e3 21 e3 21 e0 00 e0 00 e3 21 e3 21 e0 00 e0,False,,open copier,643,open copier,643
31011,37709,56,15928,7067,True,True,True,35960,00 e3 21 e3 21 e0 00 e0 00 e3 21 e3 21 e0 00 e0,0,0,5893,2343,open copier:3583;confined copier:1;non-copier:2309,643,open copier,01 c5 01 c5 01 c5 01 c5 01 c5 01 c5 01 c5 01 c5,3,7144,0.703125,1.0,0.46875,643,01 c5 01 c5 01 c5 01 c5 01 c5 01 c5 01 c5 01 c5,35960,00 e3 21 e3 21 e0 00 e0 00 e3 21 e3 21 e0 00 e0,True,,open copier,643,open copier,643
31011,37709,57,15451,7127,True,True,True,35960,00 e3 21 e3 21 e0 00 e0 00 e3 21 e3 21 e0 00 e0,0,0,5893,2343,open copier:3583;confined copier:1;non-copier:2309,643,open copier,01 c5 01 c5 01 c5 01 c5 01 c5 01 c5 01 c5 01 c5,3,7144,0.703125,1.0,0.46875,643,01 c5 01 c5 01 c5 01 c5 01 c5 01 c5 01 c5 01 c5,35960,00 e3 21 e3 21 e0 00 e0 00 e3 21 e3 21 e0 00 e0,True,,open copier,643,open copier,643
31011,37709,58,5035,6861,True,True,True,35960,00 e3 21 e3 21 e0 00 e0 00 e3 21 e3 21 e0 00 e0,0,0,5893,2343,open copier:3583;confined copier:1;non-copier:2309,643,open copier,01 c5 01 c5 01 c5 01 c5 01 c5 01 c5 01 c5 01 c5,3,7144,0.703125,1.0,0.46875,643,01 c5 01 c5 01 c5 01 c5 01 c5 01 c5 01 c5 01 c5,35960,00 e3 21 e3 21 e0 00 e0 00 e3 21 e3 21 e0 00 e0,True,,open copier,643,open copier,643
31011,37709,59,3158,6918,True,True,True,35960,00 e3 21 e3 21 e0 00 e0 00 e3 21 e3 21 e0 00 e0,0,0,5893,2343,open copier:3583;confined copier:1;non-copier:2309,643,open copier,01 c5 01 c5 01 c5 01 c5 01 c5 01 c5 01 c5 01 c5,3,7144,0.703125,1.0,0.46875,643,01 c5 01 c5 01 c5 01 c5 01 c5 01 c5 01 c5 01 c5,35960,00 e3 21 e3 21 e0 00 e0 00 e3 21 e3 21 e0 00 e0,True,,open copier,643,open copier,643
31011,37709,60,1360,6810,True,True,True,35960,00 e3 21 e3 21 e0 00 e0 00 e3 21 e3 21 e0 00 e0,0,0,5893,2343,open copier:3583;confined copier:1;non-copier:2309,643,open copier,01 c5 01 c5 01 c5 01 c5 01 c5 01 c5 01 c5 01 c5,3,7144,0.703125,1.0,0.46875,643,01 c5 01 c5 01 c5 01 c5 01 c5 01 c5 01 c5 01 c5,35960,00 e3 21 e3 21 e0 00 e0 00 e3 21 e3 21 e0 00 e0,True,,open copier,643,open copier,643
31011,37709,61,8160,6936,True,True,True,35960,00 e3 21 e3 21 e0 00 e0 00 e3 21 e3 21 e0 00 e0,0,0,5893,2343,open copier:3583;confined copier:1;non-copier:2309,643,open copier,01 c5 01 c5 01 c5 01 c5 01 c5 01 c5 01 c5 01 c5,3,7144,0.703125,1.0,0.46875,643,01 c5 01 c5 01 c5 01 c5 01 c5 01 c5 01 c5 01 c5,35960,00 e3 21 e3 21 e0 00 e0 00 e3 21 e3 21 e0 00 e0,True,,open copier,643,open copier,643
31011,37709,62,10632,6972,True,True,True,35960,00 e3 21 e3 21 e0 00 e0 00 e3 21 e3 21 e0 00 e0,0,0,5893,2343,open copier:3583;confined copier:1;non-copier:2309,643,open copier,01 c5 01 c5 01 c5 01 c5 01 c5 01 c5 01 c5 01 c5,3,7144,0.703125,1.0,0.46875,643,01 c5 01 c5 01 c5 01 c5 01 c5 01 c5 01 c5 01 c5,35960,00 e3 21 e3 21 e0 00 e0 00 e3 21 e3 21 e0 00 e0,True,,open copier,643,open copier,643
31011,37709,63,12942,7057,True,True,True,35960,00 e3 21 e3 21 e0 00 e0 00 e3 21 e3 21 e0 00 e0,0,0,5893,2343,open copier:3583;confined copier:1;non-copier:2309,643,open copier,01 c5 01 c5 01 c5 01 c5 01 c5 01 c5 01 c5 01 c5,3,7144,0.703125,1.0,0.46875,643,01 c5 01 c5 01 c5 01 c5 01 c5 01 c5 01 c5 01 c5,35960,00 e3 21 e3 21 e0 00 e0 00 e3 21 e3 21 e0 00 e0,True,,open copier,643,open copier,643
31012,57799,0,11493,10194,True,True,True,56804,00 e3 21 e3 21 c0 00 c0 21 c0 21 c0 21 c0 00 c0,0,0,9339,3386,open copier:5899;confined copier:1;non-copier:3439,60,open copier,01 c5 01 c5 01 c5 01 c5 01 c5 01 c5 01 c5 01 c5,3,10189,0.703125,1.0,0.46875,60,01 c5 01 c5 01 c5 01 c5 01 c5 01 c5 01 c5 01 c5,56804,00 e3 21 e3 21 c0 00 c0 21 c0 21 c0 21 c0 00 c0,True,,open copier,60,open copier,60
31012,57799,1,15291,10235,True,True,True,56804,00 e3 21 e3 21 c0 00 c0 21 c0 21 c0 21 c0 00 c0,0,0,9339,3386,open copier:5899;confined copier:1;non-copier:3439,60,open copier,01 c5 01 c5 01 c5 01 c5 01 c5 01 c5 01 c5 01 c5,3,10189,0.703125,1.0,0.46875,60,01 c5 01 c5 01 c5 01 c5 01 c5 01 c5 01 c5 01 c5,56804,00 e3 21 e3 21 c0 00 c0 21 c0 21 c0 21 c0 00 c0,True,,open copier,60,open copier,60
31012,57799,2,2977,10049,True,True,True,56804,00 e3 21 e3 21 c0 00 c0 21 c0 21 c0 21 c0 00 c0,0,0,9339,3386,open copier:5899;confined copier:1;non-copier:3439,60,open copier,01 c5 01 c5 01 c5 01 c5 01 c5 01 c5 01 c5 01 c5,3,10189,0.703125,1.0,0.46875,60,01 c5 01 c5 01 c5 01 c5 01 c5 01 c5 01 c5 01 c5,56804,00 e3 21 e3 21 c0 00 c0 21 c0 21 c0 21 c0 00 c0,True,,open copier,60,open copier,60
31012,57799,3,5095,10218,True,True,True,56804,00 e3 21 e3 21 c0 00 c0 21 c0 21 c0 21 c0 00 c0,0,0,9339,3386,open copier:5899;confined copier:1;non-copier:3439,60,open copier,01 c5 01 c5 01 c5 01 c5 01 c5 01 c5 01 c5 01 c5,3,10189,0.703125,1.0,0.46875,60,01 c5 01 c5 01 c5 01 c5 01 c5 01 c5 01 c5 01 c5,56804,00 e3 21 e3 21 c0 00 c0 21 c0 21 c0 21 c0 00 c0,True,,open copier,60,open copier,60
31012,57799,4,15076,10301,True,True,True,56804,00 e3 21 e3 21 c0 00 c0 21 c0 21 c0 21 c0 00 c0,0,0,9339,3386,open copier:5899;confined copier:1;non-copier:3439,60,open copier,01 c5 01 c5 01 c5 01 c5 01 c5 01 c5 01 c5 01 c5,3,10189,0.703125,1.0,0.46875,60,01 c5 01 c5 01 c5 01 c5 01 c5 01 c5 01 c5 01 c5,56804,00 e3 21 e3 21 c0 00 c0 21 c0 21 c0 21 c0 00 c0,True,,open copier,60,open copier,60
31012,57799,5,15127,10308,True,True,True,56804,00 e3 21 e3 21 c0 00 c0 21 c0 21 c0 21 c0 00 c0,0,0,9339,3386,open copier:5899;confined copier:1;non-copier:3439,60,open copier,01 c5 01 c5 01 c5 01 c5 01 c5 01 c5 01 c5 01 c5,3,10189,0.703125,1.0,0.46875,60,01 c5 01 c5 01 c5 01 c5 01 c5 01 c5 01 c5 01 c5,56804,00 e3 21 e3 21 c0 00 c0 21 c0 21 c0 21 c0 00 c0,True,,open copier,60,open copier,60
31012,57799,6,4974,10366,True,True,True,56804,00 e3 21 e3 21 c0 00 c0 21 c0 21 c0 21 c0 00 c0,0,0,9339,3386,open copier:5899;confined copier:1;non-copier:3439,60,open copier,01 c5 01 c5 01 c5 01 c5 01 c5 01 c5 01 c5 01 c5,3,10189,0.703125,1.0,0.46875,60,01 c5 01 c5 01 c5 01 c5 01 c5 01 c5 01 c5 01 c5,56804,00 e3 21 e3 21 c0 00 c0 21 c0 21 c0 21 c0 00 c0,True,,open copier,60,open copier,60
31012,57799,7,3840,10292,True,True,True,56804,00 e3 21 e3 21 c0 00 c0 21 c0 21 c0 21 c0 00 c0,0,0,9339,3386,open copier:5899;confined copier:1;non-copier:3439,60,open copier,01 c5 01 c5 01 c5 01 c5 01 c5 01 c5 01 c5 01 c5,3,10189,0.703125,1.0,0.46875,60,01 c5 01 c5 01 c5 01 c5 01 c5 01 c5 01 c5 01 c5,56804,00 e3 21 e3 21 c0 00 c0 21 c0 21 c0 21 c0 00 c0,True,,open copier,60,open copier,60
31012,57799,8,682,10243,True,True,True,56804,00 e3 21 e3 21 c0 00 c0 21 c0 21 c0 21 c0 00 c0,0,0,9339,3386,open copier:5899;confined copier:1;non-copier:3439,60,open copier,01 c5 01 c5 01 c5 01 c5 01 c5 01 c5 01 c5 01 c5,3,10189,0.703125,1.0,0.46875,60,01 c5 01 c5 01 c5 01 c5 01 c5 01 c5 01 c5 01 c5,56804,00 e3 21 e3 21 c0 00 c0 21 c0 21 c0 21 c0 00 c0,True,,open copier,60,open copier,60
31012,57799,9,11809,10290,True,True,True,56804,00 e3 21 e3 21 c0 00 c0 21 c0 21 c0 21 c0 00 c0,0,0,9339,3386,open copier:5899;confined copier:1;non-copier:3439,60,open copier,01 c5 01 c5 01 c5 01 c5 01 c5 01 c5 01 c5 01 c5,3,10189,0.703125,1.0,0.46875,60,01 c5 01 c5 01 c5 01 c5 01 c5 01 c5 01 c5 01 c5,56804,00 e3 21 e3 21 c0 00 c0 21 c0 21 c0 21 c0 00 c0,True,,open copier,60,open copier,60
31012,57799,10,1282,10334,True,True,True,56804,00 e3 21 e3 21 c0 00 c0 21 c0 21 c0 21 c0 00 c0,0,0,9339,3386,open copier:5899;confined copier:1;non-copier:3439,60,open copier,01 c5 01 c5 01 c5 01 c5 01 c5 01 c5 01 c5 01 c5,3,10189,0.703125,1.0,0.46875,60,01 c5 01 c5 01 c5 01 c5 01 c5 01 c5 01 c5 01 c5,56804,00 e3 21 e3 21 c0 00 c0 21 c0 21 c0 21 c0 00 c0,True,,open copier,60,open copier,60
31012,57799,11,2257,10320,True,True,True,56804,00 e3 21 e3 21 c0 00 c0 21 c0 21 c0 21 c0 00 c0,0,0,9339,3386,open copier:5899;confined copier:1;non-copier:3439,60,open copier,01 c5 01 c5 01 c5 01 c5 01 c5 01 c5 01 c5 01 c5,3,10189,0.703125,1.0,0.46875,60,01 c5 01 c5 01 c5 01 c5 01 c5 01 c5 01 c5 01 c5,56804,00 e3 21 e3 21 c0 00 c0 21 c0 21 c0 21 c0 00 c0,True,,open copier,60,open copier,60
31012,57799,12,14973,10235,True,True,True,56804,00 e3 21 e3 21 c0 00 c0 21 c0 21 c0 21 c0 00 c0,0,0,9339,3386,open copier:5899;confined copier:1;non-copier:3439,60,open copier,01 c5 01 c5 01 c5 01 c5 01 c5 01 c5 01 c5 01 c5,3,10189,0.703125,1.0,0.46875,60,01 c5 01 c5 01 c5 01 c5 01 c5 01 c5 01 c5 01 c5,56804,00 e3 21 e3 21 c0 00 c0 21 c0 21 c0 21 c0 00 c0,True,,open copier,60,open copier,60
31012,57799,13,2900,10335,True,True,True,56804,00 e3 21 e3 21 c0 00 c0 21 c0 21 c0 21 c0 00 c0,0,0,9339,3386,open copier:5899;confined copier:1;non-copier:3439,60,open copier,01 c5 01 c5 01 c5 01 c5 01 c5 01 c5 01 c5 01 c5,3,10189,0.703125,1.0,0.46875,60,01 c5 01 c5 01 c5 01 c5 01 c5 01 c5 01 c5 01 c5,56804,00 e3 21 e3 21 c0 00 c0 21 c0 21 c0 21 c0 00 c0,True,,open copier,60,open copier,60
31012,57799,14,8183,10347,True,True,True,56804,00 e3 21 e3 21 c0 00 c0 21 c0 21 c0 21 c0 00 c0,0,0,9339,3386,open copier:5899;confined copier:1;non-copier:3439,60,open copier,01 c5 01 c5 01 c5 01 c5 01 c5 01 c5 01 c5 01 c5,3,10189,0.703125,1.0,0.46875,60,01 c5 01 c5 01 c5 01 c5 01 c5 01 c5 01 c5 01 c5,56804,00 e3 21 e3 21 c0 00 c0 21 c0 21 c0 21 c0 00 c0,True,,open copier,60,open copier,60
31012,57799,15,2016,10080,True,True,True,56804,00 e3 21 e3 21 c0 00 c0 21 c0 21 c0 21 c0 00 c0,0,0,9339,3386,open copier:5899;confined copier:1;non-copier:3439,60,open copier,01 c5 01 c5 01 c5 01 c5 01 c5 01 c5 01 c5 01 c5,3,10189,0.703125,1.0,0.46875,60,01 c5 01 c5 01 c5 01 c5 01 c5 01 c5 01 c5 01 c5,56804,00 e3 21 e3 21 c0 00 c0 21 c0 21 c0 21 c0 00 c0,True,,open copier,60,open copier,60
31012,57799,16,6648,10258,True,True,True,56804,00 e3 21 e3 21 c0 00 c0 21 c0 21 c0 21 c0 00 c0,0,0,9339,3386,open copier:5899;confined copier:1;non-copier:3439,60,open copier,01 c5 01 c5 01 c5 01 c5 01 c5 01 c5 01 c5 01 c5,3,10189,0.703125,1.0,0.46875,60,01 c5 01 c5 01 c5 01 c5 01 c5 01 c5 01 c5 01 c5,56804,00 e3 21 e3 21 c0 00 c0 21 c0 21 c0 21 c0 00 c0,True,,open copier,60,open copier,60
31012,57799,17,19886,10233,True,True,True,56804,00 e3 21 e3 21 c0 00 c0 21 c0 21 c0 21 c0 00 c0,0,0,9339,3386,open copier:5899;confined copier:1;non-copier:3439,60,open copier,01 c5 01 c5 01 c5 01 c5 01 c5 01 c5 01 c5 01 c5,3,10189,0.703125,1.0,0.46875,60,01 c5 01 c5 01 c5 01 c5 01 c5 01 c5 01 c5 01 c5,56804,00 e3 21 e3 21 c0 00 c0 21 c0 21 c0 21 c0 00 c0,True,,open copier,60,open copier,60
31012,57799,18,14613,10259,True,True,True,56804,00 e3 21 e3 21 c0 00 c0 21 c0 21 c0 21 c0 00 c0,0,0,9339,3386,open copier:5899;confined copier:1;non-copier:3439,60,open copier,01 c5 01 c5 01 c5 01 c5 01 c5 01 c5 01 c5 01 c5,3,10189,0.703125,1.0,0.46875,60,01 c5 01 c5 01 c5 01 c5 01 c5 01 c5 01 c5 01 c5,56804,00 e3 21 e3 21 c0 00 c0 21 c0 21 c0 21 c0 00 c0,True,,open copier,60,open copier,60
31012,57799,19,11844,10375,True,True,True,56804,00 e3 21 e3 21 c0 00 c0 21 c0 21 c0 21 c0 00 c0,0,0,9339,3386,open copier:5899;confined copier:1;non-copier:3439,60,open copier,01 c5 01 c5 01 c5 01 c5 01 c5 01 c5 01 c5 01 c5,3,10189,0.703125,1.0,0.46875,60,01 c5 01 c5 01 c5 01 c5 01 c5 01 c5 01 c5 01 c5,56804,00 e3 21 e3 21 c0 00 c0 21 c0 21 c0 21 c0 00 c0,True,,open copier,60,open copier,60
31012,57799,20,12129,10288,True,True,True,56804,00 e3 21 e3 21 c0 00 c0 21 c0 21 c0 21 c0 00 c0,0,0,9339,3386,open copier:5899;confined copier:1;non-copier:3439,60,open copier,01 c5 01 c5 01 c5 01 c5 01 c5 01 c5 01 c5 01 c5,3,10189,0.703125,1.0,0.46875,60,01 c5 01 c5 01 c5 01 c5 01 c5 01 c5 01 c5 01 c5,56804,00 e3 21 e3 21 c0 00 c0 21 c0 21 c0 21 c0 00 c0,True,,open copier,60,open copier,60
31012,57799,21,10734,10459,True,True,True,56804,00 e3 21 e3 21 c0 00 c0 21 c0 21 c0 21 c0 00 c0,0,0,9339,3386,open copier:5899;confined copier:1;non-copier:3439,60,open copier,01 c5 01 c5 01 c5 01 c5 01 c5 01 c5 01 c5 01 c5,3,10189,0.703125,1.0,0.46875,60,01 c5 01 c5 01 c5 01 c5 01 c5 01 c5 01 c5 01 c5,56804,00 e3 21 e3 21 c0 00 c0 21 c0 21 c0 21 c0 00 c0,True,,open copier,60,open copier,60
31012,57799,22,16838,10307,True,True,True,56804,00 e3 21 e3 21 c0 00 c0 21 c0 21 c0 21 c0 00 c0,0,0,9339,3386,open copier:5899;confined copier:1;non-copier:3439,60,open copier,01 c5 01 c5 01 c5 01 c5 01 c5 01 c5 01 c5 01 c5,3,10189,0.703125,1.0,0.46875,60,01 c5 01 c5 01 c5 01 c5 01 c5 01 c5 01 c5 01 c5,56804,00 e3 21 e3 21 c0 00 c0 21 c0 21 c0 21 c0 00 c0,True,,open copier,60,open copier,60
31012,57799,23,9428,10154,True,True,True,56804,00 e3 21 e3 21 c0 00 c0 21 c0 21 c0 21 c0 00 c0,0,0,9339,3386,open copier:5899;confined copier:1;non-copier:3439,60,open copier,01 c5 01 c5 01 c5 01 c5 01 c5 01 c5 01 c5 01 c5,3,10189,0.703125,1.0,0.46875,60,01 c5 01 c5 01 c5 01 c5 01 c5 01 c5 01 c5 01 c5,56804,00 e3 21 e3 21 c0 00 c0 21 c0 21 c0 21 c0 00 c0,True,,open copier,60,open copier,60
31012,57799,24,2610,10261,True,True,True,56804,00 e3 21 e3 21 c0 00 c0 21 c0 21 c0 21 c0 00 c0,0,0,9339,3386,open copier:5899;confined copier:1;non-copier:3439,60,open copier,01 c5 01 c5 01 c5 01 c5 01 c5 01 c5 01 c5 01 c5,3,10189,0.703125,1.0,0.46875,60,01 c5 01 c5 01 c5 01 c5 01 c5 01 c5 01 c5 01 c5,56804,00 e3 21 e3 21 c0 00 c0 21 c0 21 c0 21 c0 00 c0,True,,open copier,60,open copier,60
31012,57799,25,13541,10239,True,True,True,56804,00 e3 21 e3 21 c0 00 c0 21 c0 21 c0 21 c0 00 c0,0,0,9339,3386,open copier:5899;confined copier:1;non-copier:3439,60,open copier,01 c5 01 c5 01 c5 01 c5 01 c5 01 c5 01 c5 01 c5,3,10189,0.703125,1.0,0.46875,60,01 c5 01 c5 01 c5 01 c5 01 c5 01 c5 01 c5 01 c5,56804,00 e3 21 e3 21 c0 00 c0 21 c0 21 c0 21 c0 00 c0,True,,open copier,60,open copier,60
31012,57799,26,19937,10202,True,True,True,56804,00 e3 21 e3 21 c0 00 c0 21 c0 21 c0 21 c0 00 c0,0,0,9339,3386,open copier:5899;confined copier:1;non-copier:3439,60,open copier,01 c5 01 c5 01 c5 01 c5 01 c5 01 c5 01 c5 01 c5,3,10189,0.703125,1.0,0.46875,60,01 c5 01 c5 01 c5 01 c5 01 c5 01 c5 01 c5 01 c5,56804,00 e3 21 e3 21 c0 00 c0 21 c0 21 c0 21 c0 00 c0,True,,open copier,60,open copier,60
31012,57799,27,2301,10158,True,True,True,56804,00 e3 21 e3 21 c0 00 c0 21 c0 21 c0 21 c0 00 c0,0,0,9339,3386,open copier:5899;confined copier:1;non-copier:3439,60,open copier,01 c5 01 c5 01 c5 01 c5 01 c5 01 c5 01 c5 01 c5,3,10189,0.703125,1.0,0.46875,60,01 c5 01 c5 01 c5 01 c5 01 c5 01 c5 01 c5 01 c5,56804,00 e3 21 e3 21 c0 00 c0 21 c0 21 c0 21 c0 00 c0,True,,open copier,60,open copier,60
31012,57799,28,11351,10165,True,True,True,56804,00 e3 21 e3 21 c0 00 c0 21 c0 21 c0 21 c0 00 c0,0,0,9339,3386,open copier:5899;confined copier:1;non-copier:3439,60,open copier,01 c5 01 c5 01 c5 01 c5 01 c5 01 c5 01 c5 01 c5,3,10189,0.703125,1.0,0.46875,60,01 c5 01 c5 01 c5 01 c5 01 c5 01 c5 01 c5 01 c5,56804,00 e3 21 e3 21 c0 00 c0 21 c0 21 c0 21 c0 00 c0,True,,open copier,60,open copier,60
31012,57799,29,9687,10195,True,True,True,56804,00 e3 21 e3 21 c0 00 c0 21 c0 21 c0 21 c0 00 c0,0,0,9339,3386,open copier:5899;confined copier:1;non-copier:3439,60,open copier,01 c5 01 c5 01 c5 01 c5 01 c5 01 c5 01 c5 01 c5,3,10189,0.703125,1.0,0.46875,60,01 c5 01 c5 01 c5 01 c5 01 c5 01 c5 01 c5 01 c5,56804,00 e3 21 e3 21 c0 00 c0 21 c0 21 c0 21 c0 00 c0,True,,open copier,60,open copier,60
31012,57799,30,17539,10303,True,True,True,56804,00 e3 21 e3 21 c0 00 c0 21 c0 21 c0 21 c0 00 c0,0,0,9339,3386,open copier:5899;confined copier:1;non-copier:3439,60,open copier,01 c5 01 c5 01 c5 01 c5 01 c5 01 c5 01 c5 01 c5,3,10189,0.703125,1.0,0.46875,60,01 c5 01 c5 01 c5 01 c5 01 c5 01 c5 01 c5 01 c5,56804,00 e3 21 e3 21 c0 00 c0 21 c0 21 c0 21 c0 00 c0,True,,open copier,60,open copier,60
31012,57799,31,2036,10220,True,True,True,56804,00 e3 21 e3 21 c0 00 c0 21 c0 21 c0 21 c0 00 c0,0,0,9339,3386,open copier:5899;confined copier:1;non-copier:3439,60,open copier,01 c5 01 c5 01 c5 01 c5 01 c5 01 c5 01 c5 01 c5,3,10189,0.703125,1.0,0.46875,60,01 c5 01 c5 01 c5 01 c5 01 c5 01 c5 01 c5 01 c5,56804,00 e3 21 e3 21 c0 00 c0 21 c0 21 c0 21 c0 00 c0,True,,open copier,60,open copier,60
31012,57799,32,1213,10219,True,True,True,56804,00 e3 21 e3 21 c0 00 c0 21 c0 21 c0 21 c0 00 c0,0,0,9339,3386,open copier:5899;confined copier:1;non-copier:3439,60,open copier,01 c5 01 c5 01 c5 01 c5 01 c5 01 c5 01 c5 01 c5,3,10189,0.703125,1.0,0.46875,60,01 c5 01 c5 01 c5 01 c5 01 c5 01 c5 01 c5 01 c5,56804,00 e3 21 e3 21 c0 00 c0 21 c0 21 c0 21 c0 00 c0,True,,open copier,60,open copier,60
31012,57799,33,18902,10225,True,True,True,56804,00 e3 21 e3 21 c0 00 c0 21 c0 21 c0 21 c0 00 c0,0,0,9339,3386,open copier:5899;confined copier:1;non-copier:3439,60,open copier,01 c5 01 c5 01 c5 01 c5 01 c5 01 c5 01 c5 01 c5,3,10189,0.703125,1.0,0.46875,60,01 c5 01 c5 01 c5 01 c5 01 c5 01 c5 01 c5 01 c5,56804,00 e3 21 e3 21 c0 00 c0 21 c0 21 c0 21 c0 00 c0,True,,open copier,60,open copier,60
31012,57799,34,12763,10294,True,True,True,56804,00 e3 21 e3 21 c0 00 c0 21 c0 21 c0 21 c0 00 c0,0,0,9339,3386,open copier:5899;confined copier:1;non-copier:3439,60,open copier,01 c5 01 c5 01 c5 01 c5 01 c5 01 c5 01 c5 01 c5,3,10189,0.703125,1.0,0.46875,60,01 c5 01 c5 01 c5 01 c5 01 c5 01 c5 01 c5 01 c5,56804,00 e3 21 e3 21 c0 00 c0 21 c0 21 c0 21 c0 00 c0,True,,open copier,60,open copier,60
31012,57799,35,5044,10243,True,True,True,56804,00 e3 21 e3 21 c0 00 c0 21 c0 21 c0 21 c0 00 c0,0,0,9339,3386,open copier:5899;confined copier:1;non-copier:3439,60,open copier,01 c5 01 c5 01 c5 01 c5 01 c5 01 c5 01 c5 01 c5,3,10189,0.703125,1.0,0.46875,60,01 c5 01 c5 01 c5 01 c5 01 c5 01 c5 01 c5 01 c5,56804,00 e3 21 e3 21 c0 00 c0 21 c0 21 c0 21 c0 00 c0,True,,open copier,60,open copier,60
31012,57799,36,4629,10183,True,True,True,56804,00 e3 21 e3 21 c0 00 c0 21 c0 21 c0 21 c0 00 c0,0,0,9339,3386,open copier:5899;confined copier:1;non-copier:3439,60,open copier,01 c5 01 c5 01 c5 01 c5 01 c5 01 c5 01 c5 01 c5,3,10189,0.703125,1.0,0.46875,60,01 c5 01 c5 01 c5 01 c5 01 c5 01 c5 01 c5 01 c5,56804,00 e3 21 e3 21 c0 00 c0 21 c0 21 c0 21 c0 00 c0,True,,open copier,60,open copier,60
31012,57799,37,15550,10336,True,True,True,56804,00 e3 21 e3 21 c0 00 c0 21 c0 21 c0 21 c0 00 c0,0,0,9339,3386,open copier:5899;confined copier:1;non-copier:3439,60,open copier,01 c5 01 c5 01 c5 01 c5 01 c5 01 c5 01 c5 01 c5,3,10189,0.703125,1.0,0.46875,60,01 c5 01 c5 01 c5 01 c5 01 c5 01 c5 01 c5 01 c5,56804,00 e3 21 e3 21 c0 00 c0 21 c0 21 c0 21 c0 00 c0,True,,open copier,60,open copier,60
31012,57799,38,9865,10198,True,True,True,56804,00 e3 21 e3 21 c0 00 c0 21 c0 21 c0 21 c0 00 c0,0,0,9339,3386,open copier:5899;confined copier:1;non-copier:3439,60,open copier,01 c5 01 c5 01 c5 01 c5 01 c5 01 c5 01 c5 01 c5,3,10189,0.703125,1.0,0.46875,60,01 c5 01 c5 01 c5 01 c5 01 c5 01 c5 01 c5 01 c5,56804,00 e3 21 e3 21 c0 00 c0 21 c0 21 c0 21 c0 00 c0,True,,open copier,60,open copier,60
31012,57799,39,10563,10425,True,True,True,56804,00 e3 21 e3 21 c0 00 c0 21 c0 21 c0 21 c0 00 c0,0,0,9339,3386,open copier:5899;confined copier:1;non-copier:3439,60,open copier,01 c5 01 c5 01 c5 01 c5 01 c5 01 c5 01 c5 01 c5,3,10189,0.703125,1.0,0.46875,60,01 c5 01 c5 01 c5 01 c5 01 c5 01 c5 01 c5 01 c5,56804,00 e3 21 e3 21 c0 00 c0 21 c0 21 c0 21 c0 00 c0,True,,open copier,60,open copier,60
31012,57799,40,18170,10296,True,True,True,56804,00 e3 21 e3 21 c0 00 c0 21 c0 21 c0 21 c0 00 c0,0,0,9339,3386,open copier:5899;confined copier:1;non-copier:3439,60,open copier,01 c5 01 c5 01 c5 01 c5 01 c5 01 c5 01 c5 01 c5,3,10189,0.703125,1.0,0.46875,60,01 c5 01 c5 01 c5 01 c5 01 c5 01 c5 01 c5 01 c5,56804,00 e3 21 e3 21 c0 00 c0 21 c0 21 c0 21 c0 00 c0,True,,open copier,60,open copier,60
31012,57799,41,16112,10203,True,True,True,56804,00 e3 21 e3 21 c0 00 c0 21 c0 21 c0 21 c0 00 c0,0,0,9339,3386,open copier:5899;confined copier:1;non-copier:3439,60,open copier,01 c5 01 c5 01 c5 01 c5 01 c5 01 c5 01 c5 01 c5,3,10189,0.703125,1.0,0.46875,60,01 c5 01 c5 01 c5 01 c5 01 c5 01 c5 01 c5 01 c5,56804,00 e3 21 e3 21 c0 00 c0 21 c0 21 c0 21 c0 00 c0,True,,open copier,60,open copier,60
31012,57799,42,8149,10329,True,True,True,56804,00 e3 21 e3 21 c0 00 c0 21 c0 21 c0 21 c0 00 c0,0,0,9339,3386,open copier:5899;confined copier:1;non-copier:3439,60,open copier,01 c5 01 c5 01 c5 01 c5 01 c5 01 c5 01 c5 01 c5,3,10189,0.703125,1.0,0.46875,60,01 c5 01 c5 01 c5 01 c5 01 c5 01 c5 01 c5 01 c5,56804,00 e3 21 e3 21 c0 00 c0 21 c0 21 c0 21 c0 00 c0,True,,open copier,60,open copier,60
31012,57799,43,17278,10232,True,True,True,56804,00 e3 21 e3 21 c0 00 c0 21 c0 21 c0 21 c0 00 c0,0,0,9339,3386,open copier:5899;confined copier:1;non-copier:3439,60,open copier,01 c5 01 c5 01 c5 01 c5 01 c5 01 c5 01 c5 01 c5,3,10189,0.703125,1.0,0.46875,60,01 c5 01 c5 01 c5 01 c5 01 c5 01 c5 01 c5 01 c5,56804,00 e3 21 e3 21 c0 00 c0 21 c0 21 c0 21 c0 00 c0,True,,open copier,60,open copier,60
31012,57799,44,10568,10421,True,True,True,56804,00 e3 21 e3 21 c0 00 c0 21 c0 21 c0 21 c0 00 c0,0,0,9339,3386,open copier:5899;confined copier:1;non-copier:3439,60,open copier,01 c5 01 c5 01 c5 01 c5 01 c5 01 c5 01 c5 01 c5,3,10189,0.703125,1.0,0.46875,60,01 c5 01 c5 01 c5 01 c5 01 c5 01 c5 01 c5 01 c5,56804,00 e3 21 e3 21 c0 00 c0 21 c0 21 c0 21 c0 00 c0,True,,open copier,60,open copier,60
31012,57799,45,13464,10345,True,True,True,56804,00 e3 21 e3 21 c0 00 c0 21 c0 21 c0 21 c0 00 c0,0,0,9339,3386,open copier:5899;confined copier:1;non-copier:3439,60,open copier,01 c5 01 c5 01 c5 01 c5 01 c5 01 c5 01 c5 01 c5,3,10189,0.703125,1.0,0.46875,60,01 c5 01 c5 01 c5 01 c5 01 c5 01 c5 01 c5 01 c5,56804,00 e3 21 e3 21 c0 00 c0 21 c0 21 c0 21 c0 00 c0,True,,open copier,60,open copier,60
31012,57799,46,7906,10272,True,True,True,56804,00 e3 21 e3 21 c0 00 c0 21 c0 21 c0 21 c0 00 c0,0,0,9339,3386,open copier:5899;confined copier:1;non-copier:3439,60,open copier,01 c5 01 c5 01 c5 01 c5 01 c5 01 c5 01 c5 01 c5,3,10189,0.703125,1.0,0.46875,60,01 c5 01 c5 01 c5 01 c5 01 c5 01 c5 01 c5 01 c5,56804,00 e3 21 e3 21 c0 00 c0 21 c0 21 c0 21 c0 00 c0,True,,open copier,60,open copier,60
31012,57799,47,14111,10384,True,True,True,56804,00 e3 21 e3 21 c0 00 c0 21 c0 21 c0 21 c0 00 c0,0,0,9339,3386,open copier:5899;confined copier:1;non-copier:3439,60,open copier,01 c5 01 c5 01 c5 01 c5 01 c5 01 c5 01 c5 01 c5,3,10189,0.703125,1.0,0.46875,60,01 c5 01 c5 01 c5 01 c5 01 c5 01 c5 01 c5 01 c5,56804,00 e3 21 e3 21 c0 00 c0 21 c0 21 c0 21 c0 00 c0,True,,open copier,60,open copier,60
31012,57799,48,5306,10399,True,True,True,56804,00 e3 21 e3 21 c0 00 c0 21 c0 21 c0 21 c0 00 c0,0,0,9339,3386,open copier:5899;confined copier:1;non-copier:3439,60,open copier,01 c5 01 c5 01 c5 01 c5 01 c5 01 c5 01 c5 01 c5,3,10189,0.703125,1.0,0.46875,60,01 c5 01 c5 01 c5 01 c5 01 c5 01 c5 01 c5 01 c5,56804,00 e3 21 e3 21 c0 00 c0 21 c0 21 c0 21 c0 00 c0,True,,open copier,60,open copier,60
31012,57799,49,4262,10215,True,True,True,56804,00 e3 21 e3 21 c0 00 c0 21 c0 21 c0 21 c0 00 c0,0,0,9339,3386,open copier:5899;confined copier:1;non-copier:3439,60,open copier,01 c5 01 c5 01 c5 01 c5 01 c5 01 c5 01 c5 01 c5,3,10189,0.703125,1.0,0.46875,60,01 c5 01 c5 01 c5 01 c5 01 c5 01 c5 01 c5 01 c5,56804,00 e3 21 e3 21 c0 00 c0 21 c0 21 c0 21 c0 00 c0,True,,open copier,60,open copier,60
31012,57799,50,9978,10310,True,True,False,58120,00 e3 21 e3 21 c0 00 c0 00 e3 21 e3 21 c0 00 c0,0,0,9525,3428,open copier:5901;confined copier:161;non-copier:3463,60,open copier,01 c5 01 c5 01 c5 01 c5 01 c5 01 c5 01 c5 01 c5,3,10189,0.703125,1.0,0.46875,60,01 c5 01 c5 01 c5 01 c5 01 c5 01 c5 01 c5 01 c5,56804,00 e3 21 e3 21 c0 00 c0 21 c0 21 c0 21 c0 00 c0,False,,open copier,60,open copier,60
31012,57799,51,17438,10233,True,True,True,56804,00 e3 21 e3 21 c0 00 c0 21 c0 21 c0 21 c0 00 c0,0,0,9339,3386,open copier:5899;confined copier:1;non-copier:3439,60,open copier,01 c5 01 c5 01 c5 01 c5 01 c5 01 c5 01 c5 01 c5,3,10189,0.703125,1.0,0.46875,60,01 c5 01 c5 01 c5 01 c5 01 c5 01 c5 01 c5 01 c5,56804,00 e3 21 e3 21 c0 00 c0 21 c0 21 c0 21 c0 00 c0,True,,open copier,60,open copier,60
31012,57799,52,14800,10343,True,True,True,56804,00 e3 21 e3 21 c0 00 c0 21 c0 21 c0 21 c0 00 c0,0,0,9339,3386,open copier:5899;confined copier:1;non-copier:3439,60,open copier,01 c5 01 c5 01 c5 01 c5 01 c5 01 c5 01 c5 01 c5,3,10189,0.703125,1.0,0.46875,60,01 c5 01 c5 01 c5 01 c5 01 c5 01 c5 01 c5 01 c5,56804,00 e3 21 e3 21 c0 00 c0 21 c0 21 c0 21 c0 00 c0,True,,open copier,60,open copier,60
31012,57799,53,17332,10193,True,True,True,56804,00 e3 21 e3 21 c0 00 c0 21 c0 21 c0 21 c0 00 c0,0,0,9339,3386,open copier:5899;confined copier:1;non-copier:3439,60,open copier,01 c5 01 c5 01 c5 01 c5 01 c5 01 c5 01 c5 01 c5,3,10189,0.703125,1.0,0.46875,60,01 c5 01 c5 01 c5 01 c5 01 c5 01 c5 01 c5 01 c5,56804,00 e3 21 e3 21 c0 00 c0 21 c0 21 c0 21 c0 00 c0,True,,open copier,60,open copier,60
31012,57799,54,10363,10241,True,True,True,56804,00 e3 21 e3 21 c0 00 c0 21 c0 21 c0 21 c0 00 c0,0,0,9339,3386,open copier:5899;confined copier:1;non-copier:3439,60,open copier,01 c5 01 c5 01 c5 01 c5 01 c5 01 c5 01 c5 01 c5,3,10189,0.703125,1.0,0.46875,60,01 c5 01 c5 01 c5 01 c5 01 c5 01 c5 01 c5 01 c5,56804,00 e3 21 e3 21 c0 00 c0 21 c0 21 c0 21 c0 00 c0,True,,open copier,60,open copier,60
31012,57799,55,1224,10030,True,True,True,56804,00 e3 21 e3 21 c0 00 c0 21 c0 21 c0 21 c0 00 c0,0,0,9339,3386,open copier:5899;confined copier:1;non-copier:3439,60,open copier,01 c5 01 c5 01 c5 01 c5 01 c5 01 c5 01 c5 01 c5,3,10189,0.703125,1.0,0.46875,60,01 c5 01 c5 01 c5 01 c5 01 c5 01 c5 01 c5 01 c5,56804,00 e3 21 e3 21 c0 00 c0 21 c0 21 c0 21 c0 00 c0,True,,open copier,60,open copier,60
31012,57799,56,563,10156,True,True,True,56804,00 e3 21 e3 21 c0 00 c0 21 c0 21 c0 21 c0 00 c0,0,0,9339,3386,open copier:5899;confined copier:1;non-copier:3439,60,open copier,01 c5 01 c5 01 c5 01 c5 01 c5 01 c5 01 c5 01 c5,3,10189,0.703125,1.0,0.46875,60,01 c5 01 c5 01 c5 01 c5 01 c5 01 c5 01 c5 01 c5,56804,00 e3 21 e3 21 c0 00 c0 21 c0 21 c0 21 c0 00 c0,True,,open copier,60,open copier,60
31012,57799,57,9577,10333,True,True,True,56804,00 e3 21 e3 21 c0 00 c0 21 c0 21 c0 21 c0 00 c0,0,0,9339,3386,open copier:5899;confined copier:1;non-copier:3439,60,open copier,01 c5 01 c5 01 c5 01 c5 01 c5 01 c5 01 c5 01 c5,3,10189,0.703125,1.0,0.46875,60,01 c5 01 c5 01 c5 01 c5 01 c5 01 c5 01 c5 01 c5,56804,00 e3 21 e3 21 c0 00 c0 21 c0 21 c0 21 c0 00 c0,True,,open copier,60,open copier,60
31012,57799,58,18708,10180,True,True,True,56804,00 e3 21 e3 21 c0 00 c0 21 c0 21 c0 21 c0 00 c0,0,0,9339,3386,open copier:5899;confined copier:1;non-copier:3439,60,open copier,01 c5 01 c5 01 c5 01 c5 01 c5 01 c5 01 c5 01 c5,3,10189,0.703125,1.0,0.46875,60,01 c5 01 c5 01 c5 01 c5 01 c5 01 c5 01 c5 01 c5,56804,00 e3 21 e3 21 c0 00 c0 21 c0 21 c0 21 c0 00 c0,True,,open copier,60,open copier,60
31012,57799,59,11443,10277,True,True,True,56804,00 e3 21 e3 21 c0 00 c0 21 c0 21 c0 21 c0 00 c0,0,0,9339,3386,open copier:5899;confined copier:1;non-copier:3439,60,open copier,01 c5 01 c5 01 c5 01 c5 01 c5 01 c5 01 c5 01 c5,3,10189,0.703125,1.0,0.46875,60,01 c5 01 c5 01 c5 01 c5 01 c5 01 c5 01 c5 01 c5,56804,00 e3 21 e3 21 c0 00 c0 21 c0 21 c0 21 c0 00 c0,True,,open copier,60,open copier,60
31012,57799,60,7821,10325,True,True,True,56804,00 e3 21 e3 21 c0 00 c0 21 c0 21 c0 21 c0 00 c0,0,0,9339,3386,open copier:5899;confined copier:1;non-copier:3439,60,open copier,01 c5 01 c5 01 c5 01 c5 01 c5 01 c5 01 c5 01 c5,3,10189,0.703125,1.0,0.46875,60,01 c5 01 c5 01 c5 01 c5 01 c5 01 c5 01 c5 01 c5,56804,00 e3 21 e3 21 c0 00 c0 21 c0 21 c0 21 c0 00 c0,True,,open copier,60,open copier,60
31012,57799,61,4096,10236,True,True,True,56804,00 e3 21 e3 21 c0 00 c0 21 c0 21 c0 21 c0 00 c0,0,0,9339,3386,open copier:5899;confined copier:1;non-copier:3439,60,open copier,01 c5 01 c5 01 c5 01 c5 01 c5 01 c5 01 c5 01 c5,3,10189,0.703125,1.0,0.46875,60,01 c5 01 c5 01 c5 01 c5 01 c5 01 c5 01 c5 01 c5,56804,00 e3 21 e3 21 c0 00 c0 21 c0 21 c0 21 c0 00 c0,True,,open copier,60,open copier,60
31012,57799,62,18081,10184,True,True,True,56804,00 e3 21 e3 21 c0 00 c0 21 c0 21 c0 21 c0 00 c0,0,0,9339,3386,open copier:5899;confined copier:1;non-copier:3439,60,open copier,01 c5 01 c5 01 c5 01 c5 01 c5 01 c5 01 c5 01 c5,3,10189,0.703125,1.0,0.46875,60,01 c5 01 c5 01 c5 01 c5 01 c5 01 c5 01 c5 01 c5,56804,00 e3 21 e3 21 c0 00 c0 21 c0 21 c0 21 c0 00 c0,True,,open copier,60,open copier,60
31012,57799,63,15250,10206,True,True,True,56804,00 e3 21 e3 21 c0 00 c0 21 c0 21 c0 21 c0 00 c0,0,0,9339,3386,open copier:5899;confined copier:1;non-copier:3439,60,open copier,01 c5 01 c5 01 c5 01 c5 01 c5 01 c5 01 c5 01 c5,3,10189,0.703125,1.0,0.46875,60,01 c5 01 c5 01 c5 01 c5 01 c5 01 c5 01 c5 01 c5,56804,00 e3 21 e3 21 c0 00 c0 21 c0 21 c0 21 c0 00 c0,True,,open copier,60,open copier,60
31013,43980,0,6843,7792,True,True,True,42059,00 c5 01 c0 01 c5 01 c0 01 c0 01 c0 01 c0 01 c0,0,0,6820,2412,open copier:4538;confined copier:1;non-copier:2281,261,open copier,00 d5 11 d5 00 d5 11 d5 11 d5 11 d5 11 d5 00 d5,3,7776,0.734375,1.0,0.0,261,00 d5 11 d5 00 d5 11 d5 11 d5 11 d5 11 d5 00 d5,42059,00 c5 01 c0 01 c5 01 c0 01 c0 01 c0 01 c0 01 c0,True,,open copier,261,open copier,268
31013,43980,1,2119,7855,True,True,False,42870,4d e3 21 e3 21 e0 4d e0 4d e3 21 e3 21 e0 4d e0,0,0,6884,2458,open copier:4549;confined copier:2;non-copier:2333,261,open copier,00 d5 11 d5 00 d5 11 d5 11 d5 11 d5 11 d5 00 d5,3,7776,0.734375,1.0,0.0,261,00 d5 11 d5 00 d5 11 d5 11 d5 11 d5 11 d5 00 d5,42059,00 c5 01 c0 01 c5 01 c0 01 c0 01 c0 01 c0 01 c0,False,,open copier,261,open copier,268
31013,43980,2,5361,7886,True,True,True,42059,00 c5 01 c0 01 c5 01 c0 01 c0 01 c0 01 c0 01 c0,0,0,6820,2412,open copier:4538;confined copier:1;non-copier:2281,261,open copier,00 d5 11 d5 00 d5 11 d5 11 d5 11 d5 11 d5 00 d5,3,7776,0.734375,1.0,0.0,261,00 d5 11 d5 00 d5 11 d5 11 d5 11 d5 11 d5 00 d5,42059,00 c5 01 c0 01 c5 01 c0 01 c0 01 c0 01 c0 01 c0,True,,open copier,261,open copier,268
31013,43980,3,18084,7922,True,True,True,42059,00 c5 01 c0 01 c5 01 c0 01 c0 01 c0 01 c0 01 c0,0,0,6820,2412,open copier:4538;confined copier:1;non-copier:2281,261,open copier,00 d5 11 d5 00 d5 11 d5 11 d5 11 d5 11 d5 00 d5,3,7776,0.734375,1.0,0.0,261,00 d5 11 d5 00 d5 11 d5 11 d5 11 d5 11 d5 00 d5,42059,00 c5 01 c0 01 c5 01 c0 01 c0 01 c0 01 c0 01 c0,True,,open copier,261,open copier,268
31013,43980,4,6176,7852,True,True,True,42059,00 c5 01 c0 01 c5 01 c0 01 c0 01 c0 01 c0 01 c0,0,0,6820,2412,open copier:4538;confined copier:1;non-copier:2281,261,open copier,00 d5 11 d5 00 d5 11 d5 11 d5 11 d5 11 d5 00 d5,3,7776,0.734375,1.0,0.0,261,00 d5 11 d5 00 d5 11 d5 11 d5 11 d5 11 d5 00 d5,42059,00 c5 01 c0 01 c5 01 c0 01 c0 01 c0 01 c0 01 c0,True,,open copier,261,open copier,268
31013,43980,5,8236,7858,True,True,True,42059,00 c5 01 c0 01 c5 01 c0 01 c0 01 c0 01 c0 01 c0,0,0,6820,2412,open copier:4538;confined copier:1;non-copier:2281,261,open copier,00 d5 11 d5 00 d5 11 d5 11 d5 11 d5 11 d5 00 d5,3,7776,0.734375,1.0,0.0,261,00 d5 11 d5 00 d5 11 d5 11 d5 11 d5 11 d5 00 d5,42059,00 c5 01 c0 01 c5 01 c0 01 c0 01 c0 01 c0 01 c0,True,,open copier,261,open copier,268
31013,43980,6,8884,7832,True,True,True,42059,00 c5 01 c0 01 c5 01 c0 01 c0 01 c0 01 c0 01 c0,0,0,6820,2412,open copier:4538;confined copier:1;non-copier:2281,261,open copier,00 d5 11 d5 00 d5 11 d5 11 d5 11 d5 11 d5 00 d5,3,7776,0.734375,1.0,0.0,261,00 d5 11 d5 00 d5 11 d5 11 d5 11 d5 11 d5 00 d5,42059,00 c5 01 c0 01 c5 01 c0 01 c0 01 c0 01 c0 01 c0,True,,open copier,261,open copier,268
31013,43980,7,7682,7932,True,True,True,42059,00 c5 01 c0 01 c5 01 c0 01 c0 01 c0 01 c0 01 c0,0,0,6820,2412,open copier:4538;confined copier:1;non-copier:2281,261,open copier,00 d5 11 d5 00 d5 11 d5 11 d5 11 d5 11 d5 00 d5,3,7776,0.734375,1.0,0.0,261,00 d5 11 d5 00 d5 11 d5 11 d5 11 d5 11 d5 00 d5,42059,00 c5 01 c0 01 c5 01 c0 01 c0 01 c0 01 c0 01 c0,True,,open copier,261,open copier,268
31013,43980,8,19694,7961,True,True,True,42059,00 c5 01 c0 01 c5 01 c0 01 c0 01 c0 01 c0 01 c0,0,0,6820,2412,open copier:4538;confined copier:1;non-copier:2281,261,open copier,00 d5 11 d5 00 d5 11 d5 11 d5 11 d5 11 d5 00 d5,3,7776,0.734375,1.0,0.0,261,00 d5 11 d5 00 d5 11 d5 11 d5 11 d5 11 d5 00 d5,42059,00 c5 01 c0 01 c5 01 c0 01 c0 01 c0 01 c0 01 c0,True,,open copier,261,open copier,268
31013,43980,9,1606,7944,True,True,True,42059,00 c5 01 c0 01 c5 01 c0 01 c0 01 c0 01 c0 01 c0,0,0,6820,2412,open copier:4538;confined copier:1;non-copier:2281,261,open copier,00 d5 11 d5 00 d5 11 d5 11 d5 11 d5 11 d5 00 d5,3,7776,0.734375,1.0,0.0,261,00 d5 11 d5 00 d5 11 d5 11 d5 11 d5 11 d5 00 d5,42059,00 c5 01 c0 01 c5 01 c0 01 c0 01 c0 01 c0 01 c0,True,,open copier,261,open copier,268
31013,43980,10,5695,7747,True,True,True,42059,00 c5 01 c0 01 c5 01 c0 01 c0 01 c0 01 c0 01 c0,0,0,6820,2412,open copier:4538;confined copier:1;non-copier:2281,261,open copier,00 d5 11 d5 00 d5 11 d5 11 d5 11 d5 11 d5 00 d5,3,7776,0.734375,1.0,0.0,261,00 d5 11 d5 00 d5 11 d5 11 d5 11 d5 11 d5 00 d5,42059,00 c5 01 c0 01 c5 01 c0 01 c0 01 c0 01 c0 01 c0,True,,open copier,261,open copier,268
31013,43980,11,2388,7833,True,True,True,42059,00 c5 01 c0 01 c5 01 c0 01 c0 01 c0 01 c0 01 c0,0,0,6820,2412,open copier:4538;confined copier:1;non-copier:2281,261,open copier,00 d5 11 d5 00 d5 11 d5 11 d5 11 d5 11 d5 00 d5,3,7776,0.734375,1.0,0.0,261,00 d5 11 d5 00 d5 11 d5 11 d5 11 d5 11 d5 00 d5,42059,00 c5 01 c0 01 c5 01 c0 01 c0 01 c0 01 c0 01 c0,True,,open copier,261,open copier,268
31013,43980,12,5668,7841,True,True,True,42059,00 c5 01 c0 01 c5 01 c0 01 c0 01 c0 01 c0 01 c0,0,0,6820,2412,open copier:4538;confined copier:1;non-copier:2281,261,open copier,00 d5 11 d5 00 d5 11 d5 11 d5 11 d5 11 d5 00 d5,3,7776,0.734375,1.0,0.0,261,00 d5 11 d5 00 d5 11 d5 11 d5 11 d5 11 d5 00 d5,42059,00 c5 01 c0 01 c5 01 c0 01 c0 01 c0 01 c0 01 c0,True,,open copier,261,open copier,268
31013,43980,13,13491,7889,True,True,True,42059,00 c5 01 c0 01 c5 01 c0 01 c0 01 c0 01 c0 01 c0,0,0,6820,2412,open copier:4538;confined copier:1;non-copier:2281,261,open copier,00 d5 11 d5 00 d5 11 d5 11 d5 11 d5 11 d5 00 d5,3,7776,0.734375,1.0,0.0,261,00 d5 11 d5 00 d5 11 d5 11 d5 11 d5 11 d5 00 d5,42059,00 c5 01 c0 01 c5 01 c0 01 c0 01 c0 01 c0 01 c0,True,,open copier,261,open copier,268
31013,43980,14,3042,7864,True,True,False,42870,4d e3 21 e3 21 e0 4d e0 4d e3 21 e3 21 e0 4d e0,0,0,6884,2458,open copier:4549;confined copier:2;non-copier:2333,261,open copier,00 d5 11 d5 00 d5 11 d5 11 d5 11 d5 11 d5 00 d5,3,7776,0.734375,1.0,0.0,261,00 d5 11 d5 00 d5 11 d5 11 d5 11 d5 11 d5 00 d5,42059,00 c5 01 c0 01 c5 01 c0 01 c0 01 c0 01 c0 01 c0,False,,open copier,261,open copier,268
31013,43980,15,13424,7744,True,True,False,42870,4d e3 21 e3 21 e0 4d e0 4d e3 21 e3 21 e0 4d e0,0,0,6884,2458,open copier:4549;confined copier:2;non-copier:2333,261,open copier,00 d5 11 d5 00 d5 11 d5 11 d5 11 d5 11 d5 00 d5,3,7776,0.734375,1.0,0.0,261,00 d5 11 d5 00 d5 11 d5 11 d5 11 d5 11 d5 00 d5,42059,00 c5 01 c0 01 c5 01 c0 01 c0 01 c0 01 c0 01 c0,False,,open copier,261,open copier,268
31013,43980,16,10952,7842,True,True,True,42059,00 c5 01 c0 01 c5 01 c0 01 c0 01 c0 01 c0 01 c0,0,0,6820,2412,open copier:4538;confined copier:1;non-copier:2281,261,open copier,00 d5 11 d5 00 d5 11 d5 11 d5 11 d5 11 d5 00 d5,3,7776,0.734375,1.0,0.0,261,00 d5 11 d5 00 d5 11 d5 11 d5 11 d5 11 d5 00 d5,42059,00 c5 01 c0 01 c5 01 c0 01 c0 01 c0 01 c0 01 c0,True,,open copier,261,open copier,268
31013,43980,17,5702,7832,True,True,True,42059,00 c5 01 c0 01 c5 01 c0 01 c0 01 c0 01 c0 01 c0,0,0,6820,2412,open copier:4538;confined copier:1;non-copier:2281,261,open copier,00 d5 11 d5 00 d5 11 d5 11 d5 11 d5 11 d5 00 d5,3,7776,0.734375,1.0,0.0,261,00 d5 11 d5 00 d5 11 d5 11 d5 11 d5 11 d5 00 d5,42059,00 c5 01 c0 01 c5 01 c0 01 c0 01 c0 01 c0 01 c0,True,,open copier,261,open copier,268
31013,43980,18,2234,7740,True,True,False,42870,4d e3 21 e3 21 e0 4d e0 4d e3 21 e3 21 e0 4d e0,0,0,6884,2458,open copier:4549;confined copier:2;non-copier:2333,261,open copier,00 d5 11 d5 00 d5 11 d5 11 d5 11 d5 11 d5 00 d5,3,7776,0.734375,1.0,0.0,261,00 d5 11 d5 00 d5 11 d5 11 d5 11 d5 11 d5 00 d5,42059,00 c5 01 c0 01 c5 01 c0 01 c0 01 c0 01 c0 01 c0,False,,open copier,261,open copier,268
31013,43980,19,15679,7733,True,True,False,42870,4d e3 21 e3 21 e0 4d e0 4d e3 21 e3 21 e0 4d e0,0,0,6884,2458,open copier:4549;confined copier:2;non-copier:2333,261,open copier,00 d5 11 d5 00 d5 11 d5 11 d5 11 d5 11 d5 00 d5,3,7776,0.734375,1.0,0.0,261,00 d5 11 d5 00 d5 11 d5 11 d5 11 d5 11 d5 00 d5,42059,00 c5 01 c0 01 c5 01 c0 01 c0 01 c0 01 c0 01 c0,False,,open copier,261,open copier,268
31013,43980,20,12990,7918,True,True,True,42059,00 c5 01 c0 01 c5 01 c0 01 c0 01 c0 01 c0 01 c0,0,0,6820,2412,open copier:4538;confined copier:1;non-copier:2281,261,open copier,00 d5 11 d5 00 d5 11 d5 11 d5 11 d5 11 d5 00 d5,3,7776,0.734375,1.0,0.0,261,00 d5 11 d5 00 d5 11 d5 11 d5 11 d5 11 d5 00 d5,42059,00 c5 01 c0 01 c5 01 c0 01 c0 01 c0 01 c0 01 c0,True,,open copier,261,open copier,268
31013,43980,21,7354,7738,True,True,False,42870,4d e3 21 e3 21 e0 4d e0 4d e3 21 e3 21 e0 4d e0,0,0,6884,2458,open copier:4549;confined copier:2;non-copier:2333,261,open copier,00 d5 11 d5 00 d5 11 d5 11 d5 11 d5 11 d5 00 d5,3,7776,0.734375,1.0,0.0,261,00 d5 11 d5 00 d5 11 d5 11 d5 11 d5 11 d5 00 d5,42059,00 c5 01 c0 01 c5 01 c0 01 c0 01 c0 01 c0 01 c0,False,,open copier,261,open copier,268
31013,43980,22,6026,7834,True,True,True,42059,00 c5 01 c0 01 c5 01 c0 01 c0 01 c0 01 c0 01 c0,0,0,6820,2412,open copier:4538;confined copier:1;non-copier:2281,261,open copier,00 d5 11 d5 00 d5 11 d5 11 d5 11 d5 11 d5 00 d5,3,7776,0.734375,1.0,0.0,261,00 d5 11 d5 00 d5 11 d5 11 d5 11 d5 11 d5 00 d5,42059,00 c5 01 c0 01 c5 01 c0 01 c0 01 c0 01 c0 01 c0,True,,open copier,261,open copier,268
31013,43980,23,12084,7835,True,True,True,42059,00 c5 01 c0 01 c5 01 c0 01 c0 01 c0 01 c0 01 c0,0,0,6820,2412,open copier:4538;confined copier:1;non-copier:2281,261,open copier,00 d5 11 d5 00 d5 11 d5 11 d5 11 d5 11 d5 00 d5,3,7776,0.734375,1.0,0.0,261,00 d5 11 d5 00 d5 11 d5 11 d5 11 d5 11 d5 00 d5,42059,00 c5 01 c0 01 c5 01 c0 01 c0 01 c0 01 c0 01 c0,True,,open copier,261,open copier,268
31013,43980,24,3991,7742,True,True,False,42870,4d e3 21 e3 21 e0 4d e0 4d e3 21 e3 21 e0 4d e0,0,0,6884,2458,open copier:4549;confined copier:2;non-copier:2333,261,open copier,00 d5 11 d5 00 d5 11 d5 11 d5 11 d5 11 d5 00 d5,3,7776,0.734375,1.0,0.0,261,00 d5 11 d5 00 d5 11 d5 11 d5 11 d5 11 d5 00 d5,42059,00 c5 01 c0 01 c5 01 c0 01 c0 01 c0 01 c0 01 c0,False,,open copier,261,open copier,268
31013,43980,25,13912,7754,True,True,False,42870,4d e3 21 e3 21 e0 4d e0 4d e3 21 e3 21 e0 4d e0,0,0,6884,2458,open copier:4549;confined copier:2;non-copier:2333,261,open copier,00 d5 11 d5 00 d5 11 d5 11 d5 11 d5 11 d5 00 d5,3,7776,0.734375,1.0,0.0,261,00 d5 11 d5 00 d5 11 d5 11 d5 11 d5 11 d5 00 d5,42059,00 c5 01 c0 01 c5 01 c0 01 c0 01 c0 01 c0 01 c0,False,,open copier,261,open copier,268
31013,43980,26,8308,7713,True,True,False,42870,4d e3 21 e3 21 e0 4d e0 4d e3 21 e3 21 e0 4d e0,0,0,6884,2458,open copier:4549;confined copier:2;non-copier:2333,261,open copier,00 d5 11 d5 00 d5 11 d5 11 d5 11 d5 11 d5 00 d5,3,7776,0.734375,1.0,0.0,261,00 d5 11 d5 00 d5 11 d5 11 d5 11 d5 11 d5 00 d5,42059,00 c5 01 c0 01 c5 01 c0 01 c0 01 c0 01 c0 01 c0,False,,open copier,261,open copier,268
31013,43980,27,14479,7847,True,True,True,42059,00 c5 01 c0 01 c5 01 c0 01 c0 01 c0 01 c0 01 c0,0,0,6820,2412,open copier:4538;confined copier:1;non-copier:2281,261,open copier,00 d5 11 d5 00 d5 11 d5 11 d5 11 d5 11 d5 00 d5,3,7776,0.734375,1.0,0.0,261,00 d5 11 d5 00 d5 11 d5 11 d5 11 d5 11 d5 00 d5,42059,00 c5 01 c0 01 c5 01 c0 01 c0 01 c0 01 c0 01 c0,True,,open copier,261,open copier,268
31013,43980,28,19955,7837,True,True,False,42870,4d e3 21 e3 21 e0 4d e0 4d e3 21 e3 21 e0 4d e0,0,0,6884,2458,open copier:4549;confined copier:2;non-copier:2333,261,open copier,00 d5 11 d5 00 d5 11 d5 11 d5 11 d5 11 d5 00 d5,3,7776,0.734375,1.0,0.0,261,00 d5 11 d5 00 d5 11 d5 11 d5 11 d5 11 d5 00 d5,42059,00 c5 01 c0 01 c5 01 c0 01 c0 01 c0 01 c0 01 c0,False,,open copier,261,open copier,268
31013,43980,29,19453,7751,True,True,False,42928,4d e3 21 e3 21 e0 4d e0 4d e3 21 e3 21 e0 4d e0,0,0,6896,2462,open copier:4550;confined copier:10;non-copier:2336,261,open copier,00 d5 11 d5 00 d5 11 d5 11 d5 11 d5 11 d5 00 d5,3,7776,0.734375,1.0,0.0,261,00 d5 11 d5 00 d5 11 d5 11 d5 11 d5 11 d5 00 d5,42059,00 c5 01 c0 01 c5 01 c0 01 c0 01 c0 01 c0 01 c0,False,,open copier,261,open copier,268
31013,43980,30,3091,7830,True,True,True,42059,00 c5 01 c0 01 c5 01 c0 01 c0 01 c0 01 c0 01 c0,0,0,6820,2412,open copier:4538;confined copier:1;non-copier:2281,261,open copier,00 d5 11 d5 00 d5 11 d5 11 d5 11 d5 11 d5 00 d5,3,7776,0.734375,1.0,0.0,261,00 d5 11 d5 00 d5 11 d5 11 d5 11 d5 11 d5 00 d5,42059,00 c5 01 c0 01 c5 01 c0 01 c0 01 c0 01 c0 01 c0,True,,open copier,261,open copier,268
31013,43980,31,18009,7906,True,True,True,42059,00 c5 01 c0 01 c5 01 c0 01 c0 01 c0 01 c0 01 c0,0,0,6820,2412,open copier:4538;confined copier:1;non-copier:2281,261,open copier,00 d5 11 d5 00 d5 11 d5 11 d5 11 d5 11 d5 00 d5,3,7776,0.734375,1.0,0.0,261,00 d5 11 d5 00 d5 11 d5 11 d5 11 d5 11 d5 00 d5,42059,00 c5 01 c0 01 c5 01 c0 01 c0 01 c0 01 c0 01 c0,True,,open copier,261,open copier,268
31013,43980,32,8433,7766,True,True,False,42870,4d e3 21 e3 21 e0 4d e0 4d e3 21 e3 21 e0 4d e0,0,0,6884,2458,open copier:4549;confined copier:2;non-copier:2333,261,open copier,00 d5 11 d5 00 d5 11 d5 11 d5 11 d5 11 d5 00 d5,3,7776,0.734375,1.0,0.0,261,00 d5 11 d5 00 d5 11 d5 11 d5 11 d5 11 d5 00 d5,42059,00 c5 01 c0 01 c5 01 c0 01 c0 01 c0 01 c0 01 c0,False,,open copier,261,open copier,268
31013,43980,33,10922,7912,True,True,True,42059,00 c5 01 c0 01 c5 01 c0 01 c0 01 c0 01 c0 01 c0,0,0,6820,2412,open copier:4538;confined copier:1;non-copier:2281,261,open copier,00 d5 11 d5 00 d5 11 d5 11 d5 11 d5 11 d5 00 d5,3,7776,0.734375,1.0,0.0,261,00 d5 11 d5 00 d5 11 d5 11 d5 11 d5 11 d5 00 d5,42059,00 c5 01 c0 01 c5 01 c0 01 c0 01 c0 01 c0 01 c0,True,,open copier,261,open copier,268
31013,43980,34,17389,7728,True,True,False,42870,4d e3 21 e3 21 e0 4d e0 4d e3 21 e3 21 e0 4d e0,0,0,6884,2458,open copier:4549;confined copier:2;non-copier:2333,261,open copier,00 d5 11 d5 00 d5 11 d5 11 d5 11 d5 11 d5 00 d5,3,7776,0.734375,1.0,0.0,261,00 d5 11 d5 00 d5 11 d5 11 d5 11 d5 11 d5 00 d5,42059,00 c5 01 c0 01 c5 01 c0 01 c0 01 c0 01 c0 01 c0,False,,open copier,261,open copier,268
31013,43980,35,13535,7790,True,True,False,42870,4d e3 21 e3 21 e0 4d e0 4d e3 21 e3 21 e0 4d e0,0,0,6884,2458,open copier:4549;confined copier:2;non-copier:2333,261,open copier,00 d5 11 d5 00 d5 11 d5 11 d5 11 d5 11 d5 00 d5,3,7776,0.734375,1.0,0.0,261,00 d5 11 d5 00 d5 11 d5 11 d5 11 d5 11 d5 00 d5,42059,00 c5 01 c0 01 c5 01 c0 01 c0 01 c0 01 c0 01 c0,False,,open copier,261,open copier,268
31013,43980,36,18061,7831,True,True,False,42870,4d e3 21 e3 21 e0 4d e0 4d e3 21 e3 21 e0 4d e0,0,0,6884,2458,open copier:4549;confined copier:2;non-copier:2333,261,open copier,00 d5 11 d5 00 d5 11 d5 11 d5 11 d5 11 d5 00 d5,3,7776,0.734375,1.0,0.0,261,00 d5 11 d5 00 d5 11 d5 11 d5 11 d5 11 d5 00 d5,42059,00 c5 01 c0 01 c5 01 c0 01 c0 01 c0 01 c0 01 c0,False,,open copier,261,open copier,268
31013,43980,37,14173,7825,True,True,True,42059,00 c5 01 c0 01 c5 01 c0 01 c0 01 c0 01 c0 01 c0,0,0,6820,2412,open copier:4538;confined copier:1;non-copier:2281,261,open copier,00 d5 11 d5 00 d5 11 d5 11 d5 11 d5 11 d5 00 d5,3,7776,0.734375,1.0,0.0,261,00 d5 11 d5 00 d5 11 d5 11 d5 11 d5 11 d5 00 d5,42059,00 c5 01 c0 01 c5 01 c0 01 c0 01 c0 01 c0 01 c0,True,,open copier,261,open copier,268
31013,43980,38,2853,7871,True,True,True,42059,00 c5 01 c0 01 c5 01 c0 01 c0 01 c0 01 c0 01 c0,0,0,6820,2412,open copier:4538;confined copier:1;non-copier:2281,261,open copier,00 d5 11 d5 00 d5 11 d5 11 d5 11 d5 11 d5 00 d5,3,7776,0.734375,1.0,0.0,261,00 d5 11 d5 00 d5 11 d5 11 d5 11 d5 11 d5 00 d5,42059,00 c5 01 c0 01 c5 01 c0 01 c0 01 c0 01 c0 01 c0,True,,open copier,261,open copier,268
31013,43980,39,2437,7840,True,True,True,42059,00 c5 01 c0 01 c5 01 c0 01 c0 01 c0 01 c0 01 c0,0,0,6820,2412,open copier:4538;confined copier:1;non-copier:2281,261,open copier,00 d5 11 d5 00 d5 11 d5 11 d5 11 d5 11 d5 00 d5,3,7776,0.734375,1.0,0.0,261,00 d5 11 d5 00 d5 11 d5 11 d5 11 d5 11 d5 00 d5,42059,00 c5 01 c0 01 c5 01 c0 01 c0 01 c0 01 c0 01 c0,True,,open copier,261,open copier,268
31013,43980,40,11223,7929,True,True,True,42059,00 c5 01 c0 01 c5 01 c0 01 c0 01 c0 01 c0 01 c0,0,0,6820,2412,open copier:4538;confined copier:1;non-copier:2281,261,open copier,00 d5 11 d5 00 d5 11 d5 11 d5 11 d5 11 d5 00 d5,3,7776,0.734375,1.0,0.0,261,00 d5 11 d5 00 d5 11 d5 11 d5 11 d5 11 d5 00 d5,42059,00 c5 01 c0 01 c5 01 c0 01 c0 01 c0 01 c0 01 c0,True,,open copier,261,open copier,268
31013,43980,41,7419,7815,True,True,True,42059,00 c5 01 c0 01 c5 01 c0 01 c0 01 c0 01 c0 01 c0,0,0,6820,2412,open copier:4538;confined copier:1;non-copier:2281,261,open copier,00 d5 11 d5 00 d5 11 d5 11 d5 11 d5 11 d5 00 d5,3,7776,0.734375,1.0,0.0,261,00 d5 11 d5 00 d5 11 d5 11 d5 11 d5 11 d5 00 d5,42059,00 c5 01 c0 01 c5 01 c0 01 c0 01 c0 01 c0 01 c0,True,,open copier,261,open copier,268
31013,43980,42,15703,7964,True,True,False,42870,4d e3 21 e3 21 e0 4d e0 4d e3 21 e3 21 e0 4d e0,0,0,6884,2458,open copier:4549;confined copier:2;non-copier:2333,261,open copier,00 d5 11 d5 00 d5 11 d5 11 d5 11 d5 11 d5 00 d5,3,7776,0.734375,1.0,0.0,261,00 d5 11 d5 00 d5 11 d5 11 d5 11 d5 11 d5 00 d5,42059,00 c5 01 c0 01 c5 01 c0 01 c0 01 c0 01 c0 01 c0,False,,open copier,261,open copier,268
31013,43980,43,15275,7800,True,True,False,42870,4d e3 21 e3 21 e0 4d e0 4d e3 21 e3 21 e0 4d e0,0,0,6884,2458,open copier:4549;confined copier:2;non-copier:2333,261,open copier,00 d5 11 d5 00 d5 11 d5 11 d5 11 d5 11 d5 00 d5,3,7776,0.734375,1.0,0.0,261,00 d5 11 d5 00 d5 11 d5 11 d5 11 d5 11 d5 00 d5,42059,00 c5 01 c0 01 c5 01 c0 01 c0 01 c0 01 c0 01 c0,False,,open copier,261,open copier,268
31013,43980,44,1101,7820,True,True,True,42059,00 c5 01 c0 01 c5 01 c0 01 c0 01 c0 01 c0 01 c0,0,0,6820,2412,open copier:4538;confined copier:1;non-copier:2281,261,open copier,00 d5 11 d5 00 d5 11 d5 11 d5 11 d5 11 d5 00 d5,3,7776,0.734375,1.0,0.0,261,00 d5 11 d5 00 d5 11 d5 11 d5 11 d5 11 d5 00 d5,42059,00 c5 01 c0 01 c5 01 c0 01 c0 01 c0 01 c0 01 c0,True,,open copier,261,open copier,268
31013,43980,45,7028,7713,True,True,False,42870,4d e3 21 e3 21 e0 4d e0 4d e3 21 e3 21 e0 4d e0,0,0,6884,2458,open copier:4549;confined copier:2;non-copier:2333,261,open copier,00 d5 11 d5 00 d5 11 d5 11 d5 11 d5 11 d5 00 d5,3,7776,0.734375,1.0,0.0,261,00 d5 11 d5 00 d5 11 d5 11 d5 11 d5 11 d5 00 d5,42059,00 c5 01 c0 01 c5 01 c0 01 c0 01 c0 01 c0 01 c0,False,,open copier,261,open copier,268
31013,43980,46,752,7778,True,True,True,42059,00 c5 01 c0 01 c5 01 c0 01 c0 01 c0 01 c0 01 c0,0,0,6820,2412,open copier:4538;confined copier:1;non-copier:2281,261,open copier,00 d5 11 d5 00 d5 11 d5 11 d5 11 d5 11 d5 00 d5,3,7776,0.734375,1.0,0.0,261,00 d5 11 d5 00 d5 11 d5 11 d5 11 d5 11 d5 00 d5,42059,00 c5 01 c0 01 c5 01 c0 01 c0 01 c0 01 c0 01 c0,True,,open copier,261,open copier,268
31013,43980,47,18660,7825,True,True,False,42870,4d e3 21 e3 21 e0 4d e0 4d e3 21 e3 21 e0 4d e0,0,0,6884,2458,open copier:4549;confined copier:2;non-copier:2333,261,open copier,00 d5 11 d5 00 d5 11 d5 11 d5 11 d5 11 d5 00 d5,3,7776,0.734375,1.0,0.0,261,00 d5 11 d5 00 d5 11 d5 11 d5 11 d5 11 d5 00 d5,42059,00 c5 01 c0 01 c5 01 c0 01 c0 01 c0 01 c0 01 c0,False,,open copier,261,open copier,268
31013,43980,48,1753,7797,True,True,False,42870,4d e3 21 e3 21 e0 4d e0 4d e3 21 e3 21 e0 4d e0,0,0,6884,2458,open copier:4549;confined copier:2;non-copier:2333,261,open copier,00 d5 11 d5 00 d5 11 d5 11 d5 11 d5 11 d5 00 d5,3,7776,0.734375,1.0,0.0,261,00 d5 11 d5 00 d5 11 d5 11 d5 11 d5 11 d5 00 d5,42059,00 c5 01 c0 01 c5 01 c0 01 c0 01 c0 01 c0 01 c0,False,,open copier,261,open copier,268
31013,43980,49,7991,7655,True,True,False,42870,4d e3 21 e3 21 e0 4d e0 4d e3 21 e3 21 e0 4d e0,0,0,6884,2458,open copier:4549;confined copier:2;non-copier:2333,261,open copier,00 d5 11 d5 00 d5 11 d5 11 d5 11 d5 11 d5 00 d5,3,7776,0.734375,1.0,0.0,261,00 d5 11 d5 00 d5 11 d5 11 d5 11 d5 11 d5 00 d5,42059,00 c5 01 c0 01 c5 01 c0 01 c0 01 c0 01 c0 01 c0,False,,open copier,261,open copier,268
31013,43980,50,17747,7809,True,True,False,42870,4d e3 21 e3 21 e0 4d e0 4d e3 21 e3 21 e0 4d e0,0,0,6884,2458,open copier:4549;confined copier:2;non-copier:2333,261,open copier,00 d5 11 d5 00 d5 11 d5 11 d5 11 d5 11 d5 00 d5,3,7776,0.734375,1.0,0.0,261,00 d5 11 d5 00 d5 11 d5 11 d5 11 d5 11 d5 00 d5,42059,00 c5 01 c0 01 c5 01 c0 01 c0 01 c0 01 c0 01 c0,False,,open copier,261,open copier,268
31013,43980,51,19816,7745,True,True,False,42870,4d e3 21 e3 21 e0 4d e0 4d e3 21 e3 21 e0 4d e0,0,0,6884,2458,open copier:4549;confined copier:2;non-copier:2333,261,open copier,00 d5 11 d5 00 d5 11 d5 11 d5 11 d5 11 d5 00 d5,3,7776,0.734375,1.0,0.0,261,00 d5 11 d5 00 d5 11 d5 11 d5 11 d5 11 d5 00 d5,42059,00 c5 01 c0 01 c5 01 c0 01 c0 01 c0 01 c0 01 c0,False,,open copier,261,open copier,268
31013,43980,52,6727,7989,True,True,True,42059,00 c5 01 c0 01 c5 01 c0 01 c0 01 c0 01 c0 01 c0,0,0,6820,2412,open copier:4538;confined copier:1;non-copier:2281,261,open copier,00 d5 11 d5 00 d5 11 d5 11 d5 11 d5 11 d5 00 d5,3,7776,0.734375,1.0,0.0,261,00 d5 11 d5 00 d5 11 d5 11 d5 11 d5 11 d5 00 d5,42059,00 c5 01 c0 01 c5 01 c0 01 c0 01 c0 01 c0 01 c0,True,,open copier,261,open copier,268
31013,43980,53,13753,7754,True,True,False,42870,4d e3 21 e3 21 e0 4d e0 4d e3 21 e3 21 e0 4d e0,0,0,6884,2458,open copier:4549;confined copier:2;non-copier:2333,261,open copier,00 d5 11 d5 00 d5 11 d5 11 d5 11 d5 11 d5 00 d5,3,7776,0.734375,1.0,0.0,261,00 d5 11 d5 00 d5 11 d5 11 d5 11 d5 11 d5 00 d5,42059,00 c5 01 c0 01 c5 01 c0 01 c0 01 c0 01 c0 01 c0,False,,open copier,261,open copier,268
31013,43980,54,9902,7752,True,True,False,42870,4d e3 21 e3 21 e0 4d e0 4d e3 21 e3 21 e0 4d e0,0,0,6884,2458,open copier:4549;confined copier:2;non-copier:2333,261,open copier,00 d5 11 d5 00 d5 11 d5 11 d5 11 d5 11 d5 00 d5,3,7776,0.734375,1.0,0.0,261,00 d5 11 d5 00 d5 11 d5 11 d5 11 d5 11 d5 00 d5,42059,00 c5 01 c0 01 c5 01 c0 01 c0 01 c0 01 c0 01 c0,False,,open copier,261,open copier,268
31013,43980,55,8160,7842,True,True,True,42059,00 c5 01 c0 01 c5 01 c0 01 c0 01 c0 01 c0 01 c0,0,0,6820,2412,open copier:4538;confined copier:1;non-copier:2281,261,open copier,00 d5 11 d5 00 d5 11 d5 11 d5 11 d5 11 d5 00 d5,3,7776,0.734375,1.0,0.0,261,00 d5 11 d5 00 d5 11 d5 11 d5 11 d5 11 d5 00 d5,42059,00 c5 01 c0 01 c5 01 c0 01 c0 01 c0 01 c0 01 c0,True,,open copier,261,open copier,268
31013,43980,56,12138,7737,True,True,False,42870,4d e3 21 e3 21 e0 4d e0 4d e3 21 e3 21 e0 4d e0,0,0,6884,2458,open copier:4549;confined copier:2;non-copier:2333,261,open copier,00 d5 11 d5 00 d5 11 d5 11 d5 11 d5 11 d5 00 d5,3,7776,0.734375,1.0,0.0,261,00 d5 11 d5 00 d5 11 d5 11 d5 11 d5 11 d5 00 d5,42059,00 c5 01 c0 01 c5 01 c0 01 c0 01 c0 01 c0 01 c0,False,,open copier,261,open copier,268
31013,43980,57,16895,7810,True,True,False,42870,4d e3 21 e3 21 e0 4d e0 4d e3 21 e3 21 e0 4d e0,0,0,6884,2458,open copier:4549;confined copier:2;non-copier:2333,261,open copier,00 d5 11 d5 00 d5 11 d5 11 d5 11 d5 11 d5 00 d5,3,7776,0.734375,1.0,0.0,261,00 d5 11 d5 00 d5 11 d5 11 d5 11 d5 11 d5 00 d5,42059,00 c5 01 c0 01 c5 01 c0 01 c0 01 c0 01 c0 01 c0,False,,open copier,261,open copier,268
31013,43980,58,3094,7827,True,True,True,42059,00 c5 01 c0 01 c5 01 c0 01 c0 01 c0 01 c0 01 c0,0,0,6820,2412,open copier:4538;confined copier:1;non-copier:2281,261,open copier,00 d5 11 d5 00 d5 11 d5 11 d5 11 d5 11 d5 00 d5,3,7776,0.734375,1.0,0.0,261,00 d5 11 d5 00 d5 11 d5 11 d5 11 d5 11 d5 00 d5,42059,00 c5 01 c0 01 c5 01 c0 01 c0 01 c0 01 c0 01 c0,True,,open copier,261,open copier,268
31013,43980,59,18956,7731,True,True,False,42870,4d e3 21 e3 21 e0 4d e0 4d e3 21 e3 21 e0 4d e0,0,0,6884,2458,open copier:4549;confined copier:2;non-copier:2333,261,open copier,00 d5 11 d5 00 d5 11 d5 11 d5 11 d5 11 d5 00 d5,3,7776,0.734375,1.0,0.0,261,00 d5 11 d5 00 d5 11 d5 11 d5 11 d5 11 d5 00 d5,42059,00 c5 01 c0 01 c5 01 c0 01 c0 01 c0 01 c0 01 c0,False,,open copier,261,open copier,268
31013,43980,60,8029,7926,True,True,True,42059,00 c5 01 c0 01 c5 01 c0 01 c0 01 c0 01 c0 01 c0,0,0,6820,2412,open copier:4538;confined copier:1;non-copier:2281,261,open copier,00 d5 11 d5 00 d5 11 d5 11 d5 11 d5 11 d5 00 d5,3,7776,0.734375,1.0,0.0,261,00 d5 11 d5 00 d5 11 d5 11 d5 11 d5 11 d5 00 d5,42059,00 c5 01 c0 01 c5 01 c0 01 c0 01 c0 01 c0 01 c0,True,,open copier,261,open copier,268
31013,43980,61,2149,7821,True,True,True,42059,00 c5 01 c0 01 c5 01 c0 01 c0 01 c0 01 c0 01 c0,0,0,6820,2412,open copier:4538;confined copier:1;non-copier:2281,261,open copier,00 d5 11 d5 00 d5 11 d5 11 d5 11 d5 11 d5 00 d5,3,7776,0.734375,1.0,0.0,261,00 d5 11 d5 00 d5 11 d5 11 d5 11 d5 11 d5 00 d5,42059,00 c5 01 c0 01 c5 01 c0 01 c0 01 c0 01 c0 01 c0,True,,open copier,261,open copier,268
31013,43980,62,7469,7778,True,True,False,42870,4d e3 21 e3 21 e0 4d e0 4d e3 21 e3 21 e0 4d e0,0,0,6884,2458,open copier:4549;confined copier:2;non-copier:2333,261,open copier,00 d5 11 d5 00 d5 11 d5 11 d5 11 d5 11 d5 00 d5,3,7776,0.734375,1.0,0.0,261,00 d5 11 d5 00 d5 11 d5 11 d5 11 d5 11 d5 00 d5,42059,00 c5 01 c0 01 c5 01 c0 01 c0 01 c0 01 c0 01 c0,False,,open copier,261,open copier,268
31013,43980,63,16760,7797,True,True,False,42870,4d e3 21 e3 21 e0 4d e0 4d e3 21 e3 21 e0 4d e0,0,0,6884,2458,open copier:4549;confined copier:2;non-copier:2333,261,open copier,00 d5 11 d5 00 d5 11 d5 11 d5 11 d5 11 d5 00 d5,3,7776,0.734375,1.0,0.0,261,00 d5 11 d5 00 d5 11 d5 11 d5 11 d5 11 d5 00 d5,42059,00 c5 01 c0 01 c5 01 c0 01 c0 01 c0 01 c0 01 c0,False,,open copier,261,open copier,268
31014,52040,0,10946,9441,True,True,True,50693,8e e3 21 e3 21 e0 8e e0 8e e3 21 e3 21 e0 8e e0,0,0,8424,3120,open copier:5074;confined copier:2;non-copier:3348,154,open copier,01 c5 01 c5 01 c5 01 c5 01 c5 01 c5 01 c5 01 c5,3,9426,0.703125,1.0,0.46875,154,01 c5 01 c5 01 c5 01 c5 01 c5 01 c5 01 c5 01 c5,45421,01 e0 01 c5 01 e0 01 c5 01 e0 01 e0 01 e0 01 e0,False,,open copier,154,open copier,154
31014,52040,1,4537,9488,True,True,True,50693,8e e3 21 e3 21 e0 8e e0 8e e3 21 e3 21 e0 8e e0,0,0,8424,3120,open copier:5074;confined copier:2;non-copier:3348,154,open copier,01 c5 01 c5 01 c5 01 c5 01 c5 01 c5 01 c5 01 c5,3,9426,0.703125,1.0,0.46875,154,01 c5 01 c5 01 c5 01 c5 01 c5 01 c5 01 c5 01 c5,45421,01 e0 01 c5 01 e0 01 c5 01 e0 01 e0 01 e0 01 e0,False,,open copier,154,open copier,154
31014,52040,2,8931,9484,True,True,True,50693,8e e3 21 e3 21 e0 8e e0 8e e3 21 e3 21 e0 8e e0,0,0,8424,3120,open copier:5074;confined copier:2;non-copier:3348,154,open copier,01 c5 01 c5 01 c5 01 c5 01 c5 01 c5 01 c5 01 c5,3,9426,0.703125,1.0,0.46875,154,01 c5 01 c5 01 c5 01 c5 01 c5 01 c5 01 c5 01 c5,45421,01 e0 01 c5 01 e0 01 c5 01 e0 01 e0 01 e0 01 e0,False,,open copier,154,open copier,154
31014,52040,3,15098,9443,True,True,True,50693,8e e3 21 e3 21 e0 8e e0 8e e3 21 e3 21 e0 8e e0,0,0,8424,3120,open copier:5074;confined copier:2;non-copier:3348,154,open copier,01 c5 01 c5 01 c5 01 c5 01 c5 01 c5 01 c5 01 c5,3,9426,0.703125,1.0,0.46875,154,01 c5 01 c5 01 c5 01 c5 01 c5 01 c5 01 c5 01 c5,45421,01 e0 01 c5 01 e0 01 c5 01 e0 01 e0 01 e0 01 e0,False,,open copier,154,open copier,154
31014,52040,4,7457,9607,True,True,False,52015,8e e3 21 e3 21 e0 8e e0 8e e3 21 e3 21 e0 8e e0,0,0,8703,3255,open copier:5215;confined copier:2;non-copier:3486,490,open copier,11 d5 11 d5 11 d5 11 d5 11 d5 11 d5 11 d5 11 d5,3,21802,0.6875,1.0,0.46875,490,11 d5 11 d5 11 d5 11 d5 11 d5 11 d5 11 d5 11 d5,13910,01 e0 01 c5 01 e0 01 c5 01 c5 01 e0 01 e0 01 e0,False,,open copier,490,open copier,490
31014,52040,5,13692,9384,True,True,True,50693,8e e3 21 e3 21 e0 8e e0 8e e3 21 e3 21 e0 8e e0,0,0,8424,3120,open copier:5074;confined copier:2;non-copier:3348,154,open copier,01 c5 01 c5 01 c5 01 c5 01 c5 01 c5 01 c5 01 c5,3,9426,0.703125,1.0,0.46875,154,01 c5 01 c5 01 c5 01 c5 01 c5 01 c5 01 c5 01 c5,45421,01 e0 01 c5 01 e0 01 c5 01 e0 01 e0 01 e0 01 e0,False,,open copier,154,open copier,154
31014,52040,6,11740,9404,True,True,True,50693,8e e3 21 e3 21 e0 8e e0 8e e3 21 e3 21 e0 8e e0,0,0,8424,3120,open copier:5074;confined copier:2;non-copier:3348,154,open copier,01 c5 01 c5 01 c5 01 c5 01 c5 01 c5 01 c5 01 c5,3,9426,0.703125,1.0,0.46875,154,01 c5 01 c5 01 c5 01 c5 01 c5 01 c5 01 c5 01 c5,45421,01 e0 01 c5 01 e0 01 c5 01 e0 01 e0 01 e0 01 e0,False,,open copier,154,open copier,154
31014,52040,7,2077,9529,True,True,True,50693,8e e3 21 e3 21 e0 8e e0 8e e3 21 e3 21 e0 8e e0,0,0,8424,3120,open copier:5074;confined copier:2;non-copier:3348,154,open copier,01 c5 01 c5 01 c5 01 c5 01 c5 01 c5 01 c5 01 c5,3,9426,0.703125,1.0,0.46875,154,01 c5 01 c5 01 c5 01 c5 01 c5 01 c5 01 c5 01 c5,45421,01 e0 01 c5 01 e0 01 c5 01 e0 01 e0 01 e0 01 e0,False,,open copier,154,open copier,154
31014,52040,8,10637,9382,True,True,True,50693,8e e3 21 e3 21 e0 8e e0 8e e3 21 e3 21 e0 8e e0,0,0,8424,3120,open copier:5074;confined copier:2;non-copier:3348,154,open copier,01 c5 01 c5 01 c5 01 c5 01 c5 01 c5 01 c5 01 c5,3,9426,0.703125,1.0,0.46875,154,01 c5 01 c5 01 c5 01 c5 01 c5 01 c5 01 c5 01 c5,45421,01 e0 01 c5 01 e0 01 c5 01 e0 01 e0 01 e0 01 e0,False,,open copier,154,open copier,154
31014,52040,9,1618,9519,True,True,True,50693,8e e3 21 e3 21 e0 8e e0 8e e3 21 e3 21 e0 8e e0,0,0,8424,3120,open copier:5074;confined copier:2;non-copier:3348,154,open copier,01 c5 01 c5 01 c5 01 c5 01 c5 01 c5 01 c5 01 c5,3,9426,0.703125,1.0,0.46875,154,01 c5 01 c5 01 c5 01 c5 01 c5 01 c5 01 c5 01 c5,45421,01 e0 01 c5 01 e0 01 c5 01 e0 01 e0 01 e0 01 e0,False,,open copier,154,open copier,154
31014,52040,10,4016,9552,True,True,True,50693,8e e3 21 e3 21 e0 8e e0 8e e3 21 e3 21 e0 8e e0,0,0,8424,3120,open copier:5074;confined copier:2;non-copier:3348,154,open copier,01 c5 01 c5 01 c5 01 c5 01 c5 01 c5 01 c5 01 c5,3,9426,0.703125,1.0,0.46875,154,01 c5 01 c5 01 c5 01 c5 01 c5 01 c5 01 c5 01 c5,45421,01 e0 01 c5 01 e0 01 c5 01 e0 01 e0 01 e0 01 e0,False,,open copier,154,open copier,154
31014,52040,11,18022,9364,True,True,True,50693,8e e3 21 e3 21 e0 8e e0 8e e3 21 e3 21 e0 8e e0,0,0,8424,3120,open copier:5074;confined copier:2;non-copier:3348,154,open copier,01 c5 01 c5 01 c5 01 c5 01 c5 01 c5 01 c5 01 c5,3,9426,0.703125,1.0,0.46875,154,01 c5 01 c5 01 c5 01 c5 01 c5 01 c5 01 c5 01 c5,45421,01 e0 01 c5 01 e0 01 c5 01 e0 01 e0 01 e0 01 e0,False,,open copier,154,open copier,154
31014,52040,12,9776,9393,True,True,True,50693,8e e3 21 e3 21 e0 8e e0 8e e3 21 e3 21 e0 8e e0,0,0,8424,3120,open copier:5074;confined copier:2;non-copier:3348,154,open copier,01 c5 01 c5 01 c5 01 c5 01 c5 01 c5 01 c5 01 c5,3,9426,0.703125,1.0,0.46875,154,01 c5 01 c5 01 c5 01 c5 01 c5 01 c5 01 c5 01 c5,45421,01 e0 01 c5 01 e0 01 c5 01 e0 01 e0 01 e0 01 e0,False,,open copier,154,open copier,154
31014,52040,13,5738,9457,True,True,True,50693,8e e3 21 e3 21 e0 8e e0 8e e3 21 e3 21 e0 8e e0,0,0,8424,3120,open copier:5074;confined copier:2;non-copier:3348,154,open copier,01 c5 01 c5 01 c5 01 c5 01 c5 01 c5 01 c5 01 c5,3,9426,0.703125,1.0,0.46875,154,01 c5 01 c5 01 c5 01 c5 01 c5 01 c5 01 c5 01 c5,45421,01 e0 01 c5 01 e0 01 c5 01 e0 01 e0 01 e0 01 e0,False,,open copier,154,open copier,154
31014,52040,14,12825,9338,True,True,True,50693,8e e3 21 e3 21 e0 8e e0 8e e3 21 e3 21 e0 8e e0,0,0,8424,3120,open copier:5074;confined copier:2;non-copier:3348,154,open copier,01 c5 01 c5 01 c5 01 c5 01 c5 01 c5 01 c5 01 c5,3,9426,0.703125,1.0,0.46875,154,01 c5 01 c5 01 c5 01 c5 01 c5 01 c5 01 c5 01 c5,45421,01 e0 01 c5 01 e0 01 c5 01 e0 01 e0 01 e0 01 e0,False,,open copier,154,open copier,154
31014,52040,15,5889,9542,True,True,False,51389,8e e3 21 e3 21 e0 8e e0 8e e3 21 e3 21 e0 8e e0,0,0,8587,3185,open copier:5172;confined copier:1;non-copier:3414,154,open copier,01 c5 01 c5 01 c5 01 c5 01 c5 01 c5 01 c5 01 c5,3,9426,0.703125,1.0,0.46875,154,01 c5 01 c5 01 c5 01 c5 01 c5 01 c5 01 c5 01 c5,51389,8e e3 21 e3 21 e0 8e e0 8e e3 21 e3 21 e0 8e e0,True,,open copier,154,open copier,154
31014,52040,16,11379,9404,True,True,True,50693,8e e3 21 e3 21 e0 8e e0 8e e3 21 e3 21 e0 8e e0,0,0,8424,3120,open copier:5074;confined copier:2;non-copier:3348,154,open copier,01 c5 01 c5 01 c5 01 c5 01 c5 01 c5 01 c5 01 c5,3,9426,0.703125,1.0,0.46875,154,01 c5 01 c5 01 c5 01 c5 01 c5 01 c5 01 c5 01 c5,45421,01 e0 01 c5 01 e0 01 c5 01 e0 01 e0 01 e0 01 e0,False,,open copier,154,open copier,154
31014,52040,17,16948,9412,True,True,True,50693,8e e3 21 e3 21 e0 8e e0 8e e3 21 e3 21 e0 8e e0,0,0,8424,3120,open copier:5074;confined copier:2;non-copier:3348,154,open copier,01 c5 01 c5 01 c5 01 c5 01 c5 01 c5 01 c5 01 c5,3,9426,0.703125,1.0,0.46875,154,01 c5 01 c5 01 c5 01 c5 01 c5 01 c5 01 c5 01 c5,45421,01 e0 01 c5 01 e0 01 c5 01 e0 01 e0 01 e0 01 e0,False,,open copier,154,open copier,154
31014,52040,18,13840,9394,True,True,True,50693,8e e3 21 e3 21 e0 8e e0 8e e3 21 e3 21 e0 8e e0,0,0,8424,3120,open copier:5074;confined copier:2;non-copier:3348,154,open copier,01 c5 01 c5 01 c5 01 c5 01 c5 01 c5 01 c5 01 c5,3,9426,0.703125,1.0,0.46875,154,01 c5 01 c5 01 c5 01 c5 01 c5 01 c5 01 c5 01 c5,45421,01 e0 01 c5 01 e0 01 c5 01 e0 01 e0 01 e0 01 e0,False,,open copier,154,open copier,154
31014,52040,19,10956,9449,True,True,True,50693,8e e3 21 e3 21 e0 8e e0 8e e3 21 e3 21 e0 8e e0,0,0,8424,3120,open copier:5074;confined copier:2;non-copier:3348,154,open copier,01 c5 01 c5 01 c5 01 c5 01 c5 01 c5 01 c5 01 c5,3,9426,0.703125,1.0,0.46875,154,01 c5 01 c5 01 c5 01 c5 01 c5 01 c5 01 c5 01 c5,45421,01 e0 01 c5 01 e0 01 c5 01 e0 01 e0 01 e0 01 e0,False,,open copier,154,open copier,154
31014,52040,20,10386,9515,True,True,True,50693,8e e3 21 e3 21 e0 8e e0 8e e3 21 e3 21 e0 8e e0,0,0,8424,3120,open copier:5074;confined copier:2;non-copier:3348,154,open copier,01 c5 01 c5 01 c5 01 c5 01 c5 01 c5 01 c5 01 c5,3,9426,0.703125,1.0,0.46875,154,01 c5 01 c5 01 c5 01 c5 01 c5 01 c5 01 c5 01 c5,45421,01 e0 01 c5 01 e0 01 c5 01 e0 01 e0 01 e0 01 e0,False,,open copier,154,open copier,154
31014,52040,21,8661,9386,True,True,True,50693,8e e3 21 e3 21 e0 8e e0 8e e3 21 e3 21 e0 8e e0,0,0,8424,3120,open copier:5074;confined copier:2;non-copier:3348,154,open copier,01 c5 01 c5 01 c5 01 c5 01 c5 01 c5 01 c5 01 c5,3,9426,0.703125,1.0,0.46875,154,01 c5 01 c5 01 c5 01 c5 01 c5 01 c5 01 c5 01 c5,45421,01 e0 01 c5 01 e0 01 c5 01 e0 01 e0 01 e0 01 e0,False,,open copier,154,open copier,154
31014,52040,22,1789,9413,True,True,True,50693,8e e3 21 e3 21 e0 8e e0 8e e3 21 e3 21 e0 8e e0,0,0,8424,3120,open copier:5074;confined copier:2;non-copier:3348,154,open copier,01 c5 01 c5 01 c5 01 c5 01 c5 01 c5 01 c5 01 c5,3,9426,0.703125,1.0,0.46875,154,01 c5 01 c5 01 c5 01 c5 01 c5 01 c5 01 c5 01 c5,45421,01 e0 01 c5 01 e0 01 c5 01 e0 01 e0 01 e0 01 e0,False,,open copier,154,open copier,154
31014,52040,23,11940,9480,True,True,True,50693,8e e3 21 e3 21 e0 8e e0 8e e3 21 e3 21 e0 8e e0,0,0,8424,3120,open copier:5074;confined copier:2;non-copier:3348,154,open copier,01 c5 01 c5 01 c5 01 c5 01 c5 01 c5 01 c5 01 c5,3,9426,0.703125,1.0,0.46875,154,01 c5 01 c5 01 c5 01 c5 01 c5 01 c5 01 c5 01 c5,45421,01 e0 01 c5 01 e0 01 c5 01 e0 01 e0 01 e0 01 e0,False,,open copier,154,open copier,154
31014,52040,24,9755,9504,True,True,True,50693,8e e3 21 e3 21 e0 8e e0 8e e3 21 e3 21 e0 8e e0,0,0,8424,3120,open copier:5074;confined copier:2;non-copier:3348,154,open copier,01 c5 01 c5 01 c5 01 c5 01 c5 01 c5 01 c5 01 c5,3,9426,0.703125,1.0,0.46875,154,01 c5 01 c5 01 c5 01 c5 01 c5 01 c5 01 c5 01 c5,45421,01 e0 01 c5 01 e0 01 c5 01 e0 01 e0 01 e0 01 e0,False,,open copier,154,open copier,154
31014,52040,25,11099,9461,True,True,True,50693,8e e3 21 e3 21 e0 8e e0 8e e3 21 e3 21 e0 8e e0,0,0,8424,3120,open copier:5074;confined copier:2;non-copier:3348,154,open copier,01 c5 01 c5 01 c5 01 c5 01 c5 01 c5 01 c5 01 c5,3,9426,0.703125,1.0,0.46875,154,01 c5 01 c5 01 c5 01 c5 01 c5 01 c5 01 c5 01 c5,45421,01 e0 01 c5 01 e0 01 c5 01 e0 01 e0 01 e0 01 e0,False,,open copier,154,open copier,154
31014,52040,26,6791,9402,True,True,True,50693,8e e3 21 e3 21 e0 8e e0 8e e3 21 e3 21 e0 8e e0,0,0,8424,3120,open copier:5074;confined copier:2;non-copier:3348,154,open copier,01 c5 01 c5 01 c5 01 c5 01 c5 01 c5 01 c5 01 c5,3,9426,0.703125,1.0,0.46875,154,01 c5 01 c5 01 c5 01 c5 01 c5 01 c5 01 c5 01 c5,45421,01 e0 01 c5 01 e0 01 c5 01 e0 01 e0 01 e0 01 e0,False,,open copier,154,open copier,154
31014,52040,27,12807,9394,True,True,True,50693,8e e3 21 e3 21 e0 8e e0 8e e3 21 e3 21 e0 8e e0,0,0,8424,3120,open copier:5074;confined copier:2;non-copier:3348,154,open copier,01 c5 01 c5 01 c5 01 c5 01 c5 01 c5 01 c5 01 c5,3,9426,0.703125,1.0,0.46875,154,01 c5 01 c5 01 c5 01 c5 01 c5 01 c5 01 c5 01 c5,45421,01 e0 01 c5 01 e0 01 c5 01 e0 01 e0 01 e0 01 e0,False,,open copier,154,open copier,154
31014,52040,28,12134,9420,True,True,True,50693,8e e3 21 e3 21 e0 8e e0 8e e3 21 e3 21 e0 8e e0,0,0,8424,3120,open copier:5074;confined copier:2;non-copier:3348,154,open copier,01 c5 01 c5 01 c5 01 c5 01 c5 01 c5 01 c5 01 c5,3,9426,0.703125,1.0,0.46875,154,01 c5 01 c5 01 c5 01 c5 01 c5 01 c5 01 c5 01 c5,45421,01 e0 01 c5 01 e0 01 c5 01 e0 01 e0 01 e0 01 e0,False,,open copier,154,open copier,154
31014,52040,29,12130,9335,True,True,True,50693,8e e3 21 e3 21 e0 8e e0 8e e3 21 e3 21 e0 8e e0,0,0,8424,3120,open copier:5074;confined copier:2;non-copier:3348,154,open copier,01 c5 01 c5 01 c5 01 c5 01 c5 01 c5 01 c5 01 c5,3,9426,0.703125,1.0,0.46875,154,01 c5 01 c5 01 c5 01 c5 01 c5 01 c5 01 c5 01 c5,45421,01 e0 01 c5 01 e0 01 c5 01 e0 01 e0 01 e0 01 e0,False,,open copier,154,open copier,154
31014,52040,30,11806,9417,True,True,True,50693,8e e3 21 e3 21 e0 8e e0 8e e3 21 e3 21 e0 8e e0,0,0,8424,3120,open copier:5074;confined copier:2;non-copier:3348,154,open copier,01 c5 01 c5 01 c5 01 c5 01 c5 01 c5 01 c5 01 c5,3,9426,0.703125,1.0,0.46875,154,01 c5 01 c5 01 c5 01 c5 01 c5 01 c5 01 c5 01 c5,45421,01 e0 01 c5 01 e0 01 c5 01 e0 01 e0 01 e0 01 e0,False,,open copier,154,open copier,154
31014,52040,31,7568,9417,True,True,True,50693,8e e3 21 e3 21 e0 8e e0 8e e3 21 e3 21 e0 8e e0,0,0,8424,3120,open copier:5074;confined copier:2;non-copier:3348,154,open copier,01 c5 01 c5 01 c5 01 c5 01 c5 01 c5 01 c5 01 c5,3,9426,0.703125,1.0,0.46875,154,01 c5 01 c5 01 c5 01 c5 01 c5 01 c5 01 c5 01 c5,45421,01 e0 01 c5 01 e0 01 c5 01 e0 01 e0 01 e0 01 e0,False,,open copier,154,open copier,154
31014,52040,32,18525,9353,True,True,True,50693,8e e3 21 e3 21 e0 8e e0 8e e3 21 e3 21 e0 8e e0,0,0,8424,3120,open copier:5074;confined copier:2;non-copier:3348,154,open copier,01 c5 01 c5 01 c5 01 c5 01 c5 01 c5 01 c5 01 c5,3,9426,0.703125,1.0,0.46875,154,01 c5 01 c5 01 c5 01 c5 01 c5 01 c5 01 c5 01 c5,45421,01 e0 01 c5 01 e0 01 c5 01 e0 01 e0 01 e0 01 e0,False,,open copier,154,open copier,154
31014,52040,33,3493,9499,True,True,True,50693,8e e3 21 e3 21 e0 8e e0 8e e3 21 e3 21 e0 8e e0,0,0,8424,3120,open copier:5074;confined copier:2;non-copier:3348,154,open copier,01 c5 01 c5 01 c5 01 c5 01 c5 01 c5 01 c5 01 c5,3,9426,0.703125,1.0,0.46875,154,01 c5 01 c5 01 c5 01 c5 01 c5 01 c5 01 c5 01 c5,45421,01 e0 01 c5 01 e0 01 c5 01 e0 01 e0 01 e0 01 e0,False,,open copier,154,open copier,154
31014,52040,34,17473,9407,True,True,True,50693,8e e3 21 e3 21 e0 8e e0 8e e3 21 e3 21 e0 8e e0,0,0,8424,3120,open copier:5074;confined copier:2;non-copier:3348,154,open copier,01 c5 01 c5 01 c5 01 c5 01 c5 01 c5 01 c5 01 c5,3,9426,0.703125,1.0,0.46875,154,01 c5 01 c5 01 c5 01 c5 01 c5 01 c5 01 c5 01 c5,45421,01 e0 01 c5 01 e0 01 c5 01 e0 01 e0 01 e0 01 e0,False,,open copier,154,open copier,154
31014,52040,35,13454,9417,True,True,True,50693,8e e3 21 e3 21 e0 8e e0 8e e3 21 e3 21 e0 8e e0,0,0,8424,3120,open copier:5074;confined copier:2;non-copier:3348,154,open copier,01 c5 01 c5 01 c5 01 c5 01 c5 01 c5 01 c5 01 c5,3,9426,0.703125,1.0,0.46875,154,01 c5 01 c5 01 c5 01 c5 01 c5 01 c5 01 c5 01 c5,45421,01 e0 01 c5 01 e0 01 c5 01 e0 01 e0 01 e0 01 e0,False,,open copier,154,open copier,154
31014,52040,36,8875,9368,True,True,True,50693,8e e3 21 e3 21 e0 8e e0 8e e3 21 e3 21 e0 8e e0,0,0,8424,3120,open copier:5074;confined copier:2;non-copier:3348,154,open copier,01 c5 01 c5 01 c5 01 c5 01 c5 01 c5 01 c5 01 c5,3,9426,0.703125,1.0,0.46875,154,01 c5 01 c5 01 c5 01 c5 01 c5 01 c5 01 c5 01 c5,45421,01 e0 01 c5 01 e0 01 c5 01 e0 01 e0 01 e0 01 e0,False,,open copier,154,open copier,154
31014,52040,37,12169,9392,True,True,True,50693,8e e3 21 e3 21 e0 8e e0 8e e3 21 e3 21 e0 8e e0,0,0,8424,3120,open copier:5074;confined copier:2;non-copier:3348,154,open copier,01 c5 01 c5 01 c5 01 c5 01 c5 01 c5 01 c5 01 c5,3,9426,0.703125,1.0,0.46875,154,01 c5 01 c5 01 c5 01 c5 01 c5 01 c5 01 c5 01 c5,45421,01 e0 01 c5 01 e0 01 c5 01 e0 01 e0 01 e0 01 e0,False,,open copier,154,open copier,154
31014,52040,38,8952,9526,True,True,True,50693,8e e3 21 e3 21 e0 8e e0 8e e3 21 e3 21 e0 8e e0,0,0,8424,3120,open copier:5074;confined copier:2;non-copier:3348,154,open copier,01 c5 01 c5 01 c5 01 c5 01 c5 01 c5 01 c5 01 c5,3,9426,0.703125,1.0,0.46875,154,01 c5 01 c5 01 c5 01 c5 01 c5 01 c5 01 c5 01 c5,45421,01 e0 01 c5 01 e0 01 c5 01 e0 01 e0 01 e0 01 e0,False,,open copier,154,open copier,154
31014,52040,39,5081,9450,True,True,True,50693,8e e3 21 e3 21 e0 8e e0 8e e3 21 e3 21 e0 8e e0,0,0,8424,3120,open copier:5074;confined copier:2;non-copier:3348,154,open copier,01 c5 01 c5 01 c5 01 c5 01 c5 01 c5 01 c5 01 c5,3,9426,0.703125,1.0,0.46875,154,01 c5 01 c5 01 c5 01 c5 01 c5 01 c5 01 c5 01 c5,45421,01 e0 01 c5 01 e0 01 c5 01 e0 01 e0 01 e0 01 e0,False,,open copier,154,open copier,154
31014,52040,40,5986,9399,True,True,True,50693,8e e3 21 e3 21 e0 8e e0 8e e3 21 e3 21 e0 8e e0,0,0,8424,3120,open copier:5074;confined copier:2;non-copier:3348,154,open copier,01 c5 01 c5 01 c5 01 c5 01 c5 01 c5 01 c5 01 c5,3,9426,0.703125,1.0,0.46875,154,01 c5 01 c5 01 c5 01 c5 01 c5 01 c5 01 c5 01 c5,45421,01 e0 01 c5 01 e0 01 c5 01 e0 01 e0 01 e0 01 e0,False,,open copier,154,open copier,154
31014,52040,41,11824,9391,True,True,True,50693,8e e3 21 e3 21 e0 8e e0 8e e3 21 e3 21 e0 8e e0,0,0,8424,3120,open copier:5074;confined copier:2;non-copier:3348,154,open copier,01 c5 01 c5 01 c5 01 c5 01 c5 01 c5 01 c5 01 c5,3,9426,0.703125,1.0,0.46875,154,01 c5 01 c5 01 c5 01 c5 01 c5 01 c5 01 c5 01 c5,45421,01 e0 01 c5 01 e0 01 c5 01 e0 01 e0 01 e0 01 e0,False,,open copier,154,open copier,154
31014,52040,42,9320,9410,True,True,True,50693,8e e3 21 e3 21 e0 8e e0 8e e3 21 e3 21 e0 8e e0,0,0,8424,3120,open copier:5074;confined copier:2;non-copier:3348,154,open copier,01 c5 01 c5 01 c5 01 c5 01 c5 01 c5 01 c5 01 c5,3,9426,0.703125,1.0,0.46875,154,01 c5 01 c5 01 c5 01 c5 01 c5 01 c5 01 c5 01 c5,45421,01 e0 01 c5 01 e0 01 c5 01 e0 01 e0 01 e0 01 e0,False,,open copier,154,open copier,154
31014,52040,43,15431,9378,True,True,True,50693,8e e3 21 e3 21 e0 8e e0 8e e3 21 e3 21 e0 8e e0,0,0,8424,3120,open copier:5074;confined copier:2;non-copier:3348,154,open copier,01 c5 01 c5 01 c5 01 c5 01 c5 01 c5 01 c5 01 c5,3,9426,0.703125,1.0,0.46875,154,01 c5 01 c5 01 c5 01 c5 01 c5 01 c5 01 c5 01 c5,45421,01 e0 01 c5 01 e0 01 c5 01 e0 01 e0 01 e0 01 e0,False,,open copier,154,open copier,154
31014,52040,44,1480,9470,True,True,True,50693,8e e3 21 e3 21 e0 8e e0 8e e3 21 e3 21 e0 8e e0,0,0,8424,3120,open copier:5074;confined copier:2;non-copier:3348,154,open copier,01 c5 01 c5 01 c5 01 c5 01 c5 01 c5 01 c5 01 c5,3,9426,0.703125,1.0,0.46875,154,01 c5 01 c5 01 c5 01 c5 01 c5 01 c5 01 c5 01 c5,45421,01 e0 01 c5 01 e0 01 c5 01 e0 01 e0 01 e0 01 e0,False,,open copier,154,open copier,154
31014,52040,45,4169,9554,True,True,True,50693,8e e3 21 e3 21 e0 8e e0 8e e3 21 e3 21 e0 8e e0,0,0,8424,3120,open copier:5074;confined copier:2;non-copier:3348,154,open copier,01 c5 01 c5 01 c5 01 c5 01 c5 01 c5 01 c5 01 c5,3,9426,0.703125,1.0,0.46875,154,01 c5 01 c5 01 c5 01 c5 01 c5 01 c5 01 c5 01 c5,45421,01 e0 01 c5 01 e0 01 c5 01 e0 01 e0 01 e0 01 e0,False,,open copier,154,open copier,154
31014,52040,46,13058,9366,True,True,True,50693,8e e3 21 e3 21 e0 8e e0 8e e3 21 e3 21 e0 8e e0,0,0,8424,3120,open copier:5074;confined copier:2;non-copier:3348,154,open copier,01 c5 01 c5 01 c5 01 c5 01 c5 01 c5 01 c5 01 c5,3,9426,0.703125,1.0,0.46875,154,01 c5 01 c5 01 c5 01 c5 01 c5 01 c5 01 c5 01 c5,45421,01 e0 01 c5 01 e0 01 c5 01 e0 01 e0 01 e0 01 e0,False,,open copier,154,open copier,154
31014,52040,47,6504,9420,True,True,True,50693,8e e3 21 e3 21 e0 8e e0 8e e3 21 e3 21 e0 8e e0,0,0,8424,3120,open copier:5074;confined copier:2;non-copier:3348,154,open copier,01 c5 01 c5 01 c5 01 c5 01 c5 01 c5 01 c5 01 c5,3,9426,0.703125,1.0,0.46875,154,01 c5 01 c5 01 c5 01 c5 01 c5 01 c5 01 c5 01 c5,45421,01 e0 01 c5 01 e0 01 c5 01 e0 01 e0 01 e0 01 e0,False,,open copier,154,open copier,154
31014,52040,48,7776,9493,True,True,True,50693,8e e3 21 e3 21 e0 8e e0 8e e3 21 e3 21 e0 8e e0,0,0,8424,3120,open copier:5074;confined copier:2;non-copier:3348,154,open copier,01 c5 01 c5 01 c5 01 c5 01 c5 01 c5 01 c5 01 c5,3,9426,0.703125,1.0,0.46875,154,01 c5 01 c5 01 c5 01 c5 01 c5 01 c5 01 c5 01 c5,45421,01 e0 01 c5 01 e0 01 c5 01 e0 01 e0 01 e0 01 e0,False,,open copier,154,open copier,154
31014,52040,49,15026,9377,True,True,True,50693,8e e3 21 e3 21 e0 8e e0 8e e3 21 e3 21 e0 8e e0,0,0,8424,3120,open copier:5074;confined copier:2;non-copier:3348,154,open copier,01 c5 01 c5 01 c5 01 c5 01 c5 01 c5 01 c5 01 c5,3,9426,0.703125,1.0,0.46875,154,01 c5 01 c5 01 c5 01 c5 01 c5 01 c5 01 c5 01 c5,45421,01 e0 01 c5 01 e0 01 c5 01 e0 01 e0 01 e0 01 e0,False,,open copier,154,open copier,154
31014,52040,50,16257,9465,True,True,True,50693,8e e3 21 e3 21 e0 8e e0 8e e3 21 e3 21 e0 8e e0,0,0,8424,3120,open copier:5074;confined copier:2;non-copier:3348,154,open copier,01 c5 01 c5 01 c5 01 c5 01 c5 01 c5 01 c5 01 c5,3,9426,0.703125,1.0,0.46875,154,01 c5 01 c5 01 c5 01 c5 01 c5 01 c5 01 c5 01 c5,45421,01 e0 01 c5 01 e0 01 c5 01 e0 01 e0 01 e0 01 e0,False,,open copier,154,open copier,154
31014,52040,51,11762,9421,True,True,True,50693,8e e3 21 e3 21 e0 8e e0 8e e3 21 e3 21 e0 8e e0,0,0,8424,3120,open copier:5074;confined copier:2;non-copier:3348,154,open copier,01 c5 01 c5 01 c5 01 c5 01 c5 01 c5 01 c5 01 c5,3,9426,0.703125,1.0,0.46875,154,01 c5 01 c5 01 c5 01 c5 01 c5 01 c5 01 c5 01 c5,45421,01 e0 01 c5 01 e0 01 c5 01 e0 01 e0 01 e0 01 e0,False,,open copier,154,open copier,154
31014,52040,52,12201,9355,True,True,True,50693,8e e3 21 e3 21 e0 8e e0 8e e3 21 e3 21 e0 8e e0,0,0,8424,3120,open copier:5074;confined copier:2;non-copier:3348,154,open copier,01 c5 01 c5 01 c5 01 c5 01 c5 01 c5 01 c5 01 c5,3,9426,0.703125,1.0,0.46875,154,01 c5 01 c5 01 c5 01 c5 01 c5 01 c5 01 c5 01 c5,45421,01 e0 01 c5 01 e0 01 c5 01 e0 01 e0 01 e0 01 e0,False,,open copier,154,open copier,154
31014,52040,53,279,9488,True,True,True,50693,8e e3 21 e3 21 e0 8e e0 8e e3 21 e3 21 e0 8e e0,0,0,8424,3120,open copier:5074;confined copier:2;non-copier:3348,154,open copier,01 c5 01 c5 01 c5 01 c5 01 c5 01 c5 01 c5 01 c5,3,9426,0.703125,1.0,0.46875,154,01 c5 01 c5 01 c5 01 c5 01 c5 01 c5 01 c5 01 c5,45421,01 e0 01 c5 01 e0 01 c5 01 e0 01 e0 01 e0 01 e0,False,,open copier,154,open copier,154
31014,52040,54,3791,9422,True,True,True,50693,8e e3 21 e3 21 e0 8e e0 8e e3 21 e3 21 e0 8e e0,0,0,8424,3120,open copier:5074;confined copier:2;non-copier:3348,154,open copier,01 c5 01 c5 01 c5 01 c5 01 c5 01 c5 01 c5 01 c5,3,9426,0.703125,1.0,0.46875,154,01 c5 01 c5 01 c5 01 c5 01 c5 01 c5 01 c5 01 c5,45421,01 e0 01 c5 01 e0 01 c5 01 e0 01 e0 01 e0 01 e0,False,,open copier,154,open copier,154
31014,52040,55,17198,9401,True,True,True,50693,8e e3 21 e3 21 e0 8e e0 8e e3 21 e3 21 e0 8e e0,0,0,8424,3120,open copier:5074;confined copier:2;non-copier:3348,154,open copier,01 c5 01 c5 01 c5 01 c5 01 c5 01 c5 01 c5 01 c5,3,9426,0.703125,1.0,0.46875,154,01 c5 01 c5 01 c5 01 c5 01 c5 01 c5 01 c5 01 c5,45421,01 e0 01 c5 01 e0 01 c5 01 e0 01 e0 01 e0 01 e0,False,,open copier,154,open copier,154
31014,52040,56,18861,9558,True,True,False,51389,8e e3 21 e3 21 e0 8e e0 8e e3 21 e3 21 e0 8e e0,0,0,8587,3185,open copier:5172;confined copier:1;non-copier:3414,154,open copier,01 c5 01 c5 01 c5 01 c5 01 c5 01 c5 01 c5 01 c5,3,9426,0.703125,1.0,0.46875,154,01 c5 01 c5 01 c5 01 c5 01 c5 01 c5 01 c5 01 c5,51389,8e e3 21 e3 21 e0 8e e0 8e e3 21 e3 21 e0 8e e0,True,,open copier,154,open copier,154
31014,52040,57,6204,9549,True,True,False,51389,8e e3 21 e3 21 e0 8e e0 8e e3 21 e3 21 e0 8e e0,0,0,8587,3185,open copier:5172;confined copier:1;non-copier:3414,154,open copier,01 c5 01 c5 01 c5 01 c5 01 c5 01 c5 01 c5 01 c5,3,9426,0.703125,1.0,0.46875,154,01 c5 01 c5 01 c5 01 c5 01 c5 01 c5 01 c5 01 c5,51389,8e e3 21 e3 21 e0 8e e0 8e e3 21 e3 21 e0 8e e0,True,,open copier,154,open copier,154
31014,52040,58,94,9533,True,True,True,50693,8e e3 21 e3 21 e0 8e e0 8e e3 21 e3 21 e0 8e e0,0,0,8424,3120,open copier:5074;confined copier:2;non-copier:3348,154,open copier,01 c5 01 c5 01 c5 01 c5 01 c5 01 c5 01 c5 01 c5,3,9426,0.703125,1.0,0.46875,154,01 c5 01 c5 01 c5 01 c5 01 c5 01 c5 01 c5 01 c5,45421,01 e0 01 c5 01 e0 01 c5 01 e0 01 e0 01 e0 01 e0,False,,open copier,154,open copier,154
31014,52040,59,16914,9328,True,True,True,50693,8e e3 21 e3 21 e0 8e e0 8e e3 21 e3 21 e0 8e e0,0,0,8424,3120,open copier:5074;confined copier:2;non-copier:3348,154,open copier,01 c5 01 c5 01 c5 01 c5 01 c5 01 c5 01 c5 01 c5,3,9426,0.703125,1.0,0.46875,154,01 c5 01 c5 01 c5 01 c5 01 c5 01 c5 01 c5 01 c5,45421,01 e0 01 c5 01 e0 01 c5 01 e0 01 e0 01 e0 01 e0,False,,open copier,154,open copier,154
31014,52040,60,6223,9535,True,True,True,50693,8e e3 21 e3 21 e0 8e e0 8e e3 21 e3 21 e0 8e e0,0,0,8424,3120,open copier:5074;confined copier:2;non-copier:3348,154,open copier,01 c5 01 c5 01 c5 01 c5 01 c5 01 c5 01 c5 01 c5,3,9426,0.703125,1.0,0.46875,154,01 c5 01 c5 01 c5 01 c5 01 c5 01 c5 01 c5 01 c5,45421,01 e0 01 c5 01 e0 01 c5 01 e0 01 e0 01 e0 01 e0,False,,open copier,154,open copier,154
31014,52040,61,17601,9560,True,True,True,50693,8e e3 21 e3 21 e0 8e e0 8e e3 21 e3 21 e0 8e e0,0,0,8424,3120,open copier:5074;confined copier:2;non-copier:3348,154,open copier,01 c5 01 c5 01 c5 01 c5 01 c5 01 c5 01 c5 01 c5,3,9426,0.703125,1.0,0.46875,154,01 c5 01 c5 01 c5 01 c5 01 c5 01 c5 01 c5 01 c5,45421,01 e0 01 c5 01 e0 01 c5 01 e0 01 e0 01 e0 01 e0,False,,open copier,154,open copier,154
31014,52040,62,11999,9524,True,True,True,50693,8e e3 21 e3 21 e0 8e e0 8e e3 21 e3 21 e0 8e e0,0,0,8424,3120,open copier:5074;confined copier:2;non-copier:3348,154,open copier,01 c5 01 c5 01 c5 01 c5 01 c5 01 c5 01 c5 01 c5,3,9426,0.703125,1.0,0.46875,154,01 c5 01 c5 01 c5 01 c5 01 c5 01 c5 01 c5 01 c5,45421,01 e0 01 c5 01 e0 01 c5 01 e0 01 e0 01 e0 01 e0,False,,open copier,154,open copier,154
31014,52040,63,4717,9514,True,True,True,50693,8e e3 21 e3 21 e0 8e e0 8e e3 21 e3 21 e0 8e e0,0,0,8424,3120,open copier:5074;confined copier:2;non-copier:3348,154,open copier,01 c5 01 c5 01 c5 01 c5 01 c5 01 c5 01 c5 01 c5,3,9426,0.703125,1.0,0.46875,154,01 c5 01 c5 01 c5 01 c5 01 c5 01 c5 01 c5 01 c5,45421,01 e0 01 c5 01 e0 01 c5 01 e0 01 e0 01 e0 01 e0,False,,open copier,154,open copier,154
31015,27099,0,3637,5359,True,True,True,26104,5c e3 21 e3 21 c0 5c c0 5c e3 21 e3 21 c0 5c c0,0,0,4392,1719,open copier:2700;confined copier:1;non-copier:1691,422,open copier,01 c5 01 c5 01 c5 01 c5 01 c5 01 c5 01 c5 01 c5,3,5325,0.703125,1.0,0.46875,422,01 c5 01 c5 01 c5 01 c5 01 c5 01 c5 01 c5 01 c5,26104,5c e3 21 e3 21 c0 5c c0 5c e3 21 e3 21 c0 5c c0,True,,open copier,422,open copier,422
31015,27099,1,11106,5409,True,True,True,26104,5c e3 21 e3 21 c0 5c c0 5c e3 21 e3 21 c0 5c c0,0,0,4392,1719,open copier:2700;confined copier:1;non-copier:1691,422,open copier,01 c5 01 c5 01 c5 01 c5 01 c5 01 c5 01 c5 01 c5,3,5325,0.703125,1.0,0.46875,422,01 c5 01 c5 01 c5 01 c5 01 c5 01 c5 01 c5 01 c5,26104,5c e3 21 e3 21 c0 5c c0 5c e3 21 e3 21 c0 5c c0,True,,open copier,422,open copier,422
31015,27099,2,5095,5361,True,True,True,26104,5c e3 21 e3 21 c0 5c c0 5c e3 21 e3 21 c0 5c c0,0,0,4392,1719,open copier:2700;confined copier:1;non-copier:1691,422,open copier,01 c5 01 c5 01 c5 01 c5 01 c5 01 c5 01 c5 01 c5,3,5325,0.703125,1.0,0.46875,422,01 c5 01 c5 01 c5 01 c5 01 c5 01 c5 01 c5 01 c5,26104,5c e3 21 e3 21 c0 5c c0 5c e3 21 e3 21 c0 5c c0,True,,open copier,422,open copier,422
31015,27099,3,9517,5275,True,True,True,26104,5c e3 21 e3 21 c0 5c c0 5c e3 21 e3 21 c0 5c c0,0,0,4392,1719,open copier:2700;confined copier:1;non-copier:1691,422,open copier,01 c5 01 c5 01 c5 01 c5 01 c5 01 c5 01 c5 01 c5,3,5325,0.703125,1.0,0.46875,422,01 c5 01 c5 01 c5 01 c5 01 c5 01 c5 01 c5 01 c5,26104,5c e3 21 e3 21 c0 5c c0 5c e3 21 e3 21 c0 5c c0,True,,open copier,422,open copier,422
31015,27099,4,14377,5272,True,True,True,26104,5c e3 21 e3 21 c0 5c c0 5c e3 21 e3 21 c0 5c c0,0,0,4392,1719,open copier:2700;confined copier:1;non-copier:1691,422,open copier,01 c5 01 c5 01 c5 01 c5 01 c5 01 c5 01 c5 01 c5,3,5325,0.703125,1.0,0.46875,422,01 c5 01 c5 01 c5 01 c5 01 c5 01 c5 01 c5 01 c5,26104,5c e3 21 e3 21 c0 5c c0 5c e3 21 e3 21 c0 5c c0,True,,open copier,422,open copier,422
31015,27099,5,14167,5329,True,True,True,26104,5c e3 21 e3 21 c0 5c c0 5c e3 21 e3 21 c0 5c c0,0,0,4392,1719,open copier:2700;confined copier:1;non-copier:1691,422,open copier,01 c5 01 c5 01 c5 01 c5 01 c5 01 c5 01 c5 01 c5,3,5325,0.703125,1.0,0.46875,422,01 c5 01 c5 01 c5 01 c5 01 c5 01 c5 01 c5 01 c5,26104,5c e3 21 e3 21 c0 5c c0 5c e3 21 e3 21 c0 5c c0,True,,open copier,422,open copier,422
31015,27099,6,19363,5332,True,True,True,26104,5c e3 21 e3 21 c0 5c c0 5c e3 21 e3 21 c0 5c c0,0,0,4392,1719,open copier:2700;confined copier:1;non-copier:1691,422,open copier,01 c5 01 c5 01 c5 01 c5 01 c5 01 c5 01 c5 01 c5,3,5325,0.703125,1.0,0.46875,422,01 c5 01 c5 01 c5 01 c5 01 c5 01 c5 01 c5 01 c5,26104,5c e3 21 e3 21 c0 5c c0 5c e3 21 e3 21 c0 5c c0,True,,open copier,422,open copier,422
31015,27099,7,3824,5330,True,True,True,26104,5c e3 21 e3 21 c0 5c c0 5c e3 21 e3 21 c0 5c c0,0,0,4392,1719,open copier:2700;confined copier:1;non-copier:1691,422,open copier,01 c5 01 c5 01 c5 01 c5 01 c5 01 c5 01 c5 01 c5,3,5325,0.703125,1.0,0.46875,422,01 c5 01 c5 01 c5 01 c5 01 c5 01 c5 01 c5 01 c5,26104,5c e3 21 e3 21 c0 5c c0 5c e3 21 e3 21 c0 5c c0,True,,open copier,422,open copier,422
31015,27099,8,15161,5183,True,True,True,26104,5c e3 21 e3 21 c0 5c c0 5c e3 21 e3 21 c0 5c c0,0,0,4392,1719,open copier:2700;confined copier:1;non-copier:1691,422,open copier,01 c5 01 c5 01 c5 01 c5 01 c5 01 c5 01 c5 01 c5,3,5325,0.703125,1.0,0.46875,422,01 c5 01 c5 01 c5 01 c5 01 c5 01 c5 01 c5 01 c5,26104,5c e3 21 e3 21 c0 5c c0 5c e3 21 e3 21 c0 5c c0,True,,open copier,422,open copier,422
31015,27099,9,2350,5217,True,True,True,26104,5c e3 21 e3 21 c0 5c c0 5c e3 21 e3 21 c0 5c c0,0,0,4392,1719,open copier:2700;confined copier:1;non-copier:1691,422,open copier,01 c5 01 c5 01 c5 01 c5 01 c5 01 c5 01 c5 01 c5,3,5325,0.703125,1.0,0.46875,422,01 c5 01 c5 01 c5 01 c5 01 c5 01 c5 01 c5 01 c5,26104,5c e3 21 e3 21 c0 5c c0 5c e3 21 e3 21 c0 5c c0,True,,open copier,422,open copier,422
31015,27099,10,6468,5284,True,True,True,26104,5c e3 21 e3 21 c0 5c c0 5c e3 21 e3 21 c0 5c c0,0,0,4392,1719,open copier:2700;confined copier:1;non-copier:1691,422,open copier,01 c5 01 c5 01 c5 01 c5 01 c5 01 c5 01 c5 01 c5,3,5325,0.703125,1.0,0.46875,422,01 c5 01 c5 01 c5 01 c5 01 c5 01 c5 01 c5 01 c5,26104,5c e3 21 e3 21 c0 5c c0 5c e3 21 e3 21 c0 5c c0,True,,open copier,422,open copier,422
31015,27099,11,13139,5289,True,True,True,26104,5c e3 21 e3 21 c0 5c c0 5c e3 21 e3 21 c0 5c c0,0,0,4392,1719,open copier:2700;confined copier:1;non-copier:1691,422,open copier,01 c5 01 c5 01 c5 01 c5 01 c5 01 c5 01 c5 01 c5,3,5325,0.703125,1.0,0.46875,422,01 c5 01 c5 01 c5 01 c5 01 c5 01 c5 01 c5 01 c5,26104,5c e3 21 e3 21 c0 5c c0 5c e3 21 e3 21 c0 5c c0,True,,open copier,422,open copier,422
31015,27099,12,16154,5166,True,True,True,26104,5c e3 21 e3 21 c0 5c c0 5c e3 21 e3 21 c0 5c c0,0,0,4392,1719,open copier:2700;confined copier:1;non-copier:1691,422,open copier,01 c5 01 c5 01 c5 01 c5 01 c5 01 c5 01 c5 01 c5,3,5325,0.703125,1.0,0.46875,422,01 c5 01 c5 01 c5 01 c5 01 c5 01 c5 01 c5 01 c5,26104,5c e3 21 e3 21 c0 5c c0 5c e3 21 e3 21 c0 5c c0,True,,open copier,422,open copier,422
31015,27099,13,13983,5241,True,True,True,26104,5c e3 21 e3 21 c0 5c c0 5c e3 21 e3 21 c0 5c c0,0,0,4392,1719,open copier:2700;confined copier:1;non-copier:1691,422,open copier,01 c5 01 c5 01 c5 01 c5 01 c5 01 c5 01 c5 01 c5,3,5325,0.703125,1.0,0.46875,422,01 c5 01 c5 01 c5 01 c5 01 c5 01 c5 01 c5 01 c5,26104,5c e3 21 e3 21 c0 5c c0 5c e3 21 e3 21 c0 5c c0,True,,open copier,422,open copier,422
31015,27099,14,18975,5125,True,True,True,26104,5c e3 21 e3 21 c0 5c c0 5c e3 21 e3 21 c0 5c c0,0,0,4392,1719,open copier:2700;confined copier:1;non-copier:1691,422,open copier,01 c5 01 c5 01 c5 01 c5 01 c5 01 c5 01 c5 01 c5,3,5325,0.703125,1.0,0.46875,422,01 c5 01 c5 01 c5 01 c5 01 c5 01 c5 01 c5 01 c5,26104,5c e3 21 e3 21 c0 5c c0 5c e3 21 e3 21 c0 5c c0,True,,open copier,422,open copier,422
31015,27099,15,2339,5130,True,True,True,26104,5c e3 21 e3 21 c0 5c c0 5c e3 21 e3 21 c0 5c c0,0,0,4392,1719,open copier:2700;confined copier:1;non-copier:1691,422,open copier,01 c5 01 c5 01 c5 01 c5 01 c5 01 c5 01 c5 01 c5,3,5325,0.703125,1.0,0.46875,422,01 c5 01 c5 01 c5 01 c5 01 c5 01 c5 01 c5 01 c5,26104,5c e3 21 e3 21 c0 5c c0 5c e3 21 e3 21 c0 5c c0,True,,open copier,422,open copier,422
31015,27099,16,10121,5361,True,True,True,26104,5c e3 21 e3 21 c0 5c c0 5c e3 21 e3 21 c0 5c c0,0,0,4392,1719,open copier:2700;confined copier:1;non-copier:1691,422,open copier,01 c5 01 c5 01 c5 01 c5 01 c5 01 c5 01 c5 01 c5,3,5325,0.703125,1.0,0.46875,422,01 c5 01 c5 01 c5 01 c5 01 c5 01 c5 01 c5 01 c5,26104,5c e3 21 e3 21 c0 5c c0 5c e3 21 e3 21 c0 5c c0,True,,open copier,422,open copier,422
31015,27099,17,7432,5285,True,True,True,26104,5c e3 21 e3 21 c0 5c c0 5c e3 21 e3 21 c0 5c c0,0,0,4392,1719,open copier:2700;confined copier:1;non-copier:1691,422,open copier,01 c5 01 c5 01 c5 01 c5 01 c5 01 c5 01 c5 01 c5,3,5325,0.703125,1.0,0.46875,422,01 c5 01 c5 01 c5 01 c5 01 c5 01 c5 01 c5 01 c5,26104,5c e3 21 e3 21 c0 5c c0 5c e3 21 e3 21 c0 5c c0,True,,open copier,422,open copier,422
31015,27099,18,16611,5189,True,True,True,26104,5c e3 21 e3 21 c0 5c c0 5c e3 21 e3 21 c0 5c c0,0,0,4392,1719,open copier:2700;confined copier:1;non-copier:1691,422,open copier,01 c5 01 c5 01 c5 01 c5 01 c5 01 c5 01 c5 01 c5,3,5325,0.703125,1.0,0.46875,422,01 c5 01 c5 01 c5 01 c5 01 c5 01 c5 01 c5 01 c5,26104,5c e3 21 e3 21 c0 5c c0 5c e3 21 e3 21 c0 5c c0,True,,open copier,422,open copier,422
31015,27099,19,15022,5172,True,True,True,26104,5c e3 21 e3 21 c0 5c c0 5c e3 21 e3 21 c0 5c c0,0,0,4392,1719,open copier:2700;confined copier:1;non-copier:1691,422,open copier,01 c5 01 c5 01 c5 01 c5 01 c5 01 c5 01 c5 01 c5,3,5325,0.703125,1.0,0.46875,422,01 c5 01 c5 01 c5 01 c5 01 c5 01 c5 01 c5 01 c5,26104,5c e3 21 e3 21 c0 5c c0 5c e3 21 e3 21 c0 5c c0,True,,open copier,422,open copier,422
31015,27099,20,1110,5420,True,True,True,26104,5c e3 21 e3 21 c0 5c c0 5c e3 21 e3 21 c0 5c c0,0,0,4392,1719,open copier:2700;confined copier:1;non-copier:1691,422,open copier,01 c5 01 c5 01 c5 01 c5 01 c5 01 c5 01 c5 01 c5,3,5325,0.703125,1.0,0.46875,422,01 c5 01 c5 01 c5 01 c5 01 c5 01 c5 01 c5 01 c5,26104,5c e3 21 e3 21 c0 5c c0 5c e3 21 e3 21 c0 5c c0,True,,open copier,422,open copier,422
31015,27099,21,7871,5362,True,True,True,26104,5c e3 21 e3 21 c0 5c c0 5c e3 21 e3 21 c0 5c c0,0,0,4392,1719,open copier:2700;confined copier:1;non-copier:1691,422,open copier,01 c5 01 c5 01 c5 01 c5 01 c5 01 c5 01 c5 01 c5,3,5325,0.703125,1.0,0.46875,422,01 c5 01 c5 01 c5 01 c5 01 c5 01 c5 01 c5 01 c5,26104,5c e3 21 e3 21 c0 5c c0 5c e3 21 e3 21 c0 5c c0,True,,open copier,422,open copier,422
31015,27099,22,4174,5418,True,True,True,26104,5c e3 21 e3 21 c0 5c c0 5c e3 21 e3 21 c0 5c c0,0,0,4392,1719,open copier:2700;confined copier:1;non-copier:1691,422,open copier,01 c5 01 c5 01 c5 01 c5 01 c5 01 c5 01 c5 01 c5,3,5325,0.703125,1.0,0.46875,422,01 c5 01 c5 01 c5 01 c5 01 c5 01 c5 01 c5 01 c5,26104,5c e3 21 e3 21 c0 5c c0 5c e3 21 e3 21 c0 5c c0,True,,open copier,422,open copier,422
31015,27099,23,18097,5326,True,True,True,26104,5c e3 21 e3 21 c0 5c c0 5c e3 21 e3 21 c0 5c c0,0,0,4392,1719,open copier:2700;confined copier:1;non-copier:1691,422,open copier,01 c5 01 c5 01 c5 01 c5 01 c5 01 c5 01 c5 01 c5,3,5325,0.703125,1.0,0.46875,422,01 c5 01 c5 01 c5 01 c5 01 c5 01 c5 01 c5 01 c5,26104,5c e3 21 e3 21 c0 5c c0 5c e3 21 e3 21 c0 5c c0,True,,open copier,422,open copier,422
31015,27099,24,2784,5340,True,True,True,26104,5c e3 21 e3 21 c0 5c c0 5c e3 21 e3 21 c0 5c c0,0,0,4392,1719,open copier:2700;confined copier:1;non-copier:1691,422,open copier,01 c5 01 c5 01 c5 01 c5 01 c5 01 c5 01 c5 01 c5,3,5325,0.703125,1.0,0.46875,422,01 c5 01 c5 01 c5 01 c5 01 c5 01 c5 01 c5 01 c5,26104,5c e3 21 e3 21 c0 5c c0 5c e3 21 e3 21 c0 5c c0,True,,open copier,422,open copier,422
31015,27099,25,10215,5323,True,True,True,26104,5c e3 21 e3 21 c0 5c c0 5c e3 21 e3 21 c0 5c c0,0,0,4392,1719,open copier:2700;confined copier:1;non-copier:1691,422,open copier,01 c5 01 c5 01 c5 01 c5 01 c5 01 c5 01 c5 01 c5,3,5325,0.703125,1.0,0.46875,422,01 c5 01 c5 01 c5 01 c5 01 c5 01 c5 01 c5 01 c5,26104,5c e3 21 e3 21 c0 5c c0 5c e3 21 e3 21 c0 5c c0,True,,open copier,422,open copier,422
31015,27099,26,19811,5189,True,True,True,26104,5c e3 21 e3 21 c0 5c c0 5c e3 21 e3 21 c0 5c c0,0,0,4392,1719,open copier:2700;confined copier:1;non-copier:1691,422,open copier,01 c5 01 c5 01 c5 01 c5 01 c5 01 c5 01 c5 01 c5,3,5325,0.703125,1.0,0.46875,422,01 c5 01 c5 01 c5 01 c5 01 c5 01 c5 01 c5 01 c5,26104,5c e3 21 e3 21 c0 5c c0 5c e3 21 e3 21 c0 5c c0,True,,open copier,422,open copier,422
31015,27099,27,6947,5272,True,True,True,26104,5c e3 21 e3 21 c0 5c c0 5c e3 21 e3 21 c0 5c c0,0,0,4392,1719,open copier:2700;confined copier:1;non-copier:1691,422,open copier,01 c5 01 c5 01 c5 01 c5 01 c5 01 c5 01 c5 01 c5,3,5325,0.703125,1.0,0.46875,422,01 c5 01 c5 01 c5 01 c5 01 c5 01 c5 01 c5 01 c5,26104,5c e3 21 e3 21 c0 5c c0 5c e3 21 e3 21 c0 5c c0,True,,open copier,422,open copier,422
31015,27099,28,17550,5364,True,True,True,26104,5c e3 21 e3 21 c0 5c c0 5c e3 21 e3 21 c0 5c c0,0,0,4392,1719,open copier:2700;confined copier:1;non-copier:1691,422,open copier,01 c5 01 c5 01 c5 01 c5 01 c5 01 c5 01 c5 01 c5,3,5325,0.703125,1.0,0.46875,422,01 c5 01 c5 01 c5 01 c5 01 c5 01 c5 01 c5 01 c5,26104,5c e3 21 e3 21 c0 5c c0 5c e3 21 e3 21 c0 5c c0,True,,open copier,422,open copier,422
31015,27099,29,2124,5272,True,True,True,26104,5c e3 21 e3 21 c0 5c c0 5c e3 21 e3 21 c0 5c c0,0,0,4392,1719,open copier:2700;confined copier:1;non-copier:1691,422,open copier,01 c5 01 c5 01 c5 01 c5 01 c5 01 c5 01 c5 01 c5,3,5325,0.703125,1.0,0.46875,422,01 c5 01 c5 01 c5 01 c5 01 c5 01 c5 01 c5 01 c5,26104,5c e3 21 e3 21 c0 5c c0 5c e3 21 e3 21 c0 5c c0,True,,open copier,422,open copier,422
31015,27099,30,1984,5434,True,True,True,26104,5c e3 21 e3 21 c0 5c c0 5c e3 21 e3 21 c0 5c c0,0,0,4392,1719,open copier:2700;confined copier:1;non-copier:1691,422,open copier,01 c5 01 c5 01 c5 01 c5 01 c5 01 c5 01 c5 01 c5,3,5325,0.703125,1.0,0.46875,422,01 c5 01 c5 01 c5 01 c5 01 c5 01 c5 01 c5 01 c5,26104,5c e3 21 e3 21 c0 5c c0 5c e3 21 e3 21 c0 5c c0,True,,open copier,422,open copier,422
31015,27099,31,2308,5351,True,True,True,26104,5c e3 21 e3 21 c0 5c c0 5c e3 21 e3 21 c0 5c c0,0,0,4392,1719,open copier:2700;confined copier:1;non-copier:1691,422,open copier,01 c5 01 c5 01 c5 01 c5 01 c5 01 c5 01 c5 01 c5,3,5325,0.703125,1.0,0.46875,422,01 c5 01 c5 01 c5 01 c5 01 c5 01 c5 01 c5 01 c5,26104,5c e3 21 e3 21 c0 5c c0 5c e3 21 e3 21 c0 5c c0,True,,open copier,422,open copier,422
31015,27099,32,17376,5293,True,True,True,26104,5c e3 21 e3 21 c0 5c c0 5c e3 21 e3 21 c0 5c c0,0,0,4392,1719,open copier:2700;confined copier:1;non-copier:1691,422,open copier,01 c5 01 c5 01 c5 01 c5 01 c5 01 c5 01 c5 01 c5,3,5325,0.703125,1.0,0.46875,422,01 c5 01 c5 01 c5 01 c5 01 c5 01 c5 01 c5 01 c5,26104,5c e3 21 e3 21 c0 5c c0 5c e3 21 e3 21 c0 5c c0,True,,open copier,422,open copier,422
31015,27099,33,6929,5460,True,True,True,26104,5c e3 21 e3 21 c0 5c c0 5c e3 21 e3 21 c0 5c c0,0,0,4392,1719,open copier:2700;confined copier:1;non-copier:1691,422,open copier,01 c5 01 c5 01 c5 01 c5 01 c5 01 c5 01 c5 01 c5,3,5325,0.703125,1.0,0.46875,422,01 c5 01 c5 01 c5 01 c5 01 c5 01 c5 01 c5 01 c5,26104,5c e3 21 e3 21 c0 5c c0 5c e3 21 e3 21 c0 5c c0,True,,open copier,422,open copier,422
31015,27099,34,19542,5358,True,True,True,26104,5c e3 21 e3 21 c0 5c c0 5c e3 21 e3 21 c0 5c c0,0,0,4392,1719,open copier:2700;confined copier:1;non-copier:1691,422,open copier,01 c5 01 c5 01 c5 01 c5 01 c5 01 c5 01 c5 01 c5,3,5325,0.703125,1.0,0.46875,422,01 c5 01 c5 01 c5 01 c5 01 c5 01 c5 01 c5 01 c5,26104,5c e3 21 e3 21 c0 5c c0 5c e3 21 e3 21 c0 5c c0,True,,open copier,422,open copier,422
31015,27099,35,7322,5216,True,True,True,26104,5c e3 21 e3 21 c0 5c c0 5c e3 21 e3 21 c0 5c c0,0,0,4392,1719,open copier:2700;confined copier:1;non-copier:1691,422,open copier,01 c5 01 c5 01 c5 01 c5 01 c5 01 c5 01 c5 01 c5,3,5325,0.703125,1.0,0.46875,422,01 c5 01 c5 01 c5 01 c5 01 c5 01 c5 01 c5 01 c5,26104,5c e3 21 e3 21 c0 5c c0 5c e3 21 e3 21 c0 5c c0,True,,open copier,422,open copier,422
31015,27099,36,3822,5342,True,True,True,26104,5c e3 21 e3 21 c0 5c c0 5c e3 21 e3 21 c0 5c c0,0,0,4392,1719,open copier:2700;confined copier:1;non-copier:1691,422,open copier,01 c5 01 c5 01 c5 01 c5 01 c5 01 c5 01 c5 01 c5,3,5325,0.703125,1.0,0.46875,422,01 c5 01 c5 01 c5 01 c5 01 c5 01 c5 01 c5 01 c5,26104,5c e3 21 e3 21 c0 5c c0 5c e3 21 e3 21 c0 5c c0,True,,open copier,422,open copier,422
31015,27099,37,12505,5354,True,True,True,26104,5c e3 21 e3 21 c0 5c c0 5c e3 21 e3 21 c0 5c c0,0,0,4392,1719,open copier:2700;confined copier:1;non-copier:1691,422,open copier,01 c5 01 c5 01 c5 01 c5 01 c5 01 c5 01 c5 01 c5,3,5325,0.703125,1.0,0.46875,422,01 c5 01 c5 01 c5 01 c5 01 c5 01 c5 01 c5 01 c5,26104,5c e3 21 e3 21 c0 5c c0 5c e3 21 e3 21 c0 5c c0,True,,open copier,422,open copier,422
31015,27099,38,13245,5370,True,True,True,26104,5c e3 21 e3 21 c0 5c c0 5c e3 21 e3 21 c0 5c c0,0,0,4392,1719,open copier:2700;confined copier:1;non-copier:1691,422,open copier,01 c5 01 c5 01 c5 01 c5 01 c5 01 c5 01 c5 01 c5,3,5325,0.703125,1.0,0.46875,422,01 c5 01 c5 01 c5 01 c5 01 c5 01 c5 01 c5 01 c5,26104,5c e3 21 e3 21 c0 5c c0 5c e3 21 e3 21 c0 5c c0,True,,open copier,422,open copier,422
31015,27099,39,11167,5272,True,True,True,26104,5c e3 21 e3 21 c0 5c c0 5c e3 21 e3 21 c0 5c c0,0,0,4392,1719,open copier:2700;confined copier:1;non-copier:1691,422,open copier,01 c5 01 c5 01 c5 01 c5 01 c5 01 c5 01 c5 01 c5,3,5325,0.703125,1.0,0.46875,422,01 c5 01 c5 01 c5 01 c5 01 c5 01 c5 01 c5 01 c5,26104,5c e3 21 e3 21 c0 5c c0 5c e3 21 e3 21 c0 5c c0,True,,open copier,422,open copier,422
31015,27099,40,16915,5294,True,True,True,26104,5c e3 21 e3 21 c0 5c c0 5c e3 21 e3 21 c0 5c c0,0,0,4392,1719,open copier:2700;confined copier:1;non-copier:1691,422,open copier,01 c5 01 c5 01 c5 01 c5 01 c5 01 c5 01 c5 01 c5,3,5325,0.703125,1.0,0.46875,422,01 c5 01 c5 01 c5 01 c5 01 c5 01 c5 01 c5 01 c5,26104,5c e3 21 e3 21 c0 5c c0 5c e3 21 e3 21 c0 5c c0,True,,open copier,422,open copier,422
31015,27099,41,3113,5263,True,True,True,26104,5c e3 21 e3 21 c0 5c c0 5c e3 21 e3 21 c0 5c c0,0,0,4392,1719,open copier:2700;confined copier:1;non-copier:1691,422,open copier,01 c5 01 c5 01 c5 01 c5 01 c5 01 c5 01 c5 01 c5,3,5325,0.703125,1.0,0.46875,422,01 c5 01 c5 01 c5 01 c5 01 c5 01 c5 01 c5 01 c5,26104,5c e3 21 e3 21 c0 5c c0 5c e3 21 e3 21 c0 5c c0,True,,open copier,422,open copier,422
31015,27099,42,1657,5307,True,True,True,26104,5c e3 21 e3 21 c0 5c c0 5c e3 21 e3 21 c0 5c c0,0,0,4392,1719,open copier:2700;confined copier:1;non-copier:1691,422,open copier,01 c5 01 c5 01 c5 01 c5 01 c5 01 c5 01 c5 01 c5,3,5325,0.703125,1.0,0.46875,422,01 c5 01 c5 01 c5 01 c5 01 c5 01 c5 01 c5 01 c5,26104,5c e3 21 e3 21 c0 5c c0 5c e3 21 e3 21 c0 5c c0,True,,open copier,422,open copier,422
31015,27099,43,2258,5383,True,True,True,26104,5c e3 21 e3 21 c0 5c c0 5c e3 21 e3 21 c0 5c c0,0,0,4392,1719,open copier:2700;confined copier:1;non-copier:1691,422,open copier,01 c5 01 c5 01 c5 01 c5 01 c5 01 c5 01 c5 01 c5,3,5325,0.703125,1.0,0.46875,422,01 c5 01 c5 01 c5 01 c5 01 c5 01 c5 01 c5 01 c5,26104,5c e3 21 e3 21 c0 5c c0 5c e3 21 e3 21 c0 5c c0,True,,open copier,422,open copier,422
31015,27099,44,19231,5433,True,True,True,26104,5c e3 21 e3 21 c0 5c c0 5c e3 21 e3 21 c0 5c c0,0,0,4392,1719,open copier:2700;confined copier:1;non-copier:1691,422,open copier,01 c5 01 c5 01 c5 01 c5 01 c5 01 c5 01 c5 01 c5,3,5325,0.703125,1.0,0.46875,422,01 c5 01 c5 01 c5 01 c5 01 c5 01 c5 01 c5 01 c5,26104,5c e3 21 e3 21 c0 5c c0 5c e3 21 e3 21 c0 5c c0,True,,open copier,422,open copier,422
31015,27099,45,6609,5392,True,True,True,26104,5c e3 21 e3 21 c0 5c c0 5c e3 21 e3 21 c0 5c c0,0,0,4392,1719,open copier:2700;confined copier:1;non-copier:1691,422,open copier,01 c5 01 c5 01 c5 01 c5 01 c5 01 c5 01 c5 01 c5,3,5325,0.703125,1.0,0.46875,422,01 c5 01 c5 01 c5 01 c5 01 c5 01 c5 01 c5 01 c5,26104,5c e3 21 e3 21 c0 5c c0 5c e3 21 e3 21 c0 5c c0,True,,open copier,422,open copier,422
31015,27099,46,13130,5368,True,True,True,26104,5c e3 21 e3 21 c0 5c c0 5c e3 21 e3 21 c0 5c c0,0,0,4392,1719,open copier:2700;confined copier:1;non-copier:1691,422,open copier,01 c5 01 c5 01 c5 01 c5 01 c5 01 c5 01 c5 01 c5,3,5325,0.703125,1.0,0.46875,422,01 c5 01 c5 01 c5 01 c5 01 c5 01 c5 01 c5 01 c5,26104,5c e3 21 e3 21 c0 5c c0 5c e3 21 e3 21 c0 5c c0,True,,open copier,422,open copier,422
31015,27099,47,2806,5313,True,True,True,26104,5c e3 21 e3 21 c0 5c c0 5c e3 21 e3 21 c0 5c c0,0,0,4392,1719,open copier:2700;confined copier:1;non-copier:1691,422,open copier,01 c5 01 c5 01 c5 01 c5 01 c5 01 c5 01 c5 01 c5,3,5325,0.703125,1.0,0.46875,422,01 c5 01 c5 01 c5 01 c5 01 c5 01 c5 01 c5 01 c5,26104,5c e3 21 e3 21 c0 5c c0 5c e3 21 e3 21 c0 5c c0,True,,open copier,422,open copier,422
31015,27099,48,15310,5338,True,True,True,26104,5c e3 21 e3 21 c0 5c c0 5c e3 21 e3 21 c0 5c c0,0,0,4392,1719,open copier:2700;confined copier:1;non-copier:1691,422,open copier,01 c5 01 c5 01 c5 01 c5 01 c5 01 c5 01 c5 01 c5,3,5325,0.703125,1.0,0.46875,422,01 c5 01 c5 01 c5 01 c5 01 c5 01 c5 01 c5 01 c5,26104,5c e3 21 e3 21 c0 5c c0 5c e3 21 e3 21 c0 5c c0,True,,open copier,422,open copier,422
31015,27099,49,11754,5350,True,True,True,26104,5c e3 21 e3 21 c0 5c c0 5c e3 21 e3 21 c0 5c c0,0,0,4392,1719,open copier:2700;confined copier:1;non-copier:1691,422,open copier,01 c5 01 c5 01 c5 01 c5 01 c5 01 c5 01 c5 01 c5,3,5325,0.703125,1.0,0.46875,422,01 c5 01 c5 01 c5 01 c5 01 c5 01 c5 01 c5 01 c5,26104,5c e3 21 e3 21 c0 5c c0 5c e3 21 e3 21 c0 5c c0,True,,open copier,422,open copier,422
31015,27099,50,14217,5269,True,True,True,26104,5c e3 21 e3 21 c0 5c c0 5c e3 21 e3 21 c0 5c c0,0,0,4392,1719,open copier:2700;confined copier:1;non-copier:1691,422,open copier,01 c5 01 c5 01 c5 01 c5 01 c5 01 c5 01 c5 01 c5,3,5325,0.703125,1.0,0.46875,422,01 c5 01 c5 01 c5 01 c5 01 c5 01 c5 01 c5 01 c5,26104,5c e3 21 e3 21 c0 5c c0 5c e3 21 e3 21 c0 5c c0,True,,open copier,422,open copier,422
31015,27099,51,1914,5426,True,True,True,26104,5c e3 21 e3 21 c0 5c c0 5c e3 21 e3 21 c0 5c c0,0,0,4392,1719,open copier:2700;confined copier:1;non-copier:1691,422,open copier,01 c5 01 c5 01 c5 01 c5 01 c5 01 c5 01 c5 01 c5,3,5325,0.703125,1.0,0.46875,422,01 c5 01 c5 01 c5 01 c5 01 c5 01 c5 01 c5 01 c5,26104,5c e3 21 e3 21 c0 5c c0 5c e3 21 e3 21 c0 5c c0,True,,open copier,422,open copier,422
31015,27099,52,19097,5339,True,True,True,26104,5c e3 21 e3 21 c0 5c c0 5c e3 21 e3 21 c0 5c c0,0,0,4392,1719,open copier:2700;confined copier:1;non-copier:1691,422,open copier,01 c5 01 c5 01 c5 01 c5 01 c5 01 c5 01 c5 01 c5,3,5325,0.703125,1.0,0.46875,422,01 c5 01 c5 01 c5 01 c5 01 c5 01 c5 01 c5 01 c5,26104,5c e3 21 e3 21 c0 5c c0 5c e3 21 e3 21 c0 5c c0,True,,open copier,422,open copier,422
31015,27099,53,14793,5282,True,True,True,26104,5c e3 21 e3 21 c0 5c c0 5c e3 21 e3 21 c0 5c c0,0,0,4392,1719,open copier:2700;confined copier:1;non-copier:1691,422,open copier,01 c5 01 c5 01 c5 01 c5 01 c5 01 c5 01 c5 01 c5,3,5325,0.703125,1.0,0.46875,422,01 c5 01 c5 01 c5 01 c5 01 c5 01 c5 01 c5 01 c5,26104,5c e3 21 e3 21 c0 5c c0 5c e3 21 e3 21 c0 5c c0,True,,open copier,422,open copier,422
31015,27099,54,10733,5341,True,True,True,26104,5c e3 21 e3 21 c0 5c c0 5c e3 21 e3 21 c0 5c c0,0,0,4392,1719,open copier:2700;confined copier:1;non-copier:1691,422,open copier,01 c5 01 c5 01 c5 01 c5 01 c5 01 c5 01 c5 01 c5,3,5325,0.703125,1.0,0.46875,422,01 c5 01 c5 01 c5 01 c5 01 c5 01 c5 01 c5 01 c5,26104,5c e3 21 e3 21 c0 5c c0 5c e3 21 e3 21 c0 5c c0,True,,open copier,422,open copier,422
31015,27099,55,4810,5367,True,True,True,26104,5c e3 21 e3 21 c0 5c c0 5c e3 21 e3 21 c0 5c c0,0,0,4392,1719,open copier:2700;confined copier:1;non-copier:1691,422,open copier,01 c5 01 c5 01 c5 01 c5 01 c5 01 c5 01 c5 01 c5,3,5325,0.703125,1.0,0.46875,422,01 c5 01 c5 01 c5 01 c5 01 c5 01 c5 01 c5 01 c5,26104,5c e3 21 e3 21 c0 5c c0 5c e3 21 e3 21 c0 5c c0,True,,open copier,422,open copier,422
31015,27099,56,4131,5330,True,True,True,26104,5c e3 21 e3 21 c0 5c c0 5c e3 21 e3 21 c0 5c c0,0,0,4392,1719,open copier:2700;confined copier:1;non-copier:1691,422,open copier,01 c5 01 c5 01 c5 01 c5 01 c5 01 c5 01 c5 01 c5,3,5325,0.703125,1.0,0.46875,422,01 c5 01 c5 01 c5 01 c5 01 c5 01 c5 01 c5 01 c5,26104,5c e3 21 e3 21 c0 5c c0 5c e3 21 e3 21 c0 5c c0,True,,open copier,422,open copier,422
31015,27099,57,7835,5353,True,True,True,26104,5c e3 21 e3 21 c0 5c c0 5c e3 21 e3 21 c0 5c c0,0,0,4392,1719,open copier:2700;confined copier:1;non-copier:1691,422,open copier,01 c5 01 c5 01 c5 01 c5 01 c5 01 c5 01 c5 01 c5,3,5325,0.703125,1.0,0.46875,422,01 c5 01 c5 01 c5 01 c5 01 c5 01 c5 01 c5 01 c5,26104,5c e3 21 e3 21 c0 5c c0 5c e3 21 e3 21 c0 5c c0,True,,open copier,422,open copier,422
31015,27099,58,19701,5402,True,True,True,26104,5c e3 21 e3 21 c0 5c c0 5c e3 21 e3 21 c0 5c c0,0,0,4392,1719,open copier:2700;confined copier:1;non-copier:1691,422,open copier,01 c5 01 c5 01 c5 01 c5 01 c5 01 c5 01 c5 01 c5,3,5325,0.703125,1.0,0.46875,422,01 c5 01 c5 01 c5 01 c5 01 c5 01 c5 01 c5 01 c5,26104,5c e3 21 e3 21 c0 5c c0 5c e3 21 e3 21 c0 5c c0,True,,open copier,422,open copier,422
31015,27099,59,12026,5347,True,True,True,26104,5c e3 21 e3 21 c0 5c c0 5c e3 21 e3 21 c0 5c c0,0,0,4392,1719,open copier:2700;confined copier:1;non-copier:1691,422,open copier,01 c5 01 c5 01 c5 01 c5 01 c5 01 c5 01 c5 01 c5,3,5325,0.703125,1.0,0.46875,422,01 c5 01 c5 01 c5 01 c5 01 c5 01 c5 01 c5 01 c5,26104,5c e3 21 e3 21 c0 5c c0 5c e3 21 e3 21 c0 5c c0,True,,open copier,422,open copier,422
31015,27099,60,8755,5312,True,True,True,26104,5c e3 21 e3 21 c0 5c c0 5c e3 21 e3 21 c0 5c c0,0,0,4392,1719,open copier:2700;confined copier:1;non-copier:1691,422,open copier,01 c5 01 c5 01 c5 01 c5 01 c5 01 c5 01 c5 01 c5,3,5325,0.703125,1.0,0.46875,422,01 c5 01 c5 01 c5 01 c5 01 c5 01 c5 01 c5 01 c5,26104,5c e3 21 e3 21 c0 5c c0 5c e3 21 e3 21 c0 5c c0,True,,open copier,422,open copier,422
31015,27099,61,7674,5300,True,True,True,26104,5c e3 21 e3 21 c0 5c c0 5c e3 21 e3 21 c0 5c c0,0,0,4392,1719,open copier:2700;confined copier:1;non-copier:1691,422,open copier,01 c5 01 c5 01 c5 01 c5 01 c5 01 c5 01 c5 01 c5,3,5325,0.703125,1.0,0.46875,422,01 c5 01 c5 01 c5 01 c5 01 c5 01 c5 01 c5 01 c5,26104,5c e3 21 e3 21 c0 5c c0 5c e3 21 e3 21 c0 5c c0,True,,open copier,422,open copier,422
31015,27099,62,14000,5414,True,True,True,26104,5c e3 21 e3 21 c0 5c c0 5c e3 21 e3 21 c0 5c c0,0,0,4392,1719,open copier:2700;confined copier:1;non-copier:1691,422,open copier,01 c5 01 c5 01 c5 01 c5 01 c5 01 c5 01 c5 01 c5,3,5325,0.703125,1.0,0.46875,422,01 c5 01 c5 01 c5 01 c5 01 c5 01 c5 01 c5 01 c5,26104,5c e3 21 e3 21 c0 5c c0 5c e3 21 e3 21 c0 5c c0,True,,open copier,422,open copier,422
31015,27099,63,6630,5356,True,True,True,26104,5c e3 21 e3 21 c0 5c c0 5c e3 21 e3 21 c0 5c c0,0,0,4392,1719,open copier:2700;confined copier:1;non-copier:1691,422,open copier,01 c5 01 c5 01 c5 01 c5 01 c5 01 c5 01 c5 01 c5,3,5325,0.703125,1.0,0.46875,422,01 c5 01 c5 01 c5 01 c5 01 c5 01 c5 01 c5 01 c5,26104,5c e3 21 e3 21 c0 5c c0 5c e3 21 e3 21 c0 5c c0,True,,open copier,422,open copier,422
31016,31296,0,18778,5918,True,True,False,30424,4d e3 21 e3 21 e0 4d e0 4d e3 21 e3 21 e0 4d e0,0,0,5066,1838,open copier:3275;confined copier:1;non-copier:1790,329,open copier,01 c5 01 c5 01 c5 01 c5 01 c5 01 c5 01 c5 01 c5,2,5897,0.703125,1.0,0.46875,329,01 c5 01 c5 01 c5 01 c5 01 c5 01 c5 01 c5 01 c5,30424,4d e3 21 e3 21 e0 4d e0 4d e3 21 e3 21 e0 4d e0,True,,open copier,329,open copier,329
31016,31296,1,15529,5968,True,True,False,30424,4d e3 21 e3 21 e0 4d e0 4d e3 21 e3 21 e0 4d e0,0,0,5066,1838,open copier:3275;confined copier:1;non-copier:1790,329,open copier,01 c5 01 c5 01 c5 01 c5 01 c5 01 c5 01 c5 01 c5,2,5897,0.703125,1.0,0.46875,329,01 c5 01 c5 01 c5 01 c5 01 c5 01 c5 01 c5 01 c5,30424,4d e3 21 e3 21 e0 4d e0 4d e3 21 e3 21 e0 4d e0,True,,open copier,329,open copier,329
31016,31296,2,14310,6061,True,True,False,30424,4d e3 21 e3 21 e0 4d e0 4d e3 21 e3 21 e0 4d e0,0,0,5066,1838,open copier:3275;confined copier:1;non-copier:1790,329,open copier,01 c5 01 c5 01 c5 01 c5 01 c5 01 c5 01 c5 01 c5,2,5897,0.703125,1.0,0.46875,329,01 c5 01 c5 01 c5 01 c5 01 c5 01 c5 01 c5 01 c5,30424,4d e3 21 e3 21 e0 4d e0 4d e3 21 e3 21 e0 4d e0,True,,open copier,329,open copier,329
31016,31296,3,3460,6139,True,True,True,30236,4d e3 21 e3 21 e0 4d e0 4d e3 21 e3 21 e0 4d e0,0,0,5033,1828,open copier:3254;confined copier:1;non-copier:1778,329,open copier,01 c5 01 c5 01 c5 01 c5 01 c5 01 c5 01 c5 01 c5,2,5897,0.703125,1.0,0.46875,329,01 c5 01 c5 01 c5 01 c5 01 c5 01 c5 01 c5 01 c5,30236,4d e3 21 e3 21 e0 4d e0 4d e3 21 e3 21 e0 4d e0,True,,open copier,329,open copier,329
31016,31296,4,17956,5906,True,True,False,30424,4d e3 21 e3 21 e0 4d e0 4d e3 21 e3 21 e0 4d e0,0,0,5066,1838,open copier:3275;confined copier:1;non-copier:1790,329,open copier,01 c5 01 c5 01 c5 01 c5 01 c5 01 c5 01 c5 01 c5,2,5897,0.703125,1.0,0.46875,329,01 c5 01 c5 01 c5 01 c5 01 c5 01 c5 01 c5 01 c5,30424,4d e3 21 e3 21 e0 4d e0 4d e3 21 e3 21 e0 4d e0,True,,open copier,329,open copier,329
31016,31296,5,3197,6085,True,True,True,30236,4d e3 21 e3 21 e0 4d e0 4d e3 21 e3 21 e0 4d e0,0,0,5033,1828,open copier:3254;confined copier:1;non-copier:1778,329,open copier,01 c5 01 c5 01 c5 01 c5 01 c5 01 c5 01 c5 01 c5,2,5897,0.703125,1.0,0.46875,329,01 c5 01 c5 01 c5 01 c5 01 c5 01 c5 01 c5 01 c5,30236,4d e3 21 e3 21 e0 4d e0 4d e3 21 e3 21 e0 4d e0,True,,open copier,329,open copier,329
31016,31296,6,16216,5993,True,True,False,30424,4d e3 21 e3 21 e0 4d e0 4d e3 21 e3 21 e0 4d e0,0,0,5066,1838,open copier:3275;confined copier:1;non-copier:1790,329,open copier,01 c5 01 c5 01 c5 01 c5 01 c5 01 c5 01 c5 01 c5,2,5897,0.703125,1.0,0.46875,329,01 c5 01 c5 01 c5 01 c5 01 c5 01 c5 01 c5 01 c5,30424,4d e3 21 e3 21 e0 4d e0 4d e3 21 e3 21 e0 4d e0,True,,open copier,329,open copier,329
31016,31296,7,12369,6071,True,True,False,30424,4d e3 21 e3 21 e0 4d e0 4d e3 21 e3 21 e0 4d e0,0,0,5066,1838,open copier:3275;confined copier:1;non-copier:1790,329,open copier,01 c5 01 c5 01 c5 01 c5 01 c5 01 c5 01 c5 01 c5,2,5897,0.703125,1.0,0.46875,329,01 c5 01 c5 01 c5 01 c5 01 c5 01 c5 01 c5 01 c5,30424,4d e3 21 e3 21 e0 4d e0 4d e3 21 e3 21 e0 4d e0,True,,open copier,329,open copier,329
31016,31296,8,5463,5981,True,True,True,30236,4d e3 21 e3 21 e0 4d e0 4d e3 21 e3 21 e0 4d e0,0,0,5033,1828,open copier:3254;confined copier:1;non-copier:1778,329,open copier,01 c5 01 c5 01 c5 01 c5 01 c5 01 c5 01 c5 01 c5,2,5897,0.703125,1.0,0.46875,329,01 c5 01 c5 01 c5 01 c5 01 c5 01 c5 01 c5 01 c5,30236,4d e3 21 e3 21 e0 4d e0 4d e3 21 e3 21 e0 4d e0,True,,open copier,329,open copier,329
31016,31296,9,4976,5968,True,True,True,30236,4d e3 21 e3 21 e0 4d e0 4d e3 21 e3 21 e0 4d e0,0,0,5033,1828,open copier:3254;confined copier:1;non-copier:1778,329,open copier,01 c5 01 c5 01 c5 01 c5 01 c5 01 c5 01 c5 01 c5,2,5897,0.703125,1.0,0.46875,329,01 c5 01 c5 01 c5 01 c5 01 c5 01 c5 01 c5 01 c5,30236,4d e3 21 e3 21 e0 4d e0 4d e3 21 e3 21 e0 4d e0,True,,open copier,329,open copier,329
31016,31296,10,19132,5896,True,True,True,30236,4d e3 21 e3 21 e0 4d e0 4d e3 21 e3 21 e0 4d e0,0,0,5033,1828,open copier:3254;confined copier:1;non-copier:1778,329,open copier,01 c5 01 c5 01 c5 01 c5 01 c5 01 c5 01 c5 01 c5,2,5897,0.703125,1.0,0.46875,329,01 c5 01 c5 01 c5 01 c5 01 c5 01 c5 01 c5 01 c5,30236,4d e3 21 e3 21 e0 4d e0 4d e3 21 e3 21 e0 4d e0,True,,open copier,329,open copier,329
31016,31296,11,13760,6050,True,True,False,30424,4d e3 21 e3 21 e0 4d e0 4d e3 21 e3 21 e0 4d e0,0,0,5066,1838,open copier:3275;confined copier:1;non-copier:1790,329,open copier,01 c5 01 c5 01 c5 01 c5 01 c5 01 c5 01 c5 01 c5,2,5897,0.703125,1.0,0.46875,329,01 c5 01 c5 01 c5 01 c5 01 c5 01 c5 01 c5 01 c5,30424,4d e3 21 e3 21 e0 4d e0 4d e3 21 e3 21 e0 4d e0,True,,open copier,329,open copier,329
31016,31296,12,4005,5981,True,True,True,30236,4d e3 21 e3 21 e0 4d e0 4d e3 21 e3 21 e0 4d e0,0,0,5033,1828,open copier:3254;confined copier:1;non-copier:1778,329,open copier,01 c5 01 c5 01 c5 01 c5 01 c5 01 c5 01 c5 01 c5,2,5897,0.703125,1.0,0.46875,329,01 c5 01 c5 01 c5 01 c5 01 c5 01 c5 01 c5 01 c5,30236,4d e3 21 e3 21 e0 4d e0 4d e3 21 e3 21 e0 4d e0,True,,open copier,329,open copier,329
31016,31296,13,8292,5972,True,True,True,30236,4d e3 21 e3 21 e0 4d e0 4d e3 21 e3 21 e0 4d e0,0,0,5033,1828,open copier:3254;confined copier:1;non-copier:1778,329,open copier,01 c5 01 c5 01 c5 01 c5 01 c5 01 c5 01 c5 01 c5,2,5897,0.703125,1.0,0.46875,329,01 c5 01 c5 01 c5 01 c5 01 c5 01 c5 01 c5 01 c5,30236,4d e3 21 e3 21 e0 4d e0 4d e3 21 e3 21 e0 4d e0,True,,open copier,329,open copier,329
31016,31296,14,2339,6086,True,True,True,30236,4d e3 21 e3 21 e0 4d e0 4d e3 21 e3 21 e0 4d e0,0,0,5033,1828,open copier:3254;confined copier:1;non-copier:1778,329,open copier,01 c5 01 c5 01 c5 01 c5 01 c5 01 c5 01 c5 01 c5,2,5897,0.703125,1.0,0.46875,329,01 c5 01 c5 01 c5 01 c5 01 c5 01 c5 01 c5 01 c5,30236,4d e3 21 e3 21 e0 4d e0 4d e3 21 e3 21 e0 4d e0,True,,open copier,329,open copier,329
31016,31296,15,10206,5934,True,True,True,30236,4d e3 21 e3 21 e0 4d e0 4d e3 21 e3 21 e0 4d e0,0,0,5033,1828,open copier:3254;confined copier:1;non-copier:1778,329,open copier,01 c5 01 c5 01 c5 01 c5 01 c5 01 c5 01 c5 01 c5,2,5897,0.703125,1.0,0.46875,329,01 c5 01 c5 01 c5 01 c5 01 c5 01 c5 01 c5 01 c5,30236,4d e3 21 e3 21 e0 4d e0 4d e3 21 e3 21 e0 4d e0,True,,open copier,329,open copier,329
31016,31296,16,3339,5977,True,True,True,30236,4d e3 21 e3 21 e0 4d e0 4d e3 21 e3 21 e0 4d e0,0,0,5033,1828,open copier:3254;confined copier:1;non-copier:1778,329,open copier,01 c5 01 c5 01 c5 01 c5 01 c5 01 c5 01 c5 01 c5,2,5897,0.703125,1.0,0.46875,329,01 c5 01 c5 01 c5 01 c5 01 c5 01 c5 01 c5 01 c5,30236,4d e3 21 e3 21 e0 4d e0 4d e3 21 e3 21 e0 4d e0,True,,open copier,329,open copier,329
31016,31296,17,6490,5929,True,True,True,30236,4d e3 21 e3 21 e0 4d e0 4d e3 21 e3 21 e0 4d e0,0,0,5033,1828,open copier:3254;confined copier:1;non-copier:1778,329,open copier,01 c5 01 c5 01 c5 01 c5 01 c5 01 c5 01 c5 01 c5,2,5897,0.703125,1.0,0.46875,329,01 c5 01 c5 01 c5 01 c5 01 c5 01 c5 01 c5 01 c5,30236,4d e3 21 e3 21 e0 4d e0 4d e3 21 e3 21 e0 4d e0,True,,open copier,329,open copier,329
31016,31296,18,17414,5975,True,True,True,30236,4d e3 21 e3 21 e0 4d e0 4d e3 21 e3 21 e0 4d e0,0,0,5033,1828,open copier:3254;confined copier:1;non-copier:1778,329,open copier,01 c5 01 c5 01 c5 01 c5 01 c5 01 c5 01 c5 01 c5,2,5897,0.703125,1.0,0.46875,329,01 c5 01 c5 01 c5 01 c5 01 c5 01 c5 01 c5 01 c5,30236,4d e3 21 e3 21 e0 4d e0 4d e3 21 e3 21 e0 4d e0,True,,open copier,329,open copier,329
31016,31296,19,11653,6012,True,True,True,30236,4d e3 21 e3 21 e0 4d e0 4d e3 21 e3 21 e0 4d e0,0,0,5033,1828,open copier:3254;confined copier:1;non-copier:1778,329,open copier,01 c5 01 c5 01 c5 01 c5 01 c5 01 c5 01 c5 01 c5,2,5897,0.703125,1.0,0.46875,329,01 c5 01 c5 01 c5 01 c5 01 c5 01 c5 01 c5 01 c5,30236,4d e3 21 e3 21 e0 4d e0 4d e3 21 e3 21 e0 4d e0,True,,open copier,329,open copier,329
31016,31296,20,8199,6049,True,True,True,30236,4d e3 21 e3 21 e0 4d e0 4d e3 21 e3 21 e0 4d e0,0,0,5033,1828,open copier:3254;confined copier:1;non-copier:1778,329,open copier,01 c5 01 c5 01 c5 01 c5 01 c5 01 c5 01 c5 01 c5,2,5897,0.703125,1.0,0.46875,329,01 c5 01 c5 01 c5 01 c5 01 c5 01 c5 01 c5 01 c5,30236,4d e3 21 e3 21 e0 4d e0 4d e3 21 e3 21 e0 4d e0,True,,open copier,329,open copier,329
31016,31296,21,10746,5892,True,True,True,30236,4d e3 21 e3 21 e0 4d e0 4d e3 21 e3 21 e0 4d e0,0,0,5033,1828,open copier:3254;confined copier:1;non-copier:1778,329,open copier,01 c5 01 c5 01 c5 01 c5 01 c5 01 c5 01 c5 01 c5,2,5897,0.703125,1.0,0.46875,329,01 c5 01 c5 01 c5 01 c5 01 c5 01 c5 01 c5 01 c5,30236,4d e3 21 e3 21 e0 4d e0 4d e3 21 e3 21 e0 4d e0,True,,open copier,329,open copier,329
31016,31296,22,8787,6077,True,True,True,30236,4d e3 21 e3 21 e0 4d e0 4d e3 21 e3 21 e0 4d e0,0,0,5033,1828,open copier:3254;confined copier:1;non-copier:1778,329,open copier,01 c5 01 c5 01 c5 01 c5 01 c5 01 c5 01 c5 01 c5,2,5897,0.703125,1.0,0.46875,329,01 c5 01 c5 01 c5 01 c5 01 c5 01 c5 01 c5 01 c5,30236,4d e3 21 e3 21 e0 4d e0 4d e3 21 e3 21 e0 4d e0,True,,open copier,329,open copier,329
31016,31296,23,699,5975,True,True,True,30236,4d e3 21 e3 21 e0 4d e0 4d e3 21 e3 21 e0 4d e0,0,0,5033,1828,open copier:3254;confined copier:1;non-copier:1778,329,open copier,01 c5 01 c5 01 c5 01 c5 01 c5 01 c5 01 c5 01 c5,2,5897,0.703125,1.0,0.46875,329,01 c5 01 c5 01 c5 01 c5 01 c5 01 c5 01 c5 01 c5,30236,4d e3 21 e3 21 e0 4d e0 4d e3 21 e3 21 e0 4d e0,True,,open copier,329,open copier,329
31016,31296,24,14111,6060,True,True,False,30424,4d e3 21 e3 21 e0 4d e0 4d e3 21 e3 21 e0 4d e0,0,0,5066,1838,open copier:3275;confined copier:1;non-copier:1790,329,open copier,01 c5 01 c5 01 c5 01 c5 01 c5 01 c5 01 c5 01 c5,2,5897,0.703125,1.0,0.46875,329,01 c5 01 c5 01 c5 01 c5 01 c5 01 c5 01 c5 01 c5,30424,4d e3 21 e3 21 e0 4d e0 4d e3 21 e3 21 e0 4d e0,True,,open copier,329,open copier,329
31016,31296,25,15577,6098,True,True,False,30424,4d e3 21 e3 21 e0 4d e0 4d e3 21 e3 21 e0 4d e0,0,0,5066,1838,open copier:3275;confined copier:1;non-copier:1790,329,open copier,01 c5 01 c5 01 c5 01 c5 01 c5 01 c5 01 c5 01 c5,2,5897,0.703125,1.0,0.46875,329,01 c5 01 c5 01 c5 01 c5 01 c5 01 c5 01 c5 01 c5,30424,4d e3 21 e3 21 e0 4d e0 4d e3 21 e3 21 e0 4d e0,True,,open copier,329,open copier,329
31016,31296,26,2217,6049,True,True,True,30236,4d e3 21 e3 21 e0 4d e0 4d e3 21 e3 21 e0 4d e0,0,0,5033,1828,open copier:3254;confined copier:1;non-copier:1778,329,open copier,01 c5 01 c5 01 c5 01 c5 01 c5 01 c5 01 c5 01 c5,2,5897,0.703125,1.0,0.46875,329,01 c5 01 c5 01 c5 01 c5 01 c5 01 c5 01 c5 01 c5,30236,4d e3 21 e3 21 e0 4d e0 4d e3 21 e3 21 e0 4d e0,True,,open copier,329,open copier,329
31016,31296,27,411,6108,True,True,True,30236,4d e3 21 e3 21 e0 4d e0 4d e3 21 e3 21 e0 4d e0,0,0,5033,1828,open copier:3254;confined copier:1;non-copier:1778,329,open copier,01 c5 01 c5 01 c5 01 c5 01 c5 01 c5 01 c5 01 c5,2,5897,0.703125,1.0,0.46875,329,01 c5 01 c5 01 c5 01 c5 01 c5 01 c5 01 c5 01 c5,30236,4d e3 21 e3 21 e0 4d e0 4d e3 21 e3 21 e0 4d e0,True,,open copier,329,open copier,329
31016,31296,28,12883,5992,True,True,True,30236,4d e3 21 e3 21 e0 4d e0 4d e3 21 e3 21 e0 4d e0,0,0,5033,1828,open copier:3254;confined copier:1;non-copier:1778,329,open copier,01 c5 01 c5 01 c5 01 c5 01 c5 01 c5 01 c5 01 c5,2,5897,0.703125,1.0,0.46875,329,01 c5 01 c5 01 c5 01 c5 01 c5 01 c5 01 c5 01 c5,30236,4d e3 21 e3 21 e0 4d e0 4d e3 21 e3 21 e0 4d e0,True,,open copier,329,open copier,329
31016,31296,29,18647,6009,True,True,True,30236,4d e3 21 e3 21 e0 4d e0 4d e3 21 e3 21 e0 4d e0,0,0,5033,1828,open copier:3254;confined copier:1;non-copier:1778,329,open copier,01 c5 01 c5 01 c5 01 c5 01 c5 01 c5 01 c5 01 c5,2,5897,0.703125,1.0,0.46875,329,01 c5 01 c5 01 c5 01 c5 01 c5 01 c5 01 c5 01 c5,30236,4d e3 21 e3 21 e0 4d e0 4d e3 21 e3 21 e0 4d e0,True,,open copier,329,open copier,329
31016,31296,30,12700,6092,True,True,True,30236,4d e3 21 e3 21 e0 4d e0 4d e3 21 e3 21 e0 4d e0,0,0,5033,1828,open copier:3254;confined copier:1;non-copier:1778,329,open copier,01 c5 01 c5 01 c5 01 c5 01 c5 01 c5 01 c5 01 c5,2,5897,0.703125,1.0,0.46875,329,01 c5 01 c5 01 c5 01 c5 01 c5 01 c5 01 c5 01 c5,30236,4d e3 21 e3 21 e0 4d e0 4d e3 21 e3 21 e0 4d e0,True,,open copier,329,open copier,329
31016,31296,31,12448,5872,True,True,True,30236,4d e3 21 e3 21 e0 4d e0 4d e3 21 e3 21 e0 4d e0,0,0,5033,1828,open copier:3254;confined copier:1;non-copier:1778,329,open copier,01 c5 01 c5 01 c5 01 c5 01 c5 01 c5 01 c5 01 c5,2,5897,0.703125,1.0,0.46875,329,01 c5 01 c5 01 c5 01 c5 01 c5 01 c5 01 c5 01 c5,30236,4d e3 21 e3 21 e0 4d e0 4d e3 21 e3 21 e0 4d e0,True,,open copier,329,open copier,329
31016,31296,32,7844,5925,True,True,True,30236,4d e3 21 e3 21 e0 4d e0 4d e3 21 e3 21 e0 4d e0,0,0,5033,1828,open copier:3254;confined copier:1;non-copier:1778,329,open copier,01 c5 01 c5 01 c5 01 c5 01 c5 01 c5 01 c5 01 c5,2,5897,0.703125,1.0,0.46875,329,01 c5 01 c5 01 c5 01 c5 01 c5 01 c5 01 c5 01 c5,30236,4d e3 21 e3 21 e0 4d e0 4d e3 21 e3 21 e0 4d e0,True,,open copier,329,open copier,329
31016,31296,33,15396,6051,True,True,False,30424,4d e3 21 e3 21 e0 4d e0 4d e3 21 e3 21 e0 4d e0,0,0,5066,1838,open copier:3275;confined copier:1;non-copier:1790,329,open copier,01 c5 01 c5 01 c5 01 c5 01 c5 01 c5 01 c5 01 c5,2,5897,0.703125,1.0,0.46875,329,01 c5 01 c5 01 c5 01 c5 01 c5 01 c5 01 c5 01 c5,30424,4d e3 21 e3 21 e0 4d e0 4d e3 21 e3 21 e0 4d e0,True,,open copier,329,open copier,329
31016,31296,34,808,6044,True,True,True,30236,4d e3 21 e3 21 e0 4d e0 4d e3 21 e3 21 e0 4d e0,0,0,5033,1828,open copier:3254;confined copier:1;non-copier:1778,329,open copier,01 c5 01 c5 01 c5 01 c5 01 c5 01 c5 01 c5 01 c5,2,5897,0.703125,1.0,0.46875,329,01 c5 01 c5 01 c5 01 c5 01 c5 01 c5 01 c5 01 c5,30236,4d e3 21 e3 21 e0 4d e0 4d e3 21 e3 21 e0 4d e0,True,,open copier,329,open copier,329
31016,31296,35,14587,6069,True,True,False,30424,4d e3 21 e3 21 e0 4d e0 4d e3 21 e3 21 e0 4d e0,0,0,5066,1838,open copier:3275;confined copier:1;non-copier:1790,329,open copier,01 c5 01 c5 01 c5 01 c5 01 c5 01 c5 01 c5 01 c5,2,5897,0.703125,1.0,0.46875,329,01 c5 01 c5 01 c5 01 c5 01 c5 01 c5 01 c5 01 c5,30424,4d e3 21 e3 21 e0 4d e0 4d e3 21 e3 21 e0 4d e0,True,,open copier,329,open copier,329
31016,31296,36,8634,5925,True,True,True,30236,4d e3 21 e3 21 e0 4d e0 4d e3 21 e3 21 e0 4d e0,0,0,5033,1828,open copier:3254;confined copier:1;non-copier:1778,329,open copier,01 c5 01 c5 01 c5 01 c5 01 c5 01 c5 01 c5 01 c5,2,5897,0.703125,1.0,0.46875,329,01 c5 01 c5 01 c5 01 c5 01 c5 01 c5 01 c5 01 c5,30236,4d e3 21 e3 21 e0 4d e0 4d e3 21 e3 21 e0 4d e0,True,,open copier,329,open copier,329
31016,31296,37,5553,6011,True,True,True,30236,4d e3 21 e3 21 e0 4d e0 4d e3 21 e3 21 e0 4d e0,0,0,5033,1828,open copier:3254;confined copier:1;non-copier:1778,329,open copier,01 c5 01 c5 01 c5 01 c5 01 c5 01 c5 01 c5 01 c5,2,5897,0.703125,1.0,0.46875,329,01 c5 01 c5 01 c5 01 c5 01 c5 01 c5 01 c5 01 c5,30236,4d e3 21 e3 21 e0 4d e0 4d e3 21 e3 21 e0 4d e0,True,,open copier,329,open copier,329
31016,31296,38,10232,5980,True,True,True,30236,4d e3 21 e3 21 e0 4d e0 4d e3 21 e3 21 e0 4d e0,0,0,5033,1828,open copier:3254;confined copier:1;non-copier:1778,329,open copier,01 c5 01 c5 01 c5 01 c5 01 c5 01 c5 01 c5 01 c5,2,5897,0.703125,1.0,0.46875,329,01 c5 01 c5 01 c5 01 c5 01 c5 01 c5 01 c5 01 c5,30236,4d e3 21 e3 21 e0 4d e0 4d e3 21 e3 21 e0 4d e0,True,,open copier,329,open copier,329
31016,31296,39,19665,6029,True,True,True,30236,4d e3 21 e3 21 e0 4d e0 4d e3 21 e3 21 e0 4d e0,0,0,5033,1828,open copier:3254;confined copier:1;non-copier:1778,329,open copier,01 c5 01 c5 01 c5 01 c5 01 c5 01 c5 01 c5 01 c5,2,5897,0.703125,1.0,0.46875,329,01 c5 01 c5 01 c5 01 c5 01 c5 01 c5 01 c5 01 c5,30236,4d e3 21 e3 21 e0 4d e0 4d e3 21 e3 21 e0 4d e0,True,,open copier,329,open copier,329
31016,31296,40,1072,6064,True,True,True,30236,4d e3 21 e3 21 e0 4d e0 4d e3 21 e3 21 e0 4d e0,0,0,5033,1828,open copier:3254;confined copier:1;non-copier:1778,329,open copier,01 c5 01 c5 01 c5 01 c5 01 c5 01 c5 01 c5 01 c5,2,5897,0.703125,1.0,0.46875,329,01 c5 01 c5 01 c5 01 c5 01 c5 01 c5 01 c5 01 c5,30236,4d e3 21 e3 21 e0 4d e0 4d e3 21 e3 21 e0 4d e0,True,,open copier,329,open copier,329
31016,31296,41,4351,5957,True,True,True,30236,4d e3 21 e3 21 e0 4d e0 4d e3 21 e3 21 e0 4d e0,0,0,5033,1828,open copier:3254;confined copier:1;non-copier:1778,329,open copier,01 c5 01 c5 01 c5 01 c5 01 c5 01 c5 01 c5 01 c5,2,5897,0.703125,1.0,0.46875,329,01 c5 01 c5 01 c5 01 c5 01 c5 01 c5 01 c5 01 c5,30236,4d e3 21 e3 21 e0 4d e0 4d e3 21 e3 21 e0 4d e0,True,,open copier,329,open copier,329
31016,31296,42,3020,6053,True,True,True,30236,4d e3 21 e3 21 e0 4d e0 4d e3 21 e3 21 e0 4d e0,0,0,5033,1828,open copier:3254;confined copier:1;non-copier:1778,329,open copier,01 c5 01 c5 01 c5 01 c5 01 c5 01 c5 01 c5 01 c5,2,5897,0.703125,1.0,0.46875,329,01 c5 01 c5 01 c5 01 c5 01 c5 01 c5 01 c5 01 c5,30236,4d e3 21 e3 21 e0 4d e0 4d e3 21 e3 21 e0 4d e0,True,,open copier,329,open copier,329
31016,31296,43,17311,5920,True,True,False,30424,4d e3 21 e3 21 e0 4d e0 4d e3 21 e3 21 e0 4d e0,0,0,5066,1838,open copier:3275;confined copier:1;non-copier:1790,329,open copier,01 c5 01 c5 01 c5 01 c5 01 c5 01 c5 01 c5 01 c5,2,5897,0.703125,1.0,0.46875,329,01 c5 01 c5 01 c5 01 c5 01 c5 01 c5 01 c5 01 c5,30424,4d e3 21 e3 21 e0 4d e0 4d e3 21 e3 21 e0 4d e0,True,,open copier,329,open copier,329
31016,31296,44,10395,5857,True,True,True,30236,4d e3 21 e3 21 e0 4d e0 4d e3 21 e3 21 e0 4d e0,0,0,5033,1828,open copier:3254;confined copier:1;non-copier:1778,329,open copier,01 c5 01 c5 01 c5 01 c5 01 c5 01 c5 01 c5 01 c5,2,5897,0.703125,1.0,0.46875,329,01 c5 01 c5 01 c5 01 c5 01 c5 01 c5 01 c5 01 c5,30236,4d e3 21 e3 21 e0 4d e0 4d e3 21 e3 21 e0 4d e0,True,,open copier,329,open copier,329
31016,31296,45,15929,5982,True,True,True,30236,4d e3 21 e3 21 e0 4d e0 4d e3 21 e3 21 e0 4d e0,0,0,5033,1828,open copier:3254;confined copier:1;non-copier:1778,329,open copier,01 c5 01 c5 01 c5 01 c5 01 c5 01 c5 01 c5 01 c5,2,5897,0.703125,1.0,0.46875,329,01 c5 01 c5 01 c5 01 c5 01 c5 01 c5 01 c5 01 c5,30236,4d e3 21 e3 21 e0 4d e0 4d e3 21 e3 21 e0 4d e0,True,,open copier,329,open copier,329
31016,31296,46,2298,6035,True,True,True,30236,4d e3 21 e3 21 e0 4d e0 4d e3 21 e3 21 e0 4d e0,0,0,5033,1828,open copier:3254;confined copier:1;non-copier:1778,329,open copier,01 c5 01 c5 01 c5 01 c5 01 c5 01 c5 01 c5 01 c5,2,5897,0.703125,1.0,0.46875,329,01 c5 01 c5 01 c5 01 c5 01 c5 01 c5 01 c5 01 c5,30236,4d e3 21 e3 21 e0 4d e0 4d e3 21 e3 21 e0 4d e0,True,,open copier,329,open copier,329
31016,31296,47,4466,6063,True,True,True,30236,4d e3 21 e3 21 e0 4d e0 4d e3 21 e3 21 e0 4d e0,0,0,5033,1828,open copier:3254;confined copier:1;non-copier:1778,329,open copier,01 c5 01 c5 01 c5 01 c5 01 c5 01 c5 01 c5 01 c5,2,5897,0.703125,1.0,0.46875,329,01 c5 01 c5 01 c5 01 c5 01 c5 01 c5 01 c5 01 c5,30236,4d e3 21 e3 21 e0 4d e0 4d e3 21 e3 21 e0 4d e0,True,,open copier,329,open copier,329
31016,31296,48,8751,5978,True,True,True,30236,4d e3 21 e3 21 e0 4d e0 4d e3 21 e3 21 e0 4d e0,0,0,5033,1828,open copier:3254;confined copier:1;non-copier:1778,329,open copier,01 c5 01 c5 01 c5 01 c5 01 c5 01 c5 01 c5 01 c5,2,5897,0.703125,1.0,0.46875,329,01 c5 01 c5 01 c5 01 c5 01 c5 01 c5 01 c5 01 c5,30236,4d e3 21 e3 21 e0 4d e0 4d e3 21 e3 21 e0 4d e0,True,,open copier,329,open copier,329
31016,31296,49,1620,5980,True,True,True,30236,4d e3 21 e3 21 e0 4d e0 4d e3 21 e3 21 e0 4d e0,0,0,5033,1828,open copier:3254;confined copier:1;non-copier:1778,329,open copier,01 c5 01 c5 01 c5 01 c5 01 c5 01 c5 01 c5 01 c5,2,5897,0.703125,1.0,0.46875,329,01 c5 01 c5 01 c5 01 c5 01 c5 01 c5 01 c5 01 c5,30236,4d e3 21 e3 21 e0 4d e0 4d e3 21 e3 21 e0 4d e0,True,,open copier,329,open copier,329
31016,31296,50,3110,6077,True,True,True,30236,4d e3 21 e3 21 e0 4d e0 4d e3 21 e3 21 e0 4d e0,0,0,5033,1828,open copier:3254;confined copier:1;non-copier:1778,329,open copier,01 c5 01 c5 01 c5 01 c5 01 c5 01 c5 01 c5 01 c5,2,5897,0.703125,1.0,0.46875,329,01 c5 01 c5 01 c5 01 c5 01 c5 01 c5 01 c5 01 c5,30236,4d e3 21 e3 21 e0 4d e0 4d e3 21 e3 21 e0 4d e0,True,,open copier,329,open copier,329
31016,31296,51,2748,6024,True,True,True,30236,4d e3 21 e3 21 e0 4d e0 4d e3 21 e3 21 e0 4d e0,0,0,5033,1828,open copier:3254;confined copier:1;non-copier:1778,329,open copier,01 c5 01 c5 01 c5 01 c5 01 c5 01 c5 01 c5 01 c5,2,5897,0.703125,1.0,0.46875,329,01 c5 01 c5 01 c5 01 c5 01 c5 01 c5 01 c5 01 c5,30236,4d e3 21 e3 21 e0 4d e0 4d e3 21 e3 21 e0 4d e0,True,,open copier,329,open copier,329
31016,31296,52,19444,5991,True,True,True,30236,4d e3 21 e3 21 e0 4d e0 4d e3 21 e3 21 e0 4d e0,0,0,5033,1828,open copier:3254;confined copier:1;non-copier:1778,329,open copier,01 c5 01 c5 01 c5 01 c5 01 c5 01 c5 01 c5 01 c5,2,5897,0.703125,1.0,0.46875,329,01 c5 01 c5 01 c5 01 c5 01 c5 01 c5 01 c5 01 c5,30236,4d e3 21 e3 21 e0 4d e0 4d e3 21 e3 21 e0 4d e0,True,,open copier,329,open copier,329
31016,31296,53,17567,5915,True,True,True,30236,4d e3 21 e3 21 e0 4d e0 4d e3 21 e3 21 e0 4d e0,0,0,5033,1828,open copier:3254;confined copier:1;non-copier:1778,329,open copier,01 c5 01 c5 01 c5 01 c5 01 c5 01 c5 01 c5 01 c5,2,5897,0.703125,1.0,0.46875,329,01 c5 01 c5 01 c5 01 c5 01 c5 01 c5 01 c5 01 c5,30236,4d e3 21 e3 21 e0 4d e0 4d e3 21 e3 21 e0 4d e0,True,,open copier,329,open copier,329
31016,31296,54,15390,6073,True,True,False,30424,4d e3 21 e3 21 e0 4d e0 4d e3 21 e3 21 e0 4d e0,0,0,5066,1838,open copier:3275;confined copier:1;non-copier:1790,329,open copier,01 c5 01 c5 01 c5 01 c5 01 c5 01 c5 01 c5 01 c5,2,5897,0.703125,1.0,0.46875,329,01 c5 01 c5 01 c5 01 c5 01 c5 01 c5 01 c5 01 c5,30424,4d e3 21 e3 21 e0 4d e0 4d e3 21 e3 21 e0 4d e0,True,,open copier,329,open copier,329
31016,31296,55,1284,6020,True,True,True,30236,4d e3 21 e3 21 e0 4d e0 4d e3 21 e3 21 e0 4d e0,0,0,5033,1828,open copier:3254;confined copier:1;non-copier:1778,329,open copier,01 c5 01 c5 01 c5 01 c5 01 c5 01 c5 01 c5 01 c5,2,5897,0.703125,1.0,0.46875,329,01 c5 01 c5 01 c5 01 c5 01 c5 01 c5 01 c5 01 c5,30236,4d e3 21 e3 21 e0 4d e0 4d e3 21 e3 21 e0 4d e0,True,,open copier,329,open copier,329
31016,31296,56,2064,6048,True,True,True,30236,4d e3 21 e3 21 e0 4d e0 4d e3 21 e3 21 e0 4d e0,0,0,5033,1828,open copier:3254;confined copier:1;non-copier:1778,329,open copier,01 c5 01 c5 01 c5 01 c5 01 c5 01 c5 01 c5 01 c5,2,5897,0.703125,1.0,0.46875,329,01 c5 01 c5 01 c5 01 c5 01 c5 01 c5 01 c5 01 c5,30236,4d e3 21 e3 21 e0 4d e0 4d e3 21 e3 21 e0 4d e0,True,,open copier,329,open copier,329
31016,31296,57,9924,6057,True,True,False,30424,4d e3 21 e3 21 e0 4d e0 4d e3 21 e3 21 e0 4d e0,0,0,5066,1838,open copier:3275;confined copier:1;non-copier:1790,329,open copier,01 c5 01 c5 01 c5 01 c5 01 c5 01 c5 01 c5 01 c5,2,5897,0.703125,1.0,0.46875,329,01 c5 01 c5 01 c5 01 c5 01 c5 01 c5 01 c5 01 c5,30424,4d e3 21 e3 21 e0 4d e0 4d e3 21 e3 21 e0 4d e0,True,,open copier,329,open copier,329
31016,31296,58,17256,5919,True,True,True,30236,4d e3 21 e3 21 e0 4d e0 4d e3 21 e3 21 e0 4d e0,0,0,5033,1828,open copier:3254;confined copier:1;non-copier:1778,329,open copier,01 c5 01 c5 01 c5 01 c5 01 c5 01 c5 01 c5 01 c5,2,5897,0.703125,1.0,0.46875,329,01 c5 01 c5 01 c5 01 c5 01 c5 01 c5 01 c5 01 c5,30236,4d e3 21 e3 21 e0 4d e0 4d e3 21 e3 21 e0 4d e0,True,,open copier,329,open copier,329
31016,31296,59,18302,6081,True,True,False,30424,4d e3 21 e3 21 e0 4d e0 4d e3 21 e3 21 e0 4d e0,0,0,5066,1838,open copier:3275;confined copier:1;non-copier:1790,329,open copier,01 c5 01 c5 01 c5 01 c5 01 c5 01 c5 01 c5 01 c5,2,5897,0.703125,1.0,0.46875,329,01 c5 01 c5 01 c5 01 c5 01 c5 01 c5 01 c5 01 c5,30424,4d e3 21 e3 21 e0 4d e0 4d e3 21 e3 21 e0 4d e0,True,,open copier,329,open copier,329
31016,31296,60,6004,6022,True,True,True,30236,4d e3 21 e3 21 e0 4d e0 4d e3 21 e3 21 e0 4d e0,0,0,5033,1828,open copier:3254;confined copier:1;non-copier:1778,329,open copier,01 c5 01 c5 01 c5 01 c5 01 c5 01 c5 01 c5 01 c5,2,5897,0.703125,1.0,0.46875,329,01 c5 01 c5 01 c5 01 c5 01 c5 01 c5 01 c5 01 c5,30236,4d e3 21 e3 21 e0 4d e0 4d e3 21 e3 21 e0 4d e0,True,,open copier,329,open copier,329
31016,31296,61,3411,6006,True,True,True,30236,4d e3 21 e3 21 e0 4d e0 4d e3 21 e3 21 e0 4d e0,0,0,5033,1828,open copier:3254;confined copier:1;non-copier:1778,329,open copier,01 c5 01 c5 01 c5 01 c5 01 c5 01 c5 01 c5 01 c5,2,5897,0.703125,1.0,0.46875,329,01 c5 01 c5 01 c5 01 c5 01 c5 01 c5 01 c5 01 c5,30236,4d e3 21 e3 21 e0 4d e0 4d e3 21 e3 21 e0 4d e0,True,,open copier,329,open copier,329
31016,31296,62,6092,5908,True,True,True,30236,4d e3 21 e3 21 e0 4d e0 4d e3 21 e3 21 e0 4d e0,0,0,5033,1828,open copier:3254;confined copier:1;non-copier:1778,329,open copier,01 c5 01 c5 01 c5 01 c5 01 c5 01 c5 01 c5 01 c5,2,5897,0.703125,1.0,0.46875,329,01 c5 01 c5 01 c5 01 c5 01 c5 01 c5 01 c5 01 c5,30236,4d e3 21 e3 21 e0 4d e0 4d e3 21 e3 21 e0 4d e0,True,,open copier,329,open copier,329
31016,31296,63,2093,5976,True,True,True,30236,4d e3 21 e3 21 e0 4d e0 4d e3 21 e3 21 e0 4d e0,0,0,5033,1828,open copier:3254;confined copier:1;non-copier:1778,329,open copier,01 c5 01 c5 01 c5 01 c5 01 c5 01 c5 01 c5 01 c5,2,5897,0.703125,1.0,0.46875,329,01 c5 01 c5 01 c5 01 c5 01 c5 01 c5 01 c5 01 c5,30236,4d e3 21 e3 21 e0 4d e0 4d e3 21 e3 21 e0 4d e0,True,,open copier,329,open copier,329
31018,48566,0,5664,8861,True,True,True,47460,42 e3 21 e3 21 e0 42 e0 42 e3 21 e3 21 e0 42 e0,0,0,7918,2778,open copier:5088;confined copier:1;non-copier:2829,1138,open copier,01 c5 01 c5 01 c5 01 c5 01 c5 01 c5 01 c5 01 c5,3,8761,0.703125,1.0,0.46875,1138,01 c5 01 c5 01 c5 01 c5 01 c5 01 c5 01 c5 01 c5,47460,42 e3 21 e3 21 e0 42 e0 42 e3 21 e3 21 e0 42 e0,True,,open copier,1138,open copier,1138
31018,48566,1,8637,9041,True,True,True,47460,42 e3 21 e3 21 e0 42 e0 42 e3 21 e3 21 e0 42 e0,0,0,7918,2778,open copier:5088;confined copier:1;non-copier:2829,1138,open copier,01 c5 01 c5 01 c5 01 c5 01 c5 01 c5 01 c5 01 c5,3,8761,0.703125,1.0,0.46875,1138,01 c5 01 c5 01 c5 01 c5 01 c5 01 c5 01 c5 01 c5,47460,42 e3 21 e3 21 e0 42 e0 42 e3 21 e3 21 e0 42 e0,True,,open copier,1138,open copier,1138
31018,48566,2,3613,8845,True,True,True,47460,42 e3 21 e3 21 e0 42 e0 42 e3 21 e3 21 e0 42 e0,0,0,7918,2778,open copier:5088;confined copier:1;non-copier:2829,1138,open copier,01 c5 01 c5 01 c5 01 c5 01 c5 01 c5 01 c5 01 c5,3,8761,0.703125,1.0,0.46875,1138,01 c5 01 c5 01 c5 01 c5 01 c5 01 c5 01 c5 01 c5,47460,42 e3 21 e3 21 e0 42 e0 42 e3 21 e3 21 e0 42 e0,True,,open copier,1138,open copier,1138
31018,48566,3,2583,8855,True,True,True,47460,42 e3 21 e3 21 e0 42 e0 42 e3 21 e3 21 e0 42 e0,0,0,7918,2778,open copier:5088;confined copier:1;non-copier:2829,1138,open copier,01 c5 01 c5 01 c5 01 c5 01 c5 01 c5 01 c5 01 c5,3,8761,0.703125,1.0,0.46875,1138,01 c5 01 c5 01 c5 01 c5 01 c5 01 c5 01 c5 01 c5,47460,42 e3 21 e3 21 e0 42 e0 42 e3 21 e3 21 e0 42 e0,True,,open copier,1138,open copier,1138
31018,48566,4,15034,9041,True,True,True,47460,42 e3 21 e3 21 e0 42 e0 42 e3 21 e3 21 e0 42 e0,0,0,7918,2778,open copier:5088;confined copier:1;non-copier:2829,1138,open copier,01 c5 01 c5 01 c5 01 c5 01 c5 01 c5 01 c5 01 c5,3,8761,0.703125,1.0,0.46875,1138,01 c5 01 c5 01 c5 01 c5 01 c5 01 c5 01 c5 01 c5,47460,42 e3 21 e3 21 e0 42 e0 42 e3 21 e3 21 e0 42 e0,True,,open copier,1138,open copier,1138
31018,48566,5,4123,8819,True,True,True,47460,42 e3 21 e3 21 e0 42 e0 42 e3 21 e3 21 e0 42 e0,0,0,7918,2778,open copier:5088;confined copier:1;non-copier:2829,1138,open copier,01 c5 01 c5 01 c5 01 c5 01 c5 01 c5 01 c5 01 c5,3,8761,0.703125,1.0,0.46875,1138,01 c5 01 c5 01 c5 01 c5 01 c5 01 c5 01 c5 01 c5,47460,42 e3 21 e3 21 e0 42 e0 42 e3 21 e3 21 e0 42 e0,True,,open copier,1138,open copier,1138
31018,48566,6,10793,8859,True,True,True,47460,42 e3 21 e3 21 e0 42 e0 42 e3 21 e3 21 e0 42 e0,0,0,7918,2778,open copier:5088;confined copier:1;non-copier:2829,1138,open copier,01 c5 01 c5 01 c5 01 c5 01 c5 01 c5 01 c5 01 c5,3,8761,0.703125,1.0,0.46875,1138,01 c5 01 c5 01 c5 01 c5 01 c5 01 c5 01 c5 01 c5,47460,42 e3 21 e3 21 e0 42 e0 42 e3 21 e3 21 e0 42 e0,True,,open copier,1138,open copier,1138
31018,48566,7,3061,8807,True,True,True,47460,42 e3 21 e3 21 e0 42 e0 42 e3 21 e3 21 e0 42 e0,0,0,7918,2778,open copier:5088;confined copier:1;non-copier:2829,1138,open copier,01 c5 01 c5 01 c5 01 c5 01 c5 01 c5 01 c5 01 c5,3,8761,0.703125,1.0,0.46875,1138,01 c5 01 c5 01 c5 01 c5 01 c5 01 c5 01 c5 01 c5,47460,42 e3 21 e3 21 e0 42 e0 42 e3 21 e3 21 e0 42 e0,True,,open copier,1138,open copier,1138
31018,48566,8,15685,8855,True,True,True,47460,42 e3 21 e3 21 e0 42 e0 42 e3 21 e3 21 e0 42 e0,0,0,7918,2778,open copier:5088;confined copier:1;non-copier:2829,1138,open copier,01 c5 01 c5 01 c5 01 c5 01 c5 01 c5 01 c5 01 c5,3,8761,0.703125,1.0,0.46875,1138,01 c5 01 c5 01 c5 01 c5 01 c5 01 c5 01 c5 01 c5,47460,42 e3 21 e3 21 e0 42 e0 42 e3 21 e3 21 e0 42 e0,True,,open copier,1138,open copier,1138
31018,48566,9,8119,8943,True,True,True,47460,42 e3 21 e3 21 e0 42 e0 42 e3 21 e3 21 e0 42 e0,0,0,7918,2778,open copier:5088;confined copier:1;non-copier:2829,1138,open copier,01 c5 01 c5 01 c5 01 c5 01 c5 01 c5 01 c5 01 c5,3,8761,0.703125,1.0,0.46875,1138,01 c5 01 c5 01 c5 01 c5 01 c5 01 c5 01 c5 01 c5,47460,42 e3 21 e3 21 e0 42 e0 42 e3 21 e3 21 e0 42 e0,True,,open copier,1138,open copier,1138
31018,48566,10,10493,8847,True,True,True,47460,42 e3 21 e3 21 e0 42 e0 42 e3 21 e3 21 e0 42 e0,0,0,7918,2778,open copier:5088;confined copier:1;non-copier:2829,1138,open copier,01 c5 01 c5 01 c5 01 c5 01 c5 01 c5 01 c5 01 c5,3,8761,0.703125,1.0,0.46875,1138,01 c5 01 c5 01 c5 01 c5 01 c5 01 c5 01 c5 01 c5,47460,42 e3 21 e3 21 e0 42 e0 42 e3 21 e3 21 e0 42 e0,True,,open copier,1138,open copier,1138
31018,48566,11,3780,8932,True,True,True,47460,42 e3 21 e3 21 e0 42 e0 42 e3 21 e3 21 e0 42 e0,0,0,7918,2778,open copier:5088;confined copier:1;non-copier:2829,1138,open copier,01 c5 01 c5 01 c5 01 c5 01 c5 01 c5 01 c5 01 c5,3,8761,0.703125,1.0,0.46875,1138,01 c5 01 c5 01 c5 01 c5 01 c5 01 c5 01 c5 01 c5,47460,42 e3 21 e3 21 e0 42 e0 42 e3 21 e3 21 e0 42 e0,True,,open copier,1138,open copier,1138
31018,48566,12,6554,8981,True,True,True,47460,42 e3 21 e3 21 e0 42 e0 42 e3 21 e3 21 e0 42 e0,0,0,7918,2778,open copier:5088;confined copier:1;non-copier:2829,1138,open copier,01 c5 01 c5 01 c5 01 c5 01 c5 01 c5 01 c5 01 c5,3,8761,0.703125,1.0,0.46875,1138,01 c5 01 c5 01 c5 01 c5 01 c5 01 c5 01 c5 01 c5,47460,42 e3 21 e3 21 e0 42 e0 42 e3 21 e3 21 e0 42 e0,True,,open copier,1138,open copier,1138
31018,48566,13,320,8795,True,True,True,47460,42 e3 21 e3 21 e0 42 e0 42 e3 21 e3 21 e0 42 e0,0,0,7918,2778,open copier:5088;confined copier:1;non-copier:2829,1138,open copier,01 c5 01 c5 01 c5 01 c5 01 c5 01 c5 01 c5 01 c5,3,8761,0.703125,1.0,0.46875,1138,01 c5 01 c5 01 c5 01 c5 01 c5 01 c5 01 c5 01 c5,47460,42 e3 21 e3 21 e0 42 e0 42 e3 21 e3 21 e0 42 e0,True,,open copier,1138,open copier,1138
31018,48566,14,12275,8877,True,True,True,47460,42 e3 21 e3 21 e0 42 e0 42 e3 21 e3 21 e0 42 e0,0,0,7918,2778,open copier:5088;confined copier:1;non-copier:2829,1138,open copier,01 c5 01 c5 01 c5 01 c5 01 c5 01 c5 01 c5 01 c5,3,8761,0.703125,1.0,0.46875,1138,01 c5 01 c5 01 c5 01 c5 01 c5 01 c5 01 c5 01 c5,47460,42 e3 21 e3 21 e0 42 e0 42 e3 21 e3 21 e0 42 e0,True,,open copier,1138,open copier,1138
31018,48566,15,659,8748,True,True,True,47460,42 e3 21 e3 21 e0 42 e0 42 e3 21 e3 21 e0 42 e0,0,0,7918,2778,open copier:5088;confined copier:1;non-copier:2829,1138,open copier,01 c5 01 c5 01 c5 01 c5 01 c5 01 c5 01 c5 01 c5,3,8761,0.703125,1.0,0.46875,1138,01 c5 01 c5 01 c5 01 c5 01 c5 01 c5 01 c5 01 c5,47460,42 e3 21 e3 21 e0 42 e0 42 e3 21 e3 21 e0 42 e0,True,,open copier,1138,open copier,1138
31018,48566,16,3236,8839,True,True,True,47460,42 e3 21 e3 21 e0 42 e0 42 e3 21 e3 21 e0 42 e0,0,0,7918,2778,open copier:5088;confined copier:1;non-copier:2829,1138,open copier,01 c5 01 c5 01 c5 01 c5 01 c5 01 c5 01 c5 01 c5,3,8761,0.703125,1.0,0.46875,1138,01 c5 01 c5 01 c5 01 c5 01 c5 01 c5 01 c5 01 c5,47460,42 e3 21 e3 21 e0 42 e0 42 e3 21 e3 21 e0 42 e0,True,,open copier,1138,open copier,1138
31018,48566,17,10107,8923,True,True,True,47460,42 e3 21 e3 21 e0 42 e0 42 e3 21 e3 21 e0 42 e0,0,0,7918,2778,open copier:5088;confined copier:1;non-copier:2829,1138,open copier,01 c5 01 c5 01 c5 01 c5 01 c5 01 c5 01 c5 01 c5,3,8761,0.703125,1.0,0.46875,1138,01 c5 01 c5 01 c5 01 c5 01 c5 01 c5 01 c5 01 c5,47460,42 e3 21 e3 21 e0 42 e0 42 e3 21 e3 21 e0 42 e0,True,,open copier,1138,open copier,1138
31018,48566,18,9271,8913,True,True,True,47460,42 e3 21 e3 21 e0 42 e0 42 e3 21 e3 21 e0 42 e0,0,0,7918,2778,open copier:5088;confined copier:1;non-copier:2829,1138,open copier,01 c5 01 c5 01 c5 01 c5 01 c5 01 c5 01 c5 01 c5,3,8761,0.703125,1.0,0.46875,1138,01 c5 01 c5 01 c5 01 c5 01 c5 01 c5 01 c5 01 c5,47460,42 e3 21 e3 21 e0 42 e0 42 e3 21 e3 21 e0 42 e0,True,,open copier,1138,open copier,1138
31018,48566,19,10222,9018,True,True,True,47460,42 e3 21 e3 21 e0 42 e0 42 e3 21 e3 21 e0 42 e0,0,0,7918,2778,open copier:5088;confined copier:1;non-copier:2829,1138,open copier,01 c5 01 c5 01 c5 01 c5 01 c5 01 c5 01 c5 01 c5,3,8761,0.703125,1.0,0.46875,1138,01 c5 01 c5 01 c5 01 c5 01 c5 01 c5 01 c5 01 c5,47460,42 e3 21 e3 21 e0 42 e0 42 e3 21 e3 21 e0 42 e0,True,,open copier,1138,open copier,1138
31018,48566,20,8720,9085,True,True,True,47460,42 e3 21 e3 21 e0 42 e0 42 e3 21 e3 21 e0 42 e0,0,0,7918,2778,open copier:5088;confined copier:1;non-copier:2829,1138,open copier,01 c5 01 c5 01 c5 01 c5 01 c5 01 c5 01 c5 01 c5,3,8761,0.703125,1.0,0.46875,1138,01 c5 01 c5 01 c5 01 c5 01 c5 01 c5 01 c5 01 c5,47460,42 e3 21 e3 21 e0 42 e0 42 e3 21 e3 21 e0 42 e0,True,,open copier,1138,open copier,1138
31018,48566,21,7318,8926,True,True,True,47460,42 e3 21 e3 21 e0 42 e0 42 e3 21 e3 21 e0 42 e0,0,0,7918,2778,open copier:5088;confined copier:1;non-copier:2829,1138,open copier,01 c5 01 c5 01 c5 01 c5 01 c5 01 c5 01 c5 01 c5,3,8761,0.703125,1.0,0.46875,1138,01 c5 01 c5 01 c5 01 c5 01 c5 01 c5 01 c5 01 c5,47460,42 e3 21 e3 21 e0 42 e0 42 e3 21 e3 21 e0 42 e0,True,,open copier,1138,open copier,1138
31018,48566,22,5562,8960,True,True,True,47460,42 e3 21 e3 21 e0 42 e0 42 e3 21 e3 21 e0 42 e0,0,0,7918,2778,open copier:5088;confined copier:1;non-copier:2829,1138,open copier,01 c5 01 c5 01 c5 01 c5 01 c5 01 c5 01 c5 01 c5,3,8761,0.703125,1.0,0.46875,1138,01 c5 01 c5 01 c5 01 c5 01 c5 01 c5 01 c5 01 c5,47460,42 e3 21 e3 21 e0 42 e0 42 e3 21 e3 21 e0 42 e0,True,,open copier,1138,open copier,1138
31018,48566,23,18009,8871,True,True,True,47460,42 e3 21 e3 21 e0 42 e0 42 e3 21 e3 21 e0 42 e0,0,0,7918,2778,open copier:5088;confined copier:1;non-copier:2829,1138,open copier,01 c5 01 c5 01 c5 01 c5 01 c5 01 c5 01 c5 01 c5,3,8761,0.703125,1.0,0.46875,1138,01 c5 01 c5 01 c5 01 c5 01 c5 01 c5 01 c5 01 c5,47460,42 e3 21 e3 21 e0 42 e0 42 e3 21 e3 21 e0 42 e0,True,,open copier,1138,open copier,1138
31018,48566,24,16743,8928,True,True,True,47460,42 e3 21 e3 21 e0 42 e0 42 e3 21 e3 21 e0 42 e0,0,0,7918,2778,open copier:5088;confined copier:1;non-copier:2829,1138,open copier,01 c5 01 c5 01 c5 01 c5 01 c5 01 c5 01 c5 01 c5,3,8761,0.703125,1.0,0.46875,1138,01 c5 01 c5 01 c5 01 c5 01 c5 01 c5 01 c5 01 c5,47460,42 e3 21 e3 21 e0 42 e0 42 e3 21 e3 21 e0 42 e0,True,,open copier,1138,open copier,1138
31018,48566,25,1785,8849,True,True,True,47460,42 e3 21 e3 21 e0 42 e0 42 e3 21 e3 21 e0 42 e0,0,0,7918,2778,open copier:5088;confined copier:1;non-copier:2829,1138,open copier,01 c5 01 c5 01 c5 01 c5 01 c5 01 c5 01 c5 01 c5,3,8761,0.703125,1.0,0.46875,1138,01 c5 01 c5 01 c5 01 c5 01 c5 01 c5 01 c5 01 c5,47460,42 e3 21 e3 21 e0 42 e0 42 e3 21 e3 21 e0 42 e0,True,,open copier,1138,open copier,1138
31018,48566,26,5841,8884,True,True,True,47460,42 e3 21 e3 21 e0 42 e0 42 e3 21 e3 21 e0 42 e0,0,0,7918,2778,open copier:5088;confined copier:1;non-copier:2829,1138,open copier,01 c5 01 c5 01 c5 01 c5 01 c5 01 c5 01 c5 01 c5,3,8761,0.703125,1.0,0.46875,1138,01 c5 01 c5 01 c5 01 c5 01 c5 01 c5 01 c5 01 c5,47460,42 e3 21 e3 21 e0 42 e0 42 e3 21 e3 21 e0 42 e0,True,,open copier,1138,open copier,1138
31018,48566,27,86,8858,True,True,True,47460,42 e3 21 e3 21 e0 42 e0 42 e3 21 e3 21 e0 42 e0,0,0,7918,2778,open copier:5088;confined copier:1;non-copier:2829,1138,open copier,01 c5 01 c5 01 c5 01 c5 01 c5 01 c5 01 c5 01 c5,3,8761,0.703125,1.0,0.46875,1138,01 c5 01 c5 01 c5 01 c5 01 c5 01 c5 01 c5 01 c5,47460,42 e3 21 e3 21 e0 42 e0 42 e3 21 e3 21 e0 42 e0,True,,open copier,1138,open copier,1138
31018,48566,28,2664,8941,True,True,True,47460,42 e3 21 e3 21 e0 42 e0 42 e3 21 e3 21 e0 42 e0,0,0,7918,2778,open copier:5088;confined copier:1;non-copier:2829,1138,open copier,01 c5 01 c5 01 c5 01 c5 01 c5 01 c5 01 c5 01 c5,3,8761,0.703125,1.0,0.46875,1138,01 c5 01 c5 01 c5 01 c5 01 c5 01 c5 01 c5 01 c5,47460,42 e3 21 e3 21 e0 42 e0 42 e3 21 e3 21 e0 42 e0,True,,open copier,1138,open copier,1138
31018,48566,29,12200,8692,True,True,True,47460,42 e3 21 e3 21 e0 42 e0 42 e3 21 e3 21 e0 42 e0,0,0,7918,2778,open copier:5088;confined copier:1;non-copier:2829,1138,open copier,01 c5 01 c5 01 c5 01 c5 01 c5 01 c5 01 c5 01 c5,3,8761,0.703125,1.0,0.46875,1138,01 c5 01 c5 01 c5 01 c5 01 c5 01 c5 01 c5 01 c5,47460,42 e3 21 e3 21 e0 42 e0 42 e3 21 e3 21 e0 42 e0,True,,open copier,1138,open copier,1138
31018,48566,30,5223,8906,True,True,True,47460,42 e3 21 e3 21 e0 42 e0 42 e3 21 e3 21 e0 42 e0,0,0,7918,2778,open copier:5088;confined copier:1;non-copier:2829,1138,open copier,01 c5 01 c5 01 c5 01 c5 01 c5 01 c5 01 c5 01 c5,3,8761,0.703125,1.0,0.46875,1138,01 c5 01 c5 01 c5 01 c5 01 c5 01 c5 01 c5 01 c5,47460,42 e3 21 e3 21 e0 42 e0 42 e3 21 e3 21 e0 42 e0,True,,open copier,1138,open copier,1138
31018,48566,31,14200,8915,True,True,True,47460,42 e3 21 e3 21 e0 42 e0 42 e3 21 e3 21 e0 42 e0,0,0,7918,2778,open copier:5088;confined copier:1;non-copier:2829,1138,open copier,01 c5 01 c5 01 c5 01 c5 01 c5 01 c5 01 c5 01 c5,3,8761,0.703125,1.0,0.46875,1138,01 c5 01 c5 01 c5 01 c5 01 c5 01 c5 01 c5 01 c5,47460,42 e3 21 e3 21 e0 42 e0 42 e3 21 e3 21 e0 42 e0,True,,open copier,1138,open copier,1138
31018,48566,32,6821,8830,True,True,True,47460,42 e3 21 e3 21 e0 42 e0 42 e3 21 e3 21 e0 42 e0,0,0,7918,2778,open copier:5088;confined copier:1;non-copier:2829,1138,open copier,01 c5 01 c5 01 c5 01 c5 01 c5 01 c5 01 c5 01 c5,3,8761,0.703125,1.0,0.46875,1138,01 c5 01 c5 01 c5 01 c5 01 c5 01 c5 01 c5 01 c5,47460,42 e3 21 e3 21 e0 42 e0 42 e3 21 e3 21 e0 42 e0,True,,open copier,1138,open copier,1138
31018,48566,33,17635,8748,True,True,True,47460,42 e3 21 e3 21 e0 42 e0 42 e3 21 e3 21 e0 42 e0,0,0,7918,2778,open copier:5088;confined copier:1;non-copier:2829,1138,open copier,01 c5 01 c5 01 c5 01 c5 01 c5 01 c5 01 c5 01 c5,3,8761,0.703125,1.0,0.46875,1138,01 c5 01 c5 01 c5 01 c5 01 c5 01 c5 01 c5 01 c5,47460,42 e3 21 e3 21 e0 42 e0 42 e3 21 e3 21 e0 42 e0,True,,open copier,1138,open copier,1138
31018,48566,34,11240,8868,True,True,True,47460,42 e3 21 e3 21 e0 42 e0 42 e3 21 e3 21 e0 42 e0,0,0,7918,2778,open copier:5088;confined copier:1;non-copier:2829,1138,open copier,01 c5 01 c5 01 c5 01 c5 01 c5 01 c5 01 c5 01 c5,3,8761,0.703125,1.0,0.46875,1138,01 c5 01 c5 01 c5 01 c5 01 c5 01 c5 01 c5 01 c5,47460,42 e3 21 e3 21 e0 42 e0 42 e3 21 e3 21 e0 42 e0,True,,open copier,1138,open copier,1138
31018,48566,35,5172,9007,True,True,True,47460,42 e3 21 e3 21 e0 42 e0 42 e3 21 e3 21 e0 42 e0,0,0,7918,2778,open copier:5088;confined copier:1;non-copier:2829,1138,open copier,01 c5 01 c5 01 c5 01 c5 01 c5 01 c5 01 c5 01 c5,3,8761,0.703125,1.0,0.46875,1138,01 c5 01 c5 01 c5 01 c5 01 c5 01 c5 01 c5 01 c5,47460,42 e3 21 e3 21 e0 42 e0 42 e3 21 e3 21 e0 42 e0,True,,open copier,1138,open copier,1138
31018,48566,36,4340,8808,True,True,True,47460,42 e3 21 e3 21 e0 42 e0 42 e3 21 e3 21 e0 42 e0,0,0,7918,2778,open copier:5088;confined copier:1;non-copier:2829,1138,open copier,01 c5 01 c5 01 c5 01 c5 01 c5 01 c5 01 c5 01 c5,3,8761,0.703125,1.0,0.46875,1138,01 c5 01 c5 01 c5 01 c5 01 c5 01 c5 01 c5 01 c5,47460,42 e3 21 e3 21 e0 42 e0 42 e3 21 e3 21 e0 42 e0,True,,open copier,1138,open copier,1138
31018,48566,37,13831,8817,True,True,True,47460,42 e3 21 e3 21 e0 42 e0 42 e3 21 e3 21 e0 42 e0,0,0,7918,2778,open copier:5088;confined copier:1;non-copier:2829,1138,open copier,01 c5 01 c5 01 c5 01 c5 01 c5 01 c5 01 c5 01 c5,3,8761,0.703125,1.0,0.46875,1138,01 c5 01 c5 01 c5 01 c5 01 c5 01 c5 01 c5 01 c5,47460,42 e3 21 e3 21 e0 42 e0 42 e3 21 e3 21 e0 42 e0,True,,open copier,1138,open copier,1138
31018,48566,38,3980,9047,True,True,True,47460,42 e3 21 e3 21 e0 42 e0 42 e3 21 e3 21 e0 42 e0,0,0,7918,2778,open copier:5088;confined copier:1;non-copier:2829,1138,open copier,01 c5 01 c5 01 c5 01 c5 01 c5 01 c5 01 c5 01 c5,3,8761,0.703125,1.0,0.46875,1138,01 c5 01 c5 01 c5 01 c5 01 c5 01 c5 01 c5 01 c5,47460,42 e3 21 e3 21 e0 42 e0 42 e3 21 e3 21 e0 42 e0,True,,open copier,1138,open copier,1138
31018,48566,39,18875,8978,True,True,True,47460,42 e3 21 e3 21 e0 42 e0 42 e3 21 e3 21 e0 42 e0,0,0,7918,2778,open copier:5088;confined copier:1;non-copier:2829,1138,open copier,01 c5 01 c5 01 c5 01 c5 01 c5 01 c5 01 c5 01 c5,3,8761,0.703125,1.0,0.46875,1138,01 c5 01 c5 01 c5 01 c5 01 c5 01 c5 01 c5 01 c5,47460,42 e3 21 e3 21 e0 42 e0 42 e3 21 e3 21 e0 42 e0,True,,open copier,1138,open copier,1138
31018,48566,40,8493,8829,True,True,True,47460,42 e3 21 e3 21 e0 42 e0 42 e3 21 e3 21 e0 42 e0,0,0,7918,2778,open copier:5088;confined copier:1;non-copier:2829,1138,open copier,01 c5 01 c5 01 c5 01 c5 01 c5 01 c5 01 c5 01 c5,3,8761,0.703125,1.0,0.46875,1138,01 c5 01 c5 01 c5 01 c5 01 c5 01 c5 01 c5 01 c5,47460,42 e3 21 e3 21 e0 42 e0 42 e3 21 e3 21 e0 42 e0,True,,open copier,1138,open copier,1138
31018,48566,41,5941,8822,True,True,True,47460,42 e3 21 e3 21 e0 42 e0 42 e3 21 e3 21 e0 42 e0,0,0,7918,2778,open copier:5088;confined copier:1;non-copier:2829,1138,open copier,01 c5 01 c5 01 c5 01 c5 01 c5 01 c5 01 c5 01 c5,3,8761,0.703125,1.0,0.46875,1138,01 c5 01 c5 01 c5 01 c5 01 c5 01 c5 01 c5 01 c5,47460,42 e3 21 e3 21 e0 42 e0 42 e3 21 e3 21 e0 42 e0,True,,open copier,1138,open copier,1138
31018,48566,42,13816,8670,True,True,True,47460,42 e3 21 e3 21 e0 42 e0 42 e3 21 e3 21 e0 42 e0,0,0,7918,2778,open copier:5088;confined copier:1;non-copier:2829,1138,open copier,01 c5 01 c5 01 c5 01 c5 01 c5 01 c5 01 c5 01 c5,3,8761,0.703125,1.0,0.46875,1138,01 c5 01 c5 01 c5 01 c5 01 c5 01 c5 01 c5 01 c5,47460,42 e3 21 e3 21 e0 42 e0 42 e3 21 e3 21 e0 42 e0,True,,open copier,1138,open copier,1138
31018,48566,43,2825,8976,True,True,True,47460,42 e3 21 e3 21 e0 42 e0 42 e3 21 e3 21 e0 42 e0,0,0,7918,2778,open copier:5088;confined copier:1;non-copier:2829,1138,open copier,01 c5 01 c5 01 c5 01 c5 01 c5 01 c5 01 c5 01 c5,3,8761,0.703125,1.0,0.46875,1138,01 c5 01 c5 01 c5 01 c5 01 c5 01 c5 01 c5 01 c5,47460,42 e3 21 e3 21 e0 42 e0 42 e3 21 e3 21 e0 42 e0,True,,open copier,1138,open copier,1138
31018,48566,44,13506,8829,True,True,True,47460,42 e3 21 e3 21 e0 42 e0 42 e3 21 e3 21 e0 42 e0,0,0,7918,2778,open copier:5088;confined copier:1;non-copier:2829,1138,open copier,01 c5 01 c5 01 c5 01 c5 01 c5 01 c5 01 c5 01 c5,3,8761,0.703125,1.0,0.46875,1138,01 c5 01 c5 01 c5 01 c5 01 c5 01 c5 01 c5 01 c5,47460,42 e3 21 e3 21 e0 42 e0 42 e3 21 e3 21 e0 42 e0,True,,open copier,1138,open copier,1138
31018,48566,45,11640,8869,True,True,True,47460,42 e3 21 e3 21 e0 42 e0 42 e3 21 e3 21 e0 42 e0,0,0,7918,2778,open copier:5088;confined copier:1;non-copier:2829,1138,open copier,01 c5 01 c5 01 c5 01 c5 01 c5 01 c5 01 c5 01 c5,3,8761,0.703125,1.0,0.46875,1138,01 c5 01 c5 01 c5 01 c5 01 c5 01 c5 01 c5 01 c5,47460,42 e3 21 e3 21 e0 42 e0 42 e3 21 e3 21 e0 42 e0,True,,open copier,1138,open copier,1138
31018,48566,46,10358,8934,True,True,True,47460,42 e3 21 e3 21 e0 42 e0 42 e3 21 e3 21 e0 42 e0,0,0,7918,2778,open copier:5088;confined copier:1;non-copier:2829,1138,open copier,01 c5 01 c5 01 c5 01 c5 01 c5 01 c5 01 c5 01 c5,3,8761,0.703125,1.0,0.46875,1138,01 c5 01 c5 01 c5 01 c5 01 c5 01 c5 01 c5 01 c5,47460,42 e3 21 e3 21 e0 42 e0 42 e3 21 e3 21 e0 42 e0,True,,open copier,1138,open copier,1138
31018,48566,47,11403,8852,True,True,True,47460,42 e3 21 e3 21 e0 42 e0 42 e3 21 e3 21 e0 42 e0,0,0,7918,2778,open copier:5088;confined copier:1;non-copier:2829,1138,open copier,01 c5 01 c5 01 c5 01 c5 01 c5 01 c5 01 c5 01 c5,3,8761,0.703125,1.0,0.46875,1138,01 c5 01 c5 01 c5 01 c5 01 c5 01 c5 01 c5 01 c5,47460,42 e3 21 e3 21 e0 42 e0 42 e3 21 e3 21 e0 42 e0,True,,open copier,1138,open copier,1138
31018,48566,48,10055,8857,True,True,True,47460,42 e3 21 e3 21 e0 42 e0 42 e3 21 e3 21 e0 42 e0,0,0,7918,2778,open copier:5088;confined copier:1;non-copier:2829,1138,open copier,01 c5 01 c5 01 c5 01 c5 01 c5 01 c5 01 c5 01 c5,3,8761,0.703125,1.0,0.46875,1138,01 c5 01 c5 01 c5 01 c5 01 c5 01 c5 01 c5 01 c5,47460,42 e3 21 e3 21 e0 42 e0 42 e3 21 e3 21 e0 42 e0,True,,open copier,1138,open copier,1138
31018,48566,49,9336,8931,True,True,True,47460,42 e3 21 e3 21 e0 42 e0 42 e3 21 e3 21 e0 42 e0,0,0,7918,2778,open copier:5088;confined copier:1;non-copier:2829,1138,open copier,01 c5 01 c5 01 c5 01 c5 01 c5 01 c5 01 c5 01 c5,3,8761,0.703125,1.0,0.46875,1138,01 c5 01 c5 01 c5 01 c5 01 c5 01 c5 01 c5 01 c5,47460,42 e3 21 e3 21 e0 42 e0 42 e3 21 e3 21 e0 42 e0,True,,open copier,1138,open copier,1138
31018,48566,50,16420,8916,True,True,True,47460,42 e3 21 e3 21 e0 42 e0 42 e3 21 e3 21 e0 42 e0,0,0,7918,2778,open copier:5088;confined copier:1;non-copier:2829,1138,open copier,01 c5 01 c5 01 c5 01 c5 01 c5 01 c5 01 c5 01 c5,3,8761,0.703125,1.0,0.46875,1138,01 c5 01 c5 01 c5 01 c5 01 c5 01 c5 01 c5 01 c5,47460,42 e3 21 e3 21 e0 42 e0 42 e3 21 e3 21 e0 42 e0,True,,open copier,1138,open copier,1138
31018,48566,51,7922,8882,True,True,True,47460,42 e3 21 e3 21 e0 42 e0 42 e3 21 e3 21 e0 42 e0,0,0,7918,2778,open copier:5088;confined copier:1;non-copier:2829,1138,open copier,01 c5 01 c5 01 c5 01 c5 01 c5 01 c5 01 c5 01 c5,3,8761,0.703125,1.0,0.46875,1138,01 c5 01 c5 01 c5 01 c5 01 c5 01 c5 01 c5 01 c5,47460,42 e3 21 e3 21 e0 42 e0 42 e3 21 e3 21 e0 42 e0,True,,open copier,1138,open copier,1138
31018,48566,52,2164,8865,True,True,True,47460,42 e3 21 e3 21 e0 42 e0 42 e3 21 e3 21 e0 42 e0,0,0,7918,2778,open copier:5088;confined copier:1;non-copier:2829,1138,open copier,01 c5 01 c5 01 c5 01 c5 01 c5 01 c5 01 c5 01 c5,3,8761,0.703125,1.0,0.46875,1138,01 c5 01 c5 01 c5 01 c5 01 c5 01 c5 01 c5 01 c5,47460,42 e3 21 e3 21 e0 42 e0 42 e3 21 e3 21 e0 42 e0,True,,open copier,1138,open copier,1138
31018,48566,53,5192,8852,True,True,True,47460,42 e3 21 e3 21 e0 42 e0 42 e3 21 e3 21 e0 42 e0,0,0,7918,2778,open copier:5088;confined copier:1;non-copier:2829,1138,open copier,01 c5 01 c5 01 c5 01 c5 01 c5 01 c5 01 c5 01 c5,3,8761,0.703125,1.0,0.46875,1138,01 c5 01 c5 01 c5 01 c5 01 c5 01 c5 01 c5 01 c5,47460,42 e3 21 e3 21 e0 42 e0 42 e3 21 e3 21 e0 42 e0,True,,open copier,1138,open copier,1138
31018,48566,54,16942,8996,True,True,True,47460,42 e3 21 e3 21 e0 42 e0 42 e3 21 e3 21 e0 42 e0,0,0,7918,2778,open copier:5088;confined copier:1;non-copier:2829,1138,open copier,01 c5 01 c5 01 c5 01 c5 01 c5 01 c5 01 c5 01 c5,3,8761,0.703125,1.0,0.46875,1138,01 c5 01 c5 01 c5 01 c5 01 c5 01 c5 01 c5 01 c5,47460,42 e3 21 e3 21 e0 42 e0 42 e3 21 e3 21 e0 42 e0,True,,open copier,1138,open copier,1138
31018,48566,55,3069,8861,True,True,True,47460,42 e3 21 e3 21 e0 42 e0 42 e3 21 e3 21 e0 42 e0,0,0,7918,2778,open copier:5088;confined copier:1;non-copier:2829,1138,open copier,01 c5 01 c5 01 c5 01 c5 01 c5 01 c5 01 c5 01 c5,3,8761,0.703125,1.0,0.46875,1138,01 c5 01 c5 01 c5 01 c5 01 c5 01 c5 01 c5 01 c5,47460,42 e3 21 e3 21 e0 42 e0 42 e3 21 e3 21 e0 42 e0,True,,open copier,1138,open copier,1138
31018,48566,56,3221,8804,True,True,True,47460,42 e3 21 e3 21 e0 42 e0 42 e3 21 e3 21 e0 42 e0,0,0,7918,2778,open copier:5088;confined copier:1;non-copier:2829,1138,open copier,01 c5 01 c5 01 c5 01 c5 01 c5 01 c5 01 c5 01 c5,3,8761,0.703125,1.0,0.46875,1138,01 c5 01 c5 01 c5 01 c5 01 c5 01 c5 01 c5 01 c5,47460,42 e3 21 e3 21 e0 42 e0 42 e3 21 e3 21 e0 42 e0,True,,open copier,1138,open copier,1138
31018,48566,57,14504,8916,True,True,True,47460,42 e3 21 e3 21 e0 42 e0 42 e3 21 e3 21 e0 42 e0,0,0,7918,2778,open copier:5088;confined copier:1;non-copier:2829,1138,open copier,01 c5 01 c5 01 c5 01 c5 01 c5 01 c5 01 c5 01 c5,3,8761,0.703125,1.0,0.46875,1138,01 c5 01 c5 01 c5 01 c5 01 c5 01 c5 01 c5 01 c5,47460,42 e3 21 e3 21 e0 42 e0 42 e3 21 e3 21 e0 42 e0,True,,open copier,1138,open copier,1138
31018,48566,58,13347,8832,True,True,True,47460,42 e3 21 e3 21 e0 42 e0 42 e3 21 e3 21 e0 42 e0,0,0,7918,2778,open copier:5088;confined copier:1;non-copier:2829,1138,open copier,01 c5 01 c5 01 c5 01 c5 01 c5 01 c5 01 c5 01 c5,3,8761,0.703125,1.0,0.46875,1138,01 c5 01 c5 01 c5 01 c5 01 c5 01 c5 01 c5 01 c5,47460,42 e3 21 e3 21 e0 42 e0 42 e3 21 e3 21 e0 42 e0,True,,open copier,1138,open copier,1138
31018,48566,59,6923,8919,True,True,True,47460,42 e3 21 e3 21 e0 42 e0 42 e3 21 e3 21 e0 42 e0,0,0,7918,2778,open copier:5088;confined copier:1;non-copier:2829,1138,open copier,01 c5 01 c5 01 c5 01 c5 01 c5 01 c5 01 c5 01 c5,3,8761,0.703125,1.0,0.46875,1138,01 c5 01 c5 01 c5 01 c5 01 c5 01 c5 01 c5 01 c5,47460,42 e3 21 e3 21 e0 42 e0 42 e3 21 e3 21 e0 42 e0,True,,open copier,1138,open copier,1138
31018,48566,60,13422,8960,True,True,True,47460,42 e3 21 e3 21 e0 42 e0 42 e3 21 e3 21 e0 42 e0,0,0,7918,2778,open copier:5088;confined copier:1;non-copier:2829,1138,open copier,01 c5 01 c5 01 c5 01 c5 01 c5 01 c5 01 c5 01 c5,3,8761,0.703125,1.0,0.46875,1138,01 c5 01 c5 01 c5 01 c5 01 c5 01 c5 01 c5 01 c5,47460,42 e3 21 e3 21 e0 42 e0 42 e3 21 e3 21 e0 42 e0,True,,open copier,1138,open copier,1138
31018,48566,61,19005,8834,True,True,True,47460,42 e3 21 e3 21 e0 42 e0 42 e3 21 e3 21 e0 42 e0,0,0,7918,2778,open copier:5088;confined copier:1;non-copier:2829,1138,open copier,01 c5 01 c5 01 c5 01 c5 01 c5 01 c5 01 c5 01 c5,3,8761,0.703125,1.0,0.46875,1138,01 c5 01 c5 01 c5 01 c5 01 c5 01 c5 01 c5 01 c5,47460,42 e3 21 e3 21 e0 42 e0 42 e3 21 e3 21 e0 42 e0,True,,open copier,1138,open copier,1138
31018,48566,62,447,8889,True,True,True,47460,42 e3 21 e3 21 e0 42 e0 42 e3 21 e3 21 e0 42 e0,0,0,7918,2778,open copier:5088;confined copier:1;non-copier:2829,1138,open copier,01 c5 01 c5 01 c5 01 c5 01 c5 01 c5 01 c5 01 c5,3,8761,0.703125,1.0,0.46875,1138,01 c5 01 c5 01 c5 01 c5 01 c5 01 c5 01 c5 01 c5,47460,42 e3 21 e3 21 e0 42 e0 42 e3 21 e3 21 e0 42 e0,True,,open copier,1138,open copier,1138
31018,48566,63,10011,8848,True,True,True,47460,42 e3 21 e3 21 e0 42 e0 42 e3 21 e3 21 e0 42 e0,0,0,7918,2778,open copier:5088;confined copier:1;non-copier:2829,1138,open copier,01 c5 01 c5 01 c5 01 c5 01 c5 01 c5 01 c5 01 c5,3,8761,0.703125,1.0,0.46875,1138,01 c5 01 c5 01 c5 01 c5 01 c5 01 c5 01 c5 01 c5,47460,42 e3 21 e3 21 e0 42 e0 42 e3 21 e3 21 e0 42 e0,True,,open copier,1138,open copier,1138
31019,55501,0,5404,9988,True,True,True,54130,96 e3 21 e3 21 e0 96 e0 96 e3 21 e3 21 e0 96 e0,0,0,8909,3129,open copier:5606;confined copier:2;non-copier:3301,28,open copier,ff 41 00 41 00 41 00 41 00 41 00 41 00 41 00 41,3,9983,0.5,1.0,0.0,28,ff 41 00 41 00 41 00 41 00 41 00 41 00 41 00 41,53472,21 e5 e2 30 21 e5 e2 e5 e2 e5 e2 e5 e2 e5 e2 e5,False,,open copier,1232,open copier,1232
31019,55501,1,9511,10114,True,True,True,54130,96 e3 21 e3 21 e0 96 e0 96 e3 21 e3 21 e0 96 e0,0,0,8909,3129,open copier:5606;confined copier:2;non-copier:3301,28,open copier,ff 41 00 41 00 41 00 41 00 41 00 41 00 41 00 41,3,9983,0.5,1.0,0.0,28,ff 41 00 41 00 41 00 41 00 41 00 41 00 41 00 41,53472,21 e5 e2 30 21 e5 e2 e5 e2 e5 e2 e5 e2 e5 e2 e5,False,,open copier,1232,open copier,1232
31019,55501,2,2216,9879,True,True,True,54130,96 e3 21 e3 21 e0 96 e0 96 e3 21 e3 21 e0 96 e0,0,0,8909,3129,open copier:5606;confined copier:2;non-copier:3301,28,open copier,ff 41 00 41 00 41 00 41 00 41 00 41 00 41 00 41,3,9983,0.5,1.0,0.0,28,ff 41 00 41 00 41 00 41 00 41 00 41 00 41 00 41,53472,21 e5 e2 30 21 e5 e2 e5 e2 e5 e2 e5 e2 e5 e2 e5,False,,open copier,1232,open copier,1232
31019,55501,3,19985,9787,True,True,True,54130,96 e3 21 e3 21 e0 96 e0 96 e3 21 e3 21 e0 96 e0,0,0,8909,3129,open copier:5606;confined copier:2;non-copier:3301,28,open copier,ff 41 00 41 00 41 00 41 00 41 00 41 00 41 00 41,3,9983,0.5,1.0,0.0,28,ff 41 00 41 00 41 00 41 00 41 00 41 00 41 00 41,53472,21 e5 e2 30 21 e5 e2 e5 e2 e5 e2 e5 e2 e5 e2 e5,False,,open copier,1232,open copier,1232
31019,55501,4,34,9955,True,True,True,54130,96 e3 21 e3 21 e0 96 e0 96 e3 21 e3 21 e0 96 e0,0,0,8909,3129,open copier:5606;confined copier:2;non-copier:3301,28,open copier,ff 41 00 41 00 41 00 41 00 41 00 41 00 41 00 41,3,9983,0.5,1.0,0.0,28,ff 41 00 41 00 41 00 41 00 41 00 41 00 41 00 41,53472,21 e5 e2 30 21 e5 e2 e5 e2 e5 e2 e5 e2 e5 e2 e5,False,,open copier,1232,open copier,1232
31019,55501,5,14618,9915,True,True,True,54130,96 e3 21 e3 21 e0 96 e0 96 e3 21 e3 21 e0 96 e0,0,0,8909,3129,open copier:5606;confined copier:2;non-copier:3301,28,open copier,ff 41 00 41 00 41 00 41 00 41 00 41 00 41 00 41,3,9983,0.5,1.0,0.0,28,ff 41 00 41 00 41 00 41 00 41 00 41 00 41 00 41,53472,21 e5 e2 30 21 e5 e2 e5 e2 e5 e2 e5 e2 e5 e2 e5,False,,open copier,1232,open copier,1232
31019,55501,6,6401,10028,True,True,True,54130,96 e3 21 e3 21 e0 96 e0 96 e3 21 e3 21 e0 96 e0,0,0,8909,3129,open copier:5606;confined copier:2;non-copier:3301,28,open copier,ff 41 00 41 00 41 00 41 00 41 00 41 00 41 00 41,3,9983,0.5,1.0,0.0,28,ff 41 00 41 00 41 00 41 00 41 00 41 00 41 00 41,53472,21 e5 e2 30 21 e5 e2 e5 e2 e5 e2 e5 e2 e5 e2 e5,False,,open copier,1232,open copier,1232
31019,55501,7,14579,9911,True,True,True,54130,96 e3 21 e3 21 e0 96 e0 96 e3 21 e3 21 e0 96 e0,0,0,8909,3129,open copier:5606;confined copier:2;non-copier:3301,28,open copier,ff 41 00 41 00 41 00 41 00 41 00 41 00 41 00 41,3,9983,0.5,1.0,0.0,28,ff 41 00 41 00 41 00 41 00 41 00 41 00 41 00 41,53472,21 e5 e2 30 21 e5 e2 e5 e2 e5 e2 e5 e2 e5 e2 e5,False,,open copier,1232,open copier,1232
31019,55501,8,14277,9899,True,True,True,54130,96 e3 21 e3 21 e0 96 e0 96 e3 21 e3 21 e0 96 e0,0,0,8909,3129,open copier:5606;confined copier:2;non-copier:3301,28,open copier,ff 41 00 41 00 41 00 41 00 41 00 41 00 41 00 41,3,9983,0.5,1.0,0.0,28,ff 41 00 41 00 41 00 41 00 41 00 41 00 41 00 41,53472,21 e5 e2 30 21 e5 e2 e5 e2 e5 e2 e5 e2 e5 e2 e5,False,,open copier,1232,open copier,1232
31019,55501,9,17641,9871,True,True,True,54130,96 e3 21 e3 21 e0 96 e0 96 e3 21 e3 21 e0 96 e0,0,0,8909,3129,open copier:5606;confined copier:2;non-copier:3301,28,open copier,ff 41 00 41 00 41 00 41 00 41 00 41 00 41 00 41,3,9983,0.5,1.0,0.0,28,ff 41 00 41 00 41 00 41 00 41 00 41 00 41 00 41,53472,21 e5 e2 30 21 e5 e2 e5 e2 e5 e2 e5 e2 e5 e2 e5,False,,open copier,1232,open copier,1232
31019,55501,10,1139,9952,True,True,True,54130,96 e3 21 e3 21 e0 96 e0 96 e3 21 e3 21 e0 96 e0,0,0,8909,3129,open copier:5606;confined copier:2;non-copier:3301,28,open copier,ff 41 00 41 00 41 00 41 00 41 00 41 00 41 00 41,3,9983,0.5,1.0,0.0,28,ff 41 00 41 00 41 00 41 00 41 00 41 00 41 00 41,53472,21 e5 e2 30 21 e5 e2 e5 e2 e5 e2 e5 e2 e5 e2 e5,False,,open copier,1232,open copier,1232
31019,55501,11,11833,9920,True,True,True,54130,96 e3 21 e3 21 e0 96 e0 96 e3 21 e3 21 e0 96 e0,0,0,8909,3129,open copier:5606;confined copier:2;non-copier:3301,28,open copier,ff 41 00 41 00 41 00 41 00 41 00 41 00 41 00 41,3,9983,0.5,1.0,0.0,28,ff 41 00 41 00 41 00 41 00 41 00 41 00 41 00 41,53472,21 e5 e2 30 21 e5 e2 e5 e2 e5 e2 e5 e2 e5 e2 e5,False,,open copier,1232,open copier,1232
31019,55501,12,15952,9941,True,True,True,54130,96 e3 21 e3 21 e0 96 e0 96 e3 21 e3 21 e0 96 e0,0,0,8909,3129,open copier:5606;confined copier:2;non-copier:3301,28,open copier,ff 41 00 41 00 41 00 41 00 41 00 41 00 41 00 41,3,9983,0.5,1.0,0.0,28,ff 41 00 41 00 41 00 41 00 41 00 41 00 41 00 41,53472,21 e5 e2 30 21 e5 e2 e5 e2 e5 e2 e5 e2 e5 e2 e5,False,,open copier,1232,open copier,1232
31019,55501,13,14153,9894,True,True,False,57680,b5 e3 21 e3 21 e8 b5 e8 b5 e3 21 e3 21 e8 b5 e8,0,0,9394,3219,open copier:5610;confined copier:439;non-copier:3345,28,open copier,ff 41 00 41 00 41 00 41 00 41 00 41 00 41 00 41,3,9983,0.5,1.0,0.0,28,ff 41 00 41 00 41 00 41 00 41 00 41 00 41 00 41,53472,21 e5 e2 30 21 e5 e2 e5 e2 e5 e2 e5 e2 e5 e2 e5,False,,open copier,1232,open copier,1232
31019,55501,14,943,9953,True,True,True,54130,96 e3 21 e3 21 e0 96 e0 96 e3 21 e3 21 e0 96 e0,0,0,8909,3129,open copier:5606;confined copier:2;non-copier:3301,28,open copier,ff 41 00 41 00 41 00 41 00 41 00 41 00 41 00 41,3,9983,0.5,1.0,0.0,28,ff 41 00 41 00 41 00 41 00 41 00 41 00 41 00 41,53472,21 e5 e2 30 21 e5 e2 e5 e2 e5 e2 e5 e2 e5 e2 e5,False,,open copier,1232,open copier,1232
31019,55501,15,17737,9885,True,True,True,54130,96 e3 21 e3 21 e0 96 e0 96 e3 21 e3 21 e0 96 e0,0,0,8909,3129,open copier:5606;confined copier:2;non-copier:3301,28,open copier,ff 41 00 41 00 41 00 41 00 41 00 41 00 41 00 41,3,9983,0.5,1.0,0.0,28,ff 41 00 41 00 41 00 41 00 41 00 41 00 41 00 41,53472,21 e5 e2 30 21 e5 e2 e5 e2 e5 e2 e5 e2 e5 e2 e5,False,,open copier,1232,open copier,1232
31019,55501,16,12317,9859,True,True,True,54130,96 e3 21 e3 21 e0 96 e0 96 e3 21 e3 21 e0 96 e0,0,0,8909,3129,open copier:5606;confined copier:2;non-copier:3301,28,open copier,ff 41 00 41 00 41 00 41 00 41 00 41 00 41 00 41,3,9983,0.5,1.0,0.0,28,ff 41 00 41 00 41 00 41 00 41 00 41 00 41 00 41,53472,21 e5 e2 30 21 e5 e2 e5 e2 e5 e2 e5 e2 e5 e2 e5,False,,open copier,1232,open copier,1232
31019,55501,17,17444,9903,True,True,True,54130,96 e3 21 e3 21 e0 96 e0 96 e3 21 e3 21 e0 96 e0,0,0,8909,3129,open copier:5606;confined copier:2;non-copier:3301,28,open copier,ff 41 00 41 00 41 00 41 00 41 00 41 00 41 00 41,3,9983,0.5,1.0,0.0,28,ff 41 00 41 00 41 00 41 00 41 00 41 00 41 00 41,53472,21 e5 e2 30 21 e5 e2 e5 e2 e5 e2 e5 e2 e5 e2 e5,False,,open copier,1232,open copier,1232
31019,55501,18,6003,9836,True,True,True,54130,96 e3 21 e3 21 e0 96 e0 96 e3 21 e3 21 e0 96 e0,0,0,8909,3129,open copier:5606;confined copier:2;non-copier:3301,28,open copier,ff 41 00 41 00 41 00 41 00 41 00 41 00 41 00 41,3,9983,0.5,1.0,0.0,28,ff 41 00 41 00 41 00 41 00 41 00 41 00 41 00 41,53472,21 e5 e2 30 21 e5 e2 e5 e2 e5 e2 e5 e2 e5 e2 e5,False,,open copier,1232,open copier,1232
31019,55501,19,19760,9872,True,True,True,54130,96 e3 21 e3 21 e0 96 e0 96 e3 21 e3 21 e0 96 e0,0,0,8909,3129,open copier:5606;confined copier:2;non-copier:3301,28,open copier,ff 41 00 41 00 41 00 41 00 41 00 41 00 41 00 41,3,9983,0.5,1.0,0.0,28,ff 41 00 41 00 41 00 41 00 41 00 41 00 41 00 41,53472,21 e5 e2 30 21 e5 e2 e5 e2 e5 e2 e5 e2 e5 e2 e5,False,,open copier,1232,open copier,1232
31019,55501,20,2509,10041,True,True,True,54130,96 e3 21 e3 21 e0 96 e0 96 e3 21 e3 21 e0 96 e0,0,0,8909,3129,open copier:5606;confined copier:2;non-copier:3301,28,open copier,ff 41 00 41 00 41 00 41 00 41 00 41 00 41 00 41,3,9983,0.5,1.0,0.0,28,ff 41 00 41 00 41 00 41 00 41 00 41 00 41 00 41,53472,21 e5 e2 30 21 e5 e2 e5 e2 e5 e2 e5 e2 e5 e2 e5,False,,open copier,1232,open copier,1232
31019,55501,21,7934,10017,True,True,True,54130,96 e3 21 e3 21 e0 96 e0 96 e3 21 e3 21 e0 96 e0,0,0,8909,3129,open copier:5606;confined copier:2;non-copier:3301,28,open copier,ff 41 00 41 00 41 00 41 00 41 00 41 00 41 00 41,3,9983,0.5,1.0,0.0,28,ff 41 00 41 00 41 00 41 00 41 00 41 00 41 00 41,53472,21 e5 e2 30 21 e5 e2 e5 e2 e5 e2 e5 e2 e5 e2 e5,False,,open copier,1232,open copier,1232
31019,55501,22,10341,10020,True,True,True,54130,96 e3 21 e3 21 e0 96 e0 96 e3 21 e3 21 e0 96 e0,0,0,8909,3129,open copier:5606;confined copier:2;non-copier:3301,28,open copier,ff 41 00 41 00 41 00 41 00 41 00 41 00 41 00 41,3,9983,0.5,1.0,0.0,28,ff 41 00 41 00 41 00 41 00 41 00 41 00 41 00 41,53472,21 e5 e2 30 21 e5 e2 e5 e2 e5 e2 e5 e2 e5 e2 e5,False,,open copier,1232,open copier,1232
31019,55501,23,1471,9940,True,True,True,54130,96 e3 21 e3 21 e0 96 e0 96 e3 21 e3 21 e0 96 e0,0,0,8909,3129,open copier:5606;confined copier:2;non-copier:3301,28,open copier,ff 41 00 41 00 41 00 41 00 41 00 41 00 41 00 41,3,9983,0.5,1.0,0.0,28,ff 41 00 41 00 41 00 41 00 41 00 41 00 41 00 41,53472,21 e5 e2 30 21 e5 e2 e5 e2 e5 e2 e5 e2 e5 e2 e5,False,,open copier,1232,open copier,1232
31019,55501,24,12351,9953,True,True,True,54130,96 e3 21 e3 21 e0 96 e0 96 e3 21 e3 21 e0 96 e0,0,0,8909,3129,open copier:5606;confined copier:2;non-copier:3301,28,open copier,ff 41 00 41 00 41 00 41 00 41 00 41 00 41 00 41,3,9983,0.5,1.0,0.0,28,ff 41 00 41 00 41 00 41 00 41 00 41 00 41 00 41,53472,21 e5 e2 30 21 e5 e2 e5 e2 e5 e2 e5 e2 e5 e2 e5,False,,open copier,1232,open copier,1232
31019,55501,25,5240,9982,True,True,True,54130,96 e3 21 e3 21 e0 96 e0 96 e3 21 e3 21 e0 96 e0,0,0,8909,3129,open copier:5606;confined copier:2;non-copier:3301,28,open copier,ff 41 00 41 00 41 00 41 00 41 00 41 00 41 00 41,3,9983,0.5,1.0,0.0,28,ff 41 00 41 00 41 00 41 00 41 00 41 00 41 00 41,53472,21 e5 e2 30 21 e5 e2 e5 e2 e5 e2 e5 e2 e5 e2 e5,False,,open copier,1232,open copier,1232
31019,55501,26,1713,9955,True,True,True,54130,96 e3 21 e3 21 e0 96 e0 96 e3 21 e3 21 e0 96 e0,0,0,8909,3129,open copier:5606;confined copier:2;non-copier:3301,28,open copier,ff 41 00 41 00 41 00 41 00 41 00 41 00 41 00 41,3,9983,0.5,1.0,0.0,28,ff 41 00 41 00 41 00 41 00 41 00 41 00 41 00 41,53472,21 e5 e2 30 21 e5 e2 e5 e2 e5 e2 e5 e2 e5 e2 e5,False,,open copier,1232,open copier,1232
31019,55501,27,18369,9878,True,True,True,54130,96 e3 21 e3 21 e0 96 e0 96 e3 21 e3 21 e0 96 e0,0,0,8909,3129,open copier:5606;confined copier:2;non-copier:3301,28,open copier,ff 41 00 41 00 41 00 41 00 41 00 41 00 41 00 41,3,9983,0.5,1.0,0.0,28,ff 41 00 41 00 41 00 41 00 41 00 41 00 41 00 41,53472,21 e5 e2 30 21 e5 e2 e5 e2 e5 e2 e5 e2 e5 e2 e5,False,,open copier,1232,open copier,1232
31019,55501,28,9078,9937,True,True,True,54130,96 e3 21 e3 21 e0 96 e0 96 e3 21 e3 21 e0 96 e0,0,0,8909,3129,open copier:5606;confined copier:2;non-copier:3301,28,open copier,ff 41 00 41 00 41 00 41 00 41 00 41 00 41 00 41,3,9983,0.5,1.0,0.0,28,ff 41 00 41 00 41 00 41 00 41 00 41 00 41 00 41,53472,21 e5 e2 30 21 e5 e2 e5 e2 e5 e2 e5 e2 e5 e2 e5,False,,open copier,1232,open copier,1232
31019,55501,29,841,9986,True,True,True,54130,96 e3 21 e3 21 e0 96 e0 96 e3 21 e3 21 e0 96 e0,0,0,8909,3129,open copier:5606;confined copier:2;non-copier:3301,28,open copier,ff 41 00 41 00 41 00 41 00 41 00 41 00 41 00 41,3,9983,0.5,1.0,0.0,28,ff 41 00 41 00 41 00 41 00 41 00 41 00 41 00 41,53472,21 e5 e2 30 21 e5 e2 e5 e2 e5 e2 e5 e2 e5 e2 e5,False,,open copier,1232,open copier,1232
31019,55501,30,9345,10101,True,True,True,54130,96 e3 21 e3 21 e0 96 e0 96 e3 21 e3 21 e0 96 e0,0,0,8909,3129,open copier:5606;confined copier:2;non-copier:3301,28,open copier,ff 41 00 41 00 41 00 41 00 41 00 41 00 41 00 41,3,9983,0.5,1.0,0.0,28,ff 41 00 41 00 41 00 41 00 41 00 41 00 41 00 41,53472,21 e5 e2 30 21 e5 e2 e5 e2 e5 e2 e5 e2 e5 e2 e5,False,,open copier,1232,open copier,1232
31019,55501,31,11547,9949,True,True,False,55007,b5 e3 21 e3 21 e0 b5 e0 b5 e3 21 e3 21 e0 b5 e0,0,0,9036,3159,open copier:5608;confined copier:107;non-copier:3321,28,open copier,ff 41 00 41 00 41 00 41 00 41 00 41 00 41 00 41,3,9983,0.5,1.0,0.0,28,ff 41 00 41 00 41 00 41 00 41 00 41 00 41 00 41,53472,21 e5 e2 30 21 e5 e2 e5 e2 e5 e2 e5 e2 e5 e2 e5,False,,open copier,1232,open copier,1232
31019,55501,32,12365,9977,True,True,True,54130,96 e3 21 e3 21 e0 96 e0 96 e3 21 e3 21 e0 96 e0,0,0,8909,3129,open copier:5606;confined copier:2;non-copier:3301,28,open copier,ff 41 00 41 00 41 00 41 00 41 00 41 00 41 00 41,3,9983,0.5,1.0,0.0,28,ff 41 00 41 00 41 00 41 00 41 00 41 00 41 00 41,53472,21 e5 e2 30 21 e5 e2 e5 e2 e5 e2 e5 e2 e5 e2 e5,False,,open copier,1232,open copier,1232
31019,55501,33,6406,9866,True,True,True,54130,96 e3 21 e3 21 e0 96 e0 96 e3 21 e3 21 e0 96 e0,0,0,8909,3129,open copier:5606;confined copier:2;non-copier:3301,28,open copier,ff 41 00 41 00 41 00 41 00 41 00 41 00 41 00 41,3,9983,0.5,1.0,0.0,28,ff 41 00 41 00 41 00 41 00 41 00 41 00 41 00 41,53472,21 e5 e2 30 21 e5 e2 e5 e2 e5 e2 e5 e2 e5 e2 e5,False,,open copier,1232,open copier,1232
31019,55501,34,18692,9877,True,True,True,54130,96 e3 21 e3 21 e0 96 e0 96 e3 21 e3 21 e0 96 e0,0,0,8909,3129,open copier:5606;confined copier:2;non-copier:3301,28,open copier,ff 41 00 41 00 41 00 41 00 41 00 41 00 41 00 41,3,9983,0.5,1.0,0.0,28,ff 41 00 41 00 41 00 41 00 41 00 41 00 41 00 41,53472,21 e5 e2 30 21 e5 e2 e5 e2 e5 e2 e5 e2 e5 e2 e5,False,,open copier,1232,open copier,1232
31019,55501,35,5941,10000,True,True,True,54130,96 e3 21 e3 21 e0 96 e0 96 e3 21 e3 21 e0 96 e0,0,0,8909,3129,open copier:5606;confined copier:2;non-copier:3301,28,open copier,ff 41 00 41 00 41 00 41 00 41 00 41 00 41 00 41,3,9983,0.5,1.0,0.0,28,ff 41 00 41 00 41 00 41 00 41 00 41 00 41 00 41,53472,21 e5 e2 30 21 e5 e2 e5 e2 e5 e2 e5 e2 e5 e2 e5,False,,open copier,1232,open copier,1232
31019,55501,36,8343,9953,True,True,True,54130,96 e3 21 e3 21 e0 96 e0 96 e3 21 e3 21 e0 96 e0,0,0,8909,3129,open copier:5606;confined copier:2;non-copier:3301,28,open copier,ff 41 00 41 00 41 00 41 00 41 00 41 00 41 00 41,3,9983,0.5,1.0,0.0,28,ff 41 00 41 00 41 00 41 00 41 00 41 00 41 00 41,53472,21 e5 e2 30 21 e5 e2 e5 e2 e5 e2 e5 e2 e5 e2 e5,False,,open copier,1232,open copier,1232
31019,55501,37,9013,10090,True,True,True,54130,96 e3 21 e3 21 e0 96 e0 96 e3 21 e3 21 e0 96 e0,0,0,8909,3129,open copier:5606;confined copier:2;non-copier:3301,28,open copier,ff 41 00 41 00 41 00 41 00 41 00 41 00 41 00 41,3,9983,0.5,1.0,0.0,28,ff 41 00 41 00 41 00 41 00 41 00 41 00 41 00 41,53472,21 e5 e2 30 21 e5 e2 e5 e2 e5 e2 e5 e2 e5 e2 e5,False,,open copier,1232,open copier,1232
31019,55501,38,9966,9992,True,True,True,54130,96 e3 21 e3 21 e0 96 e0 96 e3 21 e3 21 e0 96 e0,0,0,8909,3129,open copier:5606;confined copier:2;non-copier:3301,28,open copier,ff 41 00 41 00 41 00 41 00 41 00 41 00 41 00 41,3,9983,0.5,1.0,0.0,28,ff 41 00 41 00 41 00 41 00 41 00 41 00 41 00 41,53472,21 e5 e2 30 21 e5 e2 e5 e2 e5 e2 e5 e2 e5 e2 e5,False,,open copier,1232,open copier,1232
31019,55501,39,11486,9927,True,True,True,54130,96 e3 21 e3 21 e0 96 e0 96 e3 21 e3 21 e0 96 e0,0,0,8909,3129,open copier:5606;confined copier:2;non-copier:3301,28,open copier,ff 41 00 41 00 41 00 41 00 41 00 41 00 41 00 41,3,9983,0.5,1.0,0.0,28,ff 41 00 41 00 41 00 41 00 41 00 41 00 41 00 41,53472,21 e5 e2 30 21 e5 e2 e5 e2 e5 e2 e5 e2 e5 e2 e5,False,,open copier,1232,open copier,1232
31019,55501,40,5447,9989,True,True,True,54130,96 e3 21 e3 21 e0 96 e0 96 e3 21 e3 21 e0 96 e0,0,0,8909,3129,open copier:5606;confined copier:2;non-copier:3301,28,open copier,ff 41 00 41 00 41 00 41 00 41 00 41 00 41 00 41,3,9983,0.5,1.0,0.0,28,ff 41 00 41 00 41 00 41 00 41 00 41 00 41 00 41,53472,21 e5 e2 30 21 e5 e2 e5 e2 e5 e2 e5 e2 e5 e2 e5,False,,open copier,1232,open copier,1232
31019,55501,41,17046,9913,True,True,True,54130,96 e3 21 e3 21 e0 96 e0 96 e3 21 e3 21 e0 96 e0,0,0,8909,3129,open copier:5606;confined copier:2;non-copier:3301,28,open copier,ff 41 00 41 00 41 00 41 00 41 00 41 00 41 00 41,3,9983,0.5,1.0,0.0,28,ff 41 00 41 00 41 00 41 00 41 00 41 00 41 00 41,53472,21 e5 e2 30 21 e5 e2 e5 e2 e5 e2 e5 e2 e5 e2 e5,False,,open copier,1232,open copier,1232
31019,55501,42,8676,9947,True,True,True,54130,96 e3 21 e3 21 e0 96 e0 96 e3 21 e3 21 e0 96 e0,0,0,8909,3129,open copier:5606;confined copier:2;non-copier:3301,28,open copier,ff 41 00 41 00 41 00 41 00 41 00 41 00 41 00 41,3,9983,0.5,1.0,0.0,28,ff 41 00 41 00 41 00 41 00 41 00 41 00 41 00 41,53472,21 e5 e2 30 21 e5 e2 e5 e2 e5 e2 e5 e2 e5 e2 e5,False,,open copier,1232,open copier,1232
31019,55501,43,1745,9953,True,True,True,54130,96 e3 21 e3 21 e0 96 e0 96 e3 21 e3 21 e0 96 e0,0,0,8909,3129,open copier:5606;confined copier:2;non-copier:3301,28,open copier,ff 41 00 41 00 41 00 41 00 41 00 41 00 41 00 41,3,9983,0.5,1.0,0.0,28,ff 41 00 41 00 41 00 41 00 41 00 41 00 41 00 41,53472,21 e5 e2 30 21 e5 e2 e5 e2 e5 e2 e5 e2 e5 e2 e5,False,,open copier,1232,open copier,1232
31019,55501,44,3545,10012,True,True,True,54130,96 e3 21 e3 21 e0 96 e0 96 e3 21 e3 21 e0 96 e0,0,0,8909,3129,open copier:5606;confined copier:2;non-copier:3301,28,open copier,ff 41 00 41 00 41 00 41 00 41 00 41 00 41 00 41,3,9983,0.5,1.0,0.0,28,ff 41 00 41 00 41 00 41 00 41 00 41 00 41 00 41,53472,21 e5 e2 30 21 e5 e2 e5 e2 e5 e2 e5 e2 e5 e2 e5,False,,open copier,1232,open copier,1232
31019,55501,45,15291,9819,True,True,False,61580,b5 e3 21 e3 21 e8 b5 e8 b5 e3 21 e3 21 e8 b5 e8,0,0,9733,3282,open copier:5610;confined copier:745;non-copier:3378,28,open copier,ff 41 00 41 00 41 00 41 00 41 00 41 00 41 00 41,3,9983,0.5,1.0,0.0,28,ff 41 00 41 00 41 00 41 00 41 00 41 00 41 00 41,53472,21 e5 e2 30 21 e5 e2 e5 e2 e5 e2 e5 e2 e5 e2 e5,False,,open copier,1232,open copier,1232
31019,55501,46,7446,9823,True,True,True,54130,96 e3 21 e3 21 e0 96 e0 96 e3 21 e3 21 e0 96 e0,0,0,8909,3129,open copier:5606;confined copier:2;non-copier:3301,28,open copier,ff 41 00 41 00 41 00 41 00 41 00 41 00 41 00 41,3,9983,0.5,1.0,0.0,28,ff 41 00 41 00 41 00 41 00 41 00 41 00 41 00 41,53472,21 e5 e2 30 21 e5 e2 e5 e2 e5 e2 e5 e2 e5 e2 e5,False,,open copier,1232,open copier,1232
31019,55501,47,7076,10055,True,True,True,54130,96 e3 21 e3 21 e0 96 e0 96 e3 21 e3 21 e0 96 e0,0,0,8909,3129,open copier:5606;confined copier:2;non-copier:3301,28,open copier,ff 41 00 41 00 41 00 41 00 41 00 41 00 41 00 41,3,9983,0.5,1.0,0.0,28,ff 41 00 41 00 41 00 41 00 41 00 41 00 41 00 41,53472,21 e5 e2 30 21 e5 e2 e5 e2 e5 e2 e5 e2 e5 e2 e5,False,,open copier,1232,open copier,1232
31019,55501,48,13993,9974,True,True,True,54130,96 e3 21 e3 21 e0 96 e0 96 e3 21 e3 21 e0 96 e0,0,0,8909,3129,open copier:5606;confined copier:2;non-copier:3301,28,open copier,ff 41 00 41 00 41 00 41 00 41 00 41 00 41 00 41,3,9983,0.5,1.0,0.0,28,ff 41 00 41 00 41 00 41 00 41 00 41 00 41 00 41,53472,21 e5 e2 30 21 e5 e2 e5 e2 e5 e2 e5 e2 e5 e2 e5,False,,open copier,1232,open copier,1232
31019,55501,49,14249,9889,True,True,True,54130,96 e3 21 e3 21 e0 96 e0 96 e3 21 e3 21 e0 96 e0,0,0,8909,3129,open copier:5606;confined copier:2;non-copier:3301,28,open copier,ff 41 00 41 00 41 00 41 00 41 00 41 00 41 00 41,3,9983,0.5,1.0,0.0,28,ff 41 00 41 00 41 00 41 00 41 00 41 00 41 00 41,53472,21 e5 e2 30 21 e5 e2 e5 e2 e5 e2 e5 e2 e5 e2 e5,False,,open copier,1232,open copier,1232
31019,55501,50,5487,10051,True,True,True,54130,96 e3 21 e3 21 e0 96 e0 96 e3 21 e3 21 e0 96 e0,0,0,8909,3129,open copier:5606;confined copier:2;non-copier:3301,28,open copier,ff 41 00 41 00 41 00 41 00 41 00 41 00 41 00 41,3,9983,0.5,1.0,0.0,28,ff 41 00 41 00 41 00 41 00 41 00 41 00 41 00 41,53472,21 e5 e2 30 21 e5 e2 e5 e2 e5 e2 e5 e2 e5 e2 e5,False,,open copier,1232,open copier,1232
31019,55501,51,9387,10008,True,True,True,54130,96 e3 21 e3 21 e0 96 e0 96 e3 21 e3 21 e0 96 e0,0,0,8909,3129,open copier:5606;confined copier:2;non-copier:3301,28,open copier,ff 41 00 41 00 41 00 41 00 41 00 41 00 41 00 41,3,9983,0.5,1.0,0.0,28,ff 41 00 41 00 41 00 41 00 41 00 41 00 41 00 41,53472,21 e5 e2 30 21 e5 e2 e5 e2 e5 e2 e5 e2 e5 e2 e5,False,,open copier,1232,open copier,1232
31019,55501,52,7097,9920,True,True,True,54130,96 e3 21 e3 21 e0 96 e0 96 e3 21 e3 21 e0 96 e0,0,0,8909,3129,open copier:5606;confined copier:2;non-copier:3301,28,open copier,ff 41 00 41 00 41 00 41 00 41 00 41 00 41 00 41,3,9983,0.5,1.0,0.0,28,ff 41 00 41 00 41 00 41 00 41 00 41 00 41 00 41,53472,21 e5 e2 30 21 e5 e2 e5 e2 e5 e2 e5 e2 e5 e2 e5,False,,open copier,1232,open copier,1232
31019,55501,53,2673,10042,True,True,True,54130,96 e3 21 e3 21 e0 96 e0 96 e3 21 e3 21 e0 96 e0,0,0,8909,3129,open copier:5606;confined copier:2;non-copier:3301,28,open copier,ff 41 00 41 00 41 00 41 00 41 00 41 00 41 00 41,3,9983,0.5,1.0,0.0,28,ff 41 00 41 00 41 00 41 00 41 00 41 00 41 00 41,53472,21 e5 e2 30 21 e5 e2 e5 e2 e5 e2 e5 e2 e5 e2 e5,False,,open copier,1232,open copier,1232
31019,55501,54,13582,9907,True,True,True,54130,96 e3 21 e3 21 e0 96 e0 96 e3 21 e3 21 e0 96 e0,0,0,8909,3129,open copier:5606;confined copier:2;non-copier:3301,28,open copier,ff 41 00 41 00 41 00 41 00 41 00 41 00 41 00 41,3,9983,0.5,1.0,0.0,28,ff 41 00 41 00 41 00 41 00 41 00 41 00 41 00 41,53472,21 e5 e2 30 21 e5 e2 e5 e2 e5 e2 e5 e2 e5 e2 e5,False,,open copier,1232,open copier,1232
31019,55501,55,2977,9995,True,True,True,54130,96 e3 21 e3 21 e0 96 e0 96 e3 21 e3 21 e0 96 e0,0,0,8909,3129,open copier:5606;confined copier:2;non-copier:3301,28,open copier,ff 41 00 41 00 41 00 41 00 41 00 41 00 41 00 41,3,9983,0.5,1.0,0.0,28,ff 41 00 41 00 41 00 41 00 41 00 41 00 41 00 41,53472,21 e5 e2 30 21 e5 e2 e5 e2 e5 e2 e5 e2 e5 e2 e5,False,,open copier,1232,open copier,1232
31019,55501,56,6945,9900,True,True,True,54130,96 e3 21 e3 21 e0 96 e0 96 e3 21 e3 21 e0 96 e0,0,0,8909,3129,open copier:5606;confined copier:2;non-copier:3301,28,open copier,ff 41 00 41 00 41 00 41 00 41 00 41 00 41 00 41,3,9983,0.5,1.0,0.0,28,ff 41 00 41 00 41 00 41 00 41 00 41 00 41 00 41,53472,21 e5 e2 30 21 e5 e2 e5 e2 e5 e2 e5 e2 e5 e2 e5,False,,open copier,1232,open copier,1232
31019,55501,57,12819,9856,True,True,True,54130,96 e3 21 e3 21 e0 96 e0 96 e3 21 e3 21 e0 96 e0,0,0,8909,3129,open copier:5606;confined copier:2;non-copier:3301,28,open copier,ff 41 00 41 00 41 00 41 00 41 00 41 00 41 00 41,3,9983,0.5,1.0,0.0,28,ff 41 00 41 00 41 00 41 00 41 00 41 00 41 00 41,53472,21 e5 e2 30 21 e5 e2 e5 e2 e5 e2 e5 e2 e5 e2 e5,False,,open copier,1232,open copier,1232
31019,55501,58,15202,9880,True,True,True,54130,96 e3 21 e3 21 e0 96 e0 96 e3 21 e3 21 e0 96 e0,0,0,8909,3129,open copier:5606;confined copier:2;non-copier:3301,28,open copier,ff 41 00 41 00 41 00 41 00 41 00 41 00 41 00 41,3,9983,0.5,1.0,0.0,28,ff 41 00 41 00 41 00 41 00 41 00 41 00 41 00 41,53472,21 e5 e2 30 21 e5 e2 e5 e2 e5 e2 e5 e2 e5 e2 e5,False,,open copier,1232,open copier,1232
31019,55501,59,18538,9815,True,True,True,54130,96 e3 21 e3 21 e0 96 e0 96 e3 21 e3 21 e0 96 e0,0,0,8909,3129,open copier:5606;confined copier:2;non-copier:3301,28,open copier,ff 41 00 41 00 41 00 41 00 41 00 41 00 41 00 41,3,9983,0.5,1.0,0.0,28,ff 41 00 41 00 41 00 41 00 41 00 41 00 41 00 41,53472,21 e5 e2 30 21 e5 e2 e5 e2 e5 e2 e5 e2 e5 e2 e5,False,,open copier,1232,open copier,1232
31019,55501,60,18394,9819,True,True,True,54130,96 e3 21 e3 21 e0 96 e0 96 e3 21 e3 21 e0 96 e0,0,0,8909,3129,open copier:5606;confined copier:2;non-copier:3301,28,open copier,ff 41 00 41 00 41 00 41 00 41 00 41 00 41 00 41,3,9983,0.5,1.0,0.0,28,ff 41 00 41 00 41 00 41 00 41 00 41 00 41 00 41,53472,21 e5 e2 30 21 e5 e2 e5 e2 e5 e2 e5 e2 e5 e2 e5,False,,open copier,1232,open copier,1232
31019,55501,61,2797,10003,True,True,True,54130,96 e3 21 e3 21 e0 96 e0 96 e3 21 e3 21 e0 96 e0,0,0,8909,3129,open copier:5606;confined copier:2;non-copier:3301,28,open copier,ff 41 00 41 00 41 00 41 00 41 00 41 00 41 00 41,3,9983,0.5,1.0,0.0,28,ff 41 00 41 00 41 00 41 00 41 00 41 00 41 00 41,53472,21 e5 e2 30 21 e5 e2 e5 e2 e5 e2 e5 e2 e5 e2 e5,False,,open copier,1232,open copier,1232
31019,55501,62,19727,9691,True,True,False,54520,b5 e3 21 e3 21 e0 b5 e0 b5 e3 21 e3 21 e0 b5 e0,0,0,8970,3144,open copier:5607;confined copier:60;non-copier:3303,28,open copier,ff 41 00 41 00 41 00 41 00 41 00 41 00 41 00 41,3,9983,0.5,1.0,0.0,28,ff 41 00 41 00 41 00 41 00 41 00 41 00 41 00 41,53472,21 e5 e2 30 21 e5 e2 e5 e2 e5 e2 e5 e2 e5 e2 e5,False,,open copier,1232,open copier,1232
31019,55501,63,4512,10018,True,True,True,54130,96 e3 21 e3 21 e0 96 e0 96 e3 21 e3 21 e0 96 e0,0,0,8909,3129,open copier:5606;confined copier:2;non-copier:3301,28,open copier,ff 41 00 41 00 41 00 41 00 41 00 41 00 41 00 41,3,9983,0.5,1.0,0.0,28,ff 41 00 41 00 41 00 41 00 41 00 41 00 41 00 41,53472,21 e5 e2 30 21 e5 e2 e5 e2 e5 e2 e5 e2 e5 e2 e5,False,,open copier,1232,open copier,1232
31020,65679,0,1233,11850,True,True,True,64732,f8 e3 21 e3 21 e0 f8 e0 f8 e3 21 e3 21 e0 f8 e0,0,0,10915,3736,open copier:7102;confined copier:2;non-copier:3811,94,open copier,11 d5 11 d5 11 d5 11 d5 11 d5 11 d5 11 d5 11 d5,3,11835,0.6875,1.0,0.46875,94,11 d5 11 d5 11 d5 11 d5 11 d5 11 d5 11 d5 11 d5,56314,00 c5 01 e0 01 c5 01 e0 01 e0 01 e0 01 c5 01 01,False,,open copier,94,open copier,94
31020,65679,1,18627,12056,True,True,False,65033,00 e3 21 e3 21 e0 00 e0 00 e3 21 e3 21 e0 00 e0,0,0,11124,3875,open copier:7100;confined copier:6;non-copier:4018,94,open copier,11 d5 11 d5 11 d5 11 d5 11 d5 11 d5 11 d5 11 d5,3,11835,0.6875,1.0,0.46875,94,11 d5 11 d5 11 d5 11 d5 11 d5 11 d5 11 d5 11 d5,6136,01 c0 01 c5 01 c0 01 c5 01 c0 01 c0 01 c0 01 c0,False,,open copier,94,open copier,94
31020,65679,2,2458,11855,True,True,True,64732,f8 e3 21 e3 21 e0 f8 e0 f8 e3 21 e3 21 e0 f8 e0,0,0,10915,3736,open copier:7102;confined copier:2;non-copier:3811,94,open copier,11 d5 11 d5 11 d5 11 d5 11 d5 11 d5 11 d5 11 d5,3,11835,0.6875,1.0,0.46875,94,11 d5 11 d5 11 d5 11 d5 11 d5 11 d5 11 d5 11 d5,56314,00 c5 01 e0 01 c5 01 e0 01 e0 01 e0 01 c5 01 01,False,,open copier,94,open copier,94
31020,65679,3,11718,12095,True,True,False,65033,00 e3 21 e3 21 e0 00 e0 00 e3 21 e3 21 e0 00 e0,0,0,11124,3875,open copier:7100;confined copier:6;non-copier:4018,94,open copier,11 d5 11 d5 11 d5 11 d5 11 d5 11 d5 11 d5 11 d5,3,11835,0.6875,1.0,0.46875,94,11 d5 11 d5 11 d5 11 d5 11 d5 11 d5 11 d5 11 d5,6136,01 c0 01 c5 01 c0 01 c5 01 c0 01 c0 01 c0 01 c0,False,,open copier,94,open copier,94
31020,65679,4,10494,11785,True,True,True,64732,f8 e3 21 e3 21 e0 f8 e0 f8 e3 21 e3 21 e0 f8 e0,0,0,10915,3736,open copier:7102;confined copier:2;non-copier:3811,94,open copier,11 d5 11 d5 11 d5 11 d5 11 d5 11 d5 11 d5 11 d5,3,11835,0.6875,1.0,0.46875,94,11 d5 11 d5 11 d5 11 d5 11 d5 11 d5 11 d5 11 d5,56314,00 c5 01 e0 01 c5 01 e0 01 e0 01 e0 01 c5 01 01,False,,open copier,94,open copier,94
31020,65679,5,4054,11854,True,True,True,64732,f8 e3 21 e3 21 e0 f8 e0 f8 e3 21 e3 21 e0 f8 e0,0,0,10915,3736,open copier:7102;confined copier:2;non-copier:3811,94,open copier,11 d5 11 d5 11 d5 11 d5 11 d5 11 d5 11 d5 11 d5,3,11835,0.6875,1.0,0.46875,94,11 d5 11 d5 11 d5 11 d5 11 d5 11 d5 11 d5 11 d5,56314,00 c5 01 e0 01 c5 01 e0 01 e0 01 e0 01 c5 01 01,False,,open copier,94,open copier,94
31020,65679,6,19000,11789,True,True,True,64732,f8 e3 21 e3 21 e0 f8 e0 f8 e3 21 e3 21 e0 f8 e0,0,0,10915,3736,open copier:7102;confined copier:2;non-copier:3811,94,open copier,11 d5 11 d5 11 d5 11 d5 11 d5 11 d5 11 d5 11 d5,3,11835,0.6875,1.0,0.46875,94,11 d5 11 d5 11 d5 11 d5 11 d5 11 d5 11 d5 11 d5,56314,00 c5 01 e0 01 c5 01 e0 01 e0 01 e0 01 c5 01 01,False,,open copier,94,open copier,94
31020,65679,7,1447,11992,True,True,False,65033,00 e3 21 e3 21 e0 00 e0 00 e3 21 e3 21 e0 00 e0,0,0,11124,3875,open copier:7100;confined copier:6;non-copier:4018,94,open copier,11 d5 11 d5 11 d5 11 d5 11 d5 11 d5 11 d5 11 d5,3,11835,0.6875,1.0,0.46875,94,11 d5 11 d5 11 d5 11 d5 11 d5 11 d5 11 d5 11 d5,6136,01 c0 01 c5 01 c0 01 c5 01 c0 01 c0 01 c0 01 c0,False,,open copier,94,open copier,94
31020,65679,8,17479,11943,True,True,False,65033,00 e3 21 e3 21 e0 00 e0 00 e3 21 e3 21 e0 00 e0,0,0,11124,3875,open copier:7100;confined copier:6;non-copier:4018,94,open copier,11 d5 11 d5 11 d5 11 d5 11 d5 11 d5 11 d5 11 d5,3,11835,0.6875,1.0,0.46875,94,11 d5 11 d5 11 d5 11 d5 11 d5 11 d5 11 d5 11 d5,6136,01 c0 01 c5 01 c0 01 c5 01 c0 01 c0 01 c0 01 c0,False,,open copier,94,open copier,94
31020,65679,9,16788,11747,True,True,True,64732,f8 e3 21 e3 21 e0 f8 e0 f8 e3 21 e3 21 e0 f8 e0,0,0,10915,3736,open copier:7102;confined copier:2;non-copier:3811,94,open copier,11 d5 11 d5 11 d5 11 d5 11 d5 11 d5 11 d5 11 d5,3,11835,0.6875,1.0,0.46875,94,11 d5 11 d5 11 d5 11 d5 11 d5 11 d5 11 d5 11 d5,56314,00 c5 01 e0 01 c5 01 e0 01 e0 01 e0 01 c5 01 01,False,,open copier,94,open copier,94
31020,65679,10,2359,11849,True,True,True,64732,f8 e3 21 e3 21 e0 f8 e0 f8 e3 21 e3 21 e0 f8 e0,0,0,10915,3736,open copier:7102;confined copier:2;non-copier:3811,94,open copier,11 d5 11 d5 11 d5 11 d5 11 d5 11 d5 11 d5 11 d5,3,11835,0.6875,1.0,0.46875,94,11 d5 11 d5 11 d5 11 d5 11 d5 11 d5 11 d5 11 d5,56314,00 c5 01 e0 01 c5 01 e0 01 e0 01 e0 01 c5 01 01,False,,open copier,94,open copier,94
31020,65679,11,14586,12037,True,True,False,65033,00 e3 21 e3 21 e0 00 e0 00 e3 21 e3 21 e0 00 e0,0,0,11124,3875,open copier:7100;confined copier:6;non-copier:4018,94,open copier,11 d5 11 d5 11 d5 11 d5 11 d5 11 d5 11 d5 11 d5,3,11835,0.6875,1.0,0.46875,94,11 d5 11 d5 11 d5 11 d5 11 d5 11 d5 11 d5 11 d5,6136,01 c0 01 c5 01 c0 01 c5 01 c0 01 c0 01 c0 01 c0,False,,open copier,94,open copier,94
31020,65679,12,10697,11833,True,True,True,64732,f8 e3 21 e3 21 e0 f8 e0 f8 e3 21 e3 21 e0 f8 e0,0,0,10915,3736,open copier:7102;confined copier:2;non-copier:3811,94,open copier,11 d5 11 d5 11 d5 11 d5 11 d5 11 d5 11 d5 11 d5,3,11835,0.6875,1.0,0.46875,94,11 d5 11 d5 11 d5 11 d5 11 d5 11 d5 11 d5 11 d5,56314,00 c5 01 e0 01 c5 01 e0 01 e0 01 e0 01 c5 01 01,False,,open copier,94,open copier,94
31020,65679,13,5332,11931,True,True,True,64732,f8 e3 21 e3 21 e0 f8 e0 f8 e3 21 e3 21 e0 f8 e0,0,0,10915,3736,open copier:7102;confined copier:2;non-copier:3811,94,open copier,11 d5 11 d5 11 d5 11 d5 11 d5 11 d5 11 d5 11 d5,3,11835,0.6875,1.0,0.46875,94,11 d5 11 d5 11 d5 11 d5 11 d5 11 d5 11 d5 11 d5,56314,00 c5 01 e0 01 c5 01 e0 01 e0 01 e0 01 c5 01 01,False,,open copier,94,open copier,94
31020,65679,14,15558,12042,True,True,False,65033,00 e3 21 e3 21 e0 00 e0 00 e3 21 e3 21 e0 00 e0,0,0,11124,3875,open copier:7100;confined copier:6;non-copier:4018,94,open copier,11 d5 11 d5 11 d5 11 d5 11 d5 11 d5 11 d5 11 d5,3,11835,0.6875,1.0,0.46875,94,11 d5 11 d5 11 d5 11 d5 11 d5 11 d5 11 d5 11 d5,6136,01 c0 01 c5 01 c0 01 c5 01 c0 01 c0 01 c0 01 c0,False,,open copier,94,open copier,94
31020,65679,15,14438,12046,True,True,False,65033,00 e3 21 e3 21 e0 00 e0 00 e3 21 e3 21 e0 00 e0,0,0,11124,3875,open copier:7100;confined copier:6;non-copier:4018,94,open copier,11 d5 11 d5 11 d5 11 d5 11 d5 11 d5 11 d5 11 d5,3,11835,0.6875,1.0,0.46875,94,11 d5 11 d5 11 d5 11 d5 11 d5 11 d5 11 d5 11 d5,6136,01 c0 01 c5 01 c0 01 c5 01 c0 01 c0 01 c0 01 c0,False,,open copier,94,open copier,94
31020,65679,16,15852,12100,True,True,False,65033,00 e3 21 e3 21 e0 00 e0 00 e3 21 e3 21 e0 00 e0,0,0,11124,3875,open copier:7100;confined copier:6;non-copier:4018,94,open copier,11 d5 11 d5 11 d5 11 d5 11 d5 11 d5 11 d5 11 d5,3,11835,0.6875,1.0,0.46875,94,11 d5 11 d5 11 d5 11 d5 11 d5 11 d5 11 d5 11 d5,6136,01 c0 01 c5 01 c0 01 c5 01 c0 01 c0 01 c0 01 c0,False,,open copier,94,open copier,94
31020,65679,17,16947,11760,True,True,True,64732,f8 e3 21 e3 21 e0 f8 e0 f8 e3 21 e3 21 e0 f8 e0,0,0,10915,3736,open copier:7102;confined copier:2;non-copier:3811,94,open copier,11 d5 11 d5 11 d5 11 d5 11 d5 11 d5 11 d5 11 d5,3,11835,0.6875,1.0,0.46875,94,11 d5 11 d5 11 d5 11 d5 11 d5 11 d5 11 d5 11 d5,56314,00 c5 01 e0 01 c5 01 e0 01 e0 01 e0 01 c5 01 01,False,,open copier,94,open copier,94
31020,65679,18,12249,11725,True,True,True,64732,f8 e3 21 e3 21 e0 f8 e0 f8 e3 21 e3 21 e0 f8 e0,0,0,10915,3736,open copier:7102;confined copier:2;non-copier:3811,94,open copier,11 d5 11 d5 11 d5 11 d5 11 d5 11 d5 11 d5 11 d5,3,11835,0.6875,1.0,0.46875,94,11 d5 11 d5 11 d5 11 d5 11 d5 11 d5 11 d5 11 d5,56314,00 c5 01 e0 01 c5 01 e0 01 e0 01 e0 01 c5 01 01,False,,open copier,94,open copier,94
31020,65679,19,7283,11825,True,True,True,64732,f8 e3 21 e3 21 e0 f8 e0 f8 e3 21 e3 21 e0 f8 e0,0,0,10915,3736,open copier:7102;confined copier:2;non-copier:3811,94,open copier,11 d5 11 d5 11 d5 11 d5 11 d5 11 d5 11 d5 11 d5,3,11835,0.6875,1.0,0.46875,94,11 d5 11 d5 11 d5 11 d5 11 d5 11 d5 11 d5 11 d5,56314,00 c5 01 e0 01 c5 01 e0 01 e0 01 e0 01 c5 01 01,False,,open copier,94,open copier,94
31020,65679,20,4954,11833,True,True,True,64732,f8 e3 21 e3 21 e0 f8 e0 f8 e3 21 e3 21 e0 f8 e0,0,0,10915,3736,open copier:7102;confined copier:2;non-copier:3811,94,open copier,11 d5 11 d5 11 d5 11 d5 11 d5 11 d5 11 d5 11 d5,3,11835,0.6875,1.0,0.46875,94,11 d5 11 d5 11 d5 11 d5 11 d5 11 d5 11 d5 11 d5,56314,00 c5 01 e0 01 c5 01 e0 01 e0 01 e0 01 c5 01 01,False,,open copier,94,open copier,94
31020,65679,21,16841,12052,True,True,False,65033,00 e3 21 e3 21 e0 00 e0 00 e3 21 e3 21 e0 00 e0,0,0,11124,3875,open copier:7100;confined copier:6;non-copier:4018,94,open copier,11 d5 11 d5 11 d5 11 d5 11 d5 11 d5 11 d5 11 d5,3,11835,0.6875,1.0,0.46875,94,11 d5 11 d5 11 d5 11 d5 11 d5 11 d5 11 d5 11 d5,6136,01 c0 01 c5 01 c0 01 c5 01 c0 01 c0 01 c0 01 c0,False,,open copier,94,open copier,94
31020,65679,22,9791,12100,True,True,False,65033,00 e3 21 e3 21 e0 00 e0 00 e3 21 e3 21 e0 00 e0,0,0,11124,3875,open copier:7100;confined copier:6;non-copier:4018,94,open copier,11 d5 11 d5 11 d5 11 d5 11 d5 11 d5 11 d5 11 d5,3,11835,0.6875,1.0,0.46875,94,11 d5 11 d5 11 d5 11 d5 11 d5 11 d5 11 d5 11 d5,6136,01 c0 01 c5 01 c0 01 c5 01 c0 01 c0 01 c0 01 c0,False,,open copier,94,open copier,94
31020,65679,23,6333,11876,True,True,True,64732,f8 e3 21 e3 21 e0 f8 e0 f8 e3 21 e3 21 e0 f8 e0,0,0,10915,3736,open copier:7102;confined copier:2;non-copier:3811,94,open copier,11 d5 11 d5 11 d5 11 d5 11 d5 11 d5 11 d5 11 d5,3,11835,0.6875,1.0,0.46875,94,11 d5 11 d5 11 d5 11 d5 11 d5 11 d5 11 d5 11 d5,56314,00 c5 01 e0 01 c5 01 e0 01 e0 01 e0 01 c5 01 01,False,,open copier,94,open copier,94
31020,65679,24,4204,11905,True,True,True,64732,f8 e3 21 e3 21 e0 f8 e0 f8 e3 21 e3 21 e0 f8 e0,0,0,10915,3736,open copier:7102;confined copier:2;non-copier:3811,94,open copier,11 d5 11 d5 11 d5 11 d5 11 d5 11 d5 11 d5 11 d5,3,11835,0.6875,1.0,0.46875,94,11 d5 11 d5 11 d5 11 d5 11 d5 11 d5 11 d5 11 d5,56314,00 c5 01 e0 01 c5 01 e0 01 e0 01 e0 01 c5 01 01,False,,open copier,94,open copier,94
31020,65679,25,7800,11849,True,True,True,64732,f8 e3 21 e3 21 e0 f8 e0 f8 e3 21 e3 21 e0 f8 e0,0,0,10915,3736,open copier:7102;confined copier:2;non-copier:3811,94,open copier,11 d5 11 d5 11 d5 11 d5 11 d5 11 d5 11 d5 11 d5,3,11835,0.6875,1.0,0.46875,94,11 d5 11 d5 11 d5 11 d5 11 d5 11 d5 11 d5 11 d5,56314,00 c5 01 e0 01 c5 01 e0 01 e0 01 e0 01 c5 01 01,False,,open copier,94,open copier,94
31020,65679,26,14797,12032,True,True,False,65033,00 e3 21 e3 21 e0 00 e0 00 e3 21 e3 21 e0 00 e0,0,0,11124,3875,open copier:7100;confined copier:6;non-copier:4018,94,open copier,11 d5 11 d5 11 d5 11 d5 11 d5 11 d5 11 d5 11 d5,3,11835,0.6875,1.0,0.46875,94,11 d5 11 d5 11 d5 11 d5 11 d5 11 d5 11 d5 11 d5,6136,01 c0 01 c5 01 c0 01 c5 01 c0 01 c0 01 c0 01 c0,False,,open copier,94,open copier,94
31020,65679,27,6989,11848,True,True,True,64732,f8 e3 21 e3 21 e0 f8 e0 f8 e3 21 e3 21 e0 f8 e0,0,0,10915,3736,open copier:7102;confined copier:2;non-copier:3811,94,open copier,11 d5 11 d5 11 d5 11 d5 11 d5 11 d5 11 d5 11 d5,3,11835,0.6875,1.0,0.46875,94,11 d5 11 d5 11 d5 11 d5 11 d5 11 d5 11 d5 11 d5,56314,00 c5 01 e0 01 c5 01 e0 01 e0 01 e0 01 c5 01 01,False,,open copier,94,open copier,94
31020,65679,28,9922,12117,True,True,False,65033,00 e3 21 e3 21 e0 00 e0 00 e3 21 e3 21 e0 00 e0,0,0,11124,3875,open copier:7100;confined copier:6;non-copier:4018,94,open copier,11 d5 11 d5 11 d5 11 d5 11 d5 11 d5 11 d5 11 d5,3,11835,0.6875,1.0,0.46875,94,11 d5 11 d5 11 d5 11 d5 11 d5 11 d5 11 d5 11 d5,6136,01 c0 01 c5 01 c0 01 c5 01 c0 01 c0 01 c0 01 c0,False,,open copier,94,open copier,94
31020,65679,29,13728,11769,True,True,True,64732,f8 e3 21 e3 21 e0 f8 e0 f8 e3 21 e3 21 e0 f8 e0,0,0,10915,3736,open copier:7102;confined copier:2;non-copier:3811,94,open copier,11 d5 11 d5 11 d5 11 d5 11 d5 11 d5 11 d5 11 d5,3,11835,0.6875,1.0,0.46875,94,11 d5 11 d5 11 d5 11 d5 11 d5 11 d5 11 d5 11 d5,56314,00 c5 01 e0 01 c5 01 e0 01 e0 01 e0 01 c5 01 01,False,,open copier,94,open copier,94
31020,65679,30,2779,11844,True,True,True,64732,f8 e3 21 e3 21 e0 f8 e0 f8 e3 21 e3 21 e0 f8 e0,0,0,10915,3736,open copier:7102;confined copier:2;non-copier:3811,94,open copier,11 d5 11 d5 11 d5 11 d5 11 d5 11 d5 11 d5 11 d5,3,11835,0.6875,1.0,0.46875,94,11 d5 11 d5 11 d5 11 d5 11 d5 11 d5 11 d5 11 d5,56314,00 c5 01 e0 01 c5 01 e0 01 e0 01 e0 01 c5 01 01,False,,open copier,94,open copier,94
31020,65679,31,8683,11922,True,True,True,64732,f8 e3 21 e3 21 e0 f8 e0 f8 e3 21 e3 21 e0 f8 e0,0,0,10915,3736,open copier:7102;confined copier:2;non-copier:3811,94,open copier,11 d5 11 d5 11 d5 11 d5 11 d5 11 d5 11 d5 11 d5,3,11835,0.6875,1.0,0.46875,94,11 d5 11 d5 11 d5 11 d5 11 d5 11 d5 11 d5 11 d5,56314,00 c5 01 e0 01 c5 01 e0 01 e0 01 e0 01 c5 01 01,False,,open copier,94,open copier,94
31020,65679,32,429,11817,True,True,True,64732,f8 e3 21 e3 21 e0 f8 e0 f8 e3 21 e3 21 e0 f8 e0,0,0,10915,3736,open copier:7102;confined copier:2;non-copier:3811,94,open copier,11 d5 11 d5 11 d5 11 d5 11 d5 11 d5 11 d5 11 d5,3,11835,0.6875,1.0,0.46875,94,11 d5 11 d5 11 d5 11 d5 11 d5 11 d5 11 d5 11 d5,56314,00 c5 01 e0 01 c5 01 e0 01 e0 01 e0 01 c5 01 01,False,,open copier,94,open copier,94
31020,65679,33,2378,11952,True,True,True,64732,f8 e3 21 e3 21 e0 f8 e0 f8 e3 21 e3 21 e0 f8 e0,0,0,10915,3736,open copier:7102;confined copier:2;non-copier:3811,94,open copier,11 d5 11 d5 11 d5 11 d5 11 d5 11 d5 11 d5 11 d5,3,11835,0.6875,1.0,0.46875,94,11 d5 11 d5 11 d5 11 d5 11 d5 11 d5 11 d5 11 d5,56314,00 c5 01 e0 01 c5 01 e0 01 e0 01 e0 01 c5 01 01,False,,open copier,94,open copier,94
31020,65679,34,1036,11817,True,True,True,64732,f8 e3 21 e3 21 e0 f8 e0 f8 e3 21 e3 21 e0 f8 e0,0,0,10915,3736,open copier:7102;confined copier:2;non-copier:3811,94,open copier,11 d5 11 d5 11 d5 11 d5 11 d5 11 d5 11 d5 11 d5,3,11835,0.6875,1.0,0.46875,94,11 d5 11 d5 11 d5 11 d5 11 d5 11 d5 11 d5 11 d5,56314,00 c5 01 e0 01 c5 01 e0 01 e0 01 e0 01 c5 01 01,False,,open copier,94,open copier,94
31020,65679,35,6520,11763,True,True,True,64732,f8 e3 21 e3 21 e0 f8 e0 f8 e3 21 e3 21 e0 f8 e0,0,0,10915,3736,open copier:7102;confined copier:2;non-copier:3811,94,open copier,11 d5 11 d5 11 d5 11 d5 11 d5 11 d5 11 d5 11 d5,3,11835,0.6875,1.0,0.46875,94,11 d5 11 d5 11 d5 11 d5 11 d5 11 d5 11 d5 11 d5,56314,00 c5 01 e0 01 c5 01 e0 01 e0 01 e0 01 c5 01 01,False,,open copier,94,open copier,94
31020,65679,36,7993,11848,True,True,True,64732,f8 e3 21 e3 21 e0 f8 e0 f8 e3 21 e3 21 e0 f8 e0,0,0,10915,3736,open copier:7102;confined copier:2;non-copier:3811,94,open copier,11 d5 11 d5 11 d5 11 d5 11 d5 11 d5 11 d5 11 d5,3,11835,0.6875,1.0,0.46875,94,11 d5 11 d5 11 d5 11 d5 11 d5 11 d5 11 d5 11 d5,56314,00 c5 01 e0 01 c5 01 e0 01 e0 01 e0 01 c5 01 01,False,,open copier,94,open copier,94
31020,65679,37,6750,12127,True,True,False,65033,00 e3 21 e3 21 e0 00 e0 00 e3 21 e3 21 e0 00 e0,0,0,11124,3875,open copier:7100;confined copier:6;non-copier:4018,94,open copier,11 d5 11 d5 11 d5 11 d5 11 d5 11 d5 11 d5 11 d5,3,11835,0.6875,1.0,0.46875,94,11 d5 11 d5 11 d5 11 d5 11 d5 11 d5 11 d5 11 d5,6136,01 c0 01 c5 01 c0 01 c5 01 c0 01 c0 01 c0 01 c0,False,,open copier,94,open copier,94
31020,65679,38,14349,11803,True,True,True,64732,f8 e3 21 e3 21 e0 f8 e0 f8 e3 21 e3 21 e0 f8 e0,0,0,10915,3736,open copier:7102;confined copier:2;non-copier:3811,94,open copier,11 d5 11 d5 11 d5 11 d5 11 d5 11 d5 11 d5 11 d5,3,11835,0.6875,1.0,0.46875,94,11 d5 11 d5 11 d5 11 d5 11 d5 11 d5 11 d5 11 d5,56314,00 c5 01 e0 01 c5 01 e0 01 e0 01 e0 01 c5 01 01,False,,open copier,94,open copier,94
31020,65679,39,2947,11897,True,True,True,64732,f8 e3 21 e3 21 e0 f8 e0 f8 e3 21 e3 21 e0 f8 e0,0,0,10915,3736,open copier:7102;confined copier:2;non-copier:3811,94,open copier,11 d5 11 d5 11 d5 11 d5 11 d5 11 d5 11 d5 11 d5,3,11835,0.6875,1.0,0.46875,94,11 d5 11 d5 11 d5 11 d5 11 d5 11 d5 11 d5 11 d5,56314,00 c5 01 e0 01 c5 01 e0 01 e0 01 e0 01 c5 01 01,False,,open copier,94,open copier,94
31020,65679,40,17100,11879,True,True,True,64732,f8 e3 21 e3 21 e0 f8 e0 f8 e3 21 e3 21 e0 f8 e0,0,0,10915,3736,open copier:7102;confined copier:2;non-copier:3811,94,open copier,11 d5 11 d5 11 d5 11 d5 11 d5 11 d5 11 d5 11 d5,3,11835,0.6875,1.0,0.46875,94,11 d5 11 d5 11 d5 11 d5 11 d5 11 d5 11 d5 11 d5,56314,00 c5 01 e0 01 c5 01 e0 01 e0 01 e0 01 c5 01 01,False,,open copier,94,open copier,94
31020,65679,41,5983,11886,True,True,True,64732,f8 e3 21 e3 21 e0 f8 e0 f8 e3 21 e3 21 e0 f8 e0,0,0,10915,3736,open copier:7102;confined copier:2;non-copier:3811,94,open copier,11 d5 11 d5 11 d5 11 d5 11 d5 11 d5 11 d5 11 d5,3,11835,0.6875,1.0,0.46875,94,11 d5 11 d5 11 d5 11 d5 11 d5 11 d5 11 d5 11 d5,56314,00 c5 01 e0 01 c5 01 e0 01 e0 01 e0 01 c5 01 01,False,,open copier,94,open copier,94
31020,65679,42,13045,12010,True,True,False,65033,00 e3 21 e3 21 e0 00 e0 00 e3 21 e3 21 e0 00 e0,0,0,11124,3875,open copier:7100;confined copier:6;non-copier:4018,94,open copier,11 d5 11 d5 11 d5 11 d5 11 d5 11 d5 11 d5 11 d5,3,11835,0.6875,1.0,0.46875,94,11 d5 11 d5 11 d5 11 d5 11 d5 11 d5 11 d5 11 d5,6136,01 c0 01 c5 01 c0 01 c5 01 c0 01 c0 01 c0 01 c0,False,,open copier,94,open copier,94
31020,65679,43,2141,11842,True,True,True,64732,f8 e3 21 e3 21 e0 f8 e0 f8 e3 21 e3 21 e0 f8 e0,0,0,10915,3736,open copier:7102;confined copier:2;non-copier:3811,94,open copier,11 d5 11 d5 11 d5 11 d5 11 d5 11 d5 11 d5 11 d5,3,11835,0.6875,1.0,0.46875,94,11 d5 11 d5 11 d5 11 d5 11 d5 11 d5 11 d5 11 d5,56314,00 c5 01 e0 01 c5 01 e0 01 e0 01 e0 01 c5 01 01,False,,open copier,94,open copier,94
31020,65679,44,8775,11756,True,True,True,64732,f8 e3 21 e3 21 e0 f8 e0 f8 e3 21 e3 21 e0 f8 e0,0,0,10915,3736,open copier:7102;confined copier:2;non-copier:3811,94,open copier,11 d5 11 d5 11 d5 11 d5 11 d5 11 d5 11 d5 11 d5,3,11835,0.6875,1.0,0.46875,94,11 d5 11 d5 11 d5 11 d5 11 d5 11 d5 11 d5 11 d5,56314,00 c5 01 e0 01 c5 01 e0 01 e0 01 e0 01 c5 01 01,False,,open copier,94,open copier,94
31020,65679,45,11907,12033,True,True,False,65033,00 e3 21 e3 21 e0 00 e0 00 e3 21 e3 21 e0 00 e0,0,0,11124,3875,open copier:7100;confined copier:6;non-copier:4018,94,open copier,11 d5 11 d5 11 d5 11 d5 11 d5 11 d5 11 d5 11 d5,3,11835,0.6875,1.0,0.46875,94,11 d5 11 d5 11 d5 11 d5 11 d5 11 d5 11 d5 11 d5,6136,01 c0 01 c5 01 c0 01 c5 01 c0 01 c0 01 c0 01 c0,False,,open copier,94,open copier,94
31020,65679,46,14643,12054,True,True,False,65033,00 e3 21 e3 21 e0 00 e0 00 e3 21 e3 21 e0 00 e0,0,0,11124,3875,open copier:7100;confined copier:6;non-copier:4018,94,open copier,11 d5 11 d5 11 d5 11 d5 11 d5 11 d5 11 d5 11 d5,3,11835,0.6875,1.0,0.46875,94,11 d5 11 d5 11 d5 11 d5 11 d5 11 d5 11 d5 11 d5,6136,01 c0 01 c5 01 c0 01 c5 01 c0 01 c0 01 c0 01 c0,False,,open copier,94,open copier,94
31020,65679,47,9866,11784,True,True,True,64732,f8 e3 21 e3 21 e0 f8 e0 f8 e3 21 e3 21 e0 f8 e0,0,0,10915,3736,open copier:7102;confined copier:2;non-copier:3811,94,open copier,11 d5 11 d5 11 d5 11 d5 11 d5 11 d5 11 d5 11 d5,3,11835,0.6875,1.0,0.46875,94,11 d5 11 d5 11 d5 11 d5 11 d5 11 d5 11 d5 11 d5,56314,00 c5 01 e0 01 c5 01 e0 01 e0 01 e0 01 c5 01 01,False,,open copier,94,open copier,94
31020,65679,48,9099,11663,True,True,True,64732,f8 e3 21 e3 21 e0 f8 e0 f8 e3 21 e3 21 e0 f8 e0,0,0,10915,3736,open copier:7102;confined copier:2;non-copier:3811,94,open copier,11 d5 11 d5 11 d5 11 d5 11 d5 11 d5 11 d5 11 d5,3,11835,0.6875,1.0,0.46875,94,11 d5 11 d5 11 d5 11 d5 11 d5 11 d5 11 d5 11 d5,56314,00 c5 01 e0 01 c5 01 e0 01 e0 01 e0 01 c5 01 01,False,,open copier,94,open copier,94
31020,65679,49,10329,11777,True,True,True,64732,f8 e3 21 e3 21 e0 f8 e0 f8 e3 21 e3 21 e0 f8 e0,0,0,10915,3736,open copier:7102;confined copier:2;non-copier:3811,94,open copier,11 d5 11 d5 11 d5 11 d5 11 d5 11 d5 11 d5 11 d5,3,11835,0.6875,1.0,0.46875,94,11 d5 11 d5 11 d5 11 d5 11 d5 11 d5 11 d5 11 d5,56314,00 c5 01 e0 01 c5 01 e0 01 e0 01 e0 01 c5 01 01,False,,open copier,94,open copier,94
31020,65679,50,8687,11923,True,True,True,64732,f8 e3 21 e3 21 e0 f8 e0 f8 e3 21 e3 21 e0 f8 e0,0,0,10915,3736,open copier:7102;confined copier:2;non-copier:3811,94,open copier,11 d5 11 d5 11 d5 11 d5 11 d5 11 d5 11 d5 11 d5,3,11835,0.6875,1.0,0.46875,94,11 d5 11 d5 11 d5 11 d5 11 d5 11 d5 11 d5 11 d5,56314,00 c5 01 e0 01 c5 01 e0 01 e0 01 e0 01 c5 01 01,False,,open copier,94,open copier,94
31020,65679,51,11516,12021,True,True,True,64732,f8 e3 21 e3 21 e0 f8 e0 f8 e3 21 e3 21 e0 f8 e0,0,0,10915,3736,open copier:7102;confined copier:2;non-copier:3811,94,open copier,11 d5 11 d5 11 d5 11 d5 11 d5 11 d5 11 d5 11 d5,3,11835,0.6875,1.0,0.46875,94,11 d5 11 d5 11 d5 11 d5 11 d5 11 d5 11 d5 11 d5,56314,00 c5 01 e0 01 c5 01 e0 01 e0 01 e0 01 c5 01 01,False,,open copier,94,open copier,94
31020,65679,52,6546,11881,True,True,True,64732,f8 e3 21 e3 21 e0 f8 e0 f8 e3 21 e3 21 e0 f8 e0,0,0,10915,3736,open copier:7102;confined copier:2;non-copier:3811,94,open copier,11 d5 11 d5 11 d5 11 d5 11 d5 11 d5 11 d5 11 d5,3,11835,0.6875,1.0,0.46875,94,11 d5 11 d5 11 d5 11 d5 11 d5 11 d5 11 d5 11 d5,56314,00 c5 01 e0 01 c5 01 e0 01 e0 01 e0 01 c5 01 01,False,,open copier,94,open copier,94
31020,65679,53,4128,11788,True,True,True,64732,f8 e3 21 e3 21 e0 f8 e0 f8 e3 21 e3 21 e0 f8 e0,0,0,10915,3736,open copier:7102;confined copier:2;non-copier:3811,94,open copier,11 d5 11 d5 11 d5 11 d5 11 d5 11 d5 11 d5 11 d5,3,11835,0.6875,1.0,0.46875,94,11 d5 11 d5 11 d5 11 d5 11 d5 11 d5 11 d5 11 d5,56314,00 c5 01 e0 01 c5 01 e0 01 e0 01 e0 01 c5 01 01,False,,open copier,94,open copier,94
31020,65679,54,6488,11839,True,True,True,64732,f8 e3 21 e3 21 e0 f8 e0 f8 e3 21 e3 21 e0 f8 e0,0,0,10915,3736,open copier:7102;confined copier:2;non-copier:3811,94,open copier,11 d5 11 d5 11 d5 11 d5 11 d5 11 d5 11 d5 11 d5,3,11835,0.6875,1.0,0.46875,94,11 d5 11 d5 11 d5 11 d5 11 d5 11 d5 11 d5 11 d5,56314,00 c5 01 e0 01 c5 01 e0 01 e0 01 e0 01 c5 01 01,False,,open copier,94,open copier,94
31020,65679,55,17874,11902,True,True,True,64732,f8 e3 21 e3 21 e0 f8 e0 f8 e3 21 e3 21 e0 f8 e0,0,0,10915,3736,open copier:7102;confined copier:2;non-copier:3811,94,open copier,11 d5 11 d5 11 d5 11 d5 11 d5 11 d5 11 d5 11 d5,3,11835,0.6875,1.0,0.46875,94,11 d5 11 d5 11 d5 11 d5 11 d5 11 d5 11 d5 11 d5,56314,00 c5 01 e0 01 c5 01 e0 01 e0 01 e0 01 c5 01 01,False,,open copier,94,open copier,94
31020,65679,56,17947,12059,True,True,False,65033,00 e3 21 e3 21 e0 00 e0 00 e3 21 e3 21 e0 00 e0,0,0,11124,3875,open copier:7100;confined copier:6;non-copier:4018,94,open copier,11 d5 11 d5 11 d5 11 d5 11 d5 11 d5 11 d5 11 d5,3,11835,0.6875,1.0,0.46875,94,11 d5 11 d5 11 d5 11 d5 11 d5 11 d5 11 d5 11 d5,6136,01 c0 01 c5 01 c0 01 c5 01 c0 01 c0 01 c0 01 c0,False,,open copier,94,open copier,94
31020,65679,57,19296,11946,True,True,False,65033,00 e3 21 e3 21 e0 00 e0 00 e3 21 e3 21 e0 00 e0,0,0,11124,3875,open copier:7100;confined copier:6;non-copier:4018,94,open copier,11 d5 11 d5 11 d5 11 d5 11 d5 11 d5 11 d5 11 d5,3,11835,0.6875,1.0,0.46875,94,11 d5 11 d5 11 d5 11 d5 11 d5 11 d5 11 d5 11 d5,6136,01 c0 01 c5 01 c0 01 c5 01 c0 01 c0 01 c0 01 c0,False,,open copier,94,open copier,94
31020,65679,58,15391,12052,True,True,False,65033,00 e3 21 e3 21 e0 00 e0 00 e3 21 e3 21 e0 00 e0,0,0,11124,3875,open copier:7100;confined copier:6;non-copier:4018,94,open copier,11 d5 11 d5 11 d5 11 d5 11 d5 11 d5 11 d5 11 d5,3,11835,0.6875,1.0,0.46875,94,11 d5 11 d5 11 d5 11 d5 11 d5 11 d5 11 d5 11 d5,6136,01 c0 01 c5 01 c0 01 c5 01 c0 01 c0 01 c0 01 c0,False,,open copier,94,open copier,94
31020,65679,59,16910,11822,True,True,True,64732,f8 e3 21 e3 21 e0 f8 e0 f8 e3 21 e3 21 e0 f8 e0,0,0,10915,3736,open copier:7102;confined copier:2;non-copier:3811,94,open copier,11 d5 11 d5 11 d5 11 d5 11 d5 11 d5 11 d5 11 d5,3,11835,0.6875,1.0,0.46875,94,11 d5 11 d5 11 d5 11 d5 11 d5 11 d5 11 d5 11 d5,56314,00 c5 01 e0 01 c5 01 e0 01 e0 01 e0 01 c5 01 01,False,,open copier,94,open copier,94
31020,65679,60,5696,11875,True,True,True,64732,f8 e3 21 e3 21 e0 f8 e0 f8 e3 21 e3 21 e0 f8 e0,0,0,10915,3736,open copier:7102;confined copier:2;non-copier:3811,94,open copier,11 d5 11 d5 11 d5 11 d5 11 d5 11 d5 11 d5 11 d5,3,11835,0.6875,1.0,0.46875,94,11 d5 11 d5 11 d5 11 d5 11 d5 11 d5 11 d5 11 d5,56314,00 c5 01 e0 01 c5 01 e0 01 e0 01 e0 01 c5 01 01,False,,open copier,94,open copier,94
31020,65679,61,5692,11811,True,True,True,64732,f8 e3 21 e3 21 e0 f8 e0 f8 e3 21 e3 21 e0 f8 e0,0,0,10915,3736,open copier:7102;confined copier:2;non-copier:3811,94,open copier,11 d5 11 d5 11 d5 11 d5 11 d5 11 d5 11 d5 11 d5,3,11835,0.6875,1.0,0.46875,94,11 d5 11 d5 11 d5 11 d5 11 d5 11 d5 11 d5 11 d5,56314,00 c5 01 e0 01 c5 01 e0 01 e0 01 e0 01 c5 01 01,False,,open copier,94,open copier,94
31020,65679,62,2154,11807,True,True,True,64732,f8 e3 21 e3 21 e0 f8 e0 f8 e3 21 e3 21 e0 f8 e0,0,0,10915,3736,open copier:7102;confined copier:2;non-copier:3811,94,open copier,11 d5 11 d5 11 d5 11 d5 11 d5 11 d5 11 d5 11 d5,3,11835,0.6875,1.0,0.46875,94,11 d5 11 d5 11 d5 11 d5 11 d5 11 d5 11 d5 11 d5,56314,00 c5 01 e0 01 c5 01 e0 01 e0 01 e0 01 c5 01 01,False,,open copier,94,open copier,94
31020,65679,63,4382,11949,True,True,True,64732,f8 e3 21 e3 21 e0 f8 e0 f8 e3 21 e3 21 e0 f8 e0,0,0,10915,3736,open copier:7102;confined copier:2;non-copier:3811,94,open copier,11 d5 11 d5 11 d5 11 d5 11 d5 11 d5 11 d5 11 d5,3,11835,0.6875,1.0,0.46875,94,11 d5 11 d5 11 d5 11 d5 11 d5 11 d5 11 d5 11 d5,56314,00 c5 01 e0 01 c5 01 e0 01 e0 01 e0 01 c5 01 01,False,,open copier,94,open copier,94
