seed,cell,t_close,newest_open_step,newest_open_tape,confined_from_step,confined_from_tape,n_between,between_classes,between_tapes,classes_seen,n_sampled,stable_from_step,pre_open_step,pre_open_tape,post_conf_step,post_conf_tape,diff,key,key2
31008,8400,7822,6563,21 e5 21 e5 21 e5 21 e5 21 e5 21 e5 21 e5 21 e5,14200,ad e3 21 e3 21 e0 ad e0 ad e3 21 e3 21 e0 ad e0,160,"confined copier,non-copier",ad e3 21 e3 21 e0 ad de ad e3 21 e3 21 e0 ad e0 | ad e3 21 e3 21 e0 ad e0 ad e3 21 e3 21 e0 ad e0 | ad e3 21 e3 21 e0 69 e0 ad e3 21 e3 21 e0 ad e0 | ad e3 21 e3 21 e0 ad e0 ad e3 21 e3 21 e0 ad e0 | ad e3 21 e3 21 e0 ad e0 ad e3 21 e3 21 e0 ad e0 | 21 e3 21 e3 21 e0 ad e0 ad e3 21 e3 21 e0 ad e3,"confined copier,non-copier,open copier",353,6553,6552,21 e5 21 e5 21 e5 21 e5 21 e5 21 e5 21 e5 21 e5,6590,ad e3 21 e3 21 e0 ad e0 ad e3 21 e3 21 e0 ad e0,0:21>ad 1:e5>e3 3:e5>e3 5:e5>e0 6:21>ad 7:e5>e0 8:21>ad 9:e5>e3 11:e5>e3 13:e5>e0 14:21>ad 15:e5>e0,6563|14200,6552|6590
31008,3717,7822,6563,21 e5 21 e5 21 e5 21 e5 21 e5 21 e5 21 e5 21 e5,13228,ad e3 21 e3 21 e0 ad e0 ad e3 21 e3 21 e0 ad e0,156,"confined copier,non-copier",21 e3 21 e3 21 e0 ad e0 ad e3 21 e3 21 e0 ad e3 | ad e3 21 e3 21 e0 ad e0 ad e3 21 e3 21 e0 ad e9 | ad e3 21 e3 21 e0 ad e0 ad e3 21 e3 21 e0 ad e0 | ad e3 21 e3 21 e0 ad e0 ad e3 21 e3 21 e0 ad e0 | ad e3 21 e3 21 e0 ad e0 ad e3 21 e3 21 e0 ad e0 | ad e3 21 e3 21 e0 ad e0 ad e3 21 e3 21 e0 ad e0,"confined copier,non-copier,open copier",365,6551,6539,21 e5 21 e5 21 e5 21 e5 21 e5 21 e5 21 e5 21 e5,6590,ad e3 21 e3 21 e0 ad e0 ad e3 21 e3 21 e0 ad e0,0:21>ad 1:e5>e3 3:e5>e3 5:e5>e0 6:21>ad 7:e5>e0 8:21>ad 9:e5>e3 11:e5>e3 13:e5>e0 14:21>ad 15:e5>e0,6563|13228,6539|6590
31008,11154,7822,6563,21 e5 21 e5 21 e5 21 e5 21 e5 21 e5 21 e5 21 e5,14133,ad e3 21 e3 21 e0 ad e0 ad e3 21 e3 21 e0 3f e0,141,"confined copier,non-copier",ad e3 21 e3 21 e0 ad 07 ad e3 21 e3 21 e0 ad e0 | ad e3 21 e3 21 e0 ad e0 ad e3 21 e3 21 e0 ad e9 | ad e3 21 e3 21 e0 ad e0 ad e3 21 e3 21 e0 ad 00 | ad e3 21 e3 21 e0 ad e0 ad e3 21 e3 21 e0 ad e0 | ad e3 21 e3 21 e0 ad e0 ad e3 21 e3 21 e0 ad e0 | ad e3 21 e3 21 e0 ad e0 ad e3 21 e3 56 e0 ad e0,"confined copier,non-copier,open copier",371,6586,6563,21 e5 21 e5 21 e5 21 e5 21 e5 21 e5 21 e5 21 e5,6590,ad e3 21 e3 21 e0 ad e0 ad e3 21 e3 21 e0 ad e0,0:21>ad 1:e5>e3 3:e5>e3 5:e5>e0 6:21>ad 7:e5>e0 8:21>ad 9:e5>e3 11:e5>e3 13:e5>e0 14:21>ad 15:e5>e0,6563|14133,6563|6590
31008,8776,7822,6553,21 e5 21 e5 21 e5 21 e5 21 e5 21 e5 21 e5 21 e5,13936,ad e3 21 e3 21 e0 ad e0 ad e3 21 e3 21 e0 ad e0,157,"confined copier,non-copier",ad e3 21 e3 7d e0 ad e0 ad af 21 e3 21 e0 ad e0 | ad e3 21 e3 21 e0 ad e0 ad e3 21 e3 c0 e0 ad e0 | ad e3 21 e3 21 e0 ad e0 ad e3 21 e3 21 e0 ad e0 | ad e3 21 e3 d3 e0 ad e0 ad e3 21 e3 21 e0 ad e0 | ad e3 21 e3 21 e0 ad e0 ad e3 21 e3 21 e0 ad e0 | ad e3 21 e3 21 e0 ad e0 ad e3 21 e3 21 e0 ad e0,"confined copier,non-copier,open copier",349,6595,6553,21 e5 21 e5 21 e5 21 e5 21 e5 21 e5 21 e5 21 e5,6595,ad e3 21 e3 21 e0 ad e0 ad e3 21 e3 21 e0 ad e0,0:21>ad 1:e5>e3 3:e5>e3 5:e5>e0 6:21>ad 7:e5>e0 8:21>ad 9:e5>e3 11:e5>e3 13:e5>e0 14:21>ad 15:e5>e0,6553|13936,6553|6595
31008,18606,7822,6563,21 e5 21 e5 21 e5 21 e5 21 e5 21 e5 21 e5 21 e5,14655,ad e3 21 e3 21 e0 ad e0 ad e3 3d e3 21 e0 ad e0,177,"confined copier,non-copier",ad e3 21 e3 21 e0 ad 53 ad e3 21 e3 21 e0 ad e0 | ad e3 21 e3 21 e0 ad e0 ad e3 21 e3 21 e0 ad e0 | 82 e3 21 e3 21 e0 82 e0 82 e3 21 e3 21 e0 82 e0 | 82 e3 21 e3 21 e0 82 e0 82 e3 21 e3 21 e0 82 e0 | 82 e3 21 e3 21 e0 82 e0 82 e3 21 e3 21 e0 82 e0 | 82 e3 21 e3 21 e0 82 e0 82 e3 21 e3 21 e0 82 e0,"confined copier,non-copier,open copier",365,6562,6553,21 e5 21 e5 21 e5 21 e5 21 e5 21 e5 21 e5 21 e5,6590,ad e3 21 e3 21 e0 ad e0 ad e3 21 e3 21 e0 ad e0,0:21>ad 1:e5>e3 3:e5>e3 5:e5>e0 6:21>ad 7:e5>e0 8:21>ad 9:e5>e3 11:e5>e3 13:e5>e0 14:21>ad 15:e5>e0,6563|14655,6553|6590
31008,2132,7822,6563,21 e5 21 e5 21 e5 21 e5 21 e5 21 e5 21 e5 21 e5,11824,ad e3 21 e3 21 c0 ad c0 ad e3 21 e3 21 c0 ad c0,103,"confined copier,non-copier",ad e3 21 e3 76 c0 ad c0 ad e3 21 e3 21 c0 ad c0 | ad e3 21 e3 21 c0 ad c0 ad e3 21 e3 21 c0 ad c0 | ad e3 21 e3 21 c0 ad c0 ad e3 21 e3 21 c0 ad c0 | ad e3 21 e3 21 c0 ad c0 ad e3 21 e3 21 c0 ad e3 | ad e3 21 e3 21 c0 ad c0 ad e3 21 e3 21 c0 ad c0 | ad e3 21 e3 21 c0 ad c0 98 e3 21 e3 21 c0 ad c0,"confined copier,non-copier,open copier",345,6562,6553,21 e5 21 e5 21 e5 21 e5 21 e5 21 e5 21 e5 21 e5,6590,ad e3 21 e3 21 e0 ad e0 ad e3 21 e3 21 e0 ad e0,0:21>ad 1:e5>e3 3:e5>e3 5:e5>e0 6:21>ad 7:e5>e0 8:21>ad 9:e5>e3 11:e5>e3 13:e5>e0 14:21>ad 15:e5>e0,6563|11824,6553|6590
31008,9535,7822,6563,21 e5 21 e5 21 e5 21 e5 21 e5 21 e5 21 e5 21 e5,14206,ad e3 21 e3 21 e0 ad e0 ad e3 21 e3 21 e0 ad 00,143,"confined copier,non-copier",ad 0c 21 e3 21 e0 ad e0 ad e3 21 e3 21 e0 ad e0 | 00 e3 21 e3 21 e0 ad e0 ad e3 21 e3 21 e0 ad 00 | ad e3 21 e3 21 e0 ad e0 ad e3 21 e3 21 e0 ad e0 | ad e3 21 e3 21 e0 ad e0 62 e3 21 e3 21 e0 ad e0 | ad e3 21 e3 21 e0 ad e0 ad fc 21 e3 21 e0 ad e0 | ad e3 21 e3 21 e0 ad e0 ad e3 21 e3 21 e0 ad e0,"confined copier,non-copier,open copier",338,6576,6563,21 e5 21 e5 21 e5 21 e5 21 e5 21 e5 21 e5 21 e5,6590,ad e3 21 e3 21 e0 ad e0 ad e3 21 e3 21 e0 ad e0,0:21>ad 1:e5>e3 3:e5>e3 5:e5>e0 6:21>ad 7:e5>e0 8:21>ad 9:e5>e3 11:e5>e3 13:e5>e0 14:21>ad 15:e5>e0,6563|14206,6563|6590
31008,1383,7822,6563,21 e5 21 e5 21 e5 21 e5 21 e5 21 e5 21 e5 21 e5,13855,ad e3 21 e3 21 e0 ad e0 ad e3 21 e3 21 e0 e7 e0,125,"confined copier,non-copier",ad ea 21 e3 21 e0 ad e0 ad e3 21 e3 21 e0 ad e0 | ad e3 21 e3 21 e0 ad e0 ad e3 21 e3 21 e0 ad e0 | ad e3 21 e3 21 e0 ad e0 ad e3 21 e3 21 e0 ad e0 | ad e3 21 e3 21 e0 ad e0 ad e3 21 e3 21 e0 ad e0 | ad e3 21 e3 21 e0 ad e0 ad e3 21 e3 21 e0 ad e0 | ad e3 21 e3 21 e0 ad e0 ad e3 21 e3 21 e0 ad e0,"confined copier,non-copier,open copier",323,6586,6563,21 e5 21 e5 21 e5 21 e5 21 e5 21 e5 21 e5 21 e5,6590,ad e3 21 e3 21 e0 ad e0 ad e3 21 e3 21 e0 ad e0,0:21>ad 1:e5>e3 3:e5>e3 5:e5>e0 6:21>ad 7:e5>e0 8:21>ad 9:e5>e3 11:e5>e3 13:e5>e0 14:21>ad 15:e5>e0,6563|13855,6563|6590
31008,5697,7822,6563,21 e5 21 e5 21 e5 21 e5 21 e5 21 e5 21 e5 21 e5,14498,ad e3 21 e3 21 c0 ad c0 ad e3 21 e3 21 c0 1c c0,159,"confined copier,non-copier",ad e3 21 88 21 c0 ad c0 ad e3 21 e3 21 c0 ad c0 | ad e3 21 e3 21 c0 ad c0 ad e3 21 e3 21 c0 ad c0 | ad e3 21 e3 21 c0 ad c0 ad e3 21 e3 21 c0 ad c0 | ad e3 21 e3 21 c0 ad c0 ad e3 21 e3 21 c0 ad c0 | ad e3 21 e3 21 c0 ad c0 ad e3 21 e3 21 c0 ad c0 | ad e3 21 e3 21 c0 ad c0 ad e3 21 e3 21 c0 ad c0,"confined copier,non-copier,open copier",350,6563,6553,21 e5 21 e5 21 e5 21 e5 21 e5 21 e5 21 e5 21 e5,6590,ad e3 21 e3 21 e0 ad e0 ad e3 21 e3 21 e0 ad e0,0:21>ad 1:e5>e3 3:e5>e3 5:e5>e0 6:21>ad 7:e5>e0 8:21>ad 9:e5>e3 11:e5>e3 13:e5>e0 14:21>ad 15:e5>e0,6563|14498,6553|6590
31008,17917,7822,6563,21 e5 21 e5 21 e5 21 e5 21 e5 21 e5 21 e5 21 e5,14143,ad e3 21 e3 21 e0 ad e0 ad e3 21 e3 21 e0 ad e0,134,"confined copier,non-copier",ad e3 21 e3 21 e0 21 e0 ad e3 21 e3 21 e0 92 e0 | ad e3 21 e3 21 e0 ad e0 ad e3 21 e3 21 e0 ad e0 | ad e3 21 e3 21 e0 ad e0 ad e3 21 e3 21 e0 ad e0 | ad e3 21 e3 21 e0 ad e0 ad e3 21 e3 21 e0 ad e0 | ad e3 21 e3 21 e0 ad e0 ad e3 21 e3 21 e0 ad e0 | ad e3 21 e3 21 e0 ad 6d ad e3 21 e3 21 e0 ad e0,"confined copier,non-copier,open copier",330,6576,6563,21 e5 21 e5 21 e5 21 e5 21 e5 21 e5 21 e5 21 e5,6590,ad e3 21 e3 21 e0 ad e0 ad e3 21 e3 21 e0 ad e0,0:21>ad 1:e5>e3 3:e5>e3 5:e5>e0 6:21>ad 7:e5>e0 8:21>ad 9:e5>e3 11:e5>e3 13:e5>e0 14:21>ad 15:e5>e0,6563|14143,6563|6590
31008,2496,7822,6535,21 e5 21 e5 21 e5 21 e5 21 e5 21 e5 21 e5 21 e5,14278,ad e3 21 e3 21 e0 ad e0 ad e3 21 e3 21 e0 ad e0,158,"confined copier,non-copier",ad e3 21 d9 21 e0 ad e0 ad e3 21 e3 21 e0 ad e0 | ad e3 21 e3 21 e0 ad e0 ad e3 21 e3 21 e0 ad e0 | ad e3 21 15 21 e0 ad e0 ad e3 21 e3 21 e0 ad e0 | ad e3 21 e3 21 e0 ad e0 ad e3 21 e3 21 e0 ad 3b | ad e3 21 e3 21 e0 ad e0 ad e3 21 e3 21 e0 ad e0 | ad e3 21 e3 21 e0 ad e0 ad e3 21 e3 21 e0 ad e0,"confined copier,non-copier,open copier",320,6433,6283,21 e5 21 e5 21 e5 21 e5 21 e5 21 e5 21 e5 21 e5,6590,ad e3 21 e3 21 e0 ad e0 ad e3 21 e3 21 e0 ad e0,0:21>ad 1:e5>e3 3:e5>e3 5:e5>e0 6:21>ad 7:e5>e0 8:21>ad 9:e5>e3 11:e5>e3 13:e5>e0 14:21>ad 15:e5>e0,6535|14278,6283|6590
31008,9171,7822,6563,21 e5 21 e5 21 e5 21 e5 21 e5 21 e5 21 e5 21 e5,13714,ad e3 21 e3 21 e0 ad e0 ad e3 21 e3 21 e0 ad e0,143,"confined copier,non-copier",ad e3 21 e3 21 95 ad e0 ad e3 21 e3 21 e0 ad e0 | ad e3 21 e3 21 e0 ad e0 ad e3 21 e3 21 e0 ad e0 | ad e3 21 e3 21 e0 ad e0 ad e3 21 33 21 e0 ad e0 | ad e3 21 e3 21 e0 ad e0 ad e3 21 e3 21 e0 ad e0 | ad e3 21 e3 21 e0 ad e0 ad e3 21 e3 21 e0 ad e0 | ad e3 21 e3 21 e0 ad e0 ad e3 21 e3 21 e0 ad e0,"confined copier,non-copier,open copier",344,6576,6563,21 e5 21 e5 21 e5 21 e5 21 e5 21 e5 21 e5 21 e5,6590,ad e3 21 e3 21 e0 ad e0 ad e3 21 e3 21 e0 ad e0,0:21>ad 1:e5>e3 3:e5>e3 5:e5>e0 6:21>ad 7:e5>e0 8:21>ad 9:e5>e3 11:e5>e3 13:e5>e0 14:21>ad 15:e5>e0,6563|13714,6563|6590
31008,9590,7822,6563,21 e5 21 e5 21 e5 21 e5 21 e5 21 e5 21 e5 21 e5,13400,ad e3 21 e3 21 e0 ad e0 ad e3 21 e3 21 e0 ad e0,123,"confined copier,non-copier",ad e3 21 e3 d7 e0 ad e0 ad e3 21 e3 21 e0 ad e0 | ad e3 21 e3 21 e0 ad e0 ad e3 21 e3 21 e0 ad e0 | ad e3 21 e3 21 e0 ad e0 ad e3 21 e3 21 e0 ad e0 | ad e3 21 e3 21 e0 ad e0 ad e3 21 e3 21 e0 ad e0 | ad e3 21 e3 21 e0 ad e0 ad e3 21 e3 21 e0 ad e0 | ad e3 21 e3 21 e0 ad e0 ad e3 21 e3 21 e0 ad e0,"confined copier,non-copier,open copier",330,6563,6553,21 e5 21 e5 21 e5 21 e5 21 e5 21 e5 21 e5 21 e5,6590,ad e3 21 e3 21 e0 ad e0 ad e3 21 e3 21 e0 ad e0,0:21>ad 1:e5>e3 3:e5>e3 5:e5>e0 6:21>ad 7:e5>e0 8:21>ad 9:e5>e3 11:e5>e3 13:e5>e0 14:21>ad 15:e5>e0,6563|13400,6553|6590
31008,8144,7822,6563,21 e5 21 e5 21 e5 21 e5 21 e5 21 e5 21 e5 21 e5,14205,8b e3 21 e3 21 e0 8b e0 8b e3 21 e3 21 e0 8b e0,133,"confined copier,non-copier",39 e3 21 e3 21 e0 8b e0 8b e3 21 e3 21 e0 8b e0 | 8b e3 21 e3 21 e0 8b e0 8b e3 21 e3 21 e0 8b e0 | 8b e3 21 e3 21 e0 8b e0 8b e3 21 e3 21 e0 8b e0 | 8b e3 21 e3 21 e0 8b e0 8b e3 21 e3 21 e0 8b e0 | 8b e3 21 e3 21 e0 8b e0 8b e3 21 e3 21 e0 8b e0 | 8b e3 21 e3 21 e0 8b e0 8b e3 21 e3 21 e0 8b e3,"confined copier,non-copier,open copier",330,6570,6563,21 e5 21 e5 21 e5 21 e5 21 e5 21 e5 21 e5 21 e5,6590,ad e3 21 e3 21 e0 ad e0 ad e3 21 e3 21 e0 ad e0,0:21>ad 1:e5>e3 3:e5>e3 5:e5>e0 6:21>ad 7:e5>e0 8:21>ad 9:e5>e3 11:e5>e3 13:e5>e0 14:21>ad 15:e5>e0,6563|14205,6563|6590
31008,6793,7822,6563,21 e5 21 e5 21 e5 21 e5 21 e5 21 e5 21 e5 21 e5,13796,ad e3 21 e3 21 e0 ad e0 ad e3 21 e3 c3 e0 ad e0,156,"confined copier,non-copier",21 e3 21 e3 21 e0 ad e0 ad e3 21 e3 21 e0 ad e3 | ad e3 21 e3 21 e0 ad e0 ad e3 21 e3 21 e0 ad e0 | ad e3 21 e3 21 e0 ad e0 ad e3 21 e3 21 e0 ad e0 | ad e3 21 e3 21 e0 ad e0 ad e3 21 e3 21 e0 ad e0 | ad e3 21 e3 21 e0 ad e0 ad e3 21 e3 21 e0 ad e0 | ad e3 21 e3 21 e0 ad e0 ad e3 21 e3 21 e0 ad e0,"confined copier,non-copier,open copier",357,6553,6552,21 e5 21 e5 21 e5 21 e5 21 e5 21 e5 21 e5 21 e5,6590,ad e3 21 e3 21 e0 ad e0 ad e3 21 e3 21 e0 ad e0,0:21>ad 1:e5>e3 3:e5>e3 5:e5>e0 6:21>ad 7:e5>e0 8:21>ad 9:e5>e3 11:e5>e3 13:e5>e0 14:21>ad 15:e5>e0,6563|13796,6552|6590
31008,17418,7822,6563,21 e5 21 e5 21 e5 21 e5 21 e5 21 e5 21 e5 21 e5,13944,ae e3 21 e3 21 e0 ae e0 ae e3 21 e3 21 e0 ae e0,148,"confined copier,non-copier",ae e3 21 e3 09 e0 ae e0 ae e3 21 e3 21 e0 ae e0 | ae e3 21 e3 21 e0 ae e0 ae e3 21 e3 21 e0 ae e0 | ad e3 21 e3 21 e0 ad e0 ad e3 21 e3 21 e0 ad e0 | ad e3 21 e3 21 e0 ad e0 ad e3 21 e3 21 e0 ad e0 | ad e3 21 e3 21 e0 ad e0 ad e3 21 e3 21 e0 ad e3 | ad e3 21 e3 21 e0 ad e0 ad e3 21 e3 21 e0 ad e0,"confined copier,non-copier,open copier",347,6357,6244,21 e5 21 e5 21 e5 21 e5 21 e5 21 e5 21 e5 21 e5,6590,ad e3 21 e3 21 e0 ad e0 ad e3 21 e3 21 e0 ad e0,0:21>ad 1:e5>e3 3:e5>e3 5:e5>e0 6:21>ad 7:e5>e0 8:21>ad 9:e5>e3 11:e5>e3 13:e5>e0 14:21>ad 15:e5>e0,6563|13944,6244|6590
31008,18912,7822,6563,21 e5 21 e5 21 e5 21 e5 21 e5 21 e5 21 e5 21 e5,14518,ad e3 21 e3 21 e0 ad e0 ad e3 21 e3 21 e0 ad e0,166,"confined copier,non-copier",ad e3 21 e3 21 ca ad e0 ad e3 21 e3 21 e0 ad e0 | ad e3 21 e3 21 e0 ad e0 ad e3 21 e3 21 e0 ad e0 | ad e3 21 e3 21 e0 ad e0 ad e3 21 e3 21 e0 ad e0 | ad e3 21 e3 21 e0 ad e0 ad e3 21 e3 21 e0 ad e0 | 97 e3 21 e3 21 e0 97 e0 97 e3 21 e3 21 e0 97 e0 | 97 e3 21 e3 21 e0 97 e0 97 e3 21 e3 21 e0 97 e0,"confined copier,non-copier,open copier",329,6553,6552,21 e5 21 e5 21 e5 21 e5 21 e5 21 e5 21 e5 21 e5,6590,ad e3 21 e3 21 e0 ad e0 ad e3 21 e3 21 e0 ad e0,0:21>ad 1:e5>e3 3:e5>e3 5:e5>e0 6:21>ad 7:e5>e0 8:21>ad 9:e5>e3 11:e5>e3 13:e5>e0 14:21>ad 15:e5>e0,6563|14518,6552|6590
31008,4603,7822,6563,21 e5 21 e5 21 e5 21 e5 21 e5 21 e5 21 e5 21 e5,13873,ad e3 21 e3 21 e0 ad e0 ad e3 21 e3 21 e0 ad e0,142,"confined copier,non-copier",3e e3 21 e3 21 e0 ad e0 ad e3 21 e3 21 e0 ad e0 | ad e3 21 e3 21 e0 ad e0 ad e3 0f e3 21 e0 ad e0 | ad e3 21 e3 21 e0 ad e0 ad e3 21 e3 21 e0 ad e0 | ad e3 21 e3 d4 e0 ad e0 ad e3 21 e3 21 e0 ad e0 | ad e3 21 e3 21 e0 ad e0 ad e3 21 e3 21 e0 ad e0 | ad e3 21 e3 21 e0 ad e0 ad e3 21 e3 3f e0 ad e0,"confined copier,non-copier,open copier",340,6563,6553,21 e5 21 e5 21 e5 21 e5 21 e5 21 e5 21 e5 21 e5,6590,ad e3 21 e3 21 e0 ad e0 ad e3 21 e3 21 e0 ad e0,0:21>ad 1:e5>e3 3:e5>e3 5:e5>e0 6:21>ad 7:e5>e0 8:21>ad 9:e5>e3 11:e5>e3 13:e5>e0 14:21>ad 15:e5>e0,6563|13873,6553|6590
31008,8685,7822,6563,21 e5 21 e5 21 e5 21 e5 21 e5 21 e5 21 e5 21 e5,14155,ad e3 21 e3 21 e0 ad e0 ad e3 21 e3 21 e3 21 e3,148,"confined copier,non-copier",ad e1 21 e3 21 e0 ad e0 ad e3 21 e3 21 e0 ad e0 | ad e3 21 e3 21 e0 ad e0 ad e3 21 e3 21 e0 ad e0 | ad e3 21 e3 21 e0 ad e0 ad e3 21 e3 21 e0 ad e0 | ad e3 21 e3 21 e0 ad e0 ad e3 21 e3 8f e0 ad e0 | ad e3 21 e3 21 e0 ad e0 ad e3 21 e3 21 e0 ad e0 | ad e3 21 e3 21 e0 ad e0 ad e3 21 e3 21 e0 ad e0,"confined copier,non-copier,open copier",342,6569,6563,21 e5 21 e5 21 e5 21 e5 21 e5 21 e5 21 e5 21 e5,6590,ad e3 21 e3 21 e0 ad e0 ad e3 21 e3 21 e0 ad e0,0:21>ad 1:e5>e3 3:e5>e3 5:e5>e0 6:21>ad 7:e5>e0 8:21>ad 9:e5>e3 11:e5>e3 13:e5>e0 14:21>ad 15:e5>e0,6563|14155,6563|6590
31008,1155,7822,6551,21 e5 21 e5 21 e5 21 e5 21 e5 21 e5 21 e5 21 e5,14224,ad e3 21 e3 21 e0 ad e0 ad e3 21 e3 21 e0 ad e0,168,"confined copier,non-copier",ad e5 21 e3 21 e0 ad e0 ad e3 21 e3 21 e0 ad e0 | ad e3 dd e3 21 e0 ad e0 ad e3 21 e3 21 e0 ad e0 | ad e3 21 e3 21 e0 ad e0 ad e3 21 e3 21 e0 ad e0 | ad e3 4e e3 21 e0 ad e0 ad e3 21 e3 21 e0 ad e0 | ad e3 21 e3 21 e0 ad e0 ad e3 21 e3 21 e0 ad e0 | ad e3 21 e3 21 e0 ad e0 ad e3 21 e3 21 e0 ad a3,"confined copier,non-copier,open copier",356,6477,6218,21 e5 21 e5 21 e5 21 e5 21 e5 21 e5 21 e5 21 e5,6592,ad e3 21 e3 21 e0 ad e0 ad e3 21 e3 21 e0 ad e0,0:21>ad 1:e5>e3 3:e5>e3 5:e5>e0 6:21>ad 7:e5>e0 8:21>ad 9:e5>e3 11:e5>e3 13:e5>e0 14:21>ad 15:e5>e0,6551|14224,6218|6592
31008,12702,7822,6563,21 e5 21 e5 21 e5 21 e5 21 e5 21 e5 21 e5 21 e5,13205,ad e3 21 e3 21 e0 ad e0 bb e3 21 e3 21 e0 ad e0,137,"confined copier,non-copier",ad e3 21 7d 21 e0 ad e0 ad e3 21 e3 21 e0 ad e0 | ad e3 21 e3 21 e0 ad e0 ad e3 21 e3 21 e0 ad e0 | ad e3 21 e3 21 e0 ad e0 ad e3 21 e3 21 e0 ad 7e | ad e3 21 e3 21 e0 ad e0 ad e3 21 e3 21 e0 ad e0 | ad e3 21 e3 21 e0 ad e0 ad a1 21 e3 21 e0 ad e0 | ad e3 21 e3 21 e0 ad e0 ad e3 21 e3 21 e0 ad e0,"confined copier,non-copier,open copier",358,6509,6477,21 e5 21 e5 21 e5 21 e5 21 e5 21 e5 21 e5 21 e5,6590,ad e3 21 e3 21 e0 ad e0 ad e3 21 e3 21 e0 ad e0,0:21>ad 1:e5>e3 3:e5>e3 5:e5>e0 6:21>ad 7:e5>e0 8:21>ad 9:e5>e3 11:e5>e3 13:e5>e0 14:21>ad 15:e5>e0,6563|13205,6477|6590
31008,11008,7822,6563,21 e5 21 e5 21 e5 21 e5 21 e5 21 e5 21 e5 21 e5,13139,f3 e3 21 e3 21 e0 f3 e0 f3 e3 21 e3 21 e0 f3 e0,130,"confined copier,non-copier",f3 eb 21 e3 21 e0 ab e0 f3 e3 21 e3 21 e0 f3 e0 | f3 e3 21 e3 21 e0 f3 e0 f9 e3 21 e3 21 e0 f3 e0 | f3 e3 21 e3 21 e0 f3 e0 f3 e3 21 e3 21 e0 f3 e0 | f3 e3 21 e3 21 e0 f3 e0 f3 e3 21 e3 21 e0 f3 e0 | f3 e3 21 e3 21 e0 f3 e0 f3 e3 21 e3 21 e0 f3 e0 | f3 e3 21 e3 21 e0 f3 e0 f3 19 21 e3 21 e0 f3 e0,"confined copier,non-copier,open copier",345,6553,6552,21 e5 21 e5 21 e5 21 e5 21 e5 21 e5 21 e5 21 e5,6590,ad e3 21 e3 21 e0 ad e0 ad e3 21 e3 21 e0 ad e0,0:21>ad 1:e5>e3 3:e5>e3 5:e5>e0 6:21>ad 7:e5>e0 8:21>ad 9:e5>e3 11:e5>e3 13:e5>e0 14:21>ad 15:e5>e0,6563|13139,6552|6590
31008,5743,7822,6563,21 e5 21 e5 21 e5 21 e5 21 e5 21 e5 21 e5 21 e5,14438,ad e3 21 e3 21 e0 ad e0 ad e3 21 e3 21 e0 ad e0,136,"confined copier,non-copier",ad e3 21 7e 21 e0 ad e0 ad e3 21 e3 21 e0 ad e0 | ad e3 21 e3 21 e0 ad e0 ad e3 21 e3 21 e0 ad e0 | ad e3 21 93 21 e0 ad e0 ad e3 21 e3 21 e0 ad e0 | ad c7 21 e3 21 e0 ad e0 ad e3 21 e3 21 e0 ad e0 | 21 e3 21 e3 21 e0 ad e0 ad e3 21 e3 21 e0 ad e3 | ad e0 ad e3 21 e0 ad e0 ad e3 21 e3 21 e0 ad e0,"confined copier,non-copier,open copier",328,6590,6563,21 e5 21 e5 21 e5 21 e5 21 e5 21 e5 21 e5 21 e5,6590,ad e3 21 e3 21 e0 ad e0 ad e3 21 e3 21 e0 ad e0,0:21>ad 1:e5>e3 3:e5>e3 5:e5>e0 6:21>ad 7:e5>e0 8:21>ad 9:e5>e3 11:e5>e3 13:e5>e0 14:21>ad 15:e5>e0,6563|14438,6563|6590
31008,2226,7822,6552,21 e5 21 e5 21 e5 21 e5 21 e5 21 e5 21 e5 21 e5,14571,ad e3 21 e3 21 e0 ad e0 ad e3 21 e3 21 e0 ad c5,159,"confined copier,non-copier",ad e3 21 e3 21 e0 18 e0 ad e3 21 e3 21 e0 ad e0 | ad 63 21 e3 21 e0 ad e0 ad e3 21 e3 21 e0 ad e0 | ad e3 21 e3 21 e0 ad e0 ad e3 21 e3 21 e0 ad e0 | ad e3 21 e3 21 e0 ad e0 ad e3 21 e3 21 e0 ad e0 | ad e3 21 e3 21 e0 ad e0 ad e3 21 04 21 e0 ad e0 | ad e3 21 e3 21 e0 ad e0 ad e3 21 e3 21 e0 ad e0,"confined copier,non-copier,open copier",343,14571,6552,21 e5 21 e5 21 e5 21 e5 21 e5 21 e5 21 e5 21 e5,6594,ad e3 21 e3 21 e0 ad e0 ad e3 21 e3 21 e0 ad e0,0:21>ad 1:e5>e3 3:e5>e3 5:e5>e0 6:21>ad 7:e5>e0 8:21>ad 9:e5>e3 11:e5>e3 13:e5>e0 14:21>ad 15:e5>e0,6552|14571,6552|6594
31008,15057,7822,8395,21 e3 21 e3 21 e3 21 e3 21 e3 21 e3 21 e0 3d e0,12153,7c e3 21 e3 21 e0 7c e0 7c e3 21 e3 21 e0 7c e0,82,"confined copier,non-copier",7c e3 21 91 21 e0 7c e0 7c e3 21 e3 21 e0 ad e0 | 7c e3 21 e3 21 e0 7c e0 7c e3 21 e3 21 e0 7c e0 | 7c e3 21 e3 21 e0 7c e0 7c e3 21 e3 21 e0 7c e0 | e8 e3 21 e3 21 e0 7c e0 e8 e3 21 e3 21 e0 e8 e0 | e8 e3 21 e3 21 e0 e8 e0 e8 e3 21 e3 21 e0 e8 e0 | e8 e3 21 e3 21 e0 e8 e0 e8 e3 21 e3 21 e0 e8 e0,"confined copier,non-copier,open copier",334,6189,6084,21 e5 21 e5 21 e5 21 e5 21 e5 21 e5 21 e5 21 e5,6590,ad e3 21 e3 21 e0 ad e0 ad e3 21 e3 21 e0 ad e0,0:21>ad 1:e5>e3 3:e5>e3 5:e5>e0 6:21>ad 7:e5>e0 8:21>ad 9:e5>e3 11:e5>e3 13:e5>e0 14:21>ad 15:e5>e0,8395|12153,6084|6590
31008,10151,7822,6563,21 e5 21 e5 21 e5 21 e5 21 e5 21 e5 21 e5 21 e5,13931,ad e3 21 e3 21 e0 ad e0 ad e3 21 e3 21 e0 ad f8,152,"confined copier,non-copier",ad e3 21 3c 21 e0 ad e0 ad e3 21 e3 21 e0 ad e0 | ad e3 21 e3 21 e0 ad e0 ad e3 21 e3 21 e0 ad e0 | ad e3 21 e3 21 e0 ad e0 ad e3 21 e3 21 e0 ad e0 | ad e3 21 e3 21 e0 ad e0 ad e3 21 e3 21 e0 ad e0 | ad e3 21 e3 21 e0 ad 5f ad e3 21 e3 21 e0 ad e0 | ad e3 21 e3 21 e0 ad e0 ad e3 21 e3 21 e0 ad e0,"confined copier,non-copier,open copier",349,6563,6553,21 e5 21 e5 21 e5 21 e5 21 e5 21 e5 21 e5 21 e5,6590,ad e3 21 e3 21 e0 ad e0 ad e3 21 e3 21 e0 ad e0,0:21>ad 1:e5>e3 3:e5>e3 5:e5>e0 6:21>ad 7:e5>e0 8:21>ad 9:e5>e3 11:e5>e3 13:e5>e0 14:21>ad 15:e5>e0,6563|13931,6553|6590
31008,6426,7822,6535,21 e5 21 e5 21 e5 21 e5 21 e5 21 e5 21 e5 21 e5,14490,ad e3 21 e3 21 e0 ad e0 ad e3 21 e3 21 e0 ad e0,166,"confined copier,non-copier",ad e3 21 e3 21 e0 d4 e0 ad e3 21 e3 21 e0 ad e0 | ad e3 21 e3 21 e0 ad e0 ad e3 21 e3 21 e0 ad e0 | ad e3 21 e3 21 e0 ad e0 ad e3 21 e3 21 e0 ad e0 | 19 e3 21 e3 21 e0 ad e0 ad e3 21 e3 21 e0 ad e0 | ad e3 21 e3 21 e0 ad e0 ad e3 21 e3 21 e0 ad e0 | ad e3 30 e3 21 e0 ad e0 ad e3 21 e3 21 e0 ad e0,"confined copier,non-copier,open copier",350,11705,6535,21 e5 21 e5 21 e5 21 e5 21 e5 21 e5 21 e5 21 e5,6613,ad e3 21 e3 21 e0 ad e0 ad e3 21 e3 21 e0 ad e0,0:21>ad 1:e5>e3 3:e5>e3 5:e5>e0 6:21>ad 7:e5>e0 8:21>ad 9:e5>e3 11:e5>e3 13:e5>e0 14:21>ad 15:e5>e0,6535|14490,6535|6613
31008,19506,7822,6563,21 e5 21 e5 21 e5 21 e5 21 e5 21 e5 21 e5 21 e5,14739,92 e3 21 e3 21 e0 92 e0 92 e3 21 e3 21 e0 92 e0,161,"confined copier,non-copier",92 e3 21 e3 21 e0 92 43 92 e3 21 e3 21 e0 92 e0 | 92 e3 21 e3 21 e0 92 e0 92 e3 21 e3 21 e0 92 e0 | 92 e3 21 e3 21 e0 92 e0 92 e3 21 e3 21 e0 92 e0 | 92 e3 21 e3 21 e0 92 e0 92 e3 21 e3 21 e0 92 e0 | 92 e3 21 e3 21 e0 92 e0 92 e3 21 e3 21 e0 92 e0 | 92 e3 21 e3 21 e0 92 e0 92 e3 21 e3 21 e0 92 e0,"confined copier,non-copier,open copier",349,6569,6563,21 e5 21 e5 21 e5 21 e5 21 e5 21 e5 21 e5 21 e5,6590,ad e3 21 e3 21 e0 ad e0 ad e3 21 e3 21 e0 ad e0,0:21>ad 1:e5>e3 3:e5>e3 5:e5>e0 6:21>ad 7:e5>e0 8:21>ad 9:e5>e3 11:e5>e3 13:e5>e0 14:21>ad 15:e5>e0,6563|14739,6563|6590
31008,5766,7822,11029,04 e3 21 e3 21 e0 6a e0 04 e3 21 e3 21 e0 04 e0,13921,ae e3 21 e3 21 c0 ae c0 ae e3 21 e3 21 c0 ae c0,52,"confined copier,non-copier",21 e3 21 e3 21 c0 ae c0 ae e3 21 e3 21 c0 ae e3 | ae e3 21 e3 21 c0 ae c0 ae e3 21 e3 21 c0 ae c0 | ae e3 21 e3 21 c0 ae c0 ae e3 21 e3 21 c0 ae c0 | ae e3 21 e3 21 c0 ae c0 ae e3 21 e3 21 c0 ae e3 | ae e3 21 e3 21 c0 ae c0 ae e3 21 e3 21 c0 ae c0 | ae e3 21 e3 21 c0 ae c0 ae e3 21 e3 21 c0 ae c0,"confined copier,non-copier,open copier",333,6551,6503,07 e5 21 e5 21 e5 21 e5 21 e5 21 e5 21 e5 21 e5,6590,ad e3 21 e3 21 e0 ad e0 ad e3 21 e3 21 e0 ad e0,0:07>ad 1:e5>e3 3:e5>e3 5:e5>e0 6:21>ad 7:e5>e0 8:21>ad 9:e5>e3 11:e5>e3 13:e5>e0 14:21>ad 15:e5>e0,11029|13921,6503|6590
31008,9370,7822,6535,21 e5 21 e5 21 e5 21 e5 21 e5 21 e5 21 e5 21 e5,14567,ad e3 21 e3 21 e0 ad e0 ad e3 21 e3 21 e0 ad e0,163,"confined copier,non-copier",21 e3 21 e3 21 e3 21 e0 ad e3 21 e3 21 e0 ad e0 | ad e3 21 e3 21 e0 ad e0 ad e3 21 e3 21 e0 ad e0 | ad e3 21 e3 21 e0 ad e0 ad e3 21 e3 21 e0 ad e0 | 21 e3 21 e3 21 e0 ad e0 ad e3 21 5d 21 e0 ad e3 | ad e3 21 e3 21 e0 ad e0 ad e3 12 e3 21 e0 ad e0 | ad e3 21 e3 21 e0 ad e0 ad e3 21 e3 21 e0 ad e0,"confined copier,non-copier,open copier",348,6516,6499,21 e5 21 e5 21 e5 21 e5 21 e5 21 e5 21 e5 21 e5,6613,ad e3 21 e3 21 e0 ad e0 ad e3 21 e3 21 e0 ad e0,0:21>ad 1:e5>e3 3:e5>e3 5:e5>e0 6:21>ad 7:e5>e0 8:21>ad 9:e5>e3 11:e5>e3 13:e5>e0 14:21>ad 15:e5>e0,6535|14567,6499|6613
31008,1205,7822,6563,21 e5 21 e5 21 e5 21 e5 21 e5 21 e5 21 e5 21 e5,14274,3c e3 21 e3 21 e0 3c e0 3c e3 21 e3 21 e0 3c e0,145,"confined copier,non-copier",00 4f 21 4f 21 e0 ad e0 ad e3 21 e3 21 e0 ad e0 | ad e3 21 e3 21 e0 ad e0 ad e3 21 e3 21 e0 ad e0 | ad e3 21 e3 21 e0 ad e0 ad e3 21 e3 21 e0 ad e0 | ad e3 21 e3 21 e0 ad e0 ad e3 21 e3 21 e0 ad e0 | ad e3 21 e3 21 e0 ad e0 ad e3 21 e3 21 e0 60 e0 | ad e3 21 e3 21 e0 ad e0 ad e3 21 e3 21 e0 ad e0,"confined copier,non-copier,open copier",343,6569,6563,21 e5 21 e5 21 e5 21 e5 21 e5 21 e5 21 e5 21 e5,6590,ad e3 21 e3 21 e0 ad e0 ad e3 21 e3 21 e0 ad e0,0:21>ad 1:e5>e3 3:e5>e3 5:e5>e0 6:21>ad 7:e5>e0 8:21>ad 9:e5>e3 11:e5>e3 13:e5>e0 14:21>ad 15:e5>e0,6563|14274,6563|6590
31008,13663,7822,6535,21 e5 21 e5 21 e5 21 e5 21 e5 21 e5 21 e5 21 e5,14479,ad e3 21 e3 21 e0 ad e0 ad e3 21 e3 5a e0 ad e0,164,"confined copier,non-copier",ad e3 21 14 21 e0 ad e0 ad e3 21 6a 21 e0 ad e0 | ad e3 21 e3 21 e0 ad e0 ad e3 21 e3 21 e0 ad e0 | ad e3 21 e3 21 e0 ad e0 ad e3 21 e3 21 e0 ad e3 | ad e3 21 e3 21 e0 ad e0 ad e3 21 e3 59 e0 ad e0 | ad e3 21 e3 21 e0 ad e0 ad e3 21 e3 21 70 ad e0 | ad e3 21 e3 21 e0 ad e0 ad e3 21 e3 21 e0 fd e0,"confined copier,non-copier,open copier",349,6559,6535,21 e5 21 e5 21 e5 21 e5 21 e5 21 e5 21 e5 21 e5,6604,ad e3 21 e3 21 e0 ad e0 ad e3 21 e3 21 e0 ad e0,0:21>ad 1:e5>e3 3:e5>e3 5:e5>e0 6:21>ad 7:e5>e0 8:21>ad 9:e5>e3 11:e5>e3 13:e5>e0 14:21>ad 15:e5>e0,6535|14479,6535|6604
31008,18026,7822,6563,21 e5 21 e5 21 e5 21 e5 21 e5 21 e5 21 e5 21 e5,14256,0b e3 21 e3 21 e0 ad e0 ad e3 21 e3 21 e0 ad e0,151,"confined copier,non-copier",ad d2 21 e3 21 e0 ad e0 ad e3 21 e3 21 e0 ad e0 | ad e3 21 e3 21 e0 ad e0 ad e3 21 e3 21 e0 ad e0 | ad e3 21 e3 21 e0 ad e0 ad e3 21 e3 21 e0 ad e0 | ad e3 21 e3 21 e0 ad e0 0e e3 21 e3 21 e0 ad e0 | ad e3 21 e3 21 e0 ad e0 ad e3 21 e3 21 e0 ad e0 | ad e3 21 e3 21 e0 ad e0 ad e3 21 e3 21 e0 ad e0,"confined copier,non-copier,open copier",348,6569,6563,21 e5 21 e5 21 e5 21 e5 21 e5 21 e5 21 e5 21 e5,6590,ad e3 21 e3 21 e0 ad e0 ad e3 21 e3 21 e0 ad e0,0:21>ad 1:e5>e3 3:e5>e3 5:e5>e0 6:21>ad 7:e5>e0 8:21>ad 9:e5>e3 11:e5>e3 13:e5>e0 14:21>ad 15:e5>e0,6563|14256,6563|6590
31008,16838,7822,8395,21 e3 21 e3 21 e3 21 e3 21 e3 21 e3 21 e0 3d e0,11027,ad e3 21 e3 21 e0 ad e0 ad e3 21 e3 21 e0 ad e0,60,"confined copier,non-copier",ad e3 21 0a 21 e0 ad e0 ad e3 21 e3 21 e0 ad e0 | ad e3 21 e3 21 e0 ad e0 ad e3 21 e3 21 e0 ad e0 | ad e3 21 e3 21 e0 ad e0 ad e3 21 e3 21 e0 ad e0 | ad e3 21 e3 21 e0 ad e0 ad e3 21 e3 21 e0 ad e0 | ad e3 21 e3 21 e0 ad e0 ad e3 21 e3 21 e0 ad e0 | ad e3 21 e3 21 e0 ad e0 ad e3 21 e3 21 e0 ad e0,"confined copier,non-copier,open copier",322,6216,6060,21 e5 21 e5 21 e5 21 e5 21 e5 21 e5 21 e5 21 e5,6611,ad e3 21 e3 21 e0 ad e0 ad e3 21 e3 21 00 21 e0,0:21>ad 1:e5>e3 3:e5>e3 5:e5>e0 6:21>ad 7:e5>e0 8:21>ad 9:e5>e3 11:e5>e3 13:e5>00 15:e5>e0,8395|11027,6060|6611
31008,18162,7822,6563,21 e5 21 e5 21 e5 21 e5 21 e5 21 e5 21 e5 21 e5,14801,ad e3 21 e3 21 e0 ad e0 ad e3 21 e3 21 e0 ad e0,157,"confined copier,non-copier",ad e3 21 e3 21 06 ad e0 ad e3 21 e3 21 e0 ad e0 | 21 e3 21 e3 21 e0 ad e0 ad e3 21 e3 21 e0 ad e3 | ad e3 21 e3 21 e0 ad e0 47 e3 21 e3 21 e0 ad e0 | ad e3 21 e3 21 e0 ad e0 ad e3 21 e3 21 e0 ad e0 | ad e3 21 e3 21 e0 ad e0 ad e3 21 e3 16 e0 ad e0 | ad e3 21 e3 21 e0 ad e0 ad e3 21 e3 21 e0 ad e0,"confined copier,non-copier,open copier",343,6562,6553,21 e5 21 e5 21 e5 21 e5 21 e5 21 e5 21 e5 21 e5,6590,ad e3 21 e3 21 e0 ad e0 ad e3 21 e3 21 e0 ad e0,0:21>ad 1:e5>e3 3:e5>e3 5:e5>e0 6:21>ad 7:e5>e0 8:21>ad 9:e5>e3 11:e5>e3 13:e5>e0 14:21>ad 15:e5>e0,6563|14801,6553|6590
31008,18260,7822,8395,21 e3 21 e3 21 e3 21 e3 21 e3 21 e3 21 e0 3d e0,13659,ad e3 21 e3 21 e0 ad e0 ad e3 21 e3 21 e0 ad e0,106,"confined copier,non-copier",ad e3 21 e3 3a e0 ad e0 ad e3 21 e3 21 e0 ad e0 | ad e3 21 e3 21 e0 ad e0 ad e3 21 e3 21 e0 ad e0 | bd e3 21 e3 21 e0 bd e0 bd e3 21 e3 21 e0 bd e0 | bd e3 21 e3 21 e0 bd e0 bd e3 21 e3 21 e0 bd e0 | bd e3 21 e3 21 e0 bd e0 bd e3 21 e3 21 e0 bd e3 | 7c e3 21 e3 21 e0 7c e0 7c e3 21 e3 21 e0 7c e3,"confined copier,non-copier,open copier",327,6151,6063,21 e5 21 e5 21 e5 21 e5 21 e5 21 e5 21 e5 21 e5,6613,ad e3 21 e3 21 e0 ad e0 ad e3 21 e3 21 e0 ad e0,0:21>ad 1:e5>e3 3:e5>e3 5:e5>e0 6:21>ad 7:e5>e0 8:21>ad 9:e5>e3 11:e5>e3 13:e5>e0 14:21>ad 15:e5>e0,8395|13659,6063|6613
31008,9026,7822,6563,21 e5 21 e5 21 e5 21 e5 21 e5 21 e5 21 e5 21 e5,14010,ad e3 21 e3 21 e0 ad e0 ad e3 21 e3 21 e0 ad e0,154,"confined copier,non-copier",ad e3 21 e3 21 ec ad e0 ad e3 21 e3 21 e0 ad e0 | ad e3 21 e3 21 e0 ad e0 ad e3 21 e3 21 e0 ad e0 | ad e3 21 e3 21 e0 ad e0 ad e3 21 e3 21 e0 ad e0 | ad e3 21 e3 21 e0 ad e0 ad e3 21 e3 21 a2 ad e0 | ad e0 21 e3 21 e0 ad e0 ad e3 21 e3 21 e0 ad e0 | ad e3 21 e3 21 e0 ad e0 ad e3 21 e3 21 e0 ad e0,"confined copier,non-copier,open copier",348,6553,6552,21 e5 21 e5 21 e5 21 e5 21 e5 21 e5 21 e5 21 e5,6590,ad e3 21 e3 21 e0 ad e0 ad e3 21 e3 21 e0 ad e0,0:21>ad 1:e5>e3 3:e5>e3 5:e5>e0 6:21>ad 7:e5>e0 8:21>ad 9:e5>e3 11:e5>e3 13:e5>e0 14:21>ad 15:e5>e0,6563|14010,6552|6590
31008,1484,7822,6563,21 e5 21 e5 21 e5 21 e5 21 e5 21 e5 21 e5 21 e5,14150,ad e3 21 e3 21 c0 ad c0 ad e3 21 e3 21 c0 c7 c0,146,"confined copier,non-copier",ad e3 21 e3 21 c0 ad 94 ad e3 54 e3 21 c0 ad c0 | ad e3 21 f0 21 c0 ad c0 ad e3 21 e3 21 c0 ad c0 | ad e3 21 e3 21 c0 ad c0 fa e3 21 e3 21 c0 ad c0 | ad e3 21 e3 21 c0 ad c0 ad e3 e2 e3 21 c0 ad c0 | ad e3 21 e3 21 c0 ad c0 ad e3 21 e3 21 c0 ad c0 | ad e3 21 e3 21 c0 ad c0 27 e3 21 e3 21 c0 ad c0,"confined copier,non-copier,open copier",346,6553,6552,21 e5 21 e5 21 e5 21 e5 21 e5 21 e5 21 e5 21 e5,6590,ad e3 21 e3 21 e0 ad e0 ad e3 21 e3 21 e0 ad e0,0:21>ad 1:e5>e3 3:e5>e3 5:e5>e0 6:21>ad 7:e5>e0 8:21>ad 9:e5>e3 11:e5>e3 13:e5>e0 14:21>ad 15:e5>e0,6563|14150,6552|6590
31008,11990,7822,6535,21 e5 21 e5 21 e5 21 e5 21 e5 21 e5 21 e5 21 e5,14236,ad e3 21 e3 21 e0 ad e0 ad e3 21 e3 21 e0 ad e0,164,"confined copier,non-copier",21 e3 21 e3 21 e0 ad e0 ad e3 21 e3 21 e0 ad e3 | ad e3 21 e3 21 e0 ad e0 ad e3 21 e3 21 e0 ad e0 | ad e3 21 e3 21 e0 ad e0 ad e3 21 e3 21 e0 ad e3 | ad e3 21 e3 21 e0 ad e0 ad e3 21 e3 21 e0 ad e0 | ad e3 21 e3 21 e0 ad 32 ad e3 21 e3 21 e0 ad e0 | ad e3 21 e3 21 e0 ad e0 ad e3 21 e3 21 e0 ad e0,"confined copier,non-copier,open copier",357,6559,6535,21 e5 21 e5 21 e5 21 e5 21 e5 21 e5 21 e5 21 e5,6604,ad e3 21 e3 21 e0 ad e0 ad e3 21 e3 21 e0 ad e0,0:21>ad 1:e5>e3 3:e5>e3 5:e5>e0 6:21>ad 7:e5>e0 8:21>ad 9:e5>e3 11:e5>e3 13:e5>e0 14:21>ad 15:e5>e0,6535|14236,6535|6604
31008,5352,7822,6563,21 e5 21 e5 21 e5 21 e5 21 e5 21 e5 21 e5 21 e5,14810,ad e3 21 e3 21 e0 ad e0 ad e3 21 e3 21 e0 ad e0,170,"confined copier,non-copier",ad e3 21 e3 21 e3 21 e0 ad e3 21 e3 21 e0 ad e3 | ad e3 21 e3 21 e0 ad e0 ad e3 21 e3 21 e0 ad e0 | ad e3 21 e3 21 e0 ad e0 ad e3 21 e3 21 e0 ad e0 | ad e3 21 e3 21 e0 ad e0 21 e3 21 e3 21 e0 ad e0 | ad e3 21 e3 21 e0 ad e0 ad e3 21 e3 21 e0 ad e0 | ad e3 21 e3 21 e0 ad e0 ad e3 21 e3 21 e0 ad e0,"confined copier,non-copier,open copier",355,6562,6553,21 e5 21 e5 21 e5 21 e5 21 e5 21 e5 21 e5 21 e5,6590,ad e3 21 e3 21 e0 ad e0 ad e3 21 e3 21 e0 ad e0,0:21>ad 1:e5>e3 3:e5>e3 5:e5>e0 6:21>ad 7:e5>e0 8:21>ad 9:e5>e3 11:e5>e3 13:e5>e0 14:21>ad 15:e5>e0,6563|14810,6553|6590
31008,19205,7822,6563,21 e5 21 e5 21 e5 21 e5 21 e5 21 e5 21 e5 21 e5,14673,ad e3 21 e3 21 e0 ad e0 ad e3 21 e3 21 e0 ad e0,162,"confined copier,non-copier",ad e3 21 e3 21 e0 3e e0 ad e3 21 e3 21 e0 ad e0 | ad e3 21 e3 21 e0 ad e0 ad e3 21 e3 21 e0 ad e0 | ad e3 21 e3 21 e0 ad e0 ad e3 21 e3 21 e0 ad e0 | ad e3 21 e3 21 e0 ad e0 ad e3 21 e3 1d e0 ad e0 | ad e3 21 e3 21 e0 ad e0 ad e3 21 e3 21 e0 ad e0 | ad e3 21 e3 21 e0 ad e0 ad e3 21 55 21 e0 ad e0,"confined copier,non-copier,open copier",325,6552,6551,21 e5 21 e5 21 e5 21 e5 21 e5 21 e5 21 e5 21 e5,6590,ad e3 21 e3 21 e0 ad e0 ad e3 21 e3 21 e0 ad e0,0:21>ad 1:e5>e3 3:e5>e3 5:e5>e0 6:21>ad 7:e5>e0 8:21>ad 9:e5>e3 11:e5>e3 13:e5>e0 14:21>ad 15:e5>e0,6563|14673,6551|6590
31008,2753,7822,6563,21 e5 21 e5 21 e5 21 e5 21 e5 21 e5 21 e5 21 e5,14055,ad e3 21 e3 21 e0 ad e0 ad e3 21 e3 21 e0 ad e0,151,"confined copier,non-copier",ad e3 21 e3 21 e0 ad 72 ad e3 21 e3 21 e0 ad e0 | ad e3 21 e3 21 e0 ad e0 ad e3 21 e3 21 e0 ad e0 | ad e3 21 e3 21 6c ad e0 ad e3 21 e3 21 e0 ad e0 | ad e3 21 e3 21 e0 ad e0 ad e3 21 e3 21 00 00 e3 | ad e3 21 e3 21 e0 ad e0 ad e3 21 e3 21 e0 ad e0 | ad e3 21 e3 21 e0 ad e0 ad e3 21 e3 21 e0 ad e0,"confined copier,non-copier,open copier",350,6562,6553,21 e5 21 e5 21 e5 21 e5 21 e5 21 e5 21 e5 21 e5,6590,ad e3 21 e3 21 e0 ad e0 ad e3 21 e3 21 e0 ad e0,0:21>ad 1:e5>e3 3:e5>e3 5:e5>e0 6:21>ad 7:e5>e0 8:21>ad 9:e5>e3 11:e5>e3 13:e5>e0 14:21>ad 15:e5>e0,6563|14055,6553|6590
31008,14852,7822,6563,21 e5 21 e5 21 e5 21 e5 21 e5 21 e5 21 e5 21 e5,14057,ad e3 21 e3 21 e0 ad e0 ad e3 21 e3 21 e0 ad e0,132,"confined copier,non-copier",ad e3 21 e3 21 9c ad e0 ad e3 21 e3 21 e0 ad e0 | ad e3 21 e3 21 e0 ad e0 ad e3 21 e3 21 e0 ad e3 | ad e3 21 e3 21 e0 ad e0 ad e3 21 e3 21 e0 ad e0 | ad e3 21 e3 6b e0 ad e0 ad e3 21 e3 21 e0 ad e0 | ad e3 21 e3 21 e0 ad e0 ad e3 21 e3 21 e3 21 e0 | ad e3 21 e3 21 e0 ad e0 ad e3 21 e3 21 e0 ad 7f,"confined copier,non-copier,open copier",332,6587,6563,21 e5 21 e5 21 e5 21 e5 21 e5 21 e5 21 e5 21 e5,6590,ad e3 21 e3 21 e0 ad e0 ad e3 21 e3 21 e0 ad e0,0:21>ad 1:e5>e3 3:e5>e3 5:e5>e0 6:21>ad 7:e5>e0 8:21>ad 9:e5>e3 11:e5>e3 13:e5>e0 14:21>ad 15:e5>e0,6563|14057,6563|6590
31008,9814,7822,6563,21 e5 21 e5 21 e5 21 e5 21 e5 21 e5 21 e5 21 e5,14281,ad e3 21 e3 21 e0 ad e0 ad e3 21 e3 21 e0 ad e0,163,"confined copier,non-copier",ad e3 21 e3 21 e0 ad e3 21 e3 21 e3 21 e0 ad e3 | ad e3 21 e3 21 e0 ad e0 ad e3 21 e3 21 e0 ad e0 | ad e3 21 e3 21 e0 ad e0 ad e3 21 e3 21 e0 ad e0 | ad e3 21 e3 21 e0 ad e0 ad e3 21 e3 21 e0 ad e0 | ad e3 21 e3 21 e0 ad e0 ad e3 21 e3 21 e0 ee e0 | ad e3 21 e3 21 e0 ad e0 ad e3 21 e3 21 e0 ad e0,"confined copier,non-copier,open copier",359,6563,6553,21 e5 21 e5 21 e5 21 e5 21 e5 21 e5 21 e5 21 e5,6590,ad e3 21 e3 21 e0 ad e0 ad e3 21 e3 21 e0 ad e0,0:21>ad 1:e5>e3 3:e5>e3 5:e5>e0 6:21>ad 7:e5>e0 8:21>ad 9:e5>e3 11:e5>e3 13:e5>e0 14:21>ad 15:e5>e0,6563|14281,6553|6590
31008,1085,7822,6563,21 e5 21 e5 21 e5 21 e5 21 e5 21 e5 21 e5 21 e5,14451,ad e3 21 e3 21 e0 ad e0 ad e3 21 e3 21 e0 ad e0,127,"confined copier,non-copier",18 e3 21 e3 21 e0 ad e0 ad e3 de e3 21 e0 ad e0 | 23 e3 21 e3 21 e0 ad e0 ad e3 21 e3 21 e0 ad e0 | ad e3 21 e3 21 e0 ad e0 ad e3 21 e3 21 e0 ad e0 | ad e3 21 e3 21 e0 ad e0 ad e3 21 e3 21 e0 ad e0 | ad e3 21 e3 21 e0 ad e0 ad e3 21 e3 e9 e0 ad e0 | ad e3 21 e3 21 e0 ad e0 ad e3 21 e3 21 e0 ad e0,"confined copier,non-copier,open copier",319,6586,6563,21 e5 21 e5 21 e5 21 e5 21 e5 21 e5 21 e5 21 e5,6590,ad e3 21 e3 21 e0 ad e0 ad e3 21 e3 21 e0 ad e0,0:21>ad 1:e5>e3 3:e5>e3 5:e5>e0 6:21>ad 7:e5>e0 8:21>ad 9:e5>e3 11:e5>e3 13:e5>e0 14:21>ad 15:e5>e0,6563|14451,6563|6590
31008,17018,7822,6563,21 e5 21 e5 21 e5 21 e5 21 e5 21 e5 21 e5 21 e5,14310,ad e3 21 e3 21 e0 ad e0 ad e3 21 e3 21 e0 ad 45,168,"confined copier,non-copier",ad e3 21 e3 21 e0 d4 e0 ad e3 21 e3 21 e0 ad e0 | ad e3 21 e3 21 e0 ad e0 ad e3 21 e3 21 8a ad e0 | ad e3 21 e3 21 e0 ad e0 ad e3 21 e3 21 e0 ad e0 | ad e3 21 e3 21 e0 ad e0 ad e3 21 e3 21 e0 ad e0 | ad e3 21 e3 21 e0 ad e0 ad e3 21 e3 21 e0 ad e0 | 1c e3 21 e3 21 e0 1c e0 1c e3 21 e3 21 e0 1c e0,"confined copier,non-copier,open copier",359,6569,6563,21 e5 21 e5 21 e5 21 e5 21 e5 21 e5 21 e5 21 e5,6590,ad e3 21 e3 21 e0 ad e0 ad e3 21 e3 21 e0 ad e0,0:21>ad 1:e5>e3 3:e5>e3 5:e5>e0 6:21>ad 7:e5>e0 8:21>ad 9:e5>e3 11:e5>e3 13:e5>e0 14:21>ad 15:e5>e0,6563|14310,6563|6590
31008,4356,7822,6563,21 e5 21 e5 21 e5 21 e5 21 e5 21 e5 21 e5 21 e5,14616,ad e3 21 e3 21 e0 ad e0 ad e3 21 e3 21 e0 ad e0,177,"confined copier,non-copier",ad e3 21 4a 21 e0 ad e0 ad e3 86 e3 21 e0 ad e0 | ad e3 21 e3 21 e0 ad e0 ad e3 21 e3 21 e0 ad e0 | ad e3 21 e3 21 e0 ad e0 ad e3 21 e3 21 e0 ad e0 | 29 e3 21 e3 21 e0 ad e0 ad e3 21 e3 21 e0 ad e0 | ad e3 21 e3 21 e0 ad e0 ad e3 21 e3 21 e0 ad e0 | ad e3 21 e3 21 e0 ad e0 ad e3 21 e3 21 e0 ad e0,"confined copier,non-copier,open copier",365,6551,6519,21 e5 21 e5 21 e5 21 e5 21 e5 21 e5 21 e5 21 e5,6590,ad e3 21 e3 21 e0 ad e0 ad e3 21 e3 21 e0 ad e0,0:21>ad 1:e5>e3 3:e5>e3 5:e5>e0 6:21>ad 7:e5>e0 8:21>ad 9:e5>e3 11:e5>e3 13:e5>e0 14:21>ad 15:e5>e0,6563|14616,6519|6590
31008,1755,7822,6552,21 e5 21 e5 21 e5 21 e5 21 e5 21 e5 21 e5 21 e5,14733,ad e3 21 e3 21 e0 ad e0 ad e3 21 e3 21 e0 ad e0,157,"confined copier,non-copier",ad e3 21 e3 21 e0 f3 e0 ad e3 21 e3 21 e0 ad e0 | ad e3 21 e3 21 e0 ad e0 ad e3 21 e3 21 e0 ad e0 | ad e3 21 e3 21 e0 ad e0 ad e3 21 e3 21 e0 ad e0 | ad e3 21 e3 21 e0 ad e0 ad e3 21 e3 21 e0 ad 00 | ad fc 21 e3 21 e0 ad e0 ad e3 21 e3 21 e0 ad e0 | 0c e3 21 e3 21 e0 0c e0 0c e3 21 e3 21 e0 0c e0,"confined copier,non-copier,open copier",337,14733,6552,21 e5 21 e5 21 e5 21 e5 21 e5 21 e5 21 e5 21 e5,6594,ad e3 21 e3 21 e0 ad e0 ad e3 21 e3 21 e0 ad e0,0:21>ad 1:e5>e3 3:e5>e3 5:e5>e0 6:21>ad 7:e5>e0 8:21>ad 9:e5>e3 11:e5>e3 13:e5>e0 14:21>ad 15:e5>e0,6552|14733,6552|6594
31008,19036,7822,6563,21 e5 21 e5 21 e5 21 e5 21 e5 21 e5 21 e5 21 e5,14727,ad e3 21 e3 21 e0 ad e0 ad e3 21 e3 21 e0 ad e0,140,"confined copier,non-copier",21 e3 21 e3 21 e0 ad e0 ad e3 21 e3 71 e0 ad e3 | ad e3 21 e3 21 e0 ad e0 ad e3 21 e3 21 e0 ad e0 | ad e3 21 e3 21 e0 ad e0 ad e3 21 e3 21 e0 ad e0 | ad e3 48 e3 21 e0 ad e0 ad e3 21 e3 21 e0 ad e0 | ad e3 21 e3 21 e0 ad e0 ad e3 21 e3 21 d5 ad e0 | ad f0 21 00 00 e0 ad e0 ad e3 21 e3 21 e0 ad e0,"confined copier,non-copier,open copier",326,14727,6563,21 e5 21 e5 21 e5 21 e5 21 e5 21 e5 21 e5 21 e5,6590,ad e3 21 e3 21 e0 ad e0 ad e3 21 e3 21 e0 ad e0,0:21>ad 1:e5>e3 3:e5>e3 5:e5>e0 6:21>ad 7:e5>e0 8:21>ad 9:e5>e3 11:e5>e3 13:e5>e0 14:21>ad 15:e5>e0,6563|14727,6563|6590
31008,4492,7822,9396,21 e3 21 e3 21 e3 21 e3 21 e3 21 e3 21 e0 47 e0,14628,ad e3 21 e3 21 e0 ad e0 ad e3 21 e3 21 e0 ad 00,98,"confined copier,non-copier",21 e3 21 e3 21 e0 ad e0 ad e3 21 e3 21 e0 ad e3 | ad e3 21 e3 21 e0 ad e0 ad e3 21 e3 21 e0 ad e3 | ad e3 21 e3 21 35 ad e0 ad e3 21 e3 21 e0 ad e0 | ad e3 21 e3 21 e0 ad e0 ad e3 21 e3 21 e0 ad e0 | ad e3 21 e3 06 e0 ad e0 ad e3 21 e3 21 e0 ad e0 | ad e3 21 e3 21 e0 ad e0 ad e3 21 e3 21 e0 ad e0,"confined copier,non-copier,open copier",357,9473,9396,21 e3 21 e3 21 e3 21 e3 21 e3 21 e3 21 e0 47 e0,9490,40 e3 21 e3 21 e0 40 e0 40 e3 21 e3 21 e0 40 e0,0:21>40 5:e3>e0 6:21>40 7:e3>e0 8:21>40 14:47>40,9396|14628,9396|9490
31008,5368,7822,6563,21 e5 21 e5 21 e5 21 e5 21 e5 21 e5 21 e5 21 e5,14764,ad e3 21 e3 21 e0 ad e0 ad e3 21 e3 b7 e0 ad e0,153,"confined copier,non-copier",21 e3 21 e3 21 e0 ad e0 ad e3 21 e3 21 e0 ad e3 | ad e3 21 e3 21 e0 ad e0 ad e3 21 e3 21 e0 ad e0 | ad e3 21 e3 21 e0 ad e0 ad e3 21 e3 21 e0 ad e0 | ad e3 21 e3 21 e0 ad e0 ad e3 21 e3 21 e0 db e0 | ad e3 21 e3 21 e0 ad e0 ad e3 21 e3 21 e0 ad e0 | ad e3 21 9f 21 e0 ad e0 ad e3 21 e3 21 e0 ad e0,"confined copier,non-copier,open copier",339,6586,6563,21 e5 21 e5 21 e5 21 e5 21 e5 21 e5 21 e5 21 e5,6590,ad e3 21 e3 21 e0 ad e0 ad e3 21 e3 21 e0 ad e0,0:21>ad 1:e5>e3 3:e5>e3 5:e5>e0 6:21>ad 7:e5>e0 8:21>ad 9:e5>e3 11:e5>e3 13:e5>e0 14:21>ad 15:e5>e0,6563|14764,6563|6590
31008,14685,7822,6563,21 e5 21 e5 21 e5 21 e5 21 e5 21 e5 21 e5 21 e5,12145,ad e3 21 e3 21 e0 ad e0 ad e3 21 e3 21 e0 ad e0,105,"confined copier,non-copier",00 e3 21 e3 21 e0 ad 76 ad e3 21 e3 21 e0 ad e0 | ad e3 21 e3 21 e0 ad e0 ad e3 21 e3 21 e0 ad e0 | ad e3 21 e3 21 e0 ad e0 ad e3 21 e3 21 e0 ad e0 | ad e3 21 e3 21 e0 ad e0 ad e3 21 e3 21 e0 ad e0 | ad e3 21 e3 21 e0 ad e0 ad e3 21 e3 21 e0 ad e0 | ad e3 21 e3 21 e0 ad e0 ad e3 21 e3 21 ab ad e0,"confined copier,non-copier,open copier",324,6563,6553,21 e5 21 e5 21 e5 21 e5 21 e5 21 e5 21 e5 21 e5,6590,ad e3 21 e3 21 e0 ad e0 ad e3 21 e3 21 e0 ad e0,0:21>ad 1:e5>e3 3:e5>e3 5:e5>e0 6:21>ad 7:e5>e0 8:21>ad 9:e5>e3 11:e5>e3 13:e5>e0 14:21>ad 15:e5>e0,6563|12145,6553|6590
31008,19180,7822,6553,21 e5 21 e5 21 e5 21 e5 21 e5 21 e5 21 e5 21 e5,14005,ad e3 21 e3 21 e0 ad e0 ad e3 21 e3 21 e0 ad 00,167,"confined copier,non-copier",ad e3 21 e3 21 e0 ad 89 ad e3 21 e3 21 e0 ad e0 | ad e3 21 e3 21 e0 ad e0 ad e3 21 e3 21 e0 ad e0 | ad e3 21 e3 21 e0 ad e0 ad e3 21 e3 21 e0 ad e0 | ad e3 21 e3 21 e0 ad e0 ad e3 21 e3 21 e0 ad e0 | ad e3 21 e3 21 e0 ad e0 ad e3 21 e3 21 e0 ad e0 | ad e3 21 e3 21 e0 ad e0 ad e3 21 e3 21 43 ad e0,"confined copier,non-copier,open copier",361,9724,6553,21 e5 21 e5 21 e5 21 e5 21 e5 21 e5 21 e5 21 e5,6595,ad e3 21 e3 21 e0 ad e0 ad e3 21 e3 21 e0 ad e0,0:21>ad 1:e5>e3 3:e5>e3 5:e5>e0 6:21>ad 7:e5>e0 8:21>ad 9:e5>e3 11:e5>e3 13:e5>e0 14:21>ad 15:e5>e0,6553|14005,6553|6595
31008,18436,7822,6563,21 e5 21 e5 21 e5 21 e5 21 e5 21 e5 21 e5 21 e5,14760,0f e3 21 e3 21 e0 0f e0 0f e3 21 e3 21 e0 0f e3,171,"confined copier,non-copier",0f e3 21 3f 21 e0 0f e0 0f e3 21 e3 21 e0 0f e0 | 0f e3 21 e3 21 e0 0f e0 0f e3 21 e3 21 e0 0f e0 | 0f e3 21 e3 21 e0 0f e0 0f e3 21 e3 21 e0 0f e0 | 0f e3 21 e3 21 e0 0f e0 0f e3 21 e3 21 e0 0f e0 | 0f e3 21 e3 21 e0 0f e0 0f e3 21 e3 21 e0 0f e0 | 0f e3 21 e3 21 e0 0f e0 0f e3 21 e3 21 e0 0f e0,"confined copier,non-copier,open copier",332,6473,6306,21 e5 21 e5 21 e5 21 e5 21 e5 21 e5 21 e5 21 e5,6590,ad e3 21 e3 21 e0 ad e0 ad e3 21 e3 21 e0 ad e0,0:21>ad 1:e5>e3 3:e5>e3 5:e5>e0 6:21>ad 7:e5>e0 8:21>ad 9:e5>e3 11:e5>e3 13:e5>e0 14:21>ad 15:e5>e0,6563|14760,6306|6590
31008,13431,7822,6563,21 e5 21 e5 21 e5 21 e5 21 e5 21 e5 21 e5 21 e5,14528,ad e3 21 e3 21 e0 ad e0 ad e3 21 e3 21 e0 ad e0,150,"confined copier,non-copier",ad e3 21 e3 21 ff ad e0 ad e3 21 e3 21 e0 ad e0 | ad e3 21 e3 21 e0 ad e0 ad e3 21 a3 21 e0 ad e0 | ad e3 ca e3 21 e0 ad e0 ad e3 21 e3 21 e0 ad e0 | ad e3 21 e3 21 e0 ad e0 ad e3 21 e3 21 e0 ad e0 | ad e3 21 e3 21 e0 ad e0 97 e3 21 e3 21 e0 ad e0 | ad e3 21 e3 21 e0 ad a5 ad e3 21 e3 21 e0 ad e0,"confined copier,non-copier,open copier",337,12427,6563,21 e5 21 e5 21 e5 21 e5 21 e5 21 e5 21 e5 21 e5,6590,ad e3 21 e3 21 e0 ad e0 ad e3 21 e3 21 e0 ad e0,0:21>ad 1:e5>e3 3:e5>e3 5:e5>e0 6:21>ad 7:e5>e0 8:21>ad 9:e5>e3 11:e5>e3 13:e5>e0 14:21>ad 15:e5>e0,6563|14528,6563|6590
31008,14254,7822,6534,21 e5 21 e5 21 e5 21 e5 21 e5 21 e5 21 e5 21 e5,13475,ad e3 21 e3 21 e0 ad e0 ad e3 21 e3 21 e0 ad e0,147,"confined copier,non-copier",21 e3 21 e3 21 e0 ad e0 ad e3 21 e3 21 e0 ad e3 | ad e3 21 e3 21 e0 ad e0 ad e3 21 e3 21 e0 ad e0 | ad e3 21 e3 21 e0 ad e0 ad e3 21 e3 21 e0 ad e0 | ad e3 21 e3 21 e0 ad e0 ad e3 21 e3 21 e0 ad e0 | ad e3 21 e3 21 e0 ad e0 ad e3 21 e3 21 e0 ad e0 | ad e3 21 e3 21 e0 ad e0 ad e3 21 e3 21 e0 ad e0,"confined copier,non-copier,open copier",322,6477,6276,21 e5 21 e5 21 e5 21 e5 21 e5 21 e5 21 e5 21 e5,6620,ad e3 21 e3 21 e0 ad e0 ad e3 21 e3 21 00 21 e0,0:21>ad 1:e5>e3 3:e5>e3 5:e5>e0 6:21>ad 7:e5>e0 8:21>ad 9:e5>e3 11:e5>e3 13:e5>00 15:e5>e0,6534|13475,6276|6620
31008,3628,7822,6563,21 e5 21 e5 21 e5 21 e5 21 e5 21 e5 21 e5 21 e5,14450,b8 e3 21 e3 21 e0 b8 e0 b8 e3 21 e3 21 e0 b8 e0,152,"confined copier,non-copier",ad e3 21 e3 f7 e0 ad e0 ad e3 21 e3 21 e0 ad e0 | 21 e3 21 e3 21 e0 ad e0 ad e3 21 e3 21 e0 ad e3 | ad e3 21 e3 21 e0 ad e0 ad e3 21 e3 21 e0 ad e3 | ad e3 21 e3 6c e0 ad e0 ad e3 21 e3 21 e0 ad e0 | ad e3 21 e3 21 e0 ad e0 ad e3 21 e3 21 e0 ad 00 | ad e3 21 e3 21 e0 ad e0 ad e3 21 e3 21 e0 ad e0,"confined copier,non-copier,open copier",342,6576,6563,21 e5 21 e5 21 e5 21 e5 21 e5 21 e5 21 e5 21 e5,6590,ad e3 21 e3 21 e0 ad e0 ad e3 21 e3 21 e0 ad e0,0:21>ad 1:e5>e3 3:e5>e3 5:e5>e0 6:21>ad 7:e5>e0 8:21>ad 9:e5>e3 11:e5>e3 13:e5>e0 14:21>ad 15:e5>e0,6563|14450,6563|6590
31008,16510,7822,8395,21 e3 21 e3 21 e3 21 e3 21 e3 21 e3 21 e0 3d e0,13252,ad e3 21 e3 21 e0 ad e0 ad e3 21 e3 21 e0 ad e0,94,"confined copier,non-copier",ad e3 21 e3 21 11 ad e0 ad e3 21 e3 21 e0 ad e0 | ad e3 63 e3 21 e0 ad e0 ad e3 21 e3 21 e0 ad 5a | ad e3 21 e3 21 e0 ad e0 ad e3 21 e3 21 e0 c3 e0 | ad e3 21 e3 21 e0 ad e0 ad e3 21 e3 21 e0 ad e3 | ad e3 21 e3 21 e0 ad e0 ad e3 21 e3 21 e0 ad e0 | ad e3 21 e3 21 e0 ad e0 ad e3 21 e3 21 e0 ad e0,"confined copier,non-copier,open copier",320,6298,6214,21 e5 21 e5 21 e5 21 e5 21 e5 21 e5 21 e5 21 e5,6598,ad e3 21 e3 21 e0 ad e0 ad e3 21 e3 21 e0 ad e0,0:21>ad 1:e5>e3 3:e5>e3 5:e5>e0 6:21>ad 7:e5>e0 8:21>ad 9:e5>e3 11:e5>e3 13:e5>e0 14:21>ad 15:e5>e0,8395|13252,6214|6598
31008,3705,7822,6563,21 e5 21 e5 21 e5 21 e5 21 e5 21 e5 21 e5 21 e5,13231,ad e3 21 e3 21 e0 ad e0 ad e3 21 e3 21 e0 ad e0,141,"confined copier,non-copier",ad e3 21 e3 21 19 ad e0 ad e3 21 e3 21 e0 ad e0 | e9 e3 21 e3 21 e0 ad e0 ad e3 21 e3 21 b1 ad e0 | ad e3 21 e3 21 e0 ad e0 ad e3 21 e3 21 e0 ad e0 | ad e3 21 e3 21 e0 ad e0 ad e3 21 e3 21 e0 ad e0 | 9a e3 21 e3 21 e0 ad e0 ad e3 21 e3 21 e0 ad e0 | b2 e3 21 e3 21 e0 ad e0 ad e3 21 e3 21 e0 ad e0,"confined copier,non-copier,open copier",349,6576,6563,21 e5 21 e5 21 e5 21 e5 21 e5 21 e5 21 e5 21 e5,6590,ad e3 21 e3 21 e0 ad e0 ad e3 21 e3 21 e0 ad e0,0:21>ad 1:e5>e3 3:e5>e3 5:e5>e0 6:21>ad 7:e5>e0 8:21>ad 9:e5>e3 11:e5>e3 13:e5>e0 14:21>ad 15:e5>e0,6563|13231,6563|6590
31008,19683,7822,6563,21 e5 21 e5 21 e5 21 e5 21 e5 21 e5 21 e5 21 e5,13895,13 e3 21 e3 21 e0 13 e0 13 e3 21 e3 21 e0 13 e0,172,"confined copier,non-copier",13 34 21 e3 21 e0 13 e0 13 e3 21 e3 21 e0 13 e0 | 13 e3 21 e3 21 e0 13 e0 13 e3 21 e3 21 e0 13 e0 | 13 e3 21 e3 21 e0 13 e0 13 e3 21 e3 21 e0 13 e0 | 13 e3 21 e3 21 e0 13 e0 13 e3 01 e3 21 e0 13 e0 | 13 e3 21 e3 21 e0 13 e0 13 e3 21 e3 21 e0 13 e0 | 13 e3 21 e3 21 e0 13 e0 13 e3 21 e3 21 e0 13 e0,"confined copier,non-copier,open copier",364,6590,6563,21 e5 21 e5 21 e5 21 e5 21 e5 21 e5 21 e5 21 e5,6590,ad e3 21 e3 21 e0 ad e0 ad e3 21 e3 21 e0 ad e0,0:21>ad 1:e5>e3 3:e5>e3 5:e5>e0 6:21>ad 7:e5>e0 8:21>ad 9:e5>e3 11:e5>e3 13:e5>e0 14:21>ad 15:e5>e0,6563|13895,6563|6590
31008,17304,7822,8395,21 e3 21 e3 21 e3 21 e3 21 e3 21 e3 21 e0 3d e0,14413,0c e3 21 e3 21 e0 0c e0 0c e3 21 e3 21 e0 0c e0,108,"confined copier,non-copier",0c e3 21 e3 21 b9 0c e0 0c e3 21 e3 21 e0 0c e0 | 0c e3 21 e3 21 e0 0c e0 0c e3 21 e3 21 e0 0c e0 | 0c e3 21 e3 21 e0 0c e0 0c e3 21 e3 21 e0 0c e0 | 0c e3 21 e3 21 e0 0c e0 0c e3 21 e3 21 e0 0c e0 | 0c e3 21 e3 21 e0 0c e0 0c e3 21 e3 21 e0 0c e0 | 0c e3 21 e3 21 e0 0c e0 0c e3 21 e3 21 e0 0c e0,"confined copier,non-copier,open copier",319,6396,6326,21 e5 21 e5 21 e5 21 e5 21 e5 21 e5 21 e5 21 e5,6615,ad e3 21 e3 21 e0 ad e0 ad e3 21 e3 21 e0 ad e0,0:21>ad 1:e5>e3 3:e5>e3 5:e5>e0 6:21>ad 7:e5>e0 8:21>ad 9:e5>e3 11:e5>e3 13:e5>e0 14:21>ad 15:e5>e0,8395|14413,6326|6615
31008,17096,7822,6553,21 e5 21 e5 21 e5 21 e5 21 e5 21 e5 21 e5 21 e5,13268,ad e3 21 e3 21 e0 ad e0 ad e3 21 e3 21 e0 ad e0,157,"confined copier,non-copier",ad e3 21 07 21 e0 ad e0 ad e3 21 e3 21 e0 ad e0 | ad e3 21 e3 21 e0 ad e0 ad e3 21 e3 21 e0 ad e0 | ad e3 21 e3 21 e0 ad e0 ad e3 21 e3 21 e0 ad e0 | ad e3 21 e3 21 e0 ad e0 ad e3 21 e3 21 e0 ad e0 | ad e3 21 e3 21 e0 ad e0 ad e3 21 e3 21 e0 ad e0 | ad e3 21 e3 21 e0 ad e0 ad e3 21 e3 21 e0 ad e0,"confined copier,non-copier,open copier",362,6595,6553,21 e5 21 e5 21 e5 21 e5 21 e5 21 e5 21 e5 21 e5,6595,ad e3 21 e3 21 e0 ad e0 ad e3 21 e3 21 e0 ad e0,0:21>ad 1:e5>e3 3:e5>e3 5:e5>e0 6:21>ad 7:e5>e0 8:21>ad 9:e5>e3 11:e5>e3 13:e5>e0 14:21>ad 15:e5>e0,6553|13268,6553|6595
31008,11916,7822,6563,21 e5 21 e5 21 e5 21 e5 21 e5 21 e5 21 e5 21 e5,13291,ad e3 21 e3 21 e0 ad e0 ad e3 21 e3 21 e0 ad e0,131,"confined copier,non-copier",ad e0 ad e3 21 e0 ad e0 ad e3 21 e3 21 e0 d0 e0 | ad e3 21 e3 21 e0 ad e0 ad e3 21 e3 21 e0 ad e0 | ad e3 21 e3 21 e0 ad e0 ad e3 21 e3 21 e0 ad e0 | ad e3 21 e3 21 e0 ad e0 ad e3 21 e3 21 e0 ad e0 | ad e3 21 e3 21 e0 ad e0 ad e3 21 e3 21 e0 3b e0 | ad e3 5a e3 21 e0 ad e0 ad e3 21 e3 21 e0 ad e0,"confined copier,non-copier,open copier",345,6559,6553,21 e5 21 e5 21 e5 21 e5 21 e5 21 e5 21 e5 21 e5,6590,ad e3 21 e3 21 e0 ad e0 ad e3 21 e3 21 e0 ad e0,0:21>ad 1:e5>e3 3:e5>e3 5:e5>e0 6:21>ad 7:e5>e0 8:21>ad 9:e5>e3 11:e5>e3 13:e5>e0 14:21>ad 15:e5>e0,6563|13291,6553|6590
31008,16419,7822,6563,21 e5 21 e5 21 e5 21 e5 21 e5 21 e5 21 e5 21 e5,12856,ad e3 21 e3 21 e0 ad e0 ad e3 21 e3 21 e0 ad e0,128,"confined copier,non-copier",ad e3 21 e3 21 6a ad e0 ad e3 21 e3 21 e0 ad e0 | ad e3 21 e3 21 e0 ad e0 ad e3 21 e3 66 e0 ad e0 | ad e3 21 e3 21 e0 ad e0 ad e3 21 e3 21 e0 ad e0 | ad e3 21 e3 21 e0 ad e0 ad e3 21 e3 21 e0 ad e0 | 1d e3 21 e3 21 e0 1d e0 1d e3 21 e3 21 e0 1d e0 | 46 e3 21 e3 21 e0 1d e0 1d e3 21 e3 21 e0 1d e0,"confined copier,non-copier,open copier",337,6559,6553,21 e5 21 e5 21 e5 21 e5 21 e5 21 e5 21 e5 21 e5,6590,ad e3 21 e3 21 e0 ad e0 ad e3 21 e3 21 e0 ad e0,0:21>ad 1:e5>e3 3:e5>e3 5:e5>e0 6:21>ad 7:e5>e0 8:21>ad 9:e5>e3 11:e5>e3 13:e5>e0 14:21>ad 15:e5>e0,6563|12856,6553|6590
31011,13234,14784,13557,21 e5 21 e5 21 e5 21 e5 21 e5 21 e5 21 e5 21 e5,21676,9b e3 21 e3 21 e0 9b e0 9b e3 21 e3 21 e0 9b e0,130,"confined copier,non-copier",ad e3 21 67 21 e0 ad e0 ad e3 21 e3 21 e0 ad e0 | ad e3 21 e3 21 e0 ad e0 ad e3 21 e3 21 e0 ad e0 | ad e3 21 e3 21 e0 ad e0 ad e3 21 e3 21 e0 ad e0 | ad e3 21 e3 21 e0 ad e0 ad e3 21 e3 21 e0 ad e0 | ad e3 21 e3 21 e0 ad e0 ad e3 21 e3 21 e0 ad e0 | ad e3 21 e3 21 e0 ad e0 ad e3 21 e3 21 e0 ad e0,"confined copier,non-copier,open copier",347,15282,13557,21 e5 21 e5 21 e5 21 e5 21 e5 21 e5 21 e5 21 e5,13603,00 e3 21 e3 21 e0 12 e0 12 e3 21 e3 21 e0 12 e0,0:21>00 1:e5>e3 3:e5>e3 5:e5>e0 6:21>12 7:e5>e0 8:21>12 9:e5>e3 11:e5>e3 13:e5>e0 14:21>12 15:e5>e0,13557|21676,13557|13603
31011,15541,14784,13581,21 e5 21 e5 21 e5 21 e5 21 e5 21 e5 21 e5 21 e5,19429,ae e3 21 e3 21 e0 ae e0 ae e3 21 e3 21 e0 ae e0,91,"confined copier,non-copier",21 e3 21 e3 21 e0 ae e0 ae e3 21 e3 21 e0 ae e3 | ae e3 21 e3 21 e0 ae e0 ae e3 21 e3 21 e0 ae e0 | ae e3 21 e3 21 e0 ae e0 ae e3 21 e3 21 e0 ae e0 | ae e3 21 e3 21 e0 ae e0 ae e3 21 e3 21 e0 ae e0 | ae e3 21 e3 21 e0 ae e0 ae e3 21 e3 21 e0 ae e0 | ae e3 21 e3 21 e0 ae e0 ae e3 21 e3 21 e0 ae e0,"confined copier,non-copier,open copier",342,13563,13557,21 e5 21 e5 21 e5 21 e5 21 e5 21 e5 21 e5 21 e5,13603,00 e3 21 e3 21 e0 12 e0 12 e3 21 e3 21 e0 12 e0,0:21>00 1:e5>e3 3:e5>e3 5:e5>e0 6:21>12 7:e5>e0 8:21>12 9:e5>e3 11:e5>e3 13:e5>e0 14:21>12 15:e5>e0,13581|19429,13557|13603
31011,5549,14784,13466,21 e5 21 e5 21 e5 b9 e5 21 e5 21 e5 21 e5 21 e5,20248,ae e3 21 e3 21 e0 ae e0 ae e3 21 e3 21 e0 ae e0,109,"confined copier,non-copier",21 e3 21 e3 21 e0 ae e0 ae e3 21 e3 21 e0 ae e3 | ae e3 21 e3 21 e0 ae e0 ae e3 21 e3 21 e0 ae e0 | ae e3 21 e3 21 e0 ae e0 ae e3 21 e3 21 e0 ae e0 | ae e3 21 e3 21 e0 ae e0 ae e3 21 e3 21 e0 ae e0 | ae e3 21 e3 21 e0 ae e0 ae e3 21 e3 21 e0 ae e0 | ae e3 21 e3 21 e0 ae e0 ae e3 21 e3 21 e0 ae e0,"confined copier,non-copier,open copier",322,17566,13466,21 e5 21 e5 21 e5 b9 e5 21 e5 21 e5 21 e5 21 e5,13639,12 e3 21 e3 21 e0 12 e0 12 e3 21 e3 21 e0 21 e0,0:21>12 1:e5>e3 3:e5>e3 5:e5>e0 6:b9>12 7:e5>e0 8:21>12 9:e5>e3 11:e5>e3 13:e5>e0 15:e5>e0,13466|20248,13466|13639
31011,11403,14784,13580,21 e5 21 e5 21 e5 21 e5 21 e5 21 e5 21 e5 21 e5,21455,ae e3 21 e3 21 e0 ae e0 ae e3 21 e3 21 e0 ae e0,123,"confined copier,non-copier",ae e3 21 e3 21 e0 ae 3d ae e3 21 e3 21 e0 ae e0 | ae e3 21 e3 21 e0 ae e0 ae e3 21 e3 21 e0 ae e0 | ae e3 21 e3 21 e0 ae e0 ae e3 21 e3 21 34 ae e0 | ae e3 21 e3 21 e0 ae e0 ae e3 21 e3 21 e0 ae e0 | ae e3 21 e3 21 e0 ae e0 ae e3 21 e3 21 e0 ae e0 | ae e3 21 e3 21 e0 ae e0 ae e3 21 e3 21 e0 ae e0,"confined copier,non-copier,open copier",344,16461,13580,21 e5 21 e5 21 e5 21 e5 21 e5 21 e5 21 e5 21 e5,13629,12 e3 21 e3 21 e0 12 e0 12 e3 21 e3 21 e0 12 e0,0:21>12 1:e5>e3 3:e5>e3 5:e5>e0 6:21>12 7:e5>e0 8:21>12 9:e5>e3 11:e5>e3 13:e5>e0 14:21>12 15:e5>e0,13580|21455,13580|13629
31011,1991,14784,13791,01 c5 01 c5 01 c5 01 c5 01 c5 01 c5 01 c5 01 c5,21636,ba e3 21 e3 21 e0 ba e0 ba e3 21 e3 21 e0 ba e0,135,"confined copier,non-copier",ba e3 42 e3 21 e0 ba e0 ba e3 21 e3 21 e0 ba e0 | ba e3 21 e3 21 e0 ba e0 ba e3 21 e3 21 e0 ba e0 | ba e3 21 e3 21 e0 ba e0 ba e3 21 e3 21 e0 ba e0 | ba e3 21 e3 21 e0 ba e0 ba e3 21 e3 21 e0 ba e0 | ba e3 21 e3 21 e0 ba e0 ba e3 21 e3 21 e0 ba e0 | 80 e3 21 e3 21 e0 80 e0 80 e3 21 e3 21 e0 80 e0,"confined copier,non-copier,open copier",341,13608,13550,21 e5 21 e5 21 e5 21 e5 21 e5 21 e5 21 e5 21 e5,13970,12 e3 21 e3 21 e0 12 e0 12 e3 21 e3 21 e0 12 00,0:21>12 1:e5>e3 3:e5>e3 5:e5>e0 6:21>12 7:e5>e0 8:21>12 9:e5>e3 11:e5>e3 13:e5>e0 14:21>12 15:e5>00,13791|21636,13550|13970
31011,3912,14784,13780,01 c5 01 c5 01 c5 01 c5 01 c5 01 c5 01 c5 01 c5,17910,ae e3 21 e3 21 e0 ae e0 ae e3 21 e3 21 e0 ae e0,80,"confined copier,non-copier",21 e3 21 e3 21 e0 ae e0 ae e3 21 e3 21 e0 ae e3 | ae e3 21 e3 21 e0 ae e0 ae e3 21 e3 21 e0 ae e0 | ae e3 21 e3 21 e0 ae e0 ae e3 21 e3 21 e0 ae e0 | ae e3 21 e3 21 e0 ae e0 ae e3 21 e3 21 e0 ae e0 | ae e3 21 e3 21 e0 ae e0 ae e3 21 e3 21 e0 ae e0 | ae e3 21 e3 21 e0 ae e0 ae e3 21 e3 21 e0 ae e0,"confined copier,non-copier,open copier",330,13875,13780,01 c5 01 c5 01 c5 01 c5 01 c5 01 c5 01 c5 01 c5,13951,12 e3 21 e3 21 e0 12 e0 12 e3 21 e3 21 e0 12 e0,0:01>12 1:c5>e3 2:01>21 3:c5>e3 4:01>21 5:c5>e0 6:01>12 7:c5>e0 8:01>12 9:c5>e3 10:01>21 11:c5>e3 12:01>21 13:c5>e0 14:01>12 15:c5>e0,13780|17910,13780|13951
31011,1312,14784,13468,21 e5 21 e5 21 e5 21 e5 21 e5 21 e5 21 e5 21 e5,18731,ad e3 21 e3 21 e0 ad e0 ad e3 21 e3 21 e0 ad e0,96,"confined copier,non-copier",ad e3 b9 e3 21 2e ad e0 ad e3 21 e3 21 e0 ad e0 | ad e3 21 e3 21 e0 ad e0 ad e3 21 e3 21 e0 ad e0 | ad e3 21 e3 21 e0 ad e0 ad e3 21 e3 21 e0 ad e0 | ad e3 21 e3 21 e0 ad e0 ad e3 21 e3 21 e0 ad e0 | ad e3 21 e3 21 e0 ad e0 ad e3 21 e3 21 e0 ad e0 | ad e3 21 e3 21 e0 ad e0 ad e3 21 e3 21 e0 ad e0,"confined copier,non-copier,open copier",342,16442,13468,21 e5 21 e5 21 e5 21 e5 21 e5 21 e5 21 e5 21 e5,13632,12 e3 21 e3 21 e0 12 e0 12 e3 21 e3 21 e0 12 e0,0:21>12 1:e5>e3 3:e5>e3 5:e5>e0 6:21>12 7:e5>e0 8:21>12 9:e5>e3 11:e5>e3 13:e5>e0 14:21>12 15:e5>e0,13468|18731,13468|13632
31011,12063,14784,13581,21 e5 21 e5 21 e5 21 e5 21 e5 21 e5 21 e5 21 e5,20856,ad e3 21 e3 21 e0 ad e0 ad e3 21 e3 21 e0 ad e0,113,"confined copier,non-copier",21 e3 21 e3 21 e0 ad e0 ad e3 21 e3 21 e0 ad e3 | ad e3 21 e3 21 e0 ad e0 ad e3 21 e3 21 e0 ad e0 | 8e e3 21 e3 21 e0 8e e0 8e e3 21 e3 21 e0 8e e0 | 8e e3 21 e3 21 e0 8e e0 8e e3 21 e3 21 e0 8e e0 | 8e e3 21 e3 21 e0 8e e0 8e e3 21 e3 21 e0 8e e0 | 8e e3 21 e3 21 e0 8e e0 8e e3 21 e3 21 e0 8e e0,"confined copier,non-copier,open copier",348,13571,13570,21 e5 21 e5 21 e3 21 e5 21 e5 21 e5 21 e3 21 e5,13603,00 e3 21 e3 21 e0 12 e0 12 e3 21 e3 21 e0 12 e0,0:21>00 1:e5>e3 3:e5>e3 5:e3>e0 6:21>12 7:e5>e0 8:21>12 9:e5>e3 11:e5>e3 13:e3>e0 14:21>12 15:e5>e0,13581|20856,13570|13603
31011,19038,14784,13914,21 e5 21 e5 21 e5 21 e5 21 e5 21 e5 21 e5 21 e0,20686,ad e3 21 e3 21 e0 ad e0 ad e3 21 e3 21 e0 ad e0,105,"confined copier,non-copier",21 e3 21 e3 21 e0 ad e0 ad e3 21 e3 21 e0 ad e3 | ad e3 21 e3 21 e0 ad e0 ad e3 21 e3 21 e0 ad e0 | 98 e3 21 e3 21 e0 98 e0 98 e3 21 e3 21 e0 98 e0 | 98 e3 21 e3 21 e0 98 e0 98 e3 21 e3 21 e0 98 e0 | 98 e3 21 e3 21 e0 98 e0 98 e3 21 e3 21 e0 98 e0 | 98 e3 21 e3 21 e0 98 e0 98 e3 21 e3 21 e0 98 e0,"confined copier,non-copier,open copier",335,16122,13914,21 e5 21 e5 21 e5 21 e5 21 e5 21 e5 21 e5 21 e0,14129,12 e3 21 e3 21 e0 12 e0 12 e3 21 e3 21 e0 12 e0,0:21>12 1:e5>e3 3:e5>e3 5:e5>e0 6:21>12 7:e5>e0 8:21>12 9:e5>e3 11:e5>e3 13:e5>e0 14:21>12,13914|20686,13914|14129
31011,4758,14784,13545,21 e5 21 e5 21 e5 21 e5 21 e5 21 e5 21 e5 21 e5,21038,92 e3 21 e3 21 e0 92 e0 92 e3 21 e3 21 e0 92 e0,118,"confined copier,non-copier",92 e3 9f e3 21 e0 92 e0 92 e3 21 e3 21 e0 92 e0 | 92 e3 21 e3 21 e0 92 e0 92 e3 21 e3 21 e0 92 e0 | 92 e3 21 e3 21 e0 92 e0 92 e3 21 e3 21 e0 92 e0 | 92 e3 21 e3 21 e0 92 e0 92 e3 21 e3 21 e0 92 e0 | 92 e3 21 e3 21 e0 92 e0 92 e3 21 e3 21 e0 92 e0 | 92 e3 21 e3 21 e0 92 e0 92 e3 21 e3 21 e0 92 e0,"confined copier,non-copier,open copier",323,17596,13545,21 e5 21 e5 21 e5 21 e5 21 e5 21 e5 21 e5 21 e5,13638,12 e3 21 e3 21 e0 12 e0 12 e3 21 e3 21 e0 12 e0,0:21>12 1:e5>e3 3:e5>e3 5:e5>e0 6:21>12 7:e5>e0 8:21>12 9:e5>e3 11:e5>e3 13:e5>e0 14:21>12 15:e5>e0,13545|21038,13545|13638
31011,13499,14784,13581,21 e5 21 e5 21 e5 21 e5 21 e5 21 e5 21 e5 21 e5,20485,ae e3 21 e3 21 e0 ae e0 ae e3 21 e3 21 e0 ae e0,108,"confined copier,non-copier",ae e3 31 e3 21 e0 ae e0 ae e3 21 e3 21 e0 ae e0 | ae e3 21 e3 21 e0 ae e0 ae e3 21 e3 21 e0 ae e0 | ae e3 21 e3 21 e0 ae e0 ae e3 21 e3 21 e0 ae e0 | ae e3 21 e3 21 e0 ae e0 ae e3 21 e3 21 e0 ae e0 | ae e3 21 e3 21 e0 ae e0 ae e3 21 e3 21 e0 ae e0 | ae e3 21 e3 21 e0 ae e0 ae e3 21 e3 21 e0 ae e0,"confined copier,non-copier,open copier",346,13563,13557,21 e5 21 e5 21 e5 21 e5 21 e5 21 e5 21 e5 21 e5,13603,00 e3 21 e3 21 e0 12 e0 12 e3 21 e3 21 e0 12 e0,0:21>00 1:e5>e3 3:e5>e3 5:e5>e0 6:21>12 7:e5>e0 8:21>12 9:e5>e3 11:e5>e3 13:e5>e0 14:21>12 15:e5>e0,13581|20485,13557|13603
31011,11032,14784,13563,21 e5 21 e5 21 e5 21 e5 21 e5 21 e5 21 e5 21 e5,21092,ad e3 21 e3 21 e0 ad e0 ad e3 21 e3 21 e0 ad e0,122,"confined copier,non-copier",ae e3 8d e3 21 e0 ae e0 ae e3 21 e3 21 e0 ae e0 | ae e3 21 e3 21 e0 ae e0 ae e3 21 e3 21 e0 ae e0 | ae e3 21 e3 21 e0 ae e0 ae e3 21 e3 21 e0 ae e0 | ae e3 21 e3 21 e0 ae e0 ae e3 21 e3 21 e0 ae e0 | ae e3 21 e3 21 e0 ae e0 ae e3 21 e3 21 e0 ae e0 | ae e3 21 e3 21 e0 ae e0 ae e3 21 e3 21 e0 ae e0,"confined copier,non-copier,open copier",346,14508,13563,21 e5 21 e5 21 e5 21 e5 21 e5 21 e5 21 e5 21 e5,13605,12 e3 21 e3 21 e0 12 e0 12 e3 21 e3 21 e0 12 e0,0:21>12 1:e5>e3 3:e5>e3 5:e5>e0 6:21>12 7:e5>e0 8:21>12 9:e5>e3 11:e5>e3 13:e5>e0 14:21>12 15:e5>e0,13563|21092,13563|13605
31011,670,14784,13568,21 e5 21 e5 21 e5 21 e5 21 e5 21 e5 21 e5 21 e5,21229,ad e3 21 e3 21 e0 ad e0 10 e3 21 e3 21 e0 ad e0,119,"confined copier,non-copier",ad e3 21 e3 c4 e0 ad e0 ad e3 21 e3 21 e0 ad e0 | ad e3 21 e3 21 e0 ad e0 ad e3 21 e3 21 e0 ad e0 | ad e3 21 e3 21 e0 ad e0 ad e3 21 e3 21 e0 ad e0 | ad e3 21 e3 21 e0 ad e0 ad e3 21 e3 21 e0 ad e0 | ad e3 21 e3 21 e0 ad e0 ad e3 21 78 21 e0 ad e0 | ad e3 21 e3 21 e0 ad e0 ad e3 21 e3 21 e0 ad e0,"confined copier,non-copier,open copier",341,16461,13568,21 e5 21 e5 21 e5 21 e5 21 e5 21 e5 21 e5 21 e5,13626,12 e3 21 e3 21 e0 12 e0 12 e3 21 e3 21 e0 12 e0,0:21>12 1:e5>e3 3:e5>e3 5:e5>e0 6:21>12 7:e5>e0 8:21>12 9:e5>e3 11:e5>e3 13:e5>e0 14:21>12 15:e5>e0,13568|21229,13568|13626
31011,9297,14784,13557,21 e5 21 e5 21 e5 21 e5 21 e5 21 e5 21 e5 21 e5,20970,ae e3 21 e3 21 e0 ae e0 ae e3 21 e3 21 e0 ae e0,116,"confined copier,non-copier",ae e3 b0 e3 21 e0 ae e0 ae e3 21 e3 21 e0 ae e0 | ae e3 21 e3 21 e0 ae e0 ae e3 21 e3 21 e0 ae e0 | ae e3 21 e3 21 e0 ae e0 ae e3 21 e3 21 e0 ae e0 | 21 e3 21 e3 21 e0 ae e0 ae e3 21 e3 21 e0 ae 4a | ae e3 21 3c 21 e0 ae e0 ae e3 21 e3 21 e0 ae e0 | ae e3 21 e3 21 e0 ae e0 ae e3 21 e3 21 e0 ae e0,"confined copier,non-copier,open copier",340,20571,13557,21 e5 21 e5 21 e5 21 e5 21 e5 21 e5 21 e5 21 e5,13603,00 e3 21 e3 21 e0 12 e0 12 e3 21 e3 21 e0 12 e0,0:21>00 1:e5>e3 3:e5>e3 5:e5>e0 6:21>12 7:e5>e0 8:21>12 9:e5>e3 11:e5>e3 13:e5>e0 14:21>12 15:e5>e0,13557|20970,13557|13603
31011,7093,14784,13581,21 e5 21 e5 21 e5 21 e5 21 e5 21 e5 21 e5 21 e5,21279,ad e3 21 e3 21 e0 ad e0 ad e3 21 e3 21 e0 ad e0,107,"confined copier,non-copier",ad 83 21 e3 21 e0 ad e0 ad e3 21 e3 21 e0 ad e0 | ad e3 21 e3 21 e0 ad e0 ad e3 21 e3 78 e0 ad e0 | ad e3 21 e3 21 e0 ad e0 ad e3 21 e3 21 e0 ad e0 | ad e3 21 e3 21 e0 ad e0 ad e3 21 e3 21 e0 ad e0 | ad e3 21 e3 21 e0 ad e0 ad e3 21 e3 21 e0 ad 00 | ad e3 21 e3 21 e0 ad e0 ad 72 21 e3 21 e0 ad e0,"confined copier,non-copier,open copier",336,13570,13568,21 e5 21 e5 21 e5 21 e5 21 e5 21 e5 21 e5 21 e5,13603,00 e3 21 e3 21 e0 12 e0 12 e3 21 e3 21 e0 12 e0,0:21>00 1:e5>e3 3:e5>e3 5:e5>e0 6:21>12 7:e5>e0 8:21>12 9:e5>e3 11:e5>e3 13:e5>e0 14:21>12 15:e5>e0,13581|21279,13568|13603
31011,4310,14784,13545,21 e5 21 e5 21 e5 21 e5 21 e5 21 e5 21 e5 21 e5,20189,ae e3 21 e3 21 e0 ae e0 ae e3 21 e3 21 e0 ae e0,112,"confined copier,non-copier",21 e3 21 e3 21 e0 ae e0 ae e3 21 e3 21 e0 ae e3 | ae e3 21 e3 21 e0 ae e0 ae e3 21 e3 21 e0 ae e0 | ae e3 21 e3 21 e0 ae e0 ae e3 21 e3 21 e0 ae e0 | 7c e3 21 e3 21 e0 7c e0 7c e3 21 e3 21 e0 7c 00 | 7c e3 21 e3 21 65 7c e0 7c e3 21 e3 21 e0 7c e0 | ae e3 21 e3 21 e0 ae e0 ae e3 21 e3 21 e0 ae e0,"confined copier,non-copier,open copier",324,17596,13545,21 e5 21 e5 21 e5 21 e5 21 e5 21 e5 21 e5 21 e5,13638,12 e3 21 e3 21 e0 12 e0 12 e3 21 e3 21 e0 12 e0,0:21>12 1:e5>e3 3:e5>e3 5:e5>e0 6:21>12 7:e5>e0 8:21>12 9:e5>e3 11:e5>e3 13:e5>e0 14:21>12 15:e5>e0,13545|20189,13545|13638
31011,19742,14784,13581,21 e5 21 e5 21 e5 21 e5 21 e5 21 e5 21 e5 21 e5,18231,ad e3 21 e3 21 e0 ad e0 ad e3 21 e3 21 91 ad e0,81,"confined copier,non-copier",21 e3 21 e3 21 e0 ad e0 ad e3 21 e3 21 e0 ad e3 | ad e3 2b e3 21 e0 ad e0 ad e3 21 e3 21 e0 ad e0 | 21 e3 21 1d 21 e0 ad e0 ad e3 21 e3 21 e0 ad e0 | ad e3 21 e3 21 e0 ad e0 ad e3 21 e3 21 e0 ad e0 | ad e3 dd e3 21 e0 ad e0 ad e3 21 e3 21 e0 ad e0 | ad e3 21 e3 21 e0 ad e0 ad e3 21 e3 21 e0 ad e0,"confined copier,non-copier,open copier",340,13568,13565,21 e5 21 e5 21 e5 21 e5 21 e5 1d e5 21 e5 21 e5,13603,00 e3 21 e3 21 e0 12 e0 12 e3 21 e3 21 e0 12 e0,0:21>00 1:e5>e3 3:e5>e3 5:e5>e0 6:21>12 7:e5>e0 8:21>12 9:e5>e3 10:1d>21 11:e5>e3 13:e5>e0 14:21>12 15:e5>e0,13581|18231,13565|13603
31011,11738,14784,13568,21 e5 21 e5 21 e5 21 e5 21 e5 21 e5 21 e5 21 e5,20939,ae e3 21 e3 21 e0 ae e0 ae e3 21 e3 21 e0 ae e0,119,"confined copier,non-copier",ae e3 21 e3 21 a4 f4 e0 ae e3 21 e3 21 e0 ae e3 | ae e3 21 e3 21 e0 ae e0 ae e3 21 e3 21 e0 ae e0 | ae e3 21 e3 21 e0 ae e0 ae e3 21 e3 21 e0 ae e0 | ae e3 21 e3 21 e0 ae e0 ae e3 21 e3 21 e0 ae e0 | ae e3 21 e3 21 e0 ae e0 ae e3 21 e3 21 e0 ae e0 | ae e3 21 e3 21 e0 ae e0 ae e3 21 e3 21 e0 ae e0,"confined copier,non-copier,open copier",347,13277,13241,21 e5 21 e5 21 e5 21 e5 21 e5 21 e5 21 e5 21 e5,13626,12 e3 21 e3 21 e0 12 e0 12 e3 21 e3 21 e0 12 e0,0:21>12 1:e5>e3 3:e5>e3 5:e5>e0 6:21>12 7:e5>e0 8:21>12 9:e5>e3 11:e5>e3 13:e5>e0 14:21>12 15:e5>e0,13568|20939,13241|13626
31011,3192,14784,13972,21 e5 21 e5 21 e5 21 e5 21 e5 21 e5 21 e5 21 e5,21561,ad e3 21 e3 21 e0 ad e0 ad e3 21 e3 21 e0 ad e0,120,"confined copier,non-copier",ad e3 21 e3 21 e0 ad a5 ad e3 21 e3 21 e0 ad e0 | ad e3 21 e3 21 e0 ad e0 ad e3 21 e3 21 e0 ad e0 | ad e3 21 e3 21 e0 ad e0 ad e3 21 e3 21 e0 ad e0 | ad e3 f2 e3 21 e0 ad e0 ad e3 21 e3 21 e0 ad e0 | ad e3 21 e3 21 e0 ad e0 ad e3 21 e3 21 e0 ad 00 | ad e3 21 e3 21 e0 ad e0 ad e3 21 e3 21 e0 ad e0,"confined copier,non-copier,open copier",333,18276,13972,21 e5 21 e5 21 e5 21 e5 21 e5 21 e5 21 e5 21 e5,14133,12 e3 21 e3 21 e0 12 e0 12 e3 21 e3 21 e0 12 e0,0:21>12 1:e5>e3 3:e5>e3 5:e5>e0 6:21>12 7:e5>e0 8:21>12 9:e5>e3 11:e5>e3 13:e5>e0 14:21>12 15:e5>e0,13972|21561,13972|14133
31011,18714,14784,13924,21 e5 21 e5 21 e5 21 e5 21 e5 21 e5 21 e5 21 e5,19904,98 e3 21 e3 21 e0 98 e0 98 e3 21 e3 21 e0 98 e0,96,"confined copier,non-copier",98 e3 21 e3 21 b1 98 e0 98 e3 21 e3 21 e0 98 e0 | 98 e3 21 e3 21 e0 98 e0 98 e3 21 e3 21 e0 98 e0 | ad e3 21 e3 21 e0 ad e0 ad e3 21 e3 21 e0 ad e0 | 21 e3 21 e3 21 e0 ad e0 ad e3 21 e3 21 e0 ad e3 | ad e3 21 e3 21 6e ad e0 ad e3 21 e3 21 e0 ad e0 | ad e3 21 e3 21 e0 ad e0 ad e3 21 e3 21 e0 ad e0,"confined copier,non-copier,open copier",334,16127,13924,21 e5 21 e5 21 e5 21 e5 21 e5 21 e5 21 e5 21 e5,14103,12 e3 21 e3 21 e0 12 e0 12 e3 21 e3 21 e0 12 e0,0:21>12 1:e5>e3 3:e5>e3 5:e5>e0 6:21>12 7:e5>e0 8:21>12 9:e5>e3 11:e5>e3 13:e5>e0 14:21>12 15:e5>e0,13924|19904,13924|14103
31011,1536,14784,13545,21 e5 21 e5 21 e5 21 e5 21 e5 21 e5 21 e5 21 e5,18783,ad e3 21 e3 21 e0 ad e0 bf e3 21 e3 21 e0 ad e0,101,"confined copier,non-copier",ad e3 21 e3 fd e0 ad e0 ad e3 21 e3 21 e0 ad e0 | ad e3 21 e3 21 e0 ad e0 ad e3 21 e3 21 69 ad e0 | ad e3 21 e3 21 e0 ad e0 ad e3 21 e3 21 e3 21 e3 | ad e3 21 e3 21 e0 ad e0 ad e3 21 e3 21 e0 ad e0 | ad e3 21 e3 21 e0 ad e0 ad e3 21 e3 21 e0 ad e0 | 21 e3 21 e3 21 e0 ad e0 ad e3 21 e3 21 e0 ad e3,"confined copier,non-copier,open copier",323,13311,13240,21 e5 21 e5 21 e5 42 e5 21 e5 21 e5 21 e5 21 e5,13634,00 e3 21 e3 21 e0 12 e0 12 e3 21 e3 21 e0 12 e0,0:21>00 1:e5>e3 3:e5>e3 5:e5>e0 6:42>12 7:e5>e0 8:21>12 9:e5>e3 11:e5>e3 13:e5>e0 14:21>12 15:e5>e0,13545|18783,13240|13634
31011,11340,14784,13580,21 e5 21 e5 21 e5 21 e5 21 e5 21 e5 21 e5 21 e5,21070,ae e3 21 e3 21 e0 ae e0 c8 e3 21 e3 21 e0 ae e0,123,"confined copier,non-copier",21 e3 21 e3 21 e0 ae e0 ae e3 21 e3 21 e0 ae e3 | ae e3 21 e3 21 e0 ae e0 ae e3 21 e3 21 e0 ae e0 | ae e3 21 e3 21 e0 ae e0 ae e3 21 e3 21 e0 ae e0 | ae e3 21 e3 21 e0 ae e0 ae e3 21 e3 21 e0 ae e0 | ae e3 21 48 21 e0 ae e0 ae e3 21 e3 21 e0 ae e0 | ae e3 21 e3 21 e0 ae e0 ae e3 21 e3 21 e0 ae e0,"confined copier,non-copier,open copier",346,14491,13580,21 e5 21 e5 21 e5 21 e5 21 e5 21 e5 21 e5 21 e5,13628,12 e3 21 e3 21 e0 12 e0 12 e3 21 e3 21 e0 12 e0,0:21>12 1:e5>e3 3:e5>e3 5:e5>e0 6:21>12 7:e5>e0 8:21>12 9:e5>e3 11:e5>e3 13:e5>e0 14:21>12 15:e5>e0,13580|21070,13580|13628
31011,13604,14784,13581,21 e5 21 e5 21 e5 21 e5 21 e5 21 e5 21 e5 21 e5,21779,7a e3 21 e3 21 e0 7a e0 7a e3 21 e3 21 e0 7a e0,117,"confined copier,non-copier",55 e3 21 d7 21 e0 55 e0 55 e3 21 e3 21 e0 55 e0 | 55 e3 21 e3 21 e0 55 e0 55 e3 21 e3 21 e0 55 e0 | 55 e3 21 e3 21 e0 55 e0 55 e3 21 e3 21 e0 55 e0 | 55 e3 21 e3 21 e0 55 e0 55 e3 21 e3 21 e0 55 e0 | 55 e3 21 e3 21 e0 55 e0 55 e3 21 e3 21 e0 55 e0 | 55 e3 21 e3 21 e0 55 e0 55 e3 21 e3 21 e0 55 e0,"confined copier,non-copier,open copier",341,13565,13563,21 e5 21 e5 21 e5 21 e5 21 e5 21 e5 21 e5 21 e5,13603,00 e3 21 e3 21 e0 12 e0 12 e3 21 e3 21 e0 12 e0,0:21>00 1:e5>e3 3:e5>e3 5:e5>e0 6:21>12 7:e5>e0 8:21>12 9:e5>e3 11:e5>e3 13:e5>e0 14:21>12 15:e5>e0,13581|21779,13563|13603
31011,14575,14784,13581,21 e5 21 e5 21 e5 21 e5 21 e5 21 e5 21 e5 21 e5,21690,ae e3 21 e3 21 e0 ae e0 ae e3 21 e3 21 e0 ae e0,117,"confined copier,non-copier",21 e3 21 e3 21 8e ae e0 ae e3 21 e3 21 e0 ae e3 | 21 e3 21 e3 21 e0 ae e0 ae e3 21 e3 21 e0 ae e3 | ae e3 21 e3 21 e0 ae e0 ae e3 21 e3 21 e0 ae 00 | ae e3 35 e3 21 e0 ae e0 ae e3 21 e3 21 e0 ae e0 | ae e3 21 e3 21 e0 ae e0 ae e3 21 e3 21 e0 ae e0 | ae e3 21 70 21 e0 ae e0 ae e3 21 e3 21 e0 ae e0,"confined copier,non-copier,open copier",342,13580,13571,21 e5 21 e5 21 e5 21 e5 21 e5 21 e5 21 e5 21 e5,13603,00 e3 21 e3 21 e0 12 e0 12 e3 21 e3 21 e0 12 e0,0:21>00 1:e5>e3 3:e5>e3 5:e5>e0 6:21>12 7:e5>e0 8:21>12 9:e5>e3 11:e5>e3 13:e5>e0 14:21>12 15:e5>e0,13581|21690,13571|13603
31011,13282,14784,13581,21 e5 21 e5 21 e5 21 e5 21 e5 21 e5 21 e5 21 e5,20375,ae e3 21 e3 21 e0 ae e0 ae e3 21 e3 21 e0 ae e0,101,"confined copier,non-copier",ae e3 21 e3 0c e0 ae e0 ae e3 21 e3 21 e0 ae e0 | ae e3 21 e3 21 e0 ae e0 ae e3 21 e3 21 e0 ae e0 | ae e3 21 e3 21 e0 ae e0 ae e3 21 e3 21 e0 ae e0 | ae e3 21 e3 21 e0 ae 31 ae e3 21 e3 21 e0 ae e0 | ae e3 21 e3 21 e0 ae e0 ae e3 21 e3 21 e0 ae e0 | ae e3 21 e3 21 e0 ae e0 ae e3 21 e3 21 e0 ae e0,"confined copier,non-copier,open copier",342,13563,13557,21 e5 21 e5 21 e5 21 e5 21 e5 21 e5 21 e5 21 e5,13603,00 e3 21 e3 21 e0 12 e0 12 e3 21 e3 21 e0 12 e0,0:21>00 1:e5>e3 3:e5>e3 5:e5>e0 6:21>12 7:e5>e0 8:21>12 9:e5>e3 11:e5>e3 13:e5>e0 14:21>12 15:e5>e0,13581|20375,13557|13603
31011,8937,14784,13581,21 e5 21 e5 21 e5 21 e5 21 e5 21 e5 21 e5 21 e5,21538,ae e3 21 e3 21 e0 ae e0 ae e3 21 e3 21 e0 ae e0,118,"confined copier,non-copier",5c e3 21 e3 21 e0 29 e0 5c e3 21 e3 21 e0 5c e0 | 5c e3 21 e3 21 e0 5c e0 5c e3 21 e3 21 e0 5c e0 | 5c e3 21 e3 21 e0 5c e0 5c e3 21 e3 21 e0 5c 00 | 79 e3 21 e3 21 e0 79 e0 79 e3 21 e3 21 e0 79 e0 | 79 e3 21 e3 21 e0 79 e0 79 e3 21 e3 21 e0 79 e0 | 79 e3 21 e3 21 e0 79 e0 79 e3 21 e3 21 e0 79 e0,"confined copier,non-copier,open copier",325,13563,13557,21 e5 21 e5 21 e5 21 e5 21 e5 21 e5 21 e5 21 e5,13603,00 e3 21 e3 21 e0 12 e0 12 e3 21 e3 21 e0 12 e0,0:21>00 1:e5>e3 3:e5>e3 5:e5>e0 6:21>12 7:e5>e0 8:21>12 9:e5>e3 11:e5>e3 13:e5>e0 14:21>12 15:e5>e0,13581|21538,13557|13603
31011,14046,14784,13983,21 e5 21 e5 21 e5 21 e5 21 e5 21 e5 21 e0 21 e3,21322,ad e3 21 e3 21 e0 ad e0 ad e3 21 e3 21 e0 ad e0,114,"confined copier,non-copier",c5 00 00 e3 21 e0 ad e0 ad e3 21 e3 21 e0 ad e0 | ad e3 21 e3 21 e0 ad e0 ad e3 21 e3 21 e0 ad e0 | ad e3 21 e3 21 e0 ad e0 ad e3 21 e3 21 e0 ad 00 | ad e3 21 e3 21 e0 ad e0 ad e3 21 e3 21 e0 ad e0 | ad e3 21 e3 21 e0 ad e0 ad e3 21 e3 21 e0 ad e0 | ad e3 21 e3 21 e0 ad e0 ad e3 21 e3 21 e0 ad e0,"confined copier,non-copier,open copier",340,16127,13983,21 e5 21 e5 21 e5 21 e5 21 e5 21 e5 21 e0 21 e3,14123,00 e3 21 e3 21 e0 12 e0 12 e3 21 e3 21 e0 12 e0,0:21>00 1:e5>e3 3:e5>e3 5:e5>e0 6:21>12 7:e5>e0 8:21>12 9:e5>e3 11:e5>e3 14:21>12 15:e3>e0,13983|21322,13983|14123
31011,19117,14784,13581,21 e5 21 e5 21 e5 21 e5 21 e5 21 e5 21 e5 21 e5,20737,ae e3 21 e3 21 e0 ae e0 ae e3 21 e3 21 e0 ae e0,107,"confined copier,non-copier",ae e3 21 e3 21 d0 ae d0 ae e3 c2 e3 21 d0 ae d0 | ae e3 21 e3 21 e0 ae e0 ae 15 21 e3 21 e0 ae e0 | ae e3 21 e3 21 e0 ae e0 ae e3 21 e3 21 e0 ae e0 | ae e3 21 e3 21 e0 ae e0 ae e3 21 e3 21 e0 ae e0 | ad e3 21 e3 21 e0 ad e0 ad e3 21 e3 21 e0 ad e0 | ad e3 21 e3 21 e0 ad e0 ad e3 21 e3 21 e0 ad e0,"confined copier,non-copier,open copier",341,13556,13476,21 e5 21 00 00 e5 21 e5 21 e5 21 e5 21 e5 21 e5,13603,00 e3 21 e3 21 e0 12 e0 12 e3 21 e3 21 e0 12 e0,0:21>00 1:e5>e3 3:00>e3 4:00>21 5:e5>e0 6:21>12 7:e5>e0 8:21>12 9:e5>e3 11:e5>e3 13:e5>e0 14:21>12 15:e5>e0,13581|20737,13476|13603
31011,3041,14784,13581,21 e5 21 e5 21 e5 21 e5 21 e5 21 e5 21 e5 21 e5,20820,4c e3 21 e3 21 e0 4c e0 4c e3 21 e3 21 e0 4c e0,111,"confined copier,non-copier",4c e3 21 e3 5b e0 4c e0 4c e3 21 e3 21 e0 4c e0 | 4c e3 21 e3 21 e0 4c e0 4c e3 21 e3 21 e0 4c e3 | 4c e3 21 e3 21 e0 4c e0 4c e3 4d e3 21 e0 4c e0 | 4c e3 21 e3 21 e0 4c e0 4c e3 21 e3 21 e0 4c e3 | 05 e3 21 e3 21 e0 05 e0 05 30 21 e3 21 e0 05 e0 | 05 e3 21 e3 21 e0 05 e0 05 e3 21 e3 21 e0 05 e0,"confined copier,non-copier,open copier",325,13570,13568,21 e5 21 e5 21 e5 21 e5 21 e5 21 e5 21 e5 21 e5,13603,00 e3 21 e3 21 e0 12 e0 12 e3 21 e3 21 e0 12 e0,0:21>00 1:e5>e3 3:e5>e3 5:e5>e0 6:21>12 7:e5>e0 8:21>12 9:e5>e3 11:e5>e3 13:e5>e0 14:21>12 15:e5>e0,13581|20820,13568|13603
31011,6801,14784,13581,21 e5 21 e5 21 e5 21 e5 21 e5 21 e5 21 e5 21 e5,21356,ad e3 21 e3 21 e0 ad e0 ad e3 21 e3 32 e0 ad e0,113,"confined copier,non-copier",ad d2 21 e3 21 e0 ad e0 ad e3 21 e3 21 e0 ad e0 | ad e3 21 e3 21 e0 ad e0 ad e3 21 e3 21 e0 ad e0 | ad e3 21 e3 21 e0 ad e0 ad e3 21 e3 21 e0 ad e0 | ad e3 21 e3 21 e0 ad e0 ad e3 21 e3 21 e0 ad e0 | ad e3 21 e3 21 e0 ad e0 ad e3 21 e3 21 e0 ad e0 | 5e e3 21 e3 21 e0 ad e0 ad e3 21 e3 21 e0 ad e0,"confined copier,non-copier,open copier",341,13601,13581,21 e5 21 e5 21 e5 21 e5 21 e5 21 e5 21 e5 21 e5,13603,00 e3 21 e3 21 e0 12 e0 12 e3 21 e3 21 e0 12 e0,0:21>00 1:e5>e3 3:e5>e3 5:e5>e0 6:21>12 7:e5>e0 8:21>12 9:e5>e3 11:e5>e3 13:e5>e0 14:21>12 15:e5>e0,13581|21356,13581|13603
31011,9954,14784,16540,ae e3 21 e3 21 e0 a1 e0 ae e3 21 e3 21 e0 ae e0,21510,5a e3 21 e3 21 e0 5a e0 5a e3 21 e3 21 e0 5a e0,65,"confined copier,non-copier",5a e3 2d e3 21 e0 5a e0 5a e3 21 e3 21 e0 5a e0 | ae e3 21 e3 21 e0 ae e0 ae e3 21 e3 21 e0 ae e0 | ae e3 32 e3 21 e0 ae e0 ae e3 21 e3 21 e0 ae e0 | ae e3 21 e3 21 e0 ae e0 ae e3 21 e3 21 e0 ae e0 | ae e3 21 e3 21 e0 ae e0 ae e3 21 e3 21 e0 ae e0 | ae e3 21 e3 21 e0 ae e0 ae e3 21 e3 21 e0 ae e0,"confined copier,non-copier,open copier",343,13395,13283,21 e5 21 e5 21 e5 21 e5 21 e5 21 e5 21 e5 21 e5,13628,00 e3 21 e3 21 e0 12 e0 12 e3 21 e3 21 e0 c4 e0,0:21>00 1:e5>e3 3:e5>e3 5:e5>e0 6:21>12 7:e5>e0 8:21>12 9:e5>e3 11:e5>e3 13:e5>e0 14:21>c4 15:e5>e0,16540|21510,13283|13628
31011,17174,14784,13468,21 e5 21 e5 21 e5 21 e5 21 e5 21 e5 21 e5 21 e5,21758,4b e3 21 e3 21 e0 4b e0 4b e3 21 e3 21 e0 4b e0,133,"confined copier,non-copier",21 e3 21 37 ae 37 ae e0 ae e3 21 e3 21 e0 ae e0 | ae e3 21 e3 21 e0 ae e0 ae e3 21 e3 16 e0 ae e0 | ae e3 21 e3 21 e0 ae e0 ae e3 21 e3 21 e0 ae e0 | ae e3 21 e3 21 e0 ae e0 ae e3 21 e3 21 e0 ae e0 | ae e3 21 e3 21 e0 ae e0 ae e3 21 e3 21 e0 ae e0 | ae e3 21 e3 21 e0 ae e0 ae e3 01 e3 21 e0 ae e0,"confined copier,non-copier,open copier",348,13221,12805,21 e5 21 e5 21 e5 21 e5 21 e5 21 e5 21 e5 21 e5,13632,12 e3 21 e3 21 e0 12 e0 12 e3 21 e3 21 e0 12 e0,0:21>12 1:e5>e3 3:e5>e3 5:e5>e0 6:21>12 7:e5>e0 8:21>12 9:e5>e3 11:e5>e3 13:e5>e0 14:21>12 15:e5>e0,13468|21758,12805|13632
31011,11644,14784,13468,21 e5 21 e5 21 e5 21 e5 21 e5 21 e5 21 e5 21 e5,21032,ad e3 21 e3 21 e0 ad e0 ad e3 21 e3 21 e0 ad e0,114,"confined copier,non-copier",ad e3 21 e3 21 e0 eb e0 ad e3 21 e3 21 e0 ad e0 | 21 e3 21 e3 21 e0 ad e0 ad e3 21 e3 21 e0 ad e3 | ad e3 21 e3 21 e0 ad e0 ad e3 21 e3 21 e0 ad e0 | ad e3 21 e3 21 e0 ad e0 ad e3 21 e3 21 e0 ad e0 | ad e3 21 e3 21 e0 0e e0 ad e3 21 e3 21 e0 ad e0 | ad e3 21 e3 21 e0 ad e0 ad e3 21 e3 21 e0 ad e0,"confined copier,non-copier,open copier",337,14437,13468,21 e5 21 e5 21 e5 21 e5 21 e5 21 e5 21 e5 21 e5,13632,12 e3 21 e3 21 e0 12 e0 12 e3 21 e3 21 e0 12 e0,0:21>12 1:e5>e3 3:e5>e3 5:e5>e0 6:21>12 7:e5>e0 8:21>12 9:e5>e3 11:e5>e3 13:e5>e0 14:21>12 15:e5>e0,13468|21032,13468|13632
31011,10430,14784,13581,21 e5 21 e5 21 e5 21 e5 21 e5 21 e5 21 e5 21 e5,20764,ae e3 21 e3 21 e0 ae e0 ae e3 21 e3 21 e0 ae e0,106,"confined copier,non-copier",ae e3 21 e3 21 e0 ae e3 21 e3 21 e3 21 e0 ae e0 | ae e3 21 e3 21 e0 ae e0 ae e3 21 e3 21 e0 ae e0 | ae e3 21 e3 21 e0 ae e0 ae e3 21 e3 21 e0 ae e0 | ae e3 21 e3 21 e0 ae e0 ae e3 21 e3 57 e0 ae e0 | ae e3 21 e3 21 e0 ae e0 ae e3 21 e3 21 e0 ae e0 | ae e3 21 e3 21 e0 85 e0 ae e3 21 e3 21 e0 ae e0,"confined copier,non-copier,open copier",341,13557,13556,21 e5 21 e5 21 e5 21 e5 21 e5 21 e5 21 e5 21 e5,13603,00 e3 21 e3 21 e0 12 e0 12 e3 21 e3 21 e0 12 e0,0:21>00 1:e5>e3 3:e5>e3 5:e5>e0 6:21>12 7:e5>e0 8:21>12 9:e5>e3 11:e5>e3 13:e5>e0 14:21>12 15:e5>e0,13581|20764,13556|13603
31011,15141,14784,20581,ae e3 21 e3 21 e0 c1 e0 ae e3 21 e3 21 e0 ae e0,20671,ae e3 21 e3 21 e0 ae e0 ae de 21 e3 21 e0 ae e0,0,,,"confined copier,non-copier,open copier",343,15268,13468,21 e5 21 e5 21 e5 21 e5 21 e5 21 e5 21 e5 21 e5,13632,12 e3 21 e3 21 e0 12 e0 12 e3 21 e3 21 e0 12 e0,0:21>12 1:e5>e3 3:e5>e3 5:e5>e0 6:21>12 7:e5>e0 8:21>12 9:e5>e3 11:e5>e3 13:e5>e0 14:21>12 15:e5>e0,20581|20671,13468|13632
31011,6502,14784,13752,01 c5 01 c5 01 21 01 c5 01 c5 01 c5 01 c5 01 c5,20283,ad e3 21 e3 21 e0 ad e0 ad e3 90 e3 21 e0 ad e0,108,"confined copier,non-copier",ad e3 21 e3 21 f2 ad e0 ad e3 21 e3 21 e0 ad e0 | 21 e3 21 e3 21 e0 ad e0 ad e3 21 e3 21 e0 ad e3 | a4 e3 21 e3 21 e0 ad e0 ad e3 21 e3 21 e0 ad e0 | ad e3 21 e3 21 e0 ad e0 ad e3 21 e3 21 e0 ad e0 | ad e3 21 e3 21 e0 ad e0 ad e3 21 e3 21 e0 ad e0 | ad e3 21 e3 21 e0 ad e0 ad e3 21 e3 21 e0 ad e0,"confined copier,non-copier,open copier",325,13920,13752,01 c5 01 c5 01 21 01 c5 01 c5 01 c5 01 c5 01 c5,13951,12 e3 21 e3 21 e0 12 e0 12 e3 21 e3 21 e0 12 e0,0:01>12 1:c5>e3 2:01>21 3:c5>e3 4:01>21 5:21>e0 6:01>12 7:c5>e0 8:01>12 9:c5>e3 10:01>21 11:c5>e3 12:01>21 13:c5>e0 14:01>12 15:c5>e0,13752|20283,13752|13951
31011,15666,14784,13962,21 e5 21 e5 21 e5 21 e5 21 e5 21 e5 21 e5 21 e5,21554,ad e3 21 e3 21 e0 ad e0 ad e3 21 e3 21 e0 ad e0,114,"confined copier,non-copier",ad e3 21 e3 21 e0 ad ea 4f e3 21 e3 21 e0 ad e0 | ad e3 21 e3 21 e0 ad e0 ad e3 21 e3 21 e0 ad e0 | ad e3 21 e3 21 e0 ad e0 ad e3 21 e3 21 e0 ad e0 | ad e3 21 e3 21 e0 ad e0 ac e3 21 e3 21 e0 ad e0 | ad e3 21 e3 21 e0 ad e0 ad e3 21 e3 21 f1 ad e0 | ad e3 21 e3 21 e0 ad e0 ad e3 21 e3 21 e0 ad e0,"confined copier,non-copier,open copier",339,16124,13962,21 e5 21 e5 21 e5 21 e5 21 e5 21 e5 21 e5 21 e5,14113,00 e3 21 e3 21 e0 12 e0 12 e3 21 e3 21 e0 12 e0,0:21>00 1:e5>e3 3:e5>e3 5:e5>e0 6:21>12 7:e5>e0 8:21>12 9:e5>e3 11:e5>e3 13:e5>e0 14:21>12 15:e5>e0,13962|21554,13962|14113
31011,17518,14784,13580,21 e5 21 e5 21 e5 21 e5 21 e5 21 e5 21 e5 21 e5,20969,ae e3 21 e3 21 e0 ae e0 ae e3 21 e3 21 e0 ae e0,119,"confined copier,non-copier",21 e3 21 e3 21 e0 ae e0 ae e3 21 e3 21 e0 ae e3 | ae e3 21 e3 21 e0 ae e0 ae e3 21 e3 21 ac ae 00 | ae e3 21 e3 21 e0 ae e0 ae e3 21 e3 21 e0 ae e0 | ae e3 21 e3 21 e0 ae e0 ae e3 21 e3 21 e0 ae e0 | ae e3 21 e3 21 e0 ae e0 ae e3 21 e3 21 e0 ae e0 | ae e3 21 e3 21 e0 ae e0 ae e3 21 e3 21 e0 ae e0,"confined copier,non-copier,open copier",345,15276,13580,21 e5 21 e5 21 e5 21 e5 21 e5 21 e5 21 e5 21 e5,13629,12 e3 21 e3 21 e0 12 e0 12 e3 21 e3 21 e0 12 e0,0:21>12 1:e5>e3 3:e5>e3 5:e5>e0 6:21>12 7:e5>e0 8:21>12 9:e5>e3 11:e5>e3 13:e5>e0 14:21>12 15:e5>e0,13580|20969,13580|13629
31011,765,14784,13581,21 e5 21 e5 21 e5 21 e5 21 e5 21 e5 21 e5 21 e5,20852,ad e3 21 e3 21 e0 ad e0 ad e3 21 e3 21 e0 ad e0,121,"confined copier,non-copier",21 e3 21 e3 21 e0 41 e0 ad e3 21 e3 21 e0 41 e0 | ad e3 21 e3 21 e0 ad e0 ad e3 21 e3 21 e0 ad e3 | ad e3 21 e3 21 e0 ad e0 ad e3 21 e3 21 e0 ad e0 | ad e3 21 e3 21 e0 ad e0 ad e3 21 e3 21 e0 ad e3 | ad e3 21 e3 21 e0 ad e0 ad e3 21 e3 21 e0 ad e0 | 09 e3 21 e3 21 e0 ad e0 ad e3 21 e3 21 e0 ad e0,"confined copier,non-copier,open copier",329,13632,13581,21 e5 21 e5 21 e5 21 e5 21 e5 21 e5 21 e5 21 e5,13632,12 e3 21 e3 21 e0 12 e0 12 e3 21 e3 21 e0 12 e0,0:21>12 1:e5>e3 3:e5>e3 5:e5>e0 6:21>12 7:e5>e0 8:21>12 9:e5>e3 11:e5>e3 13:e5>e0 14:21>12 15:e5>e0,13581|20852,13581|13632
31011,3607,14784,13828,01 c5 01 c5 01 c5 01 c5 01 c5 01 c5 01 c5 01 c5,21624,ae e3 21 e3 21 e0 ae e0 ae e3 21 e3 21 e0 ae e0,122,"confined copier,non-copier",21 e3 21 e3 21 e0 ae e0 ae e3 21 e3 21 e0 ae e3 | ae e3 21 e3 21 e0 ae e0 ae e3 21 e3 21 e0 ae e0 | ae e3 21 e3 21 e0 ae e0 ae e3 21 e3 21 e0 ae e0 | ae e3 21 e3 21 e0 ae e0 ae e3 21 e3 21 e0 ae e0 | ad e3 21 e3 21 e0 ad e0 ad e3 21 e3 21 e0 ad e0 | ad e3 21 e3 21 e0 ad e0 ad e3 21 e3 21 e0 ad e3,"confined copier,non-copier,open copier",329,13910,13828,01 c5 01 c5 01 c5 01 c5 01 c5 01 c5 01 c5 01 c5,13951,12 e3 21 e3 21 e0 12 e0 12 e3 21 e3 21 e0 12 e0,0:01>12 1:c5>e3 2:01>21 3:c5>e3 4:01>21 5:c5>e0 6:01>12 7:c5>e0 8:01>12 9:c5>e3 10:01>21 11:c5>e3 12:01>21 13:c5>e0 14:01>12 15:c5>e0,13828|21624,13828|13951
31011,11696,14784,13581,21 e5 21 e5 21 e5 21 e5 21 e5 21 e5 21 e5 21 e5,21124,ad e3 21 e3 21 e0 ad e0 ad e3 21 e3 21 0e ad e0,103,"confined copier,non-copier",ad e3 21 e3 21 36 ad e0 ad e3 21 e3 21 e0 ad e0 | ad e3 21 e3 21 e0 ad e0 ad e3 21 e3 21 e0 ad e0 | ad e3 21 e3 21 e0 ad e0 ad e3 21 e3 21 e0 ad 5a | ad e3 21 e3 21 e0 ad e0 ad e3 aa e3 21 e0 ad e0 | ad e3 21 e3 21 e0 ad e0 ad e3 21 e3 21 e0 ad e0 | ad e3 21 e3 21 e0 ad e0 ad e3 21 e3 21 e0 ad e0,"confined copier,non-copier,open copier",336,13591,13581,21 e5 21 e5 21 e5 21 e5 21 e5 21 e5 21 e5 21 e5,13603,00 e3 21 e3 21 e0 12 e0 12 e3 21 e3 21 e0 12 e0,0:21>00 1:e5>e3 3:e5>e3 5:e5>e0 6:21>12 7:e5>e0 8:21>12 9:e5>e3 11:e5>e3 13:e5>e0 14:21>12 15:e5>e0,13581|21124,13581|13603
31011,7310,14784,13581,21 e5 21 e5 21 e5 21 e5 21 e5 21 e5 21 e5 21 e5,18194,bd e3 21 e3 21 e0 bd e0 bd e3 21 f0 21 e0 bd e0,84,"confined copier,non-copier",bd e3 21 e3 ea e0 bd e0 bd e3 21 e3 21 e0 bd e0 | 90 e3 21 e3 21 e0 90 e0 90 e3 21 e3 21 e0 90 e0 | b6 e3 21 e3 21 e0 b6 e0 b6 e3 21 e3 21 e0 b6 e0 | b6 e3 21 e3 21 e0 b6 e0 b6 e3 21 e3 21 e0 b6 e0 | b6 e3 21 e3 21 e0 b6 e0 b6 e3 21 e3 21 e0 b6 e0 | b6 e3 21 e3 21 e0 b6 e0 b6 e3 21 e3 21 e0 b6 e0,"confined copier,non-copier,open copier",345,13556,13473,21 e5 21 e5 21 e5 21 e5 21 e5 21 e5 21 e5 21 e5,13603,00 e3 21 e3 21 e0 12 e0 12 e3 21 e3 21 e0 12 e0,0:21>00 1:e5>e3 3:e5>e3 5:e5>e0 6:21>12 7:e5>e0 8:21>12 9:e5>e3 11:e5>e3 13:e5>e0 14:21>12 15:e5>e0,13581|18194,13473|13603
31011,12429,14784,13556,21 e5 21 e5 21 e5 21 e5 21 e5 21 e5 21 e5 21 e5,20568,ae e3 21 e3 21 e0 ae e0 ae e3 21 e3 21 e0 ae e0,110,"confined copier,non-copier",21 e3 21 e3 21 e0 ae e0 ae e3 21 e3 21 e0 ae e3 | ae e3 21 e3 21 e0 ae e0 ae e3 21 e3 21 e0 ae e0 | ae e3 21 e3 21 e0 ae e0 ae e3 21 e3 21 e0 ae e0 | ae e3 21 e3 21 e0 ae e0 29 e3 21 e3 21 e0 ae e0 | ae e3 21 e3 21 e0 ae e0 3a e3 21 e3 21 e0 ae e0 | ae e3 21 e3 21 e0 ae e0 ae e3 21 32 21 e0 ae e0,"confined copier,non-copier,open copier",341,13259,13235,21 e5 21 e5 21 e5 21 e5 21 e5 21 e5 21 e5 21 e5,13634,00 e3 21 e3 21 e0 12 e0 12 e3 21 e3 21 e0 12 e0,0:21>00 1:e5>e3 3:e5>e3 5:e5>e0 6:21>12 7:e5>e0 8:21>12 9:e5>e3 11:e5>e3 13:e5>e0 14:21>12 15:e5>e0,13556|20568,13235|13634
31011,18440,14784,13581,21 e5 21 e5 21 e5 21 e5 21 e5 21 e5 21 e5 21 e5,21761,ae e3 21 e3 21 e0 ae e0 ae e3 21 e3 21 e0 ae e0,114,"confined copier,non-copier",ae e3 21 34 21 e0 ae e0 ae e3 21 e3 21 e0 ae e0 | ae e3 21 e3 21 e0 ae e0 ae e3 21 e3 21 e0 ae e0 | d9 e3 21 e3 21 e0 ae e0 ae e3 21 e3 21 e0 ae e0 | ae e3 21 e3 21 e0 ae e0 ae e3 21 e3 21 e0 ae 00 | ae e3 21 e3 21 e0 ae e0 ae e3 21 e3 21 e0 ae e0 | ae e3 21 e3 21 e0 ae e0 ae e3 21 e3 21 e0 ae e0,"confined copier,non-copier,open copier",319,13580,13571,21 e5 21 e5 21 e5 21 e5 21 e5 21 e5 21 e5 21 e5,13603,00 e3 21 e3 21 e0 12 e0 12 e3 21 e3 21 e0 12 e0,0:21>00 1:e5>e3 3:e5>e3 5:e5>e0 6:21>12 7:e5>e0 8:21>12 9:e5>e3 11:e5>e3 13:e5>e0 14:21>12 15:e5>e0,13581|21761,13571|13603
31011,11785,14784,13581,21 e5 21 e5 21 e5 21 e5 21 e5 21 e5 21 e5 21 e5,20695,ad e3 21 e3 21 e0 ad e0 ad e3 21 e3 21 e0 ad e0,102,"confined copier,non-copier",ad e3 21 e3 6c e0 ad e0 ad e3 21 e3 21 e0 ad e0 | ad e3 21 e3 21 e0 ad e0 ad e3 21 e3 21 46 ad e0 | ad e3 21 e3 21 e0 ad e0 ad e3 21 e3 21 e0 ad e0 | ad e3 21 e3 21 e0 ad e0 ad e3 21 e3 21 e0 ad e0 | ad e3 21 e3 21 e0 ad e0 ad e3 21 e3 21 e0 ad e0 | ad e3 21 e3 21 e0 ad e0 ad e3 21 e3 21 e0 ad e0,"confined copier,non-copier,open copier",337,13557,13556,21 e5 21 e5 21 e5 21 e5 21 e5 21 e5 21 e5 21 e5,13603,00 e3 21 e3 21 e0 12 e0 12 e3 21 e3 21 e0 12 e0,0:21>00 1:e5>e3 3:e5>e3 5:e5>e0 6:21>12 7:e5>e0 8:21>12 9:e5>e3 11:e5>e3 13:e5>e0 14:21>12 15:e5>e0,13581|20695,13556|13603
31011,9169,14784,13571,21 e5 21 e5 21 e5 21 e5 21 e5 21 e5 21 e5 21 e5,21404,ad e3 21 e3 21 e0 ad e0 ad e3 21 e3 f9 e0 ad e0,112,"confined copier,non-copier",e3 e3 21 e3 21 e0 2a e0 ad e3 21 e3 21 e0 2a e0 | 21 e3 21 e3 21 e3 21 e0 ad e3 21 e3 21 e0 ad e0 | ad e3 21 e3 21 e0 ad e0 ad e3 21 e3 21 e0 ad e0 | bd e3 21 e3 21 e0 bd e0 bd e3 21 e3 21 e0 bd e0 | 21 e3 21 aa 21 e0 ad e0 ad e3 21 e3 21 e0 ad e0 | ad e3 21 e3 21 e0 ad e0 ad e3 21 e3 21 e0 ad e0,"confined copier,non-copier,open copier",335,13532,13451,21 e5 21 e5 21 e5 21 e5 21 e5 21 e5 21 e5 21 e5,13628,00 e3 21 e3 21 e0 12 e0 12 e3 21 e3 21 e0 c4 e0,0:21>00 1:e5>e3 3:e5>e3 5:e5>e0 6:21>12 7:e5>e0 8:21>12 9:e5>e3 11:e5>e3 13:e5>e0 14:21>c4 15:e5>e0,13571|21404,13451|13628
31011,1429,14784,13581,21 e5 21 e5 21 e5 21 e5 21 e5 21 e5 21 e5 21 e5,20290,ad e3 21 e3 21 e0 ad e0 ad e3 21 e3 21 e0 22 e0,112,"confined copier,non-copier",ad e3 21 e3 21 e0 ad 5a ad e3 21 e3 21 e0 ad e0 | ad e3 21 e3 21 e0 ad e0 ad e3 21 e3 21 e0 ad e0 | ad e3 21 e3 21 e0 ad e0 ad e3 f8 e3 21 e0 ad e0 | ad e3 21 e3 21 e0 ad e0 ad e3 21 e3 21 e0 ad e3 | ad e3 21 e3 21 e0 ad e0 ad e3 21 e3 21 e0 ad e0 | ad e3 21 e3 21 e0 ad e0 ad e3 21 e3 21 e0 ad e0,"confined copier,non-copier,open copier",347,13557,13556,21 e5 21 e5 21 e5 21 e5 21 e5 21 e5 21 e5 21 e5,13603,00 e3 21 e3 21 e0 12 e0 12 e3 21 e3 21 e0 12 e0,0:21>00 1:e5>e3 3:e5>e3 5:e5>e0 6:21>12 7:e5>e0 8:21>12 9:e5>e3 11:e5>e3 13:e5>e0 14:21>12 15:e5>e0,13581|20290,13556|13603
31011,18033,14784,13568,21 e5 21 e5 21 e5 21 e5 21 e5 21 e5 21 e5 21 e5,18186,ae e3 21 e3 21 e0 ae e0 ae e3 21 e3 21 e0 ae e0,86,"confined copier,non-copier",21 e3 21 e3 21 e0 ae e0 ae e3 21 e3 21 e0 ae e3 | ae e3 21 e3 24 e0 ae e0 ae e3 21 e3 21 e0 ae e0 | ae e3 21 e3 21 e0 ae e0 ae e3 21 e3 21 e0 9e e0 | ae e3 21 e3 21 e0 ae e0 ae e3 21 e3 21 e0 ae e0 | ae e3 21 e3 21 e0 ae e0 ae e3 21 e3 21 e0 ae e0 | ae e3 21 e3 21 e0 ae e0 ae e3 21 e3 21 e0 ae e0,"confined copier,non-copier,open copier",319,15257,13568,21 e5 21 e5 21 e5 21 e5 21 e5 21 e5 21 e5 21 e5,13627,00 e3 21 e3 21 e0 12 e0 12 e3 21 e3 21 e0 12 e0,0:21>00 1:e5>e3 3:e5>e3 5:e5>e0 6:21>12 7:e5>e0 8:21>12 9:e5>e3 11:e5>e3 13:e5>e0 14:21>12 15:e5>e0,13568|18186,13568|13627
31011,15635,14784,13581,21 e5 21 e5 21 e5 21 e5 21 e5 21 e5 21 e5 21 e5,21744,ae e3 21 e3 21 e0 ae e0 ae e3 21 e3 21 e0 ae e0,113,"confined copier,non-copier",ae e3 21 e3 21 e0 ae 20 ae e3 21 e3 21 e0 ae e0 | ae e3 21 e3 21 e0 ae e0 ae e3 21 e3 21 e0 ae e0 | ae e3 21 e3 21 e0 ae e0 ae e3 21 e3 21 e0 ae e0 | ae e3 21 e3 21 e0 ae e0 ae e3 21 e3 21 e0 ae e0 | ae e3 21 e3 21 e0 ae e0 ae e3 21 e3 21 e0 ae e0 | ae e3 21 e3 21 e0 ae e0 ae e3 21 e3 21 e0 ae e0,"confined copier,non-copier,open copier",339,13328,13287,21 e5 21 e5 21 e5 21 e5 21 e5 21 e5 21 e5 21 e5,13630,00 e3 21 e3 21 e0 12 e0 12 e3 21 e3 21 e0 12 e0,0:21>00 1:e5>e3 3:e5>e3 5:e5>e0 6:21>12 7:e5>e0 8:21>12 9:e5>e3 11:e5>e3 13:e5>e0 14:21>12 15:e5>e0,13581|21744,13287|13630
31011,17124,14784,13581,21 e5 21 e5 21 e5 21 e5 21 e5 21 e5 21 e5 21 e5,20339,ae e3 21 e3 21 e0 ae e0 ae e3 21 e3 21 e0 ae e0,102,"confined copier,non-copier",21 e3 21 e3 21 e0 ae e0 ae e3 21 e3 21 e0 ae e3 | ae e3 21 e3 21 e0 ae e0 ae e3 21 ab 21 e0 ae e0 | ae e3 21 e3 21 e0 ae e0 ae e3 21 e3 21 e0 ae e0 | ae e3 21 e3 21 e0 ae e0 ae e3 21 e3 21 e0 ae e0 | ae e3 21 e3 21 e0 ae e0 ae e3 21 e3 21 e0 ae e0 | ae e3 21 e3 21 e0 ae e0 ae e3 21 e3 21 e0 ae e0,"confined copier,non-copier,open copier",342,13563,13557,21 e5 21 e5 21 e5 21 e5 21 e5 21 e5 21 e5 21 e5,13603,00 e3 21 e3 21 e0 12 e0 12 e3 21 e3 21 e0 12 e0,0:21>00 1:e5>e3 3:e5>e3 5:e5>e0 6:21>12 7:e5>e0 8:21>12 9:e5>e3 11:e5>e3 13:e5>e0 14:21>12 15:e5>e0,13581|20339,13557|13603
31011,363,14784,13780,01 c5 01 c5 01 c5 01 c5 01 c5 01 c5 01 c5 01 c5,19959,ae e3 21 e3 21 e0 ae e0 ae e3 21 e3 21 e0 ae e0,114,"confined copier,non-copier",ae f9 21 e3 21 e0 ae e0 ae e3 21 e3 21 e0 ae e0 | ae e3 21 e3 21 e0 ae e0 ae e3 21 e3 da e0 ae e0 | ae e3 21 e3 21 e0 ae e0 ae e3 21 e3 21 3e ae e0 | ae e3 21 e3 21 e0 ae e0 ae 0b 21 e3 21 e0 ae e0 | ae e3 21 e3 21 e0 ae e0 ae e3 21 e3 21 e0 ae e0 | ae e3 21 e3 21 e0 ae e0 ae e3 21 e3 21 e0 ae e0,"confined copier,non-copier,open copier",334,13780,13724,01 c5 01 c5 01 c5 01 c5 01 c5 01 c5 01 c5 01 c5,13965,12 e3 21 e3 21 e0 12 e0 12 e3 21 e3 21 e0 12 e0,0:01>12 1:c5>e3 2:01>21 3:c5>e3 4:01>21 5:c5>e0 6:01>12 7:c5>e0 8:01>12 9:c5>e3 10:01>21 11:c5>e3 12:01>21 13:c5>e0 14:01>12 15:c5>e0,13780|19959,13724|13965
31011,3751,14784,13835,01 c5 01 c5 01 c5 01 c5 01 c5 01 c5 01 c5 01 c5,19818,ad e3 21 e3 21 e0 ad e0 ad e3 21 e3 21 e0 ad e0,103,"confined copier,non-copier",ad e3 21 73 21 e0 ad e0 ad e3 21 e3 21 e0 ad e0 | ad e3 21 e3 21 e0 ad e0 ad e3 21 e3 21 e0 ad e0 | ad e3 21 e3 21 e0 ad e0 ad e3 21 e3 21 e0 ad e0 | ad e3 21 e3 21 e0 ad e0 ad e3 21 e3 21 e0 ad e0 | ad e3 21 e3 21 e0 ad e0 ad e3 21 e3 21 e0 ad e3 | ad e3 21 e3 21 e0 ad e0 ad e3 21 e3 21 02 ad e0,"confined copier,non-copier,open copier",330,13880,13835,01 c5 01 c5 01 c5 01 c5 01 c5 01 c5 01 c5 01 c5,13951,12 e3 21 e3 21 e0 12 e0 12 e3 21 e3 21 e0 12 e0,0:01>12 1:c5>e3 2:01>21 3:c5>e3 4:01>21 5:c5>e0 6:01>12 7:c5>e0 8:01>12 9:c5>e3 10:01>21 11:c5>e3 12:01>21 13:c5>e0 14:01>12 15:c5>e0,13835|19818,13835|13951
31011,15166,14784,13917,21 e5 21 e5 21 e5 21 e5 21 e5 21 e5 21 e0 21 e0,21052,ad e3 21 e3 21 e0 ad e0 ad e3 21 e3 21 e0 ad e0,115,"confined copier,non-copier",ad 9f 21 e3 21 e0 ad e0 ad e3 21 e3 21 e0 ad e0 | ad e3 21 e3 21 e0 ad e0 ad e3 21 e3 21 e0 ad e0 | ad e3 21 e3 21 e0 ad e0 ad e3 21 e3 21 e0 ad e0 | ad e3 21 e3 21 e0 ad e0 ad e3 21 e3 21 e0 ad e0 | 37 e3 21 e3 21 e0 ad e0 ad e3 21 e3 21 e0 ad e0 | 0c e3 21 e3 21 e0 0c e0 0c e3 21 e3 21 e0 0c e0,"confined copier,non-copier,open copier",323,17088,13917,21 e5 21 e5 21 e5 21 e5 21 e5 21 e5 21 e0 21 e0,14106,12 e3 21 e3 21 e0 12 e0 12 e3 21 e3 21 e0 12 e0,0:21>12 1:e5>e3 3:e5>e3 5:e5>e0 6:21>12 7:e5>e0 8:21>12 9:e5>e3 11:e5>e3 14:21>12,13917|21052,13917|14106
31011,383,14784,13775,01 c5 01 c5 01 c5 01 c5 01 c5 01 c5 01 c5 01 c5,21532,ad e3 21 e3 21 e0 ad e0 ad e3 21 e3 21 e0 ad e0,128,"confined copier,non-copier",ad 1b 21 e3 21 e0 ad e0 ad e3 21 e3 21 e0 ad e0 | ad e3 21 e3 21 e0 ad e0 ad e3 21 e3 21 e0 ad e0 | ad e3 21 e3 21 e0 ad e0 ad e3 21 e3 21 e0 ad e0 | ad e3 21 e3 21 e0 ad e0 ad e3 21 e3 21 e0 ad e0 | ad e3 21 e3 21 e0 ad e0 ad e3 21 e3 21 e0 ad e0 | ad e3 21 e3 21 e0 ad e0 ad e3 21 e3 21 e0 ad e0,"confined copier,non-copier,open copier",335,13722,13684,01 c5 01 c5 01 c5 01 c5 01 c5 01 c5 01 c5 01 c5,13960,12 e3 21 e3 21 e0 12 e0 12 e3 21 e3 21 e0 12 e0,0:01>12 1:c5>e3 2:01>21 3:c5>e3 4:01>21 5:c5>e0 6:01>12 7:c5>e0 8:01>12 9:c5>e3 10:01>21 11:c5>e3 12:01>21 13:c5>e0 14:01>12 15:c5>e0,13775|21532,13684|13960
31011,12425,14784,13581,21 e5 21 e5 21 e5 21 e5 21 e5 21 e5 21 e5 21 e5,21663,ad e3 21 e3 21 e0 ad e0 ad e3 21 e3 21 e0 ad e0,113,"confined copier,non-copier",ad e3 21 e3 de e0 ad e0 ad f3 21 e3 21 e0 ad e0 | ad e3 21 e3 21 e0 ad e0 ad e3 21 e3 21 e0 ad e0 | ad e3 21 e3 21 e0 ad e0 ad e3 21 e3 21 e0 ad e0 | ad e3 21 e3 21 e0 ad e0 ad e3 21 e3 21 81 ad e0 | ad e3 21 e3 21 e0 ad e0 ad e3 21 e3 56 e0 ad e0 | ad e3 21 e3 21 e0 ad e0 ad e3 7a e3 21 e0 ad e0,"confined copier,non-copier,open copier",339,13568,13565,21 e5 21 e5 21 e5 21 e5 21 e5 1d e5 21 e5 21 e5,13603,00 e3 21 e3 21 e0 12 e0 12 e3 21 e3 21 e0 12 e0,0:21>00 1:e5>e3 3:e5>e3 5:e5>e0 6:21>12 7:e5>e0 8:21>12 9:e5>e3 10:1d>21 11:e5>e3 13:e5>e0 14:21>12 15:e5>e0,13581|21663,13565|13603
31011,2706,14784,13581,21 e5 21 e5 21 e5 21 e5 21 e5 21 e5 21 e5 21 e5,21770,ad e3 21 e3 21 e0 ad e0 ad e3 21 e3 21 e0 ad e0,123,"confined copier,non-copier",21 e3 21 e3 21 e0 ad e0 ad e3 21 e3 21 e0 ad e3 | ad e3 21 e3 21 e0 ad e0 ad e3 21 e3 21 e0 ad e0 | ad e3 21 e3 21 e0 ad e0 ad e3 21 e3 21 e0 ad e0 | ad e3 21 e3 21 e0 ad e0 ad e3 21 e3 21 e0 ad e0 | ad e3 21 e3 21 e0 ad e0 ad e3 21 e3 21 e0 ad e0 | ad e3 21 e3 21 e0 ad e0 ad e3 21 e3 21 e0 ad e0,"confined copier,non-copier,open copier",348,13563,13557,21 e5 21 e5 21 e5 21 e5 21 e5 21 e5 21 e5 21 e5,13603,00 e3 21 e3 21 e0 12 e0 12 e3 21 e3 21 e0 12 e0,0:21>00 1:e5>e3 3:e5>e3 5:e5>e0 6:21>12 7:e5>e0 8:21>12 9:e5>e3 11:e5>e3 13:e5>e0 14:21>12 15:e5>e0,13581|21770,13557|13603
31011,15884,14784,13581,21 e5 21 e5 21 e5 21 e5 21 e5 21 e5 21 e5 21 e5,19338,ad e3 21 e3 21 e0 ad e0 ad e3 21 e3 21 e0 ad e0,86,"confined copier,non-copier",21 e3 21 e3 21 e0 ad e0 ad e3 21 e3 21 e0 ad e3 | ad e3 21 e3 21 e0 ad e0 ad e3 21 e3 21 e0 ad e0 | 37 e3 21 e3 21 e0 ad e0 ad e3 21 e3 21 e0 ad e0 | ad e3 21 e3 21 e0 ad e0 ad e3 21 e3 21 e0 ad e0 | ad e3 21 e3 21 e0 ad e0 ad e3 21 e3 21 e0 ad e0 | ad e3 21 e3 21 e0 ad e0 ad e3 21 e3 21 e0 ad e0,"confined copier,non-copier,open copier",332,13571,13570,21 e5 21 e5 21 e3 21 e5 21 e5 21 e5 21 e3 21 e5,13603,00 e3 21 e3 21 e0 12 e0 12 e3 21 e3 21 e0 12 e0,0:21>00 1:e5>e3 3:e5>e3 5:e3>e0 6:21>12 7:e5>e0 8:21>12 9:e5>e3 11:e5>e3 13:e3>e0 14:21>12 15:e5>e0,13581|19338,13570|13603
31011,15363,14784,13581,21 e5 21 e5 21 e5 21 e5 21 e5 21 e5 21 e5 21 e5,20570,44 e3 21 e3 21 e0 44 e0 44 e3 21 e3 21 e0 44 e0,106,"confined copier,non-copier",01 e3 21 e0 ad e0 ad e0 ad e3 21 e3 21 e0 ad e0 | ae e3 21 e3 21 e0 ae e0 ae e3 21 e3 21 e0 ae e0 | ae e3 21 e3 21 e0 ae e0 ae e3 21 e3 21 e0 ae e0 | ae e3 21 e3 21 e0 ae e0 ae e3 21 e3 21 e0 ae e0 | 3f e3 21 e3 21 e0 3f e0 3f e3 21 e3 21 e0 3f e0 | 3f e3 21 e3 21 e0 3f e0 3f e3 21 e3 21 e0 3f e0,"confined copier,non-copier,open copier",347,13563,13557,21 e5 21 e5 21 e5 21 e5 21 e5 21 e5 21 e5 21 e5,13603,00 e3 21 e3 21 e0 12 e0 12 e3 21 e3 21 e0 12 e0,0:21>00 1:e5>e3 3:e5>e3 5:e5>e0 6:21>12 7:e5>e0 8:21>12 9:e5>e3 11:e5>e3 13:e5>e0 14:21>12 15:e5>e0,13581|20570,13557|13603
31011,4935,14784,13580,21 e5 21 e5 21 e5 21 e5 21 e5 21 e5 21 e5 21 e5,21705,ae e3 21 e3 21 e0 ae e0 ae e3 21 e3 21 e0 ae e0,121,"confined copier,non-copier",21 e3 21 e3 21 e0 ae e0 ae e3 21 e3 a8 e0 ae e3 | ae e3 21 e3 21 e0 ae e0 ae e3 21 e3 21 e0 ae e0 | ae e3 21 e3 21 e0 ae e0 ae e3 21 e3 21 e0 ae e0 | ae e3 21 e3 21 e0 ae e0 ae e3 21 e3 21 e0 ae e0 | ae e3 21 e3 21 e0 ae e0 ae e3 21 e3 21 e0 ae e0 | ae e3 21 e3 21 e0 ae e0 ae e3 21 e3 21 e0 ae e0,"confined copier,non-copier,open copier",319,17566,13580,21 e5 21 e5 21 e5 21 e5 21 e5 21 e5 21 e5 21 e5,13629,12 e3 21 e3 21 e0 12 e0 12 e3 21 e3 21 e0 12 e0,0:21>12 1:e5>e3 3:e5>e3 5:e5>e0 6:21>12 7:e5>e0 8:21>12 9:e5>e3 11:e5>e3 13:e5>e0 14:21>12 15:e5>e0,13580|21705,13580|13629
31011,3101,14784,13581,21 e5 21 e5 21 e5 21 e5 21 e5 21 e5 21 e5 21 e5,21144,ad e3 21 e3 21 e0 ad e0 ad e3 21 e3 21 e0 ad e0,97,"confined copier,non-copier",ad e3 21 44 21 e0 ad e0 ad e3 21 e3 21 e0 ad e0 | ad e3 21 e3 21 e0 ef e0 ad e3 21 e3 21 e0 ad e0 | a3 e3 21 e3 21 e0 ad e0 ad e3 21 e3 21 e0 ad e0 | ad e3 21 e3 21 e0 ad e0 ad e3 21 e3 21 e0 ad e0 | ad e3 21 e3 21 e0 ad e0 ad e3 21 e3 21 e0 ad e0 | ad e3 21 e3 21 e0 ad e0 ad e3 21 e3 21 08 ad e0,"confined copier,non-copier,open copier",329,13581,13580,21 e5 21 e5 21 e5 21 e5 21 e5 21 e5 21 e5 21 e5,13603,00 e3 21 e3 21 e0 12 e0 12 e3 21 e3 21 e0 12 e0,0:21>00 1:e5>e3 3:e5>e3 5:e5>e0 6:21>12 7:e5>e0 8:21>12 9:e5>e3 11:e5>e3 13:e5>e0 14:21>12 15:e5>e0,13581|21144,13580|13603
31011,1361,14784,21635,ae e3 21 e3 21 e0 f1 e0 ae e3 21 e3 21 e0 ae e0,21711,ae e3 21 e3 21 e0 ae e0 ae e3 21 e3 21 e0 ae e0,11,"confined copier,non-copier",21 e3 21 e3 21 e0 ae e0 ae e3 21 e3 21 e0 ae e3 | ae e3 21 e3 21 e0 ae e0 ae e3 21 e3 21 e0 ae e0 | ae e3 21 e3 21 e0 ae e0 ae e3 21 e3 21 e0 ae e0 | ae e3 21 e3 21 e0 ae e0 ae e3 21 e3 21 e0 ae 84 | ae e3 21 e3 21 e0 ae e0 ae e3 21 e3 21 e0 ae e0 | 21 e3 21 e3 21 e0 ae e0 ae e3 21 e3 21 e0 ae e3,"confined copier,non-copier,open copier",348,13942,13819,01 c5 01 c5 01 c5 01 c5 01 c5 01 c5 01 c5 01 c5,13971,00 e3 21 e3 21 e0 12 e0 12 e3 21 e3 21 e0 12 e0,0:01>00 1:c5>e3 2:01>21 3:c5>e3 4:01>21 5:c5>e0 6:01>12 7:c5>e0 8:01>12 9:c5>e3 10:01>21 11:c5>e3 12:01>21 13:c5>e0 14:01>12 15:c5>e0,21635|21711,13819|13971
31011,8026,14784,13581,21 e5 21 e5 21 e5 21 e5 21 e5 21 e5 21 e5 21 e5,18283,ae e3 21 e3 21 e0 ae e0 ae e3 21 e3 21 e0 ae e0,73,"confined copier,non-copier",ae e3 21 5e 21 e0 ae e0 ae e3 21 e3 21 e0 ae e0 | ae e3 21 e3 21 e0 ae e0 ae e3 21 e3 21 e0 ae e3 | ae e3 21 e3 21 e0 ae e0 ae e3 21 e3 21 e0 ae e3 | ae e3 21 e3 21 e0 ae e0 ae e3 21 e3 21 e0 ae 3c | ae e3 21 e3 21 e0 ae e0 ae e3 21 e3 21 e0 ae e0 | ae e3 21 e3 21 e0 ae e0 ae e3 21 e3 21 e0 ae e0,"confined copier,non-copier,open copier",335,13563,13557,21 e5 21 e5 21 e5 21 e5 21 e5 21 e5 21 e5 21 e5,13603,00 e3 21 e3 21 e0 12 e0 12 e3 21 e3 21 e0 12 e0,0:21>00 1:e5>e3 3:e5>e3 5:e5>e0 6:21>12 7:e5>e0 8:21>12 9:e5>e3 11:e5>e3 13:e5>e0 14:21>12 15:e5>e0,13581|18283,13557|13603
31011,10474,14784,13581,21 e5 21 e5 21 e5 21 e5 21 e5 21 e5 21 e5 21 e5,21324,ae e3 21 e3 21 e0 ae e0 ae e3 21 e3 21 e0 ae e0,104,"confined copier,non-copier",ad e3 21 e3 21 e0 ad 2e ad e3 21 e3 21 e0 ad e0 | ad e3 21 e3 21 e0 ad e0 ad e3 21 e3 21 e0 ad e0 | ad e3 21 e3 21 e0 ad e0 ad e3 21 e3 21 e0 ad e3 | ad e3 21 e3 21 e0 ad e0 ad e3 21 e3 21 e0 ad e0 | ad e3 21 e3 21 e0 ad e0 ad e3 21 e3 21 e0 ad e0 | ad e3 21 e3 21 e0 ad e0 ad e3 21 e3 21 e0 ad e0,"confined copier,non-copier,open copier",334,13565,13563,21 e5 21 e5 21 e5 21 e5 21 e5 21 e5 21 e5 21 e5,13603,00 e3 21 e3 21 e0 12 e0 12 e3 21 e3 21 e0 12 e0,0:21>00 1:e5>e3 3:e5>e3 5:e5>e0 6:21>12 7:e5>e0 8:21>12 9:e5>e3 11:e5>e3 13:e5>e0 14:21>12 15:e5>e0,13581|21324,13563|13603
31011,12658,14784,13581,21 e5 21 e5 21 e5 21 e5 21 e5 21 e5 21 e5 21 e5,15010,1d e3 21 e3 21 e0 1d e0 1d e3 21 e3 ee e0 1d e0,45,"confined copier,non-copier",1d e3 d8 e3 21 e0 1d e0 1d e3 21 e3 21 e0 1d e0 | 1d e3 21 e3 21 e0 1d e0 1d e3 21 e3 21 e0 1d e0 | 1d e3 21 e3 21 e0 1d e0 1d e3 c5 e3 21 e0 1d e0 | 1d e3 21 e3 21 e0 1d e0 1d e3 21 e3 21 e0 1d e0 | 1d e3 21 e3 21 e0 1d e0 1d e3 21 e3 21 e0 1d e0 | 00 e3 21 e3 21 e0 1d e0 1d e3 21 e3 21 e0 1d 01,"confined copier,non-copier,open copier",339,13557,13556,21 e5 21 e5 21 e5 21 e5 21 e5 21 e5 21 e5 21 e5,13603,00 e3 21 e3 21 e0 12 e0 12 e3 21 e3 21 e0 12 e0,0:21>00 1:e5>e3 3:e5>e3 5:e5>e0 6:21>12 7:e5>e0 8:21>12 9:e5>e3 11:e5>e3 13:e5>e0 14:21>12 15:e5>e0,13581|15010,13556|13603
31012,11416,5533,3884,01 c5 01 c5 01 c5 01 c5 01 c5 01 c5 01 c5 01 c5,12331,01 ed b0 58 a4 d2 a1 ce 46 d7 bf 80 86 81 00 00,225,"confined copier,non-copier",a3 ed b0 58 a4 d2 a1 ce 46 d7 03 80 86 00 00 00 | 01 ed b0 58 a4 d2 a1 23 46 d7 03 80 86 00 00 00 | 01 ed b0 58 a4 d2 a1 ce 46 d7 03 80 86 00 00 00 | 01 ed b0 58 a4 d2 a1 00 27 6a 03 06 86 00 00 00 | 01 ed b0 58 a4 d2 a1 ce 46 d7 03 06 86 00 00 00 | 01 ed b0 58 a4 d2 a1 ce f7 6a 03 9e 86 00 00 06,"confined copier,non-copier,open copier",351,3331,3299,21 e5 21 e5 21 e5 21 e5 21 e5 21 e5 21 e5 21 e5,3923,01 ed b0 58 01 ed b0 ed b0 ed b0 c5 01 43 01 c5,0:21>01 1:e5>ed 2:21>b0 3:e5>58 4:21>01 5:e5>ed 6:21>b0 7:e5>ed 8:21>b0 9:e5>ed 10:21>b0 11:e5>c5 12:21>01 13:e5>43 14:21>01 15:e5>c5,3884|12331,3299|3923
31012,15415,5533,3839,01 c5 01 c5 01 c5 01 c5 01 c5 01 c5 01 c5 01 c5,12109,01 ed b0 58 00 e2 a1 20 6c 89 91 ef c0 97 0d fd,215,"confined copier,non-copier",01 ed b0 1e 00 e2 a1 20 6c 89 91 ef c0 97 0d fd | 01 ed b0 58 00 e2 a1 20 6c 89 91 ef c0 97 0d fd | 01 ed b0 58 00 e2 a1 20 6c 89 91 ef c0 97 0d fd | 01 ed b0 58 00 e2 a1 20 6c 9e 91 76 c0 97 0d fd | 01 ed b0 58 00 e2 a1 20 99 9e 91 76 c0 97 f8 fd | 01 ed b0 58 00 e2 a1 20 6c 9e 91 76 c0 97 0d fd,"confined copier,non-copier,open copier",342,3651,3562,01 c5 01 c5 01 c5 01 c5 01 c5 01 c5 01 c5 01 c5,3936,01 ed b0 58 01 ed b0 ed b0 ed b0 c5 01 43 01 c5,1:c5>ed 2:01>b0 3:c5>58 5:c5>ed 6:01>b0 7:c5>ed 8:01>b0 9:c5>ed 10:01>b0 13:c5>43,3839|12109,3562|3936
31012,2591,5533,3860,01 c5 01 c5 21 c5 21 c5 01 c5 01 c5 21 c5 21 c5,8426,01 43 b0 58 c2 a9 01 7a 82 ed b0 ba c0 36 58 99,131,"confined copier,non-copier",01 43 b0 58 c2 a9 01 7a 18 ed 02 ba c0 36 58 99 | 01 43 b0 58 c2 a9 01 7a 18 ed b0 ba c0 36 58 99 | 00 43 b0 bc c2 a9 01 7a 18 ed b0 ba c0 36 60 99 | 01 43 b0 58 c2 a9 01 75 18 ed b0 ba c0 36 60 99 | 01 43 b0 58 c2 a9 01 75 18 ed b0 ba c0 36 60 99 | 01 43 b0 58 c2 a9 01 75 18 ed b0 ba c0 36 60 99,"confined copier,non-copier,open copier",341,3748,3723,01 c5 01 c5 01 c5 01 c5 01 c5 01 c5 01 c5 01 c5,3906,01 ed b0 58 01 ed b0 ed b0 ed b0 c5 01 c5 01 c5,1:c5>ed 2:01>b0 3:c5>58 5:c5>ed 6:01>b0 7:c5>ed 8:01>b0 9:c5>ed 10:01>b0,3860|8426,3723|3906
31012,4794,5533,3860,01 c5 01 c5 21 c5 21 c5 01 c5 01 c5 21 c5 21 c5,11581,01 ed b0 58 b7 d2 06 73 f9 c8 ad 52 be 08 10 f9,214,"confined copier,non-copier",5d ed b0 58 b7 d2 06 73 f9 c8 48 52 be 08 10 f9 | 01 ed b0 58 b7 d2 06 73 f9 c8 48 52 be 08 10 f9 | 01 ed b0 58 b7 d2 06 73 f9 c8 48 52 be 08 10 f9 | 01 ed b0 58 b7 d2 06 73 f9 c8 48 52 be 08 10 f9 | 01 ed b0 58 b7 d2 06 73 f9 c8 48 52 be 60 0d f9 | 01 ed b0 58 b7 d2 06 73 f9 c8 48 52 be 60 0d f9,"confined copier,non-copier,open copier",353,3535,3418,21 e5 21 e5 21 e5 21 e5 21 e5 21 e5 21 e5 21 e5,3906,01 ed b0 58 01 ed b0 ed b0 ed b0 c5 01 c5 01 c5,0:21>01 1:e5>ed 2:21>b0 3:e5>58 4:21>01 5:e5>ed 6:21>b0 7:e5>ed 8:21>b0 9:e5>ed 10:21>b0 11:e5>c5 12:21>01 13:e5>c5 14:21>01 15:e5>c5,3860|11581,3418|3906
31012,15208,5533,3858,01 c5 01 c5 01 c5 01 c5 01 c5 01 c5 01 c5 01 c5,11713,01 ed b0 58 96 33 f8 07 ea 28 00 d0 95 22 19 aa,208,"confined copier,non-copier",01 ed b0 58 96 33 e1 07 ea 00 2a d0 95 22 19 aa | 01 ed b0 58 96 33 e0 07 72 00 00 d0 95 22 19 aa | 00 ed b0 58 96 33 c2 07 72 37 81 d0 95 22 19 aa | 01 ed b0 58 96 33 f8 07 72 60 81 d0 95 22 19 aa | 01 ed b0 58 96 33 f8 07 72 60 81 d0 95 22 19 aa | 01 ed b0 58 0c 33 f8 4a 72 60 81 d0 95 22 19 aa,"confined copier,non-copier,open copier",352,3335,3285,21 e5 22 00 21 e5 21 e5 21 e5 21 e5 21 e5 21 e5,3947,01 ed b0 58 01 ed b0 ed b0 ed b0 c5 01 43 01 c5,0:21>01 1:e5>ed 2:22>b0 3:00>58 4:21>01 5:e5>ed 6:21>b0 7:e5>ed 8:21>b0 9:e5>ed 10:21>b0 11:e5>c5 12:21>01 13:e5>43 14:21>01 15:e5>c5,3858|11713,3285|3947
31012,15298,5533,3839,01 c5 01 c5 01 c5 01 c5 01 c5 01 c5 01 c5 01 c5,11265,01 ed b0 58 00 e2 a1 39 f6 4d b7 8a 9b 23 7e b0,200,"confined copier,non-copier",01 ed 44 58 00 e2 a1 39 f6 4d b7 8a 9b 23 7e b0 | 01 ed d4 58 00 e2 a1 39 f6 4d b7 8a 9b 23 7e b0 | 01 ed b0 58 00 e2 a1 39 f6 4d b7 8a 9b 23 7e b0 | 01 ed b0 58 00 e2 a1 39 f6 4d b7 8a 73 23 7e b0 | 01 ed b0 58 00 e2 a1 39 f6 81 b7 8a 73 23 7e 72 | 01 ed b0 58 00 e2 a1 39 f6 4d b7 8a 9b 23 7e b0,"confined copier,non-copier,open copier",350,3431,3344,21 e5 21 e5 21 e5 21 e5 21 e5 21 e5 21 e5 21 e5,3936,01 ed b0 58 01 ed b0 ed b0 ed b0 c5 01 43 01 c5,0:21>01 1:e5>ed 2:21>b0 3:e5>58 4:21>01 5:e5>ed 6:21>b0 7:e5>ed 8:21>b0 9:e5>ed 10:21>b0 11:e5>c5 12:21>01 13:e5>43 14:21>01 15:e5>c5,3839|11265,3344|3936
31012,4730,5533,3858,01 c5 01 c5 01 c5 01 c5 01 c5 01 c5 01 c5 01 c5,10523,01 ed b0 58 83 d2 e1 ff 59 19 ac 10 5d 36 0f 69,174,"confined copier,non-copier",01 c9 b0 58 83 d2 e1 ff 59 19 1a 10 5d 4c 29 69 | 01 ed b0 58 83 d2 e1 ff 59 19 ac 10 5d 4c 29 69 | 01 ed b0 58 83 d2 e1 ff 59 19 95 10 5d 4c 29 69 | 01 ed b0 58 83 d2 e1 ff b1 19 95 10 5d 4c 29 69 | 01 ed b0 58 83 d2 e1 ff 59 19 95 10 5d 4c 29 69 | 01 ed b0 58 83 d2 e1 ff 59 19 95 10 5d 4c 29 69,"confined copier,non-copier,open copier",334,3335,3285,21 e5 22 00 21 e5 21 e5 21 e5 21 e5 21 e5 21 e5,3947,01 ed b0 58 01 ed b0 ed b0 ed b0 c5 01 43 01 c5,0:21>01 1:e5>ed 2:22>b0 3:00>58 4:21>01 5:e5>ed 6:21>b0 7:e5>ed 8:21>b0 9:e5>ed 10:21>b0 11:e5>c5 12:21>01 13:e5>43 14:21>01 15:e5>c5,3858|10523,3285|3947
31012,3459,5533,3860,01 c5 01 c5 21 c5 21 c5 01 c5 01 c5 21 c5 21 c5,11932,01 ed b0 58 d6 d2 d3 c0 f9 c0 96 28 2b 7a 1e 7e,214,"confined copier,non-copier",01 ed b0 58 18 d2 8c de f9 c0 96 28 2b 7a 1e 7e | 01 ed b0 58 18 d2 d3 de f9 c0 96 28 2b 7a 1e 7e | 01 ed b0 58 d6 d2 d3 de f9 c0 96 28 2b 7a 1e 7e | 01 ed b0 58 d6 d2 c6 de f9 c0 96 28 2b 7a 1e 7e | 01 ed b0 58 d6 d2 c6 de f9 c0 96 28 2b 7a 1e 7e | 01 ed b0 58 d6 d2 c6 de f9 c0 96 28 2b 7a 1e 7e,"confined copier,non-copier,open copier",355,3661,3598,01 c5 01 c5 01 c5 01 c5 01 c5 01 c5 01 c5 01 c5,3906,01 ed b0 58 01 ed b0 ed b0 ed b0 c5 01 c5 01 c5,1:c5>ed 2:01>b0 3:c5>58 5:c5>ed 6:01>b0 7:c5>ed 8:01>b0 9:c5>ed 10:01>b0,3860|11932,3598|3906
31012,551,5533,3833,01 c5 01 c5 01 c5 01 c5 01 c5 01 c5 01 c5 01 c5,11780,01 ed b0 58 bb d2 8b bc f9 c0 b7 b9 e1 c2 e4 62,212,"confined copier,non-copier",01 ed b0 62 bb d2 8b f3 f9 c0 bc b9 e1 c2 e4 62 | 01 ed b0 58 bb d2 ef 6f f9 c0 bc b9 e1 c2 e4 62 | 01 ed b0 58 bb d2 ef 6f f9 c0 bc b9 e1 bf e4 62 | 01 ed b0 58 bb d2 ef 6f f9 c0 bc b9 e1 bf e4 62 | 01 ed b0 58 bb d2 ef 6f f9 c0 bc b9 e1 bf e4 62 | 01 ed b0 58 bb d2 ef 6f f9 c0 bc b9 e1 bf e4 62,"confined copier,non-copier,open copier",349,3342,3331,21 e5 21 e5 21 e5 21 e5 21 e5 21 e5 21 e5 21 e5,3913,01 ed b0 58 01 ed b0 ed b0 ed b0 c5 01 43 01 c5,0:21>01 1:e5>ed 2:21>b0 3:e5>58 4:21>01 5:e5>ed 6:21>b0 7:e5>ed 8:21>b0 9:e5>ed 10:21>b0 11:e5>c5 12:21>01 13:e5>43 14:21>01 15:e5>c5,3833|11780,3331|3913
31012,11747,5533,3884,01 c5 01 c5 01 c5 01 c5 01 c5 01 c5 01 c5 01 c5,12486,01 ed b0 58 65 d2 a1 ff d6 8f 14 2a be 7c 8a 0f,237,"confined copier,non-copier",01 ed b0 58 65 9c a1 03 d6 8f 14 9f be 7c 8a 0f | 01 ed b0 58 65 d2 a1 ff d6 8f 14 9f be 7c 8a 0f | 01 c0 b0 58 65 d2 a1 ff d6 8f 67 9f be 7c 8a 0f | 01 ed b0 58 65 d2 a1 ff d6 8f 67 9f be a3 8a 81 | 01 ed b0 58 65 d2 a1 ff 72 8f 67 05 be 7c 8a 0f | 01 ed b0 58 65 d2 a1 ff 72 8f 67 9f be 7c 8a 0f,"confined copier,non-copier,open copier",359,3343,3299,21 e5 21 e5 21 e5 21 e5 21 e5 21 e5 21 e5 21 e5,3923,01 ed b0 58 01 ed b0 ed b0 ed b0 c5 01 43 01 c5,0:21>01 1:e5>ed 2:21>b0 3:e5>58 4:21>01 5:e5>ed 6:21>b0 7:e5>ed 8:21>b0 9:e5>ed 10:21>b0 11:e5>c5 12:21>01 13:e5>43 14:21>01 15:e5>c5,3884|12486,3299|3923
31012,1084,5533,3833,01 c5 01 c5 01 c5 01 c5 01 c5 01 c5 01 c5 01 c5,9742,01 ed b0 58 01 8a 77 1f f9 f0 45 00 ed 00 f0 ed,170,"confined copier,non-copier",01 ed b0 58 01 8a 5e 1f 6d f0 3d 0d ed 00 f0 ed | 01 ed b0 58 01 2c 5e 1f f9 f0 45 0d ed 00 f0 ed | 01 ed b0 58 01 8a 5e 1f f9 f0 45 0d ed 00 f0 ed | 01 ed b0 58 01 8a 5e 1f f9 f0 45 ef 43 00 c6 00 | 11 ed b0 58 01 8a 5e 1f f9 f0 45 d5 43 00 b0 00 | 01 ed 5e 58 01 8a 5e 1f f9 f0 45 ef 43 00 c6 00,"confined copier,non-copier,open copier",354,3678,3633,01 c5 01 c5 01 c5 01 c5 01 c5 01 c5 01 c5 01 c5,3913,01 ed b0 58 01 ed b0 ed b0 ed b0 c5 01 43 01 c5,1:c5>ed 2:01>b0 3:c5>58 5:c5>ed 6:01>b0 7:c5>ed 8:01>b0 9:c5>ed 10:01>b0 13:c5>43,3833|9742,3633|3913
31012,2030,5533,3860,01 c5 01 c5 21 c5 21 c5 01 c5 01 c5 21 c5 21 c5,10623,7e ec 58 57 b0 a7 01 ed b0 58 a6 d2 a7 ea 2b df,178,"confined copier,non-copier",9a ec 58 57 b0 a7 01 ed b0 58 a6 d2 10 05 2b df | 9a ec 58 80 b0 a7 01 ed b0 58 a6 d2 a7 05 2b df | 9a ec 58 80 b0 a7 01 ed b0 58 a6 d2 a7 05 2b df | 9a ec 58 80 b0 66 01 ed b0 58 a6 d2 a7 05 2b 3e | 9a ec 58 80 b0 66 01 ed b0 58 a6 d2 a7 b6 3e 3e | 9a ec 58 80 b0 66 01 ed b0 58 a6 d2 a7 b6 3e c4,"confined copier,non-copier,open copier",344,3418,3404,21 e5 21 e5 21 e5 21 e5 21 e5 21 e5 21 e5 21 e5,3906,01 ed b0 58 01 ed b0 ed b0 ed b0 c5 01 c5 01 c5,0:21>01 1:e5>ed 2:21>b0 3:e5>58 4:21>01 5:e5>ed 6:21>b0 7:e5>ed 8:21>b0 9:e5>ed 10:21>b0 11:e5>c5 12:21>01 13:e5>c5 14:21>01 15:e5>c5,3860|10623,3404|3906
31012,15107,5533,3839,01 c5 01 c5 01 c5 01 c5 01 c5 01 c5 01 c5 01 c5,11954,01 ed b0 58 c8 e2 a1 47 7a 6c 40 32 d1 13 2e 46,211,"confined copier,non-copier",01 ed b0 37 c8 e2 2f 47 7a 6c 40 32 d1 13 2e 46 | 01 ed b0 37 c8 e2 2f 47 7a 6c 40 32 d1 13 2e 46 | 01 ed b0 58 c8 e2 2f 47 7a 6c 40 32 d1 13 2e 46 | 01 ed b0 58 c8 e2 2f 47 7a 6c 40 32 d1 13 2e 46 | 01 ed b0 58 c8 e2 2f 47 7a 6c 40 32 d1 13 2e 46 | 01 ed b0 58 c8 e2 2f 47 7a 6c 40 32 d1 13 2e 46,"confined copier,non-copier,open copier",350,3651,3562,01 c5 01 c5 01 c5 01 c5 01 c5 01 c5 01 c5 01 c5,3936,01 ed b0 58 01 ed b0 ed b0 ed b0 c5 01 43 01 c5,1:c5>ed 2:01>b0 3:c5>58 5:c5>ed 6:01>b0 7:c5>ed 8:01>b0 9:c5>ed 10:01>b0 13:c5>43,3839|11954,3562|3936
31012,2522,5533,3860,01 c5 01 c5 21 c5 21 c5 01 c5 01 c5 21 c5 21 c5,12441,01 ed b0 7d 4d 55 1e d0 f9 c0 7c 18 35 e4 1d 35,235,"confined copier,non-copier",01 ed b0 7d 4d 55 1e d0 f9 63 cc 05 35 e4 7e 91 | 01 ed b0 7d 4d 55 1e d0 f9 c0 cc a0 35 e4 7e 91 | 01 ed b0 7d 4d 55 1e d0 f9 c0 cc a0 35 e4 7e 91 | 01 ed b0 7d 4d 55 1e d0 f9 c0 cc a0 35 6e 7e 00 | 01 ed b0 ee 4d 55 1e d0 f9 c0 cc a0 35 6e 2d 00 | 01 ed b0 55 4d 55 1e d0 f9 c0 cc a0 bf 6e 00 00,"confined copier,non-copier,open copier",358,3437,3418,21 e5 21 e5 21 e5 21 e5 21 e5 21 e5 21 e5 21 e5,3906,01 ed b0 58 01 ed b0 ed b0 ed b0 c5 01 c5 01 c5,0:21>01 1:e5>ed 2:21>b0 3:e5>58 4:21>01 5:e5>ed 6:21>b0 7:e5>ed 8:21>b0 9:e5>ed 10:21>b0 11:e5>c5 12:21>01 13:e5>c5 14:21>01 15:e5>c5,3860|12441,3418|3906
31012,7866,5533,5935,01 ed b0 58 01 fd 1b f8 f9 ed e0 ff e0 7e 3c 00,11521,01 ed b0 58 f9 f0 f4 33 8d 11 f5 26 69 00 00 00,147,"confined copier,non-copier",01 be b0 58 f9 f0 f4 33 8d 67 f5 26 69 00 00 00 | 01 ed b0 58 f9 f0 f4 55 8d 67 f5 26 69 00 00 00 | 01 ed b0 58 f9 f0 f4 55 8d 67 f0 26 6f 00 00 00 | 01 ed b0 58 f9 f0 f4 55 8d 67 27 26 69 d2 48 00 | 01 ed b0 58 f9 f0 f4 55 8d 67 f0 26 42 d2 48 00 | 01 ed b0 58 f9 f0 f4 91 8d 67 f0 26 42 d2 48 00,"confined copier,non-copier,open copier",345,3903,3839,01 c5 01 c5 01 c5 01 c5 01 c5 01 c5 01 c5 01 c5,3936,01 ed b0 58 01 ed b0 ed b0 ed b0 c5 01 43 01 c5,1:c5>ed 2:01>b0 3:c5>58 5:c5>ed 6:01>b0 7:c5>ed 8:01>b0 9:c5>ed 10:01>b0 13:c5>43,5935|11521,3839|3936
31012,1812,5533,5939,01 ed b0 58 01 fd 1b f8 f9 ed e0 ff e0 7e 3c 00,11855,01 ed b0 58 f9 f0 8a 3a e7 63 2d 4e 3d dc a4 cb,164,"confined copier,non-copier",01 e7 b0 58 f9 f0 8a 3a e7 63 2d 4e 3d dc a4 00 | 01 ed b0 58 f9 f0 8a 3a e7 63 2d 4e 3d dc a4 00 | 01 ed b0 58 f9 f0 8a 3a e7 63 2d 4e 3d dc 17 00 | 01 ed b0 58 f9 f0 8a 3a e7 63 2d 4e 3d dc a4 00 | 01 ed b0 58 f9 f0 8a 3a e7 63 2d 4e 3d dc a4 00 | 01 ed b0 58 f9 f0 8a 3a e7 63 2d 4e 3d dc 25 00,"confined copier,non-copier,open copier",359,3652,3585,01 c5 01 c5 01 c5 01 c5 01 c5 01 c5 01 c5 01 c5,3947,01 ed b0 58 01 ed b0 ed b0 ed b0 c5 01 43 01 c5,1:c5>ed 2:01>b0 3:c5>58 5:c5>ed 6:01>b0 7:c5>ed 8:01>b0 9:c5>ed 10:01>b0 13:c5>43,5939|11855,3585|3947
31012,6285,5533,5942,01 ed b0 58 01 fd 1b f8 f9 ed e0 ff e0 7e 3c 00,12077,01 ed b0 58 f9 c0 c8 9a 30 1a a2 dc f9 af 00 43,159,"confined copier,non-copier",01 ed b0 e3 f9 c0 c8 9a b3 1a a2 dc f9 04 00 43 | 01 ed b0 58 f9 c0 c8 9a b3 1a a2 dc f9 04 00 43 | 01 ed b0 58 f9 c0 c8 9a b3 1a a2 dc f9 04 00 43 | 01 ed b0 58 f9 c0 c8 9a 06 1a a2 dc f9 04 00 43 | 01 ed b0 58 f9 c0 c8 ba 06 1a a2 dc f9 04 00 43 | 01 ed b0 58 f9 c0 c8 2f 06 1a a2 dc f9 dc f9 43,"confined copier,non-copier,open copier",346,3860,3830,01 c5 01 c5 01 c5 01 c5 01 c5 01 c5 01 c5 01 c5,3906,01 ed b0 58 01 ed b0 ed b0 ed b0 c5 01 c5 01 c5,1:c5>ed 2:01>b0 3:c5>58 5:c5>ed 6:01>b0 7:c5>ed 8:01>b0 9:c5>ed 10:01>b0,5942|12077,3830|3906
31012,19883,5533,3833,01 c5 01 c5 01 c5 01 c5 01 c5 01 c5 01 c5 01 c5,12498,01 ed b0 58 ed b0 2c 58 ed b0 2c 01 ed b0 58 01,221,"confined copier,non-copier",01 ed b0 58 01 ed b0 2c 01 ed b0 58 01 ed b0 58 | 01 ed b0 58 01 ed b0 58 01 ed b0 58 01 ed b0 58 | 01 ed b0 58 01 ed b0 58 01 ed b0 58 01 ed b0 58 | 01 ed b0 58 01 ed b0 58 01 ed b0 58 01 ed b0 58 | 01 ed b0 58 0d 33 f8 68 64 34 d9 49 18 09 2b d6 | 01 ed b0 58 0d 33 f8 68 64 34 d9 49 18 09 2b d6,"confined copier,non-copier,open copier",343,3444,3428,21 e5 21 e5 21 e5 21 e5 21 e5 21 e5 21 e5 21 e5,3913,01 ed b0 58 01 ed b0 ed b0 ed b0 c5 01 43 01 c5,0:21>01 1:e5>ed 2:21>b0 3:e5>58 4:21>01 5:e5>ed 6:21>b0 7:e5>ed 8:21>b0 9:e5>ed 10:21>b0 11:e5>c5 12:21>01 13:e5>43 14:21>01 15:e5>c5,3833|12498,3428|3913
31012,14718,5533,4428,01 01 c5 01 ed b0 b0 58 a8 82 00 b0 b0 c0 96 00,12501,31 08 92 01 ed b0 eb 58 04 07 8e a1 e6 04 d0 a3,210,"confined copier,non-copier",31 08 ff 01 ed b0 eb 58 04 07 8e a1 e6 04 55 a3 | 31 08 ff 01 ed b0 eb 58 04 07 e0 a1 19 04 81 a3 | 31 08 ff 01 ed b0 eb 58 04 07 e0 a1 19 04 d0 a3 | 31 08 14 01 ed b0 eb 58 04 07 e0 a1 e6 04 d0 a3 | 31 08 ff 01 ed b0 eb 58 04 07 e0 a1 e6 04 d0 a3 | 31 08 ff 01 ed b0 eb 58 04 07 e0 a1 e6 04 d0 a3,"confined copier,non-copier,open copier",347,4139,4094,01 01 c5 01 ed b0 b0 58 a8 00 00 b0 b0 c0 01 43,4503,01 01 c5 01 ed b0 d1 58 a8 c8 00 b0 b0 c0 96 00,6:b0>d1 9:00>c8 14:01>96 15:43>00,4428|12501,4094|4503
31012,11817,5533,3833,01 c5 01 c5 01 c5 01 c5 01 c5 01 c5 01 c5 01 c5,12099,01 ed b0 58 51 d2 e1 57 2d 8f 5d 09 fe 02 58 7c,210,"confined copier,non-copier",01 ed b0 58 51 d2 cc 57 2d a3 5d 09 62 02 58 7c | 01 ed b0 58 51 d2 e1 57 2d 8f 5d 09 62 02 58 7c | 01 ed b0 58 51 d2 e1 57 2d 8f 5d 09 62 02 58 7c | 01 ed b0 58 51 d2 e1 57 2d 8f 5d 09 62 02 58 7c | 01 ed b0 58 51 d2 e1 57 2d 8f 5d 09 62 02 58 7c | 01 ed b0 58 51 d2 e1 57 2d 8f 5d 09 62 02 58 7c,"confined copier,non-copier,open copier",338,3554,3428,21 e5 21 e5 21 e5 21 e5 21 e5 21 e5 21 e5 21 e5,3913,01 ed b0 58 01 ed b0 ed b0 ed b0 c5 01 43 01 c5,0:21>01 1:e5>ed 2:21>b0 3:e5>58 4:21>01 5:e5>ed 6:21>b0 7:e5>ed 8:21>b0 9:e5>ed 10:21>b0 11:e5>c5 12:21>01 13:e5>43 14:21>01 15:e5>c5,3833|12099,3428|3913
31012,12142,5533,3884,01 c5 01 c5 01 c5 01 c5 01 c5 01 c5 01 c5 01 c5,11915,39 00 09 6f 79 5a 01 ed b0 58 08 d2 a7 04 00 21,217,"confined copier,non-copier",00 00 09 6f 79 5a 09 ed b0 58 08 d2 a7 04 00 21 | 00 00 09 99 f3 5a 01 ed b0 58 08 d2 a7 04 00 21 | 00 00 09 6f 79 5a 01 ed b0 58 08 d2 a7 04 00 21 | 00 00 09 6f 79 5a 01 ed b0 58 08 d2 a7 04 00 21 | 00 00 09 6f 0f 5a 01 ed b0 58 08 d2 a7 04 00 21 | 00 00 09 6f 79 5a 01 ed b0 58 08 d2 a7 04 00 21,"confined copier,non-copier,open copier",354,3394,3299,21 e5 21 e5 21 e5 21 e5 21 e5 21 e5 21 e5 21 e5,3923,01 ed b0 58 01 ed b0 ed b0 ed b0 c5 01 43 01 c5,0:21>01 1:e5>ed 2:21>b0 3:e5>58 4:21>01 5:e5>ed 6:21>b0 7:e5>ed 8:21>b0 9:e5>ed 10:21>b0 11:e5>c5 12:21>01 13:e5>43 14:21>01 15:e5>c5,3884|11915,3299|3923
31012,10618,5533,3833,01 c5 01 c5 01 c5 01 c5 01 c5 01 c5 01 c5 01 c5,12395,01 ed b0 58 0a d2 e1 09 6f d4 99 7d 92 00 2b 15,237,"confined copier,non-copier",01 ed b0 ae 9a d2 e1 09 dd d4 99 7d 9f 00 2b 46 | 01 ed b0 58 9a d2 e1 09 dd d4 99 7d 9f 00 2b 15 | 01 ed b0 58 9a d2 e1 09 dd d4 99 7d 9f 00 2b 15 | 01 ed b0 58 9a d2 e1 09 dd d4 99 7d 9f 00 2b 15 | 01 ed b0 58 9a d2 e1 09 dd d4 99 7d 9f 00 00 15 | 01 ed b0 58 9a d2 e1 09 dd d4 99 7d 9f 00 00 9e,"confined copier,non-copier,open copier",359,3409,3389,21 e5 21 e5 21 e5 21 e5 21 e5 21 e5 21 e5 21 e5,3913,01 ed b0 58 01 ed b0 ed b0 ed b0 c5 01 43 01 c5,0:21>01 1:e5>ed 2:21>b0 3:e5>58 4:21>01 5:e5>ed 6:21>b0 7:e5>ed 8:21>b0 9:e5>ed 10:21>b0 11:e5>c5 12:21>01 13:e5>43 14:21>01 15:e5>c5,3833|12395,3389|3913
31012,17012,5533,3833,01 c5 01 c5 01 c5 01 c5 01 c5 01 c5 01 c5 01 c5,12529,01 ed b0 58 ea 60 9d 9b f9 f0 b6 cc b9 59 34 b6,232,"confined copier,non-copier",02 ed b0 58 ea 60 9d 9b f9 f0 b6 cc b9 59 34 b6 | 01 ed b0 58 ea 60 5c 4c f9 f0 b6 cc b9 59 34 b6 | 01 ed b0 58 ea 60 9d 4c f9 f0 b6 cc b9 59 34 b6 | 01 ed b0 58 ea 60 9d 4c f9 f0 b6 cc b9 59 1f b6 | 01 ed b0 58 ea 60 9d 4c f9 f0 b6 cc b9 59 1f b6 | 01 ed b0 58 ea 60 f8 4c f9 f0 b6 cc b9 59 5c 00,"confined copier,non-copier,open copier",351,5633,3833,01 c5 01 c5 01 c5 01 c5 01 c5 01 c5 01 c5 01 c5,3913,01 ed b0 58 01 ed b0 ed b0 ed b0 c5 01 43 01 c5,1:c5>ed 2:01>b0 3:c5>58 5:c5>ed 6:01>b0 7:c5>ed 8:01>b0 9:c5>ed 10:01>b0 13:c5>43,3833|12529,3833|3913
31012,9344,5533,5935,01 ed b0 58 01 fd 1b f8 f9 ed e0 ff e0 7e 3c 00,9409,01 ed b0 58 f9 f0 5a 97 4b 23 92 e9 ea 68 00 32,102,"confined copier,non-copier",01 ed b0 58 f8 f0 5a 97 4b 23 92 e9 ea 68 00 32 | 01 ed b0 58 f9 f0 5a 97 4b 23 92 db ea 68 00 32 | 01 ed b0 58 f9 f0 5a 97 80 23 92 db ea 68 00 32 | 01 ed b0 58 f9 f0 5a 97 80 23 92 db 07 68 00 32 | 01 ed b0 58 f9 f0 5a 97 80 23 92 db 07 04 00 32 | 01 ed b0 58 f9 f0 5a 97 80 23 92 db 07 04 00 32,"confined copier,non-copier,open copier",350,3651,3562,01 c5 01 c5 01 c5 01 c5 01 c5 01 c5 01 c5 01 c5,3936,01 ed b0 58 01 ed b0 ed b0 ed b0 c5 01 43 01 c5,1:c5>ed 2:01>b0 3:c5>58 5:c5>ed 6:01>b0 7:c5>ed 8:01>b0 9:c5>ed 10:01>b0 13:c5>43,5935|9409,3562|3936
31012,2269,5533,5951,01 ed b0 58 01 fd 1b f8 f9 ed e0 ff e0 7e 3c 00,11523,01 ed b0 58 f9 f0 8a 3a e7 63 2d 4e 3d dc 25 00,159,"confined copier,non-copier",01 ed b0 db f9 f0 8a 3a e7 3e 2d 4e 3d dc 25 00 | 01 ed b0 58 f9 f0 8a 3a e7 3e 2d 4e 3d dc 25 00 | 01 ed b0 58 f9 f0 8a 3a e7 3e 2d 4e 3d dc 25 00 | 01 ed b0 58 f9 f0 8a 3a e7 3e 2d 4e 3d dc 25 00 | 01 ed b0 58 f9 f0 8a 45 e7 3e 2d 74 3d dc 25 00 | 01 ed b0 58 f9 f0 7f 45 e7 3e 2d 74 3d dc 25 00,"confined copier,non-copier,open copier",354,3439,3420,21 e5 21 e5 21 e5 21 e5 21 e5 21 e5 21 e5 21 e5,3907,01 ed b0 58 01 ed b0 ed b0 ed b0 c5 01 43 01 c5,0:21>01 1:e5>ed 2:21>b0 3:e5>58 4:21>01 5:e5>ed 6:21>b0 7:e5>ed 8:21>b0 9:e5>ed 10:21>b0 11:e5>c5 12:21>01 13:e5>43 14:21>01 15:e5>c5,5951|11523,3420|3907
31012,13577,5533,3839,01 c5 01 c5 01 c5 01 c5 01 c5 01 c5 01 c5 01 c5,12119,d6 cf 5d 5a ad eb 01 ed b0 58 61 d2 a7 ec ca bb,231,"confined copier,non-copier",d6 93 5d 5a ad eb 01 ed b0 58 61 35 a7 ec ca bb | d6 93 5d 71 ad eb 01 ed b0 58 61 d2 a7 ec ca bb | d6 93 5d 5a 82 eb 01 ed b0 58 61 d2 a7 ec ca bb | d6 93 5d 5a ad eb 01 ed b0 58 61 d2 a7 ec ea 80 | d6 93 5d 5a ad eb 01 ed b0 58 61 d2 a7 ec ea 80 | 82 93 5d 5a ad eb 01 ed b0 58 61 d2 a7 ec ea 80,"confined copier,non-copier,open copier",361,3525,3344,21 e5 21 e5 21 e5 21 e5 21 e5 21 e5 21 e5 21 e5,3936,01 ed b0 58 01 ed b0 ed b0 ed b0 c5 01 43 01 c5,0:21>01 1:e5>ed 2:21>b0 3:e5>58 4:21>01 5:e5>ed 6:21>b0 7:e5>ed 8:21>b0 9:e5>ed 10:21>b0 11:e5>c5 12:21>01 13:e5>43 14:21>01 15:e5>c5,3839|12119,3344|3936
31012,19930,5533,3858,01 c5 01 c5 01 c5 01 c5 01 c5 01 c5 01 c5 01 c5,9690,01 ed b0 58 aa a8 6a 33 e0 01 74 21 8e 04 00 03,155,"confined copier,non-copier",01 ed b0 58 aa a8 6a 33 52 01 74 21 8e 04 00 03 | 01 ed b0 58 aa a8 6a 33 e0 01 74 21 8e 04 00 03 | 01 ed b0 58 aa 29 6a 33 e0 01 bb 21 8e 04 00 03 | 01 ed b0 58 aa a8 6a 33 e0 01 bb 21 8e 04 00 03 | 01 ed b0 58 aa a8 6a 33 e0 01 74 21 8e 04 00 03 | 01 ed b0 58 aa a8 6a 33 e0 01 74 21 8e 04 00 03,"confined copier,non-copier,open copier",343,3402,3377,21 e5 21 e5 21 e5 21 e5 21 e5 21 e5 21 e5 21 e5,3947,01 ed b0 58 01 ed b0 ed b0 ed b0 c5 01 43 01 c5,0:21>01 1:e5>ed 2:21>b0 3:e5>58 4:21>01 5:e5>ed 6:21>b0 7:e5>ed 8:21>b0 9:e5>ed 10:21>b0 11:e5>c5 12:21>01 13:e5>43 14:21>01 15:e5>c5,3858|9690,3377|3947
31012,2054,5533,3858,01 c5 01 c5 01 c5 01 c5 01 c5 01 c5 01 c5 01 c5,12438,01 ed b0 58 fa 65 17 24 f9 3e f8 c9 eb 03 00 00,224,"confined copier,non-copier",01 ed b0 58 fa 5f 86 24 f9 d7 f8 c9 eb 03 00 00 | 01 ed b0 58 fa 65 86 24 f9 d7 f8 c9 eb 03 00 00 | 01 ed b0 58 fa 65 86 24 f9 3e f8 c9 eb 03 00 00 | 01 ed b0 58 fa 65 86 24 f9 3e f8 c9 eb 03 00 00 | 01 ed b0 58 fa 65 86 24 f9 3e f8 c9 eb 03 00 00 | 01 ed b0 58 fa 65 86 24 f9 3e f8 c9 eb 03 00 00,"confined copier,non-copier,open copier",353,3435,3415,21 e5 21 e5 21 e5 21 e5 21 e5 21 e5 21 e5 21 e5,3947,01 ed b0 58 01 ed b0 ed b0 ed b0 c5 01 43 01 c5,0:21>01 1:e5>ed 2:21>b0 3:e5>58 4:21>01 5:e5>ed 6:21>b0 7:e5>ed 8:21>b0 9:e5>ed 10:21>b0 11:e5>c5 12:21>01 13:e5>43 14:21>01 15:e5>c5,3858|12438,3415|3947
31012,11298,5533,5610,01 01 45 01 ed b0 9a 58 a8 d0 01 a9 b0 d0 01 25,12204,01 ed b0 58 65 92 f9 62 c9 79 44 7a 6e c7 0e 00,153,"confined copier,non-copier",f8 ed b0 58 65 92 f9 62 c9 79 44 7a 6e c7 0e 00 | 01 ed b0 58 65 92 f9 62 c9 79 44 7a 6e c7 0e 00 | 01 ed b0 58 65 92 f9 62 c9 79 44 7a b5 c7 0e 00 | 01 ed b0 58 65 92 f9 62 c9 79 44 7a b5 c7 0e 00 | 01 ed b0 58 65 62 f9 62 c9 79 44 7a b5 c7 0e 00 | 01 ed b0 58 65 62 f9 62 c9 79 44 7a b5 c7 0e 00,"confined copier,non-copier,open copier",343,4348,4306,01 01 c5 01 ed b0 b0 58 a8 b9 00 b0 b0 c0 96 00,4502,01 01 c5 01 ed b0 d1 58 a8 82 00 b0 b0 c0 96 00,6:b0>d1 9:b9>82,5610|12204,4306|4502
31012,9644,5533,3839,01 c5 01 c5 01 c5 01 c5 01 c5 01 c5 01 c5 01 c5,11427,01 ed b0 58 17 d2 a1 13 6a f5 53 d2 cc 00 38 c0,209,"confined copier,non-copier",01 ed b0 ab 17 d2 a1 f4 6a f5 25 d2 7e 00 00 c0 | 01 ed b0 58 17 d2 a1 f4 6a f5 25 d2 cc 00 00 c0 | 01 ed b0 58 17 d2 a1 f4 6a f5 25 d2 cc 00 00 c0 | 01 ed b0 58 17 d2 a1 f4 6a f5 25 f9 cc 00 00 c0 | 01 ed b0 58 17 d2 a1 f4 6a 57 25 f9 cc 00 00 c0 | 01 ed b0 58 17 d2 a1 f4 6a 57 25 f9 95 00 00 c0,"confined copier,non-copier,open copier",359,3412,3344,21 e5 21 e5 21 e5 21 e5 21 e5 21 e5 21 e5 21 e5,3936,01 ed b0 58 01 ed b0 ed b0 ed b0 c5 01 43 01 c5,0:21>01 1:e5>ed 2:21>b0 3:e5>58 4:21>01 5:e5>ed 6:21>b0 7:e5>ed 8:21>b0 9:e5>ed 10:21>b0 11:e5>c5 12:21>01 13:e5>43 14:21>01 15:e5>c5,3839|11427,3344|3936
31012,17710,5533,4499,01 01 c5 01 ed b0 b0 58 a8 82 00 b0 b0 c0 96 00,12526,31 01 f4 01 ed b0 59 58 d0 3e af a2 51 29 b3 ba,216,"confined copier,non-copier",31 01 84 01 ed b0 59 c6 d0 3e af 52 20 75 b7 ba | 31 01 84 01 ed b0 59 58 d0 3e af 52 20 ad b7 87 | 31 01 84 01 ed b0 59 58 d0 3e af 52 20 75 b7 87 | 31 01 79 01 ed b0 59 58 d0 3e af 52 20 75 b7 87 | 31 01 79 01 ed b0 59 58 d0 3e af 52 20 75 b7 87 | 31 01 79 01 ed b0 59 58 d0 3e af f1 20 75 b7 87,"confined copier,non-copier,open copier",353,4196,4105,01 01 c5 01 ed b0 b0 58 a8 00 00 b0 b0 c0 01 00,4532,01 01 c5 01 ed b0 d1 58 a8 82 00 b0 b0 c0 96 00,6:b0>d1 9:00>82 14:01>96,4499|12526,4105|4532
31012,1832,5533,3858,01 c5 01 c5 01 c5 01 c5 01 c5 01 c5 01 c5 01 c5,8733,01 ed b0 58 1f d2 c6 4b f9 c0 88 8f 6a 54 e9 4e,138,"confined copier,non-copier",01 ed b0 58 1f d2 c6 4b f9 ed 88 8f 6a 54 e9 4e | 01 ed b0 58 1f d2 c6 4b f9 ed 75 8f 6a 54 e9 4e | 01 ed b0 58 1f d2 c6 4b f9 ed 75 8f 6a 54 e9 4e | 01 ed b0 58 95 d2 10 4b f9 ed 75 8f 6a 54 e9 4e | 01 ed b0 58 95 d2 c6 4b f9 ed 75 8f 6a 54 e9 4e | 01 ed b0 58 95 d2 c6 4b f9 ed 75 8f 6a 54 e9 4e,"confined copier,non-copier,open copier",348,3285,3213,21 e5 21 e5 21 e5 21 e5 21 e5 21 e5 21 e5 21 e5,3947,01 ed b0 58 01 ed b0 ed b0 ed b0 c5 01 43 01 c5,0:21>01 1:e5>ed 2:21>b0 3:e5>58 4:21>01 5:e5>ed 6:21>b0 7:e5>ed 8:21>b0 9:e5>ed 10:21>b0 11:e5>c5 12:21>01 13:e5>43 14:21>01 15:e5>c5,3858|8733,3213|3947
31012,996,5533,5939,01 ed b0 58 01 fd 1b f8 f9 ed e0 ff e0 7e 3c 00,11047,01 ed b0 58 f9 f0 7f 45 e7 3e 65 74 3d dc 3c 00,145,"confined copier,non-copier",01 ed b0 7a f9 f0 7f 45 e7 3e 65 74 3d dc 25 00 | 01 ed b0 58 f9 f0 7f 45 77 3e 65 74 12 dc 00 00 | 01 ed b0 58 f9 f0 7f 45 77 3e 65 74 3d dc 00 00 | 01 ed b0 58 f9 f0 7f 45 77 3e 65 74 3d dc 00 00 | 01 ed b0 58 f9 f0 0d 45 77 3e 65 06 3d dc 00 00 | 01 ed b0 58 f9 f0 7f 45 77 3e 65 06 3d dc 00 00,"confined copier,non-copier,open copier",356,3585,3415,21 e5 21 e5 21 e5 21 e5 21 e5 21 e5 21 e5 21 e5,3947,01 ed b0 58 01 ed b0 ed b0 ed b0 c5 01 43 01 c5,0:21>01 1:e5>ed 2:21>b0 3:e5>58 4:21>01 5:e5>ed 6:21>b0 7:e5>ed 8:21>b0 9:e5>ed 10:21>b0 11:e5>c5 12:21>01 13:e5>43 14:21>01 15:e5>c5,5939|11047,3415|3947
31012,18946,5533,3863,01 c5 01 c5 01 c5 01 c5 01 c5 01 c5 01 c5 01 c5,11937,01 ed b0 58 9c 99 e8 08 f9 f0 18 26 48 29 d2 7c,207,"confined copier,non-copier",b3 ed b0 58 9c 99 e8 08 f9 2c 18 26 b0 29 d2 7c | 6e ed b0 58 9c 99 e8 08 f9 f0 18 26 48 29 d2 7c | 01 ed b0 58 9c 99 e8 08 f9 f0 18 b7 48 29 d2 7c | 01 ed b0 58 9c 65 e8 08 f9 f0 18 26 48 29 d2 7c | 01 ed b0 58 9c 65 e8 03 f9 f0 18 26 48 29 d2 7c | 01 ed b0 58 9c 65 e8 c1 f9 f0 18 ab 48 29 d2 7c,"confined copier,non-copier,open copier",341,3744,3692,01 c5 01 c5 01 c5 01 c5 01 c5 01 c5 01 c5 01 c5,3907,01 ed b0 58 01 ed b0 ed b0 ed b0 c5 01 43 01 c5,1:c5>ed 2:01>b0 3:c5>58 5:c5>ed 6:01>b0 7:c5>ed 8:01>b0 9:c5>ed 10:01>b0 13:c5>43,3863|11937,3692|3907
31012,12828,5533,5939,01 ed b0 58 01 fd 1b f8 f9 ed e0 ff e0 7e 3c 00,12506,01 ed b0 58 f9 f0 75 f5 97 f7 b8 3a 00 01 01 57,177,"confined copier,non-copier",01 01 b0 58 f9 f0 75 f5 97 f7 b8 3a 00 01 3a 20 | 01 ed b0 58 f9 f0 75 f5 97 f7 b8 3a 00 01 3a c0 | 01 ed b0 58 f9 f0 f2 f5 97 f7 b8 3a 00 01 3a c0 | 01 ed b0 58 f9 f0 f2 f5 97 f7 b8 69 00 01 3a 00 | 01 ed b0 58 f9 f0 f2 f5 4d f7 b8 3a 00 01 3a 00 | 01 ed b0 58 f9 f0 f2 f5 4d f7 b8 3a 00 01 3a 00,"confined copier,non-copier,open copier",354,3787,3748,01 c5 01 c5 01 c5 01 c5 01 c5 01 c5 01 c5 01 c5,3947,01 ed b0 58 01 ed b0 ed b0 ed b0 c5 01 43 01 c5,1:c5>ed 2:01>b0 3:c5>58 5:c5>ed 6:01>b0 7:c5>ed 8:01>b0 9:c5>ed 10:01>b0 13:c5>43,5939|12506,3748|3947
31012,4763,5533,5932,01 ed b0 58 01 fd 1b f8 f9 ed e0 ff e0 7e 00 00,12034,01 ed b0 58 f9 f0 8c 84 6a 3d c7 45 1e e0 db 0b,168,"confined copier,non-copier",01 ed b0 58 f9 42 8c 16 6a 3d c7 45 1e 94 db 0b | 01 ed b0 58 f9 f0 8c 84 6a 3d c7 45 1e 94 db 97 | 01 ed b0 58 f9 f0 82 84 6a 3d c7 45 1e 94 db e1 | 01 ed b0 58 f9 f0 82 84 6a 3d c7 45 1e 94 db e1 | 01 ed b0 58 f9 f0 82 84 6a 3d c7 45 1e 94 db e1 | 01 ed b0 58 f9 f0 82 84 6a 3d c7 45 1e 94 db e1,"confined copier,non-copier,open copier",361,3884,3838,01 c5 01 c5 01 c5 01 c5 01 c5 01 c5 01 c5 01 c5,3923,01 ed b0 58 01 ed b0 ed b0 ed b0 c5 01 43 01 c5,1:c5>ed 2:01>b0 3:c5>58 5:c5>ed 6:01>b0 7:c5>ed 8:01>b0 9:c5>ed 10:01>b0 13:c5>43,5932|12034,3838|3923
31012,4397,5533,5939,01 ed b0 58 01 fd 1b f8 f9 ed e0 ff e0 7e 3c 00,12376,01 ed b0 58 f9 05 f8 35 dc 64 3c 63 cb f0 ed 5b,171,"confined copier,non-copier",01 ed d5 58 f9 05 f8 35 dc 64 3c 52 cb f0 ed f9 | 00 ed 51 58 f9 05 f8 35 dc e5 3c 52 cb f0 ed 93 | 01 ed b0 58 f9 05 f8 35 dc 64 f6 52 cb f0 ed f9 | 01 ed b0 58 f9 05 f8 35 dc 64 3c ce cb bb ed 93 | 01 ed b0 58 f9 05 f8 35 dc 64 3c 52 cb f0 ed 93 | 01 ed b0 58 f9 05 f8 35 dc 64 3c 52 cb f0 ed 93,"confined copier,non-copier,open copier",352,3828,3787,01 c5 01 c5 01 c5 01 c5 01 c5 01 c5 01 c5 01 c5,3947,01 ed b0 58 01 ed b0 ed b0 ed b0 c5 01 43 01 c5,1:c5>ed 2:01>b0 3:c5>58 5:c5>ed 6:01>b0 7:c5>ed 8:01>b0 9:c5>ed 10:01>b0 13:c5>43,5939|12376,3787|3947
31012,15677,5533,4496,01 01 c5 01 ed b0 b0 58 a8 82 00 b0 b0 c0 96 00,11754,31 01 34 01 ed b0 5d 58 83 d0 b8 a8 5d 9a 51 30,188,"confined copier,non-copier",31 01 34 01 ed b0 5d fe 83 d0 b8 a8 5d 9a 51 30 | 31 01 34 01 ed b0 5d 58 83 d0 b8 0e 5d 4b 51 06 | 31 01 34 01 ed b0 5d 58 83 d0 b8 0e 5d 4b 51 8e | 31 01 34 01 ed b0 5d 58 83 d0 e0 0e 5d 4b 51 7f | 31 01 34 01 ed b0 5d 56 83 d0 b8 0e 5d 4b 51 7f | 31 01 34 01 ed b0 5d 58 83 d0 b8 0e 5d 4b 51 7f,"confined copier,non-copier,open copier",341,4176,4139,01 01 c5 01 ed b0 b0 58 9b 00 00 b0 b0 c0 78 00,4505,01 01 c5 01 ed b0 d1 58 a8 82 00 b0 b0 c0 96 00,6:b0>d1 8:9b>a8 9:00>82 14:78>96,4496|11754,4139|4505
31012,9803,5533,5962,01 ed b0 58 01 fd 1b f8 f9 ed e0 ff e0 7e 3c 00,11981,01 ed b0 58 f9 f0 d6 59 da 9f b4 81 cc 04 00 00,155,"confined copier,non-copier",43 ed b0 58 f9 f0 d6 59 d8 9f b4 e9 cc 04 00 7b | 01 ed b0 58 f9 f0 d6 59 da 9f b4 e9 cc 04 00 7b | 01 ed b0 58 f9 f0 d6 59 da 9f b4 e9 cc 04 00 7b | 01 ed b0 58 f9 f0 d6 59 da 9f b4 e9 cc 52 9c 7b | 01 ed b0 58 f9 f0 d6 59 da 9f b4 e9 cc 52 9c 7b | 01 ed b0 58 f9 f0 d6 59 da 9f b4 e9 cc 52 9c 7b,"confined copier,non-copier,open copier",346,4942,3833,01 c5 01 c5 01 c5 01 c5 01 c5 01 c5 01 c5 01 c5,3913,01 ed b0 58 01 ed b0 ed b0 ed b0 c5 01 43 01 c5,1:c5>ed 2:01>b0 3:c5>58 5:c5>ed 6:01>b0 7:c5>ed 8:01>b0 9:c5>ed 10:01>b0 13:c5>43,5962|11981,3833|3913
31012,10465,5533,3860,01 c5 01 c5 21 c5 21 c5 01 c5 01 c5 21 c5 21 c5,12379,01 ed b0 58 3b d2 a1 12 21 39 51 9f be 7c 8a 0f,225,"confined copier,non-copier",01 ed b0 58 3b d2 51 ff 21 2e 51 9f be 7c 8a 0f | 01 ed b0 58 3b d2 51 ff 21 39 51 9f be 7c 8a 0f | 01 ed b0 58 3b d2 a1 ff 21 39 51 9f be 7c 8a 0f | 00 ed b0 58 3b d2 a1 ff 21 39 51 9f be 7c 8a 0f | 73 ed b0 58 3b d2 a1 ff 21 39 51 9f be 7c 8a 0f | 01 ed b0 58 3b d2 a1 ff 21 39 51 9f be 7c 8a 0f,"confined copier,non-copier,open copier",356,3404,3384,21 e5 21 e5 21 e5 21 e5 21 e5 21 e5 21 e5 21 e5,3906,01 ed b0 58 01 ed b0 ed b0 ed b0 c5 01 c5 01 c5,0:21>01 1:e5>ed 2:21>b0 3:e5>58 4:21>01 5:e5>ed 6:21>b0 7:e5>ed 8:21>b0 9:e5>ed 10:21>b0 11:e5>c5 12:21>01 13:e5>c5 14:21>01 15:e5>c5,3860|12379,3384|3906
31012,18334,5533,3884,01 c5 01 c5 01 c5 01 c5 01 c5 01 c5 01 c5 01 c5,11294,01 ed b0 58 b0 d2 a1 1e 02 60 1c ea da 00 02 fd,204,"confined copier,non-copier",01 ed b0 58 b0 1f a1 1e 02 60 1c ea da 48 02 fd | 01 ed b0 58 b0 1f a1 1e 02 60 1c ea da 48 02 fd | 01 ed b0 58 b0 1f a1 1e 02 60 1c ea da 00 02 fd | 01 ed b0 58 b0 d2 a1 1e 02 60 1c ea da 00 02 fd | 01 ed b0 58 b0 d2 a1 1e 02 60 1c ea da 00 02 fd | 01 ed b0 58 b0 d2 a1 1e 02 d3 1c ea da 00 02 fd,"confined copier,non-copier,open copier",360,3511,3411,21 1e 21 e5 21 e5 21 e5 21 e5 21 e5 21 1e 21 e5,3923,01 ed b0 58 01 ed b0 ed b0 ed b0 c5 01 43 01 c5,0:21>01 1:1e>ed 2:21>b0 3:e5>58 4:21>01 5:e5>ed 6:21>b0 7:e5>ed 8:21>b0 9:e5>ed 10:21>b0 11:e5>c5 12:21>01 13:1e>43 14:21>01 15:e5>c5,3884|11294,3411|3923
31012,16344,5533,3863,01 c5 01 c5 01 c5 01 c5 01 c5 01 c5 01 c5 01 c5,12330,01 ed b0 6a 79 7a 33 58 bf e0 21 26 03 de af 0c,216,"confined copier,non-copier",cf ed b0 6a 79 7a 33 58 bf e0 21 26 03 de af 0c | 01 ed b0 6a 79 7a 33 58 bf e0 21 26 03 de af 0c | 01 ed b0 6a 79 7a 33 58 bf e0 21 26 03 de af 0c | 01 ed b0 6a 79 7a 33 58 bf e0 21 26 03 de af 0c | 01 ed b0 6a 79 7a 33 58 bf e0 21 26 03 de af 0c | 01 ed b0 6a 79 7a 33 58 bf e0 21 26 03 de af 0c,"confined copier,non-copier,open copier",341,3495,3420,21 e5 21 e5 21 e5 21 e5 21 e5 21 e5 21 e5 21 e5,3907,01 ed b0 58 01 ed b0 ed b0 ed b0 c5 01 43 01 c5,0:21>01 1:e5>ed 2:21>b0 3:e5>58 4:21>01 5:e5>ed 6:21>b0 7:e5>ed 8:21>b0 9:e5>ed 10:21>b0 11:e5>c5 12:21>01 13:e5>43 14:21>01 15:e5>c5,3863|12330,3420|3907
31012,7831,5533,4501,01 01 c5 01 ed b0 b0 58 a8 82 00 b0 b0 c0 94 00,11993,31 01 0e 01 ed b0 3f 58 84 d0 33 6f 50 2d b0 58,178,"confined copier,non-copier",30 7a 0e 01 ed b0 3f 58 84 d0 35 6f 50 2d b0 58 | 31 01 0e 01 ed b0 3f 58 84 d0 35 6f 50 2d b0 58 | 31 01 0e 01 ed b0 3f 58 84 d0 35 6f 50 2d b0 58 | 31 01 0e 01 ed b0 3f 58 84 d0 35 6f 50 2d b0 58 | 31 01 0e 01 ed b0 3f 58 84 d0 35 55 50 2d b0 58 | 31 01 0e 01 ed b0 3f 58 84 d0 35 55 50 2d b0 58,"confined copier,non-copier,open copier",339,4425,4423,01 01 c5 01 ed b0 b0 58 a8 82 00 b0 b0 c0 96 00,4502,01 01 c5 01 ed b0 d1 58 a8 82 00 b0 b0 c0 96 00,6:b0>d1,4501|11993,4423|4502
31012,17480,5533,3884,01 c5 01 c5 01 c5 01 c5 01 c5 01 c5 01 c5 01 c5,11051,01 ed b0 eb 8e 9b 33 58 46 e0 13 4e f8 7b 4e 00,184,"confined copier,non-copier",01 ed b0 eb 8e 09 33 58 46 e0 13 4e f8 7b 4e 00 | 01 ed b0 eb 8e 9b 33 58 46 e0 13 0a f8 da 4e 00 | 01 ed b0 3a 8e 9b 33 58 46 e0 13 40 f8 da 3c 04 | 01 ed b0 3a 8e 9b 33 58 46 e0 13 0a f8 da 4e 00 | 01 ed b0 3a 8e 9b 33 58 46 e0 13 40 f8 da 4e 00 | 01 ed b0 3a 8e 9b 33 58 46 e0 13 40 f8 da 3c 04,"confined copier,non-copier,open copier",336,3679,3647,01 c5 01 c5 01 c5 01 c5 01 c5 01 c5 01 c5 01 c5,3923,01 ed b0 58 01 ed b0 ed b0 ed b0 c5 01 43 01 c5,1:c5>ed 2:01>b0 3:c5>58 5:c5>ed 6:01>b0 7:c5>ed 8:01>b0 9:c5>ed 10:01>b0 13:c5>43,3884|11051,3647|3923
31012,10472,5533,3858,01 c5 01 c5 01 c5 01 c5 01 c5 01 c5 01 c5 01 c5,11026,01 ed b0 58 79 d2 a1 d8 e0 62 34 be 86 73 b9 c9,194,"confined copier,non-copier",41 ed b0 58 79 d2 a1 d8 e0 62 34 be 86 73 b9 c9 | 01 ed b0 58 79 6b a1 d8 e0 62 34 be 86 73 b9 c9 | 01 ed b0 58 79 d2 a1 d8 e0 62 34 be 86 73 b9 c9 | 01 ed b0 58 79 d2 a1 3f e0 62 34 be 86 73 b9 c9 | 01 ed b0 58 79 d2 a1 3f e0 62 03 be 86 89 b9 c9 | 01 ed b0 58 79 d2 a1 3f f4 62 34 be 86 72 21 1e,"confined copier,non-copier,open copier",349,3585,3415,21 e5 21 e5 21 e5 21 e5 21 e5 21 e5 21 e5 21 e5,3947,01 ed b0 58 01 ed b0 ed b0 ed b0 c5 01 43 01 c5,0:21>01 1:e5>ed 2:21>b0 3:e5>58 4:21>01 5:e5>ed 6:21>b0 7:e5>ed 8:21>b0 9:e5>ed 10:21>b0 11:e5>c5 12:21>01 13:e5>43 14:21>01 15:e5>c5,3858|11026,3415|3947
31012,13479,5533,3863,01 c5 01 c5 01 c5 01 c5 01 c5 01 c5 01 c5 01 c5,11092,01 ed b0 58 55 c2 a1 5e d8 44 eb da 10 fa 73 00,206,"confined copier,non-copier",01 ed de 58 55 c2 a1 5e d8 44 eb da 10 fa 73 00 | 01 ed b0 58 55 c2 a1 5e d8 44 06 da 10 fa 73 00 | 01 ed b0 58 55 c2 a1 2b d8 44 06 da a0 fa 73 00 | 01 ed b0 58 55 c2 a1 5e d8 44 06 da 10 fa 73 00 | 01 ed b0 58 55 c2 a1 5e d8 44 06 da 10 fa 73 00 | 01 ed b0 58 55 c2 a1 5e d8 44 06 da 10 fa fb 00,"confined copier,non-copier,open copier",365,3291,3238,21 e5 21 e5 21 e5 21 e5 21 e5 21 e5 21 e5 21 e5,3907,01 ed b0 58 01 ed b0 ed b0 ed b0 c5 01 43 01 c5,0:21>01 1:e5>ed 2:21>b0 3:e5>58 4:21>01 5:e5>ed 6:21>b0 7:e5>ed 8:21>b0 9:e5>ed 10:21>b0 11:e5>c5 12:21>01 13:e5>43 14:21>01 15:e5>c5,3863|11092,3238|3907
31012,7570,5533,5935,01 ed b0 58 01 fd 1b f8 f9 ed e0 ff e0 7e 3c 00,9409,01 ed b0 58 f9 f0 5a 97 4b 23 92 e9 ea 68 00 32,102,"confined copier,non-copier",01 ed b0 58 f8 f0 5a 97 4b 23 92 e9 ea 68 00 32 | 01 ed b0 58 f9 f0 5a 97 4b 23 92 db ea 68 00 32 | 01 ed b0 58 f9 f0 5a 97 80 23 92 db ea 68 00 32 | 01 ed b0 58 f9 f0 5a 97 80 23 92 db 07 68 00 32 | 01 ed b0 58 f9 f0 5a 97 80 23 92 db 07 04 00 32 | 01 ed b0 58 f9 f0 5a 97 80 23 92 db 07 04 00 32,"confined copier,non-copier,open copier",348,3651,3562,01 c5 01 c5 01 c5 01 c5 01 c5 01 c5 01 c5 01 c5,3936,01 ed b0 58 01 ed b0 ed b0 ed b0 c5 01 43 01 c5,1:c5>ed 2:01>b0 3:c5>58 5:c5>ed 6:01>b0 7:c5>ed 8:01>b0 9:c5>ed 10:01>b0 13:c5>43,5935|9409,3562|3936
31012,14222,5533,3833,01 c5 01 c5 01 c5 01 c5 01 c5 01 c5 01 c5 01 c5,12109,d6 cf 5d 5a ae eb 01 ed b0 58 61 d2 a7 ec ca bb,231,"confined copier,non-copier",00 93 5d 71 ad eb 01 c0 b0 58 61 d2 a7 ec ca bb | d6 93 5d 5a ad eb 01 ed b0 58 61 d2 a7 ec ca bb | d6 93 5d 5a ad eb 01 ed b0 58 61 d2 a7 ec ca bb | d6 93 5d 5a ad eb 01 ed b0 58 61 d2 a7 ec ea 80 | d6 93 5d 5a ad eb 01 ed b0 58 61 d2 a7 ec ea 80 | 82 93 5d 5a ad eb 01 ed b0 58 61 d2 a7 ec ea 80,"confined copier,non-copier,open copier",362,3880,3833,01 c5 01 c5 01 c5 01 c5 01 c5 01 c5 01 c5 01 c5,3913,01 ed b0 58 01 ed b0 ed b0 ed b0 c5 01 43 01 c5,1:c5>ed 2:01>b0 3:c5>58 5:c5>ed 6:01>b0 7:c5>ed 8:01>b0 9:c5>ed 10:01>b0 13:c5>43,3833|12109,3833|3913
31012,5055,5533,5932,01 ed b0 58 01 fd 1b f8 f9 ed e0 ff e0 7e 00 00,11366,01 ed b0 58 f9 f0 32 2f 30 3d c7 a9 59 94 db e1,144,"confined copier,non-copier",01 ed b0 58 5d f0 32 2f 30 3d c7 a9 59 94 db e1 | 01 ed b0 58 f9 f0 32 2f 30 3d c7 a9 59 94 db e1 | 01 ed b0 58 f9 f0 32 2f 30 3d c7 a9 59 94 0b 00 | 01 ed b0 58 f9 f0 32 2f 30 3d c7 a9 59 94 0b 00 | 01 ed b0 58 f9 f0 32 2f 30 3d c7 a9 59 94 0b 00 | 01 ed b0 58 f9 f0 32 2f 30 3d c7 a9 59 94 0b 00,"confined copier,non-copier,open copier",354,3780,3706,01 c5 01 c5 01 c5 01 c5 01 c5 01 c5 01 c5 01 c5,3923,01 ed b0 58 01 ed b0 ed b0 ed b0 c5 01 43 01 c5,1:c5>ed 2:01>b0 3:c5>58 5:c5>ed 6:01>b0 7:c5>ed 8:01>b0 9:c5>ed 10:01>b0 13:c5>43,5932|11366,3706|3923
31012,3918,5533,5935,01 ed b0 58 01 fd 1b f8 f9 ed e0 ff e0 7e 3c 00,11366,01 ed b0 58 f9 f0 32 2f 30 3d c7 a9 59 94 db e1,143,"confined copier,non-copier",01 ed b0 58 5d f0 32 2f 30 3d c7 a9 59 94 db e1 | 01 ed b0 58 f9 f0 32 2f 30 3d c7 a9 59 94 db e1 | 01 ed b0 58 f9 f0 32 2f 30 3d c7 a9 59 94 0b 00 | 01 ed b0 58 f9 f0 32 2f 30 3d c7 a9 59 94 0b 00 | 01 ed b0 58 f9 f0 32 2f 30 3d c7 a9 59 94 0b 00 | 01 ed b0 58 f9 f0 32 2f 30 3d c7 a9 59 94 0b 00,"confined copier,non-copier,open copier",358,3431,3344,21 e5 21 e5 21 e5 21 e5 21 e5 21 e5 21 e5 21 e5,3936,01 ed b0 58 01 ed b0 ed b0 ed b0 c5 01 43 01 c5,0:21>01 1:e5>ed 2:21>b0 3:e5>58 4:21>01 5:e5>ed 6:21>b0 7:e5>ed 8:21>b0 9:e5>ed 10:21>b0 11:e5>c5 12:21>01 13:e5>43 14:21>01 15:e5>c5,5935|11366,3344|3936
31012,9931,5533,10071,01 ed b0 58 98 96 c6 b1 f9 f8 b3 c4 3e 4c 4e 4c,12329,01 ed b0 58 41 ed c3 b1 f9 f8 6d ce 40 3c 00 7e,62,"confined copier,non-copier",01 ed b0 58 41 ed c3 b1 f9 80 6d ce 40 3c 1e 00 | 01 ed b0 58 41 ed c3 b1 f9 f8 6d ce 40 3c 1e 00 | 01 ed b0 58 41 ed c3 b1 f9 f8 02 ce eb 3c 1e 00 | 01 ed b0 58 41 ed c3 b1 f9 f8 02 ce a7 3c f0 00 | 01 ed b0 58 41 ed c3 b1 f9 f8 02 ce eb 3c f0 00 | 01 ed b0 58 41 ed c3 b1 f9 f8 02 ce eb 3c 1e 00,"confined copier,non-copier,open copier",339,10138,10071,01 ed b0 58 98 96 c6 b1 f9 f8 b3 c4 3e 4c 4e 4c,10176,01 ed b0 58 98 ed c6 b1 f9 f8 b3 d3 3e 4c 4e 16,5:96>ed 11:c4>d3 15:4c>16,10071|12329,10071|10176
31012,17618,5533,3860,01 c5 01 c5 21 c5 21 c5 01 c5 01 c5 21 c5 21 c5,12339,01 ed b0 58 ee e7 8b 86 f9 75 34 e0 42 b5 00 b5,213,"confined copier,non-copier",01 ed b0 58 ee e7 f7 86 f9 75 34 e0 42 b5 00 b5 | 01 ed b0 58 ee e7 8b 8a f9 75 34 e0 42 b5 00 b5 | 01 ed b0 58 ee e7 8b 8a f9 75 34 e0 42 b5 00 4b | 01 ed b0 58 ee 33 8b 8a f9 75 34 e0 42 b5 00 4b | 01 ed b0 58 ca 97 8b bb f9 75 34 e0 42 d8 00 4b | 53 ed b0 58 ca 33 8b bb f9 75 34 e0 42 d8 00 4b,"confined copier,non-copier,open copier",338,3748,3723,01 c5 01 c5 01 c5 01 c5 01 c5 01 c5 01 c5 01 c5,3906,01 ed b0 58 01 ed b0 ed b0 ed b0 c5 01 c5 01 c5,1:c5>ed 2:01>b0 3:c5>58 5:c5>ed 6:01>b0 7:c5>ed 8:01>b0 9:c5>ed 10:01>b0,3860|12339,3723|3906
31012,14926,5533,3839,01 c5 01 c5 01 c5 01 c5 01 c5 01 c5 01 c5 01 c5,11918,01 ed b0 58 cd 66 7b a2 f9 f0 1b 0e 0b 07 77 7b,217,"confined copier,non-copier",01 ed b0 58 cd c4 7b a2 f9 f0 1b 0e c0 07 77 7b | 66 ed b0 58 36 66 7b a2 f9 f0 1b 0e c0 07 77 7b | 01 ed b0 58 cd 66 7b a2 f9 f0 1b 77 7b 07 77 7b | 01 ed b0 58 cd 66 7b a2 f9 f0 1b 77 7b 07 77 7b | 01 ed b0 58 cd 66 7b a2 f9 f0 1b 65 7b 47 6c b8 | 01 ed b0 58 01 66 7b a2 f9 f0 1b 65 01 47 6c b8,"confined copier,non-copier,open copier",353,3813,3786,01 ce 01 c5 01 c5 01 c5 01 c5 01 c5 01 c5 01 c5,3936,01 ed b0 58 01 ed b0 ed b0 ed b0 c5 01 43 01 c5,1:ce>ed 2:01>b0 3:c5>58 5:c5>ed 6:01>b0 7:c5>ed 8:01>b0 9:c5>ed 10:01>b0 13:c5>43,3839|11918,3786|3936
31012,17510,5533,4501,01 01 c5 01 ed b0 b0 58 a8 82 00 b0 b0 c0 94 00,12360,31 01 98 01 ed b0 52 58 c0 7a c7 14 5a 05 00 b8,211,"confined copier,non-copier",31 8a 98 01 ed b0 52 58 c0 7a c7 14 5b ae 00 b8 | 31 01 98 01 ed b0 52 58 c0 7a c7 14 5a 05 00 b8 | 31 01 98 01 ed b0 52 58 e4 7a c7 8d 5a 05 00 b8 | 31 01 98 01 ed b0 52 58 c0 7a c7 8d 5a 05 00 b8 | 31 01 98 01 ed b0 52 58 c0 7a c7 8d 5a 05 00 5a | 31 01 98 01 ed b0 52 58 c0 7a c7 8d 5a 05 00 5b,"confined copier,non-copier,open copier",353,3913,3833,01 c5 01 c5 01 c5 01 c5 01 c5 01 c5 01 c5 01 c5,3913,01 ed b0 58 01 ed b0 ed b0 ed b0 c5 01 43 01 c5,1:c5>ed 2:01>b0 3:c5>58 5:c5>ed 6:01>b0 7:c5>ed 8:01>b0 9:c5>ed 10:01>b0 13:c5>43,4501|12360,3833|3913
31012,10259,5533,5951,01 ed b0 58 01 fd 1b f8 f9 ed e0 ff e0 7e 3c 00,12363,01 ed b0 58 f9 f0 e4 59 24 25 7e e7 22 40 d9 01,168,"confined copier,non-copier",01 ed b0 58 81 f0 e4 59 24 25 7e 74 22 00 d9 01 | 01 ed b0 58 f9 f0 e4 90 24 25 7e 74 22 19 d9 01 | 01 ed b0 58 f9 f0 e4 59 24 25 7e 74 22 00 d9 01 | 01 ed b0 58 f9 f0 e4 3c 24 e1 7e 74 22 00 42 d2 | 01 ed b0 58 f9 f0 e4 3c 24 e1 7e 74 22 00 42 d2 | 01 ed b0 58 f9 f0 ee 3c 24 e1 7e 74 22 00 f3 d2,"confined copier,non-copier,open copier",348,3667,3618,01 c5 01 c5 01 c5 01 c5 01 c5 01 c5 01 c5 01 c5,3907,01 ed b0 58 01 ed b0 ed b0 ed b0 c5 01 43 01 c5,1:c5>ed 2:01>b0 3:c5>58 5:c5>ed 6:01>b0 7:c5>ed 8:01>b0 9:c5>ed 10:01>b0 13:c5>43,5951|12363,3618|3907
31012,1005,5533,5942,01 ed b0 58 01 fd 1b f8 f9 ed e0 ff e0 7e 3c 00,11674,01 ed b0 58 f9 f0 8a 3a e7 63 2d 4e 3d dc a4 00,160,"confined copier,non-copier",01 ed b0 58 cd f0 8a 3a e7 63 2d 4e 3d dc a4 00 | 01 ed b0 58 f9 f0 8a 3a e7 63 2d 4e 3d dc 25 00 | 01 ed b0 58 f9 f0 8a 3a e7 3e 2d 4e 3d dc 25 00 | 01 ed b0 58 f9 f0 8a 3a e7 3e 2d 4e 3d dc 25 00 | 01 ed b0 58 f9 f0 8a 3a e7 3e 2d 4e 3d dc 25 00 | 01 ed b0 58 f9 f0 8a 3a e7 3e 2d 74 3d dc 25 00,"confined copier,non-copier,open copier",355,3598,3535,01 c5 01 c5 01 c5 01 c5 01 c5 01 c5 01 c5 01 c9,3906,01 ed b0 58 01 ed b0 ed b0 ed b0 c5 01 c5 01 c5,1:c5>ed 2:01>b0 3:c5>58 5:c5>ed 6:01>b0 7:c5>ed 8:01>b0 9:c5>ed 10:01>b0 15:c9>c5,5942|11674,3535|3906
31012,483,5533,11398,01 ed b0 58 fd f0 6d ae f9 c0 66 24 30 18 79 28,12351,01 ed b0 58 a0 7f 17 89 f9 c0 65 24 34 18 89 3d,34,"confined copier,non-copier",01 43 b0 58 a0 7f 17 89 f9 c0 65 24 34 18 89 3d | 01 ed b0 58 a0 7f 17 89 f9 c0 65 24 34 18 89 3d | 01 ed b0 58 a0 7f 17 89 1a c0 43 24 34 18 89 3d | 01 ed b0 58 a0 7f 17 89 f9 c0 43 24 34 18 89 3d | 01 ed b0 58 a0 7f 17 89 f9 c0 43 24 34 18 89 3d | 01 ed b0 58 a0 7f 17 89 f9 c0 43 24 34 18 89 3d,"confined copier,non-copier,open copier",348,3420,3385,21 e5 21 e5 21 e5 21 e5 21 e5 21 e5 21 e5 21 e5,3907,01 ed b0 58 01 ed b0 ed b0 ed b0 c5 01 43 01 c5,0:21>01 1:e5>ed 2:21>b0 3:e5>58 4:21>01 5:e5>ed 6:21>b0 7:e5>ed 8:21>b0 9:e5>ed 10:21>b0 11:e5>c5 12:21>01 13:e5>43 14:21>01 15:e5>c5,11398|12351,3385|3907
31012,9499,5533,3839,01 c5 01 c5 01 c5 01 c5 01 c5 01 c5 01 c5 01 c5,12369,01 ed b0 58 0a d2 e1 09 6f d4 99 7d 92 00 2b 15,236,"confined copier,non-copier",01 67 b0 58 9a d2 e1 09 dd d4 99 7d 9f 00 2b 46 | 01 ed b0 58 9a d2 e1 09 dd d4 99 7d 9f 00 2b 46 | 01 ed b0 58 9a d2 e1 09 dd d4 99 7d 9f 00 2b 15 | 01 ed b0 58 9a d2 e1 09 dd d4 99 7d 9f 00 2b 15 | 01 ed b0 58 f8 d2 e1 df dd d4 99 7d 9f 00 00 15 | 01 ed b0 58 9a d2 e1 09 dd d4 99 7d 9f 00 00 9e,"confined copier,non-copier,open copier",359,3431,3344,21 e5 21 e5 21 e5 21 e5 21 e5 21 e5 21 e5 21 e5,3936,01 ed b0 58 01 ed b0 ed b0 ed b0 c5 01 43 01 c5,0:21>01 1:e5>ed 2:21>b0 3:e5>58 4:21>01 5:e5>ed 6:21>b0 7:e5>ed 8:21>b0 9:e5>ed 10:21>b0 11:e5>c5 12:21>01 13:e5>43 14:21>01 15:e5>c5,3839|12369,3344|3936
31012,18775,5533,3858,01 c5 01 c5 01 c5 01 c5 01 c5 01 c5 01 c5 01 c5,11859,01 ed b0 58 0d 33 f8 55 28 7d d9 66 02 3c 06 d6,213,"confined copier,non-copier",01 ed b0 58 0d 72 f8 3c 28 7d d9 66 02 3c 06 d6 | 01 ed b0 58 0d 33 f8 3c 28 7d d9 66 02 3c 06 d6 | 01 ed b0 58 0d 33 f8 3c 28 7d d9 66 02 3c 06 d6 | 01 ed b0 58 0d 33 f8 3c 28 7d d9 66 02 3c 06 00 | 01 ed b0 58 0d 33 f8 3c 28 7d d9 d0 02 3c 22 00 | 01 ed b0 58 0d 33 f8 3c 28 83 d9 fe 02 3c 22 00,"confined copier,non-copier,open copier",349,3377,3335,21 e5 21 e5 21 e5 21 e5 21 e5 21 e5 21 e5 21 e5,3947,01 ed b0 58 01 ed b0 ed b0 ed b0 c5 01 43 01 c5,0:21>01 1:e5>ed 2:21>b0 3:e5>58 4:21>01 5:e5>ed 6:21>b0 7:e5>ed 8:21>b0 9:e5>ed 10:21>b0 11:e5>c5 12:21>01 13:e5>43 14:21>01 15:e5>c5,3858|11859,3335|3947
31012,11376,5533,5939,01 ed b0 58 01 fd 1b f8 f9 ed e0 ff e0 7e 3c 00,11302,01 ed b0 58 f9 f0 ee 85 24 3d 7e 73 09 f5 bd 65,144,"confined copier,non-copier",ba ed b0 58 f9 f0 ee 85 08 3d 7e 78 09 f5 fc 65 | 01 ed b0 58 f9 f0 ee 85 24 3d 7e 78 09 7c fc 94 | 01 ed b0 58 f9 f0 ee 85 24 3d 7e 78 09 f5 fc 65 | 01 ed b0 58 f9 f0 ee 85 24 3d 7e 78 09 f5 fc 94 | 01 ed b0 58 f9 f0 ee 85 24 3d 7e 78 09 7c fc 94 | 01 ed b0 58 f9 f0 ee 85 24 1e 7e 78 90 7c fc 94,"confined copier,non-copier,open copier",348,3718,3652,01 c5 01 c5 01 c5 01 c5 01 c5 01 c5 01 c5 01 c5,3947,01 ed b0 58 01 ed b0 ed b0 ed b0 c5 01 43 01 c5,1:c5>ed 2:01>b0 3:c5>58 5:c5>ed 6:01>b0 7:c5>ed 8:01>b0 9:c5>ed 10:01>b0 13:c5>43,5939|11302,3652|3947
31012,7522,5533,5942,01 ed b0 58 01 fd 1b f8 f9 ed e0 ff e0 7e 3c 00,11422,01 ed b0 58 f9 f0 c1 2e 22 a3 d3 24 63 69 b0 12,149,"confined copier,non-copier",00 ed b0 58 f9 f0 c1 2e 22 a3 d3 24 63 a6 b0 58 | 73 ed b0 58 f9 f0 c1 2e 22 a3 d3 24 63 a6 b0 58 | 01 ed b0 58 f9 f0 c1 2e 22 a3 d3 24 63 a6 b0 58 | 01 ed b0 58 f9 f0 c1 2e 22 a3 d3 24 63 a6 b0 58 | 01 ed b0 58 f9 f0 c1 2e 22 a3 d3 24 63 a6 b0 58 | 01 ed b0 58 f9 f0 c1 2e 22 a3 d3 24 63 a6 b0 58,"confined copier,non-copier,open copier",353,3748,3723,01 c5 01 c5 01 c5 01 c5 01 c5 01 c5 01 c5 01 c5,3906,01 ed b0 58 01 ed b0 ed b0 ed b0 c5 01 c5 01 c5,1:c5>ed 2:01>b0 3:c5>58 5:c5>ed 6:01>b0 7:c5>ed 8:01>b0 9:c5>ed 10:01>b0,5942|11422,3723|3906
31012,3706,5533,5951,01 ed b0 58 01 fd 1b f8 f9 ed e0 ff e0 7e 3c 00,11489,01 ed b0 58 f9 f0 52 94 b0 44 1a cf d7 7b 1c 00,152,"confined copier,non-copier",01 ed b0 58 f9 db 52 94 b0 44 1a cf d7 7b 0d 00 | 01 ed b0 58 f9 f0 52 94 b0 44 1a cf d7 7b fd b0 | 01 ed b0 58 f9 f0 de 94 b0 44 1a cf d7 7b fd b0 | 01 ed b0 58 f9 f0 de 94 b0 44 1a cf d7 7b fd b0 | 01 ed b0 58 f9 f0 de 94 b0 44 1a cf d7 7b fd b0 | 01 ed b0 58 f9 f0 de 94 b0 1c d3 cf d7 7b fd b0,"confined copier,non-copier,open copier",353,3618,3536,01 c5 01 c5 01 c5 01 c5 01 c5 01 c5 01 c5 01 c5,3907,01 ed b0 58 01 ed b0 ed b0 ed b0 c5 01 43 01 c5,1:c5>ed 2:01>b0 3:c5>58 5:c5>ed 6:01>b0 7:c5>ed 8:01>b0 9:c5>ed 10:01>b0 13:c5>43,5951|11489,3536|3907
31012,18234,5533,4499,01 01 c5 01 ed b0 b0 58 a8 82 00 b0 b0 c0 96 00,11955,31 01 f8 01 ed b0 eb 58 d0 99 e0 a1 3f 05 00 39,196,"confined copier,non-copier",eb 01 f8 01 ed b0 eb 58 d0 99 e0 a1 3f 05 00 65 | 31 01 f8 01 ed b0 eb 58 d0 99 e0 a1 3f 05 00 65 | 31 01 f8 01 ed b0 eb 58 d0 99 e0 a1 3f 09 f0 5c | 31 01 f8 01 ed b0 eb 58 d0 99 e0 a1 3f 09 f0 5c | 31 01 f8 01 ed b0 eb 58 d0 99 e0 a1 3f 09 f0 5c | 31 01 f8 01 ed b0 eb 58 d0 99 cc a1 3f 09 02 09,"confined copier,non-copier,open copier",350,3749,3692,01 c5 01 c5 01 c5 01 c5 01 c5 01 c5 01 c5 01 c5,3907,01 ed b0 58 01 ed b0 ed b0 ed b0 c5 01 43 01 c5,1:c5>ed 2:01>b0 3:c5>58 5:c5>ed 6:01>b0 7:c5>ed 8:01>b0 9:c5>ed 10:01>b0 13:c5>43,4499|11955,3692|3907
31012,15378,5533,3884,01 c5 01 c5 01 c5 01 c5 01 c5 01 c5 01 c5 01 c5,12467,01 ee b0 58 fc 33 c5 07 ea 00 e0 ed b0 10 95 5a,217,"confined copier,non-copier",01 ed b0 58 fc 33 9e 07 9a 00 e0 ed b0 10 95 5a | 01 ed b0 58 fc 33 c5 07 9a 00 e0 ed b0 10 95 5a | 01 ed b0 58 fc 33 c5 07 9a 00 e0 ed b0 10 95 5a | 01 ed b0 58 fc 33 c5 07 ea 00 e0 ed b0 10 95 5a | 01 ed b0 58 fc 33 c5 07 ea 00 63 ed b0 00 95 5a | 01 ed b0 58 fc 33 c5 07 ea 00 63 ed b0 10 17 5a,"confined copier,non-copier,open copier",346,3647,3556,01 c5 01 c5 01 c5 01 c5 01 c5 01 c5 01 c5 01 c5,3923,01 ed b0 58 01 ed b0 ed b0 ed b0 c5 01 43 01 c5,1:c5>ed 2:01>b0 3:c5>58 5:c5>ed 6:01>b0 7:c5>ed 8:01>b0 9:c5>ed 10:01>b0 13:c5>43,3884|12467,3556|3923
31013,7683,11027,9801,01 c5 01 c5 01 c5 01 c5 01 c5 01 c5 01 c5 01 c5,17158,ad e3 21 e3 21 e0 ad e0 ad e3 21 e3 21 e0 ad e0,129,"confined copier,non-copier",ad e3 21 e3 21 e0 ad 90 ad e3 21 e3 21 e0 ad e0 | ad e3 21 f8 21 e0 ad e0 ad e3 21 e3 21 e0 ad e0 | ad e3 21 e3 21 e0 ad e0 ad e3 21 e3 21 e0 ad e0 | ad e3 21 e3 21 e0 ad e0 ad e3 21 e3 21 e0 ad e0 | ad e3 21 e3 21 e0 ad e0 ad e3 21 e3 21 e0 ad e0 | ad e3 21 e3 21 e0 ad e0 ad e3 21 e3 21 e0 ad e0,"confined copier,non-copier,open copier",352,9888,9801,01 c5 01 c5 01 c5 01 c5 01 c5 01 c5 01 c5 01 c5,9900,47 e3 21 e3 21 e0 47 e0 47 e3 21 e3 21 e0 47 e0,0:01>47 1:c5>e3 2:01>21 3:c5>e3 4:01>21 5:c5>e0 6:01>47 7:c5>e0 8:01>47 9:c5>e3 10:01>21 11:c5>e3 12:01>21 13:c5>e0 14:01>47 15:c5>e0,9801|17158,9801|9900
31013,2386,11027,9706,01 c5 01 c5 01 c5 01 c5 01 c5 01 c5 01 c5 01 c5,17711,ae e3 21 e3 21 e0 ae e0 ae e3 21 e3 21 e0 ae e3,137,"confined copier,non-copier",ae a3 21 e3 21 e0 ae e0 ae e3 21 e3 21 e0 ae e0 | ae e3 21 e3 21 e0 ae e0 ae e3 21 e3 21 e0 ae e0 | ae e3 21 e3 21 e0 ae e0 ae e3 21 e3 21 e0 ae e0 | ae e3 21 e3 21 e0 ae e0 ae e3 21 4e 21 e0 ae e0 | 21 e3 21 e3 21 e0 ae e0 ae e3 21 e3 21 e0 ae e3 | ae e3 21 e3 21 e0 ae e0 89 e3 21 e3 21 e0 ae e0,"confined copier,non-copier,open copier",351,9888,9706,01 c5 01 c5 01 c5 01 c5 01 c5 01 c5 01 c5 01 c5,9900,47 e3 21 e3 21 e0 47 e0 47 e3 21 e3 21 e0 47 e0,0:01>47 1:c5>e3 2:01>21 3:c5>e3 4:01>21 5:c5>e0 6:01>47 7:c5>e0 8:01>47 9:c5>e3 10:01>21 11:c5>e3 12:01>21 13:c5>e0 14:01>47 15:c5>e0,9706|17711,9706|9900
31013,6153,11027,9799,01 c5 01 c5 01 c5 01 c5 01 c5 01 c5 01 c5 01 e0,17248,b6 e3 21 e3 21 e0 b6 e0 b6 e3 21 e3 21 e0 b6 e0,135,"confined copier,non-copier",b6 e3 21 e3 6b e0 b6 e0 b6 e3 21 e3 21 e0 b6 e0 | b6 e3 21 e3 21 e0 b6 e0 b6 e3 21 e3 21 e0 b6 e0 | b6 e3 21 e3 21 e0 b6 e0 b6 e3 21 e3 21 e0 b6 e0 | b6 e3 21 e3 21 e0 b6 e0 b6 e3 21 e3 21 e0 b6 e0 | b6 e3 21 e3 21 e0 b6 e0 b6 e3 21 e3 21 e0 b6 e0 | b6 e3 21 e3 21 e0 b6 e0 b6 e3 21 e3 21 e0 b6 e0,"confined copier,non-copier,open copier",355,12771,9799,01 c5 01 c5 01 c5 01 c5 01 c5 01 c5 01 c5 01 e0,9902,47 e3 21 e3 21 e0 47 e0 47 e3 21 e3 21 e0 47 e0,0:01>47 1:c5>e3 2:01>21 3:c5>e3 4:01>21 5:c5>e0 6:01>47 7:c5>e0 8:01>47 9:c5>e3 10:01>21 11:c5>e3 12:01>21 13:c5>e0 14:01>47,9799|17248,9799|9902
31013,18143,11027,9809,01 c5 01 c5 01 c5 01 c5 01 e0 01 e0 01 e0 01 c5,17987,ad e3 21 e3 21 e0 ad e0 ad e3 21 e3 21 e0 ad e0,123,"confined copier,non-copier",21 e3 21 e3 21 e0 ad e0 ad e3 21 e3 21 e0 ad 00 | ad e3 21 e3 21 e0 ad e0 ad e3 21 e3 21 e0 ad e0 | ad e3 21 e3 21 e0 ad e0 ad e3 21 e3 21 e0 ad e0 | ad e3 21 e3 21 e0 ad e0 ad e3 21 e3 21 e0 ad e0 | ad e3 21 e3 21 e0 ad e0 ad e3 21 e3 21 e0 ad e0 | ad e3 21 e3 21 e0 ad e0 ad e3 21 e3 21 e0 ad e0,"confined copier,non-copier,open copier",336,9880,9809,01 c5 01 c5 01 c5 01 c5 01 e0 01 e0 01 e0 01 c5,9900,47 e3 21 e3 21 e0 47 e0 47 e3 21 e3 21 e0 47 e0,0:01>47 1:c5>e3 2:01>21 3:c5>e3 4:01>21 5:c5>e0 6:01>47 7:c5>e0 8:01>47 9:e0>e3 10:01>21 11:e0>e3 12:01>21 14:01>47 15:c5>e0,9809|17987,9809|9900
31013,6943,11027,9706,01 c5 01 c5 01 c5 01 c5 01 c5 01 c5 01 c5 01 c5,10800,05 e3 21 e3 21 e0 05 e0 05 e3 21 e3 21 e0 05 e0,40,"confined copier,non-copier",05 ff 21 e3 21 e0 05 e0 05 e3 21 e3 21 e0 05 e0 | 05 e3 21 e3 21 e0 05 e0 05 e3 21 e3 21 e0 05 e0 | 07 e3 21 e3 21 e0 07 e0 07 e3 21 e3 21 e0 07 e0 | 07 e3 21 e3 21 e0 07 e0 12 e3 21 e3 21 e0 07 e0 | 07 e3 21 e3 21 e0 07 e0 07 e3 21 e3 21 e0 07 e0 | 07 e3 21 e3 21 e0 07 e0 07 e3 21 e3 21 e0 07 e0,"confined copier,non-copier,open copier",340,9706,9555,01 c5 01 c5 01 c5 01 c5 01 c5 01 c5 01 c5 01 00,9900,47 e3 21 e3 21 e0 47 e0 47 e3 21 e3 21 e0 47 e0,0:01>47 1:c5>e3 2:01>21 3:c5>e3 4:01>21 5:c5>e0 6:01>47 7:c5>e0 8:01>47 9:c5>e3 10:01>21 11:c5>e3 12:01>21 13:c5>e0 14:01>47 15:00>e0,9706|10800,9555|9900
31013,9030,11027,9755,01 c5 01 c5 01 c5 01 c5 01 c5 01 c5 01 c5 01 c5,17274,ad e3 21 e3 21 e0 ad e0 ad e3 21 e3 21 e0 ad e0,117,"confined copier,non-copier",ad e3 e4 e3 21 e0 ad e0 ad e3 21 e3 21 e0 ad e0 | ad e3 21 e3 21 e0 ad e0 ad e3 21 e3 21 e0 ad e0 | ad e3 21 e3 21 e0 ad e0 ad e3 21 e3 21 e0 ad e0 | ad e3 21 e3 21 e0 ad e0 ad e3 21 e3 73 e0 ad e0 | ad e3 21 e3 21 e0 ad e0 ad e3 21 e3 21 e0 ad e0 | ad e3 21 e3 21 e0 ad e0 ad e3 21 e3 21 e0 ad e0,"confined copier,non-copier,open copier",335,9890,9755,01 c5 01 c5 01 c5 01 c5 01 c5 01 c5 01 c5 01 c5,9900,47 e3 21 e3 21 e0 47 e0 47 e3 21 e3 21 e0 47 e0,0:01>47 1:c5>e3 2:01>21 3:c5>e3 4:01>21 5:c5>e0 6:01>47 7:c5>e0 8:01>47 9:c5>e3 10:01>21 11:c5>e3 12:01>21 13:c5>e0 14:01>47 15:c5>e0,9755|17274,9755|9900
31013,9615,11027,9809,01 c5 01 c5 01 c5 01 c5 01 e0 01 e0 01 e0 01 c5,17603,ad e3 21 e3 21 e0 ad e0 ad e3 21 e3 21 e0 ad e0,127,"confined copier,non-copier",ad e3 21 5b 21 e0 ad e0 ad e3 21 e3 21 e0 ad e0 | ad e3 21 e3 21 e0 ad e0 ad e3 21 e3 21 e0 ad e0 | ad e3 21 e3 21 e0 ad e0 ad c5 21 e3 21 e0 ad e0 | ad e3 21 e3 21 e0 ad e0 ad e3 21 e3 21 e0 ad e0 | ad e3 21 e3 21 e0 ad e0 ad e3 21 e3 21 e0 ad e0 | ad e3 21 e3 21 e0 ad e0 ad e3 21 e3 21 e0 ad e0,"confined copier,non-copier,open copier",319,9890,9809,01 c5 01 c5 01 c5 01 c5 01 e0 01 e0 01 e0 01 c5,9900,47 e3 21 e3 21 e0 47 e0 47 e3 21 e3 21 e0 47 e0,0:01>47 1:c5>e3 2:01>21 3:c5>e3 4:01>21 5:c5>e0 6:01>47 7:c5>e0 8:01>47 9:e0>e3 10:01>21 11:e0>e3 12:01>21 14:01>47 15:c5>e0,9809|17603,9809|9900
31013,8483,11027,9809,01 c5 01 c5 01 c5 01 c5 01 e0 01 e0 01 e0 01 c5,18019,ad e3 21 e3 21 e0 ad e0 ad e3 21 e3 21 e0 ad e0,141,"confined copier,non-copier",ad e3 21 e3 21 e0 a6 e0 ad e3 21 e3 21 e0 ad e0 | ad e3 21 e3 21 e0 ad e0 ad e3 21 e3 21 e0 ad e0 | 21 e3 21 e3 21 e0 ad e0 ad e3 21 e3 21 e0 ad e3 | ad e3 21 e3 21 e0 ad e0 ad e3 21 e3 21 e0 ad e0 | 7b e3 21 e3 21 e0 ad e0 ad e3 21 e3 21 e0 ad e0 | ad e3 21 e3 21 e0 ad e0 ad e3 21 e3 21 e0 ad e0,"confined copier,non-copier,open copier",354,9837,9809,01 c5 01 c5 01 c5 01 c5 01 e0 01 e0 01 e0 01 c5,9900,47 e3 21 e3 21 e0 47 e0 47 e3 21 e3 21 e0 47 e0,0:01>47 1:c5>e3 2:01>21 3:c5>e3 4:01>21 5:c5>e0 6:01>47 7:c5>e0 8:01>47 9:e0>e3 10:01>21 11:e0>e3 12:01>21 14:01>47 15:c5>e0,9809|18019,9809|9900
31013,19651,11027,9801,01 c5 01 c5 01 c5 01 c5 01 c5 01 c5 01 c5 01 c5,17876,5a e3 21 e3 21 e0 5a e0 5a e3 21 e3 21 e0 5a e0,141,"confined copier,non-copier",5a e3 21 e3 21 c1 5a e0 5a e3 21 e3 21 e0 5a e0 | ae e3 21 e3 21 e0 ae e0 ae e3 21 e3 21 e0 ae e0 | ae e3 21 e3 21 e0 ae e0 ae e3 21 e3 21 e0 ae e0 | ae e3 21 e3 21 e0 ae e0 ae 77 21 e3 21 e0 ae e0 | ae e3 21 e3 21 e0 ae e0 ae e3 21 e3 21 e0 ae e0 | ae e3 21 e3 21 e0 ae e0 ae e3 21 e3 21 e0 ae e0,"confined copier,non-copier,open copier",356,10092,9801,01 c5 01 c5 01 c5 01 c5 01 c5 01 c5 01 c5 01 c5,9924,47 e3 21 e3 21 e0 47 e0 47 e3 21 e3 21 e0 47 e0,0:01>47 1:c5>e3 2:01>21 3:c5>e3 4:01>21 5:c5>e0 6:01>47 7:c5>e0 8:01>47 9:c5>e3 10:01>21 11:c5>e3 12:01>21 13:c5>e0 14:01>47 15:c5>e0,9801|17876,9801|9924
31013,1776,11027,9779,01 c5 01 c5 01 c5 01 e0 01 c5 01 c5 01 e0 17 c5,17243,ad e3 21 e3 21 e0 ad e0 5b e3 21 e3 21 e0 ad e0,131,"confined copier,non-copier",2b e3 21 e3 21 e0 ad e0 ad e3 21 e3 21 e0 ad e0 | ad e3 21 e3 21 e0 ad e0 fc e3 21 e3 21 e0 ad e0 | ad e3 21 e3 21 e0 ad e0 ad e3 21 e3 21 e0 ad e0 | ad e3 21 e3 21 e0 ad e0 fa e3 21 e3 21 e0 ad e0 | ad e3 21 e3 21 e0 ad e0 ad e3 21 e3 21 e0 d1 e0 | ad e3 21 e3 21 e0 ad e0 ad e3 21 e3 49 e0 ad e0,"confined copier,non-copier,open copier",333,13858,9779,01 c5 01 c5 01 c5 01 e0 01 c5 01 c5 01 e0 17 c5,9909,47 e3 21 e3 21 e0 47 e0 47 e3 21 e3 21 e0 47 e0,0:01>47 1:c5>e3 2:01>21 3:c5>e3 4:01>21 5:c5>e0 6:01>47 8:01>47 9:c5>e3 10:01>21 11:c5>e3 12:01>21 14:17>47 15:c5>e0,9779|17243,9779|9909
31013,6493,11027,9779,01 c5 01 c5 01 c5 01 e0 01 c5 01 c5 01 e0 17 c5,17350,ad e3 21 e3 21 e0 ad e0 ad e3 21 e3 fe e0 ad e0,132,"confined copier,non-copier",3f e3 21 e3 21 e0 3f a7 3f e3 21 e3 21 e0 3f e0 | 3f e3 21 e3 21 e0 3f e0 3f f0 21 e3 21 e0 3f e0 | 56 e3 21 e3 21 e0 3f e0 3f e3 21 e3 21 e0 3f e0 | 3f e3 21 e3 21 e0 3f e0 3f e3 21 e3 21 e0 3f e0 | 3f e3 21 e3 21 e0 3f e0 3f e3 21 e3 21 e0 3f 3c | 3f e3 21 e3 21 e0 3f e0 3f e3 21 e3 21 e0 3f e0,"confined copier,non-copier,open copier",353,9813,9779,01 c5 01 c5 01 c5 01 e0 01 c5 01 c5 01 e0 17 c5,9900,47 e3 21 e3 21 e0 47 e0 47 e3 21 e3 21 e0 47 e0,0:01>47 1:c5>e3 2:01>21 3:c5>e3 4:01>21 5:c5>e0 6:01>47 8:01>47 9:c5>e3 10:01>21 11:c5>e3 12:01>21 14:17>47 15:c5>e0,9779|17350,9779|9900
31013,2689,11027,9740,01 c5 01 c5 01 c5 01 c5 01 c5 01 c5 01 e0 01 e0,15462,ad e3 21 e3 21 e0 ad e0 ad e3 21 e3 21 e0 ad e0,102,"confined copier,non-copier",ad e3 d1 e3 21 e0 ad e0 ad e3 21 e3 21 e0 ad e0 | ad e3 21 e3 21 e0 ad e0 ad e3 21 e3 21 e0 ad e3 | ad e3 21 e3 21 e0 ad e0 ad e3 21 e3 21 e0 ad e0 | ad e3 21 e3 21 e0 ad e0 ad e3 21 e3 21 e0 ad e0 | ad e3 21 e3 21 e0 ad e0 ad e3 21 e3 21 e0 ad e0 | ad e3 21 e3 21 e0 ad e0 ad e3 21 e3 21 e0 ad e0,"confined copier,non-copier,open copier",319,12758,9740,01 c5 01 c5 01 c5 01 c5 01 c5 01 c5 01 e0 01 e0,9900,47 e3 21 e3 21 e0 47 e0 47 e3 21 e3 21 e0 47 e0,0:01>47 1:c5>e3 2:01>21 3:c5>e3 4:01>21 5:c5>e0 6:01>47 7:c5>e0 8:01>47 9:c5>e3 10:01>21 11:c5>e3 12:01>21 14:01>47,9740|15462,9740|9900
31013,6459,11027,9779,01 c5 01 c5 01 c5 01 e0 01 c5 01 c5 01 e0 17 c5,17890,5a e3 21 e3 21 e0 5a e0 5a e3 21 e3 21 e0 5a e0,130,"confined copier,non-copier",5a e3 21 e3 72 e0 5a e0 5a e3 21 e3 21 e0 5a e0 | 5a e3 21 e3 21 2f 5a e0 5a e3 14 e3 21 e0 5a e0 | 5a e3 21 e3 21 e0 5a e0 5a f5 21 e3 21 e0 5a e0 | b6 e3 21 e3 21 e0 b6 e0 b6 e3 21 e3 21 e0 b6 e0 | b6 e3 21 e3 21 e0 b6 e0 b6 e3 21 e3 21 e0 b6 5b | b6 e3 21 e3 21 e0 b6 e0 b6 e3 21 e3 21 e0 b6 e0,"confined copier,non-copier,open copier",344,9837,9779,01 c5 01 c5 01 c5 01 e0 01 c5 01 c5 01 e0 17 c5,9900,47 e3 21 e3 21 e0 47 e0 47 e3 21 e3 21 e0 47 e0,0:01>47 1:c5>e3 2:01>21 3:c5>e3 4:01>21 5:c5>e0 6:01>47 8:01>47 9:c5>e3 10:01>21 11:c5>e3 12:01>21 14:17>47 15:c5>e0,9779|17890,9779|9900
31013,13834,11027,9755,01 c5 01 c5 01 c5 01 c5 01 c5 01 c5 01 c5 01 c5,17034,ad e3 21 e3 21 e0 ad e0 ad e3 21 e3 21 e0 ad e0,115,"confined copier,non-copier",21 e3 21 e3 21 e0 ad e0 ad e3 21 e3 21 e0 ad e3 | 68 e3 21 e3 21 e0 ad e0 ad e3 21 e3 21 e0 ad e0 | ad e3 21 e3 21 e0 ad e0 ad e3 21 e3 21 e0 ad e0 | ad e3 21 e3 21 e0 ad e0 ad e3 21 e3 21 e0 ad e0 | ad e3 21 e3 21 e0 ad e0 ad e3 21 e3 21 e0 ad e0 | ad e3 21 e3 21 e0 ad e0 ad e3 21 e3 21 e0 ad e0,"confined copier,non-copier,open copier",338,9815,9755,01 c5 01 c5 01 c5 01 c5 01 c5 01 c5 01 c5 01 c5,9900,47 e3 21 e3 21 e0 47 e0 47 e3 21 e3 21 e0 47 e0,0:01>47 1:c5>e3 2:01>21 3:c5>e3 4:01>21 5:c5>e0 6:01>47 7:c5>e0 8:01>47 9:c5>e3 10:01>21 11:c5>e3 12:01>21 13:c5>e0 14:01>47 15:c5>e0,9755|17034,9755|9900
31013,3411,11027,9779,01 c5 01 c5 01 c5 01 e0 01 c5 01 c5 01 e0 17 c5,16822,ad e3 21 e3 21 e0 ad e0 ad e3 21 e3 21 e0 ad e0,129,"confined copier,non-copier",ad 5b 21 e3 21 e0 ad e0 ad e3 21 e3 21 e0 ad e0 | ad e3 21 e3 21 e0 ad e0 ad e3 21 e3 21 e0 ad e0 | ad e3 21 e3 21 e0 ad e0 ad e3 21 e3 21 e0 ad e0 | ad e3 21 e3 21 e0 ad e0 ad e3 21 e3 21 e0 ad e0 | ad e3 21 e3 21 e0 ad e0 4b e3 21 e3 21 e0 ad e0 | ad e3 21 e3 21 e0 ad e0 ad e3 21 e3 21 e0 ad e3,"confined copier,non-copier,open copier",352,9880,9779,01 c5 01 c5 01 c5 01 e0 01 c5 01 c5 01 e0 17 c5,9900,47 e3 21 e3 21 e0 47 e0 47 e3 21 e3 21 e0 47 e0,0:01>47 1:c5>e3 2:01>21 3:c5>e3 4:01>21 5:c5>e0 6:01>47 8:01>47 9:c5>e3 10:01>21 11:c5>e3 12:01>21 14:17>47 15:c5>e0,9779|16822,9779|9900
31013,13762,11027,9755,01 c5 01 c5 01 c5 01 c5 01 c5 01 c5 01 c5 01 c5,17894,81 e3 21 e3 21 e0 81 e0 81 e3 21 e3 21 e0 81 e0,135,"confined copier,non-copier",81 e3 21 e3 21 82 81 e0 81 e3 21 e3 21 e0 81 e0 | 81 e3 21 e3 21 e0 81 e0 81 e3 21 e3 21 e0 81 e0 | 81 e3 21 e3 21 e0 81 e0 81 e3 21 e3 21 e0 81 e0 | ae e3 21 e3 21 e0 ae e0 ae e3 21 e3 21 e0 ae e0 | 54 e3 21 e3 21 e0 54 e0 54 e3 21 e3 21 e0 54 e0 | 54 e3 21 e3 21 e0 54 e0 54 e3 21 e3 21 e0 54 e0,"confined copier,non-copier,open copier",349,9892,9755,01 c5 01 c5 01 c5 01 c5 01 c5 01 c5 01 c5 01 c5,9900,47 e3 21 e3 21 e0 47 e0 47 e3 21 e3 21 e0 47 e0,0:01>47 1:c5>e3 2:01>21 3:c5>e3 4:01>21 5:c5>e0 6:01>47 7:c5>e0 8:01>47 9:c5>e3 10:01>21 11:c5>e3 12:01>21 13:c5>e0 14:01>47 15:c5>e0,9755|17894,9755|9900
31013,11493,11027,9801,01 c5 01 c5 01 c5 01 c5 01 c5 01 c5 01 c5 01 c5,17625,ad e3 21 e3 21 e0 ad e0 ad e3 21 e3 21 e0 ad e0,139,"confined copier,non-copier",e3 e3 21 e3 21 e0 ad e0 ad e3 21 e3 21 e0 ad e0 | ad e3 21 e3 21 e0 ad e0 ad e3 21 e3 21 e0 ad e0 | ad e3 21 e3 21 e0 ad e0 ad e3 21 e3 21 e0 ad e3 | ad e3 21 e3 21 e0 ad e0 ad e3 21 e3 21 e0 ad e0 | ad e3 21 e3 21 e0 ad e0 ad e3 21 e3 21 e0 ad e0 | ad e3 21 e3 21 e0 ad e0 ad e3 21 e3 21 e0 ad e0,"confined copier,non-copier,open copier",356,13100,9801,01 c5 01 c5 01 c5 01 c5 01 c5 01 c5 01 c5 01 c5,9941,47 e3 21 e3 21 e0 47 e0 47 e3 21 e3 21 e0 47 e0,0:01>47 1:c5>e3 2:01>21 3:c5>e3 4:01>21 5:c5>e0 6:01>47 7:c5>e0 8:01>47 9:c5>e3 10:01>21 11:c5>e3 12:01>21 13:c5>e0 14:01>47 15:c5>e0,9801|17625,9801|9941
31013,6499,11027,9801,01 c5 01 c5 01 c5 01 c5 01 c5 01 c5 01 c5 01 c5,17783,ae e3 21 e3 21 e0 ae e0 ae e3 21 e3 21 e0 ae e0,126,"confined copier,non-copier",ae e3 21 e3 21 ba ae e0 ae e3 21 e3 21 e0 ae e0 | ae e3 21 e3 21 e0 ae e0 ae e3 21 e3 21 e0 ae e0 | ae e3 21 e3 21 e0 ae e0 ae e3 21 e3 21 e0 ae e0 | ae e3 21 e3 21 e0 ae e0 ae e3 6e e3 21 e0 ae e0 | 8e e3 21 e3 21 e0 8e e0 8e e3 21 e3 21 e0 8e e0 | 8e e3 21 e3 21 e0 8e e0 8e e3 21 e3 21 e0 8e e0,"confined copier,non-copier,open copier",319,12771,9801,01 c5 01 c5 01 c5 01 c5 01 c5 01 c5 01 c5 01 c5,9944,47 e3 21 e3 21 e0 47 e0 47 e3 21 e3 21 e0 47 e0,0:01>47 1:c5>e3 2:01>21 3:c5>e3 4:01>21 5:c5>e0 6:01>47 7:c5>e0 8:01>47 9:c5>e3 10:01>21 11:c5>e3 12:01>21 13:c5>e0 14:01>47 15:c5>e0,9801|17783,9801|9944
31013,2511,11027,9755,01 c5 01 c5 01 c5 01 c5 01 c5 01 c5 01 c5 01 c5,17833,ad e3 21 e3 21 e0 ad e0 ad e3 21 e3 21 e0 ad e0,130,"confined copier,non-copier",ad e3 21 e3 21 61 ad e3 21 e3 21 e3 21 e0 ad e0 | ad e3 21 e3 21 e0 ad e0 ad e3 21 e3 21 e0 ad e0 | ad e3 21 e3 21 e0 ad e0 ad e3 21 e3 21 e0 ad e0 | ad e3 21 e3 21 e0 ad e0 ad e3 21 e3 21 e0 ad e0 | ad e3 21 e3 21 e0 ad e0 ad e3 21 e3 21 e0 ad e0 | ad e3 21 e3 21 e0 ad e0 ad e3 21 e3 21 e0 ad e0,"confined copier,non-copier,open copier",320,12771,9755,01 c5 01 c5 01 c5 01 c5 01 c5 01 c5 01 c5 01 c5,9901,47 e3 21 e3 21 e0 47 e0 47 3e 21 e3 21 e0 47 e0,0:01>47 1:c5>e3 2:01>21 3:c5>e3 4:01>21 5:c5>e0 6:01>47 7:c5>e0 8:01>47 9:c5>3e 10:01>21 11:c5>e3 12:01>21 13:c5>e0 14:01>47 15:c5>e0,9755|17833,9755|9901
31013,15872,11027,9755,01 c5 01 c5 01 c5 01 c5 01 c5 01 c5 01 c5 01 c5,17448,ae e3 21 e3 21 e0 ae e0 ae e3 ec e3 21 e0 ae e0,131,"confined copier,non-copier",00 43 21 00 21 e0 ae e0 ae e3 21 e3 21 e0 ae e0 | ae e3 21 e3 21 e0 ae e0 ae e3 21 e3 21 e0 ae e0 | ae e3 21 e3 21 e0 ae e0 ae e3 21 e3 21 e0 ae e0 | ae e3 21 e3 21 e0 ae e0 ae e3 21 e3 21 e0 ae e0 | ae e3 21 e3 21 e0 ae e0 ae e3 21 e3 21 e0 ae e0 | ae e3 21 e3 21 e0 ae e0 ae e3 21 e3 21 e0 ae e0,"confined copier,non-copier,open copier",351,9869,9755,01 c5 01 c5 01 c5 01 c5 01 c5 01 c5 01 c5 01 c5,9900,47 e3 21 e3 21 e0 47 e0 47 e3 21 e3 21 e0 47 e0,0:01>47 1:c5>e3 2:01>21 3:c5>e3 4:01>21 5:c5>e0 6:01>47 7:c5>e0 8:01>47 9:c5>e3 10:01>21 11:c5>e3 12:01>21 13:c5>e0 14:01>47 15:c5>e0,9755|17448,9755|9900
31013,13328,11027,9799,01 c5 01 c5 01 c5 01 c5 01 c5 01 c5 01 c5 01 e0,15842,ad e3 21 e3 21 e0 ad e0 ad e3 21 e3 21 e0 ad e0,110,"confined copier,non-copier",21 e3 21 e3 21 e0 ad f5 ad e3 21 e3 21 e0 ad e0 | ad e3 21 e3 21 e0 ad e0 45 e3 21 e3 21 e0 ad e0 | ad e3 21 e3 21 e0 ad e0 ad e3 21 e3 21 e0 ad e0 | ad e3 21 e3 21 e0 ad e0 ad e3 21 e3 21 e0 ad e3 | ad e3 21 e3 21 e0 ad e0 ad e3 21 e3 21 e0 ad e0 | ad e3 21 e3 21 e0 ad e0 ad e3 21 e3 21 e0 ad e0,"confined copier,non-copier,open copier",340,9837,9799,01 c5 01 c5 01 c5 01 c5 01 c5 01 c5 01 c5 01 e0,9900,47 e3 21 e3 21 e0 47 e0 47 e3 21 e3 21 e0 47 e0,0:01>47 1:c5>e3 2:01>21 3:c5>e3 4:01>21 5:c5>e0 6:01>47 7:c5>e0 8:01>47 9:c5>e3 10:01>21 11:c5>e3 12:01>21 13:c5>e0 14:01>47,9799|15842,9799|9900
31013,8185,11027,9698,01 c5 01 c5 01 c5 01 c5 01 c5 01 c5 01 c5 01 c5,17781,ad e3 21 e3 21 e0 ad e0 ad e3 21 e3 21 e0 ad e0,140,"confined copier,non-copier",ad 87 21 e3 0f e0 ad e0 ad e3 21 e3 21 e0 ad e0 | ad e3 21 e3 21 e0 ad e0 ad e3 21 e3 21 e0 ad e0 | ad e3 21 e3 21 e0 ad e0 ad e3 21 e3 a5 e0 ad e0 | 93 e3 21 e3 21 e0 93 e0 93 e3 21 e3 21 e0 93 e0 | 93 e3 21 e3 21 e0 93 e0 93 e3 21 e3 21 e0 93 e0 | 93 e3 21 e3 21 e0 93 e0 93 e3 21 e3 21 e0 93 e0,"confined copier,non-copier,open copier",332,9869,9698,01 c5 01 c5 01 c5 01 c5 01 c5 01 c5 01 c5 01 c5,9900,47 e3 21 e3 21 e0 47 e0 47 e3 21 e3 21 e0 47 e0,0:01>47 1:c5>e3 2:01>21 3:c5>e3 4:01>21 5:c5>e0 6:01>47 7:c5>e0 8:01>47 9:c5>e3 10:01>21 11:c5>e3 12:01>21 13:c5>e0 14:01>47 15:c5>e0,9698|17781,9698|9900
31013,6793,11027,9680,01 c5 01 c5 01 c5 01 c5 01 c5 01 c5 01 c5 01 c5,14843,ad e3 21 e3 21 e0 ad e0 ad e3 21 e3 21 e0 ad e0,88,"confined copier,non-copier",00 76 21 76 21 e0 ad e0 ad e3 21 e3 21 e0 ad e0 | 21 e3 43 e3 21 e0 ad e0 ad e3 21 e3 21 e0 ad e3 | ad e3 21 e3 21 e0 ad e0 ad e3 21 e3 21 e0 ad e0 | ad e3 21 e3 21 e0 ad e0 ad e3 21 e3 21 e0 ad e0 | ad e3 21 e3 21 e0 ad e0 ad e3 21 e3 21 e0 ad e0 | ad e3 21 e3 21 e0 ad e0 ad e3 21 e3 21 e0 ad e0,"confined copier,non-copier,open copier",330,9869,9680,01 c5 01 c5 01 c5 01 c5 01 c5 01 c5 01 c5 01 c5,9900,47 e3 21 e3 21 e0 47 e0 47 e3 21 e3 21 e0 47 e0,0:01>47 1:c5>e3 2:01>21 3:c5>e3 4:01>21 5:c5>e0 6:01>47 7:c5>e0 8:01>47 9:c5>e3 10:01>21 11:c5>e3 12:01>21 13:c5>e0 14:01>47 15:c5>e0,9680|14843,9680|9900
31013,12519,11027,9809,01 c5 01 c5 01 c5 01 c5 01 e0 01 e0 01 e0 01 c5,17797,ad e3 21 e3 21 e0 ad e0 ad e3 21 e3 21 e0 ad e0,130,"confined copier,non-copier",ad e3 21 e3 21 2b ad e0 ad e3 21 e3 21 e0 ad e0 | ad e3 21 e3 21 e0 ad e0 ad e3 21 e3 21 e0 ad e3 | ad e3 21 e3 21 e0 ad e0 ad e3 21 e3 21 e0 ad e0 | ad e3 21 e3 21 e0 ad e0 ad e3 21 e3 21 e0 ad e0 | ad e3 21 e3 21 e0 ad e0 ad e3 21 e3 21 e0 ad e0 | ad e3 21 e3 21 2d ad e0 ad e3 21 e3 21 e0 ad e0,"confined copier,non-copier,open copier",345,9893,9809,01 c5 01 c5 01 c5 01 c5 01 e0 01 e0 01 e0 01 c5,9900,47 e3 21 e3 21 e0 47 e0 47 e3 21 e3 21 e0 47 e0,0:01>47 1:c5>e3 2:01>21 3:c5>e3 4:01>21 5:c5>e0 6:01>47 7:c5>e0 8:01>47 9:e0>e3 10:01>21 11:e0>e3 12:01>21 14:01>47 15:c5>e0,9809|17797,9809|9900
31013,4479,11027,9740,01 c5 01 c5 01 c5 01 c5 01 c5 01 c5 01 e0 01 e0,17421,ae e3 21 e3 21 e0 ae e0 ae e3 21 e3 21 e0 ae e0,132,"confined copier,non-copier",ae 7e 21 e3 21 e0 ae e0 ae e3 21 e3 21 e0 ae e0 | ae e3 21 e3 21 e0 ae e0 ae e3 21 e3 21 e0 ae e0 | 21 e3 21 e3 21 e0 ae e0 ae e3 21 e3 21 e0 ae a1 | ae e3 21 e3 21 e0 ae e0 ae e3 21 e3 21 e0 ae e0 | ae e3 21 e3 21 e0 ae e0 ae e3 21 3b 21 e0 ae e0 | ae e3 21 e3 21 e0 ae e0 ae e3 21 e3 21 e0 ae e0,"confined copier,non-copier,open copier",328,9880,9740,01 c5 01 c5 01 c5 01 c5 01 c5 01 c5 01 e0 01 e0,9900,47 e3 21 e3 21 e0 47 e0 47 e3 21 e3 21 e0 47 e0,0:01>47 1:c5>e3 2:01>21 3:c5>e3 4:01>21 5:c5>e0 6:01>47 7:c5>e0 8:01>47 9:c5>e3 10:01>21 11:c5>e3 12:01>21 14:01>47,9740|17421,9740|9900
31013,14220,11027,9801,01 c5 01 c5 01 c5 01 c5 01 c5 01 c5 01 c5 01 c5,18007,ad e3 21 e3 21 e0 ad e0 ad e3 21 e3 21 e0 ad e0,132,"confined copier,non-copier",ad e3 21 e3 21 64 ad e0 ad e3 21 e3 21 e0 ad e0 | ad e3 21 e3 21 e0 ad e0 ad e3 21 e3 21 e0 ad e0 | 21 e3 21 e3 21 e0 ad e0 ad e3 21 e3 21 e0 ad e3 | 21 e3 21 e3 21 e0 ad e0 ad e3 21 e3 21 e0 ad e3 | bc e3 21 e3 21 e0 ad e0 ad e3 21 e3 21 e0 ad e0 | ad e3 21 e3 21 e0 ad e0 ad e3 21 e3 21 e0 ad e0,"confined copier,non-copier,open copier",321,18007,9801,01 c5 01 c5 01 c5 01 c5 01 c5 01 c5 01 c5 01 c5,9944,47 e3 21 e3 21 e0 47 e0 47 e3 21 e3 21 e0 47 e0,0:01>47 1:c5>e3 2:01>21 3:c5>e3 4:01>21 5:c5>e0 6:01>47 7:c5>e0 8:01>47 9:c5>e3 10:01>21 11:c5>e3 12:01>21 13:c5>e0 14:01>47 15:c5>e0,9801|18007,9801|9944
31013,9108,11027,9801,01 c5 01 c5 01 c5 01 c5 01 c5 01 c5 01 c5 01 c5,16652,ad e3 21 e3 21 e0 ad e0 ad e3 21 e3 21 e0 ad e0,119,"confined copier,non-copier",ad 3c 21 e3 21 e0 ad e0 ad e3 21 e3 21 e0 ad e0 | ad e3 21 e3 21 e0 ad e0 ad e3 21 e3 21 e0 ad e0 | ad e3 21 e3 21 e0 ad e0 ad e3 21 0e 21 e0 ad e0 | ad e3 21 e3 21 e0 ad e0 ad e3 21 e3 21 e0 ad e0 | ad e3 21 e3 21 e0 ad e0 ad f6 21 e3 21 e0 ad e0 | ad e3 21 e3 21 e0 d9 e0 ad e3 21 e3 21 e0 ad e0,"confined copier,non-copier,open copier",324,9813,9801,01 c5 01 c5 01 c5 01 c5 01 c5 01 c5 01 c5 01 c5,9900,47 e3 21 e3 21 e0 47 e0 47 e3 21 e3 21 e0 47 e0,0:01>47 1:c5>e3 2:01>21 3:c5>e3 4:01>21 5:c5>e0 6:01>47 7:c5>e0 8:01>47 9:c5>e3 10:01>21 11:c5>e3 12:01>21 13:c5>e0 14:01>47 15:c5>e0,9801|16652,9801|9900
31013,14819,11027,9706,01 c5 01 c5 01 c5 01 c5 01 c5 01 c5 01 c5 01 c5,16922,ad e3 21 e3 21 e0 ad e0 ad e3 21 e3 21 e0 ad e0,120,"confined copier,non-copier",ad e3 21 57 21 e0 ad e0 ad e3 21 e3 21 e0 ad e0 | ad e3 21 e3 21 e0 ad e0 ad e3 21 e3 21 e0 ad e0 | ad e3 21 e3 21 e0 ad e0 ad e3 21 e3 21 e0 ad e0 | ad e3 21 e3 21 e0 ad e0 ad e3 21 e3 21 e0 ad e0 | 21 e3 21 e3 21 e0 ad e0 ad e3 21 e3 21 e0 ad e3 | ad e3 21 e3 21 e0 ad e0 ad e3 21 e3 21 e0 ad e0,"confined copier,non-copier,open copier",342,13124,9706,01 c5 01 c5 01 c5 01 c5 01 c5 01 c5 01 c5 01 c5,9900,47 e3 21 e3 21 e0 47 e0 47 e3 21 e3 21 e0 47 e0,0:01>47 1:c5>e3 2:01>21 3:c5>e3 4:01>21 5:c5>e0 6:01>47 7:c5>e0 8:01>47 9:c5>e3 10:01>21 11:c5>e3 12:01>21 13:c5>e0 14:01>47 15:c5>e0,9706|16922,9706|9900
31013,19963,11027,9740,01 c5 01 c5 01 c5 01 c5 01 c5 01 c5 01 e0 01 e0,17004,ad e3 21 e3 21 e0 ad e0 ad e3 21 e3 21 e0 ad e0,129,"confined copier,non-copier",21 e3 21 e3 21 e0 ad e0 ad e3 21 e3 21 e0 ad e3 | ad e3 21 e3 21 e0 ad e0 ad e3 21 e3 21 e0 ad e0 | ad e3 21 e3 21 e0 ad e0 ad e3 21 ee 21 e0 ad e0 | ad e3 21 e3 21 e0 ad e0 ad e3 21 e3 21 e0 ad e0 | ad e3 21 e3 21 e0 ad e0 37 e3 21 e3 21 e0 ad e0 | ad e3 21 e3 21 e0 ad e0 ad e3 21 e3 21 e0 ad e0,"confined copier,non-copier,open copier",330,9397,9342,01 c5 01 c5 01 c5 01 c5 01 c5 01 c5 01 c5 01 c5,9900,47 e3 21 e3 21 e0 47 e0 47 e3 21 e3 21 e0 47 e0,0:01>47 1:c5>e3 2:01>21 3:c5>e3 4:01>21 5:c5>e0 6:01>47 7:c5>e0 8:01>47 9:c5>e3 10:01>21 11:c5>e3 12:01>21 13:c5>e0 14:01>47 15:c5>e0,9740|17004,9342|9900
31013,19365,11027,9809,01 c5 01 c5 01 c5 01 c5 01 e0 01 e0 01 e0 01 c5,18003,ae e3 21 e3 21 e0 ae e0 ae e3 21 e3 21 e0 ae e0,130,"confined copier,non-copier",ae e3 21 e3 21 e0 ae 41 ae e3 21 e3 21 e0 ae e0 | ae e3 21 e3 21 e0 ae e0 ae e3 21 e3 21 e0 ae e0 | ae e3 21 e3 21 e0 ae e0 ae e3 21 e3 21 e0 ae e0 | ae e3 21 e3 21 e0 ae e0 ae e3 21 e3 21 e0 ae e0 | ae e3 21 e3 21 e0 ae e0 ae e3 21 e3 21 e0 ae e0 | ae e3 21 e3 21 e0 ae e0 ae e3 21 e3 21 e0 ae e0,"confined copier,non-copier,open copier",319,9880,9809,01 c5 01 c5 01 c5 01 c5 01 e0 01 e0 01 e0 01 c5,9900,47 e3 21 e3 21 e0 47 e0 47 e3 21 e3 21 e0 47 e0,0:01>47 1:c5>e3 2:01>21 3:c5>e3 4:01>21 5:c5>e0 6:01>47 7:c5>e0 8:01>47 9:e0>e3 10:01>21 11:e0>e3 12:01>21 14:01>47 15:c5>e0,9809|18003,9809|9900
31013,3466,11027,9680,01 c5 01 c5 01 c5 01 c5 01 c5 01 c5 01 c5 01 c5,17931,bc e3 21 e3 21 e0 bc e0 bc e3 21 e3 21 e0 bc e0,143,"confined copier,non-copier",bc e3 f4 e3 21 e0 bc e0 bc e3 21 e3 21 e0 bc e0 | bc e3 21 e3 21 e0 bc e0 bc e3 21 e3 21 e0 bc e0 | bc e3 21 e3 21 e0 bc e0 bc e3 21 e3 21 e0 bc e0 | bc e3 21 e3 21 e0 bc e0 bc e3 21 e3 61 e0 bc e0 | bc e3 21 e3 21 e0 bc e0 bc e3 21 e3 21 e0 bc e0 | bc e3 21 e3 21 e0 bc e0 bc e3 21 e3 21 e0 bc e0,"confined copier,non-copier,open copier",356,12783,9680,01 c5 01 c5 01 c5 01 c5 01 c5 01 c5 01 c5 01 c5,9941,47 e3 21 e3 21 e0 47 e0 47 e3 21 e3 21 e0 47 c6,0:01>47 1:c5>e3 2:01>21 3:c5>e3 4:01>21 5:c5>e0 6:01>47 7:c5>e0 8:01>47 9:c5>e3 10:01>21 11:c5>e3 12:01>21 13:c5>e0 14:01>47 15:c5>c6,9680|17931,9680|9941
31013,18070,11027,9801,01 c5 01 c5 01 c5 01 c5 01 c5 01 c5 01 c5 01 c5,17173,ad e3 21 e3 21 e0 ad e0 ad e3 21 e3 21 e0 ad e0,127,"confined copier,non-copier",21 e3 be e3 ad e3 21 e3 21 e3 21 e3 21 e3 21 e3 | ad e3 21 e3 21 e0 ad e0 ad e3 21 e3 21 e0 ad e0 | ad e3 21 e3 21 e0 ad e0 ad e3 21 e3 21 e0 ad e0 | ad e3 21 e3 21 e0 ad e0 ad e3 21 e3 21 e0 ad e0 | 99 e3 21 e3 21 e0 99 e0 99 e3 21 e3 21 e0 99 e0 | b5 e3 21 e3 21 e0 b5 e0 b5 e3 21 e3 21 e0 b5 e0,"confined copier,non-copier,open copier",329,9944,9801,01 c5 01 c5 01 c5 01 c5 01 c5 01 c5 01 c5 01 c5,9944,47 e3 21 e3 21 e0 47 e0 47 e3 21 e3 21 e0 47 e0,0:01>47 1:c5>e3 2:01>21 3:c5>e3 4:01>21 5:c5>e0 6:01>47 7:c5>e0 8:01>47 9:c5>e3 10:01>21 11:c5>e3 12:01>21 13:c5>e0 14:01>47 15:c5>e0,9801|17173,9801|9944
31013,9233,11027,9706,01 c5 01 c5 01 c5 01 c5 01 c5 01 c5 01 c5 01 c5,18008,ad e3 21 e3 21 e0 ad e0 ad e3 21 e3 21 e0 ad e0,134,"confined copier,non-copier",ad e3 21 e3 21 e0 cc e0 ad e3 21 e3 21 e0 ad e0 | ad e3 21 e3 21 e0 ad e0 ad 5b 21 e3 21 e0 ad e0 | ad e3 21 e3 21 e0 ad e0 ad e3 21 e3 21 e0 ad e0 | ad e3 21 e3 21 e0 ad e0 ad e3 21 e3 21 e0 ad e0 | ad e3 21 e3 21 e0 ad e0 ad e3 21 e3 21 e0 ad e0 | ad e3 21 e3 21 e0 ad e0 ad e3 21 e3 21 e0 ad e0,"confined copier,non-copier,open copier",345,14999,9706,01 c5 01 c5 01 c5 01 c5 01 c5 01 c5 01 c5 01 c5,9900,47 e3 21 e3 21 e0 47 e0 47 e3 21 e3 21 e0 47 e0,0:01>47 1:c5>e3 2:01>21 3:c5>e3 4:01>21 5:c5>e0 6:01>47 7:c5>e0 8:01>47 9:c5>e3 10:01>21 11:c5>e3 12:01>21 13:c5>e0 14:01>47 15:c5>e0,9706|18008,9706|9900
31013,11463,11027,9740,01 c5 01 c5 01 c5 01 c5 01 c5 01 c5 01 e0 01 e0,16660,ae e3 21 e3 21 e0 ae e0 ae e3 21 e3 21 e0 ae e0,114,"confined copier,non-copier",ad e3 21 e3 76 e0 ad e5 ad e3 21 e3 21 e0 ad e0 | ad e3 21 e3 21 e0 ad e0 ad e3 21 e3 21 e0 ad e0 | ad e3 21 e3 21 e0 ad e0 ad e3 21 e3 21 e0 ad e0 | ad e3 21 e3 21 e0 ad e0 ad e3 21 e3 21 e0 ad e0 | ad e3 21 e3 21 e0 ad e0 ad e3 21 e3 21 e0 ad e0 | ad e3 21 e3 21 e0 ad e0 ad e3 21 e3 21 e0 ad 00,"confined copier,non-copier,open copier",320,9837,9740,01 c5 01 c5 01 c5 01 c5 01 c5 01 c5 01 e0 01 e0,9900,47 e3 21 e3 21 e0 47 e0 47 e3 21 e3 21 e0 47 e0,0:01>47 1:c5>e3 2:01>21 3:c5>e3 4:01>21 5:c5>e0 6:01>47 7:c5>e0 8:01>47 9:c5>e3 10:01>21 11:c5>e3 12:01>21 14:01>47,9740|16660,9740|9900
31013,17542,11027,9740,01 c5 01 c5 01 c5 01 c5 01 c5 01 c5 01 e0 01 e0,13494,13 e3 21 e3 21 e0 13 e0 13 e3 21 e3 21 e0 13 e0,66,"confined copier,non-copier",13 e0 13 e3 4f 00 00 e0 13 e0 13 e3 4f e3 21 00 | 13 e0 13 e3 4f 00 00 e0 13 e0 13 e3 4f e3 21 e3 | 13 e0 13 e3 4f 00 00 e0 13 e0 13 e3 4f e3 21 00 | 13 e0 13 e3 4f 00 00 e0 13 e0 13 e3 4f e3 21 e3 | 13 e0 13 e3 4f e3 4f e0 13 e0 13 e3 4f e3 4f e0 | 13 e3 21 e3 4f e0 13 e0 13 e3 21 e3 21 e0 13 e0,"confined copier,non-copier,open copier",320,9900,9740,01 c5 01 c5 01 c5 01 c5 01 c5 01 c5 01 e0 01 e0,9900,47 e3 21 e3 21 e0 47 e0 47 e3 21 e3 21 e0 47 e0,0:01>47 1:c5>e3 2:01>21 3:c5>e3 4:01>21 5:c5>e0 6:01>47 7:c5>e0 8:01>47 9:c5>e3 10:01>21 11:c5>e3 12:01>21 14:01>47,9740|13494,9740|9900
31013,13876,11027,9724,01 c5 01 c5 01 c5 01 c5 01 c5 01 c5 01 c5 01 c5,16077,5a e3 21 e3 21 e0 5a e0 5a e3 21 e3 21 e0 5a e0,107,"confined copier,non-copier",5a e3 1d e3 21 e0 5a e0 5a e3 21 e3 21 e0 5a e0 | 5a e3 21 e3 21 e0 5a e0 5a e3 95 e3 21 e0 5a e0 | 5a e3 21 e3 21 e0 5a e0 5a e3 21 e3 21 e0 5a e3 | 5a e3 21 e3 21 e0 5a e0 5a e3 21 e3 21 e0 5a e0 | 5a e3 21 e3 21 e0 5a e0 5a e3 21 e3 21 e0 5a e0 | 5a e3 21 e3 21 e0 5a e0 5a e3 21 e3 21 e0 5a e0,"confined copier,non-copier,open copier",321,9890,9724,01 c5 01 c5 01 c5 01 c5 01 c5 01 c5 01 c5 01 c5,9938,47 e3 21 e3 21 e0 47 e0 47 e3 21 e3 21 e0 47 e0,0:01>47 1:c5>e3 2:01>21 3:c5>e3 4:01>21 5:c5>e0 6:01>47 7:c5>e0 8:01>47 9:c5>e3 10:01>21 11:c5>e3 12:01>21 13:c5>e0 14:01>47 15:c5>e0,9724|16077,9724|9938
31013,18108,11027,9698,01 c5 01 c5 01 c5 01 c5 01 c5 01 c5 01 c5 01 c5,15064,6a e3 21 e3 21 e0 ae e0 ae e3 21 e3 21 e0 ae e0,93,"confined copier,non-copier",ae 20 21 e3 21 e0 ae e0 ae e3 21 e3 21 e0 ae e0 | ae e3 21 e3 21 e0 ae e0 ae e3 21 e3 21 e0 ae e0 | ad e3 21 e3 21 e0 ad e0 ad e3 21 e3 21 e0 ad e0 | ad e3 21 e3 21 e0 ad e0 ad e3 21 e3 40 e0 ad e0 | ad e3 21 e3 21 e0 ad e0 ad e3 21 e3 21 e0 ad e0 | ad e3 21 e3 21 e0 ad e0 ad e3 21 e3 21 e0 ad e0,"confined copier,non-copier,open copier",321,9698,9663,01 c5 01 c5 01 c5 01 c5 01 c5 01 c5 01 c5 01 c5,9900,47 e3 21 e3 21 e0 47 e0 47 e3 21 e3 21 e0 47 e0,0:01>47 1:c5>e3 2:01>21 3:c5>e3 4:01>21 5:c5>e0 6:01>47 7:c5>e0 8:01>47 9:c5>e3 10:01>21 11:c5>e3 12:01>21 13:c5>e0 14:01>47 15:c5>e0,9698|15064,9663|9900
31013,14514,11027,9731,01 c5 01 c5 01 c5 01 c5 01 c5 01 c5 01 c5 01 c5,17153,9e e3 21 e3 21 e0 9e e0 9e e3 df e3 21 e0 9e e0,121,"confined copier,non-copier",9e e3 21 e3 3b e0 9e e0 9e e3 21 93 21 e0 9e e0 | 9e e3 21 e3 21 e0 9e e0 9e e3 21 e3 21 e0 9e e0 | 9e e3 21 e3 21 e0 9e e0 9e e3 21 e3 21 e0 9e e0 | 99 e3 21 e3 21 e0 99 e0 99 e3 21 e3 21 e0 84 e0 | 99 e3 21 e3 21 e0 99 e0 99 e3 21 e3 21 e0 99 e0 | 99 e3 21 e3 21 e0 99 e0 99 e3 21 e3 21 e0 99 e0,"confined copier,non-copier,open copier",319,9944,9731,01 c5 01 c5 01 c5 01 c5 01 c5 01 c5 01 c5 01 c5,9944,47 e3 21 e3 21 e0 47 e0 47 e3 21 e3 21 e0 47 e0,0:01>47 1:c5>e3 2:01>21 3:c5>e3 4:01>21 5:c5>e0 6:01>47 7:c5>e0 8:01>47 9:c5>e3 10:01>21 11:c5>e3 12:01>21 13:c5>e0 14:01>47 15:c5>e0,9731|17153,9731|9944
31013,3207,11027,9706,01 c5 01 c5 01 c5 01 c5 01 c5 01 c5 01 c5 01 c5,16288,ad e3 21 e3 16 e0 ad e0 ad e3 21 e3 21 e0 ad e0,124,"confined copier,non-copier",ad e3 21 e3 21 d1 ad e0 ad e3 21 e3 21 e0 ad e0 | ad e3 21 e3 21 e0 ad e0 ad e3 21 e3 21 e0 ad e0 | ad e3 21 e3 21 e0 ad e0 ad e3 21 e3 21 e0 ad e0 | ad e3 3e e3 21 e0 ad e0 ad e3 21 e3 21 e0 ad e0 | ad e3 21 e3 21 e0 ad e0 ad e3 21 e3 21 e0 ad e0 | ad e3 21 e3 21 e0 ad e0 ad e3 21 e3 21 e0 ad e0,"confined copier,non-copier,open copier",352,9900,9706,01 c5 01 c5 01 c5 01 c5 01 c5 01 c5 01 c5 01 c5,9900,47 e3 21 e3 21 e0 47 e0 47 e3 21 e3 21 e0 47 e0,0:01>47 1:c5>e3 2:01>21 3:c5>e3 4:01>21 5:c5>e0 6:01>47 7:c5>e0 8:01>47 9:c5>e3 10:01>21 11:c5>e3 12:01>21 13:c5>e0 14:01>47 15:c5>e0,9706|16288,9706|9900
31013,2731,11027,9779,01 c5 01 c5 01 c5 01 e0 01 c5 01 c5 01 e0 17 c5,17986,59 e3 21 e3 21 e0 59 e0 59 e3 21 e3 21 a4 59 e0,131,"confined copier,non-copier",59 21 e0 21 21 e0 59 e0 59 e3 21 e3 21 e0 59 e0 | 59 e3 21 e3 21 e0 59 e0 59 e3 21 e3 21 e0 59 00 | 59 e3 21 e3 21 e0 59 e0 59 e3 21 e3 21 e0 59 e0 | ad e3 21 e3 21 e0 ad e0 ad 1f 21 e3 21 e0 ad e0 | ad e3 21 e3 21 e0 ad e0 ad e3 21 e3 21 e0 ad e0 | ad e3 21 e3 21 e0 ad e0 ad e3 21 e3 21 e0 ad e0,"confined copier,non-copier,open copier",321,15303,9779,01 c5 01 c5 01 c5 01 e0 01 c5 01 c5 01 e0 17 c5,9909,47 e3 21 e3 21 e0 47 e0 47 e3 21 e3 21 e0 47 e0,0:01>47 1:c5>e3 2:01>21 3:c5>e3 4:01>21 5:c5>e0 6:01>47 8:01>47 9:c5>e3 10:01>21 11:c5>e3 12:01>21 14:17>47 15:c5>e0,9779|17986,9779|9909
31013,11762,11027,9799,01 c5 01 c5 01 c5 01 c5 01 c5 01 c5 01 c5 01 e0,15302,ad e3 21 e3 21 e0 ad e0 ad e3 21 e3 21 e0 ad e0,110,"confined copier,non-copier",ad e3 f4 e3 21 e0 ad e0 ad e3 21 e3 21 e0 ad e0 | ad e3 21 e3 21 e0 ad e0 ad e3 21 e3 21 e0 ad e0 | ad e3 21 e3 21 e0 ad e0 ad e3 21 e3 21 e0 ad e0 | ad e3 21 e3 21 e0 ad e0 ad e3 21 e3 21 e0 ad e0 | ad e3 21 e3 21 e0 ad e0 ad e3 21 e3 21 e0 ad e0 | ad e3 21 e3 21 e0 ad e0 ad e3 21 e3 21 e0 ad e0,"confined copier,non-copier,open copier",354,9723,9675,01 c5 01 c5 01 c5 01 c5 01 c5 01 c5 01 c5 01 c5,9900,47 e3 21 e3 21 e0 47 e0 47 e3 21 e3 21 e0 47 e0,0:01>47 1:c5>e3 2:01>21 3:c5>e3 4:01>21 5:c5>e0 6:01>47 7:c5>e0 8:01>47 9:c5>e3 10:01>21 11:c5>e3 12:01>21 13:c5>e0 14:01>47 15:c5>e0,9799|15302,9675|9900
31013,8230,11027,9680,01 c5 01 c5 01 c5 01 c5 01 c5 01 c5 01 c5 01 c5,17927,ad e3 21 e3 21 e0 ad e0 ad e3 21 e3 21 e0 ad e0,126,"confined copier,non-copier",21 e3 21 e3 21 e0 ad e0 ad e3 21 e3 21 e0 ad e3 | ad e3 21 e3 21 e0 ad e0 ad e3 21 e3 21 e0 ad e0 | ad e3 21 e3 21 e0 ad e0 ad e3 21 e3 21 e0 ad e0 | 78 e3 21 e3 21 e0 ad e0 ad e3 21 e3 21 e0 ad e0 | ad e3 21 e3 21 e0 ad e0 ad e3 21 e3 21 e0 ad e0 | ad e3 21 e3 21 e0 ad e0 ad e3 21 a3 21 e0 ad e0,"confined copier,non-copier,open copier",338,9893,9680,01 c5 01 c5 01 c5 01 c5 01 c5 01 c5 01 c5 01 c5,9900,47 e3 21 e3 21 e0 47 e0 47 e3 21 e3 21 e0 47 e0,0:01>47 1:c5>e3 2:01>21 3:c5>e3 4:01>21 5:c5>e0 6:01>47 7:c5>e0 8:01>47 9:c5>e3 10:01>21 11:c5>e3 12:01>21 13:c5>e0 14:01>47 15:c5>e0,9680|17927,9680|9900
31013,15897,11027,9740,01 c5 01 c5 01 c5 01 c5 01 c5 01 c5 01 e0 01 e0,16590,ad e3 21 e3 21 e0 ad e0 ad e3 21 e3 21 e0 ad e0,116,"confined copier,non-copier",ad e3 21 39 21 e0 ad e0 ad e3 21 e3 21 e0 ad e0 | ad e3 21 e3 21 e0 ad e0 ad e3 21 e3 21 e0 ad e0 | ad e3 21 e3 21 e0 ad e0 ad e3 21 e3 21 e0 ad d1 | ad e3 21 1c 21 e0 ad e0 ad e3 21 e3 21 e0 ad e3 | ad e3 21 e3 21 e0 ad e0 ad e3 21 e3 21 e0 ad e0 | ad e3 21 e3 21 e0 ad e0 ad e3 21 e3 21 e0 ad e0,"confined copier,non-copier,open copier",340,9892,9740,01 c5 01 c5 01 c5 01 c5 01 c5 01 c5 01 e0 01 e0,9900,47 e3 21 e3 21 e0 47 e0 47 e3 21 e3 21 e0 47 e0,0:01>47 1:c5>e3 2:01>21 3:c5>e3 4:01>21 5:c5>e0 6:01>47 7:c5>e0 8:01>47 9:c5>e3 10:01>21 11:c5>e3 12:01>21 14:01>47,9740|16590,9740|9900
31013,15535,11027,9809,01 c5 01 c5 01 c5 01 c5 01 e0 01 e0 01 e0 01 c5,15761,ad e3 21 e3 21 e0 ad e0 ad e3 21 e3 bc e0 ad e0,105,"confined copier,non-copier",21 e3 21 e3 21 e0 ad e0 ad e3 21 e3 21 e0 ad e3 | ad e3 21 e3 21 e0 ad e0 ad c2 21 e3 21 e0 ad e0 | ad e3 21 e3 21 e0 ad e0 ad e3 21 e3 21 50 ad e0 | ad e3 21 e3 21 e0 ad e0 ad e3 21 e3 21 e0 4e e0 | ad e3 21 e3 21 e0 ad e0 ad e3 21 e3 21 e0 ad e0 | ad e3 21 e3 21 e0 ad e0 ad e3 21 e3 21 e0 ad e0,"confined copier,non-copier,open copier",353,9731,9694,01 c5 01 c5 01 c5 01 c5 01 c5 01 c5 01 c5 01 c5,9900,47 e3 21 e3 21 e0 47 e0 47 e3 21 e3 21 e0 47 e0,0:01>47 1:c5>e3 2:01>21 3:c5>e3 4:01>21 5:c5>e0 6:01>47 7:c5>e0 8:01>47 9:c5>e3 10:01>21 11:c5>e3 12:01>21 13:c5>e0 14:01>47 15:c5>e0,9809|15761,9694|9900
31013,1191,11027,9706,01 c5 01 c5 01 c5 01 c5 01 c5 01 c5 01 c5 01 c5,17992,ad e3 21 e3 21 e0 ad e0 ad e3 21 e3 21 e0 ad e0,138,"confined copier,non-copier",21 e3 21 e3 21 e0 ad e0 ad e3 21 e3 21 e0 ad e3 | ad e3 21 e3 21 e0 ad e0 ad e3 21 e3 21 e0 ad e0 | ad e3 21 e3 21 e0 ad e0 ad e3 21 e3 21 e0 ad e0 | 21 e3 21 e3 21 e0 4c e0 ad e3 21 e3 21 e0 ad e3 | ad e3 21 e3 21 e0 ad e0 ad 98 21 e3 21 e0 ad e0 | ad e3 21 e3 21 e0 ad e0 ad e3 21 e3 21 e0 ad e0,"confined copier,non-copier,open copier",349,11560,9706,01 c5 01 c5 01 c5 01 c5 01 c5 01 c5 01 c5 01 c5,9900,47 e3 21 e3 21 e0 47 e0 47 e3 21 e3 21 e0 47 e0,0:01>47 1:c5>e3 2:01>21 3:c5>e3 4:01>21 5:c5>e0 6:01>47 7:c5>e0 8:01>47 9:c5>e3 10:01>21 11:c5>e3 12:01>21 13:c5>e0 14:01>47 15:c5>e0,9706|17992,9706|9900
31013,7890,11027,9706,01 c5 01 c5 01 c5 01 c5 01 c5 01 c5 01 c5 01 c5,17889,5e e3 21 e3 21 e0 5e e0 5e e3 21 e3 21 e0 5e e0,130,"confined copier,non-copier",5e e3 47 e3 21 e0 5e e0 5e e3 21 e3 21 e0 5e e0 | 5e e3 21 e3 21 e0 5e e0 5e e3 21 e3 21 e0 5e e0 | b6 e3 21 e3 21 e0 b6 e0 b6 e3 21 e3 21 e0 b6 e0 | b6 e3 21 e3 21 e0 b6 e0 b6 e3 21 e3 21 e0 b6 e3 | ad e3 21 e3 21 e0 ad e0 ad e3 21 e3 21 e0 ad e0 | ad e3 21 e3 21 e0 ad e0 ad e3 21 e3 21 e0 ad e0,"confined copier,non-copier,open copier",343,9888,9706,01 c5 01 c5 01 c5 01 c5 01 c5 01 c5 01 c5 01 c5,9900,47 e3 21 e3 21 e0 47 e0 47 e3 21 e3 21 e0 47 e0,0:01>47 1:c5>e3 2:01>21 3:c5>e3 4:01>21 5:c5>e0 6:01>47 7:c5>e0 8:01>47 9:c5>e3 10:01>21 11:c5>e3 12:01>21 13:c5>e0 14:01>47 15:c5>e0,9706|17889,9706|9900
31013,852,11027,9740,01 c5 01 c5 01 c5 01 c5 01 c5 01 c5 01 e0 01 e0,17066,ad e3 21 e3 21 e0 ad e0 ad e3 21 e3 21 e0 ad e0,119,"confined copier,non-copier",21 e3 21 e3 21 e0 3d e0 ad e3 21 e3 21 e0 3d e0 | ad e3 21 e3 21 c6 ad e0 ad e3 21 e3 21 e0 ad e0 | ad e3 21 e3 21 e0 ad e0 ad e3 21 e3 21 e0 ad e0 | ad e3 21 e3 21 e0 ad e0 ad e3 21 e3 21 e0 ad e0 | ad e3 21 e3 21 e0 ad e0 ad e3 21 e3 21 e0 ad e0 | ad e3 21 e3 21 e0 ad e0 ad e3 21 e3 21 e0 85 e0,"confined copier,non-copier,open copier",324,9837,9740,01 c5 01 c5 01 c5 01 c5 01 c5 01 c5 01 e0 01 e0,9900,47 e3 21 e3 21 e0 47 e0 47 e3 21 e3 21 e0 47 e0,0:01>47 1:c5>e3 2:01>21 3:c5>e3 4:01>21 5:c5>e0 6:01>47 7:c5>e0 8:01>47 9:c5>e3 10:01>21 11:c5>e3 12:01>21 14:01>47,9740|17066,9740|9900
31013,18603,11027,9779,01 c5 01 c5 01 c5 01 e0 01 c5 01 c5 01 e0 17 c5,17791,ad e3 21 e3 21 e0 ad e0 ad e3 21 e3 21 2c ad e0,120,"confined copier,non-copier",ad e3 21 e3 21 e0 ad b3 ad e3 21 e3 21 e0 ad e0 | ad e3 21 e3 21 e0 ad e0 ad e3 21 e3 21 e0 ad e0 | ad e3 21 e3 21 e0 ad e0 ad e3 21 e3 21 e0 ad e0 | ad e3 21 e3 21 e0 ad e0 ad e3 21 e3 21 e0 ad e0 | ad e3 21 e3 21 e0 ad e0 ad e3 21 e3 21 e0 97 e0 | ad e3 21 e3 21 e0 ad e0 ad e3 21 e3 21 e0 ad e0,"confined copier,non-copier,open copier",335,9813,9779,01 c5 01 c5 01 c5 01 e0 01 c5 01 c5 01 e0 17 c5,9900,47 e3 21 e3 21 e0 47 e0 47 e3 21 e3 21 e0 47 e0,0:01>47 1:c5>e3 2:01>21 3:c5>e3 4:01>21 5:c5>e0 6:01>47 8:01>47 9:c5>e3 10:01>21 11:c5>e3 12:01>21 14:17>47 15:c5>e0,9779|17791,9779|9900
31013,1980,11027,9799,01 c5 01 c5 01 c5 01 c5 01 c5 01 c5 01 c5 01 e0,15713,1a e3 21 e3 21 e0 1a e0 1a e3 21 e3 21 e0 1a e0,100,"confined copier,non-copier",1a e3 21 e3 21 6f 1a e0 1a e3 21 e3 21 e0 1a e0 | 1a e3 21 e3 21 e0 1a e0 1a e3 21 e3 21 e0 1a e0 | 1a e3 21 e3 21 e0 1a e0 1a e3 21 e3 21 e0 1a e0 | 1a e3 21 e3 21 e0 1a e0 1a e3 21 e3 21 e0 1a e0 | 1a e3 21 e3 21 e0 1a e0 1a e3 21 e3 21 e0 1a e0 | 1a e3 21 e3 21 e0 1a e0 1a e3 21 e3 21 e0 1a e0,"confined copier,non-copier,open copier",324,9837,9799,01 c5 01 c5 01 c5 01 c5 01 c5 01 c5 01 c5 01 e0,9900,47 e3 21 e3 21 e0 47 e0 47 e3 21 e3 21 e0 47 e0,0:01>47 1:c5>e3 2:01>21 3:c5>e3 4:01>21 5:c5>e0 6:01>47 7:c5>e0 8:01>47 9:c5>e3 10:01>21 11:c5>e3 12:01>21 13:c5>e0 14:01>47,9799|15713,9799|9900
31013,8792,11027,9799,01 c5 01 c5 01 c5 01 c5 01 c5 01 c5 01 c5 01 e0,15609,1f e3 21 e3 21 e0 1f e0 1f e3 21 e3 21 e0 1f e0,110,"confined copier,non-copier",1f e3 21 e3 64 e0 1f e0 1f e3 21 e3 21 e0 1f e0 | 1f e3 21 e3 21 e0 1f e0 1f e3 21 e3 21 e0 1f e0 | 1f e3 21 e3 21 e0 1f e0 1f e3 21 e3 21 e0 1f e0 | 1f e3 21 e3 21 e0 1f e0 1f e3 21 e3 21 e0 1f e0 | 1f e3 21 e3 21 e0 1f e0 1f e3 21 e3 21 e0 1f e0 | 1f e3 21 e3 21 e0 1f e0 1f e3 21 e3 21 e0 1f e0,"confined copier,non-copier,open copier",324,13093,9799,01 c5 01 c5 01 c5 01 c5 01 c5 01 c5 01 c5 01 e0,9941,47 e3 21 e3 21 e0 47 e0 47 e3 21 e3 21 e0 47 c6,0:01>47 1:c5>e3 2:01>21 3:c5>e3 4:01>21 5:c5>e0 6:01>47 7:c5>e0 8:01>47 9:c5>e3 10:01>21 11:c5>e3 12:01>21 13:c5>e0 14:01>47 15:e0>c6,9799|15609,9799|9941
31013,17888,11027,9809,01 c5 01 c5 01 c5 01 c5 01 e0 01 e0 01 e0 01 c5,18004,ae e3 21 e3 21 e0 ae e0 ae e3 21 e3 21 e0 ae e0,137,"confined copier,non-copier",ae e3 21 43 21 e0 ae e0 ae e3 21 e3 21 e0 ae e0 | ae e3 21 e3 21 e0 ae e0 ae e3 21 e3 21 e0 ae e0 | ae e3 21 e3 21 e0 ae e0 ae e3 21 e3 21 e0 ae e0 | ae e3 21 e3 21 e0 ae e0 ae e3 21 e3 6b e0 ae e0 | ae e3 21 e3 21 e0 ae e0 ae e3 21 e3 21 e0 ae e0 | ae e3 21 e3 21 e0 ae e0 ae 66 21 e3 21 e0 ae e0,"confined copier,non-copier,open copier",326,9643,9594,00 c5 01 c5 01 c5 01 c5 01 c5 01 c5 01 c5 01 c5,9953,47 e3 21 e3 21 e0 47 e0 47 e3 21 e3 21 e0 47 e0,0:00>47 1:c5>e3 2:01>21 3:c5>e3 4:01>21 5:c5>e0 6:01>47 7:c5>e0 8:01>47 9:c5>e3 10:01>21 11:c5>e3 12:01>21 13:c5>e0 14:01>47 15:c5>e0,9809|18004,9594|9953
31013,19780,11027,9809,01 c5 01 c5 01 c5 01 c5 01 e0 01 e0 01 e0 01 c5,16362,ae e3 21 e3 21 e0 ae e0 ae e3 21 e3 21 e0 ae e0,121,"confined copier,non-copier",ae 00 21 e3 21 e0 ae e0 ae e3 21 e3 21 e0 ae e0 | ae e3 21 e3 e5 e0 ae e0 ae e3 21 e3 21 e0 ae e0 | ae e3 21 e3 21 e0 ae e0 ae e3 21 e3 21 e0 ae e0 | ae e3 21 e3 21 e0 ae e0 ae e3 21 e3 21 e0 ae e0 | ae e3 21 e3 21 e0 ae e0 ae e3 21 e3 21 e0 ae e0 | ae e3 21 e3 21 e0 ae e0 ae e3 21 e3 21 e0 ae e0,"confined copier,non-copier,open copier",352,13487,9809,01 c5 01 c5 01 c5 01 c5 01 e0 01 e0 01 e0 01 c5,9937,47 e3 21 e3 21 e0 47 e0 47 e3 21 e3 7a e0 47 e0,0:01>47 1:c5>e3 2:01>21 3:c5>e3 4:01>21 5:c5>e0 6:01>47 7:c5>e0 8:01>47 9:e0>e3 10:01>21 11:e0>e3 12:01>7a 14:01>47 15:c5>e0,9809|16362,9809|9937
31013,7551,11027,9801,01 c5 01 c5 01 c5 01 c5 01 c5 01 c5 01 c5 01 c5,17830,ad e3 21 e3 21 e0 ad e0 ad e3 21 e3 21 e0 ad e0,129,"confined copier,non-copier",21 e3 21 e3 21 e0 ad e0 ad e3 21 e3 21 e0 ad e3 | ad e3 21 e3 21 e0 ad e0 ad 5e 21 e3 21 e0 ad e0 | ad e3 21 e3 21 e0 ad e0 ad e3 21 3b 21 e0 ad e0 | 78 e3 21 e3 21 e0 ad e0 ad e3 21 e3 21 e0 e5 e0 | ad e3 21 e3 21 e0 ad e0 ad e3 21 e3 21 e0 ad e0 | 90 e3 21 e3 21 e0 90 e0 90 e3 21 38 21 e0 90 e0,"confined copier,non-copier,open copier",345,9888,9801,01 c5 01 c5 01 c5 01 c5 01 c5 01 c5 01 c5 01 c5,9900,47 e3 21 e3 21 e0 47 e0 47 e3 21 e3 21 e0 47 e0,0:01>47 1:c5>e3 2:01>21 3:c5>e3 4:01>21 5:c5>e0 6:01>47 7:c5>e0 8:01>47 9:c5>e3 10:01>21 11:c5>e3 12:01>21 13:c5>e0 14:01>47 15:c5>e0,9801|17830,9801|9900
31013,14095,11027,9740,01 c5 01 c5 01 c5 01 c5 01 c5 01 c5 01 e0 01 e0,16495,ad e3 21 e3 21 e0 ad e0 ad e3 21 e3 21 e3 21 e0,112,"confined copier,non-copier",21 e3 21 e3 21 e0 ad e0 ad e3 21 e3 21 e0 ad e3 | ad e3 21 e3 23 e0 ad e0 ad e3 21 e3 21 e0 ad e0 | ad e3 21 e3 21 e0 ad e0 ad e3 21 e3 21 e0 ad e0 | ad e3 21 e3 21 e0 ad e0 ad e3 21 e3 21 e0 ad e0 | ad e3 21 e3 21 e0 ad e0 ad e3 21 e3 21 e0 ad e0 | ad e3 21 e3 21 e0 ad e0 ad e3 21 e3 21 e0 ad e0,"confined copier,non-copier,open copier",343,9813,9740,01 c5 01 c5 01 c5 01 c5 01 c5 01 c5 01 e0 01 e0,9900,47 e3 21 e3 21 e0 47 e0 47 e3 21 e3 21 e0 47 e0,0:01>47 1:c5>e3 2:01>21 3:c5>e3 4:01>21 5:c5>e0 6:01>47 7:c5>e0 8:01>47 9:c5>e3 10:01>21 11:c5>e3 12:01>21 14:01>47,9740|16495,9740|9900
31013,10514,11027,9755,01 c5 01 c5 01 c5 01 c5 01 c5 01 c5 01 c5 01 c5,16880,ad e3 21 e3 21 e0 ad e0 ad e3 21 e3 21 e0 ad e0,120,"confined copier,non-copier",ad e3 21 e3 21 53 ad e0 ad e3 21 e3 21 e0 ad e0 | ad e3 21 e3 21 62 ad e0 ad e3 21 e3 21 e0 ad e0 | ad e3 21 e3 21 e0 ad e0 ad e3 21 e3 21 e0 ad e0 | ad e3 21 e3 21 e0 ad e0 ad e3 21 e3 21 e0 ad e0 | ad e3 21 e3 21 e0 ad e0 ad e3 21 e3 21 e0 ad 86 | ad e3 21 e3 21 e0 ad e0 ad e3 21 e3 21 e0 ad e0,"confined copier,non-copier,open copier",346,9893,9755,01 c5 01 c5 01 c5 01 c5 01 c5 01 c5 01 c5 01 c5,9900,47 e3 21 e3 21 e0 47 e0 47 e3 21 e3 21 e0 47 e0,0:01>47 1:c5>e3 2:01>21 3:c5>e3 4:01>21 5:c5>e0 6:01>47 7:c5>e0 8:01>47 9:c5>e3 10:01>21 11:c5>e3 12:01>21 13:c5>e0 14:01>47 15:c5>e0,9755|16880,9755|9900
31013,8963,11027,9706,01 c5 01 c5 01 c5 01 c5 01 c5 01 c5 01 c5 01 c5,17284,ad e3 21 e3 21 e0 ad e0 ad e3 21 e3 21 e0 ad e0,133,"confined copier,non-copier",21 e3 21 5c 21 e0 ad e0 ad e3 21 e3 21 e0 ad e0 | ad e3 21 e3 21 e0 ad e0 ad e3 21 e3 21 e0 ad e0 | ad 8b 21 e3 21 e0 ad e0 ad e3 21 e3 21 e0 ad e0 | ad e3 21 e3 21 e0 ad e0 ad e3 21 e3 21 e0 ad e0 | ad e3 21 e3 21 e0 ad e0 ad e3 21 e3 21 e0 ad e0 | ad e3 21 e3 21 e0 ad e0 ad e3 21 e3 21 e0 ad e0,"confined copier,non-copier,open copier",353,9813,9706,01 c5 01 c5 01 c5 01 c5 01 c5 01 c5 01 c5 01 c5,9900,47 e3 21 e3 21 e0 47 e0 47 e3 21 e3 21 e0 47 e0,0:01>47 1:c5>e3 2:01>21 3:c5>e3 4:01>21 5:c5>e0 6:01>47 7:c5>e0 8:01>47 9:c5>e3 10:01>21 11:c5>e3 12:01>21 13:c5>e0 14:01>47 15:c5>e0,9706|17284,9706|9900
31013,12566,11027,9779,01 c5 01 c5 01 c5 01 e0 01 c5 01 c5 01 e0 17 c5,16132,ad e3 21 e3 21 e0 ad e0 ad e3 21 10 21 e0 ad e0,110,"confined copier,non-copier",ad e3 21 e3 21 2f ad e0 ad e3 21 e3 21 e0 ad e0 | ad e3 21 e3 21 e0 ad e0 ad e3 21 e3 21 e0 ad e0 | ad e3 21 e3 21 e0 ad e0 ad e3 21 e3 21 e0 ad e0 | ad e3 21 e3 21 e0 ad e0 ad e3 21 e3 21 e0 ad e0 | ad e3 21 e3 21 e0 ad e0 ad e3 21 e3 21 e0 ad e0 | ad e3 21 e3 21 e0 ad e0 ad e3 21 e3 21 e0 ad e0,"confined copier,non-copier,open copier",319,9706,9667,01 c5 01 c5 01 c5 01 c5 01 c5 01 c5 01 00 00 c5,9900,47 e3 21 e3 21 e0 47 e0 47 e3 21 e3 21 e0 47 e0,0:01>47 1:c5>e3 2:01>21 3:c5>e3 4:01>21 5:c5>e0 6:01>47 7:c5>e0 8:01>47 9:c5>e3 10:01>21 11:c5>e3 12:01>21 13:00>e0 14:00>47 15:c5>e0,9779|16132,9667|9900
31013,17097,11027,9779,01 c5 01 c5 01 c5 01 e0 01 c5 01 c5 01 e0 17 c5,17165,ad e3 21 e3 21 e0 ad e0 ad e3 21 e3 21 e0 ad e0,126,"confined copier,non-copier",be e3 be e3 be e3 21 e3 21 e3 ad e3 21 e3 21 e0 | ad e3 21 e3 21 e0 ad e0 ad e3 21 e3 21 e0 ad e0 | ad e3 21 e3 21 e0 ad e0 ad e3 21 e3 21 e0 ad e0 | ad e3 21 e3 21 e0 ad e0 ad e3 21 e3 21 e0 ad e0 | 99 e3 21 e3 21 e0 99 e0 ae e3 21 e3 21 e0 99 e0 | b5 e3 21 e3 21 e0 b5 e0 b5 e3 21 e3 21 e0 b5 e0,"confined copier,non-copier,open copier",328,9706,9667,01 c5 01 c5 01 c5 01 c5 01 c5 01 c5 01 00 00 c5,9941,47 e3 21 e3 21 e0 47 e0 47 e3 21 e3 21 e0 47 e0,0:01>47 1:c5>e3 2:01>21 3:c5>e3 4:01>21 5:c5>e0 6:01>47 7:c5>e0 8:01>47 9:c5>e3 10:01>21 11:c5>e3 12:01>21 13:00>e0 14:00>47 15:c5>e0,9779|17165,9667|9941
31013,3468,11027,9724,01 c5 01 c5 01 c5 01 c5 01 c5 01 c5 01 c5 01 c5,17641,ad e3 21 e3 21 e0 ad e0 ad e3 21 e3 21 e0 ad e0,128,"confined copier,non-copier",ad e3 21 e3 21 e0 ad fd ad e3 21 e3 21 e0 ad e0 | ad e3 21 e3 21 e0 ad e0 ad e3 21 e3 21 e0 ad e0 | ae e3 21 e3 21 e0 ae e0 ae e3 21 e3 21 e0 ae e0 | ae e3 21 e3 21 e0 ae e0 ae e3 21 e3 21 e0 ae e3 | ae e3 21 e3 21 e0 ae e0 ae e3 21 e3 21 e0 ae e0 | 21 e3 21 e3 21 e0 ae e0 ae e3 21 e3 21 e0 ae e3,"confined copier,non-copier,open copier",319,9890,9724,01 c5 01 c5 01 c5 01 c5 01 c5 01 c5 01 c5 01 c5,9900,47 e3 21 e3 21 e0 47 e0 47 e3 21 e3 21 e0 47 e0,0:01>47 1:c5>e3 2:01>21 3:c5>e3 4:01>21 5:c5>e0 6:01>47 7:c5>e0 8:01>47 9:c5>e3 10:01>21 11:c5>e3 12:01>21 13:c5>e0 14:01>47 15:c5>e0,9724|17641,9724|9900
31013,18841,11027,9740,01 c5 01 c5 01 c5 01 c5 01 c5 01 c5 01 e0 01 e0,17851,54 e3 21 e3 21 e0 54 e0 54 e3 21 e3 21 e0 54 e0,139,"confined copier,non-copier",54 98 21 e3 21 e0 54 e0 54 e3 21 e3 21 e0 54 e0 | 54 e3 21 e3 21 e0 54 e0 54 e3 21 e3 21 e0 54 e0 | 54 e3 21 e3 21 e0 54 e0 54 e3 21 e3 21 e0 54 e0 | 54 e3 21 e3 21 e0 54 e0 54 e3 21 e3 21 e0 54 e0 | 54 e3 21 01 21 e0 54 e0 54 e3 21 e3 21 e0 54 e0 | 54 e3 21 e3 21 e0 54 e0 54 e3 21 e3 21 e0 54 e0,"confined copier,non-copier,open copier",331,9613,9451,01 c5 01 c5 01 c5 01 c5 01 c5 01 c5 64 c5 01 c5,9900,47 e3 21 e3 21 e0 47 e0 47 e3 21 e3 21 e0 47 e0,0:01>47 1:c5>e3 2:01>21 3:c5>e3 4:01>21 5:c5>e0 6:01>47 7:c5>e0 8:01>47 9:c5>e3 10:01>21 11:c5>e3 12:64>21 13:c5>e0 14:01>47 15:c5>e0,9740|17851,9451|9900
31013,8827,11027,9706,01 c5 01 c5 01 c5 01 c5 01 c5 01 c5 01 c5 01 c5,14305,ad e3 21 e3 21 e0 ad e0 ad e3 21 50 21 e0 ad e0,86,"confined copier,non-copier",ad e3 21 2f 21 e0 ad e0 ad e3 21 e3 21 e0 ad e0 | ad e3 21 e3 21 e0 0b e0 ad e3 21 e3 21 e0 ad e0 | ad e3 21 e3 21 e0 ad e0 ad e3 21 e3 21 e0 ad e0 | ad e3 21 e3 21 e0 ad e0 ad e3 21 e3 21 e0 ad e0 | ad e3 21 e3 21 e0 ad e0 ad e3 21 e3 21 e0 ad e0 | ad e3 21 e3 21 e0 ad e0 ad e3 21 e3 21 e0 ad e0,"confined copier,non-copier,open copier",338,9837,9706,01 c5 01 c5 01 c5 01 c5 01 c5 01 c5 01 c5 01 c5,9900,47 e3 21 e3 21 e0 47 e0 47 e3 21 e3 21 e0 47 e0,0:01>47 1:c5>e3 2:01>21 3:c5>e3 4:01>21 5:c5>e0 6:01>47 7:c5>e0 8:01>47 9:c5>e3 10:01>21 11:c5>e3 12:01>21 13:c5>e0 14:01>47 15:c5>e0,9706|14305,9706|9900
31013,2419,11027,9801,01 c5 01 c5 01 c5 01 c5 01 c5 01 c5 01 c5 01 c5,17770,ad e3 21 e3 21 e0 ad e0 ad e3 21 e3 21 e0 ad e0,138,"confined copier,non-copier",ad e3 21 00 21 e0 ad e0 ad e3 21 e3 21 e0 ad e3 | ad e3 21 e3 21 e0 ad e0 ad e3 21 e3 21 e0 ad e0 | ad e3 21 e3 21 e0 ad e0 ad e3 21 e3 21 e0 ad e0 | ad e3 21 e3 21 e0 ad e0 ad e3 21 e3 21 cd ad e0 | ad e3 21 e3 21 e0 ad e0 ad e3 21 e3 21 e0 ad e0 | ad e3 21 e3 21 e0 ad e0 ad e3 21 e3 21 e0 ad e0,"confined copier,non-copier,open copier",329,17056,9801,01 c5 01 c5 01 c5 01 c5 01 c5 01 c5 01 c5 01 c5,9922,47 e3 21 e3 21 e0 47 e0 47 e3 21 e3 21 e0 47 e0,0:01>47 1:c5>e3 2:01>21 3:c5>e3 4:01>21 5:c5>e0 6:01>47 7:c5>e0 8:01>47 9:c5>e3 10:01>21 11:c5>e3 12:01>21 13:c5>e0 14:01>47 15:c5>e0,9801|17770,9801|9922
31013,8257,11027,9801,01 c5 01 c5 01 c5 01 c5 01 c5 01 c5 01 c5 01 c5,17012,ad e3 21 e3 21 e0 ad e0 ad e3 21 e3 21 e0 ad e0,120,"confined copier,non-copier",ad e3 21 e3 96 e0 ad e0 ad e3 21 e3 21 e0 ad e0 | ad e3 21 e3 21 e0 ad e0 e4 e3 21 e3 21 e0 ad e0 | ad e3 21 e3 21 e0 ad e0 ad e3 21 e3 21 e0 ad f2 | ad e3 21 e3 21 e0 ad e0 ad e3 21 39 21 e0 ad e0 | ad e3 21 e3 21 e0 ad e0 ad e3 21 e3 21 e0 ad e0 | ad e3 21 e3 21 e0 ad e0 ad e3 21 e3 21 e0 ad e3,"confined copier,non-copier,open copier",319,9672,9569,01 c5 01 c5 01 c5 01 c5 01 c5 01 c5 01 c5 01 c5,9944,47 e3 21 e3 21 e0 47 e0 47 e3 21 e3 21 e0 47 e0,0:01>47 1:c5>e3 2:01>21 3:c5>e3 4:01>21 5:c5>e0 6:01>47 7:c5>e0 8:01>47 9:c5>e3 10:01>21 11:c5>e3 12:01>21 13:c5>e0 14:01>47 15:c5>e0,9801|17012,9569|9944
31013,16954,11027,9698,01 c5 01 c5 01 c5 01 c5 01 c5 01 c5 01 c5 01 c5,15808,85 e3 21 e3 21 e0 85 e0 85 e3 21 e3 21 e0 85 e0,117,"confined copier,non-copier",21 e3 21 e3 21 e0 ad e0 ad e3 21 e3 21 e0 ad e3 | ad e3 21 e3 21 e0 ad e0 ad e3 3d e3 21 e0 ad e0 | 21 e3 21 e3 21 e0 ad e0 ad e3 21 e3 21 e0 ad e3 | ad e3 21 e3 21 e0 ad e0 ad e3 21 e3 21 e0 ad e0 | ad e3 21 e3 21 e0 ad e0 ad e3 21 e3 6d e0 ad e0 | ad e3 21 e3 21 e0 ad e0 ad e3 21 e3 21 e0 ad e0,"confined copier,non-copier,open copier",327,14336,9698,01 c5 01 c5 01 c5 01 c5 01 c5 01 c5 01 c5 01 c5,9902,47 e3 21 e3 21 e0 47 e0 47 e3 21 e3 21 e0 47 e0,0:01>47 1:c5>e3 2:01>21 3:c5>e3 4:01>21 5:c5>e0 6:01>47 7:c5>e0 8:01>47 9:c5>e3 10:01>21 11:c5>e3 12:01>21 13:c5>e0 14:01>47 15:c5>e0,9698|15808,9698|9902
