label,L,seed,which,pos,frac_herit,frac_faith,frac_trans,frac_both,n_vals,transmissible,byte
L16_s7001_first,16,7001,first,0,0.9058823529411765,0.611764705882353,0.0,0.0,255,False,01
L16_s7001_first,16,7001,first,1,0.8901960784313725,0.8235294117647058,0.12549019607843137,0.11764705882352941,255,False,c5
L16_s7001_first,16,7001,first,2,0.803921568627451,0.17647058823529413,0.023529411764705882,0.01568627450980392,255,False,01
L16_s7001_first,16,7001,first,3,0.34509803921568627,0.11764705882352941,0.03529411764705882,0.00392156862745098,255,False,c5
L16_s7001_first,16,7001,first,4,0.9215686274509803,0.7764705882352941,0.00392156862745098,0.00392156862745098,255,False,01
L16_s7001_first,16,7001,first,5,0.792156862745098,0.11764705882352941,0.5176470588235295,0.4470588235294118,255,False,c5
L16_s7001_first,16,7001,first,6,0.8705882352941177,0.11764705882352941,0.047058823529411764,0.023529411764705882,255,False,01
L16_s7001_first,16,7001,first,7,0.10588235294117647,0.043137254901960784,0.06274509803921569,0.0,255,False,c5
L16_s7001_first,16,7001,first,8,0.796078431372549,0.7529411764705882,0.043137254901960784,0.023529411764705882,255,False,01
L16_s7001_first,16,7001,first,9,0.15294117647058825,0.1450980392156863,0.788235294117647,0.00784313725490196,255,False,c5
L16_s7001_first,16,7001,first,10,0.8313725490196079,0.792156862745098,0.0392156862745098,0.01568627450980392,255,False,01
L16_s7001_first,16,7001,first,11,0.2235294117647059,0.15294117647058825,0.03137254901960784,0.011764705882352941,255,False,c5
L16_s7001_first,16,7001,first,12,0.8823529411764706,0.7450980392156863,0.0196078431372549,0.0,255,False,01
L16_s7001_first,16,7001,first,13,0.9058823529411765,0.19215686274509805,0.0196078431372549,0.00784313725490196,255,False,c5
L16_s7001_first,16,7001,first,14,0.8666666666666667,0.788235294117647,0.00784313725490196,0.0,255,False,01
L16_s7001_first,16,7001,first,15,0.7686274509803922,0.5803921568627451,0.0,0.0,255,False,c5
L16_s7001_final,16,7001,final,0,0.6901960784313725,0.6901960784313725,0.0,0.0,255,False,ad
L16_s7001_final,16,7001,final,1,0.0,0.0,0.0,0.0,255,False,e3
L16_s7001_final,16,7001,final,2,0.6588235294117647,0.6509803921568628,0.0,0.0,255,False,21
L16_s7001_final,16,7001,final,3,0.0,0.0,0.0,0.0,255,False,e3
L16_s7001_final,16,7001,final,4,0.03529411764705882,0.03529411764705882,0.0,0.0,255,False,21
L16_s7001_final,16,7001,final,5,0.00392156862745098,0.00392156862745098,0.023529411764705882,0.00392156862745098,255,False,c0
L16_s7001_final,16,7001,final,6,0.11764705882352941,0.11764705882352941,0.13725490196078433,0.11764705882352941,255,False,ad
L16_s7001_final,16,7001,final,7,0.03529411764705882,0.03529411764705882,0.0,0.0,255,False,c0
L16_s7001_final,16,7001,final,8,1.0,1.0,0.0,0.0,255,False,ad
L16_s7001_final,16,7001,final,9,1.0,1.0,0.0,0.0,255,False,e3
L16_s7001_final,16,7001,final,10,1.0,1.0,0.0,0.0,255,False,21
L16_s7001_final,16,7001,final,11,1.0,1.0,0.0,0.0,255,False,e3
L16_s7001_final,16,7001,final,12,1.0,1.0,0.0,0.0,255,False,21
L16_s7001_final,16,7001,final,13,1.0,1.0,0.0,0.0,255,False,c0
L16_s7001_final,16,7001,final,14,1.0,1.0,0.0,0.0,255,False,ad
L16_s7001_final,16,7001,final,15,1.0,1.0,0.0,0.0,255,False,c0
L16_s7002_first,16,7002,first,0,0.9254901960784314,0.6901960784313725,0.0,0.0,255,False,21
L16_s7002_first,16,7002,first,1,0.9137254901960784,0.8392156862745098,0.8196078431372549,0.8117647058823529,255,True,e5
L16_s7002_first,16,7002,first,2,0.24313725490196078,0.09019607843137255,0.4980392156862745,0.023529411764705882,255,False,21
L16_s7002_first,16,7002,first,3,0.615686274509804,0.17647058823529413,0.0,0.0,255,False,e5
L16_s7002_first,16,7002,first,4,0.9215686274509803,0.7568627450980392,0.0,0.0,255,False,21
L16_s7002_first,16,7002,first,5,0.25098039215686274,0.09803921568627451,0.6627450980392157,0.08235294117647059,255,False,e5
L16_s7002_first,16,7002,first,6,0.8431372549019608,0.17254901960784313,0.050980392156862744,0.023529411764705882,255,False,21
L16_s7002_first,16,7002,first,7,0.6941176470588235,0.0392156862745098,0.0392156862745098,0.0,255,False,e5
L16_s7002_first,16,7002,first,8,0.792156862745098,0.7333333333333333,0.03529411764705882,0.0196078431372549,255,False,21
L16_s7002_first,16,7002,first,9,0.15294117647058825,0.11764705882352941,0.8,0.043137254901960784,255,False,e5
L16_s7002_first,16,7002,first,10,0.8274509803921568,0.7764705882352941,0.054901960784313725,0.027450980392156862,255,False,21
L16_s7002_first,16,7002,first,11,0.8823529411764706,0.1411764705882353,0.023529411764705882,0.0196078431372549,255,False,e5
L16_s7002_first,16,7002,first,12,0.8862745098039215,0.7176470588235294,0.00392156862745098,0.0,255,False,21
L16_s7002_first,16,7002,first,13,0.8901960784313725,0.23921568627450981,0.0392156862745098,0.0196078431372549,255,False,e5
L16_s7002_first,16,7002,first,14,0.9019607843137255,0.8156862745098039,0.011764705882352941,0.00392156862745098,255,False,21
L16_s7002_first,16,7002,first,15,0.9294117647058824,0.4627450980392157,0.011764705882352941,0.00784313725490196,255,False,e5
L16_s7002_final,16,7002,final,0,0.6901960784313725,0.6901960784313725,0.0,0.0,255,False,ad
L16_s7002_final,16,7002,final,1,0.0,0.0,0.0,0.0,255,False,e3
L16_s7002_final,16,7002,final,2,0.6509803921568628,0.6509803921568628,0.0,0.0,255,False,21
L16_s7002_final,16,7002,final,3,0.0,0.0,0.0,0.0,255,False,e3
L16_s7002_final,16,7002,final,4,0.03529411764705882,0.03529411764705882,0.0,0.0,255,False,21
L16_s7002_final,16,7002,final,5,0.00392156862745098,0.00392156862745098,0.050980392156862744,0.00392156862745098,255,False,c0
L16_s7002_final,16,7002,final,6,0.11764705882352941,0.11764705882352941,0.1411764705882353,0.11764705882352941,255,False,ad
L16_s7002_final,16,7002,final,7,0.03529411764705882,0.03529411764705882,0.0,0.0,255,False,c0
L16_s7002_final,16,7002,final,8,1.0,1.0,0.0,0.0,255,False,ad
L16_s7002_final,16,7002,final,9,1.0,1.0,0.0,0.0,255,False,e3
L16_s7002_final,16,7002,final,10,1.0,1.0,0.0,0.0,255,False,21
L16_s7002_final,16,7002,final,11,1.0,1.0,0.0,0.0,255,False,e3
L16_s7002_final,16,7002,final,12,1.0,1.0,0.0,0.0,255,False,21
L16_s7002_final,16,7002,final,13,1.0,1.0,0.0,0.0,255,False,c0
L16_s7002_final,16,7002,final,14,1.0,1.0,0.0,0.0,255,False,ad
L16_s7002_final,16,7002,final,15,1.0,1.0,0.0,0.0,255,False,c0
L16_s7003_first,16,7003,first,0,0.8509803921568627,0.29411764705882354,0.0,0.0,255,False,21
L16_s7003_first,16,7003,first,1,0.8901960784313725,0.8509803921568627,0.807843137254902,0.7725490196078432,255,True,e5
L16_s7003_first,16,7003,first,2,0.8156862745098039,0.23529411764705882,0.023529411764705882,0.0196078431372549,255,False,21
L16_s7003_first,16,7003,first,3,0.8784313725490196,0.1568627450980392,0.027450980392156862,0.00784313725490196,255,False,e5
L16_s7003_first,16,7003,first,4,0.8980392156862745,0.7647058823529411,0.00784313725490196,0.0,255,False,21
L16_s7003_first,16,7003,first,5,0.7254901960784313,0.08235294117647059,0.7215686274509804,0.5372549019607843,255,True,e5
L16_s7003_first,16,7003,first,6,0.8235294117647058,0.08627450980392157,0.058823529411764705,0.03137254901960784,255,False,21
L16_s7003_first,16,7003,first,7,0.08627450980392157,0.03529411764705882,0.09803921568627451,0.0,255,False,e5
L16_s7003_first,16,7003,first,8,0.796078431372549,0.11372549019607843,0.047058823529411764,0.027450980392156862,255,False,21
L16_s7003_first,16,7003,first,9,0.14901960784313725,0.12156862745098039,0.8588235294117647,0.10196078431372549,255,False,e5
L16_s7003_first,16,7003,first,10,0.796078431372549,0.7450980392156863,0.10196078431372549,0.0784313725490196,255,False,21
L16_s7003_first,16,7003,first,11,0.8784313725490196,0.27058823529411763,0.03137254901960784,0.0196078431372549,255,False,e5
L16_s7003_first,16,7003,first,12,0.8784313725490196,0.7019607843137254,0.03137254901960784,0.0,255,False,21
L16_s7003_first,16,7003,first,13,0.9372549019607843,0.4392156862745098,0.01568627450980392,0.00784313725490196,255,False,e5
L16_s7003_first,16,7003,first,14,0.8980392156862745,0.7098039215686275,0.03137254901960784,0.0196078431372549,255,False,21
L16_s7003_first,16,7003,first,15,0.9137254901960784,0.1568627450980392,0.01568627450980392,0.01568627450980392,255,False,e5
L16_s7003_final,16,7003,final,0,0.6901960784313725,0.6901960784313725,0.0,0.0,255,False,ad
L16_s7003_final,16,7003,final,1,0.0,0.0,0.0,0.0,255,False,e3
L16_s7003_final,16,7003,final,2,0.6509803921568628,0.6509803921568628,0.0,0.0,255,False,21
L16_s7003_final,16,7003,final,3,0.0,0.0,0.0,0.0,255,False,e3
L16_s7003_final,16,7003,final,4,0.03529411764705882,0.03529411764705882,0.0,0.0,255,False,21
L16_s7003_final,16,7003,final,5,0.00392156862745098,0.00392156862745098,0.09019607843137255,0.00392156862745098,255,False,c0
L16_s7003_final,16,7003,final,6,0.11764705882352941,0.11764705882352941,0.13333333333333333,0.11764705882352941,255,False,ad
L16_s7003_final,16,7003,final,7,0.03529411764705882,0.03529411764705882,0.0,0.0,255,False,c0
L16_s7003_final,16,7003,final,8,1.0,1.0,0.0,0.0,255,False,ad
L16_s7003_final,16,7003,final,9,1.0,1.0,0.0,0.0,255,False,e3
L16_s7003_final,16,7003,final,10,1.0,1.0,0.0,0.0,255,False,21
L16_s7003_final,16,7003,final,11,1.0,1.0,0.0,0.0,255,False,e3
L16_s7003_final,16,7003,final,12,1.0,1.0,0.0,0.0,255,False,21
L16_s7003_final,16,7003,final,13,1.0,1.0,0.0,0.0,255,False,c0
L16_s7003_final,16,7003,final,14,1.0,1.0,0.0,0.0,255,False,ad
L16_s7003_final,16,7003,final,15,1.0,1.0,0.0,0.0,255,False,c0
L16_s7004_first,16,7004,first,0,0.9176470588235294,0.6352941176470588,0.0,0.0,255,False,01
L16_s7004_first,16,7004,first,1,0.9176470588235294,0.8313725490196079,0.13725490196078433,0.12156862745098039,255,False,c5
L16_s7004_first,16,7004,first,2,0.8745098039215686,0.1843137254901961,0.01568627450980392,0.011764705882352941,255,False,01
L16_s7004_first,16,7004,first,3,0.7725490196078432,0.07058823529411765,0.050980392156862744,0.011764705882352941,255,False,c5
L16_s7004_first,16,7004,first,4,0.9098039215686274,0.7686274509803922,0.00392156862745098,0.00392156862745098,255,False,01
L16_s7004_first,16,7004,first,5,0.8549019607843137,0.09411764705882353,0.050980392156862744,0.03137254901960784,255,False,c5
L16_s7004_first,16,7004,first,6,0.8784313725490196,0.24313725490196078,0.043137254901960784,0.023529411764705882,255,False,01
L16_s7004_first,16,7004,first,7,0.19215686274509805,0.0196078431372549,0.06666666666666667,0.027450980392156862,255,False,c5
L16_s7004_first,16,7004,first,8,0.788235294117647,0.7058823529411765,0.07450980392156863,0.03137254901960784,255,False,01
L16_s7004_first,16,7004,first,9,0.14901960784313725,0.13725490196078433,0.788235294117647,0.023529411764705882,255,False,c5
L16_s7004_first,16,7004,first,10,0.8235294117647058,0.7803921568627451,0.0392156862745098,0.027450980392156862,255,False,01
L16_s7004_first,16,7004,first,11,0.4196078431372549,0.08235294117647059,0.058823529411764705,0.023529411764705882,255,False,c5
L16_s7004_first,16,7004,first,12,0.8666666666666667,0.7294117647058823,0.03137254901960784,0.0,255,False,01
L16_s7004_first,16,7004,first,13,0.6901960784313725,0.15294117647058825,0.023529411764705882,0.01568627450980392,255,False,c5
L16_s7004_first,16,7004,first,14,0.8509803921568627,0.7725490196078432,0.03529411764705882,0.00392156862745098,255,False,01
L16_s7004_first,16,7004,first,15,0.9137254901960784,0.07058823529411765,0.0,0.0,255,False,c5
L16_s7004_final,16,7004,final,0,0.6901960784313725,0.6901960784313725,0.0,0.0,255,False,ad
L16_s7004_final,16,7004,final,1,0.0,0.0,0.0,0.0,255,False,e3
L16_s7004_final,16,7004,final,2,0.6509803921568628,0.6509803921568628,0.0,0.0,255,False,21
L16_s7004_final,16,7004,final,3,0.0,0.0,0.0,0.0,255,False,e3
L16_s7004_final,16,7004,final,4,0.03529411764705882,0.03529411764705882,0.00392156862745098,0.0,255,False,21
L16_s7004_final,16,7004,final,5,0.00392156862745098,0.00392156862745098,0.16470588235294117,0.00392156862745098,255,False,c0
L16_s7004_final,16,7004,final,6,0.12156862745098039,0.12156862745098039,0.1568627450980392,0.12156862745098039,255,False,ad
L16_s7004_final,16,7004,final,7,0.03529411764705882,0.03529411764705882,0.0,0.0,255,False,c0
L16_s7004_final,16,7004,final,8,1.0,1.0,0.0,0.0,255,False,ad
L16_s7004_final,16,7004,final,9,1.0,1.0,0.0,0.0,255,False,e3
L16_s7004_final,16,7004,final,10,1.0,1.0,0.0,0.0,255,False,21
L16_s7004_final,16,7004,final,11,1.0,1.0,0.0,0.0,255,False,e3
L16_s7004_final,16,7004,final,12,1.0,1.0,0.0,0.0,255,False,21
L16_s7004_final,16,7004,final,13,1.0,1.0,0.0,0.0,255,False,c0
L16_s7004_final,16,7004,final,14,1.0,1.0,0.0,0.0,255,False,ad
L16_s7004_final,16,7004,final,15,1.0,1.0,0.0,0.0,255,False,c0
L16_s7005_first,16,7005,first,0,0.8862745098039215,0.6,0.0,0.0,255,False,01
L16_s7005_first,16,7005,first,1,0.9333333333333333,0.9019607843137255,0.050980392156862744,0.043137254901960784,255,False,c5
L16_s7005_first,16,7005,first,2,0.8705882352941177,0.807843137254902,0.01568627450980392,0.011764705882352941,255,False,01
L16_s7005_first,16,7005,first,3,0.8705882352941177,0.23137254901960785,0.027450980392156862,0.00784313725490196,255,False,c5
L16_s7005_first,16,7005,first,4,0.9098039215686274,0.8392156862745098,0.00392156862745098,0.00392156862745098,255,False,01
L16_s7005_first,16,7005,first,5,0.9254901960784314,0.7803921568627451,0.06666666666666667,0.050980392156862744,255,False,c5
L16_s7005_first,16,7005,first,6,0.8705882352941177,0.2823529411764706,0.03529411764705882,0.023529411764705882,255,False,01
L16_s7005_first,16,7005,first,7,0.13725490196078433,0.03529411764705882,0.07450980392156863,0.011764705882352941,255,False,c5
L16_s7005_first,16,7005,first,8,0.807843137254902,0.7450980392156863,0.043137254901960784,0.023529411764705882,255,False,01
L16_s7005_first,16,7005,first,9,0.1843137254901961,0.16862745098039217,0.5843137254901961,0.0784313725490196,255,False,c5
L16_s7005_first,16,7005,first,10,0.8901960784313725,0.8431372549019608,0.050980392156862744,0.027450980392156862,255,False,01
L16_s7005_first,16,7005,first,11,0.6235294117647059,0.2627450980392157,0.03137254901960784,0.023529411764705882,255,False,c5
L16_s7005_first,16,7005,first,12,0.8941176470588236,0.7686274509803922,0.00392156862745098,0.0,255,False,01
L16_s7005_first,16,7005,first,13,0.9333333333333333,0.4235294117647059,0.027450980392156862,0.0196078431372549,255,False,c5
L16_s7005_first,16,7005,first,14,0.8588235294117647,0.788235294117647,0.0196078431372549,0.0,255,False,01
L16_s7005_first,16,7005,first,15,0.9333333333333333,0.12941176470588237,0.0,0.0,255,False,c5
L16_s7005_final,16,7005,final,0,0.6901960784313725,0.6901960784313725,0.0,0.0,255,False,ad
L16_s7005_final,16,7005,final,1,0.0,0.0,0.0,0.0,255,False,e3
L16_s7005_final,16,7005,final,2,0.6509803921568628,0.6509803921568628,0.0,0.0,255,False,21
L16_s7005_final,16,7005,final,3,0.0,0.0,0.0,0.0,255,False,e3
L16_s7005_final,16,7005,final,4,0.03529411764705882,0.03529411764705882,0.00392156862745098,0.0,255,False,21
L16_s7005_final,16,7005,final,5,0.00392156862745098,0.00392156862745098,0.12941176470588237,0.00392156862745098,255,False,c0
L16_s7005_final,16,7005,final,6,0.11764705882352941,0.11764705882352941,0.13725490196078433,0.11764705882352941,255,False,ad
L16_s7005_final,16,7005,final,7,0.03529411764705882,0.03529411764705882,0.0,0.0,255,False,c0
L16_s7005_final,16,7005,final,8,1.0,1.0,0.0,0.0,255,False,ad
L16_s7005_final,16,7005,final,9,1.0,1.0,0.0,0.0,255,False,e3
L16_s7005_final,16,7005,final,10,1.0,1.0,0.0,0.0,255,False,21
L16_s7005_final,16,7005,final,11,1.0,1.0,0.0,0.0,255,False,e3
L16_s7005_final,16,7005,final,12,1.0,1.0,0.0,0.0,255,False,21
L16_s7005_final,16,7005,final,13,1.0,1.0,0.0,0.0,255,False,c0
L16_s7005_final,16,7005,final,14,1.0,1.0,0.0,0.0,255,False,ad
L16_s7005_final,16,7005,final,15,1.0,1.0,0.0,0.0,255,False,c0
L16_s7006_first,16,7006,first,0,0.9294117647058824,0.2235294117647059,0.0,0.0,255,False,21
L16_s7006_first,16,7006,first,1,0.8901960784313725,0.8352941176470589,0.8274509803921568,0.8196078431372549,255,True,e5
L16_s7006_first,16,7006,first,2,0.8470588235294118,0.22745098039215686,0.03137254901960784,0.023529411764705882,255,False,21
L16_s7006_first,16,7006,first,3,0.8313725490196079,0.25098039215686274,0.00784313725490196,0.0,255,False,e5
L16_s7006_first,16,7006,first,4,0.9019607843137255,0.8156862745098039,0.0,0.0,255,False,21
L16_s7006_first,16,7006,first,5,0.8117647058823529,0.09411764705882353,0.047058823529411764,0.03529411764705882,255,False,e5
L16_s7006_first,16,7006,first,6,0.8274509803921568,0.6862745098039216,0.050980392156862744,0.023529411764705882,255,False,21
L16_s7006_first,16,7006,first,7,0.12156862745098039,0.027450980392156862,0.06274509803921569,0.011764705882352941,255,False,e5
L16_s7006_first,16,7006,first,8,0.7529411764705882,0.7137254901960784,0.09411764705882353,0.01568627450980392,255,False,21
L16_s7006_first,16,7006,first,9,0.15294117647058825,0.1411764705882353,0.7450980392156863,0.011764705882352941,255,False,e5
L16_s7006_first,16,7006,first,10,0.8431372549019608,0.803921568627451,0.027450980392156862,0.00784313725490196,255,False,21
L16_s7006_first,16,7006,first,11,0.8784313725490196,0.7686274509803922,0.027450980392156862,0.0196078431372549,255,False,e5
L16_s7006_first,16,7006,first,12,0.8666666666666667,0.6705882352941176,0.027450980392156862,0.0,255,False,21
L16_s7006_first,16,7006,first,13,0.9372549019607843,0.35294117647058826,0.023529411764705882,0.0196078431372549,255,False,e5
L16_s7006_first,16,7006,first,14,0.8666666666666667,0.796078431372549,0.01568627450980392,0.0,255,False,21
L16_s7006_first,16,7006,first,15,0.8823529411764706,0.2901960784313726,0.00392156862745098,0.0,255,False,e5
L16_s7006_final,16,7006,final,0,0.6901960784313725,0.6901960784313725,0.0,0.0,255,False,ad
L16_s7006_final,16,7006,final,1,0.0,0.0,0.0,0.0,255,False,e3
L16_s7006_final,16,7006,final,2,0.6509803921568628,0.6509803921568628,0.0,0.0,255,False,21
L16_s7006_final,16,7006,final,3,0.0,0.0,0.0,0.0,255,False,e3
L16_s7006_final,16,7006,final,4,0.03529411764705882,0.03529411764705882,0.0,0.0,255,False,21
L16_s7006_final,16,7006,final,5,0.00392156862745098,0.00392156862745098,0.06666666666666667,0.00392156862745098,255,False,c0
L16_s7006_final,16,7006,final,6,0.11764705882352941,0.11764705882352941,0.1450980392156863,0.11764705882352941,255,False,ad
L16_s7006_final,16,7006,final,7,0.03529411764705882,0.03529411764705882,0.0,0.0,255,False,c0
L16_s7006_final,16,7006,final,8,1.0,1.0,0.0,0.0,255,False,ad
L16_s7006_final,16,7006,final,9,1.0,1.0,0.0,0.0,255,False,e3
L16_s7006_final,16,7006,final,10,1.0,1.0,0.0,0.0,255,False,21
L16_s7006_final,16,7006,final,11,1.0,1.0,0.0,0.0,255,False,e3
L16_s7006_final,16,7006,final,12,1.0,1.0,0.0,0.0,255,False,21
L16_s7006_final,16,7006,final,13,1.0,1.0,0.0,0.0,255,False,c0
L16_s7006_final,16,7006,final,14,1.0,1.0,0.0,0.0,255,False,ad
L16_s7006_final,16,7006,final,15,1.0,1.0,0.0,0.0,255,False,c0
L16_s7007_first,16,7007,first,0,0.8431372549019608,0.33725490196078434,0.0,0.0,255,False,11
L16_s7007_first,16,7007,first,1,0.9215686274509803,0.8823529411764706,0.0784313725490196,0.06274509803921569,255,False,d5
L16_s7007_first,16,7007,first,2,0.8235294117647058,0.49019607843137253,0.0196078431372549,0.01568627450980392,255,False,11
L16_s7007_first,16,7007,first,3,0.4549019607843137,0.023529411764705882,0.0392156862745098,0.0,255,False,d5
L16_s7007_first,16,7007,first,4,0.8823529411764706,0.7019607843137254,0.00392156862745098,0.00392156862745098,255,False,11
L16_s7007_first,16,7007,first,5,0.6274509803921569,0.054901960784313725,0.09019607843137255,0.023529411764705882,255,False,d5
L16_s7007_first,16,7007,first,6,0.6941176470588235,0.08627450980392157,0.0392156862745098,0.00392156862745098,255,False,11
L16_s7007_first,16,7007,first,7,0.5137254901960784,0.00392156862745098,0.03529411764705882,0.00392156862745098,255,False,d5
L16_s7007_first,16,7007,first,8,0.788235294117647,0.6196078431372549,0.00392156862745098,0.0,255,False,11
L16_s7007_first,16,7007,first,9,0.11372549019607843,0.054901960784313725,0.8901960784313725,0.09411764705882353,255,False,d5
L16_s7007_first,16,7007,first,10,0.8392156862745098,0.7333333333333333,0.08627450980392157,0.0392156862745098,255,False,11
L16_s7007_first,16,7007,first,11,0.8745098039215686,0.3215686274509804,0.00392156862745098,0.0,255,False,d5
L16_s7007_first,16,7007,first,12,0.8784313725490196,0.788235294117647,0.0,0.0,255,False,11
L16_s7007_first,16,7007,first,13,0.7607843137254902,0.5568627450980392,0.01568627450980392,0.0,255,False,d5
L16_s7007_first,16,7007,first,14,0.7725490196078432,0.6745098039215687,0.027450980392156862,0.0,255,False,11
L16_s7007_first,16,7007,first,15,0.8549019607843137,0.2823529411764706,0.0,0.0,255,False,d5
L16_s7007_final,16,7007,final,0,0.6901960784313725,0.6901960784313725,0.0,0.0,255,False,ad
L16_s7007_final,16,7007,final,1,0.0,0.0,0.0,0.0,255,False,e3
L16_s7007_final,16,7007,final,2,0.6588235294117647,0.6509803921568628,0.0,0.0,255,False,21
L16_s7007_final,16,7007,final,3,0.0,0.0,0.0,0.0,255,False,e3
L16_s7007_final,16,7007,final,4,0.03529411764705882,0.03529411764705882,0.0,0.0,255,False,21
L16_s7007_final,16,7007,final,5,0.00392156862745098,0.00392156862745098,0.06666666666666667,0.00392156862745098,255,False,c0
L16_s7007_final,16,7007,final,6,0.11764705882352941,0.11764705882352941,0.13725490196078433,0.11764705882352941,255,False,ad
L16_s7007_final,16,7007,final,7,0.03529411764705882,0.03529411764705882,0.0,0.0,255,False,c0
L16_s7007_final,16,7007,final,8,1.0,1.0,0.0,0.0,255,False,ad
L16_s7007_final,16,7007,final,9,1.0,1.0,0.0,0.0,255,False,e3
L16_s7007_final,16,7007,final,10,1.0,1.0,0.0,0.0,255,False,21
L16_s7007_final,16,7007,final,11,1.0,1.0,0.0,0.0,255,False,e3
L16_s7007_final,16,7007,final,12,1.0,1.0,0.0,0.0,255,False,21
L16_s7007_final,16,7007,final,13,1.0,1.0,0.0,0.0,255,False,c0
L16_s7007_final,16,7007,final,14,1.0,1.0,0.0,0.0,255,False,ad
L16_s7007_final,16,7007,final,15,1.0,1.0,0.0,0.0,255,False,c0
L16_s7008_first,16,7008,first,0,0.23137254901960785,0.0196078431372549,0.0,0.0,255,False,21
L16_s7008_first,16,7008,first,1,0.8627450980392157,0.792156862745098,0.1411764705882353,0.11764705882352941,255,False,e5
L16_s7008_first,16,7008,first,2,0.22745098039215686,0.09019607843137255,0.047058823529411764,0.0196078431372549,255,False,21
L16_s7008_first,16,7008,first,3,0.8666666666666667,0.2627450980392157,0.011764705882352941,0.00392156862745098,255,False,e5
L16_s7008_first,16,7008,first,4,0.9019607843137255,0.8235294117647058,0.0,0.0,255,False,21
L16_s7008_first,16,7008,first,5,0.788235294117647,0.09019607843137255,0.027450980392156862,0.0196078431372549,255,False,e5
L16_s7008_first,16,7008,first,6,0.7450980392156863,0.48627450980392156,0.054901960784313725,0.023529411764705882,255,False,21
L16_s7008_first,16,7008,first,7,0.07058823529411765,0.01568627450980392,0.050980392156862744,0.00392156862745098,255,False,e5
L16_s7008_first,16,7008,first,8,0.7372549019607844,0.6705882352941176,0.12941176470588237,0.0196078431372549,255,False,21
L16_s7008_first,16,7008,first,9,0.13725490196078433,0.11764705882352941,0.6705882352941176,0.011764705882352941,255,False,e5
L16_s7008_first,16,7008,first,10,0.796078431372549,0.7568627450980392,0.047058823529411764,0.0196078431372549,255,False,21
L16_s7008_first,16,7008,first,11,0.7843137254901961,0.11764705882352941,0.03137254901960784,0.023529411764705882,255,False,e5
L16_s7008_first,16,7008,first,12,0.7529411764705882,0.6392156862745098,0.023529411764705882,0.0,255,False,21
L16_s7008_first,16,7008,first,13,0.8588235294117647,0.47843137254901963,0.023529411764705882,0.011764705882352941,255,False,e5
L16_s7008_first,16,7008,first,14,0.8431372549019608,0.7529411764705882,0.01568627450980392,0.0,255,False,21
L16_s7008_first,16,7008,first,15,0.6274509803921569,0.06666666666666667,0.0,0.0,255,False,e5
L16_s7008_final,16,7008,final,0,0.6901960784313725,0.6901960784313725,0.0,0.0,255,False,ad
L16_s7008_final,16,7008,final,1,0.0,0.0,0.0,0.0,255,False,e3
L16_s7008_final,16,7008,final,2,0.6509803921568628,0.6509803921568628,0.0,0.0,255,False,21
L16_s7008_final,16,7008,final,3,0.0,0.0,0.0,0.0,255,False,e3
L16_s7008_final,16,7008,final,4,0.03529411764705882,0.03529411764705882,0.0,0.0,255,False,21
L16_s7008_final,16,7008,final,5,0.00392156862745098,0.00392156862745098,0.058823529411764705,0.00392156862745098,255,False,c0
L16_s7008_final,16,7008,final,6,0.11764705882352941,0.11764705882352941,0.14901960784313725,0.11764705882352941,255,False,ad
L16_s7008_final,16,7008,final,7,0.03529411764705882,0.03529411764705882,0.0,0.0,255,False,c0
L16_s7008_final,16,7008,final,8,1.0,1.0,0.0,0.0,255,False,ad
L16_s7008_final,16,7008,final,9,1.0,1.0,0.0,0.0,255,False,e3
L16_s7008_final,16,7008,final,10,1.0,1.0,0.0,0.0,255,False,21
L16_s7008_final,16,7008,final,11,1.0,1.0,0.0,0.0,255,False,e3
L16_s7008_final,16,7008,final,12,1.0,1.0,0.0,0.0,255,False,21
L16_s7008_final,16,7008,final,13,1.0,1.0,0.0,0.0,255,False,c0
L16_s7008_final,16,7008,final,14,1.0,1.0,0.0,0.0,255,False,ad
L16_s7008_final,16,7008,final,15,1.0,1.0,0.0,0.0,255,False,c0
L16_s7009_first,16,7009,first,0,0.8235294117647058,0.7568627450980392,0.0,0.0,255,False,01
L16_s7009_first,16,7009,first,1,0.9098039215686274,0.807843137254902,0.13725490196078433,0.12549019607843137,255,False,c5
L16_s7009_first,16,7009,first,2,0.8588235294117647,0.14901960784313725,0.023529411764705882,0.011764705882352941,255,False,01
L16_s7009_first,16,7009,first,3,0.8509803921568627,0.10196078431372549,0.011764705882352941,0.00392156862745098,255,False,c5
L16_s7009_first,16,7009,first,4,0.8627450980392157,0.7176470588235294,0.011764705882352941,0.00392156862745098,255,False,01
L16_s7009_first,16,7009,first,5,0.8,0.15294117647058825,0.043137254901960784,0.0196078431372549,255,False,c5
L16_s7009_first,16,7009,first,6,0.8274509803921568,0.1607843137254902,0.047058823529411764,0.0196078431372549,255,False,01
L16_s7009_first,16,7009,first,7,0.6274509803921569,0.027450980392156862,0.03137254901960784,0.00392156862745098,255,False,c5
L16_s7009_first,16,7009,first,8,0.8431372549019608,0.6823529411764706,0.011764705882352941,0.00784313725490196,255,False,01
L16_s7009_first,16,7009,first,9,0.13725490196078433,0.11372549019607843,0.807843137254902,0.047058823529411764,255,False,c5
L16_s7009_first,16,7009,first,10,0.8431372549019608,0.8,0.09411764705882353,0.0784313725490196,255,False,01
L16_s7009_first,16,7009,first,11,0.8549019607843137,0.6313725490196078,0.027450980392156862,0.0196078431372549,255,False,c5
L16_s7009_first,16,7009,first,12,0.8549019607843137,0.6862745098039216,0.00392156862745098,0.0,255,False,01
L16_s7009_first,16,7009,first,13,0.9019607843137255,0.7058823529411765,0.011764705882352941,0.00392156862745098,255,False,c5
L16_s7009_first,16,7009,first,14,0.8235294117647058,0.7490196078431373,0.0196078431372549,0.0,255,False,01
L16_s7009_first,16,7009,first,15,0.9098039215686274,0.29411764705882354,0.00392156862745098,0.00392156862745098,255,False,c5
L16_s7009_final,16,7009,final,0,0.6901960784313725,0.6901960784313725,0.0,0.0,255,False,ad
L16_s7009_final,16,7009,final,1,0.0,0.0,0.0,0.0,255,False,e3
L16_s7009_final,16,7009,final,2,0.6509803921568628,0.6509803921568628,0.0,0.0,255,False,21
L16_s7009_final,16,7009,final,3,0.0,0.0,0.0,0.0,255,False,e3
L16_s7009_final,16,7009,final,4,0.03529411764705882,0.03529411764705882,0.0,0.0,255,False,21
L16_s7009_final,16,7009,final,5,0.00392156862745098,0.00392156862745098,0.0392156862745098,0.00392156862745098,255,False,c0
L16_s7009_final,16,7009,final,6,0.11764705882352941,0.11764705882352941,0.1411764705882353,0.11764705882352941,255,False,ad
L16_s7009_final,16,7009,final,7,0.03529411764705882,0.03529411764705882,0.0,0.0,255,False,c0
L16_s7009_final,16,7009,final,8,1.0,1.0,0.0,0.0,255,False,ad
L16_s7009_final,16,7009,final,9,1.0,1.0,0.0,0.0,255,False,e3
L16_s7009_final,16,7009,final,10,1.0,1.0,0.0,0.0,255,False,21
L16_s7009_final,16,7009,final,11,1.0,1.0,0.0,0.0,255,False,e3
L16_s7009_final,16,7009,final,12,1.0,1.0,0.0,0.0,255,False,21
L16_s7009_final,16,7009,final,13,1.0,1.0,0.0,0.0,255,False,c0
L16_s7009_final,16,7009,final,14,1.0,1.0,0.0,0.0,255,False,ad
L16_s7009_final,16,7009,final,15,1.0,1.0,0.0,0.0,255,False,c0
L16_s7010_first,16,7010,first,0,0.9254901960784314,0.796078431372549,0.0,0.0,255,False,01
L16_s7010_first,16,7010,first,1,0.9215686274509803,0.8784313725490196,0.13333333333333333,0.12549019607843137,255,False,c5
L16_s7010_first,16,7010,first,2,0.8352941176470589,0.11764705882352941,0.027450980392156862,0.0196078431372549,255,False,01
L16_s7010_first,16,7010,first,3,0.5254901960784314,0.07058823529411765,0.0196078431372549,0.0,255,False,c5
L16_s7010_first,16,7010,first,4,0.9019607843137255,0.8431372549019608,0.00392156862745098,0.00392156862745098,255,False,01
L16_s7010_first,16,7010,first,5,0.8705882352941177,0.0784313725490196,0.5843137254901961,0.5411764705882353,255,True,c5
L16_s7010_first,16,7010,first,6,0.8509803921568627,0.12941176470588237,0.03137254901960784,0.0196078431372549,255,False,01
L16_s7010_first,16,7010,first,7,0.34509803921568627,0.023529411764705882,0.047058823529411764,0.00784313725490196,255,False,c5
L16_s7010_first,16,7010,first,8,0.7803921568627451,0.7254901960784313,0.03137254901960784,0.00392156862745098,255,False,01
L16_s7010_first,16,7010,first,9,0.14901960784313725,0.11764705882352941,0.1843137254901961,0.03137254901960784,255,False,c5
L16_s7010_first,16,7010,first,10,0.8588235294117647,0.8,0.09803921568627451,0.09019607843137255,255,False,01
L16_s7010_first,16,7010,first,11,0.4235294117647059,0.16862745098039217,0.03137254901960784,0.0196078431372549,255,False,c5
L16_s7010_first,16,7010,first,12,0.8705882352941177,0.7294117647058823,0.01568627450980392,0.00392156862745098,255,False,01
L16_s7010_first,16,7010,first,13,0.9490196078431372,0.9019607843137255,0.00784313725490196,0.0,255,False,c5
L16_s7010_first,16,7010,first,14,0.8549019607843137,0.807843137254902,0.00784313725490196,0.0,255,False,01
L16_s7010_first,16,7010,first,15,0.8470588235294118,0.5882352941176471,0.0,0.0,255,False,c5
L16_s7010_final,16,7010,final,0,0.6901960784313725,0.6901960784313725,0.0,0.0,255,False,ad
L16_s7010_final,16,7010,final,1,0.0,0.0,0.0,0.0,255,False,e3
L16_s7010_final,16,7010,final,2,0.6509803921568628,0.6509803921568628,0.0,0.0,255,False,21
L16_s7010_final,16,7010,final,3,0.0,0.0,0.0,0.0,255,False,e3
L16_s7010_final,16,7010,final,4,0.03529411764705882,0.03529411764705882,0.0,0.0,255,False,21
L16_s7010_final,16,7010,final,5,0.00392156862745098,0.00392156862745098,0.16470588235294117,0.00392156862745098,255,False,c0
L16_s7010_final,16,7010,final,6,0.11764705882352941,0.11764705882352941,0.13333333333333333,0.11764705882352941,255,False,ad
L16_s7010_final,16,7010,final,7,0.03529411764705882,0.03529411764705882,0.0,0.0,255,False,c0
L16_s7010_final,16,7010,final,8,1.0,1.0,0.0,0.0,255,False,ad
L16_s7010_final,16,7010,final,9,1.0,1.0,0.0,0.0,255,False,e3
L16_s7010_final,16,7010,final,10,1.0,1.0,0.0,0.0,255,False,21
L16_s7010_final,16,7010,final,11,1.0,1.0,0.0,0.0,255,False,e3
L16_s7010_final,16,7010,final,12,1.0,1.0,0.0,0.0,255,False,21
L16_s7010_final,16,7010,final,13,1.0,1.0,0.0,0.0,255,False,c0
L16_s7010_final,16,7010,final,14,1.0,1.0,0.0,0.0,255,False,ad
L16_s7010_final,16,7010,final,15,1.0,1.0,0.0,0.0,255,False,c0
L16_s7011_first,16,7011,first,0,0.8823529411764706,0.5882352941176471,0.0,0.0,255,False,01
L16_s7011_first,16,7011,first,1,0.9254901960784314,0.8470588235294118,0.12549019607843137,0.12549019607843137,255,False,c5
L16_s7011_first,16,7011,first,2,0.8549019607843137,0.21176470588235294,0.0196078431372549,0.011764705882352941,255,False,01
L16_s7011_first,16,7011,first,3,0.8705882352941177,0.5568627450980392,0.03529411764705882,0.00392156862745098,255,False,c5
L16_s7011_first,16,7011,first,4,0.9176470588235294,0.8784313725490196,0.00392156862745098,0.00392156862745098,255,False,01
L16_s7011_first,16,7011,first,5,0.9215686274509803,0.18823529411764706,0.050980392156862744,0.0392156862745098,255,False,c5
L16_s7011_first,16,7011,first,6,0.7764705882352941,0.1568627450980392,0.054901960784313725,0.03529411764705882,255,False,01
L16_s7011_first,16,7011,first,7,0.12941176470588237,0.0392156862745098,0.6196078431372549,0.00784313725490196,255,False,c5
L16_s7011_first,16,7011,first,8,0.796078431372549,0.7568627450980392,0.054901960784313725,0.0196078431372549,255,False,01
L16_s7011_first,16,7011,first,9,0.1843137254901961,0.1607843137254902,0.21568627450980393,0.058823529411764705,255,False,c5
L16_s7011_first,16,7011,first,10,0.8509803921568627,0.8313725490196079,0.0392156862745098,0.023529411764705882,255,False,01
L16_s7011_first,16,7011,first,11,0.792156862745098,0.36470588235294116,0.043137254901960784,0.0196078431372549,255,False,c5
L16_s7011_first,16,7011,first,12,0.8588235294117647,0.7490196078431373,0.0,0.0,255,False,01
L16_s7011_first,16,7011,first,13,0.9529411764705882,0.8941176470588236,0.00784313725490196,0.0,255,False,c5
L16_s7011_first,16,7011,first,14,0.8745098039215686,0.8235294117647058,0.011764705882352941,0.00392156862745098,255,False,01
L16_s7011_first,16,7011,first,15,0.9058823529411765,0.1607843137254902,0.00392156862745098,0.00392156862745098,255,False,c5
L16_s7011_final,16,7011,final,0,0.6901960784313725,0.6901960784313725,0.0,0.0,255,False,ad
L16_s7011_final,16,7011,final,1,0.0,0.0,0.0,0.0,255,False,e3
L16_s7011_final,16,7011,final,2,0.6509803921568628,0.6509803921568628,0.0,0.0,255,False,21
L16_s7011_final,16,7011,final,3,0.0,0.0,0.0,0.0,255,False,e3
L16_s7011_final,16,7011,final,4,0.03529411764705882,0.03529411764705882,0.0,0.0,255,False,21
L16_s7011_final,16,7011,final,5,0.00392156862745098,0.00392156862745098,0.12156862745098039,0.00392156862745098,255,False,c0
L16_s7011_final,16,7011,final,6,0.11764705882352941,0.11764705882352941,0.1411764705882353,0.11764705882352941,255,False,ad
L16_s7011_final,16,7011,final,7,0.03529411764705882,0.03529411764705882,0.0,0.0,255,False,c0
L16_s7011_final,16,7011,final,8,1.0,1.0,0.0,0.0,255,False,ad
L16_s7011_final,16,7011,final,9,1.0,1.0,0.0,0.0,255,False,e3
L16_s7011_final,16,7011,final,10,1.0,1.0,0.0,0.0,255,False,21
L16_s7011_final,16,7011,final,11,1.0,1.0,0.0,0.0,255,False,e3
L16_s7011_final,16,7011,final,12,1.0,1.0,0.0,0.0,255,False,21
L16_s7011_final,16,7011,final,13,1.0,1.0,0.0,0.0,255,False,c0
L16_s7011_final,16,7011,final,14,1.0,1.0,0.0,0.0,255,False,ad
L16_s7011_final,16,7011,final,15,1.0,1.0,0.0,0.0,255,False,c0
L16_s7012_first,16,7012,first,0,0.9176470588235294,0.37254901960784315,0.0,0.0,255,False,01
L16_s7012_first,16,7012,first,1,0.9215686274509803,0.8352941176470589,0.26666666666666666,0.25882352941176473,255,False,c5
L16_s7012_first,16,7012,first,2,0.8509803921568627,0.24705882352941178,0.0196078431372549,0.011764705882352941,255,False,01
L16_s7012_first,16,7012,first,3,0.27058823529411763,0.11764705882352941,0.011764705882352941,0.00392156862745098,255,False,c5
L16_s7012_first,16,7012,first,4,0.8784313725490196,0.807843137254902,0.00392156862745098,0.00392156862745098,255,False,01
L16_s7012_first,16,7012,first,5,0.8745098039215686,0.09411764705882353,0.5411764705882353,0.5176470588235295,255,True,c5
L16_s7012_first,16,7012,first,6,0.2196078431372549,0.08235294117647059,0.043137254901960784,0.023529411764705882,255,False,01
L16_s7012_first,16,7012,first,7,0.7019607843137254,0.03137254901960784,0.06274509803921569,0.00784313725490196,255,False,c5
L16_s7012_first,16,7012,first,8,0.8431372549019608,0.7215686274509804,0.03137254901960784,0.011764705882352941,255,False,01
L16_s7012_first,16,7012,first,9,0.16470588235294117,0.13725490196078433,0.9098039215686274,0.1450980392156863,255,False,c5
L16_s7012_first,16,7012,first,10,0.8509803921568627,0.8117647058823529,0.12941176470588237,0.10196078431372549,255,False,01
L16_s7012_first,16,7012,first,11,0.7803921568627451,0.16470588235294117,0.03137254901960784,0.023529411764705882,255,False,c5
L16_s7012_first,16,7012,first,12,0.8823529411764706,0.792156862745098,0.0196078431372549,0.0,255,False,01
L16_s7012_first,16,7012,first,13,0.9176470588235294,0.1803921568627451,0.03529411764705882,0.0196078431372549,255,False,c5
L16_s7012_first,16,7012,first,14,0.8274509803921568,0.6705882352941176,0.023529411764705882,0.01568627450980392,255,False,01
L16_s7012_first,16,7012,first,15,0.9411764705882353,0.7568627450980392,0.0,0.0,255,False,c5
L16_s7012_final,16,7012,final,0,0.6901960784313725,0.6901960784313725,0.0,0.0,255,False,ad
L16_s7012_final,16,7012,final,1,0.0,0.0,0.00392156862745098,0.0,255,False,e3
L16_s7012_final,16,7012,final,2,0.6509803921568628,0.6509803921568628,0.0,0.0,255,False,21
L16_s7012_final,16,7012,final,3,0.0,0.0,0.0,0.0,255,False,e3
L16_s7012_final,16,7012,final,4,0.03529411764705882,0.03529411764705882,0.0,0.0,255,False,21
L16_s7012_final,16,7012,final,5,0.00392156862745098,0.00392156862745098,0.01568627450980392,0.00392156862745098,255,False,c0
L16_s7012_final,16,7012,final,6,0.11764705882352941,0.11764705882352941,0.13333333333333333,0.11764705882352941,255,False,ad
L16_s7012_final,16,7012,final,7,0.03529411764705882,0.03529411764705882,0.0,0.0,255,False,c0
L16_s7012_final,16,7012,final,8,1.0,1.0,0.0,0.0,255,False,ad
L16_s7012_final,16,7012,final,9,1.0,1.0,0.0,0.0,255,False,e3
L16_s7012_final,16,7012,final,10,1.0,1.0,0.0,0.0,255,False,21
L16_s7012_final,16,7012,final,11,1.0,1.0,0.0,0.0,255,False,e3
L16_s7012_final,16,7012,final,12,1.0,1.0,0.0,0.0,255,False,21
L16_s7012_final,16,7012,final,13,1.0,1.0,0.0,0.0,255,False,c0
L16_s7012_final,16,7012,final,14,1.0,1.0,0.0,0.0,255,False,ad
L16_s7012_final,16,7012,final,15,1.0,1.0,0.0,0.0,255,False,c0
L16_s7013_first,16,7013,first,0,0.9294117647058824,0.792156862745098,0.0,0.0,255,False,01
L16_s7013_first,16,7013,first,1,0.9333333333333333,0.9137254901960784,0.10588235294117647,0.09803921568627451,255,False,c5
L16_s7013_first,16,7013,first,2,0.34901960784313724,0.1450980392156863,0.6039215686274509,0.06666666666666667,255,False,01
L16_s7013_first,16,7013,first,3,0.8745098039215686,0.5764705882352941,0.023529411764705882,0.011764705882352941,255,False,c5
L16_s7013_first,16,7013,first,4,0.9098039215686274,0.807843137254902,0.00784313725490196,0.00392156862745098,255,False,01
L16_s7013_first,16,7013,first,5,0.8745098039215686,0.5764705882352941,0.09803921568627451,0.06666666666666667,255,False,c5
L16_s7013_first,16,7013,first,6,0.8156862745098039,0.10588235294117647,0.050980392156862744,0.023529411764705882,255,False,01
L16_s7013_first,16,7013,first,7,0.4627450980392157,0.027450980392156862,0.047058823529411764,0.0,255,False,c5
L16_s7013_first,16,7013,first,8,0.8431372549019608,0.6980392156862745,0.027450980392156862,0.00784313725490196,255,False,01
L16_s7013_first,16,7013,first,9,0.1803921568627451,0.10980392156862745,0.3764705882352941,0.047058823529411764,255,False,c5
L16_s7013_first,16,7013,first,10,0.8666666666666667,0.807843137254902,0.0392156862745098,0.00392156862745098,255,False,01
L16_s7013_first,16,7013,first,11,0.8313725490196079,0.23921568627450981,0.0392156862745098,0.023529411764705882,255,False,c5
L16_s7013_first,16,7013,first,12,0.8823529411764706,0.7450980392156863,0.00784313725490196,0.00392156862745098,255,False,01
L16_s7013_first,16,7013,first,13,0.9529411764705882,0.8862745098039215,0.011764705882352941,0.0,255,False,c5
L16_s7013_first,16,7013,first,14,0.9176470588235294,0.8509803921568627,0.011764705882352941,0.00392156862745098,255,False,01
L16_s7013_first,16,7013,first,15,0.9372549019607843,0.7411764705882353,0.0,0.0,255,False,c5
L16_s7013_final,16,7013,final,0,0.6901960784313725,0.6901960784313725,0.0,0.0,255,False,ad
L16_s7013_final,16,7013,final,1,0.0,0.0,0.0,0.0,255,False,e3
L16_s7013_final,16,7013,final,2,0.6509803921568628,0.6509803921568628,0.0,0.0,255,False,21
L16_s7013_final,16,7013,final,3,0.0,0.0,0.0,0.0,255,False,e3
L16_s7013_final,16,7013,final,4,0.03529411764705882,0.03529411764705882,0.0,0.0,255,False,21
L16_s7013_final,16,7013,final,5,0.00392156862745098,0.00392156862745098,0.047058823529411764,0.00392156862745098,255,False,c0
L16_s7013_final,16,7013,final,6,0.11764705882352941,0.11764705882352941,0.13725490196078433,0.11764705882352941,255,False,ad
L16_s7013_final,16,7013,final,7,0.03529411764705882,0.03529411764705882,0.0,0.0,255,False,c0
L16_s7013_final,16,7013,final,8,1.0,1.0,0.0,0.0,255,False,ad
L16_s7013_final,16,7013,final,9,1.0,1.0,0.0,0.0,255,False,e3
L16_s7013_final,16,7013,final,10,1.0,1.0,0.0,0.0,255,False,21
L16_s7013_final,16,7013,final,11,1.0,1.0,0.0,0.0,255,False,e3
L16_s7013_final,16,7013,final,12,1.0,1.0,0.0,0.0,255,False,21
L16_s7013_final,16,7013,final,13,1.0,1.0,0.0,0.0,255,False,c0
L16_s7013_final,16,7013,final,14,1.0,1.0,0.0,0.0,255,False,ad
L16_s7013_final,16,7013,final,15,1.0,1.0,0.0,0.0,255,False,c0
L16_s7014_first,16,7014,first,0,0.9019607843137255,0.5098039215686274,0.0,0.0,255,False,01
L16_s7014_first,16,7014,first,1,0.9058823529411765,0.8235294117647058,0.7764705882352941,0.7686274509803922,255,True,c5
L16_s7014_first,16,7014,first,2,0.8862745098039215,0.8313725490196079,0.03137254901960784,0.023529411764705882,255,False,01
L16_s7014_first,16,7014,first,3,0.7333333333333333,0.1450980392156863,0.03529411764705882,0.00392156862745098,255,False,c5
L16_s7014_first,16,7014,first,4,0.9411764705882353,0.8627450980392157,0.00392156862745098,0.00392156862745098,255,False,01
L16_s7014_first,16,7014,first,5,0.596078431372549,0.09019607843137255,0.043137254901960784,0.03137254901960784,255,False,c5
L16_s7014_first,16,7014,first,6,0.8588235294117647,0.0784313725490196,0.043137254901960784,0.023529411764705882,255,False,01
L16_s7014_first,16,7014,first,7,0.6274509803921569,0.1411764705882353,0.0784313725490196,0.00392156862745098,255,False,c5
L16_s7014_first,16,7014,first,8,0.8196078431372549,0.6078431372549019,0.054901960784313725,0.023529411764705882,255,False,01
L16_s7014_first,16,7014,first,9,0.14901960784313725,0.10980392156862745,0.8274509803921568,0.06274509803921569,255,False,c5
L16_s7014_first,16,7014,first,10,0.8509803921568627,0.788235294117647,0.03529411764705882,0.01568627450980392,255,False,01
L16_s7014_first,16,7014,first,11,0.7098039215686275,0.2196078431372549,0.050980392156862744,0.03137254901960784,255,False,c5
L16_s7014_first,16,7014,first,12,0.8705882352941177,0.7215686274509804,0.00784313725490196,0.0,255,False,01
L16_s7014_first,16,7014,first,13,0.9490196078431372,0.5411764705882353,0.011764705882352941,0.0,255,False,c5
L16_s7014_first,16,7014,first,14,0.8862745098039215,0.792156862745098,0.0196078431372549,0.011764705882352941,255,False,01
L16_s7014_first,16,7014,first,15,0.8156862745098039,0.27058823529411763,0.00392156862745098,0.00392156862745098,255,False,c5
L16_s7014_final,16,7014,final,0,0.6901960784313725,0.6901960784313725,0.0,0.0,255,False,ad
L16_s7014_final,16,7014,final,1,0.0,0.0,0.0,0.0,255,False,e3
L16_s7014_final,16,7014,final,2,0.6509803921568628,0.6509803921568628,0.0,0.0,255,False,21
L16_s7014_final,16,7014,final,3,0.0,0.0,0.0,0.0,255,False,e3
L16_s7014_final,16,7014,final,4,0.03529411764705882,0.03529411764705882,0.0196078431372549,0.0,255,False,21
L16_s7014_final,16,7014,final,5,0.00392156862745098,0.00392156862745098,0.03137254901960784,0.00392156862745098,255,False,c0
L16_s7014_final,16,7014,final,6,0.11764705882352941,0.11764705882352941,0.13725490196078433,0.11764705882352941,255,False,ad
L16_s7014_final,16,7014,final,7,0.03529411764705882,0.03529411764705882,0.0,0.0,255,False,c0
L16_s7014_final,16,7014,final,8,1.0,1.0,0.0,0.0,255,False,ad
L16_s7014_final,16,7014,final,9,1.0,1.0,0.0,0.0,255,False,e3
L16_s7014_final,16,7014,final,10,1.0,1.0,0.0,0.0,255,False,21
L16_s7014_final,16,7014,final,11,1.0,1.0,0.0,0.0,255,False,e3
L16_s7014_final,16,7014,final,12,1.0,1.0,0.0,0.0,255,False,21
L16_s7014_final,16,7014,final,13,1.0,1.0,0.0,0.0,255,False,c0
L16_s7014_final,16,7014,final,14,1.0,1.0,0.0,0.0,255,False,ad
L16_s7014_final,16,7014,final,15,1.0,1.0,0.0,0.0,255,False,c0
L16_s7015_first,16,7015,first,0,0.9294117647058824,0.8274509803921568,0.0,0.0,255,False,01
L16_s7015_first,16,7015,first,1,0.9215686274509803,0.8980392156862745,0.09803921568627451,0.09019607843137255,255,False,c5
L16_s7015_first,16,7015,first,2,0.8666666666666667,0.2823529411764706,0.03137254901960784,0.011764705882352941,255,False,01
L16_s7015_first,16,7015,first,3,0.4549019607843137,0.16470588235294117,0.047058823529411764,0.023529411764705882,255,False,c5
L16_s7015_first,16,7015,first,4,0.9333333333333333,0.8745098039215686,0.00784313725490196,0.00392156862745098,255,False,01
L16_s7015_first,16,7015,first,5,0.8549019607843137,0.1411764705882353,0.058823529411764705,0.0392156862745098,255,False,c5
L16_s7015_first,16,7015,first,6,0.8274509803921568,0.6274509803921569,0.054901960784313725,0.023529411764705882,255,False,01
L16_s7015_first,16,7015,first,7,0.611764705882353,0.043137254901960784,0.09803921568627451,0.00392156862745098,255,False,c5
L16_s7015_first,16,7015,first,8,0.792156862745098,0.7725490196078432,0.03529411764705882,0.023529411764705882,255,False,01
L16_s7015_first,16,7015,first,9,0.19215686274509805,0.12941176470588237,0.2823529411764706,0.043137254901960784,255,False,c5
L16_s7015_first,16,7015,first,10,0.8392156862745098,0.796078431372549,0.023529411764705882,0.00784313725490196,255,False,01
L16_s7015_first,16,7015,first,11,0.9098039215686274,0.7372549019607844,0.027450980392156862,0.0196078431372549,255,False,c5
L16_s7015_first,16,7015,first,12,0.8901960784313725,0.7568627450980392,0.023529411764705882,0.0,255,False,01
L16_s7015_first,16,7015,first,13,0.9529411764705882,0.7686274509803922,0.00392156862745098,0.0,255,False,c5
L16_s7015_first,16,7015,first,14,0.8901960784313725,0.8235294117647058,0.023529411764705882,0.00784313725490196,255,False,01
L16_s7015_first,16,7015,first,15,0.9686274509803922,0.8784313725490196,0.0,0.0,255,False,c5
L16_s7015_final,16,7015,final,0,0.6901960784313725,0.6901960784313725,0.0,0.0,255,False,ad
L16_s7015_final,16,7015,final,1,0.0,0.0,0.0,0.0,255,False,e3
L16_s7015_final,16,7015,final,2,0.6509803921568628,0.6509803921568628,0.0,0.0,255,False,21
L16_s7015_final,16,7015,final,3,0.0,0.0,0.0,0.0,255,False,e3
L16_s7015_final,16,7015,final,4,0.03529411764705882,0.03529411764705882,0.00392156862745098,0.0,255,False,21
L16_s7015_final,16,7015,final,5,0.00392156862745098,0.00392156862745098,0.054901960784313725,0.00392156862745098,255,False,c0
L16_s7015_final,16,7015,final,6,0.11764705882352941,0.11764705882352941,0.14901960784313725,0.11764705882352941,255,False,ad
L16_s7015_final,16,7015,final,7,0.03529411764705882,0.03529411764705882,0.0,0.0,255,False,c0
L16_s7015_final,16,7015,final,8,1.0,1.0,0.0,0.0,255,False,ad
L16_s7015_final,16,7015,final,9,1.0,1.0,0.0,0.0,255,False,e3
L16_s7015_final,16,7015,final,10,1.0,1.0,0.0,0.0,255,False,21
L16_s7015_final,16,7015,final,11,1.0,1.0,0.0,0.0,255,False,e3
L16_s7015_final,16,7015,final,12,1.0,1.0,0.0,0.0,255,False,21
L16_s7015_final,16,7015,final,13,1.0,1.0,0.0,0.0,255,False,c0
L16_s7015_final,16,7015,final,14,1.0,1.0,0.0,0.0,255,False,ad
L16_s7015_final,16,7015,final,15,1.0,1.0,0.0,0.0,255,False,c0
L16_s7016_first,16,7016,first,0,0.9333333333333333,0.792156862745098,0.0,0.0,255,False,21
L16_s7016_first,16,7016,first,1,0.9098039215686274,0.8274509803921568,0.0784313725490196,0.0784313725490196,255,False,e5
L16_s7016_first,16,7016,first,2,0.8156862745098039,0.13725490196078433,0.0196078431372549,0.00784313725490196,255,False,21
L16_s7016_first,16,7016,first,3,0.9098039215686274,0.3568627450980392,0.00784313725490196,0.00392156862745098,255,False,e5
L16_s7016_first,16,7016,first,4,0.9568627450980393,0.8823529411764706,0.0,0.0,255,False,21
L16_s7016_first,16,7016,first,5,0.9019607843137255,0.10588235294117647,0.03529411764705882,0.027450980392156862,255,False,e5
L16_s7016_first,16,7016,first,6,0.8156862745098039,0.6274509803921569,0.054901960784313725,0.023529411764705882,255,False,21
L16_s7016_first,16,7016,first,7,0.7098039215686275,0.09411764705882353,0.027450980392156862,0.00784313725490196,255,False,e5
L16_s7016_first,16,7016,first,8,0.8156862745098039,0.7215686274509804,0.043137254901960784,0.023529411764705882,255,False,21
L16_s7016_first,16,7016,first,9,0.18823529411764706,0.15294117647058825,0.6980392156862745,0.0392156862745098,255,False,e5
L16_s7016_first,16,7016,first,10,0.8274509803921568,0.8,0.03529411764705882,0.01568627450980392,255,False,21
L16_s7016_first,16,7016,first,11,0.9215686274509803,0.807843137254902,0.03137254901960784,0.027450980392156862,255,False,e5
L16_s7016_first,16,7016,first,12,0.8901960784313725,0.7568627450980392,0.027450980392156862,0.00392156862745098,255,False,21
L16_s7016_first,16,7016,first,13,0.9372549019607843,0.6235294117647059,0.011764705882352941,0.00392156862745098,255,False,e5
L16_s7016_first,16,7016,first,14,0.8705882352941177,0.807843137254902,0.00392156862745098,0.0,255,False,21
L16_s7016_first,16,7016,first,15,0.9254901960784314,0.8588235294117647,0.00784313725490196,0.00784313725490196,255,False,e5
L16_s7016_final,16,7016,final,0,0.6980392156862745,0.6901960784313725,0.0,0.0,255,False,ad
L16_s7016_final,16,7016,final,1,0.0,0.0,0.0,0.0,255,False,e3
L16_s7016_final,16,7016,final,2,0.6588235294117647,0.6509803921568628,0.0,0.0,255,False,21
L16_s7016_final,16,7016,final,3,0.0,0.0,0.0,0.0,255,False,e3
L16_s7016_final,16,7016,final,4,0.03529411764705882,0.03529411764705882,0.0,0.0,255,False,21
L16_s7016_final,16,7016,final,5,0.00392156862745098,0.00392156862745098,0.09019607843137255,0.00392156862745098,255,False,c0
L16_s7016_final,16,7016,final,6,0.11764705882352941,0.11764705882352941,0.13725490196078433,0.11764705882352941,255,False,ad
L16_s7016_final,16,7016,final,7,0.03529411764705882,0.03529411764705882,0.0,0.0,255,False,c0
L16_s7016_final,16,7016,final,8,1.0,1.0,0.0,0.0,255,False,ad
L16_s7016_final,16,7016,final,9,1.0,1.0,0.0,0.0,255,False,e3
L16_s7016_final,16,7016,final,10,1.0,1.0,0.0,0.0,255,False,21
L16_s7016_final,16,7016,final,11,1.0,1.0,0.0,0.0,255,False,e3
L16_s7016_final,16,7016,final,12,1.0,1.0,0.0,0.0,255,False,21
L16_s7016_final,16,7016,final,13,1.0,1.0,0.0,0.0,255,False,c0
L16_s7016_final,16,7016,final,14,1.0,1.0,0.0,0.0,255,False,ad
L16_s7016_final,16,7016,final,15,1.0,1.0,0.0,0.0,255,False,c0
L16_s7017_first,16,7017,first,0,0.9098039215686274,0.7764705882352941,0.0,0.0,255,False,01
L16_s7017_first,16,7017,first,1,0.9098039215686274,0.8470588235294118,0.1568627450980392,0.15294117647058825,255,False,c5
L16_s7017_first,16,7017,first,2,0.8627450980392157,0.7686274509803922,0.054901960784313725,0.047058823529411764,255,False,01
L16_s7017_first,16,7017,first,3,0.3137254901960784,0.13333333333333333,0.027450980392156862,0.00392156862745098,255,False,c5
L16_s7017_first,16,7017,first,4,0.9215686274509803,0.7568627450980392,0.00392156862745098,0.00392156862745098,255,False,01
L16_s7017_first,16,7017,first,5,0.3176470588235294,0.10588235294117647,0.050980392156862744,0.03529411764705882,255,False,c5
L16_s7017_first,16,7017,first,6,0.2784313725490196,0.06274509803921569,0.050980392156862744,0.023529411764705882,255,False,01
L16_s7017_first,16,7017,first,7,0.26666666666666666,0.027450980392156862,0.054901960784313725,0.0,255,False,c5
L16_s7017_first,16,7017,first,8,0.807843137254902,0.24313725490196078,0.058823529411764705,0.03529411764705882,255,False,01
L16_s7017_first,16,7017,first,9,0.1450980392156863,0.10980392156862745,0.8,0.01568627450980392,255,False,c5
L16_s7017_first,16,7017,first,10,0.8431372549019608,0.8,0.047058823529411764,0.03137254901960784,255,False,01
L16_s7017_first,16,7017,first,11,0.3176470588235294,0.09411764705882353,0.054901960784313725,0.027450980392156862,255,False,c5
L16_s7017_first,16,7017,first,12,0.8549019607843137,0.6588235294117647,0.00392156862745098,0.0,255,False,01
L16_s7017_first,16,7017,first,13,0.9215686274509803,0.5803921568627451,0.011764705882352941,0.0,255,False,c5
L16_s7017_first,16,7017,first,14,0.8392156862745098,0.7176470588235294,0.01568627450980392,0.00392156862745098,255,False,01
L16_s7017_first,16,7017,first,15,0.38823529411764707,0.047058823529411764,0.00784313725490196,0.00392156862745098,255,False,c5
L16_s7017_final,16,7017,final,0,0.6901960784313725,0.6901960784313725,0.0,0.0,255,False,ad
L16_s7017_final,16,7017,final,1,0.0,0.0,0.0,0.0,255,False,e3
L16_s7017_final,16,7017,final,2,0.6509803921568628,0.6509803921568628,0.0,0.0,255,False,21
L16_s7017_final,16,7017,final,3,0.0,0.0,0.0,0.0,255,False,e3
L16_s7017_final,16,7017,final,4,0.03529411764705882,0.03529411764705882,0.0,0.0,255,False,21
L16_s7017_final,16,7017,final,5,0.00392156862745098,0.00392156862745098,0.0392156862745098,0.00392156862745098,255,False,c0
L16_s7017_final,16,7017,final,6,0.11764705882352941,0.11764705882352941,0.13333333333333333,0.11764705882352941,255,False,ad
L16_s7017_final,16,7017,final,7,0.03529411764705882,0.03529411764705882,0.0,0.0,255,False,c0
L16_s7017_final,16,7017,final,8,1.0,1.0,0.0,0.0,255,False,ad
L16_s7017_final,16,7017,final,9,1.0,1.0,0.0,0.0,255,False,e3
L16_s7017_final,16,7017,final,10,1.0,1.0,0.0,0.0,255,False,21
L16_s7017_final,16,7017,final,11,1.0,1.0,0.0,0.0,255,False,e3
L16_s7017_final,16,7017,final,12,1.0,1.0,0.0,0.0,255,False,21
L16_s7017_final,16,7017,final,13,1.0,1.0,0.0,0.0,255,False,c0
L16_s7017_final,16,7017,final,14,1.0,1.0,0.0,0.0,255,False,ad
L16_s7017_final,16,7017,final,15,1.0,1.0,0.0,0.0,255,False,c0
L16_s7018_first,16,7018,first,0,0.9098039215686274,0.7686274509803922,0.0,0.0,255,False,01
L16_s7018_first,16,7018,first,1,0.9137254901960784,0.8196078431372549,0.8313725490196079,0.8196078431372549,255,True,c5
L16_s7018_first,16,7018,first,2,0.27058823529411763,0.2196078431372549,0.027450980392156862,0.027450980392156862,255,False,01
L16_s7018_first,16,7018,first,3,0.8431372549019608,0.23137254901960785,0.011764705882352941,0.00392156862745098,255,False,c5
L16_s7018_first,16,7018,first,4,0.8627450980392157,0.788235294117647,0.00392156862745098,0.00392156862745098,255,False,01
L16_s7018_first,16,7018,first,5,0.2627450980392157,0.10196078431372549,0.17254901960784313,0.06274509803921569,255,False,c5
L16_s7018_first,16,7018,first,6,0.8549019607843137,0.09411764705882353,0.047058823529411764,0.023529411764705882,255,False,01
L16_s7018_first,16,7018,first,7,0.07450980392156863,0.03137254901960784,0.5176470588235295,0.00392156862745098,255,False,c5
L16_s7018_first,16,7018,first,8,0.803921568627451,0.7725490196078432,0.027450980392156862,0.0196078431372549,255,False,01
L16_s7018_first,16,7018,first,9,0.1568627450980392,0.13725490196078433,0.8,0.03529411764705882,255,False,c5
L16_s7018_first,16,7018,first,10,0.8509803921568627,0.807843137254902,0.027450980392156862,0.00784313725490196,255,False,01
L16_s7018_first,16,7018,first,11,0.3215686274509804,0.1607843137254902,0.050980392156862744,0.027450980392156862,255,False,c5
L16_s7018_first,16,7018,first,12,0.8705882352941177,0.7686274509803922,0.00392156862745098,0.0,255,False,01
L16_s7018_first,16,7018,first,13,0.9450980392156862,0.22745098039215686,0.01568627450980392,0.0,255,False,c5
L16_s7018_first,16,7018,first,14,0.8705882352941177,0.807843137254902,0.0196078431372549,0.00784313725490196,255,False,01
L16_s7018_first,16,7018,first,15,0.788235294117647,0.12941176470588237,0.00784313725490196,0.00784313725490196,255,False,c5
L16_s7018_final,16,7018,final,0,0.6980392156862745,0.6901960784313725,0.0,0.0,255,False,ad
L16_s7018_final,16,7018,final,1,0.0,0.0,0.0,0.0,255,False,e3
L16_s7018_final,16,7018,final,2,0.6509803921568628,0.6509803921568628,0.0,0.0,255,False,21
L16_s7018_final,16,7018,final,3,0.0,0.0,0.0,0.0,255,False,e3
L16_s7018_final,16,7018,final,4,0.03529411764705882,0.03529411764705882,0.0,0.0,255,False,21
L16_s7018_final,16,7018,final,5,0.00392156862745098,0.00392156862745098,0.043137254901960784,0.00392156862745098,255,False,c0
L16_s7018_final,16,7018,final,6,0.11764705882352941,0.11764705882352941,0.12941176470588237,0.11764705882352941,255,False,ad
L16_s7018_final,16,7018,final,7,0.03529411764705882,0.03529411764705882,0.0,0.0,255,False,c0
L16_s7018_final,16,7018,final,8,1.0,1.0,0.0,0.0,255,False,ad
L16_s7018_final,16,7018,final,9,1.0,1.0,0.0,0.0,255,False,e3
L16_s7018_final,16,7018,final,10,1.0,1.0,0.0,0.0,255,False,21
L16_s7018_final,16,7018,final,11,1.0,1.0,0.0,0.0,255,False,e3
L16_s7018_final,16,7018,final,12,1.0,1.0,0.0,0.0,255,False,21
L16_s7018_final,16,7018,final,13,1.0,1.0,0.0,0.0,255,False,c0
L16_s7018_final,16,7018,final,14,1.0,1.0,0.0,0.0,255,False,ad
L16_s7018_final,16,7018,final,15,1.0,1.0,0.0,0.0,255,False,c0
L16_s7019_first,16,7019,first,0,0.5333333333333333,0.14901960784313725,0.0,0.0,255,False,21
L16_s7019_first,16,7019,first,1,0.9372549019607843,0.9019607843137255,0.03529411764705882,0.03529411764705882,255,False,e5
L16_s7019_first,16,7019,first,2,0.8196078431372549,0.12549019607843137,0.0196078431372549,0.00392156862745098,255,False,21
L16_s7019_first,16,7019,first,3,0.9176470588235294,0.4980392156862745,0.0,0.0,255,False,e5
L16_s7019_first,16,7019,first,4,0.9294117647058824,0.7372549019607844,0.0,0.0,255,False,21
L16_s7019_first,16,7019,first,5,0.9176470588235294,0.792156862745098,0.054901960784313725,0.047058823529411764,255,False,e5
L16_s7019_first,16,7019,first,6,0.8431372549019608,0.6862745098039216,0.054901960784313725,0.027450980392156862,255,False,21
L16_s7019_first,16,7019,first,7,0.3215686274509804,0.0392156862745098,0.0392156862745098,0.00784313725490196,255,False,e5
L16_s7019_first,16,7019,first,8,0.8235294117647058,0.7137254901960784,0.03137254901960784,0.0196078431372549,255,False,21
L16_s7019_first,16,7019,first,9,0.1607843137254902,0.12549019607843137,0.7725490196078432,0.0196078431372549,255,False,e5
L16_s7019_first,16,7019,first,10,0.8313725490196079,0.7843137254901961,0.03529411764705882,0.011764705882352941,255,False,21
L16_s7019_first,16,7019,first,11,0.9058823529411765,0.7764705882352941,0.03529411764705882,0.023529411764705882,255,False,e5
L16_s7019_first,16,7019,first,12,0.8705882352941177,0.6862745098039216,0.0,0.0,255,False,21
L16_s7019_first,16,7019,first,13,0.9686274509803922,0.8549019607843137,0.00392156862745098,0.0,255,False,e5
L16_s7019_first,16,7019,first,14,0.8666666666666667,0.7843137254901961,0.011764705882352941,0.0,255,False,21
L16_s7019_first,16,7019,first,15,0.9725490196078431,0.8745098039215686,0.00784313725490196,0.00392156862745098,255,False,e5
L16_s7019_final,16,7019,final,0,0.6901960784313725,0.6901960784313725,0.0,0.0,255,False,ad
L16_s7019_final,16,7019,final,1,0.0,0.0,0.0,0.0,255,False,e3
L16_s7019_final,16,7019,final,2,0.6509803921568628,0.6509803921568628,0.0,0.0,255,False,21
L16_s7019_final,16,7019,final,3,0.0,0.0,0.0,0.0,255,False,e3
L16_s7019_final,16,7019,final,4,0.03529411764705882,0.03529411764705882,0.0,0.0,255,False,21
L16_s7019_final,16,7019,final,5,0.00392156862745098,0.00392156862745098,0.12156862745098039,0.00392156862745098,255,False,c0
L16_s7019_final,16,7019,final,6,0.11764705882352941,0.11764705882352941,0.14901960784313725,0.11764705882352941,255,False,ad
L16_s7019_final,16,7019,final,7,0.03529411764705882,0.03529411764705882,0.0,0.0,255,False,c0
L16_s7019_final,16,7019,final,8,1.0,1.0,0.0,0.0,255,False,ad
L16_s7019_final,16,7019,final,9,1.0,1.0,0.0,0.0,255,False,e3
L16_s7019_final,16,7019,final,10,1.0,1.0,0.0,0.0,255,False,21
L16_s7019_final,16,7019,final,11,1.0,1.0,0.0,0.0,255,False,e3
L16_s7019_final,16,7019,final,12,1.0,1.0,0.0,0.0,255,False,21
L16_s7019_final,16,7019,final,13,1.0,1.0,0.0,0.0,255,False,c0
L16_s7019_final,16,7019,final,14,1.0,1.0,0.0,0.0,255,False,ad
L16_s7019_final,16,7019,final,15,1.0,1.0,0.0,0.0,255,False,c0
L16_s7020_first,16,7020,first,0,0.8588235294117647,0.6470588235294118,0.0,0.0,255,False,01
L16_s7020_first,16,7020,first,1,0.9176470588235294,0.8392156862745098,0.043137254901960784,0.03137254901960784,255,False,c5
L16_s7020_first,16,7020,first,2,0.8784313725490196,0.7725490196078432,0.0196078431372549,0.01568627450980392,255,False,01
L16_s7020_first,16,7020,first,3,0.3333333333333333,0.25882352941176473,0.03529411764705882,0.00392156862745098,255,False,c5
L16_s7020_first,16,7020,first,4,0.9176470588235294,0.8431372549019608,0.00392156862745098,0.0,255,False,01
L16_s7020_first,16,7020,first,5,0.8117647058823529,0.7176470588235294,0.15294117647058825,0.13333333333333333,255,False,c5
L16_s7020_first,16,7020,first,6,0.7725490196078432,0.10588235294117647,0.03529411764705882,0.023529411764705882,255,False,01
L16_s7020_first,16,7020,first,7,0.7843137254901961,0.050980392156862744,0.03529411764705882,0.00784313725490196,255,False,c5
L16_s7020_first,16,7020,first,8,0.796078431372549,0.7333333333333333,0.027450980392156862,0.0196078431372549,255,False,01
L16_s7020_first,16,7020,first,9,0.1411764705882353,0.13333333333333333,0.611764705882353,0.08235294117647059,255,False,c5
L16_s7020_first,16,7020,first,10,0.8431372549019608,0.803921568627451,0.03137254901960784,0.00784313725490196,255,False,01
L16_s7020_first,16,7020,first,11,0.8980392156862745,0.7686274509803922,0.0392156862745098,0.03137254901960784,255,False,c5
L16_s7020_first,16,7020,first,12,0.8705882352941177,0.7607843137254902,0.023529411764705882,0.0,255,False,01
L16_s7020_first,16,7020,first,13,0.9490196078431372,0.8235294117647058,0.011764705882352941,0.0,255,False,c5
L16_s7020_first,16,7020,first,14,0.8784313725490196,0.8431372549019608,0.01568627450980392,0.00784313725490196,255,False,01
L16_s7020_first,16,7020,first,15,0.9686274509803922,0.8156862745098039,0.011764705882352941,0.011764705882352941,255,False,c5
L16_s7020_final,16,7020,final,0,0.6901960784313725,0.6901960784313725,0.0,0.0,255,False,ad
L16_s7020_final,16,7020,final,1,0.0,0.0,0.0,0.0,255,False,e3
L16_s7020_final,16,7020,final,2,0.6509803921568628,0.6509803921568628,0.0,0.0,255,False,21
L16_s7020_final,16,7020,final,3,0.0,0.0,0.0,0.0,255,False,e3
L16_s7020_final,16,7020,final,4,0.03529411764705882,0.03529411764705882,0.0,0.0,255,False,21
L16_s7020_final,16,7020,final,5,0.00392156862745098,0.00392156862745098,0.0784313725490196,0.00392156862745098,255,False,c0
L16_s7020_final,16,7020,final,6,0.11764705882352941,0.11764705882352941,0.13333333333333333,0.11764705882352941,255,False,ad
L16_s7020_final,16,7020,final,7,0.03529411764705882,0.03529411764705882,0.0,0.0,255,False,c0
L16_s7020_final,16,7020,final,8,1.0,1.0,0.0,0.0,255,False,ad
L16_s7020_final,16,7020,final,9,1.0,1.0,0.0,0.0,255,False,e3
L16_s7020_final,16,7020,final,10,1.0,1.0,0.0,0.0,255,False,21
L16_s7020_final,16,7020,final,11,1.0,1.0,0.0,0.0,255,False,e3
L16_s7020_final,16,7020,final,12,1.0,1.0,0.0,0.0,255,False,21
L16_s7020_final,16,7020,final,13,1.0,1.0,0.0,0.0,255,False,c0
L16_s7020_final,16,7020,final,14,1.0,1.0,0.0,0.0,255,False,ad
L16_s7020_final,16,7020,final,15,1.0,1.0,0.0,0.0,255,False,c0
L32_s7001_first,32,7001,first,0,0.96875,0.9375,0.0,0.0,32,False,01
L32_s7001_first,32,7001,first,1,1.0,0.9375,0.09375,0.09375,32,False,c5
L32_s7001_first,32,7001,first,2,1.0,1.0,0.84375,0.84375,32,True,01
L32_s7001_first,32,7001,first,3,0.9375,0.90625,0.0625,0.0625,32,False,c5
L32_s7001_first,32,7001,first,4,0.96875,0.9375,0.03125,0.03125,32,False,01
L32_s7001_first,32,7001,first,5,0.96875,0.9375,0.625,0.625,32,True,c5
L32_s7001_first,32,7001,first,6,0.9375,0.9375,0.03125,0.0,32,False,01
L32_s7001_first,32,7001,first,7,1.0,0.96875,0.90625,0.90625,32,True,c5
L32_s7001_first,32,7001,first,8,0.96875,0.96875,0.1875,0.1875,32,False,01
L32_s7001_first,32,7001,first,9,0.9375,0.9375,0.9375,0.9375,32,True,c5
L32_s7001_first,32,7001,first,10,0.875,0.875,0.96875,0.84375,32,True,01
L32_s7001_first,32,7001,first,11,0.96875,0.90625,0.21875,0.21875,32,False,c5
L32_s7001_first,32,7001,first,12,1.0,0.96875,0.28125,0.28125,32,False,01
L32_s7001_first,32,7001,first,13,0.90625,0.84375,0.6875,0.65625,32,True,c5
L32_s7001_first,32,7001,first,14,0.9375,0.84375,0.1875,0.15625,32,False,01
L32_s7001_first,32,7001,first,15,0.875,0.875,0.1875,0.125,32,False,c5
L32_s7001_first,32,7001,first,16,0.9375,0.90625,0.09375,0.03125,32,False,01
L32_s7001_first,32,7001,first,17,1.0,1.0,1.0,1.0,32,True,c5
L32_s7001_first,32,7001,first,18,1.0,0.96875,0.90625,0.90625,32,True,01
L32_s7001_first,32,7001,first,19,1.0,0.96875,0.03125,0.03125,32,False,c5
L32_s7001_first,32,7001,first,20,0.96875,0.90625,0.0,0.0,32,False,01
L32_s7001_first,32,7001,first,21,1.0,0.9375,0.875,0.875,32,True,c5
L32_s7001_first,32,7001,first,22,1.0,0.9375,0.125,0.125,32,False,01
L32_s7001_first,32,7001,first,23,1.0,1.0,0.5625,0.5625,32,True,c5
L32_s7001_first,32,7001,first,24,1.0,1.0,0.03125,0.03125,32,False,01
L32_s7001_first,32,7001,first,25,1.0,1.0,0.9375,0.9375,32,True,c5
L32_s7001_first,32,7001,first,26,0.96875,0.9375,0.9375,0.90625,32,True,01
L32_s7001_first,32,7001,first,27,1.0,1.0,0.03125,0.03125,32,False,c5
L32_s7001_first,32,7001,first,28,1.0,0.96875,0.0,0.0,32,False,01
L32_s7001_first,32,7001,first,29,1.0,1.0,0.34375,0.34375,32,False,c5
L32_s7001_first,32,7001,first,30,0.9375,0.84375,0.15625,0.125,32,False,01
L32_s7001_first,32,7001,first,31,1.0,1.0,0.0,0.0,32,False,c5
L32_s7001_final,32,7001,final,0,1.0,0.9375,0.0,0.0,32,False,01
L32_s7001_final,32,7001,final,1,0.96875,0.96875,0.09375,0.09375,32,False,c5
L32_s7001_final,32,7001,final,2,1.0,0.96875,0.25,0.25,32,False,01
L32_s7001_final,32,7001,final,3,1.0,1.0,0.03125,0.03125,32,False,c5
L32_s7001_final,32,7001,final,4,0.96875,0.90625,0.09375,0.09375,32,False,01
L32_s7001_final,32,7001,final,5,0.96875,0.9375,0.15625,0.15625,32,False,c5
L32_s7001_final,32,7001,final,6,0.96875,0.90625,0.0625,0.03125,32,False,01
L32_s7001_final,32,7001,final,7,0.96875,0.96875,0.65625,0.65625,32,True,c5
L32_s7001_final,32,7001,final,8,0.96875,0.875,0.03125,0.03125,32,False,01
L32_s7001_final,32,7001,final,9,0.96875,0.9375,0.75,0.71875,32,True,c5
L32_s7001_final,32,7001,final,10,0.96875,0.875,0.84375,0.8125,32,True,01
L32_s7001_final,32,7001,final,11,0.96875,0.9375,0.09375,0.0625,32,False,c5
L32_s7001_final,32,7001,final,12,1.0,0.96875,0.0,0.0,32,False,01
L32_s7001_final,32,7001,final,13,0.96875,0.84375,0.78125,0.75,32,True,c5
L32_s7001_final,32,7001,final,14,0.90625,0.84375,0.1875,0.15625,32,False,01
L32_s7001_final,32,7001,final,15,0.9375,0.875,0.84375,0.8125,32,True,c5
L32_s7001_final,32,7001,final,16,1.0,0.96875,0.03125,0.03125,32,False,01
L32_s7001_final,32,7001,final,17,0.9375,0.9375,1.0,0.9375,32,True,c5
L32_s7001_final,32,7001,final,18,0.96875,0.875,0.875,0.84375,32,True,01
L32_s7001_final,32,7001,final,19,1.0,0.9375,0.0,0.0,32,False,c5
L32_s7001_final,32,7001,final,20,1.0,0.875,0.0,0.0,32,False,01
L32_s7001_final,32,7001,final,21,1.0,0.9375,0.84375,0.84375,32,True,c5
L32_s7001_final,32,7001,final,22,1.0,0.90625,0.03125,0.03125,32,False,01
L32_s7001_final,32,7001,final,23,0.96875,0.84375,0.34375,0.3125,32,False,c5
L32_s7001_final,32,7001,final,24,0.96875,0.84375,0.09375,0.0625,32,False,01
L32_s7001_final,32,7001,final,25,1.0,0.90625,0.875,0.875,32,True,c5
L32_s7001_final,32,7001,final,26,1.0,0.96875,0.75,0.75,32,True,01
L32_s7001_final,32,7001,final,27,0.96875,0.875,0.0,0.0,32,False,c5
L32_s7001_final,32,7001,final,28,0.96875,0.875,0.0,0.0,32,False,01
L32_s7001_final,32,7001,final,29,1.0,1.0,0.25,0.25,32,False,c5
L32_s7001_final,32,7001,final,30,0.96875,0.8125,0.125,0.09375,32,False,01
L32_s7001_final,32,7001,final,31,0.96875,0.96875,0.0,0.0,32,False,c5
L32_s7002_first,32,7002,first,0,1.0,1.0,0.0,0.0,32,False,01
L32_s7002_first,32,7002,first,1,1.0,0.96875,0.09375,0.09375,32,False,c5
L32_s7002_first,32,7002,first,2,1.0,0.9375,0.84375,0.84375,32,True,01
L32_s7002_first,32,7002,first,3,1.0,1.0,0.09375,0.09375,32,False,c5
L32_s7002_first,32,7002,first,4,0.96875,0.90625,0.0,0.0,32,False,01
L32_s7002_first,32,7002,first,5,0.96875,0.875,0.75,0.71875,32,True,c5
L32_s7002_first,32,7002,first,6,0.96875,0.96875,0.125,0.125,32,False,01
L32_s7002_first,32,7002,first,7,1.0,1.0,0.84375,0.84375,32,True,c5
L32_s7002_first,32,7002,first,8,0.90625,0.875,0.1875,0.09375,32,False,01
L32_s7002_first,32,7002,first,9,1.0,1.0,0.96875,0.96875,32,True,c5
L32_s7002_first,32,7002,first,10,1.0,1.0,0.9375,0.9375,32,True,01
L32_s7002_first,32,7002,first,11,0.96875,0.96875,0.09375,0.09375,32,False,c5
L32_s7002_first,32,7002,first,12,0.96875,0.9375,0.15625,0.125,32,False,01
L32_s7002_first,32,7002,first,13,1.0,0.90625,0.875,0.875,32,True,c5
L32_s7002_first,32,7002,first,14,0.9375,0.9375,0.09375,0.0625,32,False,01
L32_s7002_first,32,7002,first,15,0.96875,0.84375,0.0625,0.0625,32,False,c5
L32_s7002_first,32,7002,first,16,1.0,0.96875,0.0625,0.0625,32,False,01
L32_s7002_first,32,7002,first,17,1.0,1.0,1.0,1.0,32,True,c5
L32_s7002_first,32,7002,first,18,0.9375,0.90625,0.9375,0.875,32,True,01
L32_s7002_first,32,7002,first,19,0.96875,0.96875,0.09375,0.09375,32,False,c5
L32_s7002_first,32,7002,first,20,0.96875,0.9375,0.0625,0.03125,32,False,01
L32_s7002_first,32,7002,first,21,0.96875,0.9375,0.90625,0.875,32,True,c5
L32_s7002_first,32,7002,first,22,0.875,0.8125,0.15625,0.125,32,False,01
L32_s7002_first,32,7002,first,23,0.9375,0.9375,0.15625,0.125,32,False,c5
L32_s7002_first,32,7002,first,24,0.96875,0.96875,0.09375,0.0625,32,False,01
L32_s7002_first,32,7002,first,25,0.9375,0.9375,0.96875,0.90625,32,True,c5
L32_s7002_first,32,7002,first,26,0.9375,0.875,0.90625,0.90625,32,True,01
L32_s7002_first,32,7002,first,27,1.0,0.9375,0.0,0.0,32,False,c5
L32_s7002_first,32,7002,first,28,1.0,0.90625,0.0,0.0,32,False,01
L32_s7002_first,32,7002,first,29,0.96875,0.96875,0.21875,0.1875,32,False,c5
L32_s7002_first,32,7002,first,30,0.96875,0.875,0.0,0.0,32,False,01
L32_s7002_first,32,7002,first,31,0.96875,0.96875,0.0,0.0,32,False,c5
L32_s7002_final,32,7002,final,0,0.9375,0.9375,0.0,0.0,32,False,11
L32_s7002_final,32,7002,final,1,1.0,0.96875,0.125,0.125,32,False,d5
L32_s7002_final,32,7002,final,2,1.0,0.90625,0.71875,0.71875,32,True,11
L32_s7002_final,32,7002,final,3,0.96875,0.96875,0.0,0.0,32,False,d5
L32_s7002_final,32,7002,final,4,1.0,0.9375,0.0625,0.0625,32,False,11
L32_s7002_final,32,7002,final,5,1.0,0.96875,0.0,0.0,32,False,d5
L32_s7002_final,32,7002,final,6,0.96875,0.90625,0.0625,0.0625,32,False,11
L32_s7002_final,32,7002,final,7,1.0,0.84375,0.78125,0.78125,32,True,d5
L32_s7002_final,32,7002,final,8,1.0,0.90625,0.0625,0.0625,32,False,11
L32_s7002_final,32,7002,final,9,0.96875,0.90625,0.9375,0.9375,32,True,d5
L32_s7002_final,32,7002,final,10,0.96875,0.90625,1.0,0.96875,32,True,11
L32_s7002_final,32,7002,final,11,1.0,0.96875,0.75,0.75,32,True,d5
L32_s7002_final,32,7002,final,12,0.96875,0.875,0.125,0.09375,32,False,11
L32_s7002_final,32,7002,final,13,0.96875,0.96875,0.875,0.875,32,True,d5
L32_s7002_final,32,7002,final,14,1.0,0.8125,0.125,0.125,32,False,11
L32_s7002_final,32,7002,final,15,0.96875,0.84375,0.6875,0.6875,32,True,d5
L32_s7002_final,32,7002,final,16,1.0,0.875,0.03125,0.03125,32,False,11
L32_s7002_final,32,7002,final,17,0.9375,0.875,1.0,0.9375,32,True,d5
L32_s7002_final,32,7002,final,18,0.875,0.84375,0.875,0.8125,32,True,11
L32_s7002_final,32,7002,final,19,0.90625,0.90625,0.5625,0.5625,32,True,d5
L32_s7002_final,32,7002,final,20,0.9375,0.90625,0.0,0.0,32,False,11
L32_s7002_final,32,7002,final,21,0.9375,0.84375,0.65625,0.65625,32,True,d5
L32_s7002_final,32,7002,final,22,0.875,0.75,0.125,0.03125,32,False,11
L32_s7002_final,32,7002,final,23,0.9375,0.71875,0.09375,0.0625,32,False,d5
L32_s7002_final,32,7002,final,24,0.90625,0.8125,0.0,0.0,32,False,11
L32_s7002_final,32,7002,final,25,0.96875,0.90625,0.9375,0.90625,32,True,d5
L32_s7002_final,32,7002,final,26,0.96875,0.96875,0.96875,0.96875,32,True,11
L32_s7002_final,32,7002,final,27,1.0,0.90625,0.09375,0.09375,32,False,d5
L32_s7002_final,32,7002,final,28,1.0,0.90625,0.0625,0.0625,32,False,11
L32_s7002_final,32,7002,final,29,0.9375,0.90625,0.65625,0.59375,32,True,d5
L32_s7002_final,32,7002,final,30,1.0,0.78125,0.40625,0.40625,32,False,11
L32_s7002_final,32,7002,final,31,0.96875,0.90625,0.0,0.0,32,False,d5
L32_s7003_first,32,7003,first,0,1.0,1.0,0.0,0.0,32,False,01
L32_s7003_first,32,7003,first,1,0.96875,0.96875,0.125,0.125,32,False,c5
L32_s7003_first,32,7003,first,2,1.0,0.96875,0.84375,0.84375,32,True,01
L32_s7003_first,32,7003,first,3,0.96875,0.96875,0.03125,0.0,32,False,c5
L32_s7003_first,32,7003,first,4,0.96875,0.9375,0.0,0.0,32,False,01
L32_s7003_first,32,7003,first,5,0.96875,0.9375,0.5625,0.5625,32,True,c5
L32_s7003_first,32,7003,first,6,0.96875,0.875,0.0625,0.0625,32,False,01
L32_s7003_first,32,7003,first,7,0.9375,0.875,0.875,0.84375,32,True,c5
L32_s7003_first,32,7003,first,8,0.96875,0.90625,0.53125,0.53125,32,True,01
L32_s7003_first,32,7003,first,9,0.90625,0.90625,0.75,0.65625,32,True,c5
L32_s7003_first,32,7003,first,10,0.90625,0.875,1.0,0.90625,32,True,01
L32_s7003_first,32,7003,first,11,0.9375,0.875,0.09375,0.0625,32,False,c5
L32_s7003_first,32,7003,first,12,0.96875,0.9375,0.09375,0.09375,32,False,01
L32_s7003_first,32,7003,first,13,1.0,0.90625,0.75,0.75,32,True,c5
L32_s7003_first,32,7003,first,14,1.0,0.96875,0.0625,0.0625,32,False,01
L32_s7003_first,32,7003,first,15,0.96875,0.875,0.625,0.625,32,True,c5
L32_s7003_first,32,7003,first,16,1.0,1.0,0.65625,0.65625,32,True,01
L32_s7003_first,32,7003,first,17,0.96875,0.96875,0.90625,0.90625,32,True,c5
L32_s7003_first,32,7003,first,18,1.0,0.96875,0.71875,0.71875,32,True,01
L32_s7003_first,32,7003,first,19,1.0,0.9375,0.09375,0.09375,32,False,c5
L32_s7003_first,32,7003,first,20,1.0,0.90625,0.0625,0.0625,32,False,01
L32_s7003_first,32,7003,first,21,0.9375,0.875,0.75,0.71875,32,True,c5
L32_s7003_first,32,7003,first,22,0.96875,0.96875,0.03125,0.03125,32,False,01
L32_s7003_first,32,7003,first,23,0.9375,0.84375,0.625,0.59375,32,True,c5
L32_s7003_first,32,7003,first,24,1.0,1.0,0.125,0.125,32,False,01
L32_s7003_first,32,7003,first,25,1.0,1.0,0.9375,0.9375,32,True,c5
L32_s7003_first,32,7003,first,26,0.9375,0.90625,0.71875,0.6875,32,True,01
L32_s7003_first,32,7003,first,27,1.0,1.0,0.0,0.0,32,False,c5
L32_s7003_first,32,7003,first,28,1.0,0.96875,0.0,0.0,32,False,01
L32_s7003_first,32,7003,first,29,1.0,1.0,0.0,0.0,32,False,c5
L32_s7003_first,32,7003,first,30,0.96875,0.90625,0.03125,0.0,32,False,01
L32_s7003_first,32,7003,first,31,0.96875,0.96875,0.0,0.0,32,False,c5
L32_s7003_final,32,7003,final,0,0.96875,0.90625,0.0,0.0,32,False,11
L32_s7003_final,32,7003,final,1,0.96875,0.96875,0.1875,0.1875,32,False,d5
L32_s7003_final,32,7003,final,2,1.0,0.96875,0.96875,0.96875,32,True,11
L32_s7003_final,32,7003,final,3,0.96875,0.90625,0.0,0.0,32,False,d5
L32_s7003_final,32,7003,final,4,1.0,0.96875,0.0625,0.0625,32,False,11
L32_s7003_final,32,7003,final,5,1.0,1.0,0.65625,0.65625,32,True,d5
L32_s7003_final,32,7003,final,6,1.0,0.96875,0.03125,0.03125,32,False,11
L32_s7003_final,32,7003,final,7,0.96875,0.9375,0.78125,0.75,32,True,d5
L32_s7003_final,32,7003,final,8,1.0,0.96875,0.0625,0.0625,32,False,11
L32_s7003_final,32,7003,final,9,0.9375,0.84375,0.90625,0.875,32,True,d5
L32_s7003_final,32,7003,final,10,1.0,0.96875,0.9375,0.9375,32,True,11
L32_s7003_final,32,7003,final,11,1.0,0.9375,0.625,0.625,32,True,d5
L32_s7003_final,32,7003,final,12,0.9375,0.875,0.125,0.125,32,False,11
L32_s7003_final,32,7003,final,13,0.9375,0.875,0.375,0.3125,32,False,d5
L32_s7003_final,32,7003,final,14,0.9375,0.84375,0.03125,0.03125,32,False,11
L32_s7003_final,32,7003,final,15,0.9375,0.875,0.03125,0.03125,32,False,d5
L32_s7003_final,32,7003,final,16,0.9375,0.9375,0.09375,0.09375,32,False,11
L32_s7003_final,32,7003,final,17,0.875,0.875,0.9375,0.875,32,True,d5
L32_s7003_final,32,7003,final,18,0.96875,0.90625,0.90625,0.875,32,True,11
L32_s7003_final,32,7003,final,19,0.96875,0.9375,0.4375,0.40625,32,False,d5
L32_s7003_final,32,7003,final,20,1.0,0.96875,0.0,0.0,32,False,11
L32_s7003_final,32,7003,final,21,0.96875,0.9375,0.09375,0.09375,32,False,d5
L32_s7003_final,32,7003,final,22,0.96875,0.84375,0.0625,0.03125,32,False,11
L32_s7003_final,32,7003,final,23,1.0,0.78125,0.0625,0.0625,32,False,d5
L32_s7003_final,32,7003,final,24,0.9375,0.90625,0.15625,0.125,32,False,11
L32_s7003_final,32,7003,final,25,0.96875,0.90625,1.0,0.96875,32,True,d5
L32_s7003_final,32,7003,final,26,1.0,1.0,0.9375,0.9375,32,True,11
L32_s7003_final,32,7003,final,27,0.96875,0.96875,0.0,0.0,32,False,d5
L32_s7003_final,32,7003,final,28,1.0,0.90625,0.0,0.0,32,False,11
L32_s7003_final,32,7003,final,29,0.96875,0.90625,0.03125,0.03125,32,False,d5
L32_s7003_final,32,7003,final,30,0.96875,0.875,0.03125,0.03125,32,False,11
L32_s7003_final,32,7003,final,31,1.0,0.9375,0.0,0.0,32,False,d5
L32_s7004_first,32,7004,first,0,0.96875,0.96875,0.0,0.0,32,False,01
L32_s7004_first,32,7004,first,1,1.0,0.9375,0.84375,0.84375,32,True,c5
L32_s7004_first,32,7004,first,2,1.0,1.0,0.96875,0.96875,32,True,01
L32_s7004_first,32,7004,first,3,1.0,0.875,0.09375,0.09375,32,False,c5
L32_s7004_first,32,7004,first,4,0.96875,0.9375,0.0,0.0,32,False,01
L32_s7004_first,32,7004,first,5,0.90625,0.875,0.8125,0.8125,32,True,c5
L32_s7004_first,32,7004,first,6,0.96875,0.875,0.0625,0.0625,32,False,01
L32_s7004_first,32,7004,first,7,1.0,1.0,0.78125,0.78125,32,True,c5
L32_s7004_first,32,7004,first,8,0.9375,0.9375,0.09375,0.0625,32,False,01
L32_s7004_first,32,7004,first,9,0.90625,0.875,0.96875,0.90625,32,True,c5
L32_s7004_first,32,7004,first,10,1.0,0.96875,0.90625,0.90625,32,True,01
L32_s7004_first,32,7004,first,11,1.0,1.0,0.25,0.25,32,False,c5
L32_s7004_first,32,7004,first,12,1.0,1.0,0.0625,0.0625,32,False,01
L32_s7004_first,32,7004,first,13,0.96875,0.9375,0.8125,0.8125,32,True,c5
L32_s7004_first,32,7004,first,14,0.96875,0.9375,0.0,0.0,32,False,01
L32_s7004_first,32,7004,first,15,1.0,0.9375,0.28125,0.28125,32,False,c5
L32_s7004_first,32,7004,first,16,1.0,0.9375,0.15625,0.15625,32,False,01
L32_s7004_first,32,7004,first,17,1.0,1.0,1.0,1.0,32,True,c5
L32_s7004_first,32,7004,first,18,1.0,1.0,0.90625,0.90625,32,True,01
L32_s7004_first,32,7004,first,19,1.0,1.0,0.0625,0.0625,32,False,c5
L32_s7004_first,32,7004,first,20,1.0,0.9375,0.0,0.0,32,False,01
L32_s7004_first,32,7004,first,21,0.96875,0.96875,0.71875,0.71875,32,True,c5
L32_s7004_first,32,7004,first,22,0.96875,0.9375,0.03125,0.0,32,False,01
L32_s7004_first,32,7004,first,23,1.0,0.96875,0.75,0.75,32,True,c5
L32_s7004_first,32,7004,first,24,1.0,1.0,0.0625,0.0625,32,False,01
L32_s7004_first,32,7004,first,25,1.0,1.0,0.90625,0.90625,32,True,c5
L32_s7004_first,32,7004,first,26,0.96875,0.96875,0.96875,0.9375,32,True,01
L32_s7004_first,32,7004,first,27,1.0,1.0,0.0,0.0,32,False,c5
L32_s7004_first,32,7004,first,28,1.0,0.9375,0.0,0.0,32,False,01
L32_s7004_first,32,7004,first,29,1.0,1.0,0.0625,0.0625,32,False,c5
L32_s7004_first,32,7004,first,30,1.0,0.9375,0.21875,0.21875,32,False,01
L32_s7004_first,32,7004,first,31,0.96875,0.96875,0.0,0.0,32,False,c5
L32_s7004_final,32,7004,final,0,1.0,0.84375,0.0,0.0,32,False,11
L32_s7004_final,32,7004,final,1,0.96875,0.96875,0.1875,0.15625,32,False,d5
L32_s7004_final,32,7004,final,2,0.96875,0.9375,0.84375,0.84375,32,True,11
L32_s7004_final,32,7004,final,3,0.96875,0.96875,0.0625,0.0625,32,False,d5
L32_s7004_final,32,7004,final,4,1.0,0.90625,0.03125,0.03125,32,False,11
L32_s7004_final,32,7004,final,5,1.0,0.9375,0.8125,0.8125,32,True,d5
L32_s7004_final,32,7004,final,6,1.0,0.96875,0.0625,0.0625,32,False,11
L32_s7004_final,32,7004,final,7,0.90625,0.84375,0.6875,0.65625,32,True,d5
L32_s7004_final,32,7004,final,8,1.0,0.96875,0.03125,0.03125,32,False,11
L32_s7004_final,32,7004,final,9,0.78125,0.78125,0.9375,0.78125,32,True,d5
L32_s7004_final,32,7004,final,10,0.9375,0.875,0.90625,0.84375,32,True,11
L32_s7004_final,32,7004,final,11,1.0,1.0,0.0625,0.0625,32,False,d5
L32_s7004_final,32,7004,final,12,0.96875,0.875,0.0625,0.0625,32,False,11
L32_s7004_final,32,7004,final,13,0.90625,0.84375,0.875,0.8125,32,True,d5
L32_s7004_final,32,7004,final,14,0.9375,0.9375,0.09375,0.03125,32,False,11
L32_s7004_final,32,7004,final,15,1.0,0.90625,0.0625,0.0625,32,False,d5
L32_s7004_final,32,7004,final,16,1.0,0.90625,0.03125,0.03125,32,False,11
L32_s7004_final,32,7004,final,17,0.90625,0.84375,0.96875,0.90625,32,True,d5
L32_s7004_final,32,7004,final,18,0.96875,0.96875,1.0,0.96875,32,True,11
L32_s7004_final,32,7004,final,19,0.96875,0.875,0.03125,0.03125,32,False,d5
L32_s7004_final,32,7004,final,20,1.0,1.0,0.0,0.0,32,False,11
L32_s7004_final,32,7004,final,21,0.9375,0.875,0.71875,0.6875,32,True,d5
L32_s7004_final,32,7004,final,22,1.0,0.96875,0.09375,0.09375,32,False,11
L32_s7004_final,32,7004,final,23,1.0,0.9375,0.125,0.125,32,False,d5
L32_s7004_final,32,7004,final,24,1.0,0.96875,0.03125,0.03125,32,False,11
L32_s7004_final,32,7004,final,25,0.9375,0.90625,0.9375,0.875,32,True,d5
L32_s7004_final,32,7004,final,26,0.96875,0.96875,1.0,0.96875,32,True,11
L32_s7004_final,32,7004,final,27,1.0,0.96875,0.0,0.0,32,False,d5
L32_s7004_final,32,7004,final,28,1.0,0.9375,0.0,0.0,32,False,11
L32_s7004_final,32,7004,final,29,1.0,1.0,0.0625,0.0625,32,False,d5
L32_s7004_final,32,7004,final,30,1.0,0.9375,0.84375,0.84375,32,True,11
L32_s7004_final,32,7004,final,31,1.0,1.0,0.0,0.0,32,False,d5
L32_s7005_first,32,7005,first,0,0.96875,0.875,0.0,0.0,32,False,11
L32_s7005_first,32,7005,first,1,0.96875,0.96875,0.03125,0.03125,32,False,d5
L32_s7005_first,32,7005,first,2,0.90625,0.84375,0.65625,0.5625,32,True,11
L32_s7005_first,32,7005,first,3,1.0,1.0,0.03125,0.03125,32,False,d5
L32_s7005_first,32,7005,first,4,0.96875,0.875,0.09375,0.09375,32,False,11
L32_s7005_first,32,7005,first,5,1.0,0.90625,0.71875,0.71875,32,True,d5
L32_s7005_first,32,7005,first,6,0.96875,0.9375,0.0,0.0,32,False,11
L32_s7005_first,32,7005,first,7,1.0,0.96875,0.6875,0.6875,32,True,d5
L32_s7005_first,32,7005,first,8,1.0,0.90625,0.03125,0.03125,32,False,11
L32_s7005_first,32,7005,first,9,0.90625,0.84375,0.9375,0.875,32,True,d5
L32_s7005_first,32,7005,first,10,0.96875,0.9375,0.875,0.84375,32,True,11
L32_s7005_first,32,7005,first,11,1.0,1.0,0.46875,0.46875,32,False,d5
L32_s7005_first,32,7005,first,12,1.0,0.96875,0.09375,0.09375,32,False,11
L32_s7005_first,32,7005,first,13,0.96875,0.78125,0.34375,0.3125,32,False,d5
L32_s7005_first,32,7005,first,14,0.9375,0.8125,0.125,0.125,32,False,11
L32_s7005_first,32,7005,first,15,1.0,0.84375,0.03125,0.03125,32,False,d5
L32_s7005_first,32,7005,first,16,1.0,0.78125,0.0625,0.0625,32,False,11
L32_s7005_first,32,7005,first,17,0.96875,0.96875,1.0,0.96875,32,True,d5
L32_s7005_first,32,7005,first,18,0.9375,0.90625,0.90625,0.90625,32,True,11
L32_s7005_first,32,7005,first,19,0.96875,0.90625,0.46875,0.46875,32,False,d5
L32_s7005_first,32,7005,first,20,0.96875,0.875,0.0,0.0,32,False,11
L32_s7005_first,32,7005,first,21,0.96875,0.90625,0.84375,0.8125,32,True,d5
L32_s7005_first,32,7005,first,22,0.90625,0.875,0.03125,0.0,32,False,11
L32_s7005_first,32,7005,first,23,0.96875,0.75,0.125,0.125,32,False,d5
L32_s7005_first,32,7005,first,24,0.96875,0.84375,0.03125,0.03125,32,False,11
L32_s7005_first,32,7005,first,25,1.0,0.96875,1.0,1.0,32,True,d5
L32_s7005_first,32,7005,first,26,0.9375,0.9375,0.9375,0.875,32,True,11
L32_s7005_first,32,7005,first,27,1.0,0.78125,0.09375,0.09375,32,False,d5
L32_s7005_first,32,7005,first,28,1.0,0.78125,0.0,0.0,32,False,11
L32_s7005_first,32,7005,first,29,0.96875,0.9375,0.21875,0.1875,32,False,d5
L32_s7005_first,32,7005,first,30,0.96875,0.84375,0.15625,0.125,32,False,11
L32_s7005_first,32,7005,first,31,0.96875,0.1875,0.0,0.0,32,False,d5
L32_s7005_final,32,7005,final,0,1.0,0.625,0.0,0.0,32,False,11
L32_s7005_final,32,7005,final,1,1.0,0.96875,0.09375,0.09375,32,False,d5
L32_s7005_final,32,7005,final,2,0.96875,0.875,0.96875,0.9375,32,True,11
L32_s7005_final,32,7005,final,3,0.9375,0.875,0.09375,0.09375,32,False,d5
L32_s7005_final,32,7005,final,4,1.0,0.875,0.15625,0.15625,32,False,11
L32_s7005_final,32,7005,final,5,1.0,0.9375,0.625,0.625,32,True,d5
L32_s7005_final,32,7005,final,6,0.96875,0.90625,0.0,0.0,32,False,11
L32_s7005_final,32,7005,final,7,1.0,0.65625,0.65625,0.65625,32,True,d5
L32_s7005_final,32,7005,final,8,1.0,0.90625,0.0,0.0,32,False,11
L32_s7005_final,32,7005,final,9,0.96875,0.90625,0.9375,0.90625,32,True,d5
L32_s7005_final,32,7005,final,10,1.0,1.0,0.9375,0.9375,32,True,11
L32_s7005_final,32,7005,final,11,0.96875,0.75,0.0625,0.0625,32,False,d5
L32_s7005_final,32,7005,final,12,0.96875,0.9375,0.0625,0.0625,32,False,11
L32_s7005_final,32,7005,final,13,0.96875,0.875,0.0625,0.03125,32,False,d5
L32_s7005_final,32,7005,final,14,0.9375,0.78125,0.09375,0.0625,32,False,11
L32_s7005_final,32,7005,final,15,0.9375,0.75,0.03125,0.0,32,False,d5
L32_s7005_final,32,7005,final,16,0.96875,0.8125,0.03125,0.03125,32,False,11
L32_s7005_final,32,7005,final,17,1.0,0.96875,1.0,1.0,32,True,d5
L32_s7005_final,32,7005,final,18,1.0,0.875,0.9375,0.9375,32,True,11
L32_s7005_final,32,7005,final,19,0.96875,0.8125,0.0,0.0,32,False,d5
L32_s7005_final,32,7005,final,20,0.96875,0.875,0.0,0.0,32,False,11
L32_s7005_final,32,7005,final,21,1.0,1.0,0.6875,0.6875,32,True,d5
L32_s7005_final,32,7005,final,22,0.9375,0.8125,0.0,0.0,32,False,11
L32_s7005_final,32,7005,final,23,0.96875,0.1875,0.875,0.875,32,True,d5
L32_s7005_final,32,7005,final,24,0.96875,0.84375,0.15625,0.15625,32,False,11
L32_s7005_final,32,7005,final,25,0.9375,0.9375,0.96875,0.90625,32,True,d5
L32_s7005_final,32,7005,final,26,1.0,0.96875,0.96875,0.96875,32,True,11
L32_s7005_final,32,7005,final,27,1.0,0.34375,0.0,0.0,32,False,d5
L32_s7005_final,32,7005,final,28,0.96875,0.90625,0.03125,0.03125,32,False,11
L32_s7005_final,32,7005,final,29,0.96875,0.9375,0.03125,0.03125,32,False,d5
L32_s7005_final,32,7005,final,30,0.90625,0.78125,0.15625,0.09375,32,False,11
L32_s7005_final,32,7005,final,31,1.0,0.125,0.0,0.0,32,False,d5
L32_s7006_first,32,7006,first,0,0.875,0.125,0.03125,0.03125,32,False,21
L32_s7006_first,32,7006,first,1,0.96875,0.96875,0.875,0.84375,32,True,e5
L32_s7006_first,32,7006,first,2,0.96875,0.90625,0.96875,0.9375,32,True,21
L32_s7006_first,32,7006,first,3,0.9375,0.84375,0.03125,0.0,32,False,e5
L32_s7006_first,32,7006,first,4,0.9375,0.8125,0.03125,0.03125,32,False,21
L32_s7006_first,32,7006,first,5,0.9375,0.875,0.59375,0.5625,32,True,e5
L32_s7006_first,32,7006,first,6,0.96875,0.78125,0.09375,0.0625,32,False,21
L32_s7006_first,32,7006,first,7,0.78125,0.25,0.3125,0.125,32,False,e5
L32_s7006_first,32,7006,first,8,0.9375,0.71875,0.15625,0.125,32,False,21
L32_s7006_first,32,7006,first,9,0.875,0.875,1.0,0.875,32,True,e5
L32_s7006_first,32,7006,first,10,0.9375,0.90625,1.0,0.9375,32,True,21
L32_s7006_first,32,7006,first,11,1.0,0.84375,0.0625,0.0625,32,False,e5
L32_s7006_first,32,7006,first,12,0.96875,0.84375,0.0625,0.03125,32,False,21
L32_s7006_first,32,7006,first,13,0.90625,0.84375,0.78125,0.75,32,True,e5
L32_s7006_first,32,7006,first,14,0.96875,0.8125,0.125,0.09375,32,False,21
L32_s7006_first,32,7006,first,15,0.90625,0.34375,0.125,0.0625,32,False,e5
L32_s7006_first,32,7006,first,16,0.90625,0.5625,0.0625,0.03125,32,False,21
L32_s7006_first,32,7006,first,17,0.96875,0.90625,1.0,0.96875,32,True,e5
L32_s7006_first,32,7006,first,18,0.8125,0.6875,0.96875,0.8125,32,True,21
L32_s7006_first,32,7006,first,19,1.0,0.6875,0.0,0.0,32,False,e5
L32_s7006_first,32,7006,first,20,0.96875,0.8125,0.0,0.0,32,False,21
L32_s7006_first,32,7006,first,21,1.0,0.90625,0.4375,0.4375,32,False,e5
L32_s7006_first,32,7006,first,22,0.875,0.78125,0.03125,0.03125,32,False,21
L32_s7006_first,32,7006,first,23,0.96875,0.625,0.0,0.0,32,False,e5
L32_s7006_first,32,7006,first,24,1.0,0.8125,0.0,0.0,32,False,21
L32_s7006_first,32,7006,first,25,0.96875,0.90625,0.96875,0.96875,32,True,e5
L32_s7006_first,32,7006,first,26,0.96875,0.90625,1.0,0.96875,32,True,21
L32_s7006_first,32,7006,first,27,0.96875,0.84375,0.0,0.0,32,False,e5
L32_s7006_first,32,7006,first,28,0.96875,0.875,0.0,0.0,32,False,21
L32_s7006_first,32,7006,first,29,1.0,0.9375,0.0,0.0,32,False,e5
L32_s7006_first,32,7006,first,30,0.9375,0.5625,0.03125,0.03125,32,False,21
L32_s7006_first,32,7006,first,31,1.0,0.875,0.0,0.0,32,False,e5
L32_s7006_final,32,7006,final,0,0.96875,0.90625,0.03125,0.03125,32,False,11
L32_s7006_final,32,7006,final,1,1.0,1.0,0.15625,0.15625,32,False,d5
L32_s7006_final,32,7006,final,2,0.96875,0.875,0.9375,0.9375,32,True,11
L32_s7006_final,32,7006,final,3,1.0,0.9375,0.0625,0.0625,32,False,d5
L32_s7006_final,32,7006,final,4,1.0,0.90625,0.0,0.0,32,False,11
L32_s7006_final,32,7006,final,5,1.0,1.0,0.78125,0.78125,32,True,d5
L32_s7006_final,32,7006,final,6,0.96875,0.875,0.03125,0.03125,32,False,11
L32_s7006_final,32,7006,final,7,1.0,0.9375,0.25,0.25,32,False,d5
L32_s7006_final,32,7006,final,8,0.96875,0.9375,0.1875,0.1875,32,False,11
L32_s7006_final,32,7006,final,9,0.9375,0.90625,0.96875,0.9375,32,True,d5
L32_s7006_final,32,7006,final,10,0.96875,0.875,0.90625,0.875,32,True,11
L32_s7006_final,32,7006,final,11,1.0,0.9375,0.09375,0.09375,32,False,d5
L32_s7006_final,32,7006,final,12,0.96875,0.9375,0.0625,0.03125,32,False,11
L32_s7006_final,32,7006,final,13,0.96875,0.90625,0.8125,0.78125,32,True,d5
L32_s7006_final,32,7006,final,14,0.96875,0.8125,0.0,0.0,32,False,11
L32_s7006_final,32,7006,final,15,1.0,0.875,0.03125,0.03125,32,False,d5
L32_s7006_final,32,7006,final,16,0.96875,0.8125,0.0,0.0,32,False,11
L32_s7006_final,32,7006,final,17,0.90625,0.84375,1.0,0.90625,32,True,d5
L32_s7006_final,32,7006,final,18,0.96875,0.84375,0.8125,0.8125,32,True,11
L32_s7006_final,32,7006,final,19,0.9375,0.8125,0.03125,0.0,32,False,d5
L32_s7006_final,32,7006,final,20,0.90625,0.71875,0.03125,0.0,32,False,11
L32_s7006_final,32,7006,final,21,0.96875,0.96875,0.90625,0.90625,32,True,d5
L32_s7006_final,32,7006,final,22,1.0,0.90625,0.03125,0.03125,32,False,11
L32_s7006_final,32,7006,final,23,0.96875,0.71875,0.1875,0.15625,32,False,d5
L32_s7006_final,32,7006,final,24,1.0,0.78125,0.1875,0.1875,32,False,11
L32_s7006_final,32,7006,final,25,1.0,0.96875,0.9375,0.9375,32,True,d5
L32_s7006_final,32,7006,final,26,0.90625,0.84375,0.875,0.8125,32,True,11
L32_s7006_final,32,7006,final,27,1.0,0.9375,0.0625,0.0625,32,False,d5
L32_s7006_final,32,7006,final,28,0.96875,0.78125,0.0625,0.03125,32,False,11
L32_s7006_final,32,7006,final,29,0.9375,0.9375,0.03125,0.0,32,False,d5
L32_s7006_final,32,7006,final,30,1.0,0.9375,0.03125,0.03125,32,False,11
L32_s7006_final,32,7006,final,31,1.0,0.65625,0.0,0.0,32,False,d5
L32_s7007_first,32,7007,first,0,1.0,0.96875,0.0,0.0,32,False,01
L32_s7007_first,32,7007,first,1,0.96875,0.96875,0.25,0.21875,32,False,c5
L32_s7007_first,32,7007,first,2,0.96875,0.90625,0.875,0.875,32,True,01
L32_s7007_first,32,7007,first,3,1.0,0.90625,0.09375,0.09375,32,False,c5
L32_s7007_first,32,7007,first,4,0.96875,0.8125,0.03125,0.03125,32,False,01
L32_s7007_first,32,7007,first,5,0.96875,0.96875,0.71875,0.6875,32,True,c5
L32_s7007_first,32,7007,first,6,0.84375,0.78125,0.125,0.0625,32,False,01
L32_s7007_first,32,7007,first,7,0.96875,0.96875,0.96875,0.9375,32,True,c5
L32_s7007_first,32,7007,first,8,1.0,0.96875,0.09375,0.09375,32,False,01
L32_s7007_first,32,7007,first,9,0.96875,0.9375,1.0,0.96875,32,True,c5
L32_s7007_first,32,7007,first,10,0.9375,0.9375,0.9375,0.875,32,True,01
L32_s7007_first,32,7007,first,11,0.9375,0.9375,0.78125,0.75,32,True,c5
L32_s7007_first,32,7007,first,12,0.9375,0.90625,0.0,0.0,32,False,01
L32_s7007_first,32,7007,first,13,1.0,0.96875,0.1875,0.1875,32,False,c5
L32_s7007_first,32,7007,first,14,1.0,0.90625,0.03125,0.03125,32,False,01
L32_s7007_first,32,7007,first,15,0.90625,0.8125,0.46875,0.375,32,False,c5
L32_s7007_first,32,7007,first,16,0.96875,0.96875,0.0625,0.03125,32,False,01
L32_s7007_first,32,7007,first,17,0.96875,0.96875,0.96875,0.9375,32,True,c5
L32_s7007_first,32,7007,first,18,0.9375,0.9375,0.9375,0.9375,32,True,01
L32_s7007_first,32,7007,first,19,0.96875,0.9375,0.0,0.0,32,False,c5
L32_s7007_first,32,7007,first,20,0.96875,0.90625,0.0,0.0,32,False,01
L32_s7007_first,32,7007,first,21,1.0,0.96875,0.09375,0.09375,32,False,c5
L32_s7007_first,32,7007,first,22,0.9375,0.90625,0.0,0.0,32,False,01
L32_s7007_first,32,7007,first,23,1.0,0.96875,0.03125,0.03125,32,False,c5
L32_s7007_first,32,7007,first,24,1.0,0.96875,0.0,0.0,32,False,01
L32_s7007_first,32,7007,first,25,0.9375,0.9375,0.96875,0.90625,32,True,c5
L32_s7007_first,32,7007,first,26,0.90625,0.875,0.84375,0.78125,32,True,01
L32_s7007_first,32,7007,first,27,1.0,1.0,0.0,0.0,32,False,c5
L32_s7007_first,32,7007,first,28,0.96875,0.9375,0.0,0.0,32,False,01
L32_s7007_first,32,7007,first,29,1.0,1.0,0.0,0.0,32,False,c5
L32_s7007_first,32,7007,first,30,0.96875,0.9375,0.0,0.0,32,False,01
L32_s7007_first,32,7007,first,31,1.0,0.9375,0.0,0.0,32,False,c5
L32_s7007_final,32,7007,final,0,0.9375,0.90625,0.0,0.0,32,False,11
L32_s7007_final,32,7007,final,1,1.0,1.0,0.0625,0.0625,32,False,d5
L32_s7007_final,32,7007,final,2,0.96875,0.875,0.8125,0.8125,32,True,11
L32_s7007_final,32,7007,final,3,1.0,0.90625,0.0,0.0,32,False,d5
L32_s7007_final,32,7007,final,4,1.0,0.9375,0.03125,0.03125,32,False,11
L32_s7007_final,32,7007,final,5,0.96875,0.9375,0.8125,0.78125,32,True,d5
L32_s7007_final,32,7007,final,6,0.9375,0.875,0.0,0.0,32,False,11
L32_s7007_final,32,7007,final,7,0.96875,0.9375,0.125,0.09375,32,False,d5
L32_s7007_final,32,7007,final,8,0.9375,0.90625,0.03125,0.03125,32,False,11
L32_s7007_final,32,7007,final,9,0.96875,0.90625,0.96875,0.9375,32,True,d5
L32_s7007_final,32,7007,final,10,0.875,0.84375,0.90625,0.84375,32,True,11
L32_s7007_final,32,7007,final,11,0.96875,0.8125,0.0,0.0,32,False,d5
L32_s7007_final,32,7007,final,12,0.90625,0.78125,0.03125,0.0,32,False,11
L32_s7007_final,32,7007,final,13,0.9375,0.875,0.75,0.71875,32,True,d5
L32_s7007_final,32,7007,final,14,1.0,0.96875,0.0,0.0,32,False,11
L32_s7007_final,32,7007,final,15,0.96875,0.9375,0.0,0.0,32,False,d5
L32_s7007_final,32,7007,final,16,1.0,0.9375,0.0,0.0,32,False,11
L32_s7007_final,32,7007,final,17,0.90625,0.875,1.0,0.90625,32,True,d5
L32_s7007_final,32,7007,final,18,0.90625,0.875,0.96875,0.90625,32,True,11
L32_s7007_final,32,7007,final,19,0.96875,0.9375,0.0,0.0,32,False,d5
L32_s7007_final,32,7007,final,20,0.96875,0.90625,0.0,0.0,32,False,11
L32_s7007_final,32,7007,final,21,1.0,0.9375,0.0625,0.0625,32,False,d5
L32_s7007_final,32,7007,final,22,0.96875,0.90625,0.03125,0.0,32,False,11
L32_s7007_final,32,7007,final,23,0.96875,0.78125,0.34375,0.34375,32,False,d5
L32_s7007_final,32,7007,final,24,0.90625,0.875,0.1875,0.15625,32,False,11
L32_s7007_final,32,7007,final,25,0.9375,0.90625,1.0,0.9375,32,True,d5
L32_s7007_final,32,7007,final,26,0.9375,0.84375,0.90625,0.90625,32,True,11
L32_s7007_final,32,7007,final,27,1.0,0.9375,0.03125,0.03125,32,False,d5
L32_s7007_final,32,7007,final,28,0.9375,0.8125,0.0,0.0,32,False,11
L32_s7007_final,32,7007,final,29,1.0,0.96875,0.0,0.0,32,False,d5
L32_s7007_final,32,7007,final,30,0.90625,0.8125,0.03125,0.0,32,False,11
L32_s7007_final,32,7007,final,31,0.96875,0.84375,0.03125,0.03125,32,False,d5
L32_s7008_first,32,7008,first,0,1.0,0.9375,0.0,0.0,32,False,01
L32_s7008_first,32,7008,first,1,0.96875,0.96875,0.09375,0.09375,32,False,c5
L32_s7008_first,32,7008,first,2,1.0,0.96875,0.25,0.25,32,False,01
L32_s7008_first,32,7008,first,3,1.0,1.0,0.03125,0.03125,32,False,c5
L32_s7008_first,32,7008,first,4,0.96875,0.90625,0.09375,0.09375,32,False,01
L32_s7008_first,32,7008,first,5,0.96875,0.9375,0.15625,0.15625,32,False,c5
L32_s7008_first,32,7008,first,6,0.96875,0.90625,0.0625,0.03125,32,False,01
L32_s7008_first,32,7008,first,7,0.96875,0.96875,0.65625,0.65625,32,True,c5
L32_s7008_first,32,7008,first,8,0.96875,0.875,0.03125,0.03125,32,False,01
L32_s7008_first,32,7008,first,9,0.96875,0.9375,0.75,0.71875,32,True,c5
L32_s7008_first,32,7008,first,10,0.96875,0.875,0.84375,0.8125,32,True,01
L32_s7008_first,32,7008,first,11,0.96875,0.9375,0.09375,0.0625,32,False,c5
L32_s7008_first,32,7008,first,12,1.0,0.96875,0.0,0.0,32,False,01
L32_s7008_first,32,7008,first,13,0.96875,0.84375,0.78125,0.75,32,True,c5
L32_s7008_first,32,7008,first,14,0.90625,0.84375,0.1875,0.15625,32,False,01
L32_s7008_first,32,7008,first,15,0.9375,0.875,0.84375,0.8125,32,True,c5
L32_s7008_first,32,7008,first,16,1.0,0.96875,0.03125,0.03125,32,False,01
L32_s7008_first,32,7008,first,17,0.9375,0.9375,1.0,0.9375,32,True,c5
L32_s7008_first,32,7008,first,18,0.96875,0.875,0.875,0.84375,32,True,01
L32_s7008_first,32,7008,first,19,1.0,0.9375,0.0,0.0,32,False,c5
L32_s7008_first,32,7008,first,20,1.0,0.875,0.0,0.0,32,False,01
L32_s7008_first,32,7008,first,21,1.0,0.9375,0.84375,0.84375,32,True,c5
L32_s7008_first,32,7008,first,22,1.0,0.90625,0.03125,0.03125,32,False,01
L32_s7008_first,32,7008,first,23,0.96875,0.84375,0.34375,0.3125,32,False,c5
L32_s7008_first,32,7008,first,24,0.96875,0.84375,0.09375,0.0625,32,False,01
L32_s7008_first,32,7008,first,25,1.0,0.90625,0.875,0.875,32,True,c5
L32_s7008_first,32,7008,first,26,1.0,0.96875,0.75,0.75,32,True,01
L32_s7008_first,32,7008,first,27,0.96875,0.875,0.0,0.0,32,False,c5
L32_s7008_first,32,7008,first,28,0.96875,0.875,0.0,0.0,32,False,01
L32_s7008_first,32,7008,first,29,1.0,1.0,0.25,0.25,32,False,c5
L32_s7008_first,32,7008,first,30,0.96875,0.8125,0.125,0.09375,32,False,01
L32_s7008_first,32,7008,first,31,0.96875,0.96875,0.0,0.0,32,False,c5
L32_s7008_final,32,7008,final,0,1.0,0.96875,0.0,0.0,32,False,01
L32_s7008_final,32,7008,final,1,1.0,1.0,0.125,0.125,32,False,c5
L32_s7008_final,32,7008,final,2,1.0,0.96875,0.75,0.75,32,True,01
L32_s7008_final,32,7008,final,3,0.9375,0.875,0.0625,0.0625,32,False,c5
L32_s7008_final,32,7008,final,4,1.0,0.9375,0.03125,0.03125,32,False,01
L32_s7008_final,32,7008,final,5,1.0,0.90625,0.625,0.625,32,True,c5
L32_s7008_final,32,7008,final,6,1.0,1.0,0.125,0.125,32,False,01
L32_s7008_final,32,7008,final,7,1.0,0.96875,0.8125,0.8125,32,True,c5
L32_s7008_final,32,7008,final,8,0.96875,0.9375,0.125,0.125,32,False,01
L32_s7008_final,32,7008,final,9,0.96875,0.96875,0.96875,0.96875,32,True,c5
L32_s7008_final,32,7008,final,10,0.9375,0.9375,0.9375,0.9375,32,True,01
L32_s7008_final,32,7008,final,11,0.96875,0.96875,0.15625,0.15625,32,False,c5
L32_s7008_final,32,7008,final,12,0.96875,0.96875,0.0625,0.0625,32,False,01
L32_s7008_final,32,7008,final,13,1.0,0.96875,0.71875,0.71875,32,True,c5
L32_s7008_final,32,7008,final,14,1.0,0.96875,0.15625,0.15625,32,False,01
L32_s7008_final,32,7008,final,15,1.0,0.96875,0.15625,0.15625,32,False,c5
L32_s7008_final,32,7008,final,16,1.0,0.90625,0.09375,0.09375,32,False,01
L32_s7008_final,32,7008,final,17,0.90625,0.8125,0.90625,0.84375,32,True,c5
L32_s7008_final,32,7008,final,18,1.0,0.96875,0.96875,0.96875,32,True,01
L32_s7008_final,32,7008,final,19,1.0,0.875,0.0625,0.0625,32,False,c5
L32_s7008_final,32,7008,final,20,0.96875,0.90625,0.0625,0.0625,32,False,01
L32_s7008_final,32,7008,final,21,0.96875,0.90625,0.78125,0.75,32,True,c5
L32_s7008_final,32,7008,final,22,0.96875,0.96875,0.21875,0.21875,32,False,01
L32_s7008_final,32,7008,final,23,0.9375,0.875,0.09375,0.0625,32,False,c5
L32_s7008_final,32,7008,final,24,0.96875,0.96875,0.0625,0.0625,32,False,01
L32_s7008_final,32,7008,final,25,0.96875,0.96875,0.96875,0.9375,32,True,c5
L32_s7008_final,32,7008,final,26,0.96875,0.9375,0.71875,0.6875,32,True,01
L32_s7008_final,32,7008,final,27,0.96875,0.96875,0.0,0.0,32,False,c5
L32_s7008_final,32,7008,final,28,1.0,0.96875,0.0,0.0,32,False,01
L32_s7008_final,32,7008,final,29,1.0,1.0,0.03125,0.03125,32,False,c5
L32_s7008_final,32,7008,final,30,1.0,1.0,0.40625,0.40625,32,False,01
L32_s7008_final,32,7008,final,31,1.0,0.96875,0.0,0.0,32,False,c5
L32_s7009_first,32,7009,first,0,0.9375,0.875,0.0,0.0,32,False,01
L32_s7009_first,32,7009,first,1,1.0,0.96875,0.1875,0.1875,32,False,c5
L32_s7009_first,32,7009,first,2,1.0,0.96875,0.6875,0.6875,32,True,01
L32_s7009_first,32,7009,first,3,1.0,1.0,0.0,0.0,32,False,c5
L32_s7009_first,32,7009,first,4,1.0,0.96875,0.0625,0.0625,32,False,01
L32_s7009_first,32,7009,first,5,1.0,0.9375,0.1875,0.1875,32,False,c5
L32_s7009_first,32,7009,first,6,1.0,0.96875,0.0625,0.0625,32,False,01
L32_s7009_first,32,7009,first,7,1.0,0.90625,0.96875,0.96875,32,True,c5
L32_s7009_first,32,7009,first,8,0.9375,0.84375,0.21875,0.1875,32,False,01
L32_s7009_first,32,7009,first,9,0.9375,0.90625,0.5625,0.53125,32,True,c5
L32_s7009_first,32,7009,first,10,0.9375,0.9375,1.0,0.9375,32,True,01
L32_s7009_first,32,7009,first,11,1.0,0.9375,0.84375,0.84375,32,True,c5
L32_s7009_first,32,7009,first,12,0.9375,0.90625,0.125,0.09375,32,False,01
L32_s7009_first,32,7009,first,13,0.96875,0.96875,0.875,0.84375,32,True,c5
L32_s7009_first,32,7009,first,14,1.0,0.90625,0.03125,0.03125,32,False,01
L32_s7009_first,32,7009,first,15,0.90625,0.78125,0.90625,0.84375,32,True,c5
L32_s7009_first,32,7009,first,16,1.0,0.875,0.25,0.25,32,False,01
L32_s7009_first,32,7009,first,17,0.96875,0.96875,0.96875,0.9375,32,True,c5
L32_s7009_first,32,7009,first,18,0.90625,0.84375,0.875,0.8125,32,True,01
L32_s7009_first,32,7009,first,19,0.96875,0.9375,0.71875,0.71875,32,True,c5
L32_s7009_first,32,7009,first,20,0.9375,0.90625,0.09375,0.0625,32,False,01
L32_s7009_first,32,7009,first,21,0.9375,0.90625,0.84375,0.84375,32,True,c5
L32_s7009_first,32,7009,first,22,0.9375,0.90625,0.0625,0.0,32,False,01
L32_s7009_first,32,7009,first,23,0.90625,0.8125,0.0625,0.0,32,False,c5
L32_s7009_first,32,7009,first,24,1.0,0.875,0.03125,0.03125,32,False,01
L32_s7009_first,32,7009,first,25,0.96875,0.96875,0.90625,0.875,32,True,c5
L32_s7009_first,32,7009,first,26,1.0,1.0,0.9375,0.9375,32,True,01
L32_s7009_first,32,7009,first,27,1.0,0.9375,0.0625,0.0625,32,False,c5
L32_s7009_first,32,7009,first,28,1.0,0.96875,0.0,0.0,32,False,01
L32_s7009_first,32,7009,first,29,0.9375,0.90625,0.25,0.21875,32,False,c5
L32_s7009_first,32,7009,first,30,1.0,0.96875,0.65625,0.65625,32,True,01
L32_s7009_first,32,7009,first,31,0.96875,0.9375,0.03125,0.03125,32,False,c5
L32_s7009_final,32,7009,final,0,0.96875,0.9375,0.0,0.0,32,False,01
L32_s7009_final,32,7009,final,1,0.96875,0.9375,0.25,0.21875,32,False,c5
L32_s7009_final,32,7009,final,2,1.0,0.96875,0.96875,0.96875,32,True,01
L32_s7009_final,32,7009,final,3,1.0,0.96875,0.0625,0.0625,32,False,c5
L32_s7009_final,32,7009,final,4,1.0,0.90625,0.0,0.0,32,False,01
L32_s7009_final,32,7009,final,5,1.0,0.96875,0.3125,0.3125,32,False,c5
L32_s7009_final,32,7009,final,6,1.0,0.96875,0.09375,0.09375,32,False,01
L32_s7009_final,32,7009,final,7,0.96875,0.96875,0.71875,0.6875,32,True,c5
L32_s7009_final,32,7009,final,8,0.90625,0.90625,0.46875,0.40625,32,False,01
L32_s7009_final,32,7009,final,9,1.0,0.9375,1.0,1.0,32,True,c5
L32_s7009_final,32,7009,final,10,0.96875,0.96875,0.90625,0.90625,32,True,01
L32_s7009_final,32,7009,final,11,0.90625,0.875,0.6875,0.65625,32,True,c5
L32_s7009_final,32,7009,final,12,0.9375,0.9375,0.0625,0.0,32,False,01
L32_s7009_final,32,7009,final,13,0.96875,0.9375,0.125,0.125,32,False,c5
L32_s7009_final,32,7009,final,14,1.0,0.9375,0.0,0.0,32,False,01
L32_s7009_final,32,7009,final,15,0.96875,0.9375,0.09375,0.09375,32,False,c5
L32_s7009_final,32,7009,final,16,1.0,0.8125,0.125,0.125,32,False,01
L32_s7009_final,32,7009,final,17,1.0,0.96875,0.90625,0.90625,32,True,c5
L32_s7009_final,32,7009,final,18,0.9375,0.9375,0.90625,0.875,32,True,01
L32_s7009_final,32,7009,final,19,1.0,0.96875,0.0625,0.0625,32,False,c5
L32_s7009_final,32,7009,final,20,0.9375,0.9375,0.03125,0.03125,32,False,01
L32_s7009_final,32,7009,final,21,0.96875,0.9375,0.15625,0.125,32,False,c5
L32_s7009_final,32,7009,final,22,0.96875,0.9375,0.0,0.0,32,False,01
L32_s7009_final,32,7009,final,23,0.96875,0.96875,0.03125,0.03125,32,False,c5
L32_s7009_final,32,7009,final,24,1.0,0.96875,0.03125,0.03125,32,False,01
L32_s7009_final,32,7009,final,25,1.0,1.0,1.0,1.0,32,True,c5
L32_s7009_final,32,7009,final,26,1.0,0.90625,0.9375,0.9375,32,True,01
L32_s7009_final,32,7009,final,27,1.0,0.96875,0.0,0.0,32,False,c5
L32_s7009_final,32,7009,final,28,1.0,0.96875,0.0,0.0,32,False,01
L32_s7009_final,32,7009,final,29,1.0,0.96875,0.03125,0.03125,32,False,c5
L32_s7009_final,32,7009,final,30,0.96875,0.96875,0.125,0.125,32,False,01
L32_s7009_final,32,7009,final,31,0.96875,0.9375,0.0,0.0,32,False,c5
L32_s7010_first,32,7010,first,0,0.96875,0.90625,0.0,0.0,32,False,11
L32_s7010_first,32,7010,first,1,0.96875,0.96875,0.1875,0.1875,32,False,d5
L32_s7010_first,32,7010,first,2,1.0,0.96875,0.96875,0.96875,32,True,11
L32_s7010_first,32,7010,first,3,0.96875,0.90625,0.0,0.0,32,False,d5
L32_s7010_first,32,7010,first,4,1.0,0.96875,0.0625,0.0625,32,False,11
L32_s7010_first,32,7010,first,5,1.0,1.0,0.65625,0.65625,32,True,d5
L32_s7010_first,32,7010,first,6,1.0,0.96875,0.03125,0.03125,32,False,11
L32_s7010_first,32,7010,first,7,0.96875,0.9375,0.78125,0.75,32,True,d5
L32_s7010_first,32,7010,first,8,1.0,0.96875,0.0625,0.0625,32,False,11
L32_s7010_first,32,7010,first,9,0.9375,0.84375,0.90625,0.875,32,True,d5
L32_s7010_first,32,7010,first,10,1.0,0.96875,0.9375,0.9375,32,True,11
L32_s7010_first,32,7010,first,11,1.0,0.9375,0.625,0.625,32,True,d5
L32_s7010_first,32,7010,first,12,0.9375,0.875,0.125,0.125,32,False,11
L32_s7010_first,32,7010,first,13,0.9375,0.875,0.375,0.3125,32,False,d5
L32_s7010_first,32,7010,first,14,0.9375,0.84375,0.03125,0.03125,32,False,11
L32_s7010_first,32,7010,first,15,0.9375,0.875,0.03125,0.03125,32,False,d5
L32_s7010_first,32,7010,first,16,0.9375,0.9375,0.09375,0.09375,32,False,11
L32_s7010_first,32,7010,first,17,0.875,0.875,0.9375,0.875,32,True,d5
L32_s7010_first,32,7010,first,18,0.96875,0.90625,0.90625,0.875,32,True,11
L32_s7010_first,32,7010,first,19,0.96875,0.9375,0.4375,0.40625,32,False,d5
L32_s7010_first,32,7010,first,20,1.0,0.96875,0.0,0.0,32,False,11
L32_s7010_first,32,7010,first,21,0.96875,0.9375,0.09375,0.09375,32,False,d5
L32_s7010_first,32,7010,first,22,0.96875,0.84375,0.0625,0.03125,32,False,11
L32_s7010_first,32,7010,first,23,1.0,0.78125,0.0625,0.0625,32,False,d5
L32_s7010_first,32,7010,first,24,0.9375,0.90625,0.15625,0.125,32,False,11
L32_s7010_first,32,7010,first,25,0.96875,0.90625,1.0,0.96875,32,True,d5
L32_s7010_first,32,7010,first,26,1.0,1.0,0.9375,0.9375,32,True,11
L32_s7010_first,32,7010,first,27,0.96875,0.96875,0.0,0.0,32,False,d5
L32_s7010_first,32,7010,first,28,1.0,0.90625,0.0,0.0,32,False,11
L32_s7010_first,32,7010,first,29,0.96875,0.90625,0.03125,0.03125,32,False,d5
L32_s7010_first,32,7010,first,30,0.96875,0.875,0.03125,0.03125,32,False,11
L32_s7010_first,32,7010,first,31,1.0,0.9375,0.0,0.0,32,False,d5
L32_s7010_final,32,7010,final,0,1.0,1.0,0.0,0.0,32,False,11
L32_s7010_final,32,7010,final,1,1.0,1.0,0.125,0.125,32,False,d5
L32_s7010_final,32,7010,final,2,1.0,0.9375,0.6875,0.6875,32,True,11
L32_s7010_final,32,7010,final,3,1.0,1.0,0.0625,0.0625,32,False,d5
L32_s7010_final,32,7010,final,4,1.0,1.0,0.09375,0.09375,32,False,11
L32_s7010_final,32,7010,final,5,1.0,0.9375,0.75,0.75,32,True,d5
L32_s7010_final,32,7010,final,6,0.96875,0.875,0.125,0.09375,32,False,11
L32_s7010_final,32,7010,final,7,1.0,0.9375,0.0,0.0,32,False,d5
L32_s7010_final,32,7010,final,8,1.0,0.96875,0.03125,0.03125,32,False,11
L32_s7010_final,32,7010,final,9,0.96875,0.96875,1.0,0.96875,32,True,d5
L32_s7010_final,32,7010,final,10,0.96875,0.96875,0.84375,0.8125,32,True,11
L32_s7010_final,32,7010,final,11,0.96875,0.875,0.0,0.0,32,False,d5
L32_s7010_final,32,7010,final,12,0.96875,0.875,0.03125,0.03125,32,False,11
L32_s7010_final,32,7010,final,13,0.96875,0.8125,0.71875,0.71875,32,True,d5
L32_s7010_final,32,7010,final,14,0.9375,0.9375,0.1875,0.125,32,False,11
L32_s7010_final,32,7010,final,15,0.96875,0.875,0.0,0.0,32,False,d5
L32_s7010_final,32,7010,final,16,1.0,0.90625,0.03125,0.03125,32,False,11
L32_s7010_final,32,7010,final,17,0.875,0.84375,0.96875,0.875,32,True,d5
L32_s7010_final,32,7010,final,18,0.96875,0.96875,0.875,0.84375,32,True,11
L32_s7010_final,32,7010,final,19,0.96875,0.90625,0.03125,0.0,32,False,d5
L32_s7010_final,32,7010,final,20,1.0,0.96875,0.0,0.0,32,False,11
L32_s7010_final,32,7010,final,21,0.96875,0.84375,0.875,0.84375,32,True,d5
L32_s7010_final,32,7010,final,22,0.9375,0.875,0.125,0.09375,32,False,11
L32_s7010_final,32,7010,final,23,1.0,0.96875,0.0625,0.0625,32,False,d5
L32_s7010_final,32,7010,final,24,1.0,0.84375,0.15625,0.15625,32,False,11
L32_s7010_final,32,7010,final,25,1.0,0.96875,0.96875,0.96875,32,True,d5
L32_s7010_final,32,7010,final,26,0.96875,0.90625,0.53125,0.5,32,True,11
L32_s7010_final,32,7010,final,27,1.0,1.0,0.0,0.0,32,False,d5
L32_s7010_final,32,7010,final,28,1.0,1.0,0.0,0.0,32,False,11
L32_s7010_final,32,7010,final,29,1.0,0.96875,0.09375,0.09375,32,False,d5
L32_s7010_final,32,7010,final,30,0.96875,0.96875,0.125,0.09375,32,False,11
L32_s7010_final,32,7010,final,31,1.0,0.9375,0.03125,0.03125,32,False,d5
L32_s7011_first,32,7011,first,0,1.0,0.96875,0.0,0.0,32,False,01
L32_s7011_first,32,7011,first,1,0.96875,0.96875,0.25,0.21875,32,False,c5
L32_s7011_first,32,7011,first,2,0.96875,0.96875,0.96875,0.9375,32,True,01
L32_s7011_first,32,7011,first,3,0.96875,0.96875,0.125,0.125,32,False,c5
L32_s7011_first,32,7011,first,4,1.0,0.96875,0.0625,0.0625,32,False,01
L32_s7011_first,32,7011,first,5,1.0,0.9375,0.0625,0.0625,32,False,c5
L32_s7011_first,32,7011,first,6,1.0,0.96875,0.0,0.0,32,False,01
L32_s7011_first,32,7011,first,7,0.9375,0.9375,0.9375,0.90625,32,True,c5
L32_s7011_first,32,7011,first,8,0.96875,0.96875,0.1875,0.15625,32,False,01
L32_s7011_first,32,7011,first,9,0.875,0.84375,0.9375,0.875,32,True,c5
L32_s7011_first,32,7011,first,10,0.9375,0.9375,0.96875,0.90625,32,True,01
L32_s7011_first,32,7011,first,11,0.96875,0.9375,0.3125,0.3125,32,False,c5
L32_s7011_first,32,7011,first,12,0.9375,0.90625,0.125,0.09375,32,False,01
L32_s7011_first,32,7011,first,13,0.875,0.84375,0.90625,0.84375,32,True,c5
L32_s7011_first,32,7011,first,14,0.96875,0.96875,0.0625,0.03125,32,False,01
L32_s7011_first,32,7011,first,15,0.9375,0.90625,0.15625,0.09375,32,False,c5
L32_s7011_first,32,7011,first,16,0.96875,0.96875,0.09375,0.0625,32,False,01
L32_s7011_first,32,7011,first,17,0.9375,0.90625,0.96875,0.9375,32,True,c5
L32_s7011_first,32,7011,first,18,1.0,1.0,0.96875,0.96875,32,True,01
L32_s7011_first,32,7011,first,19,1.0,0.96875,0.65625,0.65625,32,True,c5
L32_s7011_first,32,7011,first,20,1.0,1.0,0.0625,0.0625,32,False,01
L32_s7011_first,32,7011,first,21,0.90625,0.84375,0.6875,0.6875,32,True,c5
L32_s7011_first,32,7011,first,22,1.0,0.96875,0.03125,0.03125,32,False,01
L32_s7011_first,32,7011,first,23,1.0,1.0,0.03125,0.03125,32,False,c5
L32_s7011_first,32,7011,first,24,1.0,1.0,0.03125,0.03125,32,False,01
L32_s7011_first,32,7011,first,25,0.96875,0.9375,1.0,0.96875,32,True,c5
L32_s7011_first,32,7011,first,26,0.96875,0.90625,0.96875,0.9375,32,True,01
L32_s7011_first,32,7011,first,27,1.0,1.0,0.0,0.0,32,False,c5
L32_s7011_first,32,7011,first,28,1.0,1.0,0.0,0.0,32,False,01
L32_s7011_first,32,7011,first,29,1.0,1.0,0.03125,0.03125,32,False,c5
L32_s7011_first,32,7011,first,30,1.0,1.0,0.1875,0.1875,32,False,01
L32_s7011_first,32,7011,first,31,1.0,0.96875,0.03125,0.03125,32,False,c5
L32_s7011_final,32,7011,final,0,0.96875,0.9375,0.0,0.0,32,False,01
L32_s7011_final,32,7011,final,1,1.0,0.96875,0.15625,0.15625,32,False,c5
L32_s7011_final,32,7011,final,2,1.0,0.96875,0.84375,0.84375,32,True,01
L32_s7011_final,32,7011,final,3,0.96875,0.90625,0.09375,0.09375,32,False,c5
L32_s7011_final,32,7011,final,4,0.9375,0.84375,0.03125,0.03125,32,False,01
L32_s7011_final,32,7011,final,5,1.0,0.96875,0.125,0.125,32,False,c5
L32_s7011_final,32,7011,final,6,0.96875,0.84375,0.0625,0.03125,32,False,01
L32_s7011_final,32,7011,final,7,0.96875,0.96875,0.8125,0.8125,32,True,c5
L32_s7011_final,32,7011,final,8,0.90625,0.84375,0.3125,0.25,32,False,01
L32_s7011_final,32,7011,final,9,0.96875,0.96875,0.96875,0.9375,32,True,c5
L32_s7011_final,32,7011,final,10,0.90625,0.90625,0.90625,0.84375,32,True,01
L32_s7011_final,32,7011,final,11,1.0,1.0,0.84375,0.84375,32,True,c5
L32_s7011_final,32,7011,final,12,0.9375,0.9375,0.1875,0.15625,32,False,01
L32_s7011_final,32,7011,final,13,1.0,0.9375,0.0,0.0,32,False,c5
L32_s7011_final,32,7011,final,14,1.0,0.90625,0.0,0.0,32,False,01
L32_s7011_final,32,7011,final,15,0.9375,0.875,0.34375,0.34375,32,False,c5
L32_s7011_final,32,7011,final,16,0.9375,0.84375,0.0625,0.0625,32,False,01
L32_s7011_final,32,7011,final,17,0.96875,0.9375,1.0,0.96875,32,True,c5
L32_s7011_final,32,7011,final,18,0.96875,0.90625,0.5,0.5,32,True,01
L32_s7011_final,32,7011,final,19,0.96875,0.96875,0.03125,0.03125,32,False,c5
L32_s7011_final,32,7011,final,20,0.96875,0.96875,0.03125,0.0,32,False,01
L32_s7011_final,32,7011,final,21,0.96875,0.90625,0.0,0.0,32,False,c5
L32_s7011_final,32,7011,final,22,1.0,0.96875,0.0,0.0,32,False,01
L32_s7011_final,32,7011,final,23,0.96875,0.90625,0.0625,0.03125,32,False,c5
L32_s7011_final,32,7011,final,24,0.96875,0.96875,0.03125,0.0,32,False,01
L32_s7011_final,32,7011,final,25,1.0,1.0,0.9375,0.9375,32,True,c5
L32_s7011_final,32,7011,final,26,0.90625,0.875,0.75,0.6875,32,True,01
L32_s7011_final,32,7011,final,27,1.0,0.96875,0.0,0.0,32,False,c5
L32_s7011_final,32,7011,final,28,1.0,0.9375,0.0,0.0,32,False,01
L32_s7011_final,32,7011,final,29,1.0,0.96875,0.0,0.0,32,False,c5
L32_s7011_final,32,7011,final,30,0.96875,0.9375,0.0,0.0,32,False,01
L32_s7011_final,32,7011,final,31,1.0,1.0,0.0,0.0,32,False,c5
L32_s7012_first,32,7012,first,0,1.0,0.90625,0.0,0.0,32,False,01
L32_s7012_first,32,7012,first,1,1.0,0.96875,0.125,0.125,32,False,c5
L32_s7012_first,32,7012,first,2,0.96875,0.96875,0.9375,0.90625,32,True,01
L32_s7012_first,32,7012,first,3,1.0,0.9375,0.03125,0.03125,32,False,c5
L32_s7012_first,32,7012,first,4,1.0,0.96875,0.0625,0.0625,32,False,01
L32_s7012_first,32,7012,first,5,1.0,0.96875,0.65625,0.65625,32,True,c5
L32_s7012_first,32,7012,first,6,0.96875,0.9375,0.0,0.0,32,False,01
L32_s7012_first,32,7012,first,7,0.9375,0.90625,0.90625,0.875,32,True,c5
L32_s7012_first,32,7012,first,8,1.0,0.9375,0.0625,0.0625,32,False,01
L32_s7012_first,32,7012,first,9,0.96875,0.9375,1.0,0.96875,32,True,c5
L32_s7012_first,32,7012,first,10,1.0,1.0,0.9375,0.9375,32,True,01
L32_s7012_first,32,7012,first,11,0.96875,0.9375,0.375,0.375,32,False,c5
L32_s7012_first,32,7012,first,12,0.96875,0.96875,0.125,0.125,32,False,01
L32_s7012_first,32,7012,first,13,0.96875,0.9375,0.125,0.09375,32,False,c5
L32_s7012_first,32,7012,first,14,0.90625,0.90625,0.0625,0.03125,32,False,01
L32_s7012_first,32,7012,first,15,0.875,0.84375,0.90625,0.84375,32,True,c5
L32_s7012_first,32,7012,first,16,0.9375,0.84375,0.21875,0.1875,32,False,01
L32_s7012_first,32,7012,first,17,1.0,0.96875,0.96875,0.96875,32,True,c5
L32_s7012_first,32,7012,first,18,1.0,0.9375,0.84375,0.84375,32,True,01
L32_s7012_first,32,7012,first,19,1.0,0.875,0.125,0.125,32,False,c5
L32_s7012_first,32,7012,first,20,0.9375,0.8125,0.09375,0.09375,32,False,01
L32_s7012_first,32,7012,first,21,1.0,1.0,0.125,0.125,32,False,c5
L32_s7012_first,32,7012,first,22,0.9375,0.875,0.0625,0.0625,32,False,01
L32_s7012_first,32,7012,first,23,0.96875,0.8125,0.28125,0.28125,32,False,c5
L32_s7012_first,32,7012,first,24,1.0,0.9375,0.15625,0.15625,32,False,01
L32_s7012_first,32,7012,first,25,1.0,1.0,0.96875,0.96875,32,True,c5
L32_s7012_first,32,7012,first,26,1.0,1.0,0.96875,0.96875,32,True,01
L32_s7012_first,32,7012,first,27,1.0,0.875,0.03125,0.03125,32,False,c5
L32_s7012_first,32,7012,first,28,1.0,0.9375,0.0,0.0,32,False,01
L32_s7012_first,32,7012,first,29,0.96875,0.9375,0.0,0.0,32,False,c5
L32_s7012_first,32,7012,first,30,0.90625,0.875,0.75,0.71875,32,True,01
L32_s7012_first,32,7012,first,31,1.0,0.8125,0.0,0.0,32,False,c5
L32_s7012_final,32,7012,final,0,1.0,0.96875,0.0,0.0,32,False,01
L32_s7012_final,32,7012,final,1,0.96875,0.9375,0.28125,0.25,32,False,c5
L32_s7012_final,32,7012,final,2,0.96875,0.96875,0.90625,0.90625,32,True,01
L32_s7012_final,32,7012,final,3,0.96875,0.9375,0.03125,0.03125,32,False,c5
L32_s7012_final,32,7012,final,4,0.96875,0.96875,0.03125,0.03125,32,False,01
L32_s7012_final,32,7012,final,5,1.0,0.9375,0.0625,0.0625,32,False,c5
L32_s7012_final,32,7012,final,6,0.96875,0.90625,0.0625,0.0625,32,False,01
L32_s7012_final,32,7012,final,7,0.96875,0.96875,0.78125,0.75,32,True,c5
L32_s7012_final,32,7012,final,8,0.96875,0.9375,0.15625,0.15625,32,False,01
L32_s7012_final,32,7012,final,9,0.90625,0.875,0.96875,0.90625,32,True,c5
L32_s7012_final,32,7012,final,10,0.9375,0.9375,1.0,0.9375,32,True,01
L32_s7012_final,32,7012,final,11,1.0,1.0,0.90625,0.90625,32,True,c5
L32_s7012_final,32,7012,final,12,0.90625,0.875,0.09375,0.03125,32,False,01
L32_s7012_final,32,7012,final,13,0.9375,0.875,0.03125,0.0,32,False,c5
L32_s7012_final,32,7012,final,14,1.0,0.875,0.0625,0.0625,32,False,01
L32_s7012_final,32,7012,final,15,0.875,0.8125,0.25,0.15625,32,False,c5
L32_s7012_final,32,7012,final,16,0.96875,0.84375,0.1875,0.1875,32,False,01
L32_s7012_final,32,7012,final,17,0.96875,0.96875,1.0,0.96875,32,True,c5
L32_s7012_final,32,7012,final,18,0.96875,0.90625,0.9375,0.9375,32,True,01
L32_s7012_final,32,7012,final,19,1.0,1.0,0.03125,0.03125,32,False,c5
L32_s7012_final,32,7012,final,20,0.96875,0.90625,0.0,0.0,32,False,01
L32_s7012_final,32,7012,final,21,0.96875,0.875,0.0625,0.03125,32,False,c5
L32_s7012_final,32,7012,final,22,0.96875,0.875,0.03125,0.03125,32,False,01
L32_s7012_final,32,7012,final,23,0.875,0.875,0.0625,0.03125,32,False,c5
L32_s7012_final,32,7012,final,24,1.0,0.96875,0.03125,0.03125,32,False,01
L32_s7012_final,32,7012,final,25,0.9375,0.90625,0.96875,0.9375,32,True,c5
L32_s7012_final,32,7012,final,26,0.96875,0.96875,0.96875,0.96875,32,True,01
L32_s7012_final,32,7012,final,27,1.0,0.9375,0.03125,0.03125,32,False,c5
L32_s7012_final,32,7012,final,28,0.96875,0.96875,0.0,0.0,32,False,01
L32_s7012_final,32,7012,final,29,1.0,0.96875,0.15625,0.15625,32,False,c5
L32_s7012_final,32,7012,final,30,0.96875,0.875,0.65625,0.65625,32,True,01
L32_s7012_final,32,7012,final,31,1.0,1.0,0.0,0.0,32,False,c5
L32_s7013_first,32,7013,first,0,0.96875,0.84375,0.03125,0.03125,32,False,21
L32_s7013_first,32,7013,first,1,0.96875,0.96875,0.90625,0.875,32,True,e5
L32_s7013_first,32,7013,first,2,0.9375,0.875,1.0,0.9375,32,True,21
L32_s7013_first,32,7013,first,3,0.96875,0.9375,0.0,0.0,32,False,e5
L32_s7013_first,32,7013,first,4,0.9375,0.84375,0.03125,0.03125,32,False,21
L32_s7013_first,32,7013,first,5,1.0,0.96875,0.8125,0.8125,32,True,e5
L32_s7013_first,32,7013,first,6,0.90625,0.75,0.0625,0.03125,32,False,21
L32_s7013_first,32,7013,first,7,0.96875,0.875,0.65625,0.65625,32,True,e5
L32_s7013_first,32,7013,first,8,0.90625,0.8125,0.0625,0.0,32,False,21
L32_s7013_first,32,7013,first,9,0.875,0.84375,1.0,0.875,32,True,e5
L32_s7013_first,32,7013,first,10,0.9375,0.84375,0.96875,0.90625,32,True,21
L32_s7013_first,32,7013,first,11,0.96875,0.75,0.84375,0.84375,32,True,e5
L32_s7013_first,32,7013,first,12,1.0,0.9375,0.0625,0.0625,32,False,21
L32_s7013_first,32,7013,first,13,0.9375,0.875,0.8125,0.75,32,True,e5
L32_s7013_first,32,7013,first,14,0.9375,0.8125,0.03125,0.03125,32,False,21
L32_s7013_first,32,7013,first,15,0.96875,0.8125,0.03125,0.03125,32,False,e5
L32_s7013_first,32,7013,first,16,0.9375,0.65625,0.03125,0.03125,32,False,21
L32_s7013_first,32,7013,first,17,0.9375,0.875,1.0,0.9375,32,True,e5
L32_s7013_first,32,7013,first,18,0.9375,0.71875,0.84375,0.84375,32,True,21
L32_s7013_first,32,7013,first,19,0.9375,0.78125,0.125,0.125,32,False,e5
L32_s7013_first,32,7013,first,20,0.9375,0.75,0.0625,0.0625,32,False,21
L32_s7013_first,32,7013,first,21,0.96875,0.9375,0.90625,0.875,32,True,e5
L32_s7013_first,32,7013,first,22,1.0,0.9375,0.0625,0.0625,32,False,21
L32_s7013_first,32,7013,first,23,0.9375,0.75,0.0,0.0,32,False,e5
L32_s7013_first,32,7013,first,24,1.0,0.75,0.0,0.0,32,False,21
L32_s7013_first,32,7013,first,25,1.0,0.96875,0.96875,0.96875,32,True,e5
L32_s7013_first,32,7013,first,26,0.875,0.75,0.96875,0.84375,32,True,21
L32_s7013_first,32,7013,first,27,1.0,0.9375,0.0,0.0,32,False,e5
L32_s7013_first,32,7013,first,28,0.96875,0.78125,0.0,0.0,32,False,21
L32_s7013_first,32,7013,first,29,0.9375,0.90625,0.03125,0.0,32,False,e5
L32_s7013_first,32,7013,first,30,1.0,0.875,0.0,0.0,32,False,21
L32_s7013_first,32,7013,first,31,1.0,0.84375,0.0,0.0,32,False,e5
L32_s7013_final,32,7013,final,0,0.9375,0.8125,0.0,0.0,32,False,11
L32_s7013_final,32,7013,final,1,0.96875,0.9375,0.125,0.09375,32,False,d5
L32_s7013_final,32,7013,final,2,1.0,1.0,0.71875,0.71875,32,True,11
L32_s7013_final,32,7013,final,3,1.0,0.96875,0.0,0.0,32,False,d5
L32_s7013_final,32,7013,final,4,1.0,0.9375,0.0,0.0,32,False,11
L32_s7013_final,32,7013,final,5,1.0,0.90625,0.6875,0.6875,32,True,d5
L32_s7013_final,32,7013,final,6,0.96875,0.84375,0.0,0.0,32,False,11
L32_s7013_final,32,7013,final,7,1.0,0.96875,0.09375,0.09375,32,False,d5
L32_s7013_final,32,7013,final,8,1.0,0.9375,0.0625,0.0625,32,False,11
L32_s7013_final,32,7013,final,9,0.96875,0.84375,0.96875,0.9375,32,True,d5
L32_s7013_final,32,7013,final,10,0.96875,0.96875,0.96875,0.96875,32,True,11
L32_s7013_final,32,7013,final,11,1.0,1.0,0.46875,0.46875,32,False,d5
L32_s7013_final,32,7013,final,12,1.0,0.96875,0.0625,0.0625,32,False,11
L32_s7013_final,32,7013,final,13,1.0,1.0,0.3125,0.3125,32,False,d5
L32_s7013_final,32,7013,final,14,1.0,0.9375,0.03125,0.03125,32,False,11
L32_s7013_final,32,7013,final,15,1.0,0.9375,0.0,0.0,32,False,d5
L32_s7013_final,32,7013,final,16,1.0,0.84375,0.03125,0.03125,32,False,11
L32_s7013_final,32,7013,final,17,0.9375,0.9375,1.0,0.9375,32,True,d5
L32_s7013_final,32,7013,final,18,0.96875,0.90625,0.96875,0.9375,32,True,11
L32_s7013_final,32,7013,final,19,0.96875,0.9375,0.0,0.0,32,False,d5
L32_s7013_final,32,7013,final,20,1.0,0.9375,0.0,0.0,32,False,11
L32_s7013_final,32,7013,final,21,0.9375,0.90625,0.125,0.09375,32,False,d5
L32_s7013_final,32,7013,final,22,0.9375,0.875,0.0,0.0,32,False,11
L32_s7013_final,32,7013,final,23,0.96875,0.90625,0.125,0.125,32,False,d5
L32_s7013_final,32,7013,final,24,0.9375,0.875,0.03125,0.03125,32,False,11
L32_s7013_final,32,7013,final,25,0.90625,0.78125,0.96875,0.90625,32,True,d5
L32_s7013_final,32,7013,final,26,1.0,0.96875,0.96875,0.96875,32,True,11
L32_s7013_final,32,7013,final,27,1.0,0.9375,0.03125,0.03125,32,False,d5
L32_s7013_final,32,7013,final,28,1.0,0.96875,0.0,0.0,32,False,11
L32_s7013_final,32,7013,final,29,1.0,1.0,0.0,0.0,32,False,d5
L32_s7013_final,32,7013,final,30,0.96875,0.90625,0.0,0.0,32,False,11
L32_s7013_final,32,7013,final,31,1.0,1.0,0.0,0.0,32,False,d5
L32_s7014_first,32,7014,first,0,0.9375,0.9375,0.0,0.0,32,False,01
L32_s7014_first,32,7014,first,1,1.0,0.96875,0.25,0.25,32,False,c5
L32_s7014_first,32,7014,first,2,0.96875,0.875,0.90625,0.875,32,True,01
L32_s7014_first,32,7014,first,3,0.96875,0.875,0.0,0.0,32,False,c5
L32_s7014_first,32,7014,first,4,1.0,0.96875,0.0625,0.0625,32,False,01
L32_s7014_first,32,7014,first,5,1.0,0.90625,0.0625,0.0625,32,False,c5
L32_s7014_first,32,7014,first,6,0.9375,0.84375,0.0625,0.0625,32,False,01
L32_s7014_first,32,7014,first,7,0.96875,0.96875,0.90625,0.875,32,True,c5
L32_s7014_first,32,7014,first,8,0.96875,0.96875,0.15625,0.15625,32,False,01
L32_s7014_first,32,7014,first,9,0.90625,0.90625,1.0,0.90625,32,True,c5
L32_s7014_first,32,7014,first,10,0.84375,0.8125,0.875,0.75,32,True,01
L32_s7014_first,32,7014,first,11,0.96875,0.90625,0.71875,0.6875,32,True,c5
L32_s7014_first,32,7014,first,12,0.875,0.875,0.125,0.09375,32,False,01
L32_s7014_first,32,7014,first,13,0.875,0.84375,0.0625,0.03125,32,False,c5
L32_s7014_first,32,7014,first,14,1.0,1.0,0.0,0.0,32,False,01
L32_s7014_first,32,7014,first,15,0.9375,0.90625,0.1875,0.15625,32,False,c5
L32_s7014_first,32,7014,first,16,1.0,0.90625,0.125,0.125,32,False,01
L32_s7014_first,32,7014,first,17,0.96875,0.96875,0.9375,0.90625,32,True,c5
L32_s7014_first,32,7014,first,18,0.9375,0.9375,0.90625,0.90625,32,True,01
L32_s7014_first,32,7014,first,19,1.0,0.9375,0.125,0.125,32,False,c5
L32_s7014_first,32,7014,first,20,0.9375,0.9375,0.0625,0.0625,32,False,01
L32_s7014_first,32,7014,first,21,1.0,0.96875,0.09375,0.09375,32,False,c5
L32_s7014_first,32,7014,first,22,0.96875,0.9375,0.03125,0.0,32,False,01
L32_s7014_first,32,7014,first,23,1.0,0.9375,0.03125,0.03125,32,False,c5
L32_s7014_first,32,7014,first,24,0.96875,0.96875,0.0625,0.0625,32,False,01
L32_s7014_first,32,7014,first,25,0.9375,0.875,0.96875,0.9375,32,True,c5
L32_s7014_first,32,7014,first,26,1.0,0.9375,0.78125,0.78125,32,True,01
L32_s7014_first,32,7014,first,27,1.0,0.9375,0.0,0.0,32,False,c5
L32_s7014_first,32,7014,first,28,1.0,0.90625,0.0,0.0,32,False,01
L32_s7014_first,32,7014,first,29,1.0,1.0,0.03125,0.03125,32,False,c5
L32_s7014_first,32,7014,first,30,0.9375,0.90625,0.03125,0.03125,32,False,01
L32_s7014_first,32,7014,first,31,0.96875,0.9375,0.0,0.0,32,False,c5
L32_s7014_final,32,7014,final,0,0.96875,0.90625,0.0,0.0,32,False,11
L32_s7014_final,32,7014,final,1,0.96875,0.96875,0.28125,0.25,32,False,d5
L32_s7014_final,32,7014,final,2,1.0,0.96875,0.9375,0.9375,32,True,11
L32_s7014_final,32,7014,final,3,1.0,0.96875,0.0625,0.0625,32,False,d5
L32_s7014_final,32,7014,final,4,1.0,0.96875,0.0625,0.0625,32,False,11
L32_s7014_final,32,7014,final,5,1.0,0.9375,0.1875,0.1875,32,False,d5
L32_s7014_final,32,7014,final,6,0.9375,0.90625,0.03125,0.0,32,False,11
L32_s7014_final,32,7014,final,7,0.9375,0.84375,0.6875,0.6875,32,True,d5
L32_s7014_final,32,7014,final,8,0.96875,0.9375,0.03125,0.03125,32,False,11
L32_s7014_final,32,7014,final,9,0.90625,0.8125,0.875,0.84375,32,True,d5
L32_s7014_final,32,7014,final,10,1.0,0.96875,0.84375,0.84375,32,True,11
L32_s7014_final,32,7014,final,11,0.9375,0.875,0.25,0.25,32,False,d5
L32_s7014_final,32,7014,final,12,0.9375,0.90625,0.03125,0.03125,32,False,11
L32_s7014_final,32,7014,final,13,0.96875,0.90625,0.78125,0.78125,32,True,d5
L32_s7014_final,32,7014,final,14,1.0,0.90625,0.0625,0.0625,32,False,11
L32_s7014_final,32,7014,final,15,0.96875,0.875,0.5625,0.5625,32,True,d5
L32_s7014_final,32,7014,final,16,1.0,0.875,0.03125,0.03125,32,False,11
L32_s7014_final,32,7014,final,17,1.0,1.0,1.0,1.0,32,True,d5
L32_s7014_final,32,7014,final,18,1.0,0.96875,0.96875,0.96875,32,True,11
L32_s7014_final,32,7014,final,19,0.96875,0.9375,0.0,0.0,32,False,d5
L32_s7014_final,32,7014,final,20,0.90625,0.84375,0.0,0.0,32,False,11
L32_s7014_final,32,7014,final,21,0.90625,0.90625,0.8125,0.71875,32,True,d5
L32_s7014_final,32,7014,final,22,0.96875,0.9375,0.0,0.0,32,False,11
L32_s7014_final,32,7014,final,23,1.0,0.8125,0.78125,0.78125,32,True,d5
L32_s7014_final,32,7014,final,24,0.96875,0.8125,0.09375,0.09375,32,False,11
L32_s7014_final,32,7014,final,25,0.9375,0.46875,0.9375,0.90625,32,True,d5
L32_s7014_final,32,7014,final,26,0.96875,0.9375,0.96875,0.9375,32,True,11
L32_s7014_final,32,7014,final,27,1.0,0.96875,0.0,0.0,32,False,d5
L32_s7014_final,32,7014,final,28,0.90625,0.78125,0.03125,0.0,32,False,11
L32_s7014_final,32,7014,final,29,0.9375,0.90625,0.125,0.09375,32,False,d5
L32_s7014_final,32,7014,final,30,0.875,0.75,0.375,0.28125,32,False,11
L32_s7014_final,32,7014,final,31,1.0,0.25,0.0,0.0,32,False,d5
L32_s7015_first,32,7015,first,0,1.0,0.96875,0.0,0.0,32,False,01
L32_s7015_first,32,7015,first,1,1.0,1.0,0.125,0.125,32,False,c5
L32_s7015_first,32,7015,first,2,1.0,0.96875,0.75,0.75,32,True,01
L32_s7015_first,32,7015,first,3,0.9375,0.875,0.0625,0.0625,32,False,c5
L32_s7015_first,32,7015,first,4,1.0,0.9375,0.03125,0.03125,32,False,01
L32_s7015_first,32,7015,first,5,1.0,0.90625,0.625,0.625,32,True,c5
L32_s7015_first,32,7015,first,6,1.0,1.0,0.125,0.125,32,False,01
L32_s7015_first,32,7015,first,7,1.0,0.96875,0.8125,0.8125,32,True,c5
L32_s7015_first,32,7015,first,8,0.96875,0.9375,0.125,0.125,32,False,01
L32_s7015_first,32,7015,first,9,0.96875,0.96875,0.96875,0.96875,32,True,c5
L32_s7015_first,32,7015,first,10,0.9375,0.9375,0.9375,0.9375,32,True,01
L32_s7015_first,32,7015,first,11,0.96875,0.96875,0.15625,0.15625,32,False,c5
L32_s7015_first,32,7015,first,12,0.96875,0.96875,0.0625,0.0625,32,False,01
L32_s7015_first,32,7015,first,13,1.0,0.96875,0.71875,0.71875,32,True,c5
L32_s7015_first,32,7015,first,14,1.0,0.96875,0.15625,0.15625,32,False,01
L32_s7015_first,32,7015,first,15,1.0,0.96875,0.15625,0.15625,32,False,c5
L32_s7015_first,32,7015,first,16,1.0,0.90625,0.09375,0.09375,32,False,01
L32_s7015_first,32,7015,first,17,0.90625,0.8125,0.90625,0.84375,32,True,c5
L32_s7015_first,32,7015,first,18,1.0,0.96875,0.96875,0.96875,32,True,01
L32_s7015_first,32,7015,first,19,1.0,0.875,0.0625,0.0625,32,False,c5
L32_s7015_first,32,7015,first,20,0.96875,0.90625,0.0625,0.0625,32,False,01
L32_s7015_first,32,7015,first,21,0.96875,0.90625,0.78125,0.75,32,True,c5
L32_s7015_first,32,7015,first,22,0.96875,0.96875,0.21875,0.21875,32,False,01
L32_s7015_first,32,7015,first,23,0.9375,0.875,0.09375,0.0625,32,False,c5
L32_s7015_first,32,7015,first,24,0.96875,0.96875,0.0625,0.0625,32,False,01
L32_s7015_first,32,7015,first,25,0.96875,0.96875,0.96875,0.9375,32,True,c5
L32_s7015_first,32,7015,first,26,0.96875,0.9375,0.71875,0.6875,32,True,01
L32_s7015_first,32,7015,first,27,0.96875,0.96875,0.0,0.0,32,False,c5
L32_s7015_first,32,7015,first,28,1.0,0.96875,0.0,0.0,32,False,01
L32_s7015_first,32,7015,first,29,1.0,1.0,0.03125,0.03125,32,False,c5
L32_s7015_first,32,7015,first,30,1.0,1.0,0.40625,0.40625,32,False,01
L32_s7015_first,32,7015,first,31,1.0,0.96875,0.0,0.0,32,False,c5
L32_s7015_final,32,7015,final,0,0.90625,0.84375,0.0,0.0,32,False,11
L32_s7015_final,32,7015,final,1,1.0,1.0,1.0,1.0,32,True,d5
L32_s7015_final,32,7015,final,2,1.0,1.0,0.875,0.875,32,True,11
L32_s7015_final,32,7015,final,3,0.96875,0.90625,0.0625,0.0625,32,False,d5
L32_s7015_final,32,7015,final,4,1.0,0.875,0.0625,0.0625,32,False,11
L32_s7015_final,32,7015,final,5,1.0,0.9375,0.8125,0.8125,32,True,d5
L32_s7015_final,32,7015,final,6,0.96875,0.84375,0.0,0.0,32,False,11
L32_s7015_final,32,7015,final,7,1.0,0.875,0.5625,0.5625,32,True,d5
L32_s7015_final,32,7015,final,8,1.0,0.9375,0.03125,0.03125,32,False,11
L32_s7015_final,32,7015,final,9,1.0,0.9375,1.0,1.0,32,True,d5
L32_s7015_final,32,7015,final,10,1.0,1.0,0.96875,0.96875,32,True,11
L32_s7015_final,32,7015,final,11,1.0,0.90625,0.125,0.125,32,False,d5
L32_s7015_final,32,7015,final,12,1.0,0.9375,0.125,0.125,32,False,11
L32_s7015_final,32,7015,final,13,0.96875,0.84375,0.6875,0.6875,32,True,d5
L32_s7015_final,32,7015,final,14,1.0,0.875,0.0625,0.0625,32,False,11
L32_s7015_final,32,7015,final,15,0.96875,0.8125,0.0625,0.0625,32,False,d5
L32_s7015_final,32,7015,final,16,1.0,0.90625,0.0,0.0,32,False,11
L32_s7015_final,32,7015,final,17,0.90625,0.90625,0.96875,0.90625,32,True,d5
L32_s7015_final,32,7015,final,18,0.96875,0.9375,0.96875,0.96875,32,True,11
L32_s7015_final,32,7015,final,19,0.96875,0.875,0.03125,0.03125,32,False,d5
L32_s7015_final,32,7015,final,20,0.96875,0.90625,0.09375,0.0625,32,False,11
L32_s7015_final,32,7015,final,21,1.0,0.90625,0.15625,0.15625,32,False,d5
L32_s7015_final,32,7015,final,22,0.90625,0.8125,0.125,0.0625,32,False,11
L32_s7015_final,32,7015,final,23,1.0,0.875,0.65625,0.65625,32,True,d5
L32_s7015_final,32,7015,final,24,0.90625,0.75,0.0625,0.0625,32,False,11
L32_s7015_final,32,7015,final,25,0.9375,0.875,0.96875,0.90625,32,True,d5
L32_s7015_final,32,7015,final,26,0.96875,0.96875,0.96875,0.96875,32,True,11
L32_s7015_final,32,7015,final,27,1.0,0.9375,0.0,0.0,32,False,d5
L32_s7015_final,32,7015,final,28,1.0,0.90625,0.03125,0.03125,32,False,11
L32_s7015_final,32,7015,final,29,1.0,1.0,0.03125,0.03125,32,False,d5
L32_s7015_final,32,7015,final,30,0.96875,0.75,0.125,0.125,32,False,11
L32_s7015_final,32,7015,final,31,1.0,0.96875,0.0,0.0,32,False,d5
L32_s7016_first,32,7016,first,0,0.96875,0.9375,0.0,0.0,32,False,01
L32_s7016_first,32,7016,first,1,0.96875,0.9375,0.25,0.21875,32,False,c5
L32_s7016_first,32,7016,first,2,1.0,0.96875,0.96875,0.96875,32,True,01
L32_s7016_first,32,7016,first,3,1.0,0.96875,0.0625,0.0625,32,False,c5
L32_s7016_first,32,7016,first,4,1.0,0.90625,0.0,0.0,32,False,01
L32_s7016_first,32,7016,first,5,1.0,0.96875,0.3125,0.3125,32,False,c5
L32_s7016_first,32,7016,first,6,1.0,0.96875,0.09375,0.09375,32,False,01
L32_s7016_first,32,7016,first,7,0.96875,0.96875,0.71875,0.6875,32,True,c5
L32_s7016_first,32,7016,first,8,0.90625,0.90625,0.46875,0.40625,32,False,01
L32_s7016_first,32,7016,first,9,1.0,0.9375,1.0,1.0,32,True,c5
L32_s7016_first,32,7016,first,10,0.96875,0.96875,0.90625,0.90625,32,True,01
L32_s7016_first,32,7016,first,11,0.90625,0.875,0.6875,0.65625,32,True,c5
L32_s7016_first,32,7016,first,12,0.9375,0.9375,0.0625,0.0,32,False,01
L32_s7016_first,32,7016,first,13,0.96875,0.9375,0.125,0.125,32,False,c5
L32_s7016_first,32,7016,first,14,1.0,0.9375,0.0,0.0,32,False,01
L32_s7016_first,32,7016,first,15,0.96875,0.9375,0.09375,0.09375,32,False,c5
L32_s7016_first,32,7016,first,16,1.0,0.8125,0.125,0.125,32,False,01
L32_s7016_first,32,7016,first,17,1.0,0.96875,0.90625,0.90625,32,True,c5
L32_s7016_first,32,7016,first,18,0.9375,0.9375,0.90625,0.875,32,True,01
L32_s7016_first,32,7016,first,19,1.0,0.96875,0.0625,0.0625,32,False,c5
L32_s7016_first,32,7016,first,20,0.9375,0.9375,0.03125,0.03125,32,False,01
L32_s7016_first,32,7016,first,21,0.96875,0.9375,0.15625,0.125,32,False,c5
L32_s7016_first,32,7016,first,22,0.96875,0.9375,0.0,0.0,32,False,01
L32_s7016_first,32,7016,first,23,0.96875,0.96875,0.03125,0.03125,32,False,c5
L32_s7016_first,32,7016,first,24,1.0,0.96875,0.03125,0.03125,32,False,01
L32_s7016_first,32,7016,first,25,1.0,1.0,1.0,1.0,32,True,c5
L32_s7016_first,32,7016,first,26,1.0,0.90625,0.9375,0.9375,32,True,01
L32_s7016_first,32,7016,first,27,1.0,0.96875,0.0,0.0,32,False,c5
L32_s7016_first,32,7016,first,28,1.0,0.96875,0.0,0.0,32,False,01
L32_s7016_first,32,7016,first,29,1.0,0.96875,0.03125,0.03125,32,False,c5
L32_s7016_first,32,7016,first,30,0.96875,0.96875,0.125,0.125,32,False,01
L32_s7016_first,32,7016,first,31,0.96875,0.9375,0.0,0.0,32,False,c5
L32_s7016_final,32,7016,final,0,0.96875,0.96875,0.0,0.0,32,False,01
L32_s7016_final,32,7016,final,1,1.0,1.0,0.28125,0.28125,32,False,c5
L32_s7016_final,32,7016,final,2,1.0,0.96875,0.875,0.875,32,True,01
L32_s7016_final,32,7016,final,3,1.0,0.96875,0.0625,0.0625,32,False,c5
L32_s7016_final,32,7016,final,4,1.0,0.9375,0.03125,0.03125,32,False,01
L32_s7016_final,32,7016,final,5,1.0,1.0,0.625,0.625,32,True,c5
L32_s7016_final,32,7016,final,6,1.0,0.96875,0.0,0.0,32,False,01
L32_s7016_final,32,7016,final,7,1.0,1.0,0.875,0.875,32,True,c5
L32_s7016_final,32,7016,final,8,1.0,0.96875,0.21875,0.21875,32,False,01
L32_s7016_final,32,7016,final,9,1.0,1.0,1.0,1.0,32,True,c5
L32_s7016_final,32,7016,final,10,0.875,0.875,0.96875,0.84375,32,True,01
L32_s7016_final,32,7016,final,11,0.96875,0.96875,0.03125,0.03125,32,False,c5
L32_s7016_final,32,7016,final,12,0.96875,0.9375,0.09375,0.09375,32,False,01
L32_s7016_final,32,7016,final,13,1.0,0.96875,0.78125,0.78125,32,True,c5
L32_s7016_final,32,7016,final,14,1.0,0.96875,0.0625,0.0625,32,False,01
L32_s7016_final,32,7016,final,15,0.96875,0.96875,0.09375,0.09375,32,False,c5
L32_s7016_final,32,7016,final,16,0.96875,0.9375,0.09375,0.09375,32,False,01
L32_s7016_final,32,7016,final,17,0.96875,0.9375,0.9375,0.90625,32,True,c5
L32_s7016_final,32,7016,final,18,1.0,0.875,0.875,0.875,32,True,01
L32_s7016_final,32,7016,final,19,1.0,1.0,0.0,0.0,32,False,c5
L32_s7016_final,32,7016,final,20,1.0,0.9375,0.0,0.0,32,False,01
L32_s7016_final,32,7016,final,21,0.9375,0.90625,0.625,0.59375,32,True,c5
L32_s7016_final,32,7016,final,22,0.9375,0.90625,0.09375,0.09375,32,False,01
L32_s7016_final,32,7016,final,23,1.0,1.0,0.40625,0.40625,32,False,c5
L32_s7016_final,32,7016,final,24,0.96875,0.9375,0.0625,0.03125,32,False,01
L32_s7016_final,32,7016,final,25,1.0,0.9375,0.9375,0.9375,32,True,c5
L32_s7016_final,32,7016,final,26,0.9375,0.9375,0.875,0.8125,32,True,01
L32_s7016_final,32,7016,final,27,1.0,1.0,0.0,0.0,32,False,c5
L32_s7016_final,32,7016,final,28,0.96875,0.84375,0.0,0.0,32,False,01
L32_s7016_final,32,7016,final,29,1.0,1.0,0.09375,0.09375,32,False,c5
L32_s7016_final,32,7016,final,30,0.96875,0.8125,0.34375,0.34375,32,False,01
L32_s7016_final,32,7016,final,31,1.0,1.0,0.0,0.0,32,False,c5
L32_s7017_first,32,7017,first,0,1.0,1.0,0.0,0.0,32,False,11
L32_s7017_first,32,7017,first,1,1.0,1.0,0.125,0.125,32,False,d5
L32_s7017_first,32,7017,first,2,1.0,0.9375,0.6875,0.6875,32,True,11
L32_s7017_first,32,7017,first,3,1.0,1.0,0.0625,0.0625,32,False,d5
L32_s7017_first,32,7017,first,4,1.0,1.0,0.09375,0.09375,32,False,11
L32_s7017_first,32,7017,first,5,1.0,0.9375,0.75,0.75,32,True,d5
L32_s7017_first,32,7017,first,6,0.96875,0.875,0.125,0.09375,32,False,11
L32_s7017_first,32,7017,first,7,1.0,0.9375,0.0,0.0,32,False,d5
L32_s7017_first,32,7017,first,8,1.0,0.96875,0.03125,0.03125,32,False,11
L32_s7017_first,32,7017,first,9,0.96875,0.96875,1.0,0.96875,32,True,d5
L32_s7017_first,32,7017,first,10,0.96875,0.96875,0.84375,0.8125,32,True,11
L32_s7017_first,32,7017,first,11,0.96875,0.875,0.0,0.0,32,False,d5
L32_s7017_first,32,7017,first,12,0.96875,0.875,0.03125,0.03125,32,False,11
L32_s7017_first,32,7017,first,13,0.96875,0.8125,0.71875,0.71875,32,True,d5
L32_s7017_first,32,7017,first,14,0.9375,0.9375,0.1875,0.125,32,False,11
L32_s7017_first,32,7017,first,15,0.96875,0.875,0.0,0.0,32,False,d5
L32_s7017_first,32,7017,first,16,1.0,0.90625,0.03125,0.03125,32,False,11
L32_s7017_first,32,7017,first,17,0.875,0.84375,0.96875,0.875,32,True,d5
L32_s7017_first,32,7017,first,18,0.96875,0.96875,0.875,0.84375,32,True,11
L32_s7017_first,32,7017,first,19,0.96875,0.90625,0.03125,0.0,32,False,d5
L32_s7017_first,32,7017,first,20,1.0,0.96875,0.0,0.0,32,False,11
L32_s7017_first,32,7017,first,21,0.96875,0.84375,0.875,0.84375,32,True,d5
L32_s7017_first,32,7017,first,22,0.9375,0.875,0.125,0.09375,32,False,11
L32_s7017_first,32,7017,first,23,1.0,0.96875,0.0625,0.0625,32,False,d5
L32_s7017_first,32,7017,first,24,1.0,0.84375,0.15625,0.15625,32,False,11
L32_s7017_first,32,7017,first,25,1.0,0.96875,0.96875,0.96875,32,True,d5
L32_s7017_first,32,7017,first,26,0.96875,0.90625,0.53125,0.5,32,True,11
L32_s7017_first,32,7017,first,27,1.0,1.0,0.0,0.0,32,False,d5
L32_s7017_first,32,7017,first,28,1.0,1.0,0.0,0.0,32,False,11
L32_s7017_first,32,7017,first,29,1.0,0.96875,0.09375,0.09375,32,False,d5
L32_s7017_first,32,7017,first,30,0.96875,0.96875,0.125,0.09375,32,False,11
L32_s7017_first,32,7017,first,31,1.0,0.9375,0.03125,0.03125,32,False,d5
L32_s7017_final,32,7017,final,0,0.96875,0.78125,0.0,0.0,32,False,11
L32_s7017_final,32,7017,final,1,0.96875,0.90625,0.125,0.09375,32,False,d5
L32_s7017_final,32,7017,final,2,0.96875,0.9375,0.875,0.84375,32,True,11
L32_s7017_final,32,7017,final,3,1.0,1.0,0.03125,0.03125,32,False,d5
L32_s7017_final,32,7017,final,4,1.0,0.9375,0.03125,0.03125,32,False,11
L32_s7017_final,32,7017,final,5,1.0,0.96875,0.75,0.75,32,True,d5
L32_s7017_final,32,7017,final,6,0.96875,0.90625,0.03125,0.0,32,False,11
L32_s7017_final,32,7017,final,7,0.9375,0.84375,0.28125,0.25,32,False,d5
L32_s7017_final,32,7017,final,8,0.96875,0.84375,0.03125,0.03125,32,False,11
L32_s7017_final,32,7017,final,9,0.84375,0.8125,0.875,0.8125,32,True,d5
L32_s7017_final,32,7017,final,10,0.9375,0.90625,0.875,0.875,32,True,11
L32_s7017_final,32,7017,final,11,1.0,0.96875,0.65625,0.65625,32,True,d5
L32_s7017_final,32,7017,final,12,0.9375,0.90625,0.0,0.0,32,False,11
L32_s7017_final,32,7017,final,13,0.96875,0.9375,0.78125,0.78125,32,True,d5
L32_s7017_final,32,7017,final,14,0.9375,0.875,0.03125,0.0,32,False,11
L32_s7017_final,32,7017,final,15,1.0,0.96875,0.0,0.0,32,False,d5
L32_s7017_final,32,7017,final,16,0.96875,0.78125,0.0,0.0,32,False,11
L32_s7017_final,32,7017,final,17,0.9375,0.90625,1.0,0.9375,32,True,d5
L32_s7017_final,32,7017,final,18,1.0,0.96875,0.96875,0.96875,32,True,11
L32_s7017_final,32,7017,final,19,0.96875,0.96875,0.0625,0.03125,32,False,d5
L32_s7017_final,32,7017,final,20,1.0,0.90625,0.03125,0.03125,32,False,11
L32_s7017_final,32,7017,final,21,0.96875,0.9375,0.84375,0.8125,32,True,d5
L32_s7017_final,32,7017,final,22,0.96875,0.875,0.03125,0.03125,32,False,11
L32_s7017_final,32,7017,final,23,1.0,0.90625,0.15625,0.15625,32,False,d5
L32_s7017_final,32,7017,final,24,1.0,0.75,0.1875,0.1875,32,False,11
L32_s7017_final,32,7017,final,25,0.96875,0.90625,0.9375,0.90625,32,True,d5
L32_s7017_final,32,7017,final,26,0.96875,0.9375,0.9375,0.9375,32,True,11
L32_s7017_final,32,7017,final,27,0.96875,0.9375,0.03125,0.0,32,False,d5
L32_s7017_final,32,7017,final,28,0.96875,0.875,0.0,0.0,32,False,11
L32_s7017_final,32,7017,final,29,0.96875,0.9375,0.0625,0.03125,32,False,d5
L32_s7017_final,32,7017,final,30,0.96875,0.875,0.0625,0.0625,32,False,11
L32_s7017_final,32,7017,final,31,1.0,0.9375,0.0,0.0,32,False,d5
L32_s7018_first,32,7018,first,0,0.96875,0.9375,0.0,0.0,32,False,01
L32_s7018_first,32,7018,first,1,1.0,0.96875,0.15625,0.15625,32,False,c5
L32_s7018_first,32,7018,first,2,1.0,0.96875,0.84375,0.84375,32,True,01
L32_s7018_first,32,7018,first,3,0.96875,0.90625,0.09375,0.09375,32,False,c5
L32_s7018_first,32,7018,first,4,0.9375,0.84375,0.03125,0.03125,32,False,01
L32_s7018_first,32,7018,first,5,1.0,0.96875,0.125,0.125,32,False,c5
L32_s7018_first,32,7018,first,6,0.96875,0.84375,0.0625,0.03125,32,False,01
L32_s7018_first,32,7018,first,7,0.96875,0.96875,0.8125,0.8125,32,True,c5
L32_s7018_first,32,7018,first,8,0.90625,0.84375,0.3125,0.25,32,False,01
L32_s7018_first,32,7018,first,9,0.96875,0.96875,0.96875,0.9375,32,True,c5
L32_s7018_first,32,7018,first,10,0.90625,0.90625,0.90625,0.84375,32,True,01
L32_s7018_first,32,7018,first,11,1.0,1.0,0.84375,0.84375,32,True,c5
L32_s7018_first,32,7018,first,12,0.9375,0.9375,0.1875,0.15625,32,False,01
L32_s7018_first,32,7018,first,13,1.0,0.9375,0.0,0.0,32,False,c5
L32_s7018_first,32,7018,first,14,1.0,0.90625,0.0,0.0,32,False,01
L32_s7018_first,32,7018,first,15,0.9375,0.875,0.34375,0.34375,32,False,c5
L32_s7018_first,32,7018,first,16,0.9375,0.84375,0.0625,0.0625,32,False,01
L32_s7018_first,32,7018,first,17,0.96875,0.9375,1.0,0.96875,32,True,c5
L32_s7018_first,32,7018,first,18,0.96875,0.90625,0.5,0.5,32,True,01
L32_s7018_first,32,7018,first,19,0.96875,0.96875,0.03125,0.03125,32,False,c5
L32_s7018_first,32,7018,first,20,0.96875,0.96875,0.03125,0.0,32,False,01
L32_s7018_first,32,7018,first,21,0.96875,0.90625,0.0,0.0,32,False,c5
L32_s7018_first,32,7018,first,22,1.0,0.96875,0.0,0.0,32,False,01
L32_s7018_first,32,7018,first,23,0.96875,0.90625,0.0625,0.03125,32,False,c5
L32_s7018_first,32,7018,first,24,0.96875,0.96875,0.03125,0.0,32,False,01
L32_s7018_first,32,7018,first,25,1.0,1.0,0.9375,0.9375,32,True,c5
L32_s7018_first,32,7018,first,26,0.90625,0.875,0.75,0.6875,32,True,01
L32_s7018_first,32,7018,first,27,1.0,0.96875,0.0,0.0,32,False,c5
L32_s7018_first,32,7018,first,28,1.0,0.9375,0.0,0.0,32,False,01
L32_s7018_first,32,7018,first,29,1.0,0.96875,0.0,0.0,32,False,c5
L32_s7018_first,32,7018,first,30,0.96875,0.9375,0.0,0.0,32,False,01
L32_s7018_first,32,7018,first,31,1.0,1.0,0.0,0.0,32,False,c5
L32_s7018_final,32,7018,final,0,0.96875,0.90625,0.0,0.0,32,False,01
L32_s7018_final,32,7018,final,1,1.0,0.96875,0.3125,0.3125,32,False,c5
L32_s7018_final,32,7018,final,2,0.96875,0.9375,0.28125,0.25,32,False,01
L32_s7018_final,32,7018,final,3,0.96875,0.96875,0.09375,0.09375,32,False,c5
L32_s7018_final,32,7018,final,4,0.96875,0.875,0.09375,0.09375,32,False,01
L32_s7018_final,32,7018,final,5,1.0,1.0,0.03125,0.03125,32,False,c5
L32_s7018_final,32,7018,final,6,1.0,1.0,0.09375,0.09375,32,False,01
L32_s7018_final,32,7018,final,7,0.96875,0.9375,0.8125,0.78125,32,True,c5
L32_s7018_final,32,7018,final,8,1.0,1.0,0.09375,0.09375,32,False,01
L32_s7018_final,32,7018,final,9,0.96875,0.9375,0.96875,0.96875,32,True,c5
L32_s7018_final,32,7018,final,10,1.0,0.96875,0.875,0.875,32,True,01
L32_s7018_final,32,7018,final,11,0.96875,0.96875,0.53125,0.53125,32,True,c5
L32_s7018_final,32,7018,final,12,0.96875,0.96875,0.0,0.0,32,False,01
L32_s7018_final,32,7018,final,13,1.0,0.96875,0.1875,0.1875,32,False,c5
L32_s7018_final,32,7018,final,14,1.0,0.90625,0.03125,0.03125,32,False,01
L32_s7018_final,32,7018,final,15,0.96875,0.71875,0.4375,0.4375,32,False,c5
L32_s7018_final,32,7018,final,16,0.96875,0.78125,0.25,0.21875,32,False,01
L32_s7018_final,32,7018,final,17,0.96875,0.96875,1.0,0.96875,32,True,c5
L32_s7018_final,32,7018,final,18,1.0,1.0,0.9375,0.9375,32,True,01
L32_s7018_final,32,7018,final,19,0.96875,0.9375,0.09375,0.0625,32,False,c5
L32_s7018_final,32,7018,final,20,0.9375,0.9375,0.0625,0.03125,32,False,01
L32_s7018_final,32,7018,final,21,0.96875,0.9375,0.84375,0.8125,32,True,c5
L32_s7018_final,32,7018,final,22,0.9375,0.9375,0.03125,0.03125,32,False,01
L32_s7018_final,32,7018,final,23,1.0,0.9375,0.21875,0.21875,32,False,c5
L32_s7018_final,32,7018,final,24,0.96875,0.875,0.0625,0.0625,32,False,01
L32_s7018_final,32,7018,final,25,0.96875,0.90625,0.96875,0.9375,32,True,c5
L32_s7018_final,32,7018,final,26,1.0,1.0,0.9375,0.9375,32,True,01
L32_s7018_final,32,7018,final,27,1.0,0.84375,0.0,0.0,32,False,c5
L32_s7018_final,32,7018,final,28,1.0,0.90625,0.0,0.0,32,False,01
L32_s7018_final,32,7018,final,29,1.0,1.0,0.0625,0.0625,32,False,c5
L32_s7018_final,32,7018,final,30,0.9375,0.90625,0.0625,0.03125,32,False,01
L32_s7018_final,32,7018,final,31,1.0,0.9375,0.0,0.0,32,False,c5
L32_s7019_first,32,7019,first,0,1.0,0.90625,0.0,0.0,32,False,11
L32_s7019_first,32,7019,first,1,1.0,1.0,0.1875,0.1875,32,False,d5
L32_s7019_first,32,7019,first,2,0.96875,0.96875,0.71875,0.71875,32,True,11
L32_s7019_first,32,7019,first,3,1.0,0.9375,0.03125,0.03125,32,False,d5
L32_s7019_first,32,7019,first,4,1.0,0.90625,0.0625,0.0625,32,False,11
L32_s7019_first,32,7019,first,5,0.96875,0.9375,0.125,0.125,32,False,d5
L32_s7019_first,32,7019,first,6,0.96875,0.96875,0.125,0.125,32,False,11
L32_s7019_first,32,7019,first,7,1.0,1.0,0.53125,0.53125,32,True,d5
L32_s7019_first,32,7019,first,8,0.9375,0.875,0.03125,0.03125,32,False,11
L32_s7019_first,32,7019,first,9,0.9375,0.84375,0.96875,0.9375,32,True,d5
L32_s7019_first,32,7019,first,10,0.96875,0.96875,1.0,0.96875,32,True,11
L32_s7019_first,32,7019,first,11,1.0,0.96875,0.03125,0.03125,32,False,d5
L32_s7019_first,32,7019,first,12,0.96875,0.9375,0.0,0.0,32,False,11
L32_s7019_first,32,7019,first,13,0.96875,0.875,0.78125,0.75,32,True,d5
L32_s7019_first,32,7019,first,14,0.96875,0.875,0.03125,0.03125,32,False,11
L32_s7019_first,32,7019,first,15,1.0,0.84375,0.0,0.0,32,False,d5
L32_s7019_first,32,7019,first,16,1.0,0.84375,0.0,0.0,32,False,11
L32_s7019_first,32,7019,first,17,0.9375,0.90625,0.96875,0.9375,32,True,d5
L32_s7019_first,32,7019,first,18,0.96875,0.9375,1.0,0.96875,32,True,11
L32_s7019_first,32,7019,first,19,1.0,1.0,0.03125,0.03125,32,False,d5
L32_s7019_first,32,7019,first,20,0.9375,0.875,0.0,0.0,32,False,11
L32_s7019_first,32,7019,first,21,0.9375,0.875,0.21875,0.15625,32,False,d5
L32_s7019_first,32,7019,first,22,0.9375,0.875,0.0625,0.0625,32,False,11
L32_s7019_first,32,7019,first,23,0.90625,0.8125,0.09375,0.0625,32,False,d5
L32_s7019_first,32,7019,first,24,0.96875,0.75,0.09375,0.0625,32,False,11
L32_s7019_first,32,7019,first,25,0.875,0.84375,0.96875,0.875,32,True,d5
L32_s7019_first,32,7019,first,26,0.9375,0.9375,0.90625,0.84375,32,True,11
L32_s7019_first,32,7019,first,27,0.96875,0.96875,0.0625,0.03125,32,False,d5
L32_s7019_first,32,7019,first,28,0.96875,0.90625,0.0625,0.0625,32,False,11
L32_s7019_first,32,7019,first,29,0.96875,0.875,0.71875,0.71875,32,True,d5
L32_s7019_first,32,7019,first,30,0.9375,0.75,0.75,0.75,32,True,11
L32_s7019_first,32,7019,first,31,1.0,0.9375,0.0,0.0,32,False,d5
L32_s7019_final,32,7019,final,0,1.0,1.0,0.0,0.0,32,False,11
L32_s7019_final,32,7019,final,1,1.0,1.0,0.125,0.125,32,False,d5
L32_s7019_final,32,7019,final,2,1.0,1.0,0.875,0.875,32,True,11
L32_s7019_final,32,7019,final,3,0.96875,0.9375,0.0625,0.0625,32,False,d5
L32_s7019_final,32,7019,final,4,1.0,0.96875,0.0,0.0,32,False,11
L32_s7019_final,32,7019,final,5,0.96875,0.96875,0.875,0.84375,32,True,d5
L32_s7019_final,32,7019,final,6,1.0,1.0,0.0625,0.0625,32,False,11
L32_s7019_final,32,7019,final,7,0.9375,0.875,0.0,0.0,32,False,d5
L32_s7019_final,32,7019,final,8,0.96875,0.90625,0.0,0.0,32,False,11
L32_s7019_final,32,7019,final,9,0.96875,0.96875,1.0,0.96875,32,True,d5
L32_s7019_final,32,7019,final,10,1.0,1.0,0.9375,0.9375,32,True,11
L32_s7019_final,32,7019,final,11,1.0,1.0,0.125,0.125,32,False,d5
L32_s7019_final,32,7019,final,12,0.9375,0.9375,0.0,0.0,32,False,11
L32_s7019_final,32,7019,final,13,1.0,0.96875,0.84375,0.84375,32,True,d5
L32_s7019_final,32,7019,final,14,1.0,1.0,0.09375,0.09375,32,False,11
L32_s7019_final,32,7019,final,15,0.96875,0.875,0.0,0.0,32,False,d5
L32_s7019_final,32,7019,final,16,0.96875,0.9375,0.03125,0.03125,32,False,11
L32_s7019_final,32,7019,final,17,1.0,1.0,1.0,1.0,32,True,d5
L32_s7019_final,32,7019,final,18,1.0,0.96875,0.96875,0.96875,32,True,11
L32_s7019_final,32,7019,final,19,0.96875,0.96875,0.0,0.0,32,False,d5
L32_s7019_final,32,7019,final,20,1.0,1.0,0.03125,0.03125,32,False,11
L32_s7019_final,32,7019,final,21,0.96875,0.9375,0.9375,0.90625,32,True,d5
L32_s7019_final,32,7019,final,22,0.96875,0.9375,0.03125,0.03125,32,False,11
L32_s7019_final,32,7019,final,23,1.0,0.9375,0.65625,0.65625,32,True,d5
L32_s7019_final,32,7019,final,24,0.9375,0.90625,0.09375,0.03125,32,False,11
L32_s7019_final,32,7019,final,25,0.96875,0.96875,0.9375,0.90625,32,True,d5
L32_s7019_final,32,7019,final,26,1.0,0.96875,0.96875,0.96875,32,True,11
L32_s7019_final,32,7019,final,27,0.96875,0.9375,0.0625,0.03125,32,False,d5
L32_s7019_final,32,7019,final,28,1.0,1.0,0.0,0.0,32,False,11
L32_s7019_final,32,7019,final,29,1.0,0.96875,0.09375,0.09375,32,False,d5
L32_s7019_final,32,7019,final,30,1.0,0.9375,0.90625,0.90625,32,True,11
L32_s7019_final,32,7019,final,31,1.0,0.875,0.0,0.0,32,False,d5
L32_s7020_first,32,7020,first,0,0.9375,0.9375,0.0,0.0,32,False,01
L32_s7020_first,32,7020,first,1,1.0,1.0,0.125,0.125,32,False,c5
L32_s7020_first,32,7020,first,2,1.0,0.96875,0.75,0.75,32,True,01
L32_s7020_first,32,7020,first,3,1.0,0.96875,0.0,0.0,32,False,c5
L32_s7020_first,32,7020,first,4,1.0,0.875,0.0,0.0,32,False,01
L32_s7020_first,32,7020,first,5,1.0,0.90625,0.0,0.0,32,False,c5
L32_s7020_first,32,7020,first,6,0.96875,0.90625,0.09375,0.09375,32,False,01
L32_s7020_first,32,7020,first,7,1.0,1.0,0.875,0.875,32,True,c5
L32_s7020_first,32,7020,first,8,0.96875,0.9375,0.09375,0.0625,32,False,01
L32_s7020_first,32,7020,first,9,0.96875,0.90625,0.96875,0.9375,32,True,c5
L32_s7020_first,32,7020,first,10,0.96875,0.96875,1.0,0.96875,32,True,01
L32_s7020_first,32,7020,first,11,0.96875,0.9375,0.59375,0.59375,32,True,c5
L32_s7020_first,32,7020,first,12,1.0,0.96875,0.21875,0.21875,32,False,01
L32_s7020_first,32,7020,first,13,1.0,0.9375,0.34375,0.34375,32,False,c5
L32_s7020_first,32,7020,first,14,0.96875,0.9375,0.0,0.0,32,False,01
L32_s7020_first,32,7020,first,15,0.96875,0.90625,0.84375,0.8125,32,True,c5
L32_s7020_first,32,7020,first,16,1.0,0.84375,0.09375,0.09375,32,False,01
L32_s7020_first,32,7020,first,17,0.96875,0.96875,1.0,0.96875,32,True,c5
L32_s7020_first,32,7020,first,18,0.96875,0.96875,0.9375,0.9375,32,True,01
L32_s7020_first,32,7020,first,19,0.96875,0.9375,0.25,0.25,32,False,c5
L32_s7020_first,32,7020,first,20,1.0,0.90625,0.03125,0.03125,32,False,01
L32_s7020_first,32,7020,first,21,0.96875,0.96875,0.125,0.09375,32,False,c5
L32_s7020_first,32,7020,first,22,0.96875,0.875,0.03125,0.03125,32,False,01
L32_s7020_first,32,7020,first,23,1.0,0.875,0.03125,0.03125,32,False,c5
L32_s7020_first,32,7020,first,24,1.0,0.96875,0.0,0.0,32,False,01
L32_s7020_first,32,7020,first,25,0.9375,0.9375,0.96875,0.90625,32,True,c5
L32_s7020_first,32,7020,first,26,1.0,0.96875,0.875,0.875,32,True,01
L32_s7020_first,32,7020,first,27,1.0,0.9375,0.0,0.0,32,False,c5
L32_s7020_first,32,7020,first,28,1.0,0.96875,0.0,0.0,32,False,01
L32_s7020_first,32,7020,first,29,1.0,1.0,0.0,0.0,32,False,c5
L32_s7020_first,32,7020,first,30,0.96875,0.90625,0.0,0.0,32,False,01
L32_s7020_first,32,7020,first,31,1.0,1.0,0.0,0.0,32,False,c5
L32_s7020_final,32,7020,final,0,0.96875,0.9375,0.0,0.0,32,False,01
L32_s7020_final,32,7020,final,1,1.0,0.96875,0.34375,0.34375,32,False,c5
L32_s7020_final,32,7020,final,2,0.96875,0.96875,0.96875,0.9375,32,True,01
L32_s7020_final,32,7020,final,3,0.96875,0.9375,0.0625,0.0625,32,False,c5
L32_s7020_final,32,7020,final,4,0.96875,0.90625,0.0,0.0,32,False,01
L32_s7020_final,32,7020,final,5,1.0,0.96875,0.6875,0.6875,32,True,c5
L32_s7020_final,32,7020,final,6,0.96875,0.96875,0.0,0.0,32,False,01
L32_s7020_final,32,7020,final,7,0.9375,0.84375,0.5625,0.5625,32,True,c5
L32_s7020_final,32,7020,final,8,1.0,0.96875,0.125,0.125,32,False,01
L32_s7020_final,32,7020,final,9,0.9375,0.9375,1.0,0.9375,32,True,c5
L32_s7020_final,32,7020,final,10,0.8125,0.8125,0.84375,0.75,32,True,01
L32_s7020_final,32,7020,final,11,0.9375,0.90625,0.09375,0.09375,32,False,c5
L32_s7020_final,32,7020,final,12,0.96875,0.9375,0.0625,0.03125,32,False,01
L32_s7020_final,32,7020,final,13,0.96875,0.9375,0.8125,0.8125,32,True,c5
L32_s7020_final,32,7020,final,14,0.96875,0.9375,0.03125,0.03125,32,False,01
L32_s7020_final,32,7020,final,15,0.96875,0.9375,0.0625,0.03125,32,False,c5
L32_s7020_final,32,7020,final,16,0.9375,0.90625,0.15625,0.09375,32,False,01
L32_s7020_final,32,7020,final,17,0.96875,0.90625,1.0,0.96875,32,True,c5
L32_s7020_final,32,7020,final,18,0.96875,0.96875,0.96875,0.9375,32,True,01
L32_s7020_final,32,7020,final,19,0.9375,0.90625,0.03125,0.0,32,False,c5
L32_s7020_final,32,7020,final,20,0.96875,0.90625,0.0625,0.03125,32,False,01
L32_s7020_final,32,7020,final,21,1.0,0.9375,0.6875,0.6875,32,True,c5
L32_s7020_final,32,7020,final,22,0.9375,0.9375,0.0625,0.0,32,False,01
L32_s7020_final,32,7020,final,23,0.96875,0.875,0.09375,0.0625,32,False,c5
L32_s7020_final,32,7020,final,24,0.96875,0.875,0.0625,0.0625,32,False,01
L32_s7020_final,32,7020,final,25,0.875,0.875,0.96875,0.875,32,True,c5
L32_s7020_final,32,7020,final,26,1.0,1.0,0.9375,0.9375,32,True,01
L32_s7020_final,32,7020,final,27,1.0,0.875,0.0,0.0,32,False,c5
L32_s7020_final,32,7020,final,28,1.0,0.9375,0.0,0.0,32,False,01
L32_s7020_final,32,7020,final,29,1.0,1.0,0.0,0.0,32,False,c5
L32_s7020_final,32,7020,final,30,0.96875,0.84375,0.0625,0.03125,32,False,01
L32_s7020_final,32,7020,final,31,1.0,1.0,0.03125,0.03125,32,False,c5
