label,tape,steps,k,seed,horizon,steps_run,t_02,t_10,tq_10,tq_50,emerged,first_tape,first_mech,final_top_share,final_q_share,final_H,final_hoe,final_tape,final_mech,wall_s,file,t_rep,t_rep_tape,t_rep_gen2,final_gen2_insitu,final_replicator_insitu,emerged_rep
all-ld,16,128,2,1,300000,300000,-1,-1,-1,-1,False,,,0.00475,0.041,14.173212294614363,0.5826515743987866,ff 41 00 41 00 41 00 41 00 41 00 41 00 41 00 41,stack,81.43,all-ld_L16_st128_k2_s1.summary.json,-1,,,0.033,False,False
all-ld,16,128,2,10,300000,300000,-1,-1,-1,-1,False,,,0.0054,0.0425,14.16598327948228,0.5973138863179317,ff 41 00 41 00 41 00 41 00 41 00 41 00 41 00 41,stack,81.4,all-ld_L16_st128_k2_s10.summary.json,-1,,,0.059,False,False
all-ld,16,128,2,2,300000,300000,-1,-1,-1,-1,False,,,0.0006,0.00075,13.444205983457284,4.330405717492091,cb e3 f2 46 e4 18 4e d3 55 4b aa ed b0 f9 70 00,block-copy+ld-mem,81.8,all-ld_L16_st128_k2_s2.summary.json,-1,,,1.0,True,False
all-ld,16,128,2,3,300000,300000,-1,-1,-1,-1,False,,,0.0047,0.04115,14.169305299285408,0.5921159279283303,ff 41 00 41 00 41 00 41 00 41 00 41 00 41 00 41,stack,81.16,all-ld_L16_st128_k2_s3.summary.json,-1,,,0.048,False,False
all-ld,16,128,2,4,300000,300000,-1,-1,-1,-1,False,,,0.0055,0.0441,14.160603583738865,0.6030721222776956,ff 41 00 41 00 41 00 41 00 41 00 41 00 41 00 41,stack,81.33,all-ld_L16_st128_k2_s4.summary.json,-1,,,0.01,False,False
all-ld,16,128,2,5,300000,300000,-1,-1,-1,-1,False,,,0.00525,0.03955,14.157781215943789,0.6183520584073285,ff 41 00 41 00 41 00 41 00 41 00 41 00 41 00 41,stack,81.14,all-ld_L16_st128_k2_s5.summary.json,-1,,,0.043,False,False
all-ld,16,128,2,6,300000,300000,-1,-1,-1,-1,False,,,0.00605,0.04335,14.161896539105449,0.5841761092074327,ff 41 00 41 00 41 00 41 00 41 00 41 00 41 00 41,stack,81.19,all-ld_L16_st128_k2_s6.summary.json,-1,,,0.021,False,False
all-ld,16,128,2,7,300000,300000,-1,-1,-1,-1,False,,,0.00535,0.04175,14.171758145784644,0.6010077840739623,ff 41 00 41 00 41 00 41 00 41 00 41 00 41 00 41,stack,81.27,all-ld_L16_st128_k2_s7.summary.json,-1,,,0.021,False,False
all-ld,16,128,2,8,300000,300000,-1,-1,-1,-1,False,,,0.00535,0.04155,14.17230247188094,0.5893136299174309,ff 41 00 41 00 41 00 41 00 41 00 41 00 41 00 41,stack,81.49,all-ld_L16_st128_k2_s8.summary.json,-1,,,0.018,False,False
all-ld,16,128,2,9,300000,300000,-1,-1,-1,-1,False,,,0.00485,0.038,14.180314124549811,0.5832480414472556,ff 41 00 41 00 41 00 41 00 41 00 41 00 41 00 41,stack,81.02,all-ld_L16_st128_k2_s9.summary.json,-1,,,0.028,False,False
all-ld,16,128,4,1,300000,300000,-1,-1,-1,-1,False,,,0.0022,0.0057,11.840123112323234,5.4923985320207755,1d e1 31 d0 5a 8d 4c 1c 5c 76 a3 50 d0 19 ed b8,block-copy,65.3,all-ld_L16_st128_k4_s1.summary.json,-1,,,1.0,True,False
all-ld,16,128,4,10,300000,300000,-1,-1,-1,-1,False,,,0.007,0.06585,14.029983355479128,0.7392101402184474,ff 41 00 41 00 41 00 41 00 41 00 41 00 41 00 41,stack,79.66,all-ld_L16_st128_k4_s10.summary.json,-1,,,0.002,False,False
all-ld,16,128,4,2,300000,300000,-1,-1,-1,-1,False,,,0.0069,0.0678,14.02926219953388,0.7352158321411455,ff 41 00 41 00 41 00 41 00 41 00 41 00 41 00 41,stack,77.91,all-ld_L16_st128_k4_s2.summary.json,-1,,,0.003,False,False
all-ld,16,128,4,3,300000,300000,-1,-1,-1,-1,False,,,0.00205,0.00365,11.936268292014327,5.504823581012184,19 50 5a f1 c3 e7 58 d1 ed b0 dc d0 ce 42 1f 18,block-copy+stack,65.37,all-ld_L16_st128_k4_s3.summary.json,18500,d1 c0 31 88 eb ed b0 85 d1 c0 31 88 eb ed b0 85,1.0,1.0,True,True
all-ld,16,128,4,4,300000,300000,-1,-1,-1,-1,False,,,0.00665,0.0675,14.033241652506366,0.7225735392169481,ff 41 00 41 00 41 00 41 00 41 00 41 00 41 00 41,stack,78.42,all-ld_L16_st128_k4_s4.summary.json,-1,,,0.018,False,False
all-ld,16,128,4,5,300000,300000,-1,-1,-1,-1,False,,,0.00695,0.06725,14.03510903836068,0.7103317916431431,ff 41 00 41 00 41 00 41 00 41 00 41 00 41 00 41,stack,77.94,all-ld_L16_st128_k4_s5.summary.json,-1,,,0.001,False,False
all-ld,16,128,4,6,300000,300000,-1,-1,-1,-1,False,,,0.0071,0.06775,14.017551843178364,0.731282647947749,ff 41 00 41 00 41 00 41 00 41 00 41 00 41 00 41,stack,78.09,all-ld_L16_st128_k4_s6.summary.json,-1,,,-0.002,False,False
all-ld,16,128,4,7,300000,300000,-1,-1,-1,-1,False,,,0.00675,0.0673,14.016789327158762,0.7354002690704693,ff 41 00 41 00 41 00 41 00 41 00 41 00 41 00 41,stack,79.06,all-ld_L16_st128_k4_s7.summary.json,-1,,,0.031,False,False
all-ld,16,128,4,8,300000,300000,-1,-1,-1,-1,False,,,0.00715,0.07165,14.01311583105673,0.710471862123117,ff 41 00 41 00 41 00 41 00 41 00 41 00 41 00 41,stack,78.73,all-ld_L16_st128_k4_s8.summary.json,-1,,,0.017,False,False
all-ld,16,128,4,9,300000,300000,-1,-1,-1,-1,False,,,0.0064,0.06705,14.036921667065993,0.7400437485571301,ff 41 00 41 00 41 00 41 00 41 00 41 00 41 00 41,stack,78.23,all-ld_L16_st128_k4_s9.summary.json,-1,,,0.032,False,False
all-ld,16,128,6,1,300000,300000,-1,-1,1500,-1,True,,,0.0059,0.0073,10.223999836133057,5.892793872346078,1b e1 19 70 f0 ea 84 ea cd 7e ed b8 7c 31 96 85,ld-mem+stack,57.32,all-ld_L16_st128_k6_s1.summary.json,3500,e1 c8 e1 8b f3 8b ed b8 e1 c8 e1 8b f3 8b ed b8,1.0,1.0,True,True
all-ld,16,128,6,10,300000,300000,-1,-1,-1,-1,False,,,0.00875,0.08275,13.89557571325037,0.7764861893711732,ff 41 00 41 00 41 00 41 00 41 00 41 00 41 00 41,stack,77.27,all-ld_L16_st128_k6_s10.summary.json,-1,,,0.035,False,False
all-ld,16,128,6,2,300000,300000,-1,-1,-1,-1,False,,,0.00855,0.08575,13.904319454551139,0.7927820202264515,ff 41 00 41 00 41 00 41 00 41 00 41 00 41 00 41,stack,76.35,all-ld_L16_st128_k6_s2.summary.json,-1,,,0.02,False,False
all-ld,16,128,6,3,300000,300000,-1,-1,-1,-1,False,,,0.0076,0.0104,13.914238064414945,0.7793923838464965,ff 41 00 41 00 51 00 51 00 51 00 51 00 11 00 41,stack,76.8,all-ld_L16_st128_k6_s3.summary.json,-1,,,0.019,False,False
all-ld,16,128,6,4,300000,300000,-1,-1,-1,-1,False,,,0.00815,0.01075,13.916880532132213,0.7707707905687364,ff 41 00 41 00 51 00 51 00 51 00 51 00 11 00 41,stack,76.47,all-ld_L16_st128_k6_s4.summary.json,-1,,,0.01,False,False
all-ld,16,128,6,5,300000,300000,-1,-1,-1,-1,False,,,0.00755,0.01095,13.929744852933245,0.7590965611445153,ff 41 00 41 00 51 00 51 00 51 00 51 00 11 00 41,stack,76.69,all-ld_L16_st128_k6_s5.summary.json,-1,,,0.03,False,False
all-ld,16,128,6,6,300000,300000,-1,-1,208500,-1,True,,,0.00755,0.08095,13.930910963107335,0.7628038468301162,ff 41 00 41 00 41 00 41 00 41 00 41 00 41 00 41,stack,77.74,all-ld_L16_st128_k6_s6.summary.json,-1,,,0.046,False,False
all-ld,16,128,6,7,300000,300000,-1,-1,-1,-1,False,,,0.00755,0.07515,13.931078518578307,0.784785221021342,ff 41 00 41 00 41 00 41 00 41 00 41 00 41 00 41,stack,76.72,all-ld_L16_st128_k6_s7.summary.json,-1,,,0.006,False,False
all-ld,16,128,6,8,300000,300000,-1,-1,-1,-1,False,,,0.0075,0.01085,13.933511055938592,0.7604756774241688,ff 41 00 41 00 51 00 51 00 51 00 51 00 11 00 41,stack,76.73,all-ld_L16_st128_k6_s8.summary.json,-1,,,-0.002,False,False
all-ld,16,128,6,9,300000,300000,-1,-1,-1,-1,False,,,0.0071,0.07685,13.943394955946761,0.7699568288085619,ff 41 00 41 00 41 00 41 00 41 00 41 00 41 00 41,stack,77.38,all-ld_L16_st128_k6_s9.summary.json,-1,,,0.033,False,False
all-ld,16,32,2,1,300000,300000,-1,-1,-1,-1,False,,,0.0005,0.00515,14.278975126130234,0.2476352221856617,00 23 00 23 00 23 00 23 00 23 00 23 00 03 00 00,-,48.92,all-ld_L16_st32_k2_s1.summary.json,-1,,,0.025,False,False
all-ld,16,32,2,10,300000,300000,-1,-1,-1,-1,False,,,0.00125,0.00365,14.272409479043706,0.27607989175405834,00 01 00 01 00 01 00 01 00 01 00 01 00 01 00 01,-,49.79,all-ld_L16_st32_k2_s10.summary.json,-1,,,0.042,False,False
all-ld,16,32,2,2,300000,300000,-1,-1,-1,-1,False,,,0.00055,0.00525,14.277038078141324,0.27115731235999174,00 24 00 24 00 24 00 24 00 24 00 24 00 04 00 00,-,48.83,all-ld_L16_st32_k2_s2.summary.json,-1,,,0.024,False,False
all-ld,16,32,2,3,300000,300000,-1,-1,-1,-1,False,,,0.0006,0.00285,14.27782994252486,0.2817140980483188,00 01 00 01 00 01 00 01 00 01 00 01 00 01 00 01,-,48.06,all-ld_L16_st32_k2_s3.summary.json,-1,,,0.036,False,False
all-ld,16,32,2,4,300000,300000,-1,-1,-1,-1,False,,,0.00075,0.0031,14.278207213808422,0.27243681239167916,00 01 00 01 00 01 00 01 00 01 00 01 00 01 00 01,-,52.09,all-ld_L16_st32_k2_s4.summary.json,-1,,,0.025,False,False
all-ld,16,32,2,5,300000,300000,-1,-1,-1,-1,False,,,0.0006,0.0007,13.412694152145168,4.290921823921875,d1 e0 ed b0 88 22 36 33 07 11 29 79 97 19 00 6e,block-copy+ld-mem,48.36,all-ld_L16_st32_k2_s5.summary.json,-1,,,1.0,True,False
all-ld,16,32,2,6,300000,300000,-1,-1,-1,-1,False,,,0.0006,0.0037,14.278202675652658,0.2677850501456289,00 01 00 01 00 01 00 01 00 01 00 01 00 01 00 01,-,48.59,all-ld_L16_st32_k2_s6.summary.json,-1,,,0.009,False,False
all-ld,16,32,2,7,300000,300000,-1,-1,-1,-1,False,,,0.0007,0.00115,13.41703012002206,4.267612252989329,d1 e0 ed b0 16 02 04 c1 a0 6f 14 ae fd 8c 95 7a,block-copy,49.48,all-ld_L16_st32_k2_s7.summary.json,-1,,,1.0,True,False
all-ld,16,32,2,8,300000,300000,-1,-1,-1,-1,False,,,0.00075,0.00135,13.444238671923396,4.268116757998704,d1 e0 ed b0 dd 82 b4 b0 d3 c2 3c cd 29 22 53 3e,block-copy+stack,48.12,all-ld_L16_st32_k2_s8.summary.json,-1,,,1.0,True,False
all-ld,16,32,2,9,300000,300000,-1,-1,54000,-1,True,,,0.00185,0.01085,12.898224104312417,3.8637597774987844,cb dd eb ed b0 76 8c 58 cb dd eb ed b0 76 8c 58,block-copy,47.23,all-ld_L16_st32_k2_s9.summary.json,-1,,,1.0,True,False
all-ld,16,32,4,1,300000,300000,-1,-1,-1,-1,False,,,0.00125,0.0082,14.256393353097835,0.4294331051157254,00 24 00 24 00 24 00 24 00 24 00 24 00 04 00 00,-,50.17,all-ld_L16_st32_k4_s1.summary.json,-1,,,0.007,False,False
all-ld,16,32,4,10,300000,300000,-1,-1,-1,-1,False,,,0.00085,0.0074,14.265636846988151,0.43752096035261356,00 24 00 24 00 24 00 24 00 24 00 24 00 04 00 00,-,51.35,all-ld_L16_st32_k4_s10.summary.json,-1,,,-0.007,False,False
all-ld,16,32,4,2,300000,300000,-1,-1,-1,-1,False,,,0.001,0.0088,14.263266903969551,0.4258364934986538,00 23 00 23 00 23 00 23 00 23 00 23 00 03 00 00,-,48.72,all-ld_L16_st32_k4_s2.summary.json,-1,,,0.009,False,False
all-ld,16,32,4,3,300000,300000,-1,-1,-1,-1,False,,,0.00085,0.0078,14.265251661358835,0.43899266881866694,00 04 00 04 00 04 00 04 00 04 00 04 00 04 00 00,-,48.96,all-ld_L16_st32_k4_s3.summary.json,-1,,,0.02,False,False
all-ld,16,32,4,4,300000,300000,-1,-1,-1,-1,False,,,0.00145,0.00405,12.0823969416134,5.563655071535254,d1 e0 ed b0 f6 02 d5 e9 4d e0 7e 47 bb e1 ed 00,block-copy+stack,50.45,all-ld_L16_st32_k4_s4.summary.json,9000,d1 a8 d1 06 c9 25 ed b0 d1 a8 d1 06 c9 25 ed b0,1.0,1.0,True,True
all-ld,16,32,4,5,300000,300000,-1,-1,-1,-1,False,,,0.00115,0.01045,14.263692537963985,0.46016304119957674,00 23 00 23 00 23 00 23 00 23 00 23 00 03 00 00,-,45.99,all-ld_L16_st32_k4_s5.summary.json,-1,,,0.01,False,False
all-ld,16,32,4,6,300000,300000,-1,-1,-1,-1,False,,,0.00325,0.00565,11.691742040561387,5.4516130601032735,0e 15 62 cb db 7b ed b0 0e 15 62 cb db 7b ed b0,block-copy,46.46,all-ld_L16_st32_k4_s6.summary.json,87500,cb d3 ed b0 cb d3 ed b0 cb d3 ed b0 cb d3 ed b0,1.0,1.0,True,True
all-ld,16,32,4,7,300000,300000,-1,-1,-1,-1,False,,,0.00075,0.00865,14.265282237547833,0.4417106157359916,00 23 00 23 00 23 00 23 00 23 00 23 00 03 00 00,-,49.05,all-ld_L16_st32_k4_s7.summary.json,-1,,,0.008,False,False
all-ld,16,32,4,8,300000,300000,-1,-1,-1,-1,False,,,0.001,0.0068,14.267056864462019,0.4503925507314399,00 03 00 03 00 03 00 03 00 03 00 03 00 03 00 00,-,49.89,all-ld_L16_st32_k4_s8.summary.json,-1,,,-0.01,False,False
all-ld,16,32,4,9,300000,300000,-1,-1,-1,-1,False,,,0.00095,0.0067,14.263423252486959,0.4328613664804859,00 24 00 24 00 24 00 24 00 24 00 24 00 04 00 00,-,54.18,all-ld_L16_st32_k4_s9.summary.json,-1,,,0.001,False,False
all-ld,16,32,6,1,300000,300000,247500,-1,251500,-1,True,d1 e8 d1 28 eb ed b0 00 d1 e8 d1 28 eb ed b0 00,block-copy,0.0058,0.0082,10.239633702205712,6.048315355942073,d1 c0 9a 70 57 6b 0c f3 dd 2e e3 ed b0 b1 0f 8b,block-copy+ld-mem,47.2,all-ld_L16_st32_k6_s1.summary.json,226500,f1 a7 d1 b0 f1 a7 d1 b0 d1 04 68 ed b0 27 5c 04,1.0,1.0,True,True
all-ld,16,32,6,10,300000,300000,-1,-1,-1,-1,False,,,0.00105,0.0075,14.254892292172661,0.5357788235532226,00 04 00 04 00 04 00 04 00 04 00 04 00 04 00 00,-,46.1,all-ld_L16_st32_k6_s10.summary.json,-1,,,0.027,False,False
all-ld,16,32,6,2,300000,300000,-1,-1,-1,-1,False,,,0.0009,0.0079,14.257454485947218,0.5178583720350032,00 24 00 24 00 24 00 24 00 24 00 24 00 04 00 00,-,49.06,all-ld_L16_st32_k6_s2.summary.json,-1,,,0.016,False,False
all-ld,16,32,6,3,300000,300000,179500,-1,232000,-1,True,d1 c8 d1 ed b0 9b 70 fc d1 c8 d1 ed b0 9b 70 fc,block-copy+ld-mem+stack,0.00575,0.01075,10.332201928794444,5.834499964218041,56 a4 c1 d0 d1 ed b0 ce 97 75 d9 27 4d 00 33 e1,block-copy+ld-mem,46.81,all-ld_L16_st32_k6_s3.summary.json,125500,b0 b0 70 00 d1 70 93 9b d1 d1 b1 70 d1 ed b0 2c,1.0,1.0,True,True
all-ld,16,32,6,4,300000,300000,-1,-1,-1,-1,False,,,0.00105,0.0068,14.257628133544852,0.5086631946575535,00 04 00 04 00 04 00 04 00 04 00 04 00 04 00 00,-,47.52,all-ld_L16_st32_k6_s4.summary.json,-1,,,0.006,False,False
all-ld,16,32,6,5,300000,300000,-1,-1,-1,-1,False,,,0.00135,0.00975,14.256256318906498,0.501720068687276,00 03 00 03 00 03 00 03 00 03 00 03 00 03 00 00,-,51.96,all-ld_L16_st32_k6_s5.summary.json,-1,,,0.014,False,False
all-ld,16,32,6,6,300000,300000,-1,-1,-1,-1,False,,,0.00095,0.00835,14.256286066509713,0.5174061541825417,00 04 00 04 00 04 00 04 00 04 00 04 00 04 00 00,-,48.14,all-ld_L16_st32_k6_s6.summary.json,-1,,,0.01,False,False
all-ld,16,32,6,7,300000,300000,-1,-1,-1,-1,False,,,0.0013,0.00865,14.250600979488683,0.5373586398203214,00 23 00 23 00 23 00 23 00 23 00 23 00 03 00 00,-,49.63,all-ld_L16_st32_k6_s7.summary.json,-1,,,0.013,False,False
all-ld,16,32,6,8,300000,300000,-1,-1,-1,-1,False,,,0.0017,0.01025,14.2496203856702,0.5085014786924154,00 04 00 04 00 04 00 04 00 04 00 04 00 04 00 00,-,48.17,all-ld_L16_st32_k6_s8.summary.json,-1,,,-0.012,False,False
all-ld,16,32,6,9,300000,300000,-1,-1,-1,-1,False,,,0.0011,0.00885,14.255716045020879,0.5311676153884966,00 23 00 23 00 23 00 23 00 23 00 23 00 03 00 00,-,49.21,all-ld_L16_st32_k6_s9.summary.json,-1,,,0.005,False,False
all-ld,16,512,2,1,300000,300000,-1,-1,-1,-1,False,,,0.0025,0.02025,14.227622769272765,0.5369985372829325,00 41 00 41 00 41 00 41 00 41 00 41 00 41 00 41,-,250.76,all-ld_L16_st512_k2_s1.summary.json,-1,,,0.016,False,False
all-ld,16,512,2,10,300000,300000,-1,-1,215500,-1,True,,,0.00135,0.00365,13.278248250586792,4.272178158258608,00 00 00 00 00 00 00 00 00 00 00 00 00 00 00 00,-,244.73,all-ld_L16_st512_k2_s10.summary.json,-1,,,1.0,True,False
all-ld,16,512,2,2,300000,300000,-1,-1,-1,-1,False,,,0.0023,0.02005,14.226756439602724,0.5265082001392356,00 41 00 41 00 41 00 41 00 41 00 41 00 41 00 41,-,250.85,all-ld_L16_st512_k2_s2.summary.json,-1,,,0.007,False,False
all-ld,16,512,2,3,300000,300000,-1,-1,-1,-1,False,,,0.00215,0.02675,14.225627853478551,0.5369412275803214,00 00 00 00 00 00 00 00 00 00 00 00 00 00 00 00,-,249.49,all-ld_L16_st512_k2_s3.summary.json,-1,,,0.018,False,False
all-ld,16,512,2,4,300000,300000,-1,-1,-1,-1,False,,,0.00255,0.0188,14.226173924901728,0.5128207323275751,00 41 00 41 00 41 00 41 00 41 00 41 00 41 00 41,-,250.0,all-ld_L16_st512_k2_s4.summary.json,-1,,,-0.001,False,False
all-ld,16,512,2,5,300000,300000,-1,-1,-1,-1,False,,,0.00285,0.01955,14.219853035284753,0.5419870061391752,00 41 00 41 00 41 00 41 00 41 00 41 00 41 00 41,-,249.0,all-ld_L16_st512_k2_s5.summary.json,-1,,,0.002,False,False
all-ld,16,512,2,6,300000,300000,-1,-1,-1,-1,False,,,0.0022,0.02055,14.231546693414803,0.5114515136630038,00 41 00 41 00 41 00 41 00 41 00 41 00 41 00 41,-,250.82,all-ld_L16_st512_k2_s6.summary.json,-1,,,0.007,False,False
all-ld,16,512,2,7,300000,300000,-1,-1,-1,-1,False,,,0.00205,0.02205,14.227314235015262,0.5337785723810207,00 00 00 00 00 00 00 00 00 00 00 00 00 00 00 00,-,249.85,all-ld_L16_st512_k2_s7.summary.json,-1,,,0.0,False,False
all-ld,16,512,2,8,300000,300000,-1,-1,-1,-1,False,,,0.00275,0.02135,14.225676626593977,0.5237186191699772,00 41 00 41 00 41 00 41 00 41 00 41 00 41 00 41,-,249.91,all-ld_L16_st512_k2_s8.summary.json,-1,,,0.006,False,False
all-ld,16,512,2,9,300000,300000,-1,-1,-1,-1,False,,,0.0032,0.02115,14.221568407272771,0.5161122421548141,00 41 00 41 00 41 00 41 00 41 00 41 00 41 00 41,-,250.45,all-ld_L16_st512_k2_s9.summary.json,-1,,,-0.0,False,False
all-ld,16,512,4,1,300000,300000,-1,-1,-1,-1,False,,,0.006,0.04685,10.68849375623482,4.777753015808065,9f e1 8b c8 73 c6 ed b8 9f e1 8b c8 73 c6 ed b8,ld-mem,180.74,all-ld_L16_st512_k4_s1.summary.json,42000,1d e1 19 e8 c9 c6 ed b8 1d e1 19 e8 c9 c6 ed b8,1.0,1.0,True,True
all-ld,16,512,4,10,300000,300000,-1,-1,-1,-1,False,,,0.00325,0.02405,14.209756358621807,0.5793131107452236,00 41 00 41 00 41 00 41 00 41 00 41 00 41 00 41,-,245.54,all-ld_L16_st512_k4_s10.summary.json,-1,,,0.0,False,False
all-ld,16,512,4,2,300000,300000,-1,-1,-1,-1,False,,,0.00335,0.02485,14.204377657023457,0.5778844138799011,00 41 00 41 00 41 00 41 00 41 00 41 00 41 00 41,-,245.07,all-ld_L16_st512_k4_s2.summary.json,-1,,,0.006,False,False
all-ld,16,512,4,3,300000,300000,-1,-1,-1,-1,False,,,0.00235,0.0253,14.21560778942326,0.5709337035416482,00 41 00 41 00 41 00 41 00 41 00 41 00 41 00 41,-,245.01,all-ld_L16_st512_k4_s3.summary.json,-1,,,0.006,False,False
all-ld,16,512,4,4,300000,300000,-1,-1,-1,-1,False,,,0.00225,0.0048,11.960724069966894,5.194077159670056,90 33 c3 e5 3c d1 ed b0 42 60 12 89 88 bb 00 00,block-copy+ld-mem,206.79,all-ld_L16_st512_k4_s4.summary.json,210500,08 33 c3 e5 fa d1 ed b0 08 33 c3 e5 fa d1 ed b0,1.0,1.0,True,True
all-ld,16,512,4,5,300000,300000,-1,-1,-1,-1,False,,,0.0041,0.0229,14.208296137446684,0.5715114884932273,00 41 00 41 00 41 00 41 00 41 00 41 00 41 00 41,-,245.66,all-ld_L16_st512_k4_s5.summary.json,-1,,,0.006,False,False
all-ld,16,512,4,6,300000,300000,-1,-1,-1,-1,False,,,0.00265,0.00315,11.843832032481739,5.613605682831011,b0 56 33 87 d1 c3 ad e5 1b ec e7 74 fd ed b0 ba,block-copy+stack,183.16,all-ld_L16_st512_k4_s6.summary.json,-1,,,1.0,True,False
all-ld,16,512,4,7,300000,300000,-1,-1,-1,-1,False,,,0.0024,0.0225,14.225617058716454,0.5641665526030808,00 41 00 41 00 41 00 41 00 41 00 41 00 41 00 41,-,245.72,all-ld_L16_st512_k4_s7.summary.json,-1,,,0.0,False,False
all-ld,16,512,4,8,300000,300000,-1,-1,-1,-1,False,,,0.00295,0.0246,14.214132003248299,0.545163408620672,00 41 00 41 00 41 00 41 00 41 00 41 00 41 00 41,-,245.75,all-ld_L16_st512_k4_s8.summary.json,-1,,,0.015,False,False
all-ld,16,512,4,9,300000,300000,-1,-1,-1,-1,False,,,0.00245,0.02295,14.209112665961984,0.5798368282904862,00 41 00 41 00 41 00 41 00 41 00 41 00 41 00 41,-,244.68,all-ld_L16_st512_k4_s9.summary.json,-1,,,0.0,False,False
all-ld,16,512,6,1,300000,300000,-1,-1,-1,-1,False,,,0.00375,0.02635,14.192403078418153,0.5589040869422748,00 41 00 41 00 41 00 41 00 41 00 41 00 41 00 41,-,243.06,all-ld_L16_st512_k6_s1.summary.json,-1,,,0.0,False,False
all-ld,16,512,6,10,300000,300000,-1,-1,-1,-1,False,,,0.0031,0.0247,14.210007798028787,0.592321063855187,00 41 00 41 00 41 00 41 00 41 00 41 00 41 00 41,-,242.95,all-ld_L16_st512_k6_s10.summary.json,-1,,,0.0,False,False
all-ld,16,512,6,2,300000,300000,-1,-1,-1,-1,False,,,0.00315,0.0256,14.206452638475119,0.5926158561092745,00 41 00 41 00 41 00 41 00 41 00 41 00 41 00 41,-,242.15,all-ld_L16_st512_k6_s2.summary.json,-1,,,-0.003,False,False
all-ld,16,512,6,3,300000,300000,-1,-1,-1,-1,False,,,0.00305,0.0221,14.210875265513778,0.5827892474161542,00 41 00 41 00 41 00 41 00 41 00 41 00 41 00 41,-,243.19,all-ld_L16_st512_k6_s3.summary.json,-1,,,0.0,False,False
all-ld,16,512,6,4,300000,300000,-1,-1,-1,-1,False,,,0.0034,0.0249,14.197421477953327,0.5740704786478865,00 41 00 41 00 41 00 41 00 41 00 41 00 41 00 41,-,242.08,all-ld_L16_st512_k6_s4.summary.json,-1,,,0.001,False,False
all-ld,16,512,6,5,300000,136500,133500,-1,134000,134500,True,1b 01 00 01 00 93 00 e2 00 01 00 01 ed b0 00 01,-,0.0063,0.0088,10.118507956873456,4.671499988660832,1b 0b 00 96 5a 93 0a e2 00 6c 30 37 ed b0 00 9d,block-copy,110.77,all-ld_L16_st512_k6_s5.summary.json,133500,1b 01 00 01 00 93 00 e2 00 01 00 01 ed b0 00 01,1.0,1.0,True,True
all-ld,16,512,6,6,300000,300000,-1,-1,-1,-1,False,,,0.00315,0.02325,14.210016949439689,0.5800535839410195,00 41 00 41 00 41 00 41 00 41 00 41 00 41 00 41,-,244.39,all-ld_L16_st512_k6_s6.summary.json,-1,,,0.0,False,False
all-ld,16,512,6,7,300000,300000,-1,-1,-1,-1,False,,,0.0028,0.02395,14.206488758405145,0.5894013464952188,00 41 00 41 00 41 00 41 00 41 00 41 00 41 00 41,-,242.68,all-ld_L16_st512_k6_s7.summary.json,-1,,,0.0,False,False
all-ld,16,512,6,8,300000,300000,-1,-1,-1,-1,False,,,0.00335,0.02605,14.196373471705664,0.5773463512944845,00 41 00 41 00 41 00 41 00 41 00 41 00 41 00 41,-,242.98,all-ld_L16_st512_k6_s8.summary.json,-1,,,0.0,False,False
all-ld,16,512,6,9,300000,300000,-1,-1,-1,-1,False,,,0.0034,0.02375,14.205805454555353,0.5774152904866989,00 41 00 41 00 41 00 41 00 41 00 41 00 41 00 41,-,243.76,all-ld_L16_st512_k6_s9.summary.json,-1,,,0.003,False,False
block-copy,16,128,2,1,300000,300000,1000,220000,2000,-1,True,11 d5 11 d5 11 d5 11 d5 11 d5 11 d5 11 d5 11 d5,stack,0.0577,0.2831,11.761112643346413,1.6387433677376357,ad e3 21 e3 21 c0 ad c0 ad e3 21 e3 21 c0 ad c0,stack,89.44,block-copy_L16_st128_k2_s1.summary.json,500,11 d5 11 d5 11 d5 11 d5 11 d5 11 d5 11 d5 11 d5,0.44,1.0,True,True
block-copy,16,128,2,10,300000,300000,2500,134500,3500,-1,True,01 c5 01 c5 01 c5 01 c5 01 c5 01 c5 01 c5 01 c5,stack,0.05665,0.1901,11.994632776311844,1.715915899244325,21 e3 21 e3 21 e3 21 e3 21 e3 21 e3 21 e3 21 e3,stack,88.6,block-copy_L16_st128_k2_s10.summary.json,2000,01 c5 01 c5 01 c5 01 c5 01 c5 01 c5 01 c5 01 c5,0.585,1.0,True,True
block-copy,16,128,2,2,300000,300000,1500,221500,3000,-1,True,01 c5 01 c5 01 c5 01 c5 01 c5 01 c5 01 c5 01 c5,stack,0.16425,0.24675,11.112112706087473,1.7266292697330652,c8 e3 21 e3 21 81 c8 81 c8 e3 21 e3 21 81 c8 81,stack,89.53,block-copy_L16_st128_k2_s2.summary.json,1000,01 c5 01 c5 01 c5 01 c5 01 c5 01 c5 01 c5 01 c5,0.585,1.0,True,True
block-copy,16,128,2,3,300000,300000,2000,7000,4500,-1,True,11 d5 11 d5 11 d5 11 d5 11 d5 11 d5 11 d5 11 d5,stack,0.28255,0.4218,10.027390623165196,1.3742290050325527,c8 e3 21 e3 21 81 c8 81 c8 e3 21 e3 21 81 c8 81,stack,91.07,block-copy_L16_st128_k2_s3.summary.json,1500,11 d5 11 d5 11 d5 11 d5 11 d5 11 d5 11 d5 11 d5,0.44,1.0,True,True
block-copy,16,128,2,4,300000,300000,2500,5000,3500,-1,True,11 d5 11 d5 11 d5 11 d5 11 d5 11 d5 11 d5 11 d5,stack,0.3135,0.4704,9.651462743151395,1.2585769640731015,c8 e3 21 e3 21 81 c8 81 c8 e3 21 e3 21 81 c8 81,stack,85.86,block-copy_L16_st128_k2_s4.summary.json,2000,11 d5 11 d5 11 d5 11 d5 11 d5 11 d5 11 d5 11 d5,0.44,1.0,True,True
block-copy,16,128,2,5,300000,300000,1500,-1,3000,-1,True,01 c5 01 c5 01 c5 01 c5 01 c5 01 c5 01 c5 01 c5,stack,0.071,0.3019,11.703998325812709,1.6708406591106923,ad e3 21 e3 21 c0 ad c0 ad e3 21 e3 21 c0 ad c0,stack,92.55,block-copy_L16_st128_k2_s5.summary.json,1000,01 c5 01 c5 01 c5 01 c5 01 c5 01 c5 01 c5 01 c5,0.585,1.0,True,True
block-copy,16,128,2,6,300000,300000,3500,108500,7500,-1,True,21 e5 21 e5 21 e5 21 e5 21 e5 21 e5 21 e5 21 e5,stack,0.0617,0.27985,11.963609518661936,1.7034287260323189,ad e3 21 e3 21 c0 ad c0 ad e3 21 e3 21 c0 ad c0,stack,87.11,block-copy_L16_st128_k2_s6.summary.json,3000,21 e5 21 e5 21 e5 21 e5 21 e5 21 e5 21 e5 21 e5,0.532,1.0,True,True
block-copy,16,128,2,7,300000,300000,2000,5500,3500,-1,True,11 d5 11 d5 11 d5 11 d5 11 d5 11 d5 11 d5 11 d5,stack,0.0683,0.1059,12.67025959254169,1.7084660668763814,11 d5 11 d5 11 d5 11 d5 11 d5 11 d5 11 d5 11 d5,stack,93.28,block-copy_L16_st128_k2_s7.summary.json,1500,11 d5 11 d5 11 d5 11 d5 11 d5 11 d5 11 d5 11 d5,0.44,0.605,True,True
block-copy,16,128,2,8,300000,300000,1500,-1,2500,-1,True,21 e5 21 e5 21 e5 21 e5 21 e5 21 e5 21 e5 21 e5,stack,0.0557,0.08555,12.871791187359722,1.636006171759786,11 d5 11 d5 11 d5 11 d5 11 d5 11 d5 11 d5 11 d5,stack,93.72,block-copy_L16_st128_k2_s8.summary.json,1000,21 e5 21 e5 21 e5 21 e5 21 e5 21 e5 21 e5 21 e5,0.532,0.697,True,True
block-copy,16,128,2,9,300000,300000,4000,220000,6500,-1,True,01 c5 01 c5 01 c5 01 c5 01 c5 01 c5 01 c5 01 c5,stack,0.31505,0.46545,9.654523239641316,1.2869914607061568,c8 e3 21 e3 21 81 c8 81 c8 e3 21 e3 21 81 c8 81,stack,90.53,block-copy_L16_st128_k2_s9.summary.json,3000,01 c5 01 c5 01 c5 01 c5 01 c5 01 c5 01 c5 01 c5,0.585,1.0,True,True
block-copy,16,128,4,1,300000,44500,500,1000,1000,42500,True,01 c5 01 c5 01 c5 01 c5 01 c5 01 c5 01 c5 01 c5,stack,0.14695,0.67745,7.575327063911967,2.451009640105119,ae e3 21 e3 21 e0 ae e0 ae e3 21 e3 21 e0 ae e0,stack,13.06,block-copy_L16_st128_k4_s1.summary.json,500,01 c5 01 c5 01 c5 01 c5 01 c5 01 c5 01 c5 01 c5,0.585,1.0,True,True
block-copy,16,128,4,10,300000,31000,500,1000,1000,29000,True,01 c5 01 c5 01 c5 01 c5 01 c5 01 c5 01 c5 01 c5,stack,0.2271,0.76965,6.686164874505302,2.5146787277518006,ad e3 21 e3 21 e0 ad e0 ad e3 21 e3 21 e0 ad e0,stack,9.05,block-copy_L16_st128_k4_s10.summary.json,500,01 c5 01 c5 01 c5 01 c5 01 c5 01 c5 01 c5 01 c5,0.585,1.0,True,True
block-copy,16,128,4,2,300000,39500,1000,39000,2000,37500,True,01 c5 01 c5 01 c5 01 c5 01 c5 01 c5 01 c5 01 c5,stack,0.14625,0.69135,7.506488462806713,2.5561415878360503,ad e3 21 e3 21 e0 ad e0 ad e3 21 e3 21 e0 ad e0,stack,11.72,block-copy_L16_st128_k4_s2.summary.json,1000,01 c5 01 c5 01 c5 01 c5 01 c5 01 c5 01 c5 01 c5,0.585,1.0,True,True
block-copy,16,128,4,3,300000,36000,2000,2500,2500,34000,True,01 c5 01 c5 01 c5 01 c5 01 c5 01 c5 01 c5 01 c5,stack,0.20145,0.5314,7.84511419143147,2.4941678680063393,60 e3 21 e3 21 c9 60 c9 60 e3 21 e3 21 c9 60 c9,stack,10.59,block-copy_L16_st128_k4_s3.summary.json,1500,01 c5 01 c5 01 c5 01 c5 01 c5 01 c5 01 c5 01 c5,0.585,1.0,True,True
block-copy,16,128,4,4,300000,78000,1500,2000,1500,76000,True,21 e5 21 e5 21 e5 21 e5 21 e5 21 e5 21 e5 21 e5,stack,0.1919,0.77045,5.497317467935195,2.2042809100236562,ad e3 21 e3 21 c0 ad c0 ad e3 21 e3 21 c0 ad c0,stack,23.09,block-copy_L16_st128_k4_s4.summary.json,1000,21 e5 21 e5 21 e5 21 e5 21 e5 21 e5 21 e5 21 e5,0.532,1.0,True,True
block-copy,16,128,4,5,300000,68500,500,1000,1000,66500,True,01 c5 01 c5 01 c5 01 c5 01 c5 01 c5 01 c5 01 c5,stack,0.4291,0.8256,5.607070786005736,2.3223383134135647,ad e3 21 e3 21 e0 ad e0 ad e3 21 e3 21 e0 ad e0,stack,20.22,block-copy_L16_st128_k4_s5.summary.json,500,01 c5 01 c5 01 c5 01 c5 01 c5 01 c5 01 c5 01 c5,0.585,1.0,True,True
block-copy,16,128,4,6,300000,109000,500,105500,1000,107000,True,01 c5 01 c5 01 c5 01 c5 01 c5 01 c5 01 c5 01 c5,stack,0.5069,0.8379,5.102850793600655,2.253830236540573,ad e3 21 e3 21 e0 ad e0 ad e3 21 e3 21 e0 ad e0,stack,32.23,block-copy_L16_st128_k4_s6.summary.json,500,01 c5 01 c5 01 c5 01 c5 01 c5 01 c5 01 c5 01 c5,0.585,1.0,True,True
block-copy,16,128,4,7,300000,15000,500,1000,1000,13000,True,01 c5 01 c5 01 c5 01 c5 01 c5 01 c5 01 c5 01 c5,stack,0.12055,0.7469,7.108394941856615,2.5141891943241275,ac e3 21 e3 21 c0 ac c0 ac e3 21 e3 21 c0 ac c0,stack,4.42,block-copy_L16_st128_k4_s7.summary.json,500,01 c5 01 c5 01 c5 01 c5 01 c5 01 c5 01 c5 01 c5,0.585,1.0,True,True
block-copy,16,128,4,8,300000,16500,500,14500,1000,14500,True,01 c5 01 c5 01 c5 01 c5 01 c5 01 c5 01 c5 01 c5,stack,0.11805,0.7152,7.494873479113558,2.535759248485436,ae e3 21 e3 21 e0 ae e0 ae e3 21 e3 21 e0 ae e0,stack,4.78,block-copy_L16_st128_k4_s8.summary.json,500,01 c5 01 c5 01 c5 01 c5 01 c5 01 c5 01 c5 01 c5,0.585,1.0,True,True
block-copy,16,128,4,9,300000,16000,500,6000,1000,14000,True,01 c5 01 c5 01 c5 01 c5 01 c5 01 c5 01 c5 01 c5,stack,0.24595,0.77155,6.698902037299472,2.471761819857491,ae e3 21 e3 21 c0 ae c0 ae e3 21 e3 21 c0 ae c0,stack,4.55,block-copy_L16_st128_k4_s9.summary.json,500,01 c5 01 c5 01 c5 01 c5 01 c5 01 c5 01 c5 01 c5,0.585,1.0,True,True
block-copy,16,128,6,1,300000,62500,3000,24000,500,60500,True,11 d5 11 d5 11 d5 11 d5 11 d5 11 d5 11 d5 11 d5,stack,0.28865,0.7146,4.869657933872854,2.5393841534102752,92 e3 21 e3 21 e0 92 e0 92 e3 21 e3 21 e0 92 e0,stack,17.47,block-copy_L16_st128_k6_s1.summary.json,3000,11 d5 11 d5 11 d5 11 d5 11 d5 11 d5 11 d5 11 d5,0.44,1.0,True,True
block-copy,16,128,6,10,300000,147000,2000,3000,500,145000,True,01 c5 01 c5 01 c5 01 c5 01 c5 01 c5 01 c5 01 c5,stack,0.4222,0.43035,5.9779038838422744,2.0030031918816116,e5 2a e5 2a e5 2a e5 2a e5 2a e5 2a e5 2a e5 2a,stack,40.58,block-copy_L16_st128_k6_s10.summary.json,2000,01 c5 01 c5 01 c5 01 c5 01 c5 01 c5 01 c5 01 c5,0.585,0.865,True,True
block-copy,16,128,6,2,300000,195500,500,500,500,193500,True,21 e5 21 e5 21 e5 21 e5 21 e5 21 e5 21 e5 21 e5,stack,0.48985,0.49915,4.486206465824975,2.0119491109135543,e5 2a e5 2a e5 2a e5 2a e5 2a e5 2a e5 2a e5 2a,stack,53.07,block-copy_L16_st128_k6_s2.summary.json,500,21 e5 21 e5 21 e5 21 e5 21 e5 21 e5 21 e5 21 e5,0.532,0.949,True,True
block-copy,16,128,6,3,300000,75000,1000,1500,500,73000,True,11 d5 11 d5 11 d5 11 d5 11 d5 11 d5 11 d5 11 d5,stack,0.19575,0.70825,5.103193723181715,2.672563517175731,4a e3 21 e3 21 e0 4a e0 4a e3 21 e3 21 e0 4a e0,stack,20.59,block-copy_L16_st128_k6_s3.summary.json,1000,11 d5 11 d5 11 d5 11 d5 11 d5 11 d5 11 d5 11 d5,0.44,1.0,True,True
block-copy,16,128,6,4,300000,300000,1000,1500,500,-1,True,01 c5 01 c5 01 c5 01 c5 01 c5 01 c5 01 c5 01 c5,stack,0.08735,0.08925,10.939346666108893,1.7529190785348403,e5 2a e5 2a e5 2a e5 2a e5 2a e5 2a e5 2a e5 2a,stack,82.88,block-copy_L16_st128_k6_s4.summary.json,1000,01 c5 01 c5 01 c5 01 c5 01 c5 01 c5 01 c5 01 c5,0.585,0.836,True,True
block-copy,16,128,6,5,300000,142000,23000,65000,500,140000,True,01 c5 01 c5 01 c5 01 c5 01 c5 01 c5 01 c5 01 c5,stack,0.41755,0.426,5.524031013408889,2.108223170550392,e5 2a e5 2a e5 2a e5 2a e5 2a e5 2a e5 2a e5 2a,stack,39.32,block-copy_L16_st128_k6_s5.summary.json,23000,01 c5 01 c5 01 c5 01 c5 01 c5 01 c5 01 c5 01 c5,0.585,0.984,True,True
block-copy,16,128,6,6,300000,91500,2000,45000,500,89500,True,01 c5 01 c5 01 c5 01 c5 01 c5 01 c5 01 c5 01 c5,stack,0.23025,0.70975,5.490740494691238,2.5454778396507267,8b e3 21 e3 21 e0 8b e0 8b e3 21 e3 21 e0 8b e0,stack,25.26,block-copy_L16_st128_k6_s6.summary.json,1500,01 c5 01 c5 01 c5 01 c5 01 c5 01 c5 01 c5 01 c5,0.585,1.0,True,True
block-copy,16,128,6,7,300000,79000,2000,20000,500,77000,True,01 c5 01 c5 01 c5 01 c5 01 c5 01 c5 01 c5 01 c5,stack,0.4759,0.4848,5.0987928729059835,2.0710649710657627,e5 2a e5 2a e5 2a e5 2a e5 2a e5 2a e5 2a e5 2a,stack,20.93,block-copy_L16_st128_k6_s7.summary.json,2000,01 c5 01 c5 01 c5 01 c5 01 c5 01 c5 01 c5 01 c5,0.585,0.964,True,True
block-copy,16,128,6,8,300000,137500,500,22500,1000,135500,True,01 c5 01 c5 01 c5 01 c5 01 c5 01 c5 01 c5 01 c5,stack,0.45175,0.46065,5.217702934207752,2.0831181115556716,e5 2a e5 2a e5 2a e5 2a e5 2a e5 2a e5 2a e5 2a,stack,37.63,block-copy_L16_st128_k6_s8.summary.json,500,01 c5 01 c5 01 c5 01 c5 01 c5 01 c5 01 c5 01 c5,0.585,0.934,True,True
block-copy,16,128,6,9,300000,15500,500,500,500,13500,True,01 c5 01 c5 01 c5 01 c5 01 c5 01 c5 01 c5 01 c5,stack,0.50915,0.79995,3.994241474777316,2.1529949496345293,2f e3 21 e3 21 e0 2f e0 2f e3 21 e3 21 e0 2f e0,stack,4.41,block-copy_L16_st128_k6_s9.summary.json,500,01 c5 01 c5 01 c5 01 c5 01 c5 01 c5 01 c5 01 c5,0.585,1.0,True,True
block-copy,16,32,2,1,300000,300000,-1,-1,-1,-1,False,,,0.0005,0.00445,14.275717554113196,0.21121108892317686,00 04 00 04 00 04 00 04 00 04 00 04 00 04 00 00,-,50.59,block-copy_L16_st32_k2_s1.summary.json,-1,,,0.038,False,False
block-copy,16,32,2,10,300000,300000,-1,-1,-1,-1,False,,,0.00065,0.00265,14.274875779660592,0.19332474719828507,00 01 00 01 00 01 00 01 00 01 00 01 00 01 00 01,-,47.36,block-copy_L16_st32_k2_s10.summary.json,-1,,,0.016,False,False
block-copy,16,32,2,2,300000,300000,-1,-1,-1,-1,False,,,0.0004,0.0057,14.276488150949888,0.17999330356375687,00 23 00 23 00 23 00 23 00 23 00 23 00 03 00 00,-,51.29,block-copy_L16_st32_k2_s2.summary.json,-1,,,0.029,False,False
block-copy,16,32,2,3,300000,300000,-1,-1,-1,-1,False,,,0.00045,0.00155,14.273408960503613,0.2077392089054726,00 01 00 01 00 01 00 01 00 01 00 01 00 01 00 01,-,50.46,block-copy_L16_st32_k2_s3.summary.json,-1,,,0.015,False,False
block-copy,16,32,2,4,300000,300000,-1,-1,-1,-1,False,,,0.0005,0.002,14.275259000184363,0.20308057051469675,00 01 00 01 00 01 00 01 00 01 00 01 00 01 00 01,-,53.32,block-copy_L16_st32_k2_s4.summary.json,-1,,,0.016,False,False
block-copy,16,32,2,5,300000,300000,-1,-1,-1,-1,False,,,0.0007,0.00295,14.27240058345366,0.2172254137066254,00 01 00 01 00 01 00 01 00 01 00 01 00 01 00 01,-,50.69,block-copy_L16_st32_k2_s5.summary.json,-1,,,0.029,False,False
block-copy,16,32,2,6,300000,300000,-1,-1,-1,-1,False,,,0.00045,0.00425,14.275643321102274,0.2100178345505599,00 24 00 24 00 24 00 24 00 24 00 24 00 04 00 00,-,47.47,block-copy_L16_st32_k2_s6.summary.json,-1,,,0.001,False,False
block-copy,16,32,2,7,300000,300000,-1,-1,-1,-1,False,,,0.0006,0.00545,14.274078378087133,0.18025880874598865,00 23 00 23 00 23 00 23 00 23 00 23 00 03 00 00,-,49.92,block-copy_L16_st32_k2_s7.summary.json,-1,,,-0.002,False,False
block-copy,16,32,2,8,300000,300000,-1,-1,-1,-1,False,,,0.0006,0.0062,14.276213816578984,0.19726874253624693,00 03 00 03 00 03 00 03 00 03 00 03 00 03 00 00,-,53.83,block-copy_L16_st32_k2_s8.summary.json,-1,,,0.009,False,False
block-copy,16,32,2,9,300000,300000,-1,-1,-1,-1,False,,,0.0007,0.0078,14.268571707084401,0.2180886750789055,00 03 00 03 00 03 00 03 00 03 00 03 00 03 00 00,-,48.84,block-copy_L16_st32_k2_s9.summary.json,-1,,,0.024,False,False
block-copy,16,32,4,1,300000,300000,25500,-1,26000,-1,True,e5 2a e5 2a e5 2a e5 2a e5 2a e5 2a e5 2a e5 2a,stack,0.0451,0.1139,13.049117486143384,0.9633770437541305,e5 2a e5 2a e5 2a e5 2a e5 2a e5 2a e5 2a e5 2a,stack,50.22,block-copy_L16_st32_k4_s1.summary.json,25000,e5 2a e5 2a e5 2a e5 2a e5 2a e5 2a e5 2a e5 2a,0.479,0.662,True,True
block-copy,16,32,4,10,300000,300000,7500,-1,8000,-1,True,e5 2a e5 2a e5 2a e5 2a e5 2a e5 2a e5 2a e5 2a,stack,0.03455,0.08685,13.372758310938117,0.9396029890469362,e5 2a e5 2a e5 2a e5 2a e5 2a e5 2a e5 2a e5 2a,stack,46.6,block-copy_L16_st32_k4_s10.summary.json,7000,e5 2a e5 2a e5 2a e5 2a e5 2a e5 2a e5 2a e5 2a,0.479,0.614,True,True
block-copy,16,32,4,2,300000,300000,31000,-1,31500,-1,True,e5 2a e5 2a e5 2a e5 2a e5 2a e5 2a e5 2a e5 2a,stack,0.03435,0.0809,13.42683742401111,0.8974968400739449,e5 2a e5 2a e5 2a e5 2a e5 2a e5 2a e5 2a e5 2a,stack,46.13,block-copy_L16_st32_k4_s2.summary.json,30500,e5 2a e5 2a e5 2a e5 2a e5 2a e5 2a e5 2a e5 2a,0.479,0.602,True,True
block-copy,16,32,4,3,300000,300000,2000,-1,3000,-1,True,e5 2a e5 2a e5 2a e5 2a e5 2a e5 2a e5 2a e5 2a,stack,0.0319,0.0779,13.453748496514423,0.9167967641838826,e5 2a e5 2a e5 2a e5 2a e5 2a e5 2a e5 2a e5 2a,stack,50.55,block-copy_L16_st32_k4_s3.summary.json,1500,e5 2a e5 2a e5 2a e5 2a e5 2a e5 2a e5 2a e5 2a,0.479,0.614,True,True
block-copy,16,32,4,4,300000,300000,36000,-1,36500,-1,True,e5 2a e5 2a e5 2a e5 2a e5 2a e5 2a e5 2a e5 2a,stack,0.0342,0.0857,13.378040695144133,0.9217306929562912,e5 2a e5 2a e5 2a e5 2a e5 2a e5 2a e5 2a e5 2a,stack,46.41,block-copy_L16_st32_k4_s4.summary.json,36000,e5 2a e5 2a e5 2a e5 2a e5 2a e5 2a e5 2a e5 2a,0.479,0.615,True,True
block-copy,16,32,4,5,300000,300000,2500,4000,3000,-1,True,e5 2a e5 2a e5 2a e5 2a e5 2a e5 2a e5 2a e5 2a,stack,0.02095,0.0538,13.749015696131615,0.8182632123231723,e5 2a e5 2a e5 2a e5 2a e5 2a e5 2a e5 2a e5 2a,stack,50.84,block-copy_L16_st32_k4_s5.summary.json,2000,e5 2a e5 2a e5 2a e5 2a e5 2a e5 2a e5 2a e5 2a,0.479,0.603,True,True
block-copy,16,32,4,6,300000,300000,58000,-1,58500,-1,True,e5 2a e5 2a e5 2a e5 2a e5 2a e5 2a e5 2a e5 2a,stack,0.0219,0.05675,13.694973462472163,0.791321886311029,e5 2a e5 2a e5 2a e5 2a e5 2a e5 2a e5 2a e5 2a,stack,47.29,block-copy_L16_st32_k4_s6.summary.json,57500,e5 2a e5 2a e5 2a e5 2a e5 2a e5 2a e5 2a e5 2a,0.479,0.553,True,True
block-copy,16,32,4,7,300000,300000,15500,-1,16000,-1,True,e5 2a e5 2a e5 2a e5 2a e5 2a e5 2a e5 2a e5 2a,stack,0.03385,0.08375,13.39785584227859,0.893014992099574,e5 2a e5 2a e5 2a e5 2a e5 2a e5 2a e5 2a e5 2a,stack,48.22,block-copy_L16_st32_k4_s7.summary.json,15000,e5 2a e5 2a e5 2a e5 2a e5 2a e5 2a e5 2a e5 2a,0.479,0.607,True,True
block-copy,16,32,4,8,300000,300000,30500,-1,32500,-1,True,e5 2a e5 2a e5 2a e5 2a e5 2a e5 2a e5 2a e5 2a,stack,0.0262,0.0629,13.546539345359323,0.8629971325706833,e5 2a e5 2a e5 2a e5 2a e5 2a e5 2a e5 2a e5 2a,stack,49.37,block-copy_L16_st32_k4_s8.summary.json,30000,e5 2a e5 2a e5 2a e5 2a e5 2a e5 2a e5 2a e5 2a,0.479,0.607,True,True
block-copy,16,32,4,9,300000,300000,9000,-1,9500,-1,True,e5 2a e5 2a e5 2a e5 2a e5 2a e5 2a e5 2a e5 2a,stack,0.0344,0.0829,13.388295053330491,0.9291875937911707,e5 2a e5 2a e5 2a e5 2a e5 2a e5 2a e5 2a e5 2a,stack,47.94,block-copy_L16_st32_k4_s9.summary.json,8500,e5 2a e5 2a e5 2a e5 2a e5 2a e5 2a e5 2a e5 2a,0.479,0.641,True,True
block-copy,16,32,6,1,300000,300000,1000,-1,1500,-1,True,e5 2a e5 2a e5 2a e5 2a e5 2a e5 2a e5 2a e5 2a,stack,0.041,0.24005,12.90525316695744,1.0289028851474105,21 e5 21 e5 21 e5 21 e5 21 e5 21 e5 21 e5 21 e5,stack,50.53,block-copy_L16_st32_k6_s1.summary.json,1000,e5 2a e5 2a e5 2a e5 2a e5 2a e5 2a e5 2a e5 2a,0.479,0.527,True,True
block-copy,16,32,6,10,300000,300000,7000,-1,4000,-1,True,e5 2a e5 2a e5 2a e5 2a e5 2a e5 2a e5 2a e5 2a,stack,0.0372,0.2107,13.114949165824072,0.9901101367817415,21 e5 21 e5 21 e5 21 e5 21 e5 21 e5 21 e5 21 e5,stack,45.86,block-copy_L16_st32_k6_s10.summary.json,6000,e5 2a e5 2a e5 2a e5 2a e5 2a e5 2a e5 2a e5 2a,0.479,0.524,True,True
block-copy,16,32,6,2,300000,300000,24500,-1,6000,-1,True,01 c5 01 c5 01 c5 01 c5 01 c5 01 c5 01 c5 01 c5,stack,0.03525,0.21295,12.714570891689707,1.3991605935927542,21 e5 21 e5 21 e5 21 e5 21 e5 21 e5 21 e5 21 e5,stack,45.16,block-copy_L16_st32_k6_s2.summary.json,20000,01 c5 01 c5 01 c5 01 c5 01 c5 01 c5 01 c5 01 c5,0.543,0.488,True,True
block-copy,16,32,6,3,300000,300000,27500,-1,19500,-1,True,e5 2a e5 2a e5 2a e5 2a e5 2a e5 2a e5 2a e5 2a,stack,0.03625,0.1964,13.13594418273616,1.0588126436026846,21 e5 21 e5 21 e5 21 e5 21 e5 21 e5 21 e5 21 e5,stack,49.35,block-copy_L16_st32_k6_s3.summary.json,27000,e5 2a e5 2a e5 2a e5 2a e5 2a e5 2a e5 2a e5 2a,0.479,0.545,True,True
block-copy,16,32,6,4,300000,300000,11500,-1,11000,-1,True,01 c5 01 c5 01 c5 01 c5 01 c5 01 c5 01 c5 01 c5,stack,0.0397,0.22515,12.965401522839775,0.9011569378812401,01 c5 01 c5 01 c5 01 c5 01 c5 01 c5 01 c5 01 c5,stack,45.69,block-copy_L16_st32_k6_s4.summary.json,7500,01 c5 01 c5 01 c5 01 c5 01 c5 01 c5 01 c5 01 c5,0.543,0.468,True,True
block-copy,16,32,6,5,300000,300000,10500,-1,9000,-1,True,01 c5 01 c5 01 c5 01 c5 01 c5 01 c5 01 c5 01 c5,stack,0.0411,0.23695,12.983227295803099,1.0027972222740273,21 e5 21 e5 21 e5 21 e5 21 e5 21 e5 21 e5 21 e5,stack,48.51,block-copy_L16_st32_k6_s5.summary.json,6000,01 c5 01 c5 01 c5 01 c5 01 c5 01 c5 01 c5 01 c5,0.543,0.486,True,True
block-copy,16,32,6,6,300000,300000,32500,-1,4500,-1,True,e5 2a e5 2a e5 2a e5 2a e5 2a e5 2a e5 2a e5 2a,stack,0.04195,0.2622,12.900022052065513,1.0238071063309961,21 e5 21 e5 21 e5 21 e5 21 e5 21 e5 21 e5 21 e5,stack,45.99,block-copy_L16_st32_k6_s6.summary.json,30500,21 e5 21 e5 21 e5 21 e5 21 e5 21 e5 21 e5 21 e5,0.568,0.395,True,True
block-copy,16,32,6,7,300000,300000,24000,-1,13500,-1,True,21 e5 21 e5 21 e5 21 e5 21 e5 21 e5 21 e5 21 e5,stack,0.04295,0.26125,12.851481116501832,1.0094992242669272,21 e5 21 e5 21 e5 21 e5 21 e5 21 e5 21 e5 21 e5,stack,47.12,block-copy_L16_st32_k6_s7.summary.json,21500,e5 2a e5 2a e5 2a e5 2a e5 2a e5 2a e5 2a e5 2a,0.479,0.592,True,True
block-copy,16,32,6,8,300000,300000,16000,-1,4500,-1,True,e5 2a e5 2a e5 2a e5 2a e5 2a e5 2a e5 2a e5 2a,stack,0.0402,0.1916,13.159891245179416,1.033851208084898,21 e5 21 e5 21 e5 21 e5 21 e5 21 e5 21 e5 21 e5,stack,48.51,block-copy_L16_st32_k6_s8.summary.json,15000,e5 2a e5 2a e5 2a e5 2a e5 2a e5 2a e5 2a e5 2a,0.479,0.536,True,True
block-copy,16,32,6,9,300000,300000,18500,-1,10500,-1,True,01 c5 01 c5 01 c5 01 c5 01 c5 01 c5 01 c5 01 c5,stack,0.0409,0.2293,13.03588197278214,1.0478358838898325,21 e5 21 e5 21 e5 21 e5 21 e5 21 e5 21 e5 21 e5,stack,47.69,block-copy_L16_st32_k6_s9.summary.json,13500,01 c5 01 c5 01 c5 01 c5 01 c5 01 c5 01 c5 01 c5,0.543,0.618,True,True
block-copy,16,512,2,1,300000,300000,1000,1500,1500,-1,True,11 d5 11 d5 11 d5 11 d5 11 d5 11 d5 11 d5 11 d5,stack,0.15105,0.2101,10.297430080144295,2.0131665905122493,01 c5 01 c5 01 c5 01 c5 01 c5 01 c5 01 c5 01 c5,stack,273.99,block-copy_L16_st512_k2_s1.summary.json,1000,11 d5 11 d5 11 d5 11 d5 11 d5 11 d5 11 d5 11 d5,0.391,0.64,True,True
block-copy,16,512,2,10,300000,300000,500,1000,1000,-1,True,01 c5 01 c5 01 c5 01 c5 01 c5 01 c5 01 c5 01 c5,stack,0.178,0.24725,10.464777645531264,1.9699582449140922,01 c5 01 c5 01 c5 01 c5 01 c5 01 c5 01 c5 01 c5,stack,273.4,block-copy_L16_st512_k2_s10.summary.json,500,01 c5 01 c5 01 c5 01 c5 01 c5 01 c5 01 c5 01 c5,0.537,0.652,True,True
block-copy,16,512,2,2,300000,300000,500,1000,1000,-1,True,01 c5 01 c5 01 c5 01 c5 01 c5 01 c5 01 c5 01 c5,stack,0.1638,0.22465,10.46522115339044,2.030259434349167,01 c5 01 c5 01 c5 01 c5 01 c5 01 c5 01 c5 01 c5,stack,274.26,block-copy_L16_st512_k2_s2.summary.json,500,01 c5 01 c5 01 c5 01 c5 01 c5 01 c5 01 c5 01 c5,0.537,0.64,True,True
block-copy,16,512,2,3,300000,300000,500,1000,1000,-1,True,01 c5 01 c5 01 c5 01 c5 01 c5 01 c5 01 c5 01 c5,stack,0.15595,0.21105,10.485093334978362,2.0445515407186248,01 c5 01 c5 01 c5 01 c5 01 c5 01 c5 01 c5 01 c5,stack,273.48,block-copy_L16_st512_k2_s3.summary.json,500,01 c5 01 c5 01 c5 01 c5 01 c5 01 c5 01 c5 01 c5,0.537,0.645,True,True
block-copy,16,512,2,4,300000,300000,1000,1500,1500,-1,True,01 c5 01 c5 01 c5 01 c5 01 c5 01 c5 01 c5 01 c5,stack,0.1533,0.2083,10.573354490382256,2.0369839357113477,01 c5 01 c5 01 c5 01 c5 01 c5 01 c5 01 c5 01 c5,stack,272.96,block-copy_L16_st512_k2_s4.summary.json,500,01 c5 01 c5 01 c5 01 c5 01 c5 01 c5 01 c5 01 c5,0.537,0.636,True,True
block-copy,16,512,2,5,300000,300000,500,1000,1000,-1,True,01 c5 01 c5 01 c5 01 c5 01 c5 01 c5 01 c5 01 c5,stack,0.1695,0.2336,10.480799642293409,2.0254592884519247,01 c5 01 c5 01 c5 01 c5 01 c5 01 c5 01 c5 01 c5,stack,273.26,block-copy_L16_st512_k2_s5.summary.json,500,01 c5 01 c5 01 c5 01 c5 01 c5 01 c5 01 c5 01 c5,0.537,0.572,True,True
block-copy,16,512,2,6,300000,300000,1500,2000,1500,-1,True,01 c5 01 c5 01 c5 01 c5 01 c5 01 c5 01 c5 01 c5,stack,0.15645,0.2137,10.640440204746444,2.015585305197467,01 c5 01 c5 01 c5 01 c5 01 c5 01 c5 01 c5 01 c5,stack,274.7,block-copy_L16_st512_k2_s6.summary.json,1000,01 c5 01 c5 01 c5 01 c5 01 c5 01 c5 01 c5 01 c5,0.537,0.649,True,True
block-copy,16,512,2,7,300000,300000,500,1000,1000,-1,True,01 c5 01 c5 01 c5 01 c5 01 c5 01 c5 01 c5 01 c5,stack,0.1848,0.2554,10.420020009020707,2.0386880936581995,01 c5 01 c5 01 c5 01 c5 01 c5 01 c5 01 c5 01 c5,stack,273.44,block-copy_L16_st512_k2_s7.summary.json,500,01 c5 01 c5 01 c5 01 c5 01 c5 01 c5 01 c5 01 c5,0.537,0.533,True,True
block-copy,16,512,2,8,300000,300000,500,1000,1000,-1,True,21 e5 21 e5 21 e5 21 e5 21 e5 21 e5 21 e5 21 e5,stack,0.1773,0.2407,10.370542829372413,2.1122801778053786,01 c5 01 c5 01 c5 01 c5 01 c5 01 c5 01 c5 01 c5,stack,272.78,block-copy_L16_st512_k2_s8.summary.json,500,21 e5 21 e5 21 e5 21 e5 21 e5 21 e5 21 e5 21 e5,0.484,0.639,True,True
block-copy,16,512,2,9,300000,300000,1000,1500,1500,-1,True,01 c5 01 c5 01 c5 01 c5 01 c5 01 c5 01 c5 01 c5,stack,0.1821,0.2477,10.190006331550084,2.0545140553535597,01 c5 01 c5 01 c5 01 c5 01 c5 01 c5 01 c5 01 c5,stack,273.31,block-copy_L16_st512_k2_s9.summary.json,1000,01 c5 01 c5 01 c5 01 c5 01 c5 01 c5 01 c5 01 c5,0.537,0.565,True,True
block-copy,16,512,4,1,300000,175500,1000,2500,2000,173500,True,11 d5 11 d5 11 d5 11 d5 11 d5 11 d5 11 d5 11 d5,stack,0.44895,0.497,5.67233514235605,2.4418443184044927,c8 e3 21 e3 21 81 c8 81 c8 e3 21 e3 21 81 c8 81,stack,115.85,block-copy_L16_st512_k4_s1.summary.json,1000,11 d5 11 d5 11 d5 11 d5 11 d5 11 d5 11 d5 11 d5,0.391,1.0,True,True
block-copy,16,512,4,10,300000,104500,1000,1500,1500,102500,True,01 c5 01 c5 01 c5 01 c5 01 c5 01 c5 01 c5 01 c5,stack,0.3894,0.4324,6.024976670875658,2.498263414028559,c8 e3 21 e3 21 81 c8 81 c8 e3 21 e3 21 81 c8 81,stack,70.87,block-copy_L16_st512_k4_s10.summary.json,1000,01 c5 01 c5 01 c5 01 c5 01 c5 01 c5 01 c5 01 c5,0.537,1.0,True,True
block-copy,16,512,4,2,300000,100000,500,1000,500,98000,True,21 e5 21 e5 21 e5 21 e5 21 e5 21 e5 21 e5 21 e5,stack,0.4461,0.501,5.485312445083677,2.437309923649374,c8 e3 21 e3 21 81 c8 81 c8 e3 21 e3 21 81 c8 81,stack,70.39,block-copy_L16_st512_k4_s2.summary.json,500,21 e5 21 e5 21 e5 21 e5 21 e5 21 e5 21 e5 21 e5,0.484,1.0,True,True
block-copy,16,512,4,3,300000,36500,4000,5000,4500,34500,True,01 c5 01 c5 01 c5 01 c5 01 c5 01 c5 01 c5 01 c5,stack,0.5842,0.65395,4.61250193241939,2.2645360924317144,c8 e3 21 e3 21 81 c8 81 c8 e3 21 e3 21 81 c8 81,stack,29.33,block-copy_L16_st512_k4_s3.summary.json,4000,01 c5 01 c5 01 c5 01 c5 01 c5 01 c5 01 c5 01 c5,0.537,1.0,True,True
block-copy,16,512,4,4,300000,55000,1500,2000,2000,53000,True,21 e5 21 e5 21 e5 21 e5 21 e5 21 e5 21 e5 21 e5,stack,0.1649,0.5911,7.51771500775036,2.1899641600007995,00 e3 21 e3 21 c0 00 c0 00 e3 21 e3 21 c0 00 c0,stack,46.41,block-copy_L16_st512_k4_s4.summary.json,1500,21 e5 21 e5 21 e5 21 e5 21 e5 21 e5 21 e5 21 e5,0.484,1.0,True,True
block-copy,16,512,4,5,300000,101000,500,500,500,99000,True,01 c5 01 c5 01 c5 01 c5 01 c5 01 c5 01 c5 01 c5,stack,0.4745,0.527,5.44985536941475,2.424347243933368,c8 e3 21 e3 21 81 c8 81 c8 e3 21 e3 21 81 c8 81,stack,66.65,block-copy_L16_st512_k4_s5.summary.json,500,01 c5 01 c5 01 c5 01 c5 01 c5 01 c5 01 c5 01 c5,0.537,1.0,True,True
block-copy,16,512,4,6,300000,161000,1000,6500,4000,159000,True,11 d5 11 d5 11 d5 11 d5 11 d5 11 d5 11 d5 11 d5,stack,0.5389,0.59685,4.88736115517655,2.341148214051441,c8 e3 21 e3 21 81 c8 81 c8 e3 21 e3 21 81 c8 81,stack,102.86,block-copy_L16_st512_k4_s6.summary.json,1000,11 d5 11 d5 11 d5 11 d5 11 d5 11 d5 11 d5 11 d5,0.391,1.0,True,True
block-copy,16,512,4,7,300000,116500,500,1500,1000,114500,True,01 c5 01 c5 01 c5 01 c5 01 c5 01 c5 01 c5 01 c5,stack,0.48725,0.5568,5.286218053987093,2.3633326136869792,c8 e3 21 e3 21 81 c8 81 c8 e3 21 e3 21 81 c8 81,stack,81.49,block-copy_L16_st512_k4_s7.summary.json,500,01 c5 01 c5 01 c5 01 c5 01 c5 01 c5 01 c5 01 c5,0.537,1.0,True,True
block-copy,16,512,4,8,300000,82000,500,1000,500,80000,True,21 e5 21 e5 21 e5 21 e5 21 e5 21 e5 21 e5 21 e5,stack,0.47975,0.5335,5.2864706115662665,2.429504569679789,c8 e3 21 e3 21 81 c8 81 c8 e3 21 e3 21 81 c8 81,stack,52.4,block-copy_L16_st512_k4_s8.summary.json,500,21 e5 21 e5 21 e5 21 e5 21 e5 21 e5 21 e5 21 e5,0.484,1.0,True,True
block-copy,16,512,4,9,300000,51500,500,500,500,49500,True,01 c5 01 c5 01 c5 01 c5 01 c5 01 c5 01 c5 01 c5,stack,0.1543,0.35335,8.43769721132657,2.2232086316472777,21 e3 21 e3 21 e3 21 e3 21 e3 21 e3 21 e3 21 e3,stack,43.11,block-copy_L16_st512_k4_s9.summary.json,500,01 c5 01 c5 01 c5 01 c5 01 c5 01 c5 01 c5 01 c5,0.537,1.0,True,True
block-copy,16,512,6,1,300000,16500,7500,7500,7500,14500,True,21 e5 21 e5 21 e5 21 e5 21 e5 21 e5 21 e5 21 e5,stack,0.19665,0.36905,5.533402548445068,2.2035849307743023,21 e3 21 e3 21 e3 21 e3 21 e3 21 e3 21 e3 21 e3,stack,15.19,block-copy_L16_st512_k6_s1.summary.json,7500,21 e5 21 e5 21 e5 21 e5 21 e5 21 e5 21 e5 21 e5,0.484,1.0,True,True
block-copy,16,512,6,10,300000,300000,2000,2500,2500,-1,True,01 c5 01 c5 01 c5 01 c5 01 c5 01 c5 01 c5 01 c5,stack,0.20895,0.21485,7.999372817775353,2.07682814581303,e5 2a e5 2a e5 2a e5 2a e5 2a e5 2a e5 2a e5 2a,stack,226.2,block-copy_L16_st512_k6_s10.summary.json,2000,01 c5 01 c5 01 c5 01 c5 01 c5 01 c5 01 c5 01 c5,0.537,0.825,True,True
block-copy,16,512,6,2,300000,10500,500,500,500,8500,True,21 e5 21 e5 21 e5 21 e5 21 e5 21 e5 21 e5 21 e5,stack,0.2161,0.57965,5.090679479747038,2.734479552019028,bf e3 21 e3 21 e0 bf e0 bf e3 21 e3 21 e0 bf e0,stack,9.18,block-copy_L16_st512_k6_s2.summary.json,500,21 e5 21 e5 21 e5 21 e5 21 e5 21 e5 21 e5 21 e5,0.484,1.0,True,True
block-copy,16,512,6,3,300000,31500,1500,26000,2000,29500,True,01 c5 01 c5 01 c5 01 c5 01 c5 01 c5 01 c5 01 c5,stack,0.1686,0.3184,6.080012759693817,2.5151696791125695,21 e3 21 e3 21 e3 21 e3 21 e3 21 e3 21 e3 21 e3,stack,26.07,block-copy_L16_st512_k6_s3.summary.json,1500,01 c5 01 c5 01 c5 01 c5 01 c5 01 c5 01 c5 01 c5,0.537,1.0,True,True
block-copy,16,512,6,4,300000,300000,1000,1000,1000,-1,True,01 c5 01 c5 01 c5 01 c5 01 c5 01 c5 01 c5 01 c5,stack,0.1541,0.15875,8.741750427256722,1.9852321906741972,e5 2a e5 2a e5 2a e5 2a e5 2a e5 2a e5 2a e5 2a,stack,225.73,block-copy_L16_st512_k6_s4.summary.json,1000,01 c5 01 c5 01 c5 01 c5 01 c5 01 c5 01 c5 01 c5,0.537,0.934,True,True
block-copy,16,512,6,5,300000,9000,1500,2000,2000,7000,True,21 e5 21 e5 21 e5 21 e5 21 e5 21 e5 21 e5 21 e5,stack,0.15755,0.59915,5.674929363557733,2.6887163192064554,90 e3 21 e3 21 e0 90 e0 90 e3 21 e3 21 e0 90 e0,stack,7.44,block-copy_L16_st512_k6_s5.summary.json,1500,21 e5 21 e5 21 e5 21 e5 21 e5 21 e5 21 e5 21 e5,0.484,1.0,True,True
block-copy,16,512,6,6,300000,300000,3000,3500,3500,-1,True,01 c5 01 c5 01 c5 01 c5 01 c5 01 c5 01 c5 01 c5,stack,0.2051,0.21085,7.899213652906212,2.0347950240816814,e5 2a e5 2a e5 2a e5 2a e5 2a e5 2a e5 2a e5 2a,stack,226.16,block-copy_L16_st512_k6_s6.summary.json,3000,01 c5 01 c5 01 c5 01 c5 01 c5 01 c5 01 c5 01 c5,0.537,0.869,True,True
block-copy,16,512,6,7,300000,300000,500,23500,1000,-1,True,01 c5 01 c5 01 c5 01 c5 01 c5 01 c5 01 c5 01 c5,stack,0.2257,0.2305,7.378361655967003,2.073633109694986,e5 2a e5 2a e5 2a e5 2a e5 2a e5 2a e5 2a e5 2a,stack,224.09,block-copy_L16_st512_k6_s7.summary.json,500,01 c5 01 c5 01 c5 01 c5 01 c5 01 c5 01 c5 01 c5,0.537,0.914,True,True
block-copy,16,512,6,8,300000,300000,500,500,500,-1,True,01 c5 01 c5 01 c5 01 c5 01 c5 01 c5 01 c5 01 c5,stack,0.1904,0.1959,8.09208653476631,2.065150291298157,e5 2a e5 2a e5 2a e5 2a e5 2a e5 2a e5 2a e5 2a,stack,223.05,block-copy_L16_st512_k6_s8.summary.json,500,01 c5 01 c5 01 c5 01 c5 01 c5 01 c5 01 c5 01 c5,0.537,0.955,True,True
block-copy,16,512,6,9,300000,300000,3000,6500,3500,-1,True,21 e5 21 e5 21 e5 21 e5 21 e5 21 e5 21 e5 21 e5,stack,0.17975,0.1851,8.325799065311166,2.039638813672444,e5 2a e5 2a e5 2a e5 2a e5 2a e5 2a e5 2a e5 2a,stack,226.55,block-copy_L16_st512_k6_s9.summary.json,3000,21 e5 21 e5 21 e5 21 e5 21 e5 21 e5 21 e5 21 e5,0.484,0.943,True,True
ld-mem,16,128,2,1,300000,300000,2500,-1,3000,-1,True,01 c5 01 c5 01 c5 01 c5 01 c5 01 c5 01 c5 01 c5,stack,0.0007,0.00085,13.427706930524916,4.545683226343162,1e 90 c2 6b 9c ed 16 d8 d2 e7 4f ed b0 a9 be b3,block-copy,88.31,ld-mem_L16_st128_k2_s1.summary.json,1500,01 c5 01 c5 01 c5 01 c5 01 c5 01 c5 01 c5 01 c5,0.606,1.0,True,True
ld-mem,16,128,2,10,300000,300000,2500,-1,3500,-1,True,01 c5 01 c5 01 c5 01 c5 01 c5 01 c5 01 c5 01 c5,stack,0.06145,0.20465,12.204442904910989,1.7475093918928541,21 e3 21 e3 21 e3 21 e3 21 e3 21 e3 21 e3 21 e3,stack,85.77,ld-mem_L16_st128_k2_s10.summary.json,2500,01 c5 01 c5 01 c5 01 c5 01 c5 01 c5 01 c5 01 c5,0.606,1.0,True,True
ld-mem,16,128,2,2,300000,300000,1500,3500,3000,-1,True,01 c5 01 c5 01 c5 01 c5 01 c5 01 c5 01 c5 01 c5,stack,0.0017,0.01125,12.774545045152909,4.037719015707879,11 08 ed a0 d2 01 fb 11 11 08 ed a0 d2 01 fb 11,block-copy,91.36,ld-mem_L16_st128_k2_s2.summary.json,1000,01 c5 01 c5 01 c5 01 c5 01 c5 01 c5 01 c5 01 c5,0.606,1.0,True,True
ld-mem,16,128,2,3,300000,300000,1500,4000,3000,-1,True,01 c5 01 c5 01 c5 01 c5 01 c5 01 c5 01 c5 01 c5,stack,0.00065,0.00095,13.434544667390817,4.446903975314782,11 b0 2a c3 eb 8d f0 ae 0d 77 fe ed b0 0e 16 ed,ld-mem,88.13,ld-mem_L16_st128_k2_s3.summary.json,1000,01 c5 01 c5 01 c5 01 c5 01 c5 01 c5 01 c5 01 c5,0.606,1.0,True,True
ld-mem,16,128,2,4,300000,300000,1500,3000,3000,-1,True,01 c5 01 c5 01 c5 01 c5 01 c5 01 c5 01 c5 01 c5,stack,0.0006,0.0014,13.434605975091346,4.471578136461314,1e 50 c3 eb 6f 89 e9 de 01 61 e1 ed b0 e9 00 22,block-copy+ld-mem,87.4,ld-mem_L16_st128_k2_s4.summary.json,1000,01 c5 01 c5 01 c5 01 c5 01 c5 01 c5 01 c5 01 c5,0.606,1.0,True,True
ld-mem,16,128,2,5,300000,300000,1500,-1,2500,-1,True,21 e5 21 e5 21 e5 21 e5 21 e5 21 e5 21 e5 21 e5,stack,0.0759,0.11705,12.35882561703396,1.961441117426654,21 e5 21 e5 21 e5 21 e5 21 e5 21 e5 21 e5 21 e5,stack,90.84,ld-mem_L16_st128_k2_s5.summary.json,1000,21 e5 21 e5 21 e5 21 e5 21 e5 21 e5 21 e5 21 e5,0.593,0.774,True,True
ld-mem,16,128,2,6,300000,300000,1500,-1,3000,-1,True,01 c5 01 c5 01 c5 01 c5 01 c5 01 c5 01 c5 01 c5,stack,0.0015,0.01015,12.768030656120619,4.0790930405303,1e c8 ed a0 c3 81 7d 23 1e c8 ed a0 c3 81 7d 23,block-copy,89.18,ld-mem_L16_st128_k2_s6.summary.json,1000,01 c5 01 c5 01 c5 01 c5 01 c5 01 c5 01 c5 01 c5,0.606,1.0,True,True
ld-mem,16,128,2,7,300000,300000,1500,-1,2500,-1,True,01 c5 01 c5 01 c5 01 c5 01 c5 01 c5 01 c5 01 c5,stack,0.0011,0.0027,13.328366454373832,4.440739827241285,1e 88 c2 84 ed b0 db 49 1e 88 c2 84 ed b0 db 49,-,86.9,ld-mem_L16_st128_k2_s7.summary.json,1000,01 c5 01 c5 01 c5 01 c5 01 c5 01 c5 01 c5 01 c5,0.606,1.0,True,True
ld-mem,16,128,2,8,300000,300000,1500,4000,2000,-1,True,01 c5 01 c5 01 c5 01 c5 01 c5 01 c5 01 c5 01 c5,stack,0.0007,0.00105,13.44453757275457,4.448740591797603,11 b0 36 c3 2c 3a 05 3c f6 d6 52 e9 54 54 ed b0,block-copy,86.96,ld-mem_L16_st128_k2_s8.summary.json,1000,01 c5 01 c5 01 c5 01 c5 01 c5 01 c5 01 c5 01 c5,0.606,1.0,True,True
ld-mem,16,128,2,9,300000,300000,1000,-1,2000,-1,True,11 d5 11 d5 11 d5 11 d5 11 d5 11 d5 11 d5 11 d5,stack,0.0006,0.00135,13.450546839200069,4.480433087155633,1e b0 c3 eb 68 57 2c 5b 88 47 5d ed b0 05 00 9a,block-copy,88.09,ld-mem_L16_st128_k2_s9.summary.json,500,11 d5 11 d5 11 d5 11 d5 11 d5 11 d5 11 d5 11 d5,0.498,1.0,True,True
ld-mem,16,128,4,1,300000,21000,500,18000,1000,19000,True,01 c5 01 c5 01 c5 01 c5 01 c5 01 c5 01 c5 01 c5,stack,0.1053,0.7152,7.620610137330593,2.6223570547840858,ac e3 21 e3 21 c0 ac c0 ac e3 21 e3 21 c0 ac c0,stack,6.31,ld-mem_L16_st128_k4_s1.summary.json,500,01 c5 01 c5 01 c5 01 c5 01 c5 01 c5 01 c5 01 c5,0.606,1.0,True,True
ld-mem,16,128,4,10,300000,26500,500,24500,1000,24500,True,01 c5 01 c5 01 c5 01 c5 01 c5 01 c5 01 c5 01 c5,stack,0.23345,0.7146,6.927145866949742,2.588986179035515,ae e3 21 e3 21 e0 ae e0 ae e3 21 e3 21 e0 ae e0,stack,7.6,ld-mem_L16_st128_k4_s10.summary.json,500,01 c5 01 c5 01 c5 01 c5 01 c5 01 c5 01 c5 01 c5,0.606,1.0,True,True
ld-mem,16,128,4,2,300000,10500,2000,7500,3500,8500,True,01 c5 01 c5 01 c5 01 c5 01 c5 01 c5 01 c5 01 c5,stack,0.1055,0.67865,7.688581565168604,2.4733667277768707,ad e3 21 e3 21 e0 ad e0 ad e3 21 e3 21 e0 ad e0,stack,2.99,ld-mem_L16_st128_k4_s2.summary.json,2000,01 c5 01 c5 01 c5 01 c5 01 c5 01 c5 01 c5 01 c5,0.606,1.0,True,True
ld-mem,16,128,4,3,300000,73500,3000,3500,3500,71500,True,01 c5 01 c5 01 c5 01 c5 01 c5 01 c5 01 c5 01 c5,stack,0.3527,0.7819,6.30419950006754,2.457949250606875,ad e3 21 e3 21 e0 ad e0 ad e3 21 e3 21 e0 ad e0,stack,22.97,ld-mem_L16_st128_k4_s3.summary.json,3000,01 c5 01 c5 01 c5 01 c5 01 c5 01 c5 01 c5 01 c5,0.606,1.0,True,True
ld-mem,16,128,4,4,300000,18000,500,1500,1000,16000,True,01 c5 01 c5 01 c5 01 c5 01 c5 01 c5 01 c5 01 c5,stack,0.3003,0.7727,6.567885329858268,2.4485263423376518,ad e3 21 e3 21 e0 ad e0 ad e3 21 e3 21 e0 ad e0,stack,4.95,ld-mem_L16_st128_k4_s4.summary.json,500,01 c5 01 c5 01 c5 01 c5 01 c5 01 c5 01 c5 01 c5,0.606,1.0,True,True
ld-mem,16,128,4,5,300000,15000,1000,12000,2500,13000,True,11 d5 11 d5 11 d5 11 d5 11 d5 11 d5 11 d5 11 d5,stack,0.0969,0.1905,7.817510886467957,2.5695687181326345,21 e3 21 e3 21 e3 21 e3 21 e3 21 e3 21 e3 21 e3,stack,4.28,ld-mem_L16_st128_k4_s5.summary.json,1000,11 d5 11 d5 11 d5 11 d5 11 d5 11 d5 11 d5 11 d5,0.498,1.0,True,True
ld-mem,16,128,4,6,300000,92500,3000,3500,3500,90500,True,01 c5 01 c5 01 c5 01 c5 01 c5 01 c5 01 c5 01 c5,stack,0.2294,0.623,6.159426477091001,2.5964155662364528,ac e3 21 e3 21 c0 ac c0 ac e3 21 e3 21 c0 ac c0,stack,26.65,ld-mem_L16_st128_k4_s6.summary.json,3000,01 c5 01 c5 01 c5 01 c5 01 c5 01 c5 01 c5 01 c5,0.606,1.0,True,True
ld-mem,16,128,4,7,300000,28000,2500,25000,3000,26000,True,21 e5 21 e5 21 e5 21 e5 21 e5 21 e5 21 e5 21 e5,stack,0.1555,0.7272,7.238568300495635,2.5354858936239455,ad e3 21 e3 21 c0 ad c0 ad e3 21 e3 21 c0 ad c0,stack,8.26,ld-mem_L16_st128_k4_s7.summary.json,2500,21 e5 21 e5 21 e5 21 e5 21 e5 21 e5 21 e5 21 e5,0.593,1.0,True,True
ld-mem,16,128,4,8,300000,12500,1000,1000,1000,10500,True,01 c5 01 c5 01 c5 01 c5 01 c5 01 c5 01 c5 01 c5,stack,0.2394,0.78925,6.513410605388133,2.4648573948846395,ad e3 21 e3 21 e0 ad e0 ad e3 21 e3 21 e0 ad e0,stack,3.34,ld-mem_L16_st128_k4_s8.summary.json,500,01 c5 01 c5 01 c5 01 c5 01 c5 01 c5 01 c5 01 c5,0.606,1.0,True,True
ld-mem,16,128,4,9,300000,300000,2500,3000,3000,-1,True,01 c5 01 c5 01 c5 01 c5 01 c5 01 c5 01 c5 01 c5,stack,0.00175,0.0035,11.954961133068924,5.801547586938787,1e b0 c3 6d 5d 43 5d ea 75 58 85 42 48 ed b0 80,block-copy,71.07,ld-mem_L16_st128_k4_s9.summary.json,2500,01 c5 01 c5 01 c5 01 c5 01 c5 01 c5 01 c5 01 c5,0.606,1.0,True,True
ld-mem,16,128,6,1,300000,300000,3500,-1,-1,-1,False,01 c5 01 c5 01 c5 01 c5 01 c5 01 c5 01 c5 01 c5,stack,0.00725,0.01635,10.205769145721858,5.889092629534526,1d e1 19 d0 94 c9 49 de 8f ed b8 4a 3d f1 0c ba,block-copy,58.45,ld-mem_L16_st128_k6_s1.summary.json,3500,01 c5 01 c5 01 c5 01 c5 01 c5 01 c5 01 c5 01 c5,0.606,1.0,True,True
ld-mem,16,128,6,10,300000,45000,5500,42500,6000,43000,True,01 c5 01 c5 01 c5 01 c5 01 c5 01 c5 01 c5 01 c5,stack,0.46805,0.84755,4.098466934973556,2.289494072134706,00 e3 21 e3 21 c0 00 c0 00 e3 21 e3 21 c0 00 c0,stack,11.87,ld-mem_L16_st128_k6_s10.summary.json,5000,01 c5 01 c5 01 c5 01 c5 01 c5 01 c5 01 c5 01 c5,0.606,1.0,True,True
ld-mem,16,128,6,2,300000,30000,2000,27500,2500,28000,True,01 c5 01 c5 01 c5 01 c5 01 c5 01 c5 01 c5 01 c5,stack,0.1686,0.7168,5.444345233899232,2.3411331146352596,74 e3 21 e3 21 e0 74 e0 74 e3 21 e3 21 e0 74 e0,ld-mem+stack,8.28,ld-mem_L16_st128_k6_s2.summary.json,2000,01 c5 01 c5 01 c5 01 c5 01 c5 01 c5 01 c5 01 c5,0.606,1.0,True,True
ld-mem,16,128,6,3,300000,16000,3500,13500,4500,14000,True,01 c5 01 c5 01 c5 01 c5 01 c5 01 c5 01 c5 01 c5,stack,0.20685,0.49835,5.665801765732644,3.066381961190701,34 e3 21 e3 21 c9 34 c9 34 e3 21 e3 21 c9 34 c9,rmw+stack,5.16,ld-mem_L16_st128_k6_s3.summary.json,3000,01 c5 01 c5 01 c5 01 c5 01 c5 01 c5 01 c5 01 c5,0.606,1.0,True,True
ld-mem,16,128,6,4,300000,117000,500,110500,1500,115000,True,01 c5 01 c5 01 c5 01 c5 01 c5 01 c5 01 c5 01 c5,stack,0.1651,0.56065,5.2237335952115345,3.2722985274981666,b0 1e 24 ed b0 1e 24 ed b0 1e 24 ed b0 1e 24 ed,block-copy,28.44,ld-mem_L16_st128_k6_s4.summary.json,500,01 c5 01 c5 01 c5 01 c5 01 c5 01 c5 01 c5 01 c5,0.606,1.0,True,True
ld-mem,16,128,6,5,300000,19000,1000,16500,11500,17000,True,11 d5 11 d5 11 d5 11 d5 11 d5 11 d5 11 d5 11 d5,stack,0.42995,0.78965,4.611814047227359,2.26834405319941,00 e3 21 e3 21 e0 00 e0 00 e3 21 e3 21 e0 00 e0,stack,5.36,ld-mem_L16_st128_k6_s5.summary.json,1000,11 d5 11 d5 11 d5 11 d5 11 d5 11 d5 11 d5 11 d5,0.498,1.0,True,True
ld-mem,16,128,6,6,300000,33500,500,1000,1000,31500,True,01 c5 01 c5 01 c5 01 c5 01 c5 01 c5 01 c5 01 c5,stack,0.439,0.92105,4.658034060130434,2.60006276767631,34 e3 21 e3 21 c9 34 c9 34 e3 21 e3 21 c9 34 c9,rmw+stack,8.54,ld-mem_L16_st128_k6_s6.summary.json,500,01 c5 01 c5 01 c5 01 c5 01 c5 01 c5 01 c5 01 c5,0.606,1.0,True,True
ld-mem,16,128,6,7,300000,300000,2500,-1,3000,-1,True,01 c5 01 c5 01 c5 01 c5 01 c5 01 c5 01 c5 01 c5,stack,0.00915,0.03425,9.85871591297945,5.9963083300537825,11 a8 d3 ed b0 18 72 3c 11 a8 d3 ed b0 18 72 3c,block-copy,60.69,ld-mem_L16_st128_k6_s7.summary.json,2500,01 c5 01 c5 01 c5 01 c5 01 c5 01 c5 01 c5 01 c5,0.606,1.0,True,True
ld-mem,16,128,6,8,300000,26500,4000,4000,4000,24500,True,01 c5 01 c5 01 c5 01 c5 01 c5 01 c5 01 c5 01 c5,stack,0.4661,0.77895,4.346974132392,2.18916073359481,00 e3 21 e3 21 e0 00 e0 00 e3 21 e3 21 e0 00 e0,stack,7.37,ld-mem_L16_st128_k6_s8.summary.json,3500,01 c5 01 c5 01 c5 01 c5 01 c5 01 c5 01 c5 01 c5,0.606,1.0,True,True
ld-mem,16,128,6,9,300000,43500,31500,35000,8500,41500,True,1e a4 ed b0 1e a4 ed b0 1e a4 ed b0 1e a4 ed b0,block-copy,0.5513,0.64515,4.149306703833649,3.3090616482187993,b0 1e a4 ed b0 1e a4 ed b0 1e a4 ed b0 1e a4 ed,block-copy,11.0,ld-mem_L16_st128_k6_s9.summary.json,8000,00 b0 d1 b0 d1 b0 ed b0 10 00 00 50 00 10 50 00,1.0,1.0,True,True
ld-mem,16,32,2,1,300000,300000,224000,231500,227500,-1,True,1e 64 ed b0 1e 64 ed b0 1e 64 ed b0 1e 64 ed b0,block-copy,0.0018,0.00335,13.223337960185546,4.121747626373402,1e 08 f2 63 ed b0 fe 3e 1e 08 f2 63 ed b0 fe 3e,-,47.76,ld-mem_L16_st32_k2_s1.summary.json,222500,1e 64 ed b0 1e 64 ed b0 1e 64 ed b0 1e 64 ed b0,1.0,1.0,True,True
ld-mem,16,32,2,10,300000,300000,73500,77000,75000,-1,True,b0 1e 04 ed b0 1e 04 ed b0 1e 04 ed b0 1e 04 ed,block-copy,0.00105,0.00755,13.322467032314453,4.115006036987549,1e a8 c2 c4 ed b0 b5 0e 1e a8 c2 c4 ed b0 b5 0e,-,48.99,ld-mem_L16_st32_k2_s10.summary.json,72000,b0 1e 04 ed b0 1e 04 ed b0 1e 04 ed b0 1e 04 ed,1.0,1.0,True,True
ld-mem,16,32,2,2,300000,300000,206500,-1,209000,-1,True,1e 04 ed b0 1e 04 ed b0 1e 04 ed b0 1e 04 ed b0,block-copy,0.0006,0.00125,13.467914527691324,4.439294769585966,d1 c0 cb f0 6d 8b ba 37 b4 e2 57 ed b0 42 47 dd,-,45.55,ld-mem_L16_st32_k2_s2.summary.json,204000,1e 04 ed b0 1e 04 ed b0 1e 04 ed b0 1e 04 ed b0,1.0,1.0,True,True
ld-mem,16,32,2,3,300000,27500,21500,22500,22000,25500,True,b0 f5 d1 ed b0 f5 d1 ed b0 f5 d1 ed b0 f5 d1 ed,block-copy+stack,0.45455,0.6557,7.8915183245180485,2.1528355477490235,b0 f5 d1 ed b0 f5 d1 ed b0 f5 d1 ed b0 f5 d1 ed,block-copy+stack,4.67,ld-mem_L16_st32_k2_s3.summary.json,21500,b0 f5 d1 ed b0 f5 d1 ed b0 f5 d1 ed b0 f5 d1 ed,1.0,1.0,True,True
ld-mem,16,32,2,4,300000,300000,52500,-1,54000,-1,True,b0 1e 64 ed b0 1e 64 ed b0 1e 64 ed b0 1e 64 ed,block-copy,0.00135,0.0041,13.246669050370276,4.152473991437418,1e 08 28 5a ed b0 1f 76 1e 08 28 5a ed b0 1f 76,block-copy,51.54,ld-mem_L16_st32_k2_s4.summary.json,50500,b0 1e 64 ed b0 1e 64 ed b0 1e 64 ed b0 1e 64 ed,1.0,1.0,True,True
ld-mem,16,32,2,5,300000,300000,207000,-1,258500,-1,True,1e a4 ed b0 1e a4 ed b0 1e a4 ed b0 1e a4 ed b0,block-copy,0.0129,0.0223,13.288856285828036,3.676075159911341,b0 1e 44 ed b0 1e 44 ed b0 1e 44 ed b0 1e 44 ed,block-copy,49.21,ld-mem_L16_st32_k2_s5.summary.json,144500,1e 04 ed b0 1e 04 ed b0 1e 04 ed b0 1e 04 ed b0,1.0,1.0,True,True
ld-mem,16,32,2,6,300000,300000,217500,221000,219500,-1,True,1e 04 ed b0 1e 04 ed b0 1e 04 ed b0 1e 04 ed b0,block-copy,0.0012,0.01245,13.265938921144581,4.084338495754828,1e c8 c2 e4 ed b0 2e 5e 1e c8 c2 e4 ed b0 2e 5e,-,47.77,ld-mem_L16_st32_k2_s6.summary.json,216500,1e 04 ed b0 1e 04 ed b0 1e 04 ed b0 1e 04 ed b0,1.0,1.0,True,True
ld-mem,16,32,2,7,300000,300000,-1,-1,-1,-1,False,,,0.00065,0.00155,13.422790862657958,4.289445942013941,d1 e0 ed b0 42 02 15 00 d8 2f 9a 3b 42 27 61 69,block-copy+ld-mem,48.67,ld-mem_L16_st32_k2_s7.summary.json,-1,,,1.0,True,False
ld-mem,16,32,2,8,300000,300000,-1,-1,-1,-1,False,,,0.00155,0.00365,13.015090156956528,3.8125293785820737,2e c8 eb ed b0 ab 78 77 2e c8 eb ed b0 ab 78 77,block-copy+ld-mem,48.01,ld-mem_L16_st32_k2_s8.summary.json,217500,b0 1e a4 ed b0 1e a4 ed b0 1e a4 ed b0 1e a4 ed,1.0,1.0,True,True
ld-mem,16,32,2,9,300000,63500,44000,47500,45000,61500,True,b0 f5 d1 ed b0 f5 d1 ed b0 f5 d1 ed b0 f5 d1 ed,block-copy+stack,0.3461,0.49685,9.405412225795247,3.043915095332557,b0 f5 d1 ed b0 f5 d1 ed b0 f5 d1 ed b0 f5 d1 ed,block-copy+stack,10.44,ld-mem_L16_st32_k2_s9.summary.json,43000,b0 f5 d1 ed b0 f5 d1 ed b0 f5 d1 ed b0 f5 d1 ed,1.0,1.0,True,True
ld-mem,16,32,4,1,300000,300000,160500,171500,163500,-1,True,1e 64 ed b0 1e 64 ed b0 1e 64 ed b0 1e 64 ed b0,block-copy,0.1479,0.37715,6.3810324837398955,2.9653771763945818,b0 1e 44 ed b0 1e 44 ed b0 1e 44 ed b0 1e 44 ed,block-copy,46.08,ld-mem_L16_st32_k4_s1.summary.json,158000,1e c4 ed b0 1e c4 ed b0 1e c4 ed b0 1e c4 ed b0,1.0,1.0,True,True
ld-mem,16,32,4,10,300000,300000,90000,159500,155000,-1,True,cb d3 ed b0 cb d3 ed b0 cb d3 ed b0 cb d3 ed b0,block-copy,0.00255,0.01275,11.870372681161147,5.742035317827486,1e e8 4f e4 05 ed b0 69 1e e8 4f e4 05 ed b0 69,stack,46.91,ld-mem_L16_st32_k4_s10.summary.json,80500,cb d3 ed b0 cb d3 ed b0 cb d3 ed b0 cb d3 ed b0,1.0,1.0,True,True
ld-mem,16,32,4,2,300000,300000,-1,-1,-1,-1,False,,,0.0027,0.0159,11.818393368427408,5.378735377498342,c2 e2 11 48 e0 ed b0 4a c2 e2 11 48 e0 ed b0 4a,block-copy,44.42,ld-mem_L16_st32_k4_s2.summary.json,194000,e2 e2 11 e8 41 aa ed b0 e2 e2 11 e8 41 aa ed b0,1.0,1.0,True,True
ld-mem,16,32,4,3,300000,300000,-1,-1,-1,-1,False,,,0.00185,0.0032,12.02520472398379,5.713834663125942,11 50 b0 c3 a7 11 98 ee 63 07 81 02 ed b0 0c fc,block-copy+ld-mem+stack,44.15,ld-mem_L16_st32_k4_s3.summary.json,132000,1e 68 c3 63 d5 bd ed b0 1e 68 c3 63 d5 bd ed b0,1.0,1.0,True,True
ld-mem,16,32,4,4,300000,300000,103000,-1,-1,-1,False,4e 32 c2 04 cb db ed b0 4e 32 c2 04 cb db ed b0,block-copy+ld-mem,0.00505,0.0064,11.866330912997281,5.247455142617294,cb d3 ed b0 cb d3 ed b0 cb d3 ed b0 cb d3 ed b0,block-copy,46.28,ld-mem_L16_st32_k4_s4.summary.json,102500,cb db ed b0 1d 00 29 0e cb db ed b0 1d 00 29 0e,1.0,1.0,True,True
ld-mem,16,32,4,5,300000,298000,69500,70500,70000,296000,True,1e 44 ed b0 1e 44 ed b0 1e 44 ed b0 1e 44 ed b0,block-copy,0.11265,0.43725,6.324840379293371,2.8644787548627777,1e 44 ed b0 1e 44 ed b0 1e 44 ed b0 1e 44 ed b0,block-copy,46.12,ld-mem_L16_st32_k4_s5.summary.json,69000,1e 44 ed b0 1e 44 ed b0 1e 44 ed b0 1e 44 ed b0,1.0,1.0,True,True
ld-mem,16,32,4,6,300000,300000,101500,105500,102000,-1,True,1e 04 ed b0 1e 04 ed b0 1e 04 ed b0 1e 04 ed b0,block-copy,0.0029,0.00665,11.949253884314869,5.74444579429204,1e 50 c3 8e 2c 22 6f fa ad 40 7d 93 b4 5d ed b0,block-copy+ld-mem,45.87,ld-mem_L16_st32_k4_s6.summary.json,99500,1e 64 ed b0 1e 64 ed b0 1e 64 ed b0 1e 64 ed b0,1.0,1.0,True,True
ld-mem,16,32,4,7,300000,179000,54500,61500,56500,177000,True,b0 1e 24 ed b0 1e 24 ed b0 1e 24 ed b0 1e 24 ed,block-copy,0.1299,0.4774,6.38111729922875,2.9267150758951876,b0 1e 84 ed b0 1e 84 ed b0 1e 84 ed b0 1e 84 ed,block-copy,26.5,ld-mem_L16_st32_k4_s7.summary.json,52500,b0 1e 24 ed b0 1e 24 ed b0 1e 24 ed b0 1e 24 ed,1.0,1.0,True,True
ld-mem,16,32,4,8,300000,300000,-1,-1,-1,-1,False,,,0.00095,0.0079,14.26033472902403,0.46869561085461875,00 03 00 03 00 03 00 03 00 03 00 03 00 03 00 00,-,49.02,ld-mem_L16_st32_k4_s8.summary.json,-1,,,0.012,False,False
ld-mem,16,32,4,9,300000,300000,-1,-1,-1,-1,False,,,0.0053,0.007,11.708194947528462,5.475059634765835,11 c8 a9 c2 85 ed b0 89 11 c8 a9 c2 85 ed b0 89,-,47.12,ld-mem_L16_st32_k4_s9.summary.json,203000,11 88 5e d4 c5 ed b0 76 11 88 5e d4 c5 ed b0 76,1.0,1.0,True,True
ld-mem,16,32,6,1,300000,4000,1500,-1,1500,2000,True,00 e1 a8 d0 dd 28 b7 d5 1d 2d a4 ed b8 01 00 00,block-copy+stack,0.0061,0.0409,10.352419085522925,5.078374982875421,94 e1 a8 d0 1b 28 6d d5 1d 2d a4 ed b8 01 00 7c,block-copy+stack,0.67,ld-mem_L16_st32_k6_s1.summary.json,1500,00 e1 a8 d0 dd 28 b7 d5 1d 2d a4 ed b8 01 00 00,1.0,1.0,True,True
ld-mem,16,32,6,10,300000,300000,24500,-1,23500,-1,True,01 c5 01 c5 01 c5 01 c5 01 c5 01 c5 01 c5 01 c5,stack,0.0319,0.1992,13.267096671526875,1.0021280517205162,01 c5 01 c5 01 c5 01 c5 01 c5 01 c5 01 c5 01 c5,stack,47.62,ld-mem_L16_st32_k6_s10.summary.json,18500,01 c5 01 c5 01 c5 01 c5 01 c5 01 c5 01 c5 01 c5,0.568,0.63,True,True
ld-mem,16,32,6,2,300000,300000,21000,-1,19000,-1,True,01 c5 01 c5 01 c5 01 c5 01 c5 01 c5 01 c5 01 c5,stack,0.0314,0.1873,13.359636554499055,0.9949876505722792,01 c5 01 c5 01 c5 01 c5 01 c5 01 c5 01 c5 01 c5,stack,49.71,ld-mem_L16_st32_k6_s2.summary.json,15500,01 c5 01 c5 01 c5 01 c5 01 c5 01 c5 01 c5 01 c5,0.568,0.455,True,True
ld-mem,16,32,6,3,300000,300000,17000,-1,16000,-1,True,01 c5 01 c5 01 c5 01 c5 01 c5 01 c5 01 c5 01 c5,stack,0.03075,0.17845,13.440528461349697,0.9842630917699267,01 c5 01 c5 01 c5 01 c5 01 c5 01 c5 01 c5 01 c5,stack,50.02,ld-mem_L16_st32_k6_s3.summary.json,13000,01 c5 01 c5 01 c5 01 c5 01 c5 01 c5 01 c5 01 c5,0.568,0.52,True,True
ld-mem,16,32,6,4,300000,300000,101500,-1,100500,-1,True,01 c5 01 c5 01 c5 01 c5 01 c5 01 c5 01 c5 01 c5,stack,0.0355,0.21915,13.217965930510843,0.9895438795373956,01 c5 01 c5 01 c5 01 c5 01 c5 01 c5 01 c5 01 c5,stack,47.23,ld-mem_L16_st32_k6_s4.summary.json,96500,01 c5 01 c5 01 c5 01 c5 01 c5 01 c5 01 c5 01 c5,0.568,0.441,True,True
ld-mem,16,32,6,5,300000,300000,12500,-1,11500,-1,True,01 c5 01 c5 01 c5 01 c5 01 c5 01 c5 01 c5 01 c5,stack,0.0334,0.1879,13.33017276081633,0.9783209470446574,01 c5 01 c5 01 c5 01 c5 01 c5 01 c5 01 c5 01 c5,stack,46.39,ld-mem_L16_st32_k6_s5.summary.json,8000,01 c5 01 c5 01 c5 01 c5 01 c5 01 c5 01 c5 01 c5,0.568,0.525,True,True
ld-mem,16,32,6,6,300000,300000,15500,-1,15500,-1,True,01 c5 01 c5 01 c5 01 c5 01 c5 01 c5 01 c5 01 c5,stack,0.0333,0.18945,13.362088894991125,1.0602485767491991,21 e5 21 e5 21 e5 21 e5 21 e5 21 e5 21 e5 21 e5,stack,46.98,ld-mem_L16_st32_k6_s6.summary.json,11500,01 c5 01 c5 01 c5 01 c5 01 c5 01 c5 01 c5 01 c5,0.568,0.525,True,True
ld-mem,16,32,6,7,300000,300000,92500,-1,92000,-1,True,01 c5 01 c5 01 c5 01 c5 01 c5 01 c5 01 c5 01 c5,stack,0.0347,0.19905,13.289942885122631,0.9919372602353667,01 c5 01 c5 01 c5 01 c5 01 c5 01 c5 01 c5 01 c5,stack,45.57,ld-mem_L16_st32_k6_s7.summary.json,89500,01 c5 01 c5 01 c5 01 c5 01 c5 01 c5 01 c5 01 c5,0.568,0.425,True,True
ld-mem,16,32,6,8,300000,300000,20000,-1,19500,-1,True,01 c5 01 c5 01 c5 01 c5 01 c5 01 c5 01 c5 01 c5,stack,0.04315,0.23535,13.040630154919317,1.0052525350030308,01 c5 01 c5 01 c5 01 c5 01 c5 01 c5 01 c5 01 c5,stack,45.75,ld-mem_L16_st32_k6_s8.summary.json,17000,01 c5 01 c5 01 c5 01 c5 01 c5 01 c5 01 c5 01 c5,0.568,0.358,True,True
ld-mem,16,32,6,9,300000,300000,9500,-1,9000,-1,True,01 c5 01 c5 01 c5 01 c5 01 c5 01 c5 01 c5 01 c5,stack,0.03495,0.2027,13.239813473347942,0.9985586322638595,01 c5 01 c5 01 c5 01 c5 01 c5 01 c5 01 c5 01 c5,stack,46.76,ld-mem_L16_st32_k6_s9.summary.json,6000,01 c5 01 c5 01 c5 01 c5 01 c5 01 c5 01 c5 01 c5,0.568,0.523,True,True
ld-mem,16,512,2,1,300000,300000,500,1000,1000,-1,True,01 c5 01 c5 01 c5 01 c5 01 c5 01 c5 01 c5 01 c5,stack,0.17525,0.2405,10.122817476017383,2.0883831769767873,01 c5 01 c5 01 c5 01 c5 01 c5 01 c5 01 c5 01 c5,stack,263.4,ld-mem_L16_st512_k2_s1.summary.json,500,01 c5 01 c5 01 c5 01 c5 01 c5 01 c5 01 c5 01 c5,0.552,0.601,True,True
ld-mem,16,512,2,10,300000,300000,1000,1500,1500,-1,True,01 c5 01 c5 01 c5 01 c5 01 c5 01 c5 01 c5 01 c5,stack,0.1578,0.21725,9.985105693416978,2.1046222274300304,01 c5 01 c5 01 c5 01 c5 01 c5 01 c5 01 c5 01 c5,stack,263.67,ld-mem_L16_st512_k2_s10.summary.json,500,01 c5 01 c5 01 c5 01 c5 01 c5 01 c5 01 c5 01 c5,0.552,0.671,True,True
ld-mem,16,512,2,2,300000,300000,500,1000,1000,-1,True,01 c5 01 c5 01 c5 01 c5 01 c5 01 c5 01 c5 01 c5,stack,0.16485,0.22195,10.181636473653372,2.136004294513588,01 c5 01 c5 01 c5 01 c5 01 c5 01 c5 01 c5 01 c5,stack,262.49,ld-mem_L16_st512_k2_s2.summary.json,500,01 c5 01 c5 01 c5 01 c5 01 c5 01 c5 01 c5 01 c5,0.552,0.465,True,True
ld-mem,16,512,2,3,300000,300000,500,1000,1000,-1,True,01 c5 01 c5 01 c5 01 c5 01 c5 01 c5 01 c5 01 c5,stack,0.1645,0.2208,10.090678947405443,2.1253782260809864,01 c5 01 c5 01 c5 01 c5 01 c5 01 c5 01 c5 01 c5,stack,262.54,ld-mem_L16_st512_k2_s3.summary.json,500,01 c5 01 c5 01 c5 01 c5 01 c5 01 c5 01 c5 01 c5,0.552,0.662,True,True
ld-mem,16,512,2,4,300000,300000,1000,2000,1500,-1,True,01 c5 01 c5 01 c5 01 c5 01 c5 01 c5 01 c5 01 c5,stack,0.17655,0.2433,10.19024232672407,2.100488242723972,01 c5 01 c5 01 c5 01 c5 01 c5 01 c5 01 c5 01 c5,stack,262.63,ld-mem_L16_st512_k2_s4.summary.json,500,01 c5 01 c5 01 c5 01 c5 01 c5 01 c5 01 c5 01 c5,0.552,0.629,True,True
ld-mem,16,512,2,5,300000,300000,500,1000,1000,-1,True,01 c5 01 c5 01 c5 01 c5 01 c5 01 c5 01 c5 01 c5,stack,0.15855,0.2201,10.169654188270453,2.13191848773565,01 c5 01 c5 01 c5 01 c5 01 c5 01 c5 01 c5 01 c5,stack,265.96,ld-mem_L16_st512_k2_s5.summary.json,500,01 c5 01 c5 01 c5 01 c5 01 c5 01 c5 01 c5 01 c5,0.552,0.732,True,True
ld-mem,16,512,2,6,300000,85000,500,2000,1500,83000,True,11 d5 11 d5 11 d5 11 d5 11 d5 11 d5 11 d5 11 d5,stack,0.12865,0.51785,9.25862276156891,2.443491546293899,b0 1e 84 ed b0 1e 84 ed b0 1e 84 ed b0 1e 84 ed,block-copy,75.19,ld-mem_L16_st512_k2_s6.summary.json,500,11 d5 11 d5 11 d5 11 d5 11 d5 11 d5 11 d5 11 d5,0.465,1.0,True,True
ld-mem,16,512,2,7,300000,300000,1000,1500,1500,-1,True,01 c5 01 c5 01 c5 01 c5 01 c5 01 c5 01 c5 01 c5,stack,0.14405,0.1984,10.459192990258494,2.094827241454857,01 c5 01 c5 01 c5 01 c5 01 c5 01 c5 01 c5 01 c5,stack,261.79,ld-mem_L16_st512_k2_s7.summary.json,1000,01 c5 01 c5 01 c5 01 c5 01 c5 01 c5 01 c5 01 c5,0.552,0.619,True,True
ld-mem,16,512,2,8,300000,300000,1000,1500,1000,-1,True,01 c5 01 c5 01 c5 01 c5 01 c5 01 c5 01 c5 01 c5,stack,0.15165,0.21005,10.337823799954382,2.090643104939282,21 e5 21 e5 21 e5 21 e5 21 e5 21 e5 21 e5 21 e5,stack,262.95,ld-mem_L16_st512_k2_s8.summary.json,500,01 c5 01 c5 01 c5 01 c5 01 c5 01 c5 01 c5 01 c5,0.552,0.677,True,True
ld-mem,16,512,2,9,300000,300000,500,1000,1000,-1,True,01 c5 01 c5 01 c5 01 c5 01 c5 01 c5 01 c5 01 c5,stack,0.1665,0.2291,10.217941225200294,2.076306808303494,01 c5 01 c5 01 c5 01 c5 01 c5 01 c5 01 c5 01 c5,stack,262.82,ld-mem_L16_st512_k2_s9.summary.json,500,01 c5 01 c5 01 c5 01 c5 01 c5 01 c5 01 c5 01 c5,0.552,0.595,True,True
ld-mem,16,512,4,1,300000,111000,500,500,500,109000,True,01 c5 01 c5 01 c5 01 c5 01 c5 01 c5 01 c5 01 c5,stack,0.78385,0.89485,2.804318144995153,1.8069644371930904,b5 e3 21 e3 21 e8 b5 e8 b5 e3 21 e3 21 e8 b5 e8,stack,71.21,ld-mem_L16_st512_k4_s1.summary.json,500,01 c5 01 c5 01 c5 01 c5 01 c5 01 c5 01 c5 01 c5,0.552,1.0,True,True
ld-mem,16,512,4,10,300000,300000,4000,4000,4000,-1,True,01 c5 01 c5 01 c5 01 c5 01 c5 01 c5 01 c5 01 c5,stack,0.35765,0.3994,6.355029137768618,2.5745405414411024,c8 e3 21 e3 21 81 c8 81 c8 e3 21 e3 21 81 c8 81,stack,181.59,ld-mem_L16_st512_k4_s10.summary.json,4000,01 c5 01 c5 01 c5 01 c5 01 c5 01 c5 01 c5 01 c5,0.552,1.0,True,True
ld-mem,16,512,4,2,300000,300000,500,500,500,-1,True,01 c5 01 c5 01 c5 01 c5 01 c5 01 c5 01 c5 01 c5,stack,0.29275,0.33875,6.767612083517136,2.618973135098534,c8 e3 21 e3 21 81 c8 81 c8 e3 21 e3 21 81 c8 81,stack,187.64,ld-mem_L16_st512_k4_s2.summary.json,500,01 c5 01 c5 01 c5 01 c5 01 c5 01 c5 01 c5 01 c5,0.552,1.0,True,True
ld-mem,16,512,4,3,300000,231500,500,1000,1000,229500,True,01 c5 01 c5 01 c5 01 c5 01 c5 01 c5 01 c5 01 c5,stack,0.3848,0.43145,6.140036161243994,2.529730748183277,c8 e3 21 e3 21 81 c8 81 c8 e3 21 e3 21 81 c8 81,stack,140.41,ld-mem_L16_st512_k4_s3.summary.json,500,01 c5 01 c5 01 c5 01 c5 01 c5 01 c5 01 c5 01 c5,0.552,1.0,True,True
ld-mem,16,512,4,4,300000,61000,500,2500,1000,59000,True,01 c5 01 c5 01 c5 01 c5 01 c5 01 c5 01 c5 01 c5,stack,0.38295,0.42895,6.067923355508956,2.54018382049082,c8 e3 21 e3 21 81 c8 81 c8 e3 21 e3 21 81 c8 81,stack,39.68,ld-mem_L16_st512_k4_s4.summary.json,500,01 c5 01 c5 01 c5 01 c5 01 c5 01 c5 01 c5 01 c5,0.552,1.0,True,True
ld-mem,16,512,4,5,300000,15000,500,1000,1000,13000,True,01 c5 01 c5 01 c5 01 c5 01 c5 01 c5 01 c5 01 c5,stack,0.1507,0.35205,8.672567854053796,2.308031870797741,21 e3 21 e3 21 e3 21 e3 21 e3 21 e3 21 e3 21 e3,stack,11.8,ld-mem_L16_st512_k4_s5.summary.json,500,01 c5 01 c5 01 c5 01 c5 01 c5 01 c5 01 c5 01 c5,0.552,1.0,True,True
ld-mem,16,512,4,6,300000,8500,500,4000,1000,6500,True,21 e5 21 e5 21 e5 21 e5 21 e5 21 e5 21 e5 21 e5,stack,0.13165,0.29935,8.09278625596001,2.3215106368577376,21 e3 21 e3 21 e3 21 e3 21 e3 21 e3 21 e3 21 e3,stack,7.0,ld-mem_L16_st512_k4_s6.summary.json,500,21 e5 21 e5 21 e5 21 e5 21 e5 21 e5 21 e5 21 e5,0.565,1.0,True,True
ld-mem,16,512,4,7,300000,87000,1000,1500,1000,85000,True,01 c5 01 c5 01 c5 01 c5 01 c5 01 c5 01 c5 01 c5,stack,0.77435,0.88715,2.895275388986273,1.8377420592127676,b5 e3 21 e3 21 e8 b5 e8 b5 e3 21 e3 21 e8 b5 e8,stack,61.56,ld-mem_L16_st512_k4_s7.summary.json,1000,01 c5 01 c5 01 c5 01 c5 01 c5 01 c5 01 c5 01 c5,0.552,1.0,True,True
ld-mem,16,512,4,8,300000,8000,2000,2500,2000,6000,True,21 e5 21 e5 21 e5 21 e5 21 e5 21 e5 21 e5 21 e5,stack,0.13865,0.31385,8.161804844870877,2.318981647023675,21 e3 21 e3 21 e3 21 e3 21 e3 21 e3 21 e3 21 e3,stack,6.74,ld-mem_L16_st512_k4_s8.summary.json,2000,21 e5 21 e5 21 e5 21 e5 21 e5 21 e5 21 e5 21 e5,0.565,1.0,True,True
ld-mem,16,512,4,9,300000,173500,500,1000,1000,171500,True,01 c5 01 c5 01 c5 01 c5 01 c5 01 c5 01 c5 01 c5,stack,0.762,0.8691,3.0267301685025587,1.8947757064363784,b5 e3 21 e3 21 e8 b5 e8 b5 e3 21 e3 21 e8 b5 e8,stack,108.28,ld-mem_L16_st512_k4_s9.summary.json,500,01 c5 01 c5 01 c5 01 c5 01 c5 01 c5 01 c5 01 c5,0.552,1.0,True,True
ld-mem,16,512,6,1,300000,12000,500,500,500,10000,True,01 c5 01 c5 01 c5 01 c5 01 c5 01 c5 01 c5 01 c5,stack,0.1874,0.63665,5.741958222971203,2.2578375080379005,12 e3 21 e3 21 e0 12 e0 12 e3 21 e3 21 e0 12 e0,ld-mem+stack,9.31,ld-mem_L16_st512_k6_s1.summary.json,500,01 c5 01 c5 01 c5 01 c5 01 c5 01 c5 01 c5 01 c5,0.552,1.0,True,True
ld-mem,16,512,6,10,300000,22500,1000,1000,1000,20500,True,01 c5 01 c5 01 c5 01 c5 01 c5 01 c5 01 c5 01 c5,stack,0.3097,0.63715,5.301764958801577,2.171704301235211,8b e3 21 e3 21 e0 8b e0 8b e3 21 e3 21 e0 8b e0,stack,18.08,ld-mem_L16_st512_k6_s10.summary.json,500,01 c5 01 c5 01 c5 01 c5 01 c5 01 c5 01 c5 01 c5,0.552,1.0,True,True
ld-mem,16,512,6,2,300000,21500,1000,1000,1000,19500,True,01 c5 01 c5 01 c5 01 c5 01 c5 01 c5 01 c5 01 c5,stack,0.46555,0.6755,4.229365372679923,2.049068294715065,41 e3 21 e3 21 e0 41 e0 41 e3 21 e3 21 e0 41 e0,stack,17.87,ld-mem_L16_st512_k6_s2.summary.json,1000,01 c5 01 c5 01 c5 01 c5 01 c5 01 c5 01 c5 01 c5,0.552,1.0,True,True
ld-mem,16,512,6,3,300000,19000,500,1000,1000,17000,True,01 c5 01 c5 01 c5 01 c5 01 c5 01 c5 01 c5 01 c5,stack,0.41325,0.7125,4.621182338493507,2.1624120758529277,00 e3 21 e3 21 e0 00 e0 00 e3 21 e3 21 e0 00 e0,stack,15.22,ld-mem_L16_st512_k6_s3.summary.json,500,01 c5 01 c5 01 c5 01 c5 01 c5 01 c5 01 c5 01 c5,0.552,1.0,True,True
ld-mem,16,512,6,4,300000,59500,2000,57000,3000,57500,True,01 c5 01 c5 01 c5 01 c5 01 c5 01 c5 01 c5 01 c5,stack,0.2862,0.57405,5.344904946389573,2.0750624553860924,14 e3 21 e3 21 e0 14 e0 14 e3 21 e3 21 e0 14 e0,stack,47.14,ld-mem_L16_st512_k6_s4.summary.json,2000,01 c5 01 c5 01 c5 01 c5 01 c5 01 c5 01 c5 01 c5,0.552,1.0,True,True
ld-mem,16,512,6,5,300000,9500,500,1000,1000,7500,True,21 e5 21 e5 21 e5 21 e5 21 e5 21 e5 21 e5 21 e5,stack,0.3085,0.6804,5.165926393325717,2.2349754569335527,00 e3 21 e3 21 e0 00 e0 00 e3 21 e3 21 e0 00 e0,stack,7.27,ld-mem_L16_st512_k6_s5.summary.json,500,21 e5 21 e5 21 e5 21 e5 21 e5 21 e5 21 e5 21 e5,0.565,1.0,True,True
ld-mem,16,512,6,6,300000,26500,3500,24000,4000,24500,True,01 c5 01 c5 01 c5 01 c5 01 c5 01 c5 01 c5 01 c5,stack,0.41975,0.6943,4.563868721233327,2.130973954555823,46 e3 21 e3 21 e0 46 e0 46 e3 21 e3 21 e0 46 e0,stack,22.16,ld-mem_L16_st512_k6_s6.summary.json,3500,01 c5 01 c5 01 c5 01 c5 01 c5 01 c5 01 c5 01 c5,0.552,1.0,True,True
ld-mem,16,512,6,7,300000,95000,3000,92500,4000,93000,True,21 e5 21 e5 21 e5 21 e5 21 e5 21 e5 21 e5 21 e5,stack,0.24815,0.6351,5.281716815623921,2.190605576076039,14 e3 21 e3 21 e0 14 e0 14 e3 21 e3 21 e0 14 e0,stack,66.34,ld-mem_L16_st512_k6_s7.summary.json,3000,21 e5 21 e5 21 e5 21 e5 21 e5 21 e5 21 e5 21 e5,0.565,1.0,True,True
ld-mem,16,512,6,8,300000,195000,3000,3500,3500,193000,True,01 c5 01 c5 01 c5 01 c5 01 c5 01 c5 01 c5 01 c5,stack,0.45095,0.71875,4.300756695986989,2.116649917221681,7e e3 21 e3 21 e0 7e e0 7e e3 21 e3 21 e0 7e e0,stack,137.27,ld-mem_L16_st512_k6_s8.summary.json,3000,01 c5 01 c5 01 c5 01 c5 01 c5 01 c5 01 c5 01 c5,0.552,1.0,True,True
ld-mem,16,512,6,9,300000,14500,5500,5500,5500,12500,True,01 c5 01 c5 01 c5 01 c5 01 c5 01 c5 01 c5 01 c5,stack,0.3589,0.66645,5.002517483640214,2.162327802878275,00 e3 21 e3 21 e0 00 e0 00 e3 21 e3 21 e0 00 e0,stack,12.37,ld-mem_L16_st512_k6_s9.summary.json,5000,01 c5 01 c5 01 c5 01 c5 01 c5 01 c5 01 c5 01 c5,0.552,1.0,True,True
no-copy,16,128,2,1,300000,300000,-1,-1,-1,-1,False,,,0.0041,0.0319,14.219825408979524,0.6546701637463688,ff 41 00 41 00 41 00 41 00 41 00 41 00 41 00 41,stack,86.06,no-copy_L16_st128_k2_s1.summary.json,-1,,,0.027,False,False
no-copy,16,128,2,10,300000,300000,-1,-1,-1,-1,False,,,0.00415,0.03515,14.199162224739213,0.7054233764014013,ff 41 00 41 00 41 00 41 00 41 00 41 00 41 00 41,stack,84.34,no-copy_L16_st128_k2_s10.summary.json,-1,,,0.005,False,False
no-copy,16,128,2,2,300000,300000,-1,-1,-1,-1,False,,,0.00445,0.03425,14.20091452889509,0.6655901023216737,ff 41 00 41 00 41 00 41 00 41 00 41 00 41 00 41,stack,82.49,no-copy_L16_st128_k2_s2.summary.json,-1,,,0.014,False,False
no-copy,16,128,2,3,300000,300000,-1,-1,-1,-1,False,,,0.00325,0.03165,14.21764339397365,0.6862038758943143,ff 41 00 41 00 41 00 41 00 41 00 41 00 41 00 41,stack,83.11,no-copy_L16_st128_k2_s3.summary.json,-1,,,0.013,False,False
no-copy,16,128,2,4,300000,300000,-1,-1,-1,-1,False,,,0.0036,0.0316,14.219662252182339,0.6946137816479423,ff 41 00 41 00 41 00 41 00 41 00 41 00 41 00 41,stack,83.13,no-copy_L16_st128_k2_s4.summary.json,-1,,,0.017,False,False
no-copy,16,128,2,5,300000,300000,-1,-1,-1,-1,False,,,0.00405,0.03015,14.210494524578312,0.6807422936607548,ff 41 00 41 00 41 00 41 00 41 00 41 00 41 00 41,stack,83.15,no-copy_L16_st128_k2_s5.summary.json,-1,,,0.004,False,False
no-copy,16,128,2,6,300000,300000,-1,-1,-1,-1,False,,,0.0033,0.0299,14.214011016784044,0.6841732432671366,ff 41 00 41 00 41 00 41 00 41 00 41 00 41 00 41,stack,83.6,no-copy_L16_st128_k2_s6.summary.json,-1,,,0.015,False,False
no-copy,16,128,2,7,300000,300000,-1,-1,-1,-1,False,,,0.0043,0.03355,14.212146377588285,0.6689516935596433,ff 41 00 41 00 41 00 41 00 41 00 41 00 41 00 41,stack,84.74,no-copy_L16_st128_k2_s7.summary.json,-1,,,0.022,False,False
no-copy,16,128,2,8,300000,300000,-1,-1,-1,-1,False,,,0.0047,0.03425,14.204254443617135,0.6662620285626728,ff 41 00 41 00 41 00 41 00 41 00 41 00 41 00 41,stack,83.54,no-copy_L16_st128_k2_s8.summary.json,-1,,,0.005,False,False
no-copy,16,128,2,9,300000,300000,-1,-1,-1,-1,False,,,0.00365,0.0306,14.209395292417078,0.6915425573066356,ff 41 00 41 00 41 00 41 00 41 00 41 00 41 00 41,stack,83.64,no-copy_L16_st128_k2_s9.summary.json,-1,,,0.013,False,False
no-copy,16,128,4,1,300000,300000,-1,-1,-1,-1,False,,,0.00645,0.0573,14.094965093093274,0.8049185910992138,ff 41 00 41 00 41 00 41 00 41 00 41 00 41 00 41,stack,80.94,no-copy_L16_st128_k4_s1.summary.json,-1,,,0.04,False,False
no-copy,16,128,4,10,300000,300000,-1,-1,-1,-1,False,,,0.00605,0.0524,14.123519647903768,0.7943342169909124,ff 41 00 41 00 41 00 41 00 41 00 41 00 41 00 41,stack,80.98,no-copy_L16_st128_k4_s10.summary.json,-1,,,0.014,False,False
no-copy,16,128,4,2,300000,300000,-1,-1,-1,-1,False,,,0.0055,0.0551,14.107049710839497,0.8178076051062746,ff 41 00 41 00 41 00 41 00 41 00 41 00 41 00 41,stack,80.08,no-copy_L16_st128_k4_s2.summary.json,-1,,,0.021,False,False
no-copy,16,128,4,3,300000,300000,-1,-1,-1,-1,False,,,0.006,0.05765,14.091333656715538,0.8317401408119789,ff 41 00 41 00 41 00 41 00 41 00 41 00 41 00 41,stack,80.42,no-copy_L16_st128_k4_s3.summary.json,-1,,,0.039,False,False
no-copy,16,128,4,4,300000,300000,-1,-1,-1,-1,False,,,0.00595,0.05685,14.089660559321818,0.8229870672669257,ff 41 00 41 00 41 00 41 00 41 00 41 00 41 00 41,stack,80.45,no-copy_L16_st128_k4_s4.summary.json,-1,,,0.016,False,False
no-copy,16,128,4,5,300000,300000,-1,-1,-1,-1,False,,,0.00625,0.05895,14.088534833704694,0.8317506428790864,ff 41 00 41 00 41 00 41 00 41 00 41 00 41 00 41,stack,81.44,no-copy_L16_st128_k4_s5.summary.json,-1,,,0.017,False,False
no-copy,16,128,4,6,300000,300000,-1,-1,-1,-1,False,,,0.00535,0.05125,14.114692372094368,0.8243873841517066,ff 41 00 41 00 41 00 41 00 41 00 41 00 41 00 41,stack,80.6,no-copy_L16_st128_k4_s6.summary.json,-1,,,0.016,False,False
no-copy,16,128,4,7,300000,300000,-1,-1,-1,-1,False,,,0.0055,0.00765,14.10094934984673,0.8148140186990229,ff 41 00 41 00 51 00 51 00 51 00 51 00 11 00 41,stack,80.58,no-copy_L16_st128_k4_s7.summary.json,-1,,,0.009,False,False
no-copy,16,128,4,8,300000,300000,-1,-1,-1,-1,False,,,0.00645,0.0587,14.08822634978592,0.8615294262979365,ff 41 00 41 00 41 00 41 00 41 00 41 00 41 00 41,stack,81.04,no-copy_L16_st128_k4_s8.summary.json,-1,,,0.013,False,False
no-copy,16,128,4,9,300000,300000,-1,-1,-1,-1,False,,,0.0063,0.0579,14.097105907744835,0.8287638204669028,ff 41 00 41 00 41 00 41 00 41 00 41 00 41 00 41,stack,80.44,no-copy_L16_st128_k4_s9.summary.json,-1,,,0.015,False,False
no-copy,16,128,6,1,300000,300000,-1,-1,-1,-1,False,,,0.0063,0.00815,14.01644703657464,0.8639069396969425,ff 41 00 41 00 51 00 51 00 51 00 51 00 11 00 41,stack,79.4,no-copy_L16_st128_k6_s1.summary.json,-1,,,-0.001,False,False
no-copy,16,128,6,10,300000,300000,-1,-1,-1,-1,False,,,0.0061,0.06195,14.033023472522483,0.8992300857807711,ff 41 00 41 00 41 00 41 00 41 00 41 00 41 00 41,stack,79.49,no-copy_L16_st128_k6_s10.summary.json,-1,,,0.019,False,False
no-copy,16,128,6,2,300000,300000,-1,-1,-1,-1,False,,,0.00705,0.06765,14.02553716941681,0.8835463387666032,ff 41 00 41 00 41 00 41 00 41 00 41 00 41 00 41,stack,79.28,no-copy_L16_st128_k6_s2.summary.json,-1,,,-0.004,False,False
no-copy,16,128,6,3,300000,300000,-1,-1,-1,-1,False,,,0.0066,0.00845,14.005733577380333,0.8724437424080724,ff 41 00 41 00 51 00 51 00 51 00 51 00 11 00 41,stack,78.85,no-copy_L16_st128_k6_s3.summary.json,-1,,,0.0,False,False
no-copy,16,128,6,4,300000,300000,-1,-1,-1,-1,False,,,0.0062,0.0641,14.038734920547078,0.8532082262681717,ff 41 00 41 00 41 00 41 00 41 00 41 00 41 00 41,stack,82.69,no-copy_L16_st128_k6_s4.summary.json,-1,,,0.029,False,False
no-copy,16,128,6,5,300000,300000,-1,-1,-1,-1,False,,,0.00635,0.00865,14.032011157383241,0.8659960161513736,ff 41 00 41 00 51 00 51 00 51 00 51 00 11 00 41,stack,79.09,no-copy_L16_st128_k6_s5.summary.json,-1,,,0.014,False,False
no-copy,16,128,6,6,300000,300000,-1,-1,-1,-1,False,,,0.0064,0.06435,14.037271073657019,0.8674671059773305,ff 41 00 41 00 41 00 41 00 41 00 41 00 41 00 41,stack,79.37,no-copy_L16_st128_k6_s6.summary.json,-1,,,0.034,False,False
no-copy,16,128,6,7,300000,300000,-1,-1,-1,-1,False,,,0.0061,0.064,14.045289640419952,0.8628895511706709,ff 41 00 41 00 41 00 41 00 41 00 41 00 41 00 41,stack,79.16,no-copy_L16_st128_k6_s7.summary.json,-1,,,0.016,False,False
no-copy,16,128,6,8,300000,300000,-1,-1,-1,-1,False,,,0.00725,0.00875,14.020554329342751,0.8873630719713796,ff 41 00 41 00 51 00 51 00 51 00 51 00 11 00 41,stack,79.28,no-copy_L16_st128_k6_s8.summary.json,-1,,,-0.002,False,False
no-copy,16,128,6,9,300000,300000,-1,-1,-1,-1,False,,,0.0073,0.06545,14.028472400763246,0.8841287818087222,ff 41 00 41 00 41 00 41 00 41 00 41 00 41 00 41,stack,79.67,no-copy_L16_st128_k6_s9.summary.json,-1,,,0.0,False,False
no-copy,16,32,2,1,300000,300000,-1,-1,-1,-1,False,,,0.0004,0.00355,14.282778827826293,0.37600705763197606,00 01 00 01 00 01 00 01 00 01 00 01 00 01 00 01,-,47.98,no-copy_L16_st32_k2_s1.summary.json,-1,,,0.027,False,False
no-copy,16,32,2,10,300000,300000,-1,-1,-1,-1,False,,,0.00105,0.0053,14.278519964231805,0.40655826140138007,00 01 00 01 00 01 00 01 00 01 00 01 00 01 00 01,-,47.77,no-copy_L16_st32_k2_s10.summary.json,-1,,,0.012,False,False
no-copy,16,32,2,2,300000,300000,-1,-1,-1,-1,False,,,0.00065,0.0041,14.282375634208499,0.38948016454026835,00 01 00 01 00 01 00 01 00 01 00 01 00 01 00 01,-,48.12,no-copy_L16_st32_k2_s2.summary.json,-1,,,0.015,False,False
no-copy,16,32,2,3,300000,300000,-1,-1,-1,-1,False,,,0.00075,0.00345,14.280268978477414,0.39682465564339786,00 01 00 01 00 01 00 01 00 01 00 01 00 01 00 01,-,48.95,no-copy_L16_st32_k2_s3.summary.json,-1,,,0.032,False,False
no-copy,16,32,2,4,300000,300000,-1,-1,-1,-1,False,,,0.00085,0.0034,14.280031087860012,0.4092073206931195,00 01 00 01 00 01 00 01 00 01 00 01 00 01 00 01,-,48.92,no-copy_L16_st32_k2_s4.summary.json,-1,,,0.007,False,False
no-copy,16,32,2,5,300000,300000,-1,-1,-1,-1,False,,,0.00095,0.00445,14.278038303415016,0.41058454257536514,00 01 00 01 00 01 00 01 00 01 00 01 00 01 00 01,-,49.53,no-copy_L16_st32_k2_s5.summary.json,-1,,,0.016,False,False
no-copy,16,32,2,6,300000,300000,-1,-1,-1,-1,False,,,0.00055,0.00445,14.281435494986425,0.3923583625971201,00 01 00 01 00 01 00 01 00 01 00 01 00 01 00 01,-,47.83,no-copy_L16_st32_k2_s6.summary.json,-1,,,0.022,False,False
no-copy,16,32,2,7,300000,300000,-1,-1,-1,-1,False,,,0.0007,0.0042,14.278248141174458,0.3909157155646339,00 01 00 01 00 01 00 01 00 01 00 01 00 01 00 01,-,48.82,no-copy_L16_st32_k2_s7.summary.json,-1,,,0.018,False,False
no-copy,16,32,2,8,300000,300000,-1,-1,-1,-1,False,,,0.00095,0.0042,14.27911892263687,0.4112689953118238,00 01 00 01 00 01 00 01 00 01 00 01 00 01 00 01,-,59.92,no-copy_L16_st32_k2_s8.summary.json,-1,,,0.015,False,False
no-copy,16,32,2,9,300000,300000,-1,-1,-1,-1,False,,,0.0005,0.00395,14.280900438001568,0.4155480585326563,00 01 00 01 00 01 00 01 00 01 00 01 00 01 00 01,-,47.56,no-copy_L16_st32_k2_s9.summary.json,-1,,,0.016,False,False
no-copy,16,32,4,1,300000,300000,-1,-1,-1,-1,False,,,0.0016,0.0066,14.267232980797498,0.5796327403339525,00 01 00 01 00 01 00 01 00 01 00 01 00 01 00 01,-,47.93,no-copy_L16_st32_k4_s1.summary.json,-1,,,0.013,False,False
no-copy,16,32,4,10,300000,300000,-1,-1,-1,-1,False,,,0.001,0.00485,14.267064967115704,0.5881389639966308,00 01 00 01 00 01 00 01 00 01 00 01 00 01 00 01,-,48.43,no-copy_L16_st32_k4_s10.summary.json,-1,,,0.012,False,False
no-copy,16,32,4,2,300000,300000,-1,-1,-1,-1,False,,,0.0011,0.0064,14.272937000248131,0.5935665544919697,00 01 00 01 00 01 00 01 00 01 00 01 00 01 00 01,-,47.19,no-copy_L16_st32_k4_s2.summary.json,-1,,,0.011,False,False
no-copy,16,32,4,3,300000,300000,-1,-1,-1,-1,False,,,0.0015,0.0061,14.269160566158078,0.5965346678329908,00 01 00 01 00 01 00 01 00 01 00 01 00 01 00 01,-,48.99,no-copy_L16_st32_k4_s3.summary.json,-1,,,0.001,False,False
no-copy,16,32,4,4,300000,300000,-1,-1,-1,-1,False,,,0.0008,0.00445,14.27006399345787,0.583303856999235,00 01 00 01 00 01 00 01 00 01 00 01 00 01 00 01,-,49.06,no-copy_L16_st32_k4_s4.summary.json,-1,,,0.017,False,False
no-copy,16,32,4,5,300000,300000,-1,-1,-1,-1,False,,,0.00075,0.00515,14.272987032408725,0.6278397276922032,00 01 00 01 00 01 00 01 00 01 00 01 00 01 00 01,-,49.49,no-copy_L16_st32_k4_s5.summary.json,-1,,,0.024,False,False
no-copy,16,32,4,6,300000,300000,-1,-1,-1,-1,False,,,0.0008,0.00565,14.27181395377712,0.5753096893275078,00 01 00 01 00 01 00 01 00 01 00 01 00 01 00 01,-,49.84,no-copy_L16_st32_k4_s6.summary.json,-1,,,0.027,False,False
no-copy,16,32,4,7,300000,300000,-1,-1,-1,-1,False,,,0.00125,0.00625,14.269294608837129,0.6157027294922264,00 01 00 01 00 01 00 01 00 01 00 01 00 01 00 01,-,45.7,no-copy_L16_st32_k4_s7.summary.json,-1,,,0.003,False,False
no-copy,16,32,4,8,300000,300000,-1,-1,-1,-1,False,,,0.0009,0.0046,14.273333471753396,0.5912520088098319,00 01 00 01 00 01 00 01 00 01 00 01 00 01 00 01,-,47.83,no-copy_L16_st32_k4_s8.summary.json,-1,,,-0.007,False,False
no-copy,16,32,4,9,300000,300000,-1,-1,-1,-1,False,,,0.0011,0.00615,14.26931632789254,0.6133894856183852,00 01 00 01 00 01 00 01 00 01 00 01 00 01 00 01,-,53.7,no-copy_L16_st32_k4_s9.summary.json,-1,,,0.001,False,False
no-copy,16,32,6,1,300000,300000,-1,-1,-1,-1,False,,,0.0007,0.01,14.266441632746186,0.6845812600313419,00 23 00 23 00 23 00 23 00 23 00 23 00 03 00 00,-,48.09,no-copy_L16_st32_k6_s1.summary.json,-1,,,0.0,False,False
no-copy,16,32,6,10,300000,300000,-1,-1,-1,-1,False,,,0.0007,0.00585,14.262702073443721,0.7035761502029194,00 01 00 01 00 01 00 01 00 01 00 01 00 01 00 01,-,48.02,no-copy_L16_st32_k6_s10.summary.json,-1,,,0.021,False,False
no-copy,16,32,6,2,300000,300000,-1,-1,-1,-1,False,,,0.0012,0.00655,14.261447040489466,0.6917051768311673,00 01 00 01 00 01 00 01 00 01 00 01 00 01 00 01,-,47.79,no-copy_L16_st32_k6_s2.summary.json,-1,,,0.008,False,False
no-copy,16,32,6,3,300000,300000,-1,-1,-1,-1,False,,,0.00105,0.00605,14.263010474019277,0.678159081238312,00 01 00 01 00 01 00 01 00 01 00 01 00 01 00 01,-,54.94,no-copy_L16_st32_k6_s3.summary.json,-1,,,-0.002,False,False
no-copy,16,32,6,4,300000,300000,-1,-1,-1,-1,False,,,0.00065,0.0071,14.266533524713918,0.6785478813804282,00 04 00 04 00 04 00 04 00 04 00 04 00 04 00 00,-,49.34,no-copy_L16_st32_k6_s4.summary.json,-1,,,0.004,False,False
no-copy,16,32,6,5,300000,300000,-1,-1,-1,-1,False,,,0.0014,0.00655,14.259049087981904,0.703570307502412,00 01 00 01 00 01 00 01 00 01 00 01 00 01 00 01,-,47.69,no-copy_L16_st32_k6_s5.summary.json,-1,,,-0.001,False,False
no-copy,16,32,6,6,300000,300000,-1,-1,-1,-1,False,,,0.00115,0.0073,14.25965276121374,0.6790500836762972,00 01 00 01 00 01 00 01 00 01 00 01 00 01 00 01,-,44.98,no-copy_L16_st32_k6_s6.summary.json,-1,,,0.021,False,False
no-copy,16,32,6,7,300000,300000,-1,-1,-1,-1,False,,,0.0011,0.00715,14.262876318850914,0.6876579375729133,00 01 00 01 00 01 00 01 00 01 00 01 00 01 00 01,-,48.83,no-copy_L16_st32_k6_s7.summary.json,-1,,,0.018,False,False
no-copy,16,32,6,8,300000,300000,-1,-1,-1,-1,False,,,0.001,0.0058,14.26431689068978,0.6836618789364373,00 01 00 01 00 01 00 01 00 01 00 01 00 01 00 01,-,48.65,no-copy_L16_st32_k6_s8.summary.json,-1,,,0.021,False,False
no-copy,16,32,6,9,300000,300000,-1,-1,-1,-1,False,,,0.0011,0.0078,14.262510429762129,0.6920198258920855,00 01 00 01 00 01 00 01 00 01 00 01 00 01 00 01,-,55.99,no-copy_L16_st32_k6_s9.summary.json,-1,,,0.011,False,False
no-copy,16,512,2,1,300000,300000,-1,-1,-1,-1,False,,,0.00215,0.01475,14.252256256578963,0.5639727545287858,00 41 00 41 00 41 00 41 00 41 00 41 00 41 00 41,-,254.22,no-copy_L16_st512_k2_s1.summary.json,-1,,,0.002,False,False
no-copy,16,512,2,10,300000,300000,-1,-1,-1,-1,False,,,0.0017,0.01485,14.249385457169415,0.5864986612544785,00 41 00 41 00 41 00 41 00 41 00 41 00 41 00 41,-,254.18,no-copy_L16_st512_k2_s10.summary.json,-1,,,0.011,False,False
no-copy,16,512,2,2,300000,300000,-1,-1,-1,-1,False,,,0.00175,0.01455,14.256249513415977,0.557620066489231,00 41 00 41 00 41 00 41 00 41 00 41 00 41 00 41,-,254.45,no-copy_L16_st512_k2_s2.summary.json,-1,,,0.002,False,False
no-copy,16,512,2,3,300000,300000,-1,-1,-1,-1,False,,,0.0015,0.01385,14.256985790597039,0.5523793157343313,00 41 00 41 00 41 00 41 00 41 00 41 00 41 00 41,-,254.12,no-copy_L16_st512_k2_s3.summary.json,-1,,,0.008,False,False
no-copy,16,512,2,4,300000,300000,-1,-1,-1,-1,False,,,0.00175,0.0134,14.258648391430672,0.5711575260860959,00 41 00 41 00 41 00 41 00 41 00 41 00 41 00 41,-,254.31,no-copy_L16_st512_k2_s4.summary.json,-1,,,0.015,False,False
no-copy,16,512,2,5,300000,300000,-1,-1,-1,-1,False,,,0.00175,0.0155,14.25516636937833,0.5552865437262016,00 41 00 41 00 41 00 41 00 41 00 41 00 41 00 41,-,254.07,no-copy_L16_st512_k2_s5.summary.json,-1,,,-0.005,False,False
no-copy,16,512,2,6,300000,300000,-1,-1,-1,-1,False,,,0.0018,0.01425,14.254899513358541,0.5573571428918651,00 41 00 41 00 41 00 41 00 41 00 41 00 41 00 41,-,253.83,no-copy_L16_st512_k2_s6.summary.json,-1,,,0.002,False,False
no-copy,16,512,2,7,300000,300000,-1,-1,-1,-1,False,,,0.00165,0.01455,14.25924936147933,0.5631042772680459,00 41 00 41 00 41 00 41 00 41 00 41 00 41 00 41,-,254.78,no-copy_L16_st512_k2_s7.summary.json,-1,,,0.0,False,False
no-copy,16,512,2,8,300000,300000,-1,-1,-1,-1,False,,,0.00185,0.01415,14.252741123611486,0.5453619712425644,00 41 00 41 00 41 00 41 00 41 00 41 00 41 00 41,-,254.47,no-copy_L16_st512_k2_s8.summary.json,-1,,,0.001,False,False
no-copy,16,512,2,9,300000,300000,-1,-1,-1,-1,False,,,0.0018,0.01495,14.255355381381882,0.5448604952280851,00 41 00 41 00 41 00 41 00 41 00 41 00 41 00 41,-,254.35,no-copy_L16_st512_k2_s9.summary.json,-1,,,0.01,False,False
no-copy,16,512,4,1,300000,300000,-1,-1,-1,-1,False,,,0.0017,0.01455,14.25030794342771,0.6013855003664332,00 41 00 41 00 41 00 41 00 41 00 41 00 41 00 41,-,250.45,no-copy_L16_st512_k4_s1.summary.json,-1,,,0.002,False,False
no-copy,16,512,4,10,300000,300000,-1,-1,-1,-1,False,,,0.0022,0.0147,14.246040955655493,0.6033219880407596,00 41 00 41 00 41 00 41 00 41 00 41 00 41 00 41,-,251.68,no-copy_L16_st512_k4_s10.summary.json,-1,,,-0.004,False,False
no-copy,16,512,4,2,300000,300000,-1,-1,-1,-1,False,,,0.0022,0.0171,14.247707940052983,0.6123135450162298,00 41 00 41 00 41 00 41 00 41 00 41 00 41 00 41,-,249.97,no-copy_L16_st512_k4_s2.summary.json,-1,,,0.016,False,False
no-copy,16,512,4,3,300000,300000,-1,-1,-1,-1,False,,,0.0024,0.01925,14.239764765719954,0.6003767679043115,00 41 00 41 00 41 00 41 00 41 00 41 00 41 00 41,-,250.27,no-copy_L16_st512_k4_s3.summary.json,-1,,,-0.001,False,False
no-copy,16,512,4,4,300000,300000,-1,-1,-1,-1,False,,,0.0026,0.018,14.244631796248193,0.6106541758200592,00 41 00 41 00 41 00 41 00 41 00 41 00 41 00 41,-,251.13,no-copy_L16_st512_k4_s4.summary.json,-1,,,-0.001,False,False
no-copy,16,512,4,5,300000,300000,-1,-1,-1,-1,False,,,0.0027,0.02015,14.235725076774955,0.6147058422077949,00 41 00 41 00 41 00 41 00 41 00 41 00 41 00 41,-,250.68,no-copy_L16_st512_k4_s5.summary.json,-1,,,0.0,False,False
no-copy,16,512,4,6,300000,300000,-1,-1,-1,-1,False,,,0.00225,0.01635,14.242566994460987,0.6235846065729449,00 41 00 41 00 41 00 41 00 41 00 41 00 41 00 41,-,251.62,no-copy_L16_st512_k4_s6.summary.json,-1,,,0.006,False,False
no-copy,16,512,4,7,300000,300000,-1,-1,-1,-1,False,,,0.00165,0.01525,14.250462157783048,0.6045573084758091,00 41 00 41 00 41 00 41 00 41 00 41 00 41 00 41,-,251.37,no-copy_L16_st512_k4_s7.summary.json,-1,,,0.004,False,False
no-copy,16,512,4,8,300000,300000,-1,-1,-1,-1,False,,,0.0025,0.0182,14.24442778029768,0.6106019250484627,00 41 00 41 00 41 00 41 00 41 00 41 00 41 00 41,-,250.5,no-copy_L16_st512_k4_s8.summary.json,-1,,,0.001,False,False
no-copy,16,512,4,9,300000,300000,-1,-1,-1,-1,False,,,0.0024,0.01675,14.250165177134384,0.6092282705042198,00 41 00 41 00 41 00 41 00 41 00 41 00 41 00 41,-,250.86,no-copy_L16_st512_k4_s9.summary.json,-1,,,0.0,False,False
no-copy,16,512,6,1,300000,300000,-1,-1,-1,-1,False,,,0.00295,0.0195,14.231098364574894,0.6320039294202298,00 41 00 41 00 41 00 41 00 41 00 41 00 41 00 41,-,249.4,no-copy_L16_st512_k6_s1.summary.json,-1,,,0.001,False,False
no-copy,16,512,6,10,300000,300000,-1,-1,-1,-1,False,,,0.00265,0.01925,14.24098974541003,0.6285535565901847,00 41 00 41 00 41 00 41 00 41 00 41 00 41 00 41,-,248.67,no-copy_L16_st512_k6_s10.summary.json,-1,,,0.001,False,False
no-copy,16,512,6,2,300000,300000,-1,-1,-1,-1,False,,,0.00305,0.02055,14.237949751195288,0.6470196388593079,00 41 00 41 00 41 00 41 00 41 00 41 00 41 00 41,-,250.85,no-copy_L16_st512_k6_s2.summary.json,-1,,,-0.001,False,False
no-copy,16,512,6,3,300000,300000,-1,-1,-1,-1,False,,,0.00255,0.0179,14.24441334123868,0.6159292693958065,00 41 00 41 00 41 00 41 00 41 00 41 00 41 00 41,-,249.05,no-copy_L16_st512_k6_s3.summary.json,-1,,,0.0,False,False
no-copy,16,512,6,4,300000,300000,-1,-1,-1,-1,False,,,0.0025,0.0175,14.23370819459171,0.6062051865414935,00 41 00 41 00 41 00 41 00 41 00 41 00 41 00 41,-,248.96,no-copy_L16_st512_k6_s4.summary.json,-1,,,-0.004,False,False
no-copy,16,512,6,5,300000,300000,-1,-1,-1,-1,False,,,0.00275,0.019,14.239204541048759,0.6376373056105198,00 41 00 41 00 41 00 41 00 41 00 41 00 41 00 41,-,249.27,no-copy_L16_st512_k6_s5.summary.json,-1,,,0.001,False,False
no-copy,16,512,6,6,300000,300000,-1,-1,-1,-1,False,,,0.0024,0.01905,14.235630912114287,0.6390723527626259,00 41 00 41 00 41 00 41 00 41 00 41 00 41 00 41,-,247.75,no-copy_L16_st512_k6_s6.summary.json,-1,,,0.001,False,False
no-copy,16,512,6,7,300000,300000,-1,-1,-1,-1,False,,,0.00245,0.0167,14.244540047396555,0.6216905965218853,00 41 00 41 00 41 00 41 00 41 00 41 00 41 00 41,-,249.4,no-copy_L16_st512_k6_s7.summary.json,-1,,,0.0,False,False
no-copy,16,512,6,8,300000,300000,-1,-1,-1,-1,False,,,0.00245,0.02,14.23835539962854,0.6131265425709866,00 41 00 41 00 41 00 41 00 41 00 41 00 41 00 41,-,249.03,no-copy_L16_st512_k6_s8.summary.json,-1,,,0.007,False,False
no-copy,16,512,6,9,300000,300000,-1,-1,-1,-1,False,,,0.00265,0.02035,14.240749661521383,0.649733371008991,00 41 00 41 00 41 00 41 00 41 00 41 00 41 00 41,-,248.67,no-copy_L16_st512_k6_s9.summary.json,-1,,,0.0,False,False
none,16,128,2,1,300000,300000,1000,-1,2000,-1,True,11 d5 11 d5 11 d5 11 d5 11 d5 11 d5 11 d5 11 d5,stack,0.00155,0.00425,13.141126146656223,4.024612628443591,a4 5e ed b0 a4 5e ed b0 a4 5e ed b0 a4 5e ed b0,block-copy,82.97,none_L16_st128_k2_s1.summary.json,500,11 d5 11 d5 11 d5 11 d5 11 d5 11 d5 11 d5 11 d5,0.44,1.0,True,True
none,16,128,2,10,300000,300000,1500,5000,3000,-1,True,01 c5 01 c5 01 c5 01 c5 01 c5 01 c5 01 c5 01 c5,stack,0.00365,0.0098,13.26261045420491,4.106096718940689,04 5e ed b0 04 5e ed b0 04 5e ed b0 04 5e ed b0,block-copy,90.38,none_L16_st128_k2_s10.summary.json,1500,01 c5 01 c5 01 c5 01 c5 01 c5 01 c5 01 c5 01 c5,0.585,1.0,True,True
none,16,128,2,2,300000,300000,3500,-1,5000,-1,True,01 c5 01 c5 01 c5 01 c5 01 c5 01 c5 01 c5 01 c5,stack,0.05995,0.0895,11.899154815533175,1.8127884558029068,c8 e3 21 e3 21 81 c8 81 c8 e3 21 e3 21 81 c8 81,stack,92.96,none_L16_st128_k2_s2.summary.json,2500,01 c5 01 c5 01 c5 01 c5 01 c5 01 c5 01 c5 01 c5,0.585,1.0,True,True
none,16,128,2,3,300000,300000,1500,4500,2500,-1,True,11 d5 11 d5 11 d5 11 d5 11 d5 11 d5 11 d5 11 d5,stack,0.00135,0.0018,13.204664460867503,4.005685277781452,28 21 5e ed b0 51 dc ee 28 21 5e ed b0 51 dc ee,block-copy+stack,85.14,none_L16_st128_k2_s3.summary.json,1000,11 d5 11 d5 11 d5 11 d5 11 d5 11 d5 11 d5 11 d5,0.44,1.0,True,True
none,16,128,2,4,300000,300000,2000,-1,3500,-1,True,01 c5 01 c5 01 c5 01 c5 01 c5 01 c5 01 c5 01 c5,stack,0.00115,0.00305,13.141898193211631,4.035974047067334,28 f0 5e ed b0 ea 15 dd 28 f0 5e ed b0 ea 15 dd,block-copy,85.98,none_L16_st128_k2_s4.summary.json,1000,01 c5 01 c5 01 c5 01 c5 01 c5 01 c5 01 c5 01 c5,0.585,1.0,True,True
none,16,128,2,5,300000,300000,1500,-1,2500,-1,True,11 d5 11 d5 11 d5 11 d5 11 d5 11 d5 11 d5 11 d5,stack,0.00155,0.0053,12.818643499206013,4.022647510947576,6b cb db ac ed b0 db 57 6b cb db ac ed b0 db 57,block-copy,76.63,none_L16_st128_k2_s5.summary.json,500,01 c5 01 c5 01 c5 01 c5 01 c5 01 c5 01 c5 01 c5,0.585,1.0,True,True
none,16,128,2,6,300000,300000,3000,-1,4000,-1,True,01 c5 01 c5 01 c5 01 c5 01 c5 01 c5 01 c5 01 c5,stack,0.0012,0.00225,13.170641013107277,4.029139456864375,28 b1 5e ed b0 a6 69 a8 28 b1 5e ed b0 a6 69 a8,block-copy,85.09,none_L16_st128_k2_s6.summary.json,2000,01 c5 01 c5 01 c5 01 c5 01 c5 01 c5 01 c5 01 c5,0.585,1.0,True,True
none,16,128,2,7,300000,126000,2500,123000,3500,124000,True,01 c5 01 c5 01 c5 01 c5 01 c5 01 c5 01 c5 01 c5,stack,0.32225,0.57895,8.368097469277856,2.068313450723659,b0 1e 04 ed b0 1e 04 ed b0 1e 04 ed b0 1e 04 ed,block-copy,39.58,none_L16_st128_k2_s7.summary.json,1500,01 c5 01 c5 01 c5 01 c5 01 c5 01 c5 01 c5 01 c5,0.585,1.0,True,True
none,16,128,2,8,300000,300000,5500,-1,7000,-1,True,01 c5 01 c5 01 c5 01 c5 01 c5 01 c5 01 c5 01 c5,stack,0.0008,0.001,13.44009608038342,4.4071283897086015,50 5e c3 cb 0a 7a 84 cb 91 f1 ff ed b0 73 7b 3b,block-copy+ld-mem+stack,89.59,none_L16_st128_k2_s8.summary.json,4000,01 c5 01 c5 01 c5 01 c5 01 c5 01 c5 01 c5 01 c5,0.585,1.0,True,True
none,16,128,2,9,300000,300000,2000,5000,3500,-1,True,11 d5 11 d5 11 d5 11 d5 11 d5 11 d5 11 d5 11 d5,stack,0.00445,0.0081,13.125609391356026,4.0098871821203765,a4 5e ed b0 a4 5e ed b0 a4 5e ed b0 a4 5e ed b0,block-copy,85.06,none_L16_st128_k2_s9.summary.json,1000,11 d5 11 d5 11 d5 11 d5 11 d5 11 d5 11 d5 11 d5,0.44,1.0,True,True
none,16,128,4,1,300000,300000,500,-1,-1,-1,False,11 d5 11 d5 11 d5 11 d5 11 d5 11 d5 11 d5 11 d5,stack,0.0014,0.00575,13.033124844164178,5.067626507074609,5e e1 19 d0 1a 26 ed b8 dd dd bf 65 5b e9 76 a3,-,69.36,none_L16_st128_k4_s1.summary.json,500,11 d5 11 d5 11 d5 11 d5 11 d5 11 d5 11 d5 11 d5,0.44,1.0,True,True
none,16,128,4,10,300000,47500,1000,1500,1500,45500,True,01 c5 01 c5 01 c5 01 c5 01 c5 01 c5 01 c5 01 c5,stack,0.17815,0.74035,6.934346765384799,2.4483946160781542,ad e3 21 e3 21 c0 ad c0 ad e3 21 e3 21 c0 ad c0,stack,13.99,none_L16_st128_k4_s10.summary.json,500,01 c5 01 c5 01 c5 01 c5 01 c5 01 c5 01 c5 01 c5,0.585,1.0,True,True
none,16,128,4,2,300000,26500,500,1000,500,24500,True,01 c5 01 c5 01 c5 01 c5 01 c5 01 c5 01 c5 01 c5,stack,0.13345,0.72805,6.920668053105679,2.4260508530399845,ac e3 21 e3 21 c0 ac c0 ac e3 21 e3 21 c0 ac c0,stack,7.62,none_L16_st128_k4_s2.summary.json,500,01 c5 01 c5 01 c5 01 c5 01 c5 01 c5 01 c5 01 c5,0.585,1.0,True,True
none,16,128,4,3,300000,31500,500,2000,1500,29500,True,01 c5 01 c5 01 c5 01 c5 01 c5 01 c5 01 c5 01 c5,stack,0.256,0.77915,6.468221033027302,2.431799937702173,ae e3 21 e3 21 e0 ae e0 ae e3 21 e3 21 e0 ae e0,stack,9.19,none_L16_st128_k4_s3.summary.json,500,01 c5 01 c5 01 c5 01 c5 01 c5 01 c5 01 c5 01 c5,0.585,1.0,True,True
none,16,128,4,4,300000,300000,500,1500,1000,-1,True,01 c5 01 c5 01 c5 01 c5 01 c5 01 c5 01 c5 01 c5,stack,0.00365,0.01085,11.455014102448258,5.023477758,28 f2 5e ed b0 1c 43 97 28 f2 5e ed b0 1c 43 97,block-copy,68.96,none_L16_st128_k4_s4.summary.json,500,01 c5 01 c5 01 c5 01 c5 01 c5 01 c5 01 c5 01 c5,0.585,1.0,True,True
none,16,128,4,5,300000,9500,1000,7000,1000,7500,True,11 d5 11 d5 11 d5 11 d5 11 d5 11 d5 11 d5 11 d5,stack,0.1045,0.20575,7.775006716721508,2.509016127641786,21 e3 21 e3 21 e3 21 e3 21 e3 21 e3 21 e3 21 e3,stack,2.87,none_L16_st128_k4_s5.summary.json,1000,11 d5 11 d5 11 d5 11 d5 11 d5 11 d5 11 d5 11 d5,0.44,1.0,True,True
none,16,128,4,6,300000,36000,2500,3000,3000,34000,True,01 c5 01 c5 01 c5 01 c5 01 c5 01 c5 01 c5 01 c5,stack,0.19715,0.68385,7.27185491576276,2.3870051568896904,ad e3 21 e3 21 e0 ad e0 ad e3 21 e3 21 e0 ad e0,stack,10.46,none_L16_st128_k4_s6.summary.json,2000,01 c5 01 c5 01 c5 01 c5 01 c5 01 c5 01 c5 01 c5,0.585,1.0,True,True
none,16,128,4,7,300000,9000,1500,2000,1500,7000,True,01 c5 01 c5 01 c5 01 c5 01 c5 01 c5 01 c5 01 c5,stack,0.12835,0.6782,7.63979892037621,2.496963668261606,ad e3 21 e3 21 e0 ad e0 ad e3 21 e3 21 e0 ad e0,stack,2.54,none_L16_st128_k4_s7.summary.json,1500,01 c5 01 c5 01 c5 01 c5 01 c5 01 c5 01 c5 01 c5,0.585,1.0,True,True
none,16,128,4,8,300000,31000,1500,27500,2500,29000,True,01 c5 01 c5 01 c5 01 c5 01 c5 01 c5 01 c5 01 c5,stack,0.2604,0.7823,6.300049963219283,2.4111514188777017,ad e3 21 e3 21 e0 ad e0 ad e3 21 e3 21 e0 ad e0,stack,8.94,none_L16_st128_k4_s8.summary.json,1500,01 c5 01 c5 01 c5 01 c5 01 c5 01 c5 01 c5 01 c5,0.585,1.0,True,True
none,16,128,4,9,300000,24000,500,7500,1000,22000,True,01 c5 01 c5 01 c5 01 c5 01 c5 01 c5 01 c5 01 c5,stack,0.19385,0.769,6.598653884369669,2.5044598131010702,ad e3 21 e3 21 e0 ad e0 ad e3 21 e3 21 e0 ad e0,stack,6.85,none_L16_st128_k4_s9.summary.json,500,01 c5 01 c5 01 c5 01 c5 01 c5 01 c5 01 c5 01 c5,0.585,1.0,True,True
none,16,128,6,1,300000,300000,-1,-1,1500,-1,True,,,0.0026,0.0054,12.128110602450825,5.496002342427667,5e e1 19 d0 21 e9 ee d2 ef ed b8 7d 66 cd 08 e1,stack,57.95,none_L16_st128_k6_s1.summary.json,1000,00 e1 00 d0 dd 28 b7 60 73 ed b8 c5 27 00 00 00,1.0,0.905,True,True
none,16,128,6,10,300000,22500,500,18500,1500,20500,True,01 c5 01 c5 01 c5 01 c5 01 c5 01 c5 01 c5 01 c5,stack,0.26155,0.67355,4.8617783410141655,2.7664425854048624,00 e3 21 e3 21 e0 00 e0 00 e3 21 e3 21 e0 00 e0,stack,6.17,none_L16_st128_k6_s10.summary.json,500,01 c5 01 c5 01 c5 01 c5 01 c5 01 c5 01 c5 01 c5,0.585,1.0,True,True
none,16,128,6,2,300000,135000,500,7500,500,133000,True,21 e5 21 e5 21 e5 21 e5 21 e5 21 e5 21 e5 21 e5,stack,0.55785,0.5674,3.9157895413124377,1.9659388861285891,e5 2a e5 2a e5 2a e5 2a e5 2a e5 2a e5 2a e5 2a,stack,36.5,none_L16_st128_k6_s2.summary.json,500,21 e5 21 e5 21 e5 21 e5 21 e5 21 e5 21 e5 21 e5,0.532,0.925,True,True
none,16,128,6,3,300000,31000,1000,28500,500,29000,True,01 c5 01 c5 01 c5 01 c5 01 c5 01 c5 01 c5 01 c5,stack,0.33765,0.7384,4.959655220504966,2.3515680531792005,00 e3 21 e3 21 e0 00 e0 00 e3 21 e3 21 e0 00 e0,stack,8.73,none_L16_st128_k6_s3.summary.json,1000,01 c5 01 c5 01 c5 01 c5 01 c5 01 c5 01 c5 01 c5,0.585,1.0,True,True
none,16,128,6,4,300000,14500,1500,12000,500,12500,True,01 c5 01 c5 01 c5 01 c5 01 c5 01 c5 01 c5 01 c5,stack,0.4297,0.83135,4.3339332891334985,2.301269582336949,00 e3 21 e3 21 e0 00 e0 00 e3 21 e3 21 e0 00 e0,stack,3.98,none_L16_st128_k6_s4.summary.json,1000,01 c5 01 c5 01 c5 01 c5 01 c5 01 c5 01 c5 01 c5,0.585,1.0,True,True
none,16,128,6,5,300000,97000,9500,25500,500,95000,True,01 c5 01 c5 01 c5 01 c5 01 c5 01 c5 01 c5 01 c5,stack,0.44035,0.44945,5.398916022481734,2.021978298730472,e5 2a e5 2a e5 2a e5 2a e5 2a e5 2a e5 2a e5 2a,stack,26.73,none_L16_st128_k6_s5.summary.json,9500,01 c5 01 c5 01 c5 01 c5 01 c5 01 c5 01 c5 01 c5,0.585,0.984,True,True
none,16,128,6,6,300000,82000,10500,11000,500,80000,True,11 d5 11 d5 11 d5 11 d5 11 d5 11 d5 11 d5 11 d5,stack,0.1702,0.51915,6.022851681012528,3.791398988371454,b0 1e 04 ed b0 1e 04 ed b0 1e 04 ed b0 1e 04 ed,block-copy,22.13,none_L16_st128_k6_s6.summary.json,10500,11 d5 11 d5 11 d5 11 d5 11 d5 11 d5 11 d5 11 d5,0.44,1.0,True,True
none,16,128,6,7,300000,300000,3000,3000,500,-1,True,01 c5 01 c5 01 c5 01 c5 01 c5 01 c5 01 c5 01 c5,stack,0.00845,0.00855,10.255082904862423,6.110172031060092,04 5e ed b0 04 5e ed b0 04 5e ed b0 04 5e ed b0,block-copy,59.51,none_L16_st128_k6_s7.summary.json,3000,01 c5 01 c5 01 c5 01 c5 01 c5 01 c5 01 c5 01 c5,0.585,1.0,True,True
none,16,128,6,8,300000,242500,500,40000,1000,240500,True,01 c5 01 c5 01 c5 01 c5 01 c5 01 c5 01 c5 01 c5,stack,0.45365,0.4628,5.13576316053179,2.0132717883979425,e5 2a e5 2a e5 2a e5 2a e5 2a e5 2a e5 2a e5 2a,stack,66.4,none_L16_st128_k6_s8.summary.json,500,01 c5 01 c5 01 c5 01 c5 01 c5 01 c5 01 c5 01 c5,0.585,0.92,True,True
none,16,128,6,9,300000,59500,500,12000,1000,57500,True,01 c5 01 c5 01 c5 01 c5 01 c5 01 c5 01 c5 01 c5,stack,0.44845,0.45785,4.974021122545301,1.9860327394197128,e5 2a e5 2a e5 2a e5 2a e5 2a e5 2a e5 2a e5 2a,stack,17.28,none_L16_st128_k6_s9.summary.json,500,01 c5 01 c5 01 c5 01 c5 01 c5 01 c5 01 c5 01 c5,0.585,0.952,True,True
none,16,32,2,1,300000,300000,-1,-1,-1,-1,False,,,0.00335,0.01565,13.295043331930462,4.042336075064384,04 5e ed b0 04 5e ed b0 04 5e ed b0 04 5e ed b0,block-copy,46.19,none_L16_st32_k2_s1.summary.json,35000,44 5e ed b0 44 5e ed b0 44 5e ed b0 44 5e ed b0,1.0,1.0,True,True
none,16,32,2,10,300000,300000,-1,-1,-1,-1,False,,,0.00305,0.01255,13.271510557834006,4.047642418620912,44 5e ed b0 44 5e ed b0 44 5e ed b0 44 5e ed b0,block-copy,48.26,none_L16_st32_k2_s10.summary.json,124000,44 5e ed b0 44 5e ed b0 44 5e ed b0 44 5e ed b0,1.0,1.0,True,True
none,16,32,2,2,300000,300000,-1,-1,-1,-1,False,,,0.00055,0.0008,13.447260209895694,4.266146248199455,d1 e0 ed b0 c3 02 27 b9 c0 be b9 07 b9 10 01 91,block-copy,46.28,none_L16_st32_k2_s2.summary.json,94500,a4 5e ed b0 a4 5e ed b0 a4 5e ed b0 a4 5e ed b0,1.0,1.0,True,True
none,16,32,2,3,300000,300000,-1,-1,-1,-1,False,,,0.00445,0.0229,13.212824471178095,4.0498799947597135,04 5e ed b0 04 5e ed b0 04 5e ed b0 04 5e ed b0,block-copy,47.37,none_L16_st32_k2_s3.summary.json,48500,84 5e ed b0 84 5e ed b0 84 5e ed b0 84 5e ed b0,1.0,1.0,True,True
none,16,32,2,4,300000,300000,-1,-1,-1,-1,False,,,0.00435,0.01825,13.193661175700777,4.106984156211561,44 5e ed b0 44 5e ed b0 44 5e ed b0 44 5e ed b0,block-copy,48.0,none_L16_st32_k2_s4.summary.json,70500,a4 5e ed b0 a4 5e ed b0 a4 5e ed b0 a4 5e ed b0,1.0,1.0,True,True
none,16,32,2,5,300000,300000,-1,-1,-1,-1,False,,,0.00505,0.0156,13.260009292516639,4.031861329467778,64 5e ed b0 64 5e ed b0 64 5e ed b0 64 5e ed b0,block-copy,47.31,none_L16_st32_k2_s5.summary.json,133500,1e 44 ed b0 1e 44 ed b0 1e 44 ed b0 1e 44 ed b0,1.0,1.0,True,True
none,16,32,2,6,300000,300000,-1,-1,-1,-1,False,,,0.00595,0.01815,13.208992788010166,4.072148566325633,84 5e ed b0 84 5e ed b0 84 5e ed b0 84 5e ed b0,block-copy,50.2,none_L16_st32_k2_s6.summary.json,170500,a4 5e ed b0 a4 5e ed b0 a4 5e ed b0 a4 5e ed b0,1.0,1.0,True,True
none,16,32,2,7,300000,300000,-1,-1,-1,-1,False,,,0.0007,0.00135,13.437998572598069,4.224622774777426,d1 e0 ed b0 95 02 de fa 00 68 00 7e d0 96 00 19,block-copy+ld-mem,47.55,none_L16_st32_k2_s7.summary.json,24500,24 5e ed b0 24 5e ed b0 24 5e ed b0 24 5e ed b0,1.0,1.0,True,True
none,16,32,2,8,300000,300000,-1,-1,-1,-1,False,,,0.00305,0.01315,13.273223745635669,4.115443518520506,04 5e ed b0 04 5e ed b0 04 5e ed b0 04 5e ed b0,block-copy,47.48,none_L16_st32_k2_s8.summary.json,35500,04 5e ed b0 04 5e ed b0 04 5e ed b0 04 5e ed b0,1.0,1.0,True,True
none,16,32,2,9,300000,300000,-1,-1,-1,-1,False,,,0.00295,0.0146,13.184142341958443,4.091078530999921,24 5e ed b0 24 5e ed b0 24 5e ed b0 24 5e ed b0,block-copy,49.18,none_L16_st32_k2_s9.summary.json,104000,64 5e ed b0 64 5e ed b0 64 5e ed b0 64 5e ed b0,1.0,1.0,True,True
none,16,32,4,1,300000,300000,118500,124000,123000,-1,True,b0 1e 44 ed b0 1e 44 ed b0 1e 44 ed b0 1e 44 ed,block-copy,0.0072,0.0273,11.721135960324304,5.2233066840753715,44 5e ed b0 44 5e ed b0 44 5e ed b0 44 5e ed b0,block-copy,43.11,none_L16_st32_k4_s1.summary.json,13500,b8 eb 68 21 48 21 9d ed b8 eb 68 21 48 21 9d ed,1.0,1.0,True,True
none,16,32,4,10,300000,300000,22000,-1,23000,-1,True,e5 2a e5 2a e5 2a e5 2a e5 2a e5 2a e5 2a e5 2a,stack,0.007,0.0147,11.661550289167726,5.205610602029771,04 5e ed b0 04 5e ed b0 04 5e ed b0 04 5e ed b0,block-copy,48.9,none_L16_st32_k4_s10.summary.json,21000,e5 2a e5 2a e5 2a e5 2a e5 2a e5 2a e5 2a e5 2a,0.479,1.0,True,True
none,16,32,4,2,300000,300000,7500,-1,10000,-1,True,e5 2a e5 2a e5 2a e5 2a e5 2a e5 2a e5 2a e5 2a,stack,0.0075,0.02325,11.787599583315268,5.223948759625633,a4 5e ed b0 a4 5e ed b0 a4 5e ed b0 a4 5e ed b0,block-copy,43.12,none_L16_st32_k4_s2.summary.json,6500,e5 2a e5 2a e5 2a e5 2a e5 2a e5 2a e5 2a e5 2a,0.479,1.0,True,True
none,16,32,4,3,300000,300000,53500,-1,-1,-1,False,04 5e ed b0 04 5e ed b0 04 5e ed b0 04 5e ed b0,block-copy,0.0081,0.0191,11.66043162558832,5.213973364966453,64 5e ed b0 64 5e ed b0 64 5e ed b0 64 5e ed b0,block-copy,43.94,none_L16_st32_k4_s3.summary.json,10500,58 47 96 5f 96 ed b0 94 58 47 96 5f 96 ed b0 94,1.0,1.0,True,True
none,16,32,4,4,300000,300000,62000,-1,8000,-1,True,64 5e ed b0 64 5e ed b0 64 5e ed b0 64 5e ed b0,block-copy,0.0071,0.0203,11.808737214271975,5.224752678937928,24 5e ed b0 24 5e ed b0 24 5e ed b0 24 5e ed b0,block-copy,44.97,none_L16_st32_k4_s4.summary.json,15000,84 5e ed b0 84 5e ed b0 84 5e ed b0 84 5e ed b0,1.0,1.0,True,True
none,16,32,4,5,300000,300000,11500,-1,12500,-1,True,e5 2a e5 2a e5 2a e5 2a e5 2a e5 2a e5 2a e5 2a,stack,0.0065,0.019,11.720040217153958,5.224245437623635,24 5e ed b0 24 5e ed b0 24 5e ed b0 24 5e ed b0,block-copy,45.47,none_L16_st32_k4_s5.summary.json,11000,e5 2a e5 2a e5 2a e5 2a e5 2a e5 2a e5 2a e5 2a,0.479,1.0,True,True
none,16,32,4,6,300000,300000,37000,-1,37500,-1,True,e5 2a e5 2a e5 2a e5 2a e5 2a e5 2a e5 2a e5 2a,stack,0.00285,0.0036,11.746892288518444,5.286220575829222,28 92 5e ed b0 7a 49 00 28 92 5e ed b0 7a 49 00,block-copy,46.06,none_L16_st32_k4_s6.summary.json,36500,e5 2a e5 2a e5 2a e5 2a e5 2a e5 2a e5 2a e5 2a,0.479,1.0,True,True
none,16,32,4,7,300000,300000,3000,-1,4000,-1,True,e5 2a e5 2a e5 2a e5 2a e5 2a e5 2a e5 2a e5 2a,stack,0.0051,0.01885,11.67054998920511,5.1866117177002495,a4 5e ed b0 a4 5e ed b0 a4 5e ed b0 a4 5e ed b0,block-copy,45.21,none_L16_st32_k4_s7.summary.json,2500,e5 2a e5 2a e5 2a e5 2a e5 2a e5 2a e5 2a e5 2a,0.479,1.0,True,True
none,16,32,4,8,300000,300000,19500,-1,1500,-1,True,e5 2a e5 2a e5 2a e5 2a e5 2a e5 2a e5 2a e5 2a,stack,0.0294,0.03295,11.431571157152527,5.185440130290268,b0 f5 d1 ed b0 f5 d1 ed b0 f5 d1 ed b0 f5 d1 ed,block-copy+stack,45.45,none_L16_st32_k4_s8.summary.json,18500,e5 2a e5 2a e5 2a e5 2a e5 2a e5 2a e5 2a e5 2a,0.479,1.0,True,True
none,16,32,4,9,300000,300000,4500,-1,12000,-1,True,e5 2a e5 2a e5 2a e5 2a e5 2a e5 2a e5 2a e5 2a,stack,0.00355,0.00875,11.856424260924177,5.345405122694852,44 5e ed b0 44 5e ed b0 44 5e ed b0 44 5e ed b0,block-copy,47.42,none_L16_st32_k4_s9.summary.json,3500,e5 2a e5 2a e5 2a e5 2a e5 2a e5 2a e5 2a e5 2a,0.479,1.0,True,True
none,16,32,6,1,300000,300000,11500,-1,13000,-1,True,b8 00 63 97 21 68 30 ed b8 00 63 97 21 68 30 ed,block-copy,0.02455,0.0384,9.069823538341197,4.986965770903618,26 f2 c3 21 68 2f ed b8 26 f2 c3 21 68 2f ed b8,block-copy,40.94,none_L16_st32_k6_s1.summary.json,11500,b8 00 63 97 21 68 30 ed b8 00 63 97 21 68 30 ed,1.0,1.0,True,True
none,16,32,6,10,300000,300000,41500,-1,6000,-1,True,e5 2a e5 2a e5 2a e5 2a e5 2a e5 2a e5 2a e5 2a,stack,0.04075,0.2119,12.94361323931428,1.0329299739956541,21 e5 21 e5 21 e5 21 e5 21 e5 21 e5 21 e5 21 e5,stack,48.58,none_L16_st32_k6_s10.summary.json,41500,e5 2a e5 2a e5 2a e5 2a e5 2a e5 2a e5 2a e5 2a,0.479,0.493,True,True
none,16,32,6,2,300000,300000,11500,-1,12000,-1,True,e5 2a e5 2a e5 2a e5 2a e5 2a e5 2a e5 2a e5 2a,stack,0.03655,0.17885,13.256010547494892,1.0582750925992506,21 e5 21 e5 21 e5 21 e5 21 e5 21 e5 21 e5 21 e5,stack,48.24,none_L16_st32_k6_s2.summary.json,11000,e5 2a e5 2a e5 2a e5 2a e5 2a e5 2a e5 2a e5 2a,0.479,0.454,True,True
none,16,32,6,3,300000,300000,64000,-1,5500,-1,True,01 c5 01 c5 01 c5 01 c5 01 c5 01 c5 01 c5 01 c5,stack,0.0372,0.2068,13.150174773047208,0.8560841475260008,01 c5 01 c5 01 c5 01 c5 01 c5 01 c5 01 c5 01 c5,stack,46.67,none_L16_st32_k6_s3.summary.json,58500,01 c5 01 c5 01 c5 01 c5 01 c5 01 c5 01 c5 01 c5,0.543,0.587,True,True
none,16,32,6,4,300000,300000,8000,-1,1000,-1,True,01 c5 01 c5 01 c5 01 c5 01 c5 01 c5 01 c5 01 c5,stack,0.01015,0.0167,10.110703989567618,5.510527476452849,d1 08 fd 99 d1 ed b0 be d1 08 fd 99 d1 ed b0 be,block-copy,50.24,none_L16_st32_k6_s4.summary.json,4000,01 c5 01 c5 01 c5 01 c5 01 c5 01 c5 01 c5 01 c5,0.543,1.0,True,True
none,16,32,6,5,300000,300000,14000,-1,7500,-1,True,01 c5 01 c5 01 c5 01 c5 01 c5 01 c5 01 c5 01 c5,stack,0.0409,0.23025,12.958930980522386,0.9837352703069233,21 e5 21 e5 21 e5 21 e5 21 e5 21 e5 21 e5 21 e5,stack,46.65,none_L16_st32_k6_s5.summary.json,10000,01 c5 01 c5 01 c5 01 c5 01 c5 01 c5 01 c5 01 c5,0.543,0.497,True,True
none,16,32,6,6,300000,300000,10000,-1,10500,-1,True,e5 2a e5 2a e5 2a e5 2a e5 2a e5 2a e5 2a e5 2a,stack,0.03795,0.2014,13.179272270765784,1.0373096095172354,21 e5 21 e5 21 e5 21 e5 21 e5 21 e5 21 e5 21 e5,stack,47.31,none_L16_st32_k6_s6.summary.json,9500,e5 2a e5 2a e5 2a e5 2a e5 2a e5 2a e5 2a e5 2a,0.479,0.501,True,True
none,16,32,6,7,300000,300000,10500,-1,1000,-1,True,e5 2a e5 2a e5 2a e5 2a e5 2a e5 2a e5 2a e5 2a,stack,0.04465,0.25265,12.734781600641622,1.0221116283944855,21 e5 21 e5 21 e5 21 e5 21 e5 21 e5 21 e5 21 e5,stack,46.38,none_L16_st32_k6_s7.summary.json,10000,e5 2a e5 2a e5 2a e5 2a e5 2a e5 2a e5 2a e5 2a,0.479,0.496,True,True
none,16,32,6,8,300000,300000,92000,-1,2500,-1,True,24 5e ed b0 24 5e ed b0 24 5e ed b0 24 5e ed b0,block-copy,0.0083,0.0111,10.044262913445241,5.679015938962316,c8 5e ed b0 b8 f3 79 d4 c8 5e ed b0 b8 f3 79 d4,block-copy+stack,44.52,none_L16_st32_k6_s8.summary.json,51000,01 c5 01 c5 01 c5 01 c5 01 c5 01 c5 01 c5 01 c5,0.543,1.0,True,True
none,16,32,6,9,300000,300000,9500,-1,7500,-1,True,e5 2a e5 2a e5 2a e5 2a e5 2a e5 2a e5 2a e5 2a,stack,0.0362,0.21945,13.092337385731227,1.0242195579286708,21 e5 21 e5 21 e5 21 e5 21 e5 21 e5 21 e5 21 e5,stack,48.12,none_L16_st32_k6_s9.summary.json,9000,e5 2a e5 2a e5 2a e5 2a e5 2a e5 2a e5 2a e5 2a,0.479,0.474,True,True
none,16,512,2,1,300000,300000,1000,1500,1000,-1,True,01 c5 01 c5 01 c5 01 c5 01 c5 01 c5 01 c5 01 c5,stack,0.17355,0.2386,10.424530874103562,2.0131070521540124,01 c5 01 c5 01 c5 01 c5 01 c5 01 c5 01 c5 01 c5,stack,274.18,none_L16_st512_k2_s1.summary.json,500,01 c5 01 c5 01 c5 01 c5 01 c5 01 c5 01 c5 01 c5,0.537,0.491,True,True
none,16,512,2,10,300000,300000,1000,1000,1000,-1,True,01 c5 01 c5 01 c5 01 c5 01 c5 01 c5 01 c5 01 c5,stack,0.16665,0.22855,10.564928943633099,2.014091577509334,01 c5 01 c5 01 c5 01 c5 01 c5 01 c5 01 c5 01 c5,stack,274.06,none_L16_st512_k2_s10.summary.json,500,01 c5 01 c5 01 c5 01 c5 01 c5 01 c5 01 c5 01 c5,0.537,0.599,True,True
none,16,512,2,2,300000,300000,500,1500,1000,-1,True,11 d5 11 d5 11 d5 11 d5 11 d5 11 d5 11 d5 11 d5,stack,0.1735,0.2391,10.557413643069815,2.006470361155386,01 c5 01 c5 01 c5 01 c5 01 c5 01 c5 01 c5 01 c5,stack,274.41,none_L16_st512_k2_s2.summary.json,500,11 d5 11 d5 11 d5 11 d5 11 d5 11 d5 11 d5 11 d5,0.391,0.488,True,True
none,16,512,2,3,300000,300000,500,1000,1000,-1,True,01 c5 01 c5 01 c5 01 c5 01 c5 01 c5 01 c5 01 c5,stack,0.168,0.23045,10.58428563185975,2.0182266599080796,01 c5 01 c5 01 c5 01 c5 01 c5 01 c5 01 c5 01 c5,stack,274.84,none_L16_st512_k2_s3.summary.json,500,01 c5 01 c5 01 c5 01 c5 01 c5 01 c5 01 c5 01 c5,0.537,0.593,True,True
none,16,512,2,4,300000,300000,1000,2000,1500,-1,True,11 d5 11 d5 11 d5 11 d5 11 d5 11 d5 11 d5 11 d5,stack,0.16305,0.2254,10.640994514808998,1.985898467734406,01 c5 01 c5 01 c5 01 c5 01 c5 01 c5 01 c5 01 c5,stack,273.53,none_L16_st512_k2_s4.summary.json,1000,11 d5 11 d5 11 d5 11 d5 11 d5 11 d5 11 d5 11 d5,0.391,0.585,True,True
none,16,512,2,5,300000,300000,1000,1500,1000,-1,True,01 c5 01 c5 01 c5 01 c5 01 c5 01 c5 01 c5 01 c5,stack,0.15115,0.21055,10.462818277421675,2.0376998760843734,01 c5 01 c5 01 c5 01 c5 01 c5 01 c5 01 c5 01 c5,stack,274.22,none_L16_st512_k2_s5.summary.json,500,01 c5 01 c5 01 c5 01 c5 01 c5 01 c5 01 c5 01 c5,0.537,0.517,True,True
none,16,512,2,6,300000,300000,500,1000,1000,-1,True,01 c5 01 c5 01 c5 01 c5 01 c5 01 c5 01 c5 01 c5,stack,0.15755,0.216,10.668368920182509,1.9848644840612706,01 c5 01 c5 01 c5 01 c5 01 c5 01 c5 01 c5 01 c5,stack,273.47,none_L16_st512_k2_s6.summary.json,500,01 c5 01 c5 01 c5 01 c5 01 c5 01 c5 01 c5 01 c5,0.537,0.588,True,True
none,16,512,2,7,300000,300000,1000,2000,1500,-1,True,21 e5 21 e5 21 e5 21 e5 21 e5 21 e5 21 e5 21 e5,stack,0.00125,0.0039,13.133574389296204,4.065148618857501,00 40 00 40 00 40 00 40 00 40 00 40 00 40 00 40,-,272.07,none_L16_st512_k2_s7.summary.json,500,21 e5 21 e5 21 e5 21 e5 21 e5 21 e5 21 e5 21 e5,0.484,1.0,True,True
none,16,512,2,8,300000,300000,1000,2000,1500,-1,True,01 c5 01 c5 01 c5 01 c5 01 c5 01 c5 01 c5 01 c5,stack,0.1634,0.22645,10.547272028565406,2.064686198604177,01 c5 01 c5 01 c5 01 c5 01 c5 01 c5 01 c5 01 c5,stack,274.34,none_L16_st512_k2_s8.summary.json,500,11 d5 11 d5 11 d5 11 d5 11 d5 11 d5 11 d5 11 d5,0.391,0.679,True,True
none,16,512,2,9,300000,300000,1000,1500,1500,-1,True,01 c5 01 c5 01 c5 01 c5 01 c5 01 c5 01 c5 01 c5,stack,0.1673,0.23225,10.349832521810416,2.0127007771157874,01 c5 01 c5 01 c5 01 c5 01 c5 01 c5 01 c5 01 c5,stack,279.97,none_L16_st512_k2_s9.summary.json,1000,01 c5 01 c5 01 c5 01 c5 01 c5 01 c5 01 c5 01 c5,0.537,0.51,True,True
none,16,512,4,1,300000,300000,-1,-1,-1,-1,False,,,0.00195,0.0043,13.075169113756704,5.065855122697681,b8 e1 af c8 3e a7 01 ed b8 e1 af c8 3e a7 01 ed,-,203.16,none_L16_st512_k4_s1.summary.json,1500,01 c5 01 c5 01 c5 01 c5 01 c5 01 c5 01 c5 01 c5,0.537,1.0,True,True
none,16,512,4,10,300000,277000,500,500,500,275000,True,01 c5 01 c5 01 c5 01 c5 01 c5 01 c5 01 c5 01 c5,stack,0.78605,0.8958,2.8121493831435465,1.7965493851882601,b5 e3 21 e3 21 e8 b5 e8 b5 e3 21 e3 21 e8 b5 e8,stack,186.74,none_L16_st512_k4_s10.summary.json,500,01 c5 01 c5 01 c5 01 c5 01 c5 01 c5 01 c5 01 c5,0.537,1.0,True,True
none,16,512,4,2,300000,33500,1500,2000,2000,31500,True,01 c5 01 c5 01 c5 01 c5 01 c5 01 c5 01 c5 01 c5,stack,0.5151,0.5805,5.0739869257298995,2.3672106469414116,c8 e3 21 e3 21 81 c8 81 c8 e3 21 e3 21 81 c8 81,stack,24.96,none_L16_st512_k4_s2.summary.json,1500,01 c5 01 c5 01 c5 01 c5 01 c5 01 c5 01 c5 01 c5,0.537,1.0,True,True
none,16,512,4,3,300000,131000,500,1500,1000,129000,True,01 c5 01 c5 01 c5 01 c5 01 c5 01 c5 01 c5 01 c5,stack,0.7658,0.87395,3.010998249712199,1.863680640419496,b5 e3 21 e3 21 e8 b5 e8 b5 e3 21 e3 21 e8 b5 e8,stack,84.07,none_L16_st512_k4_s3.summary.json,500,01 c5 01 c5 01 c5 01 c5 01 c5 01 c5 01 c5 01 c5,0.537,1.0,True,True
none,16,512,4,4,300000,62500,1000,1500,1500,60500,True,21 e5 21 e5 21 e5 21 e5 21 e5 21 e5 21 e5 21 e5,stack,0.4725,0.5239,5.442272602135748,2.3971839547739746,c8 e3 21 e3 21 81 c8 81 c8 e3 21 e3 21 81 c8 81,stack,40.68,none_L16_st512_k4_s4.summary.json,1000,21 e5 21 e5 21 e5 21 e5 21 e5 21 e5 21 e5 21 e5,0.484,1.0,True,True
none,16,512,4,5,300000,45000,500,2000,1500,43000,True,21 e5 21 e5 21 e5 21 e5 21 e5 21 e5 21 e5 21 e5,stack,0.4027,0.44835,5.931731229597064,2.46048161988303,c8 e3 21 e3 21 81 c8 81 c8 e3 21 e3 21 81 c8 81,stack,30.54,none_L16_st512_k4_s5.summary.json,500,21 e5 21 e5 21 e5 21 e5 21 e5 21 e5 21 e5 21 e5,0.484,1.0,True,True
none,16,512,4,6,300000,90000,1500,4000,3000,88000,True,11 d5 11 d5 11 d5 11 d5 11 d5 11 d5 11 d5 11 d5,stack,0.42955,0.47495,5.713005900168378,2.457631174887512,c8 e3 21 e3 21 81 c8 81 c8 e3 21 e3 21 81 c8 81,stack,61.01,none_L16_st512_k4_s6.summary.json,1500,11 d5 11 d5 11 d5 11 d5 11 d5 11 d5 11 d5 11 d5,0.391,1.0,True,True
none,16,512,4,7,300000,16500,1500,2000,2000,14500,True,01 c5 01 c5 01 c5 01 c5 01 c5 01 c5 01 c5 01 c5,stack,0.1631,0.35855,7.8930100701980015,2.156575308842408,21 e3 21 e3 21 e3 21 e3 21 e3 21 e3 21 e3 21 e3,stack,13.6,none_L16_st512_k4_s7.summary.json,1500,01 c5 01 c5 01 c5 01 c5 01 c5 01 c5 01 c5 01 c5,0.537,1.0,True,True
none,16,512,4,8,300000,60000,1000,1000,1000,58000,True,21 e5 21 e5 21 e5 21 e5 21 e5 21 e5 21 e5 21 e5,stack,0.5178,0.57335,5.110390356455344,2.3521290767700704,c8 e3 21 e3 21 81 c8 81 c8 e3 21 e3 21 81 c8 81,stack,39.78,none_L16_st512_k4_s8.summary.json,1000,21 e5 21 e5 21 e5 21 e5 21 e5 21 e5 21 e5 21 e5,0.484,1.0,True,True
none,16,512,4,9,300000,55000,1000,3500,1500,53000,True,21 e5 21 e5 21 e5 21 e5 21 e5 21 e5 21 e5 21 e5,stack,0.13755,0.575,7.763595804680494,2.3114048102119096,00 e3 21 e3 21 c0 00 c0 00 e3 21 e3 21 c0 00 c0,stack,46.65,none_L16_st512_k4_s9.summary.json,1000,21 e5 21 e5 21 e5 21 e5 21 e5 21 e5 21 e5 21 e5,0.484,1.0,True,True
none,16,512,6,1,300000,300000,-1,-1,1500,-1,True,,,0.00165,0.0115,12.161051994490279,5.612354544672415,5e e1 19 f0 14 ed 96 73 2e e0 7b 18 db ed b8 e1,block-copy+ld-mem,163.16,none_L16_st512_k6_s1.summary.json,1000,00 e1 07 d0 73 84 b7 60 a4 ed b8 2f 23 00 7c 00,1.0,0.925,True,True
none,16,512,6,10,300000,300000,4000,8000,4500,-1,True,01 c5 01 c5 01 c5 01 c5 01 c5 01 c5 01 c5 01 c5,stack,0.1634,0.16745,8.333121838090438,1.999640933943443,e5 2a e5 2a e5 2a e5 2a e5 2a e5 2a e5 2a e5 2a,stack,223.36,none_L16_st512_k6_s10.summary.json,4000,01 c5 01 c5 01 c5 01 c5 01 c5 01 c5 01 c5 01 c5,0.537,0.885,True,True
none,16,512,6,2,300000,174000,500,500,500,172000,True,21 e5 21 e5 21 e5 21 e5 21 e5 21 e5 21 e5 21 e5,stack,0.3475,0.6862,4.78321463666788,2.569983294038357,53 e3 21 e3 21 c0 53 c0 53 e3 21 e3 21 c0 53 c0,stack,129.91,none_L16_st512_k6_s2.summary.json,500,21 e5 21 e5 21 e5 21 e5 21 e5 21 e5 21 e5 21 e5,0.484,1.0,True,True
none,16,512,6,3,300000,42500,500,1000,1000,40500,True,01 c5 01 c5 01 c5 01 c5 01 c5 01 c5 01 c5 01 c5,stack,0.24655,0.6384,4.872818705967507,2.0738601213639623,00 e3 21 e3 21 e0 00 e0 00 e3 21 e3 21 e0 00 e0,stack,34.25,none_L16_st512_k6_s3.summary.json,500,01 c5 01 c5 01 c5 01 c5 01 c5 01 c5 01 c5 01 c5,0.537,1.0,True,True
none,16,512,6,4,300000,300000,2000,33000,2000,-1,True,01 c5 01 c5 01 c5 01 c5 01 c5 01 c5 01 c5 01 c5,stack,0.00505,0.0103,10.337887712103797,6.19244551169985,1e 70 78 d2 8b 6b 39 86 e1 41 3a ed b0 bc 8a 00,-,181.38,none_L16_st512_k6_s4.summary.json,1500,01 c5 01 c5 01 c5 01 c5 01 c5 01 c5 01 c5 01 c5,0.537,1.0,True,True
none,16,512,6,5,300000,300000,500,500,500,-1,True,01 c5 01 c5 01 c5 01 c5 01 c5 01 c5 01 c5 01 c5,stack,0.2218,0.2277,7.704758149632292,2.0950818282739494,e5 2a e5 2a e5 2a e5 2a e5 2a e5 2a e5 2a e5 2a,stack,225.01,none_L16_st512_k6_s5.summary.json,500,01 c5 01 c5 01 c5 01 c5 01 c5 01 c5 01 c5 01 c5,0.537,0.937,True,True
none,16,512,6,6,300000,300000,500,500,500,-1,True,01 c5 01 c5 01 c5 01 c5 01 c5 01 c5 01 c5 01 c5,stack,0.17075,0.1749,8.22257533971518,2.02198503586989,e5 2a e5 2a e5 2a e5 2a e5 2a e5 2a e5 2a e5 2a,stack,223.87,none_L16_st512_k6_s6.summary.json,500,01 c5 01 c5 01 c5 01 c5 01 c5 01 c5 01 c5 01 c5,0.537,0.887,True,True
none,16,512,6,7,300000,300000,1500,1500,1500,-1,True,01 c5 01 c5 01 c5 01 c5 01 c5 01 c5 01 c5 01 c5,stack,0.1825,0.1869,7.804124160820239,2.0769722065296268,e5 2a e5 2a e5 2a e5 2a e5 2a e5 2a e5 2a e5 2a,stack,225.3,none_L16_st512_k6_s7.summary.json,1500,01 c5 01 c5 01 c5 01 c5 01 c5 01 c5 01 c5 01 c5,0.537,0.91,True,True
none,16,512,6,8,300000,15500,500,13000,1000,13500,True,01 c5 01 c5 01 c5 01 c5 01 c5 01 c5 01 c5 01 c5,stack,0.1809,0.33525,5.959367232293818,2.433231971123783,21 e3 21 e3 21 e3 21 e3 21 e3 21 e3 21 e3 21 e3,stack,12.6,none_L16_st512_k6_s8.summary.json,500,01 c5 01 c5 01 c5 01 c5 01 c5 01 c5 01 c5 01 c5,0.537,1.0,True,True
none,16,512,6,9,300000,300000,500,500,500,-1,True,01 c5 01 c5 01 c5 01 c5 01 c5 01 c5 01 c5 01 c5,stack,0.2057,0.2103,7.890070522308684,2.062759146209882,e5 2a e5 2a e5 2a e5 2a e5 2a e5 2a e5 2a e5 2a,stack,225.37,none_L16_st512_k6_s9.summary.json,500,01 c5 01 c5 01 c5 01 c5 01 c5 01 c5 01 c5 01 c5,0.537,0.952,True,True
rmw-only,16,128,2,1,300000,300000,-1,-1,-1,-1,False,,,5e-05,5e-05,14.287712379549445,-0.0016078091696991592,2c c6 bf 72 59 58 b2 ce cc d8 35 6c 71 7e 1e 53,ld-mem+rmw,103.35,rmw-only_L16_st128_k2_s1.summary.json,-1,,,0.001,False,False
rmw-only,16,128,2,10,300000,300000,-1,-1,-1,-1,False,,,5e-05,5e-05,14.287712379549445,-0.0017058135590755086,b4 bb 10 32 ca 57 74 1a f1 a3 d5 71 74 75 6f 64,ld-mem+stack,103.58,rmw-only_L16_st128_k2_s10.summary.json,-1,,,0.001,False,False
rmw-only,16,128,2,2,300000,300000,-1,-1,-1,-1,False,,,5e-05,5e-05,14.287712379549445,-0.00174542100071573,40 79 5b 9c 52 db 48 fa 7f 7e c9 c4 aa b1 fc 2a,stack,103.59,rmw-only_L16_st128_k2_s2.summary.json,-1,,,0.0,False,False
rmw-only,16,128,2,3,300000,300000,-1,-1,-1,-1,False,,,5e-05,5e-05,14.287712379549445,-0.0018116183553313903,7a ec bc 1c 4b 6d 65 f8 bf f0 4d e0 e2 b2 7a 6e,stack,103.21,rmw-only_L16_st128_k2_s3.summary.json,-1,,,0.0,False,False
rmw-only,16,128,2,4,300000,300000,-1,-1,-1,-1,False,,,5e-05,5e-05,14.287712379549445,-0.0016880913466801317,22 e7 6c fe 91 9a d6 0c 0c 8a 88 80 4f 6a 29 f8,ld-mem,103.45,rmw-only_L16_st128_k2_s4.summary.json,-1,,,0.0,False,False
rmw-only,16,128,2,5,300000,300000,-1,-1,-1,-1,False,,,5e-05,5e-05,14.287712379549445,-0.0016772163847056376,01 e7 12 70 e1 a6 00 d2 84 5b 68 48 b0 4a 7f 25,ld-mem,103.53,rmw-only_L16_st128_k2_s5.summary.json,-1,,,0.0,False,False
rmw-only,16,128,2,6,300000,300000,-1,-1,-1,-1,False,,,5e-05,5e-05,14.287712379549445,-0.0016186803259810034,00 8c ae 9c 8d 5f b2 0a 7c 66 b6 4d 4b b1 6e 3f,-,103.52,rmw-only_L16_st128_k2_s6.summary.json,-1,,,0.0,False,False
rmw-only,16,128,2,7,300000,300000,-1,-1,-1,-1,False,,,5e-05,5e-05,14.287712379549445,-0.0017925411907349087,52 6f aa aa 4c e2 14 25 24 7d d8 21 43 64 b0 65,-,104.07,rmw-only_L16_st128_k2_s7.summary.json,-1,,,0.001,False,False
rmw-only,16,128,2,8,300000,300000,-1,-1,-1,-1,False,,,5e-05,5e-05,14.287712379549445,-0.0015949999391127179,14 c4 3f dd 73 20 2c 0b 5b 8f 2c 3f 00 f5 b3 6e,ld-mem+stack,103.3,rmw-only_L16_st128_k2_s8.summary.json,-1,,,0.0,False,False
rmw-only,16,128,2,9,300000,300000,-1,-1,-1,-1,False,,,5e-05,5e-05,14.287712379549445,-0.001644838896083911,a4 62 14 6c b0 5d 6a f6 95 4e 95 bc 58 52 ee f6,-,103.2,rmw-only_L16_st128_k2_s9.summary.json,-1,,,0.001,False,False
rmw-only,16,128,4,1,300000,300000,-1,-1,-1,-1,False,,,5e-05,5e-05,14.287712379549445,-0.004321964231455588,d2 56 14 d4 a3 c1 3e 96 5a 66 98 28 43 9f cd a3,stack,102.23,rmw-only_L16_st128_k4_s1.summary.json,-1,,,0.0,False,False
rmw-only,16,128,4,10,300000,300000,-1,-1,-1,-1,False,,,5e-05,5e-05,14.287712379549445,-0.004298166584811192,e7 74 fe 6a 5f a7 72 7d 17 0f 3e 70 13 3c 7b b6,ld-mem+stack,101.74,rmw-only_L16_st128_k4_s10.summary.json,-1,,,0.001,False,False
rmw-only,16,128,4,2,300000,300000,-1,-1,-1,-1,False,,,5e-05,5e-05,14.287712379549445,-0.004182742822395724,47 a4 fa 7b da 55 88 ba b6 f0 07 dc ee 29 a1 a9,stack,102.11,rmw-only_L16_st128_k4_s2.summary.json,-1,,,0.0,False,False
rmw-only,16,128,4,3,300000,300000,-1,-1,-1,-1,False,,,5e-05,5e-05,14.287712379549445,-0.004257396361627919,10 92 bd 20 47 bc 34 12 68 7f 43 9b e2 f7 bc 46,ld-mem+rmw,101.92,rmw-only_L16_st128_k4_s3.summary.json,-1,,,0.002,False,False
rmw-only,16,128,4,4,300000,300000,-1,-1,-1,-1,False,,,5e-05,5e-05,14.287712379549445,-0.004143001210044517,e9 d3 3f fa 35 26 a3 f0 09 1f a3 07 fc a0 07 f7,stack,101.61,rmw-only_L16_st128_k4_s4.summary.json,-1,,,0.0,False,False
rmw-only,16,128,4,5,300000,300000,-1,-1,-1,-1,False,,,5e-05,5e-05,14.287712379549445,-0.004259565265302356,5a 04 28 12 92 b2 e9 82 76 89 f6 7c 84 c3 ad 97,-,101.88,rmw-only_L16_st128_k4_s5.summary.json,-1,,,0.0,False,False
rmw-only,16,128,4,6,300000,300000,-1,-1,-1,-1,False,,,5e-05,5e-05,14.287712379549445,-0.004008335570881094,d0 4d 8d e4 75 3a ec f4 1c 03 76 65 92 25 07 f6,stack,102.94,rmw-only_L16_st128_k4_s6.summary.json,-1,,,0.0,False,False
rmw-only,16,128,4,7,300000,300000,-1,-1,-1,-1,False,,,5e-05,5e-05,14.287712379549445,-0.003998620298736988,5a f3 95 c2 19 89 3d 75 4d 72 53 eb ba 91 47 56,ld-mem,101.95,rmw-only_L16_st128_k4_s7.summary.json,-1,,,0.0,False,False
rmw-only,16,128,4,8,300000,300000,-1,-1,-1,-1,False,,,5e-05,5e-05,14.287712379549445,-0.004046986144102149,86 75 1f a0 38 bb 77 ee f9 d1 f9 aa 04 22 f1 65,ld-mem,102.1,rmw-only_L16_st128_k4_s8.summary.json,-1,,,0.0,False,False
rmw-only,16,128,4,9,300000,300000,-1,-1,-1,-1,False,,,5e-05,5e-05,14.287712379549445,-0.0037448927711878355,c3 0f 4a 5f d4 62 68 6b 52 0f a7 2b 56 3f b9 23,stack,102.15,rmw-only_L16_st128_k4_s9.summary.json,-1,,,0.0,False,False
rmw-only,16,128,6,1,300000,300000,-1,-1,-1,-1,False,,,5e-05,5e-05,14.287712379549445,-0.007910921193397868,e2 ba 6e 5e 92 fa ae 84 00 46 a4 8e f8 ef 00 5c,stack,99.86,rmw-only_L16_st128_k6_s1.summary.json,-1,,,0.0,False,False
rmw-only,16,128,6,10,300000,300000,-1,-1,-1,-1,False,,,5e-05,5e-05,14.287712379549445,-0.008158660431487164,55 83 ae 4a 6c a1 5b 48 8b 25 9e e2 d5 e5 38 f4,-,100.48,rmw-only_L16_st128_k6_s10.summary.json,-1,,,0.001,False,False
rmw-only,16,128,6,2,300000,300000,-1,-1,-1,-1,False,,,5e-05,5e-05,14.287712379549445,-0.00808535846271674,7e a4 36 06 13 3f a6 75 58 5b 05 d8 d8 95 6d d5,ld-mem+stack,100.18,rmw-only_L16_st128_k6_s2.summary.json,-1,,,0.0,False,False
rmw-only,16,128,6,3,300000,300000,-1,-1,-1,-1,False,,,5e-05,5e-05,14.287712379549445,-0.007825500044446265,46 21 7e aa 31 95 a4 7c 84 f8 0d f4 be 71 a8 90,stack,100.35,rmw-only_L16_st128_k6_s3.summary.json,-1,,,0.0,False,False
rmw-only,16,128,6,4,300000,300000,-1,-1,-1,-1,False,,,0.0001,5e-05,14.287612379549447,-0.007329932206488365,76 c9 b3 7a a0 5a 93 8b 48 7e 37 39 9c 5f 7c 4d,-,100.67,rmw-only_L16_st128_k6_s4.summary.json,-1,,,0.0,False,False
rmw-only,16,128,6,5,300000,300000,-1,-1,-1,-1,False,,,5e-05,5e-05,14.287712379549445,-0.007770798771001175,ff c2 e0 00 9b d1 bc 5d 26 7e ab 7a 3e e4 d3 8d,stack,100.45,rmw-only_L16_st128_k6_s5.summary.json,-1,,,0.001,False,False
rmw-only,16,128,6,6,300000,300000,-1,-1,-1,-1,False,,,5e-05,5e-05,14.287712379549445,-0.007919160142868087,76 50 31 8b 46 37 1f 02 36 f0 ca d5 6b 4d 28 2c,ld-mem,100.21,rmw-only_L16_st128_k6_s6.summary.json,-1,,,0.0,False,False
rmw-only,16,128,6,7,300000,300000,-1,-1,-1,-1,False,,,5e-05,5e-05,14.287712379549445,-0.008140172985063643,af e9 fa 8e 1d dd 9a 3a 84 bb b4 a0 1e 0b 01 32,-,100.0,rmw-only_L16_st128_k6_s7.summary.json,-1,,,0.0,False,False
rmw-only,16,128,6,8,300000,300000,-1,-1,-1,-1,False,,,5e-05,5e-05,14.287712379549445,-0.007453509895694488,94 8e 2a 31 9d d6 d5 4e 8a 1b 8f ea da 21 67 27,-,102.18,rmw-only_L16_st128_k6_s8.summary.json,-1,,,0.0,False,False
rmw-only,16,128,6,9,300000,300000,-1,-1,-1,-1,False,,,5e-05,5e-05,14.287712379549445,-0.008172709573794457,9f ff 56 be 22 0a e2 60 a1 ca f6 32 14 78 f7 50,ld-mem+stack,100.08,rmw-only_L16_st128_k6_s9.summary.json,-1,,,0.0,False,False
rmw-only,16,32,2,1,300000,300000,-1,-1,-1,-1,False,,,5e-05,5e-05,14.287712379549445,-0.0008575434480508903,cd 82 89 d4 24 b2 e3 9b 0a 97 0a 2a 83 42 c0 20,stack,45.21,rmw-only_L16_st32_k2_s1.summary.json,-1,,,0.0,False,False
rmw-only,16,32,2,10,300000,300000,-1,-1,-1,-1,False,,,5e-05,5e-05,14.287712379549445,-0.0009031322477692783,b4 bb 10 32 ca 57 74 1a f1 a3 d5 71 74 75 6f 64,ld-mem+stack,46.05,rmw-only_L16_st32_k2_s10.summary.json,-1,,,0.0,False,False
rmw-only,16,32,2,2,300000,300000,-1,-1,-1,-1,False,,,5e-05,5e-05,14.287712379549445,-0.0009080905096068292,7e e4 8f a3 91 f6 3a 95 ab 74 2d aa b7 28 05 74,ld-mem+stack,46.2,rmw-only_L16_st32_k2_s2.summary.json,-1,,,0.0,False,False
rmw-only,16,32,2,3,300000,300000,-1,-1,-1,-1,False,,,5e-05,5e-05,14.287712379549445,-0.0009675510900395423,84 c7 0d f3 e4 84 2d 25 62 8e f3 85 cd 04 07 72,ld-mem+stack,45.6,rmw-only_L16_st32_k2_s3.summary.json,-1,,,0.0,False,False
rmw-only,16,32,2,4,300000,300000,-1,-1,-1,-1,False,,,5e-05,5e-05,14.287712379549445,-0.0009610095300871535,03 fa 01 ea 61 54 27 f7 16 60 03 42 a9 7c 55 e2,stack,45.12,rmw-only_L16_st32_k2_s4.summary.json,-1,,,0.0,False,False
rmw-only,16,32,2,5,300000,300000,-1,-1,-1,-1,False,,,5e-05,5e-05,14.287712379549445,-0.0008828252858927854,01 e7 12 70 e1 a6 00 d2 84 5b 68 48 b0 4a 7f 25,ld-mem,46.24,rmw-only_L16_st32_k2_s5.summary.json,-1,,,0.0,False,False
rmw-only,16,32,2,6,300000,300000,-1,-1,-1,-1,False,,,5e-05,5e-05,14.287712379549445,-0.0009256174276330853,00 8c ae 9c 8d 5f b2 0a 7c 66 b6 4d 4b b1 6e 3f,-,47.27,rmw-only_L16_st32_k2_s6.summary.json,-1,,,0.0,False,False
rmw-only,16,32,2,7,300000,300000,-1,-1,-1,-1,False,,,5e-05,5e-05,14.287712379549445,-0.0009697377238930827,52 6f aa aa 4c e2 14 25 24 7d d8 21 43 64 b0 65,-,46.44,rmw-only_L16_st32_k2_s7.summary.json,-1,,,0.001,False,False
rmw-only,16,32,2,8,300000,300000,-1,-1,-1,-1,False,,,5e-05,5e-05,14.287712379549445,-0.0008862365111692583,5f 99 b0 07 f0 a4 24 f3 fb 8d 34 69 d4 59 25 84,rmw+stack,48.37,rmw-only_L16_st32_k2_s8.summary.json,-1,,,0.0,False,False
rmw-only,16,32,2,9,300000,300000,-1,-1,-1,-1,False,,,5e-05,5e-05,14.287712379549445,-0.0008520469890420657,6e d3 bb 55 3c 2a d0 cd f0 86 02 d1 c2 40 9d dd,ld-mem,45.07,rmw-only_L16_st32_k2_s9.summary.json,-1,,,0.0,False,False
rmw-only,16,32,4,1,300000,300000,-1,-1,-1,-1,False,,,5e-05,5e-05,14.287712379549445,-0.002163964473750113,9b 7d eb 4f 9f 7d eb 4f e2 8b f8 94 cc 0a 67 b1,stack,44.98,rmw-only_L16_st32_k4_s1.summary.json,-1,,,0.0,False,False
rmw-only,16,32,4,10,300000,300000,-1,-1,-1,-1,False,,,5e-05,5e-05,14.287712379549445,-0.0019592783187150076,34 87 96 ac 9e 0a 05 6d 37 0e fa 5b 54 74 8f 9e,ld-mem+rmw,45.52,rmw-only_L16_st32_k4_s10.summary.json,-1,,,0.0,False,False
rmw-only,16,32,4,2,300000,300000,-1,-1,-1,-1,False,,,5e-05,5e-05,14.287712379549445,-0.0018589989253312567,e9 76 70 4a d8 ce 20 82 cc b0 3a c4 6c 0a 44 87,ld-mem+stack,44.27,rmw-only_L16_st32_k4_s2.summary.json,-1,,,0.0,False,False
rmw-only,16,32,4,3,300000,300000,-1,-1,-1,-1,False,,,5e-05,5e-05,14.287712379549445,-0.0018872871355064547,7e 06 3d 69 e0 ce 71 7f e7 1f 49 e8 86 c3 00 12,stack,45.94,rmw-only_L16_st32_k4_s3.summary.json,-1,,,0.0,False,False
rmw-only,16,32,4,4,300000,300000,-1,-1,-1,-1,False,,,5e-05,5e-05,14.287712379549445,-0.0020413143328035233,cc 77 53 12 fb ae b7 72 7f 0f e0 db a4 c0 07 81,ld-mem+stack,46.01,rmw-only_L16_st32_k4_s4.summary.json,-1,,,0.0,False,False
rmw-only,16,32,4,5,300000,300000,-1,-1,-1,-1,False,,,5e-05,5e-05,14.287712379549445,-0.0020323471136265425,86 07 88 f6 94 6f c3 f2 32 42 c6 15 6c 4b af 61,-,44.91,rmw-only_L16_st32_k4_s5.summary.json,-1,,,0.0,False,False
rmw-only,16,32,4,6,300000,300000,-1,-1,-1,-1,False,,,5e-05,5e-05,14.287712379549445,-0.001940208040867475,96 ab 2d 64 ee 6c 16 d0 ed cb 49 fb 1f 39 1c 9a,-,51.22,rmw-only_L16_st32_k4_s6.summary.json,-1,,,0.0,False,False
rmw-only,16,32,4,7,300000,300000,-1,-1,-1,-1,False,,,5e-05,5e-05,14.287712379549445,-0.0018945751793904009,0c 95 3b d5 78 4d e0 01 d8 73 35 94 24 27 6e 76,rmw+stack,49.41,rmw-only_L16_st32_k4_s7.summary.json,-1,,,0.0,False,False
rmw-only,16,32,4,8,300000,300000,-1,-1,-1,-1,False,,,5e-05,5e-05,14.287712379549445,-0.002039009225775601,80 09 0a 97 be 0d e7 a4 98 4d ef 26 8e aa 57 3c,stack,45.46,rmw-only_L16_st32_k4_s8.summary.json,-1,,,0.0,False,False
rmw-only,16,32,4,9,300000,300000,-1,-1,-1,-1,False,,,5e-05,5e-05,14.287712379549445,-0.0017357250476432995,0a 2b f2 db 6d 3a c8 4a a0 62 ec 92 e2 1d 5c 7a,stack,46.82,rmw-only_L16_st32_k4_s9.summary.json,-1,,,0.0,False,False
rmw-only,16,32,6,1,300000,300000,-1,-1,-1,-1,False,,,5e-05,5e-05,14.287712379549445,-0.004271666587153611,2c 76 ad c7 e4 f0 a0 3e 22 42 5e 9b c0 b8 41 a3,stack,52.68,rmw-only_L16_st32_k6_s1.summary.json,-1,,,0.0,False,False
rmw-only,16,32,6,10,300000,300000,-1,-1,-1,-1,False,,,5e-05,5e-05,14.287712379549445,-0.004408188866431573,d6 bc b1 d1 25 78 d3 1b da c5 7f c2 3f f1 f8 70,ld-mem,45.24,rmw-only_L16_st32_k6_s10.summary.json,-1,,,0.0,False,False
rmw-only,16,32,6,2,300000,300000,-1,-1,-1,-1,False,,,5e-05,5e-05,14.287712379549445,-0.004664896922115247,f1 fa 0f d6 16 0e 2d 6a 26 a7 a4 f8 e5 3f 23 82,stack,45.39,rmw-only_L16_st32_k6_s2.summary.json,-1,,,0.0,False,False
rmw-only,16,32,6,3,300000,300000,-1,-1,-1,-1,False,,,5e-05,5e-05,14.287712379549445,-0.004546165661066581,a1 56 b1 c6 cc 53 89 11 f4 9b 02 59 83 62 50 e4,ld-mem+stack,46.07,rmw-only_L16_st32_k6_s3.summary.json,-1,,,0.0,False,False
rmw-only,16,32,6,4,300000,300000,-1,-1,-1,-1,False,,,5e-05,5e-05,14.287712379549445,-0.004496743632398825,77 8a 04 0a 7b aa 30 0e 8e 8d 79 35 a4 4d 0c 8e,ld-mem+rmw,45.54,rmw-only_L16_st32_k6_s4.summary.json,-1,,,0.0,False,False
rmw-only,16,32,6,5,300000,300000,-1,-1,-1,-1,False,,,5e-05,5e-05,14.287712379549445,-0.004428724678758655,b0 6e 56 df 7b 2f 62 ac c2 5e cc 63 80 ad f7 a3,stack,50.36,rmw-only_L16_st32_k6_s5.summary.json,-1,,,0.0,False,False
rmw-only,16,32,6,6,300000,300000,-1,-1,-1,-1,False,,,5e-05,5e-05,14.287712379549445,-0.004540425086899447,6e a6 f8 d1 6d 94 81 1f 23 65 14 55 fb 76 b1 1a,-,49.24,rmw-only_L16_st32_k6_s6.summary.json,-1,,,0.001,False,False
rmw-only,16,32,6,7,300000,300000,-1,-1,-1,-1,False,,,5e-05,5e-05,14.287712379549445,-0.0046809165645882445,6a 5e 7c 01 4b a3 ef dc 5c 59 08 8a 4a 22 d5 0d,ld-mem+stack,45.79,rmw-only_L16_st32_k6_s7.summary.json,-1,,,0.0,False,False
rmw-only,16,32,6,8,300000,300000,-1,-1,-1,-1,False,,,5e-05,5e-05,14.287712379549445,-0.004456554515170019,63 b3 61 9a 6d 2e 3a f7 e4 50 ef 23 32 13 9b 00,ld-mem+stack,47.76,rmw-only_L16_st32_k6_s8.summary.json,-1,,,0.0,False,False
rmw-only,16,32,6,9,300000,300000,-1,-1,-1,-1,False,,,5e-05,5e-05,14.287712379549445,-0.004706734586354955,98 c3 de d7 39 87 44 ff 17 97 ab fc d9 f7 ef 3b,stack,45.51,rmw-only_L16_st32_k6_s9.summary.json,-1,,,0.0,False,False
rmw-only,16,512,2,1,300000,300000,-1,-1,-1,-1,False,,,5e-05,5e-05,14.287712379549445,-0.003757756252886324,3b 70 18 97 a8 d9 a5 fd 8c 03 3b 6f a8 80 53 3b,ld-mem,330.27,rmw-only_L16_st512_k2_s1.summary.json,-1,,,0.0,False,False
rmw-only,16,512,2,10,300000,300000,-1,-1,-1,-1,False,,,5e-05,5e-05,14.287712379549445,-0.003775873130072327,2e c5 2a 2d 0d f1 02 ea ab e9 d1 87 fd 25 d9 74,ld-mem,329.96,rmw-only_L16_st512_k2_s10.summary.json,-1,,,0.0,False,False
rmw-only,16,512,2,2,300000,300000,-1,-1,-1,-1,False,,,5e-05,5e-05,14.287712379549445,-0.0037669887437798977,4e 5f ef b1 b6 b1 cf e2 3c 04 c6 22 84 09 90 0a,stack,330.37,rmw-only_L16_st512_k2_s2.summary.json,-1,,,0.001,False,False
rmw-only,16,512,2,3,300000,300000,-1,-1,-1,-1,False,,,5e-05,5e-05,14.287712379549445,-0.003994559479752802,d6 b1 31 b6 a7 ee fc 4a 2c 21 d0 eb ef 18 d3 50,stack,330.46,rmw-only_L16_st512_k2_s3.summary.json,-1,,,0.0,False,False
rmw-only,16,512,2,4,300000,300000,-1,-1,-1,-1,False,,,5e-05,5e-05,14.287712379549445,-0.0038349717105337078,22 e7 6c fe 91 9a d6 0c 0c 8a 88 80 4f 6a 29 f8,ld-mem,330.36,rmw-only_L16_st512_k2_s4.summary.json,-1,,,0.001,False,False
rmw-only,16,512,2,5,300000,300000,-1,-1,-1,-1,False,,,5e-05,5e-05,14.287712379549445,-0.0039185539775417055,68 7b 62 f4 ee a7 2d 85 f0 12 44 6c 65 b0 01 e1,ld-mem+stack,331.16,rmw-only_L16_st512_k2_s5.summary.json,-1,,,0.0,False,False
rmw-only,16,512,2,6,300000,300000,-1,-1,-1,-1,False,,,5e-05,5e-05,14.287712379549445,-0.0035032589605359377,1d dc fd 4f 2a 31 a1 a2 1d bd d4 0b b4 b4 8b 37,stack,330.48,rmw-only_L16_st512_k2_s6.summary.json,-1,,,0.0,False,False
rmw-only,16,512,2,7,300000,300000,-1,-1,-1,-1,False,,,5e-05,5e-05,14.287712379549445,-0.003977795070216672,52 6f aa aa 4c e2 14 25 24 7d d8 21 43 64 b0 65,-,330.53,rmw-only_L16_st512_k2_s7.summary.json,-1,,,0.0,False,False
rmw-only,16,512,2,8,300000,300000,-1,-1,-1,-1,False,,,5e-05,5e-05,14.287712379549445,-0.0034491944828776155,3e 1b 3a 41 76 02 27 a2 ca e2 6f d3 fb 0f 4b 2c,ld-mem,330.5,rmw-only_L16_st512_k2_s8.summary.json,-1,,,0.0,False,False
rmw-only,16,512,2,9,300000,300000,-1,-1,-1,-1,False,,,5e-05,5e-05,14.287712379549445,-0.0035446395008653653,e9 45 c1 98 40 d2 e1 35 35 2c 17 df b1 1d 21 c4,rmw+stack,330.4,rmw-only_L16_st512_k2_s9.summary.json,-1,,,0.001,False,False
rmw-only,16,512,4,1,300000,300000,-1,-1,-1,-1,False,,,5e-05,5e-05,14.287712379549445,-0.007776618553967829,98 69 3b 3e af 26 7e 44 3a ac 84 b2 f5 3f 5b 05,stack,323.0,rmw-only_L16_st512_k4_s1.summary.json,-1,,,0.001,False,False
rmw-only,16,512,4,10,300000,300000,-1,-1,-1,-1,False,,,5e-05,5e-05,14.287712379549445,-0.007907223670900798,13 1c 1a 61 e9 d4 56 5e d2 8c 5c ad 42 da ec 36,stack,323.37,rmw-only_L16_st512_k4_s10.summary.json,-1,,,0.0,False,False
rmw-only,16,512,4,2,300000,300000,-1,-1,-1,-1,False,,,5e-05,5e-05,14.287712379549445,-0.007761268455425352,8c 30 c1 5c a8 98 30 0b b1 16 70 ae f7 12 70 83,ld-mem+stack,323.29,rmw-only_L16_st512_k4_s2.summary.json,-1,,,0.001,False,False
rmw-only,16,512,4,3,300000,300000,-1,-1,-1,-1,False,,,5e-05,5e-05,14.287712379549445,-0.007926576521321671,76 a9 88 78 06 9b b0 30 95 c7 6d a5 d5 7b cb 03,stack,323.51,rmw-only_L16_st512_k4_s3.summary.json,-1,,,0.0,False,False
rmw-only,16,512,4,4,300000,300000,-1,-1,-1,-1,False,,,5e-05,5e-05,14.287712379549445,-0.007795076083032981,5e 78 54 53 4f b5 92 ac 41 c8 6c 2b e1 c4 b4 e9,stack,323.05,rmw-only_L16_st512_k4_s4.summary.json,-1,,,0.001,False,False
rmw-only,16,512,4,5,300000,300000,-1,-1,-1,-1,False,,,5e-05,5e-05,14.287712379549445,-0.007443199291442326,ee f3 59 f7 e9 93 8c 3b f0 70 5f a7 52 0e 55 30,ld-mem+stack,326.5,rmw-only_L16_st512_k4_s5.summary.json,-1,,,0.0,False,False
rmw-only,16,512,4,6,300000,300000,-1,-1,-1,-1,False,,,5e-05,5e-05,14.287712379549445,-0.007278960918979394,62 ae f4 ac 96 13 65 5b ea aa 68 6e 65 8e e1 02,ld-mem+stack,323.12,rmw-only_L16_st512_k4_s6.summary.json,-1,,,0.0,False,False
rmw-only,16,512,4,7,300000,300000,-1,-1,-1,-1,False,,,5e-05,5e-05,14.287712379549445,-0.0072989385931165884,4d a8 63 df 79 08 d2 bd 6a 2b 5d 4b c2 5d 0c 10,stack,323.63,rmw-only_L16_st512_k4_s7.summary.json,-1,,,0.0,False,False
rmw-only,16,512,4,8,300000,300000,-1,-1,-1,-1,False,,,5e-05,5e-05,14.287712379549445,-0.007793494076247853,f8 31 65 1d ac 6a 78 44 2e 04 85 e9 54 0b bf ae,-,324.67,rmw-only_L16_st512_k4_s8.summary.json,-1,,,0.0,False,False
rmw-only,16,512,4,9,300000,300000,-1,-1,-1,-1,False,,,5e-05,5e-05,14.287712379549445,-0.007452712444058207,86 76 26 54 3b 59 fd e2 c6 c5 99 16 06 c9 eb 00,-,326.69,rmw-only_L16_st512_k4_s9.summary.json,-1,,,0.0,False,False
rmw-only,16,512,6,1,300000,300000,-1,-1,-1,-1,False,,,5e-05,5e-05,14.287712379549445,-0.011120345901150408,f7 eb 2e 1b e3 23 df 1b 3d b7 4b 9b bc de e8 94,stack,317.02,rmw-only_L16_st512_k6_s1.summary.json,-1,,,0.0,False,False
rmw-only,16,512,6,10,300000,300000,-1,-1,-1,-1,False,,,5e-05,5e-05,14.287712379549445,-0.011822298232665673,3f d0 b8 88 48 96 d3 4e 80 43 9b 0d 13 4b 62 60,-,317.51,rmw-only_L16_st512_k6_s10.summary.json,-1,,,0.0,False,False
rmw-only,16,512,6,2,300000,300000,-1,-1,-1,-1,False,,,0.0001,5e-05,14.287612379549445,-0.011273008689851594,47 4c 6a 95 64 1c 5c 8f db 35 76 d9 4c 2e 86 31,-,317.5,rmw-only_L16_st512_k6_s2.summary.json,-1,,,0.0,False,False
rmw-only,16,512,6,3,300000,300000,-1,-1,-1,-1,False,,,5e-05,5e-05,14.287712379549445,-0.01139779713682465,91 63 3a 85 d8 4e c0 68 dd ea 65 02 94 fa 80 cb,-,317.19,rmw-only_L16_st512_k6_s3.summary.json,-1,,,0.0,False,False
rmw-only,16,512,6,4,300000,300000,-1,-1,-1,-1,False,,,5e-05,5e-05,14.287712379549445,-0.01118829625542972,93 91 bb 24 32 93 ba 00 2c e3 77 7a 9d 90 87 04,ld-mem+stack,317.24,rmw-only_L16_st512_k6_s4.summary.json,-1,,,0.0,False,False
rmw-only,16,512,6,5,300000,300000,-1,-1,-1,-1,False,,,5e-05,5e-05,14.287712379549445,-0.011358698130990774,77 6f 04 13 b5 6b 84 34 4a b7 5f fd 7f ac 14 a6,ld-mem+rmw,318.09,rmw-only_L16_st512_k6_s5.summary.json,-1,,,0.0,False,False
rmw-only,16,512,6,6,300000,300000,-1,-1,-1,-1,False,,,5e-05,5e-05,14.287712379549445,-0.011446167936158602,6b 89 f7 dc 97 7c ce d1 e3 d7 51 1e 27 04 81 38,stack,317.57,rmw-only_L16_st512_k6_s6.summary.json,-1,,,0.0,False,False
rmw-only,16,512,6,7,300000,300000,-1,-1,-1,-1,False,,,5e-05,5e-05,14.287712379549445,-0.010790871467399654,f9 15 2a 90 c5 77 30 71 b7 b3 bd 73 fa ef 02 fc,ld-mem+stack,317.3,rmw-only_L16_st512_k6_s7.summary.json,-1,,,0.0,False,False
rmw-only,16,512,6,8,300000,300000,-1,-1,-1,-1,False,,,5e-05,5e-05,14.287712379549445,-0.011537328637721167,13 75 83 24 f6 67 bb 9b e3 63 fd 8b 88 20 f2 27,ld-mem+stack,317.51,rmw-only_L16_st512_k6_s8.summary.json,-1,,,0.0,False,False
rmw-only,16,512,6,9,300000,300000,-1,-1,-1,-1,False,,,5e-05,5e-05,14.287712379549445,-0.011282331865732687,24 3f 6f 7b 1f 80 44 2d c3 0f bb 07 c9 29 db f5,-,317.3,rmw-only_L16_st512_k6_s9.summary.json,-1,,,0.0,False,False
stack-writes,16,128,2,1,300000,300000,68000,-1,73000,-1,True,b0 1e 04 ed b0 1e 04 ed b0 1e 04 ed b0 1e 04 ed,block-copy,0.0008,0.00175,13.36572106095316,4.673977816235656,b0 b0 b0 b0 b0 b0 b0 b0 b0 b0 b0 b0 b0 b0 b0 b0,-,82.9,stack-writes_L16_st128_k2_s1.summary.json,30000,84 5e ed b0 84 5e ed b0 84 5e ed b0 84 5e ed b0,1.0,1.0,True,True
stack-writes,16,128,2,10,300000,300000,-1,-1,-1,-1,False,,,0.0014,0.00255,13.379143794686545,4.64739123938275,b0 b0 b0 b0 b0 b0 b0 b0 b0 b0 b0 b0 b0 b0 b0 b0,-,88.87,stack-writes_L16_st128_k2_s10.summary.json,-1,,,1.0,True,False
stack-writes,16,128,2,2,300000,300000,-1,-1,-1,-1,False,,,0.00075,0.0009,13.377541489455776,4.6578871798064,50 6b 5e c3 aa f2 aa 8b 20 78 ed b0 ec c4 0e a8,block-copy+stack,86.0,stack-writes_L16_st128_k2_s2.summary.json,-1,,,1.0,True,False
stack-writes,16,128,2,3,300000,37000,27000,28000,27500,35000,True,b0 1e a4 ed b0 1e a4 ed b0 1e a4 ed b0 1e a4 ed,block-copy,0.13645,0.492,9.115225556934428,2.2329674853903896,b0 1e a4 ed b0 1e a4 ed b0 1e a4 ed b0 1e a4 ed,block-copy,12.36,stack-writes_L16_st128_k2_s3.summary.json,26500,b0 1e a4 ed b0 1e a4 ed b0 1e a4 ed b0 1e a4 ed,1.0,1.0,True,True
stack-writes,16,128,2,4,300000,300000,-1,-1,-1,-1,False,,,0.00065,0.0015,13.3801380332097,4.683288483846191,50 5e f2 ae 96 34 94 2f b6 3d a6 44 64 90 ed b0,block-copy+rmw,82.02,stack-writes_L16_st128_k2_s4.summary.json,-1,,,1.0,True,False
stack-writes,16,128,2,5,300000,300000,-1,-1,-1,-1,False,,,0.0007,0.00095,13.384150751410573,4.643547578897551,d0 5e c3 ae 06 10 11 dd ba fa e2 fa 2c 6c ed b0,block-copy,83.56,stack-writes_L16_st128_k2_s5.summary.json,-1,,,1.0,True,False
stack-writes,16,128,2,6,300000,300000,-1,-1,-1,-1,False,,,0.00085,0.00195,13.371342708064244,4.642793740619057,b0 b0 b0 b0 b0 b0 b0 b0 b0 b0 b0 b0 b0 b0 b0 b0,-,83.75,stack-writes_L16_st128_k2_s6.summary.json,-1,,,1.0,True,False
stack-writes,16,128,2,7,300000,300000,-1,-1,-1,-1,False,,,0.001,0.0022,13.396968149308318,4.617462624431533,b0 b0 b0 b0 b0 b0 b0 b0 b0 b0 b0 b0 b0 b0 b0 b0,-,82.71,stack-writes_L16_st128_k2_s7.summary.json,-1,,,1.0,True,False
stack-writes,16,128,2,8,300000,300000,-1,-1,-1,-1,False,,,0.0009,0.00165,13.379918173717424,4.669067315708559,b0 b0 b0 b0 b0 b0 b0 b0 b0 b0 b0 b0 b0 b0 b0 b0,-,82.36,stack-writes_L16_st128_k2_s8.summary.json,-1,,,1.0,True,False
stack-writes,16,128,2,9,300000,300000,-1,-1,-1,-1,False,,,0.00095,0.0019,13.372342786858072,4.698080850252136,b0 b0 b0 b0 b0 b0 b0 b0 b0 b0 b0 b0 b0 b0 b0 b0,-,81.95,stack-writes_L16_st128_k2_s9.summary.json,10000,04 5e ed b0 04 5e ed b0 04 5e ed b0 04 5e ed b0,1.0,1.0,True,True
stack-writes,16,128,4,1,300000,300000,-1,-1,-1,-1,False,,,0.003,0.0034,11.893494762595875,5.811203811686148,1e 84 ed b0 1e 84 ed b0 1e 84 ed b0 1e 84 ed b0,block-copy,70.63,stack-writes_L16_st128_k4_s1.summary.json,-1,,,1.0,True,False
stack-writes,16,128,4,10,300000,49500,41000,44000,41500,47500,True,1e 64 ed b0 1e 64 ed b0 1e 64 ed b0 1e 64 ed b0,block-copy,0.104,0.514,6.282612928501285,2.845049193864699,b0 1e 64 ed b0 1e 64 ed b0 1e 64 ed b0 1e 64 ed,block-copy,15.75,stack-writes_L16_st128_k4_s10.summary.json,39500,1e a4 ed b0 1e a4 ed b0 1e a4 ed b0 1e a4 ed b0,1.0,1.0,True,True
stack-writes,16,128,4,2,300000,300000,-1,-1,-1,-1,False,,,0.0023,0.0026,11.698383489641387,5.600516368954119,28 2d 5e ed b0 00 c4 97 28 2d 5e ed b0 00 c4 97,block-copy+stack,69.23,stack-writes_L16_st128_k4_s2.summary.json,50500,64 5e ed b0 64 5e ed b0 64 5e ed b0 64 5e ed b0,1.0,1.0,True,True
stack-writes,16,128,4,3,300000,300000,-1,-1,-1,-1,False,,,0.00195,0.00235,11.893678695022977,5.8359507519947424,b0 5e c3 4b 93 2e cb 14 ce fd 59 f1 f8 8e ed b0,block-copy,71.22,stack-writes_L16_st128_k4_s3.summary.json,71000,a8 5e d2 46 2d 6b ed b0 a8 5e d2 46 2d 6b ed b0,1.0,1.0,True,True
stack-writes,16,128,4,4,300000,300000,-1,-1,-1,-1,False,,,0.00165,0.00255,11.954960248310563,5.898488963232598,11 f0 7b 0c ae dd 4b fa 5f b4 28 e3 83 4b ed b0,block-copy,69.46,stack-writes_L16_st128_k4_s4.summary.json,20000,b0 11 88 00 8b ed b0 2a b0 11 88 00 8b ed b0 2a,1.0,1.0,True,True
stack-writes,16,128,4,5,300000,300000,-1,-1,-1,-1,False,,,0.00405,0.00995,11.753128996318436,5.6353531035326565,28 9a 5e ed b0 c3 fc 26 28 9a 5e ed b0 c3 fc 26,block-copy,66.12,stack-writes_L16_st128_k4_s5.summary.json,12000,84 5e ed b0 84 5e ed b0 84 5e ed b0 84 5e ed b0,1.0,1.0,True,True
stack-writes,16,128,4,6,300000,300000,-1,-1,-1,-1,False,,,0.00155,0.00315,11.928087876316111,5.870067522603298,90 5e c3 ac 4b 7e fd 73 87 20 dc a3 ed b0 fa 98,block-copy+ld-mem,71.28,stack-writes_L16_st128_k4_s6.summary.json,209000,1e 84 ed b0 1e 84 ed b0 1e 84 ed b0 1e 84 ed b0,1.0,1.0,True,True
stack-writes,16,128,4,7,300000,300000,-1,-1,-1,-1,False,,,0.0021,0.00295,11.932490734232207,5.831014134343923,b0 5e ea 0b e7 f3 98 79 97 25 76 ed b0 d5 de de,block-copy+stack,70.3,stack-writes_L16_st128_k4_s7.summary.json,52000,e8 5e c3 05 2e ed b0 17 e8 5e c3 05 2e ed b0 17,1.0,1.0,True,True
stack-writes,16,128,4,8,300000,300000,229500,-1,-1,-1,False,b0 1e 64 ed b0 1e 64 ed b0 1e 64 ed b0 1e 64 ed,block-copy,0.0022,0.00385,11.94004123203892,5.874358268653068,00 1e 50 c3 2e 6a 77 91 d1 ce bc 2a f2 d7 ed b0,block-copy+ld-mem,72.24,stack-writes_L16_st128_k4_s8.summary.json,43500,1e a8 6f ed b0 f6 25 c3 1e a8 6f ed b0 f6 25 c3,1.0,1.0,True,True
stack-writes,16,128,4,9,300000,300000,-1,-1,-1,-1,False,,,0.00185,0.00355,11.930047553893889,5.853193839189327,90 5e c3 ac e1 bd aa 11 a3 95 fe 89 0f 98 ed b0,block-copy,71.78,stack-writes_L16_st128_k4_s9.summary.json,63500,24 5e ed b0 24 5e ed b0 24 5e ed b0 24 5e ed b0,1.0,1.0,True,True
stack-writes,16,128,6,1,300000,300000,86000,-1,94500,-1,True,c8 58 5e c2 a4 ed b0 31 c8 58 5e c2 a4 ed b0 31,-,0.0069,0.01,10.27281245318917,6.243890134585787,f0 1d 8a 5e c3 29 d6 7e 84 00 a6 32 69 b9 ed b0,block-copy+ld-mem,60.67,stack-writes_L16_st128_k6_s1.summary.json,13500,b0 00 5e 3d 84 ed b0 90 5e 3d 84 ed b0 b0 d6 f5,1.0,1.0,True,True
stack-writes,16,128,6,10,300000,27500,24500,25500,24500,25500,True,b0 ff 00 00 b8 1e 88 ed b0 ff 00 00 b8 1e 88 ed,block-copy+stack,0.01365,0.2917,9.319507371679727,4.680802114494623,b0 ff 00 00 b8 1e 88 ed b0 ff 00 00 b8 1e 88 ed,block-copy+stack,9.23,stack-writes_L16_st128_k6_s10.summary.json,24500,b0 ff 00 00 b8 1e 88 ed b0 ff 00 00 b8 1e 88 ed,1.0,1.0,True,True
stack-writes,16,128,6,2,300000,300000,60500,61000,61000,-1,True,08 00 1d 5e 52 c4 ed b0 08 00 1d 5e 52 c4 ed b0,stack,0.00945,0.01475,9.61976625939505,5.5424024671880545,28 db 5e ed b0 db 41 2a 28 db 5e ed b0 db 41 2a,block-copy,67.02,stack-writes_L16_st128_k6_s2.summary.json,60500,08 00 1d 5e 52 c4 ed b0 08 00 1d 5e 52 c4 ed b0,1.0,1.0,True,True
stack-writes,16,128,6,3,300000,81000,78500,-1,78500,79000,True,e8 26 b0 d2 07 21 71 54 0b 40 7a 56 5f a7 ed b0,block-copy+ld-mem,0.00785,0.01095,9.78359943716146,5.0636414239222205,a6 26 b0 d2 07 21 31 54 eb b3 7a fb 5f a7 ed b0,block-copy,26.86,stack-writes_L16_st128_k6_s3.summary.json,78000,e8 26 b0 d2 07 21 71 54 0b 40 7a 56 5f a7 ed b0,1.0,1.0,True,True
stack-writes,16,128,6,4,300000,300000,78500,-1,5500,-1,True,c4 5e ed b0 c4 5e ed b0 c4 5e ed b0 c4 5e ed b0,stack,0.0053,0.0135,10.312776056403226,6.255114253490013,98 c3 25 26 10 11 90 ec ed b0 09 3c 74 6e 34 94,ld-mem+rmw+stack,59.94,stack-writes_L16_st128_k6_s4.summary.json,5500,00 ea 17 17 86 11 b0 43 ed b0 64 cd b0 17 17 ad,1.0,1.0,True,True
stack-writes,16,128,6,5,300000,300000,5500,-1,5500,-1,True,11 b0 96 2f ff 3d ed b0 48 d2 d2 97 ed 2e 86 16,block-copy+stack,0.00595,0.01035,10.272153848695387,6.3140867626807795,11 10 31 c3 2e 55 00 66 40 bb 98 18 2c c0 ed b0,block-copy,59.91,stack-writes_L16_st128_k6_s5.summary.json,4000,11 b0 80 2f ff 3d ed b0 ca d2 ff 3d ed b0 86 b0,1.0,1.0,True,True
stack-writes,16,128,6,6,300000,300000,132500,-1,132500,-1,True,b0 5e b0 fd b1 b0 fd b0 b1 b0 fd b0 ed b0 8e 9f,block-copy,0.00505,0.01585,10.227951353754106,6.264901757128632,90 5e c3 8e 83 b3 e9 67 93 8a 2a 88 20 c8 ed b0,block-copy,76.95,stack-writes_L16_st128_k6_s6.summary.json,132500,b0 5e b0 fd b1 b0 fd b0 b1 b0 fd b0 ed b0 8e 9f,1.0,1.0,True,True
stack-writes,16,128,6,7,300000,300000,158500,-1,158500,-1,True,1e 46 b0 1e ed b0 1e b0 64 dd ca 64 f5 b0 1e ed,-,0.0061,0.016,10.265011781546049,6.296436704392918,f0 c8 5e 3c c3 8d 9f be 44 e1 75 fa 61 ed b0 9b,ld-mem,82.16,stack-writes_L16_st128_k6_s7.summary.json,158000,1e 46 b0 1e ed b0 1e b0 64 dd ca 64 ed b0 1e ed,1.0,1.0,True,True
stack-writes,16,128,6,8,300000,300000,99500,-1,26500,-1,True,24 5e ed b0 24 5e ed b0 24 5e ed b0 24 5e ed b0,block-copy,0.00535,0.0138,10.312548909281718,6.195952737435423,b0 f4 c3 ed 70 cc 8b 8c 4d c9 24 e6 0d 5e ed b0,block-copy+ld-mem+stack,61.73,stack-writes_L16_st128_k6_s8.summary.json,26000,b0 5e 00 8e 5e 00 b0 5e 00 b0 5e b0 ed b0 b0 ff,1.0,1.0,True,True
stack-writes,16,128,6,9,300000,300000,39000,-1,-1,-1,False,84 5e ed b0 84 5e ed b0 84 5e ed b0 84 5e ed b0,block-copy,0.00505,0.01275,10.307813218277563,6.238073281721232,90 e2 04 c9 53 29 99 a9 fb 83 92 a7 5e ed b0 75,block-copy+ld-mem,64.38,stack-writes_L16_st128_k6_s9.summary.json,33000,b0 9b 14 dd af 49 48 5e ed 49 48 5e ed b0 9b 14,1.0,1.0,True,True
stack-writes,16,32,2,1,300000,300000,-1,-1,-1,-1,False,,,0.0014,0.0022,13.262338663364906,4.291982279765726,28 75 5e ed b0 9c af d9 28 75 5e ed b0 9c af d9,block-copy,45.88,stack-writes_L16_st32_k2_s1.summary.json,-1,,,1.0,True,False
stack-writes,16,32,2,10,300000,300000,-1,-1,-1,-1,False,,,0.0011,0.00225,13.326691855569639,4.279708218089399,28 72 5e ed b0 7b 8d e4 28 72 5e ed b0 7b 8d e4,block-copy+stack,47.54,stack-writes_L16_st32_k2_s10.summary.json,179500,1e c4 ed b0 1e c4 ed b0 1e c4 ed b0 1e c4 ed b0,1.0,1.0,True,True
stack-writes,16,32,2,2,300000,300000,-1,-1,-1,-1,False,,,0.0012,0.00275,13.317414953529557,4.3100139519137874,68 df 5e b4 54 ed b0 46 68 df 5e b4 54 ed b0 46,block-copy+stack,49.41,stack-writes_L16_st32_k2_s2.summary.json,-1,,,1.0,True,False
stack-writes,16,32,2,3,300000,300000,-1,-1,-1,-1,False,,,0.0014,0.0033,13.280210536153515,4.2711141802649975,44 5e ed b0 44 5e ed b0 44 5e ed b0 44 5e ed b0,block-copy,46.15,stack-writes_L16_st32_k2_s3.summary.json,-1,,,1.0,True,False
stack-writes,16,32,2,4,300000,300000,139000,-1,155500,-1,True,1e a4 ed b0 1e a4 ed b0 1e a4 ed b0 1e a4 ed b0,block-copy,0.002,0.0041,13.305600074326033,4.294499892172543,a4 5e ed b0 a4 5e ed b0 a4 5e ed b0 a4 5e ed b0,block-copy,46.21,stack-writes_L16_st32_k2_s4.summary.json,135500,1e c4 ed b0 1e c4 ed b0 1e c4 ed b0 1e c4 ed b0,1.0,1.0,True,True
stack-writes,16,32,2,5,300000,300000,-1,-1,-1,-1,False,,,0.00105,0.00235,13.256918977023876,4.272204935402466,24 5e ed b0 24 5e ed b0 24 5e ed b0 24 5e ed b0,block-copy,46.29,stack-writes_L16_st32_k2_s5.summary.json,-1,,,1.0,True,False
stack-writes,16,32,2,6,300000,300000,-1,-1,-1,-1,False,,,0.0013,0.002,13.30391227286369,4.259947798008136,28 87 5e ed b0 fb 4b c5 28 87 5e ed b0 fb 4b c5,block-copy+stack,46.51,stack-writes_L16_st32_k2_s6.summary.json,-1,,,1.0,True,False
stack-writes,16,32,2,7,300000,300000,-1,-1,-1,-1,False,,,0.0021,0.0042,13.254002890768813,4.2938442002449335,44 5e ed b0 44 5e ed b0 44 5e ed b0 44 5e ed b0,block-copy,48.4,stack-writes_L16_st32_k2_s7.summary.json,6500,84 5e ed b0 84 5e ed b0 84 5e ed b0 84 5e ed b0,1.0,1.0,True,True
stack-writes,16,32,2,8,300000,300000,-1,-1,-1,-1,False,,,0.0022,0.00435,13.271493794071093,4.303934766876237,a4 5e ed b0 a4 5e ed b0 a4 5e ed b0 a4 5e ed b0,block-copy,46.41,stack-writes_L16_st32_k2_s8.summary.json,-1,,,1.0,True,False
stack-writes,16,32,2,9,300000,300000,4500,-1,-1,-1,False,1e 64 ed b0 1e 64 ed b0 1e 64 ed b0 1e 64 ed b0,block-copy,0.0017,0.00385,13.293422899333912,4.2770025909888165,28 7c 5e ed b0 dc 19 0b 28 7c 5e ed b0 dc 19 0b,block-copy+stack,46.06,stack-writes_L16_st32_k2_s9.summary.json,3500,1e 64 ed b0 1e 64 ed b0 1e 64 ed b0 1e 64 ed b0,1.0,1.0,True,True
stack-writes,16,32,4,1,300000,300000,-1,-1,-1,-1,False,,,0.0018,0.00335,11.921079420668473,5.888561363060388,90 5e e2 4d e9 9f 54 00 40 84 fe ed fd 60 ed b0,block-copy,46.93,stack-writes_L16_st32_k4_s1.summary.json,32000,e4 5e ed b0 e4 5e ed b0 e4 5e ed b0 e4 5e ed b0,1.0,1.0,True,True
stack-writes,16,32,4,10,300000,102500,70000,83500,77000,100500,True,1e 44 ed b0 1e 44 ed b0 1e 44 ed b0 1e 44 ed b0,block-copy,0.11875,0.467,7.425590449077038,3.6666556772048913,1e a4 ed b0 1e a4 ed b0 1e a4 ed b0 1e a4 ed b0,block-copy,16.14,stack-writes_L16_st32_k4_s10.summary.json,68500,1e 44 ed b0 1e 44 ed b0 1e 44 ed b0 1e 44 ed b0,1.0,1.0,True,True
stack-writes,16,32,4,2,300000,300000,-1,-1,-1,-1,False,,,0.0023,0.0033,11.891203968571421,5.834214124211689,b0 5e c3 4e 47 ef cc 10 db 8c 15 f1 c6 5c ed b0,block-copy+stack,44.39,stack-writes_L16_st32_k4_s2.summary.json,183500,cb d3 ed b0 cb d3 ed b0 cb d3 ed b0 cb d3 ed b0,1.0,1.0,True,True
stack-writes,16,32,4,3,300000,300000,-1,-1,-1,-1,False,,,0.00475,0.0106,11.739651146159414,5.571597558586783,28 2c 5e ed b0 95 36 26 28 2c 5e ed b0 95 36 26,block-copy+ld-mem,44.16,stack-writes_L16_st32_k4_s3.summary.json,21000,64 5e ed b0 64 5e ed b0 64 5e ed b0 64 5e ed b0,1.0,1.0,True,True
stack-writes,16,32,4,4,300000,300000,-1,-1,-1,-1,False,,,0.0033,0.0081,11.642522525803116,5.3768634262505355,28 db 5e 0c 06 01 ed b0 28 db 5e 0c 06 01 ed b0,block-copy,44.43,stack-writes_L16_st32_k4_s4.summary.json,18000,84 5e ed b0 84 5e ed b0 84 5e ed b0 84 5e ed b0,1.0,1.0,True,True
stack-writes,16,32,4,5,300000,300000,222000,-1,-1,-1,False,b0 1e 04 ed b0 1e 04 ed b0 1e 04 ed b0 1e 04 ed,block-copy,0.0018,0.0036,11.90746282553419,5.890543048155812,b0 5e ca 2e 0d 56 ff 32 ed 72 20 05 3f f2 ed b0,ld-mem+stack,47.0,stack-writes_L16_st32_k4_s5.summary.json,218000,1e 04 ed b0 1e 04 ed b0 1e 04 ed b0 1e 04 ed b0,1.0,1.0,True,True
stack-writes,16,32,4,6,300000,300000,-1,-1,-1,-1,False,,,0.0035,0.0065,11.536647279636863,5.2175909022702776,c4 5e ed b0 c4 5e ed b0 c4 5e ed b0 c4 5e ed b0,stack,44.1,stack-writes_L16_st32_k4_s6.summary.json,34500,e4 5e ed b0 e4 5e ed b0 e4 5e ed b0 e4 5e ed b0,1.0,1.0,True,True
stack-writes,16,32,4,7,300000,300000,-1,-1,-1,-1,False,,,0.00385,0.00465,11.663805363246997,5.360135001598526,28 87 5e ed b0 84 c7 27 28 87 5e ed b0 84 c7 27,block-copy+stack,43.91,stack-writes_L16_st32_k4_s7.summary.json,43000,11 88 fb aa c3 ed b0 dc 11 88 fb aa c3 ed b0 dc,1.0,1.0,True,True
stack-writes,16,32,4,8,300000,300000,-1,-1,39000,-1,True,,,0.0047,0.0122,11.121306128968072,4.892397444590287,28 f0 ae 5f ed b0 18 ce 28 f0 ae 5f ed b0 18 ce,block-copy,48.02,stack-writes_L16_st32_k4_s8.summary.json,10000,28 15 b6 9c 5f ed b0 ce 28 15 b6 9c 5f ed b0 ce,1.0,1.0,True,True
stack-writes,16,32,4,9,300000,115500,15500,39500,20000,113500,True,1e c4 ed b0 1e c4 ed b0 1e c4 ed b0 1e c4 ed b0,block-copy,0.17375,0.41805,6.581331471520564,3.1777154138387638,1e 84 ed b0 1e 84 ed b0 1e 84 ed b0 1e 84 ed b0,block-copy,16.15,stack-writes_L16_st32_k4_s9.summary.json,14000,1e c4 ed b0 1e c4 ed b0 1e c4 ed b0 1e c4 ed b0,1.0,1.0,True,True
stack-writes,16,32,6,1,300000,300000,-1,-1,13000,-1,True,,,0.00605,0.0153,10.352646444530613,6.315497958640051,90 c3 ab 72 b4 0a 25 e7 c4 4d 1e e1 5e ed b0 70,block-copy+ld-mem+stack,45.35,stack-writes_L16_st32_k6_s1.summary.json,12500,b0 00 f0 fa 11 a9 4c c2 5e 5a b0 5e 49 ed b0 2f,1.0,1.0,True,True
stack-writes,16,32,6,10,300000,300000,2000,-1,1500,-1,True,b0 b0 1e 88 49 ed b0 00 b0 b0 1e 88 49 ed b0 00,block-copy,0.0064,0.0099,10.327260994754434,6.363675166731848,f0 5e f2 ce aa 68 82 c3 f4 20 c2 1d 81 bd ed b0,block-copy,44.85,stack-writes_L16_st32_k6_s10.summary.json,500,b0 b0 1e 88 49 ed b0 00 b0 b0 1e 88 49 ed b0 00,1.0,1.0,True,True
stack-writes,16,32,6,2,300000,268000,58500,96500,70000,266000,True,1e 04 ed b0 1e 04 ed b0 1e 04 ed b0 1e 04 ed b0,block-copy,0.1892,0.51935,5.232978899260118,3.3769850340005227,1e 04 ed b0 1e 04 ed b0 1e 04 ed b0 1e 04 ed b0,block-copy,39.87,stack-writes_L16_st32_k6_s2.summary.json,40000,a7 11 b0 b0 ce f7 b0 b0 b0 00 00 fb ec 53 ed b0,1.0,1.0,True,True
stack-writes,16,32,6,3,300000,300000,-1,-1,-1,-1,False,,,0.0065,0.01515,10.338714793892088,6.29122258198278,11 10 2d c3 0b 43 14 09 60 a0 cf 60 9c 93 ed b0,block-copy+stack,44.05,stack-writes_L16_st32_k6_s3.summary.json,12500,3c 9d 63 4a 11 50 0e 00 f3 9d 86 f1 ed b0 e5 3c,1.0,1.0,True,True
stack-writes,16,32,6,4,300000,300000,161500,-1,-1,-1,False,c4 5e ed b0 c4 5e ed b0 c4 5e ed b0 c4 5e ed b0,stack,0.0073,0.0121,10.180171728671,5.959016860938681,28 11 5e ed b0 5f 24 6a 28 11 5e ed b0 5f 24 6a,block-copy,44.22,stack-writes_L16_st32_k6_s4.summary.json,21500,00 ff 47 00 47 00 01 b0 0c 56 aa 59 ed b0 ff 00,1.0,1.0,True,True
stack-writes,16,32,6,5,300000,300000,249000,-1,-1,-1,False,04 5e ed b0 04 5e ed b0 04 5e ed b0 04 5e ed b0,block-copy,0.005,0.0078,10.308112609013818,6.30038556325813,90 f8 5e f2 ad 99 d6 6a 87 b6 58 18 3c ba ed b0,block-copy,42.63,stack-writes_L16_st32_k6_s5.summary.json,3500,00 cf 00 cf ff f2 a6 25 81 fd 1e b0 f8 ed b0 00,1.0,1.0,True,True
stack-writes,16,32,6,6,300000,300000,81000,-1,18000,-1,True,24 5e ed b0 24 5e ed b0 24 5e ed b0 24 5e ed b0,block-copy,0.0127,0.01295,10.360691176895816,6.205106380376637,c4 5e ed b0 c4 5e ed b0 c4 5e ed b0 c4 5e ed b0,stack,41.47,stack-writes_L16_st32_k6_s6.summary.json,17500,90 da 42 a1 5e cd 14 29 ed b0 b0 dc 82 50 c3 00,1.0,1.0,True,True
stack-writes,16,32,6,7,300000,300000,-1,-1,34000,-1,True,,,0.00455,0.01335,11.687642414598344,5.636424326485104,5e 87 2a ed b8 19 ca 43 61 e8 94 23 3e d0 00 ed,-,46.23,stack-writes_L16_st32_k6_s7.summary.json,34000,00 5b 2a ed b8 01 b4 fd 77 f5 cb 43 40 10 94 ed,1.0,1.0,True,True
stack-writes,16,32,6,8,300000,300000,-1,-1,-1,-1,False,,,0.0045,0.0064,10.243288589308241,6.261649389853039,b0 5e d2 6c 54 36 ef 66 8b 3b 88 24 a8 27 ed b0,block-copy+ld-mem,42.88,stack-writes_L16_st32_k6_s8.summary.json,76500,b0 26 42 50 00 8b 26 42 a6 80 57 5e bc ed b0 b0,1.0,1.0,True,True
stack-writes,16,32,6,9,300000,300000,215000,-1,48500,-1,True,84 5e ed b0 84 5e ed b0 84 5e ed b0 84 5e ed b0,block-copy,0.00745,0.0125,10.193882788537076,6.071354931928854,28 46 5e ed b0 2d 7a 3c 28 46 5e ed b0 2d 7a 3c,block-copy,43.64,stack-writes_L16_st32_k6_s9.summary.json,48000,b0 b0 b0 b0 24 00 5e 0b 84 d0 57 ff be ed b0 ff,1.0,1.0,True,True
stack-writes,16,512,2,1,300000,300000,-1,-1,-1,-1,False,,,0.00065,0.00145,13.379301536386226,4.657956344031957,b0 b0 b0 b0 b0 b0 b0 b0 b0 b0 b0 b0 b0 b0 b0 b0,-,248.94,stack-writes_L16_st512_k2_s1.summary.json,-1,,,1.0,True,False
stack-writes,16,512,2,10,300000,38500,35000,35500,35500,36500,True,b0 1e 04 ed b0 1e 04 ed b0 1e 04 ed b0 1e 04 ed,block-copy,0.11875,0.5491,9.065661336727484,2.1573024409261956,b0 1e e4 ed b0 1e e4 ed b0 1e e4 ed b0 1e e4 ed,block-copy,41.08,stack-writes_L16_st512_k2_s10.summary.json,35000,b0 1e 04 ed b0 1e 04 ed b0 1e 04 ed b0 1e 04 ed,1.0,1.0,True,True
stack-writes,16,512,2,2,300000,300000,-1,-1,-1,-1,False,,,0.00105,0.00205,13.383136911933999,4.638927048829668,b0 b0 b0 b0 b0 b0 b0 b0 b0 b0 b0 b0 b0 b0 b0 b0,-,243.46,stack-writes_L16_st512_k2_s2.summary.json,-1,,,1.0,True,False
stack-writes,16,512,2,3,300000,300000,39000,-1,39500,-1,True,b0 1e a4 ed b0 1e a4 ed b0 1e a4 ed b0 1e a4 ed,block-copy,0.0008,0.0009,13.388044326924575,4.607770531220776,90 5e c3 e9 97 38 dd 15 1a ed b0 b3 f4 fd 49 e8,block-copy+stack,255.0,stack-writes_L16_st512_k2_s3.summary.json,38500,1e 64 ed b0 1e 64 ed b0 1e 64 ed b0 1e 64 ed b0,1.0,1.0,True,True
stack-writes,16,512,2,4,300000,300000,-1,-1,-1,-1,False,,,0.00145,0.0025,13.059389815987322,4.3773512264229435,28 0d 5e ed b0 a5 1f e0 28 0d 5e ed b0 a5 1f e0,block-copy,290.12,stack-writes_L16_st512_k2_s4.summary.json,-1,,,1.0,True,False
stack-writes,16,512,2,5,300000,300000,-1,-1,-1,-1,False,,,0.0015,0.0042,12.829291476485118,4.1867881778543286,cb db 49 ed b0 89 cd 6b cb db 49 ed b0 89 cd 6b,block-copy+stack,228.23,stack-writes_L16_st512_k2_s5.summary.json,33000,84 5e ed b0 84 5e ed b0 84 5e ed b0 84 5e ed b0,1.0,1.0,True,True
stack-writes,16,512,2,6,300000,300000,-1,-1,-1,-1,False,,,0.0008,0.002,13.376239792301163,4.657473699055422,b0 b0 b0 b0 b0 b0 b0 b0 b0 b0 b0 b0 b0 b0 b0 b0,-,246.21,stack-writes_L16_st512_k2_s6.summary.json,-1,,,1.0,True,False
stack-writes,16,512,2,7,300000,300000,-1,-1,-1,-1,False,,,0.0018,0.006,12.803251759015925,4.179201687348192,00 cb db d5 ed b0 84 6b 00 cb db d5 ed b0 84 6b,block-copy+stack,239.35,stack-writes_L16_st512_k2_s7.summary.json,-1,,,1.0,True,False
stack-writes,16,512,2,8,300000,300000,-1,-1,-1,-1,False,,,0.0023,0.0049,13.422145354354004,4.446290420511431,2f 2f 2f 2f 2f 2f 2f 2f 2f 2f 2f 2f 2f 2f 2f 2f,-,267.81,stack-writes_L16_st512_k2_s8.summary.json,-1,,,0.008,False,False
stack-writes,16,512,2,9,300000,300000,-1,-1,-1,-1,False,,,0.001,0.0025,13.38117204410919,4.665444568435783,b0 b0 b0 b0 b0 b0 b0 b0 b0 b0 b0 b0 b0 b0 b0 b0,-,244.49,stack-writes_L16_st512_k2_s9.summary.json,-1,,,1.0,True,False
stack-writes,16,512,4,1,300000,300000,-1,-1,-1,-1,False,,,0.0016,0.0026,11.9232842898132,5.841682628082125,50 5e c3 ee 81 a2 25 6c bb 3b da c3 a5 a6 ed b0,block-copy,204.3,stack-writes_L16_st512_k4_s1.summary.json,45000,a8 5e 00 ed b0 68 5f b4 a8 5e 00 ed b0 68 5f b4,1.0,1.0,True,True
stack-writes,16,512,4,10,300000,300000,-1,-1,-1,-1,False,,,0.0018,0.0041,11.899959738921037,5.905610050624843,1e 30 f2 6d b3 02 59 38 4b 88 c1 98 b2 ed b0 20,block-copy+ld-mem,203.02,stack-writes_L16_st512_k4_s10.summary.json,-1,,,1.0,True,False
stack-writes,16,512,4,2,300000,300000,229000,-1,-1,-1,False,04 ed b0 5e 04 ed b0 5e 04 ed b0 5e 04 ed b0 5e,block-copy,0.00165,0.0024,11.936099753389536,5.869345141570056,1e 70 c3 ee 94 be ea db 60 6e c8 79 34 73 ed b0,block-copy+ld-mem+rmw,198.09,stack-writes_L16_st512_k4_s2.summary.json,227500,04 ed b0 5e 04 ed b0 5e 04 ed b0 5e 04 ed b0 5e,1.0,1.0,True,True
stack-writes,16,512,4,3,300000,300000,-1,-1,-1,-1,False,,,0.0021,0.0051,11.931514921770816,5.824540258923895,90 5e c3 2e ef ca 0f cd 62 97 2b bf 00 66 ed b0,block-copy,212.09,stack-writes_L16_st512_k4_s3.summary.json,61500,94 01 e3 10 58 e7 43 bc 80 6d 1a 95 d2 ed b0 82,1.0,1.0,True,True
stack-writes,16,512,4,4,300000,300000,-1,-1,-1,-1,False,,,0.00555,0.00985,11.392547156539482,5.024805786141554,64 5e ed b0 64 5e ed b0 64 5e ed b0 64 5e ed b0,block-copy,211.17,stack-writes_L16_st512_k4_s4.summary.json,59000,04 5e ed b0 04 5e ed b0 04 5e ed b0 04 5e ed b0,1.0,1.0,True,True
stack-writes,16,512,4,5,300000,300000,-1,-1,-1,-1,False,,,0.00215,0.0025,11.882327283413046,5.873225773750393,90 7a 5e c3 09 cf 25 e4 ac a5 d3 30 d2 ed b0 c1,stack,190.47,stack-writes_L16_st512_k4_s5.summary.json,43000,e4 5e ed b0 e4 5e ed b0 e4 5e ed b0 e4 5e ed b0,1.0,1.0,True,True
stack-writes,16,512,4,6,300000,300000,-1,-1,-1,-1,False,,,0.00195,0.0058,11.913287969186436,5.854750715860315,5a fd 11 d0 01 c3 0e c9 5a 75 8d ca 56 31 ed b0,block-copy+ld-mem,203.88,stack-writes_L16_st512_k4_s6.summary.json,-1,,,1.0,True,False
stack-writes,16,512,4,7,300000,300000,-1,-1,69500,-1,True,,,0.00595,0.0896,11.536265450712317,5.668685185869226,6a 11 c8 3d e2 06 ed b0 6a 11 c8 3d e2 06 ed b0,-,205.55,stack-writes_L16_st512_k4_s7.summary.json,62500,1d 11 68 94 e2 e6 ed b0 1d 11 68 94 e2 e6 ed b0,1.0,1.0,True,True
stack-writes,16,512,4,8,300000,300000,-1,-1,-1,-1,False,,,0.00225,0.0028,11.945257472476875,5.849895753811501,b0 5e f2 2e 90 81 08 d1 2a 87 f1 4e 94 c2 ed b0,-,194.85,stack-writes_L16_st512_k4_s8.summary.json,283500,24 5e ed b0 24 5e ed b0 24 5e ed b0 24 5e ed b0,1.0,1.0,True,True
stack-writes,16,512,4,9,300000,300000,-1,-1,-1,-1,False,,,0.00165,0.00165,11.940769664488,5.84102522849686,b0 5e c3 ce 34 14 88 44 be 39 b8 30 9a 10 ed b0,-,193.6,stack-writes_L16_st512_k4_s9.summary.json,12500,a4 5e ed b0 a4 5e ed b0 a4 5e ed b0 a4 5e ed b0,1.0,1.0,True,True
stack-writes,16,512,6,1,300000,300000,276500,-1,184000,-1,True,64 5e ed b0 64 5e ed b0 64 5e ed b0 64 5e ed b0,block-copy,0.0052,0.0116,10.282606942793464,6.195846348133782,f0 5e cf c3 e9 20 01 df d0 ed b0 c4 02 7d 31 b6,block-copy+stack,251.84,stack-writes_L16_st512_k6_s1.summary.json,184000,b0 5e d6 10 d4 d2 29 6b ff ed b0 5e d6 10 d4 d2,1.0,1.0,True,True
stack-writes,16,512,6,10,300000,300000,60500,-1,61000,-1,True,ee b0 5f f9 ed b0 3b 5c fb b5 35 bf ff 59 a6 fa,block-copy+rmw+stack,0.0049,0.0055,10.267851397681886,6.277869491049699,00 00 11 b0 7a c3 06 9c a3 9f ae 74 0e ff ed b0,block-copy+ld-mem,192.01,stack-writes_L16_st512_k6_s10.summary.json,60500,ee b0 5f f9 ed b0 3b 5c fb b5 35 bf ff 59 a6 fa,1.0,1.0,True,True
stack-writes,16,512,6,2,300000,300000,-1,-1,38500,-1,True,,,0.00445,0.01315,10.317476874968774,6.362473072250655,50 d2 4c 11 f9 c4 cf 36 6d 72 4b 45 bd 5e ed b0,block-copy+ld-mem+stack,175.76,stack-writes_L16_st512_k6_s2.summary.json,38000,1e b0 00 00 94 27 f7 31 90 00 00 ed b0 00 ca 3e,1.0,1.0,True,True
stack-writes,16,512,6,3,300000,300000,41000,-1,-1,-1,False,1e 28 ed 2a 3b ed b0 1e 1e 28 ed 2a 3b ed b0 1e,block-copy,0.00565,0.0099,10.276897862876343,6.350509643233987,11 f0 15 c3 ed c5 47 57 4a 84 c9 09 5f ed b0 69,block-copy,181.43,stack-writes_L16_st512_k6_s3.summary.json,37000,09 09 1e b0 ed ed b0 ed b0 01 eb c1 2a f1 09 09,1.0,1.0,True,True
stack-writes,16,512,6,4,300000,300000,111000,-1,111000,-1,True,b0 44 f5 5e c4 c9 b0 42 f8 bf 00 43 fd ed b0 00,block-copy+stack,0.00535,0.014,10.225417087717986,6.3151293693511565,50 58 04 04 5e d2 4e 48 83 20 05 8f 7f 5a ed b0,block-copy,217.72,stack-writes_L16_st512_k6_s4.summary.json,111000,b0 44 f5 5e c4 c9 b0 42 f8 bf 00 43 fd ed b0 00,1.0,1.0,True,True
stack-writes,16,512,6,5,300000,300000,-1,-1,-1,-1,False,,,0.0084,0.014,10.259138055249032,6.328521437562065,11 90 81 d2 6d 7c 7d 2f 08 a0 5d 08 cc 60 ed b0,stack,184.05,stack-writes_L16_st512_k6_s5.summary.json,41500,7f 7c 41 37 ed fd 11 b0 11 ed b0 35 ed b0 35 ff,1.0,1.0,True,True
stack-writes,16,512,6,6,300000,300000,-1,-1,-1,-1,False,,,0.00575,0.0105,10.215216528568032,6.399057837361381,11 f0 00 eb c3 2d 37 5a d4 40 95 51 31 ed b0 11,stack,190.65,stack-writes_L16_st512_k6_s6.summary.json,60000,d6 b0 5f 8e 96 ed b0 b0 fd 5c 53 a6 96 e6 b0 00,1.0,1.0,True,True
stack-writes,16,512,6,7,300000,300000,15000,-1,15500,-1,True,b8 57 2e e8 4f 4f 59 ed b8 57 2e e8 4f 4f 59 ed,block-copy,0.00535,0.00815,10.244759613285046,6.182762462048004,d0 5e c3 ed 37 47 b1 5c 61 c4 f9 40 4a ed b0 60,block-copy+stack,170.76,stack-writes_L16_st512_k6_s7.summary.json,15000,b8 57 2e e8 4f 4f 59 ed b8 57 2e e8 4f 4f 59 ed,1.0,1.0,True,True
stack-writes,16,512,6,8,300000,300000,-1,-1,42000,-1,True,,,0.0043,0.0064,10.304088523480418,6.186882732788944,d0 9a 62 66 f3 5e c3 0e 20 2f 35 9d 47 d2 ed b0,rmw,180.32,stack-writes_L16_st512_k6_s8.summary.json,41500,b0 ff 5e ff 4f ed b0 ff ec ff ff ed b0 b2 b0 e2,1.0,1.0,True,True
stack-writes,16,512,6,9,300000,300000,-1,-1,-1,-1,False,,,0.00495,0.00875,10.214149004812565,6.280807092693082,c7 1e 30 c3 4b b1 2c a5 cf 7d d5 aa ed b0 2b f9,block-copy+stack,171.6,stack-writes_L16_st512_k6_s9.summary.json,18000,06 83 00 ff 2b 77 11 af ff ff d3 00 ed b0 b0 00,1.0,1.0,True,True
