label,tape,steps,k,seed,t_push_30,t_ex_sp_30,t_ldir_30,t_ld_hl_30,t_cb_hl_30,t_rst_30,ldir_10,ldir_90,ldir_invasion_steps,ldir_invasion_censored,ldir_invasion_censored_at,stack_plateau,stack_plateau_steps,final_family,final_family_excess,final_hoe,final_unique,final_zero_frac,last_step,family_5k,ldir_5k,zero8_5k,family_50k,ldir_50k,zero8_50k,family_300k,ldir_300k,zero8_300k,stopped_early,file
all-ld,16,128,2,1,-1,-1,-1,-1,-1,-1,-1,-1,-1,False,-1,,-1,none,0.0,0.5826515743987866,19441,,300000,none,0.0004,0.18745,none,0.00025,0.18055,none,0.00015,0.1838,False,all-ld_L16_st128_k2_s1.summary.json
all-ld,16,128,2,10,-1,-1,-1,-1,-1,-1,-1,-1,-1,False,-1,,-1,none,0.0,0.5973138863179317,19435,,300000,none,5e-05,0.182,none,5e-05,0.18365,none,0.0003,0.18495,False,all-ld_L16_st128_k2_s10.summary.json
all-ld,16,128,2,2,-1,257000,254000,-1,-1,-1,253000,-1,-1,True,47000,,-1,ex_sp,0.867,4.330405717492091,13318,,300000,none,5e-05,0.18425,none,5e-05,0.18275,ex_sp,0.81505,0.0185,False,all-ld_L16_st128_k2_s2.summary.json
all-ld,16,128,2,3,-1,-1,-1,-1,-1,-1,-1,-1,-1,False,-1,,-1,none,0.0,0.5921159279283303,19424,,300000,none,0.0003,0.18465,none,0.0001,0.18775,none,5e-05,0.1878,False,all-ld_L16_st128_k2_s3.summary.json
all-ld,16,128,2,4,-1,-1,-1,-1,-1,-1,-1,-1,-1,False,-1,,-1,none,0.0,0.6030721222776956,19407,,300000,none,0.00015,0.18385,none,0.0003,0.18,none,0.0003,0.1824,False,all-ld_L16_st128_k2_s4.summary.json
all-ld,16,128,2,5,-1,-1,-1,-1,-1,-1,-1,-1,-1,False,-1,,-1,none,0.0,0.6183520584073285,19378,,300000,none,0.0003,0.18265,none,0.0001,0.1838,none,0.00015,0.18245,False,all-ld_L16_st128_k2_s5.summary.json
all-ld,16,128,2,6,-1,-1,-1,-1,-1,-1,-1,-1,-1,False,-1,,-1,none,0.0,0.5841761092074327,19403,,300000,none,0.0001,0.18365,none,0.0,0.18375,none,0.0002,0.188,False,all-ld_L16_st128_k2_s6.summary.json
all-ld,16,128,2,7,-1,-1,-1,-1,-1,-1,-1,-1,-1,False,-1,,-1,none,0.0,0.6010077840739623,19447,,300000,none,0.00015,0.18135,none,0.00015,0.1766,none,0.0002,0.18035,False,all-ld_L16_st128_k2_s7.summary.json
all-ld,16,128,2,8,-1,-1,-1,-1,-1,-1,-1,-1,-1,False,-1,,-1,none,0.0,0.5893136299174309,19450,,300000,none,0.00015,0.18445,none,0.00015,0.18225,none,0.0001,0.194,False,all-ld_L16_st128_k2_s8.summary.json
all-ld,16,128,2,9,-1,-1,-1,-1,-1,-1,-1,-1,-1,False,-1,,-1,none,0.0,0.5832480414472556,19458,,300000,none,0.0002,0.18315,none,0.00025,0.18395,none,0.0003,0.1783,False,all-ld_L16_st128_k2_s9.summary.json
all-ld,16,128,4,1,-1,-1,2500,-1,-1,-1,2000,4000,2000,False,-1,,-1,ldir,0.941,5.4923985320207755,6091,,300000,ldir,0.9105,0.00405,ldir,0.92285,0.00405,ldir,0.9408,0.00265,False,all-ld_L16_st128_k4_s1.summary.json
all-ld,16,128,4,10,-1,-1,-1,-1,-1,-1,-1,-1,-1,False,-1,,-1,none,0.0,0.7392101402184474,18780,,300000,none,5e-05,0.24505,none,0.00035,0.23375,none,0.0001,0.245,False,all-ld_L16_st128_k4_s10.summary.json
all-ld,16,128,4,2,-1,-1,-1,-1,-1,-1,-1,-1,-1,False,-1,,-1,none,0.0,0.7352158321411455,18792,,300000,none,0.00015,0.2478,none,0.00015,0.24235,none,0.00015,0.2444,False,all-ld_L16_st128_k4_s2.summary.json
all-ld,16,128,4,3,-1,-1,15500,-1,-1,-1,15000,18500,3500,False,-1,,-1,ldir,0.955,5.504823581012184,6204,,300000,none,5e-05,0.23795,ldir,0.9479,0.0057,ldir,0.95525,0.0033,False,all-ld_L16_st128_k4_s3.summary.json
all-ld,16,128,4,4,-1,-1,-1,-1,-1,-1,-1,-1,-1,False,-1,,-1,none,0.0,0.7225735392169481,18798,,300000,none,0.00015,0.2512,none,5e-05,0.24445,none,0.0002,0.24855,False,all-ld_L16_st128_k4_s4.summary.json
all-ld,16,128,4,5,-1,-1,-1,-1,-1,-1,-1,-1,-1,False,-1,,-1,none,0.0,0.7103317916431431,18820,,300000,none,0.00015,0.2439,none,0.00015,0.23835,none,5e-05,0.24665,False,all-ld_L16_st128_k4_s5.summary.json
all-ld,16,128,4,6,-1,-1,-1,-1,-1,-1,-1,-1,-1,False,-1,,-1,none,0.0,0.731282647947749,18752,,300000,none,0.00015,0.2406,none,0.0002,0.24325,none,0.00015,0.24185,False,all-ld_L16_st128_k4_s6.summary.json
all-ld,16,128,4,7,-1,-1,-1,-1,-1,-1,-1,-1,-1,False,-1,,-1,none,0.0,0.7354002690704693,18737,,300000,none,5e-05,0.24305,none,0.00015,0.24375,none,5e-05,0.24,False,all-ld_L16_st128_k4_s7.summary.json
all-ld,16,128,4,8,-1,-1,-1,-1,-1,-1,-1,-1,-1,False,-1,,-1,none,0.0,0.710471862123117,18742,,300000,none,5e-05,0.2477,none,0.0,0.2378,none,0.0001,0.2409,False,all-ld_L16_st128_k4_s8.summary.json
all-ld,16,128,4,9,-1,-1,-1,-1,-1,-1,-1,-1,-1,False,-1,,-1,none,0.0,0.7400437485571301,18808,,300000,none,0.00035,0.23715,none,0.0003,0.2429,none,0.0,0.24075,False,all-ld_L16_st128_k4_s9.summary.json
all-ld,16,128,6,1,-1,-1,1000,291500,-1,-1,1000,3500,2500,False,-1,,-1,ldir,0.983,5.892793872346078,2433,,300000,ldir,0.97815,0.00085,ldir,0.98565,0.00065,ldir,0.98325,0.0008,False,all-ld_L16_st128_k6_s1.summary.json
all-ld,16,128,6,10,-1,-1,-1,-1,-1,-1,-1,-1,-1,False,-1,,-1,none,0.0,0.7764861893711732,18257,,300000,none,5e-05,0.2717,none,0.0,0.27755,none,0.0001,0.2864,False,all-ld_L16_st128_k6_s10.summary.json
all-ld,16,128,6,2,-1,-1,-1,-1,-1,-1,-1,-1,-1,False,-1,,-1,none,0.0,0.7927820202264515,18271,,300000,none,0.00025,0.27595,none,0.0,0.268,none,5e-05,0.27985,False,all-ld_L16_st128_k6_s2.summary.json
all-ld,16,128,6,3,-1,-1,-1,-1,-1,-1,-1,-1,-1,False,-1,,-1,none,0.0,0.7793923838464965,18271,,300000,none,0.0002,0.271,none,0.0,0.2773,none,0.0,0.27545,False,all-ld_L16_st128_k6_s3.summary.json
all-ld,16,128,6,4,-1,-1,-1,-1,-1,-1,-1,-1,-1,False,-1,,-1,none,0.0,0.7707707905687364,18327,,300000,none,0.00015,0.272,none,5e-05,0.2772,none,5e-05,0.267,False,all-ld_L16_st128_k6_s4.summary.json
all-ld,16,128,6,5,-1,-1,-1,-1,-1,-1,-1,-1,-1,False,-1,,-1,none,0.0,0.7590965611445153,18366,,300000,none,0.0,0.27325,none,0.0001,0.28045,none,0.0001,0.2771,False,all-ld_L16_st128_k6_s5.summary.json
all-ld,16,128,6,6,-1,-1,-1,-1,-1,-1,-1,-1,-1,False,-1,,-1,none,0.0,0.7628038468301162,18351,,300000,none,0.0001,0.27115,none,0.0002,0.2748,none,5e-05,0.28055,False,all-ld_L16_st128_k6_s6.summary.json
all-ld,16,128,6,7,-1,-1,-1,-1,-1,-1,-1,-1,-1,False,-1,,-1,none,0.0,0.784785221021342,18355,,300000,none,5e-05,0.27335,none,0.00025,0.2732,none,5e-05,0.2719,False,all-ld_L16_st128_k6_s7.summary.json
all-ld,16,128,6,8,-1,-1,-1,-1,-1,-1,-1,-1,-1,False,-1,,-1,none,0.0,0.7604756774241688,18361,,300000,none,5e-05,0.27445,none,5e-05,0.28255,none,0.0001,0.2738,False,all-ld_L16_st128_k6_s8.summary.json
all-ld,16,128,6,9,-1,-1,-1,-1,-1,-1,-1,-1,-1,False,-1,,-1,none,0.0,0.7699568288085619,18363,,300000,none,5e-05,0.2796,none,5e-05,0.2709,none,5e-05,0.27455,False,all-ld_L16_st128_k6_s9.summary.json
all-ld,16,32,2,1,-1,-1,-1,-1,-1,-1,-1,-1,-1,False,-1,,-1,none,0.036,0.2476352221856617,19940,,300000,none,0.00025,0.08905,none,0.00035,0.09355,none,0.0004,0.09285,False,all-ld_L16_st32_k2_s1.summary.json
all-ld,16,32,2,10,-1,-1,-1,-1,-1,-1,-1,-1,-1,False,-1,,-1,none,0.04,0.27607989175405834,19906,,300000,none,0.0001,0.0921,none,0.00015,0.0881,none,0.0004,0.09225,False,all-ld_L16_st32_k2_s10.summary.json
all-ld,16,32,2,2,-1,-1,-1,-1,-1,-1,-1,-1,-1,False,-1,,-1,none,0.037,0.27115731235999174,19926,,300000,none,0.00025,0.0847,none,0.00035,0.08855,none,0.00015,0.0911,False,all-ld_L16_st32_k2_s2.summary.json
all-ld,16,32,2,3,-1,-1,-1,-1,-1,-1,-1,-1,-1,False,-1,,-1,none,0.034,0.2817140980483188,19934,,300000,none,0.0002,0.08965,none,0.0001,0.08805,none,0.00015,0.0887,False,all-ld_L16_st32_k2_s3.summary.json
all-ld,16,32,2,4,-1,-1,-1,-1,-1,-1,-1,-1,-1,False,-1,,-1,none,0.039,0.27243681239167916,19938,,300000,none,0.0004,0.08445,none,0.0001,0.09285,none,0.00015,0.08865,False,all-ld_L16_st32_k2_s4.summary.json
all-ld,16,32,2,5,-1,-1,67000,67500,-1,-1,66000,-1,-1,True,234000,,-1,ldir,0.853,4.290921823921875,13068,,300000,none,0.00085,0.08605,none,5e-05,0.09125,ldir,0.8528,0.0058,False,all-ld_L16_st32_k2_s5.summary.json
all-ld,16,32,2,6,-1,-1,-1,-1,-1,-1,-1,-1,-1,False,-1,,-1,none,0.037,0.2677850501456289,19938,,300000,none,0.0002,0.0895,none,0.0002,0.0949,none,0.00035,0.0858,False,all-ld_L16_st32_k2_s6.summary.json
all-ld,16,32,2,7,-1,-1,86500,-1,-1,-1,86000,-1,-1,True,214000,,-1,ldir,0.854,4.267612252989329,13076,,300000,none,0.00035,0.0901,none,0.00045,0.08815,ldir,0.85405,0.00645,False,all-ld_L16_st32_k2_s7.summary.json
all-ld,16,32,2,8,-1,-1,260500,-1,-1,-1,260000,-1,-1,True,40000,,-1,ldir,0.852,4.268116757998704,13258,,300000,none,0.00015,0.0925,none,0.00025,0.08715,ldir,0.8522,0.00595,False,all-ld_L16_st32_k2_s8.summary.json
all-ld,16,32,2,9,-1,20500,19000,-1,-1,-1,18500,101500,83000,False,-1,,-1,ldir,0.919,3.8637597774987844,10954,,300000,none,0.0003,0.0882,ldir,0.82415,0.01015,ldir,0.91915,0.0065,False,all-ld_L16_st32_k2_s9.summary.json
all-ld,16,32,4,1,-1,-1,-1,-1,-1,-1,-1,-1,-1,False,-1,,-1,none,0.037,0.4294331051157254,19815,,300000,none,5e-05,0.129,none,0.00015,0.13335,none,5e-05,0.1299,False,all-ld_L16_st32_k4_s1.summary.json
all-ld,16,32,4,10,-1,-1,-1,-1,-1,-1,-1,-1,-1,False,-1,,-1,none,0.036,0.43752096035261356,19857,,300000,none,5e-05,0.1266,none,0.00025,0.14085,none,0.0001,0.1341,False,all-ld_L16_st32_k4_s10.summary.json
all-ld,16,32,4,2,-1,-1,-1,-1,-1,-1,-1,-1,-1,False,-1,,-1,none,0.037,0.4258364934986538,19841,,300000,none,0.00015,0.13095,none,0.0001,0.1293,none,0.0003,0.1342,False,all-ld_L16_st32_k4_s2.summary.json
all-ld,16,32,4,3,-1,-1,-1,-1,-1,-1,-1,-1,-1,False,-1,,-1,none,0.036,0.43899266881866694,19849,,300000,none,0.0003,0.12275,none,0.0003,0.1273,none,0.0001,0.132,False,all-ld_L16_st32_k4_s3.summary.json
all-ld,16,32,4,4,-1,-1,6500,-1,-1,-1,6000,8000,2000,False,-1,,-1,ldir,0.967,5.563655071535254,6421,,300000,none,0.00015,0.129,ldir,0.9616,0.00165,ldir,0.9675,0.00115,False,all-ld_L16_st32_k4_s4.summary.json
all-ld,16,32,4,5,-1,-1,-1,-1,-1,-1,-1,-1,-1,False,-1,,-1,none,0.038,0.46016304119957674,19848,,300000,none,0.0001,0.1275,none,0.0001,0.12765,none,0.00015,0.1285,False,all-ld_L16_st32_k4_s5.summary.json
all-ld,16,32,4,6,-1,66000,66000,-1,-1,-1,65500,66500,1000,False,-1,,-1,ldir,0.959,5.4516130601032735,5707,,300000,none,0.00015,0.12795,none,0.0002,0.1252,ldir,0.9595,0.00235,False,all-ld_L16_st32_k4_s6.summary.json
all-ld,16,32,4,7,-1,-1,-1,-1,-1,-1,-1,-1,-1,False,-1,,-1,none,0.037,0.4417106157359916,19844,,300000,none,0.0003,0.1302,none,0.00015,0.13405,none,0.0003,0.1288,False,all-ld_L16_st32_k4_s7.summary.json
all-ld,16,32,4,8,-1,-1,-1,-1,-1,-1,-1,-1,-1,False,-1,,-1,none,0.033,0.4503925507314399,19862,,300000,none,0.0002,0.1281,none,0.0,0.13425,none,0.0001,0.12565,False,all-ld_L16_st32_k4_s8.summary.json
all-ld,16,32,4,9,-1,-1,-1,-1,-1,-1,-1,-1,-1,False,-1,,-1,none,0.034,0.4328613664804859,19839,,300000,none,0.0003,0.13175,none,0.00025,0.1273,none,0.0002,0.13265,False,all-ld_L16_st32_k4_s9.summary.json
all-ld,16,32,6,1,-1,-1,227000,-1,-1,-1,226500,227500,1000,False,-1,,-1,ldir,0.983,6.048315355942073,2459,,300000,none,0.00035,0.15375,none,0.0001,0.15265,ldir,0.9829,0.00035,False,all-ld_L16_st32_k6_s1.summary.json
all-ld,16,32,6,10,-1,-1,-1,-1,-1,-1,-1,-1,-1,False,-1,,-1,none,0.037,0.5357788235532226,19783,,300000,none,0.0001,0.15595,none,0.00035,0.1412,none,0.0001,0.1533,False,all-ld_L16_st32_k6_s10.summary.json
all-ld,16,32,6,2,-1,-1,-1,-1,-1,-1,-1,-1,-1,False,-1,,-1,none,0.035,0.5178583720350032,19787,,300000,none,0.0001,0.1548,none,0.0003,0.1461,none,0.00025,0.1537,False,all-ld_L16_st32_k6_s2.summary.json
all-ld,16,32,6,3,-1,-1,126000,126000,-1,-1,125500,127000,1500,False,-1,,-1,ldir,0.992,5.834499964218041,2452,,300000,none,0.00025,0.1518,none,5e-05,0.1556,ldir,0.9925,0.0001,False,all-ld_L16_st32_k6_s3.summary.json
all-ld,16,32,6,4,-1,-1,-1,-1,-1,-1,-1,-1,-1,False,-1,,-1,none,0.038,0.5086631946575535,19804,,300000,none,5e-05,0.1557,none,0.00025,0.1633,none,0.00025,0.1463,False,all-ld_L16_st32_k6_s4.summary.json
all-ld,16,32,6,5,-1,-1,-1,-1,-1,-1,-1,-1,-1,False,-1,,-1,none,0.034,0.501720068687276,19795,,300000,none,0.0002,0.1536,none,0.0001,0.1523,none,0.0002,0.1473,False,all-ld_L16_st32_k6_s5.summary.json
all-ld,16,32,6,6,-1,-1,-1,-1,-1,-1,-1,-1,-1,False,-1,,-1,none,0.035,0.5174061541825417,19776,,300000,none,5e-05,0.1478,none,0.0003,0.1535,none,0.0,0.1514,False,all-ld_L16_st32_k6_s6.summary.json
all-ld,16,32,6,7,-1,-1,-1,-1,-1,-1,-1,-1,-1,False,-1,,-1,none,0.034,0.5373586398203214,19760,,300000,none,0.0002,0.1521,none,0.0001,0.1509,none,0.0001,0.1575,False,all-ld_L16_st32_k6_s7.summary.json
all-ld,16,32,6,8,-1,-1,-1,-1,-1,-1,-1,-1,-1,False,-1,,-1,none,0.034,0.5085014786924154,19760,,300000,none,0.0002,0.1453,none,0.0001,0.14725,none,0.00015,0.16035,False,all-ld_L16_st32_k6_s8.summary.json
all-ld,16,32,6,9,-1,-1,-1,-1,-1,-1,-1,-1,-1,False,-1,,-1,none,0.035,0.5311676153884966,19792,,300000,none,0.00025,0.15105,none,0.00015,0.162,none,5e-05,0.15595,False,all-ld_L16_st32_k6_s9.summary.json
all-ld,16,512,2,1,-1,-1,-1,-1,-1,-1,-1,-1,-1,False,-1,,-1,none,0.0,0.5369985372829325,19697,,300000,none,0.0002,0.1391,none,0.00015,0.1364,none,0.00025,0.13425,False,all-ld_L16_st512_k2_s1.summary.json
all-ld,16,512,2,10,-1,-1,53500,-1,-1,-1,53000,-1,-1,True,247000,,-1,ldir,0.833,4.272178158258608,12723,,300000,none,5e-05,0.13565,none,0.0001,0.13795,ldir,0.83265,0.0165,False,all-ld_L16_st512_k2_s10.summary.json
all-ld,16,512,2,2,-1,-1,-1,-1,-1,-1,-1,-1,-1,False,-1,,-1,none,0.0,0.5265082001392356,19698,,300000,none,0.00015,0.13595,none,0.00015,0.141,none,0.00015,0.13825,False,all-ld_L16_st512_k2_s2.summary.json
all-ld,16,512,2,3,-1,-1,-1,-1,-1,-1,-1,-1,-1,False,-1,,-1,none,0.0,0.5369412275803214,19678,,300000,none,0.0003,0.13525,none,0.0001,0.1411,none,0.0002,0.1397,False,all-ld_L16_st512_k2_s3.summary.json
all-ld,16,512,2,4,-1,-1,-1,-1,-1,-1,-1,-1,-1,False,-1,,-1,none,0.0,0.5128207323275751,19697,,300000,none,0.0001,0.13905,none,0.00015,0.13615,none,0.0002,0.1346,False,all-ld_L16_st512_k2_s4.summary.json
all-ld,16,512,2,5,-1,-1,-1,-1,-1,-1,-1,-1,-1,False,-1,,-1,none,0.0,0.5419870061391752,19670,,300000,none,0.00025,0.13885,none,0.0001,0.137,none,0.0001,0.13705,False,all-ld_L16_st512_k2_s5.summary.json
all-ld,16,512,2,6,-1,-1,-1,-1,-1,-1,-1,-1,-1,False,-1,,-1,none,0.0,0.5114515136630038,19718,,300000,none,0.0001,0.1434,none,0.00025,0.1382,none,0.0002,0.136,False,all-ld_L16_st512_k2_s6.summary.json
all-ld,16,512,2,7,-1,-1,-1,-1,-1,-1,-1,-1,-1,False,-1,,-1,none,0.0,0.5337785723810207,19703,,300000,none,0.00035,0.13595,none,0.00025,0.1341,none,0.0002,0.1338,False,all-ld_L16_st512_k2_s7.summary.json
all-ld,16,512,2,8,-1,-1,-1,-1,-1,-1,-1,-1,-1,False,-1,,-1,none,0.0,0.5237186191699772,19687,,300000,none,5e-05,0.14595,none,0.00015,0.1369,none,0.0001,0.1418,False,all-ld_L16_st512_k2_s8.summary.json
all-ld,16,512,2,9,-1,-1,-1,-1,-1,-1,-1,-1,-1,False,-1,,-1,none,0.0,0.5161122421548141,19697,,300000,none,0.00045,0.13905,none,0.0001,0.1351,none,0.0002,0.1376,False,all-ld_L16_st512_k2_s9.summary.json
all-ld,16,512,4,1,-1,-1,3500,-1,-1,-1,1000,5000,4000,False,-1,,-1,ldir,0.967,4.777753015808065,4068,,300000,ldir,0.9094,0.0049,ldir,0.95245,0.00355,ldir,0.9675,0.004,False,all-ld_L16_st512_k4_s1.summary.json
all-ld,16,512,4,10,-1,-1,-1,-1,-1,-1,-1,-1,-1,False,-1,,-1,none,0.0,0.5793131107452236,19627,,300000,none,0.0001,0.15045,none,0.00025,0.1547,none,0.0,0.1513,False,all-ld_L16_st512_k4_s10.summary.json
all-ld,16,512,4,2,-1,-1,-1,-1,-1,-1,-1,-1,-1,False,-1,,-1,none,0.0,0.5778844138799011,19613,,300000,none,0.0001,0.14915,none,0.00015,0.15105,none,0.00015,0.154,False,all-ld_L16_st512_k4_s2.summary.json
all-ld,16,512,4,3,-1,-1,-1,-1,-1,-1,-1,-1,-1,False,-1,,-1,none,0.0,0.5709337035416482,19655,,300000,none,5e-05,0.14685,none,0.0002,0.1563,none,5e-05,0.1495,False,all-ld_L16_st512_k4_s3.summary.json
all-ld,16,512,4,4,-1,-1,135000,136000,-1,-1,135000,137000,2000,False,-1,,-1,ldir,0.961,5.194077159670056,6180,,300000,none,0.0001,0.1516,none,5e-05,0.15415,ldir,0.96145,0.0043,False,all-ld_L16_st512_k4_s4.summary.json
all-ld,16,512,4,5,-1,-1,-1,-1,-1,-1,-1,-1,-1,False,-1,,-1,none,0.0,0.5715114884932273,19631,,300000,none,0.00015,0.14955,none,5e-05,0.14855,none,5e-05,0.1524,False,all-ld_L16_st512_k4_s5.summary.json
all-ld,16,512,4,6,-1,-1,7500,41000,-1,-1,7000,9500,2500,False,-1,,-1,ldir,0.95,5.613605682831011,5916,,300000,none,0.00025,0.14695,ldir,0.9448,0.00235,ldir,0.9502,0.0031,False,all-ld_L16_st512_k4_s6.summary.json
all-ld,16,512,4,7,-1,-1,-1,-1,-1,-1,-1,-1,-1,False,-1,,-1,none,0.0,0.5641665526030808,19677,,300000,none,0.00025,0.15365,none,0.0003,0.15115,none,0.0001,0.14535,False,all-ld_L16_st512_k4_s7.summary.json
all-ld,16,512,4,8,-1,-1,-1,-1,-1,-1,-1,-1,-1,False,-1,,-1,none,0.0,0.545163408620672,19648,,300000,none,0.00025,0.15305,none,0.0001,0.14995,none,0.0002,0.1549,False,all-ld_L16_st512_k4_s8.summary.json
all-ld,16,512,4,9,-1,-1,-1,-1,-1,-1,-1,-1,-1,False,-1,,-1,none,0.0,0.5798368282904862,19624,,300000,none,0.0002,0.1493,none,0.0003,0.1475,none,0.0001,0.15055,False,all-ld_L16_st512_k4_s9.summary.json
all-ld,16,512,6,1,-1,-1,-1,-1,-1,-1,-1,-1,-1,False,-1,,-1,none,0.0,0.5589040869422748,19574,,300000,none,0.0002,0.16035,none,5e-05,0.1631,none,0.00015,0.1608,False,all-ld_L16_st512_k6_s1.summary.json
all-ld,16,512,6,10,-1,-1,-1,-1,-1,-1,-1,-1,-1,False,-1,,-1,none,0.0,0.592321063855187,19628,,300000,none,0.0003,0.15775,none,5e-05,0.15745,none,0.0002,0.16225,False,all-ld_L16_st512_k6_s10.summary.json
all-ld,16,512,6,2,-1,-1,-1,-1,-1,-1,-1,-1,-1,False,-1,,-1,none,0.0,0.5926158561092745,19609,,300000,none,0.0002,0.15705,none,0.0001,0.15575,none,0.0001,0.1625,False,all-ld_L16_st512_k6_s2.summary.json
all-ld,16,512,6,3,-1,-1,-1,-1,-1,-1,-1,-1,-1,False,-1,,-1,none,0.0,0.5827892474161542,19622,,300000,none,0.0001,0.156,none,0.0001,0.15835,none,5e-05,0.15745,False,all-ld_L16_st512_k6_s3.summary.json
all-ld,16,512,6,4,-1,-1,-1,-1,-1,-1,-1,-1,-1,False,-1,,-1,none,0.0,0.5740704786478865,19581,,300000,none,5e-05,0.16015,none,5e-05,0.16225,none,0.0001,0.15785,False,all-ld_L16_st512_k6_s4.summary.json
all-ld,16,512,6,5,-1,-1,134000,-1,-1,-1,134000,134500,500,False,-1,,-1,ldir,0.964,4.671499988660832,2494,,136500,none,0.00015,0.15245,none,0.0001,0.15775,,,,True,all-ld_L16_st512_k6_s5.summary.json
all-ld,16,512,6,6,-1,-1,-1,-1,-1,-1,-1,-1,-1,False,-1,,-1,none,0.0,0.5800535839410195,19634,,300000,none,0.0001,0.15505,none,0.0002,0.1651,none,0.00025,0.1577,False,all-ld_L16_st512_k6_s6.summary.json
all-ld,16,512,6,7,-1,-1,-1,-1,-1,-1,-1,-1,-1,False,-1,,-1,none,0.0,0.5894013464952188,19620,,300000,none,0.00015,0.15955,none,0.00025,0.1554,none,0.0,0.15405,False,all-ld_L16_st512_k6_s7.summary.json
all-ld,16,512,6,8,-1,-1,-1,-1,-1,-1,-1,-1,-1,False,-1,,-1,none,0.0,0.5773463512944845,19573,,300000,none,0.0,0.1541,none,0.0,0.15665,none,0.0001,0.15985,False,all-ld_L16_st512_k6_s8.summary.json
all-ld,16,512,6,9,-1,-1,-1,-1,-1,-1,-1,-1,-1,False,-1,,-1,none,0.0,0.5774152904866989,19597,,300000,none,0.0001,0.1556,none,0.0001,0.15335,none,5e-05,0.1575,False,all-ld_L16_st512_k6_s9.summary.json
block-copy,16,128,2,1,22500,140000,-1,-1,-1,-1,-1,-1,-1,False,-1,0.8444954373232297,277500,ex_sp,0.851,1.6387433677376357,13288,,300000,none,0.0001,0.20385,none,0.0001,0.2033,ex_sp,0.0001,0.0466,False,block-copy_L16_st128_k2_s1.summary.json
block-copy,16,128,2,10,56000,106500,-1,-1,-1,-1,-1,-1,-1,False,-1,0.8526602273333689,244000,ex_sp,0.862,1.715915899244325,13359,,300000,none,0.0001,0.2225,none,0.0002,0.203,ex_sp,0.0,0.04615,False,block-copy_L16_st128_k2_s10.summary.json
block-copy,16,128,2,2,24500,125000,-1,-1,-1,-1,-1,-1,-1,False,-1,0.8416137467314159,275500,ex_sp,0.865,1.7266292697330652,12417,,300000,none,5e-05,0.2207,none,5e-05,0.2081,ex_sp,0.0001,0.0422,False,block-copy_L16_st128_k2_s2.summary.json
block-copy,16,128,2,3,50000,202500,-1,-1,-1,-1,-1,-1,-1,False,-1,0.29252676330481997,250000,ex_sp,0.849,1.3742290050325527,11647,,300000,none,0.00015,0.218,push,0.0001,0.20625,ex_sp,5e-05,0.05025,False,block-copy_L16_st128_k2_s3.summary.json
block-copy,16,128,2,4,23500,84500,-1,-1,-1,-1,-1,-1,-1,False,-1,0.8472703986338652,276500,ex_sp,0.856,1.2585769640731015,11237,,300000,none,0.0001,0.2004,none,0.0001,0.2053,ex_sp,0.0,0.0501,False,block-copy_L16_st128_k2_s4.summary.json
block-copy,16,128,2,5,16000,265500,-1,-1,-1,-1,-1,-1,-1,False,-1,0.2834093120934283,284000,ex_sp,0.861,1.6708406591106923,13071,,300000,none,0.00015,0.21295,none,0.0001,0.209,ex_sp,0.0,0.0447,False,block-copy_L16_st128_k2_s5.summary.json
block-copy,16,128,2,6,17000,43500,-1,-1,-1,-1,-1,-1,-1,False,-1,0.8546347190351674,283000,ex_sp,0.856,1.7034287260323189,13414,,300000,none,0.0,0.21425,ex_sp,5e-05,0.04645,ex_sp,0.0,0.05015,False,block-copy_L16_st128_k2_s6.summary.json
block-copy,16,128,2,7,10000,-1,-1,-1,-1,-1,-1,-1,-1,False,-1,0.27874814321569436,290000,none,0.287,1.7084660668763814,15935,,300000,none,0.0001,0.20735,push,0.0,0.2061,none,0.0002,0.20095,False,block-copy_L16_st128_k2_s7.summary.json
block-copy,16,128,2,8,28000,-1,-1,-1,-1,-1,-1,-1,-1,False,-1,0.2789530297597706,272000,none,0.26,1.636006171759786,16383,,300000,none,0.0002,0.20895,none,0.0002,0.206,none,5e-05,0.2078,False,block-copy_L16_st128_k2_s8.summary.json
block-copy,16,128,2,9,20500,205000,-1,-1,-1,-1,-1,-1,-1,False,-1,0.28935102187163864,279500,ex_sp,0.845,1.2869914607061568,11273,,300000,none,0.0,0.224,none,0.0,0.20385,ex_sp,0.0,0.05395,False,block-copy_L16_st128_k2_s9.summary.json
block-copy,16,128,4,1,2500,42000,-1,-1,-1,-1,-1,-1,-1,False,-1,0.254981304102853,42000,ex_sp,0.987,2.451009640105119,3793,,44500,none,5e-05,0.1312,,,,,,,True,block-copy_L16_st128_k4_s1.summary.json
block-copy,16,128,4,10,6000,26000,-1,-1,-1,-1,-1,-1,-1,False,-1,0.2755211801464939,25000,ex_sp,0.99,2.5146787277518006,3240,,31000,none,0.0,0.1444,,,,,,,True,block-copy_L16_st128_k4_s10.summary.json
block-copy,16,128,4,2,-1,36500,-1,-1,-1,-1,-1,-1,-1,False,-1,0.9850579006350392,3000,ex_sp,0.988,2.5561415878360503,3619,,39500,none,5e-05,0.1221,,,,,,,True,block-copy_L16_st128_k4_s2.summary.json
block-copy,16,128,4,3,6000,33500,-1,-1,-1,-1,-1,-1,-1,False,-1,0.2620498898734826,30000,ex_sp,0.965,2.4941678680063393,5002,,36000,none,0.0,0.1418,,,,,,,True,block-copy_L16_st128_k4_s3.summary.json
block-copy,16,128,4,4,21500,75500,-1,-1,-1,-1,-1,-1,-1,False,-1,0.25339343338626236,56500,ex_sp,0.991,2.2042809100236562,2973,,78000,none,0.0,0.1169,none,0.0,0.12435,,,,True,block-copy_L16_st128_k4_s4.summary.json
block-copy,16,128,4,5,4500,64500,-1,-1,-1,-1,-1,-1,-1,False,-1,0.25462275265071965,64000,ex_sp,0.991,2.3223383134135647,2909,,68500,none,0.0001,0.1359,none,0.0001,0.14,,,,True,block-copy_L16_st128_k4_s5.summary.json
block-copy,16,128,4,6,64500,105000,-1,-1,-1,-1,-1,-1,-1,False,-1,0.2541105362905291,44500,ex_sp,0.99,2.253830236540573,2716,,109000,none,5e-05,0.1237,none,0.0,0.1336,,,,True,block-copy_L16_st128_k4_s6.summary.json
block-copy,16,128,4,7,3500,12500,-1,-1,-1,-1,-1,-1,-1,False,-1,0.2936536392972392,11500,ex_sp,0.991,2.5141891943241275,3307,,15000,none,0.0001,0.1383,,,,,,,True,block-copy_L16_st128_k4_s7.summary.json
block-copy,16,128,4,8,-1,14000,-1,-1,-1,-1,-1,-1,-1,False,-1,0.9863386520091788,2500,ex_sp,0.986,2.535759248485436,3622,,16500,none,0.0,0.1318,,,,,,,True,block-copy_L16_st128_k4_s8.summary.json
block-copy,16,128,4,9,-1,13500,-1,-1,-1,-1,-1,-1,-1,False,-1,0.985378088478574,2500,ex_sp,0.989,2.471761819857491,3256,,16000,none,0.0,0.15065,,,,,,,True,block-copy_L16_st128_k4_s9.summary.json
block-copy,16,128,6,1,22000,60000,-1,-1,-1,-1,-1,-1,-1,False,-1,0.3398043333504072,40500,ex_sp,0.917,2.5393841534102752,1311,,62500,none,0.0,0.1144,push,0.0,0.16375,,,,True,block-copy_L16_st128_k6_s1.summary.json
block-copy,16,128,6,10,37500,-1,-1,-1,-1,-1,-1,-1,-1,False,-1,0.36060031757414335,109500,push,0.615,2.0030031918816116,4555,,147000,none,5e-05,0.10855,push,5e-05,0.12715,,,,True,block-copy_L16_st128_k6_s10.summary.json
block-copy,16,128,6,2,4000,-1,-1,-1,-1,-1,-1,-1,-1,False,-1,0.3597807713978385,191500,push,0.735,2.0119491109135543,2664,,195500,push,5e-05,0.1139,push,0.0,0.1163,,,,True,block-copy_L16_st128_k6_s2.summary.json
block-copy,16,128,6,3,9000,73000,-1,-1,-1,-1,-1,-1,-1,False,-1,0.35025354709829437,66000,ex_sp,0.898,2.672563517175731,1220,,75000,none,0.0001,0.21235,push,0.0,0.12795,,,,True,block-copy_L16_st128_k6_s3.summary.json
block-copy,16,128,6,4,25500,-1,-1,-1,-1,-1,-1,-1,-1,False,-1,0.350816985094504,274500,push,0.33,1.7529190785348403,11233,,300000,none,0.0,0.12285,push,0.0,0.122,push,0.0,0.1312,False,block-copy_L16_st128_k6_s4.summary.json
block-copy,16,128,6,5,27500,-1,-1,-1,-1,-1,-1,-1,-1,False,-1,0.34697536239307486,114500,push,0.682,2.108223170550392,3883,,142000,none,5e-05,0.37135,none,0.0,0.1232,,,,True,block-copy_L16_st128_k6_s5.summary.json
block-copy,16,128,6,6,44500,89000,-1,-1,-1,-1,-1,-1,-1,False,-1,0.35655380832863803,47000,ex_sp,0.943,2.5454778396507267,1376,,91500,none,0.0,0.1277,none,5e-05,0.13895,,,,True,block-copy_L16_st128_k6_s6.summary.json
block-copy,16,128,6,7,19500,-1,-1,-1,-1,-1,-1,-1,-1,False,-1,0.4918813706909799,59500,push,0.689,2.0710649710657627,3333,,79000,none,0.0,0.11525,push,0.0,0.1457,,,,True,block-copy_L16_st128_k6_s7.summary.json
block-copy,16,128,6,8,22000,-1,-1,-1,-1,-1,-1,-1,-1,False,-1,0.35148286636275167,115500,push,0.681,2.0831181115556716,3406,,137500,none,0.0,0.1297,push,0.0,0.10995,,,,True,block-copy_L16_st128_k6_s8.summary.json
block-copy,16,128,6,9,-1,13000,-1,-1,-1,-1,-1,-1,-1,False,-1,0.9966380276428839,2500,ex_sp,0.997,2.1529949496345293,1169,,15500,none,0.0,0.11095,,,,,,,True,block-copy_L16_st128_k6_s9.summary.json
block-copy,16,32,2,1,-1,-1,-1,-1,-1,-1,-1,-1,-1,False,-1,,-1,none,0.078,0.21121108892317686,19917,,300000,none,0.00025,0.156,none,0.0003,0.15845,none,0.0003,0.1516,False,block-copy_L16_st32_k2_s1.summary.json
block-copy,16,32,2,10,-1,-1,-1,-1,-1,-1,-1,-1,-1,False,-1,,-1,none,0.071,0.19332474719828507,19911,,300000,none,0.00015,0.1565,none,0.0002,0.15505,none,0.0004,0.1586,False,block-copy_L16_st32_k2_s10.summary.json
block-copy,16,32,2,2,-1,-1,-1,-1,-1,-1,-1,-1,-1,False,-1,,-1,none,0.073,0.17999330356375687,19917,,300000,none,0.00015,0.15335,none,0.0002,0.1532,none,0.0,0.15655,False,block-copy_L16_st32_k2_s2.summary.json
block-copy,16,32,2,3,-1,-1,-1,-1,-1,-1,-1,-1,-1,False,-1,,-1,none,0.076,0.2077392089054726,19898,,300000,none,0.00025,0.15525,none,5e-05,0.1535,none,0.0001,0.1526,False,block-copy_L16_st32_k2_s3.summary.json
block-copy,16,32,2,4,-1,-1,-1,-1,-1,-1,-1,-1,-1,False,-1,,-1,none,0.074,0.20308057051469675,19910,,300000,none,0.00035,0.1534,none,0.0001,0.1556,none,5e-05,0.1539,False,block-copy_L16_st32_k2_s4.summary.json
block-copy,16,32,2,5,-1,-1,-1,-1,-1,-1,-1,-1,-1,False,-1,,-1,none,0.075,0.2172254137066254,19892,,300000,none,0.00025,0.1519,none,0.00015,0.1558,none,0.0001,0.15515,False,block-copy_L16_st32_k2_s5.summary.json
block-copy,16,32,2,6,-1,-1,-1,-1,-1,-1,-1,-1,-1,False,-1,,-1,none,0.076,0.2100178345505599,19915,,300000,none,5e-05,0.1478,none,0.0002,0.1542,none,0.0003,0.1497,False,block-copy_L16_st32_k2_s6.summary.json
block-copy,16,32,2,7,-1,-1,-1,-1,-1,-1,-1,-1,-1,False,-1,,-1,none,0.075,0.18025880874598865,19907,,300000,none,0.00025,0.1612,none,0.00025,0.15345,none,5e-05,0.1536,False,block-copy_L16_st32_k2_s7.summary.json
block-copy,16,32,2,8,-1,-1,-1,-1,-1,-1,-1,-1,-1,False,-1,,-1,none,0.075,0.19726874253624693,19917,,300000,none,0.0002,0.1598,none,0.00025,0.15285,none,0.00025,0.1543,False,block-copy_L16_st32_k2_s8.summary.json
block-copy,16,32,2,9,-1,-1,-1,-1,-1,-1,-1,-1,-1,False,-1,,-1,none,0.068,0.2180886750789055,19877,,300000,none,0.0001,0.15105,none,0.00015,0.1568,none,0.00035,0.1516,False,block-copy_L16_st32_k2_s9.summary.json
block-copy,16,32,4,1,26500,-1,-1,-1,-1,-1,-1,-1,-1,False,-1,0.3976847820519388,273500,push,0.443,0.9633770437541305,16441,,300000,none,0.0002,0.2638,push,0.0003,0.2522,push,0.0002,0.2463,False,block-copy_L16_st32_k4_s1.summary.json
block-copy,16,32,4,10,8000,-1,-1,-1,-1,-1,-1,-1,-1,False,-1,0.39025764482917585,292000,push,0.377,0.9396029890469362,17242,,300000,none,0.0,0.2591,push,0.00035,0.2748,push,0.00015,0.2658,False,block-copy_L16_st32_k4_s10.summary.json
block-copy,16,32,4,2,31500,-1,-1,-1,-1,-1,-1,-1,-1,False,-1,0.3900015366490806,268500,push,0.364,0.8974968400739449,17330,,300000,none,5e-05,0.2559,push,5e-05,0.24595,push,0.00015,0.27755,False,block-copy_L16_st32_k4_s2.summary.json
block-copy,16,32,4,3,3500,-1,-1,-1,-1,-1,-1,-1,-1,False,-1,0.3812426368898223,296500,push,0.353,0.9167967641838826,17370,,300000,push,5e-05,0.22485,push,0.00015,0.26105,push,0.0003,0.26065,False,block-copy_L16_st32_k4_s3.summary.json
block-copy,16,32,4,4,37000,-1,-1,-1,-1,-1,-1,-1,-1,False,-1,0.38242073451826053,263000,push,0.381,0.9217306929562912,17190,,300000,none,0.00015,0.25465,push,0.00035,0.26105,push,5e-05,0.2682,False,block-copy_L16_st32_k4_s4.summary.json
block-copy,16,32,4,5,3000,-1,-1,-1,-1,-1,-1,-1,-1,False,-1,0.38692823848793734,297000,none,0.287,0.8182632123231723,18173,,300000,push,0.0001,0.247,push,5e-05,0.2806,none,5e-05,0.2913,False,block-copy_L16_st32_k4_s5.summary.json
block-copy,16,32,4,6,59000,-1,-1,-1,-1,-1,-1,-1,-1,False,-1,0.3901039799211187,241000,push,0.307,0.791321886311029,18031,,300000,none,0.0002,0.25455,none,5e-05,0.26185,push,0.0,0.29,False,block-copy_L16_st32_k4_s6.summary.json
block-copy,16,32,4,7,16000,-1,-1,-1,-1,-1,-1,-1,-1,False,-1,0.3785791118168315,284000,push,0.384,0.893014992099574,17232,,300000,none,0.0002,0.25585,push,0.00015,0.2554,push,0.00045,0.2637,False,block-copy_L16_st32_k4_s7.summary.json
block-copy,16,32,4,8,32000,-1,-1,-1,-1,-1,-1,-1,-1,False,-1,0.3789888849049839,268000,push,0.34,0.8629971325706833,17660,,300000,none,5e-05,0.26265,push,5e-05,0.26,push,0.0003,0.2632,False,block-copy_L16_st32_k4_s8.summary.json
block-copy,16,32,4,9,9500,-1,-1,-1,-1,-1,-1,-1,-1,False,-1,0.3905649746452902,290500,push,0.378,0.9291875937911707,17292,,300000,none,0.0001,0.26255,push,5e-05,0.256,push,5e-05,0.2512,False,block-copy_L16_st32_k4_s9.summary.json
block-copy,16,32,6,1,2000,-1,-1,-1,-1,-1,-1,-1,-1,False,-1,0.6120985504277006,298000,push,0.634,1.0289028851474105,14484,,300000,push,0.0,0.1562,push,0.0,0.1679,push,0.0,0.16615,False,block-copy_L16_st32_k6_s1.summary.json
block-copy,16,32,6,10,8000,-1,-1,-1,-1,-1,-1,-1,-1,False,-1,0.6085130359063669,292000,push,0.586,0.9901101367817415,15154,,300000,none,0.0001,0.3292,push,0.0,0.1518,push,0.0,0.1783,False,block-copy_L16_st32_k6_s10.summary.json
block-copy,16,32,6,2,25500,-1,-1,-1,-1,-1,-1,-1,-1,False,-1,0.5761921835783436,274500,push,0.643,1.3991605935927542,13792,,300000,none,0.0003,0.3252,push,0.0,0.17355,push,0.0,0.172,False,block-copy_L16_st32_k6_s2.summary.json
block-copy,16,32,6,3,28500,-1,-1,-1,-1,-1,-1,-1,-1,False,-1,0.6114326691594529,271500,push,0.597,1.0588126436026846,15344,,300000,none,5e-05,0.3252,push,5e-05,0.15825,push,0.0,0.18845,False,block-copy_L16_st32_k6_s3.summary.json
block-copy,16,32,6,4,12500,-1,-1,-1,-1,-1,-1,-1,-1,False,-1,0.579470368283563,287500,push,0.595,0.9011569378812401,14752,,300000,none,0.0,0.32865,push,0.0,0.18625,push,0.0,0.1979,False,block-copy_L16_st32_k6_s4.summary.json
block-copy,16,32,6,5,11000,-1,-1,-1,-1,-1,-1,-1,-1,False,-1,0.6145571889566153,289000,push,0.62,1.0027972222740273,14702,,300000,none,5e-05,0.3149,push,5e-05,0.16465,push,0.0001,0.16535,False,block-copy_L16_st32_k6_s5.summary.json
block-copy,16,32,6,6,32500,-1,-1,-1,-1,-1,-1,-1,-1,False,-1,0.6108180095272243,267500,push,0.644,1.0238071063309961,14436,,300000,none,0.00015,0.3222,push,0.0,0.12945,push,0.0,0.1498,False,block-copy_L16_st32_k6_s6.summary.json
block-copy,16,32,6,7,24000,-1,-1,-1,-1,-1,-1,-1,-1,False,-1,0.6154279567689392,276000,push,0.655,1.0094992242669272,14240,,300000,none,0.0001,0.32555,push,0.0,0.14735,push,0.0,0.15775,False,block-copy_L16_st32_k6_s7.summary.json
block-copy,16,32,6,8,17000,-1,-1,-1,-1,-1,-1,-1,-1,False,-1,0.608666700814424,283000,push,0.578,1.033851208084898,15549,,300000,none,0.0001,0.31725,push,0.0,0.1698,push,0.0,0.17845,False,block-copy_L16_st32_k6_s8.summary.json
block-copy,16,32,6,9,19500,-1,-1,-1,-1,-1,-1,-1,-1,False,-1,0.6109204527992623,280500,push,0.589,1.0478358838898325,14869,,300000,none,0.0002,0.32245,push,0.0,0.13785,push,0.0,0.1678,False,block-copy_L16_st32_k6_s9.summary.json
block-copy,16,512,2,1,2000,-1,-1,-1,-1,-1,-1,-1,-1,False,-1,0.43236182963683867,298000,push,0.454,2.0131665905122493,11604,,300000,push,5e-05,0.13535,push,0.0,0.12815,push,0.0,0.12575,False,block-copy_L16_st512_k2_s1.summary.json
block-copy,16,512,2,10,1500,-1,-1,-1,-1,-1,-1,-1,-1,False,-1,0.4334374839932388,298500,push,0.432,1.9699582449140922,11911,,300000,push,0.0001,0.1325,push,5e-05,0.1291,push,5e-05,0.13415,False,block-copy_L16_st512_k2_s10.summary.json
block-copy,16,512,2,2,1500,-1,-1,-1,-1,-1,-1,-1,-1,False,-1,0.4333350407212007,298500,push,0.445,2.030259434349167,11866,,300000,push,0.0,0.13055,push,0.0,0.1289,push,0.00015,0.1209,False,block-copy_L16_st512_k2_s2.summary.json
block-copy,16,512,2,3,1500,-1,-1,-1,-1,-1,-1,-1,-1,False,-1,0.43313015417712447,298500,push,0.438,2.0445515407186248,11880,,300000,push,5e-05,0.12945,push,0.0,0.1342,push,0.0001,0.12965,False,block-copy_L16_st512_k2_s3.summary.json
block-copy,16,512,2,4,1500,-1,-1,-1,-1,-1,-1,-1,-1,False,-1,0.43435947344158177,298500,push,0.418,2.0369839357113477,12021,,300000,push,0.0,0.1352,push,5e-05,0.12835,push,0.0,0.1281,False,block-copy_L16_st512_k2_s4.summary.json
block-copy,16,512,2,5,1000,-1,-1,-1,-1,-1,-1,-1,-1,False,-1,0.43359114890129596,299000,push,0.435,2.0254592884519247,11886,,300000,push,0.0001,0.12315,push,5e-05,0.1288,push,0.0002,0.1261,False,block-copy_L16_st512_k2_s5.summary.json
block-copy,16,512,2,6,2500,-1,-1,-1,-1,-1,-1,-1,-1,False,-1,0.43359114890129596,297500,push,0.417,2.015585305197467,12213,,300000,push,0.0001,0.12575,push,0.0001,0.12515,push,0.0001,0.1246,False,block-copy_L16_st512_k2_s6.summary.json
block-copy,16,512,2,7,1000,-1,-1,-1,-1,-1,-1,-1,-1,False,-1,0.4328740459970292,299000,push,0.444,2.0386880936581995,11717,,300000,push,0.0001,0.1269,push,0.0,0.12875,push,0.0,0.13365,False,block-copy_L16_st512_k2_s7.summary.json
block-copy,16,512,2,8,1500,-1,-1,-1,-1,-1,-1,-1,-1,False,-1,0.4337448138093531,298500,push,0.447,2.1122801778053786,11673,,300000,push,0.0,0.13035,push,0.0,0.1323,push,0.0,0.12725,False,block-copy_L16_st512_k2_s8.summary.json
block-copy,16,512,2,9,2000,-1,-1,-1,-1,-1,-1,-1,-1,False,-1,0.4310300671003432,298000,push,0.456,2.0545140553535597,11369,,300000,push,0.0001,0.1307,push,0.0001,0.1306,push,5e-05,0.1242,False,block-copy_L16_st512_k2_s9.summary.json
block-copy,16,512,4,1,2500,26500,-1,-1,-1,-1,-1,-1,-1,False,-1,0.9764128288595976,173000,ex_sp,0.977,2.4418443184044927,3111,,175500,push,0.00015,0.09555,ex_sp,0.0,0.0073,,,,True,block-copy_L16_st512_k4_s1.summary.json
block-copy,16,512,4,10,1500,23000,-1,-1,-1,-1,-1,-1,-1,False,-1,0.9752921714072256,103000,ex_sp,0.98,2.498263414028559,3156,,104500,push,0.0,0.10215,ex_sp,5e-05,0.0061,,,,True,block-copy_L16_st512_k4_s10.summary.json
block-copy,16,512,4,2,1000,31000,-1,-1,-1,-1,-1,-1,-1,False,-1,0.9740647846736752,99000,ex_sp,0.98,2.437309923649374,2983,,100000,push,0.0,0.07855,ex_sp,0.0,0.0063,,,,True,block-copy_L16_st512_k4_s2.summary.json
block-copy,16,512,4,3,5000,24500,-1,-1,-1,-1,-1,-1,-1,False,-1,0.5160067612559545,31500,ex_sp,0.979,2.2645360924317144,2930,,36500,push,0.0,0.09475,,,,,,,True,block-copy_L16_st512_k4_s3.summary.json
block-copy,16,512,4,4,2500,52000,-1,-1,-1,-1,-1,-1,-1,False,-1,0.5039184551554577,52500,ex_sp,0.978,2.1899641600007995,4128,,55000,push,0.0,0.08265,push,0.0,0.07565,,,,True,block-copy_L16_st512_k4_s4.summary.json
block-copy,16,512,4,5,1000,11500,-1,-1,-1,-1,-1,-1,-1,False,-1,0.976199370297241,100000,ex_sp,0.978,2.424347243933368,3027,,101000,push,0.0,0.0965,ex_sp,0.0,0.00475,,,,True,block-copy_L16_st512_k4_s5.summary.json
block-copy,16,512,4,6,4000,8500,-1,-1,-1,-1,-1,-1,-1,False,-1,0.9768931106249,157000,ex_sp,0.977,2.341148214051441,2911,,161000,push,5e-05,0.1051,ex_sp,0.0,0.00485,,,,True,block-copy_L16_st512_k4_s6.summary.json
block-copy,16,512,4,7,1500,33000,-1,-1,-1,-1,-1,-1,-1,False,-1,0.9740647846736752,115000,ex_sp,0.979,2.3633326136869792,3052,,116500,push,0.0,0.07835,ex_sp,0.0,0.00565,,,,True,block-copy_L16_st512_k4_s7.summary.json
block-copy,16,512,4,8,-1,1500,-1,-1,-1,-1,-1,-1,-1,False,-1,0.9763060995784193,80500,ex_sp,0.981,2.429504569679789,2816,,82000,ex_sp,0.0,0.00855,ex_sp,0.0,0.0058,,,,True,block-copy_L16_st512_k4_s8.summary.json
block-copy,16,512,4,9,1000,48500,-1,-1,-1,-1,-1,-1,-1,False,-1,0.4917789274189418,50500,ex_sp,0.968,2.2232086316472777,5103,,51500,push,0.0001,0.0996,ex_sp,0.0,0.013,,,,True,block-copy_L16_st512_k4_s9.summary.json
block-copy,16,512,6,1,-1,14000,-1,-1,-1,-1,-1,-1,-1,False,-1,0.9605101659640323,2500,ex_sp,0.962,2.2035849307743023,1922,,16500,none,0.00015,0.2746,,,,,,,True,block-copy_L16_st512_k6_s1.summary.json
block-copy,16,512,6,10,2500,-1,-1,-1,-1,-1,-1,-1,-1,False,-1,0.5874609435025355,297500,push,0.593,2.07682814581303,6285,,300000,none,0.0,0.09195,push,5e-05,0.0618,push,0.0,0.0779,False,block-copy_L16_st512_k6_s10.summary.json
block-copy,16,512,6,2,1000,8000,-1,-1,-1,-1,-1,-1,-1,False,-1,0.40956820160835944,9500,ex_sp,0.763,2.734479552019028,1306,,10500,push,5e-05,0.0962,,,,,,,True,block-copy_L16_st512_k6_s2.summary.json
block-copy,16,512,6,3,2000,28000,-1,-1,-1,-1,-1,-1,-1,False,-1,0.24166367873789887,29500,ex_sp,0.93,2.5151696791125695,1742,,31500,none,5e-05,0.0938,,,,,,,True,block-copy_L16_st512_k6_s3.summary.json
block-copy,16,512,6,4,1500,-1,-1,-1,-1,-1,-1,-1,-1,False,-1,0.5816728986323824,298500,push,0.603,1.9852321906741972,7123,,300000,push,5e-05,0.07585,push,0.0,0.0603,push,0.0,0.0631,False,block-copy_L16_st512_k6_s4.summary.json
block-copy,16,512,6,5,2500,5500,-1,-1,-1,-1,-1,-1,-1,False,-1,0.5345489934948522,6500,ex_sp,0.858,2.6887163192064554,1458,,9000,push,0.0,0.04985,,,,,,,True,block-copy_L16_st512_k6_s5.summary.json
block-copy,16,512,6,6,3500,-1,-1,-1,-1,-1,-1,-1,-1,False,-1,0.5884341545868974,296500,push,0.678,2.0347950240816814,6194,,300000,none,5e-05,0.09245,push,0.0,0.06005,push,0.0,0.05875,False,block-copy_L16_st512_k6_s6.summary.json
block-copy,16,512,6,7,1500,-1,-1,-1,-1,-1,-1,-1,-1,False,-1,0.5872560569584592,298500,push,0.648,2.073633109694986,5469,,300000,none,5e-05,0.09345,push,0.0,0.05675,push,0.0,0.05365,False,block-copy_L16_st512_k6_s7.summary.json
block-copy,16,512,6,8,1000,-1,-1,-1,-1,-1,-1,-1,-1,False,-1,0.5876658300466117,299000,push,0.618,2.065150291298157,6253,,300000,none,0.0,0.0828,push,0.0,0.0732,push,0.0,0.06135,False,block-copy_L16_st512_k6_s8.summary.json
block-copy,16,512,6,9,5500,-1,-1,-1,-1,-1,-1,-1,-1,False,-1,0.5850023049736208,294500,push,0.62,2.039638813672444,6512,,300000,none,0.00025,0.11425,push,0.0,0.0524,push,0.0,0.0647,False,block-copy_L16_st512_k6_s9.summary.json
ld-mem,16,128,2,1,4500,-1,133000,-1,-1,-1,132000,-1,-1,True,168000,0.3319674230394919,127500,ldir,0.808,4.545683226343162,13244,,300000,push,0.0001,0.1804,none,0.0,0.18245,ldir,0.8081,0.01425,False,ld-mem_L16_st128_k2_s1.summary.json
ld-mem,16,128,2,10,6000,121500,-1,-1,-1,-1,-1,-1,-1,False,-1,0.8613586637493997,294000,ex_sp,0.86,1.7475093918928541,13628,,300000,none,0.0001,0.16265,push,5e-05,0.17305,ex_sp,5e-05,0.0426,False,ld-mem_L16_st128_k2_s10.summary.json
ld-mem,16,128,2,2,10000,-1,57000,-1,-1,-1,54500,64500,10000,False,-1,0.3070224862982124,44500,ldir,0.936,4.037719015707879,10787,,300000,none,0.0001,0.17075,push,0.0001,0.16825,ldir,0.9363,0.00885,False,ld-mem_L16_st128_k2_s2.summary.json
ld-mem,16,128,2,3,11000,-1,54000,-1,-1,-1,52500,-1,-1,True,247500,0.31880346258259495,41500,ldir,0.797,4.446903975314782,13326,,300000,none,0.0001,0.17765,push,5e-05,0.1646,ldir,0.7973,0.016,False,ld-mem_L16_st128_k2_s3.summary.json
ld-mem,16,128,2,4,6000,-1,70000,-1,-1,-1,69000,-1,-1,True,231000,0.33145520667930134,63000,ldir,0.796,4.471578136461314,13295,,300000,none,5e-05,0.1722,push,5e-05,0.17545,ldir,0.7965,0.014,False,ld-mem_L16_st128_k2_s4.summary.json
ld-mem,16,128,2,5,3500,-1,-1,-1,-1,-1,-1,-1,-1,False,-1,0.331096655227168,296500,push,0.35,1.961441117426654,15384,,300000,push,0.00015,0.17265,push,5e-05,0.1733,push,0.0,0.1609,False,ld-mem_L16_st128_k2_s5.summary.json
ld-mem,16,128,2,6,5500,-1,71000,-1,-1,-1,70500,80500,10000,False,-1,0.30686882139015526,65000,ldir,0.937,4.0790930405303,10682,,300000,none,0.0,0.16615,push,0.0,0.17195,ldir,0.93695,0.0068,False,ld-mem_L16_st128_k2_s6.summary.json
ld-mem,16,128,2,7,4500,-1,43000,-1,-1,-1,42000,-1,-1,True,258000,0.3300210008707678,37500,ldir,0.815,4.440739827241285,12900,,300000,none,0.00015,0.1735,ldir,0.7831,0.0143,ldir,0.815,0.01505,False,ld-mem_L16_st128_k2_s7.summary.json
ld-mem,16,128,2,8,9500,-1,20000,-1,-1,-1,18500,-1,-1,True,281500,0.30246376069251657,9000,ldir,0.791,4.448740591797603,13395,,300000,none,0.00025,0.17475,ldir,0.791,0.0158,ldir,0.7907,0.0158,False,ld-mem_L16_st128_k2_s8.summary.json
ld-mem,16,128,2,9,7000,-1,37500,-1,-1,-1,36000,-1,-1,True,264000,0.32069866311529993,29000,ldir,0.794,4.480433087155633,13384,,300000,none,5e-05,0.1653,ldir,0.78365,0.0144,ldir,0.79435,0.0138,False,ld-mem_L16_st128_k2_s9.summary.json
ld-mem,16,128,4,1,14500,18000,-1,-1,-1,-1,-1,-1,-1,False,-1,0.34031654971059777,6500,ex_sp,0.99,2.6223570547840858,3559,,21000,none,0.0,0.12125,,,,,,,True,ld-mem_L16_st128_k4_s1.summary.json
ld-mem,16,128,4,10,3000,23500,-1,-1,-1,-1,-1,-1,-1,False,-1,0.2841264149976951,23500,ex_sp,0.989,2.588986179035515,3329,,26500,none,0.0,0.10985,,,,,,,True,ld-mem_L16_st128_k4_s10.summary.json
ld-mem,16,128,4,2,4000,7500,-1,-1,-1,-1,-1,-1,-1,False,-1,0.3486656763817037,6500,ex_sp,0.989,2.4733667277768707,3835,,10500,push,0.0,0.10775,,,,,,,True,ld-mem_L16_st128_k4_s2.summary.json
ld-mem,16,128,4,3,10500,69000,-1,-1,-1,-1,-1,-1,-1,False,-1,0.28740459970291454,63000,ex_sp,0.99,2.457949250606875,3043,,73500,none,0.0,0.1066,none,0.0,0.0982,,,,True,ld-mem_L16_st128_k4_s3.summary.json
ld-mem,16,128,4,4,7500,13500,-1,-1,-1,-1,-1,-1,-1,False,-1,0.3139886287968038,10500,ex_sp,0.99,2.4485263423376518,3193,,18000,none,0.0,0.1145,,,,,,,True,ld-mem_L16_st128_k4_s4.summary.json
ld-mem,16,128,4,5,8500,12000,-1,-1,-1,-1,-1,-1,-1,False,-1,0.41128128502054545,6500,ex_sp,0.988,2.5695687181326345,3821,,15000,none,0.0,0.11815,,,,,,,True,ld-mem_L16_st128_k4_s5.summary.json
ld-mem,16,128,4,6,13500,88500,-1,-1,-1,-1,-1,-1,-1,False,-1,0.2852020693540952,79000,ex_sp,0.992,2.5964155662364528,2872,,92500,none,5e-05,0.1057,none,0.0,0.1096,,,,True,ld-mem_L16_st128_k4_s6.summary.json
ld-mem,16,128,4,7,5000,25500,-1,-1,-1,-1,-1,-1,-1,False,-1,0.29058034113609593,23000,ex_sp,0.99,2.5354858936239455,3418,,28000,push,0.0,0.1004,,,,,,,True,ld-mem_L16_st128_k4_s7.summary.json
ld-mem,16,128,4,8,4500,8500,-1,-1,-1,-1,-1,-1,-1,False,-1,0.696195101125994,8000,ex_sp,0.989,2.4648573948846395,3136,,12500,none,0.0,0.10985,,,,,,,True,ld-mem_L16_st128_k4_s8.summary.json
ld-mem,16,128,4,9,5000,186500,9000,96000,-1,-1,8500,10500,2000,False,-1,0.3062029401219075,3500,ldir,0.958,5.801547586938787,6150,,300000,push,0.0001,0.10255,ldir,0.95475,0.00435,ldir,0.9585,0.00385,False,ld-mem_L16_st128_k4_s9.summary.json
ld-mem,16,128,6,1,-1,-1,2000,-1,-1,-1,1000,6000,5000,False,-1,,-1,ldir,0.982,5.889092629534526,2452,,300000,ldir,0.67635,0.08365,ldir,0.9834,0.0005,ldir,0.98215,0.0008,False,ld-mem_L16_st128_k6_s1.summary.json
ld-mem,16,128,6,10,17500,43000,-1,-1,-1,-1,-1,-1,-1,False,-1,0.4480868718946883,27500,ex_sp,0.997,2.289494072134706,1018,,45000,none,0.00025,0.20605,,,,,,,True,ld-mem_L16_st128_k6_s10.summary.json
ld-mem,16,128,6,2,25500,28000,-1,-1,-1,-1,-1,-1,-1,False,-1,0.6769304658733124,4500,ex_sp,0.996,2.3411331146352596,1452,,30000,none,5e-05,0.08655,,,,,,,True,ld-mem_L16_st128_k6_s2.summary.json
ld-mem,16,128,6,3,-1,13500,-1,-1,-1,-1,-1,-1,-1,False,-1,0.9895405304445274,2500,ex_sp,0.988,3.066381961190701,1419,,16000,none,0.0001,0.10015,,,,,,,True,ld-mem_L16_st128_k6_s3.summary.json
ld-mem,16,128,6,4,5000,-1,99500,-1,-1,-1,99000,100500,1500,False,-1,0.444911130461507,94000,ldir,0.987,3.2722985274981666,1029,,117000,push,0.0,0.0841,push,0.0,0.0836,,,,True,ld-mem_L16_st128_k6_s4.summary.json
ld-mem,16,128,6,5,-1,17000,-1,-1,-1,-1,-1,-1,-1,False,-1,0.9971716740487753,2000,ex_sp,0.997,2.26834405319941,1247,,19000,none,0.0,0.0925,,,,,,,True,ld-mem_L16_st128_k6_s5.summary.json
ld-mem,16,128,6,6,4500,31000,-1,-1,-1,-1,-1,-1,-1,False,-1,0.44158172412026847,29000,ex_sp,0.982,2.60006276767631,1434,,33500,push,0.0,0.0843,,,,,,,True,ld-mem_L16_st128_k6_s6.summary.json
ld-mem,16,128,6,7,12000,-1,15500,-1,-1,-1,15000,16500,1500,False,-1,0.4100291963325309,3000,ldir,0.986,5.9963083300537825,2127,,300000,none,0.0001,0.1131,ldir,0.982,0.001,ldir,0.9861,0.00045,False,ld-mem_L16_st128_k6_s7.summary.json
ld-mem,16,128,6,8,22500,24000,-1,-1,-1,-1,-1,-1,-1,False,-1,0.7858476973157585,4000,ex_sp,0.998,2.18916073359481,1246,,26500,none,0.0,0.07985,,,,,,,True,ld-mem_L16_st128_k6_s8.summary.json
ld-mem,16,128,6,9,-1,-1,9000,-1,-1,-1,8500,10000,1500,False,-1,,-1,ldir,0.989,3.3090616482187993,1034,,43500,none,0.0001,0.19795,,,,,,,True,ld-mem_L16_st128_k6_s9.summary.json
ld-mem,16,32,2,1,-1,-1,223000,-1,-1,-1,222500,-1,-1,True,77500,,-1,ldir,0.848,4.121747626373402,12612,,300000,none,0.00025,0.0915,none,5e-05,0.0885,ldir,0.84775,0.00685,False,ld-mem_L16_st32_k2_s1.summary.json
ld-mem,16,32,2,10,-1,-1,9500,-1,-1,-1,9000,73500,64500,False,-1,,-1,ldir,0.834,4.115006036987549,12981,,300000,none,0.00025,0.09,ldir,0.81375,0.00705,ldir,0.8344,0.00655,False,ld-mem_L16_st32_k2_s10.summary.json
ld-mem,16,32,2,2,-1,-1,31000,-1,-1,-1,30500,116500,86000,False,-1,,-1,ldir,0.804,4.439294769585966,13554,,300000,none,0.0004,0.0873,ldir,0.80745,0.00935,ldir,0.80415,0.00715,False,ld-mem_L16_st32_k2_s2.summary.json
ld-mem,16,32,2,3,22500,-1,22000,-1,-1,-1,21000,-1,-1,True,6500,,-1,ldir,0.896,2.1528355477490235,8230,,27500,none,0.0003,0.09115,,,,,,,True,ld-mem_L16_st32_k2_s3.summary.json
ld-mem,16,32,2,4,-1,-1,17000,-1,-1,-1,16000,-1,-1,True,284000,,-1,ldir,0.848,4.152473991437418,12726,,300000,none,0.00015,0.08735,ldir,0.8809,0.0066,ldir,0.8477,0.00615,False,ld-mem_L16_st32_k2_s4.summary.json
ld-mem,16,32,2,5,-1,-1,141000,-1,-1,-1,140500,153000,12500,False,-1,,-1,ldir,0.946,3.676075159911341,14283,,300000,none,0.00045,0.09035,none,0.0002,0.09105,ldir,0.94555,0.0046,False,ld-mem_L16_st32_k2_s5.summary.json
ld-mem,16,32,2,6,-1,-1,112500,-1,-1,-1,111500,-1,-1,True,188500,,-1,ldir,0.835,4.084338495754828,12788,,300000,none,0.00035,0.08745,none,5e-05,0.0923,ldir,0.8351,0.00715,False,ld-mem_L16_st32_k2_s6.summary.json
ld-mem,16,32,2,7,-1,-1,186000,-1,-1,-1,185500,-1,-1,True,114500,,-1,ldir,0.854,4.289445942013941,13124,,300000,none,0.00015,0.09365,none,0.0003,0.08375,ldir,0.8544,0.0064,False,ld-mem_L16_st32_k2_s7.summary.json
ld-mem,16,32,2,8,-1,-1,213500,-1,-1,-1,213000,-1,-1,True,87000,,-1,ldir,0.876,3.8125293785820737,11733,,300000,none,0.00015,0.09465,none,5e-05,0.0883,ldir,0.87595,0.00675,False,ld-mem_L16_st32_k2_s8.summary.json
ld-mem,16,32,2,9,52500,-1,42000,-1,-1,-1,41500,-1,-1,True,22000,,-1,ldir,0.873,3.043915095332557,9674,,63500,none,0.00025,0.087,ldir,0.83605,0.00915,,,,True,ld-mem_L16_st32_k2_s9.summary.json
ld-mem,16,32,4,1,-1,-1,156000,-1,-1,-1,155500,157000,1500,False,-1,,-1,ldir,0.967,2.9653771763945818,3192,,300000,none,0.0001,0.1385,none,5e-05,0.1379,ldir,0.9666,0.002,False,ld-mem_L16_st32_k4_s1.summary.json
ld-mem,16,32,4,10,-1,144000,64500,-1,-1,-1,64000,66000,2000,False,-1,,-1,ldir,0.96,5.742035317827486,6038,,300000,none,5e-05,0.1351,none,0.0004,0.1445,ldir,0.95995,0.0028,False,ld-mem_L16_st32_k4_s10.summary.json
ld-mem,16,32,4,2,-1,-1,171500,-1,-1,-1,171000,172500,1500,False,-1,,-1,ldir,0.96,5.378735377498342,5949,,300000,none,0.00015,0.1357,none,0.0002,0.1361,ldir,0.96045,0.00335,False,ld-mem_L16_st32_k4_s2.summary.json
ld-mem,16,32,4,3,-1,-1,54000,193000,-1,-1,53500,55000,1500,False,-1,,-1,ldir,0.952,5.713834663125942,6386,,300000,none,0.0002,0.1392,none,0.0003,0.13725,ldir,0.95165,0.0044,False,ld-mem_L16_st32_k4_s3.summary.json
ld-mem,16,32,4,4,-1,114000,103000,-1,-1,-1,102500,104000,1500,False,-1,,-1,ldir,0.939,5.247455142617294,6342,,300000,none,0.0002,0.1406,none,0.00015,0.1423,ldir,0.93855,0.0045,False,ld-mem_L16_st32_k4_s4.summary.json
ld-mem,16,32,4,5,-1,-1,69000,-1,-1,-1,69000,70500,1500,False,-1,,-1,ldir,0.973,2.8644787548627777,2940,,298000,none,0.00025,0.14295,none,5e-05,0.1344,,,,True,ld-mem_L16_st32_k4_s5.summary.json
ld-mem,16,32,4,6,-1,-1,98500,249500,-1,-1,98000,100000,2000,False,-1,,-1,ldir,0.959,5.74444579429204,6127,,300000,none,0.0002,0.1358,none,0.00015,0.13855,ldir,0.95865,0.0012,False,ld-mem_L16_st32_k4_s6.summary.json
ld-mem,16,32,4,7,-1,-1,52000,-1,-1,-1,51500,54000,2500,False,-1,,-1,ldir,0.96,2.9267150758951876,2992,,179000,none,0.00025,0.13845,none,0.0002,0.14055,,,,True,ld-mem_L16_st32_k4_s7.summary.json
ld-mem,16,32,4,8,-1,-1,-1,-1,-1,-1,-1,-1,-1,False,-1,,-1,none,0.02,0.46869561085461875,19824,,300000,none,0.0001,0.1419,none,5e-05,0.1405,none,0.00015,0.1424,False,ld-mem_L16_st32_k4_s8.summary.json
ld-mem,16,32,4,9,-1,-1,145500,-1,-1,-1,145000,148000,3000,False,-1,,-1,ldir,0.959,5.475059634765835,5889,,300000,none,0.0002,0.1313,none,0.0003,0.14415,ldir,0.9593,0.0018,False,ld-mem_L16_st32_k4_s9.summary.json
ld-mem,16,32,6,1,-1,-1,2000,-1,-1,-1,1500,2500,1000,False,-1,,-1,ldir,0.982,5.078374982875421,2783,,4000,,,,,,,,,,True,ld-mem_L16_st32_k6_s1.summary.json
ld-mem,16,32,6,10,26500,-1,-1,-1,-1,-1,-1,-1,-1,False,-1,0.5554474209906265,273500,push,0.546,1.0021280517205162,15639,,300000,none,0.00015,0.1685,push,0.0,0.15335,push,0.0,0.1801,False,ld-mem_L16_st32_k6_s10.summary.json
ld-mem,16,32,6,2,22500,-1,-1,-1,-1,-1,-1,-1,-1,False,-1,0.5479690621318445,277500,push,0.523,0.9949876505722792,16027,,300000,none,0.00015,0.16035,push,0.0,0.17425,push,5e-05,0.1797,False,ld-mem_L16_st32_k6_s2.summary.json
ld-mem,16,32,6,3,18000,-1,-1,-1,-1,-1,-1,-1,-1,False,-1,0.5469958510474824,282000,push,0.517,0.9842630917699267,16393,,300000,none,5e-05,0.1604,push,0.0,0.16125,push,0.0,0.18945,False,ld-mem_L16_st32_k6_s3.summary.json
ld-mem,16,32,6,4,102500,-1,-1,-1,-1,-1,-1,-1,-1,False,-1,0.5605183629565128,197500,push,0.578,0.9895438795373956,15512,,300000,none,5e-05,0.16345,none,5e-05,0.16115,push,0.0,0.1703,False,ld-mem_L16_st32_k6_s4.summary.json
ld-mem,16,32,6,5,13500,-1,-1,-1,-1,-1,-1,-1,-1,False,-1,0.5603646980484556,286500,push,0.538,0.9783209470446574,15994,,300000,none,5e-05,0.1672,push,0.0,0.1614,push,0.0,0.1865,False,ld-mem_L16_st32_k6_s5.summary.json
ld-mem,16,32,6,6,15000,-1,-1,-1,-1,-1,-1,-1,-1,False,-1,0.5602622547764176,285000,push,0.561,1.0602485767491991,16143,,300000,none,0.0002,0.1611,push,5e-05,0.19245,push,0.0,0.1549,False,ld-mem_L16_st32_k6_s6.summary.json
ld-mem,16,32,6,7,93000,-1,-1,-1,-1,-1,-1,-1,-1,False,-1,0.5492496030323208,207000,push,0.551,0.9919372602353667,15813,,300000,none,5e-05,0.1572,none,0.00015,0.16825,push,5e-05,0.18125,False,ld-mem_L16_st32_k6_s7.summary.json
ld-mem,16,32,6,8,21000,-1,-1,-1,-1,-1,-1,-1,-1,False,-1,0.5476617323157301,279000,push,0.576,1.0052525350030308,15015,,300000,none,0.0002,0.16615,push,0.0,0.15685,push,5e-05,0.1551,False,ld-mem_L16_st32_k6_s8.summary.json
ld-mem,16,32,6,9,10000,-1,-1,-1,-1,-1,-1,-1,-1,False,-1,0.5582133893356553,290000,push,0.553,0.9985586322638595,15588,,300000,none,0.0002,0.17225,push,0.0001,0.1726,push,0.0,0.1724,False,ld-mem_L16_st32_k6_s9.summary.json
ld-mem,16,512,2,1,1000,-1,-1,-1,-1,-1,-1,-1,-1,False,-1,0.47661732315730165,299000,push,0.484,2.0883831769767873,11328,,300000,push,0.0,0.1061,push,5e-05,0.11435,push,0.0,0.11025,False,ld-mem_L16_st512_k2_s1.summary.json
ld-mem,16,512,2,10,2000,-1,-1,-1,-1,-1,-1,-1,-1,False,-1,0.4757465553449778,298000,push,0.492,2.1046222274300304,11053,,300000,push,0.0001,0.10255,push,0.0,0.1106,push,5e-05,0.11615,False,ld-mem_L16_st512_k2_s10.summary.json
ld-mem,16,512,2,2,1500,-1,-1,-1,-1,-1,-1,-1,-1,False,-1,0.4784100804179686,298500,push,0.481,2.136004294513588,11421,,300000,push,0.0,0.11015,push,0.0001,0.1058,push,0.0001,0.1039,False,ld-mem_L16_st512_k2_s2.summary.json
ld-mem,16,512,2,3,1500,-1,-1,-1,-1,-1,-1,-1,-1,False,-1,0.4765148798852636,298500,push,0.491,2.1253782260809864,11239,,300000,push,5e-05,0.11505,push,0.0001,0.1099,push,0.0,0.11265,False,ld-mem_L16_st512_k2_s3.summary.json
ld-mem,16,512,2,4,2500,-1,-1,-1,-1,-1,-1,-1,-1,False,-1,0.4769758746094351,297500,push,0.467,2.100488242723972,11451,,300000,push,0.0,0.1075,push,0.0,0.1084,push,0.0,0.109,False,ld-mem_L16_st512_k2_s4.summary.json
ld-mem,16,512,2,5,1500,-1,-1,-1,-1,-1,-1,-1,-1,False,-1,0.4769758746094351,298500,push,0.474,2.13191848773565,11317,,300000,push,5e-05,0.1049,push,0.0,0.10645,push,0.0,0.1118,False,ld-mem_L16_st512_k2_s5.summary.json
ld-mem,16,512,2,6,2000,-1,81000,-1,-1,-1,79500,-1,-1,True,5500,0.47292936536392977,77500,ldir,0.801,2.443491546293899,9167,,85000,push,5e-05,0.1037,push,0.00015,0.10845,,,,True,ld-mem_L16_st512_k2_s6.summary.json
ld-mem,16,512,2,7,2000,-1,-1,-1,-1,-1,-1,-1,-1,False,-1,0.476924652973416,298000,push,0.445,2.094827241454857,11867,,300000,push,5e-05,0.107,push,0.0,0.1075,push,5e-05,0.10995,False,ld-mem_L16_st512_k2_s7.summary.json
ld-mem,16,512,2,8,1500,-1,-1,-1,-1,-1,-1,-1,-1,False,-1,0.4764636582492445,298500,push,0.457,2.090643104939282,11680,,300000,push,0.00025,0.10415,push,0.0,0.1064,push,0.0,0.10775,False,ld-mem_L16_st512_k2_s8.summary.json
ld-mem,16,512,2,9,1000,-1,-1,-1,-1,-1,-1,-1,-1,False,-1,0.47718076115351127,299000,push,0.478,2.076306808303494,11496,,300000,push,0.0,0.1068,push,0.0,0.1036,push,0.0,0.10785,False,ld-mem_L16_st512_k2_s9.summary.json
ld-mem,16,512,4,1,1000,24000,-1,-1,-1,-1,-1,-1,-1,False,-1,0.9766796520625435,110000,ex_sp,0.983,1.8069644371930904,2443,,111000,push,0.0,0.06895,ex_sp,0.0,0.00375,,,,True,ld-mem_L16_st512_k4_s1.summary.json
ld-mem,16,512,4,10,4500,8500,-1,-1,-1,-1,-1,-1,-1,False,-1,0.978013768077272,295500,ex_sp,0.981,2.5745405414411024,3323,,300000,push,5e-05,0.0819,ex_sp,0.0,0.00355,ex_sp,0.0,0.0068,False,ld-mem_L16_st512_k4_s10.summary.json
ld-mem,16,512,4,2,1000,41500,-1,-1,-1,-1,-1,-1,-1,False,-1,0.9776935802337372,299000,ex_sp,0.978,2.618973135098534,3439,,300000,push,0.0,0.06775,ex_sp,0.0,0.00605,ex_sp,0.0,0.0057,False,ld-mem_L16_st512_k4_s2.summary.json
ld-mem,16,512,4,3,1500,5000,-1,-1,-1,-1,-1,-1,-1,False,-1,0.978013768077272,230000,ex_sp,0.975,2.529730748183277,3284,,231500,ex_sp,0.0,0.0459,ex_sp,0.0,0.00435,,,,True,ld-mem_L16_st512_k4_s3.summary.json
ld-mem,16,512,4,4,1500,11000,-1,-1,-1,-1,-1,-1,-1,False,-1,0.9762527349378303,59500,ex_sp,0.978,2.54018382049082,3155,,61000,push,5e-05,0.06405,ex_sp,0.0,0.0049,,,,True,ld-mem_L16_st512_k4_s4.summary.json
ld-mem,16,512,4,5,1500,12000,-1,-1,-1,-1,-1,-1,-1,False,-1,0.5432566716180915,13500,ex_sp,0.964,2.308031870797741,5205,,15000,push,0.0,0.0591,,,,,,,True,ld-mem_L16_st512_k4_s5.summary.json
ld-mem,16,512,4,6,3000,5500,-1,-1,-1,-1,-1,-1,-1,False,-1,0.6836010459469557,5500,ex_sp,0.977,2.3215106368577376,4339,,8500,push,0.0,0.05985,,,,,,,True,ld-mem_L16_st512_k4_s6.summary.json
ld-mem,16,512,4,7,1500,45500,-1,-1,-1,-1,-1,-1,-1,False,-1,0.5605183629565128,85500,ex_sp,0.984,1.8377420592127676,2468,,87000,none,0.00015,0.08895,ex_sp,0.0,0.00515,,,,True,ld-mem_L16_st512_k4_s7.summary.json
ld-mem,16,512,4,8,2500,5000,-1,-1,-1,-1,-1,-1,-1,False,-1,0.634665670526709,5500,ex_sp,0.979,2.318981647023675,4531,,8000,ex_sp,0.0,0.04215,,,,,,,True,ld-mem_L16_st512_k4_s8.summary.json
ld-mem,16,512,4,9,1000,18500,-1,-1,-1,-1,-1,-1,-1,False,-1,0.9775334863119697,172500,ex_sp,0.986,1.8947757064363784,2466,,173500,push,0.0,0.0857,ex_sp,0.0,0.0047,,,,True,ld-mem_L16_st512_k4_s9.summary.json
ld-mem,16,512,6,1,1000,9500,-1,-1,-1,-1,-1,-1,-1,False,-1,0.3713568611381448,11000,ex_sp,0.984,2.2578375080379005,1697,,12000,none,0.00015,0.09435,,,,,,,True,ld-mem_L16_st512_k6_s1.summary.json
ld-mem,16,512,6,10,1500,20000,-1,-1,-1,-1,-1,-1,-1,False,-1,0.2374635045843364,21000,ex_sp,0.988,2.171704301235211,1685,,22500,none,0.0,0.084,,,,,,,True,ld-mem_L16_st512_k6_s10.summary.json
ld-mem,16,512,6,2,1500,19000,-1,-1,-1,-1,-1,-1,-1,False,-1,0.21605286072837165,20000,ex_sp,0.98,2.049068294715065,1394,,21500,none,0.0001,0.0723,,,,,,,True,ld-mem_L16_st512_k6_s2.summary.json
ld-mem,16,512,6,3,1500,16500,-1,-1,-1,-1,-1,-1,-1,False,-1,0.22947292936536393,17500,ex_sp,0.991,2.1624120758529277,1316,,19000,none,0.0,0.077,,,,,,,True,ld-mem_L16_st512_k6_s3.summary.json
ld-mem,16,512,6,4,36000,57000,-1,-1,-1,-1,-1,-1,-1,False,-1,0.5334733391384521,23500,ex_sp,0.982,2.0750624553860924,1951,,59500,none,0.0,0.06735,push,0.0,0.05855,,,,True,ld-mem_L16_st512_k6_s4.summary.json
ld-mem,16,512,6,5,3500,7000,-1,-1,-1,-1,-1,-1,-1,False,-1,0.5431986765569135,6000,ex_sp,0.995,2.2349754569335527,1353,,9500,push,0.0,0.06115,,,,,,,True,ld-mem_L16_st512_k6_s5.summary.json
ld-mem,16,512,6,6,4500,24500,-1,-1,-1,-1,-1,-1,-1,False,-1,0.21743584490088613,22000,ex_sp,0.993,2.130973954555823,1368,,26500,none,0.0001,0.0637,,,,,,,True,ld-mem_L16_st512_k6_s6.summary.json
ld-mem,16,512,6,7,4000,93000,-1,-1,-1,-1,-1,-1,-1,False,-1,0.565384418378323,91000,ex_sp,0.994,2.190605576076039,1573,,95000,push,0.0,0.08285,push,0.0,0.061,,,,True,ld-mem_L16_st512_k6_s7.summary.json
ld-mem,16,512,6,8,3500,192500,-1,-1,-1,-1,-1,-1,-1,False,-1,0.5518619064692926,191500,ex_sp,0.994,2.116649917221681,1277,,195000,none,0.0001,0.0882,push,0.0,0.0617,,,,True,ld-mem_L16_st512_k6_s8.summary.json
ld-mem,16,512,6,9,5500,12000,-1,-1,-1,-1,-1,-1,-1,False,-1,0.22988270245351636,9000,ex_sp,0.991,2.162327802878275,1510,,14500,none,0.0001,0.13995,,,,,,,True,ld-mem_L16_st512_k6_s9.summary.json
no-copy,16,128,2,1,-1,-1,-1,-1,-1,-1,-1,-1,-1,False,-1,,-1,none,0.0,0.6546701637463688,19652,,300000,none,0.0004,0.09275,none,0.0004,0.09505,none,0.00035,0.09095,False,no-copy_L16_st128_k2_s1.summary.json
no-copy,16,128,2,10,-1,-1,-1,-1,-1,-1,-1,-1,-1,False,-1,,-1,none,0.0,0.7054233764014013,19556,,300000,none,0.00015,0.09105,none,5e-05,0.0936,none,0.00025,0.1019,False,no-copy_L16_st128_k2_s10.summary.json
no-copy,16,128,2,2,-1,-1,-1,-1,-1,-1,-1,-1,-1,False,-1,,-1,none,0.0,0.6655901023216737,19578,,300000,none,0.0003,0.08725,none,0.00035,0.09065,none,0.00015,0.0967,False,no-copy_L16_st128_k2_s2.summary.json
no-copy,16,128,2,3,-1,-1,-1,-1,-1,-1,-1,-1,-1,False,-1,,-1,none,0.0,0.6862038758943143,19635,,300000,none,0.00085,0.09175,none,0.0003,0.09135,none,0.00035,0.09235,False,no-copy_L16_st128_k2_s3.summary.json
no-copy,16,128,2,4,-1,-1,-1,-1,-1,-1,-1,-1,-1,False,-1,,-1,none,0.0,0.6946137816479423,19652,,300000,none,0.00045,0.0921,none,0.0002,0.09115,none,0.00015,0.0892,False,no-copy_L16_st128_k2_s4.summary.json
no-copy,16,128,2,5,-1,-1,-1,-1,-1,-1,-1,-1,-1,False,-1,,-1,none,0.0,0.6807422936607548,19618,,300000,none,0.00055,0.09445,none,0.0003,0.093,none,0.00045,0.08725,False,no-copy_L16_st128_k2_s5.summary.json
no-copy,16,128,2,6,-1,-1,-1,-1,-1,-1,-1,-1,-1,False,-1,,-1,none,0.0,0.6841732432671366,19624,,300000,none,0.00015,0.08605,none,0.0002,0.089,none,0.00035,0.0882,False,no-copy_L16_st128_k2_s6.summary.json
no-copy,16,128,2,7,-1,-1,-1,-1,-1,-1,-1,-1,-1,False,-1,,-1,none,0.0,0.6689516935596433,19623,,300000,none,0.00015,0.0914,none,0.0002,0.0876,none,0.00035,0.09265,False,no-copy_L16_st128_k2_s7.summary.json
no-copy,16,128,2,8,-1,-1,-1,-1,-1,-1,-1,-1,-1,False,-1,,-1,none,0.0,0.6662620285626728,19589,,300000,none,0.0002,0.08505,none,0.0003,0.0947,none,0.00045,0.09315,False,no-copy_L16_st128_k2_s8.summary.json
no-copy,16,128,2,9,-1,-1,-1,-1,-1,-1,-1,-1,-1,False,-1,,-1,none,0.0,0.6915425573066356,19591,,300000,none,0.0004,0.0942,none,0.00015,0.08845,none,0.00025,0.0942,False,no-copy_L16_st128_k2_s9.summary.json
no-copy,16,128,4,1,-1,-1,-1,-1,-1,-1,-1,-1,-1,False,-1,,-1,none,0.0,0.8049185910992138,19048,,300000,none,0.00025,0.13475,none,0.0001,0.1288,none,0.0002,0.13625,False,no-copy_L16_st128_k4_s1.summary.json
no-copy,16,128,4,10,-1,-1,-1,-1,-1,-1,-1,-1,-1,False,-1,,-1,none,0.0,0.7943342169909124,19162,,300000,none,0.00035,0.13665,none,0.0004,0.14155,none,0.00025,0.1326,False,no-copy_L16_st128_k4_s10.summary.json
no-copy,16,128,4,2,-1,-1,-1,-1,-1,-1,-1,-1,-1,False,-1,,-1,none,0.0,0.8178076051062746,19092,,300000,none,0.0002,0.1389,none,0.00035,0.13035,none,0.00025,0.13335,False,no-copy_L16_st128_k4_s2.summary.json
no-copy,16,128,4,3,-1,-1,-1,-1,-1,-1,-1,-1,-1,False,-1,,-1,none,0.0,0.8317401408119789,19013,,300000,none,0.0004,0.13285,none,0.00025,0.13625,none,0.00025,0.14095,False,no-copy_L16_st128_k4_s3.summary.json
no-copy,16,128,4,4,-1,-1,-1,-1,-1,-1,-1,-1,-1,False,-1,,-1,none,0.0,0.8229870672669257,19016,,300000,none,0.0003,0.13465,none,0.0005,0.13535,none,0.00025,0.13415,False,no-copy_L16_st128_k4_s4.summary.json
no-copy,16,128,4,5,-1,-1,-1,-1,-1,-1,-1,-1,-1,False,-1,,-1,none,0.0,0.8317506428790864,19023,,300000,none,0.0002,0.13465,none,0.00015,0.133,none,5e-05,0.1374,False,no-copy_L16_st128_k4_s5.summary.json
no-copy,16,128,4,6,-1,-1,-1,-1,-1,-1,-1,-1,-1,False,-1,,-1,none,0.0,0.8243873841517066,19121,,300000,none,0.0002,0.136,none,0.0002,0.1367,none,0.00035,0.13175,False,no-copy_L16_st128_k4_s6.summary.json
no-copy,16,128,4,7,-1,-1,-1,-1,-1,-1,-1,-1,-1,False,-1,,-1,none,0.0,0.8148140186990229,19067,,300000,none,0.00025,0.13265,none,0.0003,0.13255,none,0.00015,0.13265,False,no-copy_L16_st128_k4_s7.summary.json
no-copy,16,128,4,8,-1,-1,-1,-1,-1,-1,-1,-1,-1,False,-1,,-1,none,0.0,0.8615294262979365,18987,,300000,none,0.0003,0.13525,none,0.00025,0.13265,none,0.0001,0.14315,False,no-copy_L16_st128_k4_s8.summary.json
no-copy,16,128,4,9,-1,-1,-1,-1,-1,-1,-1,-1,-1,False,-1,,-1,none,0.0,0.8287638204669028,19056,,300000,none,0.00045,0.13285,none,0.00045,0.13245,none,0.00015,0.13845,False,no-copy_L16_st128_k4_s9.summary.json
no-copy,16,128,6,1,-1,-1,-1,-1,-1,-1,-1,-1,-1,False,-1,,-1,none,0.0,0.8639069396969425,18661,,300000,none,0.0001,0.15675,none,5e-05,0.158,none,0.0002,0.163,False,no-copy_L16_st128_k6_s1.summary.json
no-copy,16,128,6,10,-1,-1,-1,-1,-1,-1,-1,-1,-1,False,-1,,-1,none,0.0,0.8992300857807711,18709,,300000,none,0.0003,0.15195,none,5e-05,0.1679,none,0.0002,0.1636,False,no-copy_L16_st128_k6_s10.summary.json
no-copy,16,128,6,2,-1,-1,-1,-1,-1,-1,-1,-1,-1,False,-1,,-1,none,0.0,0.8835463387666032,18706,,300000,none,0.0002,0.159,none,5e-05,0.16315,none,0.00025,0.1569,False,no-copy_L16_st128_k6_s2.summary.json
no-copy,16,128,6,3,-1,-1,-1,-1,-1,-1,-1,-1,-1,False,-1,,-1,none,0.0,0.8724437424080724,18617,,300000,none,0.0003,0.1634,none,5e-05,0.1588,none,0.0002,0.1645,False,no-copy_L16_st128_k6_s3.summary.json
no-copy,16,128,6,4,-1,-1,-1,-1,-1,-1,-1,-1,-1,False,-1,,-1,none,0.0,0.8532082262681717,18753,,300000,none,0.00015,0.15835,none,0.00025,0.15685,none,0.00015,0.15385,False,no-copy_L16_st128_k6_s4.summary.json
no-copy,16,128,6,5,-1,-1,-1,-1,-1,-1,-1,-1,-1,False,-1,,-1,none,0.0,0.8659960161513736,18716,,300000,none,0.0002,0.15895,none,0.0003,0.1614,none,0.0002,0.1599,False,no-copy_L16_st128_k6_s5.summary.json
no-copy,16,128,6,6,-1,-1,-1,-1,-1,-1,-1,-1,-1,False,-1,,-1,none,0.0,0.8674671059773305,18731,,300000,none,0.00015,0.15935,none,0.0002,0.16325,none,0.00025,0.1596,False,no-copy_L16_st128_k6_s6.summary.json
no-copy,16,128,6,7,-1,-1,-1,-1,-1,-1,-1,-1,-1,False,-1,,-1,none,0.0,0.8628895511706709,18782,,300000,none,0.00015,0.1553,none,0.00025,0.15665,none,0.00025,0.14925,False,no-copy_L16_st128_k6_s7.summary.json
no-copy,16,128,6,8,-1,-1,-1,-1,-1,-1,-1,-1,-1,False,-1,,-1,none,0.0,0.8873630719713796,18685,,300000,none,0.0002,0.152,none,0.00015,0.1565,none,0.00015,0.1554,False,no-copy_L16_st128_k6_s8.summary.json
no-copy,16,128,6,9,-1,-1,-1,-1,-1,-1,-1,-1,-1,False,-1,,-1,none,0.0,0.8841287818087222,18707,,300000,none,0.0002,0.16025,none,0.00025,0.1558,none,0.00025,0.158,False,no-copy_L16_st128_k6_s9.summary.json
no-copy,16,32,2,1,-1,-1,-1,-1,-1,-1,-1,-1,-1,False,-1,,-1,none,0.0,0.37600705763197606,19964,,300000,none,0.0005,0.0376,none,0.00045,0.0399,none,0.0008,0.0333,False,no-copy_L16_st32_k2_s1.summary.json
no-copy,16,32,2,10,-1,-1,-1,-1,-1,-1,-1,-1,-1,False,-1,,-1,none,0.0,0.40655826140138007,19942,,300000,none,0.0001,0.03855,none,0.0002,0.03995,none,0.00045,0.03985,False,no-copy_L16_st32_k2_s10.summary.json
no-copy,16,32,2,2,-1,-1,-1,-1,-1,-1,-1,-1,-1,False,-1,,-1,none,0.0,0.38948016454026835,19965,,300000,none,0.0004,0.03785,none,0.00045,0.03655,none,0.0003,0.0382,False,no-copy_L16_st32_k2_s2.summary.json
no-copy,16,32,2,3,-1,-1,-1,-1,-1,-1,-1,-1,-1,False,-1,,-1,none,0.0,0.39682465564339786,19947,,300000,none,0.0005,0.03465,none,0.0001,0.0398,none,0.0003,0.036,False,no-copy_L16_st32_k2_s3.summary.json
no-copy,16,32,2,4,-1,-1,-1,-1,-1,-1,-1,-1,-1,False,-1,,-1,none,0.0,0.4092073206931195,19948,,300000,none,0.0005,0.03535,none,0.0002,0.0412,none,0.00025,0.0368,False,no-copy_L16_st32_k2_s4.summary.json
no-copy,16,32,2,5,-1,-1,-1,-1,-1,-1,-1,-1,-1,False,-1,,-1,none,0.0,0.41058454257536514,19938,,300000,none,0.00065,0.0366,none,0.0002,0.0369,none,0.0002,0.03725,False,no-copy_L16_st32_k2_s5.summary.json
no-copy,16,32,2,6,-1,-1,-1,-1,-1,-1,-1,-1,-1,False,-1,,-1,none,0.0,0.3923583625971201,19953,,300000,none,0.00025,0.03595,none,0.00045,0.0401,none,0.00045,0.03815,False,no-copy_L16_st32_k2_s6.summary.json
no-copy,16,32,2,7,-1,-1,-1,-1,-1,-1,-1,-1,-1,False,-1,,-1,none,0.0,0.3909157155646339,19940,,300000,none,0.0003,0.03715,none,0.0003,0.03645,none,0.0005,0.03665,False,no-copy_L16_st32_k2_s7.summary.json
no-copy,16,32,2,8,-1,-1,-1,-1,-1,-1,-1,-1,-1,False,-1,,-1,none,0.0,0.4112689953118238,19947,,300000,none,0.0003,0.0357,none,0.00035,0.0342,none,0.00035,0.0384,False,no-copy_L16_st32_k2_s8.summary.json
no-copy,16,32,2,9,-1,-1,-1,-1,-1,-1,-1,-1,-1,False,-1,,-1,none,0.0,0.4155480585326563,19951,,300000,none,0.0004,0.0384,none,0.00015,0.0394,none,0.0003,0.038,False,no-copy_L16_st32_k2_s9.summary.json
no-copy,16,32,4,1,-1,-1,-1,-1,-1,-1,-1,-1,-1,False,-1,,-1,none,0.0,0.5796327403339525,19866,,300000,none,0.0002,0.06255,none,0.00025,0.05605,none,5e-05,0.058,False,no-copy_L16_st32_k4_s1.summary.json
no-copy,16,32,4,10,-1,-1,-1,-1,-1,-1,-1,-1,-1,False,-1,,-1,none,0.0,0.5881389639966308,19852,,300000,none,0.0001,0.05995,none,0.00035,0.058,none,0.0003,0.063,False,no-copy_L16_st32_k4_s10.summary.json
no-copy,16,32,4,2,-1,-1,-1,-1,-1,-1,-1,-1,-1,False,-1,,-1,none,0.0,0.5935665544919697,19894,,300000,none,0.0003,0.05745,none,0.00025,0.0595,none,0.0005,0.0588,False,no-copy_L16_st32_k4_s2.summary.json
no-copy,16,32,4,3,-1,-1,-1,-1,-1,-1,-1,-1,-1,False,-1,,-1,none,0.0,0.5965346678329908,19875,,300000,none,0.00045,0.0586,none,0.00035,0.0565,none,0.0002,0.05795,False,no-copy_L16_st32_k4_s3.summary.json
no-copy,16,32,4,4,-1,-1,-1,-1,-1,-1,-1,-1,-1,False,-1,,-1,none,0.0,0.583303856999235,19871,,300000,none,0.0003,0.05725,none,0.00015,0.06,none,0.00025,0.0625,False,no-copy_L16_st32_k4_s4.summary.json
no-copy,16,32,4,5,-1,-1,-1,-1,-1,-1,-1,-1,-1,False,-1,,-1,none,0.0,0.6278397276922032,19889,,300000,none,0.0004,0.062,none,0.0002,0.0596,none,0.00025,0.0614,False,no-copy_L16_st32_k4_s5.summary.json
no-copy,16,32,4,6,-1,-1,-1,-1,-1,-1,-1,-1,-1,False,-1,,-1,none,0.0,0.5753096893275078,19884,,300000,none,0.0003,0.06585,none,0.0004,0.05655,none,0.00035,0.05945,False,no-copy_L16_st32_k4_s6.summary.json
no-copy,16,32,4,7,-1,-1,-1,-1,-1,-1,-1,-1,-1,False,-1,,-1,none,0.0,0.6157027294922264,19873,,300000,none,0.00045,0.05945,none,0.0003,0.05775,none,0.00035,0.06325,False,no-copy_L16_st32_k4_s7.summary.json
no-copy,16,32,4,8,-1,-1,-1,-1,-1,-1,-1,-1,-1,False,-1,,-1,none,0.0,0.5912520088098319,19900,,300000,none,0.00035,0.0612,none,0.0001,0.0586,none,0.00025,0.059,False,no-copy_L16_st32_k4_s8.summary.json
no-copy,16,32,4,9,-1,-1,-1,-1,-1,-1,-1,-1,-1,False,-1,,-1,none,0.0,0.6133894856183852,19867,,300000,none,0.0003,0.05575,none,0.00025,0.06015,none,0.00045,0.0662,False,no-copy_L16_st32_k4_s9.summary.json
no-copy,16,32,6,1,-1,-1,-1,-1,-1,-1,-1,-1,-1,False,-1,,-1,none,0.0,0.6845812600313419,19845,,300000,none,0.0004,0.07315,none,0.0002,0.073,none,0.0003,0.0687,False,no-copy_L16_st32_k6_s1.summary.json
no-copy,16,32,6,10,-1,-1,-1,-1,-1,-1,-1,-1,-1,False,-1,,-1,none,0.0,0.7035761502029194,19816,,300000,none,0.0004,0.07605,none,0.00025,0.06875,none,0.00025,0.0751,False,no-copy_L16_st32_k6_s10.summary.json
no-copy,16,32,6,2,-1,-1,-1,-1,-1,-1,-1,-1,-1,False,-1,,-1,none,0.0,0.6917051768311673,19817,,300000,none,0.00025,0.0742,none,0.00015,0.0681,none,0.00015,0.0697,False,no-copy_L16_st32_k6_s2.summary.json
no-copy,16,32,6,3,-1,-1,-1,-1,-1,-1,-1,-1,-1,False,-1,,-1,none,0.0,0.678159081238312,19826,,300000,none,0.00025,0.0749,none,0.00015,0.07455,none,0.0002,0.0712,False,no-copy_L16_st32_k6_s3.summary.json
no-copy,16,32,6,4,-1,-1,-1,-1,-1,-1,-1,-1,-1,False,-1,,-1,none,0.0,0.6785478813804282,19837,,300000,none,0.00035,0.0687,none,0.0002,0.0744,none,0.0002,0.07035,False,no-copy_L16_st32_k6_s4.summary.json
no-copy,16,32,6,5,-1,-1,-1,-1,-1,-1,-1,-1,-1,False,-1,,-1,none,0.0,0.703570307502412,19798,,300000,none,0.0002,0.07585,none,0.00015,0.079,none,0.00035,0.075,False,no-copy_L16_st32_k6_s5.summary.json
no-copy,16,32,6,6,-1,-1,-1,-1,-1,-1,-1,-1,-1,False,-1,,-1,none,0.0,0.6790500836762972,19804,,300000,none,0.00015,0.07325,none,0.00045,0.0723,none,0.0001,0.072,False,no-copy_L16_st32_k6_s6.summary.json
no-copy,16,32,6,7,-1,-1,-1,-1,-1,-1,-1,-1,-1,False,-1,,-1,none,0.0,0.6876579375729133,19814,,300000,none,0.0002,0.0721,none,0.0004,0.07365,none,0.00025,0.07205,False,no-copy_L16_st32_k6_s7.summary.json
no-copy,16,32,6,8,-1,-1,-1,-1,-1,-1,-1,-1,-1,False,-1,,-1,none,0.0,0.6836618789364373,19831,,300000,none,0.00015,0.07565,none,0.00025,0.07335,none,0.00045,0.07355,False,no-copy_L16_st32_k6_s8.summary.json
no-copy,16,32,6,9,-1,-1,-1,-1,-1,-1,-1,-1,-1,False,-1,,-1,none,0.0,0.6920198258920855,19825,,300000,none,0.00025,0.0739,none,0.00025,0.07625,none,0.0001,0.07615,False,no-copy_L16_st32_k6_s9.summary.json
no-copy,16,512,2,1,-1,-1,-1,-1,-1,-1,-1,-1,-1,False,-1,,-1,none,0.0,0.5639727545287858,19813,,300000,none,0.00075,0.0604,none,0.00065,0.06175,none,0.00045,0.06395,False,no-copy_L16_st512_k2_s1.summary.json
no-copy,16,512,2,10,-1,-1,-1,-1,-1,-1,-1,-1,-1,False,-1,,-1,none,0.0,0.5864986612544785,19801,,300000,none,0.00015,0.06045,none,0.0003,0.0615,none,0.00045,0.0649,False,no-copy_L16_st512_k2_s10.summary.json
no-copy,16,512,2,2,-1,-1,-1,-1,-1,-1,-1,-1,-1,False,-1,,-1,none,0.0,0.557620066489231,19830,,300000,none,0.00045,0.06055,none,0.0002,0.05835,none,0.0001,0.06035,False,no-copy_L16_st512_k2_s2.summary.json
no-copy,16,512,2,3,-1,-1,-1,-1,-1,-1,-1,-1,-1,False,-1,,-1,none,0.0,0.5523793157343313,19836,,300000,none,0.00075,0.06445,none,0.0002,0.0638,none,0.00025,0.0641,False,no-copy_L16_st512_k2_s3.summary.json
no-copy,16,512,2,4,-1,-1,-1,-1,-1,-1,-1,-1,-1,False,-1,,-1,none,0.0,0.5711575260860959,19835,,300000,none,0.00035,0.06415,none,0.00035,0.0622,none,0.0002,0.06355,False,no-copy_L16_st512_k2_s4.summary.json
no-copy,16,512,2,5,-1,-1,-1,-1,-1,-1,-1,-1,-1,False,-1,,-1,none,0.0,0.5552865437262016,19821,,300000,none,0.0007,0.0634,none,0.00045,0.065,none,0.0001,0.0641,False,no-copy_L16_st512_k2_s5.summary.json
no-copy,16,512,2,6,-1,-1,-1,-1,-1,-1,-1,-1,-1,False,-1,,-1,none,0.0,0.5573571428918651,19822,,300000,none,0.00055,0.0616,none,0.00035,0.0629,none,0.00055,0.06265,False,no-copy_L16_st512_k2_s6.summary.json
no-copy,16,512,2,7,-1,-1,-1,-1,-1,-1,-1,-1,-1,False,-1,,-1,none,0.0,0.5631042772680459,19849,,300000,none,0.00025,0.0624,none,0.0004,0.0606,none,0.00025,0.06105,False,no-copy_L16_st512_k2_s7.summary.json
no-copy,16,512,2,8,-1,-1,-1,-1,-1,-1,-1,-1,-1,False,-1,,-1,none,0.0,0.5453619712425644,19815,,300000,none,0.0002,0.06415,none,0.0003,0.0627,none,0.0003,0.06235,False,no-copy_L16_st512_k2_s8.summary.json
no-copy,16,512,2,9,-1,-1,-1,-1,-1,-1,-1,-1,-1,False,-1,,-1,none,0.0,0.5448604952280851,19827,,300000,none,0.0004,0.0649,none,0.00045,0.06235,none,0.00055,0.0645,False,no-copy_L16_st512_k2_s9.summary.json
no-copy,16,512,4,1,-1,-1,-1,-1,-1,-1,-1,-1,-1,False,-1,,-1,none,0.0,0.6013855003664332,19802,,300000,none,0.0004,0.07295,none,0.0006,0.0733,none,0.00035,0.0675,False,no-copy_L16_st512_k4_s1.summary.json
no-copy,16,512,4,10,-1,-1,-1,-1,-1,-1,-1,-1,-1,False,-1,,-1,none,0.0,0.6033219880407596,19788,,300000,none,0.00055,0.0713,none,0.00055,0.0726,none,0.00035,0.06925,False,no-copy_L16_st512_k4_s10.summary.json
no-copy,16,512,4,2,-1,-1,-1,-1,-1,-1,-1,-1,-1,False,-1,,-1,none,0.0,0.6123135450162298,19794,,300000,none,0.00015,0.07075,none,0.00055,0.0663,none,0.00015,0.07055,False,no-copy_L16_st512_k4_s2.summary.json
no-copy,16,512,4,3,-1,-1,-1,-1,-1,-1,-1,-1,-1,False,-1,,-1,none,0.0,0.6003767679043115,19754,,300000,none,0.00055,0.069,none,0.0003,0.071,none,0.0003,0.07045,False,no-copy_L16_st512_k4_s3.summary.json
no-copy,16,512,4,4,-1,-1,-1,-1,-1,-1,-1,-1,-1,False,-1,,-1,none,0.0,0.6106541758200592,19779,,300000,none,0.0003,0.07365,none,0.0003,0.0692,none,0.00025,0.07345,False,no-copy_L16_st512_k4_s4.summary.json
no-copy,16,512,4,5,-1,-1,-1,-1,-1,-1,-1,-1,-1,False,-1,,-1,none,0.0,0.6147058422077949,19744,,300000,none,0.00045,0.06985,none,0.0006,0.07085,none,0.0002,0.07215,False,no-copy_L16_st512_k4_s5.summary.json
no-copy,16,512,4,6,-1,-1,-1,-1,-1,-1,-1,-1,-1,False,-1,,-1,none,0.0,0.6235846065729449,19774,,300000,none,0.00025,0.07155,none,0.00055,0.07105,none,0.00035,0.07265,False,no-copy_L16_st512_k4_s6.summary.json
no-copy,16,512,4,7,-1,-1,-1,-1,-1,-1,-1,-1,-1,False,-1,,-1,none,0.0,0.6045573084758091,19809,,300000,none,0.00045,0.0715,none,0.00035,0.0644,none,0.0006,0.0647,False,no-copy_L16_st512_k4_s7.summary.json
no-copy,16,512,4,8,-1,-1,-1,-1,-1,-1,-1,-1,-1,False,-1,,-1,none,0.0,0.6106019250484627,19778,,300000,none,0.0005,0.07235,none,0.00035,0.0694,none,0.0003,0.07115,False,no-copy_L16_st512_k4_s8.summary.json
no-copy,16,512,4,9,-1,-1,-1,-1,-1,-1,-1,-1,-1,False,-1,,-1,none,0.0,0.6092282705042198,19806,,300000,none,0.00035,0.06635,none,0.0004,0.07035,none,0.00035,0.0662,False,no-copy_L16_st512_k4_s9.summary.json
no-copy,16,512,6,1,-1,-1,-1,-1,-1,-1,-1,-1,-1,False,-1,,-1,none,0.0,0.6320039294202298,19728,,300000,none,0.00025,0.0714,none,0.00015,0.0778,none,0.00015,0.07105,False,no-copy_L16_st512_k6_s1.summary.json
no-copy,16,512,6,10,-1,-1,-1,-1,-1,-1,-1,-1,-1,False,-1,,-1,none,0.0,0.6285535565901847,19763,,300000,none,0.00055,0.0696,none,0.00035,0.07285,none,0.0004,0.07245,False,no-copy_L16_st512_k6_s10.summary.json
no-copy,16,512,6,2,-1,-1,-1,-1,-1,-1,-1,-1,-1,False,-1,,-1,none,0.0,0.6470196388593079,19756,,300000,none,0.00035,0.0714,none,0.00025,0.0702,none,0.00035,0.0733,False,no-copy_L16_st512_k6_s2.summary.json
no-copy,16,512,6,3,-1,-1,-1,-1,-1,-1,-1,-1,-1,False,-1,,-1,none,0.0,0.6159292693958065,19782,,300000,none,0.0005,0.07485,none,0.0001,0.0703,none,0.00035,0.07645,False,no-copy_L16_st512_k6_s3.summary.json
no-copy,16,512,6,4,-1,-1,-1,-1,-1,-1,-1,-1,-1,False,-1,,-1,none,0.0,0.6062051865414935,19731,,300000,none,0.00055,0.07075,none,0.00015,0.07475,none,0.00025,0.07355,False,no-copy_L16_st512_k6_s4.summary.json
no-copy,16,512,6,5,-1,-1,-1,-1,-1,-1,-1,-1,-1,False,-1,,-1,none,0.0,0.6376373056105198,19765,,300000,none,0.0003,0.0733,none,0.00035,0.0721,none,0.0006,0.07565,False,no-copy_L16_st512_k6_s5.summary.json
no-copy,16,512,6,6,-1,-1,-1,-1,-1,-1,-1,-1,-1,False,-1,,-1,none,0.0,0.6390723527626259,19735,,300000,none,0.00025,0.07145,none,0.0005,0.0758,none,0.00055,0.0772,False,no-copy_L16_st512_k6_s6.summary.json
no-copy,16,512,6,7,-1,-1,-1,-1,-1,-1,-1,-1,-1,False,-1,,-1,none,0.0,0.6216905965218853,19779,,300000,none,0.00035,0.0699,none,0.00035,0.0696,none,0.0005,0.07215,False,no-copy_L16_st512_k6_s7.summary.json
no-copy,16,512,6,8,-1,-1,-1,-1,-1,-1,-1,-1,-1,False,-1,,-1,none,0.0,0.6131265425709866,19749,,300000,none,0.0004,0.0697,none,0.00035,0.07305,none,0.00045,0.0727,False,no-copy_L16_st512_k6_s8.summary.json
no-copy,16,512,6,9,-1,-1,-1,-1,-1,-1,-1,-1,-1,False,-1,,-1,none,0.0,0.649733371008991,19774,,300000,none,0.0004,0.07225,none,0.0002,0.0672,none,0.0002,0.07355,False,no-copy_L16_st512_k6_s9.summary.json
none,16,128,2,1,-1,-1,13500,-1,-1,-1,12500,-1,-1,True,287500,,-1,ldir,0.817,4.024612628443591,12133,,300000,none,0.0001,0.21845,ldir,0.805,0.02255,ldir,0.81695,0.0228,False,none_L16_st128_k2_s1.summary.json
none,16,128,2,10,17500,121000,295000,-1,-1,-1,294000,-1,-1,True,6000,0.8426810395431987,276500,ldir,0.765,4.106096718940689,12839,,300000,none,0.0002,0.21465,none,0.0,0.203,ldir,0.765,0.0304,False,none_L16_st128_k2_s10.summary.json
none,16,128,2,2,42500,247500,-1,-1,-1,-1,-1,-1,-1,False,-1,0.2816165548327614,257500,ex_sp,0.847,1.8127884558029068,13305,,300000,none,5e-05,0.22705,none,0.0001,0.19975,ex_sp,0.0,0.05265,False,none_L16_st128_k2_s2.summary.json
none,16,128,2,3,-1,-1,6000,-1,-1,-1,5500,-1,-1,True,294500,,-1,ldir,0.795,4.005685277781452,12490,,300000,none,0.0834,0.1864,ldir,0.7959,0.0216,ldir,0.79495,0.02435,False,none_L16_st128_k2_s3.summary.json
none,16,128,2,4,9500,-1,19000,-1,-1,-1,17500,-1,-1,True,282500,0.27244788198535064,8000,ldir,0.81,4.035974047067334,12117,,300000,none,0.00015,0.2235,ldir,0.80675,0.0225,ldir,0.8101,0.0226,False,none_L16_st128_k2_s4.summary.json
none,16,128,2,5,-1,-1,9500,-1,-1,-1,8500,56000,47500,False,-1,,-1,ldir,0.899,4.022647510947576,10654,,300000,none,0.0001,0.19995,ldir,0.88745,0.0164,ldir,0.89855,0.0142,False,none_L16_st128_k2_s5.summary.json
none,16,128,2,6,16000,-1,74500,-1,-1,-1,73500,-1,-1,True,226500,0.2778261537673513,57500,ldir,0.804,4.029139456864375,12223,,300000,none,5e-05,0.2256,none,5e-05,0.20405,ldir,0.8038,0.0211,False,none_L16_st128_k2_s6.summary.json
none,16,128,2,7,9500,-1,123500,-1,-1,-1,122500,-1,-1,True,3500,0.27920913793986585,113000,ldir,0.854,2.068313450723659,8281,,126000,none,0.0001,0.2212,none,0.00015,0.2046,,,,True,none_L16_st128_k2_s7.summary.json
none,16,128,2,8,21500,-1,95500,-1,-1,-1,94500,-1,-1,True,205500,0.2776212672232751,73000,ldir,0.806,4.4071283897086015,13323,,300000,none,5e-05,0.2431,none,0.00015,0.2106,ldir,0.80635,0.01925,False,none_L16_st128_k2_s8.summary.json
none,16,128,2,9,18500,-1,24000,-1,-1,-1,22500,-1,-1,True,277500,0.27393330942990324,4000,ldir,0.809,4.0098871821203765,12104,,300000,none,5e-05,0.2028,ldir,0.81095,0.0209,ldir,0.8093,0.02395,False,none_L16_st128_k2_s9.summary.json
none,16,128,4,1,-1,-1,1500,2000,-1,-1,1000,2500,1500,False,-1,,-1,ldir,0.951,5.067626507074609,10332,,300000,ldir,0.921,0.00815,ldir,0.94635,0.00335,ldir,0.95065,0.0035,False,none_L16_st128_k4_s1.summary.json
none,16,128,4,10,9000,44500,-1,-1,-1,-1,-1,-1,-1,False,-1,0.25672283972750093,38500,ex_sp,0.99,2.4483946160781542,3369,,47500,none,0.0,0.13405,,,,,,,True,none_L16_st128_k4_s10.summary.json
none,16,128,4,2,11500,24000,-1,-1,-1,-1,-1,-1,-1,False,-1,0.2850996260820571,15000,ex_sp,0.988,2.4260508530399845,3420,,26500,none,0.0,0.13795,,,,,,,True,none_L16_st128_k4_s2.summary.json
none,16,128,4,3,8500,29000,-1,-1,-1,-1,-1,-1,-1,False,-1,0.2621523331455207,23000,ex_sp,0.986,2.431799937702173,3229,,31500,none,0.0001,0.1388,,,,,,,True,none_L16_st128_k4_s3.summary.json
none,16,128,4,4,10000,-1,49000,-1,-1,-1,48500,52000,3500,False,-1,0.2575423859038058,38500,ldir,0.959,5.023477758,5185,,300000,none,5e-05,0.15285,ldir,0.6655,0.0495,ldir,0.95945,0.00515,False,none_L16_st128_k4_s4.summary.json
none,16,128,4,5,-1,7000,-1,-1,-1,-1,-1,-1,-1,False,-1,0.9806286354661402,2500,ex_sp,0.987,2.509016127641786,3851,,9500,none,0.0,0.1224,,,,,,,True,none_L16_st128_k4_s5.summary.json
none,16,128,4,6,11500,33500,-1,-1,-1,-1,-1,-1,-1,False,-1,0.26051324079291094,24500,ex_sp,0.987,2.3870051568896904,3875,,36000,none,0.00015,0.1306,,,,,,,True,none_L16_st128_k4_s6.summary.json
none,16,128,4,7,-1,6500,-1,-1,-1,-1,-1,-1,-1,False,-1,0.9851112652756284,2500,ex_sp,0.988,2.496963668261606,3821,,9000,none,0.0,0.1157,,,,,,,True,none_L16_st128_k4_s7.summary.json
none,16,128,4,8,6000,26500,-1,-1,-1,-1,-1,-1,-1,False,-1,0.2654817394867592,25000,ex_sp,0.991,2.4111514188777017,3144,,31000,none,5e-05,0.1282,,,,,,,True,none_L16_st128_k4_s8.summary.json
none,16,128,4,9,7500,19500,-1,-1,-1,-1,-1,-1,-1,False,-1,0.27029657327255036,16500,ex_sp,0.99,2.5044598131010702,3193,,24000,none,0.0,0.14395,,,,,,,True,none_L16_st128_k4_s9.summary.json
none,16,128,6,1,-1,-1,1000,1500,-1,-1,1000,2000,1000,False,-1,,-1,ldir,0.983,5.496002342427667,6328,,300000,ldir,0.9792,0.0023,ldir,0.98215,0.00105,ldir,0.9833,0.0009,False,none_L16_st128_k6_s1.summary.json
none,16,128,6,10,17500,19500,-1,-1,-1,-1,-1,-1,-1,False,-1,0.5951224718501522,5000,ex_sp,0.807,2.7664425854048624,1137,,22500,none,5e-05,0.12465,,,,,,,True,none_L16_st128_k6_s10.summary.json
none,16,128,6,2,3500,-1,-1,-1,-1,-1,-1,-1,-1,False,-1,0.3641346104594581,131500,push,0.783,1.9659388861285891,2331,,135000,push,0.0,0.1135,push,5e-05,0.10375,,,,True,none_L16_st128_k6_s2.summary.json
none,16,128,6,3,27000,29000,-1,-1,-1,-1,-1,-1,-1,False,-1,0.7650354874859919,4000,ex_sp,0.982,2.3515680531792005,1315,,31000,none,0.0,0.123,,,,,,,True,none_L16_st128_k6_s3.summary.json
none,16,128,6,4,-1,12000,-1,-1,-1,-1,-1,-1,-1,False,-1,0.9965312983617055,2500,ex_sp,0.997,2.301269582336949,1117,,14500,none,0.0,0.1365,,,,,,,True,none_L16_st128_k6_s4.summary.json
none,16,128,6,5,25000,-1,-1,-1,-1,-1,-1,-1,-1,False,-1,0.34984377401014194,72000,push,0.684,2.021978298730472,3661,,97000,none,0.0001,0.37385,push,0.0,0.10125,,,,True,none_L16_st128_k6_s5.summary.json
none,16,128,6,6,16000,-1,66500,-1,-1,-1,66500,68000,1500,False,-1,0.33831890590585467,50500,ldir,0.977,3.791398988371454,1412,,82000,none,0.0,0.3731,push,0.0,0.18305,,,,True,none_L16_st128_k6_s6.summary.json
none,16,128,6,7,15000,-1,21000,-1,-1,-1,21000,22000,1000,False,-1,0.293448752753163,6000,ldir,0.991,6.110172031060092,2392,,300000,none,5e-05,0.1253,ldir,0.97955,0.00315,ldir,0.9912,0.00065,False,none_L16_st128_k6_s7.summary.json
none,16,128,6,8,39500,-1,-1,-1,-1,-1,-1,-1,-1,False,-1,0.350868206730523,203000,push,0.699,2.0132717883979425,3289,,242500,none,0.0,0.13605,push,0.0,0.10605,,,,True,none_L16_st128_k6_s8.summary.json
none,16,128,6,9,8500,-1,-1,-1,-1,-1,-1,-1,-1,False,-1,0.37145930441018293,51000,push,0.71,1.9860327394197128,3114,,59500,none,0.0,0.1085,push,0.0,0.1341,,,,True,none_L16_st128_k6_s9.summary.json
none,16,32,2,1,-1,-1,16000,-1,-1,-1,15500,-1,-1,True,284500,,-1,ldir,0.829,4.042336075064384,12824,,300000,none,0.0003,0.1514,ldir,0.8207,0.00815,ldir,0.82875,0.0073,False,none_L16_st32_k2_s1.summary.json
none,16,32,2,10,-1,-1,120500,-1,-1,-1,119500,-1,-1,True,180500,,-1,ldir,0.833,4.047642418620912,12714,,300000,none,0.00015,0.15435,none,0.00015,0.152,ldir,0.83355,0.0077,False,none_L16_st32_k2_s10.summary.json
none,16,32,2,2,-1,-1,80500,-1,-1,-1,80000,-1,-1,True,220000,,-1,ldir,0.85,4.266146248199455,13279,,300000,none,0.0001,0.1524,none,0.0001,0.1512,ldir,0.85045,0.0065,False,none_L16_st32_k2_s2.summary.json
none,16,32,2,3,-1,-1,43500,-1,-1,-1,43000,-1,-1,True,257000,,-1,ldir,0.846,4.0498799947597135,12557,,300000,none,0.0004,0.159,ldir,0.82635,0.00805,ldir,0.84645,0.0065,False,none_L16_st32_k2_s3.summary.json
none,16,32,2,4,-1,-1,68000,-1,-1,-1,67500,-1,-1,True,232500,,-1,ldir,0.849,4.106984156211561,12401,,300000,none,0.00045,0.1519,none,0.00015,0.15545,ldir,0.84935,0.00805,False,none_L16_st32_k2_s4.summary.json
none,16,32,2,5,-1,-1,130000,-1,-1,-1,129500,-1,-1,True,170500,,-1,ldir,0.829,4.031861329467778,12737,,300000,none,0.00015,0.15545,none,0.00015,0.1561,ldir,0.8294,0.01085,False,none_L16_st32_k2_s5.summary.json
none,16,32,2,6,-1,-1,168000,-1,-1,-1,167500,-1,-1,True,132500,,-1,ldir,0.845,4.072148566325633,12484,,300000,none,0.0001,0.1568,none,0.00015,0.15495,ldir,0.8453,0.00745,False,none_L16_st32_k2_s6.summary.json
none,16,32,2,7,-1,-1,11500,-1,-1,-1,11000,-1,-1,True,289000,,-1,ldir,0.848,4.224622774777426,13196,,300000,none,0.0003,0.15185,ldir,0.83625,0.0086,ldir,0.84805,0.0089,False,none_L16_st32_k2_s7.summary.json
none,16,32,2,8,-1,-1,32000,-1,-1,-1,31500,-1,-1,True,268500,,-1,ldir,0.835,4.115443518520506,12704,,300000,none,5e-05,0.1578,ldir,0.8419,0.00705,ldir,0.83525,0.0064,False,none_L16_st32_k2_s8.summary.json
none,16,32,2,9,-1,-1,92500,-1,-1,-1,92000,-1,-1,True,208000,,-1,ldir,0.853,4.091078530999921,12306,,300000,none,0.00025,0.1505,none,0.00015,0.1498,ldir,0.85345,0.00835,False,none_L16_st32_k2_s9.summary.json
none,16,32,4,1,-1,-1,14000,-1,-1,-1,13500,16500,3000,False,-1,,-1,ldir,0.96,5.2233066840753715,5905,,300000,none,5e-05,0.2644,ldir,0.9384,0.0022,ldir,0.95965,0.00215,False,none_L16_st32_k4_s1.summary.json
none,16,32,4,10,23000,-1,111000,-1,-1,-1,110500,112000,1500,False,-1,0.38508425959125137,87500,ldir,0.955,5.205610602029771,5751,,300000,none,5e-05,0.25875,push,5e-05,0.26095,ldir,0.9555,0.00185,False,none_L16_st32_k4_s10.summary.json
none,16,32,4,2,9500,-1,44000,-1,-1,-1,43500,45500,2000,False,-1,0.37955232290119345,34000,ldir,0.958,5.223948759625633,5973,,300000,none,5e-05,0.2481,ldir,0.94685,0.00215,ldir,0.9578,0.0023,False,none_L16_st32_k4_s2.summary.json
none,16,32,4,3,-1,-1,5500,-1,-1,-1,5000,7000,2000,False,-1,,-1,ldir,0.96,5.213973364966453,5769,,300000,none,0.16385,0.0493,ldir,0.9614,0.0014,ldir,0.96,0.0017,False,none_L16_st32_k4_s3.summary.json
none,16,32,4,4,-1,-1,14000,-1,-1,-1,13500,15000,1500,False,-1,,-1,ldir,0.959,5.224752678937928,6034,,300000,none,0.00015,0.26335,ldir,0.95525,0.0017,ldir,0.95875,0.002,False,none_L16_st32_k4_s4.summary.json
none,16,32,4,5,12500,-1,74500,-1,-1,-1,74000,76500,2500,False,-1,0.39389438098652874,61500,ldir,0.955,5.224245437623635,5880,,300000,none,0.00015,0.2623,push,5e-05,0.2408,ldir,0.95455,0.0016,False,none_L16_st32_k4_s5.summary.json
none,16,32,4,6,37500,-1,125500,-1,-1,-1,125000,126000,1000,False,-1,0.4071095630794448,87500,ldir,0.958,5.286220575829222,5839,,300000,none,0.00015,0.2549,push,0.0,0.25445,ldir,0.9582,0.00155,False,none_L16_st32_k4_s6.summary.json
none,16,32,4,7,4000,-1,69000,-1,-1,-1,68500,70500,2000,False,-1,0.42278338370127544,64500,ldir,0.962,5.1866117177002495,5723,,300000,push,5e-05,0.17795,push,0.0,0.25015,ldir,0.9621,0.00095,False,none_L16_st32_k4_s7.summary.json
none,16,32,4,8,21000,-1,26000,-1,-1,-1,25500,27500,2000,False,-1,0.3253086103570148,4500,ldir,0.96,5.185440130290268,5583,,300000,none,0.00015,0.2583,ldir,0.95135,0.0033,ldir,0.96035,0.0015,False,none_L16_st32_k4_s8.summary.json
none,16,32,4,9,8000,-1,82500,-1,-1,-1,82000,83500,1500,False,-1,0.38344516723864164,74000,ldir,0.958,5.345405122694852,6054,,300000,none,0.0001,0.2458,push,0.0002,0.26755,ldir,0.9578,0.0027,False,none_L16_st32_k4_s9.summary.json
none,16,32,6,1,-1,-1,12000,-1,-1,-1,11500,13500,2000,False,-1,,-1,ldir,0.985,4.986965770903618,1627,,300000,none,0.0003,0.33395,ldir,0.9846,0.00035,ldir,0.98505,0.00055,False,none_L16_st32_k6_s1.summary.json
none,16,32,6,10,42000,-1,-1,-1,-1,-1,-1,-1,-1,False,-1,0.6149669620447676,258000,push,0.623,1.0329299739956541,14807,,300000,none,0.0001,0.32335,push,0.0,0.1212,push,0.0,0.1655,False,none_L16_st32_k6_s10.summary.json
none,16,32,6,2,12000,-1,-1,-1,-1,-1,-1,-1,-1,False,-1,0.6208062285509399,288000,push,0.565,1.0582750925992506,15840,,300000,none,5e-05,0.33115,push,5e-05,0.1084,push,0.0,0.16865,False,none_L16_st32_k6_s2.summary.json
none,16,32,6,3,66000,-1,-1,-1,-1,-1,-1,-1,-1,False,-1,0.5749628643138861,234000,push,0.544,0.8560841475260008,15286,,300000,none,0.0003,0.3219,none,0.0,0.32865,push,0.0,0.23615,False,none_L16_st32_k6_s3.summary.json
none,16,32,6,4,9500,-1,284000,-1,-1,-1,283500,285000,1500,False,-1,0.5765507350304768,274000,ldir,0.989,5.510527476452849,2360,,300000,none,0.0,0.31375,push,0.0,0.2095,ldir,0.98945,0.0003,False,none_L16_st32_k6_s4.summary.json
none,16,32,6,5,16000,-1,-1,-1,-1,-1,-1,-1,-1,False,-1,0.6073349382779286,284000,push,0.623,0.9837352703069233,14629,,300000,none,0.0001,0.329,push,0.0,0.2083,push,0.0,0.1666,False,none_L16_st32_k6_s5.summary.json
none,16,32,6,6,11000,-1,-1,-1,-1,-1,-1,-1,-1,False,-1,0.6169646058495108,289000,push,0.593,1.0373096095172354,15474,,300000,none,5e-05,0.3189,push,5e-05,0.1569,push,0.0,0.1859,False,none_L16_st32_k6_s6.summary.json
none,16,32,6,7,11500,-1,-1,-1,-1,-1,-1,-1,-1,False,-1,0.6145571889566153,288500,push,0.656,1.0221116283944855,13935,,300000,none,0.0,0.32795,push,0.0,0.1571,push,0.0,0.15605,False,none_L16_st32_k6_s7.summary.json
none,16,32,6,8,-1,-1,56000,-1,-1,-1,55500,57000,1500,False,-1,,-1,ldir,0.989,5.679015938962316,2342,,300000,none,5e-05,0.3137,none,0.00015,0.30975,ldir,0.9888,0.00035,False,none_L16_st32_k6_s8.summary.json
none,16,32,6,9,10000,-1,-1,-1,-1,-1,-1,-1,-1,False,-1,0.6082569277262716,290000,push,0.597,1.0242195579286708,15026,,300000,none,0.00015,0.3231,push,0.0,0.1836,push,0.0,0.17385,False,none_L16_st32_k6_s9.summary.json
none,16,512,2,1,2000,-1,-1,-1,-1,-1,-1,-1,-1,False,-1,0.4329252676330482,298000,push,0.438,2.0131070521540124,11854,,300000,push,0.0,0.1306,push,0.0001,0.13065,push,0.0,0.1344,False,none_L16_st512_k2_s1.summary.json
none,16,512,2,10,1500,-1,-1,-1,-1,-1,-1,-1,-1,False,-1,0.4335399272652769,298500,push,0.427,2.014091577509334,12073,,300000,push,0.0,0.13215,push,0.0,0.12635,push,0.00015,0.13245,False,none_L16_st512_k2_s10.summary.json
none,16,512,2,2,1500,-1,-1,-1,-1,-1,-1,-1,-1,False,-1,0.4310300671003432,298500,push,0.423,2.006470361155386,12016,,300000,push,5e-05,0.1317,push,0.0001,0.13135,push,5e-05,0.1266,False,none_L16_st512_k2_s2.summary.json
none,16,512,2,3,1000,-1,-1,-1,-1,-1,-1,-1,-1,False,-1,0.4311837320084004,299000,push,0.429,2.0182266599080796,12088,,300000,push,0.0,0.12565,push,5e-05,0.12815,push,0.0,0.13025,False,none_L16_st512_k2_s3.summary.json
none,16,512,2,4,3000,-1,-1,-1,-1,-1,-1,-1,-1,False,-1,0.4320544998207243,297000,push,0.421,1.985898467734406,12189,,300000,push,0.0,0.1259,push,0.00015,0.1245,push,5e-05,0.133,False,none_L16_st512_k2_s4.summary.json
none,16,512,2,5,1500,-1,-1,-1,-1,-1,-1,-1,-1,False,-1,0.4335399272652769,298500,push,0.441,2.0376998760843734,11818,,300000,push,0.0001,0.12415,push,0.0001,0.131,push,0.0,0.1315,False,none_L16_st512_k2_s5.summary.json
none,16,512,2,6,1500,-1,-1,-1,-1,-1,-1,-1,-1,False,-1,0.4323106080008196,298500,push,0.412,1.9848644840612706,12255,,300000,push,5e-05,0.12655,push,0.0,0.12955,push,0.0,0.1301,False,none_L16_st512_k2_s6.summary.json
none,16,512,2,7,2000,-1,271500,-1,-1,-1,271000,-1,-1,True,29000,0.4335399272652769,269000,ldir,0.8,4.065148618857501,12078,,300000,push,5e-05,0.12845,push,5e-05,0.12695,ldir,0.79995,0.027,False,none_L16_st512_k2_s7.summary.json
none,16,512,2,8,2000,-1,-1,-1,-1,-1,-1,-1,-1,False,-1,0.4337448138093531,298000,push,0.434,2.064686198604177,11943,,300000,push,0.0,0.13335,push,5e-05,0.12875,push,0.0001,0.12965,False,none_L16_st512_k2_s8.summary.json
none,16,512,2,9,2000,-1,-1,-1,-1,-1,-1,-1,-1,False,-1,0.43323259744916254,298000,push,0.448,2.0127007771157874,11670,,300000,push,0.0,0.12265,push,0.0,0.13435,push,5e-05,0.1286,False,none_L16_st512_k2_s9.summary.json
none,16,512,4,1,-1,-1,1500,2000,-1,-1,1000,2500,1500,False,-1,,-1,ldir,0.944,5.065855122697681,10544,,300000,ldir,0.9207,0.01,ldir,0.9312,0.00535,ldir,0.94445,0.0044,False,none_L16_st512_k4_s1.summary.json
none,16,512,4,10,1000,52000,-1,-1,-1,-1,-1,-1,-1,False,-1,0.976146005656652,276000,ex_sp,0.983,1.7965493851882601,2496,,277000,push,5e-05,0.10005,push,0.0,0.0758,,,,True,none_L16_st512_k4_s10.summary.json
none,16,512,4,2,2500,14500,-1,-1,-1,-1,-1,-1,-1,False,-1,0.968408132771226,31000,ex_sp,0.98,2.3672106469414116,2990,,33500,push,0.0,0.0922,,,,,,,True,none_L16_st512_k4_s2.summary.json
none,16,512,4,3,1500,9500,-1,-1,-1,-1,-1,-1,-1,False,-1,0.976146005656652,129500,ex_sp,0.984,1.863680640419496,2501,,131000,push,0.0,0.08655,ex_sp,0.0,0.005,,,,True,none_L16_st512_k4_s3.summary.json
none,16,512,4,4,2000,5000,-1,-1,-1,-1,-1,-1,-1,False,-1,0.9772132984684349,60500,ex_sp,0.977,2.3971839547739746,3069,,62500,ex_sp,5e-05,0.0442,ex_sp,0.0,0.00535,,,,True,none_L16_st512_k4_s4.summary.json
none,16,512,4,5,1500,6000,-1,-1,-1,-1,-1,-1,-1,False,-1,0.9745984310795667,43500,ex_sp,0.978,2.46048161988303,3162,,45000,push,0.0,0.0716,,,,,,,True,none_L16_st512_k4_s5.summary.json
none,16,512,4,6,3500,18000,-1,-1,-1,-1,-1,-1,-1,False,-1,0.9763594642190085,86500,ex_sp,0.978,2.457631174887512,3104,,90000,push,5e-05,0.08895,ex_sp,0.0,0.0053,,,,True,none_L16_st512_k4_s6.summary.json
none,16,512,4,7,2000,12000,-1,-1,-1,-1,-1,-1,-1,False,-1,0.4113609588690263,14500,ex_sp,0.972,2.156575308842408,4769,,16500,push,5e-05,0.1006,,,,,,,True,none_L16_st512_k4_s7.summary.json
none,16,512,4,8,2000,8000,-1,-1,-1,-1,-1,-1,-1,False,-1,0.9755589946101714,58000,ex_sp,0.977,2.3521290767700704,2969,,60000,push,0.0,0.0741,ex_sp,0.0,0.00765,,,,True,none_L16_st512_k4_s8.summary.json
none,16,512,4,9,2500,52000,-1,-1,-1,-1,-1,-1,-1,False,-1,0.5047892229677816,52500,ex_sp,0.966,2.3114048102119096,4239,,55000,push,0.0,0.0736,push,0.0,0.0687,,,,True,none_L16_st512_k4_s9.summary.json
none,16,512,6,1,-1,-1,1000,1500,-1,-1,1000,2000,1000,False,-1,,-1,ldir,0.984,5.612354544672415,6362,,300000,ldir,0.9795,0.00185,ldir,0.98195,0.00195,ldir,0.9843,0.00195,False,none_L16_st512_k6_s1.summary.json
none,16,512,6,10,4500,-1,-1,-1,-1,-1,-1,-1,-1,False,-1,0.5903805767556215,295500,push,0.569,1.999640933943443,6562,,300000,push,5e-05,0.06365,push,0.0,0.06775,push,0.0,0.06175,False,none_L16_st512_k6_s10.summary.json
none,16,512,6,2,1000,171000,-1,-1,-1,-1,-1,-1,-1,False,-1,0.5846437535214875,173000,ex_sp,0.899,2.569983294038357,1243,,174000,push,0.0,0.05805,push,0.0,0.07735,,,,True,none_L16_st512_k6_s2.summary.json
none,16,512,6,3,1000,40500,-1,-1,-1,-1,-1,-1,-1,False,-1,0.24504430671515648,41500,ex_sp,0.992,2.0738601213639623,1539,,42500,none,0.0,0.0881,,,,,,,True,none_L16_st512_k6_s3.summary.json
none,16,512,6,4,2500,-1,68500,-1,-1,-1,68000,69500,1500,False,-1,0.5383393945602623,65500,ldir,0.989,6.19244551169985,2479,,300000,none,0.0001,0.0941,push,0.0,0.06355,ldir,0.9886,0.00125,False,none_L16_st512_k6_s4.summary.json
none,16,512,6,5,1000,-1,-1,-1,-1,-1,-1,-1,-1,False,-1,0.5848998617015827,299000,push,0.582,2.0950818282739494,5991,,300000,none,5e-05,0.1142,push,0.0,0.0722,push,0.0,0.0647,False,none_L16_st512_k6_s5.summary.json
none,16,512,6,6,1000,-1,-1,-1,-1,-1,-1,-1,-1,False,-1,0.5885878194949546,299000,push,0.619,2.02198503586989,6421,,300000,none,0.0001,0.0966,push,0.0,0.0708,push,0.0,0.063,False,none_L16_st512_k6_s6.summary.json
none,16,512,6,7,2000,-1,-1,-1,-1,-1,-1,-1,-1,False,-1,0.5878194949546689,298000,push,0.603,2.0769722065296268,5867,,300000,none,0.0,0.0966,push,0.0,0.07425,push,5e-05,0.06085,False,none_L16_st512_k6_s7.summary.json
none,16,512,6,8,1500,13000,-1,-1,-1,-1,-1,-1,-1,False,-1,0.25928392152845364,14000,ex_sp,0.921,2.433231971123783,1971,,15500,none,0.0,0.10295,,,,,,,True,none_L16_st512_k6_s8.summary.json
none,16,512,6,9,500,-1,-1,-1,-1,-1,-1,-1,-1,False,-1,0.5869487271423449,299500,push,0.622,2.062759146209882,5793,,300000,none,5e-05,0.0902,push,0.0,0.0599,push,0.0,0.05645,False,none_L16_st512_k6_s9.summary.json
rmw-only,16,128,2,1,-1,-1,-1,-1,-1,-1,-1,-1,-1,False,-1,,-1,none,0.001,-0.0016078091696991592,20000,,300000,none,0.00095,0.0,none,0.0009,0.0,none,0.0012,0.0,False,rmw-only_L16_st128_k2_s1.summary.json
rmw-only,16,128,2,10,-1,-1,-1,-1,-1,-1,-1,-1,-1,False,-1,,-1,none,0.001,-0.0017058135590755086,20000,,300000,none,0.00085,0.0,none,0.00075,0.0,none,0.0016,0.0,False,rmw-only_L16_st128_k2_s10.summary.json
rmw-only,16,128,2,2,-1,-1,-1,-1,-1,-1,-1,-1,-1,False,-1,,-1,none,0.0,-0.00174542100071573,20000,,300000,none,0.0009,0.0,none,0.0009,0.0,none,0.00065,0.0,False,rmw-only_L16_st128_k2_s2.summary.json
rmw-only,16,128,2,3,-1,-1,-1,-1,-1,-1,-1,-1,-1,False,-1,,-1,none,0.003,-0.0018116183553313903,20000,,300000,none,0.00105,0.0,none,0.00085,0.0,none,0.00095,0.0,False,rmw-only_L16_st128_k2_s3.summary.json
rmw-only,16,128,2,4,-1,-1,-1,-1,-1,-1,-1,-1,-1,False,-1,,-1,none,0.001,-0.0016880913466801317,20000,,300000,none,0.00115,0.0,none,0.0007,0.0,none,0.0009,0.0,False,rmw-only_L16_st128_k2_s4.summary.json
rmw-only,16,128,2,5,-1,-1,-1,-1,-1,-1,-1,-1,-1,False,-1,,-1,none,0.0,-0.0016772163847056376,20000,,300000,none,0.00125,0.0,none,0.00095,0.0,none,0.0007,0.0,False,rmw-only_L16_st128_k2_s5.summary.json
rmw-only,16,128,2,6,-1,-1,-1,-1,-1,-1,-1,-1,-1,False,-1,,-1,none,0.001,-0.0016186803259810034,20000,,300000,none,0.001,0.0,none,0.00085,0.0,none,0.00115,0.0,False,rmw-only_L16_st128_k2_s6.summary.json
rmw-only,16,128,2,7,-1,-1,-1,-1,-1,-1,-1,-1,-1,False,-1,,-1,none,0.003,-0.0017925411907349087,20000,,300000,none,0.0008,0.0,none,0.00095,0.0,none,0.0008,0.0,False,rmw-only_L16_st128_k2_s7.summary.json
rmw-only,16,128,2,8,-1,-1,-1,-1,-1,-1,-1,-1,-1,False,-1,,-1,none,0.001,-0.0015949999391127179,20000,,300000,none,0.0009,0.0,none,0.00075,0.0,none,0.00065,0.0,False,rmw-only_L16_st128_k2_s8.summary.json
rmw-only,16,128,2,9,-1,-1,-1,-1,-1,-1,-1,-1,-1,False,-1,,-1,none,0.002,-0.001644838896083911,20000,,300000,none,0.00065,0.0,none,0.0007,0.0,none,0.001,0.0,False,rmw-only_L16_st128_k2_s9.summary.json
rmw-only,16,128,4,1,-1,-1,-1,-1,-1,-1,-1,-1,-1,False,-1,,-1,none,0.001,-0.004321964231455588,20000,,300000,none,0.00085,0.0,none,0.00085,0.0,none,0.0005,0.0,False,rmw-only_L16_st128_k4_s1.summary.json
rmw-only,16,128,4,10,-1,-1,-1,-1,-1,-1,-1,-1,-1,False,-1,,-1,none,0.002,-0.004298166584811192,20000,,300000,none,0.0009,0.0,none,0.00095,0.0,none,0.00085,0.0,False,rmw-only_L16_st128_k4_s10.summary.json
rmw-only,16,128,4,2,-1,-1,-1,-1,-1,-1,-1,-1,-1,False,-1,,-1,none,0.001,-0.004182742822395724,20000,,300000,none,0.00095,0.0,none,0.0008,0.0,none,0.00105,0.0,False,rmw-only_L16_st128_k4_s2.summary.json
rmw-only,16,128,4,3,-1,-1,-1,-1,-1,-1,-1,-1,-1,False,-1,,-1,none,0.002,-0.004257396361627919,20000,,300000,none,0.00065,0.0,none,0.00135,0.0,none,0.00085,0.0,False,rmw-only_L16_st128_k4_s3.summary.json
rmw-only,16,128,4,4,-1,-1,-1,-1,-1,-1,-1,-1,-1,False,-1,,-1,none,0.002,-0.004143001210044517,20000,,300000,none,0.0012,0.0,none,0.0011,0.0,none,0.0007,0.0,False,rmw-only_L16_st128_k4_s4.summary.json
rmw-only,16,128,4,5,-1,-1,-1,-1,-1,-1,-1,-1,-1,False,-1,,-1,none,0.001,-0.004259565265302356,20000,,300000,none,0.0012,0.0,none,0.0009,0.0,none,0.00105,0.0,False,rmw-only_L16_st128_k4_s5.summary.json
rmw-only,16,128,4,6,-1,-1,-1,-1,-1,-1,-1,-1,-1,False,-1,,-1,none,0.002,-0.004008335570881094,20000,,300000,none,0.00095,0.0,none,0.00105,0.0,none,0.00085,0.0,False,rmw-only_L16_st128_k4_s6.summary.json
rmw-only,16,128,4,7,-1,-1,-1,-1,-1,-1,-1,-1,-1,False,-1,,-1,none,0.001,-0.003998620298736988,20000,,300000,none,0.0009,0.0,none,0.0007,0.0,none,0.0012,0.0,False,rmw-only_L16_st128_k4_s7.summary.json
rmw-only,16,128,4,8,-1,-1,-1,-1,-1,-1,-1,-1,-1,False,-1,,-1,none,0.001,-0.004046986144102149,20000,,300000,none,0.0008,0.0,none,0.0009,0.0,none,0.0011,0.0,False,rmw-only_L16_st128_k4_s8.summary.json
rmw-only,16,128,4,9,-1,-1,-1,-1,-1,-1,-1,-1,-1,False,-1,,-1,none,0.001,-0.0037448927711878355,20000,,300000,none,0.0011,0.0,none,0.00105,0.0,none,0.00095,0.0,False,rmw-only_L16_st128_k4_s9.summary.json
rmw-only,16,128,6,1,-1,-1,-1,-1,-1,-1,-1,-1,-1,False,-1,,-1,none,0.004,-0.007910921193397868,20000,,300000,none,0.0011,0.0,none,0.00085,0.0,none,0.0009,0.0,False,rmw-only_L16_st128_k6_s1.summary.json
rmw-only,16,128,6,10,-1,-1,-1,-1,-1,-1,-1,-1,-1,False,-1,,-1,none,0.001,-0.008158660431487164,20000,,300000,none,0.00105,0.0,none,0.0012,0.0,none,0.00055,0.0,False,rmw-only_L16_st128_k6_s10.summary.json
rmw-only,16,128,6,2,-1,-1,-1,-1,-1,-1,-1,-1,-1,False,-1,,-1,none,0.002,-0.00808535846271674,20000,,300000,none,0.0009,0.0,none,0.00075,0.0,none,0.00055,0.0,False,rmw-only_L16_st128_k6_s2.summary.json
rmw-only,16,128,6,3,-1,-1,-1,-1,-1,-1,-1,-1,-1,False,-1,,-1,none,0.002,-0.007825500044446265,20000,,300000,none,0.00115,0.0,none,0.00085,0.0,none,0.0006,0.0,False,rmw-only_L16_st128_k6_s3.summary.json
rmw-only,16,128,6,4,-1,-1,-1,-1,-1,-1,-1,-1,-1,False,-1,,-1,none,0.001,-0.007329932206488365,19999,,300000,none,0.0009,0.0,none,0.0008,0.0,none,0.0012,0.0,False,rmw-only_L16_st128_k6_s4.summary.json
rmw-only,16,128,6,5,-1,-1,-1,-1,-1,-1,-1,-1,-1,False,-1,,-1,none,0.001,-0.007770798771001175,20000,,300000,none,0.00085,0.0,none,0.0008,0.0,none,0.00095,0.0,False,rmw-only_L16_st128_k6_s5.summary.json
rmw-only,16,128,6,6,-1,-1,-1,-1,-1,-1,-1,-1,-1,False,-1,,-1,none,0.001,-0.007919160142868087,20000,,300000,none,0.0009,0.0,none,0.00105,0.0,none,0.0007,0.0,False,rmw-only_L16_st128_k6_s6.summary.json
rmw-only,16,128,6,7,-1,-1,-1,-1,-1,-1,-1,-1,-1,False,-1,,-1,none,0.0,-0.008140172985063643,20000,,300000,none,0.0009,0.0,none,0.00075,0.0,none,0.0008,0.0,False,rmw-only_L16_st128_k6_s7.summary.json
rmw-only,16,128,6,8,-1,-1,-1,-1,-1,-1,-1,-1,-1,False,-1,,-1,none,0.001,-0.007453509895694488,20000,,300000,none,0.00075,0.0,none,0.00065,0.0,none,0.00095,0.0,False,rmw-only_L16_st128_k6_s8.summary.json
rmw-only,16,128,6,9,-1,-1,-1,-1,-1,-1,-1,-1,-1,False,-1,,-1,none,0.001,-0.008172709573794457,20000,,300000,none,0.001,0.0,none,0.0008,0.0,none,0.00065,0.0002,False,rmw-only_L16_st128_k6_s9.summary.json
rmw-only,16,32,2,1,-1,-1,-1,-1,-1,-1,-1,-1,-1,False,-1,,-1,none,0.002,-0.0008575434480508903,20000,,300000,none,0.00085,0.0,none,0.0011,0.0,none,0.001,0.0,False,rmw-only_L16_st32_k2_s1.summary.json
rmw-only,16,32,2,10,-1,-1,-1,-1,-1,-1,-1,-1,-1,False,-1,,-1,none,0.002,-0.0009031322477692783,20000,,300000,none,0.00095,0.0,none,0.0006,0.0,none,0.0015,0.0,False,rmw-only_L16_st32_k2_s10.summary.json
rmw-only,16,32,2,2,-1,-1,-1,-1,-1,-1,-1,-1,-1,False,-1,,-1,none,0.001,-0.0009080905096068292,20000,,300000,none,0.0007,0.0,none,0.0009,0.0,none,0.0007,0.0,False,rmw-only_L16_st32_k2_s2.summary.json
rmw-only,16,32,2,3,-1,-1,-1,-1,-1,-1,-1,-1,-1,False,-1,,-1,none,0.002,-0.0009675510900395423,20000,,300000,none,0.00125,0.0,none,0.0007,0.0,none,0.0008,0.0,False,rmw-only_L16_st32_k2_s3.summary.json
rmw-only,16,32,2,4,-1,-1,-1,-1,-1,-1,-1,-1,-1,False,-1,,-1,none,0.001,-0.0009610095300871535,20000,,300000,none,0.00095,0.0,none,0.0007,0.0,none,0.00115,0.0,False,rmw-only_L16_st32_k2_s4.summary.json
rmw-only,16,32,2,5,-1,-1,-1,-1,-1,-1,-1,-1,-1,False,-1,,-1,none,0.002,-0.0008828252858927854,20000,,300000,none,0.00135,0.0,none,0.0008,0.0,none,0.00065,0.0,False,rmw-only_L16_st32_k2_s5.summary.json
rmw-only,16,32,2,6,-1,-1,-1,-1,-1,-1,-1,-1,-1,False,-1,,-1,none,0.001,-0.0009256174276330853,20000,,300000,none,0.0009,0.0,none,0.00075,0.0,none,0.0014,0.0,False,rmw-only_L16_st32_k2_s6.summary.json
rmw-only,16,32,2,7,-1,-1,-1,-1,-1,-1,-1,-1,-1,False,-1,,-1,none,0.003,-0.0009697377238930827,20000,,300000,none,0.00075,0.0,none,0.001,0.0,none,0.001,0.0,False,rmw-only_L16_st32_k2_s7.summary.json
rmw-only,16,32,2,8,-1,-1,-1,-1,-1,-1,-1,-1,-1,False,-1,,-1,none,0.002,-0.0008862365111692583,20000,,300000,none,0.00085,0.0,none,0.00095,0.0,none,0.00065,0.0,False,rmw-only_L16_st32_k2_s8.summary.json
rmw-only,16,32,2,9,-1,-1,-1,-1,-1,-1,-1,-1,-1,False,-1,,-1,none,0.0,-0.0008520469890420657,20000,,300000,none,0.0006,0.0,none,0.00065,0.0,none,0.0008,0.0,False,rmw-only_L16_st32_k2_s9.summary.json
rmw-only,16,32,4,1,-1,-1,-1,-1,-1,-1,-1,-1,-1,False,-1,,-1,none,0.0,-0.002163964473750113,20000,,300000,none,0.00095,0.0,none,0.00075,0.0,none,0.00055,0.0,False,rmw-only_L16_st32_k4_s1.summary.json
rmw-only,16,32,4,10,-1,-1,-1,-1,-1,-1,-1,-1,-1,False,-1,,-1,none,0.003,-0.0019592783187150076,20000,,300000,none,0.00085,0.0,none,0.00095,0.0,none,0.0009,0.0,False,rmw-only_L16_st32_k4_s10.summary.json
rmw-only,16,32,4,2,-1,-1,-1,-1,-1,-1,-1,-1,-1,False,-1,,-1,none,0.001,-0.0018589989253312567,20000,,300000,none,0.0009,0.0,none,0.00095,0.0,none,0.00105,0.0,False,rmw-only_L16_st32_k4_s2.summary.json
rmw-only,16,32,4,3,-1,-1,-1,-1,-1,-1,-1,-1,-1,False,-1,,-1,none,0.002,-0.0018872871355064547,20000,,300000,none,0.00065,0.0,none,0.0013,0.0,none,0.00095,0.0,False,rmw-only_L16_st32_k4_s3.summary.json
rmw-only,16,32,4,4,-1,-1,-1,-1,-1,-1,-1,-1,-1,False,-1,,-1,none,0.0,-0.0020413143328035233,20000,,300000,none,0.0012,0.0,none,0.0009,0.0,none,0.00055,0.0,False,rmw-only_L16_st32_k4_s4.summary.json
rmw-only,16,32,4,5,-1,-1,-1,-1,-1,-1,-1,-1,-1,False,-1,,-1,none,0.001,-0.0020323471136265425,20000,,300000,none,0.00085,0.0,none,0.0012,0.0,none,0.00095,0.0,False,rmw-only_L16_st32_k4_s5.summary.json
rmw-only,16,32,4,6,-1,-1,-1,-1,-1,-1,-1,-1,-1,False,-1,,-1,none,0.001,-0.001940208040867475,20000,,300000,none,0.001,0.0,none,0.00115,0.0,none,0.00105,0.0,False,rmw-only_L16_st32_k4_s6.summary.json
rmw-only,16,32,4,7,-1,-1,-1,-1,-1,-1,-1,-1,-1,False,-1,,-1,none,0.001,-0.0018945751793904009,20000,,300000,none,0.0011,0.0,none,0.00085,0.0,none,0.0011,0.0,False,rmw-only_L16_st32_k4_s7.summary.json
rmw-only,16,32,4,8,-1,-1,-1,-1,-1,-1,-1,-1,-1,False,-1,,-1,none,0.001,-0.002039009225775601,20000,,300000,none,0.00085,0.0,none,0.00085,0.0,none,0.00115,0.0,False,rmw-only_L16_st32_k4_s8.summary.json
rmw-only,16,32,4,9,-1,-1,-1,-1,-1,-1,-1,-1,-1,False,-1,,-1,none,0.002,-0.0017357250476432995,20000,,300000,none,0.00085,0.0,none,0.00095,0.0,none,0.0009,0.0,False,rmw-only_L16_st32_k4_s9.summary.json
rmw-only,16,32,6,1,-1,-1,-1,-1,-1,-1,-1,-1,-1,False,-1,,-1,none,0.005,-0.004271666587153611,20000,,300000,none,0.0013,0.0,none,0.0008,0.0,none,0.00085,0.0,False,rmw-only_L16_st32_k6_s1.summary.json
rmw-only,16,32,6,10,-1,-1,-1,-1,-1,-1,-1,-1,-1,False,-1,,-1,none,0.0,-0.004408188866431573,20000,,300000,none,0.00085,0.0,none,0.00095,0.0,none,0.00045,0.0,False,rmw-only_L16_st32_k6_s10.summary.json
rmw-only,16,32,6,2,-1,-1,-1,-1,-1,-1,-1,-1,-1,False,-1,,-1,none,0.001,-0.004664896922115247,20000,,300000,none,0.00115,0.0,none,0.00065,0.0,none,0.00075,0.0,False,rmw-only_L16_st32_k6_s2.summary.json
rmw-only,16,32,6,3,-1,-1,-1,-1,-1,-1,-1,-1,-1,False,-1,,-1,none,0.003,-0.004546165661066581,20000,,300000,none,0.00105,0.0,none,0.001,0.0,none,0.00055,0.0,False,rmw-only_L16_st32_k6_s3.summary.json
rmw-only,16,32,6,4,-1,-1,-1,-1,-1,-1,-1,-1,-1,False,-1,,-1,none,0.001,-0.004496743632398825,20000,,300000,none,0.0008,0.0,none,0.00095,0.0,none,0.00115,0.0,False,rmw-only_L16_st32_k6_s4.summary.json
rmw-only,16,32,6,5,-1,-1,-1,-1,-1,-1,-1,-1,-1,False,-1,,-1,none,0.002,-0.004428724678758655,20000,,300000,none,0.00065,0.0,none,0.00075,0.0,none,0.00115,0.0,False,rmw-only_L16_st32_k6_s5.summary.json
rmw-only,16,32,6,6,-1,-1,-1,-1,-1,-1,-1,-1,-1,False,-1,,-1,none,0.002,-0.004540425086899447,20000,,300000,none,0.00065,0.0,none,0.0012,0.0,none,0.0009,0.0,False,rmw-only_L16_st32_k6_s6.summary.json
rmw-only,16,32,6,7,-1,-1,-1,-1,-1,-1,-1,-1,-1,False,-1,,-1,none,0.0,-0.0046809165645882445,20000,,300000,none,0.00105,0.0,none,0.00075,0.0,none,0.0009,0.0,False,rmw-only_L16_st32_k6_s7.summary.json
rmw-only,16,32,6,8,-1,-1,-1,-1,-1,-1,-1,-1,-1,False,-1,,-1,none,0.0,-0.004456554515170019,20000,,300000,none,0.0007,0.0,none,0.0006,0.0,none,0.00075,0.0,False,rmw-only_L16_st32_k6_s8.summary.json
rmw-only,16,32,6,9,-1,-1,-1,-1,-1,-1,-1,-1,-1,False,-1,,-1,none,0.003,-0.004706734586354955,20000,,300000,none,0.0008,0.0,none,0.0007,0.0,none,0.0009,0.0,False,rmw-only_L16_st32_k6_s9.summary.json
rmw-only,16,512,2,1,-1,-1,-1,-1,-1,-1,-1,-1,-1,False,-1,,-1,none,0.002,-0.003757756252886324,20000,,300000,none,0.00075,0.0,none,0.00085,0.0,none,0.0013,0.0,False,rmw-only_L16_st512_k2_s1.summary.json
rmw-only,16,512,2,10,-1,-1,-1,-1,-1,-1,-1,-1,-1,False,-1,,-1,none,0.001,-0.003775873130072327,20000,,300000,none,0.00075,0.0,none,0.0008,0.0,none,0.00155,0.0,False,rmw-only_L16_st512_k2_s10.summary.json
rmw-only,16,512,2,2,-1,-1,-1,-1,-1,-1,-1,-1,-1,False,-1,,-1,none,0.003,-0.0037669887437798977,20000,,300000,none,0.0007,0.0,none,0.00115,0.0,none,0.0007,0.0,False,rmw-only_L16_st512_k2_s2.summary.json
rmw-only,16,512,2,3,-1,-1,-1,-1,-1,-1,-1,-1,-1,False,-1,,-1,none,0.003,-0.003994559479752802,20000,,300000,none,0.00115,0.0,none,0.0007,0.0,none,0.0007,0.0,False,rmw-only_L16_st512_k2_s3.summary.json
rmw-only,16,512,2,4,-1,-1,-1,-1,-1,-1,-1,-1,-1,False,-1,,-1,none,0.003,-0.0038349717105337078,20000,,300000,none,0.00115,0.0,none,0.00075,0.0,none,0.00115,0.0,False,rmw-only_L16_st512_k2_s4.summary.json
rmw-only,16,512,2,5,-1,-1,-1,-1,-1,-1,-1,-1,-1,False,-1,,-1,none,0.001,-0.0039185539775417055,20000,,300000,none,0.0015,0.0,none,0.0009,0.0,none,0.0008,0.0,False,rmw-only_L16_st512_k2_s5.summary.json
rmw-only,16,512,2,6,-1,-1,-1,-1,-1,-1,-1,-1,-1,False,-1,,-1,none,0.001,-0.0035032589605359377,20000,,300000,none,0.0008,0.0,none,0.00085,0.0,none,0.00105,0.0,False,rmw-only_L16_st512_k2_s6.summary.json
rmw-only,16,512,2,7,-1,-1,-1,-1,-1,-1,-1,-1,-1,False,-1,,-1,none,0.005,-0.003977795070216672,20000,,300000,none,0.0008,0.0,none,0.00105,0.0,none,0.00105,0.0,False,rmw-only_L16_st512_k2_s7.summary.json
rmw-only,16,512,2,8,-1,-1,-1,-1,-1,-1,-1,-1,-1,False,-1,,-1,none,0.001,-0.0034491944828776155,20000,,300000,none,0.001,0.0,none,0.00065,0.0,none,0.00085,0.0,False,rmw-only_L16_st512_k2_s8.summary.json
rmw-only,16,512,2,9,-1,-1,-1,-1,-1,-1,-1,-1,-1,False,-1,,-1,none,0.003,-0.0035446395008653653,20000,,300000,none,0.00065,0.0,none,0.00085,0.0,none,0.00095,0.0,False,rmw-only_L16_st512_k2_s9.summary.json
rmw-only,16,512,4,1,-1,-1,-1,-1,-1,-1,-1,-1,-1,False,-1,,-1,none,0.001,-0.007776618553967829,20000,,300000,none,0.0008,0.0,none,0.0008,0.0,none,0.00055,0.0,False,rmw-only_L16_st512_k4_s1.summary.json
rmw-only,16,512,4,10,-1,-1,-1,-1,-1,-1,-1,-1,-1,False,-1,,-1,none,0.002,-0.007907223670900798,20000,,300000,none,0.00055,0.0,none,0.001,0.0,none,0.0012,0.0,False,rmw-only_L16_st512_k4_s10.summary.json
rmw-only,16,512,4,2,-1,-1,-1,-1,-1,-1,-1,-1,-1,False,-1,,-1,none,0.001,-0.007761268455425352,20000,,300000,none,0.0008,0.0,none,0.00095,0.0,none,0.00095,0.0,False,rmw-only_L16_st512_k4_s2.summary.json
rmw-only,16,512,4,3,-1,-1,-1,-1,-1,-1,-1,-1,-1,False,-1,,-1,none,0.003,-0.007926576521321671,20000,,300000,none,0.00065,0.0,none,0.0012,0.0,none,0.0007,0.0,False,rmw-only_L16_st512_k4_s3.summary.json
rmw-only,16,512,4,4,-1,-1,-1,-1,-1,-1,-1,-1,-1,False,-1,,-1,none,0.0,-0.007795076083032981,20000,,300000,none,0.0011,0.0,none,0.00085,0.0,none,0.0007,0.0,False,rmw-only_L16_st512_k4_s4.summary.json
rmw-only,16,512,4,5,-1,-1,-1,-1,-1,-1,-1,-1,-1,False,-1,,-1,none,0.002,-0.007443199291442326,20000,,300000,none,0.001,0.0,none,0.001,0.0,none,0.00115,0.0,False,rmw-only_L16_st512_k4_s5.summary.json
rmw-only,16,512,4,6,-1,-1,-1,-1,-1,-1,-1,-1,-1,False,-1,,-1,none,0.0,-0.007278960918979394,20000,,300000,none,0.001,0.0,none,0.00095,0.0,none,0.0009,0.0,False,rmw-only_L16_st512_k4_s6.summary.json
rmw-only,16,512,4,7,-1,-1,-1,-1,-1,-1,-1,-1,-1,False,-1,,-1,none,0.003,-0.0072989385931165884,20000,,300000,none,0.0008,0.0,none,0.0008,0.0,none,0.0008,0.0,False,rmw-only_L16_st512_k4_s7.summary.json
rmw-only,16,512,4,8,-1,-1,-1,-1,-1,-1,-1,-1,-1,False,-1,,-1,none,0.001,-0.007793494076247853,20000,,300000,none,0.00085,0.0,none,0.0008,0.0,none,0.001,0.0,False,rmw-only_L16_st512_k4_s8.summary.json
rmw-only,16,512,4,9,-1,-1,-1,-1,-1,-1,-1,-1,-1,False,-1,,-1,none,0.002,-0.007452712444058207,20000,,300000,none,0.00095,0.0,none,0.00135,0.0,none,0.00085,0.0,False,rmw-only_L16_st512_k4_s9.summary.json
rmw-only,16,512,6,1,-1,-1,-1,-1,-1,-1,-1,-1,-1,False,-1,,-1,none,0.004,-0.011120345901150408,20000,,300000,none,0.00095,0.0,none,0.001,0.0,none,0.00065,0.0,False,rmw-only_L16_st512_k6_s1.summary.json
rmw-only,16,512,6,10,-1,-1,-1,-1,-1,-1,-1,-1,-1,False,-1,,-1,none,0.002,-0.011822298232665673,20000,,300000,none,0.0007,0.0,none,0.00085,0.0,none,0.00085,0.0,False,rmw-only_L16_st512_k6_s10.summary.json
rmw-only,16,512,6,2,-1,-1,-1,-1,-1,-1,-1,-1,-1,False,-1,,-1,none,0.003,-0.011273008689851594,19999,,300000,none,0.00105,0.0,none,0.0008,0.0,none,0.0005,0.0,False,rmw-only_L16_st512_k6_s2.summary.json
rmw-only,16,512,6,3,-1,-1,-1,-1,-1,-1,-1,-1,-1,False,-1,,-1,none,0.003,-0.01139779713682465,20000,,300000,none,0.0012,0.0,none,0.001,0.0,none,0.00065,0.0,False,rmw-only_L16_st512_k6_s3.summary.json
rmw-only,16,512,6,4,-1,-1,-1,-1,-1,-1,-1,-1,-1,False,-1,,-1,none,0.001,-0.01118829625542972,20000,,300000,none,0.00085,5e-05,none,0.00065,0.0,none,0.00095,0.0,False,rmw-only_L16_st512_k6_s4.summary.json
rmw-only,16,512,6,5,-1,-1,-1,-1,-1,-1,-1,-1,-1,False,-1,,-1,none,0.001,-0.011358698130990774,20000,,300000,none,0.00075,0.0,none,0.0007,0.0,none,0.00105,0.0,False,rmw-only_L16_st512_k6_s5.summary.json
rmw-only,16,512,6,6,-1,-1,-1,-1,-1,-1,-1,-1,-1,False,-1,,-1,none,0.002,-0.011446167936158602,20000,,300000,none,0.0006,0.0,none,0.001,0.0,none,0.00085,0.0,False,rmw-only_L16_st512_k6_s6.summary.json
rmw-only,16,512,6,7,-1,-1,-1,-1,-1,-1,-1,-1,-1,False,-1,,-1,none,0.002,-0.010790871467399654,20000,,300000,none,0.00095,0.0,none,0.00085,0.0,none,0.0008,0.0,False,rmw-only_L16_st512_k6_s7.summary.json
rmw-only,16,512,6,8,-1,-1,-1,-1,-1,-1,-1,-1,-1,False,-1,,-1,none,0.001,-0.011537328637721167,20000,,300000,none,0.0009,0.0,none,0.001,0.0,none,0.00075,0.0,False,rmw-only_L16_st512_k6_s8.summary.json
rmw-only,16,512,6,9,-1,-1,-1,-1,-1,-1,-1,-1,-1,False,-1,,-1,none,0.001,-0.011282331865732687,20000,,300000,none,0.00085,0.0,none,0.00095,0.0,none,0.00105,0.0,False,rmw-only_L16_st512_k6_s9.summary.json
stack-writes,16,128,2,1,-1,-1,28500,-1,-1,-1,27500,-1,-1,True,272500,,-1,ldir,0.846,4.673977816235656,12830,,300000,none,0.0005,0.0178,ldir,0.8202,0.00165,ldir,0.84605,0.0011,False,stack-writes_L16_st128_k2_s1.summary.json
stack-writes,16,128,2,10,-1,-1,60000,-1,-1,-1,59500,-1,-1,True,240500,,-1,ldir,0.831,4.64739123938275,12915,,300000,none,0.00025,0.01935,none,0.0004,0.017,ldir,0.8308,0.0015,False,stack-writes_L16_st128_k2_s10.summary.json
stack-writes,16,128,2,2,-1,-1,58000,-1,-1,-1,57000,-1,-1,True,243000,,-1,ldir,0.839,4.6578871798064,12935,,300000,none,0.0004,0.0163,none,0.0004,0.0173,ldir,0.839,0.00135,False,stack-writes_L16_st128_k2_s2.summary.json
stack-writes,16,128,2,3,-1,-1,26500,-1,-1,-1,26000,-1,-1,True,11000,,-1,ldir,0.868,2.2329674853903896,8549,,37000,none,0.00055,0.0171,,,,,,,True,stack-writes_L16_st128_k2_s3.summary.json
stack-writes,16,128,2,4,-1,-1,2500,-1,-1,-1,2000,-1,-1,True,298000,,-1,ldir,0.848,4.683288483846191,12856,,300000,ldir,0.7896,0.0016,ldir,0.83815,0.0012,ldir,0.84785,0.00125,False,stack-writes_L16_st128_k2_s4.summary.json
stack-writes,16,128,2,5,-1,-1,21500,-1,-1,-1,21000,-1,-1,True,279000,,-1,ldir,0.843,4.643547578897551,12959,,300000,none,0.0008,0.01585,ldir,0.8424,0.0012,ldir,0.84275,0.0016,False,stack-writes_L16_st128_k2_s5.summary.json
stack-writes,16,128,2,6,-1,-1,30500,-1,-1,-1,30000,-1,-1,True,270000,,-1,ldir,0.833,4.642793740619057,12850,,300000,none,0.0007,0.01835,ldir,0.83205,0.00165,ldir,0.8333,0.0011,False,stack-writes_L16_st128_k2_s6.summary.json
stack-writes,16,128,2,7,-1,-1,12500,-1,-1,-1,12000,-1,-1,True,288000,,-1,ldir,0.826,4.617462624431533,13024,,300000,none,0.0007,0.0171,ldir,0.8143,0.00175,ldir,0.8259,0.00125,False,stack-writes_L16_st128_k2_s7.summary.json
stack-writes,16,128,2,8,-1,-1,11500,-1,-1,-1,11000,-1,-1,True,289000,,-1,ldir,0.845,4.669067315708559,12903,,300000,none,0.0001,0.0171,ldir,0.83205,0.0013,ldir,0.8452,0.0012,False,stack-writes_L16_st128_k2_s8.summary.json
stack-writes,16,128,2,9,-1,-1,11000,-1,-1,-1,10500,-1,-1,True,289500,,-1,ldir,0.846,4.698080850252136,12824,,300000,none,0.00045,0.01815,ldir,0.829,0.0011,ldir,0.84615,0.0017,False,stack-writes_L16_st128_k2_s9.summary.json
stack-writes,16,128,4,1,-1,-1,25500,-1,-1,-1,25000,26500,1500,False,-1,,-1,ldir,0.963,5.811203811686148,5940,,300000,none,0.00055,0.03495,ldir,0.96055,0.00035,ldir,0.9629,0.00025,False,stack-writes_L16_st128_k4_s1.summary.json
stack-writes,16,128,4,10,-1,-1,39000,-1,-1,-1,38500,40000,1500,False,-1,,-1,ldir,0.973,2.845049193864699,2729,,49500,none,0.0006,0.03635,,,,,,,True,stack-writes_L16_st128_k4_s10.summary.json
stack-writes,16,128,4,2,-1,-1,29500,-1,-1,-1,29000,30500,1500,False,-1,,-1,ldir,0.955,5.600516368954119,5635,,300000,none,0.00035,0.038,ldir,0.96265,0.0001,ldir,0.9555,0.00045,False,stack-writes_L16_st128_k4_s2.summary.json
stack-writes,16,128,4,3,-1,-1,51000,-1,-1,-1,51000,52000,1000,False,-1,,-1,ldir,0.966,5.8359507519947424,5933,,300000,none,0.0006,0.03535,none,0.00425,0.03265,ldir,0.96575,0.0002,False,stack-writes_L16_st128_k4_s3.summary.json
stack-writes,16,128,4,4,-1,-1,20500,-1,-1,-1,20000,21500,1500,False,-1,,-1,ldir,0.95,5.898488963232598,6099,,300000,none,0.00015,0.0379,ldir,0.96475,0.00045,ldir,0.95045,0.00045,False,stack-writes_L16_st128_k4_s4.summary.json
stack-writes,16,128,4,5,-1,-1,6000,-1,-1,-1,5500,7000,1500,False,-1,,-1,ldir,0.953,5.6353531035326565,5783,,300000,none,0.00255,0.035,ldir,0.95705,0.00015,ldir,0.9527,0.0003,False,stack-writes_L16_st128_k4_s5.summary.json
stack-writes,16,128,4,6,-1,-1,37500,186500,-1,-1,37000,38500,1500,False,-1,,-1,ldir,0.96,5.870067522603298,5997,,300000,none,0.0003,0.0356,ldir,0.96445,0.0004,ldir,0.95965,0.0003,False,stack-writes_L16_st128_k4_s6.summary.json
stack-writes,16,128,4,7,-1,-1,35000,-1,-1,-1,34500,38500,4000,False,-1,,-1,ldir,0.964,5.831014134343923,5967,,300000,none,0.0004,0.03345,ldir,0.9472,0.00045,ldir,0.96385,0.0003,False,stack-writes_L16_st128_k4_s7.summary.json
stack-writes,16,128,4,8,-1,-1,44000,-1,-1,-1,43500,45500,2000,False,-1,,-1,ldir,0.958,5.874358268653068,6111,,300000,none,0.00035,0.0359,ldir,0.92745,0.00025,ldir,0.9582,0.00065,False,stack-writes_L16_st128_k4_s8.summary.json
stack-writes,16,128,4,9,-1,-1,50000,-1,-1,-1,49500,52500,3000,False,-1,,-1,ldir,0.959,5.853193839189327,6026,,300000,none,0.00085,0.03495,ldir,0.4403,0.00055,ldir,0.9587,0.0003,False,stack-writes_L16_st128_k4_s9.summary.json
stack-writes,16,128,6,1,-1,-1,14000,-1,-1,-1,13500,14500,1000,False,-1,,-1,ldir,0.988,6.243890134585787,2371,,300000,none,0.00045,0.0486,ldir,0.98955,0.0,ldir,0.98755,0.0,False,stack-writes_L16_st128_k6_s1.summary.json
stack-writes,16,128,6,10,-1,-1,25000,-1,-1,24500,24500,25500,1000,False,-1,,-1,ldir,0.957,4.680802114494623,1833,,27500,none,0.00045,0.04965,,,,,,,True,stack-writes_L16_st128_k6_s10.summary.json
stack-writes,16,128,6,2,-1,-1,61000,-1,-1,-1,61000,62500,1500,False,-1,,-1,ldir,0.986,5.5424024671880545,1918,,300000,none,0.00025,0.051,none,0.0005,0.0512,ldir,0.9865,0.0001,False,stack-writes_L16_st128_k6_s2.summary.json
stack-writes,16,128,6,3,-1,-1,78500,79000,-1,-1,78500,79500,1000,False,-1,,-1,ldir,0.987,5.0636414239222205,2017,,81000,none,0.0002,0.05045,none,0.00025,0.0477,,,,True,stack-writes_L16_st128_k6_s3.summary.json
stack-writes,16,128,6,4,-1,-1,6000,201500,-1,-1,5500,7000,1500,False,-1,,-1,ldir,0.989,6.255114253490013,2427,,300000,none,0.0039,0.0482,ldir,0.9802,0.0001,ldir,0.9888,0.00225,False,stack-writes_L16_st128_k6_s4.summary.json
stack-writes,16,128,6,5,-1,-1,5000,-1,-1,4500,5000,6000,1000,False,-1,,-1,ldir,0.992,6.3140867626807795,2381,,300000,rst,0.3287,0.03185,ldir,0.9914,0.00025,ldir,0.9916,0.0002,False,stack-writes_L16_st128_k6_s5.summary.json
stack-writes,16,128,6,6,-1,-1,133000,-1,-1,-1,132500,134000,1500,False,-1,,-1,ldir,0.99,6.264901757128632,2326,,300000,none,0.00045,0.0467,none,0.00045,0.04625,ldir,0.9899,0.0,False,stack-writes_L16_st128_k6_s6.summary.json
stack-writes,16,128,6,7,-1,-1,158000,-1,-1,-1,158000,159000,1000,False,-1,,-1,ldir,0.99,6.296436704392918,2386,,300000,none,0.0003,0.0485,none,0.0005,0.05195,ldir,0.9901,0.0007,False,stack-writes_L16_st128_k6_s7.summary.json
stack-writes,16,128,6,8,-1,-1,26500,-1,-1,26500,26500,28000,1500,False,-1,,-1,ldir,0.983,6.195952737435423,2369,,300000,none,0.0005,0.0465,ldir,0.983,0.0001,ldir,0.983,0.00015,False,stack-writes_L16_st128_k6_s8.summary.json
stack-writes,16,128,6,9,-1,-1,34000,-1,-1,-1,33500,34500,1000,False,-1,,-1,ldir,0.985,6.238073281721232,2419,,300000,none,0.00035,0.05075,ldir,0.97685,5e-05,ldir,0.9852,0.0,False,stack-writes_L16_st128_k6_s9.summary.json
stack-writes,16,32,2,1,-1,-1,2500,-1,-1,-1,2000,-1,-1,True,298000,,-1,ldir,0.859,4.291982279765726,12514,,300000,ldir,0.8237,0.00085,ldir,0.8608,0.00055,ldir,0.85865,0.00065,False,stack-writes_L16_st32_k2_s1.summary.json
stack-writes,16,32,2,10,-1,-1,9000,-1,-1,-1,8500,-1,-1,True,291500,,-1,ldir,0.851,4.279708218089399,12828,,300000,none,0.0004,0.002,ldir,0.85035,0.00055,ldir,0.85065,0.001,False,stack-writes_L16_st32_k2_s10.summary.json
stack-writes,16,32,2,2,-1,-1,4500,-1,-1,-1,4000,-1,-1,True,296000,,-1,ldir,0.851,4.3100139519137874,12776,,300000,ldir,0.77365,0.00125,ldir,0.85495,0.00055,ldir,0.8514,0.0005,False,stack-writes_L16_st32_k2_s2.summary.json
stack-writes,16,32,2,3,-1,-1,2000,-1,-1,-1,1500,-1,-1,True,298500,,-1,ldir,0.851,4.2711141802649975,12600,,300000,ldir,0.82985,0.00065,ldir,0.84495,0.00115,ldir,0.8508,0.00085,False,stack-writes_L16_st32_k2_s3.summary.json
stack-writes,16,32,2,4,-1,-1,8000,-1,-1,-1,7500,69500,62000,False,-1,,-1,ldir,0.842,4.294499892172543,12747,,300000,none,0.0007,0.0023,ldir,0.8762,0.0004,ldir,0.8416,0.001,False,stack-writes_L16_st32_k2_s4.summary.json
stack-writes,16,32,2,5,-1,-1,10500,-1,-1,-1,10000,-1,-1,True,290000,,-1,ldir,0.852,4.272204935402466,12533,,300000,none,0.00045,0.0014,ldir,0.83255,0.001,ldir,0.8518,0.0009,False,stack-writes_L16_st32_k2_s5.summary.json
stack-writes,16,32,2,6,-1,-1,4500,-1,-1,-1,4500,-1,-1,True,295500,,-1,ldir,0.851,4.259947798008136,12705,,300000,ldir,0.56085,0.00315,ldir,0.84295,0.0007,ldir,0.85125,0.0008,False,stack-writes_L16_st32_k2_s6.summary.json
stack-writes,16,32,2,7,-1,-1,6000,-1,-1,-1,5500,-1,-1,True,294500,,-1,ldir,0.857,4.2938442002449335,12494,,300000,none,0.0858,0.0019,ldir,0.85105,0.00065,ldir,0.8567,0.00045,False,stack-writes_L16_st32_k2_s7.summary.json
stack-writes,16,32,2,8,-1,-1,25000,-1,-1,-1,24500,-1,-1,True,275500,,-1,ldir,0.861,4.303934766876237,12534,,300000,none,0.00045,0.0026,ldir,0.8385,0.00045,ldir,0.86105,0.0005,False,stack-writes_L16_st32_k2_s8.summary.json
stack-writes,16,32,2,9,-1,-1,2000,-1,-1,-1,1000,-1,-1,True,299000,,-1,ldir,0.849,4.2770025909888165,12700,,300000,ldir,0.84235,0.0012,ldir,0.84745,0.0006,ldir,0.8489,0.0004,False,stack-writes_L16_st32_k2_s9.summary.json
stack-writes,16,32,4,1,-1,-1,15000,-1,-1,-1,14500,15500,1000,False,-1,,-1,ldir,0.967,5.888561363060388,5958,,300000,none,0.0005,0.0057,ldir,0.9509,5e-05,ldir,0.96685,0.00015,False,stack-writes_L16_st32_k4_s1.summary.json
stack-writes,16,32,4,10,-1,-1,53500,-1,-1,-1,53000,54500,1500,False,-1,,-1,ldir,0.978,3.6666556772048913,3414,,102500,none,0.00045,0.00585,none,0.0005,0.00545,,,,True,stack-writes_L16_st32_k4_s10.summary.json
stack-writes,16,32,4,2,-1,-1,26500,-1,-1,-1,26000,27000,1000,False,-1,,-1,ldir,0.963,5.834214124211689,5906,,300000,none,0.0006,0.00585,ldir,0.9641,0.00015,ldir,0.9627,0.0004,False,stack-writes_L16_st32_k4_s2.summary.json
stack-writes,16,32,4,3,-1,-1,5500,-1,-1,-1,5000,7000,2000,False,-1,,-1,ldir,0.961,5.571597558586783,5750,,300000,none,0.13845,0.0052,ldir,0.9626,5e-05,ldir,0.9612,0.00015,False,stack-writes_L16_st32_k4_s3.summary.json
stack-writes,16,32,4,4,-1,-1,16500,-1,-1,-1,16500,17500,1000,False,-1,,-1,ldir,0.967,5.3768634262505355,5560,,300000,none,0.00095,0.0063,ldir,0.9656,0.00015,ldir,0.96725,5e-05,False,stack-writes_L16_st32_k4_s4.summary.json
stack-writes,16,32,4,5,-1,-1,7000,-1,-1,-1,6500,7500,1000,False,-1,,-1,ldir,0.965,5.890543048155812,5977,,300000,none,0.00055,0.00535,ldir,0.96705,0.0002,ldir,0.96505,0.0001,False,stack-writes_L16_st32_k4_s5.summary.json
stack-writes,16,32,4,6,-1,-1,9000,-1,-1,-1,8500,9500,1000,False,-1,,-1,ldir,0.967,5.2175909022702776,5346,,300000,none,0.0006,0.00585,ldir,0.9586,5e-05,ldir,0.9674,0.0001,False,stack-writes_L16_st32_k4_s6.summary.json
stack-writes,16,32,4,7,-1,-1,35000,-1,-1,-1,34500,36000,1500,False,-1,,-1,ldir,0.963,5.360135001598526,5613,,300000,none,0.0005,0.00505,ldir,0.9604,0.00015,ldir,0.9634,5e-05,False,stack-writes_L16_st32_k4_s7.summary.json
stack-writes,16,32,4,8,-1,-1,3500,-1,-1,-1,3000,4500,1500,False,-1,,-1,ldir,0.984,4.892397444590287,4511,,300000,ldir,0.9453,0.00025,ldir,0.9792,0.00015,ldir,0.9841,5e-05,False,stack-writes_L16_st32_k4_s8.summary.json
stack-writes,16,32,4,9,-1,-1,6000,-1,-1,-1,5500,7000,1500,False,-1,,-1,ldir,0.974,3.1777154138387638,3092,,115500,none,0.00765,0.00565,ldir,0.97375,0.0003,,,,True,stack-writes_L16_st32_k4_s9.summary.json
stack-writes,16,32,6,1,-1,-1,12500,-1,-1,12500,12500,13000,500,False,-1,,-1,ldir,0.991,6.315497958640051,2494,,300000,none,0.0006,0.0102,ldir,0.97735,0.0,ldir,0.99115,0.0001,False,stack-writes_L16_st32_k6_s1.summary.json
stack-writes,16,32,6,10,-1,-1,1500,-1,-1,-1,1000,2500,1500,False,-1,,-1,ldir,0.985,6.363675166731848,2426,,300000,ldir,0.9869,0.00035,ldir,0.9931,5e-05,ldir,0.98485,5e-05,False,stack-writes_L16_st32_k6_s10.summary.json
stack-writes,16,32,6,2,-1,-1,41000,-1,-1,-1,40500,42000,1500,False,-1,,-1,ldir,0.992,3.3769850340005227,992,,268000,none,0.0006,0.01255,ldir,0.98715,0.00015,,,,True,stack-writes_L16_st32_k6_s2.summary.json
stack-writes,16,32,6,3,-1,-1,13500,-1,-1,-1,13000,14500,1500,False,-1,,-1,ldir,0.977,6.29122258198278,2451,,300000,none,0.00065,0.01235,ldir,0.98945,5e-05,ldir,0.97665,0.0,False,stack-writes_L16_st32_k6_s3.summary.json
stack-writes,16,32,6,4,-1,-1,22000,-1,-1,-1,21500,22500,1000,False,-1,,-1,ldir,0.987,5.959016860938681,2337,,300000,none,0.00035,0.01075,ldir,0.99005,5e-05,ldir,0.98685,0.0,False,stack-writes_L16_st32_k6_s4.summary.json
stack-writes,16,32,6,5,-1,-1,3500,-1,-1,-1,3500,4000,500,False,-1,,-1,ldir,0.989,6.30038556325813,2432,,300000,ldir,0.9859,0.00065,ldir,0.98665,0.0,ldir,0.98935,0.0002,False,stack-writes_L16_st32_k6_s5.summary.json
stack-writes,16,32,6,6,-1,-1,18000,-1,-1,18500,18000,19000,1000,False,-1,,-1,ldir,0.989,6.205106380376637,2511,,300000,none,0.0003,0.0115,ldir,0.98605,0.0001,ldir,0.98935,0.0,False,stack-writes_L16_st32_k6_s6.summary.json
stack-writes,16,32,6,7,-1,-1,34500,36000,-1,-1,34000,35000,1000,False,-1,,-1,ldir,0.99,5.636424326485104,5130,,300000,none,0.0005,0.0104,ldir,0.9872,0.0004,ldir,0.9898,0.0,False,stack-writes_L16_st32_k6_s7.summary.json
stack-writes,16,32,6,8,-1,-1,77000,-1,-1,77000,76500,77500,1000,False,-1,,-1,ldir,0.984,6.261649389853039,2358,,300000,none,0.0006,0.00985,none,0.00055,0.0112,ldir,0.9836,0.0001,False,stack-writes_L16_st32_k6_s8.summary.json
stack-writes,16,32,6,9,-1,-1,48500,-1,-1,48000,48000,49000,1000,False,-1,,-1,ldir,0.991,6.071354931928854,2340,,300000,none,0.0007,0.01035,ldir,0.98555,0.0001,ldir,0.9915,0.0,False,stack-writes_L16_st32_k6_s9.summary.json
stack-writes,16,512,2,1,-1,-1,23000,-1,-1,-1,22500,-1,-1,True,277500,,-1,ldir,0.839,4.657956344031957,12908,,300000,none,0.00065,0.03795,ldir,0.8348,0.00105,ldir,0.83905,0.0015,False,stack-writes_L16_st512_k2_s1.summary.json
stack-writes,16,512,2,10,-1,-1,36000,-1,-1,-1,35500,-1,-1,True,3000,,-1,ldir,0.806,2.1573024409261956,8862,,38500,none,0.00045,0.03935,,,,,,,True,stack-writes_L16_st512_k2_s10.summary.json
stack-writes,16,512,2,2,-1,-1,1000,-1,-1,-1,1000,-1,-1,True,299000,,-1,ldir,0.842,4.638927048829668,12947,,300000,ldir,0.82315,0.0025,ldir,0.8419,0.00125,ldir,0.842,0.00165,False,stack-writes_L16_st512_k2_s2.summary.json
stack-writes,16,512,2,3,-1,-1,37500,-1,-1,-1,37000,-1,-1,True,263000,,-1,ldir,0.842,4.607770531220776,12979,,300000,none,0.0008,0.03675,ldir,0.8341,0.00155,ldir,0.84195,0.00165,False,stack-writes_L16_st512_k2_s3.summary.json
stack-writes,16,512,2,4,-1,-1,84000,-1,-1,-1,83000,107000,24000,False,-1,,-1,ldir,0.857,4.3773512264229435,11742,,300000,none,0.00065,0.0353,none,0.00065,0.0353,ldir,0.85725,0.00255,False,stack-writes_L16_st512_k2_s4.summary.json
stack-writes,16,512,2,5,-1,-1,27500,-1,-1,-1,27000,112500,85500,False,-1,,-1,ldir,0.916,4.1867881778543286,10548,,300000,none,0.00065,0.03345,ldir,0.8316,0.0019,ldir,0.91555,0.00135,False,stack-writes_L16_st512_k2_s5.summary.json
stack-writes,16,512,2,6,-1,-1,9000,-1,-1,-1,8500,-1,-1,True,291500,,-1,ldir,0.83,4.657473699055422,12900,,300000,none,0.0006,0.03895,ldir,0.8199,0.00195,ldir,0.8305,0.0022,False,stack-writes_L16_st512_k2_s6.summary.json
stack-writes,16,512,2,7,-1,-1,20500,-1,-1,-1,20000,231500,211500,False,-1,,-1,ldir,0.918,4.179201687348192,10438,,300000,none,0.0004,0.03795,ldir,0.83155,0.0018,ldir,0.9185,0.0011,False,stack-writes_L16_st512_k2_s7.summary.json
stack-writes,16,512,2,8,-1,-1,3500,-1,-1,-1,3000,-1,-1,True,297000,,-1,ldir,0.742,4.446290420511431,13468,,300000,ldir,0.7995,0.00215,ldir,0.74615,0.0046,ldir,0.74225,0.00395,False,stack-writes_L16_st512_k2_s8.summary.json
stack-writes,16,512,2,9,-1,-1,8500,-1,-1,-1,7500,-1,-1,True,292500,,-1,ldir,0.837,4.665444568435783,12931,,300000,none,0.00065,0.03455,ldir,0.82495,0.0016,ldir,0.83695,0.00115,False,stack-writes_L16_st512_k2_s9.summary.json
stack-writes,16,512,4,1,-1,-1,45500,-1,-1,-1,45500,47000,1500,False,-1,,-1,ldir,0.964,5.841682628082125,5998,,300000,none,0.00025,0.0495,ldir,0.93945,0.00075,ldir,0.9643,0.00025,False,stack-writes_L16_st512_k4_s1.summary.json
stack-writes,16,512,4,10,-1,-1,30500,-1,-1,-1,30000,31500,1500,False,-1,,-1,ldir,0.962,5.905610050624843,5922,,300000,none,0.0007,0.0524,ldir,0.95385,0.00035,ldir,0.9623,0.0001,False,stack-writes_L16_st512_k4_s10.summary.json
stack-writes,16,512,4,2,-1,-1,22000,-1,-1,-1,21500,23000,1500,False,-1,,-1,ldir,0.955,5.869345141570056,6002,,300000,none,0.0004,0.0464,ldir,0.9627,0.0005,ldir,0.95455,0.0003,False,stack-writes_L16_st512_k4_s2.summary.json
stack-writes,16,512,4,3,-1,-1,62000,-1,-1,-1,62000,62500,500,False,-1,,-1,ldir,0.956,5.824540258923895,6030,,300000,none,0.0004,0.0507,none,0.00055,0.0491,ldir,0.9564,0.0002,False,stack-writes_L16_st512_k4_s3.summary.json
stack-writes,16,512,4,4,-1,-1,56500,-1,-1,-1,56000,57500,1500,False,-1,,-1,ldir,0.95,5.024805786141554,5219,,300000,none,0.00065,0.053,none,0.0005,0.05045,ldir,0.94975,0.0004,False,stack-writes_L16_st512_k4_s4.summary.json
stack-writes,16,512,4,5,-1,-1,7000,-1,-1,-1,6500,8000,1500,False,-1,,-1,ldir,0.962,5.873225773750393,5956,,300000,none,0.00055,0.04835,ldir,0.94275,0.0004,ldir,0.96215,0.0008,False,stack-writes_L16_st512_k4_s5.summary.json
stack-writes,16,512,4,6,-1,-1,32500,128500,-1,-1,32000,33500,1500,False,-1,,-1,ldir,0.96,5.854750715860315,5986,,300000,none,0.00035,0.05365,ldir,0.9578,0.00025,ldir,0.95985,0.00015,False,stack-writes_L16_st512_k4_s6.summary.json
stack-writes,16,512,4,7,-1,-1,35000,-1,-1,-1,34500,39000,4500,False,-1,,-1,ldir,0.971,5.668685185869226,5364,,300000,none,0.00085,0.04935,ldir,0.93515,0.0016,ldir,0.9715,0.0003,False,stack-writes_L16_st512_k4_s7.summary.json
stack-writes,16,512,4,8,-1,-1,21500,-1,-1,-1,21500,22500,1000,False,-1,,-1,ldir,0.967,5.849895753811501,6040,,300000,none,0.00055,0.05185,ldir,0.9566,0.00045,ldir,0.9666,0.0001,False,stack-writes_L16_st512_k4_s8.summary.json
stack-writes,16,512,4,9,-1,-1,12000,-1,-1,-1,11500,13000,1500,False,-1,,-1,ldir,0.958,5.84102522849686,6052,,300000,none,0.0008,0.0495,ldir,0.95435,0.00015,ldir,0.95765,0.0004,False,stack-writes_L16_st512_k4_s9.summary.json
stack-writes,16,512,6,1,-1,-1,184500,-1,-1,184500,184000,185500,1500,False,-1,,-1,ldir,0.989,6.195846348133782,2408,,300000,none,0.00045,0.0609,none,0.0006,0.05995,ldir,0.9886,0.0002,False,stack-writes_L16_st512_k6_s1.summary.json
stack-writes,16,512,6,10,-1,-1,61000,-1,-1,61000,60500,62000,1500,False,-1,,-1,ldir,0.991,6.277869491049699,2340,,300000,none,0.0002,0.05885,none,0.0004,0.0614,ldir,0.991,0.00015,False,stack-writes_L16_st512_k6_s10.summary.json
stack-writes,16,512,6,2,-1,-1,38500,233500,-1,-1,38500,39500,1000,False,-1,,-1,ldir,0.988,6.362473072250655,2401,,300000,none,0.00065,0.0608,ldir,0.9827,5e-05,ldir,0.98825,0.0,False,stack-writes_L16_st512_k6_s2.summary.json
stack-writes,16,512,6,3,-1,-1,38000,-1,-1,-1,37500,39000,1500,False,-1,,-1,ldir,0.99,6.350509643233987,2392,,300000,none,0.0003,0.064,ldir,0.97235,0.0003,ldir,0.9897,5e-05,False,stack-writes_L16_st512_k6_s3.summary.json
stack-writes,16,512,6,4,-1,-1,111000,-1,-1,-1,111000,112000,1000,False,-1,,-1,ldir,0.989,6.3151293693511565,2318,,300000,none,0.0005,0.0601,none,0.00035,0.05725,ldir,0.9891,0.0,False,stack-writes_L16_st512_k6_s4.summary.json
stack-writes,16,512,6,5,-1,-1,42500,-1,-1,42000,42000,44000,2000,False,-1,,-1,ldir,0.99,6.328521437562065,2390,,300000,none,0.0002,0.0587,ldir,0.97545,5e-05,ldir,0.99,0.0,False,stack-writes_L16_st512_k6_s5.summary.json
stack-writes,16,512,6,6,-1,-1,60500,-1,-1,-1,60000,61500,1500,False,-1,,-1,ldir,0.988,6.399057837361381,2315,,300000,none,0.00045,0.06265,none,0.00065,0.0588,ldir,0.9879,0.0,False,stack-writes_L16_st512_k6_s6.summary.json
stack-writes,16,512,6,7,-1,-1,16500,-1,-1,-1,15500,18000,2500,False,-1,,-1,ldir,0.992,6.182762462048004,2345,,300000,none,0.00015,0.05785,ldir,0.97785,0.0,ldir,0.99185,0.0,False,stack-writes_L16_st512_k6_s7.summary.json
stack-writes,16,512,6,8,-1,-1,42000,-1,-1,42000,42000,43000,1000,False,-1,,-1,ldir,0.986,6.186882732788944,2392,,300000,none,0.0003,0.06075,ldir,0.97585,5e-05,ldir,0.98615,0.0001,False,stack-writes_L16_st512_k6_s8.summary.json
stack-writes,16,512,6,9,-1,-1,17500,-1,-1,17000,17000,19000,2000,False,-1,,-1,ldir,0.989,6.280807092693082,2342,,300000,none,0.0006,0.0569,ldir,0.98425,0.0009,ldir,0.98925,0.0001,False,stack-writes_L16_st512_k6_s9.summary.json
