stage,L,seed,cell,tape,heritable,confined,hamming_to_modal,n_sites,ctrl_herit
G,16,2001,227,ae e3 21 e3 21 c0 ae c0 ae e3 21 e3 21 c0 ae c0,True,True,4,1,True
G,16,2001,35,ad e3 21 e3 21 c0 ad c0 ad e3 21 e3 21 c0 ad c0,True,True,0,0,True
G,16,2001,74,ad e3 21 e3 21 c0 ad c0 ad e3 21 e3 21 c0 ad c0,True,True,0,0,True
G,16,2001,155,ad e3 21 e3 21 c0 ad c0 ad e3 21 e3 21 c0 ad c0,True,True,0,0,True
G,16,2001,231,ad e3 21 e3 21 c0 ad c0 ad e3 21 e3 21 c0 ad c0,True,True,0,0,True
G,16,2001,138,b5 e3 21 e3 21 c0 b5 c0 b5 e3 21 e3 21 c0 b5 c0,True,True,4,0,True
G,16,2001,15,8c e3 21 e3 21 c0 8c c0 8c e3 21 e3 21 c0 8c c0,True,True,4,0,True
G,16,2001,194,ad e3 21 e3 21 c0 ad c0 ad e3 21 e3 21 c0 ad c0,True,True,0,0,True
G,16,2002,1,11 50 52 c3 2e 14 00 f2 44 e4 b8 d8 28 28 ed b0,True,True,12,10,True
G,16,2002,194,11 90 4b c3 e9 5f 06 00 30 ed b0 0a 75 ce bb db,True,True,14,10,True
G,16,2002,10,11 b0 74 c3 e9 fb 64 bd b7 ed b0 7c b5 01 0b c2,True,True,14,10,True
G,16,2002,47,11 b0 0c c3 2e 79 db a7 ea 35 47 9b 35 a1 ed b0,True,True,13,10,True
G,16,2002,111,11 b0 68 c3 89 bc ae 77 c2 ed b0 7b 2d 00 00 3a,True,True,14,10,True
G,16,2002,121,11 50 07 c3 6e db 9f c5 e0 cc bf 78 3c 6e ed b0,True,True,12,10,True
G,16,2002,238,90 5a 5e c3 66 45 09 d8 3f ed b0 f6 89 ea 00 6d,True,True,14,11,True
G,16,2002,30,11 b0 7a c3 6e f0 02 fd 49 96 3c 70 7f 09 ed b0,True,True,13,10,True
G,16,2003,120,ad e3 21 e3 21 c0 ad c0 ad e3 21 e3 21 c0 ad c0,True,True,0,0,True
G,16,2003,123,ad e3 21 e3 21 c0 ad c0 ad e3 21 e3 21 c0 ad c0,True,True,0,0,True
G,16,2003,163,ad e3 21 e3 21 c0 ad c0 ad e3 21 e3 21 c0 ad c0,True,True,0,0,True
G,16,2003,3,ad e3 21 e3 21 c0 ad c0 ad e3 21 e3 21 c0 ad c0,True,True,0,0,True
G,16,2003,199,ad e3 21 e3 21 c0 ad c0 ad e3 21 e3 21 c0 ad c0,True,True,0,0,True
G,16,2003,32,ac e3 21 e3 21 c0 ac c0 ac e3 21 e3 21 c0 ac c0,True,True,4,0,True
G,16,2003,113,9c e3 21 e3 21 c0 9c c0 9c e3 21 e3 21 c0 9c c0,True,True,4,0,True
G,16,2003,27,ad e3 21 e3 21 c0 ad c0 ad e3 21 e3 21 c0 ad c0,True,True,0,0,True
G,16,2004,221,ad e3 21 e3 21 c0 ad c0 ad e3 21 e3 21 c0 ad c0,True,True,0,0,True
G,16,2004,191,ad e3 21 e3 21 e0 ad e0 ad e3 21 e3 21 e0 ad e0,True,True,4,0,True
G,16,2004,109,ad e3 21 e3 21 c0 ad c0 ad e3 21 e3 21 c0 ad c0,True,True,0,0,True
G,16,2004,248,ad e3 21 e3 21 c0 ad c0 ad e3 21 e3 21 c0 ad c0,True,True,0,0,True
G,16,2004,151,15 e3 21 e3 21 c0 15 c0 15 e3 21 e3 21 c0 15 c0,True,True,4,0,True
G,16,2004,7,9d e3 21 e3 21 c0 9d c0 9d e3 21 e3 21 c0 9d c0,True,True,4,0,True
G,16,2004,69,ad e3 21 e3 21 c0 ad c0 ad e3 21 e3 21 c0 ad c0,True,True,0,0,True
G,16,2004,226,ad e3 21 e3 21 c0 ad c0 ad e3 21 e3 21 c0 ad c0,True,True,0,0,True
G,16,2005,237,3d e3 21 e3 21 c0 3d c0 3d e3 21 e3 21 c0 3d c0,True,True,4,1,True
G,16,2005,207,96 e3 21 e3 21 c0 96 c0 96 e3 21 e3 21 c0 96 c0,True,True,4,0,True
G,16,2005,185,ac e3 21 e3 21 c0 ac c0 ac e3 21 e3 21 c0 ac c0,True,True,4,0,True
G,16,2005,182,96 e3 21 e3 21 c0 96 c0 96 e3 21 e3 21 c0 96 c0,True,True,4,0,True
G,16,2005,73,ad e3 21 e3 21 c0 ad c0 ad e3 21 e3 21 c0 ad c0,True,True,0,0,True
G,16,2005,38,b5 e3 21 e3 21 c0 b5 c0 b5 e3 21 e3 21 c0 b5 c0,True,True,4,0,True
G,16,2005,221,ad e3 21 e3 21 c0 ad c0 ad e3 21 e3 21 c0 ad c0,True,True,0,0,True
G,16,2005,18,96 e3 21 e3 21 c0 96 c0 96 e3 21 e3 21 c0 96 c0,True,True,4,0,True
G,16,2006,22,ad e3 21 e3 21 c0 ad c0 ad e3 21 e3 21 c0 ad c0,True,True,0,0,True
G,16,2006,86,02 e3 21 e3 21 c0 02 c0 02 e3 21 e3 21 c0 02 c0,True,True,4,0,True
G,16,2006,168,ad e3 21 e3 21 c0 ad c0 ad e3 21 e3 21 c0 ad c0,True,True,0,0,True
G,16,2006,114,ad e3 21 e3 21 c0 ad c0 ad e3 21 e3 21 c0 ad c0,True,True,0,0,True
G,16,2006,56,ad e3 21 e3 21 c0 ad c0 ad e3 21 e3 21 c0 ad c0,True,True,0,0,True
G,16,2006,121,ad e3 21 e3 21 c0 ad c0 ad e3 21 e3 21 c0 ad c0,True,True,0,0,True
G,16,2006,193,ad e3 21 e3 21 c0 ad c0 ad e3 21 e3 21 c0 ad c0,True,True,0,0,True
G,16,2006,47,ad e3 21 e3 21 c0 ad c0 ad e3 21 e3 21 c0 ad c0,True,True,0,0,True
G,16,2007,42,ad e3 21 e3 21 c0 ad c0 ad e3 21 e3 21 c0 ad c0,True,True,0,0,True
G,16,2007,225,ad e3 21 e3 21 c0 ad c0 ad e3 21 e3 21 c0 ad c0,True,True,0,0,True
G,16,2007,138,ad e3 21 e3 21 e0 ad e0 ad e3 21 e3 21 e0 ad e0,True,True,4,0,True
G,16,2007,147,ad e3 21 e3 21 c0 ad c0 ad e3 21 e3 21 c0 ad c0,True,True,0,0,True
G,16,2007,27,ad e3 21 e3 21 c0 ad c0 ad e3 21 e3 21 c0 ad c0,True,True,0,0,True
G,16,2007,53,ad e3 21 e3 21 c0 ad c0 ad e3 21 e3 21 c0 ad c0,True,True,0,0,True
G,16,2007,146,ad e3 21 e3 21 c0 ad c0 ad e3 21 e3 21 c0 ad c0,True,True,0,0,True
G,16,2007,218,ad e3 21 e3 21 c0 ad c0 ad e3 21 e3 21 c0 ad c0,True,True,0,0,True
G,16,2008,59,49 e3 21 e3 21 c0 49 c0 49 e3 21 e3 21 c0 49 c0,True,True,4,0,True
G,16,2008,119,ad e3 21 e3 21 c0 ad c0 ad e3 21 e3 21 c0 eb c0,True,True,1,0,True
G,16,2008,165,ad e3 21 e3 21 c0 ad c0 ad e3 21 e3 21 c0 ad c0,True,True,0,0,True
G,16,2008,130,ad e3 21 e3 21 c0 ad c0 ad e3 21 e3 21 c0 ad c0,True,True,0,0,True
G,16,2008,198,ad e3 21 e3 21 e0 ad e0 ad e3 21 e3 21 e0 ad e0,True,True,4,0,True
G,16,2008,190,ad e3 21 e3 21 c0 ad c0 ad e3 21 e3 21 c0 ad c0,True,True,0,0,True
G,16,2008,8,ad e3 21 e3 21 c0 ad c0 ad e3 21 e3 21 c0 ad c0,True,True,0,0,True
G,16,2008,94,84 e3 21 e3 21 c0 84 c0 84 e3 21 e3 21 c0 84 c0,True,True,4,0,True
G,16,2009,34,ad e3 21 e3 21 c0 ad c0 ad e3 21 e3 21 c0 ad c0,True,True,0,0,True
G,16,2009,81,ad e3 21 e3 21 c0 ad c0 ad e3 21 e3 21 c0 ad c0,True,True,0,0,True
G,16,2009,154,ad e3 21 e3 21 c0 ad c0 ad e3 21 e3 21 c0 ad c0,True,True,0,0,True
G,16,2009,96,ad e3 21 e3 21 c0 ad c0 ad e3 21 e3 21 c0 ad c0,True,True,0,0,True
G,16,2009,195,ad e3 21 e3 21 c0 ad c0 ad e3 21 e3 21 c0 ad c0,True,True,0,0,True
G,16,2009,65,ad e3 21 e3 21 c0 ad c0 ad e3 21 e3 21 c0 ad c0,True,True,0,0,True
G,16,2009,86,ae e3 21 e3 21 c0 ae c0 ae e3 21 e3 21 c0 ae c0,True,True,4,0,True
G,16,2009,67,ad e3 21 e3 21 c0 ad c0 ad e3 21 e3 21 c0 ad c0,True,True,0,0,True
G,16,2010,242,ad e3 21 e3 21 c0 ad c0 ad e3 21 e3 21 c0 ad c0,True,True,0,0,True
G,16,2010,164,ac e3 21 e3 21 c0 ac c0 ac e3 21 e3 21 c0 ac c0,True,True,4,0,True
G,16,2010,255,ad e3 21 e3 21 c0 ad c0 ad e3 21 e3 21 c0 ad c0,True,True,0,0,True
G,16,2010,180,ad e3 21 e3 21 c0 ad c0 ad e3 21 e3 21 c0 ad c0,True,True,0,0,True
G,16,2010,10,bc e3 21 e3 21 c0 bc c0 bc e3 21 e3 21 c0 bc c0,True,True,4,0,True
G,16,2010,199,ad e3 21 e3 21 c0 ad c0 ad e3 21 e3 21 c0 ad c0,True,True,0,0,True
G,16,2010,246,ad e3 21 e3 21 c0 ad c0 ad e3 21 e3 21 c0 c0 c0,True,True,1,0,True
G,16,2010,249,ad e3 21 e3 21 c0 ad c0 fb e3 21 e3 21 c0 ad c0,True,True,1,0,True
G,16,2011,196,28 5d 5e ed b0 3a ce be 28 5d 5e ed b0 3a ce be,True,True,8,4,True
G,16,2011,182,b0 5e ed b0 55 16 72 2a 44 a8 f3 dd aa 4f d9 ff,True,True,12,12,True
G,16,2011,17,28 5e 5e ed b0 0b be b3 28 5e 5e ed b0 0b be b3,True,True,8,4,True
G,16,2011,106,28 dc 5e ed b0 fc 6d 02 28 dc 5e ed b0 fc 6d 02,True,True,8,4,True
G,16,2011,13,88 54 5e ed b0 c7 0a 60 88 54 5e ed b0 c7 0a 60,True,True,10,4,True
G,16,2011,145,28 7d 5e ed b0 26 8b 27 28 7d 5e ed b0 26 8b 27,True,True,8,4,True
G,16,2011,249,28 29 5e ed b0 de 18 e9 28 29 5e ed b0 de 18 e9,True,True,8,4,True
G,16,2011,0,28 dd 5e ed b0 5a 9a 9d 28 dd 5e ed b0 5a 9a 9d,True,True,8,4,True
G,16,2012,13,b0 5e c3 2d ca 2e 38 77 af 64 07 21 93 ed b0 37,True,True,14,10,True
G,16,2012,229,50 5e c3 2d 1c 60 c1 10 db a1 2a 62 fc ed b0 e0,True,True,13,10,True
G,16,2012,198,b0 5e c3 2d dd 38 07 f3 aa ff ec ec e0 ed b0 22,True,True,14,10,True
G,16,2012,54,90 5e c3 2c 85 60 1b 76 3e aa 69 cb ed b0 db d7,True,True,14,10,True
G,16,2012,234,50 5e c3 2d 8b f1 c8 c7 37 e8 db c1 dc ed b0 d2,True,True,12,10,True
G,16,2012,114,b0 5e c3 6b 92 12 25 e6 a9 e1 82 ed b0 ba 96 af,True,True,12,10,True
G,16,2012,209,b0 5e c3 2b e5 cf ee 39 96 33 13 26 25 ed b0 3e,True,True,14,10,True
G,16,2012,185,90 5e f2 2c 7c 64 60 9f 0f 29 b3 76 ed b0 31 3a,True,True,14,10,True
G,16,2013,162,ac e3 21 e3 21 c0 ac c0 ac e3 21 e3 21 c0 ac c0,True,True,4,0,True
G,16,2013,244,ad e3 21 e3 21 c0 ad c0 ad e3 21 e3 21 c0 ad c0,True,True,0,0,True
G,16,2013,136,b5 e3 21 e3 21 c0 b5 c0 b5 e3 21 e3 21 c0 b5 c0,True,True,4,0,True
G,16,2013,222,ad e3 21 e3 21 c0 ad c0 ad e3 21 e3 21 c0 ad c0,True,True,0,0,True
G,16,2013,232,ad e3 21 e3 21 c0 ad c0 ad e3 21 e3 21 c0 ad c0,True,True,0,0,True
G,16,2013,177,84 e3 21 e3 21 c0 84 c0 84 e3 21 e3 21 c0 84 c0,True,True,4,0,True
G,16,2013,185,ad e3 21 e3 21 c0 ad c0 ad e3 21 e3 21 c0 ad c0,True,True,0,0,True
G,16,2013,94,ad e3 21 e3 21 c0 ad c0 ad e3 21 e3 21 c0 ad c0,True,True,0,0,True
G,16,2014,65,ad e3 21 e3 21 c0 ad c0 ad e3 21 e3 21 c0 ad c0,True,True,0,0,True
G,16,2014,118,ad e3 21 e3 21 c0 ad c0 ad e3 21 e3 21 c0 ad c0,True,True,0,0,True
G,16,2014,123,ad e3 21 e3 21 c0 ad c0 ad e3 21 e3 21 c0 ad c0,True,True,0,0,True
G,16,2014,7,ad e3 21 e3 21 c0 ad c0 ad e3 21 e3 21 c0 ad c0,True,True,0,0,True
G,16,2014,180,ad e3 21 e3 21 c0 ad c0 ad e3 21 e3 21 c0 ad c0,True,True,0,0,True
G,16,2014,199,ad e3 21 e3 21 c0 ad c0 ad e3 21 e3 21 c0 ad c0,True,True,0,0,True
G,16,2014,247,ad e3 21 e3 21 c0 ad c0 ad e3 21 e3 21 c0 ad c0,True,True,0,0,True
G,16,2014,236,ad e3 21 e3 21 c0 ad c0 ad e3 21 e3 21 c0 ad c0,True,True,0,0,True
G,16,2015,254,ad e3 21 e3 21 c0 ad c0 ad e3 21 e3 21 c0 ad c0,True,True,0,0,True
G,16,2015,152,ad e3 21 e3 21 c0 ad c0 ad e3 21 e3 21 c0 ad c0,True,True,0,0,True
G,16,2015,67,ac e3 21 e3 21 c0 ac c0 ac e3 21 e3 21 c0 ac c0,True,True,4,0,True
G,16,2015,4,ac e3 21 e3 21 c0 ac c0 ac e3 21 e3 21 c0 ac c0,True,True,4,0,True
G,16,2015,58,ad e3 21 e3 21 c0 ad c0 ad e3 21 e3 21 c0 ad c0,True,True,0,0,True
G,16,2015,18,ad e3 21 e3 21 c0 ad c0 ad e3 21 e3 21 c0 ad c0,True,True,0,0,True
G,16,2015,70,ad e3 21 e3 21 c0 ad c0 ad e3 21 e3 21 c0 ad c0,True,True,0,0,True
G,16,2015,109,95 e3 21 e3 21 c0 95 c0 95 e3 21 e3 21 c0 95 c0,True,True,4,0,True
G,16,2016,165,ad e3 21 e3 21 c0 ad c0 ad e3 21 e3 21 c0 ad c0,True,True,0,0,True
G,16,2016,126,ad e3 21 e3 21 c0 ad c0 ad e3 21 e3 21 c0 ad c0,True,True,0,0,True
G,16,2016,226,ad e3 21 e3 21 c0 ad c0 ad e3 21 e3 21 c0 ad c0,True,True,0,0,True
G,16,2016,118,ac e3 21 e3 21 c0 ac c0 ac e3 21 e3 21 c0 ac c0,True,True,4,0,True
G,16,2016,220,9c e3 21 e3 21 c0 9c c0 9c e3 21 e3 21 c0 9c c0,True,True,4,0,True
G,16,2016,228,ad e3 21 e3 21 c0 ad c0 ad e3 21 e3 21 c0 ad c0,True,True,0,0,True
G,16,2016,251,ad e3 21 e3 21 c0 ad c0 ad e3 21 e3 21 c0 ad c0,True,True,0,0,True
G,16,2016,91,ad e3 21 e3 21 c0 ad c0 ad e3 21 e3 21 c0 ad c0,True,True,0,0,True
G,16,2017,4,ad e3 21 e3 21 c0 ad c0 ad e3 21 e3 21 c0 ad c0,True,True,0,0,True
G,16,2017,168,ad e3 21 e3 21 c0 ad c0 ad e3 21 e3 21 c0 ad e3,True,True,1,0,True
G,16,2017,76,ad e3 21 e3 21 c0 ad c0 ad e3 21 e3 21 c0 ad c0,True,True,0,0,True
G,16,2017,42,ad e3 21 e3 21 c0 ad c0 ad e3 21 e3 21 c0 ad c0,True,True,0,0,True
G,16,2017,253,d8 e3 21 e3 21 c0 d8 c0 d8 e3 21 e3 21 c0 d8 c0,True,True,4,0,True
G,16,2017,89,ad e3 21 e3 21 c0 ad c0 ad e3 21 e3 21 c0 ad c0,True,True,0,0,True
G,16,2017,210,bc e3 21 e3 21 c0 bc c0 bc e3 21 e3 21 c0 bc c0,True,True,4,0,True
G,16,2017,199,ad e3 21 e3 21 c0 ad c0 ad e3 21 e3 21 c0 ad c0,True,True,0,0,True
G,16,2018,249,ac e3 21 e3 21 c0 ac c0 ac e3 21 e3 21 c0 ac c0,True,True,4,0,True
G,16,2018,86,94 e3 21 e3 21 c0 94 c0 94 e3 21 e3 21 c0 94 c0,True,True,4,0,True
G,16,2018,157,ad e3 21 e3 21 c0 ad c0 ad e3 21 e3 21 c0 ad c0,True,True,0,0,True
G,16,2018,173,ad e3 21 e3 21 c0 ad c0 ad e3 21 e3 21 c0 ad c0,True,True,0,0,True
G,16,2018,58,ad e3 21 e3 21 c0 ad c0 ad e3 21 e3 21 c0 ad c0,True,True,0,0,True
G,16,2018,17,ad e3 21 e3 21 c0 ad c0 ad e3 21 e3 21 c0 ad c0,True,True,0,0,True
G,16,2018,44,ad e3 21 e3 21 c0 ad c0 ad e3 21 e3 21 c0 ad c0,True,True,0,0,True
G,16,2018,220,ad e3 21 e3 21 c0 ad c0 ad e3 21 e3 21 c0 ad c0,True,True,0,0,True
G,16,2019,219,96 e3 21 e3 21 c0 96 c0 96 e3 21 e3 21 c0 96 c0,True,True,4,0,True
G,16,2019,151,ad e3 21 e3 21 c0 ad c0 ad e3 21 e3 21 c0 ad c0,True,True,0,0,True
G,16,2019,239,ac e3 21 e3 21 c0 ac c0 ac e3 21 e3 21 c0 ac c0,True,True,4,0,True
G,16,2019,45,ad e3 21 e3 21 c0 ad c0 ad e3 21 e3 21 c0 ad c0,True,True,0,0,True
G,16,2019,50,ac e3 21 e3 21 c0 ac c0 ac e3 21 e3 21 c0 ac c0,True,True,4,0,True
G,16,2019,220,ad e3 21 e3 21 c0 ad c0 ad e3 21 e3 21 c0 ad c0,True,True,0,0,True
G,16,2019,179,ad e3 21 e3 21 c0 ad c0 ad e3 21 e3 21 c0 ad c0,True,True,0,0,True
G,16,2019,127,ad e3 21 e3 21 c0 ad c0 ad e3 21 e3 21 c0 ad c0,True,True,0,0,True
G,16,2020,172,ac e3 21 e3 21 c0 ac c0 ac e3 21 e3 21 c0 ac c0,True,True,4,0,True
G,16,2020,3,ac e3 21 e3 21 c0 ac c0 ac e3 21 e3 21 c0 ac c0,True,True,4,0,True
G,16,2020,212,ac e3 21 e3 21 c0 ac c0 ac e3 21 e3 21 c0 ac c0,True,True,4,0,True
G,16,2020,213,ad e3 21 e3 21 c0 ad c0 ad e3 21 e3 21 c0 ad c0,True,True,0,0,True
G,16,2020,29,ac e3 21 e3 21 c0 ac c0 ac e3 21 e3 21 c0 ac c0,True,True,4,0,True
G,16,2020,112,ac e3 21 e3 21 c0 ac c0 ac e3 21 e3 21 c0 ac c0,True,True,4,0,True
G,16,2020,241,ac e3 21 e3 21 c0 ac c0 ac e3 21 e3 21 c0 ac c0,True,True,4,0,True
G,16,2020,54,ac e3 21 e3 21 c0 ac c0 ac e3 21 e3 21 c0 ac c0,True,True,4,0,True
G,20,2001,9,b0 11 ad c0 ed b0 11 ad c0 ed b0 11 ad c0 ed b0 11 ad c0 ed,True,True,8,0,True
G,20,2001,225,b0 11 85 16 ed b0 11 85 16 ed b0 11 85 16 ed b0 11 2d 16 ed,True,True,8,0,True
G,20,2001,252,b0 11 85 d9 ed b0 11 85 d9 ed b0 11 85 d9 ed b0 11 85 d9 ed,True,True,4,0,True
G,20,2001,99,b0 11 5d d9 ed b0 11 5d d9 ed b0 11 5d d9 ed b0 11 5d d9 ed,True,True,0,1,True
G,20,2001,233,b0 11 5d f2 ed b0 3c 5d f2 ed b0 11 5d f2 ed b0 11 5d f2 ed,True,True,5,0,True
G,20,2001,134,b0 11 85 d9 ed b0 11 85 d9 ed b0 11 85 d9 ed b0 11 85 d9 ed,True,True,4,0,True
G,20,2001,35,b0 11 5d d9 ed b0 11 5d d9 ed b0 11 5d d9 ed b0 11 5d d9 ed,True,True,0,0,True
G,20,2001,5,b0 11 5d 61 ed b0 11 5d 61 ed b0 11 5d 61 ed b0 11 5d 61 ed,True,True,4,0,True
G,20,2002,191,21 e5 21 e5 21 fd 20 e5 21 e5 21 e5 21 e5 21 fd 20 e5 21 e5,True,True,0,1,True
G,20,2002,107,21 e5 21 e5 21 fd 20 e5 21 e5 21 e5 21 e5 21 fd 20 e5 21 e5,True,True,0,2,True
G,20,2002,167,21 e5 21 e5 21 fd 20 e5 21 e5 21 e5 21 e5 21 fd 20 e5 21 e5,True,True,0,2,True
G,20,2002,98,21 e5 21 e5 21 fd 20 e5 21 e5 21 e5 21 e5 21 fd 20 e5 21 e5,True,True,0,2,True
G,20,2002,202,21 e5 21 e5 21 fd 20 e5 21 e5 21 e5 21 e5 21 fd 20 e5 21 e5,True,True,0,2,True
G,20,2002,59,21 e5 21 e5 21 fd 20 e5 21 e5 21 e5 21 e5 21 fd 20 e5 21 e5,True,True,0,2,True
G,20,2002,180,21 e5 21 e5 21 fd 20 e5 21 e5 21 e5 21 e5 21 fd 20 e5 21 e5,True,True,0,2,True
G,20,2002,117,21 e5 21 e5 21 fd 20 e5 21 e5 21 e5 21 e5 21 fd 20 e5 21 e5,True,True,0,1,True
G,20,2003,36,1e 9c 10 f6 53 76 98 b7 16 f5 ed b8 fd dd 75 e1 1e b8 4d 8e,True,True,13,10,True
G,20,2003,239,1e 9c 10 f6 3f 79 e8 86 18 1a ed b8 57 5a 94 b3 1e f6 7e 26,True,True,13,10,True
G,20,2003,232,1e 9c 18 f6 ea 23 3d 01 56 35 ed b8 ff ed bb 98 1e 06 00 1e,True,True,14,10,True
G,20,2003,153,1e 9c 10 f6 67 0f ad cf c2 f7 ed b8 c4 59 3d 16 1e 35 00 35,True,True,13,10,True
G,20,2003,227,1e 9c 18 f6 a5 04 5c 86 f3 c1 ed b8 6c d9 7a 13 1e 1a 1e 93,True,True,14,10,True
G,20,2003,50,1e 9c e5 ca fd 09 ae 01 9a 43 ed b8 f0 32 22 1e 1e 00 00 01,True,True,15,11,True
G,20,2003,114,7a c6 f4 0a 1e 9c 18 f6 22 9c 00 fe 0c 6e ed b8 7a c6 f4 7e,True,True,15,9,True
G,20,2003,115,1e 9c 10 f6 5d 91 46 07 6f 6d ed b8 cd a8 ff 02 1e b3 1f 25,True,True,13,10,True
G,20,2004,222,b0 1e 7c ed b0 1e 7c ed b0 1e 7c ed b0 1e 7c ed b0 1e 7c ed,True,True,5,0,True
G,20,2004,62,b0 1e a4 ed b0 1e a4 ed b0 1e a4 ed b0 1e a4 ed b0 1e a4 ed,True,True,0,0,True
G,20,2004,30,b0 1e 04 ed b0 1e 04 ed b0 1e 04 ed b0 1e 04 ed b0 1e 04 ed,True,True,5,0,True
G,20,2004,128,b0 1e 04 ed b0 1e 04 ed b0 1e 04 ed b0 1e 04 ed b0 1e 04 ed,True,True,5,0,True
G,20,2004,85,1e 7c ed b0 1e 7c ed b0 1e 7c ed b0 1e 7c ed b0 1e 7c ed b0,True,True,5,0,True
G,20,2004,69,1e a4 ed b0 1e a4 ed b0 1e a4 ed b0 1e a4 ed b0 1e a4 ed b0,True,True,0,0,True
G,20,2004,39,1e a4 ed b0 1e a4 ed b0 1e a4 ed b0 1e a4 ed b0 1e a4 ed b0,True,True,0,0,True
G,20,2004,206,1e 04 ed b0 1e 04 ed b0 1e 04 ed b0 1e 04 ed b0 1e 04 ed b0,True,True,5,0,True
G,20,2005,237,21 e5 21 e5 21 e5 21 e5 21 e5 21 e5 21 e5 21 e5 21 e5 21 e5,True,False,20,4,True
G,20,2005,185,11 d5 11 00 00 d5 11 d5 11 00 00 00 00 d5 11 d5 11 00 00 d5,True,False,8,2,True
G,20,2005,170,01 c5 01 c5 01 c5 01 c5 01 c5 01 c5 01 c5 01 c5 01 c5 01 c5,True,False,20,1,True
G,20,2005,244,11 d5 11 d5 11 d5 11 d5 11 d5 11 d5 11 d5 11 d5 11 d5 11 d5,True,False,0,5,True
G,20,2005,209,b4 d5 11 d5 11 d5 11 d5 11 d5 11 d5 11 fe b4 d5 11 d5 11 d5,True,False,3,2,True
G,20,2005,125,21 e5 21 e5 21 e5 21 e5 21 e5 21 e5 21 e5 21 e5 21 e5 21 e5,True,False,20,1,True
G,20,2005,169,11 d5 11 d5 11 d5 11 d5 11 d5 11 d5 11 d5 11 d5 11 d5 11 d5,True,False,0,1,True
G,20,2005,148,01 c5 01 c5 01 c5 01 c5 01 c5 01 c5 01 c5 01 c5 01 c5 01 c5,True,False,20,4,True
G,20,2006,251,b0 1e 04 ed b0 1e 04 ed b0 1e 04 ed b0 1e 04 ed b0 1e 04 ed,True,True,0,0,True
G,20,2006,247,b0 1e 04 ed b0 1e 04 ed b0 1e 04 ed b0 1e 04 ed b0 1e 04 ed,True,True,0,0,True
G,20,2006,168,1e 54 ed b0 1e 54 ed b0 1e 54 ed b0 1e 54 ed b0 1e 54 ed b0,True,True,5,0,True
G,20,2006,96,1e 5a ed b0 49 54 15 b0 1e fb 1e 5a ed b0 49 54 15 b0 1e fb,True,True,15,6,True
G,20,2006,178,1e a4 ed b0 1e a4 ed b0 1e a4 ed b0 1e a4 ed b0 1e a4 ed b0,True,True,5,0,True
G,20,2006,158,1e 7c ed b0 1e 7c ed b0 1e 7c ed b0 1e 7c ed b0 1e 7c ed b0,True,True,5,0,True
G,20,2006,253,48 1e 2d ed b0 48 1e 2d ed b0 48 1e 2d ed b0 48 1e 2d ed b0,True,True,17,1,True
G,20,2006,225,89 1e 55 ed b0 89 1e 55 ed b0 89 1e 55 ed b0 89 1e 55 ed b0,True,True,17,1,True
G,20,2007,36,1e 04 ed b0 1e 04 ed b0 1e 04 ed b0 1e 04 ed b0 1e 04 ed b0,True,True,5,0,True
G,20,2007,54,b0 a3 1e 55 ed b0 a3 1e 55 ed b0 a3 1e 55 ed b0 a3 1e 55 ed,True,True,17,1,True
G,20,2007,38,b0 1e a5 ed b0 b0 1e a5 ed b0 b0 1e a5 ed b0 b0 1e a5 ed b0,True,True,16,1,True
G,20,2007,77,b0 1e 04 ed b0 1e 04 ed b0 1e 04 ed b0 1e 04 ed b0 1e 04 ed,True,True,5,0,True
G,20,2007,225,b0 1e 04 ed b0 1e 04 ed b0 1e 04 ed b0 1e 04 ed b0 1e 04 ed,True,True,5,0,True
G,20,2007,76,1e 54 ed b0 1e 54 ed b0 1e 54 ed b0 1e 54 ed b0 1e 54 ed b0,True,True,0,0,True
G,20,2007,153,1e 7c ed b0 1e 7c ed b0 1e 7c ed b0 1e 7c ed b0 1e 7c ed b0,True,True,5,0,True
G,20,2007,30,b0 1e 54 ed b0 1e 54 ed b0 1e 54 ed b0 1e 54 ed b0 1e 54 ed,True,True,0,0,True
G,20,2008,251,21 e5 21 e5 21 4e 10 e5 21 e5 21 e5 21 e5 21 4e 10 e5 21 e5,True,True,0,2,True
G,20,2008,90,21 e5 21 e5 21 4e 10 e5 21 e5 21 e5 21 e5 21 4e 10 e5 21 e5,True,True,0,2,True
G,20,2008,170,21 e5 21 e5 21 e5 21 e5 21 e5 21 e5 21 e5 21 e5 21 e5 21 18,True,False,4,5,True
G,20,2008,144,21 e5 21 f6 21 e5 21 e5 21 e5 21 f6 21 f6 21 e5 21 e5 21 e5,True,False,5,0,True
G,20,2008,142,21 e5 21 e5 21 4e 30 e5 21 e5 21 e5 21 e5 21 4e 30 e5 21 e5,True,True,2,1,True
G,20,2008,23,21 e5 21 e5 21 4e 10 e5 21 e5 21 e5 21 e5 21 4e 10 e5 21 e5,True,True,0,1,True
G,20,2008,102,21 e5 21 e5 21 4e 10 e5 21 e5 21 e5 21 e5 21 4e 10 e5 21 76,True,True,1,1,True
G,20,2008,223,21 e5 21 e5 21 4e 10 e5 21 e5 21 e5 21 e5 21 4e 10 e5 21 e5,True,True,0,2,True
G,20,2009,22,11 54 20 94 ed b8 13 90 5d 45 1d 25 15 8d e1 c0 11 4f 00 4f,True,True,15,11,True
G,20,2009,107,11 2c 20 10 ed b8 07 97 bd b8 46 2b 00 41 0d 29 11 00 d3 02,True,True,13,10,True
G,20,2009,36,11 04 20 10 ed b8 fc 05 02 12 d2 70 57 9a c3 3c 11 ac 00 df,True,True,14,11,True
G,20,2009,129,11 2c 20 10 ed b8 37 78 f4 3e f8 49 0d 55 fb 73 11 02 00 99,True,True,13,11,True
G,20,2009,121,11 2c 20 10 ed b8 83 59 89 17 65 29 8d 05 16 0b 11 25 0b 00,True,True,13,11,True
G,20,2009,255,11 54 20 10 ed b8 96 bf 79 38 cf 45 00 4f 00 2d 11 02 00 ed,True,True,14,11,True
G,20,2009,204,11 2c 20 10 ed b8 00 08 37 0b 22 23 9e da 74 22 11 54 00 3c,True,True,13,11,True
G,20,2009,115,11 2c 20 10 ed b8 50 1e f0 e1 e0 5b 15 54 13 fa 11 dc 0f 00,True,True,13,10,True
G,20,2010,131,11 ad d9 ed b0 11 ad d9 ed b0 11 ad d9 ed b0 11 ad d9 ed b0,True,True,0,0,True
G,20,2010,44,11 85 d9 ed b0 11 85 d9 ed b0 11 85 d9 ed b0 11 85 d9 ed b0,True,True,4,1,True
G,20,2010,184,11 ad d9 ed b0 11 ad d9 ed b0 11 ad d9 ed b0 11 ad d9 ed b0,True,True,0,0,True
G,20,2010,36,11 fd 25 ed b0 11 fd 25 ed b0 11 fd 25 ed b0 11 fd 25 ed b0,True,True,8,0,True
G,20,2010,107,b0 11 85 d9 ed b0 11 85 d9 ed b0 11 85 d9 ed b0 11 85 d9 ed,True,True,4,0,True
G,20,2010,83,b0 11 d5 d9 ed b0 11 d5 d9 ed b0 11 d5 d9 ed b0 11 d5 d9 ed,True,True,4,0,True
G,20,2010,43,b0 11 d5 d9 ed b0 11 d5 d9 ed b0 11 d5 d9 ed b0 11 d5 d9 ed,True,True,4,0,True
G,20,2010,53,b0 11 d5 d9 ed b0 11 d5 d9 ed b0 11 d5 d9 ed b0 11 d5 d9 ed,True,True,4,0,True
G,20,2011,98,1e 04 ed b0 1e 04 ed b0 1e 04 ed b0 1e 04 ed b0 1e 04 ed b0,True,True,0,0,True
G,20,2011,150,b0 1e 7c ed b0 1e 7c ed b0 1e 7c ed b0 1e 7c ed b0 1e 7c ed,True,True,5,0,True
G,20,2011,28,1e 04 ed b0 1e 04 ed b0 1e 04 ed b0 1e 04 ed b0 1e 04 ed b0,True,True,0,0,True
G,20,2011,39,b0 1e 04 ed b0 1e 04 ed b0 1e 04 ed b0 1e 04 ed b0 1e 04 ed,True,True,0,0,True
G,20,2011,47,1e 2c ed b0 1e 2c ed b0 1e 2c ed b0 1e 2c ed b0 1e 2c ed b0,True,True,5,0,True
G,20,2011,82,1e f5 ed b0 b0 1e f5 ed b0 b0 1e f5 ed b0 b0 1e f5 ed b0 b0,True,True,16,1,True
G,20,2011,233,1e d2 ed b0 64 35 74 a7 ee 18 1e d2 ed b0 64 35 74 a7 ee 18,True,True,17,6,True
G,20,2011,61,1e 04 ed b0 1e 04 ed b0 1e 04 ed b0 1e 04 ed b0 1e 04 ed b0,True,True,0,0,True
G,20,2012,123,54 5e ed b0 54 5e ed b0 54 5e ed b0 54 5e ed b0 54 5e ed b0,True,True,5,0,True
G,20,2012,101,a4 5e ed b0 a4 5e ed b0 a4 5e ed b0 a4 5e ed b0 a4 5e ed b0,True,True,0,0,True
G,20,2012,137,54 5e ed b0 54 5e ed b0 54 5e ed b0 54 5e ed b0 54 5e ed b0,True,True,5,0,True
G,20,2012,189,04 5e ed b0 04 5e ed b0 04 5e ed b0 04 5e ed b0 04 5e ed b0,True,True,5,0,True
G,20,2012,25,a4 5e ed b0 a4 5e ed b0 a4 5e ed b0 a4 5e ed b0 a4 5e f3 b0,True,True,1,0,True
G,20,2012,188,a4 5e ed b0 a4 5e 6c b0 a4 5e ed b0 a4 5e ed b0 a4 5e ed b0,True,True,1,0,True
G,20,2012,70,04 5e ed b0 04 5e ed b0 04 5e ed b0 04 5e ed b0 04 5e ed b0,True,True,5,0,True
G,20,2012,244,a4 5e ed b0 a4 5e ed b0 a4 5e ed b0 a4 5e ed b0 a4 5e ed b0,True,True,0,0,True
G,20,2013,227,1e 04 ed b0 1e 04 ed b0 1e 04 ed b0 1e 04 ed b0 1e 04 ed b0,True,True,0,0,True
G,20,2013,196,1e 54 ed b0 1e 54 ed b0 1e 54 ed b0 1e 54 ed b0 1e 54 ed b0,True,True,5,0,True
G,20,2013,92,b0 1e 04 ed b0 1e 04 ed b0 1e 04 ed b0 1e 04 ed b0 1e 04 ed,True,True,0,0,True
G,20,2013,54,b0 1e 54 ed b0 1e 54 ed b0 1e 54 ed b0 1e 54 ed b0 1e 54 ed,True,True,5,0,True
G,20,2013,182,b0 1e 04 ed b0 1e 04 ed b0 1e 04 ed b0 1e 04 ed b0 1e 04 ed,True,True,0,0,True
G,20,2013,248,1e 7c ed b0 1e 7c ed b0 1e 7c ed b0 1e 7c ed b0 1e 7c ed b0,True,True,5,0,True
G,20,2013,13,1e 7c ed b0 1e 7c ed b0 1e 7c ed b0 1e 7c ed b0 1e 7c ed b0,True,True,5,0,True
G,20,2013,38,b0 1e 04 ed b0 1e 04 ed b0 1e 04 ed b0 1e 04 ed b0 1e 04 ed,True,True,0,0,True
G,20,2014,57,11 2c 20 10 ed b8 e2 e4 8f 9c bf 0f 6f 0d 00 a0 11 14 00 96,True,True,15,10,True
G,20,2014,46,15 11 2c 20 10 ed b8 81 00 03 d8 88 d0 fb 57 a4 15 00 b8 81,True,True,15,11,True
G,20,2014,101,11 2c 20 10 ed b8 2f 2b 90 e2 84 0b 1d 00 10 c3 11 98 01 46,True,True,14,11,True
G,20,2014,59,11 2c 20 10 ed b8 94 ea 95 85 fb b4 fb 0f d3 f0 11 ed b8 48,True,True,15,11,True
G,20,2014,252,11 54 20 10 ed b8 b6 1d 49 39 86 46 e8 90 55 f8 11 00 a1 00,True,True,16,10,True
G,20,2014,5,11 2c 20 4f ed b8 dd fb b6 30 1d 6a e4 69 7e 66 11 03 00 33,True,True,15,11,True
G,20,2014,105,11 54 20 10 ed b8 fd ea 92 ab ab b0 e9 e8 ce 15 11 00 b6 00,True,True,16,10,True
G,20,2014,229,11 54 20 10 ed b8 20 f2 20 84 43 20 43 0d ff 4c 11 e8 00 20,True,True,15,11,True
G,20,2015,41,1e a4 ed b0 1e a4 ed b0 1e a4 ed b0 1e a4 ed b0 1e a4 ed b0,True,True,0,0,True
G,20,2015,168,b0 1e 2c ed b0 1e 2c ed b0 1e 2c ed b0 1e 2c ed b0 1e 2c ed,True,True,5,0,True
G,20,2015,135,cc ed b0 1e cc ed b0 1e cc ed b0 1e cc ed b0 1e cc ed b0 1e,True,True,5,0,True
G,20,2015,25,1e a4 ed b0 1e a4 ed b0 1e a4 ed b0 1e a4 ed b0 1e a4 ed b0,True,True,0,0,True
G,20,2015,186,1e a4 ed b0 1e a4 ed b0 1e a4 ed b0 1e a4 ed b0 1e a4 ed b0,True,True,0,0,True
G,20,2015,127,1e 7c ed b0 1e 7c ed b0 1e 7c ed b0 1e 7c ed b0 1e 7c ed b0,True,True,5,0,True
G,20,2015,246,1e a4 ed b0 1e a4 ed b0 1e a4 ed b0 1e a4 ed b0 1e a4 ed b0,True,True,0,0,True
G,20,2015,136,1e 04 ed b0 1e 04 ed b0 1e 04 ed b0 1e 04 ed b0 1e 04 ed b0,True,True,5,0,True
G,20,2016,20,04 5e ed b0 04 5e ed b0 04 5e ed b0 04 5e ed b0 04 5e ed b0,True,True,5,0,True
G,20,2016,99,54 5e ed b0 54 5e ed b0 54 5e ed b0 54 5e ed b0 54 5e ed b0,True,True,5,0,True
G,20,2016,188,a4 5e ed b0 a4 5e ed b0 a4 5e ed b0 a4 5e ed b0 a4 5e ed b0,True,True,0,0,True
G,20,2016,69,04 5e ed b0 04 5e ed b0 04 5e ed b0 04 5e ed b0 04 5e ed b0,True,True,5,0,True
G,20,2016,220,04 5e ed b0 04 5e ed b0 04 5e ed b0 04 5e ed b0 04 5e ed b0,True,True,5,0,True
G,20,2016,16,b0 b0 04 04 04 5e ed b0 b0 04 5e ed b0 04 5e b0 b0 b0 04 04,True,False,13,0,True
G,20,2016,53,7c 5e ed b0 7c 5e ed b0 7c 5e ed b0 7c 5e ed b0 7c 5e ed b0,True,True,5,0,True
G,20,2016,225,04 5e ed b0 04 5e ed b0 04 5e ed b0 04 5e ed b0 04 5e ed b0,True,True,5,0,True
G,20,2017,60,21 e5 21 e5 21 e5 21 e5 21 e5 21 e5 21 e5 21 e5 21 e5 21 e5,True,False,4,1,True
G,20,2017,170,21 e5 21 e5 21 e5 21 e5 21 e5 21 e5 21 e5 21 e5 21 e5 21 e5,True,False,4,1,True
G,20,2017,169,21 e5 21 e5 21 e5 21 e5 21 e5 21 e5 21 e5 21 e5 21 e5 21 e5,True,False,4,1,True
G,20,2017,132,21 e5 21 e5 21 4e 10 e5 21 e5 21 e5 21 e5 21 4e 10 e5 21 e5,True,True,0,2,True
G,20,2017,193,21 e5 21 e5 21 4e 10 e5 21 e5 21 e5 21 e5 21 4e 10 e5 21 e5,True,True,0,1,True
G,20,2017,135,21 e5 21 e5 21 4e 10 e5 21 e5 21 e5 21 e5 21 4e 10 e5 21 e5,True,True,0,2,True
G,20,2017,233,21 e5 21 e5 21 4e 10 e5 21 e5 21 e5 21 e5 21 4e 10 e5 21 e5,True,True,0,2,True
G,20,2017,95,21 e5 21 e5 21 e5 21 e5 21 e5 21 e5 21 e5 21 e5 21 e5 21 e5,True,False,4,2,True
G,20,2018,154,b0 bd 1e 55 ed b0 bd 1e 55 ed b0 bd 1e 55 ed b0 bd 1e 55 ed,True,True,17,1,True
G,20,2018,237,1e 54 ed b0 1e 54 ed b0 1e 54 ed b0 1e 54 ed b0 1e 54 ed b0,True,True,5,0,True
G,20,2018,99,1e 7c ed b0 1e 7c ed b0 1e 7c ed b0 1e 7c ed b0 1e 7c ed b0,True,True,5,0,True
G,20,2018,126,1e a4 ed b0 1e a4 ed b0 1e a4 ed b0 1e a4 ed b0 1e a4 ed b0,True,True,0,0,True
G,20,2018,74,1e a4 ed b0 1e a4 ed b0 1e a4 ed b0 1e a4 ed b0 1e a4 ed b0,True,True,0,0,True
G,20,2018,42,b0 1e 7c ed b0 1e 7c ed b0 1e 7c ed b0 1e 7c ed b0 1e 7c 01,True,True,6,0,True
G,20,2018,169,1e a4 ed b0 1e a4 ed b0 1e a4 ed b0 1e a4 ed b0 1e a4 ed b0,True,True,0,0,True
G,20,2018,121,b0 1e 7c ed b0 1e 7c ed b0 1e 7c ed b0 1e 7c ed b0 1e 7c ed,True,True,5,0,True
G,20,2019,115,11 4d 26 ed b0 11 4d 26 ed b0 11 4d 26 ed b0 11 4d 26 ed b0,True,True,8,0,True
G,20,2019,248,b0 11 4d 80 ed b0 11 4d 80 ed b0 11 4d 80 ed b0 11 4d 80 ed,True,True,8,0,True
G,20,2019,68,11 9d 76 ed b0 11 9d 76 ed b0 11 9d 76 ed b0 11 9d 76 ed b0,True,True,4,1,True
G,20,2019,53,11 25 76 ed b0 11 25 76 ed b0 11 25 76 ed b0 11 25 76 ed b0,True,True,0,0,True
G,20,2019,18,11 9d 76 ed b0 11 9d 76 ed b0 11 9d 76 ed b0 11 9d 76 ed b0,True,True,4,0,True
G,20,2019,55,b0 11 9d 80 ed b0 11 9d 80 ed b0 11 9d 80 ed b0 11 9d 80 ed,True,True,8,0,True
G,20,2019,218,11 4d e9 ed b0 11 4d e9 ed b0 11 4d e9 ed b0 11 4d e9 ed b0,True,True,8,0,True
G,20,2019,245,11 4d 76 ed b0 11 4d 76 ed b0 11 4d 76 ed b0 11 4d 76 ed b0,True,True,4,0,True
G,20,2020,49,1e 04 ed b0 1e 04 ed b0 1e 04 ed b0 1e 04 ed b0 1e 04 ed b0,True,True,0,0,True
G,20,2020,232,b0 1e 04 ed b0 1e 04 ed b0 1e 04 ed b0 1e 04 ed b0 1e 04 ed,True,True,0,0,True
G,20,2020,5,b0 1e 04 ed b0 1e 04 ed b0 1e 04 ed b0 1e 04 ed b0 1e 04 ed,True,True,0,0,True
G,20,2020,134,b0 1e 04 ed b0 1e 04 ed b0 1e 04 ed b0 1e 04 ed b0 1e 04 ed,True,True,0,0,True
G,20,2020,28,1e 54 ed b0 1e 54 ed b0 1e 54 ed b0 1e 54 ed b0 1e 54 ed b0,True,True,5,0,True
G,20,2020,187,1e 2c ed b0 1e 2c ed b0 1e 2c ed b0 1e 2c ed b0 1e 2c ed b0,True,True,5,0,True
G,20,2020,160,1e a4 ed b0 1e a4 ed b0 1e a4 ed b0 1e a4 ed b0 1e a4 ed b0,True,True,5,0,True
G,20,2020,133,b0 1e 04 ed b0 1e 04 ed b0 1e 04 ed b0 1e da ed b0 1e 04 ed,True,True,1,0,True
G,50,2001,48,f0 e5 21 e5 21 e5 21 e5 21 e5 21 e5 21 20 f0 e5 21 e5 21 e5 21 e5 21 e5 21 e5 21 20 f0 e5 21 e5 21 e5 21 e5 21 e5 21 e5 21 e5 21 e5 21 e5 21 e5 21 e5,True,False,5,3,True
G,50,2001,240,f0 e5 21 e5 21 e5 21 e5 21 e5 21 e5 21 20 f0 e5 21 e5 21 e5 21 e5 21 e5 21 e5 21 e5 21 e5 21 e5 21 e5 21 e5 21 e5 21 e5 21 e5 21 e5 21 e5 21 20 f0 20,True,False,6,0,True
G,50,2001,97,21 e5 21 e5 21 e5 21 e5 21 e5 21 e5 21 e5 21 e5 21 20 21 e5 21 e5 21 e5 21 e5 21 e5 21 e5 21 e5 21 e5 21 e5 21 e5 21 e5 21 e5 21 e5 21 e5 21 e5 21 e5,True,False,1,9,True
G,50,2001,190,21 e5 21 e5 21 e5 21 e5 21 e5 21 e5 21 e5 21 e5 21 e5 f0 e5 21 e5 21 e5 21 e5 21 e5 21 e5 21 e5 21 e5 21 e5 21 e5 21 e5 21 e5 21 e5 21 e5 21 e5 21 e5,True,False,1,13,True
G,50,2001,186,21 e5 21 e5 21 e5 21 e5 21 e5 21 e5 21 e5 21 e5 21 e5 21 e5 21 e5 21 e5 21 e5 21 e5 21 e5 21 e5 21 e5 21 e5 21 e5 21 e5 21 e5 21 e5 21 e5 21 e5 21 e5,True,False,0,33,True
G,50,2001,217,21 e5 21 e5 21 00 00 e5 21 e5 21 e5 21 e5 21 e5 21 e5 21 e5 21 e5 21 e5 21 e5 21 e5 21 e5 21 e5 21 e5 21 e5 21 e5 21 e5 21 e5 21 e5 21 e5 21 e5 21 00,True,False,3,5,True
G,50,2001,35,00 e5 21 e5 21 e5 21 e5 21 20 f0 e5 21 e5 21 e5 21 e5 21 e5 21 e5 21 e5 21 e5 21 e5 21 e5 21 e5 21 e5 21 e5 21 e5 21 e5 21 e5 21 e5 21 e5 21 e5 21 e5,True,False,3,5,True
G,50,2001,3,21 e5 21 e5 21 e5 21 e5 21 e5 21 e5 21 e5 21 e5 21 e5 21 e5 21 e5 21 e5 21 e5 21 e5 21 e5 21 e5 21 e5 21 e5 21 e5 21 e5 21 e5 21 00 00 e5 21 00 00 e5,True,False,4,5,True
G,50,2002,12,21 e5 21 e5 21 e5 21 e5 21 e5 21 e5 21 e5 21 e5 21 e5 21 e5 21 e5 21 e5 21 e5 21 e5 21 e5 21 e5 21 e5 21 e5 21 e5 21 e5 21 e5 21 e5 21 e5 21 e5 21 e5,True,False,0,26,True
G,50,2002,225,21 e5 21 e5 21 e5 21 e5 21 e5 21 e5 21 e5 21 e5 21 e5 21 e5 21 e5 5f e5 21 e5 21 e5 21 e5 21 e5 21 e5 21 e5 21 e5 21 e5 21 e5 21 e5 5f e5 21 e5 21 e5,True,False,2,9,True
G,50,2002,122,00 e5 21 e5 21 e5 21 e5 21 e5 21 20 f0 e5 21 e5 21 20 f0 e5 21 e5 21 20 f0 e5 21 e5 21 20 f0 e5 21 e5 21 20 f0 e5 21 e5 21 20 f0 e5 21 e5 21 20 f0 e5,True,False,15,0,True
G,50,2002,251,21 e5 21 e5 21 e5 21 e5 21 e5 21 e5 21 e5 21 e5 21 e5 21 e5 21 e5 21 e5 21 e5 21 e5 21 e5 21 e5 21 e5 21 e5 21 e5 21 e5 21 e5 21 e5 21 e5 21 e5 21 20,True,False,1,12,True
G,50,2002,128,21 e5 21 e5 21 e5 21 e5 21 e5 21 e5 21 e5 21 e5 21 e5 21 e5 21 e5 21 e5 21 e5 21 e5 21 e5 21 e5 21 e5 21 e5 21 e5 21 e5 21 e5 21 e5 21 e5 21 e5 21 e5,True,False,0,27,True
G,50,2002,226,f0 e5 21 e5 21 e5 21 e5 21 e5 21 e5 21 20 f0 e5 21 e5 21 e5 21 e5 21 e5 21 e5 21 20 f0 e5 21 e5 21 e5 21 e5 21 e5 21 e5 21 20 f0 e5 21 e5 21 e5 21 e5,True,False,7,2,True
G,50,2002,16,21 e5 21 e5 21 e5 21 20 f0 e5 21 e5 21 e5 21 e5 21 e5 21 e5 21 20 f0 e5 21 e5 21 e5 21 e5 21 e5 21 e5 21 20 f0 e5 21 e5 21 e5 21 e5 21 e5 21 e5 21 20,True,True,7,0,True
G,50,2002,100,21 e5 21 e5 21 e5 21 20 f0 e5 21 e5 21 e5 21 e5 21 20 f0 e5 21 e5 21 e5 21 e5 21 e5 21 e5 21 e5 21 e5 21 e5 21 e5 21 e5 21 e5 21 e5 21 e5 21 e5 21 e5,True,False,4,3,True
G,50,2003,211,01 c5 01 c5 01 c5 01 c5 01 c5 01 c5 01 c5 01 c5 01 c5 01 c5 01 c5 01 c5 01 c5 01 c5 01 c5 01 c5 01 c5 01 c5 01 c5 01 c5 01 c5 01 c5 01 c5 01 c5 01 c5,True,False,0,24,True
G,50,2003,83,01 c5 01 c5 01 20 01 c5 01 c5 01 c5 01 c5 01 c5 01 c5 01 c5 01 20 f0 c5 01 c5 01 c5 01 c5 01 c5 01 c5 01 c5 01 c5 01 c5 01 c5 01 c5 01 c5 01 c5 01 c5,True,False,3,2,True
G,50,2003,251,01 c5 01 c5 01 c5 01 c5 01 c5 01 c5 ca c5 ca c5 01 c5 01 c5 ca c5 01 c5 ca c5 ca c5 01 c5 01 c5 01 c5 01 c5 01 c5 01 c5 01 c5 01 c5 01 c5 01 c5 01 c5,True,False,5,8,True
G,50,2003,237,01 c5 01 c5 01 c5 01 c5 01 c5 01 c5 01 c5 01 c5 01 c5 01 c5 01 c5 01 c5 01 c5 01 c5 01 c5 01 c5 01 c5 01 c5 01 c5 01 c5 01 c5 01 c5 01 c5 01 c5 01 c5,True,False,0,24,True
G,50,2003,101,01 20 01 20 01 20 01 20 01 20 01 20 01 20 01 c5 01 20 01 20 01 20 01 20 01 20 01 c5 01 c5 01 c5 01 c5 01 c5 01 c5 01 c5 01 c5 01 c5 01 c5 01 c5 01 c5,True,False,12,0,True
G,50,2003,49,01 c5 01 c5 01 c5 01 c5 01 c5 00 c5 00 c5 00 c5 01 c5 2e c5 01 c5 01 c5 01 c5 01 c5 01 c5 01 c5 00 c5 00 c5 00 c5 01 c5 01 c5 01 c5 01 c5 01 c5 01 c5,True,False,7,8,True
G,50,2003,225,01 c5 01 c5 01 c5 01 c5 01 c5 01 c5 01 c5 01 c5 01 00 00 20 f0 c5 01 c5 01 c5 01 c5 01 c5 01 c5 01 c5 01 c5 01 c5 01 c5 01 c5 01 c5 01 20 f0 c5 01 00,True,True,7,4,True
G,50,2003,201,01 c5 01 c5 01 c5 01 c5 01 20 f0 c5 01 c5 01 c5 01 c5 01 c5 01 c5 01 20 f0 c5 01 c5 01 c5 01 c5 01 c5 01 c5 01 20 f0 c5 01 c5 01 c5 01 c5 01 c5 01 c5,True,True,6,1,True
G,50,2004,96,21 20 f0 e5 21 e5 21 e5 21 e5 21 20 f0 e5 21 e5 21 20 f0 20 f0 e5 21 e5 21 e5 21 e5 21 e5 21 20 f0 20 f0 e5 21 e5 21 e5 21 e5 21 e5 21 20 f0 20 f0 e5,True,False,16,0,False
G,50,2004,189,21 e5 21 20 f0 e5 21 e5 21 e5 21 e5 21 e5 21 e5 21 20 f0 e5 21 e5 21 e5 21 e5 21 e5 21 e5 21 20 f0 e5 21 e5 21 e5 21 e5 21 20 f0 e5 21 20 f0 e5 21 e5,True,True,10,2,True
G,50,2004,145,21 92 21 e5 21 e5 21 e5 21 92 21 e5 21 92 21 e5 21 e5 21 e5 21 e5 21 e5 21 e5 21 e5 21 e5 21 92 21 20 21 20 21 e5 21 e5 21 e5 21 92 21 92 21 92 21 cb,True,False,10,0,True
G,50,2004,167,21 e5 21 e5 21 e5 21 e5 21 e5 21 e5 21 e5 21 e5 21 e5 21 e5 21 e5 21 e5 21 20 f0 e5 21 e5 21 e5 21 e5 21 20 f0 20 f0 e5 21 e5 21 e5 21 e5 21 e5 21 20,True,True,7,5,True
G,50,2004,184,21 e5 21 e5 21 e5 21 e5 21 e5 21 e5 21 e5 21 e5 21 e5 21 e5 21 e5 21 e5 21 e5 21 e5 21 e5 21 e5 21 e5 21 e5 f0 e5 21 e5 21 e5 21 e5 f0 e5 21 e5 21 e5,True,False,2,15,True
G,50,2004,231,21 e5 21 e5 21 e5 21 e5 21 20 f0 e5 21 e5 21 e5 21 e5 21 e5 21 e5 21 20 f0 e5 21 e5 21 e5 21 e5 21 e5 21 e5 21 20 f0 e5 21 e5 21 e5 21 e5 21 e5 21 e5,True,True,6,3,True
G,50,2004,121,21 e5 21 e5 21 20 21 e5 21 21 21 e5 21 20 21 20 f0 e5 21 e5 21 e5 00 e5 00 e5 21 e5 21 e5 21 e5 21 e5 21 e5 21 e5 21 e5 21 e5 21 e5 21 e5 21 e5 21 e5,True,False,7,0,False
G,50,2004,51,21 e5 21 e5 21 e5 21 e5 21 e5 21 e5 21 e5 21 e5 1c e5 1c e5 21 e5 1c e5 21 e5 1c e5 21 e5 21 e5 21 e5 21 e5 21 e5 21 e5 21 e5 21 e5 21 e5 21 e5 21 e5,True,False,4,2,True
G,50,2005,65,f0 c5 01 c5 01 c5 01 c5 01 c5 01 c5 01 20 f0 c5 01 c5 01 c5 01 c5 01 c5 01 c5 01 20 f0 c5 01 c5 01 c5 01 c5 01 c5 01 c5 01 c5 01 20 f0 c5 01 c5 01 c5,True,False,7,0,True
G,50,2005,26,01 20 f0 c5 01 c5 01 c5 01 c5 01 c5 01 20 01 20 f0 c5 01 c5 01 c5 01 c5 01 c5 01 20 01 20 f0 c5 01 c5 01 c5 01 c5 01 c5 01 20 01 20 f0 c5 01 c5 01 c5,True,False,11,1,False
G,50,2005,216,01 c5 01 c5 01 c5 01 c5 01 c5 01 c5 01 c5 01 c5 01 c5 01 c5 01 c5 01 c5 01 c5 01 c5 01 c5 01 c5 01 c5 01 c5 01 c5 01 c5 01 c5 01 c5 01 c5 01 c5 01 c5,True,False,0,29,True
G,50,2005,132,01 c5 01 20 f0 c5 01 c5 01 c5 01 c5 01 c5 01 c5 01 c5 01 20 f0 c5 01 c5 01 c5 01 c5 01 20 f0 c5 01 c5 01 c5 01 c5 01 c5 01 c5 01 c5 01 c5 01 c5 01 c5,True,True,6,3,True
G,50,2005,42,01 c5 01 c5 01 c5 01 de 00 c5 01 c5 01 c5 01 c5 01 c5 01 5a 00 c5 01 de 00 c5 01 c5 01 c5 01 de 00 5a 00 c5 01 c5 01 c5 01 c5 01 de 00 c5 01 c5 01 de,True,False,13,0,True
G,50,2005,12,f0 c5 01 c5 01 c5 01 c5 01 c5 01 c5 01 20 f0 c5 01 c5 01 c5 01 c5 01 c5 01 c5 01 20 f0 c5 01 c5 01 c5 01 c5 01 c5 01 c5 01 20 f0 c5 01 c5 01 c5 01 c5,True,False,7,0,True
G,50,2005,149,01 c5 01 c5 01 20 01 c5 01 c5 01 c5 01 c5 01 c5 01 20 01 c5 01 c5 01 c5 01 c5 01 c5 01 20 01 c5 01 c5 01 c5 01 c5 01 c5 01 20 01 c5 01 c5 01 c5 01 20,True,False,5,3,False
G,50,2005,180,01 c5 01 c5 01 c5 01 c5 01 c5 01 c5 01 c5 01 c5 01 c5 01 c5 01 c5 01 c5 01 c5 01 c5 01 c5 01 c5 01 c5 01 c5 01 c5 01 c5 01 c5 01 c5 01 c5 01 c5 01 c5,True,False,0,30,True
G,50,2006,191,01 c5 01 c5 01 c5 01 c5 01 c5 01 c5 01 c5 01 c5 01 c5 01 c5 01 c5 01 c5 01 c5 01 c5 01 20 01 c5 01 c5 01 c5 01 c5 01 c5 01 c5 01 20 f0 c5 01 c5 01 c5,True,False,3,6,True
G,50,2006,106,01 20 f0 c5 01 c5 01 c5 01 c5 01 c5 01 c5 01 20 f0 c5 01 c5 01 c5 01 c5 01 c5 01 c5 01 20 f0 c5 01 c5 01 c5 01 c5 01 c5 01 c5 01 c5 01 20 f0 c5 01 c5,True,False,8,0,True
G,50,2006,88,01 c5 01 c5 01 c5 01 20 01 c5 01 20 01 20 f0 20 f0 20 f0 20 f0 20 f0 20 f0 20 f0 20 f0 20 f0 20 f0 c5 01 c5 01 c5 01 c5 01 c5 01 c5 01 c5 01 c5 01 c5,True,True,22,0,True
G,50,2006,124,01 c5 01 20 f0 c5 01 20 01 c5 00 c5 01 20 f0 c5 01 c5 01 c5 01 c5 01 c5 01 c5 01 c5 01 c5 01 c5 01 c5 01 c5 01 c5 01 c5 01 c5 01 c5 01 c5 01 c5 01 20,True,False,7,2,True
G,50,2006,225,01 c5 01 20 f0 c5 01 c5 01 c5 01 c5 01 c5 01 c5 01 20 f0 c5 01 c5 01 c5 01 c5 01 c5 01 c5 01 20 f0 c5 01 c5 01 20 f0 c5 01 c5 01 c5 01 c5 01 c5 01 c5,True,True,8,2,True
G,50,2006,203,f0 c5 01 c5 01 c5 01 c5 01 c5 01 c5 01 20 f0 c5 01 c5 01 c5 01 c5 01 c5 01 c5 01 20 f0 c5 01 c5 01 c5 01 c5 01 c5 01 20 f0 20 f0 c5 01 c5 01 c5 01 c5,True,False,9,0,True
G,50,2006,145,01 c5 01 c5 01 c5 01 20 f0 c5 01 c5 01 c5 01 c5 01 c5 01 c5 01 20 f0 c5 01 c5 01 c5 01 c5 01 c5 01 c5 01 20 f0 c5 01 c5 01 c5 01 c5 01 c5 01 c5 01 20,True,False,7,0,True
G,50,2006,21,01 c5 01 c5 01 c5 01 c5 01 c5 01 c5 01 c5 01 c5 01 c5 01 c5 01 c5 01 c5 01 c5 01 c5 01 c5 01 c5 01 c5 01 c5 01 c5 01 c5 01 c5 01 c5 01 c5 01 c5 01 c5,True,False,0,23,True
G,50,2007,66,01 c5 01 c5 01 c5 01 c5 01 c5 01 c5 01 20 f0 c5 01 c5 01 c5 01 c5 01 c5 01 c5 01 c5 01 c5 01 20 f0 c5 01 c5 01 c5 01 c5 01 c5 01 c5 01 c5 01 20 f0 c5,True,False,6,5,True
G,50,2007,221,01 20 f0 20 f0 c5 01 c5 01 c5 01 c5 01 c5 01 c5 01 20 f0 c5 01 c5 01 c5 01 c5 01 c5 01 c5 01 c5 01 c5 01 c5 01 20 f0 c5 01 c5 01 c5 01 c5 01 c5 01 c5,True,False,8,3,True
G,50,2007,227,01 c5 01 c5 01 c5 01 c5 01 c5 01 c5 01 c5 01 c5 01 c5 01 c5 01 c5 01 c5 01 c5 01 c5 01 c5 01 c5 01 c5 01 c5 01 c5 01 c5 01 c5 01 c5 01 c5 01 c5 01 c5,True,False,0,23,True
G,50,2007,189,01 c5 01 c5 01 c5 01 c5 01 c5 01 c5 01 c5 01 c5 01 c5 01 c5 01 c5 01 c5 01 c5 01 c5 01 c5 01 c5 01 c5 4f c5 01 c5 01 c5 01 c5 01 c5 01 c5 01 c5 01 c5,True,False,1,22,True
G,50,2007,40,01 c5 01 c5 01 20 f0 c5 01 c5 01 20 f0 20 f0 c5 01 c5 01 c5 01 c5 01 c5 01 20 f0 c5 01 c5 01 c5 01 c5 01 c5 01 20 f0 c5 01 c5 01 c5 01 c5 01 c5 01 20,True,True,11,2,True
G,50,2007,198,01 c5 01 c5 01 c5 01 c5 01 c5 01 c5 01 c5 01 c5 01 c5 01 c5 01 c5 01 c5 01 c5 01 c5 01 c5 01 c5 01 c5 01 c5 01 c5 01 c5 01 c5 01 c5 01 c5 01 c5 01 c5,True,False,0,26,True
G,50,2007,155,01 c5 01 c5 01 20 f0 c5 01 c5 01 c5 01 c5 01 c5 01 c5 01 c5 01 20 f0 c5 01 c5 01 20 f0 c5 01 20 f0 c5 01 c5 01 c5 01 c5 01 c5 01 c5 01 c5 01 c5 01 c5,True,True,8,2,True
G,50,2007,84,01 c5 01 c5 01 c5 01 c5 01 c5 01 c5 01 c5 01 c5 01 c5 01 c5 01 c5 01 c5 01 c5 01 c5 01 c5 01 c5 01 c5 01 c5 01 c5 01 c5 01 c5 01 c5 01 c5 01 00 00 20,True,False,3,8,True
G,50,2008,0,01 20 f0 c5 01 c5 01 c5 01 c5 01 c5 01 c5 01 20 f0 c5 01 c5 01 c5 01 c5 01 c5 01 c5 01 20 f0 c5 01 c5 01 c5 01 c5 01 c5 01 c5 01 c5 01 20 f0 c5 01 c5,True,False,8,0,True
G,50,2008,123,01 20 f0 c5 01 c5 01 c5 01 c5 01 20 f0 c5 01 20 f0 c5 01 c5 01 c5 01 c5 01 20 f0 c5 01 20 f0 c5 01 c5 01 c5 01 20 f0 c5 01 c5 01 c5 01 c5 01 c5 01 20,True,False,13,0,False
G,50,2008,77,01 c5 01 c5 01 c5 01 c5 01 c5 01 c5 01 20 f0 c5 01 c5 01 c5 01 c5 01 c5 01 c5 01 20 f0 c5 01 c5 01 c5 01 c5 01 c5 01 c5 01 20 f0 c5 01 c5 01 c5 01 c5,True,True,6,2,True
G,50,2008,178,01 c5 01 c5 01 c5 01 c5 01 c5 01 c5 01 c5 01 c5 01 c5 01 c5 01 20 f0 c5 01 c5 01 c5 01 c5 01 c5 01 c5 01 c5 01 c5 01 c5 01 20 f0 c5 01 c5 01 c5 01 c5,True,False,4,5,True
G,50,2008,130,00 00 00 c5 01 c5 01 c5 01 20 f0 c5 01 c5 01 20 f0 c5 01 c5 01 20 f0 c5 01 c5 01 20 f0 c5 01 c5 01 20 f0 c5 01 c5 01 20 f0 c5 01 c5 01 20 f0 c5 01 c5,True,True,17,1,True
G,50,2008,85,01 c5 01 00 00 00 00 c5 01 c5 01 c5 01 c5 01 c5 01 c5 01 00 00 c5 01 c5 01 00 01 c5 01 c5 01 c5 01 c5 01 c5 01 c5 01 c5 01 c5 01 c5 01 c5 01 00 00 c5,True,False,9,5,True
G,50,2008,17,01 c5 01 c5 01 c5 01 c5 01 c5 01 c5 01 20 f0 c5 01 20 f0 c5 01 c5 01 c5 01 c5 01 c5 01 c5 01 c5 01 c5 01 c5 01 c5 01 20 f0 c5 01 c5 01 c5 01 20 f0 c5,True,False,8,1,True
G,50,2008,53,01 c5 01 c5 01 c5 01 c5 01 c5 01 c5 01 c5 01 c5 01 c5 01 c5 01 c5 01 c5 01 c5 01 c5 01 c5 01 c5 01 c5 01 c5 01 c5 01 c5 01 c5 01 c5 01 c5 01 c5 01 c5,True,False,0,35,True
G,50,2009,1,01 20 f0 c5 01 c5 01 c5 01 c5 01 c5 01 c5 01 c5 01 c5 01 c5 01 c5 01 c5 01 20 f0 c5 01 c5 01 c5 01 c5 01 c5 01 c5 01 20 f0 c5 01 c5 01 c5 01 20 f0 c5,True,False,8,0,True
G,50,2009,159,01 c5 01 c5 01 c5 01 c5 01 c5 01 c5 01 c5 01 c5 01 c5 01 c5 01 c5 01 c5 01 c5 01 c5 01 c5 01 c5 01 c5 01 c5 01 c5 01 c5 01 c5 01 c5 01 c5 01 c5 01 c5,True,False,0,23,True
G,50,2009,107,01 c5 01 c5 01 20 f0 c5 01 c5 01 c5 01 c5 01 c5 01 c5 01 20 f0 c5 01 c5 01 c5 01 c5 01 c5 01 c5 01 20 f0 c5 01 c5 01 20 f0 c5 01 c5 01 c5 01 c5 01 c5,True,True,8,0,True
G,50,2009,52,01 00 00 c5 01 00 00 c5 01 00 00 c5 01 c5 01 c5 01 00 00 c5 01 c5 01 c5 01 00 00 c5 01 c5 01 c5 01 c5 01 c5 01 c5 01 00 00 c5 01 c5 01 c5 01 c5 01 c5,True,False,12,4,True
G,50,2009,170,01 c5 01 c5 01 c5 01 c5 01 c5 01 20 f0 c5 01 c5 01 c5 01 c5 01 c5 01 c5 01 20 f0 c5 01 c5 01 c5 01 c5 01 c5 01 c5 01 20 f0 c5 01 20 f0 c5 01 c5 01 c5,True,True,8,0,True
G,50,2009,188,01 c5 01 c5 01 c5 01 20 f0 c5 01 20 f0 c5 01 20 f0 c5 01 20 f0 c5 01 20 f0 c5 01 c5 01 c5 01 c5 01 c5 01 c5 01 c5 01 c5 01 c5 01 c5 01 c5 01 c5 01 c5,True,False,10,3,True
G,50,2009,248,01 20 f0 c5 01 c5 01 c5 01 c5 01 c5 01 c5 01 20 f0 c5 01 c5 01 c5 01 c5 01 c5 01 c5 01 20 f0 c5 01 c5 01 c5 01 c5 01 c5 01 c5 01 20 f0 c5 01 c5 01 c5,True,False,8,1,True
G,50,2009,116,01 c5 01 c5 01 c5 01 c5 01 c5 01 20 f0 c5 01 c5 01 c5 01 c5 01 c5 01 c5 01 20 f0 c5 01 c5 01 c5 01 c5 01 c5 01 20 f0 c5 01 c5 01 c5 01 c5 01 20 f0 c5,True,True,8,0,True
G,50,2010,85,01 c5 01 c5 01 c5 01 c5 01 c5 01 c5 01 c5 01 c5 01 c5 01 c5 01 c5 01 c5 01 c5 01 c5 01 c5 01 c5 01 c5 01 c5 01 c5 01 c5 01 c5 01 c5 01 c5 01 00 00 c5,True,False,2,4,True
G,50,2010,145,01 c5 01 c5 01 c5 01 c5 01 20 f0 c5 01 c5 01 c5 01 c5 01 c5 01 c5 01 20 f0 c5 01 c5 01 c5 01 c5 01 c5 01 c5 01 20 f0 c5 01 c5 01 c5 01 c5 01 c5 01 c5,True,True,6,1,True
G,50,2010,232,01 c5 01 c5 01 c5 01 20 f0 c5 01 c5 01 c5 01 c5 01 c5 01 c5 01 20 f0 c5 01 c5 01 c5 01 c5 01 c5 01 c5 01 20 f0 c5 01 c5 01 c5 01 c5 01 c5 01 c5 01 20,True,False,7,0,True
G,50,2010,77,01 c5 01 c5 01 c5 01 c5 01 c5 01 20 f0 c5 01 c5 01 c5 01 c5 01 c5 01 c5 01 c5 01 c5 01 c5 01 c5 01 c5 01 20 f0 c5 01 c5 01 c5 01 c5 01 c5 01 c5 01 20,True,False,5,1,True
G,50,2010,186,01 c5 01 c5 01 c5 01 c5 01 20 f0 20 f0 c5 01 c5 01 c5 01 c5 01 c5 01 20 f0 20 f0 c5 01 c5 01 c5 01 c5 01 c5 01 20 f0 20 f0 c5 01 20 f0 c5 01 c5 01 c5,True,True,14,1,True
G,50,2010,149,01 c5 01 c5 01 c5 01 c5 01 c5 01 20 f0 c5 01 20 f0 c5 01 c5 01 c5 01 c5 01 c5 01 c5 01 c5 01 c5 01 c5 01 c5 01 c5 01 c5 01 c5 01 c5 01 c5 01 c5 01 c5,True,False,4,6,True
G,50,2010,72,01 c5 01 c5 01 c5 01 c5 01 c5 01 c5 01 c5 01 c5 01 00 01 c5 01 c5 01 c5 01 c5 01 c5 01 c5 01 c5 01 c5 01 c5 01 c5 01 c5 01 c5 01 c5 01 c5 01 c5 01 c5,True,False,1,14,True
G,50,2010,146,f0 c5 01 c5 01 c5 01 c5 01 c5 01 c5 01 c5 01 c5 01 c5 01 c5 01 c5 01 c5 01 c5 01 c5 01 c5 01 c5 01 c5 01 c5 01 c5 01 c5 01 c5 01 c5 01 c5 01 c5 01 c5,True,False,1,22,True
G,50,2011,237,01 20 f0 c5 01 c5 01 20 01 c5 01 20 f0 c5 01 c5 01 20 f0 c5 01 20 f0 c5 01 c5 01 c5 01 c5 01 20 f0 c5 01 20 f0 20 f0 c5 01 20 f0 c5 01 c5 01 20 f0 c5,True,True,19,0,True
G,50,2011,89,01 00 00 c5 01 c5 01 c5 01 c5 01 c5 01 00 00 c5 01 c5 01 00 00 c5 01 c5 01 00 00 c5 01 c5 01 00 00 c5 01 c5 01 00 00 c5 01 c5 01 00 00 c5 01 c5 01 00,True,False,15,7,True
G,50,2011,185,00 00 00 c5 01 c5 00 00 00 c5 01 c5 00 00 00 c5 01 c5 00 00 00 c5 01 c5 00 00 00 c5 01 c5 00 00 00 c5 01 c5 00 00 00 c5 01 c5 00 00 00 c5 01 00 00 00,True,False,27,0,True
G,50,2011,148,01 c5 01 c5 01 c5 01 c5 01 c5 01 c5 01 c5 01 c5 01 c5 01 c5 01 c5 01 20 01 c5 01 c5 01 00 00 c5 01 c5 01 c5 01 c5 01 c5 01 c5 01 c5 01 c5 01 c5 01 c5,True,False,3,10,True
G,50,2011,70,01 c5 01 c5 01 c5 01 c5 01 c5 01 20 f0 c5 01 c5 01 c5 01 c5 01 c5 01 c5 01 20 f0 c5 01 c5 01 c5 01 c5 01 c5 01 c5 01 20 f0 c5 01 c5 01 c5 01 c5 01 20,True,True,7,0,True
G,50,2011,41,01 c5 01 c5 01 c5 01 c5 01 c5 01 c5 01 c5 01 c5 01 c5 01 c5 01 c5 01 c5 01 c5 01 c5 01 c5 01 c5 01 c5 01 c5 01 c5 01 c5 01 c5 01 c5 01 c5 01 c5 01 c5,True,False,0,33,True
G,50,2011,176,01 c5 01 c5 01 c5 01 c5 01 20 f0 c5 01 c5 01 c5 01 c5 01 c5 01 c5 01 c5 01 c5 01 c5 01 20 f0 c5 01 c5 01 c5 01 c5 01 c5 01 c5 01 c5 01 c5 01 c5 01 c5,True,False,4,3,True
G,50,2011,252,01 c5 01 c5 01 c5 01 c5 01 20 f0 c5 01 c5 01 c5 01 c5 01 c5 01 c5 01 20 f0 c5 01 c5 01 c5 01 c5 01 c5 01 c5 01 20 f0 c5 01 c5 01 c5 01 c5 01 c5 01 c5,True,True,6,2,True
G,50,2012,36,01 c5 01 c5 01 c5 01 5a c5 ac 00 c5 01 c5 01 5a c5 5a c5 c5 01 c5 01 c5 01 5a c5 c5 01 5a c5 ac 00 c5 01 c5 01 c5 01 ac 00 00 00 c5 01 5a c5 c5 01 c5,True,False,20,0,True
G,50,2012,125,01 c5 01 c5 01 c5 01 c5 00 c5 00 c5 01 20 01 20 01 c5 00 c5 00 c5 01 c5 01 c5 01 c5 01 c5 01 c5 01 c5 01 c5 01 c5 01 c5 01 c5 01 c5 01 c5 01 c5 01 c5,True,False,6,3,True
G,50,2012,103,01 c5 01 c5 01 c5 01 c5 01 fb 01 c5 01 c5 01 c5 01 c5 01 c5 01 c5 01 00 01 c5 01 c5 01 c5 01 c5 01 c5 01 c5 01 fb 01 c5 01 c5 01 c5 01 c5 01 c5 01 c5,True,False,3,6,True
G,50,2012,191,01 c5 01 c5 01 c5 01 c5 01 20 f0 c5 01 c5 01 c5 01 c5 01 c5 01 c5 01 20 f0 c5 01 c5 01 c5 01 c5 01 c5 01 c5 01 20 f0 c5 01 c5 01 c5 01 20 f0 c5 01 20,True,True,9,0,True
G,50,2012,81,01 c5 01 c5 01 c5 01 c5 01 c5 01 c5 01 c5 01 c5 01 c5 f0 c5 01 c5 01 c5 f0 c5 01 c5 01 c5 01 c5 01 c5 f0 c5 01 c5 01 c5 01 c5 01 c5 f0 c5 01 c5 01 c5,True,False,4,4,True
G,50,2012,210,01 20 f0 c5 01 c5 01 c5 01 c5 01 c5 01 c5 01 20 f0 c5 01 c5 01 c5 01 c5 01 c5 01 c5 01 20 f0 c5 01 c5 01 c5 01 c5 01 c5 01 c5 01 c5 01 20 f0 c5 01 c5,True,False,8,0,True
G,50,2012,39,01 20 f0 c5 01 c5 01 c5 01 c5 01 c5 01 c5 01 20 f0 c5 01 c5 01 c5 01 c5 01 c5 01 c5 01 20 f0 c5 01 c5 01 c5 01 c5 01 c5 01 c5 01 c5 01 20 f0 c5 01 c5,True,False,8,0,True
G,50,2012,79,01 c5 01 c5 01 c5 01 c5 01 c5 01 c5 01 c5 01 c5 01 bb 01 bb 01 c5 01 c5 01 c5 01 c5 01 bb 01 c5 01 c5 01 c5 01 c5 01 c5 01 c5 01 c5 01 c5 01 bb 01 c5,True,False,4,7,True
G,50,2013,113,01 20 f0 c5 01 c5 01 c5 01 c5 01 c5 01 20 01 20 f0 c5 01 c5 01 c5 01 c5 01 c5 01 20 01 20 f0 c5 01 c5 01 c5 01 c5 01 c5 01 20 01 20 f0 c5 01 c5 01 c5,True,False,11,0,True
G,50,2013,143,f0 c5 01 c5 01 c5 01 c5 01 c5 01 c5 01 20 f0 c5 01 c5 01 c5 01 c5 01 c5 01 c5 01 c5 01 20 f0 c5 01 c5 01 c5 01 c5 01 c5 01 c5 01 20 f0 c5 01 c5 01 c5,True,False,7,0,True
G,50,2013,208,01 c5 01 c5 01 20 f0 c5 01 c5 01 c5 01 c5 01 20 f0 c5 01 20 f0 20 f0 c5 01 c5 01 c5 01 20 f0 c5 01 20 f0 c5 01 c5 01 c5 01 c5 01 c5 01 c5 01 c5 01 c5,True,False,12,0,False
G,50,2013,172,01 c5 01 c5 01 c5 01 20 f0 c5 01 c5 01 c5 01 c5 01 c5 01 c5 01 20 f0 c5 01 c5 01 c5 01 c5 01 c5 01 c5 01 20 f0 c5 01 c5 01 c5 01 c5 01 c5 01 c5 01 20,True,False,7,0,True
G,50,2013,210,01 c5 01 c5 01 20 01 c5 01 c5 01 c5 01 c5 01 c5 01 20 01 c5 01 c5 01 c5 01 c5 01 20 01 c5 01 c5 01 c5 01 c5 01 c5 01 c5 01 c5 01 c5 01 c5 01 c5 01 c5,True,False,3,11,True
G,50,2013,41,01 c5 01 c5 01 c5 01 c5 01 20 f0 c5 01 c5 01 c5 01 c5 01 c5 01 c5 01 20 f0 c5 01 c5 01 c5 01 c5 01 c5 01 c5 01 20 f0 c5 01 c5 01 c5 01 c5 01 c5 01 c5,True,True,6,0,True
G,50,2013,135,f0 20 f0 c5 01 c5 01 c5 01 c5 01 c5 01 c5 01 20 f0 c5 01 c5 01 c5 01 c5 01 c5 01 c5 01 c5 01 c5 01 20 f0 c5 01 20 f0 c5 01 c5 01 c5 01 c5 01 20 f0 c5,True,False,11,1,True
G,50,2013,199,01 20 f0 c5 01 c5 01 c5 01 c5 01 c5 01 c5 01 20 f0 c5 01 c5 01 c5 01 c5 01 c5 01 c5 01 20 f0 c5 01 c5 01 c5 01 c5 01 c5 01 c5 01 c5 01 20 f0 c5 01 c5,True,False,8,0,True
G,50,2014,202,01 c5 01 c5 01 c5 01 c5 01 c5 01 c5 01 c5 01 c5 01 c5 01 c5 01 c5 01 c5 01 c5 01 c5 01 c5 01 c5 01 c5 01 c5 01 c5 01 c5 01 c5 01 c5 01 c5 01 c5 01 c5,True,False,0,21,True
G,50,2014,232,01 c5 01 c5 01 c5 01 c5 01 20 f0 c5 01 c5 01 c5 01 c5 01 c5 01 c5 01 20 f0 c5 01 c5 01 c5 01 c5 01 c5 01 c5 01 20 f0 c5 01 c5 01 c5 01 c5 01 c5 01 c5,True,True,6,2,True
G,50,2014,26,01 c5 01 c5 01 c5 01 c5 01 c5 01 c5 01 c5 01 c5 01 c5 01 c5 01 c5 01 c5 01 c5 01 c5 01 c5 01 c5 01 c5 01 c5 01 c5 01 c5 01 c5 01 c5 01 c5 01 c5 01 c5,True,False,0,26,True
G,50,2014,171,01 c5 01 20 f0 c5 01 20 f0 c5 01 c5 01 c5 01 c5 01 20 f0 c5 01 20 f0 c5 01 c5 01 c5 01 c5 01 20 f0 c5 01 20 f0 20 f0 c5 01 c5 01 c5 01 c5 01 c5 01 c5,True,False,14,0,False
G,50,2014,212,01 c5 01 c5 01 c5 01 c5 01 20 f0 20 f0 c5 01 c5 01 c5 01 c5 01 c5 01 20 f0 20 f0 c5 01 c5 01 c5 01 c5 01 c5 01 2c f0 20 f0 c5 01 20 f0 c5 01 c5 01 c5,True,True,14,0,True
G,50,2014,123,01 00 01 c5 01 c5 01 c5 01 00 01 c5 01 c5 01 c5 01 c5 01 c5 01 00 01 c5 01 c5 01 c5 01 c5 01 c5 01 c5 01 c5 01 00 01 c5 01 c5 01 00 01 c5 01 c5 01 00,True,False,6,2,True
G,50,2014,20,01 c5 01 c5 01 c5 01 c5 01 20 01 c5 01 c5 01 c5 01 c5 01 c5 01 c5 01 c5 01 c5 01 c5 01 c5 01 c5 01 c5 01 c5 01 c5 01 c5 01 c5 01 c5 01 c5 01 c5 01 c5,True,False,1,15,True
G,50,2014,63,01 20 f0 c5 01 c5 01 c5 01 c5 01 c5 01 c5 01 20 f0 c5 01 c5 01 c5 01 c5 01 c5 01 c5 01 20 f0 c5 01 c5 01 c5 01 c5 01 c5 01 c5 01 c5 01 20 f0 c5 01 c5,True,False,8,0,True
G,50,2015,196,01 c5 01 c5 01 c5 01 c5 01 c5 01 c5 01 c5 01 c5 01 c5 01 c5 01 c5 01 c5 01 c5 01 c5 01 c5 01 c5 01 c5 01 c5 01 c5 01 c5 01 c5 01 c5 01 c5 01 c5 01 c5,True,False,0,30,True
G,50,2015,152,01 c5 01 c5 01 c5 01 c5 01 c5 01 20 f0 c5 01 c5 01 c5 01 c5 01 c5 01 c5 01 20 f0 c5 01 c5 01 c5 01 c5 01 c5 01 c5 01 20 f0 c5 01 20 f0 c5 01 c5 01 c5,True,True,8,0,True
G,50,2015,184,01 c5 01 c5 01 c5 01 c5 01 c5 01 c5 01 c5 01 c5 01 c5 01 c5 01 c5 01 c5 01 c5 01 c5 01 c5 01 c5 01 c5 01 c5 01 c5 01 c5 01 c5 01 c5 01 c5 01 c5 01 c5,True,False,0,26,True
G,50,2015,86,00 c5 01 c5 01 c5 01 c5 01 c5 01 0c f0 c5 01 c6 01 c5 01 c6 01 c5 01 c5 01 c6 01 c5 01 c5 01 c6 01 c5 01 c5 01 c6 01 c5 01 c5 01 c6 01 c5 01 c5 01 c6,True,False,10,1,True
G,50,2015,99,01 c5 01 c5 01 c5 01 c5 01 c5 01 c5 01 c5 01 c5 01 c5 01 c5 01 c5 01 c5 01 c5 01 c5 01 c5 01 c5 01 c5 01 1c 01 c5 01 c5 01 c5 01 c5 01 c5 01 c5 01 c5,True,False,1,21,True
G,50,2015,23,01 c5 01 c5 01 c5 01 c5 01 c5 01 20 f0 20 f0 20 f0 c5 01 c5 01 c5 01 c5 01 20 f0 c5 01 c5 01 20 f0 20 01 c5 01 c5 01 20 f0 20 01 c5 01 c5 01 c5 01 c5,True,True,14,0,True
G,50,2015,131,01 c5 01 c5 01 c5 01 c5 01 c5 01 20 f0 c5 01 20 f0 c5 01 c5 01 c5 01 c5 01 c5 01 c5 01 c5 01 c5 01 c5 01 c5 01 c5 01 c5 01 c5 01 c5 01 c5 01 c5 01 c5,True,False,4,8,True
G,50,2015,139,01 c5 01 00 01 c5 01 c5 01 c5 01 c5 01 c5 01 c5 01 c5 01 00 00 00 00 00 00 00 01 c5 01 c5 01 c5 01 c5 01 c5 01 c5 01 c5 01 c5 01 c5 01 c5 01 c5 01 00,True,False,9,9,True
G,50,2016,37,21 e5 21 e5 21 e5 21 e5 21 e5 21 e5 21 20 f0 e5 21 e5 21 e5 21 e5 21 e5 21 e5 21 e5 21 e5 21 20 f0 e5 21 e5 21 e5 21 e5 21 e5 21 e5 21 e5 21 20 f0 e5,True,False,6,3,True
G,50,2016,212,21 e5 21 e5 21 00 21 e5 21 e5 21 e5 21 00 21 00 21 e5 21 00 21 e5 21 e5 21 00 21 00 21 e5 21 e5 21 e5 21 e5 21 e5 21 00 21 e5 21 e5 21 e5 21 00 21 e5,True,False,8,4,True
G,50,2016,78,21 20 f0 e5 21 e5 21 e5 21 e5 21 e5 21 e5 21 20 f0 e5 21 e5 21 e5 21 e5 21 e5 21 e5 21 20 f0 e5 21 e5 21 e5 21 e5 21 e5 21 e5 21 e5 21 20 f0 e5 21 e5,True,False,8,0,True
G,50,2016,6,21 e5 21 e5 21 e5 21 e5 21 20 f0 e5 21 e5 21 e5 21 e5 21 e5 21 e5 21 20 f0 e5 21 e5 21 e5 21 e5 21 e5 21 e5 21 20 f0 e5 21 e5 21 e5 21 e5 21 e5 21 e5,True,True,6,2,True
G,50,2016,143,21 e5 21 e5 21 e5 21 e5 21 e5 21 e5 21 e5 21 e5 21 e5 21 e5 21 e5 21 e5 21 e5 21 e5 21 e5 21 e5 21 e5 21 e5 21 e5 21 e5 21 e5 21 e5 21 e5 21 e5 21 e5,True,False,0,23,True
G,50,2016,251,21 20 f0 e5 21 e5 21 e5 21 e5 21 e5 21 e5 21 20 f0 e5 21 e5 21 e5 21 e5 21 e5 21 e5 21 e5 21 e5 21 e5 21 e5 21 e5 21 20 f0 e5 21 e5 21 20 f0 e5 21 20,True,False,9,0,True
G,50,2016,247,21 e5 21 e5 21 e5 21 e5 21 e5 21 e5 21 e5 21 e5 21 e5 21 e5 21 e5 21 e5 21 e5 21 e5 21 e5 21 e5 21 e5 21 e5 21 e5 21 e5 21 e5 21 e5 21 e5 21 e5 21 e5,True,False,0,26,True
G,50,2016,45,21 e5 21 20 f0 e5 21 e5 21 e5 21 e5 21 e5 21 e5 21 20 f0 e5 21 e5 21 e5 21 e5 21 e5 21 e5 21 20 f0 e5 21 e5 21 20 f0 e5 21 e5 21 e5 21 e5 21 e5 21 e5,True,True,8,2,True
G,50,2017,187,01 c5 01 20 f0 c5 01 20 f0 c5 01 c5 01 c5 01 c5 01 20 f0 c5 01 20 f0 c5 01 c5 01 c5 01 c5 01 20 f0 c5 01 20 f0 20 f0 c5 01 c5 01 c5 01 c5 01 c5 01 c5,True,False,14,0,True
G,50,2017,47,01 c5 01 c5 01 c5 01 c5 01 20 f0 c5 01 20 01 c5 01 c5 01 c5 01 c5 01 20 f0 c5 01 20 01 c5 01 c5 01 c5 01 c5 01 20 f0 c5 01 20 01 c5 01 c5 01 c5 01 20,True,True,10,1,True
G,50,2017,199,01 c5 01 c5 01 c5 01 c5 01 20 f0 c5 01 c5 01 c5 01 c5 01 c5 01 c5 01 20 f0 c5 01 c5 01 c5 01 c5 01 c5 01 c5 01 20 f0 c5 01 c5 01 c5 01 c5 01 c5 01 c5,True,True,6,2,True
G,50,2017,146,01 c5 01 c5 01 c5 01 c5 01 20 f0 c5 01 c5 01 c5 01 c5 01 c5 01 c5 01 20 f0 c5 01 c5 01 c5 01 c5 01 c5 01 c5 01 20 f0 c5 01 c5 01 c5 01 c5 01 c5 01 c5,True,True,6,2,True
G,50,2017,38,01 c5 01 c5 01 c5 01 c5 01 c5 01 c5 01 c5 01 20 f0 c5 01 c5 01 c5 01 c5 01 c5 01 c5 01 c5 01 c5 01 c5 01 c5 01 c5 01 c5 01 c5 01 c5 01 c5 01 20 f0 c5,True,False,4,2,True
G,50,2017,80,01 c5 01 c5 01 c5 01 20 f0 c5 01 c5 01 c5 01 c5 01 c5 01 c5 01 20 f0 c5 01 c5 01 c5 01 c5 01 c5 01 c5 01 20 f0 c5 01 c5 01 c5 01 c5 01 c5 01 c5 01 20,True,False,7,0,True
G,50,2017,56,01 c5 01 c5 01 c5 01 20 f0 c5 01 c5 01 c5 01 20 f0 c5 01 c5 01 20 f0 20 f0 c5 01 c5 01 c5 01 c5 01 c5 01 c5 01 c5 01 20 f0 c5 01 c5 01 20 f0 c5 01 c5,True,False,12,0,True
G,50,2017,95,01 c5 01 c5 01 c5 01 20 f0 c5 01 c5 01 c5 01 c5 01 20 f0 c5 01 c5 01 c5 01 c5 01 20 f0 c5 01 c5 01 c5 01 c5 01 20 f0 c5 01 c5 01 c5 01 c5 01 20 f0 c5,True,False,10,0,True
G,50,2018,199,21 e5 21 e5 21 e5 21 e5 21 e5 21 e5 21 e5 21 e5 21 e5 21 e5 21 e5 21 e5 21 e5 21 e5 21 e5 21 e5 21 e5 21 e5 21 e5 21 e5 21 e5 21 e5 21 e5 21 e5 21 e5,True,False,0,29,True
G,50,2018,81,21 e5 21 e5 21 e5 21 e5 21 e5 21 e5 21 e5 21 e5 21 e5 21 e5 21 e5 21 20 f0 e5 21 e5 21 e5 21 e5 21 e5 21 e5 21 20 f0 e5 21 e5 21 20 21 e5 21 e5 21 20,True,True,6,0,True
G,50,2018,61,21 e5 21 e5 21 e5 21 e5 21 e5 21 e5 21 e5 21 e5 21 00 00 e5 21 e5 21 e5 21 e5 21 e5 21 e5 21 e5 21 e5 21 e5 21 e5 21 e5 21 e5 21 e5 21 e5 21 e5 21 e5,True,False,2,3,True
G,50,2018,177,21 e5 21 e5 21 e5 21 e5 21 e5 21 e5 21 e5 21 20 f0 e5 21 20 f0 e5 21 e5 21 e5 21 e5 21 e5 21 e5 21 e5 21 e5 21 e5 21 e5 21 e5 21 20 f0 e5 21 e5 21 e5,True,False,6,4,True
G,50,2018,164,21 e5 21 e5 21 e5 21 e5 21 20 f0 e5 21 e5 21 e5 21 e5 21 e5 21 e5 21 20 f0 e5 21 e5 21 e5 21 e5 21 e5 21 e5 21 20 f0 e5 21 e5 21 e5 21 e5 21 e5 21 e5,True,True,6,2,True
G,50,2018,107,21 e5 21 e5 21 e5 21 e5 21 20 f0 e5 21 e5 21 e5 21 e5 21 e5 21 e5 21 e5 21 e5 21 e5 21 e5 21 e5 21 e5 21 e5 21 e5 21 e5 21 e5 21 e5 21 e5 21 e5 21 20,True,False,3,2,True
G,50,2018,181,21 e5 21 e5 21 e5 21 e5 21 e5 21 e5 21 e5 21 e5 21 e5 21 e5 21 e5 21 e5 21 e5 21 e5 21 e5 21 e5 21 e5 21 e5 21 e5 21 e5 21 e5 21 e5 21 e5 21 e5 21 e5,True,False,0,24,True
G,50,2018,202,21 e5 21 e5 21 e5 21 e5 21 e5 21 e5 21 e5 21 e5 21 e5 21 e5 21 e5 21 e5 21 e5 21 20 21 e5 21 e5 21 e5 21 e5 21 e5 21 e5 21 e5 21 e5 21 e5 21 e5 21 e5,True,False,1,15,True
G,50,2019,73,f0 20 f0 c5 01 c5 01 c5 01 c5 01 c5 01 c5 01 20 f0 c5 01 c5 01 c5 01 c5 01 c5 01 c5 01 c5 01 c5 01 20 f0 c5 01 20 f0 c5 01 c5 01 c5 01 c5 01 20 f0 c5,True,False,11,1,True
G,50,2019,133,01 20 f0 c5 01 c5 01 c5 01 c5 01 c5 01 c5 01 20 f0 c5 01 c5 01 c5 01 c5 01 c5 01 c5 01 20 f0 c5 01 c5 01 c5 01 c5 01 c5 01 c5 01 c5 01 20 f0 c5 01 c5,True,False,8,0,True
G,50,2019,122,01 c5 01 c5 01 c5 01 c5 01 c5 01 c5 01 c5 01 c5 01 c5 01 c5 01 c5 01 c5 01 c5 01 c5 01 c5 01 c5 01 c5 01 c5 01 c5 01 c5 01 c5 01 c5 01 c5 01 c5 01 c5,True,False,0,25,True
G,50,2019,46,01 c5 01 c5 01 c5 01 c5 01 20 f0 c5 01 20 f0 c5 01 c5 01 c5 01 c5 01 c5 01 c5 01 c5 01 c5 01 c5 01 c5 01 c5 01 c5 01 c5 01 c5 01 c5 01 c5 01 c5 01 20,True,False,5,7,True
G,50,2019,221,01 c5 01 c5 01 c5 01 c5 01 c5 01 c5 01 c5 01 c5 01 c5 01 c5 01 c5 01 c5 01 c5 01 c5 01 c5 01 c5 01 c5 01 c5 01 c5 01 c5 01 c5 01 c5 01 c5 01 c5 01 c5,True,False,0,28,True
G,50,2019,10,01 c5 01 c5 01 c5 01 20 f0 c5 01 c5 01 c5 01 c5 01 c5 01 c5 01 20 f0 c5 01 c5 01 c5 01 c5 01 c5 01 c5 01 20 f0 c5 01 c5 01 c5 01 c5 01 c5 01 c5 01 20,True,False,7,0,True
G,50,2019,35,01 c5 01 20 f0 c5 01 c5 01 c5 01 c5 01 c5 01 c5 01 20 f0 c5 01 c5 01 c5 01 c5 01 c5 01 c5 01 20 f0 c5 01 c5 01 c5 01 c5 01 20 f0 c5 01 20 f0 c5 01 c5,True,True,10,3,True
G,50,2019,23,01 c5 01 c5 01 c5 01 c5 01 c5 01 c5 01 c5 01 c5 01 c5 01 c5 01 c5 01 c5 01 c5 01 c5 01 c5 01 c5 01 c5 01 c5 01 c5 01 c5 01 c5 01 c5 01 c5 01 c5 01 c5,True,False,0,24,True
G,50,2020,57,21 e5 21 e5 21 e5 21 e5 21 e5 21 20 f0 e5 21 e5 21 e5 21 e5 21 e5 21 e5 21 20 f0 e5 21 e5 21 e5 21 e5 21 e5 21 e5 21 20 f0 e5 21 e5 21 e5 21 e5 21 e5,True,True,6,0,True
G,50,2020,161,21 e5 21 e5 21 e5 21 e5 21 20 f0 e5 21 e5 21 e5 21 e5 21 e5 21 e5 21 20 f0 e5 21 e5 21 e5 21 e5 21 e5 21 e5 21 20 f0 e5 21 e5 21 e5 21 e5 21 e5 21 e5,True,True,6,1,True
G,50,2020,192,21 e5 21 e5 21 e5 21 e5 21 e5 21 e5 21 e5 21 e5 21 e5 21 e5 21 e5 21 e5 21 e5 21 e5 21 e5 21 e5 21 e5 21 e5 21 e5 21 e5 21 e5 21 e5 21 e5 21 e5 21 e5,True,False,0,24,True
G,50,2020,112,21 e5 21 e5 21 e5 21 00 00 e5 21 e5 21 00 00 e5 21 e5 21 00 00 e5 21 e5 21 00 00 e5 21 e5 21 00 00 00 00 e5 21 e5 21 e5 21 e5 21 e5 21 00 00 e5 21 e5,True,False,14,2,True
G,50,2020,125,21 e5 21 e5 21 e5 21 20 f0 e5 21 e5 21 e5 21 e5 21 e5 21 e5 21 20 f0 e5 21 e5 21 e5 21 e5 21 e5 21 e5 21 20 f0 e5 21 e5 21 e5 21 e5 21 e5 21 e5 21 20,True,True,7,0,True
G,50,2020,188,21 e5 21 30 f0 e5 21 30 f0 e5 21 e5 21 e5 21 e5 21 30 f0 e5 21 30 f0 e5 21 e5 21 e5 21 e5 21 30 f0 e5 21 30 f0 e5 21 e5 21 e5 21 e5 21 30 f0 e5 21 e5,True,False,14,0,True
G,50,2020,255,21 e5 21 e5 21 e5 21 e5 21 e5 21 20 f0 e5 21 e5 21 e5 21 e5 21 e5 21 e5 21 20 f0 e5 21 e5 21 e5 21 e5 21 e5 21 e5 21 20 f0 e5 21 20 f0 e5 21 e5 21 e5,True,True,8,0,True
G,50,2020,204,21 e5 d9 e5 21 e5 21 e5 21 e5 21 e5 21 20 f0 e5 21 e5 21 20 f0 e5 21 e5 21 e5 21 e5 21 e5 d9 e5 21 e5 21 e5 21 20 f0 e5 21 e5 21 e5 d9 e5 21 e5 21 e5,True,False,9,0,True
G,64,2001,172,01 c5 01 c5 01 c5 01 c5 01 c5 01 c5 01 c5 01 c5 01 c5 01 c5 01 c5 01 c5 01 c5 01 c5 01 c5 01 c5 01 c5 01 c5 01 c5 01 c5 01 c5 01 c5 01 c5 01 c5 01 c5 01 c5 01 18 78 18 78 18 78 18 78 18 78 18,True,False,11,2,True
G,64,2001,181,01 c5 01 c5 01 c5 01 c5 01 c5 01 c5 01 00 01 c5 01 c5 01 c5 01 c5 01 c5 01 c5 01 c5 01 c5 01 c5 01 c5 01 c5 01 c5 01 c5 01 c5 01 c5 01 c5 01 c5 01 c5 01 c5 01 c5 01 c5 01 c5 78 c5 01 00 00 c5,True,False,4,7,True
G,64,2001,173,78 c5 01 c5 01 18 78 c5 01 c5 01 18 78 c5 01 c5 01 18 78 c5 01 c5 01 c5 01 c5 01 c5 01 c5 01 c5 01 c5 01 c5 01 c5 01 c5 01 c5 01 c5 01 c5 01 c5 01 c5 01 c5 01 c5 01 c5 01 c5 01 c5 01 c5 01 c5,True,False,7,0,False
G,64,2001,93,01 c5 01 c5 01 c5 01 c5 01 c5 01 c5 01 c5 01 c5 01 30 01 c5 01 c5 01 c5 01 c5 01 c5 01 c5 01 30 01 c5 01 c5 01 c5 01 c5 01 c5 01 c5 01 c5 01 c5 01 c5 01 c5 01 c5 01 c5 01 c5 01 c5 01 c5 01 c5,True,False,2,10,True
G,64,2001,14,01 c5 01 c5 01 c5 01 c5 01 c5 01 c5 01 c5 01 c5 01 c5 01 c5 01 c5 01 c5 01 c5 01 c5 01 c5 01 c5 01 c5 01 c5 01 c5 01 c5 01 c5 01 c5 01 c5 01 c5 01 c5 01 c5 01 c5 01 c5 01 c5 01 c5 01 00 00 c5,True,False,2,2,True
G,64,2001,32,01 c5 01 c5 01 18 01 c5 01 c5 01 c5 01 c5 01 c5 01 c5 01 c5 01 c5 01 18 78 18 78 c5 01 c5 01 c5 01 18 78 c5 01 c5 01 18 78 c5 01 c5 01 18 78 c5 01 c5 01 18 78 c5 01 c5 01 18 78 c5 01 c5 01 18,True,True,16,1,True
G,64,2001,174,78 c5 01 c5 01 18 78 c5 01 c5 01 18 78 c5 01 c5 01 18 78 c5 01 c5 01 18 78 c5 01 c5 01 18 78 c5 01 c5 01 18 78 c5 01 c5 01 18 78 c5 01 c5 01 18 78 c5 01 c5 01 18 78 c5 01 18 78 c5 01 c5 01 c5,True,False,21,0,True
G,64,2001,151,78 c5 01 c5 01 18 78 c5 01 c5 01 18 78 c5 01 c5 01 18 78 c5 01 c5 01 18 78 c5 01 c5 01 18 78 c5 01 c5 01 18 78 c5 01 c5 01 18 78 c5 01 18 78 18 78 c5 01 c5 01 c5 01 c5 01 c5 01 c5 01 c5 01 c5,True,False,19,0,True
G,64,2002,164,78 e5 21 e5 21 10 78 e5 21 e5 21 10 78 e5 21 e5 21 10 78 e5 21 e5 21 e5 21 e5 21 10 78 e5 21 e5 21 10 78 e5 21 e5 21 10 78 e5 21 e5 21 10 78 e5 21 e5 21 10 78 e5 21 e5 21 e5 21 e5 21 e5 21 e5,True,False,17,0,False
G,64,2002,10,f8 e5 21 e5 21 18 f8 e5 21 e5 21 18 f8 e5 21 e5 21 18 f8 e5 21 fa 21 18 f8 e5 21 e5 21 e5 21 e5 21 e5 21 e5 21 e5 21 e5 21 e5 21 e5 21 e5 21 e5 21 e5 21 e5 21 e5 21 e5 21 e5 21 e5 21 e5 21 e5,True,False,10,8,True
G,64,2002,195,21 e5 21 40 00 e5 21 e5 21 e5 21 e5 21 40 79 e5 21 e5 21 e5 21 e5 21 e5 21 e5 21 e5 21 e5 21 e5 21 e5 21 e5 21 e5 21 e5 21 e5 21 e5 21 e5 21 e5 21 e5 21 e5 21 e5 21 e5 21 e5 21 e5 21 e5 21 e5,True,False,4,3,True
G,64,2002,197,21 e5 21 e5 21 e5 21 e5 21 e5 21 0b 00 e5 21 e5 21 e5 21 e5 21 e5 21 e5 21 0b 00 e5 21 e5 21 e5 21 e5 21 e5 21 e5 21 e5 21 0b 00 e5 21 e5 21 e5 21 e5 21 e5 21 e5 21 e5 21 e5 21 e5 21 e5 21 e5,True,False,6,2,True
G,64,2002,0,00 e5 21 e5 21 e5 21 e5 21 e5 21 e5 b8 e5 32 e5 21 e5 32 e5 32 e5 32 00 21 e5 21 18 78 e5 21 e5 21 18 78 e5 21 e5 21 18 78 e5 21 e5 21 18 78 e5 21 e5 21 18 78 e5 21 e5 21 18 78 e5 21 e5 21 18,True,True,20,2,True
G,64,2002,138,21 e5 21 e5 21 e5 21 e5 21 e5 21 e5 21 e5 21 e5 21 e5 21 e5 21 e5 21 e5 21 e5 21 e5 21 e5 21 e5 21 e5 21 e5 21 e5 21 e5 21 e5 21 e5 21 e5 21 e5 21 e5 21 e5 21 e5 21 e5 21 e5 21 e5 21 00 00 e5,True,False,2,2,True
G,64,2002,151,21 e5 21 e5 21 e5 21 e5 21 e5 21 e5 f8 e5 21 e5 21 e5 21 e5 21 e5 21 e5 21 e5 21 e5 21 e5 21 e5 21 e5 21 e5 21 e5 21 e5 21 e5 f8 e5 21 e5 21 e5 21 e5 f8 e5 21 e5 21 e5 21 e5 21 e5 21 e5 21 e5,True,False,3,5,True
G,64,2002,61,21 e5 21 e5 21 18 f8 18 f8 18 21 e5 21 18 f8 18 21 e5 21 18 f8 18 21 e5 21 18 f8 18 21 18 f8 18 f8 18 f8 18 f8 e5 21 18 f8 18 f8 e5 21 18 f8 18 f8 e5 21 18 f8 18 f8 e5 21 18 f8 18 f8 e5 21 e5,True,False,38,0,True
G,64,2003,230,11 d5 11 d5 11 d5 11 d5 11 d5 11 d5 11 d5 11 d5 11 d5 11 d5 11 d5 11 d5 11 d5 11 d5 11 d5 11 d5 11 d5 11 d5 11 d5 11 d5 11 e1 11 d5 11 d5 11 d5 11 d5 11 d5 11 d5 11 d5 11 d5 11 d5 11 d5 11 d5,True,False,1,4,True
G,64,2003,76,11 d5 11 d5 11 d5 11 d5 11 d5 11 d5 11 d5 11 d5 11 d5 11 d5 11 d5 11 d5 11 d5 11 d5 11 d5 11 00 00 d5 11 d5 11 d5 11 d5 11 d5 11 d5 11 d5 11 d5 11 d5 11 d5 11 d5 11 d5 11 d5 11 d5 11 00 00 10,True,False,5,21,True
G,64,2003,239,d5 d5 11 d5 11 d5 11 d5 11 d5 11 d5 11 d5 11 d5 11 d5 11 d5 11 d5 11 d5 11 d5 11 d5 11 d5 11 d5 11 d5 11 d5 11 d5 11 d5 11 d5 11 d5 11 d5 11 d5 11 d5 11 d5 11 d5 11 d5 11 d5 11 d5 11 d5 11 d5,True,False,1,29,True
G,64,2003,122,11 10 11 10 11 10 11 10 11 10 f8 10 11 d5 11 d5 11 d5 11 d5 11 d5 11 d5 11 d5 11 d5 11 d5 11 d5 11 d5 11 d5 11 d5 11 d5 11 d5 11 d5 11 d5 11 d5 11 d5 11 d5 11 d5 11 d5 11 d5 11 d5 11 00 00 10,True,False,10,17,True
G,64,2003,222,11 d5 11 d5 11 d5 11 d5 11 d5 11 d5 11 d5 11 d5 11 d5 28 d5 11 d5 11 d5 11 d5 11 d5 11 d5 11 d5 11 d5 28 d5 11 d5 11 d5 11 d5 11 d5 11 24 11 00 11 d5 11 d5 11 d5 11 d5 11 d5 11 d5 11 d5 11 d5,True,False,4,9,True
G,64,2003,142,11 d5 11 d5 11 d5 11 d5 11 d5 11 d5 11 d5 11 d5 11 d5 11 d5 11 d5 11 d5 11 d5 11 d5 11 d5 11 d5 11 d5 11 d5 11 d5 11 d5 11 d5 11 d5 11 d5 11 d5 11 d5 11 d5 11 d5 11 d5 11 d5 11 d5 11 d5 11 d5,True,False,0,32,True
G,64,2003,162,11 d5 11 d5 11 d5 11 d5 11 d5 11 d5 11 d5 11 d5 11 d5 11 d5 11 d5 11 d5 11 d5 11 d5 11 d5 11 00 00 d5 11 d5 11 d5 11 d5 11 d5 11 d5 11 d5 11 d5 11 d5 11 d5 11 d5 11 d5 11 00 00 00 00 00 00 30,True,False,9,13,True
G,64,2003,211,11 d5 11 d5 11 d5 11 d5 11 d5 11 d5 11 d5 11 d5 11 d5 11 d5 11 d5 11 d5 11 d5 11 d5 11 d5 11 d5 11 d5 11 d5 11 d5 11 d5 11 d5 11 d5 11 d5 11 d5 11 d5 11 d5 11 d5 11 d5 11 d5 11 d5 11 d5 11 d5,True,False,0,33,True
G,64,2004,80,11 d5 11 d5 11 d5 11 d5 11 d5 11 d5 11 d5 11 d5 11 d5 11 d5 11 d5 11 d5 11 d5 11 d5 11 d5 11 d5 11 d5 11 d5 11 d5 11 d5 11 d5 11 d5 11 d5 11 d5 11 d5 11 d5 11 18 f8 18 f8 18 f8 18 f8 18 f8 18,True,False,11,1,True
G,64,2004,185,78 d5 11 d5 11 18 78 d5 11 d5 11 18 78 d5 11 d5 11 18 78 d5 11 d5 11 18 78 d5 11 d5 11 18 78 d5 11 d5 11 18 78 d5 11 d5 11 18 78 d5 11 d5 11 18 78 d5 11 d5 11 18 78 d5 11 d5 11 d5 11 d5 11 18,True,False,20,0,False
G,64,2004,237,11 d5 11 d5 11 d5 11 d5 11 d5 11 d5 11 d5 11 d5 11 d5 11 d5 11 d5 11 d5 11 d5 11 d5 11 d5 11 d5 11 d5 11 d5 11 d5 f8 d5 11 d5 11 18 f0 00 11 d5 11 00 11 d5 11 d5 11 18 f0 00 11 d5 11 00 11 18,True,False,10,6,True
G,64,2004,10,f8 d5 11 d5 11 18 f8 d5 11 d5 11 18 f8 d5 11 d5 11 d5 11 d5 11 d5 11 d5 11 d5 11 d5 11 d5 11 d5 11 d5 11 d5 11 d5 11 d5 11 d5 11 d5 11 d5 11 d5 11 d5 11 d5 11 d5 11 d5 11 d5 11 d5 11 d5 11 d5,True,False,5,0,True
G,64,2004,211,11 d5 11 00 00 d5 11 d5 11 d5 11 00 00 00 00 00 00 d5 11 d5 11 d5 11 00 00 d5 11 d5 11 d5 11 00 00 00 00 d5 11 00 00 00 00 d5 11 d5 11 00 00 d5 11 d5 11 00 00 d5 11 d5 11 d5 11 00 00 00 00 d5,True,False,26,0,True
G,64,2004,81,f8 d5 11 d5 11 18 f8 d5 11 d5 11 18 f8 d5 11 d5 11 18 f8 d5 11 d5 11 18 f8 d5 11 d5 11 d5 11 d5 11 d5 11 d5 11 d5 11 d5 11 d5 11 d5 11 d5 11 d5 11 d5 11 d5 11 d5 11 d5 11 d5 11 d5 11 d5 11 d5,True,False,9,0,True
G,64,2004,240,11 00 11 00 11 d5 11 d5 11 d5 11 d5 11 d5 11 d5 11 d5 11 18 11 d5 11 d5 95 d5 11 d5 11 d5 11 00 11 d5 11 d5 11 d5 11 d5 11 00 11 d5 11 d5 11 d5 11 00 11 d5 11 d5 11 d5 11 d5 11 d5 11 d5 11 00,True,False,8,4,True
G,64,2004,222,11 d5 11 d5 11 d5 11 d5 11 d5 11 d5 11 d5 11 d5 11 d5 11 d5 11 d5 11 18 f8 d5 11 d5 11 18 f8 d5 11 d5 11 18 f8 d5 11 d5 11 18 f8 d5 11 d5 11 18 f8 d5 11 d5 11 18 f8 d5 11 d5 11 18 f8 d5 11 d5,True,True,14,2,True
G,64,2005,212,40 5e ed b0 43 dd 53 f4 82 28 41 4a 0c 1e 22 a4 6d 07 a4 b4 b0 84 76 01 44 b1 d5 ed ee 4e cb 76 1a a6 5f 82 7d 6a b0 b6 90 6a 62 6a 61 6a 62 6a d4 e1 62 ec 62 6a d6 d6 90 6a 62 67 62 6a 62 aa,True,True,61,60,True
G,64,2005,124,88 5e ed b0 94 f5 26 15 88 5e ed b0 94 f5 26 15 88 5e ed b0 94 f5 26 15 88 5e ed b0 94 f5 26 15 88 5e ed b0 94 f5 26 15 88 5e ed b0 94 f5 26 15 88 5e ed b0 94 f5 26 15 88 5e ed b0 94 f5 26 15,True,True,40,5,True
G,64,2005,32,84 5e ed b0 84 5e ed b0 84 5e ed b0 84 5e ed b0 84 5e ed b0 84 5e ed b0 84 5e ed b0 84 5e ed b0 84 5e ed b0 84 5e ed b0 84 5e ed b0 84 5e ed b0 84 5e ed b0 84 5e ed b0 84 5e ed b0 84 5e ed b0,True,True,0,0,True
G,64,2005,52,84 5e ed b0 84 5e ed b0 84 5e ed b0 84 5e ed b0 84 5e ed b0 84 5e ed b0 84 5e ed b0 84 5e ed b0 84 5e ed b0 84 5e ed b0 84 5e ed b0 84 5e ed b0 84 5e ed b0 84 5e ed b0 84 5e ed b0 84 5e ed b0,True,True,0,0,True
G,64,2005,8,84 5e ed b0 84 5e ed b0 84 5e ed b0 84 5e ed b0 84 5e ed b0 84 5e ed b0 84 5e ed b0 84 5e ed b0 84 5e ed b0 84 5e ed b0 84 5e ed b0 84 5e ed b0 84 5e ed b0 84 5e ed b0 84 5e ed b0 84 5e ed b0,True,True,0,0,True
G,64,2005,90,04 5e ed b0 04 5e ed b0 04 5e ed b0 04 5e ed b0 04 5e ed b0 04 5e ed b0 04 5e ed b0 04 5e ed b0 04 5e ed b0 04 5e ed b0 04 5e ed b0 04 5e ed b0 04 5e ed b0 04 5e ed b0 04 5e ed b0 04 5e ed b0,True,True,16,0,True
G,64,2005,157,84 5e ed b0 84 5e ed b0 84 5e ed b0 84 5e ed b0 84 5e ed b0 84 5e ed b0 84 5e ed b0 84 5e ed b0 84 5e ed b0 84 5e ed b0 84 5e ed b0 84 5e ed b0 84 5e ed b0 84 5e ed b0 84 5e ed b0 84 5e ed b0,True,True,0,0,True
G,64,2005,6,90 5e 6c bc ed b0 86 17 67 5e e4 70 97 77 90 9d 90 5e 6c bc ed b0 86 17 67 5e e4 70 97 77 90 9d 90 5e 6c bc ed b0 86 17 67 5e e4 70 97 77 90 9d 90 5e 6c bc ed b0 86 17 67 5e e4 70 97 77 90 9d,True,True,56,12,True
G,64,2006,108,d5 d5 11 73 e9 d5 11 d5 11 73 e9 d5 11 d5 11 73 e9 d5 11 73 e9 d5 11 d5 11 73 e9 d5 11 d5 11 73 e9 d5 11 d5 11 73 e9 d5 11 d5 11 73 e9 d5 11 d5 11 73 e9 d5 11 d5 11 73 e9 d5 11 d5 11 73 e9 d5,True,True,0,1,True
G,64,2006,29,00 d5 00 d5 00 00 00 00 00 d5 11 d5 00 d5 00 d5 00 d5 00 d5 00 d5 00 d5 00 d5 00 d5 00 d5 00 d5 00 d5 00 d5 00 00 00 d5 11 d5 11 d5 11 00 00 d5 11 00 00 d5 11 d5 11 00 16 00 00 00 00 00 00 d5,True,False,41,2,True
G,64,2006,149,d5 d5 11 73 e9 d5 11 d5 11 73 e9 d5 11 d5 11 73 e9 d5 11 73 e9 d5 11 d5 11 73 e9 d5 11 d5 11 73 e9 d5 11 d5 11 73 e9 d5 11 d5 11 73 e9 d5 11 d5 11 73 e9 d5 11 d5 11 73 e9 d5 11 d5 11 73 e9 d5,True,True,0,1,True
G,64,2006,11,11 d5 11 73 e9 d5 11 d5 11 73 e9 d5 11 d5 11 73 e9 d5 11 d5 11 73 e9 d5 11 d5 11 73 e9 d5 11 d5 11 73 e9 d5 11 d5 11 73 e9 d5 11 d5 11 73 e9 d5 11 d5 11 73 e9 d5 11 d5 11 73 e9 d5 11 d5 11 d5,True,True,3,1,True
G,64,2006,44,11 d5 11 73 e9 d5 11 d5 11 73 e9 d5 11 d5 11 73 e9 d5 11 d5 11 73 e9 d5 11 d5 11 73 e9 d5 11 d5 11 73 e9 d5 11 d5 11 73 e9 d5 11 d5 11 73 e9 d5 11 d5 11 73 e9 d5 11 d5 11 73 e9 00 00 00 00 d5,True,True,5,1,True
G,64,2006,221,d5 d5 11 73 e9 d5 11 d5 11 73 e9 d5 11 d5 11 73 e9 d5 11 73 e9 d5 11 d5 11 73 e9 d5 11 d5 11 73 e9 d5 11 d5 11 73 e9 d5 11 d5 11 73 e9 d5 11 d5 11 73 e9 d5 11 d5 11 73 e9 d5 11 d5 11 73 e9 d5,True,True,0,1,True
G,64,2006,186,d5 d5 11 d5 11 d5 11 d5 11 d5 11 d5 d5 d5 11 d5 11 d5 11 d5 11 d5 11 d5 d5 d5 11 d5 11 d5 11 d5 11 d5 11 d5 11 d5 11 d5 11 73 e9 d5 11 d5 11 d5 11 d5 11 d5 11 d5 11 d5 11 d5 11 d5 11 d5 11 d5,True,False,21,16,True
G,64,2006,237,d5 d5 11 73 e9 d5 11 d5 11 73 e9 d5 11 d5 11 d5 11 d5 11 73 e9 d5 11 d5 11 73 e9 d5 11 d5 11 73 e9 d5 11 d5 11 73 e9 d5 11 d5 11 73 e9 d5 11 d5 11 73 e9 d5 11 d5 11 73 e9 d5 11 d5 11 73 e9 d5,True,True,2,1,True
G,64,2007,32,08 5e a2 ed b0 bd 81 8a 08 5e a2 ed b0 bd 81 8a 08 5e a2 ed b0 bd 81 8a 08 5e a2 ed b0 bd 81 8a 08 5e a2 ed b0 bd 81 8a 08 5e a2 ed b0 bd 81 8a 08 5e a2 ed b0 bd 81 8a 08 5e a2 ed b0 bd 81 8a,True,True,24,5,True
G,64,2007,247,11 88 2f ed b0 4c a7 4d 11 88 2f ed b0 4c a7 4d 11 88 2f ed b0 4c a7 4d 11 88 2f ed b0 4c a7 4d 11 88 2f ed b0 4c a7 4d 11 88 2f ed b0 4c a7 4d 11 88 2f ed b0 4c a7 4d 11 88 2f ed b0 4c a7 4d,True,True,48,4,True
G,64,2007,133,08 5e 50 ed b0 bd 2b 0f 08 5e 50 ed b0 bd 2b 0f 08 5e 50 ed b0 bd 2b 0f 08 5e 50 ed b0 bd 2b 0f 08 5e 50 ed b0 bd 2b 0f 08 5e 50 ed b0 bd 2b 0f 08 5e 50 ed b0 bd 2b 0f 08 5e 50 ed b0 bd 2b 0f,True,True,0,6,True
G,64,2007,110,08 5e b9 ed b0 c5 fc a8 08 5e b9 ed b0 c5 fc a8 08 5e b9 ed b0 c5 fc a8 08 5e b9 ed b0 c5 fc a8 08 5e b9 ed b0 c5 fc a8 08 5e b9 ed b0 c5 fc a8 08 5e b9 ed b0 c5 fc a8 08 5e b9 ed b0 c5 fc a8,True,True,32,4,True
G,64,2007,149,08 5e 8a ed b0 cf 46 1b 08 5e 8a ed b0 cf 46 1b 08 5e 8a ed b0 cf 46 1b 08 5e 8a ed b0 cf 46 1b 08 5e 8a ed b0 cf 46 1b 08 5e 8a ed b0 cf 46 1b 08 5e 8a ed b0 cf 46 1b 08 5e 8a ed b0 cf 46 1b,True,True,32,4,True
G,64,2007,50,08 5e 54 ed b0 0b ce 1e 08 5e 54 ed b0 0b ce 1e 08 5e 54 ed b0 0b ce 1e 08 5e 54 ed b0 0b ce 1e 08 5e 54 ed b0 0b ce 1e 08 5e 54 ed b0 0b ce 1e 08 5e 54 ed b0 0b ce 1e 08 5e 54 ed b0 0b ce 1e,True,True,32,4,True
G,64,2007,8,11 88 39 ed b0 39 f2 d7 11 88 39 ed b0 39 f2 d7 11 88 39 ed b0 39 f2 d7 11 88 39 ed b0 39 f2 d7 11 88 39 ed b0 39 f2 d7 11 88 39 ed b0 39 f2 d7 11 88 39 ed b0 39 f2 d7 11 88 39 ed b0 39 f2 d7,True,True,48,4,True
G,64,2007,61,08 5e 88 ed b0 04 e1 5c 08 5e 88 ed b0 04 e1 5c 08 5e 88 ed b0 04 e1 5c 08 5e 88 ed b0 04 e1 5c 08 5e 88 ed b0 04 e1 5c 08 5e 88 ed b0 04 e1 5c 08 5e 88 ed b0 04 e1 5c 08 5e 88 ed b0 04 e1 5c,True,True,32,4,True
G,64,2008,60,11 d5 11 d5 11 d5 11 d5 11 d5 11 d5 11 d5 11 d5 11 d5 11 d5 11 d5 11 d5 11 d5 11 d5 11 d5 11 d5 11 d5 11 d5 11 d5 11 d5 11 d5 11 d5 11 d5 11 d5 11 d5 11 d5 11 d5 11 d5 11 d5 11 d5 11 d5 11 d5,True,False,64,32,True
G,64,2008,244,01 c5 01 c5 01 00 00 c5 01 18 01 00 00 c5 01 c5 01 c5 01 c5 01 c5 01 c5 01 c5 01 00 00 18 01 c5 01 c5 01 c5 01 c5 01 c5 01 c5 01 c5 01 18 01 00 00 18 01 18 01 18 01 18 01 18 01 c5 01 c5 01 18,True,False,17,0,True
G,64,2008,94,01 c5 01 c5 01 c5 01 c5 01 c5 01 c5 01 c5 01 c5 01 c5 01 c5 01 00 00 c5 01 00 00 00 00 c5 01 c5 01 c5 01 c5 01 c5 01 c5 01 c5 01 c5 01 c5 01 c5 01 00 00 c5 01 c5 01 c5 01 c5 01 c5 01 c5 01 c5,True,False,8,2,True
G,64,2008,10,01 c5 01 c5 01 c5 01 c5 01 c5 01 c5 01 c5 01 c5 01 c5 01 c5 c5 00 00 c5 01 00 00 c5 01 00 00 c5 01 c5 c5 00 00 00 00 00 00 00 00 c5 01 c5 01 c5 01 c5 01 c5 01 c5 01 c5 01 c5 01 00 00 c5 01 c5,True,False,18,1,True
G,64,2008,146,11 d5 11 d5 11 18 f8 18 f8 d5 11 d5 11 18 f8 d5 11 d5 11 18 f8 d5 11 d5 11 18 f8 d5 11 18 f8 18 f8 18 f8 18 f8 d5 11 18 f8 18 f8 d5 11 18 f8 18 f8 d5 11 18 f8 18 f8 d5 11 18 f8 d5 11 d5 11 d5,True,False,64,0,True
G,64,2008,25,01 c5 01 00 00 c5 01 c5 01 c5 01 c5 01 c5 01 c5 01 c5 01 c5 01 c5 01 c5 01 c5 01 c5 01 c5 01 c5 01 c5 01 c5 01 c5 01 c5 01 c5 01 c5 01 c5 01 c5 01 c5 01 c5 01 00 00 c5 01 c5 01 c5 01 c5 01 c5,True,False,4,4,True
G,64,2008,33,01 18 78 c5 01 18 78 c5 01 18 78 c5 01 c5 01 c5 01 c5 01 c5 01 c5 01 c5 01 c5 01 c5 01 c5 01 c5 01 c5 01 c5 01 c5 01 c5 01 c5 01 c5 01 c5 01 c5 01 c5 01 c5 01 c5 01 c5 01 c5 01 c5 01 00 00 00,True,False,9,9,True
G,64,2008,224,11 d5 11 d5 11 d5 11 d5 11 d5 11 d5 11 d5 11 d5 11 d5 11 d5 11 d5 11 c2 11 d5 11 d5 11 d5 11 d5 11 d5 11 d5 11 d5 11 d5 11 d5 11 d5 11 d5 11 d5 11 d5 11 c2 11 d5 11 c2 11 d5 11 d5 11 d5 11 d5,True,False,64,8,True
G,64,2009,32,29 cf 5e 85 68 ee 30 6b b1 2e 90 25 02 ed b8 56 29 cf 5e 85 68 ee 30 6b b1 2e 90 25 02 ed b8 56 29 cf 5e 85 68 ee 30 6b b1 2e 90 25 02 ed b8 56 29 cf 5e 85 68 ee 30 6b b1 2e 90 25 02 ed b8 56,True,True,44,11,True
G,64,2009,168,44 c1 2e 90 98 33 ed b8 0d 6d 65 e9 b6 85 6b e9 44 c1 2e 90 98 33 ed b8 0d 6d 65 e9 b6 85 6b e9 44 c1 2e 90 98 33 ed b8 0d 6d 65 e9 b6 85 6b e9 44 c1 2e 90 98 33 ed b8 0d 6d 65 e9 b6 85 6b e9,True,True,48,12,True
G,64,2009,221,00 ae 87 03 2e 90 48 0c ed b8 15 b7 cf 0d 1c 84 00 ae 87 03 2e 90 48 0c ed b8 15 b7 cf 0d 1c 84 00 ae 87 03 2e 90 48 0c ed b8 15 b7 cf 0d 1c 84 00 ae 87 03 2e 90 48 0c ed b8 15 b7 cf 0d 1c 84,True,True,44,12,True
G,64,2009,231,f1 f2 80 fe 9a 84 9a 1a 2e 90 98 4b ed b8 5b 8a f1 f2 80 fe 9a 84 9a 1a 2e 90 98 4b ed b8 5b 8a f1 f2 80 fe 9a 84 9a 1a 2e 90 98 4b ed b8 5b 8a f1 f2 80 fe 9a 84 9a 1a 2e 90 98 4b ed b8 5b 8a,True,True,48,11,True
G,64,2009,82,cf 4e 3e f5 66 4b e6 c0 2e 90 0a 42 ed b8 8a 73 cf 4e 3e f5 66 4b e6 c0 2e 90 0a 42 ed b8 8a 73 cf 4e 3e f5 66 4b e6 c0 2e 90 0a 42 ed b8 8a 73 cf 4e 3e f5 66 4b e6 c0 2e 90 0a 42 ed b8 8a 73,True,True,44,12,True
G,64,2009,196,b8 53 75 cf 19 43 fd 76 b7 f9 0d 2e 90 7d b9 ed b8 53 75 cf 19 43 fd 76 b7 f9 0d 2e 90 7d b9 ed b8 53 75 cf 19 43 fd 76 b7 f9 0d 2e 90 7d b9 ed b8 53 75 cf 19 43 fd 76 b7 f9 0d 2e 90 7d b9 ed,True,True,36,11,True
G,64,2009,179,b8 db 53 cf fe cb b8 89 56 0f 0d 2e 90 03 7e ed b8 db 53 cf fe cb b8 89 56 0f 0d 2e 90 03 7e ed b8 db 53 cf fe cb b8 89 56 0f 0d 2e 90 03 7e ed b8 db 53 cf fe cb b8 89 56 0f 0d 2e 90 03 7e ed,True,True,36,11,True
G,64,2009,66,cf f2 80 b3 9a 9a 4a 9f 2e 90 98 4b ed b8 c4 69 cf f2 80 b3 9a 9a 4a 9f 2e 90 98 4b ed b8 c4 69 cf f2 80 b3 9a 9a 4a 9f 2e 90 98 4b ed b8 c4 69 cf f2 80 b3 9a 9a 4a 9f 2e 90 98 4b ed b8 c4 69,True,True,44,11,True
G,64,2010,187,11 d5 11 d5 11 18 f8 18 f8 d5 11 d5 11 18 f8 d5 11 18 f8 d5 11 18 f8 d5 11 18 f8 d5 11 18 f8 d5 11 18 f8 18 f8 18 f8 d5 11 18 f8 18 f8 d5 11 18 f8 18 f8 d5 11 18 f8 18 f8 d5 11 18 f8 18 f8 d5,True,False,36,0,True
G,64,2010,23,11 d5 11 d5 11 d5 11 d5 11 d5 11 d5 11 d5 11 d5 11 d5 11 d5 11 d5 11 d5 11 d5 11 18 11 d5 11 d5 11 d5 11 d5 11 d5 11 d5 11 d5 11 d5 11 d5 11 d5 11 d5 11 d5 11 d5 11 d5 11 d5 11 d5 11 d5 11 d5,True,False,1,31,True
G,64,2010,143,11 d5 11 d5 11 d5 11 d5 11 d5 11 d5 11 d5 11 d5 11 d5 11 d5 11 d5 11 d5 11 d5 11 d5 11 d5 11 d5 11 d5 11 d5 11 d5 11 d5 11 d5 11 d5 11 d5 11 d5 11 d5 11 d5 11 d5 11 d5 11 d5 11 d5 11 00 00 d5,True,False,2,3,True
G,64,2010,130,11 d5 11 d5 11 d5 11 00 00 d5 11 d5 11 d5 11 d5 11 d5 11 00 00 d5 11 d5 11 d5 11 d5 11 00 00 d5 11 d5 11 d5 11 d5 11 00 00 d5 11 d5 11 d5 11 d5 11 d5 11 d5 11 00 00 d5 11 18 11 18 11 d5 11 d5,True,False,12,2,True
G,64,2010,208,11 d5 11 d5 11 18 f8 18 f8 d5 11 d5 11 18 f8 d5 11 d5 11 18 f8 d5 11 d5 11 18 f8 d5 11 d5 11 18 f8 d5 11 c5 f8 18 f8 18 f8 18 f8 d5 11 18 f8 18 f8 d5 11 18 f8 18 f8 d5 11 18 f8 18 f8 d5 11 d5,True,False,32,0,False
G,64,2010,35,11 d5 11 00 00 d5 11 d5 11 d5 11 d5 11 d5 11 d5 11 d5 11 d5 11 d5 11 d5 11 00 00 d5 11 d5 11 d5 11 d5 11 d5 11 d5 11 d5 11 d5 11 d5 11 d5 11 d5 11 d5 11 d5 11 d5 11 d5 11 d5 11 d5 11 d5 11 d5,True,False,4,3,True
G,64,2010,47,11 d5 11 d5 11 d5 11 d5 11 d5 11 d5 11 d5 11 d5 11 d5 11 d5 11 d5 11 d5 11 d5 11 d5 11 d5 11 d5 11 d5 f8 d5 11 d5 11 d5 11 d5 11 d5 11 d5 11 d5 11 d5 11 d5 11 d5 11 d5 11 d5 11 d5 11 d5 11 d5,True,False,1,13,True
G,64,2010,160,11 d5 11 d5 11 d5 11 d5 11 d5 11 d5 11 d5 11 d5 11 d5 11 d5 11 d5 11 d5 11 d5 11 d5 11 d5 11 d5 11 d5 11 18 11 d5 11 d5 11 d5 11 d5 11 d5 11 00 00 d5 11 d5 11 d5 11 d5 11 d5 11 d5 11 d5 11 d5,True,False,3,0,True
G,64,2011,44,88 27 58 81 82 5e ed b0 88 27 58 81 82 5e ed b0 88 27 58 81 82 5e ed b0 88 27 58 81 82 5e ed b0 88 27 58 81 82 5e ed b0 88 27 58 81 82 5e ed b0 88 27 58 81 82 5e ed b0 88 27 58 81 82 5e ed b0,True,True,40,4,True
G,64,2011,239,84 5e ed b0 84 5e ed b0 84 5e ed b0 84 5e ed b0 84 5e ed b0 84 5e ed b0 84 5e ed b0 84 5e ed b0 84 5e ed b0 84 5e ed b0 84 5e ed b0 84 5e ed b0 84 5e ed b0 84 5e ed b0 84 5e ed b0 84 5e ed b0,True,True,0,0,True
G,64,2011,29,c0 5e ed b0 04 5e ed b0 04 5e ed b0 04 5e ed b0 04 5e ed b0 04 5e ed b0 25 5e ed b0 04 5e ed b0 04 5e ed b0 04 5e ed b0 04 5e b0 04 5e ed b0 04 5e ed b0 04 5e ed b0 04 5e ed b0 04 5e ed b0 04,True,False,33,12,False
G,64,2011,85,88 5e ed b0 7d d1 04 eb 88 5e ed b0 7d d1 04 eb 88 5e ed b0 7d d1 04 eb 88 5e ed b0 7d d1 04 eb 88 5e ed b0 7d d1 04 eb 88 5e ed b0 7d d1 04 eb 88 5e ed b0 7d d1 04 eb 88 5e ed b0 7d d1 04 eb,True,True,40,4,True
G,64,2011,6,84 5e ed b0 84 5e ed b0 84 5e ed b0 84 5e ed b0 84 5e ed b0 84 5e ed b0 84 5e ed b0 84 5e ed b0 84 5e ed b0 84 5e ed b0 84 5e ed b0 84 5e ed b0 84 5e ed b0 84 5e ed b0 84 5e ed b0 84 5e ed b0,True,True,0,0,True
G,64,2011,89,84 5e ed b0 84 5e ed b0 84 5e ed b0 84 5e ed b0 84 5e ed b0 84 5e ed b0 84 5e ed b0 84 5e ed b0 84 5e ed b0 84 5e ed b0 84 5e ed b0 84 5e ed b0 84 5e ed b0 84 5e ed b0 84 5e ed b0 84 5e ed b0,True,True,0,0,True
G,64,2011,109,40 5e ed b0 ac 64 2f fc 6c a6 30 86 e4 ad 9b b9 86 9a a4 8a 16 a8 e6 d8 19 6f 7f cd 44 c8 2e ee 32 aa 22 40 00 04 88 52 00 b8 00 40 7a 40 00 40 00 be 00 91 dc 40 5a 40 8b 00 00 40 ee 12 00 e8,True,True,61,60,True
G,64,2011,156,84 5e ed b0 84 5e ed b0 84 5e ed b0 84 5e ed b0 84 5e ed b0 84 5e ed b0 84 5e ed b0 84 5e ed b0 84 5e ed b0 84 5e ed b0 84 5e ed b0 84 5e ed b0 84 5e ed b0 84 5e ed b0 84 5e ed b0 84 5e ed b0,True,True,0,0,True
G,64,2012,53,40 5e e2 b0 41 c9 b2 e3 ca 35 55 fc c6 85 fa bc 08 69 8d e8 38 d5 46 a6 b0 22 f8 cb 63 91 51 70 d9 f8 6a 8f 45 68 1c a1 44 9b 2d b8 ed b7 e8 f8 6f 17 78 ed b0 7c 21 08 b7 37 e5 21 00 08 b7 29,True,True,61,58,True
G,64,2012,89,84 5e ed b0 84 5e ed b0 84 5e ed b0 84 5e ed b0 84 5e ed b0 84 5e ed b0 84 5e ed b0 84 5e ed b0 84 5e ed b0 84 5e ed b0 84 5e ed b0 84 5e ed b0 84 5e ed b0 84 5e ed b0 84 5e ed b0 84 5e ed b0,True,True,16,0,True
G,64,2012,12,40 5e ed b0 75 6c ec b7 25 64 37 0b fe ad c6 5e ab 45 83 85 b3 f1 d1 cd f2 0a bc 8b 4b 72 5e 73 b0 5b aa ad 77 5e 1d 45 58 94 1f a7 de 72 d1 92 90 5a 45 fd b1 04 b1 69 b1 04 0a fc 93 04 3b d2,True,True,59,60,True
G,64,2012,100,40 5e ed b0 8d 17 e8 df d4 f9 2c 75 e2 4b 0b ac de ab cb 72 c1 72 b9 17 e7 a1 97 e8 28 2f 8f 46 e6 ae 55 37 11 be 48 ea 72 f1 47 1d c8 24 38 23 3b 02 d6 46 56 53 c4 30 2e a5 66 39 00 d2 19 00,True,True,61,60,True
G,64,2012,49,04 5e ed b0 04 5e ed b0 04 5e ed b0 04 5e ed b0 04 5e ed b0 04 5e ed b0 04 5e ed b0 04 5e ed b0 04 5e ed b0 04 5e ed b0 04 5e ed b0 04 5e ed b0 04 5e ed b0 04 5e ed b0 04 5e ed b0 04 5e ed b0,True,True,0,0,True
G,64,2012,31,40 5e ed b0 5e 69 aa 52 8e 85 1b 2f ed 9a 01 aa 26 2c 9f 92 11 10 2d dc 8f 9a c1 e9 9f 9a 9f 38 f3 ef c0 dc a6 10 59 b0 44 44 9f 96 60 bd bd 43 1b 6b 9d b2 a0 ae 99 07 47 5c 47 07 cf 08 00 57,True,True,60,60,True
G,64,2012,22,04 5e ed b0 04 5e ed b0 04 5e ed b0 04 5e ed b0 04 5e ed b0 04 5e ed b0 04 5e ed b0 04 5e ed b0 04 5e ed b0 04 5e ed b0 04 5e ed b0 04 5e ed b0 04 5e ed b0 04 5e ed b0 04 5e ed b0 04 5e ed b0,True,True,0,0,True
G,64,2012,120,84 5e ed b0 84 5e ed b0 84 5e ed b0 84 5e ed b0 84 5e ed b0 84 5e ed b0 84 5e ed b0 84 5e ed b0 84 5e ed b0 84 5e ed b0 84 5e ed b0 84 5e ed b0 84 5e ed b0 84 5e ed b0 84 5e ed b0 84 5e ed b0,True,True,16,0,True
G,64,2013,85,21 e5 21 e5 21 e5 21 e5 21 e5 21 e5 21 e5 21 e5 21 e5 21 e5 21 e5 21 e5 21 e5 21 e5 21 18 21 e5 21 18 21 e5 21 e5 21 e5 21 e5 21 18 21 e5 21 e5 21 e5 21 e5 21 e5 21 18 21 e5 21 e5 21 18 21 e5,True,False,5,4,True
G,64,2013,245,f8 e5 21 e5 21 18 f8 e5 21 e5 21 18 f8 e5 21 e5 21 18 f8 e5 21 e5 21 18 f8 e5 21 e5 21 18 f8 e5 21 e5 21 18 f8 e5 21 e5 21 18 f8 e5 21 e5 21 18 f8 e5 21 e5 21 18 f8 e5 21 18 f8 e5 21 00 00 18,True,False,24,0,True
G,64,2013,51,f8 e5 21 e5 21 18 f8 e5 21 e5 21 18 f8 e5 21 e5 21 18 f8 e5 21 e5 21 18 f8 e5 21 e5 21 e5 21 e5 21 e5 21 e5 21 e5 21 e5 21 e5 21 e5 21 e5 21 e5 21 e5 21 e5 21 e5 21 e5 21 e5 21 e5 21 e5 21 e5,True,False,9,0,True
G,64,2013,91,78 e5 21 e5 21 18 78 e5 21 e5 21 18 78 e5 21 e5 21 18 78 e5 21 e5 21 18 78 e5 21 e5 21 e5 21 e5 21 e5 21 e5 21 e5 21 e5 21 e5 21 e5 21 e5 21 e5 21 e5 21 e5 21 e5 21 e5 21 e5 21 e5 21 e5 21 e5,True,False,9,0,False
G,64,2013,239,21 e5 21 e5 21 e5 21 e5 21 e5 21 e5 21 e5 21 e5 21 e5 21 e5 21 e5 21 e5 21 e5 21 e5 21 e5 21 e5 21 30 f8 30 f8 e5 21 e5 21 30 f8 e5 21 e5 21 30 f8 e5 21 e5 21 30 f8 e5 21 e5 21 30 f8 e5 21 e5,True,True,12,1,False
G,64,2013,52,54 e5 21 e5 21 18 f8 e5 21 e5 21 18 f8 e5 21 e5 21 e5 21 18 f8 e5 21 e5 21 18 f8 e5 21 e5 21 e5 21 e5 21 e5 21 e5 21 e5 21 e5 21 e5 21 e5 21 e5 21 e5 21 e5 21 e5 21 6b 21 e5 21 e5 21 e5 21 e5,True,False,10,0,True
G,64,2013,160,21 e5 21 e5 21 e5 21 e5 21 e5 21 e5 21 e5 21 e5 21 e5 21 e5 21 e5 21 18 21 e5 21 e5 21 e5 21 e5 21 e5 21 e5 21 e5 21 e5 21 e5 21 e5 21 e5 21 e5 21 e5 21 e5 21 18 21 e5 21 e5 21 e5 21 e5 21 e5,True,False,2,8,True
G,64,2013,151,21 e5 21 e5 21 e5 21 e5 21 e5 21 e5 21 e5 21 e5 21 e5 21 e5 21 e5 21 e5 21 e5 21 e5 21 e5 21 e5 21 e5 21 e5 21 e5 21 e5 21 e5 21 e5 21 e5 21 e5 21 e5 21 e5 21 e5 21 e5 21 e5 21 e5 21 e5 21 e5,True,False,0,32,True
G,64,2014,20,01 c5 01 c5 01 c5 01 00 00 c5 01 c5 01 c5 01 c5 01 c5 01 c5 01 c5 01 c5 01 c5 01 c5 01 c5 01 00 00 00 00 00 00 c5 01 c5 01 c5 01 c5 01 c5 01 c5 01 c5 01 c5 01 c5 01 00 00 c5 01 c5 01 c5 01 c5,True,False,10,3,True
G,64,2014,187,01 c5 01 c5 01 c5 01 c5 01 c5 01 c5 01 c5 01 c5 01 c5 01 c5 01 c5 01 c5 01 c5 01 c5 01 c5 01 c5 01 c5 01 c5 01 c5 01 c5 01 c5 01 c5 01 c5 01 c5 01 c5 01 c5 01 c5 01 c5 01 c5 01 c5 01 c5 01 c5,True,False,0,32,True
G,64,2014,167,01 c5 01 65 01 c5 01 c5 01 c5 01 c5 01 c5 01 c5 01 c5 01 c5 01 c5 01 c5 01 c5 01 c5 01 c5 01 c5 01 c5 01 c5 01 c5 01 c5 01 c5 01 c5 01 c5 01 c5 01 c5 01 c5 01 c5 01 c5 01 c5 01 c5 01 00 00 c5,True,False,3,3,True
G,64,2014,201,01 c5 01 c5 01 00 01 c5 01 c5 01 c5 01 c5 01 c5 01 c5 01 c5 01 c5 01 c5 01 c5 01 03 00 c6 01 c5 01 03 00 c5 01 c5 01 c5 01 c5 01 c5 01 c5 01 c5 01 c5 01 c5 01 c5 01 c5 01 c5 01 c5 01 03 01 c6,True,False,8,1,True
G,64,2014,152,01 c5 01 00 01 c5 01 c6 01 c5 01 c5 01 c5 01 c5 01 c5 01 c5 01 c5 01 00 01 00 01 c5 01 c5 01 c5 01 c5 01 c5 50 c5 01 c5 01 c5 01 c5 01 c5 01 c5 01 00 01 c5 01 c5 01 c5 01 00 01 c5 01 c6 01 c5,True,False,8,4,True
G,64,2014,100,01 c5 01 c5 01 c5 01 c5 01 c5 01 c5 01 c5 01 c5 01 c5 01 c5 01 c5 01 c5 01 c5 01 c5 01 c5 01 c5 01 c5 01 c5 01 c5 01 c5 01 c5 01 c5 01 c5 01 c5 01 c5 01 c5 01 c5 5f c5 01 c5 01 c5 01 00 00 1c,True,False,4,3,True
G,64,2014,103,01 c5 01 30 01 30 01 c5 01 c5 01 c5 01 c5 01 30 01 c5 01 c5 01 c5 01 30 01 c5 01 c5 01 c5 01 c5 01 30 01 c5 01 c5 01 c5 01 c5 01 c5 01 c5 01 c5 01 c5 01 c5 01 c5 01 c5 01 c5 01 30 01 c5 01 c5,True,False,6,14,True
G,64,2014,235,01 c5 01 c5 01 c5 01 c5 01 c5 01 c5 01 c5 01 c5 01 c5 01 c5 01 c5 01 c5 01 c5 01 c5 01 c5 01 c5 01 c5 01 c5 01 c5 01 c5 01 c5 01 c5 01 c5 01 c5 01 c5 01 c5 01 c5 01 c5 01 c5 01 c5 01 c5 01 18,True,False,1,30,True
G,64,2015,127,a0 5e ed b0 56 79 b9 ec 63 4a af 48 56 d1 30 de 25 39 b0 68 d3 ed 07 8a 5b 21 64 aa c2 03 32 f8 a0 5e ed b0 56 79 b9 ec 63 4a af 48 56 d1 30 de 25 39 b0 68 d3 ed 07 8a 5b 21 64 aa c2 03 32 f8,True,True,58,28,True
G,64,2015,129,40 5e ed b0 e9 f3 1e 50 bf f2 8c 2c 40 2c 7b aa 1f 7f b4 cc 2e 24 00 d4 0d 23 f1 41 e6 1f 0a f7 3a 41 40 51 f1 e0 40 41 2a e5 d5 41 40 b6 df 2a 24 ff 34 0e c8 1e 62 50 a4 00 46 2a 00 55 c7 b5,True,True,61,60,True
G,64,2015,231,40 5e ed b0 9f 88 3e c5 c8 5e 05 b0 28 8d de 42 cb 51 d5 08 77 b8 d0 5a c5 7b e7 91 87 d5 fe 01 00 fd 00 01 00 01 68 01 00 01 00 92 b3 01 00 01 54 01 9e 01 00 ce 00 17 46 01 00 01 00 00 00 92,True,True,59,60,True
G,64,2015,187,40 5e ed b0 a4 88 3c 44 c8 08 05 b0 28 9e de 3e 6c 51 aa ac 77 4b 91 5a bd f4 93 91 b6 eb fe ae fa 03 00 13 7c 6a c8 10 5e 92 89 30 5e 92 04 b2 19 92 72 1b 9c ba 61 00 d5 f6 91 5c 00 00 00 a0,True,True,60,60,True
G,64,2015,18,40 5e 91 ed b0 ca 0f b5 40 00 f8 ca 4b 07 2a d7 90 89 68 ed 68 f1 f6 cd a9 14 35 2e 68 43 f4 17 35 ce aa a5 77 b0 00 67 f1 f6 cd b0 ca 0f b5 40 00 f8 ca 4b 07 2a d7 90 89 68 ed 68 00 a8 cd a9,True,True,61,60,True
G,64,2015,236,84 5e ed b0 84 5e ed b0 84 5e ed b0 84 5e ed b0 84 5e ed b0 84 5e ed b0 84 5e ed b0 84 5e ed b0 84 5e ed b0 84 5e ed b0 84 5e ed b0 84 5e ed b0 84 5e ed b0 84 5e ed b0 84 5e ed b0 84 5e ed b0,True,True,0,0,True
G,64,2015,39,08 5e 92 ed b0 dc d8 d5 08 5e 92 ed b0 dc d8 d5 08 5e 92 ed b0 dc d8 d5 08 5e 92 ed b0 dc d8 d5 08 5e 92 ed b0 dc d8 d5 08 5e 92 ed b0 dc d8 d5 08 5e 92 ed b0 dc d8 d5 08 5e 92 ed b0 dc d8 d5,True,True,48,3,True
G,64,2015,210,a0 5e ed b0 97 35 85 72 88 49 ed b0 97 35 85 72 88 5e ed b0 97 35 38 06 67 5e ed b0 97 35 85 72 a0 5e ed b0 97 35 85 72 88 5e ed b0 97 35 85 72 88 5e ed b0 97 35 38 06 67 5e ed b0 97 35 85 72,True,True,41,28,True
G,64,2016,160,44 21 20 05 e8 08 94 93 ed b8 7a e1 54 97 ab cd be 56 2e 91 42 ff dd 95 47 f0 1f 13 65 f2 23 f9 44 21 20 05 e8 08 94 93 ed b8 7a e1 54 97 ab cd be 56 2e 91 42 ff dd 95 47 f0 1f 13 65 f2 23 f9,True,True,56,27,True
G,64,2016,180,00 21 a0 99 cf 68 d6 45 ed b8 51 38 ab ef 20 4c 74 eb e9 2c 21 11 f9 11 00 22 09 55 00 3d eb 11 00 21 a0 99 cf 68 d6 45 ed b8 51 38 ab ef 20 4c 74 eb e9 2c 21 11 f9 11 00 22 09 55 00 3d eb 11,True,True,50,27,True
G,64,2016,127,6e 21 39 56 cf e0 fc ce 15 21 20 48 00 14 66 ed b8 f5 26 2a a6 6d 9d e6 d7 84 21 02 cc e8 21 84 6e 21 39 56 cf e0 fc ce 15 21 20 48 00 14 66 ed b8 f5 26 2a a6 6d 9d e6 d7 84 21 02 cc e8 21 84,True,True,58,27,True
G,64,2016,89,12 00 55 21 20 07 95 8a 93 51 ed b8 d8 50 c9 9b a4 4b a6 e5 ad 29 6a 9b 17 c4 7a 64 bb bc 1c 91 12 00 55 21 20 07 95 8a 93 51 ed b8 d8 50 c9 9b a4 4b a6 e5 ad 29 6a 9b 17 c4 7a 64 bb bc 1c 91,True,True,56,28,True
G,64,2016,155,00 21 90 28 e6 f0 cf cb ed b8 c9 0f 54 b8 a8 11 00 21 90 28 e6 f0 cf cb ed b8 c9 0f 54 b8 a8 11 00 21 90 28 e6 f0 cf cb ed b8 c9 0f 54 b8 a8 11 00 21 90 28 e6 f0 cf cb ed b8 c9 0f 54 b8 a8 11,True,True,56,14,True
G,64,2016,200,00 21 20 52 12 72 f3 3d ed b8 bc dd 38 5e 34 16 b6 49 7a 5f c8 0e 3d df d7 fd 6b 6d 9f 8b 97 e3 00 21 20 52 12 72 f3 3d ed b8 bc dd 38 5e 34 16 b6 49 7a 5f c8 0e 3d df d7 fd 6b 6d 9f 8b 97 e3,True,True,56,27,True
G,64,2016,77,00 a1 41 21 20 87 f5 8e fb a5 ed b8 19 82 25 34 62 94 ea 9d b1 35 6c 29 e6 21 99 21 b4 21 34 21 00 a1 41 21 20 87 f5 8e fb a5 ed b8 19 82 25 34 62 94 ea 9d b1 35 6c 29 e6 21 99 21 b4 21 34 21,True,True,56,28,True
G,64,2016,23,21 89 a1 41 21 20 26 f5 8e fb a5 ed b8 ac 82 25 71 2a 20 ea 54 73 ad c7 29 8c 2b 99 21 bd 21 00 21 89 a1 41 21 20 26 f5 8e fb a5 ed b8 ac 82 25 71 2a 20 ea 54 73 ad c7 29 8c 2b 99 21 bd 21 00,True,True,54,28,True
G,64,2017,34,21 00 21 e5 21 e5 21 e5 21 e5 21 e5 21 e5 21 e5 21 e5 21 e5 21 e5 21 e5 21 e5 21 e5 21 e5 21 e5 21 e5 21 e5 21 e5 21 e5 21 e5 21 e5 21 e5 21 e5 21 e5 21 e5 21 e5 21 e5 21 e5 21 e5 21 00 00 00,True,False,4,2,True
G,64,2017,38,21 e5 21 e5 21 e5 21 e5 21 e5 21 e5 21 e5 21 e5 21 e5 21 e5 21 e5 21 e5 21 e5 21 e5 21 e5 21 e5 21 10 a1 e5 21 e5 21 10 78 e5 21 e5 21 10 78 e5 21 e5 21 10 78 e5 21 e5 21 10 78 e5 21 e5 21 10,True,False,11,4,False
G,64,2017,126,78 e5 21 e5 21 18 78 e5 21 e5 21 18 78 e5 21 e5 21 18 78 e5 21 e5 21 e5 21 e5 21 e5 21 e5 21 e5 21 e5 21 e5 21 e5 21 e5 21 e5 21 e5 21 e5 21 e5 21 e5 21 e5 21 e5 21 e5 21 e5 21 e5 21 e5 21 e5,True,False,7,0,True
G,64,2017,24,21 e5 21 e5 21 e5 21 e5 21 e5 21 e5 21 e5 21 e5 21 e5 21 e5 21 e5 21 e5 21 e5 21 e5 21 e5 21 e5 21 e5 21 e5 21 e5 21 e5 21 e5 21 00 21 e5 21 e5 21 e5 21 e5 21 e5 21 e5 21 e5 21 e5 21 e5 21 e5,True,False,1,30,True
G,64,2017,198,78 e5 21 e5 21 18 78 e5 21 e5 21 18 78 e5 21 e5 21 18 78 e5 21 e5 21 18 78 e5 21 e5 21 e5 21 e5 21 e5 21 e5 21 e5 21 e5 21 e5 21 e5 21 e5 21 e5 21 e5 21 e5 21 e5 21 e5 21 e5 21 e5 21 e5 21 e5,True,False,9,0,True
G,64,2017,155,21 e5 21 e5 21 e5 21 e5 21 e5 21 e5 21 e5 21 e5 21 e5 21 e5 21 e5 21 e5 21 e5 21 e5 21 e5 21 e5 21 e5 21 e5 21 e5 21 e5 21 e5 21 e5 21 e5 21 e5 21 e5 21 e5 21 e5 21 e5 21 e5 21 e5 21 e5 21 e5,True,False,0,32,True
G,64,2017,125,78 e5 21 e5 21 10 78 e5 21 e5 21 10 78 e5 21 e5 21 10 78 e5 21 e5 21 10 78 e5 21 e5 21 e5 21 e5 21 e5 21 e5 21 e5 21 e5 21 e5 21 e5 21 e5 21 e5 21 e5 21 e5 21 e5 21 e5 21 e5 21 e5 21 e5 21 e5,True,False,9,0,True
G,64,2017,71,21 e5 21 e5 21 10 78 e5 21 e5 21 e5 21 e5 21 e5 21 e5 21 e5 21 e5 21 e5 21 e5 21 e5 21 e5 21 e5 21 e5 21 e5 21 e5 21 e5 21 e5 21 e5 21 e5 21 e5 21 e5 21 e5 21 e5 21 e5 21 e5 21 e5 21 e5 21 e5,True,False,2,2,True
G,64,2018,194,11 d5 11 d5 11 d5 11 d5 11 d5 11 d5 11 d5 11 d5 11 d5 11 d5 11 d5 11 d5 11 d5 11 d5 11 d5 11 d5 11 d5 11 d5 11 d5 11 d5 11 d5 11 d5 11 d5 11 d5 11 d5 11 d5 11 d5 11 d5 11 d5 11 d5 11 d5 11 d5,True,False,0,32,True
G,64,2018,215,11 d5 11 d5 11 d5 11 d5 11 00 00 d5 11 d5 11 d5 11 d5 11 00 00 00 00 d5 11 d5 11 00 00 00 00 00 00 00 00 d5 11 00 00 d5 11 00 00 d5 11 d5 11 00 00 d5 11 00 00 d5 11 d5 11 00 00 d5 11 00 00 d5,True,False,26,0,True
G,64,2018,208,11 d5 11 d5 11 d5 11 d5 11 d5 11 d5 11 d5 11 d5 11 d5 11 d5 11 d5 11 d5 11 d5 11 d5 11 d5 11 d5 11 d5 11 d5 11 d5 11 d5 11 d5 11 d5 11 d5 11 d5 11 d5 11 d5 11 d5 11 d5 11 d5 11 d5 11 00 00 d5,True,False,2,2,True
G,64,2018,219,11 d5 11 d5 11 d5 11 d5 11 d5 11 00 00 d5 11 00 11 d5 11 00 00 00 00 00 11 00 00 d5 11 d5 11 d5 11 d5 11 d5 11 d5 11 d5 11 d5 11 d5 11 d5 11 d5 11 00 00 00 11 d5 11 d5 11 d5 11 d5 11 d5 11 d5,True,False,13,2,True
G,64,2018,162,78 d5 11 d5 11 18 78 d5 11 d5 11 18 78 d5 11 d5 11 d5 11 d5 11 d5 11 d5 11 d5 11 d5 11 d5 11 d5 11 d5 11 d5 11 d5 11 d5 11 d5 11 d5 11 d5 11 d5 11 d5 11 d5 11 d5 11 d5 11 d5 11 d5 11 d5 11 d5,True,False,5,0,True
G,64,2018,232,11 d5 11 d5 11 d5 11 d5 11 d5 11 d5 11 d5 11 00 00 d5 11 d5 11 d5 11 d5 11 d5 11 d5 11 d5 11 d5 11 d5 11 d5 11 00 00 d5 11 d5 11 d5 11 d5 11 d5 11 d5 11 d5 11 d5 11 d5 11 d5 11 d5 11 d5 11 d5,True,False,4,8,True
G,64,2018,190,f8 d5 11 d5 11 30 f8 d5 11 d5 11 30 f8 d5 11 d5 11 30 f8 d5 11 d5 11 d5 11 d5 11 30 f8 d5 11 d5 11 30 f8 d5 11 d5 11 30 f8 d5 11 d5 11 30 f8 d5 11 d5 11 30 f8 d5 11 d5 11 30 f8 d5 11 30 f8 d5,True,False,21,0,True
G,64,2018,214,f8 d5 11 d5 11 30 f8 d5 11 d5 11 30 f8 d5 11 d5 11 30 f8 d5 11 d5 11 30 f8 d5 11 d5 11 30 f8 d5 11 d5 11 d5 11 30 f8 d5 11 d5 11 30 f8 d5 11 d5 11 30 f8 d5 11 d5 11 30 f8 d5 11 d5 11 30 f8 d5,True,False,21,0,False
G,64,2019,139,01 c5 01 c5 01 c5 01 c5 01 c5 01 c5 01 c5 01 c5 01 c5 01 c5 01 c5 01 c5 01 c5 01 c5 01 c5 01 c5 01 c5 01 c5 01 c5 01 c5 01 c5 a1 c5 01 c5 01 00 00 c5 01 c5 01 c5 01 c5 01 c5 01 c5 01 c5 01 c5,True,False,3,8,True
G,64,2019,172,01 c5 01 c5 01 c5 01 c5 01 c5 01 c5 01 c5 01 c5 01 c5 01 c5 01 c5 01 c5 01 c5 01 c5 01 c5 01 c5 01 c5 01 c5 01 c5 01 c5 01 c5 01 c5 01 c5 01 c5 01 c5 01 c5 01 c5 01 c5 01 c5 01 c5 01 c5 01 c5,True,False,0,32,True
G,64,2019,43,01 c5 01 c5 01 c5 01 c5 01 c5 01 c5 01 c5 01 c5 01 c5 01 c5 01 c5 01 30 f8 c5 01 30 f8 c5 01 c5 01 c5 01 30 f8 30 f8 c5 01 c5 01 30 f8 c5 01 c5 01 30 f8 c5 01 c5 01 30 f8 c5 01 c5 01 30 f8 c5,True,True,16,1,True
G,64,2019,138,f8 c5 01 c5 01 18 f8 c5 01 c5 01 c5 01 c5 01 c5 01 c5 01 c5 01 c5 01 c5 01 c5 01 c5 01 c5 01 c5 01 c5 01 c5 01 c5 01 c5 01 c5 01 c5 01 c5 01 c5 01 c5 01 c5 01 c5 01 c5 01 c5 01 c5 01 c5 01 c5,True,False,3,0,True
G,64,2019,201,01 c5 01 c5 01 c5 01 18 01 c5 01 c5 01 c5 01 c5 01 c5 01 c5 01 c5 01 c5 01 c5 01 c5 01 c5 01 c5 01 c5 01 c5 01 c5 01 c5 01 c5 01 c5 01 c5 01 c5 01 c5 01 c5 01 c5 01 c5 01 c5 01 c5 01 18 01 18,True,False,3,10,True
G,64,2019,205,01 c5 01 c5 01 c5 01 c5 01 c5 01 c5 01 c5 01 c5 01 c5 01 c5 01 c5 01 c5 01 c5 01 c5 01 c5 01 c5 01 c5 01 c5 01 c5 01 c5 01 c5 01 c5 01 c5 01 c5 01 c5 01 c5 01 c5 01 c5 01 c5 01 c5 01 00 00 30,True,False,3,7,True
G,64,2019,154,01 c5 01 c5 01 c5 01 c5 01 c5 01 c5 01 c5 01 c5 01 c5 01 c5 01 c5 01 c5 01 c5 01 c5 01 c5 01 c5 01 c5 01 c5 01 c5 01 c5 01 c5 01 c5 01 c5 01 c5 01 c5 01 c5 01 c5 01 c5 01 c5 01 c5 01 c5 01 c5,True,False,0,32,True
G,64,2019,191,01 c5 01 c5 01 c5 01 c5 01 c5 01 c5 01 c5 01 c5 01 c5 01 c5 01 c5 01 18 f8 c5 01 c5 01 18 f8 c5 01 c5 01 18 f8 c5 01 c5 01 18 f8 c5 01 c5 01 18 f8 c5 01 c5 01 18 f8 c5 01 c5 01 18 f8 c5 01 c5,True,True,14,2,True
G,64,2020,97,11 d5 11 d5 11 d5 11 d5 11 d5 11 d5 11 00 00 d5 11 d5 11 d5 11 d5 11 00 00 d5 11 d5 11 d5 11 d5 11 d5 11 d5 11 d5 11 d5 11 d5 11 d5 11 d5 11 d5 11 d5 11 d5 11 d5 11 d5 11 d5 11 d5 11 d5 11 d5,True,False,4,2,True
G,64,2020,123,11 d5 11 d5 11 d5 11 d5 11 d5 11 d5 11 d5 11 d5 11 d5 11 d5 11 d5 11 d5 11 d5 11 d5 11 d5 11 d5 11 d5 11 d5 11 d5 11 d5 11 d5 11 d5 11 d5 11 d5 11 d5 11 d5 11 d5 11 d5 11 d5 11 d5 11 00 00 d5,True,False,2,2,True
G,64,2020,69,11 30 f8 d5 11 d5 11 d5 11 30 f8 d5 11 d5 11 30 f8 d5 11 d5 11 30 f8 d5 11 d5 11 30 f8 d5 11 d5 11 d5 11 d5 11 d5 11 d5 11 d5 11 d5 11 d5 11 d5 11 d5 11 d5 11 d5 11 d5 11 d5 11 30 f8 30 11 30,True,True,14,0,False
G,64,2020,36,f8 d5 11 d5 11 18 f8 d5 11 d5 11 18 f8 d5 11 d5 11 18 f8 d5 11 d5 11 18 f8 d5 11 d5 11 d5 11 d5 11 d5 11 d5 11 d5 11 d5 11 d5 11 d5 11 d5 11 d5 11 d5 11 d5 11 d5 11 d5 11 d5 11 d5 11 d5 11 d5,True,False,9,0,False
G,64,2020,91,11 d5 11 d5 11 d5 11 d5 11 d5 11 d5 11 d5 11 d5 11 d5 11 d5 11 d5 11 d5 11 d5 11 d5 11 d5 11 d5 11 d5 11 d5 11 d5 11 00 00 d5 11 d5 11 d5 11 00 00 d5 11 d5 11 d5 11 d5 11 d5 11 d5 11 d5 11 d5,True,False,4,2,True
G,64,2020,214,11 d5 11 d5 11 d5 11 d5 11 d5 11 d5 11 d5 11 d5 11 10 11 10 11 10 11 10 11 10 11 d5 11 10 11 d5 11 10 11 d5 11 10 11 d5 11 d5 11 d5 11 d5 11 d5 11 d5 11 d5 11 d5 11 d5 11 d5 11 d5 11 6f f8 10,True,False,11,9,True
G,64,2020,242,11 d5 11 d5 11 d5 11 d5 11 d5 11 d5 11 d5 11 d5 11 d5 11 12 11 d5 11 d5 11 d5 11 d5 11 d5 11 d5 11 d5 11 d5 11 d5 11 d5 11 d5 11 d5 11 d5 11 d5 11 d5 11 d5 11 d5 11 d5 11 d5 11 d5 11 00 00 d5,True,False,3,6,True
G,64,2020,138,11 d5 11 d5 11 d5 11 d5 11 d5 11 d5 11 d5 11 d5 11 d5 11 d5 11 d5 11 d5 11 d5 11 d5 11 10 f8 d5 11 d5 11 10 f8 d5 11 d5 11 10 f8 d5 11 d5 11 10 f8 d5 11 d5 11 10 f8 d5 11 d5 11 10 f8 d5 11 d5,True,True,12,3,True
K,32,5001,153,11 00 00 d5 11 d5 11 d5 11 d5 11 d5 11 00 00 d5 11 d5 11 d5 11 d5 11 d5 11 d5 11 00 00 d5 11 00,True,False,7,5,True
K,32,5001,47,11 d5 11 d5 11 d5 11 d5 38 d5 11 d5 11 d5 11 d5 11 d5 11 d5 11 d5 11 d5 11 d5 11 d5 11 d5 11 d5,True,False,1,7,True
K,32,5001,255,11 d5 11 d5 11 d5 11 d5 11 d5 11 d5 11 d5 11 d5 11 d5 11 d5 11 d5 11 d5 11 d5 11 d5 11 d5 11 d5,True,False,0,11,True
K,32,5001,89,11 d5 11 d5 11 d5 11 d5 11 d5 11 d5 11 d5 11 d5 11 d5 11 d5 11 d5 11 d5 11 d5 11 d5 11 d5 11 d5,True,False,0,14,True
K,32,5001,160,11 d5 11 d5 11 d5 11 d5 11 d5 11 d5 11 d5 11 d5 11 d5 11 d5 11 d5 11 9d 11 9d 11 d5 11 d5 11 d5,True,False,2,3,True
K,32,5001,171,11 d5 11 d5 11 d5 11 d5 11 d5 11 d5 11 d5 11 d5 11 d5 11 d5 11 d5 11 d5 11 d5 11 d5 11 d5 11 d5,True,False,0,7,True
K,32,5001,161,11 d5 11 d5 11 d5 11 d5 11 d5 11 d5 11 d5 11 d5 11 d5 11 d5 11 d5 11 d5 11 d5 11 d5 11 d5 11 d5,True,False,0,9,True
K,32,5001,202,11 d5 11 d5 11 d5 11 d5 11 d5 11 d5 11 d5 11 d5 11 d5 11 d5 11 d5 11 d5 11 d5 11 d5 11 d5 11 d5,True,False,0,10,True
K,32,5002,52,60 5e ed b0 da 45 56 45 d7 b4 31 2d 6e 41 c2 41 00 54 fa ea f6 ca 32 41 b0 64 96 83 d4 00 e0 80,True,True,29,28,True
K,32,5002,107,60 5e ed b0 07 5e 7d bc 42 e9 d1 8d 05 87 af 48 c0 4c ff b3 d7 cc 9c b5 78 29 44 85 34 21 61 57,True,True,28,28,True
K,32,5002,66,90 5e ed 0d ad 5e 12 b0 44 c6 ed b0 25 5e ed b0 90 5e ed 0d ad 5e 12 b0 44 c6 ed b0 25 5e ed b0,True,True,14,13,True
K,32,5002,121,44 5e ed b0 44 5e ed b0 44 5e ed b0 44 5e ed b0 44 5e ed b0 44 5e ed b0 44 5e ed b0 44 5e ed b0,True,True,8,0,True
K,32,5002,170,44 5e ed b0 44 5e ed b0 44 5e ed b0 44 5e ed b0 44 5e ed b0 44 5e ed b0 44 5e ed b0 44 5e ed b0,True,True,8,0,True
K,32,5002,31,04 5e ed b0 04 5e ed b0 04 5e ed b0 04 5e ed b0 04 5e ed b0 04 5e ed b0 04 5e ed b0 04 5e ed b0,True,True,0,0,True
K,32,5002,244,04 5e ed b0 04 5e ed b0 04 5e ed b0 04 5e ed b0 04 5e ed b0 04 5e ed b0 04 5e ed b0 04 5e ed b0,True,True,0,0,True
K,32,5002,233,04 5e ed b0 04 5e ed b0 04 5e ed b0 04 5e ed b0 04 5e ed b0 04 5e ed b0 04 5e ed b0 04 5e ed b0,True,True,0,0,True
K,32,5003,223,44 5e ed b0 44 5e ed b0 44 5e ed b0 44 5e ed b0 44 5e ed b0 44 5e ed b0 44 5e ed b0 44 5e ed b0,True,True,0,0,True
K,32,5003,65,44 5e ed b0 44 5e ed b0 44 5e ed b0 44 5e ed b0 44 5e ed b0 44 5e ed b0 44 5e ed b0 44 5e ed b0,True,True,0,0,True
K,32,5003,50,c8 5e ed b0 10 0d 26 89 c8 5e ed b0 10 0d 26 89 c8 5e ed b0 10 0d 26 89 c8 5e ed b0 10 0d 26 89,True,True,20,4,True
K,32,5003,134,44 5e ed b0 44 5e ed b0 44 5e ed b0 44 5e ed b0 44 5e ed b0 44 5e ed b0 44 5e ed b0 44 5e ed b0,True,True,0,0,True
K,32,5003,23,04 5e ed b0 04 5e ed b0 04 5e ed b0 04 5e ed b0 04 5e ed b0 04 5e ed b0 04 5e ed b0 04 5e ed b0,True,True,8,0,True
K,32,5003,133,04 5e ed b0 04 5e ed b0 04 5e ed b0 04 5e ed b0 04 5e ed b0 04 5e ed b0 04 5e ed b0 04 5e ed b0,True,True,8,0,True
K,32,5003,34,60 5e ed b0 09 cc 87 db 0e e2 1a d1 ae 46 e8 92 2a 85 b0 f4 86 65 cc 67 16 a9 27 50 a8 7d 00 3e,True,True,29,28,True
K,32,5003,239,44 5e ed b0 44 5e ed b0 44 5e ed b0 44 5e ed b0 44 5e ed b0 44 5e ed b0 44 5e ed b0 44 5e ed b0,True,True,0,0,True
K,32,5004,86,11 d5 11 d5 11 d5 11 d5 11 d5 11 d5 11 d5 11 d5 11 d5 11 d5 11 d5 11 d5 11 d5 11 d5 11 d5 11 d5,True,False,0,10,True
K,32,5004,222,11 d5 11 d5 11 d5 11 d5 11 d5 11 d5 11 d5 11 d5 11 d5 11 d5 11 d5 11 d5 11 d5 11 d5 11 d5 11 d5,True,False,0,12,True
K,32,5004,100,11 d5 00 d5 00 d5 00 d5 00 d5 00 d5 00 d5 11 d5 11 d5 11 d5 11 d5 11 d5 11 d5 11 d5 11 d5 11 d5,True,False,6,4,True
K,32,5004,94,11 d5 11 d5 11 d5 11 d5 11 d5 11 d5 11 d5 11 d5 11 d5 11 d5 11 d5 11 d5 11 d5 11 d5 11 d5 11 d5,True,False,0,11,True
K,32,5004,41,11 d5 11 d5 11 d5 11 d5 11 d5 11 d5 11 d5 11 d5 11 d5 11 d5 11 d5 11 d5 11 d5 11 d5 11 d5 11 d5,True,False,0,13,True
K,32,5004,220,11 d5 38 d5 11 d5 11 d5 38 d5 38 d5 11 d5 11 d5 38 d5 11 d5 11 d5 11 d5 38 d5 11 d5 11 d5 11 d5,True,False,5,2,True
K,32,5004,195,11 d5 11 d5 11 d5 11 d5 11 d5 11 d5 11 d5 11 d5 11 d5 11 d5 11 d5 11 d5 11 d5 11 d5 11 d5 11 d5,True,False,0,11,True
K,32,5004,18,11 d5 11 d5 11 d5 11 d5 11 d5 11 d5 11 d5 11 d5 11 d5 11 d5 11 d5 11 d5 11 d5 11 d5 11 d5 11 d5,True,False,0,10,True
K,32,5005,144,11 d5 11 d5 11 d5 11 d5 11 d5 11 d5 11 d5 11 d5 11 d5 11 d5 11 d5 11 d5 11 d5 11 d5 11 d5 11 d5,True,False,0,10,True
K,32,5005,246,11 d5 11 d5 11 d5 11 d5 11 d5 11 d5 11 d5 11 d5 11 d5 11 d5 11 d5 11 d5 11 d5 11 d5 11 00 00 d5,True,False,2,3,True
K,32,5005,26,11 d5 11 d5 11 d5 11 d5 11 d5 11 d5 11 d5 11 d5 11 d5 11 d5 11 d5 11 d5 11 d5 11 d5 11 d5 11 d5,True,False,0,10,True
K,32,5005,16,11 d5 11 d5 38 d5 38 d5 11 d5 11 d5 11 d5 38 d5 11 d5 11 d5 11 d5 11 d5 11 d5 11 d5 11 d5 11 d5,True,False,3,7,True
K,32,5005,4,11 d5 11 d5 11 10 11 d5 11 d5 11 d5 11 d5 11 d5 11 d5 11 d5 11 d5 11 d5 11 d5 11 d5 11 d5 11 d5,True,False,1,7,True
K,32,5005,227,11 d5 11 d5 11 d5 11 d5 11 d5 38 d5 11 d5 11 d5 11 d5 11 d5 11 d5 11 d5 38 d5 11 d5 11 d5 11 d5,True,False,2,8,True
K,32,5005,2,11 d5 11 d5 11 d5 11 d5 11 d5 11 d5 11 d5 11 d5 11 d5 11 d5 11 d5 11 5c 11 d5 11 d5 11 d5 11 d5,True,False,1,8,True
K,32,5005,183,11 d5 11 d5 11 d5 11 d5 11 d5 11 d5 11 d5 11 d5 11 d5 11 d5 11 d5 11 d5 11 d5 11 d5 11 d5 11 d5,True,False,0,7,True
K,32,5006,119,c8 5e ed b0 76 6f 2b 8d c8 5e ed b0 76 6f 2b 8d c8 5e ed b0 76 6f 2b 8d c8 5e ed b0 76 6f 2b 8d,True,True,20,4,True
K,32,5006,81,04 5e ed b0 04 5e ed b0 04 5e ed b0 04 5e ed b0 04 5e ed b0 04 5e ed b0 04 5e ed b0 04 5e ed b0,True,True,0,0,True
K,32,5006,39,c8 6a 08 28 4b 5e ed b0 c8 6a 08 28 4b 5e ed b0 c8 6a 08 28 4b 5e ed b0 c8 6a 08 28 4b 5e ed b0,True,True,20,4,True
K,32,5006,234,04 5e ed b0 04 5e ed b0 04 5e ed b0 04 5e ed b0 04 5e ed b0 04 5e ed b0 04 5e ed b0 04 5e ed b0,True,True,0,0,True
K,32,5006,28,04 5e ed b0 04 5e ed b0 04 5e ed b0 04 5e ed b0 04 5e ed b0 04 5e ed b0 04 5e ed b0 04 5e ed b0,True,True,0,0,True
K,32,5006,211,04 5e ed b0 04 5e ed b0 04 5e ed b0 04 5e ed b0 04 5e ed b0 04 5e ed b0 04 5e ed b0 04 5e ed b0,True,True,0,0,True
K,32,5006,157,a0 5e ed b0 f8 23 f3 75 2b 1e d5 5a 49 a0 00 a0 00 d4 00 a0 00 a0 00 a0 00 01 00 a0 00 a0 00 c6,True,True,29,28,True
K,32,5006,98,04 5e ed b0 04 5e ed b0 04 5e ed b0 04 5e ed b0 04 5e ed b0 04 5e ed b0 04 5e ed b0 04 5e ed b0,True,True,0,0,True
K,32,5007,69,08 5e ed b0 e9 84 a8 25 08 5e ed b0 e9 50 a8 25 08 5e ed b0 e9 50 a8 25 08 5e ed b0 e9 50 a8 25,True,True,20,4,True
K,32,5007,231,88 5e ed b0 8f c5 ce 6e 88 5e ed b0 8f c5 ce 6e 88 5e ed b0 8f c5 ce 6e 88 5e 15 b0 8f c5 ce 6e,True,True,21,4,True
K,32,5007,217,c8 7c ed 82 65 5e ed b0 c8 7c ed 82 65 5e ed b0 c8 7c ed 82 65 5e ed b0 c8 7c ed 82 65 5e ed b0,True,True,16,4,True
K,32,5007,29,04 5e ed b0 04 5e ed b0 04 5e ed b0 04 5e ed b0 04 5e ed b0 04 5e ed b0 04 5e ed b0 04 5e ed b0,True,True,8,0,True
K,32,5007,25,c8 5e ed b0 57 4e fa 59 c8 5e ed b0 57 4e fa 59 c8 5e ed b0 57 4e fa 59 c8 5e ed b0 57 4e fa 59,True,True,20,4,True
K,32,5007,192,84 5e ed b0 84 5e ed b0 84 5e ed b0 84 5e ed b0 84 5e ed b0 84 5e ed b0 84 5e ed b0 84 5e ed b0,True,True,0,0,True
K,32,5007,105,48 43 5e ed b0 28 db bb 48 43 5e ed b0 28 db bb 48 43 5e ed b0 28 db bb 48 43 5e ed b0 28 db bb,True,True,20,4,True
K,32,5007,200,48 5e ed b0 f9 d6 87 db 48 5e ed b0 f9 d6 87 db 48 5e ed b0 f9 d6 87 db 48 5e ed b0 f9 d6 87 db,True,True,20,4,True
K,32,5008,179,11 d5 11 d5 11 d5 11 d5 11 d5 d1 d5 11 d5 11 d5 11 d5 11 d5 11 d5 11 d5 11 d5 11 d5 11 d5 11 d5,True,False,1,7,True
K,32,5008,103,11 d5 11 d5 11 d5 11 d5 11 d5 11 d5 11 d5 11 d5 11 d5 11 d5 11 d5 11 d5 11 d5 11 d5 11 d5 11 d5,True,False,0,9,True
K,32,5008,11,11 d5 11 d5 11 d5 11 d5 11 d5 11 d5 11 d5 11 d5 11 d5 11 d5 11 d5 11 d5 11 d5 11 d5 11 d5 68 d5,True,False,1,2,True
K,32,5008,151,11 d5 11 d5 11 d5 11 d5 11 d5 11 d5 11 d5 11 d5 11 d5 11 d5 11 d5 11 d5 11 d5 11 d5 11 d5 11 d5,True,False,0,8,True
K,32,5008,118,11 d5 11 d5 11 5d 11 5d 11 5d 11 5d 11 d5 11 d5 11 d5 11 d5 11 d5 11 d5 11 5d 11 d5 11 d5 11 d5,True,False,5,5,True
K,32,5008,255,11 d5 11 d5 11 d5 11 d5 11 d5 11 d5 11 d5 11 d5 11 d5 11 d5 11 d5 11 d5 11 d5 11 d5 11 d5 11 d5,True,False,0,17,True
K,32,5008,104,11 d5 11 d5 11 d5 11 d5 11 d5 11 d5 11 d5 11 d5 11 d5 11 d5 11 d5 11 d5 11 d5 11 d5 11 d5 11 d5,True,False,0,11,True
K,32,5008,177,11 d5 11 d5 11 d5 11 d5 11 d5 11 d5 11 d5 11 d5 11 d5 11 d5 11 d5 11 d5 11 d5 11 d5 11 d5 11 d5,True,False,0,10,True
K,32,5009,99,c8 5e ed b0 13 3f a6 b8 c8 5e ed b0 13 3f a6 b8 c8 5e ed b0 13 3f a6 b8 c8 5e ed b0 13 3f a6 b8,True,True,20,4,True
K,32,5009,18,44 5e ed b0 44 5e ed b0 44 5e ed b0 44 5e ed b0 44 5e ed b0 44 5e ed b0 44 5e ed b0 44 5e ed b0,True,True,8,0,True
K,32,5009,207,04 5e ed b0 04 5e ed b0 04 5e ed b0 04 5e ed b0 04 5e ed b0 04 5e ed b0 04 5e ed b0 04 5e ed b0,True,True,0,0,True
K,32,5009,39,50 5e ed b0 86 07 9a 46 c8 0a 8f 2f d4 38 fe 86 50 5e ed b0 86 07 9a 46 c8 0a 8f 2f d4 38 fe 86,True,True,26,12,True
K,32,5009,81,c8 5e ed b0 72 8c 36 dc c8 5e ed b0 72 8c 36 dc c8 5e ed b0 72 8c 36 dc c8 5e ed b0 72 8c 36 dc,True,True,20,4,True
K,32,5009,153,44 5e ed b0 44 5e ed b0 44 5e ed b0 44 5e ed b0 44 5e ed b0 44 5e ed b0 44 5e ed b0 44 5e ed b0,True,True,8,0,True
K,32,5009,129,60 5e ed b0 e4 77 77 3a cc 48 b7 87 0e 87 1a 92 95 87 00 87 00 87 00 a7 52 87 14 9c 00 a9 00 46,True,True,29,28,True
K,32,5009,45,c8 5e 78 ed b0 ee 00 a0 c8 5e 78 ed b0 ee 00 a0 c8 5e 78 ed b0 ee 00 a0 c8 5e 78 ed b0 ee 00 a0,True,True,24,4,True
K,32,5010,115,04 ed 0b 1e e0 ed b0 8a 04 5d 40 1e 36 ed b0 1e 44 83 b0 1e 04 1e b0 fa e0 ed b2 4b 04 ee 40 1e,True,True,15,28,True
K,32,5010,70,b0 1e 04 ed b0 1e 04 ed b0 1e 04 ed b0 1e 04 ed b0 1e 04 ed b0 1e 04 ed b0 1e 04 ed b0 1e 04 ed,True,True,0,0,True
K,32,5010,66,b0 1e 04 ed b0 1e 04 ed b0 1e 04 ed b0 1e 04 ed b0 1e 04 ed b0 1e 04 ed b0 1e 04 ed b0 1e 04 ed,True,True,0,0,True
K,32,5010,24,b0 1e 84 ed b0 1e 84 ed b0 1e 84 ed b0 1e 84 ed b0 1e 84 ed b0 1e 84 ed b0 1e 84 ed b0 1e 84 ed,True,True,8,0,True
K,32,5010,113,1e 04 ed b0 1e 04 ed b0 1e 04 ed b0 1e 04 ed b0 1e 04 ed b0 1e 04 ed b0 1e 04 ed b0 1e 04 ed b0,True,True,0,0,True
K,32,5010,248,b0 1e 50 ed b0 04 8c ed f7 57 62 a3 13 13 04 b9 b0 1e 50 ed b0 04 8c ed f7 57 62 a3 13 13 04 b9,True,True,20,11,True
K,32,5010,65,b0 1e 04 ed b0 1e 04 ed b0 1e 04 ed b0 1e 04 ed b0 1e 04 ed b0 1e 04 ed b0 1e 04 ed b0 1e 04 ed,True,True,0,0,True
K,32,5010,19,1e 04 ed b0 1e 04 ed b0 1e 04 ed b0 1e 04 ed b0 1e 04 ed b0 1e 04 ed b0 1e 04 ed b0 1e 04 ed b0,True,True,0,0,True
K,32,5011,148,c8 5e ed b0 64 62 ce 83 c8 5e ed b0 64 62 ce 83 c8 5e ed b0 64 62 ce 83 c8 5e ed b0 64 62 ce 83,True,True,20,4,True
K,32,5011,45,04 5e ed b0 04 5e ed b0 04 5e ed b0 04 5e ed b0 04 5e ed b0 04 5e ed b0 04 5e ed b0 04 5e ed b0,True,True,0,0,True
K,32,5011,213,c8 5e ed b0 6e 93 44 7f c8 5e ed b0 6e 93 44 7f c8 5e ed b0 6e 93 44 7f c8 5e ed b0 6e 93 44 7f,True,True,20,4,True
K,32,5011,225,c8 d6 a1 b0 04 5e ed b0 c8 d6 a1 b0 04 5e ed b0 c8 d6 a1 b0 04 5e ed b0 c8 d6 a1 b0 04 5e ed b0,True,True,12,4,True
K,32,5011,212,c8 5e ed b0 ee ae ed d0 c8 5e ed b0 ee ae ed d0 c8 5e ed b0 ee ae ed d0 c8 5e ed b0 ee ae ed d0,True,True,16,4,True
K,32,5011,13,c8 60 5f 60 c5 5e ed b0 c8 60 5f 60 c5 5e ed b0 c8 60 5f 60 c5 5e ed b0 c8 60 5f 60 c5 5e ed b0,True,True,20,4,True
K,32,5011,38,04 5e ed b0 04 5e ed b0 04 5e ed b0 04 5e ed b0 04 5e ed b0 04 5e ed b0 04 5e ed b0 04 5e ed b0,True,True,0,0,True
K,32,5011,43,48 48 44 ed 0a 5e ed b0 48 48 44 ed 0a 5e ed b0 48 48 44 ed 0a 5e ed b0 48 48 44 ed 0a 5e ed b0,True,True,20,4,True
K,32,5012,115,44 5e ed b0 44 5e ed b0 44 5e ed b0 44 5e ed b0 44 5e ed b0 44 5e ed b0 44 5e ed b0 44 5e ed b0,True,True,8,0,True
K,32,5012,48,04 5e ed b0 04 5e ed b0 04 5e ed b0 04 5e ed b0 04 5e ed b0 04 5e ed b0 04 5e ed b0 04 5e ed b0,True,True,0,0,True
K,32,5012,124,c8 5e ed b0 48 12 8d fc c8 5e ed b0 48 12 8d fc c8 5e ed b0 48 12 8d fc c8 5e ed b0 48 12 8d fc,True,True,20,4,True
K,32,5012,215,44 5e ed b0 44 5e ed b0 44 5e ed b0 44 5e ed b0 44 5e ed b0 44 5e ed b0 44 5e ed b0 44 5e ed b0,True,True,8,0,True
K,32,5012,77,c8 5e ed b0 14 91 42 0a c8 5e ed b0 14 91 42 0a c8 5e ed b0 14 91 42 0a c8 5e ed b0 14 91 42 0a,True,True,20,4,True
K,32,5012,230,c8 5e ed b0 48 12 18 23 c8 5e ed b0 48 12 18 23 c8 5e ed b0 48 12 18 23 c8 5e ed b0 48 12 18 23,True,True,20,4,True
K,32,5012,199,c8 5e ed b0 b7 a2 58 10 c8 5e ed b0 b7 a2 58 10 c8 5e ed b0 b7 a2 58 10 c8 5e ed b0 b7 a2 58 10,True,True,20,4,True
K,32,5012,191,c8 5e 3e e9 9e ed b0 13 c8 5e 3e e9 9e ed b0 13 c8 5e 3e e9 9e ed b0 13 c8 5e 3e e9 9e ed b0 13,True,True,24,3,True
K,32,5013,28,11 d5 11 d5 11 d5 11 d5 11 d5 11 d5 11 d5 11 d5 11 d5 11 d5 11 d5 11 d5 11 d5 11 d5 11 d5 11 d5,True,False,0,12,True
K,32,5013,52,11 d5 11 d5 11 d5 11 d5 11 d5 11 d5 11 d5 11 d5 11 d5 11 d5 11 d5 11 d5 11 d5 11 d5 11 d5 11 d5,True,False,0,8,True
K,32,5013,158,11 d5 11 d5 11 d5 11 d5 11 d5 11 d5 11 d5 11 d5 11 d5 11 d5 11 d5 11 d5 11 d5 11 d5 11 d5 11 d5,True,False,0,10,True
K,32,5013,238,11 d5 11 d5 11 d5 11 d5 11 d5 11 d5 11 d5 11 d5 11 d5 11 d5 11 d5 11 d5 11 d5 11 d5 11 d5 11 d5,True,False,0,10,True
K,32,5013,97,11 d5 11 d5 11 d5 11 d5 11 d5 11 d5 11 d5 11 d5 11 d5 11 d5 11 d5 11 d5 11 d5 11 d5 11 d5 11 d5,True,False,0,13,True
K,32,5013,245,11 d5 11 d5 11 d5 11 d5 11 d5 11 d5 11 d5 11 d5 11 d5 11 d5 11 d5 11 d5 11 d5 11 d5 11 d5 11 d5,True,False,0,10,True
K,32,5013,251,11 d5 11 d5 11 d5 11 d5 11 d5 11 d5 11 be 11 d5 11 d5 11 d5 11 d5 11 d5 11 d5 11 d5 11 d5 11 d5,True,False,1,8,True
K,32,5013,0,11 d5 11 d5 11 d5 11 d5 11 d5 11 d5 11 d5 11 d5 11 d5 11 d5 11 d5 11 d5 11 d5 11 d5 11 d5 11 d5,True,False,0,11,True
K,32,5014,92,11 d5 11 d5 11 d5 11 d5 11 d5 11 d5 11 d5 11 d5 00 d5 00 d5 00 d5 00 d5 11 d5 11 d5 00 d5 11 d5,True,False,5,3,True
K,32,5014,156,11 d5 11 d5 11 d5 11 d5 11 d5 11 d5 11 d5 11 d5 11 d5 11 d5 11 d5 11 d5 11 d5 11 d5 11 d5 11 d5,True,False,0,9,True
K,32,5014,161,11 d5 11 d5 11 d5 11 d5 11 d5 11 d5 11 d5 11 d5 11 d5 11 d5 11 d5 11 d5 11 d5 11 d5 11 d5 11 d5,True,False,0,10,True
K,32,5014,31,11 d5 11 d5 11 d5 11 00 11 d5 11 d5 11 d5 11 d5 11 d5 11 d5 11 00 11 d6 11 d5 11 d5 11 00 11 d5,True,False,4,6,True
K,32,5014,187,11 d5 11 d5 11 d5 10 d5 11 d5 11 d5 11 8a 11 d5 11 d5 11 d5 10 d5 11 d5 11 d5 10 d5 11 d5 11 d5,True,False,4,0,False
K,32,5014,88,11 d5 11 d5 11 d5 11 d5 11 d5 11 d5 11 d5 11 d5 11 d5 11 d5 11 d5 11 d5 11 d5 11 d5 11 d5 11 d5,True,False,0,9,True
K,32,5014,65,11 d5 11 d5 11 d5 11 d5 11 d5 11 d5 11 d5 11 d5 11 d5 11 d5 11 d5 11 d5 11 d5 11 d5 11 d5 11 d5,True,False,0,10,True
K,32,5014,238,11 d5 11 d5 11 00 00 d5 11 d5 11 d5 11 00 00 00 00 d5 11 d5 11 d5 11 d5 11 d5 11 d5 11 00 00 d5,True,False,8,1,True
K,32,5015,219,84 5e ed b0 84 5e ed b0 84 5e ed b0 84 5e ed b0 84 5e ed b0 84 5e ed b0 84 5e ed b0 84 5e ed b0,True,True,8,0,True
K,32,5015,253,44 5e ed b0 44 5e ed b0 44 5e ed b0 44 5e ed b0 44 5e ed b0 44 5e ed b0 44 5e ed b0 44 5e ed b0,True,True,0,0,True
K,32,5015,223,44 5e ed b0 44 5e ed b0 44 5e ed b0 44 5e ed b0 44 5e ed b0 44 5e ed b0 44 5e ed b0 44 5e ed b0,True,True,0,0,True
K,32,5015,249,60 dd ed 3d 44 5e ed b0 5e 0f 4a 3f 60 5e ed d5 44 7b ed b0 fa 15 29 69 00 e2 73 c7 34 9d e8 ff,True,True,22,30,True
K,32,5015,135,c8 5e ed b0 b9 3d 01 f7 c8 5e ed b0 b9 3d 01 f7 c8 5e ed b0 b9 3d 01 f7 c8 5e ed b0 b9 3d 01 f7,True,True,20,4,True
K,32,5015,194,c8 5e ed b0 78 7c f2 83 c8 5e ed b0 78 7c f2 83 c8 5e ed b0 78 7c f2 83 c8 5e ed b0 78 7c f2 83,True,True,20,4,True
K,32,5015,0,c8 5e 55 f1 44 5e ed b0 c8 5e 55 f1 44 5e ed b0 c8 5e 55 f1 44 5e ed b0 c8 5e 55 f1 44 5e ed b0,True,True,12,5,True
K,32,5015,89,44 5e ed b0 44 5e ed b0 44 5e ed b0 44 5e ed b0 44 5e ed b0 44 5e ed b0 44 5e ed b0 44 5e ed b0,True,True,0,0,True
K,32,5016,59,11 d5 11 d5 11 d5 11 d5 11 d5 11 d5 11 d5 11 d5 11 d5 11 d5 11 d5 11 d5 11 d5 11 d5 11 d5 11 d5,True,False,0,8,True
K,32,5016,194,11 d5 11 d5 11 d5 11 d5 11 d5 11 d5 11 d5 11 d5 11 d5 11 d5 11 d5 11 d5 11 d5 11 d5 11 d5 11 d5,True,False,0,10,True
K,32,5016,115,11 00 00 00 00 00 00 d5 11 d5 11 00 00 00 00 d5 11 00 00 00 00 00 00 00 00 00 00 d5 11 00 00 00,True,False,23,0,False
K,32,5016,171,11 d5 11 d5 11 d5 11 d5 11 d5 11 d5 38 d5 38 d5 11 d5 11 d5 11 d5 11 d5 11 d5 11 d5 11 d5 11 d5,True,False,2,5,True
K,32,5016,121,11 d5 11 d5 11 d5 11 d5 11 d5 11 d5 11 d5 11 d5 11 d5 11 d5 11 d5 11 d5 11 d5 11 d5 11 d5 11 d5,True,False,0,13,True
K,32,5016,68,11 d5 11 d5 11 d5 11 d5 11 d5 11 d5 11 d5 11 d5 11 d5 11 d5 11 d5 11 d5 11 d5 11 d5 11 d5 11 d5,True,False,0,7,True
K,32,5016,210,11 d5 11 d5 11 d5 11 d5 11 d5 11 d5 11 d5 11 d5 11 d5 11 d5 11 d5 11 d5 11 d5 11 d5 11 d5 11 d5,True,False,0,10,True
K,32,5016,28,11 d5 11 d5 11 d5 11 d5 11 d5 11 d5 11 d5 11 d5 11 d5 11 d5 11 d5 11 d5 11 d5 11 d5 11 d5 11 d5,True,False,0,14,True
K,32,5017,111,04 5e ed b0 04 5e ed b0 04 5e ed b0 04 5e ed b0 04 5e ed b0 04 5e ed b0 04 5e ed b0 04 5e ed b0,True,True,16,0,True
K,32,5017,223,1e 84 ed b0 1e 84 ed b0 1e 84 ed b0 1e 84 ed b0 1e 84 ed b0 1e 84 ed b0 1e 84 ed b0 1e 84 ed b0,True,True,0,0,True
K,32,5017,237,b0 1e 98 ed b0 1e 84 ed b0 1e 84 ed b0 1e 84 ed b0 1e 84 ed b0 1e 84 ed b0 1e 98 ed b0 1e 84 ed,True,True,2,20,True
K,32,5017,38,04 5e ed b0 04 5e ed b0 04 5e ed b0 04 5e ed b0 04 5e ed b0 04 5e ed b0 04 5e ed b0 04 5e ed b0,True,True,16,0,True
K,32,5017,190,b0 1e 84 ed b0 1e 84 ed b0 1e 84 ed b0 1e 84 ed b0 1e 84 ed b0 1e 84 ed b0 1e 84 ed b0 1e 84 ed,True,True,0,0,True
K,32,5017,91,b0 1e 84 ed b0 1e 84 ed b0 1e 84 ed b0 1e 84 ed b0 1e 84 ed b0 1e 84 ed b0 1e 84 ed b0 1e 84 ed,True,True,0,0,True
K,32,5017,226,b0 1e 84 ed b0 1e 84 ed b0 1e 84 ed b0 1e 84 ed b0 1e 84 ed b0 1e 84 ed b0 1e 84 ed b0 1e 84 ed,True,True,0,0,True
K,32,5017,238,b0 1e 84 ed b0 1e 84 ed b0 1e 84 ed b0 1e 84 ed b0 1e 84 ed b0 1e 84 ed b0 1e 84 ed b0 1e 84 ed,True,True,0,0,True
K,32,5018,22,c8 5e ed b0 9f 25 c8 b5 c8 5e ed b0 9f 25 c8 b5 c8 5e ed b0 9f 25 c8 b5 c8 5e ed b0 9f 25 c8 b5,True,True,20,4,True
K,32,5018,204,a0 5e ed b0 1d b0 49 c8 88 67 a0 cf 05 80 c2 cd 23 21 89 83 14 36 3a 87 82 67 07 88 af 02 00 da,True,True,29,28,True
K,32,5018,40,04 5e ed b0 04 5e ed b0 04 5e ed b0 04 5e ed b0 04 5e ed b0 04 5e ed b0 04 5e ed b0 04 5e ed b0,True,True,0,0,True
K,32,5018,180,04 5e ed b0 04 5e ed b0 04 5e ed b0 04 5e ed b0 04 5e ed b0 04 5e ed b0 04 5e ed b0 04 5e ed b0,True,True,0,0,True
K,32,5018,53,c8 5e ed b0 99 38 77 84 c8 5e ed b0 99 38 77 84 c8 5e ed b0 99 38 77 84 c8 5e ed b0 99 38 77 84,True,True,20,4,True
K,32,5018,193,08 04 7d b0 04 5e ed b0 08 04 7d b0 04 5e ed b0 08 04 7d b0 04 5e ed b0 08 04 7d b0 04 5e ed b0,True,True,12,4,True
K,32,5018,131,c8 5e ed 13 5e ed b0 59 c8 5e ed 13 5e ed b0 59 c8 5e ed 13 5e ed b0 59 c8 5e ed 13 5e ed b0 59,True,True,20,5,True
K,32,5018,200,04 5e ed b0 04 5e ed b0 04 5e ed b0 04 5e ed b0 04 5e ed b0 04 5e ed b0 04 5e ed b0 04 5e ed b0,True,True,0,0,True
K,32,5019,88,11 d5 11 d5 11 d5 11 d5 11 d5 11 d5 11 d5 11 d5 11 d5 11 d5 11 d5 11 d5 11 d5 11 d5 11 d5 11 d5,True,False,0,12,True
K,32,5019,170,11 d5 11 d5 11 d5 11 d5 11 d5 11 d5 11 d5 11 d5 11 d5 11 d5 11 d5 11 d5 11 d5 11 d5 11 d5 11 d5,True,False,0,8,True
K,32,5019,86,11 d5 11 d5 11 d5 11 00 11 d5 11 d5 11 d5 11 d5 11 00 11 d5 11 d5 11 d5 11 d5 11 d5 11 00 11 00,True,False,4,1,True
K,32,5019,161,11 d5 11 d5 11 d5 11 d5 11 d5 11 d5 11 d5 11 d5 11 d5 11 d5 11 d5 11 d5 11 d5 11 d5 11 d5 11 d5,True,False,0,9,True
K,32,5019,169,11 d5 11 d5 11 d5 11 d5 11 d5 11 d5 11 d5 11 d5 11 d5 11 d5 11 d5 11 d5 11 d5 11 d5 11 d5 11 d5,True,False,0,11,True
K,32,5019,118,11 d5 11 d5 11 d5 11 d5 11 d5 11 d5 11 d5 11 d5 11 d5 11 d5 11 d5 11 d5 11 d5 11 d5 11 d5 11 d5,True,False,0,10,True
K,32,5019,6,11 d5 11 d5 11 d5 11 d5 11 d5 11 d5 11 d5 11 d5 11 d5 11 d5 11 d5 11 d5 11 d5 11 d5 11 d5 11 d5,True,False,0,8,True
K,32,5019,42,11 d5 11 d5 11 d5 11 d5 11 d5 11 d5 11 d5 11 d5 11 d5 11 d5 11 d5 11 d5 11 d5 11 d5 11 d5 11 d5,True,False,0,9,True
K,32,5020,236,04 5e ed b0 04 5e ed b0 04 5e ed b0 04 5e ed b0 04 5e ed b0 04 5e ed b0 04 5e ed b0 04 5e ed b0,True,True,8,0,True
K,32,5020,51,44 5e ed b0 44 5e ed b0 44 5e ed b0 44 5e ed b0 44 5e ed b0 44 5e ed b0 44 5e ed b0 44 5e ed b0,True,True,0,0,True
K,32,5020,126,04 5e ed b0 04 5e ed b0 04 5e ed b0 04 5e ed b0 04 5e ed b0 04 5e ed b0 04 5e ed b0 04 5e ed b0,True,True,8,0,True
K,32,5020,193,60 5e ed b0 07 b2 71 47 47 f3 4d e4 84 df a5 96 33 da 80 2b c9 40 67 64 87 5b 00 0d 56 07 d5 00,True,True,29,28,True
K,32,5020,220,04 5e ed b0 04 5e ed b0 04 5e ed b0 04 5e ed b0 04 5e ed b0 04 5e ed b0 04 5e ed 6e 04 5e ed b0,True,True,9,0,True
K,32,5020,70,44 5e ed b0 44 5e ed b0 44 5e ed b0 44 5e ed b0 44 5e ed b0 44 5e ed b0 44 5e ed b0 44 5e ed b0,True,True,0,0,True
K,32,5020,206,44 5e ed b0 44 5e ed b0 44 5e ed b0 44 5e ed b0 44 5e ed b0 44 5e ed b0 44 5e ed b0 44 5e ed b0,True,True,0,0,True
K,32,5020,240,c8 5e ed b0 e2 c1 54 a6 c8 5e ed b0 e2 c1 54 a6 c8 5e ed b0 e2 c1 54 a6 c8 5e ed b0 e2 c1 54 a6,True,True,20,4,True
I,16,4001,129,b0 5e ed b0 3c 1e d6 f8 5d 12 f0 4f 98 43 d3 3d,True,True,13,12,True
I,16,4001,78,b0 5e ed b0 ac bc 0d f8 46 63 b6 1a 3c a9 7c 00,True,True,13,12,True
I,16,4001,137,50 3f 5e f6 13 7f 8b ed b0 12 b7 de 00 bf ba b0,True,True,13,11,True
I,16,4001,151,c8 5e ed b0 53 68 9e c5 c8 5e ed b0 53 68 9e c5,True,True,10,4,True
I,16,4001,68,b0 5e ed b0 43 a3 ff d2 67 cc 0b f4 31 03 00 53,True,True,13,12,True
I,16,4001,4,b0 5e ed b0 83 9c f9 22 ac 74 52 11 7c 07 e9 80,True,True,13,12,True
I,16,4001,246,b0 58 5e ed b0 68 fa 54 ce d6 64 bc 5c 1a 00 cb,True,True,12,12,True
I,16,4001,47,90 fe 6f 8d b7 ae ce 76 5a 5e ed b0 19 05 65 d7,True,True,13,11,True
I,16,4002,226,e8 6e eb 67 ed b0 50 bd e8 6e eb 67 ed b0 50 bd,True,True,12,3,True
I,16,4002,144,e8 6e eb ed b0 52 1a b7 e8 6e eb ed b0 52 1a b7,True,True,8,3,True
I,16,4002,161,c8 6e eb 8a ed b0 35 22 c8 6e eb 8a ed b0 35 22,True,True,10,2,True
I,16,4002,36,c8 6e eb f8 ed b0 2e 16 c8 6e eb f8 ed b0 2e 16,True,True,10,3,True
I,16,4002,146,c8 6e eb 8a ed b0 2d f0 c8 6e eb 8a ed b0 2d f0,True,True,10,3,True
I,16,4002,147,e8 6e eb 8c ed b0 a7 66 e8 6e eb 8c ed b0 a7 66,True,True,12,3,True
I,16,4002,70,e8 6e eb ed b0 57 f2 2b e8 6e eb ed b0 57 f2 2b,True,True,8,3,True
I,16,4002,242,68 6e eb 6c ed b0 ef 6a 68 6e eb 6c ed b0 ef 6a,True,True,12,3,True
I,16,4003,20,11 30 52 ed b0 85 32 5e 24 ed 71 00 00 30 51 54,True,True,13,12,True
I,16,4003,72,11 10 9b ed b0 8e 83 48 27 7f 26 56 0b e2 23 0b,True,True,13,12,True
I,16,4003,230,11 30 f6 ed b0 b7 77 6a 64 ad 89 85 ad 07 00 45,True,True,13,12,True
I,16,4003,247,11 30 9e ed b0 8d 07 00 69 be b6 31 00 04 30 cd,True,True,13,12,True
I,16,4003,244,11 d0 d6 ed b0 5b 11 b6 e7 ed b0 2f 3e cf 00 19,True,True,13,12,True
I,16,4003,178,11 f0 9e ed b0 1f c1 39 08 56 00 e1 2a 0a 00 97,True,True,13,12,True
I,16,4003,202,11 30 9e ed b0 18 e8 c7 49 fb d0 b7 a2 bc 0d 43,True,True,13,12,True
I,16,4003,127,11 30 e1 ed b0 57 55 ca 01 dc 3e 68 1e 3d 00 5c,True,True,13,12,True
I,16,4004,161,90 5e ed b0 dd 8a a7 be 49 59 f3 8a 7f 0f e9 60,True,True,13,12,True
I,16,4004,16,48 5e ed b0 c2 22 d7 3a 48 5e ed b0 c2 22 d7 3a,True,True,10,4,True
I,16,4004,109,11 10 08 ed b0 7a de c2 7a a0 00 f8 b9 a0 9a 1d,True,True,14,12,True
I,16,4004,49,11 10 96 ed b0 9e 4c 76 71 2b b0 0e da 0c 00 ff,True,True,14,12,True
I,16,4004,209,90 5e ed b0 c6 69 fb a7 3b 67 06 09 aa 06 4e 00,True,True,13,12,True
I,16,4004,88,b0 5e ed b0 0d 2c bf 1b 87 c8 5b 63 3f 25 00 5a,True,True,13,12,True
I,16,4004,24,90 5e ed b0 c6 a0 87 73 22 19 ab 80 4e fe 8d 72,True,True,13,12,True
I,16,4004,130,11 10 47 ed b0 9c 02 70 57 29 e4 17 e4 0d ab 11,True,True,14,12,True
I,16,4005,65,11 48 83 ed b0 e0 0d c7 11 48 83 ed b0 e0 0d c7,True,True,10,4,True
I,16,4005,70,11 70 38 ed b0 d8 f0 16 48 d0 9c 20 e3 de b0 e3,True,True,13,12,True
I,16,4005,61,11 b0 97 ed b0 3a 00 fd e5 ec 11 01 5e 00 e0 60,True,True,13,12,True
I,16,4005,250,11 50 d2 ed b0 e5 c3 e6 1f 75 a6 46 00 c6 9e a0,True,True,13,12,True
I,16,4005,243,11 50 e8 ed b0 54 12 13 88 9c 7c 13 f1 29 f9 a4,True,True,13,12,True
I,16,4005,3,11 10 95 ed b0 ec 04 fc 1e b7 53 33 36 2f 9c 3e,True,True,13,12,True
I,16,4005,152,11 10 b0 ed b0 86 1e 10 53 3f d1 8d 00 08 00 c1,True,True,13,12,True
I,16,4005,107,11 30 38 ed b0 9e cb 26 ab f1 5d df 05 7b 3b 3e,True,True,13,12,True
I,16,4006,133,11 70 01 ed b0 06 ee 2a 4d fe 4f 92 00 70 b8 d4,True,True,13,12,True
I,16,4006,219,11 30 73 ed b0 b1 0c be 7b bf 13 8d 00 4d 00 4d,True,True,13,12,True
I,16,4006,2,11 90 0d ed b0 3a 11 c8 5e b1 e2 69 6e 01 55 00,True,True,12,12,True
I,16,4006,141,11 b0 91 ed b0 5c 5f 01 25 36 1e a5 5c d5 78 94,True,True,12,12,True
I,16,4006,65,11 d0 0f ed b0 32 9b b8 7b bf 13 88 30 75 9f ca,True,True,13,12,True
I,16,4006,223,11 88 ea ed b0 72 77 c6 11 88 ea ed b0 72 77 c6,True,True,13,4,True
I,16,4006,232,11 50 cc ed b0 1e b9 d5 77 cf 2f 5d a3 8b f9 00,True,True,13,12,True
I,16,4006,26,11 30 46 ed b0 2f 7a f0 6a 28 e4 f1 72 62 cc dc,True,True,13,12,True
I,16,4007,175,b0 5e ed b0 77 62 a3 23 d8 90 a4 b0 00 02 00 82,True,True,12,12,True
I,16,4007,79,b0 5e ed b0 02 0c fd bd d1 e1 dd ee 22 17 a1 cb,True,True,13,12,True
I,16,4007,1,b0 5e ed b0 b4 32 cc cf 39 4a 27 7a ee 33 ae f4,True,True,13,12,True
I,16,4007,254,50 5e ed b0 ea 3d c2 69 29 be 38 3f 00 bf 5b af,True,True,13,12,True
I,16,4007,188,b0 5e ed b0 b3 8f ed 3b 1f f5 67 63 00 a0 b0 a8,True,True,12,12,True
I,16,4007,32,50 5e ed b0 b3 bd 65 a0 c9 ea ed b8 f6 e6 5e 77,True,True,12,12,True
I,16,4007,226,b0 51 5e ed b0 30 8c db 00 5e e2 a5 7e 9e 00 23,True,True,12,12,True
I,16,4007,225,88 5e ed b0 43 7e 52 70 88 5e ed b0 43 7e 52 70,True,True,10,4,True
I,16,4008,135,88 5e ed b0 fc ce 15 f3 88 5e ed b0 fc ce 15 f3,True,True,10,4,True
I,16,4008,33,b0 5e ed b0 4b e4 1f b2 90 49 e4 3d 00 04 00 1f,True,True,13,12,True
I,16,4008,200,b0 5e ed b0 38 c9 7f a4 ca be e7 0d 8b f9 22 e9,True,True,13,12,True
I,16,4008,51,90 5e ed b0 85 6c 44 49 d6 88 6f b1 3b 0b f9 b9,True,True,13,12,True
I,16,4008,219,50 5e ed b0 8a 7d ab d0 00 af 9f 58 61 4a a9 31,True,True,13,12,True
I,16,4008,31,50 5e ed b0 5f 93 c9 99 5e a5 03 20 6c 42 84 3e,True,True,13,12,True
I,16,4008,21,c8 5e ed b0 fe 73 eb e7 c8 5e ed b0 fe 73 eb e7,True,True,10,4,True
I,16,4008,54,90 5e ed b0 60 a7 0e b1 11 34 f7 0e 41 68 25 74,True,True,13,12,True
I,16,4009,213,1d 2e 4f fa 8b 1c f6 ae 86 d9 f7 ed b8 c5 8a 26,True,True,12,9,True
I,16,4009,88,1d 2e 8f fa 2b 4a 64 cb 83 fa ce ed b8 00 d7 24,True,True,12,9,True
I,16,4009,70,1d 2e af d2 6b dc 06 d6 90 5a f2 ed b8 00 00 d6,True,True,12,9,True
I,16,4009,207,1d 2e 2f c3 2b 6b 54 3f 21 bb 18 ed b8 17 06 00,True,True,11,9,True
I,16,4009,97,1d 2e ef e2 87 2b c0 51 97 0e d9 ed b8 01 00 63,True,True,12,8,True
I,16,4009,226,1d 2e 0f 56 ea c1 dd af 70 d3 a8 ed b8 03 5b 00,True,True,10,9,True
I,16,4009,71,1d 2e ef fa eb 09 fa b6 cc 6b 97 ed b8 7f 00 94,True,True,10,9,True
I,16,4009,230,1d 2e 0f c3 08 77 5b 3f ea 39 65 ed b8 52 ee 60,True,True,10,9,True
I,16,4010,45,b0 fb 5e ed b0 ca 66 26 45 70 00 b1 c4 00 00 10,True,True,12,12,True
I,16,4010,44,b0 8a 5e ed b0 51 27 87 2e 2d d8 37 03 03 00 ce,True,True,12,12,True
I,16,4010,118,b0 5e ed b0 c0 33 20 90 fe d6 c6 ba 2e 15 91 96,True,True,13,12,True
I,16,4010,25,c8 5e ed b0 a0 71 cf 1a c8 5e ed b0 a0 71 cf 1a,True,True,10,4,True
I,16,4010,184,b0 5e ed b0 f6 d8 24 c6 ca 0a d8 0c bc 93 00 f6,True,True,13,12,True
I,16,4010,189,c8 5e ed b0 b4 60 02 62 c8 5e ed b0 b4 60 02 62,True,True,10,4,True
I,16,4010,249,90 8c 5e ed b0 32 1a 4a 9b 2f c0 2b ca 00 00 d3,True,True,13,12,True
I,16,4010,186,b0 5e ed b0 5e ed 72 e2 31 5e ed 94 17 ed 78 5e,True,True,11,12,True
M,16,7001,156,85 e3 21 e3 21 c0 85 c0 85 e3 21 e3 21 c0 85 c0,True,True,4,0,True
M,16,7001,137,ad e3 21 e3 21 c0 ad c0 ad e3 21 e3 21 c0 ad c0,True,True,0,0,True
M,16,7001,211,ad e3 21 e3 21 c0 ad c0 ad e3 21 e3 21 c0 ad c0,True,True,0,0,True
M,16,7001,187,43 e3 21 e3 21 c0 43 c0 43 e3 21 e3 21 c0 43 c0,True,True,4,0,True
M,16,7001,17,ad e3 21 e3 21 c0 ad c0 ad e3 21 e3 21 c0 ad c0,True,True,0,0,True
M,16,7001,176,ac e3 21 e3 21 c0 ac c0 ac e3 21 e3 21 c0 ac c0,True,True,4,0,True
M,16,7001,209,ad e3 21 e3 21 c0 ad c0 ad e3 21 e3 21 c0 ad c0,True,True,0,0,True
M,16,7001,199,ad e3 21 e3 21 c0 ad c0 ad e3 21 e3 21 c0 ad c0,True,True,0,0,True
M,16,7002,231,ad e3 21 e3 21 c0 ad c0 ad e3 21 e3 21 c0 ad c0,True,True,0,0,True
M,16,7002,106,ad e3 21 e3 21 c0 ad c0 ad e3 21 e3 21 c0 ad c0,True,True,0,0,True
M,16,7002,236,ad e3 21 e3 21 c0 ad c0 ad e3 21 e3 21 c0 ad c0,True,True,0,0,True
M,16,7002,49,ac e3 21 e3 21 c0 ac c0 ac e3 21 e3 21 c0 ac c0,True,True,4,0,True
M,16,7002,214,ad e3 21 e3 21 c0 ad c0 ad e3 21 e3 21 c0 ad c0,True,True,0,0,True
M,16,7002,69,ad e3 21 e3 21 e0 ad e0 ad e3 21 e3 21 e0 ad e0,True,True,4,0,True
M,16,7002,191,ad e3 21 e3 21 c0 ad c0 ad e3 21 e3 21 c0 ad c0,True,True,0,0,True
M,16,7002,145,ad e3 21 e3 21 c0 ad c0 ad e3 21 e3 21 c0 ad c0,True,True,0,0,True
M,16,7003,1,ad e3 21 e3 21 c0 ad c0 ad e3 21 e3 21 c0 ad c0,True,True,0,0,True
M,16,7003,23,ad e3 21 e3 21 c0 ad c0 ad e3 21 e3 21 c0 ad c0,True,True,0,0,True
M,16,7003,52,ac e3 21 e3 21 c0 ac c0 ac e3 21 e3 21 c0 ac c0,True,True,4,0,True
M,16,7003,51,ac e3 21 e3 21 c0 ac c0 ac e3 21 e3 21 c0 ac c0,True,True,4,0,True
M,16,7003,159,ac e3 21 e3 21 c0 ac c0 ac e3 21 e3 21 c0 ac c0,True,True,4,0,True
M,16,7003,146,ad e3 21 e3 21 c0 ad c0 ad e3 21 e3 21 c0 ad c0,True,True,0,0,True
M,16,7003,29,ad e3 21 e3 21 c0 ad c0 ad e3 21 e3 21 c0 ad c0,True,True,0,0,True
M,16,7003,83,ad e3 21 e3 21 c0 ad c0 ad e3 21 e3 21 c0 ad c0,True,True,0,0,True
M,16,7004,186,ac e3 21 e3 21 c0 ac c0 ac e3 21 e3 21 c0 ac c0,True,True,4,0,True
M,16,7004,22,ad e3 21 e3 21 c0 ad c0 ad e3 21 e3 21 c0 ad c0,True,True,0,0,True
M,16,7004,130,ad e3 21 e3 21 c0 ad c0 ad e3 21 e3 21 c0 ad c0,True,True,0,0,True
M,16,7004,18,ad e3 21 e3 21 c0 ad c0 ad e3 21 e3 21 c0 ad c0,True,True,0,0,True
M,16,7004,156,ad e3 21 e3 21 c0 ad c0 ad e3 21 e3 21 c0 ad c0,True,True,0,0,True
M,16,7004,242,ad e3 21 e3 21 c0 ad c0 ad e3 21 e3 21 c0 ad c0,True,True,0,0,True
M,16,7004,113,ad e3 21 e3 21 c0 ad c0 ad e3 21 e3 21 c0 ad c0,True,True,0,0,True
M,16,7004,160,ad e3 21 e3 21 c0 ad c0 ad e3 21 e3 21 c0 ad c0,True,True,0,0,True
M,16,7005,195,ad e3 21 e3 21 c0 ad c0 ad e3 21 e3 21 c0 ad c0,True,True,0,0,True
M,16,7005,80,be e3 21 e3 21 e0 be e0 be e3 21 e3 21 e0 be e0,True,True,8,0,True
M,16,7005,184,ad e3 21 e3 21 e0 ad e0 ad e3 21 e3 21 e0 ad e0,True,True,4,0,True
M,16,7005,205,ad e3 21 e3 21 c0 ad c0 ad e3 21 e3 21 c0 ad c0,True,True,0,0,True
M,16,7005,30,b4 e3 21 e3 21 c0 b4 c0 b4 e3 21 e3 21 c0 b4 c0,True,True,4,0,True
M,16,7005,8,ad e3 21 e3 21 c0 ad c0 ad e3 21 e3 21 c0 ad c0,True,True,0,0,True
M,16,7005,143,b5 e3 21 e3 21 c0 b5 c0 b5 e3 21 e3 21 c0 b5 c0,True,True,4,0,True
M,16,7005,181,ac e3 21 e3 21 c0 ac c0 ac e3 21 e3 21 c0 ac c0,True,True,4,0,True
M,16,7006,104,ac e3 21 e3 21 c0 ac c0 ac e3 21 e3 21 c0 ac c0,True,True,4,0,True
M,16,7006,79,ad e3 21 e3 21 e0 ad e0 ad e3 21 e3 21 e0 ad e0,True,True,4,0,True
M,16,7006,3,ad e3 21 e3 21 c0 ad c0 ad e3 21 e3 21 c0 ad e3,True,True,1,0,True
M,16,7006,57,ad e3 21 e3 21 c0 ad c0 ad e3 21 e3 21 c0 ad c0,True,True,0,0,True
M,16,7006,220,ac e3 21 e3 21 c0 ac c0 ac e3 21 e3 21 c0 ac c0,True,True,4,0,True
M,16,7006,0,ac e3 21 e3 21 c0 ac c0 ac e3 21 e3 21 c0 ac c0,True,True,4,0,True
M,16,7006,231,ad e3 21 e3 21 c0 ad c0 ad e3 21 e3 21 c0 ad c0,True,True,0,0,True
M,16,7006,242,ae e3 21 e3 21 e0 ae e0 ae e3 21 e3 21 e0 ae e0,True,True,8,0,True
M,16,7007,154,ad e3 21 e3 21 c0 ad c0 ad e3 21 e3 21 c0 ad c0,True,True,0,0,True
M,16,7007,198,ad e3 21 e3 21 c0 ad c0 ad e3 21 e3 21 c0 ad c0,True,True,0,0,True
M,16,7007,84,ad e3 21 e3 21 c0 ad c0 ad e3 21 e3 21 c0 ad c0,True,True,0,0,True
M,16,7007,197,ad e3 21 e3 21 c0 ad c0 ad e3 21 e3 21 c0 ad c0,True,True,0,0,True
M,16,7007,27,ad e3 21 e3 21 c0 ad c0 ad e3 21 e3 21 c0 ad c0,True,True,0,0,True
M,16,7007,212,ad e3 21 e3 21 c0 ad c0 ad e3 21 e3 21 c0 ad c0,True,True,0,0,True
M,16,7007,222,ac e3 21 e3 21 c0 ac c0 ac e3 21 e3 21 c0 ac c0,True,True,4,0,True
M,16,7007,87,ac e3 21 e3 21 c0 ac c0 ac e3 21 e3 21 c0 ac c0,True,True,4,0,True
M,16,7008,1,ad e3 21 e3 21 c0 ad c0 ad e3 21 e3 21 c0 ad c0,True,True,0,0,True
M,16,7008,214,ad e3 21 e3 21 c0 ad c0 ad e3 21 e3 21 c0 ad c0,True,True,0,0,True
M,16,7008,19,ad e3 21 e3 21 c0 ad c0 ad e3 21 e3 21 c0 ad c0,True,True,0,0,True
M,16,7008,98,85 e3 21 e3 21 c0 85 c0 85 e3 21 e3 21 c0 85 c0,True,True,4,0,True
M,16,7008,75,ad e3 21 e3 21 c0 ad c0 ad e3 21 e3 21 c0 ad c0,True,True,0,0,True
M,16,7008,11,ad e3 21 e3 21 c0 ad c0 ad e3 21 e3 21 c0 ad c0,True,True,0,0,True
M,16,7008,133,ad e3 21 e3 21 c0 ad c0 ad e3 21 e3 21 c0 ad c0,True,True,0,0,True
M,16,7008,136,bd e3 21 e3 21 c0 bd c0 bd e3 21 e3 21 c0 bd c0,True,True,4,0,True
M,16,7009,175,ad e3 21 e3 21 c0 ad c0 ad e3 21 e3 21 c0 ad c0,True,True,0,0,True
M,16,7009,85,ad e3 21 e3 21 c0 ad c0 ad e3 21 e3 21 c0 ad c0,True,True,0,0,True
M,16,7009,238,ad e3 21 e3 21 e0 ad e0 ad e3 21 e3 21 e0 ad e0,True,True,4,0,True
M,16,7009,143,ad e3 21 e3 21 c0 ad c0 ad e3 21 e3 21 c0 ad c0,True,True,0,0,True
M,16,7009,120,ac e3 21 e3 21 c0 ac c0 ac e3 21 e3 21 c0 ac c0,True,True,4,0,True
M,16,7009,249,99 e3 21 e3 21 e0 99 e0 99 e3 21 e3 21 e0 99 e0,True,True,8,0,True
M,16,7009,79,ad e3 21 e3 21 c0 ad c0 ad e3 21 e3 21 c0 ad c0,True,True,0,0,True
M,16,7009,97,ac e3 21 e3 21 c0 ac c0 ac e3 21 e3 21 c0 ac c0,True,True,4,0,True
M,16,7010,161,b4 e3 21 e3 21 c0 b4 c0 b4 e3 21 e3 21 c0 b4 c0,True,True,4,0,True
M,16,7010,244,ad e3 21 e3 21 c0 ad c0 ad e3 21 e3 21 c0 ad c0,True,True,0,0,True
M,16,7010,168,ad e3 21 e3 21 c0 ad c0 ad e3 21 e3 21 c0 ad c0,True,True,0,0,True
M,16,7010,33,ac e3 21 e3 21 c0 ac c0 ac e3 21 e3 21 a2 ac c0,True,True,5,0,True
M,16,7010,139,ad e3 21 e3 21 c0 ad c0 ad e3 21 e3 21 c0 ad c0,True,True,0,0,True
M,16,7010,131,ad e3 21 e3 21 c0 ad c0 ad e3 21 e3 21 c0 ad c0,True,True,0,0,True
M,16,7010,160,ad e3 21 e3 21 c0 ad c0 ad e3 21 e3 21 c0 ad c0,True,True,0,0,True
M,16,7010,175,ad e3 21 e3 21 c0 ad c0 ad e3 21 e3 21 c0 ad c0,True,True,0,0,True
M,16,7011,175,ad e3 21 e3 21 c0 ad c0 ad e3 21 e3 21 c0 ad c0,True,True,0,0,True
M,16,7011,244,ad e3 21 e3 21 c0 ad c0 ad e3 21 e3 21 c0 ad c0,True,True,0,0,True
M,16,7011,79,ad e3 21 e3 21 c0 ad c0 ad e3 21 e3 21 c0 ad c0,True,True,0,0,True
M,16,7011,137,84 e3 21 e3 21 c0 84 c0 84 e3 21 e3 21 c0 84 c0,True,True,4,0,True
M,16,7011,75,ad e3 21 e3 21 c0 ad c0 ad cb 21 e3 21 c0 ad c0,True,True,1,0,True
M,16,7011,81,ad e3 21 e3 21 c0 ad c0 ad e3 21 e3 21 c0 ad c0,True,True,0,0,True
M,16,7011,97,57 e3 21 e3 21 c0 57 c0 57 e3 21 e3 21 c0 57 c0,True,True,4,0,True
M,16,7011,204,ac e3 21 e3 21 c0 ac c0 ac 90 21 e3 21 c0 ac c0,True,True,5,0,True
M,16,7012,34,ad e3 21 e3 21 c0 ad c0 ad e3 21 e3 21 c0 ad c0,True,True,0,0,True
M,16,7012,64,ad e3 21 e3 21 c0 ad c0 ad e3 21 e3 21 c0 ad c0,True,True,0,0,True
M,16,7012,58,ad e3 21 e3 21 c0 ad c0 ad e3 21 e3 21 c0 ad eb,True,True,1,0,True
M,16,7012,82,ad e3 21 e3 21 c0 ad c0 ad e3 21 e3 21 c0 ad c0,True,True,0,0,True
M,16,7012,152,ad e3 21 e3 21 c0 ad c0 ad e3 21 e3 21 c0 ad c0,True,True,0,0,True
M,16,7012,61,ad e3 21 e3 21 e0 ad e0 ad e3 21 e3 21 e0 ad e0,True,True,4,0,True
M,16,7012,32,ad e3 21 e3 21 c0 ad c0 ad e3 21 e3 21 c0 ad c0,True,True,0,0,True
M,16,7012,71,ad e3 21 e3 21 c0 ad c0 ad e3 21 e3 21 c0 ad c0,True,True,0,0,True
M,16,7013,22,ad e3 21 e3 21 c0 ad c0 ad e3 21 e3 21 c0 ad c0,True,True,0,0,True
M,16,7013,232,ac e3 21 e3 21 c0 ac c0 ac e3 21 e3 21 c0 ac c0,True,True,4,0,True
M,16,7013,226,ac e3 21 e3 21 c0 ac c0 ac 07 21 e3 21 c0 ac e3,True,True,6,0,True
M,16,7013,55,ad e3 21 e3 21 c0 ad c0 ad e3 21 e3 21 c0 ad c0,True,True,0,0,True
M,16,7013,147,ad e3 21 e3 21 c0 ad c0 ad e3 21 e3 21 c0 ad c0,True,True,0,0,True
M,16,7013,48,b6 e3 21 e3 21 c0 b6 c0 b6 e3 21 e3 21 c0 b6 c0,True,True,4,0,True
M,16,7013,5,ad e3 21 e3 21 c0 ad c0 ad e3 21 e3 21 c0 ad c0,True,True,0,0,True
M,16,7013,235,ad e3 21 e3 21 c0 ad c0 ad e3 21 e3 21 c0 ad c0,True,True,0,0,True
M,16,7014,46,ad e3 21 e3 21 c0 ad c0 ad e3 21 e3 21 c0 ad c0,True,True,0,0,True
M,16,7014,219,ad e3 21 e3 21 c0 ad c0 ad e3 21 e3 21 c0 ad c0,True,True,0,0,True
M,16,7014,156,ad e3 21 e3 21 c0 ad c0 ad e3 21 e3 21 c0 ad c0,True,True,0,0,True
M,16,7014,200,ad e3 21 e3 21 c0 ad c0 ad e3 21 e3 21 c0 ad c0,True,True,0,0,True
M,16,7014,9,ad e3 21 e3 21 c0 ad c0 ad e3 21 e3 21 c0 aa c0,True,True,1,0,True
M,16,7014,152,ad e3 21 e3 21 c0 ad c0 ad e3 21 e3 21 c0 ad c0,True,True,0,0,True
M,16,7014,193,ad e3 21 e3 21 c0 ad c0 ad e3 21 e3 21 c0 ad c0,True,True,0,0,True
M,16,7014,10,ad e3 21 e3 21 c0 ad c0 ad e3 21 e3 21 c0 ad c0,True,True,0,0,True
M,16,7015,148,ad e3 21 e3 21 c0 ad c0 ad e3 21 e3 21 c0 ad c0,True,True,0,0,True
M,16,7015,255,ad e3 21 e3 21 c0 ad c0 ad e3 21 e3 21 c0 ad c0,True,True,0,0,True
M,16,7015,158,9c e3 21 e3 21 c0 9c c0 9c e3 21 e3 21 c0 9c c0,True,True,4,0,True
M,16,7015,142,bc e3 21 e3 21 c0 bc c0 bc e3 21 e3 21 c0 bc c0,True,True,4,0,True
M,16,7015,235,ac e3 21 e3 21 c0 ac c0 ac e3 21 e3 21 c0 ac c0,True,True,4,0,True
M,16,7015,226,ac e3 21 e3 21 c0 ac c0 ac e3 21 e3 21 c0 ac c0,True,True,4,0,True
M,16,7015,76,bd e3 21 e3 21 c0 bd c0 bd e3 21 e3 21 c0 bd c0,True,True,4,0,True
M,16,7015,62,ac e3 21 e3 21 c0 ac c0 ac e3 21 e3 21 c0 ac c0,True,True,4,0,True
M,16,7016,79,ad e3 21 e3 21 c0 ad c0 ad e3 21 e3 21 c0 ad c0,True,True,0,0,True
M,16,7016,245,ad e3 21 e3 21 c0 ad c0 ad e3 21 e3 21 c0 ad c0,True,True,0,0,True
M,16,7016,160,ac e3 21 e3 21 c0 ac c0 ac e3 21 e3 21 82 ac c0,True,True,5,0,True
M,16,7016,9,ac e3 21 e3 21 c0 ac c0 ac e3 21 e3 21 c0 ac c0,True,True,4,0,True
M,16,7016,12,ad e3 21 e3 21 c0 ad c0 ad e3 21 e3 21 c0 ad c0,True,True,0,0,True
M,16,7016,212,ac e3 21 e3 21 c0 ac c0 ac e3 21 e3 21 c0 ac c0,True,True,4,0,True
M,16,7016,47,ad e3 21 e3 21 c0 ad c0 ad e3 21 e3 21 c0 ad c0,True,True,0,0,True
M,16,7016,226,ad e3 21 e3 21 c0 ad c0 ad e3 21 e3 21 c0 ad c0,True,True,0,0,True
M,16,7017,178,ac e3 21 e3 21 c0 ac c0 ac e3 21 e3 21 c0 ac c0,True,True,4,0,True
M,16,7017,196,15 e3 21 e3 21 c0 15 c0 15 e3 21 e3 21 c0 15 c0,True,True,4,0,True
M,16,7017,2,ad e3 21 e3 21 c0 ad c0 ad e3 21 e3 21 c0 ad c0,True,True,0,0,True
M,16,7017,255,ad e3 21 e3 21 c0 ad c0 ad e3 21 e3 21 c0 ad c0,True,True,0,0,True
M,16,7017,251,ad e3 21 e3 21 c0 ad c0 ad e3 21 e3 21 c0 ad c0,True,True,0,0,True
M,16,7017,3,ac e3 21 e3 21 c0 ac c0 ac e3 21 e3 21 c0 ac c0,True,True,4,0,True
M,16,7017,54,ac e3 21 e3 21 c0 ac c0 ac e3 21 e3 21 c0 ac c0,True,True,4,0,True
M,16,7017,37,ad e3 21 e3 21 c0 ad c0 ad e3 21 e3 21 c0 ad c0,True,True,0,0,True
M,16,7018,200,ad e3 21 e3 21 c0 ad c0 ad e3 21 e3 21 c0 ad c0,True,True,0,0,True
M,16,7018,116,ad e3 21 e3 21 c0 ad c0 ad e3 21 e3 21 c0 ad c0,True,True,0,0,True
M,16,7018,160,ac e3 21 e3 21 c0 ac c0 ac e3 21 e3 21 c0 ac c0,True,True,4,0,True
M,16,7018,140,ad e3 21 e3 21 c0 ad c0 ad e3 21 e3 21 c0 ad c0,True,True,0,0,True
M,16,7018,142,ad e3 21 e3 21 c0 ad c0 ad e3 21 e3 21 c0 ad c0,True,True,0,0,True
M,16,7018,78,ad e3 21 e3 21 c0 ad c0 ad e3 21 e3 21 c0 ad c0,True,True,0,0,True
M,16,7018,9,ad e3 21 e3 21 c0 ad c0 ad e3 21 e3 21 c0 ad c0,True,True,0,0,True
M,16,7018,254,ad e3 21 e3 21 c0 ad c0 ad e3 21 e3 21 c0 ad c0,True,True,0,0,True
M,16,7019,130,ad e3 21 e3 21 c0 ad c0 ad e3 21 e3 21 c0 ad c0,True,True,0,0,True
M,16,7019,36,ad e3 21 e3 21 c0 ad c0 ad e3 21 e3 21 c0 ad c0,True,True,0,0,True
M,16,7019,251,ad e3 21 e3 21 c0 ad c0 ad e3 21 e3 21 c0 ad c0,True,True,0,0,True
M,16,7019,135,ad e3 21 e3 21 c0 ad c0 ad e3 21 e3 21 c0 ad c0,True,True,0,0,True
M,16,7019,201,ad e3 21 e3 21 c0 ad c0 ad e3 21 e3 21 c0 ad c0,True,True,0,0,True
M,16,7019,80,ad e3 21 e3 21 c0 ad c0 ad e3 21 e3 21 c0 ad c0,True,True,0,0,True
M,16,7019,248,ad e3 21 e3 21 c0 ad c0 ad e3 21 e3 21 c0 ad c0,True,True,0,0,True
M,16,7019,105,ad e3 21 e3 21 c0 ad c0 ad e3 21 e3 21 c0 ad c0,True,True,0,0,True
M,16,7020,112,ad e3 21 e3 21 e0 ad e0 ad e3 21 e3 21 e0 ad e0,True,True,4,0,True
M,16,7020,34,86 e3 21 e3 21 c0 86 c0 86 e3 21 e3 21 c0 86 c0,True,True,4,0,True
M,16,7020,213,8e e3 21 e3 21 e0 8e e0 8e e3 21 e3 21 e0 8e e0,True,True,8,0,True
M,16,7020,119,ad e3 21 e3 21 c0 ad c0 ad e3 21 e3 21 c0 ad c0,True,True,0,0,True
M,16,7020,224,ad e3 21 e3 21 c0 ad c0 ad e3 21 e3 21 c0 ad c0,True,True,0,0,True
M,16,7020,109,ad e3 21 e3 21 c0 ad c0 ad e3 21 e3 21 c0 ad c0,True,True,0,0,True
M,16,7020,113,ad e3 21 e3 21 c0 ad c0 ad e3 21 e3 21 c0 ad c0,True,True,0,0,True
M,16,7020,193,0c e3 21 e3 21 c0 0c c0 0c e3 21 e3 21 c0 0c c0,True,True,4,1,True
M,32,7001,172,01 c5 01 c5 01 c5 01 c5 01 c5 01 e3 01 c5 01 c5 01 e3 01 00 01 c5 01 00 01 c5 01 e3 01 c5 01 c5,True,False,5,2,True
M,32,7001,31,01 c5 01 c5 01 c5 01 c5 01 31 29 c5 01 c5 01 c5 01 c5 01 c5 01 c5 01 c5 01 c5 01 c5 01 c5 01 c5,True,False,2,2,True
M,32,7001,252,01 c5 01 c5 01 c5 01 c5 01 c5 01 c5 01 c5 01 c5 01 c5 01 c5 01 c5 01 c5 01 c5 01 c5 01 c5 01 c5,True,False,0,14,True
M,32,7001,181,01 c5 01 c5 01 c5 01 c5 01 c5 01 c5 01 c5 01 c5 01 c5 01 c5 01 c5 01 c5 01 c5 01 c5 01 c5 01 c5,True,False,0,15,True
M,32,7001,93,06 c5 01 c5 01 c5 06 c5 01 c5 01 c5 01 c5 06 c5 01 c5 01 c5 01 c5 01 c5 06 c5 01 c5 06 c5 01 c5,True,False,5,0,True
M,32,7001,163,01 da 01 c5 01 c5 01 c5 01 c5 01 c5 01 c5 01 c5 01 c5 01 c5 01 c5 01 c5 01 c5 01 c5 01 c5 01 c5,True,False,1,10,True
M,32,7001,146,01 c5 01 00 00 00 00 00 00 c5 00 c5 01 c5 01 c5 01 c5 01 c5 01 c5 01 c5 01 c5 01 c5 01 c5 01 c5,True,False,7,5,True
M,32,7001,2,01 c5 01 c5 01 c5 01 c5 01 c5 01 c5 01 c5 01 c5 01 c5 01 c5 01 c5 01 f7 01 c5 01 c5 01 c5 01 c5,True,False,1,3,True
M,32,7002,242,11 d5 11 d5 11 d5 11 d5 11 d5 11 d5 11 d5 11 d5 11 d5 11 d5 11 d5 11 d5 11 d5 11 d5 11 d5 11 d5,True,False,0,15,True
M,32,7002,100,11 d5 11 d5 11 d5 11 d5 11 d5 11 d5 11 d5 11 d5 11 d5 11 d5 11 d5 11 d5 11 d5 11 d5 11 d5 11 d5,True,False,0,10,True
M,32,7002,54,d5 d5 11 d5 11 d5 11 d5 11 73 11 d5 11 d5 11 d5 11 d5 11 d5 11 d5 11 d5 11 d5 11 d5 11 d5 d5 d5,True,False,3,10,True
M,32,7002,187,11 d5 11 d5 11 d5 11 d5 11 d5 11 d5 11 d5 11 d5 11 d5 11 d5 11 d5 11 d5 11 d5 11 d5 11 d5 11 d5,True,False,0,11,True
M,32,7002,252,11 d5 11 d5 11 d5 11 d5 11 d5 11 d5 11 11 11 d5 11 d5 11 d5 11 d5 11 d5 11 d5 11 d5 11 d5 11 d5,True,False,1,7,True
M,32,7002,153,11 d5 11 d5 11 d5 11 d5 11 d5 11 d5 11 d5 11 d5 11 d5 11 d5 11 d5 11 d5 11 d5 11 d5 11 d5 11 d5,True,False,0,12,True
M,32,7002,12,11 d5 11 d5 11 d5 11 d5 11 d5 11 d5 11 d5 11 d5 11 d5 11 d5 11 d5 11 d5 11 d5 11 d5 11 d5 11 d5,True,False,0,9,True
M,32,7002,246,11 d5 11 d5 11 d5 11 d5 11 d5 11 d5 11 d5 11 d5 11 d5 11 d5 11 d5 11 d5 11 d5 11 d5 11 d5 11 d5,True,False,0,11,True
M,32,7003,14,11 d5 11 d5 11 d5 11 d5 11 d5 11 d5 11 d5 11 d5 11 d5 11 d5 11 d5 11 d5 11 d5 11 d5 11 d5 11 d5,True,False,0,13,True
M,32,7003,139,11 d5 11 d5 11 d5 11 d5 11 d5 11 d5 11 d5 11 d5 11 d5 11 d5 11 d5 11 d5 11 d5 11 d5 11 d5 11 d5,True,False,0,8,True
M,32,7003,182,11 d5 11 d5 11 d5 11 d5 11 d5 11 d5 11 d5 11 00 11 d5 11 d5 11 d5 11 d5 11 d5 11 d5 11 d5 11 d5,True,False,1,8,True
M,32,7003,240,11 33 11 d5 11 33 11 00 d5 11 11 33 11 d5 11 d5 11 d5 11 d5 11 d5 11 d5 d5 11 d5 11 d5 11 d5 11,True,False,14,1,True
M,32,7003,205,e6 d5 e6 d5 e6 d5 11 d5 e6 08 11 d5 11 d5 11 d5 11 d5 e6 d5 11 d5 11 d5 e6 08 11 d5 11 d5 e6 d5,True,False,9,0,True
M,32,7003,97,11 d5 11 d5 11 d9 11 d5 11 d5 11 d9 11 d9 11 d5 11 d5 11 d5 11 d5 11 d5 11 d5 11 d5 11 d9 11 d9,True,False,5,2,True
M,32,7003,119,11 d5 11 d5 11 d5 11 d5 11 d5 11 d5 11 d5 11 d5 11 d5 11 d5 11 d5 11 d5 11 d5 11 d5 11 d5 11 d5,True,False,0,12,True
M,32,7003,226,11 2e 11 2e 11 2e 11 2e 11 d5 11 d5 11 d5 11 d5 11 d5 11 d5 11 d5 11 d5 11 d5 11 d5 11 2e 11 d5,True,False,5,5,True
M,32,7004,166,11 d5 11 d5 11 d5 11 d5 11 d5 11 d5 11 d5 11 d5 11 d5 11 d5 11 d5 11 d5 11 d5 11 d5 11 d5 11 d5,True,False,0,13,True
M,32,7004,66,11 d5 11 d5 11 d5 11 d5 11 d5 11 d5 11 d5 11 d5 11 d5 11 d5 11 d5 11 d5 11 d5 11 d5 11 d5 11 d5,True,False,0,10,True
M,32,7004,204,11 d5 11 d5 ad d5 11 d5 11 d5 11 d5 11 d5 11 d5 11 d5 11 d5 11 d5 11 d5 11 d5 11 d5 11 d5 11 d5,True,False,1,6,True
M,32,7004,176,11 d5 11 d5 11 d5 11 d5 11 d5 11 d5 11 d5 11 d5 11 d5 11 d5 11 d5 11 d5 11 d5 11 d5 11 d5 11 d5,True,False,0,13,True
M,32,7004,45,11 d5 11 d5 11 d5 11 d5 11 d5 11 d5 11 d5 11 d5 11 d5 11 d5 11 d5 11 d5 11 d5 11 d5 11 d5 11 d5,True,False,0,8,True
M,32,7004,50,11 d5 11 d5 11 d5 11 d5 11 d5 11 d5 11 d5 11 d5 11 d5 11 d5 11 d5 11 d5 11 d5 11 d5 11 d5 11 d5,True,False,0,8,True
M,32,7004,210,11 d5 11 d5 11 d5 11 d5 11 d5 11 00 11 d5 11 d5 11 00 11 00 11 d5 11 d5 11 d5 11 d5 11 d5 11 d5,True,False,3,4,True
M,32,7004,103,11 d5 11 d5 11 d5 11 d5 11 d5 11 d5 11 d5 11 d5 11 d5 11 d5 11 d5 11 d5 11 d5 11 d5 11 d5 11 d5,True,False,0,12,True
M,32,7005,18,11 d5 11 d5 11 d5 11 d5 11 d5 11 d5 3e d5 3e d5 11 d5 11 d5 3e d5 3e d5 11 d5 11 d5 11 d5 11 d5,True,False,4,8,True
M,32,7005,79,11 d5 11 d5 11 d5 11 d5 11 d5 11 d5 11 d5 11 d5 11 d5 11 d5 11 d5 11 d5 11 d5 11 d5 11 d5 11 d5,True,False,0,9,True
M,32,7005,57,11 c0 fe d5 fe d5 11 d5 11 d5 11 d5 11 d5 11 d5 11 d5 11 d5 11 d5 fe d5 fe d5 11 d5 11 d5 fe 31,True,False,7,4,True
M,32,7005,200,11 d5 11 d5 11 d5 11 d5 11 d5 11 d5 11 d5 11 d5 11 d5 11 d5 11 d5 11 d5 11 d5 11 d5 11 d5 11 d5,True,False,0,12,True
M,32,7005,186,11 d5 11 d5 11 d5 11 d5 11 d5 11 d5 11 d5 11 d5 11 d5 11 d5 11 d5 11 d5 11 d5 11 d5 11 d5 11 d5,True,False,0,12,True
M,32,7005,202,11 d5 11 d5 11 d5 11 d5 11 d5 11 d5 11 16 11 d5 11 d5 11 d5 11 d5 11 d5 11 d5 11 d5 11 d5 11 d5,True,False,1,7,True
M,32,7005,5,11 d5 11 d5 11 d5 11 d5 11 d5 11 d5 11 d5 11 d5 11 d5 11 d5 11 d5 11 d5 11 d5 11 d5 11 d5 11 d5,True,False,0,11,True
M,32,7005,121,11 d5 11 d5 11 d5 11 d5 11 d5 11 d5 11 d5 11 d5 11 d5 11 d5 11 d5 11 d5 11 d5 11 d4 11 d5 11 d4,True,False,2,0,True
M,32,7006,175,11 d5 11 d5 11 d5 11 d5 11 d5 11 d5 11 d5 11 d5 11 d5 11 d5 11 d5 11 d5 11 d5 11 d5 11 d5 11 d5,True,False,0,10,True
M,32,7006,5,11 d5 11 d5 11 d5 11 d5 11 d5 11 d5 11 d5 11 d5 11 d5 11 d5 11 d5 11 d5 11 d5 11 d5 11 d5 11 d5,True,False,0,11,True
M,32,7006,52,11 d5 11 d5 11 d5 11 d5 11 d5 11 d5 11 d5 11 d5 11 d5 11 d5 11 d5 11 d5 11 d5 11 d5 11 d5 11 d5,True,False,0,8,True
M,32,7006,78,11 d5 11 d5 11 d5 11 d5 11 d5 11 d5 11 d5 11 d5 11 d5 11 d5 11 d5 11 d5 11 d5 11 d5 11 d5 11 d5,True,False,0,12,True
M,32,7006,180,11 d5 11 d5 11 d5 11 d5 11 d5 11 d5 11 d5 11 d5 11 d5 11 d5 11 d5 11 d5 11 d5 11 d5 11 d5 11 d5,True,False,0,9,True
M,32,7006,65,11 d5 11 d5 11 d5 11 d5 11 d5 11 d5 11 d5 11 d5 11 d5 11 d5 11 d5 11 d5 11 d5 11 d5 11 d5 11 d5,True,False,0,15,True
M,32,7006,40,11 d5 11 d5 11 d5 11 d5 11 d5 11 d5 11 d5 11 d5 11 d5 11 d5 11 d5 11 d5 11 d5 11 d5 11 d5 11 d5,True,False,0,12,True
M,32,7006,126,11 00 11 d5 11 d5 11 d5 11 00 11 d5 11 00 11 d5 11 00 11 d5 11 d5 11 d5 11 00 11 d5 11 d5 11 d5,True,False,5,5,True
M,32,7007,125,11 d5 11 d5 11 d5 11 d5 11 d5 11 d5 11 d5 11 d5 11 d5 11 d5 11 d5 11 d5 11 d5 11 d5 11 d5 11 d5,True,False,0,8,True
M,32,7007,140,11 d5 11 d5 11 d5 11 d5 11 d5 11 d5 11 d5 11 d5 11 d5 11 d5 11 d5 11 d5 11 d5 11 d5 11 d5 11 d5,True,False,0,14,True
M,32,7007,123,11 d5 11 d5 11 d5 11 d5 11 d5 11 d5 11 d5 11 d5 11 d5 11 d5 11 d5 11 d5 11 d5 11 d5 11 d5 11 d5,True,False,0,13,True
M,32,7007,254,11 d5 11 00 00 00 00 00 00 00 00 d5 11 d5 11 d5 11 d5 11 d5 11 d5 11 d5 11 00 00 00 00 00 00 d5,True,False,14,2,True
M,32,7007,75,11 d5 11 d5 11 d5 11 d5 11 d5 11 d5 11 d5 11 d5 11 d5 11 d5 11 d5 11 d5 11 d5 11 d5 11 d5 11 d5,True,False,0,13,True
M,32,7007,27,11 d5 11 d5 11 d5 11 d5 11 d5 11 d5 11 d5 11 d5 11 d5 11 d5 11 d5 11 d5 11 d5 11 d5 11 d5 11 d5,True,False,0,10,True
M,32,7007,86,11 d5 11 d5 11 d5 11 d5 11 d5 11 d5 11 d5 11 d5 11 d5 11 d5 11 d5 11 d5 11 d5 11 d5 11 d5 5e d5,True,False,1,3,True
M,32,7007,58,11 d5 11 d5 11 d5 11 d5 11 d5 11 d5 11 d5 11 d5 11 d5 11 d5 11 d5 11 d5 11 d5 11 d5 11 d5 11 d5,True,False,0,11,True
M,32,7008,96,01 c5 01 c5 01 c5 01 c5 01 c5 01 c5 01 c5 01 c5 01 c5 01 c5 01 c5 01 c5 01 c5 01 c5 01 c5 01 c5,True,False,0,11,True
M,32,7008,77,01 c5 01 c5 01 c5 01 c5 01 c5 01 c5 01 c5 01 c5 01 67 01 c5 01 c5 01 c5 01 c5 01 c5 01 c5 01 c5,True,False,1,10,True
M,32,7008,246,01 c5 01 c5 01 c5 01 c5 01 c5 01 c5 01 c5 01 c5 01 c5 01 c5 01 c5 01 c5 01 c5 01 c5 01 c5 01 c5,True,False,0,11,True
M,32,7008,191,01 c5 01 c5 01 c5 01 c5 01 c5 01 c5 01 00 00 c5 01 00 00 c5 01 00 00 c5 01 c5 01 c5 01 00 00 c5,True,False,8,0,True
M,32,7008,254,01 c5 01 c5 01 c5 01 c5 01 c5 01 c5 01 c5 01 c5 01 c5 01 c5 01 c5 01 c5 01 c5 01 c5 01 c5 01 c5,True,False,0,11,True
M,32,7008,165,01 c5 01 c5 01 00 00 00 00 c5 01 c5 01 00 00 00 00 00 00 c5 01 c5 01 c5 01 c5 01 00 00 00 00 c5,True,False,14,0,True
M,32,7008,182,01 01 01 c5 01 c5 01 c5 01 c5 01 01 01 01 01 c5 01 c5 01 c5 01 c5 01 c5 01 c5 01 c5 01 c5 01 c5,True,False,3,6,True
M,32,7008,230,01 c5 01 c5 01 c5 01 c5 01 c5 01 c5 01 01 01 c5 01 c5 01 c5 01 c5 01 c5 01 c5 01 c5 01 c5 01 c5,True,False,1,7,True
M,32,7009,195,01 c5 01 c5 63 c5 01 c5 01 c5 c5 c5 01 c5 01 c5 01 c5 01 c5 01 c5 01 c5 01 c5 01 c5 01 c5 c5 c5,True,False,3,5,True
M,32,7009,212,00 00 00 c5 01 c5 01 c5 01 00 00 00 00 c5 01 00 00 00 00 00 00 c5 01 c5 01 00 00 00 00 00 00 00,True,False,20,1,True
M,32,7009,138,01 c5 01 c5 01 c5 01 c5 01 c5 01 c5 01 c5 01 c5 01 c5 01 c5 01 c5 01 c5 01 c5 01 c5 01 c5 01 c5,True,False,0,12,True
M,32,7009,191,01 c5 01 c5 01 c5 01 c5 01 c5 01 c5 01 c5 01 c5 01 c5 01 c5 01 c5 01 c5 01 c5 01 c5 01 c5 01 c5,True,False,0,11,True
M,32,7009,113,01 c5 01 c5 01 c5 01 c5 01 c5 01 c5 01 c5 01 c5 01 c5 01 c5 01 c5 01 c5 01 c5 01 c5 01 c5 01 c5,True,False,0,12,True
M,32,7009,162,01 c5 01 c5 01 c5 01 c5 01 c5 01 c5 01 c5 01 c5 01 c5 01 c5 01 c5 01 c5 01 c5 01 c5 01 c5 01 c5,True,False,0,12,True
M,32,7009,232,01 c5 01 c5 01 c5 01 c5 01 c5 01 c5 01 c5 01 c5 01 c5 01 c5 01 c5 01 c5 01 c5 01 c5 01 c5 01 c5,True,False,0,11,True
M,32,7009,165,01 c5 01 c5 01 c5 01 c5 01 c5 01 c5 01 c5 01 c5 01 c5 01 c5 01 c5 01 c5 01 c5 01 c5 01 c5 01 c5,True,False,0,10,True
M,32,7010,143,11 d5 11 25 00 d5 11 d5 11 d5 11 d5 11 d5 11 d5 11 d5 11 d5 11 d5 11 d5 11 25 00 d5 11 d5 11 d5,True,False,4,10,True
M,32,7010,116,11 d5 11 d5 11 d5 11 d5 11 d5 11 d5 11 d5 11 d5 11 d5 11 d5 11 d5 11 d5 11 d5 11 d5 11 d5 11 d5,True,False,0,10,True
M,32,7010,0,11 d5 11 d5 11 d5 11 d5 11 d5 11 d5 11 d5 11 d5 11 d5 11 d5 11 d5 11 d5 11 d5 11 d5 11 d5 11 d5,True,False,0,12,True
M,32,7010,112,11 d5 11 d5 11 d5 11 d5 11 d5 11 d5 11 d5 11 d5 11 d5 11 d5 11 d5 11 d5 11 d5 11 d5 11 d5 11 d5,True,False,0,11,True
M,32,7010,58,11 d5 11 d5 11 d5 11 d5 11 d5 11 d5 11 d5 11 d5 11 d5 11 d5 11 d5 11 d5 11 d5 11 d5 11 d5 11 d5,True,False,0,9,True
M,32,7010,204,11 d5 11 d5 11 d5 11 d5 11 d5 11 d5 11 d5 11 d5 11 d5 11 d5 11 d5 11 d5 11 d5 11 de 11 d5 11 d5,True,False,1,6,True
M,32,7010,239,11 d5 11 d5 11 d5 11 d5 11 d5 11 11 11 11 11 d5 11 d5 11 d5 11 d5 11 d5 11 11 11 d5 11 11 11 d5,True,False,4,5,True
M,32,7010,2,11 d5 11 d5 11 d5 11 d5 11 d5 11 d5 11 d5 11 d5 11 d5 11 d5 11 d5 11 d5 11 d5 11 d5 11 d5 11 d5,True,False,0,11,True
M,32,7011,191,01 00 01 00 01 c5 00 c5 01 c5 01 c5 01 c5 01 c5 01 c5 01 c5 01 92 01 c5 01 c5 00 c5 00 c5 01 c5,True,False,6,1,True
M,32,7011,5,01 00 01 c5 01 c5 01 c5 01 00 01 c5 01 00 01 c5 01 00 01 c5 01 c5 01 c5 01 00 01 c5 01 c5 01 c5,True,False,5,3,True
M,32,7011,89,01 31 01 c5 01 c5 01 c5 01 c5 01 c5 01 c5 01 c5 01 c5 01 c5 01 c5 01 c5 01 c5 01 c5 01 c5 01 c5,True,False,1,4,True
M,32,7011,224,01 c5 01 c5 01 c5 01 c5 01 00 00 00 00 00 00 00 00 00 00 c5 01 c5 01 c5 01 00 00 c5 01 c5 01 00,True,False,13,0,True
M,32,7011,194,01 c5 01 c5 01 c5 01 c5 01 c5 01 c5 01 c5 01 c5 01 c5 01 c5 01 c5 01 c5 01 c5 01 c5 01 c5 01 c5,True,False,0,10,True
M,32,7011,196,01 c5 01 c5 01 c5 01 c5 01 c5 01 c5 01 c5 01 c5 01 c5 01 c5 01 c5 01 c5 01 c5 01 c5 01 c5 01 c5,True,False,0,15,True
M,32,7011,73,01 c5 01 c5 01 c5 01 c5 01 c5 01 c5 01 c5 01 c5 01 c5 01 c5 01 c5 01 c5 01 c5 01 c5 01 c5 01 c5,True,False,0,12,True
M,32,7011,74,01 c5 01 c5 01 c5 01 c5 01 c5 01 c5 01 c5 01 c5 01 c5 01 c5 01 c5 01 c5 01 c5 01 c5 01 c5 01 c5,True,False,0,10,True
M,32,7012,86,01 c5 01 c5 01 c5 01 c5 01 c5 01 c5 01 c5 01 c5 01 c5 01 c5 01 c5 01 c5 01 c5 01 c5 01 c5 01 c5,True,False,0,12,True
M,32,7012,16,01 c5 01 c5 01 c5 01 c5 01 00 00 00 00 c5 01 c5 01 c5 01 c5 01 00 00 c5 01 c5 01 c5 01 c5 01 c5,True,False,6,6,True
M,32,7012,161,01 c5 01 c5 01 c5 01 c5 01 c5 01 c5 01 c5 01 c5 01 c5 01 c5 01 c5 01 c5 01 c5 01 c5 01 c5 01 c5,True,False,0,13,True
M,32,7012,231,01 c5 01 c5 01 c5 01 c5 01 c5 01 c5 01 c5 01 c5 01 c5 01 c5 01 c5 01 c5 01 c5 01 c5 01 c5 01 c5,True,False,0,8,True
M,32,7012,3,01 c5 01 c5 01 c5 01 c5 01 c5 01 c5 01 c5 01 c5 01 c5 01 c5 01 c5 01 c5 01 c5 01 c5 01 c5 01 c5,True,False,0,9,True
M,32,7012,80,67 00 31 00 31 00 67 3c c5 01 c5 01 c5 01 c5 01 c5 01 c5 01 c5 01 c5 01 c5 01 c5 01 c5 01 c5 31,True,False,9,1,False
M,32,7012,184,00 c5 01 c5 01 c5 01 c5 01 c5 01 c5 01 00 00 c5 01 c5 01 00 00 c5 01 c5 01 00 00 c5 01 c5 01 c5,True,False,7,5,True
M,32,7012,135,01 c5 01 c5 01 c5 01 c5 01 c5 01 c5 01 c5 01 c5 01 c5 01 c5 01 c5 01 c5 01 c5 01 c5 01 c5 01 c5,True,False,0,13,True
M,32,7013,215,11 d5 11 d5 11 d5 11 d5 11 d5 11 d5 11 d5 11 d5 11 d5 11 d5 11 d5 11 d5 11 d5 11 d5 11 d5 11 d5,True,False,0,12,True
M,32,7013,9,11 d5 11 d5 11 d5 11 d5 11 d5 11 d5 11 d5 11 d5 11 d5 11 d5 11 d5 11 d5 11 d5 11 d5 11 d5 11 d5,True,False,0,11,True
M,32,7013,228,11 d5 11 d5 11 d5 11 d5 11 d5 11 d5 11 d5 11 d5 11 d5 11 d5 11 d5 11 d5 11 d5 11 d5 11 d5 11 d5,True,False,0,11,True
M,32,7013,183,11 d5 11 d5 11 d5 11 d5 11 d5 11 d5 11 d5 11 d5 11 d5 11 d5 11 d5 11 d5 11 d5 11 d5 11 d5 11 d5,True,False,0,11,True
M,32,7013,26,11 00 11 00 11 d5 11 d5 11 00 11 00 58 d5 11 d5 11 00 11 00 11 d5 11 d5 11 d5 11 00 11 00 11 d5,True,False,9,1,False
M,32,7013,212,11 d5 11 d5 11 d5 11 d5 11 d5 11 d5 11 d5 11 d5 11 d5 11 d5 11 d5 11 d5 11 d5 11 d5 11 d5 11 d5,True,False,0,9,True
M,32,7013,108,11 d5 11 d5 11 00 00 00 11 d5 11 d5 11 d5 11 d5 11 d5 11 d5 11 d5 11 d5 11 d5 11 d5 11 d5 11 d5,True,False,3,8,True
M,32,7013,132,11 54 11 54 11 54 11 54 11 54 11 d5 11 d5 11 d5 11 d5 11 d5 11 d5 11 d5 11 d5 11 d5 11 d5 11 d5,True,False,5,7,True
M,32,7014,210,11 d5 11 ce 11 d5 11 d5 11 d5 11 d5 11 d5 11 d5 11 d5 11 d5 11 d5 11 d5 11 d5 11 d5 11 d5 11 d5,True,False,1,8,True
M,32,7014,203,11 d5 11 d5 11 d5 11 d5 11 d5 11 d5 11 d5 11 d5 11 d5 11 d5 11 d5 11 d5 11 d5 11 d5 11 d5 11 d5,True,False,0,12,True
M,32,7014,199,11 d5 11 d5 11 d5 11 d5 11 d5 11 d5 11 d5 11 d5 11 d5 11 d5 11 d5 11 d5 11 d5 11 d5 11 d5 11 d5,True,False,0,10,True
M,32,7014,164,11 d5 11 d5 11 d5 11 d5 11 d5 11 d5 11 d5 11 00 11 d5 11 d5 11 d5 11 d5 11 d5 11 d5 11 d5 11 d5,True,False,1,4,True
M,32,7014,121,11 d5 11 d5 11 d5 11 d5 11 d5 11 d5 11 11 11 d5 11 d5 11 d5 11 d5 11 d5 11 d5 11 d5 11 11 11 11,True,False,3,5,False
M,32,7014,3,11 d5 11 d5 11 00 11 d5 11 d5 11 d5 11 d5 11 d5 11 00 11 d5 11 d5 11 d5 11 d5 11 d5 11 d5 11 d5,True,False,2,4,True
M,32,7014,7,11 d5 11 11 11 11 11 d5 11 d5 11 d5 11 d5 11 d5 11 d5 11 d5 11 d5 11 d5 11 d5 11 d5 11 d5 11 d5,True,False,2,7,True
M,32,7014,251,11 d5 11 d5 11 d5 11 d5 11 d5 11 d5 11 d5 11 d5 11 d5 11 d5 11 d5 11 d5 11 d5 11 d5 11 d5 11 d5,True,False,0,15,True
M,32,7015,11,11 d5 11 d5 11 d5 11 d5 11 d5 11 d5 11 d5 11 d5 11 d5 11 d5 11 d5 11 d5 11 d5 11 d5 11 d5 11 d5,True,False,0,10,True
M,32,7015,67,11 d5 11 d5 11 d5 49 29 00 d5 11 d5 11 29 00 d5 11 d5 49 d5 11 d5 11 d5 11 d5 11 d5 11 d5 11 d5,True,False,6,5,True
M,32,7015,135,11 d5 11 d5 11 d5 11 d5 11 d5 11 d5 11 d5 11 d5 11 d5 11 d5 11 d5 11 d5 11 d5 11 d5 11 d5 11 d5,True,False,0,11,True
M,32,7015,153,11 00 11 d5 11 d5 11 d5 11 d5 11 d5 11 d5 11 d5 11 00 11 d5 11 d5 11 d5 11 00 11 d5 11 d5 11 d5,True,False,3,2,True
M,32,7015,235,11 d5 11 d5 11 d5 11 d5 11 d5 11 d5 11 d5 11 d5 11 d5 11 d5 11 d5 11 d5 11 d5 11 d5 11 d5 11 d5,True,False,0,9,True
M,32,7015,167,11 d5 11 d5 11 d5 11 d5 11 d5 11 d5 11 d5 11 d5 11 d5 11 d5 11 d5 11 d5 11 d5 11 d5 11 d5 11 d5,True,False,0,13,True
M,32,7015,79,11 d5 11 d5 11 d5 11 d5 11 d5 11 d5 11 d5 11 d5 11 d5 11 d5 11 d5 11 d5 11 d5 11 d5 11 d5 11 d5,True,False,0,10,True
M,32,7015,10,a3 d5 a3 d5 a3 d5 a3 d5 a3 d5 a3 d5 a3 d5 a3 d5 11 d5 11 d5 11 d5 11 d5 11 d5 11 d5 11 d5 11 d5,True,False,8,3,True
M,32,7016,211,01 c5 01 c5 01 c5 01 c5 01 c5 01 c5 01 c5 01 c5 01 c5 01 c5 01 c5 01 c5 01 c5 01 c5 01 c5 01 c5,True,False,0,10,True
M,32,7016,4,01 c5 01 c5 01 c5 01 c5 01 c5 01 c5 01 c5 01 c5 01 c5 01 c5 01 c5 01 c5 01 c5 01 c5 01 c5 01 c5,True,False,0,12,True
M,32,7016,115,01 c5 01 c5 01 c5 01 c5 01 c5 01 c5 01 c5 01 c5 01 c5 01 c5 01 c5 01 c5 01 c5 01 c5 01 c5 01 c5,True,False,0,15,True
M,32,7016,221,00 c5 01 c5 01 00 00 c5 01 c5 01 c5 01 c5 01 00 00 00 00 c5 01 c5 01 c5 01 c5 01 00 00 00 c5 01,True,False,12,0,True
M,32,7016,39,01 c5 01 6d 01 92 01 9c 01 9c 01 c5 01 c5 01 c5 01 c5 01 c5 01 c5 01 c5 01 6d 01 c5 01 c5 01 c5,True,False,5,8,True
M,32,7016,87,01 c5 01 c5 01 c5 01 c5 01 c5 01 c5 01 c5 01 c5 01 c5 01 c5 01 c5 01 c5 01 c5 01 c5 01 c5 01 c5,True,False,0,12,True
M,32,7016,229,01 c5 01 c5 01 c5 01 c5 01 c5 01 c5 01 c5 01 c5 01 c5 01 c5 01 c5 01 c5 01 c5 01 c5 01 c5 01 c5,True,False,0,9,True
M,32,7016,133,25 c5 c5 01 c5 01 c5 01 01 c5 01 c5 01 c5 01 c5 01 c5 01 c5 01 01 25 c5 01 c5 01 c5 01 c5 01 c5,True,False,9,0,True
M,32,7017,89,11 d5 11 d5 11 d5 11 d5 11 d5 11 d5 11 d5 11 d5 11 d5 11 d5 11 d5 11 d5 11 d5 11 d5 11 d5 11 d5,True,False,0,11,True
M,32,7017,229,11 d5 11 d5 11 00 11 d5 11 d5 11 d5 11 d5 11 d5 11 d5 11 d5 11 d5 11 00 11 d5 11 d5 11 d5 11 d5,True,False,2,5,True
M,32,7017,179,11 d5 11 d5 11 d5 11 d5 11 d5 11 d5 11 00 00 d5 11 d5 11 00 00 d5 11 d5 11 d5 11 d5 11 d5 11 d5,True,False,4,2,True
M,32,7017,131,11 d5 11 d5 11 d5 11 d5 11 d5 11 d5 11 d5 11 d5 11 d5 11 d5 11 d5 11 d5 11 d5 11 d5 11 d5 11 d5,True,False,0,11,True
M,32,7017,71,11 d5 11 d5 11 d5 11 d5 11 d5 11 d5 11 d5 11 d5 11 d5 11 d5 11 d5 11 d5 11 d5 11 d5 11 d5 11 d5,True,False,0,11,True
M,32,7017,56,11 d5 11 d5 11 d5 11 d5 11 d5 11 d5 11 d5 11 d5 11 d5 11 d5 11 d5 11 d5 11 d5 11 d5 11 d5 11 d5,True,False,0,11,True
M,32,7017,69,11 d5 11 d5 11 d5 11 d5 11 d5 11 d5 11 d5 11 d5 11 d5 11 d5 11 d5 11 d5 11 d5 11 d5 11 d5 11 d5,True,False,0,9,True
M,32,7017,222,11 d5 11 d5 11 d5 11 d5 11 d5 11 d5 11 d5 11 d5 11 d5 11 d5 11 d5 11 d5 11 d5 11 d5 11 d5 11 d5,True,False,0,7,True
M,32,7018,118,01 c5 01 c5 01 c5 01 c5 01 c5 01 c5 01 c5 01 c5 01 c5 01 c5 01 c5 01 c5 01 c5 01 c5 01 c5 01 c5,True,False,0,12,True
M,32,7018,229,01 c5 01 c5 01 c5 01 c5 01 c5 01 c5 01 c5 01 c5 01 c5 01 c5 01 c5 01 c5 01 c5 01 c5 01 c5 98 c5,True,False,1,6,True
M,32,7018,27,01 c5 01 c5 01 c5 01 c5 01 e2 01 c5 01 c5 01 c5 01 c5 01 c5 01 c5 01 e2 01 e2 01 c5 01 c5 01 c5,True,False,3,1,True
M,32,7018,181,01 c5 01 c5 01 c5 01 c5 01 c5 01 c5 01 c5 01 3f 01 ac 01 3f 01 c5 01 3f 01 c5 01 c5 01 c5 01 c5,True,False,4,8,True
M,32,7018,18,01 c5 01 c5 01 c5 01 c5 01 c5 01 c5 01 c5 01 c5 01 c5 01 c5 01 c5 01 c5 01 c5 01 c5 01 c5 01 c5,True,False,0,12,True
M,32,7018,96,01 c5 01 c5 01 00 01 c5 01 c5 01 00 01 c5 01 c5 01 c5 01 00 01 c5 01 c5 01 c5 01 c5 01 c5 01 c5,True,False,3,1,True
M,32,7018,199,00 c5 01 28 00 c5 01 c5 01 28 00 28 00 28 00 c5 01 c5 01 c5 01 28 00 28 00 c5 01 c5 01 28 00 00,True,False,16,0,False
M,32,7018,150,01 c5 01 c5 01 c5 01 c5 01 c5 01 c5 01 c5 01 c5 01 c5 01 c5 01 c5 01 c5 01 c5 01 c5 01 c5 01 c5,True,False,0,12,True
M,32,7019,82,11 d5 11 d5 11 d5 11 d5 11 d5 11 d5 11 d5 11 d5 11 d5 11 d5 11 d5 11 d5 11 d5 11 d5 11 d5 11 d5,True,False,0,9,True
M,32,7019,211,11 2e 11 d5 11 d5 11 d5 11 2e 11 d5 11 2e 11 2e 11 d5 11 d5 11 d5 11 d5 11 d5 11 2e 11 2e 11 d5,True,False,6,4,True
M,32,7019,177,11 d5 11 d5 11 d5 11 d5 11 d5 11 d5 11 d5 11 d5 11 d5 11 d5 11 d5 11 d5 11 d5 11 d5 11 d5 11 d5,True,False,0,12,True
M,32,7019,63,11 d5 11 d5 11 d5 11 d5 11 d5 11 d5 11 d5 11 d5 11 d5 11 d5 11 d5 11 d5 11 d5 11 d5 11 d5 11 d5,True,False,0,13,True
M,32,7019,106,11 d5 11 2e 11 d5 11 d5 11 2e 11 2e 11 2e 11 d5 11 d5 11 2e 11 2e 11 d5 11 d5 11 d5 11 2e 11 2e,True,False,8,6,True
M,32,7019,42,11 d5 00 d5 00 d5 00 d5 00 d5 00 d5 00 d5 50 d5 00 d5 11 d5 11 d5 11 d5 11 d5 11 d5 11 d5 00 d5,True,False,9,1,True
M,32,7019,103,11 d5 11 d5 11 d5 11 d5 11 d5 11 d5 11 d5 11 d5 11 d5 11 d5 11 d5 11 d5 11 b7 11 d5 11 d5 11 d5,True,False,1,5,True
M,32,7019,250,11 d5 11 d5 11 d5 11 d5 11 00 00 d5 11 d5 11 d5 11 d5 11 d5 11 d5 11 d5 11 d5 11 d5 11 d5 11 d5,True,False,2,5,True
M,32,7020,73,11 d5 11 d5 11 d5 11 d5 11 d5 11 d5 11 d5 11 d5 11 d5 11 d5 11 d5 11 d5 11 d5 11 d5 11 d5 11 d5,True,False,0,9,True
M,32,7020,234,11 00 11 d5 11 d5 11 00 11 d5 11 d5 11 d5 11 00 11 d5 11 d5 11 d5 11 d5 11 d5 11 d5 11 00 11 d5,True,False,4,4,True
M,32,7020,104,11 d5 11 d5 11 d5 11 d5 11 d5 11 d5 11 d5 11 d5 11 d5 11 d5 11 d5 11 d5 11 d5 11 d5 11 d5 11 11,True,False,1,6,True
M,32,7020,201,c1 c5 c1 c5 01 c5 01 c5 01 c5 01 c5 c1 c5 01 c5 c1 c5 01 c5 c1 c5 01 c5 01 c5 01 c5 c1 c5 01 c5,True,False,32,3,True
M,32,7020,115,01 c5 01 c5 01 80 01 c5 01 80 01 80 01 c5 01 c5 01 c5 01 80 01 c5 01 80 01 80 01 c5 01 c5 01 c5,True,False,32,2,True
M,32,7020,228,11 d5 11 d5 11 d5 11 d5 11 d5 11 00 11 00 11 d5 11 d5 11 d5 11 00 11 d5 11 d5 11 d5 11 d5 11 d5,True,False,3,2,True
M,32,7020,208,11 d5 11 d5 11 d5 11 25 11 d5 11 d5 11 d5 11 d5 11 25 11 d5 11 d5 11 d5 11 d5 11 d5 11 d5 11 d5,True,False,2,3,True
M,32,7020,10,06 d5 11 d5 06 d5 11 d5 11 d5 11 d5 06 d5 06 d5 11 d5 11 d5 11 d5 11 d5 11 d5 06 d5 11 d5 06 d5,True,False,6,6,True
L,16,6001,115,ad e3 21 e3 21 c0 ad c0 ad e3 21 e3 21 c0 ad c0,True,True,0,0,True
L,16,6001,174,ad e3 21 e3 21 c0 ad c0 ad e3 21 e3 21 c0 ad c0,True,True,0,0,True
L,16,6001,96,ad e3 21 e3 21 c0 ad c0 ad e3 21 e3 21 c0 ad c0,True,True,0,0,True
L,16,6001,210,49 e3 21 e3 21 c0 49 c0 49 e3 21 e3 21 c0 49 c0,True,True,4,1,True
L,16,6001,68,ad e3 21 e3 21 c0 ad c0 ad e3 21 e3 21 c0 ad c0,True,True,0,0,True
L,16,6001,73,ad e3 21 e3 21 c0 ad c0 ad e3 21 e3 21 c0 ad c0,True,True,0,0,True
L,16,6001,1,ad e3 21 e3 21 c0 ad c0 ad e3 21 e3 21 c0 ad c0,True,True,0,0,True
L,16,6001,44,ad e3 21 e3 21 c0 ad c0 ad e3 21 e3 21 c0 ad c0,True,True,0,0,True
L,16,6002,53,ac e3 21 e3 21 c0 ac c0 ac e3 21 e3 21 c0 ac c0,True,True,4,0,True
L,16,6002,249,ac e3 21 e3 21 c0 ac c0 ac e3 21 e3 21 c0 ac c0,True,True,4,0,True
L,16,6002,126,ad e3 21 e3 21 c0 ad c0 ad e3 21 e3 21 c0 ad c0,True,True,0,0,True
L,16,6002,155,ad e3 21 e3 21 c0 ad c0 ad e3 21 e3 21 c0 ad c0,True,True,0,0,True
L,16,6002,18,ad e3 21 e3 21 c0 ad c0 ad e3 21 e3 21 c0 ad c0,True,True,0,0,True
L,16,6002,94,ad e3 21 e3 21 c0 ad c0 ad e3 21 e3 21 c0 ad c0,True,True,0,0,True
L,16,6002,51,b4 e3 21 e3 21 c0 b4 c0 b4 e3 21 e3 21 c0 b4 c0,True,True,4,0,True
L,16,6002,92,ad e3 21 e3 21 c0 ad c0 ad e3 21 e3 21 c0 ad c0,True,True,0,0,True
L,16,6003,182,ac e3 21 e3 21 c0 ac c0 ac e3 21 e3 21 c0 ac c0,True,True,4,0,True
L,16,6003,137,0c e3 21 e3 21 c0 0c c0 0c e3 21 e3 21 c0 0c c0,True,True,4,0,True
L,16,6003,77,ac e3 21 e3 21 c0 ac c0 ac e3 21 e3 21 a2 ac c0,True,True,5,0,True
L,16,6003,189,ac e3 21 e3 21 c0 ac c0 ac e3 21 e3 21 c0 ac c0,True,True,4,0,True
L,16,6003,0,ad e3 21 e3 21 c0 ad c0 ad e3 21 e3 21 c0 ad c0,True,True,0,0,True
L,16,6003,252,ac e3 21 e3 21 c0 ac c0 ac e3 21 e3 21 c0 ac c0,True,True,4,0,True
L,16,6003,153,ad e3 21 e3 21 c0 ad c0 ad e3 21 e3 21 c0 ad c0,True,True,0,0,True
L,16,6003,221,ac e3 21 e3 21 c0 ac c0 ac e3 21 e3 21 c0 ac c0,True,True,4,0,True
L,16,6004,72,ad e3 21 e3 21 c0 ad c0 ad e3 21 e3 21 c0 ad c0,True,True,0,0,True
L,16,6004,172,ad e3 21 e3 21 c0 ad c0 ad e3 21 e3 21 c0 ad c0,True,True,0,0,True
L,16,6004,126,ad e3 21 e3 21 c0 ad c0 ad e3 21 e3 21 c0 ad c0,True,True,0,0,True
L,16,6004,61,ad e3 21 e3 21 c0 ad c0 ad e3 21 e3 21 c0 ad c0,True,True,0,0,True
L,16,6004,7,ad e3 21 e3 21 c0 ad c0 ad e3 21 e3 21 c0 ad c0,True,True,0,0,True
L,16,6004,47,ad e3 21 e3 21 c0 ad c0 ad e3 21 e3 21 c0 ad c0,True,True,0,0,True
L,16,6004,38,95 e3 21 e3 21 c0 95 c0 95 e3 21 e3 21 c0 95 c0,True,True,4,0,True
L,16,6004,140,ac e3 21 e3 21 c0 ac c0 ac e3 21 e3 21 c0 ac c0,True,True,4,0,True
L,16,6005,170,ad e3 21 e3 21 c0 ad c0 ad e3 21 e3 21 c0 ad e7,True,True,1,0,True
L,16,6005,198,ad e3 21 e3 21 c0 ad c0 ad e3 21 e3 21 c0 ad c0,True,True,0,0,True
L,16,6005,60,85 e3 21 e3 21 c0 85 c0 85 e3 21 e3 21 c0 85 c0,True,True,4,0,True
L,16,6005,97,84 e3 21 e3 21 c0 84 c0 84 e3 21 e3 21 c0 84 c0,True,True,4,0,True
L,16,6005,99,ad e3 21 e3 21 c0 ad c0 ad e3 21 e3 21 c0 ad c0,True,True,0,0,True
L,16,6005,58,ad e3 21 e3 21 c0 ad c0 ad e3 21 e3 21 c0 ad c0,True,True,0,0,True
L,16,6005,6,14 e3 21 e3 21 c0 14 c0 14 e3 21 e3 21 c0 14 c0,True,True,4,0,True
L,16,6005,53,1c e3 21 e3 21 c0 1c c0 1c e3 21 e3 21 c0 1c c0,True,True,4,0,True
L,16,6006,176,41 2f cb db 62 ed b0 9e 41 2f cb db 62 ed b0 9e,True,True,8,3,True
L,16,6006,123,8b 29 cb db e4 ed b0 73 8b 29 cb db e4 ed b0 73,True,True,8,4,True
L,16,6006,131,95 6b cb db a2 ed b0 b0 95 6b cb db a2 ed b0 b0,True,True,8,4,True
L,16,6006,86,4d cb db 53 ed b0 f3 38 4d cb db 53 ed b0 f3 38,True,True,8,4,True
L,16,6006,239,6b cb db 3f ed b0 eb 0f 6b cb db 3f ed b0 eb 0f,True,True,8,4,True
L,16,6006,196,6c cb db 48 ed b0 57 64 6c cb db 48 ed b0 57 64,True,True,8,4,True
L,16,6006,13,fb 37 cb db 0f ed b0 e1 fb 37 cb db 0f ed b0 e1,True,True,8,4,True
L,16,6006,147,4d cb db b0 ed b0 3c 7c 4d cb db b0 ed b0 3c 7c,True,True,8,3,True
L,16,6007,231,ad e3 21 e3 21 c0 ad c0 ad e3 21 e3 21 c0 ad c0,True,True,0,0,True
L,16,6007,158,04 e3 21 e3 21 c0 04 c0 04 e3 21 e3 21 c0 04 c0,True,True,4,0,True
L,16,6007,201,ad e3 21 e3 21 c0 ad c0 ad e3 21 e3 21 c0 ad c0,True,True,0,0,True
L,16,6007,212,ad e3 21 e3 21 c0 ad c0 ad e3 21 e3 21 c0 ad c0,True,True,0,0,True
L,16,6007,86,ad e3 21 e3 21 c0 ad c0 ad e3 21 e3 21 c0 ad c0,True,True,0,0,True
L,16,6007,99,ad e3 21 e3 21 c0 ad c0 ad e3 21 e3 21 c0 ad c0,True,True,0,0,True
L,16,6007,137,58 e3 21 e3 21 c0 58 c0 58 e3 21 e3 21 c0 58 c0,True,True,4,1,True
L,16,6007,46,ad e3 21 e3 21 c0 ad c0 ad e3 21 e3 21 c0 ad c0,True,True,0,0,True
L,16,6008,103,4b e3 21 e3 21 c0 4b c0 4b e3 21 e3 21 c0 4b c0,True,True,4,0,True
L,16,6008,121,ad e3 21 e3 21 c0 ad c0 ad e3 21 e3 21 c0 ad e3,True,True,1,0,True
L,16,6008,110,ad e3 21 e3 21 c0 ad c0 ad e3 21 e3 21 c0 ad c0,True,True,0,0,True
L,16,6008,59,ac e3 21 e3 21 c0 ac c0 ac e3 21 e3 21 c0 ac c0,True,True,4,0,True
L,16,6008,199,ad e3 21 e3 21 c0 ad c0 ad e3 21 e3 21 c0 ad c0,True,True,0,0,True
L,16,6008,143,ad e3 21 e3 21 c0 ad c0 ad e3 21 e3 21 c0 ad c0,True,True,0,0,True
L,16,6008,10,ad e3 21 e3 21 c0 ad c0 ad e3 21 e3 21 c0 ad c0,True,True,0,0,True
L,16,6008,73,ad e3 21 e3 21 c0 ad c0 ad e3 21 e3 21 c0 ad c0,True,True,0,0,True
L,16,6009,196,ad e3 21 e3 21 c0 ad c0 ad e3 21 e3 21 c0 ad c0,True,True,0,0,True
L,16,6009,67,ac e3 21 e3 21 c0 ac c0 ac e3 21 e3 21 c0 ac c0,True,True,4,0,True
L,16,6009,139,ad e3 21 e3 21 c0 ad c0 ad e3 21 e3 21 c0 ad c0,True,True,0,0,True
L,16,6009,14,ac e3 21 e3 21 c0 ac c0 ac e3 21 e3 21 c0 ac c0,True,True,4,0,True
L,16,6009,249,ad e3 21 e3 21 c0 ad c0 ad e3 21 e3 21 c0 ad c0,True,True,0,0,True
L,16,6009,93,ad e3 21 e3 21 c0 ad c0 ad e3 21 e3 21 c0 ad c0,True,True,0,0,True
L,16,6009,94,ad e3 21 e3 21 c0 ad c0 ad e3 21 e3 21 c0 ad c0,True,True,0,0,True
L,16,6009,90,ad e3 21 e3 21 c0 ad c0 ad e3 21 e3 21 c0 ad c0,True,True,0,0,True
L,16,6010,218,96 e3 21 e3 21 c0 96 c0 96 e3 21 e3 21 c0 96 c0,True,True,4,0,True
L,16,6010,224,ad e3 21 e3 21 c0 ad c0 ad e3 21 e3 21 c0 ad c0,True,True,0,0,True
L,16,6010,31,ad e3 21 e3 21 c0 ad c0 ad e3 21 e3 21 c0 ad c0,True,True,0,0,True
L,16,6010,56,95 e3 21 e3 21 c0 95 c0 95 e3 21 e3 21 c0 95 c0,True,True,4,0,True
L,16,6010,252,ad e3 21 e3 21 c0 ad c0 ad e3 21 e3 21 c0 ad c0,True,True,0,0,True
L,16,6010,44,84 e3 21 e3 21 c0 84 c0 84 e3 21 e3 21 c0 84 c0,True,True,4,0,True
L,16,6010,159,ad e3 21 e3 21 c0 ad c0 ad e3 21 e3 21 c0 ad c0,True,True,0,0,True
L,16,6010,123,ad e3 21 e3 21 c0 ad c0 ad e3 21 e3 21 c0 ad c0,True,True,0,0,True
L,20,6001,204,1e 7c ed b0 1e 7c ed b0 1e 7c ed b0 1e 7c ed b0 1e 7c ed b0,True,True,5,0,True
L,20,6001,54,1e 7c ed b0 1e 7c ed b0 1e 7c ed b0 1e 7c ed b0 1e 7c ed b0,True,True,5,0,True
L,20,6001,159,b0 b0 1e f5 ed b0 b0 1e f5 ed b0 b0 1e f5 ed b0 b0 1e f5 ed,True,True,16,1,True
L,20,6001,141,1e 7c ed b0 1e 7c ed b0 1e 7c ed b0 1e 7c ed b0 1e 7c ed b0,True,True,5,0,True
L,20,6001,161,b0 1e a4 ed b0 1e a4 ed b0 1e a4 ed b0 1e a4 ed b0 1e a4 ed,True,True,0,0,True
L,20,6001,215,1e a4 ed b0 1e a4 ed b0 1e a4 ed b0 1e a4 ed b0 1e a4 ed b0,True,True,0,0,True
L,20,6001,33,1e 04 ed b0 1e 04 ed b0 1e 04 ed b0 1e 04 ed b0 1e 04 ed b0,True,True,5,0,True
L,20,6001,128,b0 1e a4 ed b0 1e a4 ed b0 1e a4 ed b0 1e a4 ed b0 1e a4 ed,True,True,0,0,True
L,20,6002,229,b0 37 1e 7d ed b0 37 1e 7d ed b0 37 1e 7d ed b0 37 1e 7d ed,True,True,17,1,True
L,20,6002,136,b0 1e 04 ed b0 1e 04 ed b0 1e 04 ed b0 1e 04 ed b0 1e 04 ed,True,True,0,0,True
L,20,6002,81,b0 1e 04 ed b0 1e 04 ed b0 1e 04 ff b0 1e 04 ed b0 1e 04 ed,True,True,1,0,True
L,20,6002,56,b0 1e a4 ed b0 1e a4 ed b0 1e a4 ed b0 1e a4 ed b0 1e a4 ed,True,True,5,0,True
L,20,6002,54,1e 04 ed b0 1e 04 ed b0 1e 04 ed b0 1e 04 ed b0 1e 04 ed b0,True,True,0,0,True
L,20,6002,41,1e 04 ed b0 1e 04 ed b0 1e 04 77 b0 1e 04 ed b0 1e 04 ed b0,True,True,1,0,True
L,20,6002,75,1e 04 ed b0 1e 04 ed b0 1e 04 ed b0 1e 04 ed b0 1e 04 ed b0,True,True,0,0,True
L,20,6002,209,1e 7c ed b0 1e 7c ed b0 1e 7c ed b0 1e 7c ed b0 1e 7c ed b0,True,True,5,0,True
L,20,6003,237,11 44 6b ed b8 a8 07 b7 11 44 6b ed b8 a8 07 b7 11 44 6b ed,True,True,6,3,True
L,20,6003,183,b8 fb 4f 9e 11 94 6b ed b8 fb 4f 9e 11 94 6b ed b8 fb 4f 9e,True,True,12,3,True
L,20,6003,7,b8 d8 38 fb 11 94 6b ed b8 d8 38 fb 11 94 6b ed b8 d8 38 fb,True,True,12,3,True
L,20,6003,165,b8 37 bc 40 11 94 6b ed b8 37 bc 40 11 94 6b ed b8 37 bc 40,True,True,12,3,True
L,20,6003,45,11 44 6b ed b8 94 be 5a 11 44 6b ed b8 94 be 5a 11 44 6b ed,True,True,0,3,True
L,20,6003,29,11 94 6b ed b8 47 d1 6f 11 94 6b ed b8 47 d1 6f 11 94 6b ed,True,True,9,3,True
L,20,6003,222,11 94 6b ed b8 88 4f 9e 11 94 6b ed b8 88 4f 9e 11 94 6b ed,True,True,9,3,True
L,20,6003,9,11 6c 6b ed b8 82 bc b0 11 6c 6b ed b8 82 bc b0 11 6c 6b ed,True,True,9,3,True
L,20,6004,245,1e 04 ed b0 1e 04 ed b0 1e 04 ed b0 1e 04 ed b0 1e 04 ed b0,True,True,5,0,True
L,20,6004,215,1e 7c ed b0 1e 7c ed b0 1e 7c ed b0 1e 7c ed b0 1e 7c ed b0,True,True,5,0,True
L,20,6004,250,b0 1e f4 ed b0 1e f4 ed b0 1e f4 ed b0 1e f4 ed b0 1e f4 ed,True,True,5,0,True
L,20,6004,145,1e 2c ed b0 1e 2c ed b0 1e 2c ed b0 1e 2c ed b0 1e 2c ed b0,True,True,0,0,True
L,20,6004,25,1e 04 ed b0 1e 04 ed b0 1e 04 ed b0 1e 04 ed b0 1e 04 ed b0,True,True,5,0,True
L,20,6004,178,1e 2c ed b0 1e 2c ed b0 1e 2c ed b0 1e 2c ed b0 1e 2c ed b0,True,True,0,0,True
L,20,6004,157,1e 7c ed b0 1e 7c ed b0 1e 7c ed b0 1e 7c ed b0 1e 7c ed b0,True,True,5,0,True
L,20,6004,216,1e 2c ed b0 1e 2c ed b0 1e 2c ed b0 1e 2c ed b0 1e 2c ed b0,True,True,0,0,True
L,20,6005,231,1e 04 ed b0 1e 04 ed b0 1e 04 ed b0 1e 04 ed b0 1e 04 ed b0,True,True,5,0,True
L,20,6005,104,b0 4c 1e 05 ed b0 4c 1e 05 ed b0 4c 1e 05 ed b0 4c 1e 05 ed,True,True,17,1,True
L,20,6005,40,b0 85 1e 05 ed b0 85 1e 05 ed b0 85 1e 05 ed b0 85 1e 05 ed,True,True,17,1,True
L,20,6005,159,1e a4 ed b0 1e a4 ed b0 1e a4 ed b0 1e a4 ed b0 1e a4 ed b0,True,True,0,0,True
L,20,6005,246,b0 55 1e aa ed b0 55 1e 0b ed b0 55 1e aa ed b0 55 1e 0b ed,True,True,17,6,True
L,20,6005,20,b0 1e 7c ed b0 1e 7c ed b0 1e 7c ed b0 1e 7c ed b0 1e 7c ed,True,True,5,0,True
L,20,6005,215,b0 1e a4 ed b0 1e a4 ed b0 1e a4 ed b0 1e a4 ed b0 1e a4 ed,True,True,0,0,True
L,20,6005,228,1e 2c ed b0 1e 2c ed b0 1e 2c ed b0 1e 2c ed b0 1e 2c ed b0,True,True,5,0,True
L,20,6006,164,af 1e 2d ed b0 af 1e 2d ed b0 af 1e 2d ed b0 af 1e 2d ed b0,True,True,17,1,True
L,20,6006,55,1e 7c ed b0 1e 7c ed b0 1e 7c ed b0 1e 7c ed b0 1e 7c ed b0,True,True,0,0,True
L,20,6006,26,b0 1e 7c ed b0 1e 7c ed b0 1e 7c ed b0 1e 7c ed b0 1e 7c ed,True,True,0,0,True
L,20,6006,150,1e 55 ed b0 8a 1e 55 ed b0 8a 1e 55 ed b0 8a 1e 55 ed b0 8a,True,True,17,1,True
L,20,6006,72,b0 1e 54 ed b0 1e 54 ed b0 1e 54 ed b0 1e 54 ed b0 1e 54 ed,True,True,5,0,True
L,20,6006,15,b0 1e 54 ed b0 1e b0 1e b2 ed b0 1e 54 ed b0 1e 54 ed b0 1e,True,True,9,0,True
L,20,6006,89,1e 7c ed b0 1e 7c ed b0 1e 7c ed b0 1e 7c ed b0 1e 7c ed b0,True,True,0,0,True
L,20,6006,225,1e 04 ed b0 1e 04 ed b0 1e 04 ed b0 1e 04 ed b0 1e 04 ed b0,True,True,5,0,True
L,20,6007,233,b0 1e 2c ed b0 1e 2c ed b0 1e 2c ed b0 1e 2c ed b0 1e 2c ed,True,True,5,0,True
L,20,6007,147,1e 7c ed b0 1e 7c ed b0 1e 7c ed b0 1e 7c ed b0 1e 7c ed b0,True,True,0,0,True
L,20,6007,42,1e 54 ed b0 1e 54 ed b0 1e 54 ed b0 1e 54 ed b0 1e 54 df b0,True,True,6,0,True
L,20,6007,92,3c 1e 05 ed b0 3c 1e 05 ed b0 3c 1e 05 ed b0 3c 1e 05 ed b0,True,True,17,0,True
L,20,6007,171,1e 7c ed b0 1e 7c ed b0 1e 7c ed b0 1e 7c ed b0 1e 7c ed b0,True,True,0,0,True
L,20,6007,102,1e 7c ed b0 1e 7c ed b0 1e 7c ed b0 1e 7c ed b0 1e 7c ed b0,True,True,0,0,True
L,20,6007,74,1e a4 ed b0 1e a4 ed b0 1e a4 ed b0 1e a4 ed b0 1e a4 ed b0,True,True,5,0,True
L,20,6007,206,1e a4 ed b0 1e a4 ed b0 1e a4 ed b0 1e a4 ed b0 1e a4 ed b0,True,True,5,0,True
L,20,6008,39,b0 1e 54 ed b0 1e 54 ed b0 1e 54 ed b0 1e 54 ed b0 1e 54 ed,True,True,5,0,True
L,20,6008,169,b0 1e a4 ed b0 1e a4 ed b0 1e a4 ed b0 1e a4 ed b0 1e a4 ed,True,True,5,0,True
L,20,6008,140,1e 04 ed b0 1e 04 ed b0 1e 04 ed b0 1e 04 ed b0 1e 83 ed b0,True,True,5,0,True
L,20,6008,221,1e 2c ed b0 1e 2c ed b0 1e 2c ed b0 1e 2c ed b0 1e 2c ed b0,True,True,5,0,True
L,20,6008,158,1e 7c ed b0 1e 7c ed b0 1e 7c ed b0 1e 7c ed b0 1e 7c ed b0,True,True,0,0,True
L,20,6008,96,1e a4 ed b0 1e a4 ed b0 1e a4 ed b0 1e a4 ed b0 1e a4 ed b0,True,True,5,0,True
L,20,6008,160,1e 05 ed b0 1e 1e 05 ed b0 1e 1e 05 ed b0 1e 1e 05 ed b0 1e,True,True,16,1,True
L,20,6008,195,1e 7d ed b0 40 1e 7d ed b0 40 1e 7d ed b0 40 1e 7d ed b0 40,True,True,17,1,True
L,20,6009,216,1e 55 ed b0 1f 1e 55 ed b0 1f 1e 55 ed b0 1f 1e 55 ed b0 1f,True,True,17,1,True
L,20,6009,134,1e a4 ed b0 1e a4 ed b0 1e a4 ed b0 1e a4 ed b0 1e a4 ed b0,True,True,0,0,True
L,20,6009,156,1e 55 ed b0 04 1e 55 ed b0 04 1e 55 ed b0 04 1e 55 ed b0 04,True,True,17,1,True
L,20,6009,138,b0 1e a4 ed b0 1e a4 ed b0 1e a4 ed b0 1e a4 ed b0 1e a4 ed,True,True,0,0,True
L,20,6009,181,b0 1e a4 ed b0 1e a4 ed b0 1e a4 ed b0 1e a4 ed b0 1e a4 ed,True,True,0,0,True
L,20,6009,241,1e f4 ed b0 1e f4 ed b0 1e f4 ed b0 1e f4 ed b0 1e f4 ed b0,True,True,5,0,True
L,20,6009,205,1e 55 ed b0 f7 1e 55 ed b0 f7 1e 55 ed b0 f7 1e 55 ed b0 f7,True,True,17,1,True
L,20,6009,145,1e 54 ed b0 1e 54 ed b0 1e 54 ed b0 1e 54 ed b0 1e 54 ed b0,True,True,5,0,True
L,20,6010,208,14 11 1e 26 30 ed b8 c3 5c 5d 14 11 1e 26 30 ed b8 c3 5c 5d,True,True,10,3,True
L,20,6010,98,91 11 e6 26 30 ed b8 36 e3 26 91 11 e6 26 30 ed b8 36 e3 26,True,True,8,3,True
L,20,6010,61,11 e6 26 30 ed b8 f1 70 70 26 11 e6 26 30 ed b8 f1 70 70 26,True,True,8,3,True
L,20,6010,31,11 e6 26 30 ed b8 11 4f 7b 26 11 e6 26 30 ed b8 11 4f 7b 26,True,True,6,3,True
L,20,6010,176,11 e6 26 30 ed b8 69 0b 05 e6 11 e6 26 30 ed b8 69 0b 05 e6,True,True,8,3,True
L,20,6010,155,99 11 e6 26 30 ed b8 f0 45 ed 99 11 e6 26 30 ed b8 f0 45 ed,True,True,8,3,True
L,20,6010,240,11 e6 26 30 ed b8 79 6b fc 26 11 e6 26 30 ed b8 79 6b fc 26,True,True,8,3,True
L,20,6010,180,11 e6 26 30 ed b8 d4 2a 56 26 11 e6 26 30 ed b8 d4 2a 56 26,True,True,8,3,True
