label,seed,tape_len,step,n,copy_per_1k,partial_per_1k,zero_writes_per_ix,writes_per_ix,destroyed_per_1k,bytes_changed_b,zero_frac,pre_emergence,emerged_run
ld-imm,101,16,500,3932,18.05696846388606,2.034587995930824,0.09079348931841302,0.40233977619532046,4.577822990844354,0.40233977619532046,0.4108875,True,True
ld-imm,101,16,1000,3889,16.713808176909232,2.82849061455387,0.0979686294677295,0.434301877089226,5.65698122910774,0.434301877089226,0.415353125,True,True
ld-imm,101,16,2000,3960,17.424242424242426,2.272727272727273,0.07348484848484849,0.351010101010101,5.05050505050505,0.351010101010101,0.41500625,True,True
ld-imm,101,16,3000,3948,16.46403242147923,2.026342451874367,0.0972644376899696,0.40704154002026344,6.838905775075988,0.40704154002026344,0.4177375,True,True
ld-imm,101,16,5000,3856,17.894190871369293,2.8526970954356847,0.10088174273858921,0.3954875518672199,4.149377593360996,0.3954875518672199,0.4176375,True,True
ld-imm,101,16,7500,3986,20.321123933768188,1.2543903662819869,0.07049673858504767,0.36101354741595587,6.773707977922729,0.36101354741595587,0.41605,True,True
ld-imm,101,16,10000,3930,19.84732824427481,3.816793893129771,0.10534351145038168,0.45470737913486003,6.106870229007634,0.45470737913486003,0.414771875,True,True
ld-imm,101,16,15000,3956,18.705763397371083,1.769464105156724,0.08923154701718908,0.38296258847320525,4.802831142568251,0.38296258847320525,0.416490625,True,True
ld-imm,101,16,20000,3925,20.127388535031848,3.821656050955414,0.09019108280254777,0.3982165605095541,5.859872611464968,0.3982165605095541,0.417278125,True,True
ld-imm,101,16,30000,4013,20.68278096187391,1.24595066035385,0.08447545477199103,0.3959631198604535,4.48542237727386,0.3959631198604535,0.418396875,True,True
ld-imm,101,16,50000,3953,18.972931950417404,4.0475588160890466,0.0986592461421705,0.4234758411333165,5.312420946116873,0.4234758411333165,0.416165625,True,True
ld-imm,101,16,75000,3988,15.546639919759278,2.2567703109327986,0.09528585757271815,0.4047141424272818,5.516549648946841,0.4047141424272818,0.416109375,True,True
ld-imm,101,16,100000,3955,18.20480404551201,0.2528445006321112,0.08268015170670039,0.3959544879898862,5.562579013906448,0.3959544879898862,0.4163125,True,True
ld-imm,101,16,150000,3967,17.141416687673306,2.268716914544996,0.08621124275270986,0.3773632467859844,3.5291152004033273,0.3773632467859844,0.41824375,True,True
ld-imm,101,16,200000,3926,398.1151299032094,37.44268976057055,0.1250636780438105,5.026744778400407,10.697911360163015,5.026744778400407,0.014975,False,True
ld-imm,101,16,300000,3958,399.44416371905004,32.84487114704396,0.12885295603840324,5.035371399696817,14.14855987872663,5.035371399696817,0.0157125,False,True
ld-imm,102,16,500,3878,18.308406395048994,1.2893243940175347,0.09386281588447654,0.3816400206291903,5.415162454873646,0.3816400206291903,0.410240625,True,False
ld-imm,102,16,1000,3881,15.45993300695697,1.545993300695697,0.09456325689255346,0.3836640041226488,3.091986601391394,0.3836640041226488,0.4168125,True,False
ld-imm,102,16,2000,3911,18.920992073638455,1.0227563283047814,0.08463308616722066,0.3919713628228075,4.346714395295321,0.3919713628228075,0.41765,True,False
ld-imm,102,16,3000,3917,18.892009190707174,0.2552974214960429,0.08475874393668624,0.3803931580291039,5.361245851416901,0.3803931580291039,0.419478125,True,False
ld-imm,102,16,5000,3970,19.143576826196472,0.2518891687657431,0.09093198992443324,0.4070528967254408,4.534005037783375,0.4070528967254408,0.419146875,True,False
ld-imm,102,16,7500,3921,22.188217291507268,2.04029584289722,0.08849783218566692,0.40652894669727113,5.10073960724305,0.40652894669727113,0.420640625,True,False
ld-imm,102,16,10000,3951,16.45153125790939,2.531004808909137,0.07112123513034675,0.3844596304732979,5.568210579600101,0.3844596304732979,0.4173375,True,False
ld-imm,102,16,15000,3976,21.88128772635815,1.0060362173038229,0.09733400402414487,0.4039235412474849,4.0241448692152915,0.4039235412474849,0.418225,True,False
ld-imm,102,16,20000,3982,20.59266700150678,2.0090406830738323,0.09216474133601206,0.40231039678553493,5.022601707684581,0.40231039678553493,0.417865625,True,False
ld-imm,102,16,30000,3973,19.884218474704255,1.2584948401711553,0.09338031714069972,0.4256229549458847,6.292474200855777,0.4256229549458847,0.4201875,True,False
ld-imm,102,16,50000,3892,17.21479958890031,2.055498458376156,0.08915724563206577,0.38669064748201437,3.854059609455293,0.38669064748201437,0.415825,True,False
ld-imm,102,16,75000,3885,15.186615186615187,2.574002574002574,0.08494208494208494,0.3824967824967825,4.633204633204633,0.3824967824967825,0.417621875,True,False
ld-imm,102,16,100000,3924,17.07441386340469,2.038735983690112,0.07823649337410805,0.34454638124362896,4.332313965341489,0.34454638124362896,0.417203125,True,False
ld-imm,102,16,150000,4030,18.36228287841191,1.488833746898263,0.07791563275434243,0.3382133995037221,4.714640198511166,0.3382133995037221,0.4151625,True,False
ld-imm,102,16,200000,3985,17.314930991217064,2.7603513174404015,0.07904642409033877,0.41656210790464243,7.277289836888332,0.41656210790464243,0.421884375,True,False
ld-imm,102,16,300000,3968,17.389112903225808,0.5040322580645161,0.0924899193548387,0.4044858870967742,5.544354838709677,0.4044858870967742,0.413878125,True,False
ld-imm,103,16,500,3938,16.251904520060943,0.25393600812595224,0.074403250380904,0.3819197562214322,5.58659217877095,0.3819197562214322,0.411009375,True,False
ld-imm,103,16,1000,3980,14.824120603015075,1.7587939698492463,0.06733668341708543,0.3484924623115578,5.025125628140704,0.3484924623115578,0.41625,True,False
ld-imm,103,16,2000,3928,18.329938900203665,4.0733197556008145,0.10056008146639511,0.4218431771894094,7.637474541751527,0.4218431771894094,0.4164625,True,False
ld-imm,103,16,3000,3925,18.089171974522294,2.8025477707006368,0.08968152866242038,0.33885350318471336,4.585987261146497,0.33885350318471336,0.41701875,True,False
ld-imm,103,16,5000,3993,23.791635361883294,0.7513148009015778,0.08690207863761583,0.4507888805409467,6.7618332081142,0.4507888805409467,0.416721875,True,False
ld-imm,103,16,7500,4016,15.687250996015937,2.49003984063745,0.08441235059760956,0.39193227091633465,3.9840637450199203,0.39193227091633465,0.414790625,True,False
ld-imm,103,16,10000,4042,17.56556160316675,3.463631865413162,0.0900544285007422,0.4109351806036616,4.948045522018803,0.4109351806036616,0.418378125,True,False
ld-imm,103,16,15000,3942,14.967021816336885,0.2536783358701167,0.07787924911212582,0.3295281582952816,3.297818366311517,0.3295281582952816,0.41765625,True,False
ld-imm,103,16,20000,3915,18.646232439335886,2.554278416347382,0.08659003831417625,0.41021711366538954,3.0651340996168583,0.41021711366538954,0.4196,True,False
ld-imm,103,16,30000,3871,17.30818909842418,1.2916559028674761,0.07388271764401963,0.35055541203823304,3.616636528028933,0.35055541203823304,0.414909375,True,False
ld-imm,103,16,50000,3922,15.298317185109639,2.039775624681285,0.07266700662927078,0.3615502294747578,2.5497195308516063,0.3615502294747578,0.418275,True,False
ld-imm,103,16,75000,3939,16.755521706016754,1.7771007870017772,0.07184564610307184,0.3594821020563595,6.092916984006093,0.3594821020563595,0.418365625,True,False
ld-imm,103,16,100000,3946,16.979219462747086,1.7739483020780538,0.0963000506842372,0.3786112519006589,4.5615813482007095,0.3786112519006589,0.41741875,True,False
ld-imm,103,16,150000,3980,18.09045226130653,1.7587939698492463,0.09623115577889448,0.4158291457286432,5.276381909547739,0.4158291457286432,0.41964375,True,False
ld-imm,103,16,200000,4000,18.75,1.25,0.088,0.40875,4.75,0.40875,0.417634375,True,False
ld-imm,103,16,300000,3918,16.079632465543646,3.8284839203675345,0.091628381827463,0.38055130168453294,3.0627871362940278,0.38055130168453294,0.4193875,True,False
ld-imm,104,16,500,3981,15.57397638784225,4.019090680733484,0.09922130118060789,0.42903793016829944,4.019090680733484,0.42903793016829944,0.407921875,True,False
ld-imm,104,16,1000,3926,16.046867040244525,0.7641365257259297,0.07539480387162506,0.3863983698420784,5.348955680081508,0.3863983698420784,0.4177375,True,False
ld-imm,104,16,2000,3946,15.205271160669032,1.7739483020780538,0.08996452103395844,0.3834262544348708,4.054738976178409,0.3834262544348708,0.41590625,True,False
ld-imm,104,16,3000,3973,21.64611125094387,2.2652907123080794,0.08155046564309086,0.3896300025169897,5.537377296753084,0.3896300025169897,0.41614375,True,False
ld-imm,104,16,5000,3978,18.099547511312217,-0.2513826043237808,0.08044243338360986,0.3848667672197084,5.279034690799397,0.3848667672197084,0.419659375,True,False
ld-imm,104,16,7500,3971,18.635104507680683,3.777386048854193,0.08839083354318811,0.40241752707126666,4.029211785444472,0.40241752707126666,0.4165875,True,False
ld-imm,104,16,10000,3966,18.15431164901664,3.7821482602118004,0.09102370146243066,0.367624810892587,6.80786686838124,0.367624810892587,0.419615625,True,False
ld-imm,104,16,15000,3971,17.879627297909845,0.0,0.07554772097708386,0.36061445479728027,4.784688995215311,0.36061445479728027,0.421590625,True,False
ld-imm,104,16,20000,3991,15.033826108744675,2.0045101478326233,0.08869957404159358,0.3743422701077424,4.259584064144325,0.3743422701077424,0.413890625,True,False
ld-imm,104,16,30000,3891,21.588280647648418,-0.7710100231303006,0.08404009252120277,0.4227704960164482,6.682086867129272,0.4227704960164482,0.418653125,True,False
ld-imm,104,16,50000,4041,20.292006928977976,3.217025488740411,0.08586983419945558,0.4070774560752289,5.691660480079189,0.4070774560752289,0.41715625,True,False
ld-imm,104,16,75000,3967,14.368540458784976,1.2603982858583311,0.07209478195109655,0.3481220065540711,6.554071086463322,0.3481220065540711,0.415559375,True,False
ld-imm,104,16,100000,3963,18.925056775170326,2.0186727226848347,0.07721423164269493,0.37547312641937924,3.5326772646984606,0.37547312641937924,0.4169375,True,False
ld-imm,104,16,150000,3926,17.06571574121243,2.0376974019358127,0.08074375955170657,0.3759551706571574,5.348955680081508,0.3759551706571574,0.419740625,True,False
ld-imm,104,16,200000,3958,13.895907023749368,4.295098534613441,0.089944416371905,0.3996968165740273,6.568974229408792,0.3996968165740273,0.4181125,True,False
ld-imm,104,16,300000,3973,12.08155046564309,2.0135917442738487,0.08683614397180972,0.37402466649886734,5.537377296753084,0.37402466649886734,0.41900625,True,False
ld-imm,105,16,500,3922,20.14278429372769,2.039775624681285,0.08388577256501785,0.3941866394696583,4.589495155532892,0.3941866394696583,0.415446875,True,False
ld-imm,105,16,1000,3955,16.68773704171934,2.5284450063211126,0.08192161820480405,0.4343868520859671,4.551201011378002,0.4343868520859671,0.417878125,True,False
ld-imm,105,16,2000,3935,16.264294790343076,1.2706480304955527,0.08030495552731894,0.3590851334180432,7.369758576874206,0.3590851334180432,0.413221875,True,False
ld-imm,105,16,3000,3954,16.944865958523014,2.0232675771370765,0.0973697521497218,0.3998482549317147,6.828528072837633,0.3998482549317147,0.418346875,True,False
ld-imm,105,16,5000,3936,20.32520325203252,0.508130081300813,0.08689024390243902,0.3960873983739837,5.08130081300813,0.3960873983739837,0.415034375,True,False
ld-imm,105,16,7500,3976,19.617706237424546,1.7605633802816902,0.1073943661971831,0.41951710261569414,5.28169014084507,0.41951710261569414,0.417175,True,False
ld-imm,105,16,10000,3931,19.33350292546426,3.5614347494276264,0.09539557364538286,0.39964385652505724,5.850928516916815,0.39964385652505724,0.41944375,True,False
ld-imm,105,16,15000,3944,17.24137931034483,2.535496957403651,0.0864604462474645,0.4178498985801217,4.817444219066937,0.4178498985801217,0.417871875,True,False
ld-imm,105,16,20000,3967,21.174691202419964,2.268716914544996,0.09150491555331484,0.43357701033526597,5.797832114948323,0.43357701033526597,0.41735625,True,False
ld-imm,105,16,30000,3893,19.26534806062163,1.0274852298998203,0.08476753146673517,0.3863344464423324,4.6236835345491905,0.3863344464423324,0.418,True,False
ld-imm,105,16,50000,3898,17.188301693175987,2.8219599794766546,0.09363776295536172,0.36711133914828115,4.361210877373011,0.36711133914828115,0.415853125,True,False
ld-imm,105,16,75000,3952,20.242914979757085,1.0121457489878543,0.09159919028340081,0.4139676113360324,6.578947368421052,0.4139676113360324,0.417415625,True,False
ld-imm,105,16,100000,3956,18.958543983822043,1.5166835187057635,0.07355915065722952,0.36804853387259856,4.2972699696663295,0.36804853387259856,0.41773125,True,False
ld-imm,105,16,150000,3929,20.61593280733011,2.5451768897938405,0.08653601425299058,0.3494527869686943,6.362942224484602,0.3494527869686943,0.41439375,True,False
ld-imm,105,16,200000,3894,14.637904468412943,2.824858757062147,0.0901386748844376,0.3662044170518747,4.622496147919877,0.3662044170518747,0.418253125,True,False
ld-imm,105,16,300000,4007,16.471175442974793,2.246069378587472,0.0878462690291989,0.40529074120289493,4.492138757174944,0.40529074120289493,0.421434375,True,False
ld-imm,106,16,500,3977,19.109881820467688,3.2687955745536836,0.09831531305003771,0.46718632134774957,6.537591149107367,0.46718632134774957,0.413771875,True,False
ld-imm,106,16,1000,3903,17.422495516269535,1.5372790161414296,0.08070714834742505,0.3674096848578017,3.074558032282859,0.3674096848578017,0.418803125,True,False
ld-imm,106,16,2000,3918,15.569167942827974,1.5313935681470139,0.08958652373660031,0.40837161817253703,5.615109749872384,0.40837161817253703,0.41665625,True,False
ld-imm,106,16,3000,3995,17.02127659574468,1.2515644555694618,0.0821026282853567,0.38097622027534417,4.755944931163955,0.38097622027534417,0.419128125,True,False
ld-imm,106,16,5000,3930,18.829516539440203,2.544529262086514,0.10483460559796437,0.4111959287531807,6.106870229007634,0.4111959287531807,0.419353125,True,False
ld-imm,106,16,7500,3966,15.380736258194654,3.530005042864347,0.08522440746343923,0.37771053958648515,5.0428643469490675,0.37771053958648515,0.41806875,True,False
ld-imm,106,16,10000,3957,15.921152388172858,2.779883750315896,0.08845084660096032,0.39600707606772806,6.317917614354309,0.39600707606772806,0.4202,True,False
ld-imm,106,16,15000,3944,20.79107505070994,3.5496957403651117,0.1031947261663286,0.4918864097363083,6.592292089249493,0.4918864097363083,0.4179,True,False
ld-imm,106,16,20000,3929,16.034614405701195,2.2906592008144564,0.09442606261135149,0.40391957241028253,5.599389157546449,0.40391957241028253,0.41535625,True,False
ld-imm,106,16,30000,3975,18.867924528301888,2.7672955974842766,0.10490566037735849,0.4261635220125786,6.037735849056604,0.4261635220125786,0.4213625,True,False
ld-imm,106,16,50000,3935,13.72299872935197,4.066073697585769,0.08742058449809403,0.39466327827191866,2.7954256670902162,0.39466327827191866,0.415578125,True,False
ld-imm,106,16,75000,3889,20.056569812291077,1.0285420416559528,0.11005399845718694,0.4078169195165852,6.428387760349704,0.4078169195165852,0.4172625,True,False
ld-imm,106,16,100000,3920,15.816326530612244,3.061224489795918,0.07831632653061224,0.3923469387755102,4.846938775510204,0.3923469387755102,0.419590625,True,False
ld-imm,106,16,150000,3977,18.104098566758864,4.526024641689716,0.0973095297963289,0.39979884334925825,3.7716872014080964,0.39979884334925825,0.41815,True,False
ld-imm,106,16,200000,3924,20.387359836901123,3.3129459734964324,0.08205912334352701,0.3980632008154944,4.841997961264016,0.3980632008154944,0.418446875,True,False
ld-imm,106,16,300000,3934,19.572953736654803,3.5587188612099645,0.11209964412811388,0.4367056431113371,4.067107269954245,0.4367056431113371,0.41791875,True,False
ld-imm,107,16,500,3950,15.949367088607595,2.0253164556962027,0.09215189873417722,0.43746835443037974,7.0886075949367084,0.43746835443037974,0.41330625,True,False
ld-imm,107,16,1000,4019,18.41254043294352,0.49763622791739237,0.0915650659368002,0.4254789748693705,7.713361532719582,0.4254789748693705,0.415290625,True,False
ld-imm,107,16,2000,3952,15.182186234817813,3.0364372469635628,0.0867914979757085,0.41270242914979755,5.313765182186235,0.41270242914979755,0.4158625,True,False
ld-imm,107,16,3000,3967,14.368540458784976,3.024955886059995,0.0844466851525082,0.3816486009579027,5.0415931434333245,0.3816486009579027,0.41746875,True,False
ld-imm,107,16,5000,3946,15.712113532691333,2.0273694880892044,0.09503294475418145,0.3933096806893056,6.3355296502787635,0.3933096806893056,0.417096875,True,False
ld-imm,107,16,7500,4000,19.5,0.75,0.09275,0.3885,4.75,0.3885,0.416871875,True,False
ld-imm,107,16,10000,3941,19.2844455721898,2.537427048972342,0.06673433138797259,0.3872113676731794,5.836082212636387,0.3872113676731794,0.417928125,True,False
ld-imm,107,16,15000,3967,18.653894630703302,2.268716914544996,0.09402571212503151,0.3801361230148727,3.781194857574994,0.3801361230148727,0.41645625,True,False
ld-imm,107,16,20000,3992,17.78557114228457,1.7535070140280562,0.0784068136272545,0.37925851703406815,4.509018036072145,0.37925851703406815,0.41673125,True,False
ld-imm,107,16,30000,3975,22.138364779874212,4.0251572327044025,0.0930817610062893,0.34943396226415097,4.528301886792453,0.34943396226415097,0.4150375,True,False
ld-imm,107,16,50000,3938,12.950736414423565,2.5393600812595225,0.08760792280345353,0.37811071609954294,5.840528186896902,0.37811071609954294,0.417834375,True,False
ld-imm,107,16,75000,3952,22.267206477732792,3.54251012145749,0.1082995951417004,0.4519230769230769,7.08502024291498,0.4519230769230769,0.415246875,True,False
ld-imm,107,16,100000,3958,21.222839818089945,3.5371399696816574,0.0919656392117231,0.3840323395654371,5.305709954522486,0.3840323395654371,0.416865625,True,False
ld-imm,107,16,150000,4006,16.72491263105342,1.2481278082875686,0.08736894658012981,0.39166250624063903,5.741387918122816,0.39166250624063903,0.415065625,True,False
ld-imm,107,16,200000,3921,17.34251466462637,1.2751849018107626,0.08824279520530477,0.37541443509308847,5.610813567967355,0.37541443509308847,0.4163875,True,False
ld-imm,107,16,300000,4016,23.157370517928285,0.9960159362549801,0.08590637450199202,0.4452191235059761,5.9760956175298805,0.4452191235059761,0.422396875,True,False
ld-imm,108,16,500,3960,19.19191919191919,2.0202020202020203,0.07247474747474747,0.37095959595959593,5.303030303030303,0.37095959595959593,0.41655625,True,True
ld-imm,108,16,1000,3982,16.574585635359117,2.260170768458061,0.08940231039678553,0.3465595178302361,5.022601707684581,0.3465595178302361,0.41683125,True,True
ld-imm,108,16,2000,3996,18.26826826826827,1.7517517517517518,0.08658658658658659,0.3736236236236236,6.256256256256257,0.3736236236236236,0.41781875,True,True
ld-imm,108,16,3000,3942,18.011161846778286,4.058853373921867,0.09208523592085235,0.4124809741248097,6.341958396752918,0.4124809741248097,0.419559375,True,True
ld-imm,108,16,5000,3942,17.503805175038053,1.5220700152207,0.09944190766108574,0.37950279046169455,4.566210045662101,0.37950279046169455,0.41809375,True,True
ld-imm,108,16,7500,3951,18.4763351050367,1.5186028853454823,0.09744368514300177,0.4064793723108074,3.0372057706909645,0.4064793723108074,0.416690625,True,True
ld-imm,108,16,10000,4031,17.861572810716943,0.4961548002976929,0.08583478045150086,0.41974696105184817,4.713470602828083,0.41974696105184817,0.41803125,True,True
ld-imm,108,16,15000,3980,19.34673366834171,1.7587939698492463,0.10226130653266331,0.4055276381909548,6.28140703517588,0.4055276381909548,0.416584375,True,True
ld-imm,108,16,20000,3945,17.23700887198986,5.069708491761724,0.09581749049429658,0.4357414448669201,6.590621039290241,0.4357414448669201,0.41706875,True,True
ld-imm,108,16,30000,3935,12.452350698856417,4.320203303684879,0.09072426937738247,0.3916137229987294,6.353240152477763,0.3916137229987294,0.4164,True,True
ld-imm,108,16,50000,3990,18.295739348370926,-0.7518796992481203,0.07368421052631578,0.35413533834586464,5.012531328320802,0.35413533834586464,0.41825625,True,True
ld-imm,108,16,75000,3908,24.82088024564995,2.5588536335721597,0.10951893551688843,0.3943193449334698,4.094165813715455,0.3943193449334698,0.420515625,True,True
ld-imm,108,16,100000,3935,15.247776365946633,1.5247776365946633,0.08640406607369759,0.41245235069885644,7.115628970775095,0.41245235069885644,0.41639375,True,True
ld-imm,108,16,150000,3917,20.934388562675515,1.2764871074802144,0.07633392902731682,0.3673729895328057,4.340056165432729,0.3673729895328057,0.418596875,True,True
ld-imm,108,16,200000,3971,374.46487030974566,32.48552002014606,0.33845378997733566,5.0181314530345,10.82850667338202,5.0181314530345,0.077890625,True,True
ld-imm,108,16,300000,3931,397.354362757568,29.00025438819639,0.11371152378529636,4.654032052912745,10.68430424828288,4.654032052912745,0.013378125,False,True
ld-imm,109,16,500,3955,17.699115044247787,3.034134007585335,0.10847029077117573,0.4232616940581542,6.573957016434893,0.4232616940581542,0.41343125,True,False
ld-imm,109,16,1000,3926,13.754457463066734,3.8206826286296485,0.09067753438614366,0.36169128884360674,4.3301069791136015,0.36169128884360674,0.4161125,True,False
ld-imm,109,16,2000,3984,20.33132530120482,1.7570281124497993,0.09061244979919679,0.4422690763052209,5.7730923694779115,0.4422690763052209,0.419109375,True,False
ld-imm,109,16,3000,3893,17.21037760082199,1.5412278448497303,0.08990495761623427,0.40200359619830467,5.651168764449011,0.40200359619830467,0.420096875,True,False
ld-imm,109,16,5000,3948,18.996960486322187,3.5460992907801416,0.08839918946301925,0.42122593718338397,4.5592705167173255,0.42122593718338397,0.418225,True,False
ld-imm,109,16,7500,3938,17.267648552564754,-0.25393600812595224,0.0898933468765871,0.40401218892839,6.348400203148807,0.40401218892839,0.417459375,True,False
ld-imm,109,16,10000,3924,20.132517838939858,1.2742099898063202,0.08944954128440367,0.3748725790010194,6.3710499490316,0.3748725790010194,0.41413125,True,False
ld-imm,109,16,15000,3944,20.537525354969574,2.281947261663286,0.07429006085192698,0.361815415821501,3.8032454361054766,0.361815415821501,0.4159875,True,False
ld-imm,109,16,20000,3951,17.21083270058213,1.0124019235636548,0.060744115413819286,0.3065046823588965,3.290306251581878,0.3065046823588965,0.418390625,True,False
ld-imm,109,16,30000,4010,17.456359102244388,3.2418952618453867,0.114214463840399,0.45586034912718204,6.982543640897756,0.45586034912718204,0.41589375,True,False
ld-imm,109,16,50000,3963,16.654049962149887,0.25233409033560433,0.08226091344940702,0.36411809235427706,4.794347716376483,0.36411809235427706,0.420340625,True,False
ld-imm,109,16,75000,3970,18.639798488664987,2.2670025188916876,0.07758186397984887,0.392191435768262,5.793450881612091,0.392191435768262,0.416303125,True,False
ld-imm,109,16,100000,3889,21.599382874775007,0.2571355104139882,0.08356904088454616,0.3813319619439445,4.885574697865775,0.3813319619439445,0.41909375,True,False
ld-imm,109,16,150000,4046,16.559565002471576,0.49431537320810676,0.08848245180425111,0.39792387543252594,3.707365299060801,0.39792387543252594,0.4188375,True,False
ld-imm,109,16,200000,3955,15.929203539823009,1.011378002528445,0.07029077117572692,0.349936788874842,3.5398230088495577,0.349936788874842,0.416409375,True,False
ld-imm,109,16,300000,3915,17.369093231162196,1.277139208173691,0.08863346104725416,0.40638569604086844,5.363984674329502,0.40638569604086844,0.41878125,True,False
ld-imm,110,16,500,3917,17.104927240234872,0.7658922644881286,0.09241766658156753,0.40719938728618843,5.361245851416901,0.40719938728618843,0.41345625,True,False
ld-imm,110,16,1000,3987,20.566842237271132,4.013042387760221,0.09831953850012541,0.4023074993729621,6.270378730875345,0.4023074993729621,0.416471875,True,False
ld-imm,110,16,2000,3890,19.02313624678663,1.0282776349614395,0.08046272493573264,0.3627249357326478,5.912596401028278,0.3627249357326478,0.417271875,True,False
ld-imm,110,16,3000,4002,17.74112943528236,0.49975012493753124,0.06771614192903548,0.36281859070464767,5.247376311844078,0.36281859070464767,0.418309375,True,False
ld-imm,110,16,5000,3984,19.57831325301205,1.0040160642570282,0.08258032128514056,0.35040160642570284,3.0120481927710845,0.35040160642570284,0.416971875,True,False
ld-imm,110,16,7500,3920,15.816326530612244,2.5510204081632653,0.07959183673469387,0.38137755102040816,4.846938775510204,0.38137755102040816,0.418096875,True,False
ld-imm,110,16,10000,4004,16.483516483516482,2.247752247752248,0.08666333666333666,0.38786213786213786,3.996003996003996,0.38786213786213786,0.41745625,True,False
ld-imm,110,16,15000,3888,18.775720164609055,1.5432098765432098,0.07896090534979423,0.38040123456790126,4.886831275720165,0.38040123456790126,0.418096875,True,False
ld-imm,110,16,20000,3893,16.696634985872077,1.5412278448497303,0.08476753146673517,0.39172874389930645,6.164911379398921,0.39172874389930645,0.41840625,True,False
ld-imm,110,16,30000,3893,18.494734138196762,0.7706139224248651,0.08168507577703571,0.3858207038273825,5.394297456974056,0.3858207038273825,0.416103125,True,False
ld-imm,110,16,50000,3877,19.860717049264895,2.0634511220015477,0.07222078927005417,0.35259221047201444,5.158627805003869,0.35259221047201444,0.41370625,True,False
ld-imm,110,16,75000,4057,19.22602908553118,1.4789253142716292,0.08479171801824008,0.3857530194725166,2.464875523786049,0.3857530194725166,0.418340625,True,False
ld-imm,110,16,100000,3901,383.49141245834403,26.4034862855678,0.3552935144834658,4.45398615739554,12.048192771084338,4.45398615739554,0.116303125,True,False
ld-imm,110,16,150000,3955,381.795195954488,25.031605562579013,0.28445006321112515,4.270290771175727,8.09102402022756,4.270290771175727,0.108675,True,False
ld-imm,110,16,200000,3970,377.0780856423174,24.181360201511335,0.2682619647355164,4.104282115869018,8.060453400503778,4.104282115869018,0.10905625,True,False
ld-imm,110,16,300000,3942,390.15728056823946,22.577371892440386,0.302130898021309,4.377473363774734,8.117706747843734,4.377473363774734,0.108165625,True,False
none,101,100,500,3932,0.254323499491353,1.525940996948118,0.7230417090539166,3.4341302136317395,0.254323499491353,3.4341302136317395,0.3350545,True,True
none,101,100,1000,3894,0.7704160246533128,4.879301489470981,0.763482280431433,4.244735490498202,0.7704160246533128,4.244735490498202,0.352288,True,True
none,101,100,2000,3961,30.547841454178236,-11.613228982580157,2.0358495329462256,9.226710426659935,0.7573844988639232,9.226710426659935,0.3005815,False,True
none,101,100,3000,3934,90.49313675648195,-37.11235383833249,3.5528723945094054,18.234367056431115,1.2709710218607015,18.234367056431115,0.110695,False,True
none,101,100,5000,3854,76.8033212247016,-10.378827192527245,2.862480539699014,12.315256875973015,0.2594706798131811,12.315256875973015,0.0443395,False,True
none,101,100,7500,3986,60.712493728048166,-7.2754641244355245,3.0496738585047667,10.009533366783742,0.2508780732563974,10.009533366783742,0.044053,False,True
none,101,100,10000,3924,48.41997961264016,-4.841997961264016,3.0132517838939856,9.582059123343527,0.0,9.582059123343527,0.042113,False,True
none,101,100,15000,3954,51.84623166413758,-4.552352048558422,3.020485584218513,9.767830045523521,0.25290844714213456,9.767830045523521,0.0444915,False,True
none,101,100,20000,3938,51.29507364144236,-4.062976130015236,2.707465718638903,9.4070594210259,0.25393600812595224,9.4070594210259,0.042749,False,True
none,101,100,30000,4000,55.5,-5.5,3.21175,10.68025,1.25,10.68025,0.042411,False,True
none,101,100,50000,3963,49.70981579611406,-5.551349987383295,3.01892505677517,10.140550088316932,0.25233409033560433,10.140550088316932,0.0416805,False,True
none,101,100,75000,3969,53.41395817586294,-4.2831947593852355,2.998740236835475,10.383975812547241,0.25195263290501385,10.383975812547241,0.0429245,False,True
none,101,100,100000,3951,51.126297139964564,-3.7965072133637054,3.1047835990888384,10.119716527461403,0.0,10.119716527461403,0.0434405,False,True
none,101,100,150000,3976,54.57746478873239,-4.527162977867203,3.000251509054326,10.128269617706238,0.2515090543259557,10.128269617706238,0.044293,False,True
none,101,100,200000,3914,52.88707204905467,-1.5329586101175268,3.3073582013285643,10.110884006131835,0.0,10.110884006131835,0.042623,False,True
none,101,100,300000,3962,51.236749116607776,-5.805148914689551,2.6693589096415953,9.190812720848056,0.0,9.190812720848056,0.041336,False,True
none,102,100,500,3901,0.5126890540886953,2.050756216354781,0.7228915662650602,3.7997949243783644,0.2563445270443476,3.7997949243783644,0.328766,True,True
none,102,100,1000,3900,4.871794871794871,1.2820512820512822,1.121025641025641,5.056410256410256,0.2564102564102564,5.056410256410256,0.3496265,True,True
none,102,100,2000,3904,36.62909836065574,-13.319672131147541,2.535092213114754,10.216444672131148,1.0245901639344261,10.216444672131148,0.2678425,False,True
none,102,100,3000,3918,72.48596222562531,-34.96681980602348,3.096477794793262,16.251914241960183,0.2552322613578356,16.251914241960183,0.1568935,False,True
none,102,100,5000,3953,127.75107513281053,-34.910194788768024,1.518593473311409,22.589678725018974,0.2529724260055654,22.589678725018974,0.061196,False,True
none,102,100,7500,3942,119.48249619482496,-18.011161846778286,1.6996448503297819,21.532724505327245,0.2536783358701167,21.532724505327245,0.068752,False,True
none,102,100,10000,3953,116.62028838856564,-21.755628636478622,1.785226410321275,22.396154819124714,0.2529724260055654,22.396154819124714,0.069932,False,True
none,102,100,15000,3968,123.23588709677419,-21.421370967741936,1.6567540322580645,21.834173387096776,0.25201612903225806,21.834173387096776,0.071914,False,True
none,102,100,20000,3967,118.72951852785481,-32.51827577514494,1.7398537937988405,21.927148979077387,0.0,21.927148979077387,0.068077,False,True
none,102,100,30000,3993,117.45554720761332,-27.548209366391184,1.4793388429752066,21.589281242173804,0.25043826696719257,21.589281242173804,0.06877,False,True
none,102,100,50000,3870,46.253229974160206,-2.3255813953488373,3.2653746770025838,9.936950904392765,0.0,9.936950904392765,0.04524,False,True
none,102,100,75000,3907,48.63066291272076,-3.5833120040952138,2.850780650115178,9.971077553109803,0.0,9.971077553109803,0.0430105,False,True
none,102,100,100000,3919,56.64710385302373,-5.6136769584077575,3.299566215871396,10.626945649400357,0.0,10.626945649400357,0.0479895,False,True
none,102,100,150000,4015,51.805728518057286,-6.475716064757161,2.9952677459526775,9.56214196762142,0.0,9.56214196762142,0.0422955,False,True
none,102,100,200000,4000,53.5,-6.5,2.4695,9.426,0.0,9.426,0.0409675,False,True
none,102,100,300000,3960,51.76767676767677,-5.555555555555555,2.8290404040404042,9.788636363636364,0.25252525252525254,9.788636363636364,0.042244,False,True
none,103,100,500,3932,0.508646998982706,4.069175991861648,0.8214649033570702,3.9292980671414037,0.508646998982706,3.9292980671414037,0.330297,True,True
none,103,100,1000,3948,6.332320162107396,0.0,1.159321175278622,5.280901722391084,0.5065856129685917,5.280901722391084,0.330911,True,True
none,103,100,2000,3921,53.302728895689874,-28.054067839836776,3.6865595511349145,13.528181586330017,0.510073960724305,13.528181586330017,0.2163515,False,True
none,103,100,3000,3916,73.79979570990807,-39.325842696629216,4.697650663942799,16.013534218590397,0.2553626149131767,16.013534218590397,0.120066,False,True
none,103,100,5000,3988,94.0320962888666,-15.546639919759278,2.8668505516549647,15.628134403209629,0.0,15.628134403209629,0.0513305,False,True
none,103,100,7500,4011,56.09573672400897,-7.479431563201197,2.7900772874594866,9.68686113188731,0.0,9.68686113188731,0.043085,False,True
none,103,100,10000,4014,57.54857997010463,-6.975585450921773,2.5528151469855507,9.960388639760836,0.0,9.960388639760836,0.0400835,False,True
none,103,100,15000,3954,48.05260495700556,-3.2878098128477493,2.5321193727870512,9.179312089023773,0.0,9.179312089023773,0.040382,False,True
none,103,100,20000,3917,48.2512126627521,-4.850651008424815,3.0668879244319633,10.013786060760786,0.0,10.013786060760786,0.0414545,False,True
none,103,100,30000,3872,51.13636363636363,-7.489669421487603,3.00077479338843,9.28228305785124,0.0,9.28228305785124,0.044175,False,True
none,103,100,50000,3916,51.83861082737487,-6.128702757916241,3.123084780388151,10.124361593462718,0.2553626149131767,10.124361593462718,0.0422945,False,True
none,103,100,75000,3935,58.449809402795424,-8.386277001270647,2.7087674714104195,9.990088945362135,0.0,9.990088945362135,0.045311,False,True
none,103,100,100000,3947,52.951608816822905,-4.5604256397263745,3.2272612110463643,10.090195084874589,0.0,10.090195084874589,0.0466275,False,True
none,103,100,150000,3972,47.3313192346425,-4.783484390735146,2.8559919436052366,9.941087613293051,0.5035246727089627,9.941087613293051,0.043148,False,True
none,103,100,200000,3998,51.77588794397199,-6.003001500750375,3.3056528264132066,10.875187593796898,0.25012506253126565,10.875187593796898,0.045072,False,True
none,103,100,300000,3912,51.38036809815951,-2.8118609406952966,2.7540899795501024,9.632157464212678,0.0,9.632157464212678,0.042627,False,True
none,104,100,500,3983,6.276675872457946,0.7532011046949536,1.0266131056992216,5.080090384132563,1.5064022093899072,5.080090384132563,0.3217585,True,True
none,104,100,1000,3923,18.35330104511853,-4.843232220239613,1.7425439714504205,7.258220749426459,0.2549069589599796,7.258220749426459,0.3155,False,True
none,104,100,2000,3929,66.17459913463986,-27.996945787732248,3.921099516416391,16.488673962840416,0.2545176889793841,16.488673962840416,0.187943,False,True
none,104,100,3000,3963,97.65329295987888,-37.59777946000505,4.391622508200858,22.80772142316427,0.757002271006813,22.80772142316427,0.086235,False,True
none,104,100,5000,3994,120.18027040560841,-33.80070105157736,3.116424636955433,21.760140210315473,0.7511266900350526,21.760140210315473,0.064077,False,True
none,104,100,7500,3970,57.68261964735516,-8.060453400503778,3.266498740554156,11.333249370277079,0.0,11.333249370277079,0.047115,False,True
none,104,100,10000,3965,57.5031525851198,-6.0529634300126105,3.2902900378310216,10.61437578814628,0.0,10.61437578814628,0.046018,False,True
none,104,100,15000,3964,54.742684157416754,-5.297679112008073,3.1564076690211906,10.029515640766903,0.2522704339051463,10.029515640766903,0.0441695,False,True
none,104,100,20000,3991,47.356552242545725,-4.259584064144325,2.832623402655976,9.729391130042595,0.2505637684790779,9.729391130042595,0.043383,False,True
none,104,100,30000,3894,58.55161787365177,-5.649717514124294,3.0724191063174113,10.385208012326656,0.25680534155110424,10.385208012326656,0.044443,False,True
none,104,100,50000,4025,60.869565217391305,-6.211180124223603,2.791055900621118,10.110062111801243,0.0,10.110062111801243,0.047092,False,True
none,104,100,75000,3995,56.32040050062578,-7.759699624530663,2.741426783479349,9.876345431789737,0.0,9.876345431789737,0.0434515,False,True
none,104,100,100000,3942,58.599695585996955,-7.356671740233384,3.0119228817858956,9.967021816336885,0.0,9.967021816336885,0.043565,False,True
none,104,100,150000,3920,55.86734693877551,-5.86734693877551,3.1543367346938775,10.90765306122449,0.0,10.90765306122449,0.040167,False,True
none,104,100,200000,3936,56.91056910569106,-4.065040650406504,3.169969512195122,10.320121951219512,0.2540650406504065,10.320121951219512,0.046147,False,True
none,104,100,300000,3994,54.3314972458688,-5.007511266900351,2.969454181271908,10.418878317476214,0.5007511266900351,10.418878317476214,0.0435225,False,True
none,105,100,500,3943,0.507227998985544,4.311437991377124,0.8678671062642658,4.499619579000761,0.507227998985544,4.499619579000761,0.3310415,True,True
none,105,100,1000,3931,8.903586873569067,1.0175527855507505,1.1684049860086492,5.318494021877385,0.2543881963876876,5.318494021877385,0.35386,True,True
none,105,100,2000,3916,162.15526046986722,-19.152196118488252,5.351378958120531,17.448927477017364,6.894790602655771,17.448927477017364,0.3805295,False,True
none,105,100,3000,3941,347.8812484141081,-26.135498604415123,8.154529307282415,28.06242070540472,12.433392539964476,28.06242070540472,0.3946105,False,True
none,105,100,5000,3917,394.43451621138627,-6.637732958897115,8.454429410262957,34.31427112586163,13.530763339290273,34.31427112586163,0.322337,False,True
none,105,100,7500,3996,392.39239239239237,-5.005005005005005,6.936436436436437,34.230230230230234,11.01101101101101,34.230230230230234,0.2637515,False,True
none,105,100,10000,3948,382.97872340425533,2.026342451874367,6.231509625126646,34.19756838905775,14.69098277608916,34.19756838905775,0.233062,False,True
none,105,100,15000,3940,390.1015228426396,-3.553299492385787,5.529441624365482,33.66218274111675,11.928934010152284,33.66218274111675,0.217129,False,True
none,105,100,20000,3953,392.36023273463195,-4.806476094105743,5.299013407538578,34.22337465216292,16.44320769036175,34.22337465216292,0.1969335,False,True
none,105,100,30000,3895,391.5275994865212,-8.472400513478819,4.57612323491656,34.430551989730425,12.066752246469832,34.430551989730425,0.1652115,False,True
none,105,100,50000,3896,383.4702258726899,-7.95687885010267,3.503593429158111,31.531570841889117,6.673511293634497,31.531570841889117,0.1431265,False,True
none,105,100,75000,3957,377.5587566338135,-10.614101592115238,2.8951225676017183,29.730603992923932,5.812484205205964,29.730603992923932,0.1174245,False,True
none,105,100,100000,3962,397.2741039878849,-5.047955577990914,3.1446239273094396,32.29858657243816,8.329126703685008,32.29858657243816,0.1209035,False,True
none,105,100,150000,3932,388.35198372329603,8.39267548321465,1.857324516785351,30.27797558494405,4.069175991861648,30.27797558494405,0.071775,False,True
none,105,100,200000,3883,364.6664949781097,1.0301313417460727,1.2621684264743755,30.951068761267063,1.0301313417460727,30.951068761267063,0.0457145,False,True
none,105,100,300000,3996,292.7927927927928,37.787787787787785,0.9136636636636637,28.113863863863862,53.053053053053056,28.113863863863862,0.0401665,False,True
none,106,100,500,3945,1.267427122940431,2.0278833967046896,0.7700887198986058,3.976679340937896,0.0,3.976679340937896,0.331019,True,True
none,106,100,1000,3886,13.12403499742666,-1.5440041173443129,1.4037570766855378,6.059186824498199,0.2573340195573855,6.059186824498199,0.3310905,False,True
none,106,100,2000,3899,72.06976147730187,-30.26417030007694,3.804821749166453,15.58656065657861,1.5388561169530648,15.58656065657861,0.194734,False,True
none,106,100,3000,3982,208.68910095429433,-41.18533400301356,5.775740833751883,30.62054244098443,1.7579105976896032,30.62054244098443,0.1464465,False,True
none,106,100,5000,3915,321.0727969348659,24.01021711366539,6.497318007662836,42.805874840357596,36.52618135376756,42.805874840357596,0.1580815,False,True
none,106,100,7500,3942,280.31456113647897,87.51902587519025,3.811009639776763,33.23820395738204,125.82445459157788,33.23820395738204,0.1193645,False,True
none,106,100,10000,3952,251.77125506072875,108.29959514170041,1.9342105263157894,26.852985829959515,179.90890688259108,26.852985829959515,0.071699,False,True
none,106,100,15000,3940,220.81218274111674,109.39086294416244,1.0794416243654823,19.534263959390863,176.14213197969542,19.534263959390863,0.051599,False,True
none,106,100,20000,3900,214.6153846153846,113.58974358974359,0.9574358974358974,16.822051282051284,161.7948717948718,16.822051282051284,0.0506955,False,True
none,106,100,30000,3973,194.31160332242638,127.10797885728668,0.9645104455071735,15.904354392146992,137.6793355147244,15.904354392146992,0.053097,False,True
none,106,100,50000,3925,195.15923566878982,154.9044585987261,0.7100636942675159,16.468535031847132,127.38853503184713,16.468535031847132,0.0407465,False,True
none,106,100,75000,3872,205.06198347107437,139.46280991735537,0.702995867768595,16.821022727272727,124.74173553719008,16.821022727272727,0.0382875,False,True
none,106,100,100000,3919,199.54069915794847,163.81730033171726,0.575146721102322,16.947435570298545,101.55651952028579,16.947435570298545,0.0309085,False,True
none,106,100,150000,3960,209.0909090909091,151.010101010101,0.8222222222222222,16.351262626262628,103.03030303030303,16.351262626262628,0.0489205,False,True
none,106,100,200000,3933,210.52631578947367,152.80956013221459,0.6209000762776506,16.85914060513603,104.75464022374777,16.85914060513603,0.032794,False,True
none,106,100,300000,3929,210.23161109697125,158.81903792313565,0.6161873250190888,16.122168490710106,96.20768643420718,16.122168490710106,0.032033,False,True
none,107,100,500,3928,0.2545824847250509,1.7820773930753564,0.7955702647657841,3.6835539714867616,0.5091649694501018,3.6835539714867616,0.335308,True,True
none,107,100,1000,3989,2.757583354224116,3.5096515417397844,0.9636500376034094,4.42191025319629,0.0,4.42191025319629,0.3505705,True,True
none,107,100,2000,3946,29.90369994931576,-11.150532184490624,2.018753167764825,8.139888494678155,0.5068423720223011,8.139888494678155,0.3058125,False,True
none,107,100,3000,3951,55.429005315110096,-15.186028853454822,3.3242217160212606,12.384206529992406,1.2655024044545684,12.384206529992406,0.185661,False,True
none,107,100,5000,3955,66.49810366624526,-14.664981036662452,3.423008849557522,12.444753476611885,0.2528445006321112,12.444753476611885,0.054398,False,True
none,107,100,7500,3971,52.8834046839587,-6.799294887937547,3.3175522538403426,10.443465122135482,0.2518257365902795,10.443465122135482,0.047725,False,True
none,107,100,10000,3931,56.21979140167896,-7.377257695242941,3.2765199694734166,10.428389722716865,0.5087763927753752,10.428389722716865,0.044191,False,True
none,107,100,15000,3971,55.65348778645178,-5.791991941576429,2.853185595567867,10.07227398640141,0.0,10.07227398640141,0.043879,False,True
none,107,100,20000,3999,53.013253313328335,-4.251062765691423,2.8802200550137536,10.070017504376095,0.0,10.070017504376095,0.040864,False,True
none,107,100,30000,3964,57.26538849646821,-3.027245206861756,3.134460141271443,10.400857719475278,0.0,10.400857719475278,0.049042,False,True
none,107,100,50000,3917,46.464130712279804,-5.361245851416901,3.011488383967322,9.30839928516722,0.0,9.30839928516722,0.0450375,False,True
none,107,100,75000,3931,50.368862884762144,-5.596540320529128,3.019587891121852,10.363520732638005,0.2543881963876876,10.363520732638005,0.0448215,False,True
none,107,100,100000,3946,52.45818550430816,-6.588950836289913,2.755701976685251,9.895083628991383,0.0,9.895083628991383,0.0428555,False,True
none,107,100,150000,3983,49.209138840070295,-4.519206628169721,2.854130052724077,9.98066783831283,0.0,9.98066783831283,0.041097,False,True
none,107,100,200000,3929,50.903537795876815,-5.3448714685670655,3.013234919826928,10.022906592008145,0.0,10.022906592008145,0.0413075,False,True
none,107,100,300000,4027,48.67146759374224,-5.214800099329525,2.801092624782717,9.423640427116961,0.0,9.423640427116961,0.0427625,False,True
none,108,100,500,3975,2.5157232704402515,2.0125786163522013,0.9091823899371069,4.369559748427673,0.0,4.369559748427673,0.327137,True,True
none,108,100,1000,3965,7.061790668348046,0.25220680958385877,1.1775535939470365,5.281210592686002,0.5044136191677175,5.281210592686002,0.343717,False,True
none,108,100,2000,3999,34.75868967241811,-12.753188297074269,2.4443610902725683,10.760690172543136,1.2503125781445361,10.760690172543136,0.2484615,False,True
none,108,100,3000,3931,97.68506741287204,-40.9564996184177,2.7626558127702876,18.095904350038158,0.7631645891630628,18.095904350038158,0.137044,False,True
none,108,100,5000,3939,103.83346026910384,-22.84843869002285,2.572734196496573,18.047981721249048,0.0,18.047981721249048,0.051501,False,True
none,108,100,7500,3943,50.97641389804717,-4.565051990869896,3.1851382196297235,10.260207963479584,0.253613999492772,10.260207963479584,0.0447115,False,True
none,108,100,10000,4030,63.52357320099256,-6.20347394540943,3.172456575682382,11.048138957816377,0.0,11.048138957816377,0.044832,False,True
none,108,100,15000,3989,51.391326146903985,-5.515166708448232,2.9488593632489346,9.53973426924041,0.25068939583855604,9.53973426924041,0.043343,False,True
none,108,100,20000,3976,56.33802816901409,-8.551307847082494,2.7243460764587524,9.572937625754527,0.2515090543259557,9.572937625754527,0.039146,False,True
none,108,100,30000,3941,57.34585130677493,-6.3435676224308555,3.1793960923623446,10.441512306521188,0.2537427048972342,10.441512306521188,0.045038,False,True
none,108,100,50000,3979,48.50464940939935,-5.529027393817542,3.2734355365669767,9.945212364915808,0.25131942699170645,9.945212364915808,0.044258,False,True
none,108,100,75000,3906,50.17921146953405,-6.400409626216078,3.2916026625704045,10.365335381464414,0.2560163850486431,10.365335381464414,0.0432925,False,True
none,108,100,100000,3949,50.64573309698658,-6.583945302608255,2.872879209926564,9.674094707520892,0.0,9.674094707520892,0.045226,False,True
none,108,100,150000,3938,60.18283392585069,-7.87201625190452,2.819705434230574,10.556373793803962,0.5078720162519045,10.556373793803962,0.0421955,False,True
none,108,100,200000,3975,46.540880503144656,-3.270440251572327,2.738867924528302,9.243522012578616,0.25157232704402516,9.243522012578616,0.0418115,False,True
none,108,100,300000,3950,55.69620253164557,-4.810126582278481,3.3151898734177214,10.419493670886077,0.25316455696202533,10.419493670886077,0.0452325,False,True
none,109,100,500,3927,13.496307613954674,7.89406671759613,1.3358798064680417,6.388846447669977,1.2732365673542143,6.388846447669977,0.322524,True,True
none,109,100,1000,3902,48.18042029728345,21.014864172219376,2.2929267042542287,11.603536647872886,1.2813941568426448,11.603536647872886,0.3272485,True,True
none,109,100,2000,3964,207.87083753784057,99.6468213925328,7.289858728557014,34.854187689202824,2.0181634712411705,34.854187689202824,0.265834,True,True
none,109,100,3000,3893,220.1387105060365,171.59003339326998,6.810942717698433,36.203698946827636,1.0274852298998203,36.203698946827636,0.221752,True,True
none,109,100,5000,3937,259.58851917703834,167.89433578867158,3.9923799847599697,27.99745999491999,4.3180086360172725,27.99745999491999,0.1515535,True,True
none,109,100,7500,3928,263.4928716904277,190.17311608961305,2.499236252545825,25.70162932790224,5.6008146639511205,25.70162932790224,0.101257,True,True
none,109,100,10000,3889,290.04885574697863,152.481357675495,1.8398045770120854,23.051941373103627,3.342761635381846,23.051941373103627,0.088214,True,True
none,109,100,15000,3938,320.7211782630777,158.71000507872017,1.46800406297613,21.133316404266125,2.28542407313357,21.133316404266125,0.0860605,False,True
none,109,100,20000,3950,356.45569620253167,148.86075949367088,0.9898734177215189,20.052911392405065,3.2911392405063293,20.052911392405065,0.0715375,False,True
none,109,100,30000,4003,413.43992005995506,146.64001998501124,0.7154634024481639,18.099675243567326,1.2490632025980515,18.099675243567326,0.084437,False,True
none,109,100,50000,3979,421.9653179190751,163.86026639859261,0.7710480020105555,18.862025634581553,1.2565971349585323,18.862025634581553,0.104308,False,True
none,109,100,75000,3980,414.321608040201,163.31658291457288,0.6135678391959799,17.736683417085427,1.0050251256281406,17.736683417085427,0.102464,False,True
none,109,100,100000,3860,373.3160621761658,116.83937823834196,1.4386010362694301,20.990932642487046,125.64766839378238,20.990932642487046,0.076115,False,True
none,109,100,150000,4033,311.43069675179765,27.77089015621126,1.4693776345152492,24.262583684602035,336.226134391272,24.262583684602035,0.0598145,False,True
none,109,100,200000,3939,156.13099771515613,3.808073115003808,0.23508504696623508,7.313531353135313,107.13379030210713,7.313531353135313,0.010642,False,True
none,109,100,300000,3915,136.14303959131544,-0.2554278416347382,0.0017879948914431673,4.815836526181354,77.13920817369093,4.815836526181354,0.0002065,False,True
none,110,100,500,3925,0.25477707006369427,2.2929936305732483,0.7492993630573248,3.783949044585987,0.5095541401273885,3.783949044585987,0.3332355,True,True
none,110,100,1000,4000,1.75,0.25,0.69725,3.537,0.25,3.537,0.36103,True,True
none,110,100,2000,3880,20.36082474226804,-5.412371134020619,1.759020618556701,7.19201030927835,0.7731958762886598,7.19201030927835,0.313529,False,True
none,110,100,3000,3997,44.03302476857643,-19.51463597698274,2.4223167375531647,10.912434325744309,0.5003752814610958,10.912434325744309,0.225495,False,True
none,110,100,5000,3965,75.66204287515762,-14.37578814627995,3.0542244640605296,12.565195460277428,0.25220680958385877,12.565195460277428,0.045669,False,True
none,110,100,7500,3921,58.148431522570775,-5.610813567967355,2.9790869676103036,10.259882682989033,0.2550369803621525,10.259882682989033,0.0424955,False,True
none,110,100,10000,4005,54.43196004993758,-8.98876404494382,2.885393258426966,9.827715355805243,0.0,9.827715355805243,0.044896,False,True
none,110,100,15000,3898,52.84761416110826,-3.591585428424833,2.6523858388917394,9.614930733709596,0.0,9.614930733709596,0.041766,False,True
none,110,100,20000,3894,52.90190035952748,-5.906522855675398,2.7185413456599896,9.95557267591166,0.25680534155110424,9.95557267591166,0.04024,False,True
none,110,100,30000,3900,56.92307692307692,-5.641025641025641,3.2394871794871793,10.513076923076923,0.0,10.513076923076923,0.045204,False,True
none,110,100,50000,3879,48.98169631348286,-2.8357824181490074,3.026037638566641,9.835009022944059,0.25779840164990975,9.835009022944059,0.0413715,False,True
none,110,100,75000,4041,47.265528334570654,-6.6815144766147,2.87428854243999,9.507795100222717,0.4949269982677555,9.507795100222717,0.042049,False,True
none,110,100,100000,3898,57.97845048742945,-4.8742945100051305,2.8663417136993328,10.44330425859415,0.2565418163160595,10.44330425859415,0.045746,False,True
none,110,100,150000,3964,56.508577194752775,-7.568113017154389,2.9692230070635723,9.976538849646822,0.0,9.976538849646822,0.0433545,False,True
none,110,100,200000,3984,50.95381526104418,-3.5140562248995986,3.1139558232931726,9.919929718875501,0.0,9.919929718875501,0.0443865,False,True
none,110,100,300000,3936,53.353658536585364,-7.1138211382113825,3.0071138211382116,9.863821138211382,0.2540650406504065,9.863821138211382,0.0446765,False,True
none,101,16,500,3939,27.418126428027417,2.030972328002031,0.10484894643310484,0.48032495557248034,13.962934755013963,0.48032495557248034,0.351346875,False,True
none,101,16,1000,3913,106.56785075389726,7.922310247891644,0.19217991311014568,1.271403015589062,37.311525683618704,1.271403015589062,0.1917125,False,True
none,101,16,2000,3967,105.62137635492816,8.06654902949332,0.21930930173934962,1.349634484497101,41.59314343332493,1.349634484497101,0.14451875,False,True
none,101,16,3000,3936,115.09146341463415,10.924796747967479,0.21417682926829268,1.5170223577235773,36.58536585365854,1.5170223577235773,0.143778125,False,True
none,101,16,5000,3889,103.36847518642324,12.59964001028542,0.22216508099768578,1.2568783749035741,40.88454615582412,1.2568783749035741,0.15666875,False,True
none,101,16,7500,3999,127.28182045511377,9.00225056264066,0.23280820205051264,1.4976244061015254,42.760690172543136,1.4976244061015254,0.14760625,False,True
none,101,16,10000,3945,122.9404309252218,11.406844106463879,0.23599493029150823,1.4988593155893537,40.050697084917616,1.4988593155893537,0.144990625,False,True
none,101,16,15000,3944,129.05679513184583,5.070993914807302,0.22641987829614604,1.4822515212981744,46.65314401622718,1.4822515212981744,0.130753125,False,True
none,101,16,20000,3937,181.86436372872745,130.04826009652018,0.045974091948183894,2.1534163068326135,16.764033528067056,2.1534163068326135,0.0092,False,True
none,101,16,30000,4035,112.7633209417596,112.26765799256506,0.03246592317224287,1.6287484510532837,16.356877323420075,1.6287484510532837,0.004165625,False,True
none,101,16,50000,3952,122.72267206477733,93.11740890688259,0.03795546558704453,1.631578947368421,14.929149797570851,1.631578947368421,0.004628125,False,True
none,101,16,75000,3975,88.0503144654088,115.22012578616352,0.019622641509433963,1.3818867924528302,14.59119496855346,1.3818867924528302,0.003646875,False,True
none,101,16,100000,3966,96.06656580937972,112.9601613716591,0.033030761472516386,1.4558749369641957,13.111447302067575,1.4558749369641957,0.00386875,False,True
none,101,16,150000,3984,99.14658634538152,124.74899598393574,0.03187751004016064,1.5261044176706828,15.311244979919678,1.5261044176706828,0.004284375,False,True
none,101,16,200000,3927,95.49274255156608,94.72880061115356,0.034886681945505475,1.400305576776165,17.06137000254647,1.400305576776165,0.004515625,False,True
none,101,16,300000,3947,96.52900937420826,120.09120851279452,0.03394983531796301,1.4763111223714214,13.427919939194325,1.4763111223714214,0.0055625,False,True
none,102,16,500,3899,38.7278789433188,3.5906642728904847,0.12464734547319825,0.6160553988202103,14.875609130546295,0.6160553988202103,0.323396875,False,True
none,102,16,1000,3892,111.7677286742035,-0.513874614594039,0.20503597122302158,1.2006680369989722,34.42959917780062,1.2006680369989722,0.18378125,False,True
none,102,16,2000,3913,89.70099667774086,6.644518272425249,0.18502427804753385,1.1213902376693075,30.1558906210069,1.1213902376693075,0.1625625,False,True
none,102,16,3000,3927,90.14514896867838,1.0185892538833716,0.16424751718869365,1.0621339444868856,29.793735676088616,1.0621339444868856,0.165321875,False,True
none,102,16,5000,3989,104.78816746051642,3.5096515417397844,0.2173477061920281,1.3537227375282026,33.843068438205066,1.3537227375282026,0.163671875,False,True
none,102,16,7500,3928,107.17922606924644,10.437881873727088,0.2507637474541752,1.3892566191446027,43.0244399185336,1.3892566191446027,0.1553625,False,True
none,102,16,10000,3946,115.3066396350735,10.897110998479473,0.21996958945767867,1.397110998479473,39.533705017739486,1.397110998479473,0.138221875,False,True
none,102,16,15000,3963,118.59702245773404,3.785011355034065,0.20539994953318194,1.3343426696946759,39.11178400201867,1.3343426696946759,0.143615625,False,True
none,102,16,20000,3982,117.27774987443496,11.049723756906078,0.2659467604218985,1.4994977398292315,43.69663485685585,1.4994977398292315,0.143096875,False,True
none,102,16,30000,3984,111.44578313253012,6.024096385542169,0.23569277108433734,1.348644578313253,37.399598393574294,1.348644578313253,0.14345625,False,True
none,102,16,50000,3895,325.80231065468547,38.76765083440308,0.16790757381258023,4.40410783055199,15.404364569961489,4.40410783055199,0.029965625,False,True
none,102,16,75000,3903,408.14757878554957,20.7532667179093,0.2272610812195747,5.040225467589034,12.810658467845247,5.040225467589034,0.040809375,False,True
none,102,16,100000,3924,425.5861365953109,19.367991845056064,0.3009683995922528,5.241080530071356,15.545361875637106,5.241080530071356,0.04576875,False,True
none,102,16,150000,4041,406.33506557782727,21.529324424647363,0.25859935659490224,5.058401385795595,16.58005444196981,5.058401385795595,0.04694375,False,True
none,102,16,200000,3989,417.3978440711958,20.556530458761593,0.27550764602657307,5.165956380045124,14.53998495863625,5.165956380045124,0.04406875,False,True
none,102,16,300000,3969,411.43864953388766,17.384731670445955,0.2796674225245654,5.00957420005039,12.597631645250694,5.00957420005039,0.049134375,False,True
none,103,16,500,3937,3.556007112014224,3.048006096012192,0.08407416814833629,0.31292862585725173,6.096012192024384,0.31292862585725173,0.3796125,True,True
none,103,16,1000,3972,37.764350453172206,5.0352467270896275,0.09718026183282981,0.5720040281973817,12.83987915407855,0.5720040281973817,0.323953125,False,True
none,103,16,2000,3934,98.88154550076258,3.050330452465684,0.2061514997458058,1.1761565836298933,32.7910523640061,1.1761565836298933,0.15760625,False,True
none,103,16,3000,3919,94.9221740239857,1.5310028068384791,0.2242919112018372,1.1686654758867059,33.17172748150038,1.1686654758867059,0.166071875,False,True
none,103,16,5000,3993,90.15777610818932,3.255697470573504,0.20736288504883546,1.1540195341848234,33.05785123966942,1.1540195341848234,0.178334375,False,True
none,103,16,7500,4025,120.74534161490683,6.459627329192546,0.25888198757763975,1.4770186335403728,45.21739130434783,1.4770186335403728,0.143684375,False,True
none,103,16,10000,4036,124.87611496531218,7.433102081268583,0.22770069375619426,1.5210604558969276,46.58077304261645,1.5210604558969276,0.147321875,False,True
none,103,16,15000,3943,179.05148364189702,33.22343393355313,0.16738523966522953,1.8237382703525236,27.390311945219377,1.8237382703525236,0.068009375,False,True
none,103,16,20000,3918,157.22307299642674,138.33588565594692,0.0852475752935171,1.973455844818785,14.293006636038795,1.973455844818785,0.01705625,False,True
none,103,16,30000,3866,107.60475944128298,120.27935851008795,0.027159855147439214,1.5781169167097775,15.77858251422659,1.5781169167097775,0.003825,False,True
none,103,16,50000,3917,95.73653306101609,115.39443451621139,0.029869798315037017,1.4631095225938218,15.317845289762573,1.4631095225938218,0.004121875,False,True
none,103,16,75000,3937,104.6482092964186,130.30226060452122,0.021082042164084328,1.5689611379222759,14.224028448056895,1.5689611379222759,0.004134375,False,True
none,103,16,100000,3951,113.13591495823842,127.30954188812959,0.027081751455327766,1.6287015945330297,13.161225006327513,1.6287015945330297,0.00460625,False,True
none,103,16,150000,3943,92.56910981486178,131.3720517372559,0.0317017499365965,1.4945472990109054,14.963225970073548,1.4945472990109054,0.004678125,False,True
none,103,16,200000,3991,90.45352042094713,117.26384364820846,0.03808569280881984,1.4585316963167125,14.783262340265598,1.4585316963167125,0.004521875,False,True
none,103,16,300000,3912,109.40695296523518,100.20449897750511,0.03144171779141104,1.5173824130879345,14.059304703476483,1.5173824130879345,0.004428125,False,True
none,104,16,500,3994,37.0555833750626,4.256384576865298,0.1199298948422634,0.5635953930896345,15.773660490736104,0.5635953930896345,0.32904375,False,True
none,104,16,1000,3940,75.88832487309645,1.7766497461928934,0.15685279187817258,0.8852791878172589,24.873096446700508,0.8852791878172589,0.234009375,False,True
none,104,16,2000,3960,80.55555555555556,-1.5151515151515151,0.18181818181818182,0.9707070707070707,29.545454545454547,0.9707070707070707,0.172784375,False,True
none,104,16,3000,3966,96.57085224407463,6.05143721633888,0.17322239031770045,1.175743822491175,32.02218860312657,1.175743822491175,0.1643,False,True
none,104,16,5000,3984,103.66465863453816,2.5100401606425704,0.2143574297188755,1.2474899598393574,30.3714859437751,1.2474899598393574,0.153090625,False,True
none,104,16,7500,3954,99.64592817400101,3.540718259989884,0.20586747597369753,1.1740010116337887,33.13100657561962,1.1740010116337887,0.169975,False,True
none,104,16,10000,3945,96.83143219264892,-0.7604562737642585,0.19746514575411914,1.1074778200253486,32.446134347275034,1.1074778200253486,0.1564875,False,True
none,104,16,15000,3968,129.28427419354838,5.796370967741935,0.23412298387096775,1.501008064516129,44.60685483870968,1.501008064516129,0.133459375,False,True
none,104,16,20000,3987,114.6225232004013,10.032605969400551,0.25106596438424883,1.4035615751191373,41.88612992224731,1.4035615751191373,0.142259375,False,True
none,104,16,30000,3899,114.38830469351116,129.52038984354962,0.047961015645037186,1.6458066170813028,14.875609130546295,1.6458066170813028,0.005921875,False,True
none,104,16,50000,4040,122.52475247524752,106.68316831683168,0.03341584158415842,1.636138613861386,14.603960396039604,1.636138613861386,0.00456875,False,True
none,104,16,75000,3964,99.89909182643794,101.9172552976791,0.019424823410696266,1.4321392532795156,13.6226034308779,1.4321392532795156,0.00423125,False,True
none,104,16,100000,3960,99.74747474747475,105.3030303030303,0.027777777777777776,1.478030303030303,13.88888888888889,1.478030303030303,0.00415,False,True
none,104,16,150000,3953,102.45383253225398,120.66784720465469,0.02909182899064002,1.5266885909435872,13.913483430306096,1.5266885909435872,0.003884375,False,True
none,104,16,200000,3951,102.75879524171096,116.17312072892939,0.030625158187800556,1.5180966843837003,16.704631738800305,1.5180966843837003,0.0037625,False,True
none,104,16,300000,3977,100.32687955745537,92.78350515463917,0.025144581342720643,1.3819461905959265,13.326628111641941,1.3819461905959265,0.00413125,False,True
none,105,16,500,3942,52.00405885337392,2.0294266869609334,0.15550481988838152,0.769406392694064,22.577371892440386,0.769406392694064,0.29629375,False,True
none,105,16,1000,3943,80.14202383971595,3.296981993406036,0.19452193761095612,0.9880801420238398,28.658381942683235,0.9880801420238398,0.188684375,False,True
none,105,16,2000,3954,94.58775923115832,4.299443601416288,0.21471927162367224,1.1732422862923622,33.13100657561962,1.1732422862923622,0.170053125,False,True
none,105,16,3000,3974,99.39607448414695,-2.264720684448918,0.1786612984398591,1.0898339204831404,30.19627579265224,1.0898339204831404,0.15915,False,True
none,105,16,5000,3912,111.1963190184049,9.969325153374234,0.20705521472392638,1.3448364008179958,38.59918200408998,1.3448364008179958,0.144759375,False,True
none,105,16,7500,3997,127.59569677257943,10.257693269952464,0.22591943957968477,1.4533400050037528,49.28696522391794,1.4533400050037528,0.138228125,False,True
none,105,16,10000,3958,132.64274886306217,10.35876705406771,0.2392622536634664,1.6091460333501768,51.288529560384035,1.6091460333501768,0.14038125,False,True
none,105,16,15000,3942,116.43835616438356,7.610350076103501,0.2267884322678843,1.3551496702181633,36.78335870116692,1.3551496702181633,0.13975,False,True
none,105,16,20000,3950,108.10126582278481,6.8354430379746836,0.2729113924050633,1.40126582278481,43.54430379746835,1.40126582278481,0.149775,False,True
none,105,16,30000,3914,185.48799182422076,131.06796116504853,0.04241185487991824,2.2800204394481347,15.329586101175268,2.2800204394481347,0.0109,False,True
none,105,16,50000,3912,96.37014314928426,104.03885480572598,0.0270961145194274,1.424079754601227,16.87116564417178,1.424079754601227,0.003809375,False,True
none,105,16,75000,3954,95.59939301972686,99.39301972685888,0.03136064744562468,1.4190692969145169,13.151239251390997,1.4190692969145169,0.00409375,False,True
none,105,16,100000,3950,83.29113924050633,88.10126582278481,0.024050632911392405,1.240253164556962,13.924050632911392,1.240253164556962,0.004096875,False,True
none,105,16,150000,3938,86.59217877094972,131.79278821736924,0.027932960893854747,1.473082783138649,12.442864398171661,1.473082783138649,0.003815625,False,True
none,105,16,200000,3903,97.61721752498079,119.65155008967461,0.02843966179861645,1.4250576479631054,14.347937483986676,1.4250576479631054,0.00381875,False,True
none,105,16,300000,4022,88.26454500248633,112.87916459472899,0.033068125310790654,1.3505718547986076,12.18299353555445,1.3505718547986076,0.00365,False,True
none,106,16,500,3946,18.246325392802838,3.801317790167258,0.10516979219462746,0.4386720729853016,9.123162696401419,0.4386720729853016,0.3683875,False,True
none,106,16,1000,3900,50.76923076923077,1.0256410256410255,0.16,0.7356410256410256,20.256410256410255,0.7356410256410256,0.27606875,False,True
none,106,16,2000,3909,55.25709900230238,6.139677666922487,0.15681760040931184,0.8142747505755947,18.674852903555898,0.8142747505755947,0.212128125,False,True
none,106,16,3000,3992,90.93186372745491,4.008016032064128,0.17960921843687375,1.1462925851703407,33.81763527054108,1.1462925851703407,0.180734375,False,True
none,106,16,5000,3934,89.22216573462126,2.7961362480935437,0.19267920691408236,1.0968479918657854,28.215556685307575,1.0968479918657854,0.16590625,False,True
none,106,16,7500,3945,90.49429657794677,4.816223067173637,0.17338403041825096,1.126235741444867,29.657794676806084,1.126235741444867,0.168609375,False,True
none,106,16,10000,3938,87.10005078720162,-2.28542407313357,0.18359573387506348,1.0881157948197053,24.885728796343322,1.0881157948197053,0.159459375,False,True
none,106,16,15000,3922,101.22386537480877,6.3742988271290155,0.17771545130035696,1.2598164201937787,30.851606323304438,1.2598164201937787,0.148925,False,True
none,106,16,20000,3908,163.510747185261,139.2016376663255,0.09544524053224156,2.172978505629478,20.214943705220062,2.172978505629478,0.015525,False,True
none,106,16,30000,3965,154.35056746532157,133.921815889029,0.03228247162673392,1.976796973518285,15.889029003783103,1.976796973518285,0.004778125,False,True
none,106,16,50000,3923,109.35508539383125,132.80652561814938,0.0262554167728779,1.6344634208513893,19.11802192199847,1.6344634208513893,0.004246875,False,True
none,106,16,75000,3879,94.09641660221706,103.37715906161382,0.02268625934519206,1.3552461974735757,11.600928074245939,1.3552461974735757,0.003259375,False,True
none,106,16,100000,3931,90.56219791401679,85.72882218265073,0.03357924192317476,1.3207835156448742,14.754515390485881,1.3207835156448742,0.005265625,False,True
none,106,16,150000,3969,86.16780045351474,89.94708994708995,0.02343159486016629,1.3046107331821617,16.628873771730916,1.3046107331821617,0.003828125,False,True
none,106,16,200000,3914,85.33469596320899,109.09555442003067,0.02171691364333163,1.3349514563106797,14.052120592743996,1.3349514563106797,0.003409375,False,True
none,106,16,300000,3939,83.01599390708301,111.44960649911145,0.03604975882203605,1.353135313531353,12.693577050012694,1.353135313531353,0.00424375,False,True
none,107,16,500,3938,4.824784154393093,3.3011681056373794,0.07973590655154901,0.3075165058405282,6.348400203148807,0.3075165058405282,0.381175,True,True
none,107,16,1000,4019,5.22518039313262,1.9905449116695695,0.08385170440408062,0.31176909679024634,7.713361532719582,0.31176909679024634,0.38174375,True,True
none,107,16,2000,3959,100.53043697903512,1.262945188178833,0.140692093963122,1.0447082596615307,28.795150290477395,1.0447082596615307,0.197525,False,True
none,107,16,3000,3959,108.10810810810811,2.778479413993433,0.17403384693104318,1.240212174791614,34.352109118464256,1.240212174791614,0.164003125,False,True
none,107,16,5000,3953,97.39438401214268,5.0594485201113075,0.2112319757146471,1.2152795345307361,33.39236023273463,1.2152795345307361,0.157696875,False,True
none,107,16,7500,3994,84.87731597396095,2.2533800701051576,0.19354031046569856,1.1467200801201802,33.04957436154231,1.1467200801201802,0.167175,False,True
none,107,16,10000,3945,86.69201520912547,5.576679340937896,0.20430925221799748,1.1667934093789607,30.671736375158428,1.1667934093789607,0.16424375,False,True
none,107,16,15000,3953,118.89704022261573,6.324310650139135,0.24133569440930938,1.4801416645585632,46.0409815330129,1.4801416645585632,0.14639375,False,True
none,107,16,20000,3990,119.29824561403508,11.278195488721805,0.23408521303258145,1.494235588972431,45.363408521303256,1.494235588972431,0.13565,False,True
none,107,16,30000,3978,117.14429361488185,11.060834590246355,0.27023629964806434,1.4092508798391152,45.500251382604326,1.4092508798391152,0.15000625,False,True
none,107,16,50000,3938,128.99949212798376,10.411376333164043,0.2739969527679025,1.5088877602844084,41.13763331640427,1.5088877602844084,0.147465625,False,True
none,107,16,75000,3950,123.54430379746836,133.67088607594937,0.04632911392405063,1.7911392405063291,19.240506329113924,1.7911392405063291,0.006184375,False,True
none,107,16,100000,3930,71.2468193384224,98.21882951653944,0.026717557251908396,1.216793893129771,12.468193384223918,1.216793893129771,0.003775,False,True
none,107,16,150000,3999,89.7724431107777,110.02750687671919,0.027506876719179795,1.3890972743185797,15.25381345336334,1.3890972743185797,0.003603125,False,True
none,107,16,200000,3929,101.80707559175363,135.6579282260117,0.02265207431916518,1.6304403156019343,18.070755917536268,1.6304403156019343,0.003584375,False,True
none,107,16,300000,4015,97.88293897882939,92.40348692403487,0.034371108343711085,1.3476961394769613,10.46077210460772,1.3476961394769613,0.00445,False,True
none,108,16,500,3983,42.93246296761235,5.021340697966357,0.13281446146121015,0.6013055485814712,16.31935726839066,0.6013055485814712,0.327678125,False,True
none,108,16,1000,3998,96.048024012006,2.001000500250125,0.2168584292146073,1.0937968984492246,33.516758379189596,1.0937968984492246,0.21755625,False,True
none,108,16,2000,4008,97.0558882235529,-4.740518962075848,0.18463073852295409,1.1324850299401197,28.69261477045908,1.1324850299401197,0.166225,False,True
none,108,16,3000,3939,86.31632394008632,-1.2693577050012694,0.18862655496318861,1.1053566895151055,24.371667936024373,1.1053566895151055,0.17536875,False,True
none,108,16,5000,3935,88.69123252858958,1.5247776365946633,0.19822109275730623,1.1324015247776367,33.54510800508259,1.1324015247776367,0.166040625,False,True
none,108,16,7500,3946,147.74455144450076,6.3355296502787635,0.2658388241256969,1.7344145970603142,48.40344652812975,1.7344145970603142,0.129440625,False,True
none,108,16,10000,4033,117.03446565831887,10.166129432184478,0.23630052070419044,1.426977436151748,44.63178775105381,1.426977436151748,0.1464375,False,True
none,108,16,15000,3990,156.39097744360902,144.3609022556391,0.13709273182957393,2.0471177944862156,17.293233082706767,2.0471177944862156,0.0312125,False,True
none,108,16,20000,3969,145.88057445200303,135.29856386999245,0.0582010582010582,1.9501133786848073,12.597631645250694,1.9501133786848073,0.007215625,False,True
none,108,16,30000,3928,136.4562118126273,103.36048879837067,0.017566191446028515,1.7517820773930755,13.74745417515275,1.7517820773930755,0.004021875,False,True
none,108,16,50000,3981,121.07510675709621,125.34539060537553,0.029640793770409443,1.6538558151218288,15.071590052750565,1.6538558151218288,0.003815625,False,True
none,108,16,75000,3913,103.50115001277791,125.4791719907999,0.03680040889343215,1.5259391771019677,13.289036544850498,1.5259391771019677,0.00345625,False,True
none,108,16,100000,3943,94.85163581029673,112.09738777580523,0.03347704793304591,1.4377377631245245,15.21683996956632,1.4377377631245245,0.0048375,False,True
none,108,16,150000,3937,95.50419100838202,125.98425196850394,0.032766065532131065,1.4864109728219457,17.27203454406909,1.4864109728219457,0.003890625,False,True
none,108,16,200000,3971,96.19743137748678,122.38730798287585,0.03349282296650718,1.5227902291614204,14.354066985645932,1.5227902291614204,0.00451875,False,True
none,108,16,300000,3944,92.54563894523326,126.77484787018255,0.03422920892494929,1.4685598377281948,18.002028397565923,1.4685598377281948,0.00416875,False,True
none,109,16,500,3949,35.19878450240567,3.5452013167890604,0.13674347936186376,0.5905292479108635,14.687262598126107,0.5905292479108635,0.325471875,False,True
none,109,16,1000,3928,94.95926680244399,8.910386965376782,0.21104887983706722,1.1838085539714867,32.84114052953157,1.1838085539714867,0.179021875,False,True
none,109,16,2000,3984,86.34538152610442,2.5100401606425704,0.19477911646586346,1.096636546184739,33.38353413654618,1.096636546184739,0.164759375,False,True
none,109,16,3000,3898,110.05643919958953,1.026167265264238,0.2129297075423294,1.3453052847614162,41.559774243201645,1.3453052847614162,0.149884375,False,True
none,109,16,5000,3936,130.33536585365854,6.3516260162601625,0.23907520325203252,1.4913617886178863,49.542682926829265,1.4913617886178863,0.13445625,False,True
none,109,16,7500,3940,104.56852791878173,9.898477157360405,0.21776649746192894,1.3360406091370558,38.07106598984772,1.3360406091370558,0.14265625,False,True
none,109,16,10000,3908,112.07778915046059,15.353121801432959,0.24948822927328557,1.4393551688843398,42.98874104401228,1.4393551688843398,0.1433375,False,True
none,109,16,15000,3965,117.02395964691047,10.34047919293821,0.22597730138713745,1.4691046658259772,45.39722572509458,1.4691046658259772,0.146675,False,True
none,109,16,20000,3944,97.61663286004057,8.113590263691684,0.19675456389452334,1.1817951318458417,33.21501014198783,1.1817951318458417,0.159375,False,True
none,109,16,30000,4017,163.3059497137167,160.31864575553897,0.04356484939009211,2.114015434403784,17.923823749066468,2.114015434403784,0.00760625,False,True
none,109,16,50000,3963,92.85894524350239,128.6903860711582,0.036336109008327025,1.501892505677517,14.383043149129447,1.501892505677517,0.004778125,False,True
none,109,16,75000,3976,98.59154929577464,121.22736418511066,0.03546277665995976,1.5140845070422535,17.6056338028169,1.5140845070422535,0.00455625,False,True
none,109,16,100000,3893,105.31723606473157,96.06986899563319,0.04032879527356794,1.4610839969175442,13.614179296172617,1.4610839969175442,0.004671875,False,True
none,109,16,150000,4038,107.97424467558197,128.0336800396236,0.03813769192669639,1.6059930658741952,16.097077761267954,1.6059930658741952,0.005075,False,True
none,109,16,200000,3955,83.94437420986094,117.0670037926675,0.02376738305941846,1.3767383059418459,12.895069532237674,1.3767383059418459,0.003728125,False,True
none,109,16,300000,3911,99.71874200971618,110.2019943748402,0.03426233699821018,1.4717463564305804,18.15392482740987,1.4717463564305804,0.00365625,False,True
none,110,16,500,3936,33.790650406504064,1.2703252032520325,0.12169715447154472,0.5330284552845529,13.465447154471544,0.5330284552845529,0.33920625,False,True
none,110,16,1000,3995,93.86733416770964,1.5018773466833542,0.18773466833541927,1.0778473091364205,33.04130162703379,1.0778473091364205,0.20590625,False,True
none,110,16,2000,3888,117.79835390946502,10.545267489711934,0.209619341563786,1.3927469135802468,43.20987654320987,1.3927469135802468,0.14361875,False,True
none,110,16,3000,4019,121.67205772580243,10.201542672306545,0.21821348594177656,1.4588206021398358,39.0644438915153,1.4588206021398358,0.139721875,False,True
none,110,16,5000,3986,120.42147516307075,11.289513296537882,0.2122428499749122,1.5075263421976919,40.14049172102358,1.5075263421976919,0.148325,False,True
none,110,16,7500,3922,103.51861295257521,5.864354920958695,0.22055073941866396,1.3006119326874044,35.441101478837325,1.3006119326874044,0.153125,False,True
none,110,16,10000,4002,126.93653173413293,8.245877061469265,0.23938030984507747,1.5604697651174413,49.72513743128436,1.5604697651174413,0.14286875,False,True
none,110,16,15000,3913,173.7797086634296,130.84589828775876,0.044467160746230514,2.106056733963711,18.400204446716074,2.106056733963711,0.00925625,False,True
none,110,16,20000,3907,117.73739442027131,127.71947786025083,0.042999744049142564,1.7061684156641925,14.845149731251599,1.7061684156641925,0.0055375,False,True
none,110,16,30000,3899,121.56963323929213,103.87278789433188,0.02231341369581944,1.6419594767889203,15.645037189022826,1.6419594767889203,0.00475,False,True
none,110,16,50000,3876,131.57894736842104,121.25902992776058,0.024251805985552117,1.7708978328173375,14.963880288957688,1.7708978328173375,0.00378125,False,True
none,110,16,75000,4044,99.90108803165182,104.10484668644906,0.026706231454005934,1.448813056379822,13.353115727002967,1.448813056379822,0.004321875,False,True
none,110,16,100000,3886,96.24292331446217,108.0802882141019,0.029850746268656716,1.4276891405043748,14.153371075656201,1.4276891405043748,0.0042875,False,True
none,110,16,150000,3980,99.74874371859296,101.00502512562814,0.027135678391959798,1.407788944723618,14.824120603015075,1.407788944723618,0.00426875,False,True
none,110,16,200000,3986,98.34420471650778,96.83893627696939,0.017812343201204214,1.3993978926241846,13.798294029101857,1.3993978926241846,0.004003125,False,True
none,110,16,300000,3944,83.67139959432049,98.1237322515213,0.02865111561866126,1.3057809330628802,12.677484787018255,1.3057809330628802,0.003528125,False,True
none,101,36,500,3970,17.12846347607053,-0.7556675062972292,0.4838790931989924,2.3828715365239295,5.793450881612091,2.3828715365239295,0.3765375,False,True
none,101,36,1000,3908,91.86284544524054,-6.653019447287615,1.1983111566018423,4.63971340839304,26.100307062436027,4.63971340839304,0.27253333333333335,False,True
none,101,36,2000,3965,141.74022698612862,-19.167717528373267,1.612610340479193,5.695334174022698,34.55233291298865,5.695334174022698,0.1250638888888889,False,True
none,101,36,3000,3937,150.62230124460248,-28.194056388112777,1.6908813817627635,6.009144018288037,41.40208280416561,6.009144018288037,0.09470972222222222,False,True
none,101,36,5000,3861,175.34317534317535,-35.22403522403523,1.8692048692048693,6.889665889665889,62.41906241906242,6.889665889665889,0.10297916666666666,False,True
none,101,36,7500,3995,237.54693366708386,-24.030037546933666,2.320150187734668,9.420275344180226,86.10763454317897,9.420275344180226,0.1288763888888889,False,True
none,101,36,10000,3924,247.70642201834863,-32.61977573904179,2.3170234454638123,9.69954128440367,84.35270132517839,9.69954128440367,0.1419138888888889,False,True
none,101,36,15000,3948,240.12158054711247,-26.089159067882473,2.595744680851064,10.142603850050659,91.4387031408308,10.142603850050659,0.16144305555555555,False,True
none,101,36,20000,3923,238.5929135865409,-26.51032373183788,2.686209533520265,10.157022686719348,98.90390007647208,10.157022686719348,0.15638333333333335,False,True
none,101,36,30000,4019,258.27320228912663,-21.149539686489177,2.697188355312267,10.842249315750186,93.30679273451108,10.842249315750186,0.16469305555555555,False,True
none,101,36,50000,3954,229.64087000505816,-23.26757713707638,2.61608497723824,10.463581183611533,85.48305513404148,10.463581183611533,0.17180416666666667,False,True
none,101,36,75000,3982,232.79758915118032,-21.094927172275238,2.632596685082873,10.484681064791562,87.89552988448015,10.484681064791562,0.16718611111111112,False,True
none,101,36,100000,3966,241.04891578416542,-26.97932425617751,2.6250630358043368,10.530005042864348,99.59657085224407,10.530005042864348,0.1685236111111111,False,True
none,101,36,150000,3981,241.14544084400904,-28.636021100226074,2.6764632002009545,10.572720422004522,91.93669932177845,10.572720422004522,0.15734166666666666,False,True
none,101,36,200000,3923,229.67117002294162,-20.392556716798367,2.75325006372674,10.289829212337496,75.96227377007392,10.289829212337496,0.16808055555555557,False,True
none,101,36,300000,3953,243.10650139134833,-20.23779408044523,2.7409562357703012,10.481912471540602,87.52845939792563,10.481912471540602,0.1699152777777778,False,True
none,102,36,500,3888,15.174897119341564,2.8292181069958846,0.5748456790123457,2.5694444444444446,11.316872427983538,2.5694444444444446,0.37583333333333335,False,True
none,102,36,1000,3871,55.799535003874965,-3.0999741668819425,0.9630586411779902,3.671402738310514,18.34151382071816,3.671402738310514,0.3250875,False,True
none,102,36,2000,3902,102.25525371604306,-8.969759097898514,1.45643259866735,4.81881086622245,23.577652485904665,4.81881086622245,0.22408333333333333,False,True
none,102,36,3000,3925,133.5031847133758,-24.45859872611465,1.507515923566879,5.483821656050956,29.554140127388536,5.483821656050956,0.13779305555555554,False,True
none,102,36,5000,3967,164.10385681875474,-30.24955886059995,1.7262414923115705,6.0688177464078645,43.357701033526595,6.0688177464078645,0.09239305555555556,False,True
none,102,36,7500,3904,175.20491803278688,-35.34836065573771,1.3857581967213115,6.927254098360656,54.8155737704918,6.927254098360656,0.07747083333333334,False,True
none,102,36,10000,3946,211.35326913329953,-35.47896604156107,1.345159655347187,8.533705017739482,68.6771414090218,8.533705017739482,0.07206805555555555,False,True
none,102,36,15000,3958,239.7675593734209,-25.770591207680646,1.7377463365336028,9.873926225366347,85.90197069226882,9.873926225366347,0.09500416666666667,False,True
none,102,36,20000,3971,235.45706371191136,-28.708133971291865,2.614202971543692,10.427851926466884,81.84336439184085,10.427851926466884,0.15320416666666667,False,True
none,102,36,30000,3976,257.2937625754527,-39.23541247484909,2.2469818913480886,10.358400402414487,96.32796780684104,10.358400402414487,0.12884444444444446,False,True
none,102,36,50000,3869,241.9229775135694,-40.32049625226156,1.899198759369346,10.193331610235203,81.41638666322046,10.193331610235203,0.09532777777777778,False,True
none,102,36,75000,3899,263.40087201846626,-40.77968709925622,1.8053347012054373,10.603231597845602,86.68889458835599,10.603231597845602,0.09458055555555556,False,True
none,102,36,100000,3912,248.46625766871165,-40.13292433537832,1.8146728016359919,10.5109918200409,86.65644171779141,10.5109918200409,0.0949625,False,True
none,102,36,150000,4027,252.04867146759375,-43.95331512292029,1.7228706232927737,10.23863918549789,87.409982617333,10.23863918549789,0.09285555555555555,False,True
none,102,36,200000,4008,254.49101796407186,-35.17964071856287,1.8455588822355289,10.724800399201596,87.57485029940119,10.724800399201596,0.09702222222222222,False,True
none,102,36,300000,3953,248.6718947634708,-32.633442954717935,1.9445990387047811,10.756893498608651,100.68302555021502,10.756893498608651,0.097,False,True
none,103,36,500,3934,15.251652262328419,0.2541942043721403,0.5327910523640061,2.463904422979156,7.88002033553635,2.463904422979156,0.3854222222222222,False,True
none,103,36,1000,3948,62.31003039513678,-1.0131712259371835,1.0845997973657548,4.121580547112462,23.04964539007092,4.121580547112462,0.29891666666666666,False,True
none,103,36,2000,3928,157.5865580448065,-26.221995926680243,1.7764765784114054,6.356415478615071,38.44195519348269,6.356415478615071,0.10003194444444445,False,True
none,103,36,3000,3901,162.26608561907204,-28.96693155601128,1.7646757241732889,6.421686746987952,37.1699564214304,6.421686746987952,0.09614583333333333,False,True
none,103,36,5000,3990,161.40350877192984,-30.576441102756892,1.894736842105263,6.451127819548872,37.092731829573935,6.451127819548872,0.0972125,False,True
none,103,36,7500,4012,172.48255234297108,-32.153539381854436,1.8898305084745763,7.154287138584247,51.844466600199404,7.154287138584247,0.10490416666666667,False,True
none,103,36,10000,4012,210.3688933200399,-29.41176470588235,2.319541375872383,8.964606181455633,63.31006979062811,8.964606181455633,0.13521388888888888,False,True
none,103,36,15000,3939,206.9053059152069,-29.195227215029195,2.191165270373191,8.881695861893881,70.57628839807057,8.881695861893881,0.13612222222222223,False,True
none,103,36,20000,3918,278.20316488004084,-27.56508422664625,2.3795303726391017,10.802705461970394,99.79581419091373,10.802705461970394,0.14249027777777779,False,True
none,103,36,30000,3844,287.72112382934444,-50.20811654526535,1.9869927159209158,10.628251821019772,118.88657648283038,10.628251821019772,0.08692083333333334,False,True
none,103,36,50000,3919,253.89129880071448,-52.309262566981374,1.6506761929063536,10.360551161010461,93.90150548609338,10.360551161010461,0.08802638888888889,False,True
none,103,36,75000,3931,229.9669295344696,-32.05291274484864,1.7941999491223608,10.285423556346986,89.54464512846604,10.285423556346986,0.09454305555555556,False,True
none,103,36,100000,3945,246.13434727503167,-50.443599493029154,1.8633713561470215,10.045373891001267,90.24081115335868,10.045373891001267,0.09800138888888889,False,True
none,103,36,150000,3955,238.4323640960809,-32.36409608091024,1.8624525916561314,10.509734513274337,92.79393173198483,10.509734513274337,0.09352777777777778,False,True
none,103,36,200000,3969,252.45653817082388,-37.540942302847064,1.81557067271353,10.319223985890652,83.14436885865457,10.319223985890652,0.09230694444444444,False,True
none,103,36,300000,3908,254.09416581371545,-42.732855680655064,1.807830092118731,10.531729785056294,90.58341862845445,10.531729785056294,0.09215,False,True
none,104,36,500,3977,19.361327633894895,2.0115665074176516,0.6288659793814433,2.7643952728187076,9.806386723661051,2.7643952728187076,0.3657708333333333,False,True
none,104,36,1000,3929,91.88088572155765,-18.57979129549504,1.0903537795876814,4.398574700941715,25.960804275897175,4.398574700941715,0.2477611111111111,False,True
none,104,36,2000,3935,148.41168996188057,-29.987293519695044,1.395679796696315,5.827445997458704,34.30749682337992,5.827445997458704,0.08377222222222222,False,True
none,104,36,3000,3962,166.8349318525997,-31.54972236244321,1.3308934881373045,6.507824331145886,43.412417970721854,6.507824331145886,0.07335694444444445,False,True
none,104,36,5000,3973,206.14145482003525,-32.97256481248427,1.3591744273848476,7.838409262522024,50.59149257488044,7.838409262522024,0.07034444444444445,False,True
none,104,36,7500,3969,245.14991181657848,-36.53313177122701,1.6638951877047115,9.121189216427311,83.39632149155959,9.121189216427311,0.07388194444444444,False,True
none,104,36,10000,3971,266.9352807856963,-44.57315537647948,1.8101233946109292,9.621505917904809,93.17552253840343,9.621505917904809,0.09013472222222223,False,True
none,104,36,15000,3973,290.71230807953685,-52.35338535112006,2.0312106720362446,10.50918701233325,117.29171910395168,10.50918701233325,0.08502083333333334,False,True
none,104,36,20000,3983,300.27617373838814,-45.94526738639217,1.8096911875470751,10.725583730856139,115.49083605322622,10.725583730856139,0.08489166666666667,False,True
none,104,36,30000,3895,281.38639281129656,-38.254172015404365,1.9065468549422335,10.4795892169448,115.53273427471117,10.4795892169448,0.08161388888888889,False,True
none,104,36,50000,4033,240.01983635011158,-46.36746838581701,1.800148772625837,10.05752541532358,79.59335482271263,10.05752541532358,0.09404027777777778,False,True
none,104,36,75000,3965,268.60025220680956,-43.37957124842371,1.8532156368221941,10.576040353089533,93.31651954602775,10.576040353089533,0.09211666666666667,False,True
none,104,36,100000,3946,253.6746071971617,-32.691332995438415,1.7382159148504814,10.408008109477953,87.43030917384694,10.408008109477953,0.0964375,False,True
none,104,36,150000,3923,247.00484323222025,-41.04002039255672,1.826663267907214,10.358908998215652,88.45271475911292,10.358908998215652,0.09717777777777778,False,True
none,104,36,200000,3949,255.50772347429728,-38.99721448467967,1.890098759179539,10.305646999240315,88.37680425424158,10.305646999240315,0.09644027777777778,False,True
none,104,36,300000,3992,250.250501002004,-42.08416833667334,1.937625250501002,10.238977955911823,82.16432865731463,10.238977955911823,0.10155,False,True
none,105,36,500,3937,1.27000254000508,3.048006096012192,0.36576073152146305,1.9598679197358395,5.08001016002032,1.9598679197358395,0.3936541666666667,True,True
none,105,36,1000,3949,10.129146619397316,1.7726006583945302,0.47252468979488477,2.2704482147379084,5.317801975183591,2.2704482147379084,0.3931236111111111,False,True
none,105,36,2000,3938,127.47587607922803,-14.982224479431183,1.4768918232605384,5.4667343829355,32.75774504824784,5.4667343829355,0.1907361111111111,False,True
none,105,36,3000,3936,157.26626016260164,-20.071138211382113,1.6158536585365855,5.882113821138211,36.58536585365854,5.882113821138211,0.09180138888888889,False,True
none,105,36,5000,3927,165.26610644257704,-30.81232492997199,1.6659027247262541,6.169595110771581,37.17850776674306,6.169595110771581,0.08876944444444444,False,True
none,105,36,7500,3986,183.3918715504265,-39.13697942799799,1.7997992975413948,6.979678876066232,52.935273457099846,6.979678876066232,0.09239305555555556,False,True
none,105,36,10000,3950,243.54430379746836,-34.177215189873415,1.918481012658228,9.004303797468355,90.37974683544304,9.004303797468355,0.10196666666666666,False,True
none,105,36,15000,3958,248.8630621526023,-29.560384032339567,1.9752400202122284,9.665487620010106,103.08236483072258,9.665487620010106,0.10326805555555556,False,True
none,105,36,20000,3958,246.58918645780696,-28.044466902476,2.0189489641232945,9.849166245578575,97.7766548762001,9.849166245578575,0.10175833333333334,False,True
none,105,36,30000,3890,255.52699228791775,-34.19023136246787,2.096401028277635,10.422107969151671,91.51670951156812,10.422107969151671,0.12374166666666667,False,True
none,105,36,50000,3903,242.89008455034588,-41.5065334358186,1.9067384063540866,10.405841660261338,90.95567512170126,10.405841660261338,0.09448472222222222,False,True
none,105,36,75000,3961,246.14996213077507,-46.20045443069932,1.8182277202726584,10.50189346124716,94.6730623579904,10.50189346124716,0.09619444444444444,False,True
none,105,36,100000,3939,237.8776339172379,-37.065244986037065,1.823051535922823,10.263772531099264,86.82406702208682,10.263772531099264,0.09339444444444445,False,True
none,105,36,150000,3943,246.25919350748163,-40.83185391833629,1.6768957646462084,10.048186659903626,84.19984783160031,10.048186659903626,0.08785416666666666,False,True
none,105,36,200000,3891,251.0922641994346,-43.43356463634027,1.6671806733487535,10.315343099460293,89.18015934207145,10.315343099460293,0.09314444444444445,False,True
none,105,36,300000,4001,248.68782804298925,-33.74156460884779,1.8295426143464133,10.287928017995501,93.97650587353162,10.287928017995501,0.09763055555555555,False,True
none,106,36,500,3956,22.75025278058645,1.0111223458038423,0.6013650151668352,2.768958543983822,11.375126390293225,2.768958543983822,0.3674027777777778,False,True
none,106,36,1000,3873,86.75445391169636,-9.553317841466564,1.2514846372321198,4.63439194422928,26.852569067906018,4.63439194422928,0.2676861111111111,False,True
none,106,36,2000,3901,143.04024609074597,-20.50756216354781,1.7877467316072801,6.110228146629069,40.502435273006924,6.110228146629069,0.11667638888888889,False,True
none,106,36,3000,3982,186.33852335509795,-20.090406830738324,2.18407835258664,7.9482672024108485,60.773480662983424,7.9482672024108485,0.1263513888888889,False,True
none,106,36,5000,3904,219.51844262295083,-14.85655737704918,2.6877561475409837,10.304047131147541,82.73565573770492,10.304047131147541,0.18008333333333335,False,True
none,106,36,7500,3953,236.7821907412092,-12.142676448267139,3.10953706046041,11.02630913230458,96.88843916013154,11.02630913230458,0.18245416666666667,False,True
none,106,36,10000,3953,239.0589425752593,-23.273463192512015,2.6615228940045537,10.574247407032633,85.25170756387554,10.574247407032633,0.17831111111111111,False,True
none,106,36,15000,3934,228.7747839349263,-12.201321809862735,2.8309608540925266,10.822572445348246,95.8312150482969,10.822572445348246,0.18474027777777777,False,True
none,106,36,20000,3904,258.1967213114754,-37.14139344262295,2.5855532786885247,10.551741803278688,100.15368852459017,10.551741803278688,0.1514388888888889,False,True
none,106,36,30000,3986,281.98695434019066,-51.17912694430507,1.8873557451078775,9.877320622177622,113.39688911189162,9.877320622177622,0.08531388888888888,False,True
none,106,36,50000,3929,293.9679307711886,-44.79511326037159,1.9116823619241536,10.688979384067192,119.62331382031051,10.688979384067192,0.08022916666666667,False,True
none,106,36,75000,3881,298.63437258438546,-52.048441123421796,2.0788456583354806,10.635660912136048,109.25019324916259,10.635660912136048,0.08239722222222222,False,True
none,106,36,100000,3922,239.67363590005098,-40.7955124936257,1.7911779704232536,10.115247322794493,88.47526772055073,10.115247322794493,0.09512083333333334,False,True
none,106,36,150000,3956,240.64711830131446,-37.158746208291205,1.872093023255814,10.289939332659252,81.3953488372093,10.289939332659252,0.09600833333333333,False,True
none,106,36,200000,3921,257.84238714613616,-43.61132364192808,1.6554450395307319,10.246110686049477,84.92731446059679,10.246110686049477,0.09069444444444444,False,True
none,106,36,300000,3939,243.20893627824321,-36.303630363036305,1.832952526021833,10.423457730388423,88.09342472708809,10.423457730388423,0.09436944444444445,False,True
none,107,36,500,3929,21.12496818528888,2.5451768897938405,0.5716467294476966,2.7724611860524306,14.252990582845507,2.7724611860524306,0.3728513888888889,False,True
none,107,36,1000,3994,86.12919379068603,-5.257886830245368,1.214321482223335,4.5863795693540315,24.787180771156734,4.5863795693540315,0.25895555555555555,False,True
none,107,36,2000,3944,161.2576064908722,-32.7079107505071,1.6939655172413792,6.382860040567952,34.22920892494929,6.382860040567952,0.1179125,False,True
none,107,36,3000,3964,166.75075681130173,-31.029263370333,1.7063572149344097,6.632946518668012,38.34510595358224,6.632946518668012,0.09315694444444444,False,True
none,107,36,5000,3963,222.81100176633862,-35.07443855664901,1.8506182185213222,8.678778703002775,83.01791572041382,8.678778703002775,0.09055694444444444,False,True
none,107,36,7500,3982,284.2792566549473,-43.445504771471626,1.8576092415871421,10.095931692616775,107.2325464590658,10.095931692616775,0.09194166666666667,False,True
none,107,36,10000,3939,294.998730642295,-40.365575019040364,2.038080731150038,10.518151815181518,114.4960649911145,10.518151815181518,0.09473472222222222,False,True
none,107,36,15000,3974,286.36134876698543,-41.51987921489683,2.1917463512833417,10.582033215903373,114.49421238047307,10.582033215903373,0.08705277777777778,False,True
none,107,36,20000,3991,314.2069656727637,-47.356552242545725,1.9521423202204962,11.14407416687547,120.52117263843648,11.14407416687547,0.07995416666666667,False,True
none,107,36,30000,3976,273.6418511066398,-47.78672032193159,1.9071931589537223,10.550553319919517,97.58551307847083,10.550553319919517,0.09437222222222222,False,True
none,107,36,50000,3924,247.70642201834863,-48.41997961264016,1.7589194699286443,10.29026503567788,86.13659531090724,10.29026503567788,0.09585972222222222,False,True
none,107,36,75000,3955,263.46396965865995,-45.51201011378002,1.615929203539823,10.237420986093552,84.19721871049305,10.237420986093552,0.09607083333333333,False,True
none,107,36,100000,3937,248.41249682499364,-46.48209296418593,1.7670815341630683,10.41986283972568,86.10617221234442,10.41986283972568,0.08741944444444444,False,True
none,107,36,150000,4006,251.37294058911633,-39.9400898652022,1.7973040439340988,10.352970544183725,86.86969545681478,10.352970544183725,0.0938361111111111,False,True
none,107,36,200000,3920,244.89795918367346,-35.45918367346939,1.9831632653061224,10.533928571428572,88.26530612244898,10.533928571428572,0.09526527777777778,False,True
none,107,36,300000,4003,255.0587059705221,-37.971521358980766,1.8920809392955285,10.322757931551337,82.687984011991,10.322757931551337,0.09803472222222222,False,True
none,108,36,500,3962,8.076728924785462,4.290762241292277,0.49217566885411407,2.3952549217566887,10.853104492680464,2.3952549217566887,0.3808736111111111,False,True
none,108,36,1000,3998,36.51825912956478,3.0015007503751874,0.748624312156078,3.310905452726363,13.75687843921961,3.310905452726363,0.341125,False,True
none,108,36,2000,3998,136.56828414207104,-24.0120060030015,1.6535767883941972,5.78664332166083,37.51875937968985,5.78664332166083,0.13970972222222222,False,True
none,108,36,3000,3926,211.41110545084055,-31.32959755476312,2.2735608762098827,8.520886398369843,63.42333163525217,8.520886398369843,0.1305513888888889,False,True
none,108,36,5000,3926,247.07080998471727,-24.197656647987774,2.5802343352012227,10.511971472236374,86.85685175751401,10.511971472236374,0.16777777777777778,False,True
none,108,36,7500,3961,236.80888664478667,-24.993688462509468,2.691492047462762,10.267104266599343,85.83690987124463,10.267104266599343,0.1669625,False,True
none,108,36,10000,4033,221.91916687329532,-5.950905033473841,2.7927101413339948,10.728737912224151,91.24721051326556,10.728737912224151,0.16836805555555556,False,True
none,108,36,15000,3977,245.15966809152627,-38.974101081217,2.682926829268293,10.345235101835554,86.49735981895901,10.345235101835554,0.17375555555555555,False,True
none,108,36,20000,3967,248.04638265691958,-28.73708091756995,2.530879758003529,10.344592891353667,86.96748172422485,10.344592891353667,0.1671888888888889,False,True
none,108,36,30000,3924,230.8868501529052,-12.7420998980632,2.6223241590214066,10.599388379204893,94.80122324159021,10.599388379204893,0.17359305555555554,False,True
none,108,36,50000,3995,234.54317897371715,-23.779724655819773,2.614017521902378,10.402252816020026,88.61076345431789,10.402252816020026,0.15974027777777777,False,True
none,108,36,75000,3900,237.94871794871796,-15.384615384615385,2.7215384615384615,10.662564102564103,79.23076923076923,10.662564102564103,0.18045833333333333,False,True
none,108,36,100000,3943,228.50621354298758,-14.455997971088005,2.8437737763124527,10.571645954856708,88.7648998224702,10.571645954856708,0.17812916666666667,False,True
none,108,36,150000,3931,238.87051640803867,-26.710760620707198,2.6476723480030526,10.200712286949885,80.64105825489698,10.200712286949885,0.17435,False,True
none,108,36,200000,3995,216.02002503128912,-15.519399249061326,2.804755944931164,10.47584480600751,85.85732165206508,10.47584480600751,0.17380833333333334,False,True
none,108,36,300000,3946,223.51748606183477,-24.581855043081603,2.7062848454130766,10.442219969589457,93.51241763811454,10.442219969589457,0.17120694444444445,False,True
none,109,36,500,3964,6.81130171543895,0.756811301715439,0.3978304742684157,2.0784561049445007,4.288597376387488,2.0784561049445007,0.39300555555555555,True,True
none,109,36,1000,3924,31.09072375127421,1.529051987767584,0.7326707441386341,3.1480632008154945,12.487257900101937,3.1480632008154945,0.35944166666666666,False,True
none,109,36,2000,3953,137.364027321022,-18.972931950417404,1.5036681001770806,5.467493043258285,35.16316721477359,5.467493043258285,0.14076944444444445,False,True
none,109,36,3000,3889,154.2813062483929,-26.227822062226792,1.7307791205965544,6.278220622267935,39.59886860375418,6.278220622267935,0.0853388888888889,False,True
none,109,36,5000,3917,206.53561399029869,-30.125095736533062,2.194536635179985,8.430431452642328,63.56905795251468,8.430431452642328,0.12409861111111112,False,True
none,109,36,7500,3946,243.7911809427268,-33.70501773948302,2.501520527116067,9.899898631525595,85.90978205778003,9.899898631525595,0.14750555555555556,False,True
none,109,36,10000,3920,235.71428571428572,-21.1734693877551,2.434183673469388,10.155867346938775,88.01020408163265,10.155867346938775,0.15777083333333333,False,True
none,109,36,15000,3952,247.46963562753035,-18.724696356275302,2.7737854251012144,10.886133603238866,90.08097165991903,10.886133603238866,0.1685111111111111,False,True
none,109,36,20000,3955,235.14538558786347,-19.97471554993679,2.7646017699115046,10.654361567635904,90.26548672566372,10.654361567635904,0.16700138888888888,False,True
none,109,36,30000,4004,227.02297702297702,-13.486513486513486,2.7075424575424574,10.469780219780219,89.16083916083916,10.469780219780219,0.16948194444444445,False,True
none,109,36,50000,3964,237.63874873864782,-26.74066599394551,2.513622603430878,10.31710393541877,91.32189707366297,10.31710393541877,0.16274305555555554,False,True
none,109,36,75000,3958,240.5255179383527,-19.454269833249114,2.6164729661445176,10.248357756442648,79.08034360788277,10.248357756442648,0.16669166666666665,False,True
none,109,36,100000,3868,250.0,-26.88728024819028,2.7621509824198553,10.50387797311272,80.92037228541882,10.50387797311272,0.17344305555555556,False,True
none,109,36,150000,4031,228.97544033738527,-13.644257008186555,2.5666087819399652,10.403373852642025,82.36169684941702,10.403373852642025,0.16730694444444444,False,True
none,109,36,200000,3956,245.4499494438827,-32.608695652173914,2.524772497472194,10.290192113245702,82.6592517694641,10.290192113245702,0.16504722222222223,False,True
none,109,36,300000,3920,238.26530612244898,-22.70408163265306,2.6,10.507397959183674,85.45918367346938,10.507397959183674,0.17425972222222222,False,True
none,110,36,500,3911,15.085655842495525,1.7898235745333675,0.5842495525441064,2.5441063666581436,9.460496036819228,2.5441063666581436,0.37895694444444444,False,True
none,110,36,1000,3995,89.36170212765957,-10.763454317897372,1.2470588235294118,4.575719649561952,25.53191489361702,4.575719649561952,0.27915416666666665,False,True
none,110,36,2000,3887,165.68047337278105,-29.328531000771804,1.6797015693336763,6.462052997170054,41.16285052739902,6.462052997170054,0.10915833333333333,False,True
none,110,36,3000,3998,172.5862931465733,-32.51625812906453,1.6535767883941972,6.442221110555278,36.51825912956478,6.442221110555278,0.09499722222222222,False,True
none,110,36,5000,3969,166.03678508440413,-32.24993701184177,1.562106324011086,6.419501133786848,33.76165280927186,6.419501133786848,0.08483333333333333,False,True
none,110,36,7500,3913,182.72425249169436,-37.567084078711986,1.4252491694352158,7.072067467416304,41.91157679529773,7.072067467416304,0.08428194444444445,False,True
none,110,36,10000,4014,245.39113104135527,-34.87792725460887,1.9023418036870952,10.393622321873442,87.94220229197808,10.393622321873442,0.09873472222222222,False,True
none,110,36,15000,3892,253.8540596094553,-45.9917780061665,1.9614594039054472,10.334275436793423,89.41418293936279,10.334275436793423,0.10379583333333334,False,True
none,110,36,20000,3891,250.83526085839117,-40.34952454381907,1.7360575687483937,10.377537907992805,79.92803906450784,10.377537907992805,0.09088194444444445,False,True
none,110,36,30000,3882,254.7655847501288,-43.01906233900051,1.7733127253992786,10.555899021123132,92.73570324574962,10.555899021123132,0.09050972222222223,False,True
none,110,36,50000,3872,249.7417355371901,-39.77272727272727,1.9328512396694215,10.325671487603305,89.10123966942149,10.325671487603305,0.09843611111111111,False,True
none,110,36,75000,4024,248.5089463220676,-42.74353876739563,1.9242047713717694,10.33648111332008,86.72962226640159,10.33648111332008,0.09628194444444445,False,True
none,110,36,100000,3885,258.17245817245816,-43.758043758043755,1.7572715572715574,10.192277992277992,92.92149292149293,10.192277992277992,0.09455416666666666,False,True
none,110,36,150000,3966,241.30105900151287,-41.85577407967725,1.7776096822995462,10.492435703479577,82.95511850731215,10.492435703479577,0.09244722222222222,False,True
none,110,36,200000,3988,250.75225677031094,-40.37111334002006,1.8004012036108326,10.267552657973921,85.00501504513541,10.267552657973921,0.09590416666666667,False,True
none,110,36,300000,3943,245.4983515090033,-35.505959928988084,1.7938118184123764,10.349987319300025,89.27212782145574,10.349987319300025,0.094925,False,True
push-only,101,16,500,3932,4.577822990844354,1.780264496439471,0.0676500508646999,0.2797558494404883,7.884028484231943,0.2797558494404883,0.33666875,True,False
push-only,101,16,1000,3894,3.5952747817154598,2.054442732408834,0.06985105290190036,0.29712378017462765,5.3929121725731894,0.29712378017462765,0.336278125,True,False
push-only,101,16,2000,3971,5.28834046839587,0.2518257365902795,0.06346008562075044,0.2362125409216822,3.777386048854193,0.2362125409216822,0.3364125,True,False
push-only,101,16,3000,3925,6.8789808917197455,1.2738853503184713,0.061146496815286625,0.25834394904458596,5.095541401273885,0.25834394904458596,0.337975,True,False
push-only,101,16,5000,3882,4.379185986604843,1.0303967027305512,0.04173106646058733,0.20607934054611024,2.833590932509016,0.20607934054611024,0.33755,True,False
push-only,101,16,7500,3998,5.252626313156578,0.7503751875937968,0.059279639819909954,0.2743871935967984,8.254127063531765,0.2743871935967984,0.339765625,True,False
push-only,101,16,10000,3932,5.849440488301119,0.254323499491353,0.05239064089521872,0.2581383519837233,4.069175991861648,0.2581383519837233,0.336390625,True,False
push-only,101,16,15000,3944,5.324543610547668,1.7748478701825559,0.0631338742393509,0.26774847870182555,6.592292089249493,0.26774847870182555,0.335346875,True,False
push-only,101,16,20000,3943,5.325893989348212,3.550595992898808,0.0743089018513822,0.30484402739031197,7.60841998478316,0.30484402739031197,0.33871875,True,False
push-only,101,16,30000,4027,4.966476285075739,0.9932952570151478,0.0645641917059846,0.26868636702259746,7.449714427613608,0.26868636702259746,0.33780625,True,False
push-only,101,16,50000,3944,4.563894523326572,3.2961460446247464,0.07733265720081135,0.2905679513184584,6.085192697768763,0.2905679513184584,0.339803125,True,False
push-only,101,16,75000,3978,3.770739064856712,1.0055304172951232,0.05002513826043238,0.22146807440925087,3.770739064856712,0.22146807440925087,0.34064375,True,False
push-only,101,16,100000,3980,4.522613065326633,2.763819095477387,0.06959798994974874,0.2964824120603015,6.532663316582915,0.2964824120603015,0.335040625,True,False
push-only,101,16,150000,3980,3.5175879396984926,1.0050251256281406,0.05979899497487437,0.23241206030150754,4.271356783919598,0.23241206030150754,0.33685,True,False
push-only,101,16,200000,3924,3.8226299694189603,2.038735983690112,0.06320081549439348,0.2400611620795107,4.332313965341489,0.2400611620795107,0.339853125,True,False
push-only,101,16,300000,3953,5.0594485201113075,1.2648621300278269,0.07184416898558058,0.26840374399190486,5.565393372122439,0.26840374399190486,0.340421875,True,False
push-only,102,16,500,3889,3.8570326562098227,0.7714065312419646,0.04525584983286192,0.21445101568526614,4.885574697865775,0.21445101568526614,0.3328875,True,False
push-only,102,16,1000,3873,3.098373353989156,1.549186676994578,0.06661502711076685,0.278853601859024,5.938548928479215,0.278853601859024,0.336034375,True,False
push-only,102,16,2000,3913,5.111167901865576,1.533350370559673,0.056989522105801174,0.24661385126501406,6.133401482238692,0.24661385126501406,0.333884375,True,False
push-only,102,16,3000,3923,3.313790466479735,1.274534794799898,0.06933469283711445,0.2536324241651797,4.333418302319654,0.2536324241651797,0.33914375,True,False
push-only,102,16,5000,3977,5.280362081971335,0.5028916268544129,0.05531807895398542,0.2506914759869248,5.783253708825748,0.2506914759869248,0.34256875,True,False
push-only,102,16,7500,3927,2.8011204481792715,1.5278838808250572,0.05474917239623122,0.25261013496307616,4.838298955946015,0.25261013496307616,0.341246875,True,False
push-only,102,16,10000,3947,6.080567519635166,1.0134279199391942,0.07448695211553079,0.2761591081834305,5.573853559665569,0.2761591081834305,0.33938125,True,False
push-only,102,16,15000,3976,4.0241448692152915,3.0181086519114686,0.05985915492957746,0.26006036217303824,4.527162977867203,0.26006036217303824,0.3392625,True,False
push-only,102,16,20000,3970,6.045340050377834,3.022670025188917,0.08967254408060453,0.30554156171284635,8.312342569269521,0.30554156171284635,0.33825625,True,False
push-only,102,16,30000,3981,3.265511178095956,1.5071590052750565,0.06204471238382316,0.24918362220547602,3.014318010550113,0.24918362220547602,0.338665625,True,False
push-only,102,16,50000,3881,4.89564545220304,3.3496521515073434,0.07163102293223396,0.25792321566606546,6.183973202782788,0.25792321566606546,0.33975625,True,False
push-only,102,16,75000,3907,4.351164576401331,2.047606859482979,0.061428205784489376,0.24161760941899155,4.351164576401331,0.24161760941899155,0.336384375,True,False
push-only,102,16,100000,3931,5.850928516916815,1.271940981938438,0.07173747138132791,0.2612566776901552,5.087763927753752,0.2612566776901552,0.338384375,True,False
push-only,102,16,150000,4033,4.711133151500124,1.239771881973717,0.059013141581948925,0.27076617902305977,9.174311926605505,0.27076617902305977,0.3387125,True,False
push-only,102,16,200000,3988,3.510531594784353,1.7552657973921766,0.058676028084252756,0.27607823470411236,5.2657973921765295,0.27607823470411236,0.3423125,True,False
push-only,102,16,300000,3984,345.8835341365462,27.10843373493976,0.18599397590361447,4.345632530120482,11.295180722891565,4.345632530120482,0.036834375,True,False
push-only,103,16,500,3932,5.0864699898270604,1.780264496439471,0.07171922685656154,0.2606815869786368,6.103763987792472,0.2606815869786368,0.3380625,True,True
push-only,103,16,1000,3973,3.7754845205134657,2.768688648376542,0.058394160583941604,0.24339290208910144,5.789076264787314,0.24339290208910144,0.3373875,True,True
push-only,103,16,2000,3936,5.08130081300813,3.048780487804878,0.08739837398373984,0.3310467479674797,5.335365853658536,0.3310467479674797,0.336803125,True,True
push-only,103,16,3000,3933,6.102212051868802,3.051106025934401,0.0645817442156115,0.2738367658276125,6.102212051868802,0.2738367658276125,0.339740625,True,True
push-only,103,16,5000,3995,3.504380475594493,1.0012515644555695,0.05657071339173968,0.2500625782227785,6.508135168961202,0.2500625782227785,0.338040625,True,True
push-only,103,16,7500,4020,4.72636815920398,1.243781094527363,0.07711442786069651,0.2902985074626866,6.218905472636816,0.2902985074626866,0.337884375,True,True
push-only,103,16,10000,4024,3.479125248508946,2.982107355864811,0.07455268389662027,0.2989562624254473,4.970178926441352,0.2989562624254473,0.33520625,True,True
push-only,103,16,15000,3930,5.343511450381679,0.7633587786259542,0.07048346055979644,0.26310432569974557,4.580152671755725,0.26310432569974557,0.334859375,True,True
push-only,103,16,20000,3924,6.116207951070336,2.038735983690112,0.0800203873598369,0.3251783893985729,9.938837920489297,0.3251783893985729,0.3374625,True,True
push-only,103,16,30000,3859,5.700958797615963,1.0365379632029024,0.05312257061414875,0.23399844519305518,5.182689816014512,0.23399844519305518,0.33734375,True,True
push-only,103,16,50000,3907,3.839262861530586,1.5357051446122345,0.051190171487074485,0.2428973637061684,4.607115433836704,0.2428973637061684,0.33898125,True,True
push-only,103,16,75000,3929,4.835836090608297,1.2725884448969202,0.05523033850852634,0.2428098752863324,5.090353779587681,0.2428098752863324,0.3409,True,True
push-only,103,16,100000,3939,4.823559279004823,2.030972328002031,0.05991368367605991,0.263010916476263,7.3622746890073625,0.263010916476263,0.3418875,True,True
push-only,103,16,150000,3964,3.5317860746720484,3.027245206861756,0.05095862764883956,0.2429364278506559,6.559031281533804,0.2429364278506559,0.339209375,True,True
push-only,103,16,200000,3997,4.7535651738804106,1.5011258443832876,0.06429822366775081,0.261195896922692,4.7535651738804106,0.261195896922692,0.339475,True,True
push-only,103,16,300000,3919,398.0607297780046,26.027047716254145,0.11890788466445522,5.607808114314876,11.992855320234753,5.607808114314876,0.018028125,False,True
push-only,104,16,500,3980,4.522613065326633,2.2613065326633164,0.06557788944723618,0.2793969849246231,5.527638190954774,0.2793969849246231,0.337246875,True,False
push-only,104,16,1000,3928,4.8370672097759675,1.7820773930753564,0.059063136456211814,0.23625254582484725,4.0733197556008145,0.23625254582484725,0.336290625,True,False
push-only,104,16,2000,3960,3.5353535353535355,2.0202020202020203,0.06237373737373737,0.2691919191919192,4.545454545454546,0.2691919191919192,0.335946875,True,False
push-only,104,16,3000,3959,3.5362465269007326,2.020712301086133,0.053296286941146756,0.22126799696893154,3.5362465269007326,0.22126799696893154,0.338984375,True,False
push-only,104,16,5000,3989,4.011030333416897,1.2534469791927803,0.06192028077212334,0.2627224868388067,5.515166708448232,0.2627224868388067,0.336840625,True,False
push-only,104,16,7500,3960,3.282828282828283,2.7777777777777777,0.05303030303030303,0.2628787878787879,6.0606060606060606,0.2628787878787879,0.338484375,True,False
push-only,104,16,10000,3954,3.0349013657056148,1.5174506828528074,0.04779969650986343,0.21396054628224584,7.081436519979768,0.21396054628224584,0.3400375,True,False
push-only,104,16,15000,3949,6.07748797163839,1.5193719929095975,0.06507976702962776,0.20790073436312992,5.317801975183591,0.20790073436312992,0.337190625,True,False
push-only,104,16,20000,3973,5.789076264787314,1.5101938082053863,0.06821042033727662,0.27913415554996224,5.789076264787314,0.27913415554996224,0.338271875,True,False
push-only,104,16,30000,3895,383.3119383825417,17.971758664955072,0.13042362002567395,4.982284980744544,8.729139922978177,4.982284980744544,0.022378125,True,False
push-only,104,16,50000,4037,396.5816200148625,15.853356452811493,0.08174386920980926,5.227396581620015,6.935843448105029,5.227396581620015,0.01276875,True,False
push-only,104,16,75000,3970,397.98488664987406,16.3727959697733,0.05793450881612091,5.3806045340050375,8.564231738035264,5.3806045340050375,0.008659375,True,False
push-only,104,16,100000,3959,403.1321040666835,22.480424349583227,0.07426117706491538,5.331901995453397,5.304369790351099,5.331901995453397,0.010190625,True,False
push-only,104,16,150000,3928,397.4032586558045,19.602851323828922,0.06491853360488799,5.1794806517311605,7.128309572301426,5.1794806517311605,0.010753125,True,False
push-only,104,16,200000,3946,389.2549417131272,22.047643182970095,0.08743030917384693,5.104409528636594,8.362899138367968,5.104409528636594,0.01224375,True,False
push-only,104,16,300000,3976,402.1629778672032,19.869215291750503,0.06664989939637828,5.091549295774648,6.036217303822937,5.091549295774648,0.009903125,True,False
push-only,105,16,500,3933,4.322400203407068,3.051106025934401,0.060259344012204424,0.2578184591914569,5.847953216374269,0.2578184591914569,0.335803125,True,True
push-only,105,16,1000,3934,5.083884087442806,1.525165226232842,0.0668530757498729,0.24860193187595322,4.829689883070666,0.24860193187595322,0.3370375,True,True
push-only,105,16,2000,3944,4.310344827586207,2.789046653144016,0.06947261663286004,0.27966531440162273,6.085192697768763,0.27966531440162273,0.339759375,True,True
push-only,105,16,3000,3951,2.7841052898000505,2.7841052898000505,0.05618830675778284,0.22627182991647685,3.290306251581878,0.22627182991647685,0.338690625,True,True
push-only,105,16,5000,3932,2.797558494404883,2.797558494404883,0.0676500508646999,0.26424211597151576,6.866734486266531,0.26424211597151576,0.337215625,True,True
push-only,105,16,7500,3995,2.002503128911139,1.2515644555694618,0.05431789737171464,0.24405506883604505,4.755944931163955,0.24405506883604505,0.337503125,True,True
push-only,105,16,10000,3940,2.7918781725888326,2.5380710659898478,0.066497461928934,0.26624365482233503,7.106598984771574,0.26624365482233503,0.33953125,True,True
push-only,105,16,15000,3938,4.57084814626714,3.047232097511427,0.06780091416962926,0.28059928897917724,5.58659217877095,0.28059928897917724,0.3380125,True,True
push-only,105,16,20000,3966,2.773575390821987,2.017145738779627,0.06404437720625315,0.26021180030257185,6.303580433686334,0.26021180030257185,0.334965625,True,True
push-only,105,16,30000,3894,3.3384694401643555,1.7976373908577299,0.05367231638418079,0.2239342578325629,4.3656908063687725,0.2239342578325629,0.337025,True,True
push-only,105,16,50000,3913,4.600051111679019,1.277791975466394,0.05622284692052134,0.24405826731408126,3.833375926399182,0.24405826731408126,0.33730625,True,True
push-only,105,16,75000,3939,4.061944656004062,1.2693577050012694,0.045443005839045446,0.24422442244224424,5.585173902005585,0.24422442244224424,0.333525,True,True
push-only,105,16,100000,3936,408.0284552845528,26.422764227642276,0.20426829268292682,5.1659044715447155,9.908536585365853,5.1659044715447155,0.03185,True,True
push-only,105,16,150000,3947,404.61109703572333,18.241702558905498,0.06891309855586522,5.277425893083355,4.5604256397263745,5.277425893083355,0.01,False,True
push-only,105,16,200000,3888,401.2345679012346,22.890946502057613,0.04989711934156379,5.2103909465020575,5.915637860082304,5.2103909465020575,0.008259375,False,True
push-only,105,16,300000,4017,396.31565845158076,15.683345780433159,0.05974607916355489,5.044062733383122,5.476723923325865,5.044062733383122,0.0089375,False,True
push-only,106,16,500,3966,5.0428643469490675,2.26928895612708,0.06959152798789713,0.27508825012607163,5.0428643469490675,0.27508825012607163,0.3350875,True,True
push-only,106,16,1000,3898,3.078501795792714,1.7957927142124166,0.060287326834273985,0.262955361723961,4.361210877373011,0.262955361723961,0.33985625,True,True
push-only,106,16,2000,3907,7.4225748656257995,2.303557716918352,0.05963654978244177,0.2669567443050934,7.4225748656257995,0.2669567443050934,0.339159375,True,True
push-only,106,16,3000,4000,3.75,2.5,0.06675,0.2775,6.5,0.2775,0.340340625,True,True
push-only,106,16,5000,3927,5.347593582887701,1.7825311942959001,0.05984211866564808,0.26254138018843903,6.366182836771072,0.26254138018843903,0.338059375,True,True
push-only,106,16,7500,3952,2.783400809716599,1.5182186234817814,0.05490890688259109,0.22317813765182187,3.0364372469635628,0.22317813765182187,0.3349375,True,True
push-only,106,16,10000,3944,6.845841784989858,2.281947261663286,0.06009127789046653,0.2816937119675456,5.578093306288032,0.2816937119675456,0.3391875,True,True
push-only,106,16,15000,3931,3.5614347494276264,2.035105571101501,0.05214958025947596,0.24751971508522005,7.122869498855253,0.24751971508522005,0.338703125,True,True
push-only,106,16,20000,3931,4.833375731366065,1.0175527855507505,0.052912744848639025,0.23581785805138641,5.087763927753752,0.23581785805138641,0.33655625,True,True
push-only,106,16,30000,3973,4.7822803926503905,2.5169896803423106,0.06065945129624969,0.25144726906619685,6.292474200855777,0.25144726906619685,0.34015625,True,True
push-only,106,16,50000,3937,395.2247904495809,29.464058928117858,0.16637033274066548,5.306324612649226,9.398018796037592,5.306324612649226,0.02885625,False,True
push-only,106,16,75000,3887,395.9351685104194,23.411371237458194,0.09827630563416516,5.114741445845125,4.373552868536146,5.114741445845125,0.015578125,False,True
push-only,106,16,100000,3926,387.1625063678044,20.631686194600103,0.13958227203260315,5.164544065206317,6.367804381049414,5.164544065206317,0.024096875,False,True
push-only,106,16,150000,3974,387.267237040765,19.37594363361852,0.10568696527428284,5.217664821338701,5.787619526925012,5.217664821338701,0.01834375,False,True
push-only,106,16,200000,3920,379.0816326530612,21.93877551020408,0.08877551020408163,5.000510204081633,7.908163265306122,5.000510204081633,0.014328125,False,True
push-only,106,16,300000,3934,393.2384341637011,22.623284189120486,0.07956278596847992,5.092780884595832,7.625826131164209,5.092780884595832,0.012015625,False,True
push-only,107,16,500,3934,3.5587188612099645,3.8129130655821046,0.06786985256736146,0.25546517539400104,7.37163192679207,0.25546517539400104,0.3390875,True,True
push-only,107,16,1000,4001,2.9992501874531365,2.4993751562109474,0.06423394151462135,0.2514371407148213,3.9990002499375157,0.2514371407148213,0.339046875,True,True
push-only,107,16,2000,3954,3.793626707132018,2.5290844714213456,0.06423874557410217,0.2708649468892261,7.334344967121902,0.2708649468892261,0.335821875,True,True
push-only,107,16,3000,3958,3.7897928246589188,1.7685699848408287,0.05255179383527034,0.23446184941889844,4.547751389590703,0.23446184941889844,0.3369875,True,True
push-only,107,16,5000,3955,5.3097345132743365,1.011378002528445,0.04753476611883692,0.209102402022756,4.298356510745891,0.209102402022756,0.3355875,True,True
push-only,107,16,7500,3991,5.261839138060637,2.0045101478326233,0.06564770734151841,0.2703583061889251,5.512402906539714,0.2703583061889251,0.3373125,True,True
push-only,107,16,10000,3946,3.2944754181449567,2.0273694880892044,0.05828687278256462,0.23948302078053726,6.842372022301064,0.23948302078053726,0.338125,True,True
push-only,107,16,15000,3976,2.766599597585513,3.0181086519114686,0.05331991951710262,0.2351609657947686,4.527162977867203,0.2351609657947686,0.340371875,True,True
push-only,107,16,20000,3985,5.269761606022585,2.5094102885821834,0.05997490589711418,0.2504391468005019,4.767879548306148,0.2504391468005019,0.337690625,True,True
push-only,107,16,30000,3984,6.77710843373494,1.7570281124497993,0.06099397590361446,0.2570281124497992,7.781124497991968,0.2570281124497992,0.337665625,True,True
push-only,107,16,50000,3915,3.8314176245210727,2.80970625798212,0.06079182630906769,0.2768837803320562,4.853128991060026,0.2768837803320562,0.336509375,True,True
push-only,107,16,75000,3954,4.046535154274153,1.5174506828528074,0.07738998482549317,0.2867981790591806,6.828528072837633,0.2867981790591806,0.33853125,True,True
push-only,107,16,100000,3960,4.545454545454546,1.7676767676767677,0.041666666666666664,0.23686868686868687,3.5353535353535355,0.23686868686868687,0.336290625,True,True
push-only,107,16,150000,3978,5.027652086475616,2.0110608345902463,0.06862745098039216,0.2888386123680241,8.295625942684767,0.2888386123680241,0.336215625,True,True
push-only,107,16,200000,3925,392.35668789808915,38.72611464968153,0.18853503184713377,5.147770700636943,12.48407643312102,5.147770700636943,0.0292625,False,True
push-only,107,16,300000,4027,392.8482741494909,35.75862925254532,0.08418177303203377,5.037248572138068,8.93965731313633,5.037248572138068,0.013903125,False,True
push-only,108,16,500,3965,4.791929382093317,1.008827238335435,0.05674653215636822,0.25044136191677174,6.809583858764187,0.25044136191677174,0.337340625,True,True
push-only,108,16,1000,3978,5.530417295123177,0.2513826043237808,0.06033182503770739,0.26520864756158874,6.033182503770739,0.26520864756158874,0.3368125,True,True
push-only,108,16,2000,4016,4.731075697211155,2.9880478087649402,0.049800796812749,0.22758964143426294,4.9800796812749,0.22758964143426294,0.337384375,True,True
push-only,108,16,3000,3950,5.569620253164557,2.5316455696202533,0.05670886075949367,0.20177215189873418,4.30379746835443,0.20177215189873418,0.342628125,True,True
push-only,108,16,5000,3947,4.307068659741576,2.0268558398783885,0.06384595895616925,0.2850266024828984,6.840638459589561,0.2850266024828984,0.334215625,True,True
push-only,108,16,7500,3956,4.802831142568251,1.0111223458038423,0.05637007077856421,0.26693629929221435,5.5611729019211324,0.26693629929221435,0.33625625,True,True
push-only,108,16,10000,4018,4.728720756595321,2.2399203583872573,0.07093081134892981,0.2745146839223494,7.217521154803385,0.2745146839223494,0.339784375,True,True
push-only,108,16,15000,3996,3.2532532532532534,2.002002002002002,0.05105105105105105,0.21496496496496498,3.5035035035035036,0.21496496496496498,0.338225,True,True
push-only,108,16,20000,3977,4.023133014835303,2.0115665074176516,0.05506663314055821,0.24817701785265275,4.526024641689716,0.24817701785265275,0.340678125,True,True
push-only,108,16,30000,3921,3.8255547054322876,3.06044376434583,0.05891354246365723,0.2550369803621525,6.12088752869166,0.2550369803621525,0.339059375,True,True
push-only,108,16,50000,3981,392.86611404169804,22.85857824667169,0.08264255212258227,5.1785983421250945,9.04295403165034,5.1785983421250945,0.010746875,False,True
push-only,108,16,75000,3913,385.893176590851,26.578073089700997,0.06312292358803986,5.01712241247125,10.222335803731152,5.01712241247125,0.00874375,False,True
push-only,108,16,100000,3941,387.2113676731794,33.49403704643491,0.08500380614057346,4.8845470692717585,11.41842172037554,4.8845470692717585,0.012678125,False,True
push-only,108,16,150000,3926,398.1151299032094,31.32959755476312,0.10850738665308202,4.87238920020377,12.226184411614875,4.87238920020377,0.01435625,False,True
push-only,108,16,200000,3959,400.3536246526901,33.341752967921195,0.07527153321545844,4.635261429653953,12.124273806516797,4.635261429653953,0.009746875,False,True
push-only,108,16,300000,3953,398.6845433847711,36.428029344801416,0.06880849987351378,4.68682013660511,11.383759170250443,4.68682013660511,0.010053125,False,True
push-only,109,16,500,3941,4.567368688150216,2.0299416391778737,0.06445064704389748,0.22608475006343567,3.806140573458513,0.22608475006343567,0.3341125,True,False
push-only,109,16,1000,3903,3.074558032282859,2.8183448629259544,0.05867281578273123,0.2485267742761978,5.1242633871380985,0.2485267742761978,0.338353125,True,False
push-only,109,16,2000,3981,3.5167043456417986,1.2559658377292138,0.05576488319517709,0.2592313489073097,7.033408691283597,0.2592313489073097,0.338940625,True,False
push-only,109,16,3000,3901,6.152268649064342,2.3071007433991286,0.05998461932837734,0.24916688028710587,8.203024865419124,0.24916688028710587,0.338215625,True,False
push-only,109,16,5000,3931,3.5614347494276264,1.7807173747138132,0.05520223861612821,0.24726532688883235,4.32459933859069,0.24726532688883235,0.336759375,True,False
push-only,109,16,7500,3942,3.8051750380517504,1.7757483510908167,0.06747843734145104,0.2770167427701674,5.834601725012684,0.2770167427701674,0.337740625,True,False
push-only,109,16,10000,3915,4.342273307790549,2.80970625798212,0.0561941251596424,0.24010217113665389,4.086845466155811,0.24010217113665389,0.340396875,True,False
push-only,109,16,15000,3932,4.323499491353001,2.5432349949135302,0.061037639877924724,0.2599186164801628,7.375381485249237,0.2599186164801628,0.339228125,True,False
push-only,109,16,20000,3943,4.565051990869896,2.028911995942176,0.06416434187167132,0.24702003550595994,5.579507988840984,0.24702003550595994,0.337321875,True,False
push-only,109,16,30000,3983,6.276675872457946,1.0042681395932713,0.06452422796886768,0.2693949284458951,4.770273663068039,0.2693949284458951,0.340690625,True,False
push-only,109,16,50000,3978,6.033182503770739,1.7596782302664655,0.0510306686777275,0.238562091503268,6.5359477124183005,0.238562091503268,0.339784375,True,False
push-only,109,16,75000,3986,7.526342197691922,2.5087807325639737,0.06999498243853487,0.2729553437029604,8.028098344204716,0.2729553437029604,0.3382875,True,False
push-only,109,16,100000,3859,5.182689816014512,1.295672454003628,0.04793988079813423,0.22363306556102616,5.700958797615963,0.22363306556102616,0.337853125,True,False
push-only,109,16,150000,4034,5.4536440257808625,2.478929102627665,0.05899851264253842,0.2808626673277144,9.17203767972236,0.2808626673277144,0.3399875,True,False
push-only,109,16,200000,3919,6.379178361826996,1.2758356723653994,0.05052309262566981,0.23245725950497576,6.379178361826996,0.23245725950497576,0.3395875,True,False
push-only,109,16,300000,3918,4.594180704441041,2.2970903522205206,0.07172026544155181,0.29198570699336396,6.1255742725880555,0.29198570699336396,0.33668125,True,False
push-only,110,16,500,3921,5.355776587605202,2.8054067839836776,0.07013516959959194,0.3029839326702372,7.651109410864575,0.3029839326702372,0.337096875,True,True
push-only,110,16,1000,4006,4.992511233150275,1.2481278082875686,0.055666500249625564,0.23290064902646032,6.989515726410384,0.23290064902646032,0.338121875,True,True
push-only,110,16,2000,3888,3.343621399176955,1.800411522633745,0.05606995884773663,0.24665637860082304,5.1440329218107,0.24665637860082304,0.338503125,True,True
push-only,110,16,3000,4029,4.964010920824026,1.737403822288409,0.053363117398858274,0.23653512037726482,5.956813104988831,0.23653512037726482,0.33911875,True,True
push-only,110,16,5000,3983,5.021340697966357,2.7617373838814965,0.058498619131308056,0.25357770524730106,5.774541802661311,0.25357770524730106,0.33983125,True,True
push-only,110,16,7500,3912,3.067484662576687,1.278118609406953,0.054447852760736194,0.24514314928425357,5.879345603271983,0.24514314928425357,0.337821875,True,True
push-only,110,16,10000,3998,4.752376188094047,2.5012506253126565,0.061530765382691345,0.25362681340670334,6.003001500750375,0.25362681340670334,0.336328125,True,True
push-only,110,16,15000,3906,2.8161802355350742,2.5601638504864312,0.06554019457245264,0.2777777777777778,4.608294930875576,0.2777777777777778,0.338890625,True,True
push-only,110,16,20000,3906,3.3282130056323607,1.7921146953405018,0.05888376856118792,0.25524833589349716,5.376344086021505,0.25524833589349716,0.33533125,True,True
push-only,110,16,30000,3900,6.410256410256411,1.5384615384615385,0.057692307692307696,0.26461538461538464,6.410256410256411,0.26461538461538464,0.337834375,True,True
push-only,110,16,50000,3884,395.21112255406797,24.459320288362512,0.18280123583934088,5.359165808444902,9.268795056642636,5.359165808444902,0.027659375,False,True
push-only,110,16,75000,4043,380.9052683650754,26.960178085580015,0.1355429136779619,5.40563937670047,8.656937917388078,5.40563937670047,0.020940625,False,True
push-only,110,16,100000,3880,374.4845360824742,24.484536082474225,0.08634020618556701,4.780670103092784,7.989690721649485,4.780670103092784,0.011471875,False,True
push-only,110,16,150000,3986,386.35223281485196,17.059708981435023,0.05970898143502258,4.991219267436026,6.021073758153538,4.991219267436026,0.009546875,False,True
push-only,110,16,200000,3995,378.72340425531917,24.530663329161452,0.07584480600750938,5.126658322903629,5.006257822277847,5.126658322903629,0.01231875,False,True
push-only,110,16,300000,3951,397.8739559605163,17.21083270058213,0.10073399139458365,5.276385725132878,7.593014426727411,5.276385725132878,0.014521875,False,True
stack-read-only,101,16,500,3952,41.497975708502025,3.289473684210526,0.10374493927125505,0.5146761133603239,15.435222672064777,0.5146761133603239,0.343346875,False,True
stack-read-only,101,16,1000,3906,116.23143881208398,4.608294930875576,0.17434715821812596,1.1615463389656937,34.818228366615465,1.1615463389656937,0.190446875,False,True
stack-read-only,101,16,2000,3975,113.20754716981132,4.0251572327044025,0.18264150943396226,1.1881761006289309,36.9811320754717,1.1881761006289309,0.152740625,False,True
stack-read-only,101,16,3000,3944,101.41987829614604,4.563894523326572,0.20385395537525355,1.1848377281947262,29.158215010141987,1.1848377281947262,0.156665625,False,True
stack-read-only,101,16,5000,3861,111.11111111111111,3.626003626003626,0.20823620823620823,1.3177933177933179,36.001036001036,1.3177933177933179,0.15219375,False,True
stack-read-only,101,16,7500,3973,90.35992952428894,-0.7550969041026931,0.20387616410772716,1.147243896300025,30.95897306821042,1.147243896300025,0.160965625,False,True
stack-read-only,101,16,10000,3906,107.78289810547875,12.032770097286226,0.220942140296979,1.3929851510496671,42.242703533026116,1.3929851510496671,0.157728125,False,True
stack-read-only,101,16,15000,3953,128.25701998482165,12.901593726283835,0.22767518340500886,1.4920313685808246,40.47558816089046,1.4920313685808246,0.1337625,False,True
stack-read-only,101,16,20000,3937,122.93624587249174,9.398018796037592,0.2316484632969266,1.4371348742697485,43.18008636017272,1.4371348742697485,0.146875,False,True
stack-read-only,101,16,30000,3994,127.44116174261391,17.27591387080621,0.24036054081121683,1.5878818227341012,45.56835252879319,1.5878818227341012,0.13129375,False,True
stack-read-only,101,16,50000,3959,129.57817630714828,11.87168476888103,0.27734276332407176,1.5483708007072492,47.48673907552412,1.5483708007072492,0.141734375,False,True
stack-read-only,101,16,75000,3978,412.0160884866767,23.629964806435396,0.22171945701357465,5.733283056812469,12.31774761186526,5.733283056812469,0.034375,False,True
stack-read-only,101,16,100000,3968,381.30040322580646,26.20967741935484,0.11617943548387097,4.920866935483871,10.33266129032258,4.920866935483871,0.015546875,False,True
stack-read-only,101,16,150000,3963,387.83749684582386,38.35478173101186,0.13449407014887713,4.5104718647489275,9.084027252081757,4.5104718647489275,0.01706875,False,True
stack-read-only,101,16,200000,3928,402.2403258655805,35.132382892057024,0.11914460285132383,4.907077393075356,11.965376782077392,4.907077393075356,0.01608125,False,True
stack-read-only,101,16,300000,3962,389.19737506309946,35.84048460373549,0.09212518929833417,4.550227158001009,11.862695608278647,4.550227158001009,0.013959375,False,True
stack-read-only,102,16,500,3894,5.906522855675398,3.0816640986132513,0.09296353364149974,0.3315356959424756,5.906522855675398,0.3315356959424756,0.378715625,True,True
stack-read-only,102,16,1000,3890,29.82005141388175,1.5424164524421593,0.10205655526992288,0.4318766066838046,12.082262210796916,0.4318766066838046,0.355490625,False,True
stack-read-only,102,16,2000,3922,109.63793982661907,4.589495155532892,0.21545130035696072,1.2496175420703723,38.50076491585926,1.2496175420703723,0.14365625,False,True
stack-read-only,102,16,3000,3919,123.50089308497066,7.399846899719316,0.22633324827762183,1.3883643786680275,43.88874712936974,1.3883643786680275,0.134109375,False,True
stack-read-only,102,16,5000,3981,113.79050489826676,4.52147701582517,0.21301180607887465,1.3715146948003014,37.67897513187641,1.3715146948003014,0.146959375,False,True
stack-read-only,102,16,7500,3928,116.08961303462321,7.637474541751527,0.2484725050916497,1.4182790224032586,40.73319755600814,1.4182790224032586,0.14810625,False,True
stack-read-only,102,16,10000,3927,106.95187165775401,6.620830150241915,0.21517697988286225,1.1998981410746117,39.47033358798065,1.1998981410746117,0.162771875,False,True
stack-read-only,102,16,15000,3972,120.09063444108762,4.783484390735146,0.22885196374622357,1.3867069486404835,44.31017119838872,1.3867069486404835,0.1429125,False,True
stack-read-only,102,16,20000,4001,116.22094476380904,6.248437890527368,0.2456885778555361,1.32191952011997,44.23894026493377,1.32191952011997,0.148021875,False,True
stack-read-only,102,16,30000,3973,112.50943871130129,5.033979360684621,0.2511955700981626,1.34205889755852,41.2786307576139,1.34205889755852,0.15540625,False,True
stack-read-only,102,16,50000,3862,148.36872087001552,3.883997928534438,0.223459347488348,1.5561885033661316,54.375970999482135,1.5561885033661316,0.123421875,False,True
stack-read-only,102,16,75000,3908,132.03684749232343,13.817809621289662,0.2758444216990788,1.6292221084953942,48.87410440122825,1.6292221084953942,0.127559375,False,True
stack-read-only,102,16,100000,3924,123.34352701325179,13.25178389398573,0.24515800203873597,1.438073394495413,43.06829765545362,1.438073394495413,0.13385625,False,True
stack-read-only,102,16,150000,4027,327.539111000745,52.64464862180283,0.09262478271666252,4.475788428110255,9.932952570151478,4.475788428110255,0.01256875,False,True
stack-read-only,102,16,200000,3979,333.2495601910028,49.00728826338276,0.07841166122141241,4.485046494093994,7.7909022367429,4.485046494093994,0.01244375,False,True
stack-read-only,102,16,300000,3993,315.55221637866265,47.08239418983221,0.05509641873278237,4.269221136989732,6.260956674179814,4.269221136989732,0.00933125,False,True
stack-read-only,103,16,500,3932,6.612410986775178,3.306205493387589,0.08189216683621567,0.319175991861648,6.866734486266531,0.319175991861648,0.385003125,True,True
stack-read-only,103,16,1000,3956,5.5611729019211324,1.0111223458038423,0.05839231547017189,0.2287664307381193,2.5278058645096055,0.2287664307381193,0.384215625,True,True
stack-read-only,103,16,2000,3933,5.847953216374269,2.796847190439868,0.0828883803712179,0.277396389524536,6.102212051868802,0.277396389524536,0.379146875,True,True
stack-read-only,103,16,3000,3931,4.833375731366065,1.271940981938438,0.06614093106079878,0.25158992622742304,3.8158229458153143,0.25158992622742304,0.385921875,True,True
stack-read-only,103,16,5000,4001,40.23994001499625,5.498625343664084,0.1559610097475631,0.6763309172706823,19.99500124968758,0.6763309172706823,0.33324375,False,True
stack-read-only,103,16,7500,4027,109.51080208592003,8.93965731313633,0.22075987087161658,1.3615594735535137,44.44996275142786,1.3615594735535137,0.140453125,False,True
stack-read-only,103,16,10000,4022,134.2615614122327,16.161113873694678,0.24689209348582794,1.5974639482844355,47.737444057682744,1.5974639482844355,0.14418125,False,True
stack-read-only,103,16,15000,3931,318.74841007377256,24.166878656830324,0.31391503434240653,4.092597303485118,25.69320783515645,4.092597303485118,0.08040625,False,True
stack-read-only,103,16,20000,3911,402.71030427000767,28.381488110457685,0.2746100741498338,5.580158527230887,10.227563283047814,5.580158527230887,0.04298125,False,True
stack-read-only,103,16,30000,3864,392.5983436853002,26.13871635610766,0.22644927536231885,5.644668737060042,9.834368530020704,5.644668737060042,0.03646875,False,True
stack-read-only,103,16,50000,3924,398.31804281345563,28.032619775739043,0.16845056065239553,5.307594291539246,10.958205912334353,5.307594291539246,0.021075,False,True
stack-read-only,103,16,75000,3920,392.3469387755102,28.06122448979592,0.10739795918367347,5.025510204081633,10.714285714285714,5.025510204081633,0.01811875,False,True
stack-read-only,103,16,100000,3959,397.5751452386966,27.027027027027028,0.14347057337711544,5.175549381156857,11.619095731245263,5.175549381156857,0.021221875,False,True
stack-read-only,103,16,150000,3966,399.899142713061,31.265758951084216,0.1157337367624811,4.7970247100353,11.094301563287948,4.7970247100353,0.016425,False,True
stack-read-only,103,16,200000,3983,390.40923926688424,31.885513432086366,0.1054481546572935,4.731107205623902,13.055485814712528,4.731107205623902,0.013325,False,True
stack-read-only,103,16,300000,3908,386.1310133060389,33.776867963152505,0.1218014329580348,4.841095189355169,13.817809621289662,4.841095189355169,0.0176625,False,True
stack-read-only,104,16,500,3984,59.48795180722892,3.2630522088353415,0.14282128514056225,0.7600401606425703,22.08835341365462,0.7600401606425703,0.315978125,False,True
stack-read-only,104,16,1000,3953,110.54895016443207,2.2767518340500885,0.1945357955982798,1.1472299519352391,33.39236023273463,1.1472299519352391,0.15645,False,True
stack-read-only,104,16,2000,3975,92.0754716981132,5.534591194968553,0.19924528301886793,1.0455345911949685,31.949685534591193,1.0455345911949685,0.17215625,False,True
stack-read-only,104,16,3000,3977,98.31531305003772,3.0173497611264772,0.1606738747799849,1.0834800100578326,36.20819713351773,1.0834800100578326,0.1545,False,True
stack-read-only,104,16,5000,3987,102.83421118635566,5.517933283170303,0.23852520692249812,1.2299974918485077,40.130423877602205,1.2299974918485077,0.1646,False,True
stack-read-only,104,16,7500,3969,111.61501637692113,7.3066263542454015,0.22978080120937264,1.3207357016880827,43.08390022675737,1.3207357016880827,0.14118125,False,True
stack-read-only,104,16,10000,3950,90.12658227848101,5.822784810126582,0.1921518987341772,1.0944303797468355,33.924050632911396,1.0944303797468355,0.155925,False,True
stack-read-only,104,16,15000,3968,101.5625,6.300403225806452,0.20740927419354838,1.2253024193548387,30.99798387096774,1.2253024193548387,0.1555375,False,True
stack-read-only,104,16,20000,3987,110.35866566340607,7.2736393278154,0.22272385252069224,1.2600953097567094,41.38449962377727,1.2600953097567094,0.147375,False,True
stack-read-only,104,16,30000,3900,264.1025641025641,33.58974358974359,0.2387179487179487,3.6233333333333335,25.384615384615383,3.6233333333333335,0.08763125,False,True
stack-read-only,104,16,50000,4029,393.1496649292628,25.564656242243732,0.16827997021593447,5.30578307272276,7.197815835194837,5.30578307272276,0.028659375,False,True
stack-read-only,104,16,75000,3964,386.98284561049445,24.470232088799193,0.12209889001009082,5.410948536831484,9.838546922300706,5.410948536831484,0.01773125,False,True
stack-read-only,104,16,100000,3955,405.81542351453857,24.020227560050568,0.14892541087231354,5.32819216182048,5.562579013906448,5.32819216182048,0.021378125,False,True
stack-read-only,104,16,150000,3948,394.6301925025329,21.023302938196554,0.10840932117527863,5.073454913880446,6.838905775075988,5.073454913880446,0.01758125,False,True
stack-read-only,104,16,200000,3950,395.1898734177215,23.29113924050633,0.13265822784810127,5.171645569620253,7.0886075949367084,5.171645569620253,0.019034375,False,True
stack-read-only,104,16,300000,3989,384.3068438205064,23.31411381298571,0.114063675106543,5.0150413637503135,9.024818250188018,5.0150413637503135,0.0165625,False,True
stack-read-only,105,16,500,3949,82.55254494808813,0.5064573309698658,0.12484173208407191,0.8379336540896429,22.284122562674096,0.8379336540896429,0.281175,False,True
stack-read-only,105,16,1000,3950,134.9367088607595,0.5063291139240507,0.18556962025316456,1.3554430379746836,34.68354430379747,1.3554430379746836,0.1393125,False,True
stack-read-only,105,16,2000,3941,86.27251966505963,3.552397868561279,0.20299416391778735,0.9951788886069526,31.717838112154276,0.9951788886069526,0.171671875,False,True
stack-read-only,105,16,3000,3952,117.66194331983806,11.133603238866396,0.1938259109311741,1.346406882591093,45.54655870445344,1.346406882591093,0.149571875,False,True
stack-read-only,105,16,5000,3927,117.90170613700026,13.750954927425516,0.24598930481283424,1.4978354978354977,43.035395976572445,1.4978354978354977,0.138628125,False,True
stack-read-only,105,16,7500,4001,138.71532116970758,5.748562859285179,0.25943514121469635,1.535616095976006,46.98825293676581,1.535616095976006,0.12778125,False,True
stack-read-only,105,16,10000,3940,126.6497461928934,13.451776649746193,0.2517766497461929,1.4921319796954315,40.609137055837564,1.4921319796954315,0.14145,False,True
stack-read-only,105,16,15000,3957,127.62193580995704,6.0652009097801365,0.2304776345716452,1.5137730603992925,46.24715693707354,1.5137730603992925,0.1471625,False,True
stack-read-only,105,16,20000,3953,125.727295724766,11.889704022261574,0.2663799645838604,1.5018972931950418,45.78800910700733,1.5018972931950418,0.14548125,False,True
stack-read-only,105,16,30000,3904,294.5696721311475,27.4077868852459,0.2038934426229508,3.689549180327869,19.723360655737704,3.689549180327869,0.075265625,False,True
stack-read-only,105,16,50000,3898,391.2262698819908,21.549512570549,0.13596716264751155,5.1670087224217545,5.13083632632119,5.1670087224217545,0.02246875,False,True
stack-read-only,105,16,75000,3947,373.7015454775779,35.9766911578414,0.10134279199391943,4.932353686344059,7.600709399543957,4.932353686344059,0.01774375,False,True
stack-read-only,105,16,100000,3943,395.6378392087243,27.390311945219377,0.09890945980218108,5.288612731422774,5.833121988333756,5.288612731422774,0.017196875,False,True
stack-read-only,105,16,150000,3942,398.2749873160832,23.845763571790968,0.11009639776763064,5.231608320649417,8.625063419583968,5.231608320649417,0.016578125,False,True
stack-read-only,105,16,200000,3896,370.6365503080082,31.057494866529773,0.1175564681724846,4.933008213552362,6.673511293634497,4.933008213552362,0.01596875,False,True
stack-read-only,105,16,300000,4006,380.9286070893659,26.210683974038943,0.07913130304543185,4.954318522216675,7.488766849725412,4.954318522216675,0.012553125,False,True
stack-read-only,106,16,500,3934,4.829689883070666,4.829689883070666,0.085155058464667,0.29486527707168275,4.829689883070666,0.29486527707168275,0.38473125,True,True
stack-read-only,106,16,1000,3882,6.182380216383308,0.7727975270479135,0.08346213292117466,0.27125193199381764,4.379185986604843,0.27125193199381764,0.3820875,True,True
stack-read-only,106,16,2000,3906,6.1443932411674345,1.0240655401945724,0.08141321044546851,0.28008192524321557,6.656426011264721,0.28008192524321557,0.386865625,True,True
stack-read-only,106,16,3000,3992,8.016032064128256,1.503006012024048,0.08617234468937876,0.30060120240480964,6.2625250501002006,0.30060120240480964,0.3861,True,True
stack-read-only,106,16,5000,3927,85.05220269926153,1.5278838808250572,0.1787624140565317,0.9276801629742806,31.321619556913674,0.9276801629742806,0.2421,False,True
stack-read-only,106,16,7500,3939,86.82406702208682,2.2848438690022848,0.20665143437420666,1.1774562071591774,28.94135567402894,1.1774562071591774,0.159284375,False,True
stack-read-only,106,16,10000,3934,115.40416878495171,2.287747839349263,0.18479918657854602,1.2968988307066598,36.85815963396035,1.2968988307066598,0.15095625,False,True
stack-read-only,106,16,15000,3931,113.45713558890867,-2.543881963876876,0.20808954464512847,1.3734418722971253,35.10557110150089,1.3734418722971253,0.159984375,False,True
stack-read-only,106,16,20000,3910,112.02046035805627,11.764705882352942,0.23452685421994884,1.3902813299232737,39.38618925831202,1.3902813299232737,0.146075,False,True
stack-read-only,106,16,30000,3981,111.52976639035418,7.535795026375283,0.20698317005777442,1.3265511178095957,40.693293142426526,1.3265511178095957,0.149046875,False,True
stack-read-only,106,16,50000,3925,386.7515923566879,20.38216560509554,0.1826751592356688,4.749554140127389,12.48407643312102,4.749554140127389,0.0345375,False,True
stack-read-only,106,16,75000,3874,407.8471863706763,25.55498193082086,0.1892101187403201,5.6288074341765615,6.969540526587506,5.6288074341765615,0.0342875,False,True
stack-read-only,106,16,100000,3936,407.520325203252,23.3739837398374,0.25889227642276424,5.443089430894309,9.40040650406504,5.443089430894309,0.0385,False,True
stack-read-only,106,16,150000,3961,401.161322898258,24.74122696288816,0.21736935117394598,5.245645039131532,8.078767987881848,5.245645039131532,0.03654375,False,True
stack-read-only,106,16,200000,3928,408.09572301425663,28.0040733197556,0.24210794297352342,5.219195519348268,9.164969450101832,5.219195519348268,0.03958125,False,True
stack-read-only,106,16,300000,3938,411.6302691721686,23.36211274758761,0.21254443880142204,5.365159979685119,4.57084814626714,5.365159979685119,0.034546875,False,True
stack-read-only,107,16,500,3934,9.659379766141331,2.287747839349263,0.08998474834773768,0.3350279613624809,7.37163192679207,0.3350279613624809,0.379371875,True,True
stack-read-only,107,16,1000,3999,28.507126781695423,0.5001250312578145,0.11852963240810202,0.5158789697424356,14.50362590647662,0.5158789697424356,0.3508625,False,True
stack-read-only,107,16,2000,3946,76.02635580334515,7.602635580334516,0.15306639635073493,0.94272681196148,28.129751647237708,0.94272681196148,0.170109375,False,True
stack-read-only,107,16,3000,3970,102.01511335012594,3.7783375314861463,0.18488664987405543,1.1443324937027708,32.49370277078086,1.1443324937027708,0.158278125,False,True
stack-read-only,107,16,5000,3943,94.85163581029673,7.354805985290388,0.20136951559726096,1.1714430636571138,35.252345929495306,1.1714430636571138,0.164390625,False,True
stack-read-only,107,16,7500,3986,105.1179126944305,8.278976417461115,0.20496738585047666,1.3103361766181636,36.37732062217762,1.3103361766181636,0.1460125,False,True
stack-read-only,107,16,10000,3952,110.82995951417004,5.060728744939271,0.208248987854251,1.2231781376518218,35.17206477732793,1.2231781376518218,0.145703125,False,True
stack-read-only,107,16,15000,3967,119.98991681371314,9.579026972523318,0.24376102848500125,1.4575245777665742,41.34106377615326,1.4575245777665742,0.14501875,False,True
stack-read-only,107,16,20000,4005,127.09113607990012,7.990012484394507,0.23595505617977527,1.4878901373283395,40.69912609238452,1.4878901373283395,0.13515,False,True
stack-read-only,107,16,30000,3991,105.23678276121272,4.510147832623403,0.2109746930593836,1.2275119017790028,30.819343522926584,1.2275119017790028,0.154834375,False,True
stack-read-only,107,16,50000,3928,117.87169042769857,10.692464358452138,0.23294297352342158,1.4663951120162932,45.57026476578412,1.4663951120162932,0.14455,False,True
stack-read-only,107,16,75000,3955,392.41466498103665,28.31858407079646,0.1592920353982301,5.2417193426042985,7.838179519595449,5.2417193426042985,0.024671875,False,True
stack-read-only,107,16,100000,3965,373.266078184111,38.587641866330394,0.1021437578814628,4.707692307692308,6.0529634300126105,4.707692307692308,0.014846875,False,True
stack-read-only,107,16,150000,3975,382.8930817610063,22.89308176100629,0.09383647798742138,5.082264150943396,7.547169811320755,5.082264150943396,0.015578125,False,True
stack-read-only,107,16,200000,3929,409.51896156782897,21.88852125222703,0.12649529142275387,5.460422499363705,6.362942224484602,5.460422499363705,0.0177,False,True
stack-read-only,107,16,300000,4030,396.029776674938,21.83622828784119,0.1196029776674938,5.31166253101737,8.436724565756824,5.31166253101737,0.020059375,False,True
stack-read-only,108,16,500,3961,45.6955314314567,4.796768492804847,0.14768997727846503,0.6718000504923,20.701842968947236,0.6718000504923,0.31841875,False,True
stack-read-only,108,16,1000,3986,86.0511791269443,4.264927245358756,0.19844455594581034,1.0010035122930256,27.84746613146011,1.0010035122930256,0.22821875,False,True
stack-read-only,108,16,2000,4024,104.62226640159045,4.721669980119285,0.18836978131212723,1.1473658051689861,33.79721669980119,1.1473658051689861,0.168375,False,True
stack-read-only,108,16,3000,3934,93.79766141331977,3.5587188612099645,0.16293848500254193,1.14844941535333,28.215556685307575,1.14844941535333,0.1656875,False,True
stack-read-only,108,16,5000,3962,87.07723372034326,2.2715800100959114,0.20318021201413428,1.1186269560827864,31.54972236244321,1.1186269560827864,0.17395625,False,True
stack-read-only,108,16,7500,3950,81.51898734177215,-0.25316455696202533,0.1972151898734177,1.048860759493671,28.10126582278481,1.048860759493671,0.158384375,False,True
stack-read-only,108,16,10000,4024,109.09542743538768,3.727634194831014,0.22266401590457258,1.3769880715705765,30.566600397614312,1.3769880715705765,0.1601,False,True
stack-read-only,108,16,15000,3992,109.71943887775551,0.250501002004008,0.20165330661322645,1.2963426853707414,32.06412825651302,1.2963426853707414,0.14899375,False,True
stack-read-only,108,16,20000,3972,110.02014098690836,9.818731117824774,0.24219536757301108,1.350453172205438,36.5055387713998,1.350453172205438,0.146965625,False,True
stack-read-only,108,16,30000,3931,123.88705164080386,9.41236326634444,0.22513355380310354,1.4841007377257696,35.61434749427627,1.4841007377257696,0.140346875,False,True
stack-read-only,108,16,50000,4017,139.40751804829475,12.696041822255415,0.256908140403286,1.549663928304705,44.80955937266617,1.549663928304705,0.134846875,False,True
stack-read-only,108,16,75000,3910,115.08951406649616,15.089514066496164,0.23452685421994884,1.4583120204603581,40.40920716112532,1.4583120204603581,0.143059375,False,True
stack-read-only,108,16,100000,3935,117.9161372299873,11.689961880559085,0.25819567979669633,1.4355781448538756,45.7433290978399,1.4355781448538756,0.135865625,False,True
stack-read-only,108,16,150000,3946,410.0354789660416,18.49974657881399,0.05727318803852002,5.120881905727319,5.575266092245312,5.120881905727319,0.008971875,False,True
stack-read-only,108,16,200000,3980,397.9899497487437,19.849246231155778,0.05879396984924623,5.343969849246231,9.547738693467336,5.343969849246231,0.008490625,False,True
stack-read-only,108,16,300000,3941,400.4059883278356,16.747018523217456,0.06495813245369196,5.444557218979955,8.119766556711495,5.444557218979955,0.008990625,False,True
stack-read-only,109,16,500,3956,8.341759352881699,3.286147623862487,0.089737108190091,0.3250758341759353,7.077856420626896,0.3250758341759353,0.381346875,True,True
stack-read-only,109,16,1000,3936,46.7479674796748,3.048780487804878,0.10899390243902439,0.6600609756097561,14.989837398373984,0.6600609756097561,0.3156125,False,True
stack-read-only,109,16,2000,3990,115.78947368421052,2.255639097744361,0.18771929824561404,1.2100250626566416,34.83709273182957,1.2100250626566416,0.143234375,False,True
stack-read-only,109,16,3000,3896,107.03285420944559,4.363449691991787,0.18737166324435317,1.3190451745379876,39.52772073921971,1.3190451745379876,0.160353125,False,True
stack-read-only,109,16,5000,3942,108.06697108066972,9.89345509893455,0.24606798579401318,1.3939624556062913,37.54439370877727,1.3939624556062913,0.156434375,False,True
stack-read-only,109,16,7500,3965,116.51954602774275,8.575031525851198,0.23430012610340478,1.4030264817150062,44.89281210592686,1.4030264817150062,0.14765625,False,True
stack-read-only,109,16,10000,3914,272.6111394992335,29.381706693919263,0.27261113949923355,3.504598875830353,29.12621359223301,3.504598875830353,0.0824125,False,True
stack-read-only,109,16,15000,3956,403.1850353892821,29.069767441860463,0.2550556117290192,5.476744186046512,7.077856420626896,5.476744186046512,0.0447625,False,True
stack-read-only,109,16,20000,3958,385.54825669530067,29.560384032339567,0.2256189994946943,5.102577059120768,9.348155634158665,5.102577059120768,0.0404375,False,True
stack-read-only,109,16,30000,4005,388.01498127340824,30.711610486891384,0.1560549313358302,5.142322097378277,9.488139825218477,5.142322097378277,0.01975,False,True
stack-read-only,109,16,50000,3963,389.85616956850873,22.962402220539996,0.10598031794095382,5.0083270249810745,6.056018168054504,5.0083270249810745,0.017334375,False,True
stack-read-only,109,16,75000,3980,388.4422110552764,24.371859296482413,0.11407035175879397,5.253517587939698,7.5376884422110555,5.253517587939698,0.0163,False,True
stack-read-only,109,16,100000,3888,393.51851851851853,20.061728395061728,0.06275720164609054,5.135545267489712,4.886831275720165,5.135545267489712,0.009990625,False,True
stack-read-only,109,16,150000,4055,387.6695437731196,21.701602959309493,0.06535141800246609,5.196300863131936,8.631319358816276,5.196300863131936,0.011165625,False,True
stack-read-only,109,16,200000,3944,386.91683569979716,22.058823529411764,0.05425963488843814,4.889452332657201,6.592292089249493,4.889452332657201,0.00825,False,True
stack-read-only,109,16,300000,3912,392.63803680981596,21.21676891615542,0.09892638036809816,5.160276073619632,6.901840490797546,5.160276073619632,0.0149625,False,True
stack-read-only,110,16,500,3929,7.126495291422754,2.0361415118350727,0.08933570883176381,0.2792059048103843,6.87197760244337,0.2792059048103843,0.383671875,True,True
stack-read-only,110,16,1000,4004,5.4945054945054945,1.998001998001998,0.07792207792207792,0.2744755244755245,5.744255744255744,0.2744755244755245,0.384221875,True,True
stack-read-only,110,16,2000,3893,7.706139224248651,2.5687130747495504,0.08091446185461083,0.30310814282044696,7.192396609298742,0.30310814282044696,0.3802625,True,True
stack-read-only,110,16,3000,4006,64.65302046929605,2.4962556165751373,0.12581128307538691,0.7503744383424863,17.47378931602596,0.7503744383424863,0.255653125,False,True
stack-read-only,110,16,5000,3968,99.04233870967742,5.544354838709677,0.17943548387096775,1.1469254032258065,34.52620967741935,1.1469254032258065,0.15975625,False,True
stack-read-only,110,16,7500,3924,100.66258919469928,7.6452599388379205,0.20591233435270132,1.2568807339449541,29.306829765545363,1.2568807339449541,0.153071875,False,True
stack-read-only,110,16,10000,4000,126.5,12.75,0.23625,1.47475,51.5,1.47475,0.13149375,False,True
stack-read-only,110,16,15000,3892,142.34326824254882,11.819116135662899,0.28905447070914697,1.617677286742035,46.76258992805755,1.617677286742035,0.136584375,False,True
stack-read-only,110,16,20000,3886,126.86567164179104,9.006690684508492,0.23160061760164694,1.5056613484302626,43.74678332475553,1.5056613484302626,0.1415625,False,True
stack-read-only,110,16,30000,3912,407.46421267893663,28.374233128834355,0.2528118609406953,5.915132924335379,12.781186094069529,5.915132924335379,0.036234375,False,True
stack-read-only,110,16,50000,3881,393.9706261272868,31.950528214377737,0.12213347075496006,4.964699819634115,15.202267456841021,4.964699819634115,0.017528125,False,True
stack-read-only,110,16,75000,4043,395.0037101162503,35.617116002968096,0.1179816967598318,4.8157308929013105,11.625030917635419,4.8157308929013105,0.016215625,False,True
stack-read-only,110,16,100000,3897,385.68129330254044,37.46471644855016,0.09366179112137542,4.630998203746472,9.494482935591481,4.630998203746472,0.01368125,False,True
stack-read-only,110,16,150000,3965,391.4249684741488,32.78688524590164,0.09609079445145019,4.713997477931904,11.349306431273645,4.713997477931904,0.01483125,False,True
stack-read-only,110,16,200000,3988,373.8716148445336,30.341023069207623,0.09754262788365095,4.585506519558676,12.286860581745236,4.585506519558676,0.01450625,False,True
stack-read-only,110,16,300000,3940,385.78680203045684,37.055837563451774,0.10355329949238579,4.665989847715736,11.928934010152284,4.665989847715736,0.014925,False,True
stack-write-only,101,16,500,3938,0.0,0.25393600812595224,0.0228542407313357,0.095733875063484,0.5078720162519045,0.095733875063484,0.152259375,True,True
stack-write-only,101,16,1000,3897,0.0,0.0,0.021298434693353862,0.09212214523992815,0.25660764690787785,0.09212214523992815,0.161209375,True,True
stack-write-only,101,16,2000,3981,0.0,0.25119316754584275,0.02210499874403416,0.08841999497613665,0.0,0.08841999497613665,0.1622,True,True
stack-write-only,101,16,3000,3952,0.0,0.5060728744939271,0.03213562753036437,0.10804655870445344,0.25303643724696356,0.10804655870445344,0.16375625,True,True
stack-write-only,101,16,5000,3873,0.0,0.0,0.01884843790343403,0.0839142783372063,0.2581977794990963,0.0839142783372063,0.162653125,True,True
stack-write-only,101,16,7500,3965,0.0,0.0,0.018915510718789406,0.08549810844892812,0.0,0.08549810844892812,0.16326875,True,True
stack-write-only,101,16,10000,3915,0.0,0.2554278416347382,0.020689655172413793,0.09246487867177522,0.0,0.09246487867177522,0.16105,True,True
stack-write-only,101,16,15000,3935,0.0,0.25412960609911056,0.02337992376111817,0.09097839898348158,0.25412960609911056,0.09097839898348158,0.16326875,True,True
stack-write-only,101,16,20000,3938,0.0,0.0,0.020822752666328086,0.08862366683595733,0.0,0.08862366683595733,0.161915625,True,True
stack-write-only,101,16,30000,4012,0.0,0.0,0.024426719840478565,0.09147557328015953,0.0,0.09147557328015953,0.163334375,True,True
stack-write-only,101,16,50000,3964,0.0,0.5045408678102926,0.021695257315842584,0.08930373360242179,0.0,0.08930373360242179,0.1615,True,True
stack-write-only,101,16,75000,3981,0.0,0.25119316754584275,0.02009545340366742,0.08188897261994474,0.25119316754584275,0.08188897261994474,0.1656875,True,True
stack-write-only,101,16,100000,3960,0.0,0.7575757575757576,0.02297979797979798,0.09191919191919191,0.25252525252525254,0.09191919191919191,0.1643125,True,True
stack-write-only,101,16,150000,3993,383.42098672677184,25.043826696719258,0.067618332081142,4.867267718507388,8.514901076884549,4.867267718507388,0.0112,False,True
stack-write-only,101,16,200000,3912,398.51738241308794,19.683026584867076,0.05521472392638037,5.460122699386503,6.6462167689161555,5.460122699386503,0.008903125,False,True
stack-write-only,101,16,300000,3963,402.2205399949533,19.934393136512742,0.04314912944738834,5.230381024476407,6.813020439061317,5.230381024476407,0.007440625,False,True
stack-write-only,102,16,500,3898,0.0,0.2565418163160595,0.020266803488968702,0.09261159569009748,0.2565418163160595,0.09261159569009748,0.152228125,True,True
stack-write-only,102,16,1000,3889,0.0,0.0,0.01851375674980715,0.08434044741578813,0.5142710208279764,0.08434044741578813,0.1604625,True,True
stack-write-only,102,16,2000,3927,0.0,0.0,0.019098548510313215,0.08377896613190731,0.0,0.08377896613190731,0.16083125,True,True
stack-write-only,102,16,3000,3941,0.0,0.2537427048972342,0.020045673686881503,0.09642222786094899,0.7612281146917026,0.09642222786094899,0.1658,True,True
stack-write-only,102,16,5000,3985,0.0,0.25094102885821834,0.02383939774153074,0.08782936010037641,0.0,0.08782936010037641,0.1644375,True,True
stack-write-only,102,16,7500,3919,0.25516713447307987,0.5103342689461597,0.025771880581781068,0.09288083694820107,0.5103342689461597,0.09288083694820107,0.162378125,True,True
stack-write-only,102,16,10000,3950,0.0,0.0,0.017468354430379748,0.07341772151898734,0.759493670886076,0.07341772151898734,0.1643125,True,True
stack-write-only,102,16,15000,3956,0.0,0.2527805864509606,0.024014155712841254,0.09706774519716886,0.5055611729019212,0.09706774519716886,0.1654375,True,True
stack-write-only,102,16,20000,3991,0.0,0.5011275369581558,0.03132047105988474,0.09947381608619393,0.0,0.09947381608619393,0.162459375,True,True
stack-write-only,102,16,30000,3980,0.0,0.25125628140703515,0.02135678391959799,0.07412060301507538,1.0050251256281406,0.07412060301507538,0.16489375,True,True
stack-write-only,102,16,50000,3897,0.0,0.0,0.019502181164998716,0.08929946112394149,0.25660764690787785,0.08929946112394149,0.164284375,True,True
stack-write-only,102,16,75000,3895,0.0,0.0,0.018998716302952502,0.08189987163029525,0.0,0.08189987163029525,0.16056875,True,True
stack-write-only,102,16,100000,3912,402.09611451942743,20.449897750511248,0.08103271983640081,5.489775051124744,6.6462167689161555,5.489775051124744,0.0131875,True,True
stack-write-only,102,16,150000,4035,399.75216852540274,18.09169764560099,0.04114002478314746,5.22453531598513,6.691449814126394,5.22453531598513,0.005653125,True,True
stack-write-only,102,16,200000,3981,387.59105752323535,25.37050992213012,0.041698065812609895,5.078121075106757,6.279829188646069,5.078121075106757,0.007684375,True,True
stack-write-only,102,16,300000,3959,408.1838848193988,17.428643596867897,0.03308916393028542,5.418792624400101,7.325082091437231,5.418792624400101,0.0051625,False,True
stack-write-only,103,16,500,3936,0.2540650406504065,0.0,0.02972560975609756,0.10721544715447154,0.2540650406504065,0.10721544715447154,0.152371875,True,False
stack-write-only,103,16,1000,3972,0.0,0.25176233635448136,0.023162134944612285,0.10120845921450151,0.25176233635448136,0.10120845921450151,0.160609375,True,False
stack-write-only,103,16,2000,3934,0.0,0.0,0.022623284189120487,0.0826131164209456,0.2541942043721403,0.0826131164209456,0.166428125,True,False
stack-write-only,103,16,3000,3928,0.0,0.5091649694501018,0.01705702647657841,0.07459266802443992,0.2545824847250509,0.07459266802443992,0.163928125,True,False
stack-write-only,103,16,5000,3996,0.0,0.0,0.01951951951951952,0.08033033033033032,0.2502502502502503,0.08033033033033032,0.16334375,True,False
stack-write-only,103,16,7500,4022,0.0,0.2486325211337643,0.018398806563898557,0.08453505718547986,0.0,0.08453505718547986,0.163578125,True,False
stack-write-only,103,16,10000,4023,0.0,0.24857071836937608,0.023862788963460103,0.08053691275167785,0.24857071836937608,0.08053691275167785,0.16118125,True,False
stack-write-only,103,16,15000,3944,0.0,0.7606490872210954,0.02712981744421907,0.09964503042596348,0.2535496957403651,0.09964503042596348,0.16153125,True,False
stack-write-only,103,16,20000,3910,0.0,0.2557544757033248,0.030434782608695653,0.08670076726342711,0.2557544757033248,0.08670076726342711,0.163146875,True,False
stack-write-only,103,16,30000,3852,0.0,0.25960539979231567,0.02050882658359294,0.08333333333333333,0.0,0.08333333333333333,0.16656875,True,False
stack-write-only,103,16,50000,3915,0.0,0.0,0.01966794380587484,0.0950191570881226,0.2554278416347382,0.0950191570881226,0.166909375,True,False
stack-write-only,103,16,75000,3924,0.0,0.0,0.021406727828746176,0.0899592252803262,0.509683995922528,0.0899592252803262,0.164365625,True,False
stack-write-only,103,16,100000,3936,386.6869918699187,23.628048780487806,0.025914634146341462,4.957063008130081,6.3516260162601625,4.957063008130081,0.004375,True,False
stack-write-only,103,16,150000,3961,398.3842464024236,16.409997475385005,0.036354455945468316,5.091138601363292,5.806614491290079,5.091138601363292,0.005834375,True,False
stack-write-only,103,16,200000,3995,390.4881101376721,17.77221526908636,0.03504380475594493,5.019524405506884,7.259073842302879,5.019524405506884,0.005653125,True,False
stack-write-only,103,16,300000,3918,394.0786115364982,23.481368044920877,0.04543134252169474,5.060490045941807,5.870342011230219,5.060490045941807,0.007975,True,False
stack-write-only,104,16,500,3984,0.0,0.0,0.02535140562248996,0.09262048192771084,0.25100401606425704,0.09262048192771084,0.153040625,True,True
stack-write-only,104,16,1000,3949,0.0,0.5064573309698658,0.02279057989364396,0.09496074955684984,0.0,0.09496074955684984,0.161365625,True,True
stack-write-only,104,16,2000,3965,0.0,0.0,0.025472887767969736,0.10012610340479193,0.25220680958385877,0.10012610340479193,0.164584375,True,True
stack-write-only,104,16,3000,3973,0.0,0.2516989680342311,0.019632519506670023,0.0923735212685628,0.2516989680342311,0.0923735212685628,0.16510625,True,True
stack-write-only,104,16,5000,3992,0.0,0.0,0.017284569138276553,0.08967935871743488,0.250501002004008,0.08967935871743488,0.16201875,True,True
stack-write-only,104,16,7500,3950,126.32911392405063,9.620253164556962,0.08531645569620253,1.5617721518987342,2.278481012658228,1.5617721518987342,0.122996875,True,True
stack-write-only,104,16,10000,3974,389.5319577252139,27.42828384499245,0.1517362858580775,5.316305988928033,9.813789632611979,5.316305988928033,0.0295875,True,True
stack-write-only,104,16,15000,3978,381.0960281548517,19.859225741578683,0.14303670186023126,5.108094519859225,7.038712921065862,5.108094519859225,0.0287875,True,True
stack-write-only,104,16,20000,3982,369.66348568558516,17.83023606228026,0.14515318935208438,5.032144650929181,9.794073329984933,5.032144650929181,0.028625,True,True
stack-write-only,104,16,30000,3895,400.5134788189987,20.282413350449293,0.13530166880616173,5.298074454428755,4.364569961489089,5.298074454428755,0.025234375,True,True
stack-write-only,104,16,50000,4027,388.37844549292276,25.577352868140053,0.09783958281599206,5.458654084926745,5.959771542090887,5.458654084926745,0.017290625,True,True
stack-write-only,104,16,75000,3946,398.8849467815509,22.047643182970095,0.038266599087683734,5.197161682716676,6.082108464267613,5.197161682716676,0.00568125,True,True
stack-write-only,104,16,100000,3965,389.65952080706177,23.95964691046658,0.04388398486759142,5.002522068095838,3.278688524590164,5.002522068095838,0.00699375,False,True
stack-write-only,104,16,150000,3927,394.44868856633565,22.91825821237586,0.04863763687293099,5.142602495543672,4.583651642475172,5.142602495543672,0.007346875,False,True
stack-write-only,104,16,200000,3946,404.9670552458185,21.033958438925495,0.0481500253421186,5.346173340091232,6.3355296502787635,5.346173340091232,0.006834375,False,True
stack-write-only,104,16,300000,3977,399.2959517224038,20.870002514458136,0.04752325873774202,5.117676640683933,5.531807895398542,5.117676640683933,0.00686875,False,True
stack-write-only,105,16,500,3953,0.0,0.0,0.024032380470528712,0.09891221856817607,0.5059448520111308,0.09891221856817607,0.153240625,True,False
stack-write-only,105,16,1000,3949,0.0,0.2532286654849329,0.02962775386173715,0.10863509749303621,0.0,0.10863509749303621,0.161640625,True,False
stack-write-only,105,16,2000,3944,0.0,0.2535496957403651,0.02636916835699797,0.10192697768762678,0.2535496957403651,0.10192697768762678,0.162390625,True,False
stack-write-only,105,16,3000,3964,0.0,0.0,0.021442986881937437,0.08198789101917256,0.0,0.08198789101917256,0.16456875,True,False
stack-write-only,105,16,5000,3929,0.0,0.2545176889793841,0.02188852125222703,0.08679053194196996,0.0,0.08679053194196996,0.162075,True,False
stack-write-only,105,16,7500,3993,0.0,0.0,0.016779363886801905,0.094916103180566,0.0,0.094916103180566,0.163446875,True,False
stack-write-only,105,16,10000,3929,0.0,0.2545176889793841,0.02061593280733011,0.09009926189870196,0.0,0.09009926189870196,0.164934375,True,False
stack-write-only,105,16,15000,3964,0.0,0.2522704339051463,0.020686175580221997,0.08627648839556004,0.5045408678102926,0.08627648839556004,0.163828125,True,False
stack-write-only,105,16,20000,3955,0.0,0.2528445006321112,0.021491782553729456,0.09304677623261694,0.2528445006321112,0.09304677623261694,0.163040625,True,False
stack-write-only,105,16,30000,3902,0.0,0.0,0.01973347001537673,0.07483341875961046,0.0,0.07483341875961046,0.16395,True,False
stack-write-only,105,16,50000,3908,0.0,0.0,0.02302968270214944,0.09416581371545547,0.5117707267144319,0.09416581371545547,0.16381875,True,False
stack-write-only,105,16,75000,3942,392.44038559107054,12.430238457635719,0.056823947234906136,4.917554540842212,6.0882800608828,4.917554540842212,0.008346875,True,False
stack-write-only,105,16,100000,3944,399.34077079107504,18.76267748478702,0.04056795131845842,5.323782961460446,5.070993914807302,5.323782961460446,0.006871875,True,False
stack-write-only,105,16,150000,3945,402.0278833967047,18.75792141951838,0.022053231939163497,5.436755386565273,7.3510773130545,5.436755386565273,0.00415625,True,False
stack-write-only,105,16,200000,3895,400.7702182284981,19.76893453145058,0.059050064184852376,5.275481386392811,6.93196405648267,5.275481386392811,0.008446875,True,False
stack-write-only,105,16,300000,4020,386.318407960199,21.393034825870647,0.030845771144278607,5.124129353233831,7.213930348258707,5.124129353233831,0.00538125,True,False
stack-write-only,106,16,500,3968,0.0,0.0,0.02242943548387097,0.0985383064516129,0.7560483870967742,0.0985383064516129,0.149196875,True,True
stack-write-only,106,16,1000,3893,0.0,0.0,0.026714615977395325,0.08733624454148471,0.5137426149499101,0.08733624454148471,0.16085625,True,True
stack-write-only,106,16,2000,3934,0.0,0.5083884087442806,0.02567361464158617,0.10371123538383324,0.0,0.10371123538383324,0.163146875,True,True
stack-write-only,106,16,3000,4002,0.0,0.0,0.023238380809595203,0.0944527736131934,0.0,0.0944527736131934,0.163303125,True,True
stack-write-only,106,16,5000,3937,0.0,0.0,0.021336042672085345,0.09474218948437897,0.254000508001016,0.09474218948437897,0.166325,True,True
stack-write-only,106,16,7500,3938,0.0,0.0,0.02260030472320975,0.0840528186896902,0.5078720162519045,0.0840528186896902,0.16413125,True,True
stack-write-only,106,16,10000,3952,0.0,0.0,0.021002024291497976,0.0951417004048583,0.25303643724696356,0.0951417004048583,0.162015625,True,True
stack-write-only,106,16,15000,3947,0.0,0.25335697998479856,0.02888269571826704,0.10539650367367621,0.25335697998479856,0.10539650367367621,0.16705,True,True
stack-write-only,106,16,20000,3903,0.0,0.0,0.02126569305662311,0.07814501665385601,0.25621316935690497,0.07814501665385601,0.163271875,True,True
stack-write-only,106,16,30000,3982,0.0,0.0,0.024610748367654443,0.09668508287292818,0.25113008538422904,0.09668508287292818,0.1644625,True,True
stack-write-only,106,16,50000,3930,390.33078880407123,20.865139949109416,0.048091603053435114,5.459796437659033,8.396946564885496,5.459796437659033,0.0080375,False,True
stack-write-only,106,16,75000,3875,396.38709677419354,35.61290322580645,0.05470967741935484,5.093935483870967,8.516129032258064,5.093935483870967,0.0092,False,True
stack-write-only,106,16,100000,3903,392.0061491160646,35.35741737125288,0.033820138355111454,4.703817576223418,10.504739943633103,4.703817576223418,0.00514375,False,True
stack-write-only,106,16,150000,3964,385.97376387487384,30.77699293642785,0.020433905146316853,4.705600403632694,9.081735620585267,4.705600403632694,0.003921875,False,True
stack-write-only,106,16,200000,3923,387.458577619169,28.03976548559776,0.028039765485597758,4.863879683915371,7.902115727759368,4.863879683915371,0.005025,False,True
stack-write-only,106,16,300000,3939,393.5008885503935,33.25717187103326,0.03808073115003808,4.832952526021833,10.916476263010917,4.832952526021833,0.00513125,False,True
stack-write-only,107,16,500,3947,0.0,0.25335697998479856,0.024322270078540664,0.08715480111477071,0.0,0.08715480111477071,0.152284375,True,True
stack-write-only,107,16,1000,4008,0.0,0.499001996007984,0.025199600798403193,0.09755489021956087,0.0,0.09755489021956087,0.163596875,True,True
stack-write-only,107,16,2000,3965,0.0,0.0,0.02042875157629256,0.07238335435056746,0.0,0.07238335435056746,0.1637625,True,True
stack-write-only,107,16,3000,3976,0.0,0.5030181086519114,0.02716297786720322,0.0920523138832998,0.2515090543259557,0.0920523138832998,0.16218125,True,True
stack-write-only,107,16,5000,3958,0.0,0.25265285497726125,0.025517938352703384,0.08767054067710965,0.0,0.08767054067710965,0.16155625,True,True
stack-write-only,107,16,7500,3990,0.0,0.2506265664160401,0.02280701754385965,0.0837092731829574,0.0,0.0837092731829574,0.164959375,True,True
stack-write-only,107,16,10000,3942,0.0,0.0,0.021562658548959918,0.08777270421106037,0.0,0.08777270421106037,0.165065625,True,True
stack-write-only,107,16,15000,3968,0.0,0.25201612903225806,0.028729838709677418,0.09929435483870967,0.5040322580645161,0.09929435483870967,0.16201875,True,True
stack-write-only,107,16,20000,3998,0.0,0.0,0.02176088044022011,0.09254627313656828,0.25012506253126565,0.09254627313656828,0.164603125,True,True
stack-write-only,107,16,30000,3987,0.0,0.0,0.027338851266616504,0.10208176573865062,0.0,0.10208176573865062,0.1644375,True,True
stack-write-only,107,16,50000,3916,0.0,0.5107252298263534,0.016598569969356484,0.07967313585291114,0.2553626149131767,0.07967313585291114,0.163371875,True,True
stack-write-only,107,16,75000,3939,0.0,0.0,0.018532622493018534,0.08377760853008377,0.5077430820005078,0.08377760853008377,0.16386875,True,True
stack-write-only,107,16,100000,3963,372.1927832450164,39.11178400201867,0.050719152157456475,5.13777441332324,6.056018168054504,5.13777441332324,0.00885,False,True
stack-write-only,107,16,150000,4010,387.7805486284289,34.1645885286783,0.037655860349127185,4.822942643391521,8.229426433915211,4.822942643391521,0.00540625,False,True
stack-write-only,107,16,200000,3927,378.6605551311434,44.053985230455815,0.0789406671759613,4.53475935828877,6.366182836771072,4.53475935828877,0.01134375,False,True
stack-write-only,107,16,300000,4017,357.2317649987553,43.56484939009211,0.08961911874533234,4.406024396315658,5.227781926811053,4.406024396315658,0.015296875,False,True
stack-write-only,108,16,500,3962,0.0,0.0,0.0204442200908632,0.07874810701665826,0.2523977788995457,0.07874810701665826,0.1514875,True,True
stack-write-only,108,16,1000,4007,0.0,0.2495632642874969,0.01123034689293736,0.07761417519341153,0.2495632642874969,0.07761417519341153,0.160496875,True,True
stack-write-only,108,16,2000,3990,0.0,0.5012531328320802,0.016040100250626566,0.07969924812030076,0.0,0.07969924812030076,0.162878125,True,True
stack-write-only,108,16,3000,3956,0.0,0.0,0.025530839231547017,0.09327603640040445,0.2527805864509606,0.09327603640040445,0.163921875,True,True
stack-write-only,108,16,5000,3962,0.0,0.5047955577990914,0.024734982332155476,0.09010600706713781,0.0,0.09010600706713781,0.165146875,True,True
stack-write-only,108,16,7500,3938,0.0,0.0,0.023869984763839513,0.08760792280345353,0.0,0.08760792280345353,0.164825,True,True
stack-write-only,108,16,10000,4045,0.0,0.24721878862793573,0.02595797280593325,0.09987639060568604,0.0,0.09987639060568604,0.1644125,True,True
stack-write-only,108,16,15000,3981,0.0,0.0,0.01808590806330068,0.07586033659884452,0.5023863350916855,0.07586033659884452,0.164134375,True,True
stack-write-only,108,16,20000,3993,0.0,0.0,0.019033308289506636,0.07938893062860004,0.25043826696719257,0.07938893062860004,0.16368125,True,True
stack-write-only,108,16,30000,3943,383.2107532335785,32.46259193507482,0.09459802181080396,5.103220897793558,7.862033984275932,5.103220897793558,0.0176875,False,True
stack-write-only,108,16,50000,3958,408.53966649823144,19.959575543203638,0.06417382516422436,5.7546740778170795,7.832238504295098,5.7546740778170795,0.010109375,False,True
stack-write-only,108,16,75000,3913,378.22642473805263,28.36698185535395,0.02402248913876821,4.42320470227447,8.177868642984922,4.42320470227447,0.00300625,False,True
stack-write-only,108,16,100000,3955,363.3375474083439,43.48925410872314,0.025537294563843238,3.834134007585335,8.34386852085967,3.834134007585335,0.004025,False,True
stack-write-only,108,16,150000,3925,375.79617834394907,39.745222929936304,0.018089171974522294,3.819872611464968,9.936305732484076,3.819872611464968,0.002934375,False,True
stack-write-only,108,16,200000,3959,369.53776206112656,41.42460217226572,0.015913109371053297,4.213942914877494,7.830260166708765,4.213942914877494,0.00279375,False,True
stack-write-only,108,16,300000,3923,377.7721131786898,37.216416008157026,0.016568952332398676,4.435126178944685,9.431557481519246,4.435126178944685,0.002628125,False,True
stack-write-only,109,16,500,3944,0.0,0.2535496957403651,0.017494929006085194,0.09001014198782961,0.0,0.09001014198782961,0.150965625,True,True
stack-write-only,109,16,1000,3905,0.0,0.0,0.026376440460947503,0.08297055057618438,0.2560819462227913,0.08297055057618438,0.162603125,True,True
stack-write-only,109,16,2000,3991,0.0,0.5011275369581558,0.028063142069656728,0.09446254071661238,0.0,0.09446254071661238,0.163696875,True,True
stack-write-only,109,16,3000,3925,0.0,0.25477707006369427,0.028789808917197453,0.09859872611464968,1.019108280254777,0.09859872611464968,0.16514375,True,True
stack-write-only,109,16,5000,3960,8.585858585858587,0.7575757575757576,0.02727272727272727,0.19696969696969696,0.7575757575757576,0.19696969696969696,0.15780625,True,True
stack-write-only,109,16,7500,3937,405.1308102616205,23.876047752095506,0.11226822453644908,5.6057912115824235,10.414020828041656,5.6057912115824235,0.017221875,True,True
stack-write-only,109,16,10000,3909,395.75338961371193,25.07035047326682,0.05500127909951394,5.495011511895625,8.953696597595293,5.495011511895625,0.010325,True,True
stack-write-only,109,16,15000,3949,398.8351481387693,26.589009875917952,0.04330210179792352,5.347176500379843,10.382375284882249,5.347176500379843,0.007434375,True,True
stack-write-only,109,16,20000,3946,397.11099847947287,26.862645717181955,0.060060821084642675,5.448302078053725,5.321844906234161,5.448302078053725,0.009359375,False,True
stack-write-only,109,16,30000,4006,401.1482775836246,29.45581627558662,0.03544682975536695,5.3876684972541184,6.989515726410384,5.3876684972541184,0.005309375,False,True
stack-write-only,109,16,50000,3981,398.64355689525246,21.351419241396634,0.02738005526249686,5.2637528259231345,5.526249686008541,5.2637528259231345,0.00385625,False,True
stack-write-only,109,16,75000,3970,399.74811083123427,24.43324937027708,0.035516372795969774,5.151385390428212,5.037783375314861,5.151385390428212,0.006565625,False,True
stack-write-only,109,16,100000,3847,390.95399012217314,22.874967507148426,0.03171302313491032,5.068105016896283,6.498570314530803,5.068105016896283,0.005840625,False,True
stack-write-only,109,16,150000,4025,402.2360248447205,26.08695652173913,0.040248447204968944,5.272546583850931,4.472049689440993,5.272546583850931,0.00665,False,True
stack-write-only,109,16,200000,3937,378.71475742951486,29.21005842011684,0.035814071628143256,5.036068072136144,6.858013716027432,5.036068072136144,0.00605625,False,True
stack-write-only,109,16,300000,3913,399.69332992588807,20.444671607462304,0.04625606951188346,5.1339125990288785,4.34449271658574,5.1339125990288785,0.0075,False,True
stack-write-only,110,16,500,3930,0.0,0.0,0.025190839694656488,0.09033078880407125,0.5089058524173028,0.09033078880407125,0.14966875,True,True
stack-write-only,110,16,1000,4010,0.0,0.24937655860349128,0.024688279301745636,0.08379052369077307,0.49875311720698257,0.08379052369077307,0.160509375,True,True
stack-write-only,110,16,2000,3896,0.0,0.0,0.024127310061601643,0.0952258726899384,0.0,0.0952258726899384,0.167046875,True,True
stack-write-only,110,16,3000,4000,0.0,0.0,0.02475,0.091,0.75,0.091,0.16361875,True,True
stack-write-only,110,16,5000,3988,0.0,0.5015045135406219,0.02432296890672016,0.09829488465396188,0.0,0.09829488465396188,0.161771875,True,True
stack-write-only,110,16,7500,3915,0.0,0.0,0.016602809706257982,0.07841634738186462,0.0,0.07841634738186462,0.16349375,True,True
stack-write-only,110,16,10000,4003,0.0,0.0,0.022233325006245315,0.09567824131901075,0.2498126405196103,0.09567824131901075,0.16558125,True,True
stack-write-only,110,16,15000,3885,0.0,0.0,0.019305019305019305,0.0888030888030888,0.0,0.0888030888030888,0.165409375,True,True
stack-write-only,110,16,20000,3881,0.0,0.0,0.021128575109507858,0.09250193249162587,0.0,0.09250193249162587,0.16295625,True,True
stack-write-only,110,16,30000,3890,0.0,0.0,0.02390745501285347,0.08817480719794345,0.0,0.08817480719794345,0.164021875,True,True
stack-write-only,110,16,50000,3859,0.0,0.0,0.021767297227260948,0.08862399585384814,0.0,0.08862399585384814,0.164528125,True,True
stack-write-only,110,16,75000,4039,385.24387224560536,19.31171081950978,0.07427581084426839,4.983906907650408,4.704134686803664,4.983906907650408,0.011146875,False,True
stack-write-only,110,16,100000,3897,357.9676674364896,25.14754939697203,0.032589171157300485,4.443931229150628,4.362329997433924,4.443931229150628,0.0062625,False,True
stack-write-only,110,16,150000,3959,341.50037888355644,46.728971962616825,0.03157362970447083,4.44152563778732,5.304369790351099,4.44152563778732,0.005625,False,True
stack-write-only,110,16,200000,3978,302.9160382101559,54.55002513826043,0.007792860734037205,3.4844142785319256,4.273504273504273,3.4844142785319256,0.00148125,False,True
stack-write-only,110,16,300000,3942,288.93962455606294,78.89396245560629,0.019279553526128868,3.4345509893455097,2.536783358701167,3.4345509893455097,0.00296875,False,True
stack-writes,101,100,500,3946,0.5068423720223011,0.5068423720223011,0.06462240243284338,0.45666497719209326,0.0,0.45666497719209326,0.080936,True,True
stack-writes,101,100,1000,3889,23.9136024685009,13.113911031113396,0.3635896117253793,3.1205965543841603,16.97094368732322,3.1205965543841603,0.1041965,False,True
stack-writes,101,100,2000,3960,205.3030303030303,27.525252525252526,1.4,14.719444444444445,104.54545454545455,14.719444444444445,0.107137,False,True
stack-writes,101,100,3000,3933,214.84871599288076,75.51487414187643,1.361301805237732,16.56877701500127,122.55275870836512,16.56877701500127,0.0911485,False,True
stack-writes,101,100,5000,3862,192.64629725530813,136.4577938891766,0.9616778871051269,16.705334023821855,103.57327809425168,16.705334023821855,0.060297,False,True
stack-writes,101,100,7500,3981,223.3107259482542,142.67771916603868,0.6764632002009545,18.076613916101483,100.72846018588294,18.076613916101483,0.038947,False,True
stack-writes,101,100,10000,3929,199.28735047085772,136.93051667090862,0.46093153474166454,17.163145838635785,99.77093407991856,17.163145838635785,0.0271715,False,True
stack-writes,101,100,15000,3959,214.9532710280374,130.0833543824198,0.32558726951250316,17.569335690831018,98.00454660267745,17.569335690831018,0.0170005,False,True
stack-writes,101,100,20000,3929,224.23008399083736,122.16849071010435,0.41715449223721046,17.728175108170017,120.89590226520743,17.728175108170017,0.0233395,False,True
stack-writes,101,100,30000,3997,215.91193395046284,112.8346259694771,0.5031273455091319,18.42932199149362,112.8346259694771,18.42932199149362,0.031202,False,True
stack-writes,101,100,50000,3962,202.67541645633517,121.90812720848056,0.30489651691065117,17.396769308430084,103.23069156991419,17.396769308430084,0.0167035,False,True
stack-writes,101,100,75000,3971,204.98614958448752,103.75220347519516,0.2039788466381264,15.617728531855956,126.41651976832033,15.617728531855956,0.012298,False,True
stack-writes,101,100,100000,3963,182.43754731264193,94.87761796618723,0.1564471360080747,12.725712843805198,128.6903860711582,12.725712843805198,0.0114395,False,True
stack-writes,101,100,150000,3983,114.98870198342958,19.83429575696711,0.012553351744915892,5.082601054481547,61.00928948029124,5.082601054481547,0.0005235,False,True
stack-writes,101,100,200000,3911,144.20864229097418,29.14855535668627,0.1148043978522117,7.20966504730248,87.4456660700588,7.20966504730248,0.0085005,False,True
stack-writes,101,100,300000,3973,131.63856028190284,34.231059652655425,0.0010067958721369243,6.752831613390385,85.57764913163857,6.752831613390385,9.55e-05,False,True
stack-writes,102,100,500,3885,0.0,0.0,0.04967824967824968,0.375032175032175,0.2574002574002574,0.375032175032175,0.081377,True,True
stack-writes,102,100,1000,3870,5.426356589147287,-0.25839793281653745,0.1387596899224806,1.001033591731266,0.25839793281653745,1.001033591731266,0.104725,True,True
stack-writes,102,100,2000,3916,322.77834525025537,-3.0643513789581207,3.2985188968335035,33.177732379979574,3.575076608784474,33.177732379979574,0.1182605,True,True
stack-writes,102,100,3000,3900,348.20512820512823,22.564102564102566,3.112820512820513,36.40358974358974,7.6923076923076925,36.40358974358974,0.0986565,True,True
stack-writes,102,100,5000,3965,338.9659520807062,27.490542244640604,1.9929382093316519,34.03026481715006,8.32282471626734,34.03026481715006,0.065126,True,True
stack-writes,102,100,7500,3921,332.05814843152257,24.48355011476664,1.1741902575873502,30.599336903851057,8.671257332313186,30.599336903851057,0.043924,True,True
stack-writes,102,100,10000,3946,319.5641155600608,32.43791180942727,0.8813988849467815,29.81500253421186,3.801317790167258,29.81500253421186,0.0314945,True,True
stack-writes,102,100,15000,3961,321.3834890179248,49.48245392577632,0.6604392830093411,29.370361019944458,19.439535470840696,29.370361019944458,0.024229,True,True
stack-writes,102,100,20000,3976,311.3682092555332,48.79275653923541,0.5299295774647887,28.469064386317907,18.611670020120723,28.469064386317907,0.0183095,True,True
stack-writes,102,100,30000,3973,325.44676566826075,44.550717342058896,0.6327712056380569,29.865341052101687,33.97936068462119,29.865341052101687,0.022326,False,True
stack-writes,102,100,50000,3878,328.0041258380609,35.84321815368747,0.6219700876740588,29.60237235688499,29.912325941206806,29.60237235688499,0.0232295,False,True
stack-writes,102,100,75000,3905,276.056338028169,85.2752880921895,0.4007682458386684,22.99615877080666,102.17669654289372,22.99615877080666,0.0200735,False,True
stack-writes,102,100,100000,3938,218.38496698831895,124.17470797359066,0.2521584560690706,17.6135093956323,114.52513966480447,17.6135093956323,0.0145175,False,True
stack-writes,102,100,150000,4036,205.4013875123885,111.24876114965312,0.30921704658077304,14.805748265609514,133.05252725470763,14.805748265609514,0.0185195,False,True
stack-writes,102,100,200000,3991,181.15760461037334,28.063142069656728,0.05412177399148083,10.337509396141318,127.0358306188925,10.337509396141318,0.003658,False,True
stack-writes,102,100,300000,3956,163.29625884732053,65.47017189079878,0.1185540950455005,8.720424671385238,110.97067745197168,8.720424671385238,0.0088865,False,True
stack-writes,103,100,500,3931,4.833375731366065,0.5087763927753752,0.10658865428644111,0.9173238361740015,0.0,0.9173238361740015,0.082949,True,True
stack-writes,103,100,1000,3948,106.38297872340425,-21.529888551165147,0.9002026342451874,9.795845997973657,0.5065856129685917,9.795845997973657,0.1066855,True,True
stack-writes,103,100,2000,3927,364.90960020371784,-31.321619556913674,2.5729564553093964,30.43570155334861,4.583651642475172,30.43570155334861,0.0948895,True,True
stack-writes,103,100,3000,3919,383.51620311303907,-8.165348303138556,2.600408267415157,35.32967593773922,4.593008420515438,35.32967593773922,0.0795095,True,True
stack-writes,103,100,5000,3983,386.8943007783078,-9.28948029123776,2.0200853627918653,35.931458699472756,3.0128044187798144,35.931458699472756,0.0604825,True,True
stack-writes,103,100,7500,4016,395.9163346613546,-15.43824701195219,1.6608565737051793,35.59013944223108,4.9800796812749,35.59013944223108,0.052187,True,True
stack-writes,103,100,10000,4025,401.2422360248447,-3.7267080745341614,1.898136645962733,37.2832298136646,4.720496894409938,37.2832298136646,0.0529455,True,True
stack-writes,103,100,15000,3949,389.4656875158268,-7.85008863003292,1.5224107368954165,36.04836667510762,3.5452013167890604,36.04836667510762,0.0452295,True,True
stack-writes,103,100,20000,3910,412.2762148337596,0.5115089514066496,1.6340153452685422,37.21278772378517,2.0460358056265986,37.21278772378517,0.049421,True,True
stack-writes,103,100,30000,3866,371.960682876358,23.797206414899122,1.5245732022762546,35.23486808070357,2.586652871184687,35.23486808070357,0.0505085,True,True
stack-writes,103,100,50000,3922,367.92452830188677,46.91483936766956,0.7784293727689954,38.340387557368686,2.804691483936767,38.340387557368686,0.022361,True,True
stack-writes,103,100,75000,3937,380.49276098552195,-10.414020828041656,0.8542037084074168,42.11125222250445,0.762001524003048,42.11125222250445,0.0194425,False,True
stack-writes,103,100,100000,3950,374.17721518987344,-6.075949367088608,0.8326582278481013,42.116962025316454,3.5443037974683542,42.116962025316454,0.0191115,False,True
stack-writes,103,100,150000,3974,367.3880221439356,-8.303975842979366,1.2174131857070962,42.1112229491696,3.2712632108706594,42.1112229491696,0.028613,False,True
stack-writes,103,100,200000,3987,316.5287183345874,-5.2671181339352895,0.636067218459995,38.78505141710559,1.7557060446450965,38.78505141710559,0.015181,False,True
stack-writes,103,100,300000,3908,313.4595701125896,-0.7676560900716479,0.39815762538382804,38.54170931422723,1.2794268167860798,38.54170931422723,0.0104365,False,True
stack-writes,104,100,500,4000,25.25,4.75,0.114,2.758,4.25,2.758,0.073128,True,True
stack-writes,104,100,1000,3915,118.00766283524904,8.939974457215836,0.3739463601532567,9.420178799489145,10.217113665389528,9.420178799489145,0.063382,True,True
stack-writes,104,100,2000,3944,220.3346855983773,65.4158215010142,0.7984279918864098,19.53524340770791,11.663286004056795,19.53524340770791,0.042267,True,True
stack-writes,104,100,3000,3970,240.55415617128463,103.77833753148614,0.8967254408060453,21.53853904282116,13.350125944584383,21.53853904282116,0.040733,True,True
stack-writes,104,100,5000,3983,252.32237007280943,120.51217675119257,0.8852623650514687,23.251569168968114,6.778809942254582,23.251569168968114,0.0364165,True,True
stack-writes,104,100,7500,3957,246.39878695981804,124.58933535506696,0.731614859742229,22.687894869850897,18.953752843062926,22.687894869850897,0.029822,True,True
stack-writes,104,100,10000,3963,263.9414584910421,103.96164521826898,0.7736563209689629,24.150643451930357,20.94372949785516,24.150643451930357,0.028592,True,True
stack-writes,104,100,15000,3955,224.5259165613148,118.07838179519595,0.5082174462705437,19.967130214917827,42.983565107458915,19.967130214917827,0.0225705,False,True
stack-writes,104,100,20000,3977,210.711591651999,128.23736484787528,0.2260497862710586,14.257229067136032,56.826753834548654,14.257229067136032,0.011496,False,True
stack-writes,104,100,30000,3894,185.6702619414484,139.95891114535183,0.18798151001540833,13.494863893168977,91.42270159219312,13.494863893168977,0.011166,False,True
stack-writes,104,100,50000,4037,194.2036165469408,141.68937329700273,0.17438692098092642,13.39980183304434,86.45033440673768,13.39980183304434,0.0135105,False,True
stack-writes,104,100,75000,3979,187.7356119628047,130.43478260869566,0.07489318924352853,12.951495350590601,71.87735611962805,12.951495350590601,0.003536,False,True
stack-writes,104,100,100000,3959,186.66329881283153,144.98610760293002,0.11366506693609497,12.830260166708765,89.16393028542561,12.830260166708765,0.0084525,False,True
stack-writes,104,100,150000,3930,151.65394402035622,70.48346055979644,0.10814249363867684,10.244529262086514,75.57251908396947,10.244529262086514,0.0097815,False,True
stack-writes,104,100,200000,3935,168.48792884371028,58.19567979669632,0.057941550190597206,13.925285895806862,59.72045743329098,13.925285895806862,0.002045,False,True
stack-writes,104,100,300000,3996,57.307307307307305,35.28528528528528,0.0,3.3668668668668666,54.3043043043043,3.3668668668668666,0.000163,False,True
stack-writes,105,100,500,3951,0.0,0.2531004808909137,0.051885598582637305,0.4006580612503164,0.2531004808909137,0.4006580612503164,0.08176,True,True
stack-writes,105,100,1000,3937,0.254000508001016,0.762001524003048,0.057658115316230635,0.41960883921767844,0.762001524003048,0.41960883921767844,0.104669,True,True
stack-writes,105,100,2000,3915,54.91698595146871,3.0651340996168583,1.1588761174968072,5.803831417624521,5.874840357598979,5.803831417624521,0.152818,True,True
stack-writes,105,100,3000,3932,326.04272634791454,-29.50152594099695,3.703204476093591,22.471261444557477,18.56561546286877,22.471261444557477,0.1970285,True,True
stack-writes,105,100,5000,3919,266.3944883898954,90.58433273794336,2.543761163562133,25.04465424853279,43.37841286042358,25.04465424853279,0.114275,False,True
stack-writes,105,100,7500,4005,234.207240948814,103.87016229712859,1.6599250936329588,24.26641697877653,46.6916354556804,24.26641697877653,0.071477,False,True
stack-writes,105,100,10000,3947,222.95414238662275,104.38307575373702,0.9863187230808209,21.085634659234863,75.24702305548517,21.085634659234863,0.048262,False,True
stack-writes,105,100,15000,3940,193.14720812182742,111.16751269035532,0.37969543147208124,16.41928934010152,94.41624365482234,16.41928934010152,0.023728,False,True
stack-writes,105,100,20000,3944,195.23326572008114,89.24949290060852,0.4383874239350913,14.783468559837727,126.77484787018255,14.783468559837727,0.0266545,False,True
stack-writes,105,100,30000,3910,176.2148337595908,59.59079283887468,0.3071611253196931,12.29002557544757,142.71099744245524,12.29002557544757,0.024454,False,True
stack-writes,105,100,50000,3885,137.96653796653797,40.41184041184041,0.32921492921492923,10.476962676962676,121.23552123552123,10.476962676962676,0.0255815,False,True
stack-writes,105,100,75000,3939,132.52094440213253,-10.916476263010917,0.28281289667428283,9.357958872810357,95.96344249809596,9.357958872810357,0.0276735,False,True
stack-writes,105,100,100000,3940,135.78680203045684,-19.543147208121827,0.2467005076142132,9.298223350253807,98.98477157360406,9.298223350253807,0.0281985,False,True
stack-writes,105,100,150000,3940,144.9238578680203,-18.274111675126903,0.18248730964467005,8.838071065989848,100.76142131979695,8.838071065989848,0.0144505,False,True
stack-writes,105,100,200000,3908,110.5424769703173,-25.84442169907881,0.2387410440122825,8.181422722620265,76.50972364380758,8.181422722620265,0.0240885,False,True
stack-writes,105,100,300000,4010,131.1720698254364,-22.693266832917704,0.14987531172069826,8.71645885286783,80.54862842892769,8.71645885286783,0.015826,False,True
stack-writes,106,100,500,3926,0.0,0.5094243504839532,0.06393275598573611,0.4467651553744269,0.2547121752419766,0.4467651553744269,0.081209,True,True
stack-writes,106,100,1000,3886,0.0,0.0,0.05172413793103448,0.3242408646423057,0.0,0.3242408646423057,0.1039115,True,True
stack-writes,106,100,2000,3899,0.0,0.25647601949217746,0.05385996409335727,0.3264939728135419,0.25647601949217746,0.3264939728135419,0.125712,True,True
stack-writes,106,100,3000,3989,139.88468287791426,17.548257708698923,1.67535723238907,12.23263975933818,74.95612935572825,12.23263975933818,0.167163,False,True
stack-writes,106,100,5000,3920,262.2448979591837,91.83673469387755,2.707908163265306,25.60765306122449,131.6326530612245,25.60765306122449,0.1236415,False,True
stack-writes,106,100,7500,3949,252.72220815396304,100.27855153203343,1.9453026082552545,23.17700683717397,145.85971131932135,23.17700683717397,0.0845055,False,True
stack-writes,106,100,10000,3946,250.6335529650279,102.88900152052712,1.233907754688292,19.885960466294982,125.44348707551951,19.885960466294982,0.060286,False,True
stack-writes,106,100,15000,3947,270.83861160374965,112.23714213326578,0.5920952622244743,16.892576640486446,118.06435267291614,16.892576640486446,0.0313755,False,True
stack-writes,106,100,20000,3914,274.65508431272355,120.33725089422586,0.3765968318855391,15.951200817577925,92.99948901379663,15.951200817577925,0.0253535,False,True
stack-writes,106,100,30000,3992,284.0681362725451,135.27054108216433,0.2627755511022044,16.574649298597194,37.324649298597194,16.574649298597194,0.0147855,False,True
stack-writes,106,100,50000,3934,255.71936959837316,128.87646161667513,0.2597864768683274,16.86807320793086,61.006609049313674,16.86807320793086,0.013365,False,True
stack-writes,106,100,75000,3882,263.5239567233385,46.11025244719217,0.14760432766615147,17.76584234930448,41.73106646058733,17.76584234930448,0.006331,False,True
stack-writes,106,100,100000,3930,253.4351145038168,28.498727735368956,0.2297709923664122,16.400508905852416,42.74809160305343,16.400508905852416,0.010983,False,True
stack-writes,106,100,150000,3985,122.20828105395232,28.35633626097867,0.08958594730238394,8.700627352572145,35.38268506900878,8.700627352572145,0.005033,False,True
stack-writes,106,100,200000,3943,215.06467156987065,24.346943951306113,0.05579507988840984,13.010398173979203,47.679431904641135,13.010398173979203,0.0028035,False,True
stack-writes,106,100,300000,3930,102.03562340966921,26.463104325699746,0.047582697201017814,7.241221374045802,54.19847328244275,7.241221374045802,0.0031725,False,True
stack-writes,107,100,500,3925,0.0,0.0,0.05401273885350318,0.4101910828025478,0.5095541401273885,0.4101910828025478,0.080133,True,True
stack-writes,107,100,1000,3988,0.0,0.0,0.060431293881644935,0.3460381143430291,0.0,0.3460381143430291,0.10354,True,True
stack-writes,107,100,2000,3943,43.62160791275679,8.369261983261476,0.7042860765914278,4.005833121988334,2.282525995434948,4.005833121988334,0.138276,True,True
stack-writes,107,100,3000,3946,334.5159655347187,69.43740496705524,2.17181956411556,16.683476938672072,41.561074505828685,16.683476938672072,0.1564785,True,True
stack-writes,107,100,5000,3958,266.0434562910561,132.13744315310763,1.9578069732187973,20.18620515411824,84.38605356240525,20.18620515411824,0.1174015,True,True
stack-writes,107,100,7500,3997,238.92919689767325,121.84138103577683,1.4533400050037528,21.1466099574681,135.60170127595697,21.1466099574681,0.0801015,True,True
stack-writes,107,100,10000,3930,219.84732824427482,138.1679389312977,1.2117048346055979,21.557760814249363,141.98473282442748,21.557760814249363,0.062058,True,True
stack-writes,107,100,15000,3965,227.23833543505674,129.6343001261034,0.9762925598991172,21.375283732660783,144.76670870113492,21.375283732660783,0.045728,False,True
stack-writes,107,100,20000,4006,226.16075886170745,129.3060409385921,0.5601597603594608,18.98302546180729,104.59311033449825,18.98302546180729,0.028875,False,True
stack-writes,107,100,30000,3963,219.02599041130458,119.85869290941206,0.49634115569013376,18.041635124905376,103.70931112793339,18.041635124905376,0.027395,False,True
stack-writes,107,100,50000,3922,169.0464048954615,59.918408975012746,0.25956144824069355,11.69862315145334,104.79347271800101,11.69862315145334,0.0185015,False,True
stack-writes,107,100,75000,3940,144.67005076142132,21.573604060913706,0.14974619289340102,10.278172588832488,106.09137055837563,10.278172588832488,0.012715,False,True
stack-writes,107,100,100000,3940,122.33502538071066,-0.25380710659898476,0.21116751269035533,8.82741116751269,80.96446700507614,8.82741116751269,0.0231785,False,True
stack-writes,107,100,150000,3991,111.75144074166876,-19.04284640440992,0.21047356552242547,8.227762465547482,63.64319719368579,8.227762465547482,0.0230775,False,True
stack-writes,107,100,200000,3917,116.16032678069952,-29.614500893540974,0.30150625478682663,8.967066632627011,81.95047230022976,8.967066632627011,0.0346105,False,True
stack-writes,107,100,300000,4019,135.10823587957202,-17.914904205026126,0.1891017666086091,9.026125901965663,97.03906444389152,9.026125901965663,0.01843,False,True
stack-writes,108,100,500,3958,16.927741283476504,-6.06366851945427,0.20843860535624054,2.096513390601314,3.5371399696816574,2.096513390601314,0.0878225,True,True
stack-writes,108,100,1000,3975,185.66037735849056,-24.90566037735849,1.3114465408805032,18.766289308176102,28.17610062893082,18.766289308176102,0.093183,True,True
stack-writes,108,100,2000,3995,296.8710888610764,21.026282853566958,1.5657071339173967,27.77897371714643,65.5819774718398,27.77897371714643,0.0841895,True,True
stack-writes,108,100,3000,3924,298.4199796126402,60.39755351681957,1.491335372069317,29.03797145769623,75.68807339449542,29.03797145769623,0.0715875,True,True
stack-writes,108,100,5000,3936,293.6991869918699,63.516260162601625,1.072408536585366,27.382621951219512,86.89024390243902,27.382621951219512,0.0542215,True,True
stack-writes,108,100,7500,3964,312.8153380423814,56.25630676084763,0.8950554994954592,30.012361251261353,90.81735620585268,30.012361251261353,0.036978,True,True
stack-writes,108,100,10000,4032,296.37896825396825,81.8452380952381,0.9340277777777778,27.014880952380953,90.0297619047619,27.014880952380953,0.0400755,False,True
stack-writes,108,100,15000,3967,264.1794807159062,93.01739349634485,0.570204184522309,23.23266952356945,98.31106629694983,23.23266952356945,0.0241915,False,True
stack-writes,108,100,20000,3980,242.2110552763819,92.71356783919597,0.5314070351758794,19.229145728643218,102.26130653266331,19.229145728643218,0.0250965,False,True
stack-writes,108,100,30000,3926,260.06113092205806,108.762098828324,0.3795211411105451,21.84258787570046,109.27152317880795,21.84258787570046,0.0168185,False,True
stack-writes,108,100,50000,3988,220.160481444333,137.1614844533601,0.6464393179538616,18.236208625877634,164.7442326980943,18.236208625877634,0.0361505,False,True
stack-writes,108,100,75000,3895,206.41848523748396,136.58536585365854,0.44878048780487806,16.33530166880616,148.90885750962772,16.33530166880616,0.02498,False,True
stack-writes,108,100,100000,3934,211.997966446365,139.80681240467717,0.46695475343162174,17.215302491103202,155.56685307574986,17.215302491103202,0.0268415,False,True
stack-writes,108,100,150000,3936,215.1930894308943,138.21138211382114,0.23348577235772358,16.022865853658537,141.260162601626,16.022865853658537,0.0134705,False,True
stack-writes,108,100,200000,3995,146.43304130162704,15.76971214017522,0.0493116395494368,7.683354192740926,95.61952440550688,7.683354192740926,0.0041655,False,True
stack-writes,108,100,300000,3919,155.6519520285787,59.96427660117377,0.06532278642510844,7.9331462107680535,120.18372033682061,7.9331462107680535,0.00436,False,True
stack-writes,109,100,500,3937,2.032004064008128,2.032004064008128,0.1463042926085852,0.856997713995428,0.762001524003048,0.856997713995428,0.082113,True,True
stack-writes,109,100,1000,3906,103.94265232974911,0.7680491551459293,1.6259600614439325,12.550435227854583,9.98463901689708,12.550435227854583,0.1345745,True,True
stack-writes,109,100,2000,3972,222.55790533736152,79.55689828801611,2.9735649546827796,23.965005035246726,43.051359516616316,23.965005035246726,0.1590605,True,True
stack-writes,109,100,3000,3882,202.21535291087068,135.75476558475012,2.8503348789283875,23.9747552807831,54.611025244719215,23.9747552807831,0.148093,True,True
stack-writes,109,100,5000,3934,193.69598373157092,154.5500762582613,2.161159125571937,21.791814946619215,63.80274529740722,21.791814946619215,0.116842,True,True
stack-writes,109,100,7500,3934,214.53990849008642,161.4133197763091,1.8304524656837824,22.070665988815456,83.12150482968988,22.070665988815456,0.08954,True,True
stack-writes,109,100,10000,3900,185.64102564102564,152.56410256410257,1.4238461538461538,19.824358974358976,92.05128205128206,19.824358974358976,0.077946,True,True
stack-writes,109,100,15000,3948,203.90070921985816,109.9290780141844,0.9191995947315096,17.618287740628165,120.06079027355624,17.618287740628165,0.052645,False,True
stack-writes,109,100,20000,3939,199.54303122619953,112.2112211221122,0.6953541507996953,16.656765676567655,148.76872302614876,16.656765676567655,0.042493,False,True
stack-writes,109,100,30000,4000,227.5,97.0,0.50375,18.192,120.75,18.192,0.0245305,False,True
stack-writes,109,100,50000,3969,215.67145376669185,108.59158478206098,0.3167044595616024,17.81758629377677,117.91383219954649,17.81758629377677,0.018456,False,True
stack-writes,109,100,75000,3971,192.64668849156385,118.35809619743138,0.30118358096197434,14.069503903298918,106.27046084109796,14.069503903298918,0.0214445,False,True
stack-writes,109,100,100000,3861,182.5951825951826,64.49106449106449,0.26495726495726496,13.083398083398084,111.11111111111111,13.083398083398084,0.0175585,False,True
stack-writes,109,100,150000,4036,178.14667988107036,18.830525272547078,0.37784935579781964,12.03790882061447,124.13280475718533,12.03790882061447,0.030964,False,True
stack-writes,109,100,200000,3919,164.8379688696096,9.441183975503955,0.1584587905077826,11.172748150038275,110.99770349578974,11.172748150038275,0.013521,False,True
stack-writes,109,100,300000,3907,20.22011773739442,1.5357051446122345,0.005119017148707448,1.3982595341694395,8.958280010238035,1.3982595341694395,0.000135,False,True
stack-writes,110,100,500,3906,0.7680491551459293,0.7680491551459293,0.07168458781362007,0.5442908346134152,0.2560163850486431,0.5442908346134152,0.081449,True,True
stack-writes,110,100,1000,3991,167.62716111250313,-35.83061889250814,1.3773490353294913,11.062891505888249,20.54622901528439,11.062891505888249,0.121522,True,True
stack-writes,110,100,2000,3884,402.67765190525233,-24.97425334706488,3.499485066941298,28.385942327497425,59.73223480947477,28.385942327497425,0.145244,True,True
stack-writes,110,100,3000,4002,361.3193403298351,31.2343828085957,3.068215892053973,29.38705647176412,79.960019990005,29.38705647176412,0.120408,True,True
stack-writes,110,100,5000,3968,330.8971774193548,75.60483870967742,2.3984375,30.661794354838708,107.35887096774194,30.661794354838708,0.086473,True,True
stack-writes,110,100,7500,3944,264.95943204868155,95.33468559837728,1.8884381338742393,26.115111561866126,150.10141987829616,26.115111561866126,0.077262,False,True
stack-writes,110,100,10000,4003,239.57032225830628,100.42468148888334,1.4539095678241318,22.983512365725705,164.37671746190358,22.983512365725705,0.065158,False,True
stack-writes,110,100,15000,3893,229.1292062676599,120.72951451322888,1.2036989468276393,22.548163370151553,183.9198561520678,22.548163370151553,0.0500745,False,True
stack-writes,110,100,20000,3901,195.07818508074854,119.71289412971034,0.5854908997692899,17.137657011022814,167.64932068700332,17.137657011022814,0.0305985,False,True
stack-writes,110,100,30000,3914,162.2381195707716,61.31834440470107,0.24501788451711803,12.725344915687277,140.7766990291262,12.725344915687277,0.019048,False,True
stack-writes,110,100,50000,3885,169.1119691119691,38.095238095238095,0.24993564993564993,12.012355212355212,112.22651222651223,12.012355212355212,0.019522,False,True
stack-writes,110,100,75000,4029,157.3591461901216,40.95309009679821,0.10871183916604617,10.840407048895507,132.7872921320427,10.840407048895507,0.0088635,False,True
stack-writes,110,100,100000,3901,164.8295308895155,44.860292232760834,0.18508074852601897,10.460907459625737,119.45654960266599,10.460907459625737,0.0133855,False,True
stack-writes,110,100,150000,3976,167.0020120724346,13.078470824949699,0.052313883299798795,7.933350100603621,107.897384305835,7.933350100603621,0.003882,False,True
stack-writes,110,100,200000,3980,146.98492462311557,32.663316582914575,0.11030150753768844,8.606030150753769,85.92964824120602,8.606030150753769,0.010222,False,True
stack-writes,110,100,300000,3959,156.10002525890377,18.43899974741096,0.03334175296792119,8.277090174286435,116.69613538772417,8.277090174286435,0.001751,False,True
stack-writes,101,16,500,3936,0.0,0.0,0.023373983739837397,0.0978150406504065,0.0,0.0978150406504065,0.143265625,True,True
stack-writes,101,16,1000,3902,0.0,0.25627883136852897,0.01973347001537673,0.06714505381855458,0.0,0.06714505381855458,0.155021875,True,True
stack-writes,101,16,2000,3967,0.0,0.0,0.01688933703050164,0.07360725989412654,0.25207965717166625,0.07360725989412654,0.15266875,True,True
stack-writes,101,16,3000,3952,0.0,0.5060728744939271,0.0270748987854251,0.09590080971659919,0.5060728744939271,0.09590080971659919,0.15545625,True,True
stack-writes,101,16,5000,3875,0.0,0.25806451612903225,0.017548387096774195,0.08206451612903226,0.0,0.08206451612903226,0.156134375,True,True
stack-writes,101,16,7500,3975,0.0,0.5031446540880503,0.02238993710691824,0.09056603773584905,0.25157232704402516,0.09056603773584905,0.15401875,True,True
stack-writes,101,16,10000,3925,0.0,0.25477707006369427,0.016815286624203823,0.08178343949044586,0.0,0.08178343949044586,0.15794375,True,True
stack-writes,101,16,15000,3957,28.05155420773313,6.823351023502654,0.03184230477634572,0.4488248673237301,1.0108668182966893,0.4488248673237301,0.146359375,True,True
stack-writes,101,16,20000,3924,385.83078491335374,26.248725790010194,0.14271151885830785,5.269622833843018,4.587155963302752,5.269622833843018,0.03118125,True,True
stack-writes,101,16,30000,3997,402.8021015761821,26.019514635976982,0.15786840130097574,5.692019014260696,4.503377533149862,5.692019014260696,0.027753125,True,True
stack-writes,101,16,50000,3954,394.03136064744564,21.750126454223572,0.11987860394537178,5.474709155285787,7.587253414264036,5.474709155285787,0.0193375,True,True
stack-writes,101,16,75000,3981,408.69128359708617,18.08590806330068,0.10424516453152474,5.689274051745793,7.535795026375283,5.689274051745793,0.0170625,True,True
stack-writes,101,16,100000,3948,399.69604863221883,24.569402228976696,0.08991894630192503,5.401469098277609,4.052684903748734,5.401469098277609,0.01365625,True,True
stack-writes,101,16,150000,3978,393.6651583710407,23.127199597787833,0.0314228255404726,5.051533433886375,5.027652086475616,5.051533433886375,0.004265625,True,True
stack-writes,101,16,200000,3925,410.4458598726115,25.477707006369428,0.03210191082802548,5.257579617834395,4.840764331210191,5.257579617834395,0.004465625,True,True
stack-writes,101,16,300000,3956,394.0849342770475,21.48634984833165,0.03008088978766431,4.936046511627907,3.538928210313448,4.936046511627907,0.005121875,False,True
stack-writes,102,16,500,3889,0.0,0.2571355104139882,0.02134224736436102,0.09616868089483158,0.0,0.09616868089483158,0.141721875,True,True
stack-writes,102,16,1000,3889,0.0,0.5142710208279764,0.017485214708151196,0.07688351761378247,1.2856775520699408,0.07688351761378247,0.152128125,True,True
stack-writes,102,16,2000,3915,0.0,0.0,0.020945083014048533,0.07994891443167305,1.0217113665389528,0.07994891443167305,0.15281875,True,True
stack-writes,102,16,3000,3909,0.0,0.0,0.020465592223074956,0.07060629316960859,0.2558199027884369,0.07060629316960859,0.155403125,True,True
stack-writes,102,16,5000,3971,0.0,0.0,0.01586502140518761,0.08234701586502141,0.0,0.08234701586502141,0.15486875,True,True
stack-writes,102,16,7500,3905,0.0,1.0243277848911652,0.022535211267605635,0.07810499359795134,0.2560819462227913,0.07810499359795134,0.15319375,True,True
stack-writes,102,16,10000,3950,83.54430379746836,10.126582278481013,0.06,1.0154430379746835,0.759493670886076,1.0154430379746835,0.12415625,True,True
stack-writes,102,16,15000,3964,355.7013118062563,32.29061553985873,0.07038345105953582,4.386226034308779,6.559031281533804,4.386226034308779,0.0131875,False,True
stack-writes,102,16,20000,3986,370.54691419969896,28.6001003512293,0.04014049172102358,4.387355745107878,4.766683391871551,4.387355745107878,0.00600625,False,True
stack-writes,102,16,30000,3981,324.7927656367747,28.38482793268023,0.053504144687264506,3.9500125596583775,4.772670183371012,3.9500125596583775,0.00904375,False,True
stack-writes,102,16,50000,3882,335.13652756311177,38.1246780010304,0.03709428129829984,4.158938691396187,5.151983513652756,4.158938691396187,0.004934375,False,True
stack-writes,102,16,75000,3884,341.14315139031925,30.89598352214212,0.039392378990731204,4.408341915550978,4.891864057672502,4.408341915550978,0.005096875,False,True
stack-writes,102,16,100000,3926,392.5114620478859,24.961793173713705,0.029291900152827306,5.145185939887926,6.113092205807438,5.145185939887926,0.00521875,False,True
stack-writes,102,16,150000,4035,384.63444857496904,29.739776951672862,0.05030978934324659,5.1504337050805455,6.44361833952912,5.1504337050805455,0.0083125,False,True
stack-writes,102,16,200000,3972,395.01510574018124,25.931520644511583,0.038016112789526685,5.25226586102719,5.53877139979859,5.25226586102719,0.006225,False,True
stack-writes,102,16,300000,3966,398.8905698436712,19.162884518406454,0.0335350479072113,4.896873424104892,6.303580433686334,4.896873424104892,0.006153125,False,True
stack-writes,103,16,500,3945,0.0,0.5069708491761724,0.02332065906210393,0.09733840304182509,0.2534854245880862,0.09733840304182509,0.141615625,True,False
stack-writes,103,16,1000,3977,0.0,0.25144581342720645,0.021624339954739752,0.08750314307266784,0.0,0.08750314307266784,0.150671875,True,False
stack-writes,103,16,2000,3949,0.0,0.2532286654849329,0.016206634591035704,0.09014940491263611,0.0,0.09014940491263611,0.15315,True,False
stack-writes,103,16,3000,3935,0.0,0.25412960609911056,0.017026683608640406,0.07903430749682339,0.25412960609911056,0.07903430749682339,0.154765625,True,False
stack-writes,103,16,5000,4007,0.0,0.2495632642874969,0.015472922385824806,0.07087596705764912,0.4991265285749938,0.07087596705764912,0.1555375,True,False
stack-writes,103,16,7500,4019,0.0,1.244090569793481,0.020651903458571784,0.08285643194824584,0.0,0.08285643194824584,0.153425,True,False
stack-writes,103,16,10000,4033,0.0,0.7438631291842301,0.019340441358789984,0.08306471609223903,0.24795437639474338,0.08306471609223903,0.15414375,True,False
stack-writes,103,16,15000,3948,0.0,0.25329280648429586,0.01950354609929078,0.08383991894630193,0.0,0.08383991894630193,0.153028125,True,False
stack-writes,103,16,20000,3908,0.0,0.25588536335721596,0.02686796315250768,0.08546571136131013,0.0,0.08546571136131013,0.15314375,True,False
stack-writes,103,16,30000,3885,0.0,0.5148005148005148,0.025225225225225224,0.0833976833976834,0.0,0.0833976833976834,0.155725,True,False
stack-writes,103,16,50000,3915,0.0,0.0,0.021711366538952746,0.07637292464878671,0.2554278416347382,0.07637292464878671,0.1549,True,False
stack-writes,103,16,75000,3932,396.4903357070193,21.617497456765005,0.17192268565615462,5.03382502543235,5.849440488301119,5.03382502543235,0.033290625,True,False
stack-writes,103,16,100000,3958,385.2956038403234,22.48610409297625,0.08312278928751896,5.283981808994442,6.06366851945427,5.283981808994442,0.01536875,True,False
stack-writes,103,16,150000,3962,393.4881373043917,20.949015648662293,0.05376072690560323,5.423775870772337,6.562342251388188,5.423775870772337,0.00828125,True,False
stack-writes,103,16,200000,3988,404.46339017051156,22.316950852557675,0.052908726178535606,5.4912236710130395,5.767301905717152,5.4912236710130395,0.007053125,True,False
stack-writes,103,16,300000,3920,394.38775510204084,24.23469387755102,0.04591836734693878,5.0543367346938775,7.908163265306122,5.0543367346938775,0.005634375,True,False
stack-writes,104,16,500,3990,0.0,1.0025062656641603,0.02330827067669173,0.07067669172932331,0.2506265664160401,0.07067669172932331,0.1432625,True,True
stack-writes,104,16,1000,3937,0.0,0.508001016002032,0.022098044196088393,0.08204216408432817,0.254000508001016,0.08204216408432817,0.1504375,True,True
stack-writes,104,16,2000,3953,0.0,0.0,0.022261573488489755,0.07993928661775866,0.0,0.07993928661775866,0.153815625,True,True
stack-writes,104,16,3000,3974,0.25163563160543534,0.0,0.020130850528434826,0.08228485153497735,0.0,0.08228485153497735,0.15535625,True,True
stack-writes,104,16,5000,3991,0.0,0.5011275369581558,0.024805813079428713,0.09546479579052869,0.0,0.09546479579052869,0.153228125,True,True
stack-writes,104,16,7500,3956,0.0,0.0,0.02300303336703741,0.08822042467138523,0.2527805864509606,0.08822042467138523,0.1573125,True,True
stack-writes,104,16,10000,3948,0.0,0.5065856129685917,0.01646403242147923,0.0845997973657548,0.7598784194528876,0.0845997973657548,0.155575,True,True
stack-writes,104,16,15000,3966,379.9798285426122,25.46646495209279,0.0648008068582955,5.211296016137166,7.312153303076148,5.211296016137166,0.009725,True,True
stack-writes,104,16,20000,3984,391.3152610441767,21.586345381526105,0.056977911646586346,5.3519076305220885,6.77710843373494,5.3519076305220885,0.00973125,False,True
stack-writes,104,16,30000,3898,399.69214982042075,21.80605438686506,0.04771677783478707,5.4017444843509494,5.643919958953309,5.4017444843509494,0.00636875,False,True
stack-writes,104,16,50000,4033,398.71063724274734,22.315893875526903,0.047359285891395986,5.184478056037689,7.190676915447558,5.184478056037689,0.007871875,False,True
stack-writes,104,16,75000,3976,377.01207243460766,20.372233400402415,0.03848088531187123,5.155935613682092,8.048289738430583,5.155935613682092,0.008065625,False,True
stack-writes,104,16,100000,3950,396.9620253164557,19.49367088607595,0.05063291139240506,5.288860759493671,5.3164556962025316,5.288860759493671,0.008203125,False,True
stack-writes,104,16,150000,3936,382.6219512195122,19.308943089430894,0.04446138211382114,5.059959349593496,6.097560975609756,5.059959349593496,0.006428125,False,True
stack-writes,104,16,200000,3952,397.52024291497975,20.748987854251013,0.044281376518218625,5.380566801619433,7.08502024291498,5.380566801619433,0.007396875,False,True
stack-writes,104,16,300000,3982,402.05926670015066,22.099447513812155,0.04696132596685083,5.175791059768961,6.780512305374184,5.175791059768961,0.007809375,False,True
stack-writes,105,16,500,3931,0.0,0.0,0.015263291783261256,0.07555329432714322,0.2543881963876876,0.07555329432714322,0.144028125,True,True
stack-writes,105,16,1000,3955,0.0,0.2528445006321112,0.017951959544879898,0.08040455120101138,0.2528445006321112,0.08040455120101138,0.152984375,True,True
stack-writes,105,16,2000,3943,0.0,0.253613999492772,0.018260207963479585,0.09130103981739791,0.0,0.09130103981739791,0.15326875,True,True
stack-writes,105,16,3000,3966,0.0,0.0,0.023701462430660614,0.08446797781139688,0.0,0.08446797781139688,0.15446875,True,True
stack-writes,105,16,5000,3930,0.0,0.2544529262086514,0.020865139949109414,0.09338422391857507,0.5089058524173028,0.09338422391857507,0.15645625,True,True
stack-writes,105,16,7500,3976,97.58551307847083,11.317907444668007,0.047283702213279676,1.2190643863179074,3.772635814889336,1.2190643863179074,0.1160125,True,True
stack-writes,105,16,10000,3939,391.4699162223915,19.801980198019802,0.055597867479055596,5.095455699416095,8.377760853008377,5.095455699416095,0.010109375,True,True
stack-writes,105,16,15000,3949,398.32869080779943,24.30995188655356,0.061028108381868826,5.426690301342112,6.07748797163839,5.426690301342112,0.0082875,False,True
stack-writes,105,16,20000,3967,400.55457524577764,24.703806402823293,0.035795311318376606,5.354928157297706,4.789513486261659,5.354928157297706,0.0054375,False,True
stack-writes,105,16,30000,3898,391.7393535146229,24.114930733709596,0.046947152385838894,5.288353001539251,5.38737814263725,5.288353001539251,0.007334375,False,True
stack-writes,105,16,50000,3892,384.1212744090442,26.97841726618705,0.030061664953751285,5.134892086330935,5.65262076053443,5.134892086330935,0.0044375,False,True
stack-writes,105,16,75000,3973,387.86810974075007,36.74804933299774,0.03624465139692927,5.022904606091115,10.571356657437704,5.022904606091115,0.0056875,False,True
stack-writes,105,16,100000,3949,400.86097746264875,30.387439858191946,0.025829323879463156,5.045581159787288,8.103317295517853,5.045581159787288,0.00413125,False,True
stack-writes,105,16,150000,3940,420.3045685279188,29.695431472081218,0.013959390862944163,5.232233502538071,7.106598984771574,5.232233502538071,0.00269375,False,True
stack-writes,105,16,200000,3890,395.1156812339332,30.077120822622106,0.055012853470437016,5.222107969151671,8.740359897172237,5.222107969151671,0.010065625,False,True
stack-writes,105,16,300000,4003,398.2013489882588,28.978266300274793,0.038471146640019986,5.284786410192356,8.74344241818636,5.284786410192356,0.005575,False,True
stack-writes,106,16,500,3949,0.0,0.0,0.02532286654849329,0.08356545961002786,0.0,0.08356545961002786,0.1433375,True,True
stack-writes,106,16,1000,3885,0.0,0.2574002574002574,0.024195624195624196,0.08545688545688546,0.7722007722007722,0.08545688545688546,0.152684375,True,True
stack-writes,106,16,2000,3912,0.0,1.0224948875255624,0.018149284253578733,0.08921267893660531,0.2556237218813906,0.08921267893660531,0.15166875,True,True
stack-writes,106,16,3000,3999,0.0,0.0,0.01975493873468367,0.10027506876719179,0.7501875468867217,0.10027506876719179,0.153153125,True,True
stack-writes,106,16,5000,3947,0.0,0.0,0.027362553838358245,0.09374208259437547,0.25335697998479856,0.09374208259437547,0.15851875,True,True
stack-writes,106,16,7500,3957,0.0,0.25271670457417234,0.015668435683598686,0.08162749557745767,0.25271670457417234,0.08162749557745767,0.151796875,True,True
stack-writes,106,16,10000,3933,0.0,0.25425883549453343,0.025425883549453344,0.08339689804220697,0.25425883549453343,0.08339689804220697,0.15314375,True,True
stack-writes,106,16,15000,3927,0.0,0.7639419404125286,0.01935319582378406,0.08632543926661573,0.7639419404125286,0.08632543926661573,0.1551375,True,True
stack-writes,106,16,20000,3907,0.0,0.5119017148707448,0.026874840030714102,0.09291016124904018,0.0,0.09291016124904018,0.1531875,True,True
stack-writes,106,16,30000,3965,0.0,0.0,0.015636822194199245,0.08575031525851198,0.25220680958385877,0.08575031525851198,0.15186875,True,True
stack-writes,106,16,50000,3931,408.0386670058509,28.237089799033324,0.06308827270414653,5.274484863902315,6.868481302467566,5.274484863902315,0.010053125,True,True
stack-writes,106,16,75000,3874,412.4935467217346,25.55498193082086,0.03433144037170883,5.541559112028911,5.937016004130098,5.541559112028911,0.00509375,False,True
stack-writes,106,16,100000,3923,407.3413204180474,20.13764975783839,0.04104002039255672,5.2888095845016565,6.117767015039511,5.2888095845016565,0.006203125,False,True
stack-writes,106,16,150000,3967,401.31081421729266,15.37685908747164,0.03856818754726494,5.404335770103352,4.789513486261659,5.404335770103352,0.006403125,False,True
stack-writes,106,16,200000,3923,402.4980881978078,20.13764975783839,0.04104002039255672,5.405047157787408,5.098139179199592,5.405047157787408,0.00621875,False,True
stack-writes,106,16,300000,3936,393.2926829268293,18.29268292682927,0.037347560975609755,5.0876524390243905,5.84349593495935,5.0876524390243905,0.00616875,False,True
stack-writes,107,16,500,3942,0.0,0.0,0.014205986808726534,0.07179096905124302,0.0,0.07179096905124302,0.1406875,True,True
stack-writes,107,16,1000,4006,0.0,0.0,0.01872191712431353,0.09385921118322517,0.24962556165751373,0.09385921118322517,0.151684375,True,True
stack-writes,107,16,2000,3956,0.0,0.5055611729019212,0.0275530839231547,0.08923154701718908,0.2527805864509606,0.08923154701718908,0.155046875,True,True
stack-writes,107,16,3000,3956,0.0,0.2527805864509606,0.02654196157735086,0.08215369059656219,0.5055611729019212,0.08215369059656219,0.15459375,True,True
stack-writes,107,16,5000,3967,0.0,0.7562389715149987,0.025712125031509957,0.09100075623897151,0.0,0.09100075623897151,0.1545375,True,True
stack-writes,107,16,7500,3997,0.0,0.0,0.023017262947210407,0.09432074055541656,0.2501876407305479,0.09432074055541656,0.1551625,True,True
stack-writes,107,16,10000,3939,0.0,0.2538715410002539,0.017263264788017263,0.07387661843107388,0.2538715410002539,0.07387661843107388,0.152965625,True,True
stack-writes,107,16,15000,3963,0.0,0.25233409033560433,0.019934393136512744,0.08806459752712592,0.25233409033560433,0.08806459752712592,0.15336875,True,True
stack-writes,107,16,20000,3997,0.2501876407305479,-0.2501876407305479,0.019764823617713284,0.08481361020765574,0.2501876407305479,0.08481361020765574,0.154221875,True,True
stack-writes,107,16,30000,3988,400.2006018054162,20.060180541624874,0.15095285857572718,5.529588766298897,9.027081243731194,5.529588766298897,0.028440625,True,True
stack-writes,107,16,50000,3930,385.75063613231555,21.374045801526716,0.06539440203562341,5.1740458015267174,5.597964376590331,5.1740458015267174,0.012253125,False,True
stack-writes,107,16,75000,3959,401.86915887850466,20.207123010861327,0.047991917150795656,5.380146501641828,9.093205354887598,5.380146501641828,0.007290625,False,True
stack-writes,107,16,100000,3942,387.3668188736682,25.114155251141554,0.0410958904109589,4.985286656519533,6.8493150684931505,4.985286656519533,0.007153125,False,True
stack-writes,107,16,150000,3988,390.42126379137414,22.316950852557675,0.04739217652958876,5.012537612838516,5.2657973921765295,5.012537612838516,0.007465625,False,True
stack-writes,107,16,200000,3918,402.5012761613068,20.163348647269014,0.03215926493108729,5.2052067381317,5.359877488514548,5.2052067381317,0.005225,False,True
stack-writes,107,16,300000,4016,397.1613545816733,18.426294820717132,0.03959163346613546,5.122260956175299,6.225099601593626,5.122260956175299,0.006578125,False,True
stack-writes,108,16,500,3956,0.0,0.5055611729019212,0.02704752275025278,0.0839231547017189,0.2527805864509606,0.0839231547017189,0.140134375,True,True
stack-writes,108,16,1000,3984,0.0,0.0,0.01706827309236948,0.08082329317269077,0.25100401606425704,0.08082329317269077,0.150628125,True,True
stack-writes,108,16,2000,4005,0.0,0.4993757802746567,0.018976279650436953,0.08464419475655431,0.0,0.08464419475655431,0.152234375,True,True
stack-writes,108,16,3000,3962,0.0,0.0,0.015396264512872286,0.08379606259464917,0.0,0.08379606259464917,0.152240625,True,True
stack-writes,108,16,5000,3956,0.0,0.0,0.020222446916076844,0.08063700707785643,0.2527805864509606,0.08063700707785643,0.156009375,True,True
stack-writes,108,16,7500,3953,0.0,0.2529724260055654,0.024032380470528712,0.08752845939792563,0.0,0.08752845939792563,0.15500625,True,True
stack-writes,108,16,10000,4036,0.0,0.24777006937561943,0.020317145688800792,0.08448959365708622,0.24777006937561943,0.08448959365708622,0.153746875,True,True
stack-writes,108,16,15000,3987,0.0,0.0,0.01655379984951091,0.06897416603962879,0.0,0.06897416603962879,0.15508125,True,True
stack-writes,108,16,20000,3970,57.43073047858942,4.534005037783375,0.07002518891687658,0.7811083123425693,1.5113350125944585,0.7811083123425693,0.14205625,True,True
stack-writes,108,16,30000,3935,407.6238881829733,23.125794155019058,0.17763659466327827,5.5712833545108005,4.5743329097839895,5.5712833545108005,0.031784375,True,True
stack-writes,108,16,50000,3973,392.39869116536624,22.401208155046564,0.11905361188019128,5.439214699219733,6.040775232821545,5.439214699219733,0.021675,False,True
stack-writes,108,16,75000,3924,398.0632008154944,18.85830784913354,0.08103975535168195,5.492099898063201,7.390417940876657,5.492099898063201,0.014090625,False,True
stack-writes,108,16,100000,3943,393.60892721278213,20.796347958407303,0.09916307380167386,5.551103220897794,9.890945980218108,5.551103220897794,0.016828125,False,True
stack-writes,108,16,150000,3928,401.9857433808554,23.167006109979635,0.09063136456211812,5.569246435845214,7.892057026476579,5.569246435845214,0.0144375,False,True
stack-writes,108,16,200000,3975,398.74213836477986,18.364779874213838,0.09710691823899371,5.557735849056604,4.528301886792453,5.557735849056604,0.016115625,False,True
stack-writes,108,16,300000,3935,400.7623888182973,22.109275730622617,0.043202033036848796,5.144091486658196,6.861499364675985,5.144091486658196,0.006140625,False,True
stack-writes,109,16,500,3955,0.0,0.0,0.023008849557522124,0.09051833122629582,0.7585335018963337,0.09051833122629582,0.14211875,True,True
stack-writes,109,16,1000,3921,0.0,0.510073960724305,0.01734251466462637,0.06809487375669472,0.7651109410864575,0.06809487375669472,0.151803125,True,True
stack-writes,109,16,2000,3991,0.0,0.2505637684790779,0.02280130293159609,0.09045352042094713,0.2505637684790779,0.09045352042094713,0.152346875,True,True
stack-writes,109,16,3000,3916,0.0,0.2553626149131767,0.02247191011235955,0.0888661899897855,0.5107252298263534,0.0888661899897855,0.152696875,True,True
stack-writes,109,16,5000,3938,0.0,0.25393600812595224,0.017267648552564754,0.08303707465718639,0.25393600812595224,0.08303707465718639,0.156071875,True,True
stack-writes,109,16,7500,3946,0.7602635580334516,0.5068423720223011,0.020527116066903193,0.09148504815002534,0.25342118601115055,0.09148504815002534,0.1557375,True,True
stack-writes,109,16,10000,3894,375.96302003081666,32.100667693888035,0.15716486902927582,4.915511042629687,5.649717514124294,4.915511042629687,0.03215,True,True
stack-writes,109,16,15000,3952,401.8218623481781,25.303643724696357,0.11310728744939272,5.266953441295547,4.8076923076923075,5.266953441295547,0.02138125,False,True
stack-writes,109,16,20000,3944,383.62068965517244,23.580121703853955,0.09457403651115619,5.109279918864098,5.578093306288032,5.109279918864098,0.01771875,False,True
stack-writes,109,16,30000,3986,391.11891620672355,21.07375815353738,0.0577019568489714,5.414701455092825,5.77019568489714,5.414701455092825,0.0099125,False,True
stack-writes,109,16,50000,3985,400.50188205771644,23.086574654956085,0.056461731493099125,5.4549560853199495,5.520702634880803,5.4549560853199495,0.00825625,False,True
stack-writes,109,16,75000,3976,378.7726358148893,25.150905432595575,0.03722334004024145,5.075955734406438,5.030181086519114,5.075955734406438,0.006346875,False,True
stack-writes,109,16,100000,3839,385.77754623599895,22.922636103151863,0.035425892159416515,5.1570721542068245,5.991143526960146,5.1570721542068245,0.005734375,False,True
stack-writes,109,16,150000,4040,399.009900990099,23.26732673267327,0.04084158415841584,5.401485148514851,5.9405940594059405,5.401485148514851,0.00658125,False,True
stack-writes,109,16,200000,3930,389.82188295165395,20.356234096692113,0.02900763358778626,5.206615776081425,4.071246819338422,5.206615776081425,0.0044625,False,True
stack-writes,109,16,300000,3914,393.71486969851816,20.183955033214104,0.038579458354624424,5.238119570771589,5.109862033725089,5.238119570771589,0.006890625,False,True
stack-writes,110,16,500,3917,0.0,0.2552974214960429,0.027572121521572634,0.09931069696196068,0.5105948429920858,0.09931069696196068,0.1429,True,False
stack-writes,110,16,1000,3997,0.0,0.7505629221916438,0.02051538653990493,0.07805854390793095,0.2501876407305479,0.07805854390793095,0.154178125,True,False
stack-writes,110,16,2000,3903,0.0,0.5124263387138099,0.02280297207276454,0.0878811170894184,0.25621316935690497,0.0878811170894184,0.15499375,True,False
stack-writes,110,16,3000,4023,0.0,0.0,0.01839423315933383,0.08476261496395725,0.7457121551081283,0.08476261496395725,0.153559375,True,False
stack-writes,110,16,5000,3979,0.0,0.0,0.016587082181452627,0.08720784116612214,0.25131942699170645,0.08720784116612214,0.152475,True,False
stack-writes,110,16,7500,3917,0.0,0.0,0.01582844013275466,0.07607863160582078,0.0,0.07607863160582078,0.157084375,True,False
stack-writes,110,16,10000,4005,0.0,0.0,0.02397003745318352,0.07415730337078652,0.4993757802746567,0.07415730337078652,0.15461875,True,False
stack-writes,110,16,15000,3893,0.25687130747495507,0.0,0.02440277421012073,0.07988697662471102,0.25687130747495507,0.07988697662471102,0.157359375,True,False
stack-writes,110,16,20000,3917,0.0,0.0,0.018636711769211133,0.08731171815164666,0.5105948429920858,0.08731171815164666,0.15264375,True,False
stack-writes,110,16,30000,3924,0.0,0.254841997961264,0.018093781855249746,0.08129459734964323,0.254841997961264,0.08129459734964323,0.154725,True,False
stack-writes,110,16,50000,3887,0.0,0.0,0.02315410342166195,0.07743761255466941,0.2572678157962439,0.07743761255466941,0.153265625,True,False
stack-writes,110,16,75000,4023,243.59930400198857,22.619935371613224,0.09545115585384041,2.9639572458364403,6.462838677603778,2.9639572458364403,0.06409375,True,False
stack-writes,110,16,100000,3905,393.34186939820745,17.6696542893726,0.040973111395646605,5.426376440460947,4.865556978233035,5.426376440460947,0.007371875,True,False
stack-writes,110,16,150000,3971,393.8554520271972,21.65701334676404,0.059682699571896244,5.257869554268447,5.036514731805591,5.257869554268447,0.010275,True,False
stack-writes,110,16,200000,3966,383.761976802824,20.423600605143722,0.04740292486132123,5.238779626828038,5.547150781643974,5.238779626828038,0.007240625,True,False
stack-writes,110,16,300000,3956,395.85439838220424,20.222446916076844,0.03564206268958544,4.978513650151668,8.341759352881699,4.978513650151668,0.006096875,True,False
stack-writes,101,36,500,3927,0.0,0.0,0.056022408963585436,0.24293353705118412,0.0,0.24293353705118412,0.14642777777777777,True,True
stack-writes,101,36,1000,3886,0.0,0.0,0.057900154400411734,0.2390633041688111,0.0,0.2390633041688111,0.16893611111111112,True,True
stack-writes,101,36,2000,3974,0.0,0.25163563160543534,0.045042778057372924,0.21942627075993962,0.0,0.21942627075993962,0.18203472222222222,True,True
stack-writes,101,36,3000,3938,0.0,0.0,0.05027932960893855,0.22168613509395632,0.0,0.22168613509395632,0.183075,True,True
stack-writes,101,36,5000,3874,0.0,0.0,0.046205472379969026,0.21579762519359835,0.0,0.21579762519359835,0.18615416666666668,True,True
stack-writes,101,36,7500,3996,0.0,0.0,0.03903903903903904,0.2017017017017017,0.0,0.2017017017017017,0.1852361111111111,True,True
stack-writes,101,36,10000,3932,0.0,0.0,0.04679552390640895,0.20600203458799593,0.0,0.20600203458799593,0.18745,True,True
stack-writes,101,36,15000,3948,337.89260385005065,-12.158054711246201,0.24062816616008106,9.70694022289767,7.092198581560283,9.70694022289767,0.023681944444444443,False,True
stack-writes,101,36,20000,3931,365.5558382091071,-32.05291274484864,0.07199185957771559,9.519715085220046,6.105316713304503,9.519715085220046,0.004926388888888889,False,True
stack-writes,101,36,30000,4039,386.9769744986383,-26.491705867789058,0.1240406041099282,10.459024511017578,2.475860361475613,10.459024511017578,0.009116666666666667,False,True
stack-writes,101,36,50000,3952,389.4230769230769,-34.66599190283401,0.3757591093117409,10.383097165991902,4.554655870445344,10.383097165991902,0.031063888888888887,False,True
stack-writes,101,36,75000,3994,391.0866299449174,-27.791687531296944,0.42213319979969954,11.06134201301953,3.0045067601402105,11.06134201301953,0.03311388888888889,False,True
stack-writes,101,36,100000,3968,374.4959677419355,-26.20967741935484,0.3185483870967742,10.23336693548387,4.284274193548387,10.23336693548387,0.028480555555555554,False,True
stack-writes,101,36,150000,3986,364.27496236828904,-25.840441545408932,0.24811841445057703,10.488208730556948,3.763171098845961,10.488208730556948,0.021755555555555556,False,True
stack-writes,101,36,200000,3916,402.1961184882533,-34.47395301327886,0.26251276813074564,10.496169560776302,3.0643513789581207,10.496169560776302,0.020379166666666667,False,True
stack-writes,101,36,300000,3955,387.86346396965865,-27.054361567635905,0.28874841972187104,10.189127686472819,6.321112515802781,10.189127686472819,0.02636111111111111,False,True
stack-writes,102,36,500,3875,0.0,0.0,0.05161290322580645,0.2296774193548387,0.0,0.2296774193548387,0.1470625,True,True
stack-writes,102,36,1000,3870,6.718346253229974,1.550387596899225,0.06537467700258398,0.7506459948320413,1.550387596899225,0.7506459948320413,0.1640638888888889,False,True
stack-writes,102,36,2000,3905,308.8348271446863,35.3393085787452,0.4199743918053777,10.24404609475032,13.060179257362355,10.24404609475032,0.03849583333333333,False,True
stack-writes,102,36,3000,3926,364.74783494651047,19.867549668874172,0.3721344880285278,12.416963830871115,15.792154865002548,12.416963830871115,0.030026388888888887,False,True
stack-writes,102,36,5000,3970,363.4760705289672,19.64735516372796,0.2345088161209068,12.347103274559194,10.57934508816121,12.347103274559194,0.017895833333333333,False,True
stack-writes,102,36,7500,3924,373.8532110091743,19.1131498470948,0.322375127420999,12.83460754332314,18.85830784913354,12.83460754332314,0.02471388888888889,False,True
stack-writes,102,36,10000,3951,368.51430017717036,21.007339913945838,0.22601872943558593,12.701594533029613,17.463933181473045,12.701594533029613,0.016391666666666665,False,True
stack-writes,102,36,15000,3965,388.3984867591425,18.915510718789406,0.31601513240857504,13.518032786885247,11.853720050441362,13.518032786885247,0.02169861111111111,False,True
stack-writes,102,36,20000,3988,366.8505516549649,13.54062186559679,0.242728184553661,12.873119358074222,11.033099297893681,12.873119358074222,0.018458333333333334,False,True
stack-writes,102,36,30000,3981,336.59884451142926,12.308465209746295,0.10424516453152474,11.966088922381312,13.062044712383823,11.966088922381312,0.00685,False,True
stack-writes,102,36,50000,3888,143.77572016460906,21.604938271604937,0.01800411522633745,7.7443415637860085,5.658436213991769,7.7443415637860085,0.0011152777777777778,False,True
stack-writes,102,36,75000,3895,172.52888318356867,31.322207958921695,0.03697047496790758,8.570218228498074,8.472400513478819,8.570218228498074,0.002375,False,True
stack-writes,102,36,100000,3928,172.35234215885947,53.97148676171079,0.026476578411405296,7.669297352342159,3.564154786150713,7.669297352342159,0.0019861111111111112,False,True
stack-writes,102,36,150000,4040,144.30693069306932,76.23762376237623,0.006930693069306931,8.138366336633663,4.207920792079208,8.138366336633663,0.0007777777777777777,False,True
stack-writes,102,36,200000,3992,151.30260521042084,105.96192384769539,0.013276553106212424,8.327905811623246,8.517034068136272,8.327905811623246,0.0005041666666666667,False,True
stack-writes,102,36,300000,3972,135.448136958711,109.76837865055387,0.0108257804632427,8.909869083585095,4.028197381671702,8.909869083585095,0.0013430555555555555,False,True
stack-writes,103,36,500,3926,0.0,0.0,0.05272542027508915,0.2315333672949567,0.0,0.2315333672949567,0.1479763888888889,True,True
stack-writes,103,36,1000,3951,0.0,0.0,0.04581118704125538,0.21589471019994938,0.0,0.21589471019994938,0.1728861111111111,True,True
stack-writes,103,36,2000,3921,0.0,0.2550369803621525,0.04794695230808467,0.22468757969905637,0.2550369803621525,0.22468757969905637,0.18485,True,True
stack-writes,103,36,3000,3914,0.0,0.0,0.052376085845682166,0.2110373019928462,0.0,0.2110373019928462,0.18687222222222222,True,True
stack-writes,103,36,5000,3997,0.0,0.0,0.04903677758318739,0.20765574180635477,0.0,0.20765574180635477,0.18688611111111111,True,True
stack-writes,103,36,7500,4005,0.0,0.0,0.04794007490636704,0.20124843945068663,0.0,0.20124843945068663,0.18590555555555555,True,True
stack-writes,103,36,10000,4026,0.0,0.0,0.05116741182314953,0.20665673124689518,0.0,0.20665673124689518,0.18857083333333333,True,True
stack-writes,103,36,15000,3938,0.0,0.0,0.043423057389537834,0.21813103098019299,0.25393600812595224,0.21813103098019299,0.18413888888888888,True,True
stack-writes,103,36,20000,3920,0.0,0.0,0.04591836734693878,0.18571428571428572,0.0,0.18571428571428572,0.185575,True,True
stack-writes,103,36,30000,3863,371.4729484856329,8.542583484338596,1.1377168004141858,11.435671757701268,23.81568728967124,11.435671757701268,0.10875833333333333,True,True
stack-writes,103,36,50000,3919,159.47945904567493,71.95713192140852,0.006379178361826996,8.83107935697882,4.848175554988518,8.83107935697882,0.0006027777777777778,False,True
stack-writes,103,36,75000,3913,151.54612829031433,85.6120623562484,0.03884487605417838,8.581395348837209,5.622284692052134,8.581395348837209,0.0028041666666666666,False,True
stack-writes,103,36,100000,3949,124.08204608761712,91.16231957457585,0.014180805267156243,7.722461382628514,5.064573309698658,7.722461382628514,0.0011361111111111112,False,True
stack-writes,103,36,150000,3954,131.25948406676784,88.51795649974709,0.0065756196256954984,7.900606980273142,5.816894284269095,7.900606980273142,0.00042916666666666667,False,True
stack-writes,103,36,200000,3984,129.7690763052209,88.60441767068274,0.0030120481927710845,7.5921184738955825,3.7650602409638556,7.5921184738955825,0.00034722222222222224,False,True
stack-writes,103,36,300000,3903,112.22136817832437,102.74148091211889,0.027671022290545733,7.457596720471432,4.0994107097104795,7.457596720471432,0.0015236111111111112,False,True
stack-writes,104,36,500,3968,0.0,0.0,0.054183467741935484,0.2399193548387097,0.0,0.2399193548387097,0.14716805555555557,True,True
stack-writes,104,36,1000,3926,0.0,0.0,0.05068772287315334,0.228222109016811,0.0,0.228222109016811,0.17040555555555556,True,True
stack-writes,104,36,2000,3936,0.0,0.0,0.047002032520325206,0.19715447154471544,0.0,0.19715447154471544,0.1814236111111111,True,True
stack-writes,104,36,3000,3969,0.0,0.0,0.04484756865709247,0.20811287477954143,0.0,0.20811287477954143,0.18488194444444445,True,True
stack-writes,104,36,5000,3978,0.0,0.0,0.042986425339366516,0.20387129210658622,0.0,0.20387129210658622,0.18457083333333332,True,True
stack-writes,104,36,7500,3963,0.0,0.0,0.045672470350744385,0.2038859449911683,0.0,0.2038859449911683,0.18574722222222223,True,True
stack-writes,104,36,10000,3960,0.0,0.0,0.047474747474747475,0.201010101010101,0.0,0.201010101010101,0.1875125,True,True
stack-writes,104,36,15000,3973,0.0,0.0,0.04480241631009313,0.22225018877422603,0.0,0.22225018877422603,0.18819444444444444,True,True
stack-writes,104,36,20000,3979,0.0,0.0,0.04649409399346569,0.20859512440311637,0.0,0.20859512440311637,0.18621944444444444,True,True
stack-writes,104,36,30000,3895,0.0,0.0,0.04544287548138639,0.21001283697047496,0.25673940949935814,0.21001283697047496,0.18592083333333334,True,True
stack-writes,104,36,50000,4038,0.0,0.24764735017335315,0.045567112431896976,0.20678553739474986,0.0,0.20678553739474986,0.18695694444444444,True,True
stack-writes,104,36,75000,3981,388.0934438583271,8.289374529012811,0.24566691785983422,12.786737000753579,13.313237879929666,12.786737000753579,0.019325,False,True
stack-writes,104,36,100000,3950,245.56962025316454,29.367088607594937,0.013924050632911392,8.131392405063291,11.89873417721519,8.131392405063291,0.0007291666666666667,False,True
stack-writes,104,36,150000,3932,216.17497456765005,50.8646998982706,0.012970498474059003,7.010427263479145,10.935910478128179,7.010427263479145,0.0008541666666666667,False,True
stack-writes,104,36,200000,3946,217.94221996958944,59.55397871262038,0.011910795742524075,7.346933603649265,8.109477952356817,7.346933603649265,0.0009277777777777778,False,True
stack-writes,104,36,300000,3965,302.6481715006305,20.933165195460276,0.05170239596469105,9.358638083228247,10.592686002522068,9.358638083228247,0.003375,False,True
stack-writes,105,36,500,3927,0.0,0.0,0.04863763687293099,0.2510822510822511,0.0,0.2510822510822511,0.1462402777777778,True,True
stack-writes,105,36,1000,3941,0.0,0.0,0.047957371225577264,0.2225323521948744,0.0,0.2225323521948744,0.17199583333333332,True,True
stack-writes,105,36,2000,3919,0.0,0.25516713447307987,0.03980607297780046,0.21459556009186018,0.25516713447307987,0.21459556009186018,0.1857875,True,True
stack-writes,105,36,3000,3934,0.0,0.0,0.041687849517031014,0.1929334011184545,0.0,0.1929334011184545,0.1884,True,True
stack-writes,105,36,5000,3918,0.0,0.0,0.04849412965798877,0.21260847371107708,0.2552322613578356,0.21260847371107708,0.18929722222222223,True,True
stack-writes,105,36,7500,3987,0.0,0.0,0.045146726862302484,0.21369450714823177,0.0,0.21369450714823177,0.1850527777777778,True,True
stack-writes,105,36,10000,3931,0.0,0.0,0.04553548715339608,0.20859832103790385,0.0,0.20859832103790385,0.1862902777777778,True,True
stack-writes,105,36,15000,3929,375.1590735556121,12.216849071010435,0.936370577755154,12.110206159328074,7.635530669381522,12.110206159328074,0.08944166666666667,True,True
stack-writes,105,36,20000,3970,380.85642317380353,8.312342569269521,0.2141057934508816,13.253904282115869,7.5566750629722925,13.253904282115869,0.016070833333333333,False,True
stack-writes,105,36,30000,3889,353.0470557984058,4.885574697865775,0.17922345075854976,12.086140395988686,11.571097968629468,12.086140395988686,0.015009722222222223,False,True
stack-writes,105,36,50000,3894,353.62095531587056,-2.3112480739599386,0.137904468412943,11.372881355932204,8.988186954288649,11.372881355932204,0.009081944444444445,False,True
stack-writes,105,36,75000,3955,341.5929203539823,3.034134007585335,0.09026548672566372,11.297850821744627,8.849557522123893,11.297850821744627,0.007897222222222222,False,True
stack-writes,105,36,100000,3939,275.1967504442752,14.724549378014725,0.023356181772023355,10.456714902259456,6.346788525006347,10.456714902259456,0.0017583333333333333,False,True
stack-writes,105,36,150000,3935,152.22363405336722,89.1994917407878,0.028716645489199492,8.17712833545108,4.5743329097839895,8.17712833545108,0.003025,False,True
stack-writes,105,36,200000,3899,110.28468838163631,82.84175429597333,0.008976660682226212,7.632982816106694,4.873044370351372,7.632982816106694,0.0006513888888888889,False,True
stack-writes,105,36,300000,3995,123.15394242803504,75.3441802252816,0.009261576971214018,7.5889862327909885,5.7571964956195245,7.5889862327909885,0.0007361111111111111,False,True
stack-writes,106,36,500,3929,0.0,0.0,0.04963094935097989,0.2430643929753118,0.0,0.2430643929753118,0.14831805555555555,True,True
stack-writes,106,36,1000,3888,0.0,0.257201646090535,0.047325102880658436,0.22839506172839505,0.257201646090535,0.22839506172839505,0.17255694444444444,True,True
stack-writes,106,36,2000,3899,0.0,0.0,0.040010259040779685,0.20210310335983586,0.0,0.20210310335983586,0.1841347222222222,True,True
stack-writes,106,36,3000,3979,0.0,0.0,0.048504649409399345,0.2181452626288012,0.0,0.2181452626288012,0.1836875,True,True
stack-writes,106,36,5000,3902,0.0,0.0,0.05561250640697078,0.23321373654536134,0.0,0.23321373654536134,0.186125,True,True
stack-writes,106,36,7500,3954,0.0,0.0,0.042488619119878605,0.208649468892261,0.0,0.208649468892261,0.18542083333333334,True,True
stack-writes,106,36,10000,3955,213.4007585335019,18.963337547408344,0.5264222503160556,8.127180783817952,28.824273072060684,8.127180783817952,0.11173194444444444,True,True
stack-writes,106,36,15000,3940,387.0558375634518,15.48223350253807,0.37081218274111677,13.840862944162437,22.33502538071066,13.840862944162437,0.027125,True,True
stack-writes,106,36,20000,3924,374.1080530071356,4.077471967380224,0.23980632008154945,13.200815494393476,16.309887869520896,13.200815494393476,0.018672222222222222,False,True
stack-writes,106,36,30000,3976,361.9215291750503,3.772635814889336,0.1448692152917505,12.10940643863179,10.814889336016096,12.10940643863179,0.011302777777777778,False,True
stack-writes,106,36,50000,3927,303.030303030303,1.2732365673542143,0.035650623885918005,9.895339954163484,13.750954927425516,9.895339954163484,0.0018152777777777779,False,True
stack-writes,106,36,75000,3865,316.42949547218626,5.950840879689522,0.027943078913324707,9.627943078913324,10.349288486416558,9.627943078913324,0.002275,False,True
stack-writes,106,36,100000,3918,334.0990301174068,9.698825931597755,0.019397651863195507,9.40684022460439,14.803471158754467,9.40684022460439,0.001325,False,True
stack-writes,106,36,150000,3969,176.6187956664147,15.369110607205846,0.030234315948601664,7.136810279667422,18.89644746787604,7.136810279667422,0.002190277777777778,False,True
stack-writes,106,36,200000,3937,125.22225044450089,5.08001016002032,0.024638049276098552,4.94259588519177,8.382016764033528,4.94259588519177,0.0018777777777777777,False,True
stack-writes,106,36,300000,3943,146.08166370783667,2.53613999492772,0.004565051990869896,5.192239411615521,8.369261983261476,5.192239411615521,0.00029444444444444445,False,True
stack-writes,107,36,500,3934,0.0,0.0,0.05083884087442806,0.23411286222674124,0.0,0.23411286222674124,0.14514444444444444,True,True
stack-writes,107,36,1000,3995,0.0,0.0,0.0458072590738423,0.19899874843554444,0.0,0.19899874843554444,0.16834583333333333,True,True
stack-writes,107,36,2000,3952,0.0,0.0,0.04579959514170041,0.222165991902834,0.0,0.222165991902834,0.18328472222222222,True,True
stack-writes,107,36,3000,3957,0.0,0.0,0.043719989891331815,0.20141521354561537,0.0,0.20141521354561537,0.18880555555555556,True,True
stack-writes,107,36,5000,3957,0.0,0.0,0.05357594136972454,0.2049532474096538,0.0,0.2049532474096538,0.1864236111111111,True,True
stack-writes,107,36,7500,3969,382.71604938271605,18.89644746787604,0.17586293776769968,10.869488536155202,15.369110607205846,10.869488536155202,0.012975,False,True
stack-writes,107,36,10000,3939,373.6989083523737,17.263264788017263,0.12185833968012186,11.650672759583651,18.786494034018787,11.650672759583651,0.0093125,False,True
stack-writes,107,36,15000,3962,253.15497223624433,10.095911155981828,0.034073700151438666,8.381120646138314,10.348308934881373,8.381120646138314,0.0036694444444444444,False,True
stack-writes,107,36,20000,4000,153.5,2.25,0.0125,5.07625,8.25,5.07625,0.001375,False,True
stack-writes,107,36,30000,3977,155.39351269801358,-0.5028916268544129,0.023133014835302994,4.434498365602213,5.531807895398542,4.434498365602213,0.001473611111111111,False,True
stack-writes,107,36,50000,3935,177.63659466327826,4.5743329097839895,0.0030495552731893264,4.389834815756036,7.369758576874206,4.389834815756036,0.0001875,False,True
stack-writes,107,36,75000,3950,170.8860759493671,2.0253164556962027,0.012911392405063291,4.95746835443038,6.075949367088608,4.95746835443038,0.0006777777777777778,False,True
stack-writes,107,36,100000,3947,188.24423612870535,3.040283759817583,0.008614137319483153,5.79300734735242,6.080567519635166,5.79300734735242,0.0005972222222222222,False,True
stack-writes,107,36,150000,4000,224.25,2.25,0.0065,6.92625,8.75,6.92625,0.0004930555555555556,False,True
stack-writes,107,36,200000,3926,154.10086602139583,4.839531329597555,0.0,5.522159959246052,9.67906265919511,5.522159959246052,0.00015972222222222223,False,True
stack-writes,107,36,300000,4024,153.82703777335985,5.21868787276342,0.013170974155069582,5.553926441351889,10.685884691848907,5.553926441351889,0.0008430555555555556,False,True
stack-writes,108,36,500,3954,0.0,0.0,0.054375316135558925,0.24860900354071827,0.0,0.24860900354071827,0.1449625,True,True
stack-writes,108,36,1000,3964,0.0,0.0,0.05423814328960646,0.23814328960645811,0.0,0.23814328960645811,0.17055,True,True
stack-writes,108,36,2000,3980,0.0,0.0,0.04522613065326633,0.21281407035175878,0.0,0.21281407035175878,0.1830402777777778,True,True
stack-writes,108,36,3000,3936,0.0,0.0,0.04852642276422764,0.20934959349593496,0.0,0.20934959349593496,0.18672777777777777,True,True
stack-writes,108,36,5000,3934,0.0,0.0,0.04677173360447382,0.21708185053380782,0.0,0.21708185053380782,0.18715555555555555,True,True
stack-writes,108,36,7500,3923,0.0,0.0,0.05021667091511598,0.19933724190670404,0.0,0.19933724190670404,0.18604444444444446,True,True
stack-writes,108,36,10000,4006,0.0,0.24962556165751373,0.0509236145781328,0.21567648527209185,0.0,0.21567648527209185,0.18639444444444445,True,True
stack-writes,108,36,15000,3990,0.0,0.0,0.045112781954887216,0.21303258145363407,0.0,0.21303258145363407,0.18816944444444444,True,True
stack-writes,108,36,20000,3973,0.0,0.0,0.043292222501887745,0.20538635791593254,0.0,0.20538635791593254,0.18899166666666667,True,True
stack-writes,108,36,30000,3923,0.0,0.0,0.044608717817996434,0.20800407851134337,0.0,0.20800407851134337,0.1874375,True,True
stack-writes,108,36,50000,3977,395.27281870756855,-40.23133014835303,0.5202413879808901,10.949962283127986,8.800603469952225,10.949962283127986,0.04045972222222222,False,True
stack-writes,108,36,75000,3889,405.50269992285934,-38.313191051684235,0.34687580354847003,10.446387246078684,3.8570326562098227,10.446387246078684,0.024747222222222223,False,True
stack-writes,108,36,100000,3939,384.8692561563849,-41.127189642041124,0.35998984513835997,10.245493780147246,5.077430820005078,10.245493780147246,0.028133333333333333,False,True
stack-writes,108,36,150000,3927,403.3613445378151,-25.974025974025974,0.36210847975553856,11.128596893302776,3.3104150751209573,11.128596893302776,0.02908888888888889,False,True
stack-writes,108,36,200000,3987,389.0142964635064,-37.12064208678204,0.4419362929520943,10.478806119889642,5.016302984700276,10.478806119889642,0.0305125,False,True
stack-writes,108,36,300000,3937,398.2727965455931,-33.02006604013208,0.3713487426974854,10.79248158496317,5.08001016002032,10.79248158496317,0.026693055555555557,False,True
stack-writes,109,36,500,3948,4.5592705167173255,0.0,0.07142857142857142,0.4199594731509625,0.0,0.4199594731509625,0.14675833333333332,True,True
stack-writes,109,36,1000,3912,39.11042944785276,4.08997955010225,0.16743353783231082,1.579243353783231,3.834355828220859,1.579243353783231,0.16275416666666667,True,True
stack-writes,109,36,2000,3956,235.8442871587462,14.914054600606674,0.5204752275025278,7.518200202224469,11.880687563195147,7.518200202224469,0.10521111111111112,True,True
stack-writes,109,36,3000,3898,379.42534633145203,13.340174448435095,0.6859928168291431,11.289122626988199,12.570548999486917,11.289122626988199,0.06635972222222222,True,True
stack-writes,109,36,5000,3926,381.04941416199694,10.443199184921038,0.46917982679572084,12.217269485481406,16.556291390728475,12.217269485481406,0.0405625,True,True
stack-writes,109,36,7500,3945,367.80735107731306,14.195183776932826,0.4040557667934094,11.986058301647656,16.730038022813687,11.986058301647656,0.03566805555555556,True,True
stack-writes,109,36,10000,3900,355.8974358974359,10.76923076923077,0.34307692307692306,11.458461538461538,14.102564102564102,11.458461538461538,0.028997222222222223,False,True
stack-writes,109,36,15000,3946,375.5701976685251,8.109477952356817,0.3094272681196148,12.585402939685757,15.712113532691333,12.585402939685757,0.023952777777777778,False,True
stack-writes,109,36,20000,3960,353.5353535353535,9.595959595959595,0.20126262626262625,12.023232323232323,18.434343434343436,12.023232323232323,0.015445833333333334,False,True
stack-writes,109,36,30000,4008,365.7684630738523,-6.2375249500998,0.13248502994011976,12.056636726546905,11.726546906187625,12.056636726546905,0.00946388888888889,False,True
stack-writes,109,36,50000,3958,376.70540677109653,-19.201616978271854,0.34436584133400705,11.196058615462356,4.8004042445679636,11.196058615462356,0.024443055555555555,False,True
stack-writes,109,36,75000,3971,362.6290606900025,-23.671619239486276,0.23822714681440443,11.330899017879627,6.043817678166708,11.330899017879627,0.020530555555555555,False,True
stack-writes,109,36,100000,3884,385.9423274974253,-33.985581874356335,0.3135942327497425,10.129505664263645,3.089598352214212,10.129505664263645,0.02685,False,True
stack-writes,109,36,150000,4053,371.82334073525783,-38.736738218603506,0.37207007155193683,10.24722427831236,4.441154700222058,10.24722427831236,0.02900972222222222,False,True
stack-writes,109,36,200000,3953,360.4857070579307,-34.65722236276246,0.40475588160890463,10.278016696180117,4.806476094105743,10.278016696180117,0.036922222222222224,False,True
stack-writes,109,36,300000,3914,376.08584568216656,-36.53551354113439,0.40878896269800713,10.242718446601941,2.810424118548799,10.242718446601941,0.03186805555555555,False,True
stack-writes,110,36,500,3915,0.0,0.0,0.048786717752235,0.22120051085568326,0.0,0.22120051085568326,0.146175,True,True
stack-writes,110,36,1000,3995,0.0,0.2503128911138924,0.05356695869837297,0.2130162703379224,0.5006257822277848,0.2130162703379224,0.17198888888888889,True,True
stack-writes,110,36,2000,3871,0.0,0.25833118057349524,0.045207956600361664,0.21828984758460346,0.5166623611469905,0.21828984758460346,0.18423472222222223,True,True
stack-writes,110,36,3000,4013,0.0,0.0,0.05208073760279093,0.20458509843010217,0.24919013207077,0.20458509843010217,0.18624722222222223,True,True
stack-writes,110,36,5000,3984,0.0,0.0,0.051706827309236945,0.22464859437751003,0.0,0.22464859437751003,0.1857236111111111,True,True
stack-writes,110,36,7500,3910,316.62404092071614,-53.452685421994886,0.19820971867007672,8.304092071611253,10.997442455242966,8.304092071611253,0.02767638888888889,False,True
stack-writes,110,36,10000,3993,385.6749311294766,-26.29601803155522,0.0505885299273729,9.764087152516904,8.014024542950162,9.764087152516904,0.004209722222222222,False,True
stack-writes,110,36,15000,3900,384.87179487179486,-26.666666666666668,0.04666666666666667,10.131282051282051,8.205128205128204,10.131282051282051,0.0026458333333333334,False,True
stack-writes,110,36,20000,3913,397.6488627651418,-26.32251469460772,0.10963455149501661,10.580884232047023,10.477894198824432,10.580884232047023,0.009033333333333334,False,True
stack-writes,110,36,30000,3891,375.22487792341303,-20.560267283474687,0.040863531225905934,10.29709586224621,9.509123618607042,10.29709586224621,0.0026125,False,True
stack-writes,110,36,50000,3873,330.2349599793442,-15.491866769945778,0.17170152336689903,9.946294861864187,10.58610895946295,9.946294861864187,0.013526388888888888,False,True
stack-writes,110,36,75000,4030,389.0818858560794,-39.702233250620345,0.2794044665012407,9.78759305210918,6.20347394540943,9.78759305210918,0.0231,False,True
stack-writes,110,36,100000,3877,374.2584472530307,-36.110394635027085,0.33376321898375033,9.859943255094144,7.7379417075058035,9.859943255094144,0.02739861111111111,False,True
stack-writes,110,36,150000,3986,383.59257400903164,-32.112393376818865,0.39864525840441545,10.07175112895133,1.7561465127947817,10.07175112895133,0.03136944444444444,False,True
stack-writes,110,36,200000,3994,372.55883825738607,-29.794692038057086,0.24887330996494741,9.639959939909865,4.256384576865298,9.639959939909865,0.019338888888888888,False,True
stack-writes,110,36,300000,3945,406.33713561470216,-35.23447401774398,0.3515842839036755,10.451964512040558,5.576679340937896,10.451964512040558,0.026827777777777777,False,True
