file,label,tape_len,steps,k,seed,step,n,frac_heritable,frac_faithful,gen2_mean,zero_frac,q_share
none@closure1M_L20_st128_k4_s2001.summary.json,none@closure1M,20,128,4,2001,50,16,0.0,0.0,0.07640145285087718,0.333175,0.0196
none@closure1M_L20_st128_k4_s2001.summary.json,none@closure1M,20,128,4,2001,100,16,0.0,0.0,0.08442633083935329,0.3573375,0.0347
none@closure1M_L20_st128_k4_s2001.summary.json,none@closure1M,20,128,4,2001,150,16,0.0,0.0,0.1046623720760234,0.3654325,0.00235
none@closure1M_L20_st128_k4_s2001.summary.json,none@closure1M,20,128,4,2001,200,16,0.0,0.0,0.09321478865669075,0.3692075,0.022
none@closure1M_L20_st128_k4_s2001.summary.json,none@closure1M,20,128,4,2001,300,16,0.0,0.0,0.049194293945648435,0.373995,0.0029
none@closure1M_L20_st128_k4_s2001.summary.json,none@closure1M,20,128,4,2001,500,16,0.0,0.0,0.047677380299707604,0.36884,0.00275
none@closure1M_L20_st128_k4_s2001.summary.json,none@closure1M,20,128,4,2001,750,16,0.0,0.0,0.051160453216374274,0.3699425,0.0048
none@closure1M_L20_st128_k4_s2001.summary.json,none@closure1M,20,128,4,2001,1000,16,0.0,0.0,0.057077508223684216,0.362795,0.0117
none@closure1M_L20_st128_k4_s2001.summary.json,none@closure1M,20,128,4,2001,1500,16,0.0,0.0,0.04413491410818714,0.356555,0.0098
none@closure1M_L20_st128_k4_s2001.summary.json,none@closure1M,20,128,4,2001,2000,16,0.0,0.0,0.08012209886695906,0.3563225,0.00695
none@closure1M_L20_st128_k4_s2001.summary.json,none@closure1M,20,128,4,2001,3000,16,0.0,0.0,0.06228926809210526,0.3495575,0.01205
none@closure1M_L20_st128_k4_s2001.summary.json,none@closure1M,20,128,4,2001,5000,16,0.125,0.125,0.1351097902154283,0.311765,0.0397
none@closure1M_L20_st128_k4_s2001.summary.json,none@closure1M,20,128,4,2001,10000,16,0.125,0.125,0.13292900219298245,0.2759375,0.03985
none@closure1M_L20_st128_k4_s2001.summary.json,none@closure1M,20,128,4,2001,15000,16,0.1875,0.125,0.11103344298245613,0.229045,0.09035
none@closure1M_L20_st128_k4_s2001.summary.json,none@closure1M,20,128,4,2001,20000,16,0.0,0.0,0.04628563596491228,0.21078,0.07805
none@closure1M_L20_st128_k4_s2001.summary.json,none@closure1M,20,128,4,2001,30000,16,0.0625,0.0625,0.07557680007309941,0.1951475,0.05875
none@closure1M_L20_st128_k4_s2001.summary.json,none@closure1M,20,128,4,2001,50000,16,0.1875,0.0625,0.1242522427008084,0.2182425,0.0631
none@closure1M_L20_st128_k4_s2001.summary.json,none@closure1M,20,128,4,2001,75000,16,0.1875,0.125,0.12242075969642244,0.18818,0.06565
none@closure1M_L20_st128_k4_s2001.summary.json,none@closure1M,20,128,4,2001,100000,16,0.125,0.125,0.1087021561640007,0.22275,0.08755
none@closure1M_L20_st128_k4_s2001.summary.json,none@closure1M,20,128,4,2001,150000,16,0.0,0.0,0.055032437865497066,0.19728,0.0847
none@closure1M_L20_st128_k4_s2001.summary.json,none@closure1M,20,128,4,2001,200000,16,0.0,0.0,0.07788171600877193,0.208955,0.075
none@closure1M_L20_st128_k4_s2001.summary.json,none@closure1M,20,128,4,2001,300000,16,0.1875,0.0625,0.11035670230263159,0.194905,0.0865
none@closure1M_L20_st128_k4_s2001.summary.json,none@closure1M,20,128,4,2001,500000,16,0.1875,0.125,0.1280484740497076,0.2211125,0.0754
none@closure1M_L20_st128_k4_s2001.summary.json,none@closure1M,20,128,4,2001,750000,16,1.0,1.0,0.996797331871345,0.0022625,0.26305
none@closure1M_L20_st128_k4_s2001.summary.json,none@closure1M,20,128,4,2001,1000000,16,0.9375,0.9375,0.9377055921052632,0.003845,0.29555
none@closure1M_L20_st128_k4_s2002.summary.json,none@closure1M,20,128,4,2002,50,16,0.0,0.0,0.09159124930125559,0.334485,0.01985
none@closure1M_L20_st128_k4_s2002.summary.json,none@closure1M,20,128,4,2002,100,16,0.0,0.0,0.07505025584795322,0.3552775,0.01955
none@closure1M_L20_st128_k4_s2002.summary.json,none@closure1M,20,128,4,2002,150,16,0.0,0.0,0.0776452850877193,0.364745,0.0212
none@closure1M_L20_st128_k4_s2002.summary.json,none@closure1M,20,128,4,2002,200,16,0.0,0.0,0.06727954613863088,0.36887,0.0207
none@closure1M_L20_st128_k4_s2002.summary.json,none@closure1M,20,128,4,2002,300,16,0.0,0.0,0.13284562317251464,0.3748475,0.02025
none@closure1M_L20_st128_k4_s2002.summary.json,none@closure1M,20,128,4,2002,500,16,0.0,0.0,0.0920258817616959,0.3719275,0.0317
none@closure1M_L20_st128_k4_s2002.summary.json,none@closure1M,20,128,4,2002,750,16,0.0,0.0,0.08841202942251461,0.37433,0.0318
none@closure1M_L20_st128_k4_s2002.summary.json,none@closure1M,20,128,4,2002,1000,16,0.0,0.0,0.11609100877192981,0.3651275,0.00985
none@closure1M_L20_st128_k4_s2002.summary.json,none@closure1M,20,128,4,2002,1500,16,0.0,0.0,0.0954607144392845,0.3631425,0.0116
none@closure1M_L20_st128_k4_s2002.summary.json,none@closure1M,20,128,4,2002,2000,16,0.0,0.0,0.10567548428362572,0.34224,0.0276
none@closure1M_L20_st128_k4_s2002.summary.json,none@closure1M,20,128,4,2002,3000,16,0.125,0.125,0.11194090369152047,0.2639025,0.07615
none@closure1M_L20_st128_k4_s2002.summary.json,none@closure1M,20,128,4,2002,5000,16,0.0625,0.0625,0.08676843475877193,0.2382825,0.07045
none@closure1M_L20_st128_k4_s2002.summary.json,none@closure1M,20,128,4,2002,10000,16,0.1875,0.125,0.14010473775584797,0.206165,0.0745
none@closure1M_L20_st128_k4_s2002.summary.json,none@closure1M,20,128,4,2002,15000,16,0.1875,0.0625,0.12382862890221878,0.20499,0.0775
none@closure1M_L20_st128_k4_s2002.summary.json,none@closure1M,20,128,4,2002,20000,16,0.0625,0.0,0.07924376370614035,0.213385,0.0621
none@closure1M_L20_st128_k4_s2002.summary.json,none@closure1M,20,128,4,2002,30000,16,0.1875,0.125,0.14675392909356727,0.19489,0.0585
none@closure1M_L20_st128_k4_s2002.summary.json,none@closure1M,20,128,4,2002,50000,16,0.125,0.125,0.1173354120979532,0.2081225,0.07215
none@closure1M_L20_st128_k4_s2002.summary.json,none@closure1M,20,128,4,2002,75000,16,0.0625,0.0625,0.06891561586257311,0.217485,0.05675
none@closure1M_L20_st128_k4_s2002.summary.json,none@closure1M,20,128,4,2002,100000,16,0.125,0.125,0.09800804093567253,0.2005975,0.08375
none@closure1M_L20_st128_k4_s2002.summary.json,none@closure1M,20,128,4,2002,150000,16,0.125,0.125,0.09474141081871346,0.21175,0.0629
none@closure1M_L20_st128_k4_s2002.summary.json,none@closure1M,20,128,4,2002,200000,16,0.0625,0.0625,0.10178572868292053,0.19712,0.0878
none@closure1M_L20_st128_k4_s2002.summary.json,none@closure1M,20,128,4,2002,300000,16,0.1875,0.1875,0.12489844690617476,0.19007,0.07255
none@closure1M_L20_st128_k4_s2002.summary.json,none@closure1M,20,128,4,2002,500000,16,0.375,0.375,0.3113686723318714,0.097935,0.3378
none@closure1M_L20_st128_k4_s2002.summary.json,none@closure1M,20,128,4,2002,750000,16,0.1875,0.1875,0.2352025082236842,0.0921475,0.36835
none@closure1M_L20_st128_k4_s2002.summary.json,none@closure1M,20,128,4,2002,1000000,16,0.25,0.25,0.23302608735380115,0.1020875,0.3477
none@closure1M_L20_st128_k4_s2003.summary.json,none@closure1M,20,128,4,2003,50,16,0.0,0.0,0.08022079651487787,0.3366325,0.00725
none@closure1M_L20_st128_k4_s2003.summary.json,none@closure1M,20,128,4,2003,100,16,0.0,0.0,0.05378175255847953,0.35945,0.0188
none@closure1M_L20_st128_k4_s2003.summary.json,none@closure1M,20,128,4,2003,150,16,0.0,0.0,0.09045709978070177,0.36807,0.0354
none@closure1M_L20_st128_k4_s2003.summary.json,none@closure1M,20,128,4,2003,200,16,0.0,0.0,0.06551877741228071,0.3720775,0.01905
none@closure1M_L20_st128_k4_s2003.summary.json,none@closure1M,20,128,4,2003,300,16,0.0,0.0,0.06742164656432748,0.36993,0.0056
none@closure1M_L20_st128_k4_s2003.summary.json,none@closure1M,20,128,4,2003,500,16,0.0,0.0,0.07076302217707259,0.3552825,0.02015
none@closure1M_L20_st128_k4_s2003.summary.json,none@closure1M,20,128,4,2003,750,16,0.0,0.0,0.08415284630847954,0.328835,0.0469
none@closure1M_L20_st128_k4_s2003.summary.json,none@closure1M,20,128,4,2003,1000,16,0.125,0.125,0.10625342653508772,0.3088175,0.0639
none@closure1M_L20_st128_k4_s2003.summary.json,none@closure1M,20,128,4,2003,1500,16,0.1875,0.1875,0.15327633863304094,0.2528975,0.08615
none@closure1M_L20_st128_k4_s2003.summary.json,none@closure1M,20,128,4,2003,2000,16,0.125,0.125,0.10448019462719299,0.230015,0.0652
none@closure1M_L20_st128_k4_s2003.summary.json,none@closure1M,20,128,4,2003,3000,16,0.0625,0.0625,0.07529810855263158,0.2404,0.0721
none@closure1M_L20_st128_k4_s2003.summary.json,none@closure1M,20,128,4,2003,5000,16,0.125,0.125,0.10389482821637427,0.24208,0.0779
none@closure1M_L20_st128_k4_s2003.summary.json,none@closure1M,20,128,4,2003,10000,16,0.0,0.0,0.06823887518274854,0.2285175,0.0837
none@closure1M_L20_st128_k4_s2003.summary.json,none@closure1M,20,128,4,2003,15000,16,0.0,0.0,0.07231816520467838,0.22954,0.0698
none@closure1M_L20_st128_k4_s2003.summary.json,none@closure1M,20,128,4,2003,20000,16,0.0,0.0,0.0520039519371345,0.2353725,0.05685
none@closure1M_L20_st128_k4_s2003.summary.json,none@closure1M,20,128,4,2003,30000,16,0.0625,0.0625,0.07004408808479531,0.2357725,0.068
none@closure1M_L20_st128_k4_s2003.summary.json,none@closure1M,20,128,4,2003,50000,16,0.0,0.0,0.06930738304093567,0.2379875,0.06595
none@closure1M_L20_st128_k4_s2003.summary.json,none@closure1M,20,128,4,2003,75000,16,0.25,0.1875,0.15610437225877194,0.2221025,0.04925
none@closure1M_L20_st128_k4_s2003.summary.json,none@closure1M,20,128,4,2003,100000,16,0.0,0.0,0.08026601334064326,0.2153275,0.06605
none@closure1M_L20_st128_k4_s2003.summary.json,none@closure1M,20,128,4,2003,150000,16,0.125,0.0625,0.08592379385964911,0.2039775,0.06635
none@closure1M_L20_st128_k4_s2003.summary.json,none@closure1M,20,128,4,2003,200000,16,0.0,0.0,0.04909851893059855,0.2111475,0.0636
none@closure1M_L20_st128_k4_s2003.summary.json,none@closure1M,20,128,4,2003,300000,16,0.125,0.125,0.1299302129020468,0.20521,0.0718
none@closure1M_L20_st128_k4_s2003.summary.json,none@closure1M,20,128,4,2003,500000,16,0.9375,0.9375,0.7972667671783625,0.0469475,0.00365
none@closure1M_L20_st128_k4_s2003.summary.json,none@closure1M,20,128,4,2003,750000,16,0.875,0.875,0.7375185436016511,0.0444025,0.00415
none@closure1M_L20_st128_k4_s2003.summary.json,none@closure1M,20,128,4,2003,1000000,16,0.9375,0.9375,0.7913902259094427,0.04038,0.00115
none@closure1M_L20_st128_k4_s2004.summary.json,none@closure1M,20,128,4,2004,50,16,0.0,0.0,0.07581360052244583,0.3368075,0.02515
none@closure1M_L20_st128_k4_s2004.summary.json,none@closure1M,20,128,4,2004,100,16,0.0,0.0,0.11239206414473685,0.35966,0.0255
none@closure1M_L20_st128_k4_s2004.summary.json,none@closure1M,20,128,4,2004,150,16,0.0,0.0,0.07736316703216374,0.36712,0.032
none@closure1M_L20_st128_k4_s2004.summary.json,none@closure1M,20,128,4,2004,200,16,0.0,0.0,0.10759777046783625,0.3673525,0.0323
none@closure1M_L20_st128_k4_s2004.summary.json,none@closure1M,20,128,4,2004,300,16,0.0,0.0,0.07703136421783625,0.3710825,0.01735
none@closure1M_L20_st128_k4_s2004.summary.json,none@closure1M,20,128,4,2004,500,16,0.0,0.0,0.07787543402777777,0.370555,0.03195
none@closure1M_L20_st128_k4_s2004.summary.json,none@closure1M,20,128,4,2004,750,16,0.0,0.0,0.07965152138157895,0.373495,0.0271
none@closure1M_L20_st128_k4_s2004.summary.json,none@closure1M,20,128,4,2004,1000,16,0.0,0.0,0.0792460480628655,0.37261,0.03075
none@closure1M_L20_st128_k4_s2004.summary.json,none@closure1M,20,128,4,2004,1500,16,0.0,0.0,0.09777446546052632,0.373555,0.0317
none@closure1M_L20_st128_k4_s2004.summary.json,none@closure1M,20,128,4,2004,2000,16,0.0,0.0,0.060577713815789476,0.3747925,0.0315
none@closure1M_L20_st128_k4_s2004.summary.json,none@closure1M,20,128,4,2004,3000,16,0.0,0.0,0.10695815058479533,0.35451,0.00935
none@closure1M_L20_st128_k4_s2004.summary.json,none@closure1M,20,128,4,2004,5000,16,0.25,0.25,0.17521768575851393,0.2831675,0.05595
none@closure1M_L20_st128_k4_s2004.summary.json,none@closure1M,20,128,4,2004,10000,16,0.0,0.0,0.05341360159743722,0.1956425,0.0916
none@closure1M_L20_st128_k4_s2004.summary.json,none@closure1M,20,128,4,2004,15000,16,0.25,0.25,0.16590197825292397,0.2242525,0.06015
none@closure1M_L20_st128_k4_s2004.summary.json,none@closure1M,20,128,4,2004,20000,16,0.125,0.125,0.1104320860745614,0.2053725,0.09015
none@closure1M_L20_st128_k4_s2004.summary.json,none@closure1M,20,128,4,2004,30000,16,0.1875,0.1875,0.143070403874269,0.208525,0.06225
none@closure1M_L20_st128_k4_s2004.summary.json,none@closure1M,20,128,4,2004,50000,16,0.8125,0.8125,0.7790164702119884,0.07087,0.09215
none@closure1M_L20_st128_k4_s2004.summary.json,none@closure1M,20,128,4,2004,75000,16,0.875,0.875,0.8882024396929824,0.002625,0.4896
none@closure1M_L20_st128_k4_s2004.summary.json,none@closure1M,20,128,4,2004,100000,16,0.9375,0.9375,0.9346011513157895,0.004405,0.47455
none@closure1M_L20_st128_k4_s2004.summary.json,none@closure1M,20,128,4,2004,150000,16,0.9375,0.9375,0.9338096217105263,0.0017225,0.59555
none@closure1M_L20_st128_k4_s2004.summary.json,none@closure1M,20,128,4,2004,200000,16,0.9375,0.9375,0.9369745979532164,0.0016225,0.57145
none@closure1M_L20_st128_k4_s2004.summary.json,none@closure1M,20,128,4,2004,300000,16,0.9375,0.875,0.9183559484649123,0.0017075,0.59595
none@closure1M_L20_st128_k4_s2004.summary.json,none@closure1M,20,128,4,2004,500000,16,1.0,1.0,0.9967864811769006,0.0017,0.6029
none@closure1M_L20_st128_k4_s2004.summary.json,none@closure1M,20,128,4,2004,750000,16,0.9375,0.9375,0.9373972039473684,0.00162,0.5754
none@closure1M_L20_st128_k4_s2004.summary.json,none@closure1M,20,128,4,2004,1000000,16,1.0,1.0,0.9968218887061404,0.003405,0.50305
none@closure1M_L20_st128_k4_s2005.summary.json,none@closure1M,20,128,4,2005,50,16,0.0,0.0,0.08064978527046784,0.33033,0.0292
none@closure1M_L20_st128_k4_s2005.summary.json,none@closure1M,20,128,4,2005,100,16,0.0,0.0,0.061686769005847956,0.3546675,0.0335
none@closure1M_L20_st128_k4_s2005.summary.json,none@closure1M,20,128,4,2005,150,16,0.0,0.0,0.08078798885233918,0.36236,0.0201
none@closure1M_L20_st128_k4_s2005.summary.json,none@closure1M,20,128,4,2005,200,16,0.0,0.0,0.1195101197002924,0.367645,0.005
none@closure1M_L20_st128_k4_s2005.summary.json,none@closure1M,20,128,4,2005,300,16,0.0,0.0,0.11708241959064328,0.3717975,0.01985
none@closure1M_L20_st128_k4_s2005.summary.json,none@closure1M,20,128,4,2005,500,16,0.0,0.0,0.08658625730994152,0.376085,0.0315
none@closure1M_L20_st128_k4_s2005.summary.json,none@closure1M,20,128,4,2005,750,16,0.0,0.0,0.08466511330409357,0.374735,0.03
none@closure1M_L20_st128_k4_s2005.summary.json,none@closure1M,20,128,4,2005,1000,16,0.0,0.0,0.12987196180555555,0.3763025,0.03115
none@closure1M_L20_st128_k4_s2005.summary.json,none@closure1M,20,128,4,2005,1500,16,0.0,0.0,0.10111658012985897,0.3736375,0.0326
none@closure1M_L20_st128_k4_s2005.summary.json,none@closure1M,20,128,4,2005,2000,16,0.0,0.0,0.09068298234864122,0.3732675,0.0323
none@closure1M_L20_st128_k4_s2005.summary.json,none@closure1M,20,128,4,2005,3000,16,0.0,0.0,0.0586023163377193,0.36885,0.0052
none@closure1M_L20_st128_k4_s2005.summary.json,none@closure1M,20,128,4,2005,5000,16,0.125,0.125,0.152547057748538,0.30107,0.04265
none@closure1M_L20_st128_k4_s2005.summary.json,none@closure1M,20,128,4,2005,10000,16,0.1875,0.1875,0.12394348501461988,0.2017975,0.0573
none@closure1M_L20_st128_k4_s2005.summary.json,none@closure1M,20,128,4,2005,15000,16,0.25,0.1875,0.16158454404239764,0.2135125,0.07105
none@closure1M_L20_st128_k4_s2005.summary.json,none@closure1M,20,128,4,2005,20000,16,0.1875,0.1875,0.13508086622807017,0.215815,0.0704
none@closure1M_L20_st128_k4_s2005.summary.json,none@closure1M,20,128,4,2005,30000,16,0.3125,0.3125,0.1639060215643275,0.20288,0.06295
none@closure1M_L20_st128_k4_s2005.summary.json,none@closure1M,20,128,4,2005,50000,16,0.0625,0.0625,0.07313310946637427,0.2171025,0.05325
none@closure1M_L20_st128_k4_s2005.summary.json,none@closure1M,20,128,4,2005,75000,16,0.1875,0.1875,0.13037223592836256,0.20332,0.07865
none@closure1M_L20_st128_k4_s2005.summary.json,none@closure1M,20,128,4,2005,100000,16,0.125,0.125,0.12169168037280703,0.2075175,0.05955
none@closure1M_L20_st128_k4_s2005.summary.json,none@closure1M,20,128,4,2005,150000,16,0.0625,0.0625,0.08261547423245615,0.21648,0.0623
none@closure1M_L20_st128_k4_s2005.summary.json,none@closure1M,20,128,4,2005,200000,16,0.1875,0.1875,0.1472873263888889,0.20923,0.05335
none@closure1M_L20_st128_k4_s2005.summary.json,none@closure1M,20,128,4,2005,300000,16,0.125,0.125,0.08726185581140351,0.2062925,0.0599
none@closure1M_L20_st128_k4_s2005.summary.json,none@closure1M,20,128,4,2005,500000,16,0.0625,0.0625,0.11991273757309942,0.1952725,0.08335
none@closure1M_L20_st128_k4_s2005.summary.json,none@closure1M,20,128,4,2005,750000,16,0.125,0.0625,0.10508840460526314,0.19347,0.06945
none@closure1M_L20_st128_k4_s2005.summary.json,none@closure1M,20,128,4,2005,1000000,16,0.0625,0.0625,0.08818245157163743,0.2225475,0.0632
none@closure1M_L20_st128_k4_s2006.summary.json,none@closure1M,20,128,4,2006,50,16,0.0,0.0,0.06329952485380116,0.329285,0.0204
none@closure1M_L20_st128_k4_s2006.summary.json,none@closure1M,20,128,4,2006,100,16,0.0,0.0,0.12473787006578946,0.35639,0.03305
none@closure1M_L20_st128_k4_s2006.summary.json,none@closure1M,20,128,4,2006,150,16,0.0,0.0,0.09291506761695906,0.36595,0.0194
none@closure1M_L20_st128_k4_s2006.summary.json,none@closure1M,20,128,4,2006,200,16,0.0,0.0,0.06746619152046784,0.3707175,0.03445
none@closure1M_L20_st128_k4_s2006.summary.json,none@closure1M,20,128,4,2006,300,16,0.0,0.0,0.11174958881578947,0.371625,0.0328
none@closure1M_L20_st128_k4_s2006.summary.json,none@closure1M,20,128,4,2006,500,16,0.0,0.0,0.12296161474458205,0.37263,0.0307
none@closure1M_L20_st128_k4_s2006.summary.json,none@closure1M,20,128,4,2006,750,16,0.0,0.0,0.11011550110724114,0.3737275,0.03175
none@closure1M_L20_st128_k4_s2006.summary.json,none@closure1M,20,128,4,2006,1000,16,0.0,0.0,0.047403828581871345,0.3702425,0.015
none@closure1M_L20_st128_k4_s2006.summary.json,none@closure1M,20,128,4,2006,1500,16,0.0,0.0,0.10906204312865497,0.370845,0.0179
none@closure1M_L20_st128_k4_s2006.summary.json,none@closure1M,20,128,4,2006,2000,16,0.0,0.0,0.06805249854876161,0.36862,0.0104
none@closure1M_L20_st128_k4_s2006.summary.json,none@closure1M,20,128,4,2006,3000,16,0.125,0.125,0.16055372807017546,0.3020475,0.04815
none@closure1M_L20_st128_k4_s2006.summary.json,none@closure1M,20,128,4,2006,5000,16,0.125,0.0625,0.09963107638888889,0.2432525,0.06585
none@closure1M_L20_st128_k4_s2006.summary.json,none@closure1M,20,128,4,2006,10000,16,0.0,0.0,0.05029296875,0.2292975,0.0754
none@closure1M_L20_st128_k4_s2006.summary.json,none@closure1M,20,128,4,2006,15000,16,0.125,0.125,0.1067193345265738,0.2425175,0.07425
none@closure1M_L20_st128_k4_s2006.summary.json,none@closure1M,20,128,4,2006,20000,16,0.125,0.125,0.11375925164473683,0.222645,0.06005
none@closure1M_L20_st128_k4_s2006.summary.json,none@closure1M,20,128,4,2006,30000,16,0.0625,0.0625,0.1081186038011696,0.2395125,0.0546
none@closure1M_L20_st128_k4_s2006.summary.json,none@closure1M,20,128,4,2006,50000,16,0.25,0.1875,0.17978686951754386,0.1994525,0.07295
none@closure1M_L20_st128_k4_s2006.summary.json,none@closure1M,20,128,4,2006,75000,16,0.1875,0.0625,0.12923566767715858,0.2094875,0.07945
none@closure1M_L20_st128_k4_s2006.summary.json,none@closure1M,20,128,4,2006,100000,16,0.0,0.0,0.05338884320175438,0.2169625,0.07025
none@closure1M_L20_st128_k4_s2006.summary.json,none@closure1M,20,128,4,2006,150000,16,0.125,0.0625,0.0938904879385965,0.19751,0.07075
none@closure1M_L20_st128_k4_s2006.summary.json,none@closure1M,20,128,4,2006,200000,16,0.3125,0.25,0.18739720394736842,0.20995,0.07655
none@closure1M_L20_st128_k4_s2006.summary.json,none@closure1M,20,128,4,2006,300000,16,1.0,1.0,0.9871829447239422,0.0027175,0.5607
none@closure1M_L20_st128_k4_s2006.summary.json,none@closure1M,20,128,4,2006,500000,16,1.0,1.0,1.0,0.0027925,0.56825
none@closure1M_L20_st128_k4_s2006.summary.json,none@closure1M,20,128,4,2006,750000,16,0.9375,0.9375,0.9541786595394737,0.0025175,0.54605
none@closure1M_L20_st128_k4_s2006.summary.json,none@closure1M,20,128,4,2006,1000000,16,0.9375,0.9375,0.930823396381579,0.00366,0.54375
none@closure1M_L20_st128_k4_s2007.summary.json,none@closure1M,20,128,4,2007,50,16,0.0,0.0,0.1013460572002924,0.333445,0.01765
none@closure1M_L20_st128_k4_s2007.summary.json,none@closure1M,20,128,4,2007,100,16,0.0,0.0,0.11146233095760234,0.3536875,0.0026
none@closure1M_L20_st128_k4_s2007.summary.json,none@closure1M,20,128,4,2007,150,16,0.0,0.0,0.07135349479704162,0.3626875,0.00495
none@closure1M_L20_st128_k4_s2007.summary.json,none@closure1M,20,128,4,2007,200,16,0.0,0.0,0.05334772478070175,0.367485,0.0037
none@closure1M_L20_st128_k4_s2007.summary.json,none@closure1M,20,128,4,2007,300,16,0.0,0.0,0.06647706505847953,0.362895,0.01
none@closure1M_L20_st128_k4_s2007.summary.json,none@closure1M,20,128,4,2007,500,16,0.0,0.0,0.07333698830409358,0.35001,0.0176
none@closure1M_L20_st128_k4_s2007.summary.json,none@closure1M,20,128,4,2007,750,16,0.0625,0.0,0.10546875,0.335885,0.0234
none@closure1M_L20_st128_k4_s2007.summary.json,none@closure1M,20,128,4,2007,1000,16,0.0625,0.0,0.11574502950851392,0.32593,0.0266
none@closure1M_L20_st128_k4_s2007.summary.json,none@closure1M,20,128,4,2007,1500,16,0.0625,0.0625,0.10803818100705194,0.2995425,0.0379
none@closure1M_L20_st128_k4_s2007.summary.json,none@closure1M,20,128,4,2007,2000,16,0.0625,0.0625,0.10211531432748538,0.26936,0.07285
none@closure1M_L20_st128_k4_s2007.summary.json,none@closure1M,20,128,4,2007,3000,16,0.0,0.0,0.0519662600511696,0.240795,0.0829
none@closure1M_L20_st128_k4_s2007.summary.json,none@closure1M,20,128,4,2007,5000,16,0.0625,0.0625,0.11807564445734434,0.2534575,0.0587
none@closure1M_L20_st128_k4_s2007.summary.json,none@closure1M,20,128,4,2007,10000,16,0.125,0.125,0.13190161275584797,0.23854,0.0617
none@closure1M_L20_st128_k4_s2007.summary.json,none@closure1M,20,128,4,2007,15000,16,0.0625,0.0625,0.10797697368421053,0.24863,0.06775
none@closure1M_L20_st128_k4_s2007.summary.json,none@closure1M,20,128,4,2007,20000,16,0.1875,0.125,0.1114349186769006,0.2220375,0.07365
none@closure1M_L20_st128_k4_s2007.summary.json,none@closure1M,20,128,4,2007,30000,16,0.25,0.25,0.16773046303910819,0.203115,0.0783
none@closure1M_L20_st128_k4_s2007.summary.json,none@closure1M,20,128,4,2007,50000,16,0.1875,0.1875,0.1378649259868421,0.21527,0.06435
none@closure1M_L20_st128_k4_s2007.summary.json,none@closure1M,20,128,4,2007,75000,16,0.0625,0.0625,0.08549977693928448,0.2080925,0.08465
none@closure1M_L20_st128_k4_s2007.summary.json,none@closure1M,20,128,4,2007,100000,16,0.125,0.125,0.09511433205409356,0.2061775,0.0809
none@closure1M_L20_st128_k4_s2007.summary.json,none@closure1M,20,128,4,2007,150000,16,0.0,0.0,0.06224415204678363,0.2154775,0.05855
none@closure1M_L20_st128_k4_s2007.summary.json,none@closure1M,20,128,4,2007,200000,16,0.125,0.125,0.1110899808114035,0.2061075,0.0772
none@closure1M_L20_st128_k4_s2007.summary.json,none@closure1M,20,128,4,2007,300000,16,0.875,0.875,0.8752826891447368,0.0030575,0.53525
none@closure1M_L20_st128_k4_s2007.summary.json,none@closure1M,20,128,4,2007,500000,16,0.9375,0.9375,0.9375925164473684,0.00268,0.51145
none@closure1M_L20_st128_k4_s2007.summary.json,none@closure1M,20,128,4,2007,750000,16,0.9375,0.9375,0.9379831414473685,0.001585,0.6417
none@closure1M_L20_st128_k4_s2007.summary.json,none@closure1M,20,128,4,2007,1000000,16,0.9375,0.9375,0.9341927217707258,0.0028,0.4957
none@closure1M_L20_st128_k4_s2008.summary.json,none@closure1M,20,128,4,2008,50,16,0.0,0.0,0.06598878380847953,0.3352825,0.0063
none@closure1M_L20_st128_k4_s2008.summary.json,none@closure1M,20,128,4,2008,100,16,0.0,0.0,0.07276361476608188,0.3587325,0.0333
none@closure1M_L20_st128_k4_s2008.summary.json,none@closure1M,20,128,4,2008,150,16,0.0,0.0,0.0703890259502924,0.36486,0.03315
none@closure1M_L20_st128_k4_s2008.summary.json,none@closure1M,20,128,4,2008,200,16,0.0,0.0,0.07026909722222222,0.36967,0.0323
none@closure1M_L20_st128_k4_s2008.summary.json,none@closure1M,20,128,4,2008,300,16,0.0,0.0,0.09718338815789473,0.3736325,0.03045
none@closure1M_L20_st128_k4_s2008.summary.json,none@closure1M,20,128,4,2008,500,16,0.0,0.0,0.08537554824561404,0.374805,0.0022
none@closure1M_L20_st128_k4_s2008.summary.json,none@closure1M,20,128,4,2008,750,16,0.0,0.0,0.10360642817982456,0.36715,0.00915
none@closure1M_L20_st128_k4_s2008.summary.json,none@closure1M,20,128,4,2008,1000,16,0.0,0.0,0.06990245796783626,0.3565925,0.0128
none@closure1M_L20_st128_k4_s2008.summary.json,none@closure1M,20,128,4,2008,1500,16,0.0,0.0,0.07295815461601307,0.338465,0.0293
none@closure1M_L20_st128_k4_s2008.summary.json,none@closure1M,20,128,4,2008,2000,16,0.0625,0.0625,0.11271580452356382,0.3003275,0.04265
none@closure1M_L20_st128_k4_s2008.summary.json,none@closure1M,20,128,4,2008,3000,16,0.0,0.0,0.040305761147660824,0.311495,0.0395
none@closure1M_L20_st128_k4_s2008.summary.json,none@closure1M,20,128,4,2008,5000,16,0.0625,0.0625,0.08431691687091504,0.2440125,0.0507
none@closure1M_L20_st128_k4_s2008.summary.json,none@closure1M,20,128,4,2008,10000,16,0.0,0.0,0.03506373355263158,0.2273125,0.0751
none@closure1M_L20_st128_k4_s2008.summary.json,none@closure1M,20,128,4,2008,15000,16,0.25,0.1875,0.1641087582236842,0.2094,0.06855
none@closure1M_L20_st128_k4_s2008.summary.json,none@closure1M,20,128,4,2008,20000,16,0.25,0.25,0.14708573190789473,0.2076125,0.0632
none@closure1M_L20_st128_k4_s2008.summary.json,none@closure1M,20,128,4,2008,30000,16,0.0,0.0,0.06067308570906433,0.1860875,0.13885
none@closure1M_L20_st128_k4_s2008.summary.json,none@closure1M,20,128,4,2008,50000,16,0.25,0.25,0.29352441977339183,0.1251025,0.2627
none@closure1M_L20_st128_k4_s2008.summary.json,none@closure1M,20,128,4,2008,75000,16,0.25,0.25,0.31543939601608184,0.073395,0.40735
none@closure1M_L20_st128_k4_s2008.summary.json,none@closure1M,20,128,4,2008,100000,16,0.25,0.1875,0.21586542854532165,0.07704,0.3959
none@closure1M_L20_st128_k4_s2008.summary.json,none@closure1M,20,128,4,2008,150000,16,0.1875,0.1875,0.16583173428362574,0.0994625,0.37065
none@closure1M_L20_st128_k4_s2008.summary.json,none@closure1M,20,128,4,2008,200000,16,0.375,0.375,0.2867518731725146,0.091015,0.34885
none@closure1M_L20_st128_k4_s2008.summary.json,none@closure1M,20,128,4,2008,300000,16,0.1875,0.125,0.15235402960526317,0.096635,0.3609
none@closure1M_L20_st128_k4_s2008.summary.json,none@closure1M,20,128,4,2008,500000,16,0.5,0.4375,0.36683285361842105,0.0923425,0.3771
none@closure1M_L20_st128_k4_s2008.summary.json,none@closure1M,20,128,4,2008,750000,16,0.375,0.375,0.37735688505116954,0.079285,0.4017
none@closure1M_L20_st128_k4_s2008.summary.json,none@closure1M,20,128,4,2008,1000000,16,0.1875,0.1875,0.22826149031432746,0.0823675,0.39205
none@closure1M_L20_st128_k4_s2009.summary.json,none@closure1M,20,128,4,2009,50,16,0.0,0.0,0.06368158351608187,0.33795,0.01815
none@closure1M_L20_st128_k4_s2009.summary.json,none@closure1M,20,128,4,2009,100,16,0.0625,0.0,0.1148523163377193,0.3620825,0.03735
none@closure1M_L20_st128_k4_s2009.summary.json,none@closure1M,20,128,4,2009,150,16,0.0,0.0,0.08515282346491228,0.3717625,0.01915
none@closure1M_L20_st128_k4_s2009.summary.json,none@closure1M,20,128,4,2009,200,16,0.0,0.0,0.08584871242905057,0.3727575,0.03345
none@closure1M_L20_st128_k4_s2009.summary.json,none@closure1M,20,128,4,2009,300,16,0.0,0.0,0.09037372076023392,0.3754525,0.01895
none@closure1M_L20_st128_k4_s2009.summary.json,none@closure1M,20,128,4,2009,500,16,0.0,0.0,0.08512141355994152,0.37311,0.00275
none@closure1M_L20_st128_k4_s2009.summary.json,none@closure1M,20,128,4,2009,750,16,0.0,0.0,0.08142989309210527,0.3641975,0.0106
none@closure1M_L20_st128_k4_s2009.summary.json,none@closure1M,20,128,4,2009,1000,16,0.0,0.0,0.06869346217105263,0.35414,0.0109
none@closure1M_L20_st128_k4_s2009.summary.json,none@closure1M,20,128,4,2009,1500,16,0.125,0.0,0.13214832328216375,0.3064425,0.03225
none@closure1M_L20_st128_k4_s2009.summary.json,none@closure1M,20,128,4,2009,2000,16,0.0,0.0,0.08183422423245615,0.26336,0.0448
none@closure1M_L20_st128_k4_s2009.summary.json,none@closure1M,20,128,4,2009,3000,16,0.0,0.0,0.07322733918128654,0.24042,0.0764
none@closure1M_L20_st128_k4_s2009.summary.json,none@closure1M,20,128,4,2009,5000,16,0.0625,0.0625,0.06998869243421053,0.235085,0.07175
none@closure1M_L20_st128_k4_s2009.summary.json,none@closure1M,20,128,4,2009,10000,16,0.125,0.125,0.14227477586429307,0.2325125,0.07595
none@closure1M_L20_st128_k4_s2009.summary.json,none@closure1M,20,128,4,2009,15000,16,0.0625,0.0625,0.059410978618421054,0.2168825,0.0647
none@closure1M_L20_st128_k4_s2009.summary.json,none@closure1M,20,128,4,2009,20000,16,0.125,0.125,0.13445609466374267,0.2106775,0.0675
none@closure1M_L20_st128_k4_s2009.summary.json,none@closure1M,20,128,4,2009,30000,16,0.1875,0.125,0.1491684941520468,0.20929,0.07285
none@closure1M_L20_st128_k4_s2009.summary.json,none@closure1M,20,128,4,2009,50000,16,0.1875,0.1875,0.1259497213084795,0.20961,0.07455
none@closure1M_L20_st128_k4_s2009.summary.json,none@closure1M,20,128,4,2009,75000,16,0.125,0.125,0.09528508771929824,0.19389,0.06025
none@closure1M_L20_st128_k4_s2009.summary.json,none@closure1M,20,128,4,2009,100000,16,0.25,0.25,0.17608735380116958,0.2132125,0.0612
none@closure1M_L20_st128_k4_s2009.summary.json,none@closure1M,20,128,4,2009,150000,16,0.0625,0.0625,0.08840927475705194,0.20695,0.0755
none@closure1M_L20_st128_k4_s2009.summary.json,none@closure1M,20,128,4,2009,200000,16,0.125,0.125,0.14976870888157895,0.20382,0.06125
none@closure1M_L20_st128_k4_s2009.summary.json,none@closure1M,20,128,4,2009,300000,16,0.1875,0.1875,0.09390305190058479,0.2011875,0.07075
none@closure1M_L20_st128_k4_s2009.summary.json,none@closure1M,20,128,4,2009,500000,16,0.1875,0.125,0.12615188687865497,0.19436,0.0671
none@closure1M_L20_st128_k4_s2009.summary.json,none@closure1M,20,128,4,2009,750000,16,0.875,0.875,0.7505922194809941,0.063235,0.00325
none@closure1M_L20_st128_k4_s2009.summary.json,none@closure1M,20,128,4,2009,1000000,16,1.0,1.0,0.8438971394478844,0.05942,0.00355
none@closure1M_L20_st128_k4_s2010.summary.json,none@closure1M,20,128,4,2010,50,16,0.0,0.0,0.09885896381578946,0.3350075,0.01735
none@closure1M_L20_st128_k4_s2010.summary.json,none@closure1M,20,128,4,2010,100,16,0.0,0.0,0.09071123446637427,0.35874,0.0345
none@closure1M_L20_st128_k4_s2010.summary.json,none@closure1M,20,128,4,2010,150,16,0.0,0.0,0.05652697825292397,0.36737,0.0184
none@closure1M_L20_st128_k4_s2010.summary.json,none@closure1M,20,128,4,2010,200,16,0.0,0.0,0.08322197094298245,0.3711625,0.0051
none@closure1M_L20_st128_k4_s2010.summary.json,none@closure1M,20,128,4,2010,300,16,0.0,0.0,0.09340506213450292,0.372965,0.0162
none@closure1M_L20_st128_k4_s2010.summary.json,none@closure1M,20,128,4,2010,500,16,0.0,0.0,0.07450029696637428,0.37475,0.03165
none@closure1M_L20_st128_k4_s2010.summary.json,none@closure1M,20,128,4,2010,750,16,0.0,0.0,0.09149876644736843,0.3762375,0.03105
none@closure1M_L20_st128_k4_s2010.summary.json,none@closure1M,20,128,4,2010,1000,16,0.0,0.0,0.055182634320175436,0.37485,0.0291
none@closure1M_L20_st128_k4_s2010.summary.json,none@closure1M,20,128,4,2010,1500,16,0.0,0.0,0.05538920063639491,0.37351,0.0293
none@closure1M_L20_st128_k4_s2010.summary.json,none@closure1M,20,128,4,2010,2000,16,0.0,0.0,0.10076468841374268,0.36455,0.0114
none@closure1M_L20_st128_k4_s2010.summary.json,none@closure1M,20,128,4,2010,3000,16,0.0,0.0,0.06527492233187135,0.3399675,0.0174
none@closure1M_L20_st128_k4_s2010.summary.json,none@closure1M,20,128,4,2010,5000,16,0.25,0.1875,0.13413426911334708,0.234525,0.07435
none@closure1M_L20_st128_k4_s2010.summary.json,none@closure1M,20,128,4,2010,10000,16,0.1875,0.125,0.13073716191520468,0.18323,0.12155
none@closure1M_L20_st128_k4_s2010.summary.json,none@closure1M,20,128,4,2010,15000,16,0.25,0.25,0.1640293768274854,0.19666,0.08995
none@closure1M_L20_st128_k4_s2010.summary.json,none@closure1M,20,128,4,2010,20000,16,0.25,0.1875,0.14996916118421053,0.2125775,0.0642
none@closure1M_L20_st128_k4_s2010.summary.json,none@closure1M,20,128,4,2010,30000,16,0.5,0.4375,0.48685181377923975,0.126935,0.06595
none@closure1M_L20_st128_k4_s2010.summary.json,none@closure1M,20,128,4,2010,50000,16,0.9375,0.9375,0.9372892680921052,0.0030175,0.3005
none@closure1M_L20_st128_k4_s2010.summary.json,none@closure1M,20,128,4,2010,75000,16,0.875,0.875,0.8742433068347953,0.0016425,0.2511
none@closure1M_L20_st128_k4_s2010.summary.json,none@closure1M,20,128,4,2010,100000,16,0.875,0.875,0.8746659128289473,0.002515,0.2998
none@closure1M_L20_st128_k4_s2010.summary.json,none@closure1M,20,128,4,2010,150000,16,0.9375,0.9375,0.936986019736842,0.004105,0.2899
none@closure1M_L20_st128_k4_s2010.summary.json,none@closure1M,20,128,4,2010,200000,16,1.0,1.0,0.9968127512792397,0.00354,0.27895
none@closure1M_L20_st128_k4_s2010.summary.json,none@closure1M,20,128,4,2010,300000,16,0.875,0.875,0.8710931789108187,0.002085,0.32645
none@closure1M_L20_st128_k4_s2010.summary.json,none@closure1M,20,128,4,2010,500000,16,0.875,0.875,0.8788428591008772,0.0015125,0.27995
none@closure1M_L20_st128_k4_s2010.summary.json,none@closure1M,20,128,4,2010,750000,16,0.9375,0.9375,0.9428145559210526,0.0023725,0.34675
none@closure1M_L20_st128_k4_s2010.summary.json,none@closure1M,20,128,4,2010,1000000,16,1.0,1.0,0.9968287417763158,0.0034175,0.2839
none@closure1M_L20_st128_k4_s2011.summary.json,none@closure1M,20,128,4,2011,50,16,0.0,0.0,0.059035773026315796,0.3325025,0.02005
none@closure1M_L20_st128_k4_s2011.summary.json,none@closure1M,20,128,4,2011,100,16,0.0,0.0,0.059868488239594085,0.3535225,0.0018
none@closure1M_L20_st128_k4_s2011.summary.json,none@closure1M,20,128,4,2011,150,16,0.0,0.0,0.0738492552997076,0.36117,0.00245
none@closure1M_L20_st128_k4_s2011.summary.json,none@closure1M,20,128,4,2011,200,16,0.0,0.0,0.06562520156088752,0.3646425,0.0045
none@closure1M_L20_st128_k4_s2011.summary.json,none@closure1M,20,128,4,2011,300,16,0.0,0.0,0.06070106907894737,0.36367,0.00595
none@closure1M_L20_st128_k4_s2011.summary.json,none@closure1M,20,128,4,2011,500,16,0.0,0.0,0.06665124725877193,0.3574275,0.0089
none@closure1M_L20_st128_k4_s2011.summary.json,none@closure1M,20,128,4,2011,750,16,0.0625,0.0,0.07672126279239766,0.3440975,0.0247
none@closure1M_L20_st128_k4_s2011.summary.json,none@closure1M,20,128,4,2011,1000,16,0.0,0.0,0.0776195860745614,0.312215,0.04065
none@closure1M_L20_st128_k4_s2011.summary.json,none@closure1M,20,128,4,2011,1500,16,0.0,0.0,0.06755205645854834,0.286105,0.0456
none@closure1M_L20_st128_k4_s2011.summary.json,none@closure1M,20,128,4,2011,2000,16,0.0,0.0,0.054874817251461996,0.2684325,0.0597
none@closure1M_L20_st128_k4_s2011.summary.json,none@closure1M,20,128,4,2011,3000,16,0.0625,0.0625,0.09733015807748538,0.230845,0.0723
none@closure1M_L20_st128_k4_s2011.summary.json,none@closure1M,20,128,4,2011,5000,16,0.25,0.1875,0.16087867781432746,0.2217775,0.055
none@closure1M_L20_st128_k4_s2011.summary.json,none@closure1M,20,128,4,2011,10000,16,0.6875,0.6875,0.7083658854166666,0.07982,0.0264
none@closure1M_L20_st128_k4_s2011.summary.json,none@closure1M,20,128,4,2011,15000,16,0.875,0.875,0.872741913377193,0.0099375,0.11135
none@closure1M_L20_st128_k4_s2011.summary.json,none@closure1M,20,128,4,2011,20000,16,0.9375,0.9375,0.9337616502192982,0.00637,0.2234
none@closure1M_L20_st128_k4_s2011.summary.json,none@closure1M,20,128,4,2011,30000,16,0.9375,0.9375,0.9355720029239766,0.0060425,0.2273
none@closure1M_L20_st128_k4_s2011.summary.json,none@closure1M,20,128,4,2011,50000,16,0.9375,0.9375,0.9334526909722223,0.0046175,0.3127
none@closure1M_L20_st128_k4_s2011.summary.json,none@closure1M,20,128,4,2011,75000,16,1.0,1.0,1.0,0.0016775,0.56625
none@closure1M_L20_st128_k4_s2011.summary.json,none@closure1M,20,128,4,2011,100000,16,0.9375,0.9375,0.9306731999269006,0.00219,0.6275
none@closure1M_L20_st128_k4_s2011.summary.json,none@closure1M,20,128,4,2011,150000,16,0.875,0.875,0.8792608963815789,0.00214,0.4952
none@closure1M_L20_st128_k4_s2011.summary.json,none@closure1M,20,128,4,2011,200000,16,1.0,1.0,0.9968064692982457,0.0015,0.57285
none@closure1M_L20_st128_k4_s2011.summary.json,none@closure1M,20,128,4,2011,300000,16,1.0,1.0,1.0,0.00157,0.60085
none@closure1M_L20_st128_k4_s2011.summary.json,none@closure1M,20,128,4,2011,500000,16,0.9375,0.9375,0.9327862298976608,0.0013925,0.6492
none@closure1M_L20_st128_k4_s2011.summary.json,none@closure1M,20,128,4,2011,750000,16,0.9375,0.875,0.8989960252192982,0.00346,0.50055
none@closure1M_L20_st128_k4_s2011.summary.json,none@closure1M,20,128,4,2011,1000000,16,1.0,1.0,0.9936602382180942,0.0024225,0.5105
none@closure1M_L20_st128_k4_s2012.summary.json,none@closure1M,20,128,4,2012,50,16,0.0,0.0,0.08430418494152048,0.3309125,0.0156
none@closure1M_L20_st128_k4_s2012.summary.json,none@closure1M,20,128,4,2012,100,16,0.0,0.0,0.0710524636115411,0.35486,0.01645
none@closure1M_L20_st128_k4_s2012.summary.json,none@closure1M,20,128,4,2012,150,16,0.0,0.0,0.05641447368421053,0.36453,0.03485
none@closure1M_L20_st128_k4_s2012.summary.json,none@closure1M,20,128,4,2012,200,16,0.0,0.0,0.08428705226608187,0.37154,0.03315
none@closure1M_L20_st128_k4_s2012.summary.json,none@closure1M,20,128,4,2012,300,16,0.0,0.0,0.07597028051900584,0.3748325,0.03185
none@closure1M_L20_st128_k4_s2012.summary.json,none@closure1M,20,128,4,2012,500,16,0.0,0.0,0.08642168284528724,0.3737725,0.0306
none@closure1M_L20_st128_k4_s2012.summary.json,none@closure1M,20,128,4,2012,750,16,0.0,0.0,0.08533500091374269,0.3714825,0.02865
none@closure1M_L20_st128_k4_s2012.summary.json,none@closure1M,20,128,4,2012,1000,16,0.0,0.0,0.09314350328947368,0.3667825,0.00305
none@closure1M_L20_st128_k4_s2012.summary.json,none@closure1M,20,128,4,2012,1500,16,0.0,0.0,0.08174798976608187,0.3622175,0.00875
none@closure1M_L20_st128_k4_s2012.summary.json,none@closure1M,20,128,4,2012,2000,16,0.0,0.0,0.06130927905701755,0.3488325,0.01445
none@closure1M_L20_st128_k4_s2012.summary.json,none@closure1M,20,128,4,2012,3000,16,0.0,0.0,0.09230400219298246,0.3443525,0.01655
none@closure1M_L20_st128_k4_s2012.summary.json,none@closure1M,20,128,4,2012,5000,16,0.125,0.125,0.10209189967105262,0.2382675,0.0692
none@closure1M_L20_st128_k4_s2012.summary.json,none@closure1M,20,128,4,2012,10000,16,0.125,0.125,0.1532140899122807,0.216685,0.07065
none@closure1M_L20_st128_k4_s2012.summary.json,none@closure1M,20,128,4,2012,15000,16,0.1875,0.1875,0.14619711714181288,0.1890375,0.09755
none@closure1M_L20_st128_k4_s2012.summary.json,none@closure1M,20,128,4,2012,20000,16,0.1875,0.1875,0.14675292968749998,0.19509,0.08395
none@closure1M_L20_st128_k4_s2012.summary.json,none@closure1M,20,128,4,2012,30000,16,0.125,0.0,0.07163094335870313,0.19787,0.07785
none@closure1M_L20_st128_k4_s2012.summary.json,none@closure1M,20,128,4,2012,50000,16,0.25,0.25,0.18591610095244238,0.2165575,0.09095
none@closure1M_L20_st128_k4_s2012.summary.json,none@closure1M,20,128,4,2012,75000,16,0.125,0.0,0.08281720308737531,0.2194575,0.05145
none@closure1M_L20_st128_k4_s2012.summary.json,none@closure1M,20,128,4,2012,100000,16,0.125,0.125,0.1237350374634503,0.2118975,0.0742
none@closure1M_L20_st128_k4_s2012.summary.json,none@closure1M,20,128,4,2012,150000,16,0.0,0.0,0.07820438139619883,0.21434,0.0646
none@closure1M_L20_st128_k4_s2012.summary.json,none@closure1M,20,128,4,2012,200000,16,0.125,0.0625,0.10150777621904025,0.2202325,0.0536
none@closure1M_L20_st128_k4_s2012.summary.json,none@closure1M,20,128,4,2012,300000,16,0.1875,0.1875,0.13142246893274853,0.204285,0.0737
none@closure1M_L20_st128_k4_s2012.summary.json,none@closure1M,20,128,4,2012,500000,16,0.1875,0.125,0.12438779239766082,0.1996125,0.0797
none@closure1M_L20_st128_k4_s2012.summary.json,none@closure1M,20,128,4,2012,750000,16,0.9375,0.9375,0.9375,0.0037525,0.2708
none@closure1M_L20_st128_k4_s2012.summary.json,none@closure1M,20,128,4,2012,1000000,16,0.9375,0.9375,0.9379620111476608,0.003295,0.7863
none@closure1M_L20_st128_k4_s2013.summary.json,none@closure1M,20,128,4,2013,50,16,0.0,0.0,0.047185101425438594,0.3314175,0.0067
none@closure1M_L20_st128_k4_s2013.summary.json,none@closure1M,20,128,4,2013,100,16,0.0,0.0,0.10979740443326454,0.3550675,0.0353
none@closure1M_L20_st128_k4_s2013.summary.json,none@closure1M,20,128,4,2013,150,16,0.0,0.0,0.07981666693541452,0.3640475,0.0349
none@closure1M_L20_st128_k4_s2013.summary.json,none@closure1M,20,128,4,2013,200,16,0.0,0.0,0.08486274375429997,0.36915,0.03225
none@closure1M_L20_st128_k4_s2013.summary.json,none@closure1M,20,128,4,2013,300,16,0.0,0.0,0.07344331167225662,0.3746575,0.01655
none@closure1M_L20_st128_k4_s2013.summary.json,none@closure1M,20,128,4,2013,500,16,0.0,0.0,0.09619026407163742,0.3737825,0.0182
none@closure1M_L20_st128_k4_s2013.summary.json,none@closure1M,20,128,4,2013,750,16,0.0,0.0,0.0822733918128655,0.3632025,0.016
none@closure1M_L20_st128_k4_s2013.summary.json,none@closure1M,20,128,4,2013,1000,16,0.0,0.0,0.0865702668128655,0.3352725,0.04085
none@closure1M_L20_st128_k4_s2013.summary.json,none@closure1M,20,128,4,2013,1500,16,0.0,0.0,0.033598318713450294,0.3071625,0.05355
none@closure1M_L20_st128_k4_s2013.summary.json,none@closure1M,20,128,4,2013,2000,16,0.125,0.125,0.1037452028508772,0.25866,0.066
none@closure1M_L20_st128_k4_s2013.summary.json,none@closure1M,20,128,4,2013,3000,16,0.5625,0.5625,0.5638215003654972,0.1308025,0.0339
none@closure1M_L20_st128_k4_s2013.summary.json,none@closure1M,20,128,4,2013,5000,16,0.875,0.875,0.8803196957236843,0.015815,0.0291
none@closure1M_L20_st128_k4_s2013.summary.json,none@closure1M,20,128,4,2013,10000,16,0.75,0.625,0.6847918951023392,0.003635,0.10475
none@closure1M_L20_st128_k4_s2013.summary.json,none@closure1M,20,128,4,2013,15000,16,1.0,1.0,1.0,0.002985,0.2497
none@closure1M_L20_st128_k4_s2013.summary.json,none@closure1M,20,128,4,2013,20000,16,0.9375,0.9375,0.9279645239400585,0.0030075,0.451
none@closure1M_L20_st128_k4_s2013.summary.json,none@closure1M,20,128,4,2013,30000,16,1.0,1.0,0.9968287417763158,0.0018225,0.66995
none@closure1M_L20_st128_k4_s2013.summary.json,none@closure1M,20,128,4,2013,50000,16,0.9375,0.9375,0.936780427631579,0.0029425,0.6421
none@closure1M_L20_st128_k4_s2013.summary.json,none@closure1M,20,128,4,2013,75000,16,1.0,1.0,0.993604372258772,0.002215,0.4448
none@closure1M_L20_st128_k4_s2013.summary.json,none@closure1M,20,128,4,2013,100000,16,1.0,1.0,0.996813322368421,0.002705,0.522
none@closure1M_L20_st128_k4_s2013.summary.json,none@closure1M,20,128,4,2013,150000,16,1.0,1.0,1.0,0.002625,0.5708
none@closure1M_L20_st128_k4_s2013.summary.json,none@closure1M,20,128,4,2013,200000,16,1.0,1.0,1.0,0.0027375,0.5778
none@closure1M_L20_st128_k4_s2013.summary.json,none@closure1M,20,128,4,2013,300000,16,1.0,1.0,1.0,0.00268,0.51065
none@closure1M_L20_st128_k4_s2013.summary.json,none@closure1M,20,128,4,2013,500000,16,0.875,0.8125,0.842757447002924,0.0022925,0.48115
none@closure1M_L20_st128_k4_s2013.summary.json,none@closure1M,20,128,4,2013,750000,16,0.9375,0.9375,0.92859557748538,0.00225,0.54885
none@closure1M_L20_st128_k4_s2013.summary.json,none@closure1M,20,128,4,2013,1000000,16,1.0,1.0,0.9968236019736842,0.001745,0.56695
none@closure1M_L20_st128_k4_s2014.summary.json,none@closure1M,20,128,4,2014,50,16,0.0,0.0,0.07669385051169592,0.3376525,0.0181
none@closure1M_L20_st128_k4_s2014.summary.json,none@closure1M,20,128,4,2014,100,16,0.0,0.0,0.10223295869883042,0.3577675,0.0333
none@closure1M_L20_st128_k4_s2014.summary.json,none@closure1M,20,128,4,2014,150,16,0.0,0.0,0.10917055007309942,0.3642625,0.0062
none@closure1M_L20_st128_k4_s2014.summary.json,none@closure1M,20,128,4,2014,200,16,0.0,0.0,0.08080969024122808,0.365705,0.0088
none@closure1M_L20_st128_k4_s2014.summary.json,none@closure1M,20,128,4,2014,300,16,0.0,0.0,0.09193222313596491,0.358435,0.0167
none@closure1M_L20_st128_k4_s2014.summary.json,none@closure1M,20,128,4,2014,500,16,0.0,0.0,0.0857895879020468,0.3519325,0.0213
none@closure1M_L20_st128_k4_s2014.summary.json,none@closure1M,20,128,4,2014,750,16,0.0625,0.0625,0.09030233461257312,0.3346825,0.03175
none@closure1M_L20_st128_k4_s2014.summary.json,none@closure1M,20,128,4,2014,1000,16,0.0,0.0,0.07046383863304094,0.323345,0.03575
none@closure1M_L20_st128_k4_s2014.summary.json,none@closure1M,20,128,4,2014,1500,16,0.25,0.25,0.1958658854166667,0.2925275,0.05945
none@closure1M_L20_st128_k4_s2014.summary.json,none@closure1M,20,128,4,2014,2000,16,0.125,0.0625,0.08921269645467836,0.2903875,0.0403
none@closure1M_L20_st128_k4_s2014.summary.json,none@closure1M,20,128,4,2014,3000,16,0.0625,0.0625,0.09551305308307534,0.280415,0.0549
none@closure1M_L20_st128_k4_s2014.summary.json,none@closure1M,20,128,4,2014,5000,16,0.0,0.0,0.060828421966374266,0.2299925,0.07505
none@closure1M_L20_st128_k4_s2014.summary.json,none@closure1M,20,128,4,2014,10000,16,0.4375,0.25,0.21350911458333333,0.194145,0.07275
none@closure1M_L20_st128_k4_s2014.summary.json,none@closure1M,20,128,4,2014,15000,16,0.3125,0.25,0.20292397660818715,0.1985475,0.06935
none@closure1M_L20_st128_k4_s2014.summary.json,none@closure1M,20,128,4,2014,20000,16,0.125,0.0625,0.13059039199561406,0.1955275,0.08115
none@closure1M_L20_st128_k4_s2014.summary.json,none@closure1M,20,128,4,2014,30000,16,0.0625,0.0625,0.0801225691756966,0.2005325,0.0593
none@closure1M_L20_st128_k4_s2014.summary.json,none@closure1M,20,128,4,2014,50000,16,0.125,0.0625,0.10337113943713451,0.1965725,0.05725
none@closure1M_L20_st128_k4_s2014.summary.json,none@closure1M,20,128,4,2014,75000,16,0.125,0.125,0.10368466739766083,0.2190275,0.05375
none@closure1M_L20_st128_k4_s2014.summary.json,none@closure1M,20,128,4,2014,100000,16,0.0625,0.0625,0.06815949378654972,0.211,0.0585
none@closure1M_L20_st128_k4_s2014.summary.json,none@closure1M,20,128,4,2014,150000,16,0.125,0.125,0.11195403874269007,0.1999075,0.07015
none@closure1M_L20_st128_k4_s2014.summary.json,none@closure1M,20,128,4,2014,200000,16,0.875,0.875,0.7408779925073099,0.059455,0.00345
none@closure1M_L20_st128_k4_s2014.summary.json,none@closure1M,20,128,4,2014,300000,16,0.875,0.875,0.7444001682361541,0.0516675,0.0016
none@closure1M_L20_st128_k4_s2014.summary.json,none@closure1M,20,128,4,2014,500000,16,0.9375,0.9375,0.7894417032163743,0.055335,0.0019
none@closure1M_L20_st128_k4_s2014.summary.json,none@closure1M,20,128,4,2014,750000,16,1.0,1.0,0.8413091648391813,0.05584,0.0021
none@closure1M_L20_st128_k4_s2014.summary.json,none@closure1M,20,128,4,2014,1000000,16,0.9375,0.9375,0.7936300712719297,0.056735,0.0012
none@closure1M_L20_st128_k4_s2015.summary.json,none@closure1M,20,128,4,2015,50,16,0.0,0.0,0.0585303591008772,0.338225,0.02405
none@closure1M_L20_st128_k4_s2015.summary.json,none@closure1M,20,128,4,2015,100,16,0.0,0.0,0.10945038377192982,0.3631,0.0365
none@closure1M_L20_st128_k4_s2015.summary.json,none@closure1M,20,128,4,2015,150,16,0.0,0.0,0.10951683167784658,0.3714025,0.03715
none@closure1M_L20_st128_k4_s2015.summary.json,none@closure1M,20,128,4,2015,200,16,0.0,0.0,0.07995990953947368,0.3741725,0.03825
none@closure1M_L20_st128_k4_s2015.summary.json,none@closure1M,20,128,4,2015,300,16,0.0,0.0,0.09681389345760234,0.37381,0.0336
none@closure1M_L20_st128_k4_s2015.summary.json,none@closure1M,20,128,4,2015,500,16,0.0,0.0,0.08062008863304093,0.3716875,0.0307
none@closure1M_L20_st128_k4_s2015.summary.json,none@closure1M,20,128,4,2015,750,16,0.0,0.0,0.0793203904368765,0.3706625,0.03195
none@closure1M_L20_st128_k4_s2015.summary.json,none@closure1M,20,128,4,2015,1000,16,0.0,0.0,0.11222759046052631,0.3698675,0.03285
none@closure1M_L20_st128_k4_s2015.summary.json,none@closure1M,20,128,4,2015,1500,16,0.0625,0.0,0.0911085109756622,0.3734625,0.00345
none@closure1M_L20_st128_k4_s2015.summary.json,none@closure1M,20,128,4,2015,2000,16,0.0,0.0,0.08237333241959066,0.34701,0.01805
none@closure1M_L20_st128_k4_s2015.summary.json,none@closure1M,20,128,4,2015,3000,16,0.0625,0.0625,0.10468330081484348,0.30937,0.0503
none@closure1M_L20_st128_k4_s2015.summary.json,none@closure1M,20,128,4,2015,5000,16,0.0625,0.0625,0.11162270623710012,0.2856825,0.0632
none@closure1M_L20_st128_k4_s2015.summary.json,none@closure1M,20,128,4,2015,10000,16,0.125,0.0625,0.12041643823099416,0.2989625,0.05785
none@closure1M_L20_st128_k4_s2015.summary.json,none@closure1M,20,128,4,2015,15000,16,0.0,0.0,0.06910064875730995,0.233975,0.06765
none@closure1M_L20_st128_k4_s2015.summary.json,none@closure1M,20,128,4,2015,20000,16,0.0625,0.0625,0.0861373812134503,0.2088425,0.06015
none@closure1M_L20_st128_k4_s2015.summary.json,none@closure1M,20,128,4,2015,30000,16,0.0625,0.0625,0.10252764071637427,0.21027,0.06805
none@closure1M_L20_st128_k4_s2015.summary.json,none@closure1M,20,128,4,2015,50000,16,0.0625,0.0625,0.0810320790871173,0.1975025,0.08215
none@closure1M_L20_st128_k4_s2015.summary.json,none@closure1M,20,128,4,2015,75000,16,0.25,0.1875,0.1563956277412281,0.20092,0.08525
none@closure1M_L20_st128_k4_s2015.summary.json,none@closure1M,20,128,4,2015,100000,16,0.25,0.1875,0.1520890442251462,0.2015,0.0655
none@closure1M_L20_st128_k4_s2015.summary.json,none@closure1M,20,128,4,2015,150000,16,0.1875,0.125,0.09932839912280701,0.2017725,0.07385
none@closure1M_L20_st128_k4_s2015.summary.json,none@closure1M,20,128,4,2015,200000,16,0.25,0.1875,0.13627387152777778,0.2035375,0.09035
none@closure1M_L20_st128_k4_s2015.summary.json,none@closure1M,20,128,4,2015,300000,16,0.0,0.0,0.08196043494152047,0.19518,0.0817
none@closure1M_L20_st128_k4_s2015.summary.json,none@closure1M,20,128,4,2015,500000,16,0.875,0.875,0.8714329769736842,0.002795,0.54655
none@closure1M_L20_st128_k4_s2015.summary.json,none@closure1M,20,128,4,2015,750000,16,1.0,1.0,0.984118009868421,0.001375,0.49805
none@closure1M_L20_st128_k4_s2015.summary.json,none@closure1M,20,128,4,2015,1000000,16,0.875,0.875,0.8751901726973683,0.0026425,0.5427
none@closure1M_L20_st128_k4_s2016.summary.json,none@closure1M,20,128,4,2016,50,16,0.0,0.0,0.08004214638157894,0.333885,0.00705
none@closure1M_L20_st128_k4_s2016.summary.json,none@closure1M,20,128,4,2016,100,16,0.0,0.0,0.047181674890350876,0.3572425,0.0069
none@closure1M_L20_st128_k4_s2016.summary.json,none@closure1M,20,128,4,2016,150,16,0.0,0.0,0.07362024853801169,0.3659325,0.02085
none@closure1M_L20_st128_k4_s2016.summary.json,none@closure1M,20,128,4,2016,200,16,0.0,0.0,0.0666529605263158,0.3701475,0.03275
none@closure1M_L20_st128_k4_s2016.summary.json,none@closure1M,20,128,4,2016,300,16,0.0,0.0,0.11973008981553149,0.3744325,0.0174
none@closure1M_L20_st128_k4_s2016.summary.json,none@closure1M,20,128,4,2016,500,16,0.0,0.0,0.08872727065058479,0.3724325,0.00305
none@closure1M_L20_st128_k4_s2016.summary.json,none@closure1M,20,128,4,2016,750,16,0.0,0.0,0.10612207602339183,0.36855,0.00565
none@closure1M_L20_st128_k4_s2016.summary.json,none@closure1M,20,128,4,2016,1000,16,0.0,0.0,0.10059964364035089,0.3572025,0.01785
none@closure1M_L20_st128_k4_s2016.summary.json,none@closure1M,20,128,4,2016,1500,16,0.0,0.0,0.07932220448486413,0.338565,0.0219
none@closure1M_L20_st128_k4_s2016.summary.json,none@closure1M,20,128,4,2016,2000,16,0.125,0.125,0.12553843631750947,0.34258,0.02745
none@closure1M_L20_st128_k4_s2016.summary.json,none@closure1M,20,128,4,2016,3000,16,0.0,0.0,0.10163811892629859,0.2991475,0.0389
none@closure1M_L20_st128_k4_s2016.summary.json,none@closure1M,20,128,4,2016,5000,16,0.0,0.0,0.07282129477339182,0.297845,0.05385
none@closure1M_L20_st128_k4_s2016.summary.json,none@closure1M,20,128,4,2016,10000,16,0.0,0.0,0.08020547788742691,0.253845,0.04565
none@closure1M_L20_st128_k4_s2016.summary.json,none@closure1M,20,128,4,2016,15000,16,0.0,0.0,0.06966659813596492,0.2225475,0.0597
none@closure1M_L20_st128_k4_s2016.summary.json,none@closure1M,20,128,4,2016,20000,16,0.25,0.25,0.114929413377193,0.1994875,0.07155
none@closure1M_L20_st128_k4_s2016.summary.json,none@closure1M,20,128,4,2016,30000,16,0.9375,0.9375,0.9014699835526316,0.006665,0.18225
none@closure1M_L20_st128_k4_s2016.summary.json,none@closure1M,20,128,4,2016,50000,16,1.0,1.0,1.0,0.0064775,0.35355
none@closure1M_L20_st128_k4_s2016.summary.json,none@closure1M,20,128,4,2016,75000,16,1.0,1.0,0.9967921920687135,0.0030025,0.2794
none@closure1M_L20_st128_k4_s2016.summary.json,none@closure1M,20,128,4,2016,100000,16,1.0,1.0,0.9968236019736842,0.002925,0.3395
none@closure1M_L20_st128_k4_s2016.summary.json,none@closure1M,20,128,4,2016,150000,16,1.0,1.0,0.9904588130482457,0.0020875,0.7163
none@closure1M_L20_st128_k4_s2016.summary.json,none@closure1M,20,128,4,2016,200000,16,0.875,0.8125,0.8404799433479533,0.00193,0.8147
none@closure1M_L20_st128_k4_s2016.summary.json,none@closure1M,20,128,4,2016,300000,16,0.9375,0.9375,0.9345086348684211,0.002525,0.8113
none@closure1M_L20_st128_k4_s2016.summary.json,none@closure1M,20,128,4,2016,500000,16,1.0,1.0,0.996839021381579,0.0020275,0.7972
none@closure1M_L20_st128_k4_s2016.summary.json,none@closure1M,20,128,4,2016,750000,16,0.9375,0.9375,0.9376027960526316,0.001455,0.7844
none@closure1M_L20_st128_k4_s2016.summary.json,none@closure1M,20,128,4,2016,1000000,16,1.0,1.0,1.0,0.003495,0.7372
none@closure1M_L20_st128_k4_s2017.summary.json,none@closure1M,20,128,4,2017,50,16,0.0,0.0,0.09592984740497076,0.32775,0.0181
none@closure1M_L20_st128_k4_s2017.summary.json,none@closure1M,20,128,4,2017,100,16,0.0,0.0,0.10307682694788442,0.35655,0.03385
none@closure1M_L20_st128_k4_s2017.summary.json,none@closure1M,20,128,4,2017,150,16,0.0,0.0,0.0950320952119883,0.3657075,0.00535
none@closure1M_L20_st128_k4_s2017.summary.json,none@closure1M,20,128,4,2017,200,16,0.0,0.0,0.08007926717836257,0.3680775,0.0304
none@closure1M_L20_st128_k4_s2017.summary.json,none@closure1M,20,128,4,2017,300,16,0.0,0.0,0.09303785179093568,0.37256,0.0167
none@closure1M_L20_st128_k4_s2017.summary.json,none@closure1M,20,128,4,2017,500,16,0.0,0.0,0.08302057802287582,0.37037,0.00415
none@closure1M_L20_st128_k4_s2017.summary.json,none@closure1M,20,128,4,2017,750,16,0.0,0.0,0.051090209247076024,0.360625,0.0158
none@closure1M_L20_st128_k4_s2017.summary.json,none@closure1M,20,128,4,2017,1000,16,0.0,0.0,0.1118281975619195,0.3508125,0.0229
none@closure1M_L20_st128_k4_s2017.summary.json,none@closure1M,20,128,4,2017,1500,16,0.0,0.0,0.07987710160818715,0.32916,0.03205
none@closure1M_L20_st128_k4_s2017.summary.json,none@closure1M,20,128,4,2017,2000,16,0.0,0.0,0.05286858095760234,0.323075,0.03385
none@closure1M_L20_st128_k4_s2017.summary.json,none@closure1M,20,128,4,2017,3000,16,0.0625,0.0,0.07231702302631579,0.2889125,0.05835
none@closure1M_L20_st128_k4_s2017.summary.json,none@closure1M,20,128,4,2017,5000,16,0.0,0.0,0.0759006076388889,0.260965,0.04575
none@closure1M_L20_st128_k4_s2017.summary.json,none@closure1M,20,128,4,2017,10000,16,0.0625,0.0625,0.09784585160818714,0.226295,0.08005
none@closure1M_L20_st128_k4_s2017.summary.json,none@closure1M,20,128,4,2017,15000,16,0.125,0.125,0.12436666209795323,0.2023925,0.0732
none@closure1M_L20_st128_k4_s2017.summary.json,none@closure1M,20,128,4,2017,20000,16,0.3125,0.25,0.18394382766812867,0.20687,0.06875
none@closure1M_L20_st128_k4_s2017.summary.json,none@closure1M,20,128,4,2017,30000,16,0.125,0.0625,0.07932885599415204,0.2105025,0.0728
none@closure1M_L20_st128_k4_s2017.summary.json,none@closure1M,20,128,4,2017,50000,16,0.1875,0.1875,0.1207916438230994,0.212515,0.059
none@closure1M_L20_st128_k4_s2017.summary.json,none@closure1M,20,128,4,2017,75000,16,0.125,0.125,0.13601973684210528,0.0818375,0.41055
none@closure1M_L20_st128_k4_s2017.summary.json,none@closure1M,20,128,4,2017,100000,16,0.6875,0.625,0.48678603774294804,0.0673925,0.4697
none@closure1M_L20_st128_k4_s2017.summary.json,none@closure1M,20,128,4,2017,150000,16,0.5625,0.5625,0.4767783717105263,0.0657475,0.44335
none@closure1M_L20_st128_k4_s2017.summary.json,none@closure1M,20,128,4,2017,200000,16,0.375,0.375,0.3365457099780702,0.0784325,0.4056
none@closure1M_L20_st128_k4_s2017.summary.json,none@closure1M,20,128,4,2017,300000,16,0.5625,0.5,0.41638283534356724,0.0735625,0.4086
none@closure1M_L20_st128_k4_s2017.summary.json,none@closure1M,20,128,4,2017,500000,16,0.25,0.25,0.2201851471125731,0.0748825,0.3911
none@closure1M_L20_st128_k4_s2017.summary.json,none@closure1M,20,128,4,2017,750000,16,0.25,0.25,0.25224894919590646,0.0837275,0.3763
none@closure1M_L20_st128_k4_s2017.summary.json,none@closure1M,20,128,4,2017,1000000,16,0.375,0.375,0.2680092973318714,0.0703725,0.43945
none@closure1M_L20_st128_k4_s2018.summary.json,none@closure1M,20,128,4,2018,50,16,0.0,0.0,0.06433376736111111,0.3364375,0.0196
none@closure1M_L20_st128_k4_s2018.summary.json,none@closure1M,20,128,4,2018,100,16,0.0,0.0,0.05637392635233918,0.356875,0.0336
none@closure1M_L20_st128_k4_s2018.summary.json,none@closure1M,20,128,4,2018,150,16,0.0,0.0,0.11303625274122807,0.3653075,0.02475
none@closure1M_L20_st128_k4_s2018.summary.json,none@closure1M,20,128,4,2018,200,16,0.0,0.0,0.06147717927631578,0.3684075,0.00335
none@closure1M_L20_st128_k4_s2018.summary.json,none@closure1M,20,128,4,2018,300,16,0.0,0.0,0.0751145873645511,0.368315,0.00355
none@closure1M_L20_st128_k4_s2018.summary.json,none@closure1M,20,128,4,2018,500,16,0.0,0.0,0.09151475694444444,0.36247,0.01085
none@closure1M_L20_st128_k4_s2018.summary.json,none@closure1M,20,128,4,2018,750,16,0.0,0.0,0.07412223592836258,0.3451475,0.02025
none@closure1M_L20_st128_k4_s2018.summary.json,none@closure1M,20,128,4,2018,1000,16,0.0625,0.0625,0.1210343567251462,0.3443675,0.01675
none@closure1M_L20_st128_k4_s2018.summary.json,none@closure1M,20,128,4,2018,1500,16,0.0,0.0,0.09316732106768147,0.326955,0.04635
none@closure1M_L20_st128_k4_s2018.summary.json,none@closure1M,20,128,4,2018,2000,16,0.0625,0.0625,0.09097279331140351,0.297565,0.04295
none@closure1M_L20_st128_k4_s2018.summary.json,none@closure1M,20,128,4,2018,3000,16,0.25,0.1875,0.18461999725877193,0.28734,0.0375
none@closure1M_L20_st128_k4_s2018.summary.json,none@closure1M,20,128,4,2018,5000,16,0.125,0.125,0.12888055098684212,0.2529075,0.0554
none@closure1M_L20_st128_k4_s2018.summary.json,none@closure1M,20,128,4,2018,10000,16,0.125,0.0625,0.12647351086816305,0.2405025,0.0822
none@closure1M_L20_st128_k4_s2018.summary.json,none@closure1M,20,128,4,2018,15000,16,0.0625,0.0625,0.12500571089181287,0.209635,0.0773
none@closure1M_L20_st128_k4_s2018.summary.json,none@closure1M,20,128,4,2018,20000,16,0.0625,0.0,0.10435169956140351,0.196595,0.077
none@closure1M_L20_st128_k4_s2018.summary.json,none@closure1M,20,128,4,2018,30000,16,0.1875,0.1875,0.1281758269371345,0.207665,0.06765
none@closure1M_L20_st128_k4_s2018.summary.json,none@closure1M,20,128,4,2018,50000,16,0.1875,0.1875,0.13241159539473685,0.2043025,0.06605
none@closure1M_L20_st128_k4_s2018.summary.json,none@closure1M,20,128,4,2018,75000,16,0.375,0.25,0.1722998903508772,0.206165,0.0805
none@closure1M_L20_st128_k4_s2018.summary.json,none@closure1M,20,128,4,2018,100000,16,0.0625,0.0625,0.09077291209795321,0.205295,0.0619
none@closure1M_L20_st128_k4_s2018.summary.json,none@closure1M,20,128,4,2018,150000,16,0.0625,0.0625,0.06897500913742691,0.2185325,0.05505
none@closure1M_L20_st128_k4_s2018.summary.json,none@closure1M,20,128,4,2018,200000,16,0.125,0.125,0.10740931103801168,0.20562,0.07595
none@closure1M_L20_st128_k4_s2018.summary.json,none@closure1M,20,128,4,2018,300000,16,1.0,1.0,0.932954130116959,0.0107775,0.17095
none@closure1M_L20_st128_k4_s2018.summary.json,none@closure1M,20,128,4,2018,500000,16,0.9375,0.9375,0.9392623812134503,0.001305,0.4864
none@closure1M_L20_st128_k4_s2018.summary.json,none@closure1M,20,128,4,2018,750000,16,1.0,1.0,1.0,0.0014875,0.633
none@closure1M_L20_st128_k4_s2018.summary.json,none@closure1M,20,128,4,2018,1000000,16,0.9375,0.9375,0.9341385690789474,0.0023875,0.5923
none@closure1M_L20_st128_k4_s2019.summary.json,none@closure1M,20,128,4,2019,50,16,0.0,0.0,0.06942284383599931,0.330775,0.03235
none@closure1M_L20_st128_k4_s2019.summary.json,none@closure1M,20,128,4,2019,100,16,0.0,0.0,0.08843944170321638,0.354375,0.0356
none@closure1M_L20_st128_k4_s2019.summary.json,none@closure1M,20,128,4,2019,150,16,0.0,0.0,0.09173862390350879,0.363265,0.0358
none@closure1M_L20_st128_k4_s2019.summary.json,none@closure1M,20,128,4,2019,200,16,0.0,0.0,0.08207797853242174,0.3675575,0.03275
none@closure1M_L20_st128_k4_s2019.summary.json,none@closure1M,20,128,4,2019,300,16,0.0,0.0,0.06516869974415204,0.3714925,0.00535
none@closure1M_L20_st128_k4_s2019.summary.json,none@closure1M,20,128,4,2019,500,16,0.0,0.0,0.07633006670321638,0.3702725,0.0177
none@closure1M_L20_st128_k4_s2019.summary.json,none@closure1M,20,128,4,2019,750,16,0.0625,0.0625,0.1116398389125387,0.369305,0.00385
none@closure1M_L20_st128_k4_s2019.summary.json,none@closure1M,20,128,4,2019,1000,16,0.0,0.0,0.07693427905701755,0.36239,0.00985
none@closure1M_L20_st128_k4_s2019.summary.json,none@closure1M,20,128,4,2019,1500,16,0.0,0.0,0.06784902283281734,0.342435,0.0295
none@closure1M_L20_st128_k4_s2019.summary.json,none@closure1M,20,128,4,2019,2000,16,0.0625,0.0625,0.09033088907163742,0.32053,0.03375
none@closure1M_L20_st128_k4_s2019.summary.json,none@closure1M,20,128,4,2019,3000,16,0.0625,0.0,0.10330831962719299,0.3108475,0.04265
none@closure1M_L20_st128_k4_s2019.summary.json,none@closure1M,20,128,4,2019,5000,16,0.0625,0.0,0.05291826571637428,0.3008325,0.05585
none@closure1M_L20_st128_k4_s2019.summary.json,none@closure1M,20,128,4,2019,10000,16,0.0,0.0,0.09554607547514621,0.2474375,0.0479
none@closure1M_L20_st128_k4_s2019.summary.json,none@closure1M,20,128,4,2019,15000,16,0.0625,0.0625,0.08818530701754386,0.2343125,0.0708
none@closure1M_L20_st128_k4_s2019.summary.json,none@closure1M,20,128,4,2019,20000,16,0.0625,0.0625,0.07827976516812865,0.21779,0.0656
none@closure1M_L20_st128_k4_s2019.summary.json,none@closure1M,20,128,4,2019,30000,16,0.1875,0.0,0.10675427174707602,0.1900925,0.0783
none@closure1M_L20_st128_k4_s2019.summary.json,none@closure1M,20,128,4,2019,50000,16,0.1875,0.1875,0.11368501005116959,0.2000075,0.08235
none@closure1M_L20_st128_k4_s2019.summary.json,none@closure1M,20,128,4,2019,75000,16,0.1875,0.1875,0.12446660270467835,0.208655,0.0582
none@closure1M_L20_st128_k4_s2019.summary.json,none@closure1M,20,128,4,2019,100000,16,0.1875,0.125,0.13035967196637427,0.2127775,0.0751
none@closure1M_L20_st128_k4_s2019.summary.json,none@closure1M,20,128,4,2019,150000,16,0.875,0.875,0.8723878380847954,0.043,0.09605
none@closure1M_L20_st128_k4_s2019.summary.json,none@closure1M,20,128,4,2019,200000,16,1.0,1.0,1.0,0.0036775,0.40475
none@closure1M_L20_st128_k4_s2019.summary.json,none@closure1M,20,128,4,2019,300000,16,0.875,0.875,0.8741616410818713,0.0023075,0.3411
none@closure1M_L20_st128_k4_s2019.summary.json,none@closure1M,20,128,4,2019,500000,16,0.875,0.875,0.874280427631579,0.0047975,0.3819
none@closure1M_L20_st128_k4_s2019.summary.json,none@closure1M,20,128,4,2019,750000,16,1.0,1.0,0.996813322368421,0.00311,0.197
none@closure1M_L20_st128_k4_s2019.summary.json,none@closure1M,20,128,4,2019,1000000,16,0.9375,0.9375,0.9341760594040248,0.0020625,0.29255
none@closure1M_L20_st128_k4_s2020.summary.json,none@closure1M,20,128,4,2020,50,16,0.0,0.0,0.09603539812306502,0.3323675,0.03145
none@closure1M_L20_st128_k4_s2020.summary.json,none@closure1M,20,128,4,2020,100,16,0.0,0.0,0.07654422514619882,0.35742,0.02325
none@closure1M_L20_st128_k4_s2020.summary.json,none@closure1M,20,128,4,2020,150,16,0.0,0.0,0.09370716831140351,0.3633125,0.02175
none@closure1M_L20_st128_k4_s2020.summary.json,none@closure1M,20,128,4,2020,200,16,0.0,0.0,0.08598023090815274,0.367235,0.0331
none@closure1M_L20_st128_k4_s2020.summary.json,none@closure1M,20,128,4,2020,300,16,0.0,0.0,0.08936117964181287,0.369675,0.0287
none@closure1M_L20_st128_k4_s2020.summary.json,none@closure1M,20,128,4,2020,500,16,0.0,0.0,0.05601014254385965,0.37248,0.03015
none@closure1M_L20_st128_k4_s2020.summary.json,none@closure1M,20,128,4,2020,750,16,0.0,0.0,0.10073270741959064,0.366625,0.01015
none@closure1M_L20_st128_k4_s2020.summary.json,none@closure1M,20,128,4,2020,1000,16,0.0,0.0,0.07286164054437566,0.362205,0.01
none@closure1M_L20_st128_k4_s2020.summary.json,none@closure1M,20,128,4,2020,1500,16,0.0,0.0,0.12556366502192984,0.34913,0.0178
none@closure1M_L20_st128_k4_s2020.summary.json,none@closure1M,20,128,4,2020,2000,16,0.0,0.0,0.061964519908840734,0.3330075,0.02705
none@closure1M_L20_st128_k4_s2020.summary.json,none@closure1M,20,128,4,2020,3000,16,0.1875,0.125,0.12592859100877193,0.2639725,0.0479
none@closure1M_L20_st128_k4_s2020.summary.json,none@closure1M,20,128,4,2020,5000,16,0.125,0.0625,0.1190852293494152,0.2356475,0.0672
none@closure1M_L20_st128_k4_s2020.summary.json,none@closure1M,20,128,4,2020,10000,16,0.0625,0.0625,0.10156935307017545,0.2132575,0.0582
none@closure1M_L20_st128_k4_s2020.summary.json,none@closure1M,20,128,4,2020,15000,16,0.125,0.0625,0.10360757035818713,0.20166,0.0637
none@closure1M_L20_st128_k4_s2020.summary.json,none@closure1M,20,128,4,2020,20000,16,0.0625,0.0625,0.0984540615862573,0.2201625,0.0617
none@closure1M_L20_st128_k4_s2020.summary.json,none@closure1M,20,128,4,2020,30000,16,0.0625,0.0,0.0839169864766082,0.217685,0.07535
none@closure1M_L20_st128_k4_s2020.summary.json,none@closure1M,20,128,4,2020,50000,16,0.0,0.0,0.0470274808114035,0.2039025,0.0932
none@closure1M_L20_st128_k4_s2020.summary.json,none@closure1M,20,128,4,2020,75000,16,0.1875,0.1875,0.11306709155701755,0.198,0.09555
none@closure1M_L20_st128_k4_s2020.summary.json,none@closure1M,20,128,4,2020,100000,16,0.0625,0.0625,0.07599712171052632,0.21534,0.0658
none@closure1M_L20_st128_k4_s2020.summary.json,none@closure1M,20,128,4,2020,150000,16,0.1875,0.125,0.12432954130116959,0.214225,0.0604
none@closure1M_L20_st128_k4_s2020.summary.json,none@closure1M,20,128,4,2020,200000,16,0.125,0.125,0.12513420595760236,0.1949875,0.0724
none@closure1M_L20_st128_k4_s2020.summary.json,none@closure1M,20,128,4,2020,300000,16,0.125,0.0,0.09890350877192983,0.2140825,0.0554
none@closure1M_L20_st128_k4_s2020.summary.json,none@closure1M,20,128,4,2020,500000,16,0.3125,0.25,0.18631384777046783,0.2040375,0.06605
none@closure1M_L20_st128_k4_s2020.summary.json,none@closure1M,20,128,4,2020,750000,16,1.0,1.0,0.9968287417763158,0.0020525,0.51775
none@closure1M_L20_st128_k4_s2020.summary.json,none@closure1M,20,128,4,2020,1000000,16,0.875,0.875,0.8758737664473684,0.0014925,0.5558
none@closure1M_L64_st128_k4_s2001.summary.json,none@closure1M,64,128,4,2001,50,16,0.0,0.0,0.01540752578451906,0.25030625,0.00785
none@closure1M_L64_st128_k4_s2001.summary.json,none@closure1M,64,128,4,2001,100,16,0.0,0.0,0.03120452244804323,0.28948046875,0.0095
none@closure1M_L64_st128_k4_s2001.summary.json,none@closure1M,64,128,4,2001,150,16,0.0,0.0,0.03492044956041121,0.30656171875,0.01145
none@closure1M_L64_st128_k4_s2001.summary.json,none@closure1M,64,128,4,2001,200,16,0.0,0.0,0.05412972736607601,0.314621875,0.01455
none@closure1M_L64_st128_k4_s2001.summary.json,none@closure1M,64,128,4,2001,300,16,0.0,0.0,0.05474455344650254,0.32674453125,0.0129
none@closure1M_L64_st128_k4_s2001.summary.json,none@closure1M,64,128,4,2001,500,16,0.0,0.0,0.05204807856678237,0.33406171875,0.01265
none@closure1M_L64_st128_k4_s2001.summary.json,none@closure1M,64,128,4,2001,750,16,0.0,0.0,0.053607102883273056,0.32637890625,0.01635
none@closure1M_L64_st128_k4_s2001.summary.json,none@closure1M,64,128,4,2001,1000,16,0.1875,0.0625,0.1309007073071529,0.31332578125,0.0645
none@closure1M_L64_st128_k4_s2001.summary.json,none@closure1M,64,128,4,2001,1500,16,0.1875,0.125,0.14297931153659407,0.25250546875,0.25065
none@closure1M_L64_st128_k4_s2001.summary.json,none@closure1M,64,128,4,2001,2000,16,0.375,0.3125,0.23256933551329256,0.1667625,0.53005
none@closure1M_L64_st128_k4_s2001.summary.json,none@closure1M,64,128,4,2001,3000,16,0.4375,0.3125,0.28586334966011595,0.11330078125,0.6992
none@closure1M_L64_st128_k4_s2001.summary.json,none@closure1M,64,128,4,2001,5000,16,0.6875,0.5,0.3852572041557381,0.0661984375,0.49975
none@closure1M_L64_st128_k4_s2001.summary.json,none@closure1M,64,128,4,2001,10000,16,0.125,0.0,0.08195482272135908,0.08059765625,0.26485
none@closure1M_L64_st128_k4_s2001.summary.json,none@closure1M,64,128,4,2001,15000,16,0.125,0.125,0.13794870320471003,0.0831140625,0.25615
none@closure1M_L64_st128_k4_s2001.summary.json,none@closure1M,64,128,4,2001,20000,16,0.3125,0.1875,0.1936871910621952,0.08043046875,0.25675
none@closure1M_L64_st128_k4_s2001.summary.json,none@closure1M,64,128,4,2001,30000,16,0.3125,0.1875,0.24180907029894172,0.0831078125,0.26355
none@closure1M_L64_st128_k4_s2001.summary.json,none@closure1M,64,128,4,2001,50000,16,0.375,0.25,0.2105215561152471,0.08239765625,0.2541
none@closure1M_L64_st128_k4_s2001.summary.json,none@closure1M,64,128,4,2001,75000,16,0.1875,0.0,0.12739695514693267,0.08303515625,0.25445
none@closure1M_L64_st128_k4_s2001.summary.json,none@closure1M,64,128,4,2001,100000,16,0.0625,0.0,0.12722064878135805,0.0824875,0.26455
none@closure1M_L64_st128_k4_s2001.summary.json,none@closure1M,64,128,4,2001,150000,16,0.125,0.125,0.13162512175369387,0.0811421875,0.256
none@closure1M_L64_st128_k4_s2001.summary.json,none@closure1M,64,128,4,2001,200000,16,0.3125,0.3125,0.2571903367184352,0.08508671875,0.2579
none@closure1M_L64_st128_k4_s2001.summary.json,none@closure1M,64,128,4,2001,300000,16,0.1875,0.1875,0.1352312784186221,0.08008046875,0.26325
none@closure1M_L64_st128_k4_s2001.summary.json,none@closure1M,64,128,4,2001,500000,16,0.25,0.1875,0.16699535522322612,0.08306796875,0.2509
none@closure1M_L64_st128_k4_s2001.summary.json,none@closure1M,64,128,4,2001,750000,16,0.375,0.1875,0.23223627321369877,0.08291484375,0.2597
none@closure1M_L64_st128_k4_s2001.summary.json,none@closure1M,64,128,4,2001,1000000,16,0.125,0.0625,0.09277765805700089,0.0799140625,0.2625
none@closure1M_L64_st128_k4_s2002.summary.json,none@closure1M,64,128,4,2002,50,16,0.0,0.0,0.04932776712053833,0.2551890625,0.01075
none@closure1M_L64_st128_k4_s2002.summary.json,none@closure1M,64,128,4,2002,100,16,0.0,0.0,0.03481772172558388,0.29268828125,0.0149
none@closure1M_L64_st128_k4_s2002.summary.json,none@closure1M,64,128,4,2002,150,16,0.0,0.0,0.030189209004868114,0.3087296875,0.0165
none@closure1M_L64_st128_k4_s2002.summary.json,none@closure1M,64,128,4,2002,200,16,0.0,0.0,0.06844489666191095,0.3196453125,0.0185
none@closure1M_L64_st128_k4_s2002.summary.json,none@closure1M,64,128,4,2002,300,16,0.0,0.0,0.07095267647334347,0.329365625,0.0116
none@closure1M_L64_st128_k4_s2002.summary.json,none@closure1M,64,128,4,2002,500,16,0.0,0.0,0.05424786218080252,0.33936796875,0.0115
none@closure1M_L64_st128_k4_s2002.summary.json,none@closure1M,64,128,4,2002,750,16,0.0,0.0,0.05240855430116379,0.33144375,0.01205
none@closure1M_L64_st128_k4_s2002.summary.json,none@closure1M,64,128,4,2002,1000,16,0.0625,0.0,0.08674120615465014,0.32150625,0.0337
none@closure1M_L64_st128_k4_s2002.summary.json,none@closure1M,64,128,4,2002,1500,16,0.3125,0.1875,0.22263344188044426,0.28167265625,0.1209
none@closure1M_L64_st128_k4_s2002.summary.json,none@closure1M,64,128,4,2002,2000,16,0.25,0.1875,0.19786238885887059,0.23039296875,0.24545
none@closure1M_L64_st128_k4_s2002.summary.json,none@closure1M,64,128,4,2002,3000,16,0.625,0.5,0.37214521099227393,0.136609375,0.4307
none@closure1M_L64_st128_k4_s2002.summary.json,none@closure1M,64,128,4,2002,5000,16,0.5,0.25,0.2779018032871317,0.08291484375,0.24335
none@closure1M_L64_st128_k4_s2002.summary.json,none@closure1M,64,128,4,2002,10000,16,0.25,0.25,0.24992606314713975,0.07835390625,0.22655
none@closure1M_L64_st128_k4_s2002.summary.json,none@closure1M,64,128,4,2002,15000,16,0.375,0.3125,0.25351462913708445,0.0758734375,0.2624
none@closure1M_L64_st128_k4_s2002.summary.json,none@closure1M,64,128,4,2002,20000,16,0.0625,0.0,0.11974866775694956,0.06945078125,0.28915
none@closure1M_L64_st128_k4_s2002.summary.json,none@closure1M,64,128,4,2002,30000,16,0.4375,0.25,0.28216392298902215,0.0613640625,0.3001
none@closure1M_L64_st128_k4_s2002.summary.json,none@closure1M,64,128,4,2002,50000,16,0.3125,0.25,0.23627070098674838,0.061371875,0.29515
none@closure1M_L64_st128_k4_s2002.summary.json,none@closure1M,64,128,4,2002,75000,16,0.3125,0.1875,0.207329049540728,0.06307421875,0.2937
none@closure1M_L64_st128_k4_s2002.summary.json,none@closure1M,64,128,4,2002,100000,16,0.0625,0.0625,0.07130577873377339,0.06261953125,0.3079
none@closure1M_L64_st128_k4_s2002.summary.json,none@closure1M,64,128,4,2002,150000,16,0.25,0.1875,0.18024044865715666,0.0643328125,0.2938
none@closure1M_L64_st128_k4_s2002.summary.json,none@closure1M,64,128,4,2002,200000,16,0.25,0.125,0.18132768929588544,0.06121015625,0.29345
none@closure1M_L64_st128_k4_s2002.summary.json,none@closure1M,64,128,4,2002,300000,16,0.375,0.1875,0.2160654301342499,0.05760546875,0.30105
none@closure1M_L64_st128_k4_s2002.summary.json,none@closure1M,64,128,4,2002,500000,16,0.3125,0.1875,0.20322021485399655,0.06041953125,0.29755
none@closure1M_L64_st128_k4_s2002.summary.json,none@closure1M,64,128,4,2002,750000,16,0.25,0.125,0.15074606987961986,0.06314453125,0.2929
none@closure1M_L64_st128_k4_s2002.summary.json,none@closure1M,64,128,4,2002,1000000,16,0.375,0.1875,0.21185393954352422,0.0595921875,0.30035
none@closure1M_L64_st128_k4_s2003.summary.json,none@closure1M,64,128,4,2003,50,16,0.0,0.0,0.01821752837058621,0.24837265625,0.01065
none@closure1M_L64_st128_k4_s2003.summary.json,none@closure1M,64,128,4,2003,100,16,0.0,0.0,0.033877290226492524,0.28611484375,0.0117
none@closure1M_L64_st128_k4_s2003.summary.json,none@closure1M,64,128,4,2003,150,16,0.0,0.0,0.07934775832825432,0.3004875,0.01115
none@closure1M_L64_st128_k4_s2003.summary.json,none@closure1M,64,128,4,2003,200,16,0.0625,0.0,0.060524388980976736,0.3076578125,0.01125
none@closure1M_L64_st128_k4_s2003.summary.json,none@closure1M,64,128,4,2003,300,16,0.0,0.0,0.04688067305774783,0.317603125,0.01485
none@closure1M_L64_st128_k4_s2003.summary.json,none@closure1M,64,128,4,2003,500,16,0.0625,0.0,0.07534850089012254,0.3164125,0.0171
none@closure1M_L64_st128_k4_s2003.summary.json,none@closure1M,64,128,4,2003,750,16,0.0625,0.0625,0.07057621283049001,0.31439140625,0.0433
none@closure1M_L64_st128_k4_s2003.summary.json,none@closure1M,64,128,4,2003,1000,16,0.0625,0.0625,0.08349528094183273,0.2918015625,0.1053
none@closure1M_L64_st128_k4_s2003.summary.json,none@closure1M,64,128,4,2003,1500,16,0.25,0.25,0.1604471459487175,0.22640859375,0.30755
none@closure1M_L64_st128_k4_s2003.summary.json,none@closure1M,64,128,4,2003,2000,16,0.4375,0.3125,0.26123183282295637,0.15671484375,0.55755
none@closure1M_L64_st128_k4_s2003.summary.json,none@closure1M,64,128,4,2003,3000,16,0.4375,0.3125,0.27239932464284267,0.10123046875,0.586
none@closure1M_L64_st128_k4_s2003.summary.json,none@closure1M,64,128,4,2003,5000,16,0.3125,0.1875,0.22772679275244104,0.07872421875,0.2989
none@closure1M_L64_st128_k4_s2003.summary.json,none@closure1M,64,128,4,2003,10000,16,0.1875,0.1875,0.17454201034030112,0.0844875,0.24715
none@closure1M_L64_st128_k4_s2003.summary.json,none@closure1M,64,128,4,2003,15000,16,0.25,0.125,0.19031137541983012,0.0922796875,0.2173
none@closure1M_L64_st128_k4_s2003.summary.json,none@closure1M,64,128,4,2003,20000,16,0.0625,0.0625,0.11465361248214356,0.085240625,0.1892
none@closure1M_L64_st128_k4_s2003.summary.json,none@closure1M,64,128,4,2003,30000,16,0.1875,0.0625,0.15871167035427972,0.08987265625,0.14785
none@closure1M_L64_st128_k4_s2003.summary.json,none@closure1M,64,128,4,2003,50000,16,0.3125,0.1875,0.21766039235527468,0.0766125,0.2892
none@closure1M_L64_st128_k4_s2003.summary.json,none@closure1M,64,128,4,2003,75000,16,0.125,0.125,0.1214704262589199,0.0676015625,0.31705
none@closure1M_L64_st128_k4_s2003.summary.json,none@closure1M,64,128,4,2003,100000,16,0.25,0.1875,0.16611637647883234,0.06869609375,0.3156
none@closure1M_L64_st128_k4_s2003.summary.json,none@closure1M,64,128,4,2003,150000,16,0.25,0.1875,0.17909340767481247,0.070628125,0.32005
none@closure1M_L64_st128_k4_s2003.summary.json,none@closure1M,64,128,4,2003,200000,16,0.25,0.125,0.18833104729563346,0.0684921875,0.31245
none@closure1M_L64_st128_k4_s2003.summary.json,none@closure1M,64,128,4,2003,300000,16,0.25,0.125,0.15926833400329424,0.06903046875,0.3062
none@closure1M_L64_st128_k4_s2003.summary.json,none@closure1M,64,128,4,2003,500000,16,0.3125,0.25,0.2287543746549779,0.06994375,0.31665
none@closure1M_L64_st128_k4_s2003.summary.json,none@closure1M,64,128,4,2003,750000,16,0.125,0.0625,0.13955193818879819,0.070825,0.30815
none@closure1M_L64_st128_k4_s2003.summary.json,none@closure1M,64,128,4,2003,1000000,16,0.125,0.125,0.16641679539826615,0.07038203125,0.3048
none@closure1M_L64_st128_k4_s2004.summary.json,none@closure1M,64,128,4,2004,50,16,0.0,0.0,0.022723990862054518,0.25093828125,0.01095
none@closure1M_L64_st128_k4_s2004.summary.json,none@closure1M,64,128,4,2004,100,16,0.0625,0.0,0.08498809107340803,0.28853984375,0.0106
none@closure1M_L64_st128_k4_s2004.summary.json,none@closure1M,64,128,4,2004,150,16,0.0,0.0,0.05004770612696262,0.30760703125,0.0151
none@closure1M_L64_st128_k4_s2004.summary.json,none@closure1M,64,128,4,2004,200,16,0.0,0.0,0.049355914157604444,0.31816171875,0.01195
none@closure1M_L64_st128_k4_s2004.summary.json,none@closure1M,64,128,4,2004,300,16,0.0625,0.0,0.07670614664215558,0.325934375,0.0124
none@closure1M_L64_st128_k4_s2004.summary.json,none@closure1M,64,128,4,2004,500,16,0.0,0.0,0.044743324898856324,0.3265828125,0.0134
none@closure1M_L64_st128_k4_s2004.summary.json,none@closure1M,64,128,4,2004,750,16,0.0625,0.0,0.09751517642211069,0.316109375,0.0347
none@closure1M_L64_st128_k4_s2004.summary.json,none@closure1M,64,128,4,2004,1000,16,0.1875,0.1875,0.1519801708907731,0.2957265625,0.0809
none@closure1M_L64_st128_k4_s2004.summary.json,none@closure1M,64,128,4,2004,1500,16,0.25,0.125,0.17126206374339104,0.25666640625,0.16275
none@closure1M_L64_st128_k4_s2004.summary.json,none@closure1M,64,128,4,2004,2000,16,0.3125,0.25,0.21794903096134216,0.214840625,0.25565
none@closure1M_L64_st128_k4_s2004.summary.json,none@closure1M,64,128,4,2004,3000,16,0.4375,0.375,0.3605557952430267,0.11618671875,0.33335
none@closure1M_L64_st128_k4_s2004.summary.json,none@closure1M,64,128,4,2004,5000,16,0.1875,0.125,0.1284013306462269,0.09195703125,0.1912
none@closure1M_L64_st128_k4_s2004.summary.json,none@closure1M,64,128,4,2004,10000,16,0.0625,0.0,0.10533853034422071,0.08518984375,0.1587
none@closure1M_L64_st128_k4_s2004.summary.json,none@closure1M,64,128,4,2004,15000,16,0.1875,0.1875,0.2107262008723476,0.0871359375,0.16575
none@closure1M_L64_st128_k4_s2004.summary.json,none@closure1M,64,128,4,2004,20000,16,0.3125,0.1875,0.1933534806678447,0.08416484375,0.21315
none@closure1M_L64_st128_k4_s2004.summary.json,none@closure1M,64,128,4,2004,30000,16,0.25,0.125,0.1820203449988012,0.0825265625,0.26365
none@closure1M_L64_st128_k4_s2004.summary.json,none@closure1M,64,128,4,2004,50000,16,0.3125,0.1875,0.18912309747454983,0.06878984375,0.31395
none@closure1M_L64_st128_k4_s2004.summary.json,none@closure1M,64,128,4,2004,75000,16,0.4375,0.375,0.3321100335257522,0.0667984375,0.31535
none@closure1M_L64_st128_k4_s2004.summary.json,none@closure1M,64,128,4,2004,100000,16,0.25,0.1875,0.1845780770850482,0.06500859375,0.3098
none@closure1M_L64_st128_k4_s2004.summary.json,none@closure1M,64,128,4,2004,150000,16,0.3125,0.125,0.20422730722799046,0.0713125,0.30365
none@closure1M_L64_st128_k4_s2004.summary.json,none@closure1M,64,128,4,2004,200000,16,0.1875,0.125,0.14777347440809982,0.06805,0.3067
none@closure1M_L64_st128_k4_s2004.summary.json,none@closure1M,64,128,4,2004,300000,16,0.0625,0.0625,0.10196744830398655,0.0722984375,0.292
none@closure1M_L64_st128_k4_s2004.summary.json,none@closure1M,64,128,4,2004,500000,16,0.3125,0.1875,0.2460809061964392,0.0723359375,0.31055
none@closure1M_L64_st128_k4_s2004.summary.json,none@closure1M,64,128,4,2004,750000,16,0.4375,0.25,0.28488511794467963,0.06584609375,0.31365
none@closure1M_L64_st128_k4_s2004.summary.json,none@closure1M,64,128,4,2004,1000000,16,0.4375,0.1875,0.23169931154282397,0.064515625,0.3135
none@closure1M_L64_st128_k4_s2005.summary.json,none@closure1M,64,128,4,2005,50,16,0.0,0.0,0.040719090857880474,0.2505640625,0.00905
none@closure1M_L64_st128_k4_s2005.summary.json,none@closure1M,64,128,4,2005,100,16,0.0,0.0,0.03893214560199066,0.2852671875,0.0107
none@closure1M_L64_st128_k4_s2005.summary.json,none@closure1M,64,128,4,2005,150,16,0.0,0.0,0.03241846801965817,0.29953046875,0.01265
none@closure1M_L64_st128_k4_s2005.summary.json,none@closure1M,64,128,4,2005,200,16,0.0,0.0,0.06011405345130335,0.31060625,0.01525
none@closure1M_L64_st128_k4_s2005.summary.json,none@closure1M,64,128,4,2005,300,16,0.0,0.0,0.06793690764446629,0.3152328125,0.01555
none@closure1M_L64_st128_k4_s2005.summary.json,none@closure1M,64,128,4,2005,500,16,0.0,0.0,0.05895095283024343,0.308315625,0.01475
none@closure1M_L64_st128_k4_s2005.summary.json,none@closure1M,64,128,4,2005,750,16,0.125,0.125,0.13602686350614965,0.2906546875,0.0828
none@closure1M_L64_st128_k4_s2005.summary.json,none@closure1M,64,128,4,2005,1000,16,0.25,0.25,0.21844730158016995,0.25497890625,0.136
none@closure1M_L64_st128_k4_s2005.summary.json,none@closure1M,64,128,4,2005,1500,16,0.4375,0.375,0.3597494443025501,0.207028125,0.2262
none@closure1M_L64_st128_k4_s2005.summary.json,none@closure1M,64,128,4,2005,2000,16,0.5,0.1875,0.3100881780204425,0.16499140625,0.25275
none@closure1M_L64_st128_k4_s2005.summary.json,none@closure1M,64,128,4,2005,3000,16,0.25,0.125,0.20754937614163044,0.09110078125,0.1854
none@closure1M_L64_st128_k4_s2005.summary.json,none@closure1M,64,128,4,2005,5000,16,0.25,0.25,0.2544200226355471,0.0962609375,0.15575
none@closure1M_L64_st128_k4_s2005.summary.json,none@closure1M,64,128,4,2005,10000,16,0.3125,0.1875,0.23023413052738653,0.09225234375,0.16945
none@closure1M_L64_st128_k4_s2005.summary.json,none@closure1M,64,128,4,2005,15000,16,0.1875,0.125,0.15419378745977447,0.08409765625,0.1915
none@closure1M_L64_st128_k4_s2005.summary.json,none@closure1M,64,128,4,2005,20000,16,0.3125,0.25,0.19021883240691337,0.0811328125,0.20305
none@closure1M_L64_st128_k4_s2005.summary.json,none@closure1M,64,128,4,2005,30000,16,0.25,0.1875,0.185662672626212,0.0768734375,0.2189
none@closure1M_L64_st128_k4_s2005.summary.json,none@closure1M,64,128,4,2005,50000,16,0.375,0.3125,0.2793586955036434,0.0748890625,0.26085
none@closure1M_L64_st128_k4_s2005.summary.json,none@closure1M,64,128,4,2005,75000,16,0.1875,0.125,0.15325816866623726,0.07451875,0.2362
none@closure1M_L64_st128_k4_s2005.summary.json,none@closure1M,64,128,4,2005,100000,16,0.3125,0.1875,0.23742881583355763,0.07250625,0.2699
none@closure1M_L64_st128_k4_s2005.summary.json,none@closure1M,64,128,4,2005,150000,16,0.125,0.0625,0.11473945193148098,0.07127734375,0.30235
none@closure1M_L64_st128_k4_s2005.summary.json,none@closure1M,64,128,4,2005,200000,16,0.375,0.25,0.21461321962105573,0.0703796875,0.3058
none@closure1M_L64_st128_k4_s2005.summary.json,none@closure1M,64,128,4,2005,300000,16,0.0,0.0,0.07757104267173098,0.06846171875,0.31095
none@closure1M_L64_st128_k4_s2005.summary.json,none@closure1M,64,128,4,2005,500000,16,0.375,0.125,0.2133618695551433,0.0681671875,0.3055
none@closure1M_L64_st128_k4_s2005.summary.json,none@closure1M,64,128,4,2005,750000,16,0.875,0.875,0.875301674020252,0.027515625,0.01415
none@closure1M_L64_st128_k4_s2005.summary.json,none@closure1M,64,128,4,2005,1000000,16,1.0,1.0,0.9990077794794441,0.01050859375,0.5384
none@closure1M_L64_st128_k4_s2006.summary.json,none@closure1M,64,128,4,2006,50,16,0.0625,0.0,0.06028452583260411,0.25435,0.0098
none@closure1M_L64_st128_k4_s2006.summary.json,none@closure1M,64,128,4,2006,100,16,0.0,0.0,0.03830150206457476,0.29130859375,0.0125
none@closure1M_L64_st128_k4_s2006.summary.json,none@closure1M,64,128,4,2006,150,16,0.0,0.0,0.03885263774709451,0.30710859375,0.0109
none@closure1M_L64_st128_k4_s2006.summary.json,none@closure1M,64,128,4,2006,200,16,0.0625,0.0,0.047317360175805345,0.31567578125,0.01115
none@closure1M_L64_st128_k4_s2006.summary.json,none@closure1M,64,128,4,2006,300,16,0.0,0.0,0.05057904223288323,0.32383828125,0.01135
none@closure1M_L64_st128_k4_s2006.summary.json,none@closure1M,64,128,4,2006,500,16,0.0,0.0,0.032407060997062184,0.33185546875,0.01285
none@closure1M_L64_st128_k4_s2006.summary.json,none@closure1M,64,128,4,2006,750,16,0.0,0.0,0.03428541291396748,0.3322640625,0.0167
none@closure1M_L64_st128_k4_s2006.summary.json,none@closure1M,64,128,4,2006,1000,16,0.0625,0.0625,0.06737778656792773,0.31597265625,0.02555
none@closure1M_L64_st128_k4_s2006.summary.json,none@closure1M,64,128,4,2006,1500,16,0.1875,0.0,0.10799574354111122,0.29283828125,0.0764
none@closure1M_L64_st128_k4_s2006.summary.json,none@closure1M,64,128,4,2006,2000,16,0.25,0.1875,0.19156631172960642,0.2665859375,0.16495
none@closure1M_L64_st128_k4_s2006.summary.json,none@closure1M,64,128,4,2006,3000,16,0.5625,0.25,0.3362293191374904,0.16045859375,0.34475
none@closure1M_L64_st128_k4_s2006.summary.json,none@closure1M,64,128,4,2006,5000,16,0.4375,0.3125,0.26169751375358513,0.06544375,0.43075
none@closure1M_L64_st128_k4_s2006.summary.json,none@closure1M,64,128,4,2006,10000,16,0.3125,0.25,0.23164920638937286,0.08698203125,0.21225
none@closure1M_L64_st128_k4_s2006.summary.json,none@closure1M,64,128,4,2006,15000,16,0.1875,0.0625,0.19061057125893763,0.089921875,0.17365
none@closure1M_L64_st128_k4_s2006.summary.json,none@closure1M,64,128,4,2006,20000,16,0.1875,0.1875,0.20258000513057425,0.0900796875,0.1386
none@closure1M_L64_st128_k4_s2006.summary.json,none@closure1M,64,128,4,2006,30000,16,0.125,0.0625,0.10225532222249914,0.0859171875,0.1653
none@closure1M_L64_st128_k4_s2006.summary.json,none@closure1M,64,128,4,2006,50000,16,0.125,0.125,0.15121536605186997,0.07665234375,0.30305
none@closure1M_L64_st128_k4_s2006.summary.json,none@closure1M,64,128,4,2006,75000,16,0.1875,0.125,0.20361732633470508,0.0681171875,0.3064
none@closure1M_L64_st128_k4_s2006.summary.json,none@closure1M,64,128,4,2006,100000,16,0.3125,0.1875,0.2356608527863816,0.070846875,0.3117
none@closure1M_L64_st128_k4_s2006.summary.json,none@closure1M,64,128,4,2006,150000,16,0.25,0.1875,0.21288887565648465,0.06947421875,0.30205
none@closure1M_L64_st128_k4_s2006.summary.json,none@closure1M,64,128,4,2006,200000,16,0.0625,0.0625,0.0960522354578234,0.070934375,0.30205
none@closure1M_L64_st128_k4_s2006.summary.json,none@closure1M,64,128,4,2006,300000,16,0.375,0.3125,0.2635682433675755,0.065878125,0.30625
none@closure1M_L64_st128_k4_s2006.summary.json,none@closure1M,64,128,4,2006,500000,16,0.1875,0.125,0.14654326299014284,0.06887578125,0.3108
none@closure1M_L64_st128_k4_s2006.summary.json,none@closure1M,64,128,4,2006,750000,16,0.4375,0.25,0.28918854828225404,0.071375,0.297
none@closure1M_L64_st128_k4_s2006.summary.json,none@closure1M,64,128,4,2006,1000000,16,0.9375,0.9375,0.8766549617064836,0.0307546875,0.3922
none@closure1M_L64_st128_k4_s2007.summary.json,none@closure1M,64,128,4,2007,50,16,0.0,0.0,0.040162028135846815,0.25202421875,0.0108
none@closure1M_L64_st128_k4_s2007.summary.json,none@closure1M,64,128,4,2007,100,16,0.0,0.0,0.04852992153997856,0.29121484375,0.0142
none@closure1M_L64_st128_k4_s2007.summary.json,none@closure1M,64,128,4,2007,150,16,0.0,0.0,0.046027129035438596,0.30264921875,0.01545
none@closure1M_L64_st128_k4_s2007.summary.json,none@closure1M,64,128,4,2007,200,16,0.0,0.0,0.03239684199419911,0.3120515625,0.0159
none@closure1M_L64_st128_k4_s2007.summary.json,none@closure1M,64,128,4,2007,300,16,0.0,0.0,0.06611984709029574,0.3222109375,0.01545
none@closure1M_L64_st128_k4_s2007.summary.json,none@closure1M,64,128,4,2007,500,16,0.0,0.0,0.04185773237847878,0.33373203125,0.0166
none@closure1M_L64_st128_k4_s2007.summary.json,none@closure1M,64,128,4,2007,750,16,0.0,0.0,0.060382359552978604,0.32357734375,0.01705
none@closure1M_L64_st128_k4_s2007.summary.json,none@closure1M,64,128,4,2007,1000,16,0.0,0.0,0.03644043736217151,0.318925,0.0172
none@closure1M_L64_st128_k4_s2007.summary.json,none@closure1M,64,128,4,2007,1500,16,0.0625,0.0625,0.08825307299175345,0.30960703125,0.0164
none@closure1M_L64_st128_k4_s2007.summary.json,none@closure1M,64,128,4,2007,2000,16,0.1875,0.125,0.13918438192954186,0.291375,0.0772
none@closure1M_L64_st128_k4_s2007.summary.json,none@closure1M,64,128,4,2007,3000,16,0.375,0.3125,0.2578962312809331,0.19892109375,0.3515
none@closure1M_L64_st128_k4_s2007.summary.json,none@closure1M,64,128,4,2007,5000,16,0.5,0.375,0.31015155974080705,0.1150046875,0.5174
none@closure1M_L64_st128_k4_s2007.summary.json,none@closure1M,64,128,4,2007,10000,16,0.375,0.3125,0.26955719863817185,0.0920171875,0.1975
none@closure1M_L64_st128_k4_s2007.summary.json,none@closure1M,64,128,4,2007,15000,16,0.125,0.125,0.0858215371992824,0.09677421875,0.1751
none@closure1M_L64_st128_k4_s2007.summary.json,none@closure1M,64,128,4,2007,20000,16,0.375,0.3125,0.25524727588713214,0.09808828125,0.14335
none@closure1M_L64_st128_k4_s2007.summary.json,none@closure1M,64,128,4,2007,30000,16,0.1875,0.0625,0.16603003370904262,0.0831453125,0.25535
none@closure1M_L64_st128_k4_s2007.summary.json,none@closure1M,64,128,4,2007,50000,16,0.3125,0.25,0.19694947556561654,0.06528984375,0.31405
none@closure1M_L64_st128_k4_s2007.summary.json,none@closure1M,64,128,4,2007,75000,16,0.25,0.1875,0.17455604197603072,0.067646875,0.30405
none@closure1M_L64_st128_k4_s2007.summary.json,none@closure1M,64,128,4,2007,100000,16,0.1875,0.1875,0.21892664706360876,0.06882578125,0.29685
none@closure1M_L64_st128_k4_s2007.summary.json,none@closure1M,64,128,4,2007,150000,16,0.375,0.3125,0.23686668072781247,0.0698140625,0.3186
none@closure1M_L64_st128_k4_s2007.summary.json,none@closure1M,64,128,4,2007,200000,16,0.3125,0.25,0.2044085304041426,0.06739765625,0.3076
none@closure1M_L64_st128_k4_s2007.summary.json,none@closure1M,64,128,4,2007,300000,16,0.3125,0.1875,0.17251345607635282,0.06719765625,0.30285
none@closure1M_L64_st128_k4_s2007.summary.json,none@closure1M,64,128,4,2007,500000,16,0.0625,0.0625,0.09438840817369688,0.07150078125,0.29785
none@closure1M_L64_st128_k4_s2007.summary.json,none@closure1M,64,128,4,2007,750000,16,0.125,0.0,0.12493193903549171,0.06563359375,0.30475
none@closure1M_L64_st128_k4_s2007.summary.json,none@closure1M,64,128,4,2007,1000000,16,1.0,1.0,1.0,0.00785,0.0169
none@closure1M_L64_st128_k4_s2008.summary.json,none@closure1M,64,128,4,2008,50,16,0.0,0.0,0.02737127870855866,0.2473578125,0.0087
none@closure1M_L64_st128_k4_s2008.summary.json,none@closure1M,64,128,4,2008,100,16,0.0,0.0,0.03344055156825119,0.2846796875,0.01015
none@closure1M_L64_st128_k4_s2008.summary.json,none@closure1M,64,128,4,2008,150,16,0.0,0.0,0.06355812176692423,0.30161640625,0.01105
none@closure1M_L64_st128_k4_s2008.summary.json,none@closure1M,64,128,4,2008,200,16,0.0,0.0,0.043883388096264395,0.311975,0.0047
none@closure1M_L64_st128_k4_s2008.summary.json,none@closure1M,64,128,4,2008,300,16,0.0,0.0,0.05228302987415785,0.3234375,0.01325
none@closure1M_L64_st128_k4_s2008.summary.json,none@closure1M,64,128,4,2008,500,16,0.1875,0.0625,0.1427710403691246,0.3226046875,0.03365
none@closure1M_L64_st128_k4_s2008.summary.json,none@closure1M,64,128,4,2008,750,16,0.1875,0.1875,0.1410045299251611,0.30700078125,0.07475
none@closure1M_L64_st128_k4_s2008.summary.json,none@closure1M,64,128,4,2008,1000,16,0.125,0.0625,0.11053767815115578,0.28708984375,0.13195
none@closure1M_L64_st128_k4_s2008.summary.json,none@closure1M,64,128,4,2008,1500,16,0.625,0.375,0.3442335952943611,0.2376859375,0.2909
none@closure1M_L64_st128_k4_s2008.summary.json,none@closure1M,64,128,4,2008,2000,16,0.4375,0.375,0.34025527813083317,0.18539609375,0.45265
none@closure1M_L64_st128_k4_s2008.summary.json,none@closure1M,64,128,4,2008,3000,16,0.3125,0.1875,0.24245387129981233,0.097175,0.52305
none@closure1M_L64_st128_k4_s2008.summary.json,none@closure1M,64,128,4,2008,5000,16,0.1875,0.0625,0.13705391427838268,0.08130625,0.26435
none@closure1M_L64_st128_k4_s2008.summary.json,none@closure1M,64,128,4,2008,10000,16,0.0625,0.0625,0.09394996499802383,0.081634375,0.25985
none@closure1M_L64_st128_k4_s2008.summary.json,none@closure1M,64,128,4,2008,15000,16,0.0625,0.0625,0.1037916905677865,0.08216875,0.25125
none@closure1M_L64_st128_k4_s2008.summary.json,none@closure1M,64,128,4,2008,20000,16,0.3125,0.25,0.16796117036531322,0.0771046875,0.26155
none@closure1M_L64_st128_k4_s2008.summary.json,none@closure1M,64,128,4,2008,30000,16,0.4375,0.4375,0.31594930067327587,0.07926328125,0.26885
none@closure1M_L64_st128_k4_s2008.summary.json,none@closure1M,64,128,4,2008,50000,16,0.1875,0.125,0.14176258817449564,0.08051015625,0.2533
none@closure1M_L64_st128_k4_s2008.summary.json,none@closure1M,64,128,4,2008,75000,16,0.0625,0.0625,0.11458342606467797,0.0804703125,0.25645
none@closure1M_L64_st128_k4_s2008.summary.json,none@closure1M,64,128,4,2008,100000,16,0.1875,0.1875,0.1461638450086215,0.0800203125,0.2598
none@closure1M_L64_st128_k4_s2008.summary.json,none@closure1M,64,128,4,2008,150000,16,0.375,0.125,0.22215489497982494,0.082878125,0.2596
none@closure1M_L64_st128_k4_s2008.summary.json,none@closure1M,64,128,4,2008,200000,16,0.25,0.1875,0.20624718465588354,0.0852890625,0.24535
none@closure1M_L64_st128_k4_s2008.summary.json,none@closure1M,64,128,4,2008,300000,16,0.125,0.125,0.12073358565849852,0.0825171875,0.2587
none@closure1M_L64_st128_k4_s2008.summary.json,none@closure1M,64,128,4,2008,500000,16,0.0625,0.0625,0.09882115652123047,0.0803484375,0.2611
none@closure1M_L64_st128_k4_s2008.summary.json,none@closure1M,64,128,4,2008,750000,16,0.25,0.0625,0.14583942439939107,0.08598046875,0.26285
none@closure1M_L64_st128_k4_s2008.summary.json,none@closure1M,64,128,4,2008,1000000,16,0.25,0.125,0.1611738868500699,0.09103828125,0.2022
none@closure1M_L64_st128_k4_s2009.summary.json,none@closure1M,64,128,4,2009,50,16,0.0,0.0,0.04698113056284782,0.2528265625,0.0113
none@closure1M_L64_st128_k4_s2009.summary.json,none@closure1M,64,128,4,2009,100,16,0.0,0.0,0.06140341675514774,0.28927421875,0.0103
none@closure1M_L64_st128_k4_s2009.summary.json,none@closure1M,64,128,4,2009,150,16,0.0,0.0,0.03925259715597208,0.30163515625,0.00915
none@closure1M_L64_st128_k4_s2009.summary.json,none@closure1M,64,128,4,2009,200,16,0.0,0.0,0.05725276018074992,0.31046796875,0.0102
none@closure1M_L64_st128_k4_s2009.summary.json,none@closure1M,64,128,4,2009,300,16,0.0,0.0,0.05104863007339027,0.3244578125,0.0108
none@closure1M_L64_st128_k4_s2009.summary.json,none@closure1M,64,128,4,2009,500,16,0.125,0.0625,0.11226353855065035,0.3294765625,0.01815
none@closure1M_L64_st128_k4_s2009.summary.json,none@closure1M,64,128,4,2009,750,16,0.0625,0.0,0.08184358527429361,0.320953125,0.01445
none@closure1M_L64_st128_k4_s2009.summary.json,none@closure1M,64,128,4,2009,1000,16,0.125,0.125,0.10799117296170889,0.30614765625,0.0221
none@closure1M_L64_st128_k4_s2009.summary.json,none@closure1M,64,128,4,2009,1500,16,0.125,0.0625,0.12446701993640708,0.27759140625,0.09205
none@closure1M_L64_st128_k4_s2009.summary.json,none@closure1M,64,128,4,2009,2000,16,0.375,0.3125,0.24454292180232318,0.21293828125,0.26515
none@closure1M_L64_st128_k4_s2009.summary.json,none@closure1M,64,128,4,2009,3000,16,0.5,0.5,0.3358105432067324,0.1362265625,0.4707
none@closure1M_L64_st128_k4_s2009.summary.json,none@closure1M,64,128,4,2009,5000,16,0.5,0.375,0.3135756971745372,0.0827734375,0.35895
none@closure1M_L64_st128_k4_s2009.summary.json,none@closure1M,64,128,4,2009,10000,16,0.375,0.3125,0.23421684746020466,0.09635078125,0.2024
none@closure1M_L64_st128_k4_s2009.summary.json,none@closure1M,64,128,4,2009,15000,16,0.3125,0.25,0.18089018547596883,0.09123671875,0.15765
none@closure1M_L64_st128_k4_s2009.summary.json,none@closure1M,64,128,4,2009,20000,16,0.375,0.25,0.23052065239962244,0.1015421875,0.1259
none@closure1M_L64_st128_k4_s2009.summary.json,none@closure1M,64,128,4,2009,30000,16,0.1875,0.125,0.15138095943673183,0.0962828125,0.12155
none@closure1M_L64_st128_k4_s2009.summary.json,none@closure1M,64,128,4,2009,50000,16,0.375,0.375,0.2947142687316414,0.0777234375,0.17915
none@closure1M_L64_st128_k4_s2009.summary.json,none@closure1M,64,128,4,2009,75000,16,0.3125,0.1875,0.21429081399734173,0.08475625,0.18245
none@closure1M_L64_st128_k4_s2009.summary.json,none@closure1M,64,128,4,2009,100000,16,0.3125,0.3125,0.2470327611725347,0.07478359375,0.21075
none@closure1M_L64_st128_k4_s2009.summary.json,none@closure1M,64,128,4,2009,150000,16,0.9375,0.9375,0.9304083586349526,0.01713359375,0.00815
none@closure1M_L64_st128_k4_s2009.summary.json,none@closure1M,64,128,4,2009,200000,16,1.0,0.9375,0.9748951338111049,0.0189734375,0.0166
none@closure1M_L64_st128_k4_s2009.summary.json,none@closure1M,64,128,4,2009,300000,16,1.0,1.0,0.99800380820684,0.01374296875,0.008
none@closure1M_L64_st128_k4_s2009.summary.json,none@closure1M,64,128,4,2009,500000,16,1.0,1.0,0.9989953865244097,0.0475859375,0.0049
none@closure1M_L64_st128_k4_s2009.summary.json,none@closure1M,64,128,4,2009,750000,16,0.9375,0.9375,0.9345265661039192,0.0235,0.00895
none@closure1M_L64_st128_k4_s2009.summary.json,none@closure1M,64,128,4,2009,1000000,16,0.9375,0.9375,0.9436688948092677,0.01543828125,0.01545
none@closure1M_L64_st128_k4_s2010.summary.json,none@closure1M,64,128,4,2010,50,16,0.0,0.0,0.037265248398028625,0.25389453125,0.00965
none@closure1M_L64_st128_k4_s2010.summary.json,none@closure1M,64,128,4,2010,100,16,0.0,0.0,0.0624748534623429,0.28888515625,0.00975
none@closure1M_L64_st128_k4_s2010.summary.json,none@closure1M,64,128,4,2010,150,16,0.0625,0.0,0.06793577796151085,0.3021,0.0158
none@closure1M_L64_st128_k4_s2010.summary.json,none@closure1M,64,128,4,2010,200,16,0.0,0.0,0.045689557533321476,0.3113703125,0.01535
none@closure1M_L64_st128_k4_s2010.summary.json,none@closure1M,64,128,4,2010,300,16,0.0625,0.0,0.06481508207918749,0.31671015625,0.01265
none@closure1M_L64_st128_k4_s2010.summary.json,none@closure1M,64,128,4,2010,500,16,0.0625,0.0,0.06839369097696023,0.3286,0.016
none@closure1M_L64_st128_k4_s2010.summary.json,none@closure1M,64,128,4,2010,750,16,0.0,0.0,0.0489354121430165,0.336075,0.01755
none@closure1M_L64_st128_k4_s2010.summary.json,none@closure1M,64,128,4,2010,1000,16,0.0625,0.0,0.06766545056834457,0.32552421875,0.0182
none@closure1M_L64_st128_k4_s2010.summary.json,none@closure1M,64,128,4,2010,1500,16,0.0625,0.0625,0.08280704734570225,0.307240625,0.0041
none@closure1M_L64_st128_k4_s2010.summary.json,none@closure1M,64,128,4,2010,2000,16,0.0,0.0,0.061893300874124785,0.2922578125,0.0383
none@closure1M_L64_st128_k4_s2010.summary.json,none@closure1M,64,128,4,2010,3000,16,0.3125,0.125,0.2335557329665,0.2216140625,0.2326
none@closure1M_L64_st128_k4_s2010.summary.json,none@closure1M,64,128,4,2010,5000,16,0.5625,0.4375,0.3546766130544511,0.09706328125,0.3188
none@closure1M_L64_st128_k4_s2010.summary.json,none@closure1M,64,128,4,2010,10000,16,0.3125,0.25,0.2602429506820404,0.08536171875,0.1741
none@closure1M_L64_st128_k4_s2010.summary.json,none@closure1M,64,128,4,2010,15000,16,0.375,0.25,0.258545592768347,0.0811828125,0.1474
none@closure1M_L64_st128_k4_s2010.summary.json,none@closure1M,64,128,4,2010,20000,16,0.1875,0.0625,0.13337348185570763,0.09238359375,0.18025
none@closure1M_L64_st128_k4_s2010.summary.json,none@closure1M,64,128,4,2010,30000,16,0.25,0.25,0.21681843529379322,0.076453125,0.28355
none@closure1M_L64_st128_k4_s2010.summary.json,none@closure1M,64,128,4,2010,50000,16,0.25,0.1875,0.19935675627092592,0.0700671875,0.31065
none@closure1M_L64_st128_k4_s2010.summary.json,none@closure1M,64,128,4,2010,75000,16,0.4375,0.3125,0.33817722787127225,0.06818359375,0.3087
none@closure1M_L64_st128_k4_s2010.summary.json,none@closure1M,64,128,4,2010,100000,16,0.1875,0.125,0.16647855278311582,0.0658859375,0.30475
none@closure1M_L64_st128_k4_s2010.summary.json,none@closure1M,64,128,4,2010,150000,16,0.25,0.1875,0.16688613050743445,0.06889375,0.3099
none@closure1M_L64_st128_k4_s2010.summary.json,none@closure1M,64,128,4,2010,200000,16,0.25,0.125,0.18274210174451166,0.07040625,0.3056
none@closure1M_L64_st128_k4_s2010.summary.json,none@closure1M,64,128,4,2010,300000,16,0.25,0.1875,0.18571451764511288,0.06760078125,0.3063
none@closure1M_L64_st128_k4_s2010.summary.json,none@closure1M,64,128,4,2010,500000,16,0.125,0.0,0.15907451504150366,0.0705796875,0.311
none@closure1M_L64_st128_k4_s2010.summary.json,none@closure1M,64,128,4,2010,750000,16,0.25,0.25,0.20472111572722618,0.06795859375,0.3065
none@closure1M_L64_st128_k4_s2010.summary.json,none@closure1M,64,128,4,2010,1000000,16,0.1875,0.0625,0.19635019064375858,0.0690234375,0.32095
none@closure1M_L64_st128_k4_s2011.summary.json,none@closure1M,64,128,4,2011,50,16,0.0,0.0,0.06657724946855614,0.253790625,0.009
none@closure1M_L64_st128_k4_s2011.summary.json,none@closure1M,64,128,4,2011,100,16,0.0,0.0,0.03881938336471567,0.28802890625,0.0108
none@closure1M_L64_st128_k4_s2011.summary.json,none@closure1M,64,128,4,2011,150,16,0.0,0.0,0.0443120887913056,0.30550546875,0.01465
none@closure1M_L64_st128_k4_s2011.summary.json,none@closure1M,64,128,4,2011,200,16,0.0,0.0,0.051426073799460875,0.31457578125,0.01355
none@closure1M_L64_st128_k4_s2011.summary.json,none@closure1M,64,128,4,2011,300,16,0.0,0.0,0.04949213424864109,0.321284375,0.0142
none@closure1M_L64_st128_k4_s2011.summary.json,none@closure1M,64,128,4,2011,500,16,0.0,0.0,0.04835271665378388,0.3255265625,0.01445
none@closure1M_L64_st128_k4_s2011.summary.json,none@closure1M,64,128,4,2011,750,16,0.0,0.0,0.06308750558191462,0.3224765625,0.01755
none@closure1M_L64_st128_k4_s2011.summary.json,none@closure1M,64,128,4,2011,1000,16,0.0,0.0,0.058749244172938545,0.3102265625,0.01665
none@closure1M_L64_st128_k4_s2011.summary.json,none@closure1M,64,128,4,2011,1500,16,0.1875,0.125,0.15459297463685218,0.28252890625,0.0757
none@closure1M_L64_st128_k4_s2011.summary.json,none@closure1M,64,128,4,2011,2000,16,0.3125,0.25,0.19182993592737477,0.21584140625,0.17375
none@closure1M_L64_st128_k4_s2011.summary.json,none@closure1M,64,128,4,2011,3000,16,0.375,0.1875,0.2129839773372545,0.15056015625,0.21615
none@closure1M_L64_st128_k4_s2011.summary.json,none@closure1M,64,128,4,2011,5000,16,0.25,0.1875,0.20127628716393586,0.099575,0.10985
none@closure1M_L64_st128_k4_s2011.summary.json,none@closure1M,64,128,4,2011,10000,16,0.375,0.1875,0.20426537831208083,0.09611796875,0.15285
none@closure1M_L64_st128_k4_s2011.summary.json,none@closure1M,64,128,4,2011,15000,16,0.1875,0.125,0.16386698646254344,0.100203125,0.1642
none@closure1M_L64_st128_k4_s2011.summary.json,none@closure1M,64,128,4,2011,20000,16,0.4375,0.25,0.2667067367516439,0.0911140625,0.19465
none@closure1M_L64_st128_k4_s2011.summary.json,none@closure1M,64,128,4,2011,30000,16,0.25,0.1875,0.1880148946335844,0.08092421875,0.1868
none@closure1M_L64_st128_k4_s2011.summary.json,none@closure1M,64,128,4,2011,50000,16,0.125,0.125,0.18122848320284302,0.0776109375,0.1595
none@closure1M_L64_st128_k4_s2011.summary.json,none@closure1M,64,128,4,2011,75000,16,0.125,0.0,0.12557542386606185,0.07513359375,0.149
none@closure1M_L64_st128_k4_s2011.summary.json,none@closure1M,64,128,4,2011,100000,16,0.4375,0.1875,0.29963980758293124,0.08013828125,0.18465
none@closure1M_L64_st128_k4_s2011.summary.json,none@closure1M,64,128,4,2011,150000,16,0.25,0.1875,0.19842255303929615,0.08490234375,0.2295
none@closure1M_L64_st128_k4_s2011.summary.json,none@closure1M,64,128,4,2011,200000,16,0.1875,0.125,0.15640784427211535,0.0802296875,0.2626
none@closure1M_L64_st128_k4_s2011.summary.json,none@closure1M,64,128,4,2011,300000,16,0.3125,0.25,0.23262201255265585,0.06888828125,0.31175
none@closure1M_L64_st128_k4_s2011.summary.json,none@closure1M,64,128,4,2011,500000,16,1.0,1.0,1.0,0.03400078125,0.01085
none@closure1M_L64_st128_k4_s2011.summary.json,none@closure1M,64,128,4,2011,750000,16,1.0,1.0,1.0,0.00982109375,0.05745
none@closure1M_L64_st128_k4_s2011.summary.json,none@closure1M,64,128,4,2011,1000000,16,0.9375,0.9375,0.9405089876059445,0.0067609375,0.68135
none@closure1M_L64_st128_k4_s2012.summary.json,none@closure1M,64,128,4,2012,50,16,0.0,0.0,0.02588726897783753,0.2457109375,0.0118
none@closure1M_L64_st128_k4_s2012.summary.json,none@closure1M,64,128,4,2012,100,16,0.0,0.0,0.04179089080553614,0.2839234375,0.0024
none@closure1M_L64_st128_k4_s2012.summary.json,none@closure1M,64,128,4,2012,150,16,0.0625,0.0,0.0709955419216502,0.302115625,0.0101
none@closure1M_L64_st128_k4_s2012.summary.json,none@closure1M,64,128,4,2012,200,16,0.0,0.0,0.03136911392452067,0.314115625,0.0134
none@closure1M_L64_st128_k4_s2012.summary.json,none@closure1M,64,128,4,2012,300,16,0.0,0.0,0.05713849087980975,0.32433828125,0.01135
none@closure1M_L64_st128_k4_s2012.summary.json,none@closure1M,64,128,4,2012,500,16,0.0,0.0,0.039842097281521105,0.32251328125,0.02035
none@closure1M_L64_st128_k4_s2012.summary.json,none@closure1M,64,128,4,2012,750,16,0.0625,0.0625,0.09224616528121735,0.31245234375,0.0409
none@closure1M_L64_st128_k4_s2012.summary.json,none@closure1M,64,128,4,2012,1000,16,0.25,0.1875,0.1642783490602415,0.28543046875,0.0684
none@closure1M_L64_st128_k4_s2012.summary.json,none@closure1M,64,128,4,2012,1500,16,0.3125,0.1875,0.20748116404040023,0.22580625,0.15315
none@closure1M_L64_st128_k4_s2012.summary.json,none@closure1M,64,128,4,2012,2000,16,0.5625,0.375,0.3542856145969572,0.15923125,0.253
none@closure1M_L64_st128_k4_s2012.summary.json,none@closure1M,64,128,4,2012,3000,16,0.5625,0.5,0.3990130378590131,0.13096953125,0.20465
none@closure1M_L64_st128_k4_s2012.summary.json,none@closure1M,64,128,4,2012,5000,16,0.4375,0.375,0.31739884974564603,0.1087546875,0.15275
none@closure1M_L64_st128_k4_s2012.summary.json,none@closure1M,64,128,4,2012,10000,16,0.25,0.1875,0.17210203297273322,0.1004359375,0.1159
none@closure1M_L64_st128_k4_s2012.summary.json,none@closure1M,64,128,4,2012,15000,16,0.375,0.3125,0.2560693110793517,0.093209375,0.145
none@closure1M_L64_st128_k4_s2012.summary.json,none@closure1M,64,128,4,2012,20000,16,0.375,0.1875,0.20939323441495336,0.0794796875,0.14105
none@closure1M_L64_st128_k4_s2012.summary.json,none@closure1M,64,128,4,2012,30000,16,0.4375,0.1875,0.25554867699032735,0.08061484375,0.15965
none@closure1M_L64_st128_k4_s2012.summary.json,none@closure1M,64,128,4,2012,50000,16,0.1875,0.0625,0.16085559163286453,0.07923671875,0.15195
none@closure1M_L64_st128_k4_s2012.summary.json,none@closure1M,64,128,4,2012,75000,16,0.1875,0.1875,0.1794670599697069,0.08491015625,0.1494
none@closure1M_L64_st128_k4_s2012.summary.json,none@closure1M,64,128,4,2012,100000,16,0.4375,0.1875,0.2797183340942837,0.07649453125,0.1728
none@closure1M_L64_st128_k4_s2012.summary.json,none@closure1M,64,128,4,2012,150000,16,0.4375,0.25,0.30355573648106926,0.0875,0.2141
none@closure1M_L64_st128_k4_s2012.summary.json,none@closure1M,64,128,4,2012,200000,16,0.25,0.25,0.22682827366935093,0.0672125,0.31365
none@closure1M_L64_st128_k4_s2012.summary.json,none@closure1M,64,128,4,2012,300000,16,0.9375,0.9375,0.9401245890802585,0.02095625,0.00835
none@closure1M_L64_st128_k4_s2012.summary.json,none@closure1M,64,128,4,2012,500000,16,1.0,1.0,0.9990088584419403,0.0253875,0.01745
none@closure1M_L64_st128_k4_s2012.summary.json,none@closure1M,64,128,4,2012,750000,16,0.9375,0.9375,0.9384589504609442,0.01495,0.62835
none@closure1M_L64_st128_k4_s2012.summary.json,none@closure1M,64,128,4,2012,1000000,16,0.9375,0.9375,0.9371574780785971,0.03220078125,0.43895
none@closure1M_L64_st128_k4_s2013.summary.json,none@closure1M,64,128,4,2013,50,16,0.0,0.0,0.03836036489941913,0.25136796875,0.0101
none@closure1M_L64_st128_k4_s2013.summary.json,none@closure1M,64,128,4,2013,100,16,0.0,0.0,0.030953568528385815,0.28893046875,0.01185
none@closure1M_L64_st128_k4_s2013.summary.json,none@closure1M,64,128,4,2013,150,16,0.0625,0.0,0.079478070049352,0.30756796875,0.00925
none@closure1M_L64_st128_k4_s2013.summary.json,none@closure1M,64,128,4,2013,200,16,0.0,0.0,0.0779341816153509,0.3191484375,0.0102
none@closure1M_L64_st128_k4_s2013.summary.json,none@closure1M,64,128,4,2013,300,16,0.0,0.0,0.07155747035433219,0.32699140625,0.0159
none@closure1M_L64_st128_k4_s2013.summary.json,none@closure1M,64,128,4,2013,500,16,0.0,0.0,0.04966200726190738,0.32998125,0.0136
none@closure1M_L64_st128_k4_s2013.summary.json,none@closure1M,64,128,4,2013,750,16,0.1875,0.125,0.15418911251918482,0.31757109375,0.04355
none@closure1M_L64_st128_k4_s2013.summary.json,none@closure1M,64,128,4,2013,1000,16,0.0,0.0,0.05398444501472685,0.29781171875,0.0903
none@closure1M_L64_st128_k4_s2013.summary.json,none@closure1M,64,128,4,2013,1500,16,0.0625,0.0,0.08083241328469612,0.25515234375,0.2111
none@closure1M_L64_st128_k4_s2013.summary.json,none@closure1M,64,128,4,2013,2000,16,0.375,0.25,0.2476093275809816,0.1973046875,0.36545
none@closure1M_L64_st128_k4_s2013.summary.json,none@closure1M,64,128,4,2013,3000,16,0.4375,0.375,0.28430565893307336,0.12590390625,0.41595
none@closure1M_L64_st128_k4_s2013.summary.json,none@closure1M,64,128,4,2013,5000,16,0.3125,0.1875,0.26553252789326054,0.0789359375,0.3022
none@closure1M_L64_st128_k4_s2013.summary.json,none@closure1M,64,128,4,2013,10000,16,0.125,0.0,0.11965412687026725,0.08135234375,0.26575
none@closure1M_L64_st128_k4_s2013.summary.json,none@closure1M,64,128,4,2013,15000,16,0.25,0.25,0.21490169120823732,0.0817390625,0.25885
none@closure1M_L64_st128_k4_s2013.summary.json,none@closure1M,64,128,4,2013,20000,16,0.3125,0.3125,0.1962564103078007,0.08018359375,0.27085
none@closure1M_L64_st128_k4_s2013.summary.json,none@closure1M,64,128,4,2013,30000,16,0.25,0.1875,0.16316248927431354,0.0832921875,0.2654
none@closure1M_L64_st128_k4_s2013.summary.json,none@closure1M,64,128,4,2013,50000,16,0.4375,0.25,0.2632537388642873,0.0835890625,0.2648
none@closure1M_L64_st128_k4_s2013.summary.json,none@closure1M,64,128,4,2013,75000,16,0.125,0.0,0.11560013406431782,0.0793609375,0.251
none@closure1M_L64_st128_k4_s2013.summary.json,none@closure1M,64,128,4,2013,100000,16,0.25,0.1875,0.2161778461403497,0.08308203125,0.2599
none@closure1M_L64_st128_k4_s2013.summary.json,none@closure1M,64,128,4,2013,150000,16,0.1875,0.0625,0.1421289369794257,0.08332265625,0.26295
none@closure1M_L64_st128_k4_s2013.summary.json,none@closure1M,64,128,4,2013,200000,16,0.125,0.0625,0.1457897369980859,0.07570546875,0.26415
none@closure1M_L64_st128_k4_s2013.summary.json,none@closure1M,64,128,4,2013,300000,16,0.1875,0.125,0.14863747283924533,0.07906953125,0.258
none@closure1M_L64_st128_k4_s2013.summary.json,none@closure1M,64,128,4,2013,500000,16,0.25,0.125,0.1933445274821359,0.0786875,0.27565
none@closure1M_L64_st128_k4_s2013.summary.json,none@closure1M,64,128,4,2013,750000,16,0.25,0.25,0.22672628122994953,0.09353828125,0.1839
none@closure1M_L64_st128_k4_s2013.summary.json,none@closure1M,64,128,4,2013,1000000,16,0.25,0.1875,0.18356102992435777,0.06244140625,0.29835
none@closure1M_L64_st128_k4_s2014.summary.json,none@closure1M,64,128,4,2014,50,16,0.0,0.0,0.04088016294928121,0.25124375,0.00995
none@closure1M_L64_st128_k4_s2014.summary.json,none@closure1M,64,128,4,2014,100,16,0.0,0.0,0.02579766898114266,0.289259375,0.01225
none@closure1M_L64_st128_k4_s2014.summary.json,none@closure1M,64,128,4,2014,150,16,0.0,0.0,0.07931542424043009,0.3045546875,0.0088
none@closure1M_L64_st128_k4_s2014.summary.json,none@closure1M,64,128,4,2014,200,16,0.0,0.0,0.05824569693566945,0.3120234375,0.01365
none@closure1M_L64_st128_k4_s2014.summary.json,none@closure1M,64,128,4,2014,300,16,0.0,0.0,0.03574798331150571,0.3215703125,0.01355
none@closure1M_L64_st128_k4_s2014.summary.json,none@closure1M,64,128,4,2014,500,16,0.0,0.0,0.07008816643158605,0.32768046875,0.01695
none@closure1M_L64_st128_k4_s2014.summary.json,none@closure1M,64,128,4,2014,750,16,0.0,0.0,0.06637708599211005,0.3159734375,0.05275
none@closure1M_L64_st128_k4_s2014.summary.json,none@closure1M,64,128,4,2014,1000,16,0.0625,0.0625,0.09597090853158863,0.29031640625,0.0989
none@closure1M_L64_st128_k4_s2014.summary.json,none@closure1M,64,128,4,2014,1500,16,0.25,0.1875,0.18402176299734002,0.24626171875,0.2603
none@closure1M_L64_st128_k4_s2014.summary.json,none@closure1M,64,128,4,2014,2000,16,0.5,0.375,0.347103257385112,0.17604453125,0.5053
none@closure1M_L64_st128_k4_s2014.summary.json,none@closure1M,64,128,4,2014,3000,16,0.4375,0.3125,0.3126559490176224,0.11928671875,0.6579
none@closure1M_L64_st128_k4_s2014.summary.json,none@closure1M,64,128,4,2014,5000,16,0.375,0.3125,0.28790151611711345,0.06270078125,0.5253
none@closure1M_L64_st128_k4_s2014.summary.json,none@closure1M,64,128,4,2014,10000,16,0.25,0.1875,0.18846385702496438,0.078546875,0.26155
none@closure1M_L64_st128_k4_s2014.summary.json,none@closure1M,64,128,4,2014,15000,16,0.375,0.1875,0.26795918371152805,0.0803921875,0.25785
none@closure1M_L64_st128_k4_s2014.summary.json,none@closure1M,64,128,4,2014,20000,16,0.1875,0.1875,0.1286706485997891,0.08389453125,0.2581
none@closure1M_L64_st128_k4_s2014.summary.json,none@closure1M,64,128,4,2014,30000,16,0.25,0.0625,0.1647101113754067,0.081725,0.26905
none@closure1M_L64_st128_k4_s2014.summary.json,none@closure1M,64,128,4,2014,50000,16,0.25,0.25,0.19258876292467964,0.08018984375,0.2601
none@closure1M_L64_st128_k4_s2014.summary.json,none@closure1M,64,128,4,2014,75000,16,0.0625,0.0625,0.1464464327663692,0.07867734375,0.24765
none@closure1M_L64_st128_k4_s2014.summary.json,none@closure1M,64,128,4,2014,100000,16,0.3125,0.1875,0.23614448824724782,0.080584375,0.2514
none@closure1M_L64_st128_k4_s2014.summary.json,none@closure1M,64,128,4,2014,150000,16,0.1875,0.1875,0.18818664819753383,0.0781734375,0.25205
none@closure1M_L64_st128_k4_s2014.summary.json,none@closure1M,64,128,4,2014,200000,16,0.1875,0.1875,0.18094153440779226,0.07974609375,0.2558
none@closure1M_L64_st128_k4_s2014.summary.json,none@closure1M,64,128,4,2014,300000,16,0.125,0.125,0.1197290663487709,0.08295078125,0.2651
none@closure1M_L64_st128_k4_s2014.summary.json,none@closure1M,64,128,4,2014,500000,16,0.125,0.125,0.13777962225033225,0.080128125,0.2628
none@closure1M_L64_st128_k4_s2014.summary.json,none@closure1M,64,128,4,2014,750000,16,0.125,0.0625,0.10157704780605958,0.07976484375,0.26075
none@closure1M_L64_st128_k4_s2014.summary.json,none@closure1M,64,128,4,2014,1000000,16,0.125,0.0625,0.11193501327732515,0.07940859375,0.25815
none@closure1M_L64_st128_k4_s2015.summary.json,none@closure1M,64,128,4,2015,50,16,0.0,0.0,0.044471510367237274,0.25215546875,0.01085
none@closure1M_L64_st128_k4_s2015.summary.json,none@closure1M,64,128,4,2015,100,16,0.0,0.0,0.03982676079793697,0.28854140625,0.01375
none@closure1M_L64_st128_k4_s2015.summary.json,none@closure1M,64,128,4,2015,150,16,0.0,0.0,0.053569888462615706,0.304640625,0.015
none@closure1M_L64_st128_k4_s2015.summary.json,none@closure1M,64,128,4,2015,200,16,0.0,0.0,0.062205134048661084,0.313425,0.00995
none@closure1M_L64_st128_k4_s2015.summary.json,none@closure1M,64,128,4,2015,300,16,0.0,0.0,0.0214515929326854,0.32380625,0.01855
none@closure1M_L64_st128_k4_s2015.summary.json,none@closure1M,64,128,4,2015,500,16,0.0625,0.0,0.06523220559886325,0.32709609375,0.01185
none@closure1M_L64_st128_k4_s2015.summary.json,none@closure1M,64,128,4,2015,750,16,0.0,0.0,0.051398096906480714,0.329546875,0.0129
none@closure1M_L64_st128_k4_s2015.summary.json,none@closure1M,64,128,4,2015,1000,16,0.0,0.0,0.046092554431680345,0.3263484375,0.0171
none@closure1M_L64_st128_k4_s2015.summary.json,none@closure1M,64,128,4,2015,1500,16,0.0,0.0,0.04515389881468808,0.30715,0.0185
none@closure1M_L64_st128_k4_s2015.summary.json,none@closure1M,64,128,4,2015,2000,16,0.0625,0.0625,0.0750772447489918,0.29104375,0.0527
none@closure1M_L64_st128_k4_s2015.summary.json,none@closure1M,64,128,4,2015,3000,16,0.3125,0.3125,0.2292838148403793,0.20591640625,0.23155
none@closure1M_L64_st128_k4_s2015.summary.json,none@closure1M,64,128,4,2015,5000,16,0.5625,0.375,0.32815751191682824,0.097328125,0.18375
none@closure1M_L64_st128_k4_s2015.summary.json,none@closure1M,64,128,4,2015,10000,16,0.1875,0.1875,0.15376800739222718,0.0833421875,0.1895
none@closure1M_L64_st128_k4_s2015.summary.json,none@closure1M,64,128,4,2015,15000,16,0.1875,0.125,0.15420651030272495,0.0791890625,0.21045
none@closure1M_L64_st128_k4_s2015.summary.json,none@closure1M,64,128,4,2015,20000,16,0.1875,0.125,0.13329869033749306,0.08410546875,0.235
none@closure1M_L64_st128_k4_s2015.summary.json,none@closure1M,64,128,4,2015,30000,16,0.3125,0.3125,0.2222305196282562,0.07961953125,0.2702
none@closure1M_L64_st128_k4_s2015.summary.json,none@closure1M,64,128,4,2015,50000,16,0.25,0.1875,0.19177401457176865,0.0675859375,0.30645
none@closure1M_L64_st128_k4_s2015.summary.json,none@closure1M,64,128,4,2015,75000,16,0.125,0.125,0.15904728660831013,0.0679171875,0.3112
none@closure1M_L64_st128_k4_s2015.summary.json,none@closure1M,64,128,4,2015,100000,16,0.25,0.125,0.17869592142626634,0.06638125,0.3016
none@closure1M_L64_st128_k4_s2015.summary.json,none@closure1M,64,128,4,2015,150000,16,0.1875,0.0625,0.14356124965153508,0.07188046875,0.30235
none@closure1M_L64_st128_k4_s2015.summary.json,none@closure1M,64,128,4,2015,200000,16,0.1875,0.0625,0.17532536687880812,0.068809375,0.3147
none@closure1M_L64_st128_k4_s2015.summary.json,none@closure1M,64,128,4,2015,300000,16,0.375,0.1875,0.22167941212376935,0.0631765625,0.32395
none@closure1M_L64_st128_k4_s2015.summary.json,none@closure1M,64,128,4,2015,500000,16,0.375,0.25,0.24013983575276687,0.0690953125,0.30205
none@closure1M_L64_st128_k4_s2015.summary.json,none@closure1M,64,128,4,2015,750000,16,0.3125,0.25,0.20938087419766996,0.0690203125,0.30285
none@closure1M_L64_st128_k4_s2015.summary.json,none@closure1M,64,128,4,2015,1000000,16,0.9375,0.9375,0.937312487999232,0.02008984375,0.0975
none@closure1M_L64_st128_k4_s2016.summary.json,none@closure1M,64,128,4,2016,50,16,0.0,0.0,0.01776921632820566,0.252409375,0.00955
none@closure1M_L64_st128_k4_s2016.summary.json,none@closure1M,64,128,4,2016,100,16,0.0,0.0,0.02307740016057749,0.28801796875,0.0112
none@closure1M_L64_st128_k4_s2016.summary.json,none@closure1M,64,128,4,2016,150,16,0.0,0.0,0.042245671038520234,0.302375,0.0119
none@closure1M_L64_st128_k4_s2016.summary.json,none@closure1M,64,128,4,2016,200,16,0.0,0.0,0.046054348656592706,0.31253828125,0.01335
none@closure1M_L64_st128_k4_s2016.summary.json,none@closure1M,64,128,4,2016,300,16,0.0,0.0,0.0387120651233974,0.3208296875,0.01335
none@closure1M_L64_st128_k4_s2016.summary.json,none@closure1M,64,128,4,2016,500,16,0.0,0.0,0.02642161470260326,0.32156484375,0.0251
none@closure1M_L64_st128_k4_s2016.summary.json,none@closure1M,64,128,4,2016,750,16,0.0,0.0,0.06316374796142692,0.311484375,0.05785
none@closure1M_L64_st128_k4_s2016.summary.json,none@closure1M,64,128,4,2016,1000,16,0.0625,0.0625,0.08026496682468005,0.29605703125,0.10595
none@closure1M_L64_st128_k4_s2016.summary.json,none@closure1M,64,128,4,2016,1500,16,0.3125,0.1875,0.18583684253333194,0.2283828125,0.28135
none@closure1M_L64_st128_k4_s2016.summary.json,none@closure1M,64,128,4,2016,2000,16,0.25,0.1875,0.20816321383912834,0.17500703125,0.3483
none@closure1M_L64_st128_k4_s2016.summary.json,none@closure1M,64,128,4,2016,3000,16,0.1875,0.125,0.19144591888102147,0.1054,0.2812
none@closure1M_L64_st128_k4_s2016.summary.json,none@closure1M,64,128,4,2016,5000,16,0.1875,0.1875,0.2003737023493274,0.090778125,0.1918
none@closure1M_L64_st128_k4_s2016.summary.json,none@closure1M,64,128,4,2016,10000,16,0.375,0.3125,0.31532823669362375,0.09890546875,0.15975
none@closure1M_L64_st128_k4_s2016.summary.json,none@closure1M,64,128,4,2016,15000,16,0.5,0.375,0.326510526028174,0.090978125,0.14285
none@closure1M_L64_st128_k4_s2016.summary.json,none@closure1M,64,128,4,2016,20000,16,0.3125,0.1875,0.20997596894356976,0.08204375,0.1826
none@closure1M_L64_st128_k4_s2016.summary.json,none@closure1M,64,128,4,2016,30000,16,0.25,0.0625,0.228326500959586,0.07578515625,0.2389
none@closure1M_L64_st128_k4_s2016.summary.json,none@closure1M,64,128,4,2016,50000,16,0.5,0.375,0.33038803315379395,0.06084921875,0.29425
none@closure1M_L64_st128_k4_s2016.summary.json,none@closure1M,64,128,4,2016,75000,16,0.1875,0.125,0.14331717235025992,0.05913671875,0.29255
none@closure1M_L64_st128_k4_s2016.summary.json,none@closure1M,64,128,4,2016,100000,16,0.125,0.125,0.11595501830354847,0.06123671875,0.3129
none@closure1M_L64_st128_k4_s2016.summary.json,none@closure1M,64,128,4,2016,150000,16,0.125,0.0,0.09495312336260012,0.06310703125,0.3001
none@closure1M_L64_st128_k4_s2016.summary.json,none@closure1M,64,128,4,2016,200000,16,0.3125,0.125,0.20730381431911643,0.06119765625,0.2969
none@closure1M_L64_st128_k4_s2016.summary.json,none@closure1M,64,128,4,2016,300000,16,0.9375,0.9375,0.9344467405545103,0.0160046875,0.00715
none@closure1M_L64_st128_k4_s2016.summary.json,none@closure1M,64,128,4,2016,500000,16,1.0,1.0,0.9980043566538259,0.0527015625,0.01225
none@closure1M_L64_st128_k4_s2016.summary.json,none@closure1M,64,128,4,2016,750000,16,1.0,1.0,0.9979958389468073,0.0565921875,0.0054
none@closure1M_L64_st128_k4_s2016.summary.json,none@closure1M,64,128,4,2016,1000000,16,1.0,1.0,0.9989984195054057,0.0595828125,0.00845
none@closure1M_L64_st128_k4_s2017.summary.json,none@closure1M,64,128,4,2017,50,16,0.0,0.0,0.045749668193928346,0.2515765625,0.0104
none@closure1M_L64_st128_k4_s2017.summary.json,none@closure1M,64,128,4,2017,100,16,0.0,0.0,0.04993974952511714,0.28943828125,0.0145
none@closure1M_L64_st128_k4_s2017.summary.json,none@closure1M,64,128,4,2017,150,16,0.0,0.0,0.058608749423077824,0.3067765625,0.01565
none@closure1M_L64_st128_k4_s2017.summary.json,none@closure1M,64,128,4,2017,200,16,0.0,0.0,0.018954625544805356,0.31640625,0.0165
none@closure1M_L64_st128_k4_s2017.summary.json,none@closure1M,64,128,4,2017,300,16,0.0,0.0,0.025019030418766474,0.32343125,0.0187
none@closure1M_L64_st128_k4_s2017.summary.json,none@closure1M,64,128,4,2017,500,16,0.0,0.0,0.06405437919338312,0.32748828125,0.00415
none@closure1M_L64_st128_k4_s2017.summary.json,none@closure1M,64,128,4,2017,750,16,0.0,0.0,0.04833674852116765,0.322609375,0.01525
none@closure1M_L64_st128_k4_s2017.summary.json,none@closure1M,64,128,4,2017,1000,16,0.0,0.0,0.06707577937651944,0.3110109375,0.03415
none@closure1M_L64_st128_k4_s2017.summary.json,none@closure1M,64,128,4,2017,1500,16,0.25,0.125,0.18644074547615308,0.27648359375,0.10605
none@closure1M_L64_st128_k4_s2017.summary.json,none@closure1M,64,128,4,2017,2000,16,0.5,0.25,0.305148665785102,0.2133,0.2053
none@closure1M_L64_st128_k4_s2017.summary.json,none@closure1M,64,128,4,2017,3000,16,0.875,0.75,0.46705249586793224,0.12406328125,0.3193
none@closure1M_L64_st128_k4_s2017.summary.json,none@closure1M,64,128,4,2017,5000,16,0.4375,0.375,0.33613408046024784,0.07908671875,0.2594
none@closure1M_L64_st128_k4_s2017.summary.json,none@closure1M,64,128,4,2017,10000,16,0.3125,0.0625,0.16620576826548045,0.08709609375,0.14985
none@closure1M_L64_st128_k4_s2017.summary.json,none@closure1M,64,128,4,2017,15000,16,0.25,0.1875,0.18403519792479833,0.0833984375,0.20785
none@closure1M_L64_st128_k4_s2017.summary.json,none@closure1M,64,128,4,2017,20000,16,0.4375,0.3125,0.30748359518984625,0.07744765625,0.23085
none@closure1M_L64_st128_k4_s2017.summary.json,none@closure1M,64,128,4,2017,30000,16,0.125,0.0625,0.13582063442634099,0.0694921875,0.2555
none@closure1M_L64_st128_k4_s2017.summary.json,none@closure1M,64,128,4,2017,50000,16,0.125,0.125,0.1580825581136373,0.06351328125,0.29645
none@closure1M_L64_st128_k4_s2017.summary.json,none@closure1M,64,128,4,2017,75000,16,0.125,0.125,0.13379513870854948,0.0621671875,0.2883
none@closure1M_L64_st128_k4_s2017.summary.json,none@closure1M,64,128,4,2017,100000,16,0.125,0.0625,0.178633279865977,0.060765625,0.29485
none@closure1M_L64_st128_k4_s2017.summary.json,none@closure1M,64,128,4,2017,150000,16,0.25,0.125,0.1954959973995713,0.06060078125,0.3061
none@closure1M_L64_st128_k4_s2017.summary.json,none@closure1M,64,128,4,2017,200000,16,0.5625,0.5,0.4170178610181051,0.05978046875,0.29435
none@closure1M_L64_st128_k4_s2017.summary.json,none@closure1M,64,128,4,2017,300000,16,0.125,0.125,0.1680707303996964,0.062809375,0.29645
none@closure1M_L64_st128_k4_s2017.summary.json,none@closure1M,64,128,4,2017,500000,16,0.4375,0.375,0.26591670289029645,0.061134375,0.30095
none@closure1M_L64_st128_k4_s2017.summary.json,none@closure1M,64,128,4,2017,750000,16,0.25,0.25,0.2118868074257572,0.06002734375,0.30165
none@closure1M_L64_st128_k4_s2017.summary.json,none@closure1M,64,128,4,2017,1000000,16,0.0,0.0,0.03847904190204795,0.06123671875,0.3037
none@closure1M_L64_st128_k4_s2018.summary.json,none@closure1M,64,128,4,2018,50,16,0.0,0.0,0.02390992680293834,0.2508390625,0.0115
none@closure1M_L64_st128_k4_s2018.summary.json,none@closure1M,64,128,4,2018,100,16,0.0,0.0,0.03681882643562959,0.29059765625,0.0147
none@closure1M_L64_st128_k4_s2018.summary.json,none@closure1M,64,128,4,2018,150,16,0.0,0.0,0.05941511870489219,0.30580703125,0.01075
none@closure1M_L64_st128_k4_s2018.summary.json,none@closure1M,64,128,4,2018,200,16,0.0625,0.0,0.08223952244828915,0.31580546875,0.01765
none@closure1M_L64_st128_k4_s2018.summary.json,none@closure1M,64,128,4,2018,300,16,0.0,0.0,0.055581487543071614,0.32269921875,0.01285
none@closure1M_L64_st128_k4_s2018.summary.json,none@closure1M,64,128,4,2018,500,16,0.0,0.0,0.04336868020618893,0.31415625,0.02615
none@closure1M_L64_st128_k4_s2018.summary.json,none@closure1M,64,128,4,2018,750,16,0.0625,0.0625,0.07004189989470802,0.293746875,0.07015
none@closure1M_L64_st128_k4_s2018.summary.json,none@closure1M,64,128,4,2018,1000,16,0.375,0.1875,0.25194259666225194,0.25410078125,0.1444
none@closure1M_L64_st128_k4_s2018.summary.json,none@closure1M,64,128,4,2018,1500,16,0.4375,0.3125,0.3028492512557689,0.189515625,0.3072
none@closure1M_L64_st128_k4_s2018.summary.json,none@closure1M,64,128,4,2018,2000,16,0.625,0.4375,0.3721703311450457,0.1471421875,0.40975
none@closure1M_L64_st128_k4_s2018.summary.json,none@closure1M,64,128,4,2018,3000,16,0.6875,0.4375,0.4270569320534875,0.1143078125,0.31495
none@closure1M_L64_st128_k4_s2018.summary.json,none@closure1M,64,128,4,2018,5000,16,0.25,0.25,0.20323609317553704,0.09404375,0.17325
none@closure1M_L64_st128_k4_s2018.summary.json,none@closure1M,64,128,4,2018,10000,16,0.375,0.25,0.2518673871869603,0.09143515625,0.1362
none@closure1M_L64_st128_k4_s2018.summary.json,none@closure1M,64,128,4,2018,15000,16,0.25,0.125,0.17402269969663303,0.088678125,0.18845
none@closure1M_L64_st128_k4_s2018.summary.json,none@closure1M,64,128,4,2018,20000,16,0.25,0.25,0.20875527299115998,0.0841328125,0.24105
none@closure1M_L64_st128_k4_s2018.summary.json,none@closure1M,64,128,4,2018,30000,16,0.3125,0.1875,0.19678849789624242,0.072346875,0.2916
none@closure1M_L64_st128_k4_s2018.summary.json,none@closure1M,64,128,4,2018,50000,16,0.375,0.25,0.22203050283127954,0.06927578125,0.3086
none@closure1M_L64_st128_k4_s2018.summary.json,none@closure1M,64,128,4,2018,75000,16,0.1875,0.125,0.19846361970444798,0.070096875,0.3119
none@closure1M_L64_st128_k4_s2018.summary.json,none@closure1M,64,128,4,2018,100000,16,0.0625,0.0625,0.09220792000565085,0.0682234375,0.3087
none@closure1M_L64_st128_k4_s2018.summary.json,none@closure1M,64,128,4,2018,150000,16,0.25,0.1875,0.1647451253044407,0.07114765625,0.3043
none@closure1M_L64_st128_k4_s2018.summary.json,none@closure1M,64,128,4,2018,200000,16,0.25,0.125,0.15975594313036034,0.06738515625,0.3142
none@closure1M_L64_st128_k4_s2018.summary.json,none@closure1M,64,128,4,2018,300000,16,0.1875,0.125,0.13232788368742485,0.06772734375,0.30835
none@closure1M_L64_st128_k4_s2018.summary.json,none@closure1M,64,128,4,2018,500000,16,0.375,0.125,0.22442588579767467,0.07231640625,0.31155
none@closure1M_L64_st128_k4_s2018.summary.json,none@closure1M,64,128,4,2018,750000,16,0.1875,0.1875,0.1927919450907792,0.07140390625,0.29865
none@closure1M_L64_st128_k4_s2018.summary.json,none@closure1M,64,128,4,2018,1000000,16,0.3125,0.25,0.23416678226832746,0.066846875,0.31605
none@closure1M_L64_st128_k4_s2019.summary.json,none@closure1M,64,128,4,2019,50,16,0.0,0.0,0.03151070853985474,0.25391953125,0.00985
none@closure1M_L64_st128_k4_s2019.summary.json,none@closure1M,64,128,4,2019,100,16,0.0,0.0,0.0715033214994612,0.289721875,0.012
none@closure1M_L64_st128_k4_s2019.summary.json,none@closure1M,64,128,4,2019,150,16,0.0,0.0,0.061793833391402625,0.30555234375,0.01265
none@closure1M_L64_st128_k4_s2019.summary.json,none@closure1M,64,128,4,2019,200,16,0.0,0.0,0.06051623830564501,0.31272734375,0.01285
none@closure1M_L64_st128_k4_s2019.summary.json,none@closure1M,64,128,4,2019,300,16,0.0,0.0,0.040349387791146496,0.321075,0.01265
none@closure1M_L64_st128_k4_s2019.summary.json,none@closure1M,64,128,4,2019,500,16,0.0625,0.0,0.053427089108293094,0.3205140625,0.03795
none@closure1M_L64_st128_k4_s2019.summary.json,none@closure1M,64,128,4,2019,750,16,0.125,0.0625,0.11544887689410482,0.306615625,0.08235
none@closure1M_L64_st128_k4_s2019.summary.json,none@closure1M,64,128,4,2019,1000,16,0.25,0.25,0.18116574266080898,0.2863390625,0.15995
none@closure1M_L64_st128_k4_s2019.summary.json,none@closure1M,64,128,4,2019,1500,16,0.4375,0.375,0.297867382928491,0.213359375,0.38505
none@closure1M_L64_st128_k4_s2019.summary.json,none@closure1M,64,128,4,2019,2000,16,0.5625,0.25,0.3116556515969481,0.1481453125,0.5918
none@closure1M_L64_st128_k4_s2019.summary.json,none@closure1M,64,128,4,2019,3000,16,0.625,0.4375,0.44855139478926653,0.1165609375,0.71165
none@closure1M_L64_st128_k4_s2019.summary.json,none@closure1M,64,128,4,2019,5000,16,0.375,0.25,0.2968819955809139,0.0598546875,0.5565
none@closure1M_L64_st128_k4_s2019.summary.json,none@closure1M,64,128,4,2019,10000,16,0.1875,0.125,0.1415993221926859,0.0764578125,0.2961
none@closure1M_L64_st128_k4_s2019.summary.json,none@closure1M,64,128,4,2019,15000,16,0.125,0.125,0.08273263889503682,0.07996796875,0.2624
none@closure1M_L64_st128_k4_s2019.summary.json,none@closure1M,64,128,4,2019,20000,16,0.3125,0.3125,0.21157449389260913,0.08235625,0.2458
none@closure1M_L64_st128_k4_s2019.summary.json,none@closure1M,64,128,4,2019,30000,16,0.3125,0.125,0.18806714198356236,0.0800140625,0.26415
none@closure1M_L64_st128_k4_s2019.summary.json,none@closure1M,64,128,4,2019,50000,16,0.1875,0.0,0.11778228319932149,0.07969921875,0.26355
none@closure1M_L64_st128_k4_s2019.summary.json,none@closure1M,64,128,4,2019,75000,16,0.375,0.3125,0.22225294370683987,0.08227734375,0.24865
none@closure1M_L64_st128_k4_s2019.summary.json,none@closure1M,64,128,4,2019,100000,16,0.3125,0.3125,0.20471871752046228,0.0866734375,0.26295
none@closure1M_L64_st128_k4_s2019.summary.json,none@closure1M,64,128,4,2019,150000,16,0.25,0.0625,0.1378580204030599,0.08424921875,0.25455
none@closure1M_L64_st128_k4_s2019.summary.json,none@closure1M,64,128,4,2019,200000,16,0.3125,0.0625,0.16544588131304339,0.07870078125,0.25505
none@closure1M_L64_st128_k4_s2019.summary.json,none@closure1M,64,128,4,2019,300000,16,0.125,0.0625,0.12729753741124678,0.08379375,0.2629
none@closure1M_L64_st128_k4_s2019.summary.json,none@closure1M,64,128,4,2019,500000,16,0.0,0.0,0.08228136001318838,0.07974765625,0.2614
none@closure1M_L64_st128_k4_s2019.summary.json,none@closure1M,64,128,4,2019,750000,16,0.125,0.0,0.11598904163882881,0.085553125,0.2553
none@closure1M_L64_st128_k4_s2019.summary.json,none@closure1M,64,128,4,2019,1000000,16,0.125,0.0625,0.09667164354256377,0.08343984375,0.25325
none@closure1M_L64_st128_k4_s2020.summary.json,none@closure1M,64,128,4,2020,50,16,0.0,0.0,0.04321071048159642,0.2478921875,0.01095
none@closure1M_L64_st128_k4_s2020.summary.json,none@closure1M,64,128,4,2020,100,16,0.0,0.0,0.030164210786129655,0.285615625,0.01135
none@closure1M_L64_st128_k4_s2020.summary.json,none@closure1M,64,128,4,2020,150,16,0.0,0.0,0.030513891772270145,0.3015109375,0.008
none@closure1M_L64_st128_k4_s2020.summary.json,none@closure1M,64,128,4,2020,200,16,0.0,0.0,0.05418057759794988,0.3138,0.0152
none@closure1M_L64_st128_k4_s2020.summary.json,none@closure1M,64,128,4,2020,300,16,0.0,0.0,0.032083373776495464,0.32499375,0.0158
none@closure1M_L64_st128_k4_s2020.summary.json,none@closure1M,64,128,4,2020,500,16,0.0,0.0,0.05032493467901618,0.32875390625,0.0107
none@closure1M_L64_st128_k4_s2020.summary.json,none@closure1M,64,128,4,2020,750,16,0.0625,0.0,0.08359645816512584,0.321334375,0.02605
none@closure1M_L64_st128_k4_s2020.summary.json,none@closure1M,64,128,4,2020,1000,16,0.0,0.0,0.05353609905624124,0.30568671875,0.0555
none@closure1M_L64_st128_k4_s2020.summary.json,none@closure1M,64,128,4,2020,1500,16,0.1875,0.1875,0.18535862524709779,0.25827890625,0.16105
none@closure1M_L64_st128_k4_s2020.summary.json,none@closure1M,64,128,4,2020,2000,16,0.3125,0.125,0.1867218225839405,0.20784609375,0.33
none@closure1M_L64_st128_k4_s2020.summary.json,none@closure1M,64,128,4,2020,3000,16,0.4375,0.4375,0.3399808602607124,0.144065625,0.564
none@closure1M_L64_st128_k4_s2020.summary.json,none@closure1M,64,128,4,2020,5000,16,0.1875,0.0625,0.20816691704744514,0.1087234375,0.4479
none@closure1M_L64_st128_k4_s2020.summary.json,none@closure1M,64,128,4,2020,10000,16,0.25,0.25,0.21732349681855045,0.08954921875,0.23365
none@closure1M_L64_st128_k4_s2020.summary.json,none@closure1M,64,128,4,2020,15000,16,0.1875,0.0625,0.1432310315913497,0.09861484375,0.19795
none@closure1M_L64_st128_k4_s2020.summary.json,none@closure1M,64,128,4,2020,20000,16,0.25,0.125,0.18175216405448308,0.09904140625,0.1186
none@closure1M_L64_st128_k4_s2020.summary.json,none@closure1M,64,128,4,2020,30000,16,0.0625,0.0625,0.14905482229551215,0.1006703125,0.21765
none@closure1M_L64_st128_k4_s2020.summary.json,none@closure1M,64,128,4,2020,50000,16,0.1875,0.1875,0.20161147664884982,0.07382578125,0.29815
none@closure1M_L64_st128_k4_s2020.summary.json,none@closure1M,64,128,4,2020,75000,16,0.3125,0.3125,0.23071112237658623,0.06895234375,0.29755
none@closure1M_L64_st128_k4_s2020.summary.json,none@closure1M,64,128,4,2020,100000,16,0.1875,0.0,0.13995530345089627,0.0692234375,0.31165
none@closure1M_L64_st128_k4_s2020.summary.json,none@closure1M,64,128,4,2020,150000,16,0.1875,0.1875,0.18020057535731468,0.06936875,0.30255
none@closure1M_L64_st128_k4_s2020.summary.json,none@closure1M,64,128,4,2020,200000,16,0.0625,0.0625,0.12453767917171288,0.066928125,0.31355
none@closure1M_L64_st128_k4_s2020.summary.json,none@closure1M,64,128,4,2020,300000,16,0.25,0.25,0.1646134727622568,0.06647421875,0.3071
none@closure1M_L64_st128_k4_s2020.summary.json,none@closure1M,64,128,4,2020,500000,16,0.125,0.125,0.10942767524621576,0.07192578125,0.3026
none@closure1M_L64_st128_k4_s2020.summary.json,none@closure1M,64,128,4,2020,750000,16,0.1875,0.0625,0.15925226822098582,0.06722109375,0.3143
none@closure1M_L64_st128_k4_s2020.summary.json,none@closure1M,64,128,4,2020,1000000,16,0.1875,0.1875,0.17223446050547236,0.0680546875,0.30985
none@closure_L16_st128_k4_s2001.summary.json,none@closure,16,128,4,2001,50,16,0.0,0.0,0.07457914806547619,0.336975,0.08035
none@closure_L16_st128_k4_s2001.summary.json,none@closure,16,128,4,2001,100,16,0.0,0.0,0.10377255394345236,0.356928125,0.0921
none@closure_L16_st128_k4_s2001.summary.json,none@closure,16,128,4,2001,150,16,0.0,0.0,0.04852701822916667,0.36625625,0.0884
none@closure_L16_st128_k4_s2001.summary.json,none@closure,16,128,4,2001,200,16,0.0,0.0,0.057698299421932234,0.370075,0.0867
none@closure_L16_st128_k4_s2001.summary.json,none@closure,16,128,4,2001,300,16,0.0,0.0,0.05281343005952381,0.37609375,0.0851
none@closure_L16_st128_k4_s2001.summary.json,none@closure,16,128,4,2001,500,16,0.0,0.0,0.0681698753720238,0.376646875,0.08055
none@closure_L16_st128_k4_s2001.summary.json,none@closure,16,128,4,2001,750,16,0.0,0.0,0.09919433593749999,0.37304375,0.01455
none@closure_L16_st128_k4_s2001.summary.json,none@closure,16,128,4,2001,1000,16,0.0,0.0,0.07582891555059523,0.3467375,0.03515
none@closure_L16_st128_k4_s2001.summary.json,none@closure,16,128,4,2001,1500,16,0.0625,0.0625,0.1020112537202381,0.286815625,0.077
none@closure_L16_st128_k4_s2001.summary.json,none@closure,16,128,4,2001,2000,16,0.0625,0.0625,0.09992094494047618,0.184790625,0.1214
none@closure_L16_st128_k4_s2001.summary.json,none@closure,16,128,4,2001,3000,16,0.125,0.125,0.10203450520833332,0.16215625,0.1379
none@closure_L16_st128_k4_s2001.summary.json,none@closure,16,128,4,2001,5000,16,0.125,0.125,0.09711681547619047,0.17323125,0.1278
none@closure_L16_st128_k4_s2001.summary.json,none@closure,16,128,4,2001,7500,16,0.0,0.0,0.042490663633241756,0.174128125,0.1329
none@closure_L16_st128_k4_s2001.summary.json,none@closure,16,128,4,2001,10000,16,0.125,0.125,0.10478515625000001,0.158534375,0.1581
none@closure_L16_st128_k4_s2001.summary.json,none@closure,16,128,4,2001,15000,16,0.125,0.125,0.12073916480654762,0.16361875,0.1564
none@closure_L16_st128_k4_s2001.summary.json,none@closure,16,128,4,2001,20000,16,0.0625,0.0625,0.07053571428571428,0.15749375,0.1307
none@closure_L16_st128_k4_s2001.summary.json,none@closure,16,128,4,2001,30000,16,0.3125,0.3125,0.22765299479166665,0.13821875,0.115
none@closure_L16_st128_k4_s2001.summary.json,none@closure,16,128,4,2001,50000,16,0.125,0.0625,0.1052827380952381,0.14035,0.09535
none@closure_L16_st128_k4_s2001.summary.json,none@closure,16,128,4,2001,75000,16,1.0,1.0,1.0,0.0045375,0.855
none@closure_L16_st128_k4_s2001.summary.json,none@closure,16,128,4,2001,100000,16,0.8125,0.8125,0.8123279389880953,0.004203125,0.8735
none@closure_L16_st128_k4_s2001.summary.json,none@closure,16,128,4,2001,150000,16,0.6875,0.6875,0.6922351655505952,0.00359375,0.86055
none@closure_L16_st128_k4_s2001.summary.json,none@closure,16,128,4,2001,200000,16,0.8125,0.8125,0.8235758463541667,0.004490625,0.87875
none@closure_L16_st128_k4_s2001.summary.json,none@closure,16,128,4,2001,300000,16,0.9375,0.9375,0.9383138020833333,0.004553125,0.88545
none@closure_L16_st128_k4_s2002.summary.json,none@closure,16,128,4,2002,50,16,0.0,0.0,0.07906087239583333,0.3339625,0.08425
none@closure_L16_st128_k4_s2002.summary.json,none@closure,16,128,4,2002,100,16,0.0,0.0,0.05756022135416666,0.353771875,0.0933
none@closure_L16_st128_k4_s2002.summary.json,none@closure,16,128,4,2002,150,16,0.0,0.0,0.07616954985119048,0.36224375,0.0929
none@closure_L16_st128_k4_s2002.summary.json,none@closure,16,128,4,2002,200,16,0.0,0.0,0.07246093749999999,0.367615625,0.0878
none@closure_L16_st128_k4_s2002.summary.json,none@closure,16,128,4,2002,300,16,0.0,0.0,0.11075265066964285,0.374696875,0.0832
none@closure_L16_st128_k4_s2002.summary.json,none@closure,16,128,4,2002,500,16,0.0,0.0,0.10321773766597986,0.368365625,0.02105
none@closure_L16_st128_k4_s2002.summary.json,none@closure,16,128,4,2002,750,16,0.0,0.0,0.10852345896291207,0.351315625,0.03065
none@closure_L16_st128_k4_s2002.summary.json,none@closure,16,128,4,2002,1000,16,0.125,0.125,0.15250418526785714,0.318453125,0.05465
none@closure_L16_st128_k4_s2002.summary.json,none@closure,16,128,4,2002,1500,16,0.0625,0.0625,0.14333031063988094,0.2463625,0.11565
none@closure_L16_st128_k4_s2002.summary.json,none@closure,16,128,4,2002,2000,16,0.1875,0.1875,0.13948451450892857,0.168734375,0.15235
none@closure_L16_st128_k4_s2002.summary.json,none@closure,16,128,4,2002,3000,16,0.1875,0.1875,0.15336681547619047,0.17454375,0.1186
none@closure_L16_st128_k4_s2002.summary.json,none@closure,16,128,4,2002,5000,16,0.0625,0.0625,0.0820033482142857,0.16123125,0.1506
none@closure_L16_st128_k4_s2002.summary.json,none@closure,16,128,4,2002,7500,16,0.0625,0.0,0.050337146577380955,0.148646875,0.15835
none@closure_L16_st128_k4_s2002.summary.json,none@closure,16,128,4,2002,10000,16,0.125,0.125,0.08830476977449633,0.173134375,0.1408
none@closure_L16_st128_k4_s2002.summary.json,none@closure,16,128,4,2002,15000,16,0.25,0.25,0.15735560825892855,0.15049375,0.1046
none@closure_L16_st128_k4_s2002.summary.json,none@closure,16,128,4,2002,20000,16,0.1875,0.1875,0.12072637648809523,0.155665625,0.0885
none@closure_L16_st128_k4_s2002.summary.json,none@closure,16,128,4,2002,30000,16,0.125,0.125,0.07982584635416667,0.132934375,0.0964
none@closure_L16_st128_k4_s2002.summary.json,none@closure,16,128,4,2002,50000,16,0.9375,0.9375,0.9389729817708333,0.040815625,0.08245
none@closure_L16_st128_k4_s2002.summary.json,none@closure,16,128,4,2002,75000,16,0.75,0.75,0.7532296316964286,0.01564375,0.00715
none@closure_L16_st128_k4_s2002.summary.json,none@closure,16,128,4,2002,100000,16,0.9375,0.9375,0.9390787760416667,0.02241875,0.01005
none@closure_L16_st128_k4_s2002.summary.json,none@closure,16,128,4,2002,150000,16,0.9375,0.9375,0.937109375,0.01496875,0.0064
none@closure_L16_st128_k4_s2002.summary.json,none@closure,16,128,4,2002,200000,16,0.875,0.875,0.8787272135416666,0.0187,0.00485
none@closure_L16_st128_k4_s2002.summary.json,none@closure,16,128,4,2002,300000,16,1.0,1.0,1.0,0.0193875,0.00435
none@closure_L16_st128_k4_s2003.summary.json,none@closure,16,128,4,2003,50,16,0.0,0.0,0.07692057291666665,0.331909375,0.0815
none@closure_L16_st128_k4_s2003.summary.json,none@closure,16,128,4,2003,100,16,0.0,0.0,0.07103910900297619,0.35646875,0.09225
none@closure_L16_st128_k4_s2003.summary.json,none@closure,16,128,4,2003,150,16,0.0,0.0,0.06981608072916666,0.36214375,0.0881
none@closure_L16_st128_k4_s2003.summary.json,none@closure,16,128,4,2003,200,16,0.0,0.0,0.058901832217261904,0.366759375,0.0859
none@closure_L16_st128_k4_s2003.summary.json,none@closure,16,128,4,2003,300,16,0.0,0.0,0.058022925967261905,0.368596875,0.08895
none@closure_L16_st128_k4_s2003.summary.json,none@closure,16,128,4,2003,500,16,0.0,0.0,0.06507393973214286,0.3477375,0.0448
none@closure_L16_st128_k4_s2003.summary.json,none@closure,16,128,4,2003,750,16,0.0625,0.0625,0.09352213541666667,0.284109375,0.10205
none@closure_L16_st128_k4_s2003.summary.json,none@closure,16,128,4,2003,1000,16,0.125,0.125,0.13826381138392857,0.209490625,0.1569
none@closure_L16_st128_k4_s2003.summary.json,none@closure,16,128,4,2003,1500,16,0.125,0.125,0.12354329427083334,0.1426,0.16745
none@closure_L16_st128_k4_s2003.summary.json,none@closure,16,128,4,2003,2000,16,0.1875,0.125,0.11927467877174908,0.16970625,0.14045
none@closure_L16_st128_k4_s2003.summary.json,none@closure,16,128,4,2003,3000,16,0.1875,0.1875,0.1497767857142857,0.14913125,0.1418
none@closure_L16_st128_k4_s2003.summary.json,none@closure,16,128,4,2003,5000,16,0.125,0.125,0.1700137183779762,0.162903125,0.15445
none@closure_L16_st128_k4_s2003.summary.json,none@closure,16,128,4,2003,7500,16,0.1875,0.1875,0.12527553013392856,0.159625,0.1467
none@closure_L16_st128_k4_s2003.summary.json,none@closure,16,128,4,2003,10000,16,0.0,0.0,0.0332914806547619,0.158203125,0.15735
none@closure_L16_st128_k4_s2003.summary.json,none@closure,16,128,4,2003,15000,16,0.0,0.0,0.027158900669642858,0.1492625,0.07675
none@closure_L16_st128_k4_s2003.summary.json,none@closure,16,128,4,2003,20000,16,0.1875,0.1875,0.1775820777529762,0.141190625,0.1009
none@closure_L16_st128_k4_s2003.summary.json,none@closure,16,128,4,2003,30000,16,0.8125,0.8125,0.8152994791666667,0.005178125,0.7835
none@closure_L16_st128_k4_s2003.summary.json,none@closure,16,128,4,2003,50000,16,0.9375,0.9375,0.9424967447916667,0.0051875,0.7991
none@closure_L16_st128_k4_s2003.summary.json,none@closure,16,128,4,2003,75000,16,0.875,0.875,0.8679780505952381,0.00401875,0.8789
none@closure_L16_st128_k4_s2003.summary.json,none@closure,16,128,4,2003,100000,16,0.8125,0.8125,0.8105096726190476,0.0037375,0.8853
none@closure_L16_st128_k4_s2003.summary.json,none@closure,16,128,4,2003,150000,16,0.875,0.875,0.8811197916666667,0.004603125,0.85635
none@closure_L16_st128_k4_s2003.summary.json,none@closure,16,128,4,2003,200000,16,0.8125,0.8125,0.8202799479166667,0.00426875,0.86785
none@closure_L16_st128_k4_s2003.summary.json,none@closure,16,128,4,2003,300000,16,1.0,1.0,0.99208984375,0.005546875,0.85735
none@closure_L16_st128_k4_s2004.summary.json,none@closure,16,128,4,2004,50,16,0.0,0.0,0.060160900297619044,0.33854375,0.0896
none@closure_L16_st128_k4_s2004.summary.json,none@closure,16,128,4,2004,100,16,0.0,0.0,0.10879720052083333,0.35888125,0.09715
none@closure_L16_st128_k4_s2004.summary.json,none@closure,16,128,4,2004,150,16,0.0625,0.0625,0.13900553385416667,0.3637625,0.09515
none@closure_L16_st128_k4_s2004.summary.json,none@closure,16,128,4,2004,200,16,0.0625,0.0625,0.1078915550595238,0.363765625,0.01225
none@closure_L16_st128_k4_s2004.summary.json,none@closure,16,128,4,2004,300,16,0.0625,0.0625,0.11924060639880951,0.359684375,0.0247
none@closure_L16_st128_k4_s2004.summary.json,none@closure,16,128,4,2004,500,16,0.125,0.125,0.1392915271577381,0.330603125,0.0625
none@closure_L16_st128_k4_s2004.summary.json,none@closure,16,128,4,2004,750,16,0.0,0.0,0.09035063244047618,0.29706875,0.0728
none@closure_L16_st128_k4_s2004.summary.json,none@closure,16,128,4,2004,1000,16,0.1875,0.1875,0.15148111979166667,0.260471875,0.10305
none@closure_L16_st128_k4_s2004.summary.json,none@closure,16,128,4,2004,1500,16,0.125,0.125,0.11105608258928572,0.161546875,0.14675
none@closure_L16_st128_k4_s2004.summary.json,none@closure,16,128,4,2004,2000,16,0.125,0.0625,0.07926781063988095,0.16409375,0.1509
none@closure_L16_st128_k4_s2004.summary.json,none@closure,16,128,4,2004,3000,16,0.0625,0.0625,0.08074955643315018,0.14934375,0.15105
none@closure_L16_st128_k4_s2004.summary.json,none@closure,16,128,4,2004,5000,16,0.25,0.25,0.19009486607142861,0.147271875,0.1676
none@closure_L16_st128_k4_s2004.summary.json,none@closure,16,128,4,2004,7500,16,0.5,0.4375,0.4299049014136904,0.06503125,0.39745
none@closure_L16_st128_k4_s2004.summary.json,none@closure,16,128,4,2004,10000,16,0.6875,0.6875,0.6948962983630953,0.010121875,0.20865
none@closure_L16_st128_k4_s2004.summary.json,none@closure,16,128,4,2004,15000,16,0.8125,0.8125,0.8171130952380952,0.005409375,0.79095
none@closure_L16_st128_k4_s2004.summary.json,none@closure,16,128,4,2004,20000,16,0.9375,0.9375,0.9334798177083333,0.00451875,0.7689
none@closure_L16_st128_k4_s2004.summary.json,none@closure,16,128,4,2004,30000,16,0.875,0.875,0.8800769624255953,0.003515625,0.7949
none@closure_L16_st128_k4_s2004.summary.json,none@closure,16,128,4,2004,50000,16,0.9375,0.9375,0.9353259858630952,0.0039625,0.84
none@closure_L16_st128_k4_s2004.summary.json,none@closure,16,128,4,2004,75000,16,0.625,0.625,0.6328206380208334,0.004746875,0.8685
none@closure_L16_st128_k4_s2004.summary.json,none@closure,16,128,4,2004,100000,16,0.9375,0.9375,0.9381103515625,0.00618125,0.86775
none@closure_L16_st128_k4_s2004.summary.json,none@closure,16,128,4,2004,150000,16,0.875,0.875,0.8788330078125,0.004325,0.8659
none@closure_L16_st128_k4_s2004.summary.json,none@closure,16,128,4,2004,200000,16,0.8125,0.8125,0.8171630859375001,0.003840625,0.8708
none@closure_L16_st128_k4_s2004.summary.json,none@closure,16,128,4,2004,300000,16,0.9375,0.9375,0.941650390625,0.004303125,0.8878
none@closure_L16_st128_k4_s2005.summary.json,none@closure,16,128,4,2005,50,16,0.0,0.0,0.0692929222470238,0.33108125,0.08365
none@closure_L16_st128_k4_s2005.summary.json,none@closure,16,128,4,2005,100,16,0.0,0.0,0.06281389508928571,0.350784375,0.09105
none@closure_L16_st128_k4_s2005.summary.json,none@closure,16,128,4,2005,150,16,0.0,0.0,0.055737304687499996,0.36189375,0.09195
none@closure_L16_st128_k4_s2005.summary.json,none@closure,16,128,4,2005,200,16,0.0,0.0,0.11663295200892858,0.366090625,0.08725
none@closure_L16_st128_k4_s2005.summary.json,none@closure,16,128,4,2005,300,16,0.0,0.0,0.0640287853422619,0.373159375,0.0859
none@closure_L16_st128_k4_s2005.summary.json,none@closure,16,128,4,2005,500,16,0.0,0.0,0.09292573474702381,0.378684375,0.0873
none@closure_L16_st128_k4_s2005.summary.json,none@closure,16,128,4,2005,750,16,0.0,0.0,0.10238095238095238,0.37905625,0.0817
none@closure_L16_st128_k4_s2005.summary.json,none@closure,16,128,4,2005,1000,16,0.0,0.0,0.14293154761904764,0.366765625,0.0223
none@closure_L16_st128_k4_s2005.summary.json,none@closure,16,128,4,2005,1500,16,0.125,0.125,0.1383071843521062,0.283696875,0.0817
none@closure_L16_st128_k4_s2005.summary.json,none@closure,16,128,4,2005,2000,16,0.1875,0.1875,0.16479608444940474,0.20010625,0.1374
none@closure_L16_st128_k4_s2005.summary.json,none@closure,16,128,4,2005,3000,16,0.125,0.125,0.13437499999999997,0.155703125,0.156
none@closure_L16_st128_k4_s2005.summary.json,none@closure,16,128,4,2005,5000,16,0.0625,0.0625,0.07461053757440475,0.175071875,0.13255
none@closure_L16_st128_k4_s2005.summary.json,none@closure,16,128,4,2005,7500,16,0.125,0.125,0.1275727771577381,0.1585,0.1336
none@closure_L16_st128_k4_s2005.summary.json,none@closure,16,128,4,2005,10000,16,0.1875,0.1875,0.1349818638392857,0.144109375,0.1183
none@closure_L16_st128_k4_s2005.summary.json,none@closure,16,128,4,2005,15000,16,0.0625,0.0625,0.056860351562499994,0.118734375,0.11285
none@closure_L16_st128_k4_s2005.summary.json,none@closure,16,128,4,2005,20000,16,0.875,0.875,0.8802978515625,0.00720625,0.7955
none@closure_L16_st128_k4_s2005.summary.json,none@closure,16,128,4,2005,30000,16,0.9375,0.9375,0.9390787760416667,0.00455,0.6128
none@closure_L16_st128_k4_s2005.summary.json,none@closure,16,128,4,2005,50000,16,0.9375,0.9375,0.9380533854166666,0.0038125,0.86245
none@closure_L16_st128_k4_s2005.summary.json,none@closure,16,128,4,2005,75000,16,0.6875,0.6875,0.6888753255208333,0.004165625,0.8862
none@closure_L16_st128_k4_s2005.summary.json,none@closure,16,128,4,2005,100000,16,0.875,0.875,0.8802408854166667,0.004453125,0.84455
none@closure_L16_st128_k4_s2005.summary.json,none@closure,16,128,4,2005,150000,16,0.875,0.875,0.8763834635416667,0.003734375,0.86035
none@closure_L16_st128_k4_s2005.summary.json,none@closure,16,128,4,2005,200000,16,0.9375,0.9375,0.9355061848958333,0.00423125,0.88745
none@closure_L16_st128_k4_s2005.summary.json,none@closure,16,128,4,2005,300000,16,0.6875,0.6875,0.6884847005208333,0.00439375,0.891
none@closure_L16_st128_k4_s2006.summary.json,none@closure,16,128,4,2006,50,16,0.0,0.0,0.06729213169642857,0.332184375,0.08365
none@closure_L16_st128_k4_s2006.summary.json,none@closure,16,128,4,2006,100,16,0.0,0.0,0.07552548363095238,0.35665,0.09595
none@closure_L16_st128_k4_s2006.summary.json,none@closure,16,128,4,2006,150,16,0.0,0.0,0.07600330171130952,0.365209375,0.0938
none@closure_L16_st128_k4_s2006.summary.json,none@closure,16,128,4,2006,200,16,0.0,0.0,0.0898251488095238,0.369821875,0.0872
none@closure_L16_st128_k4_s2006.summary.json,none@closure,16,128,4,2006,300,16,0.0,0.0,0.1458798363095238,0.374021875,0.08095
none@closure_L16_st128_k4_s2006.summary.json,none@closure,16,128,4,2006,500,16,0.0,0.0,0.06969401041666666,0.373634375,0.0799
none@closure_L16_st128_k4_s2006.summary.json,none@closure,16,128,4,2006,750,16,0.0,0.0,0.11192568824404761,0.378678125,0.0783
none@closure_L16_st128_k4_s2006.summary.json,none@closure,16,128,4,2006,1000,16,0.0,0.0,0.07327473958333333,0.38059375,0.077
none@closure_L16_st128_k4_s2006.summary.json,none@closure,16,128,4,2006,1500,16,0.0,0.0,0.05428641183035714,0.379590625,0.0821
none@closure_L16_st128_k4_s2006.summary.json,none@closure,16,128,4,2006,2000,16,0.0,0.0,0.08872535342261906,0.3368875,0.0508
none@closure_L16_st128_k4_s2006.summary.json,none@closure,16,128,4,2006,3000,16,0.0625,0.0625,0.10232049851190478,0.166834375,0.1708
none@closure_L16_st128_k4_s2006.summary.json,none@closure,16,128,4,2006,5000,16,0.125,0.125,0.13289969308035715,0.156965625,0.158
none@closure_L16_st128_k4_s2006.summary.json,none@closure,16,128,4,2006,7500,16,0.0,0.0,0.05335751488095238,0.144815625,0.17465
none@closure_L16_st128_k4_s2006.summary.json,none@closure,16,128,4,2006,10000,16,0.125,0.0,0.0806640625,0.12649375,0.1303
none@closure_L16_st128_k4_s2006.summary.json,none@closure,16,128,4,2006,15000,16,0.125,0.125,0.10580938430059522,0.1397875,0.10195
none@closure_L16_st128_k4_s2006.summary.json,none@closure,16,128,4,2006,20000,16,0.125,0.125,0.102099609375,0.133609375,0.0849
none@closure_L16_st128_k4_s2006.summary.json,none@closure,16,128,4,2006,30000,16,0.3125,0.3125,0.20063941592261908,0.152971875,0.0968
none@closure_L16_st128_k4_s2006.summary.json,none@closure,16,128,4,2006,50000,16,0.8125,0.8125,0.8124593098958333,0.004275,0.8344
none@closure_L16_st128_k4_s2006.summary.json,none@closure,16,128,4,2006,75000,16,0.9375,0.875,0.9019856770833333,0.003678125,0.85835
none@closure_L16_st128_k4_s2006.summary.json,none@closure,16,128,4,2006,100000,16,0.8125,0.8125,0.82041015625,0.00373125,0.8839
none@closure_L16_st128_k4_s2006.summary.json,none@closure,16,128,4,2006,150000,16,0.875,0.875,0.8785132998511904,0.004621875,0.8316
none@closure_L16_st128_k4_s2006.summary.json,none@closure,16,128,4,2006,200000,16,0.9375,0.9375,0.9403564453125,0.00601875,0.8694
none@closure_L16_st128_k4_s2006.summary.json,none@closure,16,128,4,2006,300000,16,0.8125,0.8125,0.8213704427083334,0.00405,0.8829
none@closure_L16_st128_k4_s2007.summary.json,none@closure,16,128,4,2007,50,16,0.0,0.0,0.07499186197916666,0.33265625,0.08075
none@closure_L16_st128_k4_s2007.summary.json,none@closure,16,128,4,2007,100,16,0.0,0.0,0.1029052734375,0.355571875,0.0928
none@closure_L16_st128_k4_s2007.summary.json,none@closure,16,128,4,2007,150,16,0.0,0.0,0.09659830729166667,0.36515,0.08815
none@closure_L16_st128_k4_s2007.summary.json,none@closure,16,128,4,2007,200,16,0.0,0.0,0.07598005022321427,0.37234375,0.0853
none@closure_L16_st128_k4_s2007.summary.json,none@closure,16,128,4,2007,300,16,0.0,0.0,0.09299548921130951,0.374953125,0.08245
none@closure_L16_st128_k4_s2007.summary.json,none@closure,16,128,4,2007,500,16,0.0,0.0,0.08803594680059523,0.37793125,0.0827
none@closure_L16_st128_k4_s2007.summary.json,none@closure,16,128,4,2007,750,16,0.0,0.0,0.0799560546875,0.376096875,0.079
none@closure_L16_st128_k4_s2007.summary.json,none@closure,16,128,4,2007,1000,16,0.0,0.0,0.051488095238095236,0.378209375,0.0794
none@closure_L16_st128_k4_s2007.summary.json,none@closure,16,128,4,2007,1500,16,0.0,0.0,0.05209263392857143,0.378571875,0.08275
none@closure_L16_st128_k4_s2007.summary.json,none@closure,16,128,4,2007,2000,16,0.0,0.0,0.11700962611607142,0.3797,0.0821
none@closure_L16_st128_k4_s2007.summary.json,none@closure,16,128,4,2007,3000,16,0.0625,0.0625,0.0820986793154762,0.299196875,0.1012
none@closure_L16_st128_k4_s2007.summary.json,none@closure,16,128,4,2007,5000,16,0.125,0.125,0.15855305989583335,0.16975625,0.1435
none@closure_L16_st128_k4_s2007.summary.json,none@closure,16,128,4,2007,7500,16,0.125,0.0625,0.08465169270833332,0.160821875,0.16595
none@closure_L16_st128_k4_s2007.summary.json,none@closure,16,128,4,2007,10000,16,0.125,0.0625,0.12550455729166665,0.157290625,0.09625
none@closure_L16_st128_k4_s2007.summary.json,none@closure,16,128,4,2007,15000,16,0.1875,0.1875,0.12624627976190478,0.154275,0.0906
none@closure_L16_st128_k4_s2007.summary.json,none@closure,16,128,4,2007,20000,16,0.125,0.125,0.07819824218750002,0.149615625,0.07865
none@closure_L16_st128_k4_s2007.summary.json,none@closure,16,128,4,2007,30000,16,0.8125,0.8125,0.8157284691220238,0.004996875,0.87705
none@closure_L16_st128_k4_s2007.summary.json,none@closure,16,128,4,2007,50000,16,0.75,0.75,0.753369140625,0.003853125,0.87485
none@closure_L16_st128_k4_s2007.summary.json,none@closure,16,128,4,2007,75000,16,0.875,0.875,0.8746965680803571,0.00415,0.8623
none@closure_L16_st128_k4_s2007.summary.json,none@closure,16,128,4,2007,100000,16,0.8125,0.8125,0.8004720052083334,0.003575,0.8683
none@closure_L16_st128_k4_s2007.summary.json,none@closure,16,128,4,2007,150000,16,0.8125,0.8125,0.8128173828125,0.004271875,0.8675
none@closure_L16_st128_k4_s2007.summary.json,none@closure,16,128,4,2007,200000,16,0.8125,0.8125,0.813427734375,0.0039,0.86325
none@closure_L16_st128_k4_s2007.summary.json,none@closure,16,128,4,2007,300000,16,0.75,0.75,0.7533854166666667,0.00415625,0.88985
none@closure_L16_st128_k4_s2008.summary.json,none@closure,16,128,4,2008,50,16,0.0,0.0,0.07605212983630952,0.33306875,0.08265
none@closure_L16_st128_k4_s2008.summary.json,none@closure,16,128,4,2008,100,16,0.0,0.0,0.05936686197916667,0.35575625,0.09375
none@closure_L16_st128_k4_s2008.summary.json,none@closure,16,128,4,2008,150,16,0.0,0.0,0.06383579799107143,0.364121875,0.0904
none@closure_L16_st128_k4_s2008.summary.json,none@closure,16,128,4,2008,200,16,0.0,0.0,0.07077404203869048,0.37150625,0.08935
none@closure_L16_st128_k4_s2008.summary.json,none@closure,16,128,4,2008,300,16,0.0,0.0,0.08913690476190475,0.374209375,0.08015
none@closure_L16_st128_k4_s2008.summary.json,none@closure,16,128,4,2008,500,16,0.0,0.0,0.09075404575892856,0.378421875,0.0799
none@closure_L16_st128_k4_s2008.summary.json,none@closure,16,128,4,2008,750,16,0.0,0.0,0.08431222098214286,0.37528125,0.0774
none@closure_L16_st128_k4_s2008.summary.json,none@closure,16,128,4,2008,1000,16,0.0,0.0,0.08684430803571429,0.378471875,0.07895
none@closure_L16_st128_k4_s2008.summary.json,none@closure,16,128,4,2008,1500,16,0.0,0.0,0.0676571800595238,0.381621875,0.0768
none@closure_L16_st128_k4_s2008.summary.json,none@closure,16,128,4,2008,2000,16,0.0625,0.0625,0.09894205729166666,0.3401625,0.0437
none@closure_L16_st128_k4_s2008.summary.json,none@closure,16,128,4,2008,3000,16,0.125,0.125,0.12766578311011906,0.171290625,0.1806
none@closure_L16_st128_k4_s2008.summary.json,none@closure,16,128,4,2008,5000,16,0.0,0.0,0.05955171130952381,0.154421875,0.1602
none@closure_L16_st128_k4_s2008.summary.json,none@closure,16,128,4,2008,7500,16,0.0,0.0,0.026096307663690477,0.1511625,0.1659
none@closure_L16_st128_k4_s2008.summary.json,none@closure,16,128,4,2008,10000,16,0.125,0.125,0.08806966145833334,0.15175,0.17095
none@closure_L16_st128_k4_s2008.summary.json,none@closure,16,128,4,2008,15000,16,0.25,0.25,0.1374569847470238,0.14288125,0.08585
none@closure_L16_st128_k4_s2008.summary.json,none@closure,16,128,4,2008,20000,16,0.1875,0.1875,0.1407865978422619,0.146946875,0.0947
none@closure_L16_st128_k4_s2008.summary.json,none@closure,16,128,4,2008,30000,16,0.125,0.125,0.0746919177827381,0.134709375,0.0929
none@closure_L16_st128_k4_s2008.summary.json,none@closure,16,128,4,2008,50000,16,0.75,0.75,0.764350818452381,0.004428125,0.8452
none@closure_L16_st128_k4_s2008.summary.json,none@closure,16,128,4,2008,75000,16,0.75,0.75,0.7528889973958334,0.00430625,0.85785
none@closure_L16_st128_k4_s2008.summary.json,none@closure,16,128,4,2008,100000,16,0.875,0.875,0.8776692708333333,0.003809375,0.88195
none@closure_L16_st128_k4_s2008.summary.json,none@closure,16,128,4,2008,150000,16,0.875,0.875,0.8621407645089285,0.00329375,0.8701
none@closure_L16_st128_k4_s2008.summary.json,none@closure,16,128,4,2008,200000,16,0.8125,0.8125,0.8139939081101191,0.004159375,0.8882
none@closure_L16_st128_k4_s2008.summary.json,none@closure,16,128,4,2008,300000,16,0.8125,0.8125,0.809627904647436,0.003784375,0.8911
none@closure_L16_st128_k4_s2009.summary.json,none@closure,16,128,4,2009,50,16,0.0,0.0,0.06794201078869047,0.3337125,0.08175
none@closure_L16_st128_k4_s2009.summary.json,none@closure,16,128,4,2009,100,16,0.0,0.0,0.06410667782738096,0.357446875,0.09505
none@closure_L16_st128_k4_s2009.summary.json,none@closure,16,128,4,2009,150,16,0.0,0.0,0.07089727492559524,0.36645625,0.09535
none@closure_L16_st128_k4_s2009.summary.json,none@closure,16,128,4,2009,200,16,0.0,0.0,0.06814429873511904,0.36703125,0.01235
none@closure_L16_st128_k4_s2009.summary.json,none@closure,16,128,4,2009,300,16,0.0625,0.0625,0.1132626488095238,0.35915,0.02235
none@closure_L16_st128_k4_s2009.summary.json,none@closure,16,128,4,2009,500,16,0.0625,0.0625,0.11277320498511904,0.32936875,0.0564
none@closure_L16_st128_k4_s2009.summary.json,none@closure,16,128,4,2009,750,16,0.1875,0.125,0.12319219680059523,0.257234375,0.13245
none@closure_L16_st128_k4_s2009.summary.json,none@closure,16,128,4,2009,1000,16,0.1875,0.1875,0.13339727492559522,0.173965625,0.1867
none@closure_L16_st128_k4_s2009.summary.json,none@closure,16,128,4,2009,1500,16,0.0625,0.0625,0.07852957589285714,0.15305625,0.1616
none@closure_L16_st128_k4_s2009.summary.json,none@closure,16,128,4,2009,2000,16,0.1875,0.1875,0.15198567708333333,0.144609375,0.16115
none@closure_L16_st128_k4_s2009.summary.json,none@closure,16,128,4,2009,3000,16,0.0625,0.0625,0.08188011532738095,0.15284375,0.1203
none@closure_L16_st128_k4_s2009.summary.json,none@closure,16,128,4,2009,5000,16,0.125,0.125,0.1013427734375,0.140375,0.08215
none@closure_L16_st128_k4_s2009.summary.json,none@closure,16,128,4,2009,7500,16,0.6875,0.6875,0.6483956473214285,0.0485,0.48075
none@closure_L16_st128_k4_s2009.summary.json,none@closure,16,128,4,2009,10000,16,0.5625,0.5625,0.5872639973958333,0.008096875,0.6862
none@closure_L16_st128_k4_s2009.summary.json,none@closure,16,128,4,2009,15000,16,0.875,0.875,0.8752197265625,0.00494375,0.7109
none@closure_L16_st128_k4_s2009.summary.json,none@closure,16,128,4,2009,20000,16,0.875,0.875,0.8804768880208333,0.004275,0.66935
none@closure_L16_st128_k4_s2009.summary.json,none@closure,16,128,4,2009,30000,16,0.8125,0.8125,0.8148507254464286,0.00440625,0.75985
none@closure_L16_st128_k4_s2009.summary.json,none@closure,16,128,4,2009,50000,16,0.8125,0.8125,0.8161423456101191,0.00429375,0.8878
none@closure_L16_st128_k4_s2009.summary.json,none@closure,16,128,4,2009,75000,16,0.9375,0.9375,0.9410551525297619,0.004003125,0.8834
none@closure_L16_st128_k4_s2009.summary.json,none@closure,16,128,4,2009,100000,16,0.8125,0.8125,0.8212890625,0.004334375,0.87615
none@closure_L16_st128_k4_s2009.summary.json,none@closure,16,128,4,2009,150000,16,0.9375,0.9375,0.9372477213541667,0.003734375,0.8568
none@closure_L16_st128_k4_s2009.summary.json,none@closure,16,128,4,2009,200000,16,0.6875,0.6875,0.6928955078125,0.003484375,0.8619
none@closure_L16_st128_k4_s2009.summary.json,none@closure,16,128,4,2009,300000,16,0.9375,0.9375,0.9387032645089286,0.00404375,0.86955
none@closure_L16_st128_k4_s2010.summary.json,none@closure,16,128,4,2010,50,16,0.0,0.0,0.062130301339285716,0.33788125,0.0857
none@closure_L16_st128_k4_s2010.summary.json,none@closure,16,128,4,2010,100,16,0.0,0.0,0.05465494791666667,0.359584375,0.09595
none@closure_L16_st128_k4_s2010.summary.json,none@closure,16,128,4,2010,150,16,0.0,0.0,0.08600957961309524,0.368709375,0.1006
none@closure_L16_st128_k4_s2010.summary.json,none@closure,16,128,4,2010,200,16,0.0,0.0,0.08993094308035714,0.373884375,0.09725
none@closure_L16_st128_k4_s2010.summary.json,none@closure,16,128,4,2010,300,16,0.0,0.0,0.08172665550595237,0.3768875,0.08865
none@closure_L16_st128_k4_s2010.summary.json,none@closure,16,128,4,2010,500,16,0.0,0.0,0.060009765624999996,0.3797375,0.0839
none@closure_L16_st128_k4_s2010.summary.json,none@closure,16,128,4,2010,750,16,0.0,0.0,0.0900297619047619,0.383184375,0.0809
none@closure_L16_st128_k4_s2010.summary.json,none@closure,16,128,4,2010,1000,16,0.0,0.0,0.05072777157738095,0.382475,0.07875
none@closure_L16_st128_k4_s2010.summary.json,none@closure,16,128,4,2010,1500,16,0.0,0.0,0.05800664992559523,0.32698125,0.0725
none@closure_L16_st128_k4_s2010.summary.json,none@closure,16,128,4,2010,2000,16,0.125,0.0625,0.11968819754464285,0.17011875,0.1796
none@closure_L16_st128_k4_s2010.summary.json,none@closure,16,128,4,2010,3000,16,0.0625,0.0,0.067919921875,0.178690625,0.1345
none@closure_L16_st128_k4_s2010.summary.json,none@closure,16,128,4,2010,5000,16,0.125,0.125,0.14242815290178573,0.16545625,0.13975
none@closure_L16_st128_k4_s2010.summary.json,none@closure,16,128,4,2010,7500,16,0.125,0.0625,0.09264090401785714,0.160365625,0.16385
none@closure_L16_st128_k4_s2010.summary.json,none@closure,16,128,4,2010,10000,16,0.0,0.0,0.04179222470238095,0.182246875,0.13605
none@closure_L16_st128_k4_s2010.summary.json,none@closure,16,128,4,2010,15000,16,0.0,0.0,0.033712332589285715,0.14643125,0.11365
none@closure_L16_st128_k4_s2010.summary.json,none@closure,16,128,4,2010,20000,16,0.8125,0.8125,0.8281982421875,0.016628125,0.75485
none@closure_L16_st128_k4_s2010.summary.json,none@closure,16,128,4,2010,30000,16,0.6875,0.6875,0.7091878255208334,0.00423125,0.8332
none@closure_L16_st128_k4_s2010.summary.json,none@closure,16,128,4,2010,50000,16,0.9375,0.9375,0.933645260989011,0.0042,0.82795
none@closure_L16_st128_k4_s2010.summary.json,none@closure,16,128,4,2010,75000,16,0.75,0.75,0.7560546875,0.00458125,0.89255
none@closure_L16_st128_k4_s2010.summary.json,none@closure,16,128,4,2010,100000,16,0.8125,0.8125,0.8094389415922619,0.004884375,0.88165
none@closure_L16_st128_k4_s2010.summary.json,none@closure,16,128,4,2010,150000,16,0.875,0.875,0.8773356119791667,0.003728125,0.8805
none@closure_L16_st128_k4_s2010.summary.json,none@closure,16,128,4,2010,200000,16,0.9375,0.9375,0.9357421875,0.003734375,0.8849
none@closure_L16_st128_k4_s2010.summary.json,none@closure,16,128,4,2010,300000,16,0.9375,0.9375,0.9384835379464285,0.003365625,0.886
none@closure_L16_st128_k4_s2011.summary.json,none@closure,16,128,4,2011,50,16,0.0,0.0,0.0779052734375,0.33469375,0.0814
none@closure_L16_st128_k4_s2011.summary.json,none@closure,16,128,4,2011,100,16,0.0,0.0,0.0780122302827381,0.3556375,0.09195
none@closure_L16_st128_k4_s2011.summary.json,none@closure,16,128,4,2011,150,16,0.0,0.0,0.08497488839285713,0.36340625,0.0881
none@closure_L16_st128_k4_s2011.summary.json,none@closure,16,128,4,2011,200,16,0.0,0.0,0.09161551339285713,0.366921875,0.08585
none@closure_L16_st128_k4_s2011.summary.json,none@closure,16,128,4,2011,300,16,0.0,0.0,0.09537062872023809,0.3729375,0.0793
none@closure_L16_st128_k4_s2011.summary.json,none@closure,16,128,4,2011,500,16,0.0,0.0,0.060640775240384616,0.374953125,0.0783
none@closure_L16_st128_k4_s2011.summary.json,none@closure,16,128,4,2011,750,16,0.0,0.0,0.07514183407738095,0.3788875,0.08025
none@closure_L16_st128_k4_s2011.summary.json,none@closure,16,128,4,2011,1000,16,0.0,0.0,0.11585018171932235,0.38035,0.078
none@closure_L16_st128_k4_s2011.summary.json,none@closure,16,128,4,2011,1500,16,0.0,0.0,0.06884649367559524,0.370496875,0.014
none@closure_L16_st128_k4_s2011.summary.json,none@closure,16,128,4,2011,2000,16,0.0625,0.0625,0.0813871837797619,0.297221875,0.09125
none@closure_L16_st128_k4_s2011.summary.json,none@closure,16,128,4,2011,3000,16,0.125,0.125,0.12882835751488095,0.162303125,0.1698
none@closure_L16_st128_k4_s2011.summary.json,none@closure,16,128,4,2011,5000,16,0.0625,0.0625,0.08257068452380951,0.1579,0.1564
none@closure_L16_st128_k4_s2011.summary.json,none@closure,16,128,4,2011,7500,16,0.0,0.0,0.04593098958333333,0.165578125,0.134
none@closure_L16_st128_k4_s2011.summary.json,none@closure,16,128,4,2011,10000,16,0.125,0.125,0.10478631882440476,0.175690625,0.14295
none@closure_L16_st128_k4_s2011.summary.json,none@closure,16,128,4,2011,15000,16,0.1875,0.1875,0.15366094680059522,0.13391875,0.09195
none@closure_L16_st128_k4_s2011.summary.json,none@closure,16,128,4,2011,20000,16,0.1875,0.125,0.11991838727678572,0.141075,0.09685
none@closure_L16_st128_k4_s2011.summary.json,none@closure,16,128,4,2011,30000,16,0.375,0.375,0.25661039806547614,0.1414375,0.1058
none@closure_L16_st128_k4_s2011.summary.json,none@closure,16,128,4,2011,50000,16,0.9375,0.9375,0.9067127046130952,0.022540625,0.03425
none@closure_L16_st128_k4_s2011.summary.json,none@closure,16,128,4,2011,75000,16,0.875,0.875,0.874853515625,0.017928125,0.0323
none@closure_L16_st128_k4_s2011.summary.json,none@closure,16,128,4,2011,100000,16,0.9375,0.9375,0.9287923177083334,0.0103125,0.0205
none@closure_L16_st128_k4_s2011.summary.json,none@closure,16,128,4,2011,150000,16,0.8125,0.8125,0.8139392671130952,0.0146625,0.00765
none@closure_L16_st128_k4_s2011.summary.json,none@closure,16,128,4,2011,200000,16,1.0,1.0,1.0,0.01049375,0.01265
none@closure_L16_st128_k4_s2011.summary.json,none@closure,16,128,4,2011,300000,16,0.9375,0.9375,0.9383707682291667,0.015034375,0.00685
none@closure_L16_st128_k4_s2012.summary.json,none@closure,16,128,4,2012,50,16,0.0,0.0,0.047652762276785714,0.333428125,0.0786
none@closure_L16_st128_k4_s2012.summary.json,none@closure,16,128,4,2012,100,16,0.0,0.0,0.0615966796875,0.353790625,0.0885
none@closure_L16_st128_k4_s2012.summary.json,none@closure,16,128,4,2012,150,16,0.0,0.0,0.0828218005952381,0.358728125,0.0919
none@closure_L16_st128_k4_s2012.summary.json,none@closure,16,128,4,2012,200,16,0.0,0.0,0.08632463727678572,0.363584375,0.0881
none@closure_L16_st128_k4_s2012.summary.json,none@closure,16,128,4,2012,300,16,0.0,0.0,0.08590146019345238,0.363934375,0.01535
none@closure_L16_st128_k4_s2012.summary.json,none@closure,16,128,4,2012,500,16,0.0,0.0,0.08910667782738095,0.341496875,0.0449
none@closure_L16_st128_k4_s2012.summary.json,none@closure,16,128,4,2012,750,16,0.0625,0.0625,0.10853678385416667,0.316734375,0.06305
none@closure_L16_st128_k4_s2012.summary.json,none@closure,16,128,4,2012,1000,16,0.1875,0.1875,0.16470889136904762,0.27835,0.0947
none@closure_L16_st128_k4_s2012.summary.json,none@closure,16,128,4,2012,1500,16,0.0,0.0,0.05258440290178572,0.19318125,0.13775
none@closure_L16_st128_k4_s2012.summary.json,none@closure,16,128,4,2012,2000,16,0.3125,0.1875,0.18547014508928572,0.17006875,0.12
none@closure_L16_st128_k4_s2012.summary.json,none@closure,16,128,4,2012,3000,16,0.0,0.0,0.054043702066163,0.1621125,0.16285
none@closure_L16_st128_k4_s2012.summary.json,none@closure,16,128,4,2012,5000,16,0.0,0.0,0.026978701636904762,0.14925,0.1578
none@closure_L16_st128_k4_s2012.summary.json,none@closure,16,128,4,2012,7500,16,0.0625,0.0625,0.10608723958333333,0.14760625,0.1592
none@closure_L16_st128_k4_s2012.summary.json,none@closure,16,128,4,2012,10000,16,0.0625,0.0625,0.07058919270833333,0.16735,0.14505
none@closure_L16_st128_k4_s2012.summary.json,none@closure,16,128,4,2012,15000,16,0.125,0.125,0.09840378534226189,0.1607375,0.1597
none@closure_L16_st128_k4_s2012.summary.json,none@closure,16,128,4,2012,20000,16,0.125,0.125,0.08879045758928569,0.15135,0.0907
none@closure_L16_st128_k4_s2012.summary.json,none@closure,16,128,4,2012,30000,16,0.0625,0.0625,0.0792329334077381,0.15441875,0.09295
none@closure_L16_st128_k4_s2012.summary.json,none@closure,16,128,4,2012,50000,16,1.0,1.0,1.0,0.0534125,0.01315
none@closure_L16_st128_k4_s2012.summary.json,none@closure,16,128,4,2012,75000,16,0.8125,0.8125,0.8119303385416667,0.0291,0.0029
none@closure_L16_st128_k4_s2012.summary.json,none@closure,16,128,4,2012,100000,16,0.875,0.875,0.8808117094494048,0.023565625,0.00265
none@closure_L16_st128_k4_s2012.summary.json,none@closure,16,128,4,2012,150000,16,0.875,0.875,0.8740350632440477,0.02551875,0.00205
none@closure_L16_st128_k4_s2012.summary.json,none@closure,16,128,4,2012,200000,16,0.9375,0.9375,0.9361886160714286,0.0174875,0.0047
none@closure_L16_st128_k4_s2012.summary.json,none@closure,16,128,4,2012,300000,16,0.875,0.875,0.8745768229166666,0.01626875,0.00395
none@closure_L16_st128_k4_s2013.summary.json,none@closure,16,128,4,2013,50,16,0.0,0.0,0.06471819196428572,0.33235,0.07615
none@closure_L16_st128_k4_s2013.summary.json,none@closure,16,128,4,2013,100,16,0.0,0.0,0.07393391927083333,0.3538625,0.09095
none@closure_L16_st128_k4_s2013.summary.json,none@closure,16,128,4,2013,150,16,0.0,0.0,0.09541829427083333,0.362765625,0.09175
none@closure_L16_st128_k4_s2013.summary.json,none@closure,16,128,4,2013,200,16,0.0,0.0,0.07994210379464287,0.369103125,0.08865
none@closure_L16_st128_k4_s2013.summary.json,none@closure,16,128,4,2013,300,16,0.0,0.0,0.1122465587797619,0.376203125,0.08135
none@closure_L16_st128_k4_s2013.summary.json,none@closure,16,128,4,2013,500,16,0.0,0.0,0.1357666015625,0.381409375,0.0792
none@closure_L16_st128_k4_s2013.summary.json,none@closure,16,128,4,2013,750,16,0.0,0.0,0.061571103050595245,0.380315625,0.082
none@closure_L16_st128_k4_s2013.summary.json,none@closure,16,128,4,2013,1000,16,0.0,0.0,0.08418666294642857,0.380146875,0.08015
none@closure_L16_st128_k4_s2013.summary.json,none@closure,16,128,4,2013,1500,16,0.0625,0.0625,0.12429664248511904,0.352090625,0.03395
none@closure_L16_st128_k4_s2013.summary.json,none@closure,16,128,4,2013,2000,16,0.0,0.0,0.058324032738095236,0.249375,0.1035
none@closure_L16_st128_k4_s2013.summary.json,none@closure,16,128,4,2013,3000,16,0.125,0.125,0.11957542782738094,0.164309375,0.1459
none@closure_L16_st128_k4_s2013.summary.json,none@closure,16,128,4,2013,5000,16,0.3125,0.3125,0.1991757347470238,0.1542875,0.168
none@closure_L16_st128_k4_s2013.summary.json,none@closure,16,128,4,2013,7500,16,0.1875,0.125,0.10819731212797619,0.1644125,0.1576
none@closure_L16_st128_k4_s2013.summary.json,none@closure,16,128,4,2013,10000,16,0.0,0.0,0.04819452194940476,0.16681875,0.16775
none@closure_L16_st128_k4_s2013.summary.json,none@closure,16,128,4,2013,15000,16,0.0625,0.0625,0.08855678013392856,0.1676375,0.13205
none@closure_L16_st128_k4_s2013.summary.json,none@closure,16,128,4,2013,20000,16,0.5,0.5,0.53994140625,0.0101875,0.2765
none@closure_L16_st128_k4_s2013.summary.json,none@closure,16,128,4,2013,30000,16,0.9375,0.9375,0.9236328125,0.0055125,0.8189
none@closure_L16_st128_k4_s2013.summary.json,none@closure,16,128,4,2013,50000,16,0.8125,0.8125,0.8191941034226191,0.004709375,0.8438
none@closure_L16_st128_k4_s2013.summary.json,none@closure,16,128,4,2013,75000,16,0.9375,0.9375,0.9433070591517857,0.003996875,0.87915
none@closure_L16_st128_k4_s2013.summary.json,none@closure,16,128,4,2013,100000,16,0.9375,0.9375,0.9339762369791667,0.004434375,0.8768
none@closure_L16_st128_k4_s2013.summary.json,none@closure,16,128,4,2013,150000,16,0.8125,0.8125,0.8136614118303571,0.004065625,0.8838
none@closure_L16_st128_k4_s2013.summary.json,none@closure,16,128,4,2013,200000,16,0.75,0.75,0.7483142671130952,0.00345625,0.87125
none@closure_L16_st128_k4_s2013.summary.json,none@closure,16,128,4,2013,300000,16,0.875,0.875,0.8793863932291667,0.005003125,0.8565
none@closure_L16_st128_k4_s2014.summary.json,none@closure,16,128,4,2014,50,16,0.0,0.0,0.0824555896577381,0.33250625,0.081
none@closure_L16_st128_k4_s2014.summary.json,none@closure,16,128,4,2014,100,16,0.0,0.0,0.04607604309752747,0.3533875,0.0943
none@closure_L16_st128_k4_s2014.summary.json,none@closure,16,128,4,2014,150,16,0.0,0.0,0.04906180245535714,0.363053125,0.09395
none@closure_L16_st128_k4_s2014.summary.json,none@closure,16,128,4,2014,200,16,0.0,0.0,0.09753999255952381,0.36763125,0.0899
none@closure_L16_st128_k4_s2014.summary.json,none@closure,16,128,4,2014,300,16,0.0,0.0,0.08110467819940476,0.37275625,0.08335
none@closure_L16_st128_k4_s2014.summary.json,none@closure,16,128,4,2014,500,16,0.0,0.0,0.07745884486607144,0.374553125,0.0821
none@closure_L16_st128_k4_s2014.summary.json,none@closure,16,128,4,2014,750,16,0.0,0.0,0.08841494605654762,0.374178125,0.0826
none@closure_L16_st128_k4_s2014.summary.json,none@closure,16,128,4,2014,1000,16,0.0,0.0,0.07361072358630952,0.377409375,0.08115
none@closure_L16_st128_k4_s2014.summary.json,none@closure,16,128,4,2014,1500,16,0.0,0.0,0.07953287760416666,0.376965625,0.0773
none@closure_L16_st128_k4_s2014.summary.json,none@closure,16,128,4,2014,2000,16,0.0,0.0,0.1104585193452381,0.3793625,0.08385
none@closure_L16_st128_k4_s2014.summary.json,none@closure,16,128,4,2014,3000,16,0.0625,0.0625,0.09459027300824176,0.30834375,0.0767
none@closure_L16_st128_k4_s2014.summary.json,none@closure,16,128,4,2014,5000,16,0.0,0.0,0.03248814174107143,0.1353625,0.1779
none@closure_L16_st128_k4_s2014.summary.json,none@closure,16,128,4,2014,7500,16,0.0,0.0,0.028145926339285712,0.17125625,0.1579
none@closure_L16_st128_k4_s2014.summary.json,none@closure,16,128,4,2014,10000,16,0.125,0.125,0.12306315104166668,0.12876875,0.1227
none@closure_L16_st128_k4_s2014.summary.json,none@closure,16,128,4,2014,15000,16,0.125,0.125,0.08890036558493589,0.1448125,0.10295
none@closure_L16_st128_k4_s2014.summary.json,none@closure,16,128,4,2014,20000,16,0.125,0.125,0.0863920665922619,0.1385,0.09015
none@closure_L16_st128_k4_s2014.summary.json,none@closure,16,128,4,2014,30000,16,0.0625,0.0625,0.0802001953125,0.14396875,0.0994
none@closure_L16_st128_k4_s2014.summary.json,none@closure,16,128,4,2014,50000,16,0.8125,0.8125,0.8167887369791667,0.003821875,0.72905
none@closure_L16_st128_k4_s2014.summary.json,none@closure,16,128,4,2014,75000,16,0.8125,0.8125,0.8176920572916666,0.00413125,0.8685
none@closure_L16_st128_k4_s2014.summary.json,none@closure,16,128,4,2014,100000,16,0.875,0.875,0.8733642578125,0.003890625,0.8894
none@closure_L16_st128_k4_s2014.summary.json,none@closure,16,128,4,2014,150000,16,0.8125,0.8125,0.8147693452380953,0.004534375,0.8542
none@closure_L16_st128_k4_s2014.summary.json,none@closure,16,128,4,2014,200000,16,0.9375,0.9375,0.9393473307291667,0.004478125,0.85855
none@closure_L16_st128_k4_s2014.summary.json,none@closure,16,128,4,2014,300000,16,0.8125,0.8125,0.8257533482142857,0.00420625,0.87805
none@closure_L16_st128_k4_s2015.summary.json,none@closure,16,128,4,2015,50,16,0.0,0.0,0.06631324404761904,0.333953125,0.08485
none@closure_L16_st128_k4_s2015.summary.json,none@closure,16,128,4,2015,100,16,0.0,0.0,0.07283528645833333,0.358421875,0.09635
none@closure_L16_st128_k4_s2015.summary.json,none@closure,16,128,4,2015,150,16,0.0,0.0,0.08707914806547618,0.364434375,0.0933
none@closure_L16_st128_k4_s2015.summary.json,none@closure,16,128,4,2015,200,16,0.0,0.0,0.07365373883928572,0.3652875,0.01215
none@closure_L16_st128_k4_s2015.summary.json,none@closure,16,128,4,2015,300,16,0.0,0.0,0.08008510044642857,0.36313125,0.0131
none@closure_L16_st128_k4_s2015.summary.json,none@closure,16,128,4,2015,500,16,0.0,0.0,0.07392229352678571,0.354028125,0.02845
none@closure_L16_st128_k4_s2015.summary.json,none@closure,16,128,4,2015,750,16,0.0625,0.0625,0.1074125744047619,0.32006875,0.06435
none@closure_L16_st128_k4_s2015.summary.json,none@closure,16,128,4,2015,1000,16,0.0625,0.0625,0.11923595610119046,0.2771375,0.08955
none@closure_L16_st128_k4_s2015.summary.json,none@closure,16,128,4,2015,1500,16,0.125,0.125,0.11542154947916666,0.230325,0.12245
none@closure_L16_st128_k4_s2015.summary.json,none@closure,16,128,4,2015,2000,16,0.125,0.125,0.1293515159970238,0.152903125,0.15885
none@closure_L16_st128_k4_s2015.summary.json,none@closure,16,128,4,2015,3000,16,0.25,0.1875,0.15079985119047618,0.16859375,0.1518
none@closure_L16_st128_k4_s2015.summary.json,none@closure,16,128,4,2015,5000,16,0.25,0.1875,0.18538992745535715,0.15378125,0.14965
none@closure_L16_st128_k4_s2015.summary.json,none@closure,16,128,4,2015,7500,16,0.0625,0.0,0.05450059380723443,0.15579375,0.16565
none@closure_L16_st128_k4_s2015.summary.json,none@closure,16,128,4,2015,10000,16,0.0,0.0,0.07093680245535713,0.163375,0.1329
none@closure_L16_st128_k4_s2015.summary.json,none@closure,16,128,4,2015,15000,16,0.0,0.0,0.03254975818452381,0.1624375,0.12605
none@closure_L16_st128_k4_s2015.summary.json,none@closure,16,128,4,2015,20000,16,0.1875,0.1875,0.14936872209821428,0.151896875,0.0997
none@closure_L16_st128_k4_s2015.summary.json,none@closure,16,128,4,2015,30000,16,0.125,0.125,0.13120000930059525,0.144271875,0.09025
none@closure_L16_st128_k4_s2015.summary.json,none@closure,16,128,4,2015,50000,16,0.8125,0.8125,0.8161539713541667,0.004803125,0.8075
none@closure_L16_st128_k4_s2015.summary.json,none@closure,16,128,4,2015,75000,16,0.75,0.75,0.7482142857142857,0.003640625,0.8834
none@closure_L16_st128_k4_s2015.summary.json,none@closure,16,128,4,2015,100000,16,0.9375,0.9375,0.9305884951636905,0.003909375,0.87635
none@closure_L16_st128_k4_s2015.summary.json,none@closure,16,128,4,2015,150000,16,0.9375,0.9375,0.939208984375,0.00385625,0.88295
none@closure_L16_st128_k4_s2015.summary.json,none@closure,16,128,4,2015,200000,16,0.8125,0.8125,0.820458984375,0.0063625,0.86765
none@closure_L16_st128_k4_s2015.summary.json,none@closure,16,128,4,2015,300000,16,0.875,0.875,0.8823079427083333,0.00366875,0.87835
none@closure_L16_st128_k4_s2016.summary.json,none@closure,16,128,4,2016,50,16,0.0,0.0,0.06109677269345238,0.3339125,0.08065
none@closure_L16_st128_k4_s2016.summary.json,none@closure,16,128,4,2016,100,16,0.0,0.0,0.08210449218749999,0.356865625,0.0911
none@closure_L16_st128_k4_s2016.summary.json,none@closure,16,128,4,2016,150,16,0.0,0.0,0.07873418898809524,0.362621875,0.08855
none@closure_L16_st128_k4_s2016.summary.json,none@closure,16,128,4,2016,200,16,0.0,0.0,0.05701729910714286,0.366065625,0.08735
none@closure_L16_st128_k4_s2016.summary.json,none@closure,16,128,4,2016,300,16,0.0625,0.0625,0.16074567522321426,0.356925,0.02525
none@closure_L16_st128_k4_s2016.summary.json,none@closure,16,128,4,2016,500,16,0.125,0.125,0.12512582632211539,0.318271875,0.0762
none@closure_L16_st128_k4_s2016.summary.json,none@closure,16,128,4,2016,750,16,0.1875,0.1875,0.16426595052083334,0.23976875,0.1364
none@closure_L16_st128_k4_s2016.summary.json,none@closure,16,128,4,2016,1000,16,0.125,0.125,0.11995442708333333,0.185496875,0.1646
none@closure_L16_st128_k4_s2016.summary.json,none@closure,16,128,4,2016,1500,16,0.0625,0.0625,0.06913829985119047,0.15690625,0.1471
none@closure_L16_st128_k4_s2016.summary.json,none@closure,16,128,4,2016,2000,16,0.1875,0.1875,0.16305454799107144,0.145328125,0.1733
none@closure_L16_st128_k4_s2016.summary.json,none@closure,16,128,4,2016,3000,16,0.0,0.0,0.04557989211309524,0.1494625,0.1631
none@closure_L16_st128_k4_s2016.summary.json,none@closure,16,128,4,2016,5000,16,0.1875,0.1875,0.13585352635645603,0.15295,0.12925
none@closure_L16_st128_k4_s2016.summary.json,none@closure,16,128,4,2016,7500,16,0.125,0.125,0.11143043154761906,0.1585125,0.0816
none@closure_L16_st128_k4_s2016.summary.json,none@closure,16,128,4,2016,10000,16,0.0625,0.0625,0.06642601376488096,0.136465625,0.12705
none@closure_L16_st128_k4_s2016.summary.json,none@closure,16,128,4,2016,15000,16,0.1875,0.1875,0.15256231398809522,0.146215625,0.10105
none@closure_L16_st128_k4_s2016.summary.json,none@closure,16,128,4,2016,20000,16,0.1875,0.125,0.15789271763392856,0.14255625,0.1043
none@closure_L16_st128_k4_s2016.summary.json,none@closure,16,128,4,2016,30000,16,0.4375,0.375,0.22595098586309523,0.148403125,0.08505
none@closure_L16_st128_k4_s2016.summary.json,none@closure,16,128,4,2016,50000,16,0.25,0.25,0.14775041852678572,0.135140625,0.12705
none@closure_L16_st128_k4_s2016.summary.json,none@closure,16,128,4,2016,75000,16,0.0625,0.0625,0.06398693266369047,0.145671875,0.08285
none@closure_L16_st128_k4_s2016.summary.json,none@closure,16,128,4,2016,100000,16,0.1875,0.1875,0.13053385416666666,0.149184375,0.10885
none@closure_L16_st128_k4_s2016.summary.json,none@closure,16,128,4,2016,150000,16,0.6875,0.6875,0.6832275390625,0.0071,0.85215
none@closure_L16_st128_k4_s2016.summary.json,none@closure,16,128,4,2016,200000,16,0.9375,0.9375,0.9374674479166667,0.00351875,0.8734
none@closure_L16_st128_k4_s2016.summary.json,none@closure,16,128,4,2016,300000,16,0.9375,0.9375,0.9320207868303572,0.005546875,0.87295
none@closure_L16_st128_k4_s2017.summary.json,none@closure,16,128,4,2017,50,16,0.0,0.0,0.045259915865384616,0.332090625,0.07785
none@closure_L16_st128_k4_s2017.summary.json,none@closure,16,128,4,2017,100,16,0.0,0.0,0.04294201078869048,0.352953125,0.08905
none@closure_L16_st128_k4_s2017.summary.json,none@closure,16,128,4,2017,150,16,0.0,0.0,0.0838192894345238,0.353984375,0.014
none@closure_L16_st128_k4_s2017.summary.json,none@closure,16,128,4,2017,200,16,0.0625,0.0625,0.10552804129464285,0.35055625,0.01985
none@closure_L16_st128_k4_s2017.summary.json,none@closure,16,128,4,2017,300,16,0.0,0.0,0.10588146391369048,0.32408125,0.03945
none@closure_L16_st128_k4_s2017.summary.json,none@closure,16,128,4,2017,500,16,0.0625,0.0,0.1074765159970238,0.2543125,0.0718
none@closure_L16_st128_k4_s2017.summary.json,none@closure,16,128,4,2017,750,16,0.125,0.125,0.11363699776785713,0.1964,0.08985
none@closure_L16_st128_k4_s2017.summary.json,none@closure,16,128,4,2017,1000,16,0.0625,0.0625,0.0585542224702381,0.1711875,0.09225
none@closure_L16_st128_k4_s2017.summary.json,none@closure,16,128,4,2017,1500,16,0.125,0.125,0.11730840773809523,0.154065625,0.15235
none@closure_L16_st128_k4_s2017.summary.json,none@closure,16,128,4,2017,2000,16,0.1875,0.1875,0.1511544363839286,0.163084375,0.1439
none@closure_L16_st128_k4_s2017.summary.json,none@closure,16,128,4,2017,3000,16,0.125,0.125,0.135986328125,0.16016875,0.1579
none@closure_L16_st128_k4_s2017.summary.json,none@closure,16,128,4,2017,5000,16,0.0625,0.0625,0.089990234375,0.154959375,0.15525
none@closure_L16_st128_k4_s2017.summary.json,none@closure,16,128,4,2017,7500,16,0.125,0.0625,0.08888113839285715,0.154828125,0.16125
none@closure_L16_st128_k4_s2017.summary.json,none@closure,16,128,4,2017,10000,16,0.0,0.0,0.05092424665178571,0.149828125,0.16075
none@closure_L16_st128_k4_s2017.summary.json,none@closure,16,128,4,2017,15000,16,0.1875,0.1875,0.1062558128720238,0.14038125,0.1048
none@closure_L16_st128_k4_s2017.summary.json,none@closure,16,128,4,2017,20000,16,0.3125,0.25,0.30235188802083335,0.11143125,0.3777
none@closure_L16_st128_k4_s2017.summary.json,none@closure,16,128,4,2017,30000,16,0.875,0.875,0.88095703125,0.003996875,0.8634
none@closure_L16_st128_k4_s2017.summary.json,none@closure,16,128,4,2017,50000,16,0.875,0.875,0.8730782645089286,0.004425,0.84515
none@closure_L16_st128_k4_s2017.summary.json,none@closure,16,128,4,2017,75000,16,0.75,0.75,0.759404064360119,0.003459375,0.89685
none@closure_L16_st128_k4_s2017.summary.json,none@closure,16,128,4,2017,100000,16,0.875,0.875,0.8703427269345239,0.00430625,0.8773
none@closure_L16_st128_k4_s2017.summary.json,none@closure,16,128,4,2017,150000,16,0.9375,0.9375,0.9415364583333333,0.00415625,0.884
none@closure_L16_st128_k4_s2017.summary.json,none@closure,16,128,4,2017,200000,16,0.9375,0.9375,0.9351969401041667,0.004140625,0.86945
none@closure_L16_st128_k4_s2017.summary.json,none@closure,16,128,4,2017,300000,16,0.9375,0.9375,0.9389892578125,0.003625,0.88705
none@closure_L16_st128_k4_s2018.summary.json,none@closure,16,128,4,2018,50,16,0.0,0.0,0.10177408854166667,0.335528125,0.0855
none@closure_L16_st128_k4_s2018.summary.json,none@closure,16,128,4,2018,100,16,0.0,0.0,0.0666352771577381,0.356903125,0.09355
none@closure_L16_st128_k4_s2018.summary.json,none@closure,16,128,4,2018,150,16,0.0,0.0,0.07275506882440476,0.364903125,0.09325
none@closure_L16_st128_k4_s2018.summary.json,none@closure,16,128,4,2018,200,16,0.0,0.0,0.06451125372023808,0.371553125,0.0921
none@closure_L16_st128_k4_s2018.summary.json,none@closure,16,128,4,2018,300,16,0.0,0.0,0.07110770089285715,0.376015625,0.0817
none@closure_L16_st128_k4_s2018.summary.json,none@closure,16,128,4,2018,500,16,0.0,0.0,0.061474609374999996,0.372940625,0.0127
none@closure_L16_st128_k4_s2018.summary.json,none@closure,16,128,4,2018,750,16,0.0,0.0,0.0654599144345238,0.34764375,0.0386
none@closure_L16_st128_k4_s2018.summary.json,none@closure,16,128,4,2018,1000,16,0.125,0.125,0.16362304687499998,0.308578125,0.0794
none@closure_L16_st128_k4_s2018.summary.json,none@closure,16,128,4,2018,1500,16,0.0625,0.0625,0.09794412130837912,0.230475,0.1062
none@closure_L16_st128_k4_s2018.summary.json,none@closure,16,128,4,2018,2000,16,0.125,0.125,0.09814336867559523,0.170971875,0.1511
none@closure_L16_st128_k4_s2018.summary.json,none@closure,16,128,4,2018,3000,16,0.125,0.125,0.1176083519345238,0.156059375,0.14685
none@closure_L16_st128_k4_s2018.summary.json,none@closure,16,128,4,2018,5000,16,0.125,0.125,0.10274251302083333,0.15498125,0.14765
none@closure_L16_st128_k4_s2018.summary.json,none@closure,16,128,4,2018,7500,16,0.0,0.0,0.05452125186011905,0.163140625,0.15495
none@closure_L16_st128_k4_s2018.summary.json,none@closure,16,128,4,2018,10000,16,0.0,0.0,0.06335914248511904,0.153875,0.14355
none@closure_L16_st128_k4_s2018.summary.json,none@closure,16,128,4,2018,15000,16,0.1875,0.1875,0.14792015438988096,0.136875,0.1136
none@closure_L16_st128_k4_s2018.summary.json,none@closure,16,128,4,2018,20000,16,0.25,0.25,0.16725260416666665,0.142834375,0.08655
none@closure_L16_st128_k4_s2018.summary.json,none@closure,16,128,4,2018,30000,16,0.9375,0.9375,0.9386300223214286,0.004590625,0.83105
none@closure_L16_st128_k4_s2018.summary.json,none@closure,16,128,4,2018,50000,16,0.875,0.875,0.8776936848958333,0.00506875,0.74165
none@closure_L16_st128_k4_s2018.summary.json,none@closure,16,128,4,2018,75000,16,0.75,0.75,0.7584507533482143,0.003815625,0.88545
none@closure_L16_st128_k4_s2018.summary.json,none@closure,16,128,4,2018,100000,16,0.75,0.75,0.7569498697916667,0.003565625,0.87375
none@closure_L16_st128_k4_s2018.summary.json,none@closure,16,128,4,2018,150000,16,0.8125,0.8125,0.8179757254464286,0.003575,0.8709
none@closure_L16_st128_k4_s2018.summary.json,none@closure,16,128,4,2018,200000,16,0.9375,0.9375,0.9378580729166667,0.003996875,0.87065
none@closure_L16_st128_k4_s2018.summary.json,none@closure,16,128,4,2018,300000,16,0.8125,0.8125,0.8178466796874999,0.004140625,0.8779
none@closure_L16_st128_k4_s2019.summary.json,none@closure,16,128,4,2019,50,16,0.0625,0.0625,0.11649549994276556,0.333728125,0.0799
none@closure_L16_st128_k4_s2019.summary.json,none@closure,16,128,4,2019,100,16,0.0,0.0,0.0933989025297619,0.355,0.0868
none@closure_L16_st128_k4_s2019.summary.json,none@closure,16,128,4,2019,150,16,0.0,0.0,0.09397321428571428,0.359865625,0.0118
none@closure_L16_st128_k4_s2019.summary.json,none@closure,16,128,4,2019,200,16,0.0,0.0,0.0803676060267857,0.360540625,0.01665
none@closure_L16_st128_k4_s2019.summary.json,none@closure,16,128,4,2019,300,16,0.125,0.0,0.11064104352678572,0.358634375,0.01755
none@closure_L16_st128_k4_s2019.summary.json,none@closure,16,128,4,2019,500,16,0.0625,0.0,0.08992513020833334,0.34785625,0.0328
none@closure_L16_st128_k4_s2019.summary.json,none@closure,16,128,4,2019,750,16,0.0,0.0,0.05467676854395604,0.327615625,0.05195
none@closure_L16_st128_k4_s2019.summary.json,none@closure,16,128,4,2019,1000,16,0.0,0.0,0.05933547247023809,0.291765625,0.0825
none@closure_L16_st128_k4_s2019.summary.json,none@closure,16,128,4,2019,1500,16,0.0625,0.0,0.06950567336309524,0.197203125,0.1469
none@closure_L16_st128_k4_s2019.summary.json,none@closure,16,128,4,2019,2000,16,0.125,0.125,0.1101318359375,0.152184375,0.1544
none@closure_L16_st128_k4_s2019.summary.json,none@closure,16,128,4,2019,3000,16,0.1875,0.1875,0.1223388671875,0.157759375,0.1399
none@closure_L16_st128_k4_s2019.summary.json,none@closure,16,128,4,2019,5000,16,0.25,0.25,0.16669805617559524,0.163696875,0.10045
none@closure_L16_st128_k4_s2019.summary.json,none@closure,16,128,4,2019,7500,16,0.25,0.25,0.1827613467261905,0.149309375,0.0979
none@closure_L16_st128_k4_s2019.summary.json,none@closure,16,128,4,2019,10000,16,0.0,0.0,0.04888044084821428,0.146215625,0.09685
none@closure_L16_st128_k4_s2019.summary.json,none@closure,16,128,4,2019,15000,16,0.75,0.75,0.7568754650297619,0.007409375,0.7791
none@closure_L16_st128_k4_s2019.summary.json,none@closure,16,128,4,2019,20000,16,0.875,0.875,0.8844319661458333,0.003675,0.85655
none@closure_L16_st128_k4_s2019.summary.json,none@closure,16,128,4,2019,30000,16,0.8125,0.8125,0.8218505859375,0.004615625,0.839
none@closure_L16_st128_k4_s2019.summary.json,none@closure,16,128,4,2019,50000,16,0.9375,0.9375,0.9336972191220239,0.003684375,0.8666
none@closure_L16_st128_k4_s2019.summary.json,none@closure,16,128,4,2019,75000,16,0.875,0.875,0.8773088727678572,0.0036125,0.8687
none@closure_L16_st128_k4_s2019.summary.json,none@closure,16,128,4,2019,100000,16,0.875,0.875,0.8753313337053572,0.003853125,0.8858
none@closure_L16_st128_k4_s2019.summary.json,none@closure,16,128,4,2019,150000,16,0.8125,0.8125,0.8100818452380952,0.003475,0.874
none@closure_L16_st128_k4_s2019.summary.json,none@closure,16,128,4,2019,200000,16,0.9375,0.9375,0.9314813523065476,0.00423125,0.87185
none@closure_L16_st128_k4_s2019.summary.json,none@closure,16,128,4,2019,300000,16,0.8125,0.8125,0.8174479166666666,0.003403125,0.88745
none@closure_L16_st128_k4_s2020.summary.json,none@closure,16,128,4,2020,50,16,0.0,0.0,0.09052966889880953,0.3342375,0.08095
none@closure_L16_st128_k4_s2020.summary.json,none@closure,16,128,4,2020,100,16,0.0,0.0,0.0638334728422619,0.3573875,0.0926
none@closure_L16_st128_k4_s2020.summary.json,none@closure,16,128,4,2020,150,16,0.0,0.0,0.05035574776785714,0.36423125,0.0924
none@closure_L16_st128_k4_s2020.summary.json,none@closure,16,128,4,2020,200,16,0.0,0.0,0.07259928385416667,0.36834375,0.09095
none@closure_L16_st128_k4_s2020.summary.json,none@closure,16,128,4,2020,300,16,0.0,0.0,0.07709030877976189,0.372146875,0.0833
none@closure_L16_st128_k4_s2020.summary.json,none@closure,16,128,4,2020,500,16,0.0,0.0,0.0861537388392857,0.3764125,0.0795
none@closure_L16_st128_k4_s2020.summary.json,none@closure,16,128,4,2020,750,16,0.125,0.125,0.10773577008928573,0.35355,0.04025
none@closure_L16_st128_k4_s2020.summary.json,none@closure,16,128,4,2020,1000,16,0.1875,0.1875,0.17211100260416667,0.298740625,0.0895
none@closure_L16_st128_k4_s2020.summary.json,none@closure,16,128,4,2020,1500,16,0.0625,0.0625,0.1316987537202381,0.192909375,0.1569
none@closure_L16_st128_k4_s2020.summary.json,none@closure,16,128,4,2020,2000,16,0.125,0.125,0.0916410900297619,0.162128125,0.13535
none@closure_L16_st128_k4_s2020.summary.json,none@closure,16,128,4,2020,3000,16,0.0625,0.0625,0.09344773065476189,0.169596875,0.12735
none@closure_L16_st128_k4_s2020.summary.json,none@closure,16,128,4,2020,5000,16,0.0625,0.0625,0.07485932849702381,0.161134375,0.14745
none@closure_L16_st128_k4_s2020.summary.json,none@closure,16,128,4,2020,7500,16,0.0625,0.0625,0.07508138020833334,0.162990625,0.08955
none@closure_L16_st128_k4_s2020.summary.json,none@closure,16,128,4,2020,10000,16,0.75,0.75,0.7666015625,0.04888125,0.56825
none@closure_L16_st128_k4_s2020.summary.json,none@closure,16,128,4,2020,15000,16,0.6875,0.6875,0.7023193359375,0.011425,0.6066
none@closure_L16_st128_k4_s2020.summary.json,none@closure,16,128,4,2020,20000,16,0.875,0.875,0.8751220703125,0.004734375,0.7607
none@closure_L16_st128_k4_s2020.summary.json,none@closure,16,128,4,2020,30000,16,0.9375,0.9375,0.9330159505208333,0.004753125,0.87255
none@closure_L16_st128_k4_s2020.summary.json,none@closure,16,128,4,2020,50000,16,0.875,0.875,0.8734840029761906,0.0037875,0.8806
none@closure_L16_st128_k4_s2020.summary.json,none@closure,16,128,4,2020,75000,16,0.875,0.875,0.8798828125,0.005125,0.8745
none@closure_L16_st128_k4_s2020.summary.json,none@closure,16,128,4,2020,100000,16,0.8125,0.8125,0.8163155691964286,0.003996875,0.8816
none@closure_L16_st128_k4_s2020.summary.json,none@closure,16,128,4,2020,150000,16,0.875,0.875,0.8738839285714286,0.00514375,0.8686
none@closure_L16_st128_k4_s2020.summary.json,none@closure,16,128,4,2020,200000,16,0.9375,0.9375,0.9317987351190475,0.003765625,0.8754
none@closure_L16_st128_k4_s2020.summary.json,none@closure,16,128,4,2020,300000,16,1.0,1.0,0.9960518973214285,0.003675,0.8582
none@closure_L50_st128_k4_s2001.summary.json,none@closure,50,128,4,2001,50,16,0.0,0.0,0.05057254492555001,0.27175,0.00925
none@closure_L50_st128_k4_s2001.summary.json,none@closure,50,128,4,2001,100,16,0.0625,0.0,0.08246776311921045,0.313825,0.01195
none@closure_L50_st128_k4_s2001.summary.json,none@closure,50,128,4,2001,150,16,0.0,0.0,0.06374380973300224,0.333838,0.0138
none@closure_L50_st128_k4_s2001.summary.json,none@closure,50,128,4,2001,200,16,0.0,0.0,0.05162057006146874,0.3465,0.0158
none@closure_L50_st128_k4_s2001.summary.json,none@closure,50,128,4,2001,300,16,0.0,0.0,0.050821540093763565,0.360751,0.0122
none@closure_L50_st128_k4_s2001.summary.json,none@closure,50,128,4,2001,500,16,0.0,0.0,0.07752036802087857,0.36263,0.0293
none@closure_L50_st128_k4_s2001.summary.json,none@closure,50,128,4,2001,750,16,0.125,0.125,0.0943296270885349,0.353201,0.0811
none@closure_L50_st128_k4_s2001.summary.json,none@closure,50,128,4,2001,1000,16,0.0625,0.0625,0.06965476557976913,0.328249,0.15615
none@closure_L50_st128_k4_s2001.summary.json,none@closure,50,128,4,2001,1500,16,0.5,0.375,0.29688583632422383,0.218262,0.43025
none@closure_L50_st128_k4_s2001.summary.json,none@closure,50,128,4,2001,2000,16,0.4375,0.375,0.2860916227361956,0.142975,0.586
none@closure_L50_st128_k4_s2001.summary.json,none@closure,50,128,4,2001,3000,16,0.6875,0.625,0.4017585432610544,0.130311,0.59785
none@closure_L50_st128_k4_s2001.summary.json,none@closure,50,128,4,2001,5000,16,0.4375,0.25,0.2729276923951096,0.150222,0.27785
none@closure_L50_st128_k4_s2001.summary.json,none@closure,50,128,4,2001,7500,16,0.4375,0.375,0.3091969798225141,0.13554,0.2483
none@closure_L50_st128_k4_s2001.summary.json,none@closure,50,128,4,2001,10000,16,0.375,0.1875,0.2864760263729827,0.090506,0.35035
none@closure_L50_st128_k4_s2001.summary.json,none@closure,50,128,4,2001,15000,16,0.6875,0.625,0.47080002504658774,0.089753,0.41245
none@closure_L50_st128_k4_s2001.summary.json,none@closure,50,128,4,2001,20000,16,0.5,0.25,0.27644910774388676,0.070174,0.4551
none@closure_L50_st128_k4_s2001.summary.json,none@closure,50,128,4,2001,30000,16,0.6875,0.25,0.39916997487991207,0.06289,0.3411
none@closure_L50_st128_k4_s2001.summary.json,none@closure,50,128,4,2001,50000,16,0.625,0.4375,0.3920047864142332,0.064042,0.5361
none@closure_L50_st128_k4_s2001.summary.json,none@closure,50,128,4,2001,75000,16,0.5625,0.5,0.4374800178548813,0.04876,0.59535
none@closure_L50_st128_k4_s2001.summary.json,none@closure,50,128,4,2001,100000,16,0.625,0.5,0.41565905195334385,0.04834,0.5983
none@closure_L50_st128_k4_s2001.summary.json,none@closure,50,128,4,2001,150000,16,0.5,0.4375,0.39649961214539003,0.049654,0.5989
none@closure_L50_st128_k4_s2001.summary.json,none@closure,50,128,4,2001,200000,16,0.5625,0.5625,0.4009202338265758,0.048296,0.61275
none@closure_L50_st128_k4_s2001.summary.json,none@closure,50,128,4,2001,300000,16,0.5,0.25,0.3673644445311369,0.048957,0.6019
none@closure_L50_st128_k4_s2002.summary.json,none@closure,50,128,4,2002,50,16,0.0,0.0,0.040516688349209365,0.27319,0.00975
none@closure_L50_st128_k4_s2002.summary.json,none@closure,50,128,4,2002,100,16,0.0,0.0,0.04374388022185342,0.311369,0.00805
none@closure_L50_st128_k4_s2002.summary.json,none@closure,50,128,4,2002,150,16,0.0,0.0,0.04764528858418367,0.330671,0.01085
none@closure_L50_st128_k4_s2002.summary.json,none@closure,50,128,4,2002,200,16,0.0625,0.0,0.06437453478587318,0.343174,0.0034
none@closure_L50_st128_k4_s2002.summary.json,none@closure,50,128,4,2002,300,16,0.0,0.0,0.049921949913609064,0.359035,0.00665
none@closure_L50_st128_k4_s2002.summary.json,none@closure,50,128,4,2002,500,16,0.0,0.0,0.05519804242197284,0.367112,0.01795
none@closure_L50_st128_k4_s2002.summary.json,none@closure,50,128,4,2002,750,16,0.0625,0.0625,0.07842015347420189,0.364206,0.0527
none@closure_L50_st128_k4_s2002.summary.json,none@closure,50,128,4,2002,1000,16,0.125,0.0625,0.13317274470459728,0.347761,0.10825
none@closure_L50_st128_k4_s2002.summary.json,none@closure,50,128,4,2002,1500,16,0.375,0.375,0.259115530354429,0.246317,0.33015
none@closure_L50_st128_k4_s2002.summary.json,none@closure,50,128,4,2002,2000,16,0.6875,0.4375,0.40932306013329534,0.153567,0.48805
none@closure_L50_st128_k4_s2002.summary.json,none@closure,50,128,4,2002,3000,16,0.25,0.125,0.2127935369626574,0.119483,0.47395
none@closure_L50_st128_k4_s2002.summary.json,none@closure,50,128,4,2002,5000,16,0.3125,0.125,0.1701174288951242,0.165666,0.1356
none@closure_L50_st128_k4_s2002.summary.json,none@closure,50,128,4,2002,7500,16,0.375,0.375,0.28850898383788354,0.135689,0.19925
none@closure_L50_st128_k4_s2002.summary.json,none@closure,50,128,4,2002,10000,16,0.375,0.1875,0.2670057567574903,0.101732,0.25615
none@closure_L50_st128_k4_s2002.summary.json,none@closure,50,128,4,2002,15000,16,0.4375,0.3125,0.2662962372448979,0.069186,0.2865
none@closure_L50_st128_k4_s2002.summary.json,none@closure,50,128,4,2002,20000,16,0.3125,0.125,0.21494336813847878,0.069947,0.28945
none@closure_L50_st128_k4_s2002.summary.json,none@closure,50,128,4,2002,30000,16,0.75,0.375,0.40853618595875846,0.064569,0.45035
none@closure_L50_st128_k4_s2002.summary.json,none@closure,50,128,4,2002,50000,16,0.4375,0.375,0.3809281329719388,0.051873,0.5892
none@closure_L50_st128_k4_s2002.summary.json,none@closure,50,128,4,2002,75000,16,0.5625,0.3125,0.35839145993337496,0.049308,0.5931
none@closure_L50_st128_k4_s2002.summary.json,none@closure,50,128,4,2002,100000,16,0.625,0.4375,0.43062692655187074,0.0487,0.60115
none@closure_L50_st128_k4_s2002.summary.json,none@closure,50,128,4,2002,150000,16,0.6875,0.625,0.5026062684881133,0.050623,0.6023
none@closure_L50_st128_k4_s2002.summary.json,none@closure,50,128,4,2002,200000,16,0.5,0.375,0.3305296024659864,0.048043,0.60415
none@closure_L50_st128_k4_s2002.summary.json,none@closure,50,128,4,2002,300000,16,0.625,0.5,0.487071671515218,0.048133,0.6076
none@closure_L50_st128_k4_s2003.summary.json,none@closure,50,128,4,2003,50,16,0.0,0.0,0.050832840034284996,0.27224,0.01025
none@closure_L50_st128_k4_s2003.summary.json,none@closure,50,128,4,2003,100,16,0.0,0.0,0.04283404755685519,0.313988,0.00915
none@closure_L50_st128_k4_s2003.summary.json,none@closure,50,128,4,2003,150,16,0.0,0.0,0.06499014584911497,0.334636,0.0153
none@closure_L50_st128_k4_s2003.summary.json,none@closure,50,128,4,2003,200,16,0.0,0.0,0.044909163469533275,0.347923,0.0112
none@closure_L50_st128_k4_s2003.summary.json,none@closure,50,128,4,2003,300,16,0.0,0.0,0.059306059691163704,0.363138,0.0114
none@closure_L50_st128_k4_s2003.summary.json,none@closure,50,128,4,2003,500,16,0.0,0.0,0.06493988112199667,0.377822,0.01565
none@closure_L50_st128_k4_s2003.summary.json,none@closure,50,128,4,2003,750,16,0.0,0.0,0.0485960087159864,0.385491,0.0103
none@closure_L50_st128_k4_s2003.summary.json,none@closure,50,128,4,2003,1000,16,0.0,0.0,0.06641859378392315,0.381853,0.0057
none@closure_L50_st128_k4_s2003.summary.json,none@closure,50,128,4,2003,1500,16,0.1875,0.0625,0.1482591692598206,0.32966,0.09585
none@closure_L50_st128_k4_s2003.summary.json,none@closure,50,128,4,2003,2000,16,0.25,0.1875,0.16508017117397086,0.225229,0.30485
none@closure_L50_st128_k4_s2003.summary.json,none@closure,50,128,4,2003,3000,16,0.5625,0.5,0.34514279947351284,0.120852,0.47115
none@closure_L50_st128_k4_s2003.summary.json,none@closure,50,128,4,2003,5000,16,0.5625,0.375,0.34744464732369007,0.081062,0.3069
none@closure_L50_st128_k4_s2003.summary.json,none@closure,50,128,4,2003,7500,16,0.6875,0.4375,0.42063373591624154,0.076862,0.28995
none@closure_L50_st128_k4_s2003.summary.json,none@closure,50,128,4,2003,10000,16,0.5,0.375,0.33777081340348636,0.073036,0.2579
none@closure_L50_st128_k4_s2003.summary.json,none@closure,50,128,4,2003,15000,16,0.5,0.3125,0.35790162033896,0.06839,0.29865
none@closure_L50_st128_k4_s2003.summary.json,none@closure,50,128,4,2003,20000,16,0.375,0.3125,0.30001258901998296,0.067216,0.2766
none@closure_L50_st128_k4_s2003.summary.json,none@closure,50,128,4,2003,30000,16,0.625,0.4375,0.41410025080510926,0.061863,0.3611
none@closure_L50_st128_k4_s2003.summary.json,none@closure,50,128,4,2003,50000,16,0.5625,0.5,0.4336949773471243,0.070286,0.4311
none@closure_L50_st128_k4_s2003.summary.json,none@closure,50,128,4,2003,75000,16,0.625,0.5,0.40630452791987803,0.056418,0.55155
none@closure_L50_st128_k4_s2003.summary.json,none@closure,50,128,4,2003,100000,16,0.4375,0.4375,0.34713890438988093,0.049777,0.56725
none@closure_L50_st128_k4_s2003.summary.json,none@closure,50,128,4,2003,150000,16,0.5625,0.4375,0.36930971773682875,0.050944,0.573
none@closure_L50_st128_k4_s2003.summary.json,none@closure,50,128,4,2003,200000,16,0.6875,0.625,0.43427372316113944,0.047046,0.57995
none@closure_L50_st128_k4_s2003.summary.json,none@closure,50,128,4,2003,300000,16,0.6875,0.6875,0.4614589976615646,0.048545,0.5731
none@closure_L50_st128_k4_s2004.summary.json,none@closure,50,128,4,2004,50,16,0.0,0.0,0.06610476018033544,0.2762,0.0112
none@closure_L50_st128_k4_s2004.summary.json,none@closure,50,128,4,2004,100,16,0.0,0.0,0.05685565815421914,0.312704,0.01605
none@closure_L50_st128_k4_s2004.summary.json,none@closure,50,128,4,2004,150,16,0.0,0.0,0.035938097895408166,0.334136,0.01745
none@closure_L50_st128_k4_s2004.summary.json,none@closure,50,128,4,2004,200,16,0.0,0.0,0.07976506757268993,0.346462,0.01255
none@closure_L50_st128_k4_s2004.summary.json,none@closure,50,128,4,2004,300,16,0.0,0.0,0.04220907917543752,0.362704,0.01475
none@closure_L50_st128_k4_s2004.summary.json,none@closure,50,128,4,2004,500,16,0.0625,0.0,0.08831709757539985,0.373139,0.00675
none@closure_L50_st128_k4_s2004.summary.json,none@closure,50,128,4,2004,750,16,0.125,0.0,0.13871549168204517,0.370155,0.03465
none@closure_L50_st128_k4_s2004.summary.json,none@closure,50,128,4,2004,1000,16,0.0625,0.0625,0.08796593739036432,0.352558,0.0914
none@closure_L50_st128_k4_s2004.summary.json,none@closure,50,128,4,2004,1500,16,0.25,0.1875,0.18250470047560247,0.297544,0.221
none@closure_L50_st128_k4_s2004.summary.json,none@closure,50,128,4,2004,2000,16,0.5625,0.5,0.3731215787096088,0.215177,0.34845
none@closure_L50_st128_k4_s2004.summary.json,none@closure,50,128,4,2004,3000,16,0.5,0.4375,0.39815903268721053,0.119728,0.4813
none@closure_L50_st128_k4_s2004.summary.json,none@closure,50,128,4,2004,5000,16,0.375,0.375,0.3317673399562618,0.08669,0.3981
none@closure_L50_st128_k4_s2004.summary.json,none@closure,50,128,4,2004,7500,16,0.625,0.5,0.39203926999656247,0.068913,0.4306
none@closure_L50_st128_k4_s2004.summary.json,none@closure,50,128,4,2004,10000,16,0.625,0.5,0.4391670695039984,0.068213,0.461
none@closure_L50_st128_k4_s2004.summary.json,none@closure,50,128,4,2004,15000,16,0.4375,0.375,0.38702766828140833,0.064668,0.4883
none@closure_L50_st128_k4_s2004.summary.json,none@closure,50,128,4,2004,20000,16,0.625,0.625,0.5048153951989706,0.060424,0.5159
none@closure_L50_st128_k4_s2004.summary.json,none@closure,50,128,4,2004,30000,16,0.75,0.625,0.4698293008609693,0.052743,0.53945
none@closure_L50_st128_k4_s2004.summary.json,none@closure,50,128,4,2004,50000,16,0.75,0.5,0.5167363766068263,0.052968,0.56895
none@closure_L50_st128_k4_s2004.summary.json,none@closure,50,128,4,2004,75000,16,0.4375,0.3125,0.34012909310998335,0.050331,0.5888
none@closure_L50_st128_k4_s2004.summary.json,none@closure,50,128,4,2004,100000,16,0.625,0.5625,0.4172965494791667,0.049208,0.61575
none@closure_L50_st128_k4_s2004.summary.json,none@closure,50,128,4,2004,150000,16,0.3125,0.3125,0.30684291294642857,0.050401,0.60145
none@closure_L50_st128_k4_s2004.summary.json,none@closure,50,128,4,2004,200000,16,0.4375,0.1875,0.30372700152201837,0.046811,0.5976
none@closure_L50_st128_k4_s2004.summary.json,none@closure,50,128,4,2004,300000,16,0.5625,0.5625,0.41626805347305146,0.054602,0.5931
none@closure_L50_st128_k4_s2005.summary.json,none@closure,50,128,4,2005,50,16,0.0,0.0,0.05951361985951296,0.273087,0.0104
none@closure_L50_st128_k4_s2005.summary.json,none@closure,50,128,4,2005,100,16,0.0,0.0,0.04951453225073274,0.313811,0.01065
none@closure_L50_st128_k4_s2005.summary.json,none@closure,50,128,4,2005,150,16,0.0,0.0,0.04328860004520136,0.336644,0.0126
none@closure_L50_st128_k4_s2005.summary.json,none@closure,50,128,4,2005,200,16,0.0,0.0,0.05373774738452562,0.348418,0.0127
none@closure_L50_st128_k4_s2005.summary.json,none@closure,50,128,4,2005,300,16,0.0,0.0,0.07339165640491568,0.358213,0.01225
none@closure_L50_st128_k4_s2005.summary.json,none@closure,50,128,4,2005,500,16,0.0,0.0,0.056714135745721164,0.355278,0.06145
none@closure_L50_st128_k4_s2005.summary.json,none@closure,50,128,4,2005,750,16,0.0625,0.0625,0.10867761649207555,0.331981,0.1443
none@closure_L50_st128_k4_s2005.summary.json,none@closure,50,128,4,2005,1000,16,0.25,0.125,0.16059232122724493,0.285346,0.28115
none@closure_L50_st128_k4_s2005.summary.json,none@closure,50,128,4,2005,1500,16,0.4375,0.3125,0.3034542665752413,0.173643,0.5662
none@closure_L50_st128_k4_s2005.summary.json,none@closure,50,128,4,2005,2000,16,0.8125,0.625,0.4511356450825011,0.111506,0.6911
none@closure_L50_st128_k4_s2005.summary.json,none@closure,50,128,4,2005,3000,16,0.5,0.25,0.2661465867098169,0.132529,0.4775
none@closure_L50_st128_k4_s2005.summary.json,none@closure,50,128,4,2005,5000,16,0.0625,0.0,0.10003566453177015,0.152759,0.2256
none@closure_L50_st128_k4_s2005.summary.json,none@closure,50,128,4,2005,7500,16,0.3125,0.1875,0.21224350541003673,0.114858,0.34055
none@closure_L50_st128_k4_s2005.summary.json,none@closure,50,128,4,2005,10000,16,0.5,0.25,0.3089220998821736,0.063049,0.5224
none@closure_L50_st128_k4_s2005.summary.json,none@closure,50,128,4,2005,15000,16,0.875,0.75,0.6665399736191018,0.049333,0.5773
none@closure_L50_st128_k4_s2005.summary.json,none@closure,50,128,4,2005,20000,16,0.4375,0.375,0.3093981115551274,0.048238,0.57455
none@closure_L50_st128_k4_s2005.summary.json,none@closure,50,128,4,2005,30000,16,0.625,0.5625,0.4266652687504523,0.048086,0.5719
none@closure_L50_st128_k4_s2005.summary.json,none@closure,50,128,4,2005,50000,16,0.5625,0.4375,0.37830404281892277,0.045661,0.5711
none@closure_L50_st128_k4_s2005.summary.json,none@closure,50,128,4,2005,75000,16,0.5,0.4375,0.3956083585778062,0.04917,0.5788
none@closure_L50_st128_k4_s2005.summary.json,none@closure,50,128,4,2005,100000,16,0.6875,0.625,0.4891570006909014,0.046055,0.57555
none@closure_L50_st128_k4_s2005.summary.json,none@closure,50,128,4,2005,150000,16,0.625,0.5625,0.47671290815195766,0.049226,0.56925
none@closure_L50_st128_k4_s2005.summary.json,none@closure,50,128,4,2005,200000,16,0.6875,0.375,0.37618662791094987,0.045661,0.57305
none@closure_L50_st128_k4_s2005.summary.json,none@closure,50,128,4,2005,300000,16,0.5625,0.4375,0.43930750425170073,0.048127,0.566
none@closure_L50_st128_k4_s2006.summary.json,none@closure,50,128,4,2006,50,16,0.0,0.0,0.03496725073839376,0.270044,0.00925
none@closure_L50_st128_k4_s2006.summary.json,none@closure,50,128,4,2006,100,16,0.0,0.0,0.03507988402562112,0.313896,0.01365
none@closure_L50_st128_k4_s2006.summary.json,none@closure,50,128,4,2006,150,16,0.0,0.0,0.0397369995205529,0.332113,0.0114
none@closure_L50_st128_k4_s2006.summary.json,none@closure,50,128,4,2006,200,16,0.0,0.0,0.044540370900904305,0.347163,0.01175
none@closure_L50_st128_k4_s2006.summary.json,none@closure,50,128,4,2006,300,16,0.0,0.0,0.05104586324223839,0.361105,0.01065
none@closure_L50_st128_k4_s2006.summary.json,none@closure,50,128,4,2006,500,16,0.0625,0.0,0.0782449529429458,0.372785,0.01345
none@closure_L50_st128_k4_s2006.summary.json,none@closure,50,128,4,2006,750,16,0.0625,0.0625,0.07315143460974816,0.364877,0.04985
none@closure_L50_st128_k4_s2006.summary.json,none@closure,50,128,4,2006,1000,16,0.1875,0.1875,0.1464079419475208,0.343663,0.11935
none@closure_L50_st128_k4_s2006.summary.json,none@closure,50,128,4,2006,1500,16,0.3125,0.25,0.18771564659773485,0.25104,0.3399
none@closure_L50_st128_k4_s2006.summary.json,none@closure,50,128,4,2006,2000,16,0.8125,0.5,0.4252784927551473,0.154461,0.5741
none@closure_L50_st128_k4_s2006.summary.json,none@closure,50,128,4,2006,3000,16,0.4375,0.3125,0.2695802399666649,0.128024,0.61665
none@closure_L50_st128_k4_s2006.summary.json,none@closure,50,128,4,2006,5000,16,0.5625,0.4375,0.3609172938207863,0.116541,0.57925
none@closure_L50_st128_k4_s2006.summary.json,none@closure,50,128,4,2006,7500,16,0.625,0.5,0.3967380974996382,0.088962,0.41335
none@closure_L50_st128_k4_s2006.summary.json,none@closure,50,128,4,2006,10000,16,0.4375,0.375,0.32713562232572546,0.066191,0.47535
none@closure_L50_st128_k4_s2006.summary.json,none@closure,50,128,4,2006,15000,16,0.75,0.6875,0.44050081019774934,0.05132,0.56945
none@closure_L50_st128_k4_s2006.summary.json,none@closure,50,128,4,2006,20000,16,0.375,0.1875,0.2832134828665509,0.04867,0.56825
none@closure_L50_st128_k4_s2006.summary.json,none@closure,50,128,4,2006,30000,16,0.5,0.4375,0.34048655187640214,0.050792,0.5725
none@closure_L50_st128_k4_s2006.summary.json,none@closure,50,128,4,2006,50000,16,0.5625,0.5,0.3828394031731709,0.049798,0.5808
none@closure_L50_st128_k4_s2006.summary.json,none@closure,50,128,4,2006,75000,16,0.6875,0.6875,0.5654777184311224,0.049246,0.5672
none@closure_L50_st128_k4_s2006.summary.json,none@closure,50,128,4,2006,100000,16,0.5,0.4375,0.4102274582123408,0.049205,0.5788
none@closure_L50_st128_k4_s2006.summary.json,none@closure,50,128,4,2006,150000,16,0.5625,0.4375,0.356927415497449,0.049627,0.56655
none@closure_L50_st128_k4_s2006.summary.json,none@closure,50,128,4,2006,200000,16,0.5,0.375,0.335103720011941,0.048533,0.57785
none@closure_L50_st128_k4_s2006.summary.json,none@closure,50,128,4,2006,300000,16,0.625,0.5,0.3888296197385204,0.048268,0.58325
none@closure_L50_st128_k4_s2007.summary.json,none@closure,50,128,4,2007,50,16,0.0,0.0,0.04137040737172529,0.275736,0.0113
none@closure_L50_st128_k4_s2007.summary.json,none@closure,50,128,4,2007,100,16,0.0,0.0,0.04899200789170317,0.315842,0.0129
none@closure_L50_st128_k4_s2007.summary.json,none@closure,50,128,4,2007,150,16,0.0,0.0,0.04334028932926373,0.336258,0.0106
none@closure_L50_st128_k4_s2007.summary.json,none@closure,50,128,4,2007,200,16,0.0,0.0,0.0333728325938088,0.347237,0.01165
none@closure_L50_st128_k4_s2007.summary.json,none@closure,50,128,4,2007,300,16,0.0,0.0,0.062249302006735854,0.362654,0.01355
none@closure_L50_st128_k4_s2007.summary.json,none@closure,50,128,4,2007,500,16,0.0625,0.0,0.0684003598114778,0.367785,0.02275
none@closure_L50_st128_k4_s2007.summary.json,none@closure,50,128,4,2007,750,16,0.125,0.0625,0.09575006439866361,0.353789,0.0804
none@closure_L50_st128_k4_s2007.summary.json,none@closure,50,128,4,2007,1000,16,0.25,0.1875,0.18451356261420793,0.325576,0.1603
none@closure_L50_st128_k4_s2007.summary.json,none@closure,50,128,4,2007,1500,16,0.3125,0.3125,0.22034322146267157,0.233124,0.4075
none@closure_L50_st128_k4_s2007.summary.json,none@closure,50,128,4,2007,2000,16,0.3125,0.3125,0.24855375532027968,0.132552,0.66985
none@closure_L50_st128_k4_s2007.summary.json,none@closure,50,128,4,2007,3000,16,0.1875,0.1875,0.1784336158000434,0.108009,0.63335
none@closure_L50_st128_k4_s2007.summary.json,none@closure,50,128,4,2007,5000,16,0.4375,0.375,0.3553831880574703,0.076469,0.50415
none@closure_L50_st128_k4_s2007.summary.json,none@closure,50,128,4,2007,7500,16,0.375,0.25,0.33175949452254305,0.04884,0.5718
none@closure_L50_st128_k4_s2007.summary.json,none@closure,50,128,4,2007,10000,16,0.375,0.25,0.2886029783241928,0.049377,0.56745
none@closure_L50_st128_k4_s2007.summary.json,none@closure,50,128,4,2007,15000,16,0.5,0.375,0.35570124579918405,0.051191,0.5649
none@closure_L50_st128_k4_s2007.summary.json,none@closure,50,128,4,2007,20000,16,0.625,0.4375,0.38665464232568025,0.050822,0.5636
none@closure_L50_st128_k4_s2007.summary.json,none@closure,50,128,4,2007,30000,16,0.3125,0.1875,0.2547816860721798,0.046138,0.59055
none@closure_L50_st128_k4_s2007.summary.json,none@closure,50,128,4,2007,50000,16,0.625,0.5625,0.4108192446277048,0.048399,0.57265
none@closure_L50_st128_k4_s2007.summary.json,none@closure,50,128,4,2007,75000,16,0.625,0.4375,0.33083411215217473,0.04958,0.58265
none@closure_L50_st128_k4_s2007.summary.json,none@closure,50,128,4,2007,100000,16,0.6875,0.6875,0.45663740866193553,0.047383,0.5723
none@closure_L50_st128_k4_s2007.summary.json,none@closure,50,128,4,2007,150000,16,0.625,0.4375,0.38935804832238746,0.047513,0.57655
none@closure_L50_st128_k4_s2007.summary.json,none@closure,50,128,4,2007,200000,16,0.625,0.5625,0.47070271721554313,0.048849,0.57855
none@closure_L50_st128_k4_s2007.summary.json,none@closure,50,128,4,2007,300000,16,0.6875,0.4375,0.42386715993744567,0.047463,0.5809
none@closure_L50_st128_k4_s2008.summary.json,none@closure,50,128,4,2008,50,16,0.0,0.0,0.029651991656037414,0.274688,0.00995
none@closure_L50_st128_k4_s2008.summary.json,none@closure,50,128,4,2008,100,16,0.0,0.0,0.043541032021186137,0.314843,0.0104
none@closure_L50_st128_k4_s2008.summary.json,none@closure,50,128,4,2008,150,16,0.0,0.0,0.047240942901646085,0.333632,0.01045
none@closure_L50_st128_k4_s2008.summary.json,none@closure,50,128,4,2008,200,16,0.0,0.0,0.04004729592967507,0.345317,0.0057
none@closure_L50_st128_k4_s2008.summary.json,none@closure,50,128,4,2008,300,16,0.0625,0.0,0.08784043570885801,0.357195,0.00965
none@closure_L50_st128_k4_s2008.summary.json,none@closure,50,128,4,2008,500,16,0.125,0.0625,0.12530171314702743,0.352611,0.04335
none@closure_L50_st128_k4_s2008.summary.json,none@closure,50,128,4,2008,750,16,0.375,0.375,0.22996391923371454,0.293987,0.1241
none@closure_L50_st128_k4_s2008.summary.json,none@closure,50,128,4,2008,1000,16,0.125,0.125,0.12484103120137682,0.247679,0.20245
none@closure_L50_st128_k4_s2008.summary.json,none@closure,50,128,4,2008,1500,16,0.5625,0.4375,0.34882309414247603,0.168079,0.34945
none@closure_L50_st128_k4_s2008.summary.json,none@closure,50,128,4,2008,2000,16,0.625,0.5625,0.36663418808347803,0.127773,0.42635
none@closure_L50_st128_k4_s2008.summary.json,none@closure,50,128,4,2008,3000,16,0.625,0.5,0.3869372878390053,0.118455,0.40495
none@closure_L50_st128_k4_s2008.summary.json,none@closure,50,128,4,2008,5000,16,0.375,0.375,0.26978646370449777,0.104854,0.2176
none@closure_L50_st128_k4_s2008.summary.json,none@closure,50,128,4,2008,7500,16,0.6875,0.6875,0.5059922738626701,0.066782,0.3325
none@closure_L50_st128_k4_s2008.summary.json,none@closure,50,128,4,2008,10000,16,0.5,0.3125,0.3376845793586717,0.066259,0.3534
none@closure_L50_st128_k4_s2008.summary.json,none@closure,50,128,4,2008,15000,16,0.75,0.6875,0.5377534383933096,0.067111,0.384
none@closure_L50_st128_k4_s2008.summary.json,none@closure,50,128,4,2008,20000,16,0.5625,0.5625,0.43028650639112026,0.065766,0.36515
none@closure_L50_st128_k4_s2008.summary.json,none@closure,50,128,4,2008,30000,16,0.25,0.25,0.21895364806783607,0.066957,0.33265
none@closure_L50_st128_k4_s2008.summary.json,none@closure,50,128,4,2008,50000,16,0.5625,0.4375,0.39430912761547443,0.071401,0.2869
none@closure_L50_st128_k4_s2008.summary.json,none@closure,50,128,4,2008,75000,16,0.5,0.375,0.38511396550807825,0.063607,0.37055
none@closure_L50_st128_k4_s2008.summary.json,none@closure,50,128,4,2008,100000,16,0.6875,0.5625,0.504116675967262,0.061975,0.4311
none@closure_L50_st128_k4_s2008.summary.json,none@closure,50,128,4,2008,150000,16,0.5625,0.3125,0.3527161951140742,0.047791,0.56975
none@closure_L50_st128_k4_s2008.summary.json,none@closure,50,128,4,2008,200000,16,0.75,0.75,0.5193103940795067,0.048421,0.58845
none@closure_L50_st128_k4_s2008.summary.json,none@closure,50,128,4,2008,300000,16,0.75,0.5625,0.42636907871526275,0.046315,0.57735
none@closure_L50_st128_k4_s2009.summary.json,none@closure,50,128,4,2009,50,16,0.0,0.0,0.04697304034356574,0.274737,0.01105
none@closure_L50_st128_k4_s2009.summary.json,none@closure,50,128,4,2009,100,16,0.0,0.0,0.03245205986859649,0.317058,0.00965
none@closure_L50_st128_k4_s2009.summary.json,none@closure,50,128,4,2009,150,16,0.0,0.0,0.03322350786225395,0.337154,0.01675
none@closure_L50_st128_k4_s2009.summary.json,none@closure,50,128,4,2009,200,16,0.0,0.0,0.06710730163220469,0.350256,0.01105
none@closure_L50_st128_k4_s2009.summary.json,none@closure,50,128,4,2009,300,16,0.0,0.0,0.035342720573934366,0.365757,0.01515
none@closure_L50_st128_k4_s2009.summary.json,none@closure,50,128,4,2009,500,16,0.0,0.0,0.036142330799471156,0.374011,0.01455
none@closure_L50_st128_k4_s2009.summary.json,none@closure,50,128,4,2009,750,16,0.0,0.0,0.040807012323098184,0.380493,0.01515
none@closure_L50_st128_k4_s2009.summary.json,none@closure,50,128,4,2009,1000,16,0.0625,0.0,0.0667320231367148,0.375853,0.0278
none@closure_L50_st128_k4_s2009.summary.json,none@closure,50,128,4,2009,1500,16,0.3125,0.25,0.20390705426119915,0.313036,0.17505
none@closure_L50_st128_k4_s2009.summary.json,none@closure,50,128,4,2009,2000,16,0.3125,0.1875,0.22858255874259392,0.249677,0.2821
none@closure_L50_st128_k4_s2009.summary.json,none@closure,50,128,4,2009,3000,16,0.25,0.0625,0.1686745941366255,0.12505,0.38835
none@closure_L50_st128_k4_s2009.summary.json,none@closure,50,128,4,2009,5000,16,0.4375,0.25,0.3263562338582375,0.093282,0.3711
none@closure_L50_st128_k4_s2009.summary.json,none@closure,50,128,4,2009,7500,16,0.5,0.3125,0.32724425664583884,0.081815,0.38275
none@closure_L50_st128_k4_s2009.summary.json,none@closure,50,128,4,2009,10000,16,0.3125,0.25,0.24489851820881278,0.073914,0.39865
none@closure_L50_st128_k4_s2009.summary.json,none@closure,50,128,4,2009,15000,16,0.625,0.4375,0.4473649526715607,0.07169,0.41625
none@closure_L50_st128_k4_s2009.summary.json,none@closure,50,128,4,2009,20000,16,0.5,0.1875,0.3372679791248281,0.065595,0.43555
none@closure_L50_st128_k4_s2009.summary.json,none@closure,50,128,4,2009,30000,16,0.5,0.25,0.29439914974467185,0.058651,0.45925
none@closure_L50_st128_k4_s2009.summary.json,none@closure,50,128,4,2009,50000,16,0.5625,0.4375,0.3969334326150673,0.058706,0.43915
none@closure_L50_st128_k4_s2009.summary.json,none@closure,50,128,4,2009,75000,16,0.4375,0.375,0.3826233692862118,0.072278,0.28555
none@closure_L50_st128_k4_s2009.summary.json,none@closure,50,128,4,2009,100000,16,0.4375,0.375,0.32014530766595206,0.064775,0.46065
none@closure_L50_st128_k4_s2009.summary.json,none@closure,50,128,4,2009,150000,16,0.6875,0.5,0.4883071588010204,0.046941,0.5739
none@closure_L50_st128_k4_s2009.summary.json,none@closure,50,128,4,2009,200000,16,0.75,0.6875,0.4680933779761905,0.051346,0.56785
none@closure_L50_st128_k4_s2009.summary.json,none@closure,50,128,4,2009,300000,16,0.75,0.4375,0.4949901545142658,0.051638,0.5713
none@closure_L50_st128_k4_s2010.summary.json,none@closure,50,128,4,2010,50,16,0.0,0.0,0.051008104663075336,0.274281,0.00885
none@closure_L50_st128_k4_s2010.summary.json,none@closure,50,128,4,2010,100,16,0.0,0.0,0.037619241970391876,0.317639,0.01125
none@closure_L50_st128_k4_s2010.summary.json,none@closure,50,128,4,2010,150,16,0.0,0.0,0.041007908898266755,0.335956,0.01025
none@closure_L50_st128_k4_s2010.summary.json,none@closure,50,128,4,2010,200,16,0.0,0.0,0.044750642984920035,0.347737,0.012
none@closure_L50_st128_k4_s2010.summary.json,none@closure,50,128,4,2010,300,16,0.0,0.0,0.05629852281670647,0.362778,0.0129
none@closure_L50_st128_k4_s2010.summary.json,none@closure,50,128,4,2010,500,16,0.0625,0.0,0.07195820781770156,0.373551,0.0095
none@closure_L50_st128_k4_s2010.summary.json,none@closure,50,128,4,2010,750,16,0.0,0.0,0.05508128077419104,0.371108,0.0431
none@closure_L50_st128_k4_s2010.summary.json,none@closure,50,128,4,2010,1000,16,0.0,0.0,0.0750100878948654,0.350551,0.10645
none@closure_L50_st128_k4_s2010.summary.json,none@closure,50,128,4,2010,1500,16,0.1875,0.1875,0.17131169347725794,0.276817,0.29955
none@closure_L50_st128_k4_s2010.summary.json,none@closure,50,128,4,2010,2000,16,0.1875,0.125,0.1537617253932823,0.212227,0.36575
none@closure_L50_st128_k4_s2010.summary.json,none@closure,50,128,4,2010,3000,16,0.1875,0.125,0.1578801971669652,0.151406,0.28445
none@closure_L50_st128_k4_s2010.summary.json,none@closure,50,128,4,2010,5000,16,0.125,0.0625,0.10455305763429043,0.151798,0.2349
none@closure_L50_st128_k4_s2010.summary.json,none@closure,50,128,4,2010,7500,16,0.25,0.1875,0.18947451586484837,0.098661,0.4021
none@closure_L50_st128_k4_s2010.summary.json,none@closure,50,128,4,2010,10000,16,0.625,0.5625,0.437589950042517,0.054871,0.5332
none@closure_L50_st128_k4_s2010.summary.json,none@closure,50,128,4,2010,15000,16,0.5,0.4375,0.40285561490221083,0.049198,0.57475
none@closure_L50_st128_k4_s2010.summary.json,none@closure,50,128,4,2010,20000,16,0.5,0.4375,0.39530369977113183,0.047515,0.57455
none@closure_L50_st128_k4_s2010.summary.json,none@closure,50,128,4,2010,30000,16,0.6875,0.5,0.46839939868646635,0.046458,0.5802
none@closure_L50_st128_k4_s2010.summary.json,none@closure,50,128,4,2010,50000,16,0.75,0.625,0.5600366857597427,0.047821,0.577
none@closure_L50_st128_k4_s2010.summary.json,none@closure,50,128,4,2010,75000,16,0.6875,0.5,0.45957502781697784,0.048265,0.57345
none@closure_L50_st128_k4_s2010.summary.json,none@closure,50,128,4,2010,100000,16,0.5625,0.4375,0.3950235836522109,0.048138,0.5803
none@closure_L50_st128_k4_s2010.summary.json,none@closure,50,128,4,2010,150000,16,0.625,0.5,0.4093544722576531,0.046131,0.5735
none@closure_L50_st128_k4_s2010.summary.json,none@closure,50,128,4,2010,200000,16,0.625,0.5,0.46252405362909793,0.049267,0.57395
none@closure_L50_st128_k4_s2010.summary.json,none@closure,50,128,4,2010,300000,16,0.625,0.25,0.4079173908827667,0.049139,0.5659
none@closure_L50_st128_k4_s2011.summary.json,none@closure,50,128,4,2011,50,16,0.0,0.0,0.03339965996227354,0.275768,0.00925
none@closure_L50_st128_k4_s2011.summary.json,none@closure,50,128,4,2011,100,16,0.0,0.0,0.053741826611831134,0.316217,0.0085
none@closure_L50_st128_k4_s2011.summary.json,none@closure,50,128,4,2011,150,16,0.0,0.0,0.03095987372675134,0.336232,0.01445
none@closure_L50_st128_k4_s2011.summary.json,none@closure,50,128,4,2011,200,16,0.0,0.0,0.03194063209559089,0.348637,0.0104
none@closure_L50_st128_k4_s2011.summary.json,none@closure,50,128,4,2011,300,16,0.0,0.0,0.040059491822211656,0.363415,0.0175
none@closure_L50_st128_k4_s2011.summary.json,none@closure,50,128,4,2011,500,16,0.0,0.0,0.05133442410375054,0.372782,0.0062
none@closure_L50_st128_k4_s2011.summary.json,none@closure,50,128,4,2011,750,16,0.0,0.0,0.06918992875574431,0.36865,0.04155
none@closure_L50_st128_k4_s2011.summary.json,none@closure,50,128,4,2011,1000,16,0.125,0.0625,0.10585083908896006,0.350441,0.09395
none@closure_L50_st128_k4_s2011.summary.json,none@closure,50,128,4,2011,1500,16,0.4375,0.25,0.2909260535815563,0.280879,0.29735
none@closure_L50_st128_k4_s2011.summary.json,none@closure,50,128,4,2011,2000,16,0.5,0.3125,0.2815579430217537,0.174975,0.51985
none@closure_L50_st128_k4_s2011.summary.json,none@closure,50,128,4,2011,3000,16,0.6875,0.5625,0.3686275515857939,0.063549,0.59455
none@closure_L50_st128_k4_s2011.summary.json,none@closure,50,128,4,2011,5000,16,0.375,0.125,0.29218540665933923,0.048705,0.5811
none@closure_L50_st128_k4_s2011.summary.json,none@closure,50,128,4,2011,7500,16,0.3125,0.125,0.2253780105376592,0.047672,0.5823
none@closure_L50_st128_k4_s2011.summary.json,none@closure,50,128,4,2011,10000,16,0.5,0.375,0.39326495558329716,0.047395,0.5773
none@closure_L50_st128_k4_s2011.summary.json,none@closure,50,128,4,2011,15000,16,0.5,0.375,0.31312427870301107,0.048451,0.5752
none@closure_L50_st128_k4_s2011.summary.json,none@closure,50,128,4,2011,20000,16,0.5,0.4375,0.34584446648506484,0.047233,0.5817
none@closure_L50_st128_k4_s2011.summary.json,none@closure,50,128,4,2011,30000,16,0.5,0.375,0.35521980006264475,0.047757,0.572
none@closure_L50_st128_k4_s2011.summary.json,none@closure,50,128,4,2011,50000,16,0.5625,0.3125,0.32776379838005687,0.046705,0.58505
none@closure_L50_st128_k4_s2011.summary.json,none@closure,50,128,4,2011,75000,16,0.5,0.375,0.3539650684908272,0.050562,0.5659
none@closure_L50_st128_k4_s2011.summary.json,none@closure,50,128,4,2011,100000,16,0.5,0.5,0.3508118351248195,0.049316,0.57415
none@closure_L50_st128_k4_s2011.summary.json,none@closure,50,128,4,2011,150000,16,0.6875,0.5625,0.4625616998378474,0.049687,0.57855
none@closure_L50_st128_k4_s2011.summary.json,none@closure,50,128,4,2011,200000,16,0.4375,0.375,0.3352737541160081,0.048437,0.5724
none@closure_L50_st128_k4_s2011.summary.json,none@closure,50,128,4,2011,300000,16,0.375,0.25,0.3146709349048795,0.047216,0.5708
none@closure_L50_st128_k4_s2012.summary.json,none@closure,50,128,4,2012,50,16,0.0,0.0,0.04779393168793304,0.273759,0.01065
none@closure_L50_st128_k4_s2012.summary.json,none@closure,50,128,4,2012,100,16,0.0,0.0,0.054531987828376025,0.315343,0.01385
none@closure_L50_st128_k4_s2012.summary.json,none@closure,50,128,4,2012,150,16,0.0,0.0,0.030303824862724347,0.332623,0.0088
none@closure_L50_st128_k4_s2012.summary.json,none@closure,50,128,4,2012,200,16,0.0,0.0,0.04884093965190725,0.348127,0.0088
none@closure_L50_st128_k4_s2012.summary.json,none@closure,50,128,4,2012,300,16,0.0,0.0,0.028481589670225748,0.364237,0.0126
none@closure_L50_st128_k4_s2012.summary.json,none@closure,50,128,4,2012,500,16,0.0,0.0,0.06252955836589956,0.377823,0.0107
none@closure_L50_st128_k4_s2012.summary.json,none@closure,50,128,4,2012,750,16,0.0,0.0,0.0840015987694945,0.371676,0.0269
none@closure_L50_st128_k4_s2012.summary.json,none@closure,50,128,4,2012,1000,16,0.125,0.0625,0.10396977886067993,0.35733,0.06385
none@closure_L50_st128_k4_s2012.summary.json,none@closure,50,128,4,2012,1500,16,0.5625,0.1875,0.2632247602530981,0.265145,0.2207
none@closure_L50_st128_k4_s2012.summary.json,none@closure,50,128,4,2012,2000,16,0.625,0.5,0.42500009328864524,0.155808,0.47365
none@closure_L50_st128_k4_s2012.summary.json,none@closure,50,128,4,2012,3000,16,0.5,0.3125,0.2969845335906969,0.135849,0.41505
none@closure_L50_st128_k4_s2012.summary.json,none@closure,50,128,4,2012,5000,16,0.4375,0.25,0.30316069986837824,0.124285,0.3029
none@closure_L50_st128_k4_s2012.summary.json,none@closure,50,128,4,2012,7500,16,0.5,0.375,0.3833301544520734,0.089026,0.3476
none@closure_L50_st128_k4_s2012.summary.json,none@closure,50,128,4,2012,10000,16,0.5,0.4375,0.3138679366360906,0.075778,0.3264
none@closure_L50_st128_k4_s2012.summary.json,none@closure,50,128,4,2012,15000,16,0.5,0.4375,0.34269282692298997,0.072688,0.3845
none@closure_L50_st128_k4_s2012.summary.json,none@closure,50,128,4,2012,20000,16,0.375,0.3125,0.3186393026672539,0.067243,0.40695
none@closure_L50_st128_k4_s2012.summary.json,none@closure,50,128,4,2012,30000,16,0.4375,0.25,0.286946714232568,0.066253,0.45835
none@closure_L50_st128_k4_s2012.summary.json,none@closure,50,128,4,2012,50000,16,0.625,0.375,0.38216802384438103,0.052564,0.56345
none@closure_L50_st128_k4_s2012.summary.json,none@closure,50,128,4,2012,75000,16,0.5625,0.5,0.3680453802614796,0.049964,0.58615
none@closure_L50_st128_k4_s2012.summary.json,none@closure,50,128,4,2012,100000,16,0.6875,0.5625,0.4711212461214539,0.047926,0.5753
none@closure_L50_st128_k4_s2012.summary.json,none@closure,50,128,4,2012,150000,16,0.375,0.25,0.27826710970292373,0.049971,0.57475
none@closure_L50_st128_k4_s2012.summary.json,none@closure,50,128,4,2012,200000,16,0.4375,0.3125,0.3152130232079534,0.048688,0.5764
none@closure_L50_st128_k4_s2012.summary.json,none@closure,50,128,4,2012,300000,16,0.75,0.625,0.4869268062943263,0.050929,0.57705
none@closure_L50_st128_k4_s2013.summary.json,none@closure,50,128,4,2013,50,16,0.0,0.0,0.039580777789839344,0.275037,0.0106
none@closure_L50_st128_k4_s2013.summary.json,none@closure,50,128,4,2013,100,16,0.0,0.0,0.03688468293733717,0.315826,0.0123
none@closure_L50_st128_k4_s2013.summary.json,none@closure,50,128,4,2013,150,16,0.0,0.0,0.06208199601171991,0.332918,0.0145
none@closure_L50_st128_k4_s2013.summary.json,none@closure,50,128,4,2013,200,16,0.0,0.0,0.0825505411208482,0.344881,0.0084
none@closure_L50_st128_k4_s2013.summary.json,none@closure,50,128,4,2013,300,16,0.0,0.0,0.03267873185677196,0.361431,0.01185
none@closure_L50_st128_k4_s2013.summary.json,none@closure,50,128,4,2013,500,16,0.125,0.0625,0.13724683793896547,0.369413,0.0135
none@closure_L50_st128_k4_s2013.summary.json,none@closure,50,128,4,2013,750,16,0.125,0.0625,0.11321031535446047,0.351406,0.0611
none@closure_L50_st128_k4_s2013.summary.json,none@closure,50,128,4,2013,1000,16,0.25,0.1875,0.20649494559293136,0.303864,0.13615
none@closure_L50_st128_k4_s2013.summary.json,none@closure,50,128,4,2013,1500,16,0.5,0.25,0.3020596655799953,0.181299,0.31535
none@closure_L50_st128_k4_s2013.summary.json,none@closure,50,128,4,2013,2000,16,0.6875,0.5625,0.38587475419855444,0.136592,0.3463
none@closure_L50_st128_k4_s2013.summary.json,none@closure,50,128,4,2013,3000,16,0.4375,0.25,0.2621826419231257,0.135946,0.2445
none@closure_L50_st128_k4_s2013.summary.json,none@closure,50,128,4,2013,5000,16,0.375,0.3125,0.2649136663059506,0.124325,0.24025
none@closure_L50_st128_k4_s2013.summary.json,none@closure,50,128,4,2013,7500,16,0.5,0.375,0.29195303029789044,0.088198,0.27735
none@closure_L50_st128_k4_s2013.summary.json,none@closure,50,128,4,2013,10000,16,0.25,0.1875,0.19603717114339086,0.09836,0.25505
none@closure_L50_st128_k4_s2013.summary.json,none@closure,50,128,4,2013,15000,16,0.6875,0.5,0.4385065569196429,0.082817,0.2838
none@closure_L50_st128_k4_s2013.summary.json,none@closure,50,128,4,2013,20000,16,0.5625,0.4375,0.37066078820989834,0.072788,0.36465
none@closure_L50_st128_k4_s2013.summary.json,none@closure,50,128,4,2013,30000,16,0.5,0.3125,0.3510076488208315,0.078143,0.34205
none@closure_L50_st128_k4_s2013.summary.json,none@closure,50,128,4,2013,50000,16,0.5625,0.5625,0.45157746981626834,0.068215,0.35265
none@closure_L50_st128_k4_s2013.summary.json,none@closure,50,128,4,2013,75000,16,0.75,0.625,0.4879706899797819,0.065213,0.36985
none@closure_L50_st128_k4_s2013.summary.json,none@closure,50,128,4,2013,100000,16,0.625,0.375,0.42934859648646695,0.066095,0.42125
none@closure_L50_st128_k4_s2013.summary.json,none@closure,50,128,4,2013,150000,16,0.75,0.625,0.4204794456845238,0.048005,0.5728
none@closure_L50_st128_k4_s2013.summary.json,none@closure,50,128,4,2013,200000,16,0.6875,0.625,0.45807344812925166,0.048826,0.57955
none@closure_L50_st128_k4_s2013.summary.json,none@closure,50,128,4,2013,300000,16,0.5625,0.5,0.40392768023931647,0.046864,0.5763
none@closure_L50_st128_k4_s2014.summary.json,none@closure,50,128,4,2014,50,16,0.0,0.0,0.02774219640482523,0.27117,0.0092
none@closure_L50_st128_k4_s2014.summary.json,none@closure,50,128,4,2014,100,16,0.0,0.0,0.0415134144401285,0.311856,0.0085
none@closure_L50_st128_k4_s2014.summary.json,none@closure,50,128,4,2014,150,16,0.0,0.0,0.05621037140753908,0.331528,0.01075
none@closure_L50_st128_k4_s2014.summary.json,none@closure,50,128,4,2014,200,16,0.0,0.0,0.04488608061387714,0.34461,0.0141
none@closure_L50_st128_k4_s2014.summary.json,none@closure,50,128,4,2014,300,16,0.0,0.0,0.04307553268185165,0.3586,0.0152
none@closure_L50_st128_k4_s2014.summary.json,none@closure,50,128,4,2014,500,16,0.0,0.0,0.06157990964005283,0.368345,0.0134
none@closure_L50_st128_k4_s2014.summary.json,none@closure,50,128,4,2014,750,16,0.0,0.0,0.0466241758089539,0.37344,0.02835
none@closure_L50_st128_k4_s2014.summary.json,none@closure,50,128,4,2014,1000,16,0.0625,0.0,0.08025669077471415,0.375933,0.0389
none@closure_L50_st128_k4_s2014.summary.json,none@closure,50,128,4,2014,1500,16,0.0625,0.0625,0.08682611957682008,0.34195,0.13515
none@closure_L50_st128_k4_s2014.summary.json,none@closure,50,128,4,2014,2000,16,0.5625,0.5,0.32978804678453827,0.248919,0.3775
none@closure_L50_st128_k4_s2014.summary.json,none@closure,50,128,4,2014,3000,16,0.5625,0.375,0.34428377971396984,0.144634,0.64505
none@closure_L50_st128_k4_s2014.summary.json,none@closure,50,128,4,2014,5000,16,0.375,0.25,0.22918712302906533,0.112386,0.39645
none@closure_L50_st128_k4_s2014.summary.json,none@closure,50,128,4,2014,7500,16,0.3125,0.25,0.25404976327299533,0.060048,0.5252
none@closure_L50_st128_k4_s2014.summary.json,none@closure,50,128,4,2014,10000,16,0.75,0.5,0.4432568135371633,0.052695,0.56855
none@closure_L50_st128_k4_s2014.summary.json,none@closure,50,128,4,2014,15000,16,0.8125,0.6875,0.5483283176551871,0.049949,0.5627
none@closure_L50_st128_k4_s2014.summary.json,none@closure,50,128,4,2014,20000,16,0.5,0.4375,0.39185091810161565,0.049263,0.57405
none@closure_L50_st128_k4_s2014.summary.json,none@closure,50,128,4,2014,30000,16,0.4375,0.375,0.3217294167085052,0.046195,0.57395
none@closure_L50_st128_k4_s2014.summary.json,none@closure,50,128,4,2014,50000,16,0.625,0.5625,0.47416259235575875,0.044713,0.5766
none@closure_L50_st128_k4_s2014.summary.json,none@closure,50,128,4,2014,75000,16,0.5625,0.3125,0.4300133233146982,0.052781,0.5678
none@closure_L50_st128_k4_s2014.summary.json,none@closure,50,128,4,2014,100000,16,0.6875,0.5625,0.43817738510796606,0.046953,0.57625
none@closure_L50_st128_k4_s2014.summary.json,none@closure,50,128,4,2014,150000,16,0.6875,0.5,0.4671018447688251,0.046885,0.56785
none@closure_L50_st128_k4_s2014.summary.json,none@closure,50,128,4,2014,200000,16,0.5625,0.25,0.354058148650085,0.051849,0.56035
none@closure_L50_st128_k4_s2014.summary.json,none@closure,50,128,4,2014,300000,16,0.4375,0.1875,0.26471625127777176,0.052442,0.57665
none@closure_L50_st128_k4_s2015.summary.json,none@closure,50,128,4,2015,50,16,0.0,0.0,0.030967727088161236,0.278649,0.0102
none@closure_L50_st128_k4_s2015.summary.json,none@closure,50,128,4,2015,100,16,0.0,0.0,0.04084303888609965,0.318848,0.00915
none@closure_L50_st128_k4_s2015.summary.json,none@closure,50,128,4,2015,150,16,0.0,0.0,0.06737951700793349,0.340654,0.00935
none@closure_L50_st128_k4_s2015.summary.json,none@closure,50,128,4,2015,200,16,0.0,0.0,0.05719080255938812,0.350243,0.0113
none@closure_L50_st128_k4_s2015.summary.json,none@closure,50,128,4,2015,300,16,0.0,0.0,0.04576642134579896,0.36569,0.0121
none@closure_L50_st128_k4_s2015.summary.json,none@closure,50,128,4,2015,500,16,0.0,0.0,0.0750667614535841,0.371546,0.016
none@closure_L50_st128_k4_s2015.summary.json,none@closure,50,128,4,2015,750,16,0.0625,0.0625,0.09278644207849364,0.361985,0.06635
none@closure_L50_st128_k4_s2015.summary.json,none@closure,50,128,4,2015,1000,16,0.1875,0.0625,0.14103660689457906,0.321502,0.1567
none@closure_L50_st128_k4_s2015.summary.json,none@closure,50,128,4,2015,1500,16,0.6875,0.5625,0.35868578419565966,0.206016,0.3612
none@closure_L50_st128_k4_s2015.summary.json,none@closure,50,128,4,2015,2000,16,0.8125,0.4375,0.3781596440105297,0.128375,0.44915
none@closure_L50_st128_k4_s2015.summary.json,none@closure,50,128,4,2015,3000,16,0.4375,0.3125,0.23143614689060465,0.120807,0.30105
none@closure_L50_st128_k4_s2015.summary.json,none@closure,50,128,4,2015,5000,16,0.5,0.25,0.3103538084948075,0.10301,0.30675
none@closure_L50_st128_k4_s2015.summary.json,none@closure,50,128,4,2015,7500,16,0.5625,0.375,0.34764104551792674,0.065714,0.36635
none@closure_L50_st128_k4_s2015.summary.json,none@closure,50,128,4,2015,10000,16,0.5,0.4375,0.39163713727678573,0.065857,0.33265
none@closure_L50_st128_k4_s2015.summary.json,none@closure,50,128,4,2015,15000,16,0.375,0.1875,0.2639736128826531,0.071207,0.2985
none@closure_L50_st128_k4_s2015.summary.json,none@closure,50,128,4,2015,20000,16,0.5,0.3125,0.28867210963507745,0.06421,0.308
none@closure_L50_st128_k4_s2015.summary.json,none@closure,50,128,4,2015,30000,16,0.4375,0.4375,0.4295128481079932,0.058898,0.2779
none@closure_L50_st128_k4_s2015.summary.json,none@closure,50,128,4,2015,50000,16,0.5,0.3125,0.3365933354309144,0.058438,0.29305
none@closure_L50_st128_k4_s2015.summary.json,none@closure,50,128,4,2015,75000,16,0.5625,0.5,0.3935149536044471,0.069248,0.3727
none@closure_L50_st128_k4_s2015.summary.json,none@closure,50,128,4,2015,100000,16,0.4375,0.375,0.3084148796237245,0.056507,0.4477
none@closure_L50_st128_k4_s2015.summary.json,none@closure,50,128,4,2015,150000,16,0.4375,0.375,0.3323978828566001,0.048429,0.5613
none@closure_L50_st128_k4_s2015.summary.json,none@closure,50,128,4,2015,200000,16,0.5625,0.5,0.4214882507191707,0.045505,0.58295
none@closure_L50_st128_k4_s2015.summary.json,none@closure,50,128,4,2015,300000,16,0.5625,0.4375,0.35402143108739503,0.045074,0.5805
none@closure_L50_st128_k4_s2016.summary.json,none@closure,50,128,4,2016,50,16,0.0,0.0,0.05120586669674519,0.275205,0.01135
none@closure_L50_st128_k4_s2016.summary.json,none@closure,50,128,4,2016,100,16,0.0,0.0,0.045231336758440085,0.315739,0.00835
none@closure_L50_st128_k4_s2016.summary.json,none@closure,50,128,4,2016,150,16,0.0,0.0,0.062348627158642714,0.336203,0.01485
none@closure_L50_st128_k4_s2016.summary.json,none@closure,50,128,4,2016,200,16,0.0625,0.0,0.06825395883087276,0.348153,0.00355
none@closure_L50_st128_k4_s2016.summary.json,none@closure,50,128,4,2016,300,16,0.0,0.0,0.06176149088726032,0.364334,0.0094
none@closure_L50_st128_k4_s2016.summary.json,none@closure,50,128,4,2016,500,16,0.125,0.0625,0.10133911468510276,0.365022,0.0381
none@closure_L50_st128_k4_s2016.summary.json,none@closure,50,128,4,2016,750,16,0.0625,0.0625,0.10519581710676293,0.349203,0.09565
none@closure_L50_st128_k4_s2016.summary.json,none@closure,50,128,4,2016,1000,16,0.1875,0.0625,0.13831774795335283,0.313546,0.1868
none@closure_L50_st128_k4_s2016.summary.json,none@closure,50,128,4,2016,1500,16,0.375,0.3125,0.2443932782138786,0.216109,0.40235
none@closure_L50_st128_k4_s2016.summary.json,none@closure,50,128,4,2016,2000,16,0.625,0.5,0.4272451347144576,0.137024,0.5409
none@closure_L50_st128_k4_s2016.summary.json,none@closure,50,128,4,2016,3000,16,0.625,0.5625,0.4132644170533905,0.122963,0.49435
none@closure_L50_st128_k4_s2016.summary.json,none@closure,50,128,4,2016,5000,16,0.5625,0.375,0.3249009642088218,0.134148,0.2526
none@closure_L50_st128_k4_s2016.summary.json,none@closure,50,128,4,2016,7500,16,0.5625,0.5,0.38456938314720834,0.075086,0.3897
none@closure_L50_st128_k4_s2016.summary.json,none@closure,50,128,4,2016,10000,16,0.6875,0.5625,0.4652604145464702,0.069536,0.45205
none@closure_L50_st128_k4_s2016.summary.json,none@closure,50,128,4,2016,15000,16,0.4375,0.25,0.3703808194190267,0.063828,0.50975
none@closure_L50_st128_k4_s2016.summary.json,none@closure,50,128,4,2016,20000,16,0.375,0.25,0.24163338382227892,0.055267,0.53145
none@closure_L50_st128_k4_s2016.summary.json,none@closure,50,128,4,2016,30000,16,0.5625,0.5625,0.4300583986919236,0.052184,0.56895
none@closure_L50_st128_k4_s2016.summary.json,none@closure,50,128,4,2016,50000,16,0.625,0.5625,0.4028456499787415,0.047153,0.5993
none@closure_L50_st128_k4_s2016.summary.json,none@closure,50,128,4,2016,75000,16,0.5,0.3125,0.3416263730392423,0.048492,0.60425
none@closure_L50_st128_k4_s2016.summary.json,none@closure,50,128,4,2016,100000,16,0.5625,0.4375,0.42291134356003035,0.05357,0.6016
none@closure_L50_st128_k4_s2016.summary.json,none@closure,50,128,4,2016,150000,16,0.5,0.4375,0.3957661011961301,0.049418,0.60465
none@closure_L50_st128_k4_s2016.summary.json,none@closure,50,128,4,2016,200000,16,0.5625,0.4375,0.4548184920992999,0.047754,0.59975
none@closure_L50_st128_k4_s2016.summary.json,none@closure,50,128,4,2016,300000,16,0.5625,0.5,0.4222752245429422,0.047829,0.60115
none@closure_L50_st128_k4_s2017.summary.json,none@closure,50,128,4,2017,50,16,0.0,0.0,0.03756062612732998,0.274303,0.01
none@closure_L50_st128_k4_s2017.summary.json,none@closure,50,128,4,2017,100,16,0.0625,0.0,0.09077577989307425,0.313569,0.0131
none@closure_L50_st128_k4_s2017.summary.json,none@closure,50,128,4,2017,150,16,0.0,0.0,0.047415391439155456,0.334719,0.0118
none@closure_L50_st128_k4_s2017.summary.json,none@closure,50,128,4,2017,200,16,0.0,0.0,0.0517525676255412,0.347945,0.01335
none@closure_L50_st128_k4_s2017.summary.json,none@closure,50,128,4,2017,300,16,0.0,0.0,0.08230093789667135,0.364563,0.01815
none@closure_L50_st128_k4_s2017.summary.json,none@closure,50,128,4,2017,500,16,0.0,0.0,0.06619502471866406,0.376655,0.01685
none@closure_L50_st128_k4_s2017.summary.json,none@closure,50,128,4,2017,750,16,0.0,0.0,0.05619327414310139,0.379277,0.01655
none@closure_L50_st128_k4_s2017.summary.json,none@closure,50,128,4,2017,1000,16,0.0625,0.0625,0.11273801184370025,0.356896,0.0797
none@closure_L50_st128_k4_s2017.summary.json,none@closure,50,128,4,2017,1500,16,0.375,0.25,0.25669121359481295,0.235473,0.4088
none@closure_L50_st128_k4_s2017.summary.json,none@closure,50,128,4,2017,2000,16,0.625,0.625,0.36623377413631675,0.157337,0.61685
none@closure_L50_st128_k4_s2017.summary.json,none@closure,50,128,4,2017,3000,16,0.75,0.5,0.451939051842479,0.108493,0.6734
none@closure_L50_st128_k4_s2017.summary.json,none@closure,50,128,4,2017,5000,16,0.1875,0.125,0.16470620083971088,0.112869,0.435
none@closure_L50_st128_k4_s2017.summary.json,none@closure,50,128,4,2017,7500,16,0.3125,0.125,0.18603638525722788,0.074369,0.4766
none@closure_L50_st128_k4_s2017.summary.json,none@closure,50,128,4,2017,10000,16,0.75,0.4375,0.4321116337159864,0.048944,0.55935
none@closure_L50_st128_k4_s2017.summary.json,none@closure,50,128,4,2017,15000,16,0.6875,0.5,0.42539550781249996,0.045945,0.58485
none@closure_L50_st128_k4_s2017.summary.json,none@closure,50,128,4,2017,20000,16,0.5625,0.4375,0.43919839258010385,0.047985,0.5708
none@closure_L50_st128_k4_s2017.summary.json,none@closure,50,128,4,2017,30000,16,0.5625,0.3125,0.37482295652636055,0.050036,0.5765
none@closure_L50_st128_k4_s2017.summary.json,none@closure,50,128,4,2017,50000,16,0.4375,0.3125,0.3262347741623245,0.048328,0.5776
none@closure_L50_st128_k4_s2017.summary.json,none@closure,50,128,4,2017,75000,16,0.625,0.5625,0.42814391285935915,0.047331,0.57285
none@closure_L50_st128_k4_s2017.summary.json,none@closure,50,128,4,2017,100000,16,0.75,0.5,0.4901542827034838,0.048609,0.56695
none@closure_L50_st128_k4_s2017.summary.json,none@closure,50,128,4,2017,150000,16,0.625,0.5625,0.46572767192814624,0.047559,0.5747
none@closure_L50_st128_k4_s2017.summary.json,none@closure,50,128,4,2017,200000,16,0.75,0.375,0.4112431220826096,0.049196,0.5785
none@closure_L50_st128_k4_s2017.summary.json,none@closure,50,128,4,2017,300000,16,0.5,0.375,0.3663258260002804,0.049025,0.5661
none@closure_L50_st128_k4_s2018.summary.json,none@closure,50,128,4,2018,50,16,0.0,0.0,0.035623916579597265,0.27449,0.0109
none@closure_L50_st128_k4_s2018.summary.json,none@closure,50,128,4,2018,100,16,0.0,0.0,0.03719902680154509,0.31694,0.01265
none@closure_L50_st128_k4_s2018.summary.json,none@closure,50,128,4,2018,150,16,0.0,0.0,0.023509137721129735,0.339013,0.0154
none@closure_L50_st128_k4_s2018.summary.json,none@closure,50,128,4,2018,200,16,0.0,0.0,0.050292597715615506,0.352956,0.0114
none@closure_L50_st128_k4_s2018.summary.json,none@closure,50,128,4,2018,300,16,0.0,0.0,0.04841813059166486,0.366753,0.01335
none@closure_L50_st128_k4_s2018.summary.json,none@closure,50,128,4,2018,500,16,0.0,0.0,0.04200648398488385,0.380536,0.0152
none@closure_L50_st128_k4_s2018.summary.json,none@closure,50,128,4,2018,750,16,0.0,0.0,0.05710407026839992,0.386594,0.0132
none@closure_L50_st128_k4_s2018.summary.json,none@closure,50,128,4,2018,1000,16,0.0,0.0,0.06947956738380193,0.388242,0.0128
none@closure_L50_st128_k4_s2018.summary.json,none@closure,50,128,4,2018,1500,16,0.0,0.0,0.05803771009733681,0.38564,0.015
none@closure_L50_st128_k4_s2018.summary.json,none@closure,50,128,4,2018,2000,16,0.0,0.0,0.045958938720102406,0.382147,0.01315
none@closure_L50_st128_k4_s2018.summary.json,none@closure,50,128,4,2018,3000,16,0.125,0.0625,0.12088035787785859,0.280316,0.12925
none@closure_L50_st128_k4_s2018.summary.json,none@closure,50,128,4,2018,5000,16,0.375,0.25,0.21549800235087385,0.154383,0.14615
none@closure_L50_st128_k4_s2018.summary.json,none@closure,50,128,4,2018,7500,16,0.25,0.25,0.18668776898226044,0.136455,0.17075
none@closure_L50_st128_k4_s2018.summary.json,none@closure,50,128,4,2018,10000,16,0.4375,0.3125,0.30515392485119053,0.080207,0.32415
none@closure_L50_st128_k4_s2018.summary.json,none@closure,50,128,4,2018,15000,16,0.6875,0.625,0.5237101007291214,0.063391,0.47345
none@closure_L50_st128_k4_s2018.summary.json,none@closure,50,128,4,2018,20000,16,0.5625,0.5625,0.4442738509260232,0.059049,0.5198
none@closure_L50_st128_k4_s2018.summary.json,none@closure,50,128,4,2018,30000,16,0.8125,0.5625,0.552369538656553,0.045692,0.61295
none@closure_L50_st128_k4_s2018.summary.json,none@closure,50,128,4,2018,50000,16,0.5625,0.4375,0.31852287889889996,0.046984,0.6071
none@closure_L50_st128_k4_s2018.summary.json,none@closure,50,128,4,2018,75000,16,0.8125,0.6875,0.6075350468478614,0.04952,0.6062
none@closure_L50_st128_k4_s2018.summary.json,none@closure,50,128,4,2018,100000,16,0.5625,0.5,0.39772611966162796,0.049576,0.6051
none@closure_L50_st128_k4_s2018.summary.json,none@closure,50,128,4,2018,150000,16,0.5625,0.375,0.39347842968636926,0.048141,0.5993
none@closure_L50_st128_k4_s2018.summary.json,none@closure,50,128,4,2018,200000,16,0.625,0.375,0.413870937420846,0.048822,0.59005
none@closure_L50_st128_k4_s2018.summary.json,none@closure,50,128,4,2018,300000,16,0.5625,0.5,0.4318540849684288,0.049601,0.59625
none@closure_L50_st128_k4_s2019.summary.json,none@closure,50,128,4,2019,50,16,0.0,0.0,0.036370579814372556,0.273509,0.0123
none@closure_L50_st128_k4_s2019.summary.json,none@closure,50,128,4,2019,100,16,0.0,0.0,0.057423876465479806,0.311513,0.01405
none@closure_L50_st128_k4_s2019.summary.json,none@closure,50,128,4,2019,150,16,0.0,0.0,0.07021540633952761,0.332299,0.00795
none@closure_L50_st128_k4_s2019.summary.json,none@closure,50,128,4,2019,200,16,0.0,0.0,0.034012368660895215,0.345869,0.0155
none@closure_L50_st128_k4_s2019.summary.json,none@closure,50,128,4,2019,300,16,0.0,0.0,0.044022584474281735,0.36084,0.0118
none@closure_L50_st128_k4_s2019.summary.json,none@closure,50,128,4,2019,500,16,0.0625,0.0625,0.10806114674925822,0.365684,0.01675
none@closure_L50_st128_k4_s2019.summary.json,none@closure,50,128,4,2019,750,16,0.1875,0.125,0.16145264272597337,0.35492,0.04955
none@closure_L50_st128_k4_s2019.summary.json,none@closure,50,128,4,2019,1000,16,0.25,0.1875,0.19970533438608157,0.313107,0.10025
none@closure_L50_st128_k4_s2019.summary.json,none@closure,50,128,4,2019,1500,16,0.5625,0.375,0.35961578576743203,0.196643,0.28485
none@closure_L50_st128_k4_s2019.summary.json,none@closure,50,128,4,2019,2000,16,0.5625,0.25,0.3428979043412578,0.119503,0.4025
none@closure_L50_st128_k4_s2019.summary.json,none@closure,50,128,4,2019,3000,16,0.5625,0.375,0.32005892917122913,0.107145,0.3326
none@closure_L50_st128_k4_s2019.summary.json,none@closure,50,128,4,2019,5000,16,0.4375,0.375,0.28278552403341656,0.078418,0.2896
none@closure_L50_st128_k4_s2019.summary.json,none@closure,50,128,4,2019,7500,16,0.4375,0.4375,0.3135462597189807,0.067278,0.33205
none@closure_L50_st128_k4_s2019.summary.json,none@closure,50,128,4,2019,10000,16,0.4375,0.375,0.33507291002338435,0.07507,0.34555
none@closure_L50_st128_k4_s2019.summary.json,none@closure,50,128,4,2019,15000,16,0.375,0.25,0.291109763844035,0.061797,0.43515
none@closure_L50_st128_k4_s2019.summary.json,none@closure,50,128,4,2019,20000,16,0.6875,0.625,0.4894948115965136,0.061385,0.4434
none@closure_L50_st128_k4_s2019.summary.json,none@closure,50,128,4,2019,30000,16,0.5,0.3125,0.35603232720115974,0.072084,0.46195
none@closure_L50_st128_k4_s2019.summary.json,none@closure,50,128,4,2019,50000,16,0.625,0.5,0.4728858927214503,0.059868,0.52805
none@closure_L50_st128_k4_s2019.summary.json,none@closure,50,128,4,2019,75000,16,0.5625,0.3125,0.31934557025935373,0.052334,0.5747
none@closure_L50_st128_k4_s2019.summary.json,none@closure,50,128,4,2019,100000,16,0.625,0.375,0.4008924974161872,0.048585,0.56785
none@closure_L50_st128_k4_s2019.summary.json,none@closure,50,128,4,2019,150000,16,0.3125,0.25,0.2948665258573509,0.051312,0.5664
none@closure_L50_st128_k4_s2019.summary.json,none@closure,50,128,4,2019,200000,16,0.375,0.3125,0.32086742397258106,0.046793,0.5773
none@closure_L50_st128_k4_s2019.summary.json,none@closure,50,128,4,2019,300000,16,0.6875,0.625,0.431683072747051,0.048585,0.57615
none@closure_L50_st128_k4_s2020.summary.json,none@closure,50,128,4,2020,50,16,0.0,0.0,0.06629501263170046,0.274974,0.0092
none@closure_L50_st128_k4_s2020.summary.json,none@closure,50,128,4,2020,100,16,0.0,0.0,0.019666974377849547,0.315951,0.0122
none@closure_L50_st128_k4_s2020.summary.json,none@closure,50,128,4,2020,150,16,0.0,0.0,0.048235657294832826,0.338093,0.014
none@closure_L50_st128_k4_s2020.summary.json,none@closure,50,128,4,2020,200,16,0.0,0.0,0.04608536744983898,0.349731,0.01045
none@closure_L50_st128_k4_s2020.summary.json,none@closure,50,128,4,2020,300,16,0.0,0.0,0.04087573231586518,0.363322,0.01285
none@closure_L50_st128_k4_s2020.summary.json,none@closure,50,128,4,2020,500,16,0.0625,0.0,0.0446362322355804,0.374413,0.0064
none@closure_L50_st128_k4_s2020.summary.json,none@closure,50,128,4,2020,750,16,0.0625,0.0625,0.08357795665639926,0.365218,0.05415
none@closure_L50_st128_k4_s2020.summary.json,none@closure,50,128,4,2020,1000,16,0.0,0.0,0.057025843498968734,0.331606,0.15835
none@closure_L50_st128_k4_s2020.summary.json,none@closure,50,128,4,2020,1500,16,0.5,0.375,0.35855780630902623,0.20618,0.46235
none@closure_L50_st128_k4_s2020.summary.json,none@closure,50,128,4,2020,2000,16,0.75,0.5625,0.40598423549107143,0.137616,0.62515
none@closure_L50_st128_k4_s2020.summary.json,none@closure,50,128,4,2020,3000,16,0.8125,0.625,0.4593857918000977,0.116916,0.65565
none@closure_L50_st128_k4_s2020.summary.json,none@closure,50,128,4,2020,5000,16,0.5,0.4375,0.3557728271661058,0.08561,0.44915
none@closure_L50_st128_k4_s2020.summary.json,none@closure,50,128,4,2020,7500,16,0.3125,0.3125,0.29485013037794905,0.082545,0.45255
none@closure_L50_st128_k4_s2020.summary.json,none@closure,50,128,4,2020,10000,16,0.4375,0.4375,0.3248762356505102,0.072079,0.46405
none@closure_L50_st128_k4_s2020.summary.json,none@closure,50,128,4,2020,15000,16,0.25,0.1875,0.2234964301545086,0.062228,0.5003
none@closure_L50_st128_k4_s2020.summary.json,none@closure,50,128,4,2020,20000,16,0.5625,0.5,0.3779438426384516,0.062759,0.5145
none@closure_L50_st128_k4_s2020.summary.json,none@closure,50,128,4,2020,30000,16,0.5,0.5,0.4089438530980877,0.055622,0.52305
none@closure_L50_st128_k4_s2020.summary.json,none@closure,50,128,4,2020,50000,16,0.3125,0.1875,0.2790266890210351,0.063006,0.34125
none@closure_L50_st128_k4_s2020.summary.json,none@closure,50,128,4,2020,75000,16,0.5625,0.4375,0.40202382719211355,0.059487,0.4916
none@closure_L50_st128_k4_s2020.summary.json,none@closure,50,128,4,2020,100000,16,0.5,0.375,0.42066916323182546,0.047761,0.59785
none@closure_L50_st128_k4_s2020.summary.json,none@closure,50,128,4,2020,150000,16,0.5,0.4375,0.3520527544461934,0.048423,0.601
none@closure_L50_st128_k4_s2020.summary.json,none@closure,50,128,4,2020,200000,16,0.5625,0.5,0.4186979894600792,0.04781,0.60655
none@closure_L50_st128_k4_s2020.summary.json,none@closure,50,128,4,2020,300000,16,0.75,0.5625,0.45598299517612895,0.049025,0.60075
