stage,L,seed,theta_g,theta_b,t_first,tape,loadpush,open
G,16,2001,0.2,0.65,700.0,01 c5 01 c5 01 c5 01 c5 01 c5 01 c5 01 c5 01 c5,True,True
G,16,2001,0.2,0.75,700.0,01 c5 01 c5 01 c5 01 c5 01 c5 01 c5 01 c5 01 c5,True,True
G,16,2001,0.2,0.85,700.0,01 c5 01 c5 01 c5 01 c5 01 c5 01 c5 01 c5 01 c5,True,True
G,16,2001,0.3,0.65,700.0,01 c5 01 c5 01 c5 01 c5 01 c5 01 c5 01 c5 01 c5,True,True
G,16,2001,0.3,0.75,700.0,01 c5 01 c5 01 c5 01 c5 01 c5 01 c5 01 c5 01 c5,True,True
G,16,2001,0.3,0.85,700.0,01 c5 01 c5 01 c5 01 c5 01 c5 01 c5 01 c5 01 c5,True,True
G,16,2001,0.4,0.65,700.0,01 c5 01 c5 01 c5 01 c5 01 c5 01 c5 01 c5 01 c5,True,True
G,16,2001,0.4,0.75,700.0,01 c5 01 c5 01 c5 01 c5 01 c5 01 c5 01 c5 01 c5,True,True
G,16,2001,0.4,0.85,700.0,01 c5 01 c5 01 c5 01 c5 01 c5 01 c5 01 c5 01 c5,True,True
G,16,2001,0.5,0.65,700.0,01 c5 01 c5 01 c5 01 c5 01 c5 01 c5 01 c5 01 c5,True,True
G,16,2001,0.5,0.75,700.0,01 c5 01 c5 01 c5 01 c5 01 c5 01 c5 01 c5 01 c5,True,True
G,16,2001,0.5,0.85,700.0,01 c5 01 c5 01 c5 01 c5 01 c5 01 c5 01 c5 01 c5,True,True
G,16,2001,0.6,0.65,52000.0,12 e3 21 e3 21 e0 12 e0 12 e3 21 e3 21 e0 12 e0,False,False
G,16,2001,0.6,0.75,52000.0,12 e3 21 e3 21 e0 12 e0 12 e3 21 e3 21 e0 12 e0,False,False
G,16,2001,0.6,0.85,52000.0,12 e3 21 e3 21 e0 12 e0 12 e3 21 e3 21 e0 12 e0,False,False
G,16,2002,0.2,0.65,450.0,01 c5 01 c5 01 c5 01 c5 01 c5 01 c5 01 c5 01 c5,True,True
G,16,2002,0.2,0.75,450.0,01 c5 01 c5 01 c5 01 c5 01 c5 01 c5 01 c5 01 c5,True,True
G,16,2002,0.2,0.85,450.0,01 c5 01 c5 01 c5 01 c5 01 c5 01 c5 01 c5 01 c5,True,True
G,16,2002,0.3,0.65,450.0,01 c5 01 c5 01 c5 01 c5 01 c5 01 c5 01 c5 01 c5,True,True
G,16,2002,0.3,0.75,450.0,01 c5 01 c5 01 c5 01 c5 01 c5 01 c5 01 c5 01 c5,True,True
G,16,2002,0.3,0.85,450.0,01 c5 01 c5 01 c5 01 c5 01 c5 01 c5 01 c5 01 c5,True,True
G,16,2002,0.4,0.65,450.0,01 c5 01 c5 01 c5 01 c5 01 c5 01 c5 01 c5 01 c5,True,True
G,16,2002,0.4,0.75,450.0,01 c5 01 c5 01 c5 01 c5 01 c5 01 c5 01 c5 01 c5,True,True
G,16,2002,0.4,0.85,450.0,01 c5 01 c5 01 c5 01 c5 01 c5 01 c5 01 c5 01 c5,True,True
G,16,2002,0.5,0.65,450.0,01 c5 01 c5 01 c5 01 c5 01 c5 01 c5 01 c5 01 c5,True,True
G,16,2002,0.5,0.75,450.0,01 c5 01 c5 01 c5 01 c5 01 c5 01 c5 01 c5 01 c5,True,True
G,16,2002,0.5,0.85,450.0,01 c5 01 c5 01 c5 01 c5 01 c5 01 c5 01 c5 01 c5,True,True
G,16,2002,0.6,0.65,11000.0,e5 2a e5 2a e5 2a e5 2a e5 2a e5 2a e5 2a e5 2a,True,True
G,16,2002,0.6,0.75,11000.0,e5 2a e5 2a e5 2a e5 2a e5 2a e5 2a e5 2a e5 2a,True,True
G,16,2002,0.6,0.85,11000.0,e5 2a e5 2a e5 2a e5 2a e5 2a e5 2a e5 2a e5 2a,True,True
G,16,2003,0.2,0.65,250.0,01 c5 01 c5 01 c5 01 c5 01 c5 01 c5 01 c5 01 c5,True,True
G,16,2003,0.2,0.75,250.0,01 c5 01 c5 01 c5 01 c5 01 c5 01 c5 01 c5 01 c5,True,True
G,16,2003,0.2,0.85,250.0,01 c5 01 c5 01 c5 01 c5 01 c5 01 c5 01 c5 01 c5,True,True
G,16,2003,0.3,0.65,250.0,01 c5 01 c5 01 c5 01 c5 01 c5 01 c5 01 c5 01 c5,True,True
G,16,2003,0.3,0.75,250.0,01 c5 01 c5 01 c5 01 c5 01 c5 01 c5 01 c5 01 c5,True,True
G,16,2003,0.3,0.85,250.0,01 c5 01 c5 01 c5 01 c5 01 c5 01 c5 01 c5 01 c5,True,True
G,16,2003,0.4,0.65,250.0,01 c5 01 c5 01 c5 01 c5 01 c5 01 c5 01 c5 01 c5,True,True
G,16,2003,0.4,0.75,250.0,01 c5 01 c5 01 c5 01 c5 01 c5 01 c5 01 c5 01 c5,True,True
G,16,2003,0.4,0.85,250.0,01 c5 01 c5 01 c5 01 c5 01 c5 01 c5 01 c5 01 c5,True,True
G,16,2003,0.5,0.65,250.0,01 c5 01 c5 01 c5 01 c5 01 c5 01 c5 01 c5 01 c5,True,True
G,16,2003,0.5,0.75,250.0,01 c5 01 c5 01 c5 01 c5 01 c5 01 c5 01 c5 01 c5,True,True
G,16,2003,0.5,0.85,250.0,01 c5 01 c5 01 c5 01 c5 01 c5 01 c5 01 c5 01 c5,True,True
G,16,2003,0.6,0.65,9000.0,e5 2a e5 2a e5 2a e5 2a e5 2a e5 2a e5 2a e5 2a,True,True
G,16,2003,0.6,0.75,9000.0,e5 2a e5 2a e5 2a e5 2a e5 2a e5 2a e5 2a e5 2a,True,True
G,16,2003,0.6,0.85,9000.0,e5 2a e5 2a e5 2a e5 2a e5 2a e5 2a e5 2a e5 2a,True,True
G,16,2004,0.2,0.65,150.0,01 c5 01 c5 01 c5 01 c5 01 c5 01 c5 01 c5 01 c5,True,True
G,16,2004,0.2,0.75,150.0,01 c5 01 c5 01 c5 01 c5 01 c5 01 c5 01 c5 01 c5,True,True
G,16,2004,0.2,0.85,150.0,01 c5 01 c5 01 c5 01 c5 01 c5 01 c5 01 c5 01 c5,True,True
G,16,2004,0.3,0.65,150.0,01 c5 01 c5 01 c5 01 c5 01 c5 01 c5 01 c5 01 c5,True,True
G,16,2004,0.3,0.75,150.0,01 c5 01 c5 01 c5 01 c5 01 c5 01 c5 01 c5 01 c5,True,True
G,16,2004,0.3,0.85,150.0,01 c5 01 c5 01 c5 01 c5 01 c5 01 c5 01 c5 01 c5,True,True
G,16,2004,0.4,0.65,150.0,01 c5 01 c5 01 c5 01 c5 01 c5 01 c5 01 c5 01 c5,True,True
G,16,2004,0.4,0.75,150.0,01 c5 01 c5 01 c5 01 c5 01 c5 01 c5 01 c5 01 c5,True,True
G,16,2004,0.4,0.85,150.0,01 c5 01 c5 01 c5 01 c5 01 c5 01 c5 01 c5 01 c5,True,True
G,16,2004,0.5,0.65,150.0,01 c5 01 c5 01 c5 01 c5 01 c5 01 c5 01 c5 01 c5,True,True
G,16,2004,0.5,0.75,150.0,01 c5 01 c5 01 c5 01 c5 01 c5 01 c5 01 c5 01 c5,True,True
G,16,2004,0.5,0.85,150.0,01 c5 01 c5 01 c5 01 c5 01 c5 01 c5 01 c5 01 c5,True,True
G,16,2004,0.6,0.65,150.0,01 c5 01 c5 01 c5 01 c5 01 c5 01 c5 01 c5 01 c5,True,True
G,16,2004,0.6,0.75,150.0,01 c5 01 c5 01 c5 01 c5 01 c5 01 c5 01 c5 01 c5,True,True
G,16,2004,0.6,0.85,150.0,01 c5 01 c5 01 c5 01 c5 01 c5 01 c5 01 c5 01 c5,True,True
G,16,2005,0.2,0.65,850.0,01 c5 01 c5 01 c5 01 c5 01 c5 01 c5 01 c5 01 c5,True,True
G,16,2005,0.2,0.75,850.0,01 c5 01 c5 01 c5 01 c5 01 c5 01 c5 01 c5 01 c5,True,True
G,16,2005,0.2,0.85,850.0,01 c5 01 c5 01 c5 01 c5 01 c5 01 c5 01 c5 01 c5,True,True
G,16,2005,0.3,0.65,850.0,01 c5 01 c5 01 c5 01 c5 01 c5 01 c5 01 c5 01 c5,True,True
G,16,2005,0.3,0.75,850.0,01 c5 01 c5 01 c5 01 c5 01 c5 01 c5 01 c5 01 c5,True,True
G,16,2005,0.3,0.85,850.0,01 c5 01 c5 01 c5 01 c5 01 c5 01 c5 01 c5 01 c5,True,True
G,16,2005,0.4,0.65,850.0,01 c5 01 c5 01 c5 01 c5 01 c5 01 c5 01 c5 01 c5,True,True
G,16,2005,0.4,0.75,850.0,01 c5 01 c5 01 c5 01 c5 01 c5 01 c5 01 c5 01 c5,True,True
G,16,2005,0.4,0.85,850.0,01 c5 01 c5 01 c5 01 c5 01 c5 01 c5 01 c5 01 c5,True,True
G,16,2005,0.5,0.65,850.0,01 c5 01 c5 01 c5 01 c5 01 c5 01 c5 01 c5 01 c5,True,True
G,16,2005,0.5,0.75,850.0,01 c5 01 c5 01 c5 01 c5 01 c5 01 c5 01 c5 01 c5,True,True
G,16,2005,0.5,0.85,850.0,01 c5 01 c5 01 c5 01 c5 01 c5 01 c5 01 c5 01 c5,True,True
G,16,2005,0.6,0.65,14500.0,8d e3 21 e3 21 e0 8d e0 8d e3 21 e3 21 e0 8d e0,False,False
G,16,2005,0.6,0.75,14500.0,8d e3 21 e3 21 e0 8d e0 8d e3 21 e3 21 e0 8d e0,False,False
G,16,2005,0.6,0.85,14500.0,8d e3 21 e3 21 e0 8d e0 8d e3 21 e3 21 e0 8d e0,False,False
G,16,2006,0.2,0.65,1700.0,01 c5 01 c5 01 c5 01 c5 01 c5 01 c5 01 c5 01 c5,True,True
G,16,2006,0.2,0.75,1700.0,01 c5 01 c5 01 c5 01 c5 01 c5 01 c5 01 c5 01 c5,True,True
G,16,2006,0.2,0.85,1700.0,01 c5 01 c5 01 c5 01 c5 01 c5 01 c5 01 c5 01 c5,True,True
G,16,2006,0.3,0.65,1700.0,01 c5 01 c5 01 c5 01 c5 01 c5 01 c5 01 c5 01 c5,True,True
G,16,2006,0.3,0.75,1700.0,01 c5 01 c5 01 c5 01 c5 01 c5 01 c5 01 c5 01 c5,True,True
G,16,2006,0.3,0.85,1700.0,01 c5 01 c5 01 c5 01 c5 01 c5 01 c5 01 c5 01 c5,True,True
G,16,2006,0.4,0.65,1700.0,01 c5 01 c5 01 c5 01 c5 01 c5 01 c5 01 c5 01 c5,True,True
G,16,2006,0.4,0.75,1700.0,01 c5 01 c5 01 c5 01 c5 01 c5 01 c5 01 c5 01 c5,True,True
G,16,2006,0.4,0.85,1700.0,01 c5 01 c5 01 c5 01 c5 01 c5 01 c5 01 c5 01 c5,True,True
G,16,2006,0.5,0.65,1700.0,01 c5 01 c5 01 c5 01 c5 01 c5 01 c5 01 c5 01 c5,True,True
G,16,2006,0.5,0.75,1700.0,01 c5 01 c5 01 c5 01 c5 01 c5 01 c5 01 c5 01 c5,True,True
G,16,2006,0.5,0.85,1700.0,01 c5 01 c5 01 c5 01 c5 01 c5 01 c5 01 c5 01 c5,True,True
G,16,2006,0.6,0.65,34000.0,00 e3 21 e3 21 e0 00 e0 00 e3 21 e3 21 e0 00 e0,False,False
G,16,2006,0.6,0.75,34000.0,00 e3 21 e3 21 e0 00 e0 00 e3 21 e3 21 e0 00 e0,False,False
G,16,2006,0.6,0.85,34000.0,00 e3 21 e3 21 e0 00 e0 00 e3 21 e3 21 e0 00 e0,False,False
G,16,2007,0.2,0.65,2650.0,01 c5 01 c5 01 c5 01 c5 01 c5 01 c5 01 c5 01 c5,True,True
G,16,2007,0.2,0.75,2650.0,01 c5 01 c5 01 c5 01 c5 01 c5 01 c5 01 c5 01 c5,True,True
G,16,2007,0.2,0.85,2650.0,01 c5 01 c5 01 c5 01 c5 01 c5 01 c5 01 c5 01 c5,True,True
G,16,2007,0.3,0.65,2650.0,01 c5 01 c5 01 c5 01 c5 01 c5 01 c5 01 c5 01 c5,True,True
G,16,2007,0.3,0.75,2650.0,01 c5 01 c5 01 c5 01 c5 01 c5 01 c5 01 c5 01 c5,True,True
G,16,2007,0.3,0.85,2650.0,01 c5 01 c5 01 c5 01 c5 01 c5 01 c5 01 c5 01 c5,True,True
G,16,2007,0.4,0.65,2650.0,01 c5 01 c5 01 c5 01 c5 01 c5 01 c5 01 c5 01 c5,True,True
G,16,2007,0.4,0.75,2650.0,01 c5 01 c5 01 c5 01 c5 01 c5 01 c5 01 c5 01 c5,True,True
G,16,2007,0.4,0.85,2650.0,01 c5 01 c5 01 c5 01 c5 01 c5 01 c5 01 c5 01 c5,True,True
G,16,2007,0.5,0.65,2650.0,01 c5 01 c5 01 c5 01 c5 01 c5 01 c5 01 c5 01 c5,True,True
G,16,2007,0.5,0.75,2650.0,01 c5 01 c5 01 c5 01 c5 01 c5 01 c5 01 c5 01 c5,True,True
G,16,2007,0.5,0.85,2650.0,01 c5 01 c5 01 c5 01 c5 01 c5 01 c5 01 c5 01 c5,True,True
G,16,2007,0.6,0.65,8000.0,21 e5 21 e5 21 e5 21 e5 21 e5 21 e5 21 e5 21 e5,True,True
G,16,2007,0.6,0.75,8000.0,21 e5 21 e5 21 e5 21 e5 21 e5 21 e5 21 e5 21 e5,True,True
G,16,2007,0.6,0.85,8000.0,21 e5 21 e5 21 e5 21 e5 21 e5 21 e5 21 e5 21 e5,True,True
G,16,2008,0.2,0.65,1700.0,01 c5 01 c5 01 c5 01 c5 01 c5 01 c5 01 c5 01 c5,True,True
G,16,2008,0.2,0.75,1700.0,01 c5 01 c5 01 c5 01 c5 01 c5 01 c5 01 c5 01 c5,True,True
G,16,2008,0.2,0.85,1700.0,01 c5 01 c5 01 c5 01 c5 01 c5 01 c5 01 c5 01 c5,True,True
G,16,2008,0.3,0.65,1700.0,01 c5 01 c5 01 c5 01 c5 01 c5 01 c5 01 c5 01 c5,True,True
G,16,2008,0.3,0.75,1700.0,01 c5 01 c5 01 c5 01 c5 01 c5 01 c5 01 c5 01 c5,True,True
G,16,2008,0.3,0.85,1700.0,01 c5 01 c5 01 c5 01 c5 01 c5 01 c5 01 c5 01 c5,True,True
G,16,2008,0.4,0.65,1700.0,01 c5 01 c5 01 c5 01 c5 01 c5 01 c5 01 c5 01 c5,True,True
G,16,2008,0.4,0.75,1700.0,01 c5 01 c5 01 c5 01 c5 01 c5 01 c5 01 c5 01 c5,True,True
G,16,2008,0.4,0.85,1700.0,01 c5 01 c5 01 c5 01 c5 01 c5 01 c5 01 c5 01 c5,True,True
G,16,2008,0.5,0.65,1700.0,01 c5 01 c5 01 c5 01 c5 01 c5 01 c5 01 c5 01 c5,True,True
G,16,2008,0.5,0.75,1700.0,01 c5 01 c5 01 c5 01 c5 01 c5 01 c5 01 c5 01 c5,True,True
G,16,2008,0.5,0.85,1700.0,01 c5 01 c5 01 c5 01 c5 01 c5 01 c5 01 c5 01 c5,True,True
G,16,2008,0.6,0.65,11500.0,e5 2a e5 2a e5 2a e5 2a e5 2a e5 2a e5 2a e5 2a,True,True
G,16,2008,0.6,0.75,11500.0,e5 2a e5 2a e5 2a e5 2a e5 2a e5 2a e5 2a e5 2a,True,True
G,16,2008,0.6,0.85,11500.0,e5 2a e5 2a e5 2a e5 2a e5 2a e5 2a e5 2a e5 2a,True,True
G,16,2009,0.2,0.65,200.0,01 c5 01 c5 01 c5 01 c5 01 c5 01 c5 01 c5 01 c5,True,True
G,16,2009,0.2,0.75,200.0,01 c5 01 c5 01 c5 01 c5 01 c5 01 c5 01 c5 01 c5,True,True
G,16,2009,0.2,0.85,200.0,01 c5 01 c5 01 c5 01 c5 01 c5 01 c5 01 c5 01 c5,True,True
G,16,2009,0.3,0.65,200.0,01 c5 01 c5 01 c5 01 c5 01 c5 01 c5 01 c5 01 c5,True,True
G,16,2009,0.3,0.75,200.0,01 c5 01 c5 01 c5 01 c5 01 c5 01 c5 01 c5 01 c5,True,True
G,16,2009,0.3,0.85,200.0,01 c5 01 c5 01 c5 01 c5 01 c5 01 c5 01 c5 01 c5,True,True
G,16,2009,0.4,0.65,200.0,01 c5 01 c5 01 c5 01 c5 01 c5 01 c5 01 c5 01 c5,True,True
G,16,2009,0.4,0.75,200.0,01 c5 01 c5 01 c5 01 c5 01 c5 01 c5 01 c5 01 c5,True,True
G,16,2009,0.4,0.85,200.0,01 c5 01 c5 01 c5 01 c5 01 c5 01 c5 01 c5 01 c5,True,True
G,16,2009,0.5,0.65,200.0,01 c5 01 c5 01 c5 01 c5 01 c5 01 c5 01 c5 01 c5,True,True
G,16,2009,0.5,0.75,200.0,01 c5 01 c5 01 c5 01 c5 01 c5 01 c5 01 c5 01 c5,True,True
G,16,2009,0.5,0.85,200.0,01 c5 01 c5 01 c5 01 c5 01 c5 01 c5 01 c5 01 c5,True,True
G,16,2009,0.6,0.65,6000.0,b5 e3 21 e3 21 e0 b5 e0 b5 e3 21 e3 21 e0 b5 e0,False,False
G,16,2009,0.6,0.75,6000.0,b5 e3 21 e3 21 e0 b5 e0 b5 e3 21 e3 21 e0 b5 e0,False,False
G,16,2009,0.6,0.85,6000.0,b5 e3 21 e3 21 e0 b5 e0 b5 e3 21 e3 21 e0 b5 e0,False,False
G,16,2010,0.2,0.65,1200.0,01 c5 01 c5 01 c5 01 c5 01 c5 01 c5 01 c5 01 c5,True,True
G,16,2010,0.2,0.75,1200.0,01 c5 01 c5 01 c5 01 c5 01 c5 01 c5 01 c5 01 c5,True,True
G,16,2010,0.2,0.85,1200.0,01 c5 01 c5 01 c5 01 c5 01 c5 01 c5 01 c5 01 c5,True,True
G,16,2010,0.3,0.65,1200.0,01 c5 01 c5 01 c5 01 c5 01 c5 01 c5 01 c5 01 c5,True,True
G,16,2010,0.3,0.75,1200.0,01 c5 01 c5 01 c5 01 c5 01 c5 01 c5 01 c5 01 c5,True,True
G,16,2010,0.3,0.85,1200.0,01 c5 01 c5 01 c5 01 c5 01 c5 01 c5 01 c5 01 c5,True,True
G,16,2010,0.4,0.65,1200.0,01 c5 01 c5 01 c5 01 c5 01 c5 01 c5 01 c5 01 c5,True,True
G,16,2010,0.4,0.75,1200.0,01 c5 01 c5 01 c5 01 c5 01 c5 01 c5 01 c5 01 c5,True,True
G,16,2010,0.4,0.85,1200.0,01 c5 01 c5 01 c5 01 c5 01 c5 01 c5 01 c5 01 c5,True,True
G,16,2010,0.5,0.65,1200.0,01 c5 01 c5 01 c5 01 c5 01 c5 01 c5 01 c5 01 c5,True,True
G,16,2010,0.5,0.75,1200.0,01 c5 01 c5 01 c5 01 c5 01 c5 01 c5 01 c5 01 c5,True,True
G,16,2010,0.5,0.85,1200.0,01 c5 01 c5 01 c5 01 c5 01 c5 01 c5 01 c5 01 c5,True,True
G,16,2010,0.6,0.65,1200.0,01 c5 01 c5 01 c5 01 c5 01 c5 01 c5 01 c5 01 c5,True,True
G,16,2010,0.6,0.75,1200.0,01 c5 01 c5 01 c5 01 c5 01 c5 01 c5 01 c5 01 c5,True,True
G,16,2010,0.6,0.85,1200.0,01 c5 01 c5 01 c5 01 c5 01 c5 01 c5 01 c5 01 c5,True,True
G,16,2011,0.2,0.65,1450.0,01 c5 01 c5 01 c5 01 c5 01 c5 01 c5 01 c5 01 c5,True,True
G,16,2011,0.2,0.75,1450.0,01 c5 01 c5 01 c5 01 c5 01 c5 01 c5 01 c5 01 c5,True,True
G,16,2011,0.2,0.85,1450.0,01 c5 01 c5 01 c5 01 c5 01 c5 01 c5 01 c5 01 c5,True,True
G,16,2011,0.3,0.65,1450.0,01 c5 01 c5 01 c5 01 c5 01 c5 01 c5 01 c5 01 c5,True,True
G,16,2011,0.3,0.75,1450.0,01 c5 01 c5 01 c5 01 c5 01 c5 01 c5 01 c5 01 c5,True,True
G,16,2011,0.3,0.85,1450.0,01 c5 01 c5 01 c5 01 c5 01 c5 01 c5 01 c5 01 c5,True,True
G,16,2011,0.4,0.65,1450.0,01 c5 01 c5 01 c5 01 c5 01 c5 01 c5 01 c5 01 c5,True,True
G,16,2011,0.4,0.75,1450.0,01 c5 01 c5 01 c5 01 c5 01 c5 01 c5 01 c5 01 c5,True,True
G,16,2011,0.4,0.85,1450.0,01 c5 01 c5 01 c5 01 c5 01 c5 01 c5 01 c5 01 c5,True,True
G,16,2011,0.5,0.65,1450.0,01 c5 01 c5 01 c5 01 c5 01 c5 01 c5 01 c5 01 c5,True,True
G,16,2011,0.5,0.75,1450.0,01 c5 01 c5 01 c5 01 c5 01 c5 01 c5 01 c5 01 c5,True,True
G,16,2011,0.5,0.85,1450.0,01 c5 01 c5 01 c5 01 c5 01 c5 01 c5 01 c5 01 c5,True,True
G,16,2011,0.6,0.65,1450.0,01 c5 01 c5 01 c5 01 c5 01 c5 01 c5 01 c5 01 c5,True,True
G,16,2011,0.6,0.75,1450.0,01 c5 01 c5 01 c5 01 c5 01 c5 01 c5 01 c5 01 c5,True,True
G,16,2011,0.6,0.85,1450.0,01 c5 01 c5 01 c5 01 c5 01 c5 01 c5 01 c5 01 c5,True,True
G,16,2012,0.2,0.65,200.0,01 c5 01 c5 01 c5 01 c5 01 c5 01 c5 01 c5 01 c5,True,True
G,16,2012,0.2,0.75,200.0,01 c5 01 c5 01 c5 01 c5 01 c5 01 c5 01 c5 01 c5,True,True
G,16,2012,0.2,0.85,200.0,01 c5 01 c5 01 c5 01 c5 01 c5 01 c5 01 c5 01 c5,True,True
G,16,2012,0.3,0.65,200.0,01 c5 01 c5 01 c5 01 c5 01 c5 01 c5 01 c5 01 c5,True,True
G,16,2012,0.3,0.75,200.0,01 c5 01 c5 01 c5 01 c5 01 c5 01 c5 01 c5 01 c5,True,True
G,16,2012,0.3,0.85,200.0,01 c5 01 c5 01 c5 01 c5 01 c5 01 c5 01 c5 01 c5,True,True
G,16,2012,0.4,0.65,200.0,01 c5 01 c5 01 c5 01 c5 01 c5 01 c5 01 c5 01 c5,True,True
G,16,2012,0.4,0.75,200.0,01 c5 01 c5 01 c5 01 c5 01 c5 01 c5 01 c5 01 c5,True,True
G,16,2012,0.4,0.85,200.0,01 c5 01 c5 01 c5 01 c5 01 c5 01 c5 01 c5 01 c5,True,True
G,16,2012,0.5,0.65,200.0,01 c5 01 c5 01 c5 01 c5 01 c5 01 c5 01 c5 01 c5,True,True
G,16,2012,0.5,0.75,200.0,01 c5 01 c5 01 c5 01 c5 01 c5 01 c5 01 c5 01 c5,True,True
G,16,2012,0.5,0.85,200.0,01 c5 01 c5 01 c5 01 c5 01 c5 01 c5 01 c5 01 c5,True,True
G,16,2012,0.6,0.65,200.0,01 c5 01 c5 01 c5 01 c5 01 c5 01 c5 01 c5 01 c5,True,True
G,16,2012,0.6,0.75,200.0,01 c5 01 c5 01 c5 01 c5 01 c5 01 c5 01 c5 01 c5,True,True
G,16,2012,0.6,0.85,200.0,01 c5 01 c5 01 c5 01 c5 01 c5 01 c5 01 c5 01 c5,True,True
G,16,2013,0.2,0.65,1300.0,01 c5 01 c5 01 c5 01 c5 01 c5 01 c5 01 c5 01 c5,True,True
G,16,2013,0.2,0.75,1300.0,01 c5 01 c5 01 c5 01 c5 01 c5 01 c5 01 c5 01 c5,True,True
G,16,2013,0.2,0.85,1300.0,01 c5 01 c5 01 c5 01 c5 01 c5 01 c5 01 c5 01 c5,True,True
G,16,2013,0.3,0.65,1300.0,01 c5 01 c5 01 c5 01 c5 01 c5 01 c5 01 c5 01 c5,True,True
G,16,2013,0.3,0.75,1300.0,01 c5 01 c5 01 c5 01 c5 01 c5 01 c5 01 c5 01 c5,True,True
G,16,2013,0.3,0.85,1300.0,01 c5 01 c5 01 c5 01 c5 01 c5 01 c5 01 c5 01 c5,True,True
G,16,2013,0.4,0.65,1300.0,01 c5 01 c5 01 c5 01 c5 01 c5 01 c5 01 c5 01 c5,True,True
G,16,2013,0.4,0.75,1300.0,01 c5 01 c5 01 c5 01 c5 01 c5 01 c5 01 c5 01 c5,True,True
G,16,2013,0.4,0.85,1300.0,01 c5 01 c5 01 c5 01 c5 01 c5 01 c5 01 c5 01 c5,True,True
G,16,2013,0.5,0.65,1300.0,01 c5 01 c5 01 c5 01 c5 01 c5 01 c5 01 c5 01 c5,True,True
G,16,2013,0.5,0.75,1300.0,01 c5 01 c5 01 c5 01 c5 01 c5 01 c5 01 c5 01 c5,True,True
G,16,2013,0.5,0.85,1300.0,01 c5 01 c5 01 c5 01 c5 01 c5 01 c5 01 c5 01 c5,True,True
G,16,2013,0.6,0.65,18000.0,1d e3 21 e3 21 e0 1d e0 1d e3 21 e3 21 e0 1d e0,False,False
G,16,2013,0.6,0.75,18000.0,1d e3 21 e3 21 e0 1d e0 1d e3 21 e3 21 e0 1d e0,False,False
G,16,2013,0.6,0.85,18000.0,1d e3 21 e3 21 e0 1d e0 1d e3 21 e3 21 e0 1d e0,False,False
G,16,2014,0.2,0.65,2400.0,01 c5 01 c5 01 c5 01 c5 01 c5 01 c5 01 c5 01 c5,True,True
G,16,2014,0.2,0.75,2400.0,01 c5 01 c5 01 c5 01 c5 01 c5 01 c5 01 c5 01 c5,True,True
G,16,2014,0.2,0.85,2400.0,01 c5 01 c5 01 c5 01 c5 01 c5 01 c5 01 c5 01 c5,True,True
G,16,2014,0.3,0.65,2400.0,01 c5 01 c5 01 c5 01 c5 01 c5 01 c5 01 c5 01 c5,True,True
G,16,2014,0.3,0.75,2400.0,01 c5 01 c5 01 c5 01 c5 01 c5 01 c5 01 c5 01 c5,True,True
G,16,2014,0.3,0.85,2400.0,01 c5 01 c5 01 c5 01 c5 01 c5 01 c5 01 c5 01 c5,True,True
G,16,2014,0.4,0.65,2400.0,01 c5 01 c5 01 c5 01 c5 01 c5 01 c5 01 c5 01 c5,True,True
G,16,2014,0.4,0.75,2400.0,01 c5 01 c5 01 c5 01 c5 01 c5 01 c5 01 c5 01 c5,True,True
G,16,2014,0.4,0.85,2400.0,01 c5 01 c5 01 c5 01 c5 01 c5 01 c5 01 c5 01 c5,True,True
G,16,2014,0.5,0.65,31500.0,00 e3 21 e3 21 e0 00 e0 00 e3 21 e3 21 e0 00 e0,False,False
G,16,2014,0.5,0.75,31500.0,00 e3 21 e3 21 e0 00 e0 00 e3 21 e3 21 e0 00 e0,False,False
G,16,2014,0.5,0.85,31500.0,00 e3 21 e3 21 e0 00 e0 00 e3 21 e3 21 e0 00 e0,False,False
G,16,2014,0.6,0.65,31500.0,00 e3 21 e3 21 e0 00 e0 00 e3 21 e3 21 e0 00 e0,False,False
G,16,2014,0.6,0.75,31500.0,00 e3 21 e3 21 e0 00 e0 00 e3 21 e3 21 e0 00 e0,False,False
G,16,2014,0.6,0.85,31500.0,00 e3 21 e3 21 e0 00 e0 00 e3 21 e3 21 e0 00 e0,False,False
G,16,2015,0.2,0.65,150.0,01 c5 01 c5 01 c5 01 c5 01 c5 01 c5 01 c5 01 c5,True,True
G,16,2015,0.2,0.75,150.0,01 c5 01 c5 01 c5 01 c5 01 c5 01 c5 01 c5 01 c5,True,True
G,16,2015,0.2,0.85,150.0,01 c5 01 c5 01 c5 01 c5 01 c5 01 c5 01 c5 01 c5,True,True
G,16,2015,0.3,0.65,150.0,01 c5 01 c5 01 c5 01 c5 01 c5 01 c5 01 c5 01 c5,True,True
G,16,2015,0.3,0.75,150.0,01 c5 01 c5 01 c5 01 c5 01 c5 01 c5 01 c5 01 c5,True,True
G,16,2015,0.3,0.85,150.0,01 c5 01 c5 01 c5 01 c5 01 c5 01 c5 01 c5 01 c5,True,True
G,16,2015,0.4,0.65,150.0,01 c5 01 c5 01 c5 01 c5 01 c5 01 c5 01 c5 01 c5,True,True
G,16,2015,0.4,0.75,150.0,01 c5 01 c5 01 c5 01 c5 01 c5 01 c5 01 c5 01 c5,True,True
G,16,2015,0.4,0.85,150.0,01 c5 01 c5 01 c5 01 c5 01 c5 01 c5 01 c5 01 c5,True,True
G,16,2015,0.5,0.65,150.0,01 c5 01 c5 01 c5 01 c5 01 c5 01 c5 01 c5 01 c5,True,True
G,16,2015,0.5,0.75,150.0,01 c5 01 c5 01 c5 01 c5 01 c5 01 c5 01 c5 01 c5,True,True
G,16,2015,0.5,0.85,150.0,01 c5 01 c5 01 c5 01 c5 01 c5 01 c5 01 c5 01 c5,True,True
G,16,2015,0.6,0.65,30500.0,96 e3 21 e3 21 e0 96 e0 96 e3 21 e3 21 e0 96 e0,False,False
G,16,2015,0.6,0.75,30500.0,96 e3 21 e3 21 e0 96 e0 96 e3 21 e3 21 e0 96 e0,False,False
G,16,2015,0.6,0.85,30500.0,96 e3 21 e3 21 e0 96 e0 96 e3 21 e3 21 e0 96 e0,False,False
G,16,2016,0.2,0.65,200.0,01 c5 01 c5 01 c5 01 c5 01 c5 01 c5 01 c5 01 c5,True,True
G,16,2016,0.2,0.75,200.0,01 c5 01 c5 01 c5 01 c5 01 c5 01 c5 01 c5 01 c5,True,True
G,16,2016,0.2,0.85,200.0,01 c5 01 c5 01 c5 01 c5 01 c5 01 c5 01 c5 01 c5,True,True
G,16,2016,0.3,0.65,200.0,01 c5 01 c5 01 c5 01 c5 01 c5 01 c5 01 c5 01 c5,True,True
G,16,2016,0.3,0.75,200.0,01 c5 01 c5 01 c5 01 c5 01 c5 01 c5 01 c5 01 c5,True,True
G,16,2016,0.3,0.85,200.0,01 c5 01 c5 01 c5 01 c5 01 c5 01 c5 01 c5 01 c5,True,True
G,16,2016,0.4,0.65,200.0,01 c5 01 c5 01 c5 01 c5 01 c5 01 c5 01 c5 01 c5,True,True
G,16,2016,0.4,0.75,200.0,01 c5 01 c5 01 c5 01 c5 01 c5 01 c5 01 c5 01 c5,True,True
G,16,2016,0.4,0.85,200.0,01 c5 01 c5 01 c5 01 c5 01 c5 01 c5 01 c5 01 c5,True,True
G,16,2016,0.5,0.65,200.0,01 c5 01 c5 01 c5 01 c5 01 c5 01 c5 01 c5 01 c5,True,True
G,16,2016,0.5,0.75,200.0,01 c5 01 c5 01 c5 01 c5 01 c5 01 c5 01 c5 01 c5,True,True
G,16,2016,0.5,0.85,200.0,01 c5 01 c5 01 c5 01 c5 01 c5 01 c5 01 c5 01 c5,True,True
G,16,2016,0.6,0.65,143000.0,00 e3 21 e3 21 c0 00 c0 00 e3 21 e3 21 c0 00 c0,False,False
G,16,2016,0.6,0.75,143000.0,00 e3 21 e3 21 c0 00 c0 00 e3 21 e3 21 c0 00 c0,False,False
G,16,2016,0.6,0.85,143000.0,00 e3 21 e3 21 c0 00 c0 00 e3 21 e3 21 c0 00 c0,False,False
G,16,2017,0.2,0.65,100.0,11 d5 11 d5 11 d5 11 d5 11 d5 11 d5 11 d5 11 d5,True,True
G,16,2017,0.2,0.75,100.0,11 d5 11 d5 11 d5 11 d5 11 d5 11 d5 11 d5 11 d5,True,True
G,16,2017,0.2,0.85,100.0,11 d5 11 d5 11 d5 11 d5 11 d5 11 d5 11 d5 11 d5,True,True
G,16,2017,0.3,0.65,100.0,11 d5 11 d5 11 d5 11 d5 11 d5 11 d5 11 d5 11 d5,True,True
G,16,2017,0.3,0.75,100.0,11 d5 11 d5 11 d5 11 d5 11 d5 11 d5 11 d5 11 d5,True,True
G,16,2017,0.3,0.85,100.0,11 d5 11 d5 11 d5 11 d5 11 d5 11 d5 11 d5 11 d5,True,True
G,16,2017,0.4,0.65,100.0,11 d5 11 d5 11 d5 11 d5 11 d5 11 d5 11 d5 11 d5,True,True
G,16,2017,0.4,0.75,100.0,11 d5 11 d5 11 d5 11 d5 11 d5 11 d5 11 d5 11 d5,True,True
G,16,2017,0.4,0.85,100.0,11 d5 11 d5 11 d5 11 d5 11 d5 11 d5 11 d5 11 d5,True,True
G,16,2017,0.5,0.65,100.0,11 d5 11 d5 11 d5 11 d5 11 d5 11 d5 11 d5 11 d5,True,True
G,16,2017,0.5,0.75,100.0,11 d5 11 d5 11 d5 11 d5 11 d5 11 d5 11 d5 11 d5,True,True
G,16,2017,0.5,0.85,100.0,11 d5 11 d5 11 d5 11 d5 11 d5 11 d5 11 d5 11 d5,True,True
G,16,2017,0.6,0.65,10500.0,21 e5 21 e5 21 e5 21 e5 21 e5 21 e5 21 e5 21 e5,True,True
G,16,2017,0.6,0.75,10500.0,21 e5 21 e5 21 e5 21 e5 21 e5 21 e5 21 e5 21 e5,True,True
G,16,2017,0.6,0.85,10500.0,21 e5 21 e5 21 e5 21 e5 21 e5 21 e5 21 e5 21 e5,True,True
G,16,2018,0.2,0.65,450.0,01 c5 01 c5 01 c5 01 c5 01 c5 01 c5 01 c5 01 c5,True,True
G,16,2018,0.2,0.75,450.0,01 c5 01 c5 01 c5 01 c5 01 c5 01 c5 01 c5 01 c5,True,True
G,16,2018,0.2,0.85,450.0,01 c5 01 c5 01 c5 01 c5 01 c5 01 c5 01 c5 01 c5,True,True
G,16,2018,0.3,0.65,450.0,01 c5 01 c5 01 c5 01 c5 01 c5 01 c5 01 c5 01 c5,True,True
G,16,2018,0.3,0.75,450.0,01 c5 01 c5 01 c5 01 c5 01 c5 01 c5 01 c5 01 c5,True,True
G,16,2018,0.3,0.85,450.0,01 c5 01 c5 01 c5 01 c5 01 c5 01 c5 01 c5 01 c5,True,True
G,16,2018,0.4,0.65,450.0,01 c5 01 c5 01 c5 01 c5 01 c5 01 c5 01 c5 01 c5,True,True
G,16,2018,0.4,0.75,450.0,01 c5 01 c5 01 c5 01 c5 01 c5 01 c5 01 c5 01 c5,True,True
G,16,2018,0.4,0.85,450.0,01 c5 01 c5 01 c5 01 c5 01 c5 01 c5 01 c5 01 c5,True,True
G,16,2018,0.5,0.65,450.0,01 c5 01 c5 01 c5 01 c5 01 c5 01 c5 01 c5 01 c5,True,True
G,16,2018,0.5,0.75,450.0,01 c5 01 c5 01 c5 01 c5 01 c5 01 c5 01 c5 01 c5,True,True
G,16,2018,0.5,0.85,450.0,01 c5 01 c5 01 c5 01 c5 01 c5 01 c5 01 c5 01 c5,True,True
G,16,2018,0.6,0.65,21000.0,04 e3 21 e3 21 e0 04 e0 04 e3 21 e3 21 e0 04 e0,False,False
G,16,2018,0.6,0.75,21000.0,04 e3 21 e3 21 e0 04 e0 04 e3 21 e3 21 e0 04 e0,False,False
G,16,2018,0.6,0.85,21000.0,04 e3 21 e3 21 e0 04 e0 04 e3 21 e3 21 e0 04 e0,False,False
G,16,2019,0.2,0.65,150.0,01 c5 01 c5 01 c5 01 c5 01 c5 01 c5 01 c5 01 c5,True,True
G,16,2019,0.2,0.75,150.0,01 c5 01 c5 01 c5 01 c5 01 c5 01 c5 01 c5 01 c5,True,True
G,16,2019,0.2,0.85,150.0,01 c5 01 c5 01 c5 01 c5 01 c5 01 c5 01 c5 01 c5,True,True
G,16,2019,0.3,0.65,150.0,01 c5 01 c5 01 c5 01 c5 01 c5 01 c5 01 c5 01 c5,True,True
G,16,2019,0.3,0.75,150.0,01 c5 01 c5 01 c5 01 c5 01 c5 01 c5 01 c5 01 c5,True,True
G,16,2019,0.3,0.85,150.0,01 c5 01 c5 01 c5 01 c5 01 c5 01 c5 01 c5 01 c5,True,True
G,16,2019,0.4,0.65,150.0,01 c5 01 c5 01 c5 01 c5 01 c5 01 c5 01 c5 01 c5,True,True
G,16,2019,0.4,0.75,150.0,01 c5 01 c5 01 c5 01 c5 01 c5 01 c5 01 c5 01 c5,True,True
G,16,2019,0.4,0.85,150.0,01 c5 01 c5 01 c5 01 c5 01 c5 01 c5 01 c5 01 c5,True,True
G,16,2019,0.5,0.65,150.0,01 c5 01 c5 01 c5 01 c5 01 c5 01 c5 01 c5 01 c5,True,True
G,16,2019,0.5,0.75,150.0,01 c5 01 c5 01 c5 01 c5 01 c5 01 c5 01 c5 01 c5,True,True
G,16,2019,0.5,0.85,150.0,01 c5 01 c5 01 c5 01 c5 01 c5 01 c5 01 c5 01 c5,True,True
G,16,2019,0.6,0.65,6500.0,e5 2a e5 2a e5 2a e5 2a e5 2a e5 2a e5 2a e5 2a,True,True
G,16,2019,0.6,0.75,6500.0,e5 2a e5 2a e5 2a e5 2a e5 2a e5 2a e5 2a e5 2a,True,True
G,16,2019,0.6,0.85,6500.0,e5 2a e5 2a e5 2a e5 2a e5 2a e5 2a e5 2a e5 2a,True,True
G,16,2020,0.2,0.65,600.0,01 c5 01 c5 01 c5 01 c5 01 c5 01 c5 01 c5 01 c5,True,True
G,16,2020,0.2,0.75,600.0,01 c5 01 c5 01 c5 01 c5 01 c5 01 c5 01 c5 01 c5,True,True
G,16,2020,0.2,0.85,600.0,01 c5 01 c5 01 c5 01 c5 01 c5 01 c5 01 c5 01 c5,True,True
G,16,2020,0.3,0.65,600.0,01 c5 01 c5 01 c5 01 c5 01 c5 01 c5 01 c5 01 c5,True,True
G,16,2020,0.3,0.75,600.0,01 c5 01 c5 01 c5 01 c5 01 c5 01 c5 01 c5 01 c5,True,True
G,16,2020,0.3,0.85,600.0,01 c5 01 c5 01 c5 01 c5 01 c5 01 c5 01 c5 01 c5,True,True
G,16,2020,0.4,0.65,600.0,01 c5 01 c5 01 c5 01 c5 01 c5 01 c5 01 c5 01 c5,True,True
G,16,2020,0.4,0.75,600.0,01 c5 01 c5 01 c5 01 c5 01 c5 01 c5 01 c5 01 c5,True,True
G,16,2020,0.4,0.85,600.0,01 c5 01 c5 01 c5 01 c5 01 c5 01 c5 01 c5 01 c5,True,True
G,16,2020,0.5,0.65,600.0,01 c5 01 c5 01 c5 01 c5 01 c5 01 c5 01 c5 01 c5,True,True
G,16,2020,0.5,0.75,600.0,01 c5 01 c5 01 c5 01 c5 01 c5 01 c5 01 c5 01 c5,True,True
G,16,2020,0.5,0.85,600.0,01 c5 01 c5 01 c5 01 c5 01 c5 01 c5 01 c5 01 c5,True,True
G,16,2020,0.6,0.65,600.0,01 c5 01 c5 01 c5 01 c5 01 c5 01 c5 01 c5 01 c5,True,True
G,16,2020,0.6,0.75,600.0,01 c5 01 c5 01 c5 01 c5 01 c5 01 c5 01 c5 01 c5,True,True
G,16,2020,0.6,0.85,600.0,01 c5 01 c5 01 c5 01 c5 01 c5 01 c5 01 c5 01 c5,True,True
G,20,2001,0.2,0.65,1000.0,01 c5 01 c5 01 c5 01 c5 01 c5 01 c5 01 c5 01 c5 01 c5 01 c5,True,True
G,20,2001,0.2,0.75,1000.0,01 c5 01 c5 01 c5 01 c5 01 c5 01 c5 01 c5 01 c5 01 c5 01 c5,True,True
G,20,2001,0.2,0.85,1000.0,01 c5 01 c5 01 c5 01 c5 01 c5 01 c5 01 c5 01 c5 01 c5 01 c5,True,True
G,20,2001,0.3,0.65,1000.0,01 c5 01 c5 01 c5 01 c5 01 c5 01 c5 01 c5 01 c5 01 c5 01 c5,True,True
G,20,2001,0.3,0.75,1000.0,01 c5 01 c5 01 c5 01 c5 01 c5 01 c5 01 c5 01 c5 01 c5 01 c5,True,True
G,20,2001,0.3,0.85,1000.0,01 c5 01 c5 01 c5 01 c5 01 c5 01 c5 01 c5 01 c5 01 c5 01 c5,True,True
G,20,2001,0.4,0.65,1000.0,01 c5 01 c5 01 c5 01 c5 01 c5 01 c5 01 c5 01 c5 01 c5 01 c5,True,True
G,20,2001,0.4,0.75,1000.0,01 c5 01 c5 01 c5 01 c5 01 c5 01 c5 01 c5 01 c5 01 c5 01 c5,True,True
G,20,2001,0.4,0.85,1000.0,01 c5 01 c5 01 c5 01 c5 01 c5 01 c5 01 c5 01 c5 01 c5 01 c5,True,True
G,20,2001,0.5,0.65,1000.0,01 c5 01 c5 01 c5 01 c5 01 c5 01 c5 01 c5 01 c5 01 c5 01 c5,True,True
G,20,2001,0.5,0.75,1000.0,01 c5 01 c5 01 c5 01 c5 01 c5 01 c5 01 c5 01 c5 01 c5 01 c5,True,True
G,20,2001,0.5,0.85,1000.0,01 c5 01 c5 01 c5 01 c5 01 c5 01 c5 01 c5 01 c5 01 c5 01 c5,True,True
G,20,2001,0.6,0.65,560000.0,b0 11 d5 e3 ed b0 11 d5 e3 ed b0 11 d5 e3 ed b0 11 d5 e3 ed,False,False
G,20,2001,0.6,0.75,560000.0,b0 11 d5 e3 ed b0 11 d5 e3 ed b0 11 d5 e3 ed b0 11 d5 e3 ed,False,False
G,20,2001,0.6,0.85,560000.0,b0 11 d5 e3 ed b0 11 d5 e3 ed b0 11 d5 e3 ed b0 11 d5 e3 ed,False,False
G,20,2002,0.2,0.65,1000.0,11 d5 11 d5 11 d5 11 d5 11 d5 11 d5 11 d5 11 d5 11 d5 11 d5,True,True
G,20,2002,0.2,0.75,1000.0,11 d5 11 d5 11 d5 11 d5 11 d5 11 d5 11 d5 11 d5 11 d5 11 d5,True,True
G,20,2002,0.2,0.85,1000.0,11 d5 11 d5 11 d5 11 d5 11 d5 11 d5 11 d5 11 d5 11 d5 11 d5,True,True
G,20,2002,0.3,0.65,1000.0,11 d5 11 d5 11 d5 11 d5 11 d5 11 d5 11 d5 11 d5 11 d5 11 d5,True,True
G,20,2002,0.3,0.75,1000.0,11 d5 11 d5 11 d5 11 d5 11 d5 11 d5 11 d5 11 d5 11 d5 11 d5,True,True
G,20,2002,0.3,0.85,1000.0,11 d5 11 d5 11 d5 11 d5 11 d5 11 d5 11 d5 11 d5 11 d5 11 d5,True,True
G,20,2002,0.4,0.65,1000.0,11 d5 11 d5 11 d5 11 d5 11 d5 11 d5 11 d5 11 d5 11 d5 11 d5,True,True
G,20,2002,0.4,0.75,1000.0,11 d5 11 d5 11 d5 11 d5 11 d5 11 d5 11 d5 11 d5 11 d5 11 d5,True,True
G,20,2002,0.4,0.85,1000.0,11 d5 11 d5 11 d5 11 d5 11 d5 11 d5 11 d5 11 d5 11 d5 11 d5,True,True
G,20,2002,0.5,0.65,2800.0,01 c5 01 c5 01 c5 01 c5 01 c5 01 c5 01 c5 01 c5 01 c5 01 c5,True,True
G,20,2002,0.5,0.75,2800.0,01 c5 01 c5 01 c5 01 c5 01 c5 01 c5 01 c5 01 c5 01 c5 01 c5,True,True
G,20,2002,0.5,0.85,2800.0,01 c5 01 c5 01 c5 01 c5 01 c5 01 c5 01 c5 01 c5 01 c5 01 c5,True,True
G,20,2002,0.6,0.65,313000.0,21 e5 21 e5 21 fd 18 e5 21 e5 21 e5 21 e5 21 fd 18 e5 21 e5,False,False
G,20,2002,0.6,0.75,313000.0,21 e5 21 e5 21 fd 18 e5 21 e5 21 e5 21 e5 21 fd 18 e5 21 e5,False,False
G,20,2002,0.6,0.85,313000.0,21 e5 21 e5 21 fd 18 e5 21 e5 21 e5 21 e5 21 fd 18 e5 21 e5,False,False
G,20,2003,0.2,0.65,350.0,11 d5 11 d5 11 d5 11 d5 11 d5 11 d5 11 d5 11 d5 11 d5 11 d5,True,True
G,20,2003,0.2,0.75,350.0,11 d5 11 d5 11 d5 11 d5 11 d5 11 d5 11 d5 11 d5 11 d5 11 d5,True,True
G,20,2003,0.2,0.85,350.0,11 d5 11 d5 11 d5 11 d5 11 d5 11 d5 11 d5 11 d5 11 d5 11 d5,True,True
G,20,2003,0.3,0.65,350.0,11 d5 11 d5 11 d5 11 d5 11 d5 11 d5 11 d5 11 d5 11 d5 11 d5,True,True
G,20,2003,0.3,0.75,350.0,11 d5 11 d5 11 d5 11 d5 11 d5 11 d5 11 d5 11 d5 11 d5 11 d5,True,True
G,20,2003,0.3,0.85,350.0,11 d5 11 d5 11 d5 11 d5 11 d5 11 d5 11 d5 11 d5 11 d5 11 d5,True,True
G,20,2003,0.4,0.65,350.0,11 d5 11 d5 11 d5 11 d5 11 d5 11 d5 11 d5 11 d5 11 d5 11 d5,True,True
G,20,2003,0.4,0.75,350.0,11 d5 11 d5 11 d5 11 d5 11 d5 11 d5 11 d5 11 d5 11 d5 11 d5,True,True
G,20,2003,0.4,0.85,350.0,11 d5 11 d5 11 d5 11 d5 11 d5 11 d5 11 d5 11 d5 11 d5 11 d5,True,True
G,20,2003,0.5,0.65,874000.0,1e ac ed b8 1e ac ed b8 1e ac ed b8 1e ac ed b8 1e ac ed b8,False,False
G,20,2003,0.5,0.75,874000.0,1e ac ed b8 1e ac ed b8 1e ac ed b8 1e ac ed b8 1e ac ed b8,False,False
G,20,2003,0.5,0.85,874000.0,1e ac ed b8 1e ac ed b8 1e ac ed b8 1e ac ed b8 1e ac ed b8,False,False
G,20,2003,0.6,0.65,874000.0,1e ac ed b8 1e ac ed b8 1e ac ed b8 1e ac ed b8 1e ac ed b8,False,False
G,20,2003,0.6,0.75,874000.0,1e ac ed b8 1e ac ed b8 1e ac ed b8 1e ac ed b8 1e ac ed b8,False,False
G,20,2003,0.6,0.85,874000.0,1e ac ed b8 1e ac ed b8 1e ac ed b8 1e ac ed b8 1e ac ed b8,False,False
G,20,2004,0.2,0.65,2700.0,21 e5 21 e5 21 e5 21 e5 21 e5 21 e5 21 e5 21 e5 21 e5 21 e5,True,True
G,20,2004,0.2,0.75,2700.0,21 e5 21 e5 21 e5 21 e5 21 e5 21 e5 21 e5 21 e5 21 e5 21 e5,True,True
G,20,2004,0.2,0.85,2700.0,21 e5 21 e5 21 e5 21 e5 21 e5 21 e5 21 e5 21 e5 21 e5 21 e5,True,True
G,20,2004,0.3,0.65,2700.0,21 e5 21 e5 21 e5 21 e5 21 e5 21 e5 21 e5 21 e5 21 e5 21 e5,True,True
G,20,2004,0.3,0.75,2700.0,21 e5 21 e5 21 e5 21 e5 21 e5 21 e5 21 e5 21 e5 21 e5 21 e5,True,True
G,20,2004,0.3,0.85,2700.0,21 e5 21 e5 21 e5 21 e5 21 e5 21 e5 21 e5 21 e5 21 e5 21 e5,True,True
G,20,2004,0.4,0.65,2700.0,21 e5 21 e5 21 e5 21 e5 21 e5 21 e5 21 e5 21 e5 21 e5 21 e5,True,True
G,20,2004,0.4,0.75,2700.0,21 e5 21 e5 21 e5 21 e5 21 e5 21 e5 21 e5 21 e5 21 e5 21 e5,True,True
G,20,2004,0.4,0.85,2700.0,21 e5 21 e5 21 e5 21 e5 21 e5 21 e5 21 e5 21 e5 21 e5 21 e5,True,True
G,20,2004,0.5,0.65,2700.0,21 e5 21 e5 21 e5 21 e5 21 e5 21 e5 21 e5 21 e5 21 e5 21 e5,True,True
G,20,2004,0.5,0.75,2700.0,21 e5 21 e5 21 e5 21 e5 21 e5 21 e5 21 e5 21 e5 21 e5 21 e5,True,True
G,20,2004,0.5,0.85,2700.0,21 e5 21 e5 21 e5 21 e5 21 e5 21 e5 21 e5 21 e5 21 e5 21 e5,True,True
G,20,2004,0.6,0.65,56000.0,b0 1e 7c ed b0 1e 7c ed b0 1e 7c ed b0 1e 7c ed b0 1e 7c ed,False,False
G,20,2004,0.6,0.75,56000.0,b0 1e 7c ed b0 1e 7c ed b0 1e 7c ed b0 1e 7c ed b0 1e 7c ed,False,False
G,20,2004,0.6,0.85,56000.0,b0 1e 7c ed b0 1e 7c ed b0 1e 7c ed b0 1e 7c ed b0 1e 7c ed,False,False
G,20,2005,0.2,0.65,3250.0,01 c5 01 c5 01 c5 01 c5 01 c5 01 c5 01 c5 01 c5 01 c5 01 c5,True,True
G,20,2005,0.2,0.75,3250.0,01 c5 01 c5 01 c5 01 c5 01 c5 01 c5 01 c5 01 c5 01 c5 01 c5,True,True
G,20,2005,0.2,0.85,3250.0,01 c5 01 c5 01 c5 01 c5 01 c5 01 c5 01 c5 01 c5 01 c5 01 c5,True,True
G,20,2005,0.3,0.65,3250.0,01 c5 01 c5 01 c5 01 c5 01 c5 01 c5 01 c5 01 c5 01 c5 01 c5,True,True
G,20,2005,0.3,0.75,3250.0,01 c5 01 c5 01 c5 01 c5 01 c5 01 c5 01 c5 01 c5 01 c5 01 c5,True,True
G,20,2005,0.3,0.85,3250.0,01 c5 01 c5 01 c5 01 c5 01 c5 01 c5 01 c5 01 c5 01 c5 01 c5,True,True
G,20,2005,0.4,0.65,3250.0,01 c5 01 c5 01 c5 01 c5 01 c5 01 c5 01 c5 01 c5 01 c5 01 c5,True,True
G,20,2005,0.4,0.75,3250.0,01 c5 01 c5 01 c5 01 c5 01 c5 01 c5 01 c5 01 c5 01 c5 01 c5,True,True
G,20,2005,0.4,0.85,3250.0,01 c5 01 c5 01 c5 01 c5 01 c5 01 c5 01 c5 01 c5 01 c5 01 c5,True,True
G,20,2005,0.5,0.65,3250.0,01 c5 01 c5 01 c5 01 c5 01 c5 01 c5 01 c5 01 c5 01 c5 01 c5,True,True
G,20,2005,0.5,0.75,3250.0,01 c5 01 c5 01 c5 01 c5 01 c5 01 c5 01 c5 01 c5 01 c5 01 c5,True,True
G,20,2005,0.5,0.85,3250.0,01 c5 01 c5 01 c5 01 c5 01 c5 01 c5 01 c5 01 c5 01 c5 01 c5,True,True
G,20,2005,0.6,0.65,,,False,False
G,20,2005,0.6,0.75,,,False,False
G,20,2005,0.6,0.85,,,False,False
G,20,2006,0.2,0.65,1950.0,11 d5 11 d5 11 d5 11 d5 11 d5 11 d5 11 d5 11 d5 11 d5 11 d5,True,True
G,20,2006,0.2,0.75,1950.0,11 d5 11 d5 11 d5 11 d5 11 d5 11 d5 11 d5 11 d5 11 d5 11 d5,True,True
G,20,2006,0.2,0.85,1950.0,11 d5 11 d5 11 d5 11 d5 11 d5 11 d5 11 d5 11 d5 11 d5 11 d5,True,True
G,20,2006,0.3,0.65,1950.0,11 d5 11 d5 11 d5 11 d5 11 d5 11 d5 11 d5 11 d5 11 d5 11 d5,True,True
G,20,2006,0.3,0.75,1950.0,11 d5 11 d5 11 d5 11 d5 11 d5 11 d5 11 d5 11 d5 11 d5 11 d5,True,True
G,20,2006,0.3,0.85,1950.0,11 d5 11 d5 11 d5 11 d5 11 d5 11 d5 11 d5 11 d5 11 d5 11 d5,True,True
G,20,2006,0.4,0.65,1950.0,11 d5 11 d5 11 d5 11 d5 11 d5 11 d5 11 d5 11 d5 11 d5 11 d5,True,True
G,20,2006,0.4,0.75,1950.0,11 d5 11 d5 11 d5 11 d5 11 d5 11 d5 11 d5 11 d5 11 d5 11 d5,True,True
G,20,2006,0.4,0.85,1950.0,11 d5 11 d5 11 d5 11 d5 11 d5 11 d5 11 d5 11 d5 11 d5 11 d5,True,True
G,20,2006,0.5,0.65,1950.0,11 d5 11 d5 11 d5 11 d5 11 d5 11 d5 11 d5 11 d5 11 d5 11 d5,True,True
G,20,2006,0.5,0.75,1950.0,11 d5 11 d5 11 d5 11 d5 11 d5 11 d5 11 d5 11 d5 11 d5 11 d5,True,True
G,20,2006,0.5,0.85,1950.0,11 d5 11 d5 11 d5 11 d5 11 d5 11 d5 11 d5 11 d5 11 d5 11 d5,True,True
G,20,2006,0.6,0.65,243000.0,b0 7d 1e a5 ed b0 7d 1e a5 ed b0 7d 1e a5 ed b0 7d 1e a5 ed,False,False
G,20,2006,0.6,0.75,243000.0,b0 7d 1e a5 ed b0 7d 1e a5 ed b0 7d 1e a5 ed b0 7d 1e a5 ed,False,False
G,20,2006,0.6,0.85,243000.0,b0 7d 1e a5 ed b0 7d 1e a5 ed b0 7d 1e a5 ed b0 7d 1e a5 ed,False,False
G,20,2007,0.2,0.65,300.0,11 d5 11 d5 11 d5 11 d5 11 d5 11 d5 11 d5 11 d5 11 d5 11 d5,True,True
G,20,2007,0.2,0.75,300.0,11 d5 11 d5 11 d5 11 d5 11 d5 11 d5 11 d5 11 d5 11 d5 11 d5,True,True
G,20,2007,0.2,0.85,300.0,11 d5 11 d5 11 d5 11 d5 11 d5 11 d5 11 d5 11 d5 11 d5 11 d5,True,True
G,20,2007,0.3,0.65,300.0,11 d5 11 d5 11 d5 11 d5 11 d5 11 d5 11 d5 11 d5 11 d5 11 d5,True,True
G,20,2007,0.3,0.75,300.0,11 d5 11 d5 11 d5 11 d5 11 d5 11 d5 11 d5 11 d5 11 d5 11 d5,True,True
G,20,2007,0.3,0.85,300.0,11 d5 11 d5 11 d5 11 d5 11 d5 11 d5 11 d5 11 d5 11 d5 11 d5,True,True
G,20,2007,0.4,0.65,550.0,01 c5 01 c5 01 c5 01 c5 01 c5 01 c5 01 c5 01 c5 01 c5 01 c5,True,True
G,20,2007,0.4,0.75,550.0,01 c5 01 c5 01 c5 01 c5 01 c5 01 c5 01 c5 01 c5 01 c5 01 c5,True,True
G,20,2007,0.4,0.85,550.0,01 c5 01 c5 01 c5 01 c5 01 c5 01 c5 01 c5 01 c5 01 c5 01 c5,True,True
G,20,2007,0.5,0.65,550.0,01 c5 01 c5 01 c5 01 c5 01 c5 01 c5 01 c5 01 c5 01 c5 01 c5,True,True
G,20,2007,0.5,0.75,550.0,01 c5 01 c5 01 c5 01 c5 01 c5 01 c5 01 c5 01 c5 01 c5 01 c5,True,True
G,20,2007,0.5,0.85,550.0,01 c5 01 c5 01 c5 01 c5 01 c5 01 c5 01 c5 01 c5 01 c5 01 c5,True,True
G,20,2007,0.6,0.65,284000.0,11 f8 ed b0 00 d5 11 b0 11 f8 ed b0 00 d5 11 b0 11 f8 ed b0,False,False
G,20,2007,0.6,0.75,284000.0,11 f8 ed b0 00 d5 11 b0 11 f8 ed b0 00 d5 11 b0 11 f8 ed b0,False,False
G,20,2007,0.6,0.85,284000.0,11 f8 ed b0 00 d5 11 b0 11 f8 ed b0 00 d5 11 b0 11 f8 ed b0,False,False
G,20,2008,0.2,0.65,700.0,01 c5 01 c5 01 c5 01 c5 01 c5 01 c5 01 c5 01 c5 01 c5 01 c5,True,True
G,20,2008,0.2,0.75,700.0,01 c5 01 c5 01 c5 01 c5 01 c5 01 c5 01 c5 01 c5 01 c5 01 c5,True,True
G,20,2008,0.2,0.85,700.0,01 c5 01 c5 01 c5 01 c5 01 c5 01 c5 01 c5 01 c5 01 c5 01 c5,True,True
G,20,2008,0.3,0.65,700.0,01 c5 01 c5 01 c5 01 c5 01 c5 01 c5 01 c5 01 c5 01 c5 01 c5,True,True
G,20,2008,0.3,0.75,700.0,01 c5 01 c5 01 c5 01 c5 01 c5 01 c5 01 c5 01 c5 01 c5 01 c5,True,True
G,20,2008,0.3,0.85,700.0,01 c5 01 c5 01 c5 01 c5 01 c5 01 c5 01 c5 01 c5 01 c5 01 c5,True,True
G,20,2008,0.4,0.65,700.0,01 c5 01 c5 01 c5 01 c5 01 c5 01 c5 01 c5 01 c5 01 c5 01 c5,True,True
G,20,2008,0.4,0.75,700.0,01 c5 01 c5 01 c5 01 c5 01 c5 01 c5 01 c5 01 c5 01 c5 01 c5,True,True
G,20,2008,0.4,0.85,700.0,01 c5 01 c5 01 c5 01 c5 01 c5 01 c5 01 c5 01 c5 01 c5 01 c5,True,True
G,20,2008,0.5,0.65,30000.0,21 e5 21 e5 21 75 30 e5 21 e5 21 e5 21 e5 21 75 30 e5 21 e5,False,False
G,20,2008,0.5,0.75,30000.0,21 e5 21 e5 21 75 30 e5 21 e5 21 e5 21 e5 21 75 30 e5 21 e5,False,False
G,20,2008,0.5,0.85,30000.0,21 e5 21 e5 21 75 30 e5 21 e5 21 e5 21 e5 21 75 30 e5 21 e5,False,False
G,20,2008,0.6,0.65,30000.0,21 e5 21 e5 21 75 30 e5 21 e5 21 e5 21 e5 21 75 30 e5 21 e5,False,False
G,20,2008,0.6,0.75,30000.0,21 e5 21 e5 21 75 30 e5 21 e5 21 e5 21 e5 21 75 30 e5 21 e5,False,False
G,20,2008,0.6,0.85,30000.0,21 e5 21 e5 21 75 30 e5 21 e5 21 e5 21 e5 21 75 30 e5 21 e5,False,False
G,20,2009,0.2,0.65,650.0,01 c5 01 c5 01 c5 01 c5 01 c5 01 c5 01 c5 01 c5 01 c5 01 c5,True,True
G,20,2009,0.2,0.75,650.0,01 c5 01 c5 01 c5 01 c5 01 c5 01 c5 01 c5 01 c5 01 c5 01 c5,True,True
G,20,2009,0.2,0.85,650.0,01 c5 01 c5 01 c5 01 c5 01 c5 01 c5 01 c5 01 c5 01 c5 01 c5,True,True
G,20,2009,0.3,0.65,650.0,01 c5 01 c5 01 c5 01 c5 01 c5 01 c5 01 c5 01 c5 01 c5 01 c5,True,True
G,20,2009,0.3,0.75,650.0,01 c5 01 c5 01 c5 01 c5 01 c5 01 c5 01 c5 01 c5 01 c5 01 c5,True,True
G,20,2009,0.3,0.85,650.0,01 c5 01 c5 01 c5 01 c5 01 c5 01 c5 01 c5 01 c5 01 c5 01 c5,True,True
G,20,2009,0.4,0.65,650.0,01 c5 01 c5 01 c5 01 c5 01 c5 01 c5 01 c5 01 c5 01 c5 01 c5,True,True
G,20,2009,0.4,0.75,650.0,01 c5 01 c5 01 c5 01 c5 01 c5 01 c5 01 c5 01 c5 01 c5 01 c5,True,True
G,20,2009,0.4,0.85,650.0,01 c5 01 c5 01 c5 01 c5 01 c5 01 c5 01 c5 01 c5 01 c5 01 c5,True,True
G,20,2009,0.5,0.65,650.0,01 c5 01 c5 01 c5 01 c5 01 c5 01 c5 01 c5 01 c5 01 c5 01 c5,True,True
G,20,2009,0.5,0.75,650.0,01 c5 01 c5 01 c5 01 c5 01 c5 01 c5 01 c5 01 c5 01 c5 01 c5,True,True
G,20,2009,0.5,0.85,650.0,01 c5 01 c5 01 c5 01 c5 01 c5 01 c5 01 c5 01 c5 01 c5 01 c5,True,True
G,20,2009,0.6,0.65,,,False,False
G,20,2009,0.6,0.75,,,False,False
G,20,2009,0.6,0.85,,,False,False
G,20,2010,0.2,0.65,1950.0,21 e5 21 e5 21 e5 21 e5 21 e5 21 e5 21 e5 21 e5 21 e5 21 e5,True,True
G,20,2010,0.2,0.75,1950.0,21 e5 21 e5 21 e5 21 e5 21 e5 21 e5 21 e5 21 e5 21 e5 21 e5,True,True
G,20,2010,0.2,0.85,1950.0,21 e5 21 e5 21 e5 21 e5 21 e5 21 e5 21 e5 21 e5 21 e5 21 e5,True,True
G,20,2010,0.3,0.65,1950.0,21 e5 21 e5 21 e5 21 e5 21 e5 21 e5 21 e5 21 e5 21 e5 21 e5,True,True
G,20,2010,0.3,0.75,1950.0,21 e5 21 e5 21 e5 21 e5 21 e5 21 e5 21 e5 21 e5 21 e5 21 e5,True,True
G,20,2010,0.3,0.85,1950.0,21 e5 21 e5 21 e5 21 e5 21 e5 21 e5 21 e5 21 e5 21 e5 21 e5,True,True
G,20,2010,0.4,0.65,1950.0,21 e5 21 e5 21 e5 21 e5 21 e5 21 e5 21 e5 21 e5 21 e5 21 e5,True,True
G,20,2010,0.4,0.75,1950.0,21 e5 21 e5 21 e5 21 e5 21 e5 21 e5 21 e5 21 e5 21 e5 21 e5,True,True
G,20,2010,0.4,0.85,1950.0,21 e5 21 e5 21 e5 21 e5 21 e5 21 e5 21 e5 21 e5 21 e5 21 e5,True,True
G,20,2010,0.5,0.65,30000.0,b0 11 fd de ed b0 11 fd de ed b0 11 fd de ed b0 11 fd de ed,False,False
G,20,2010,0.5,0.75,30000.0,b0 11 fd de ed b0 11 fd de ed b0 11 fd de ed b0 11 fd de ed,False,False
G,20,2010,0.5,0.85,30000.0,b0 11 fd de ed b0 11 fd de ed b0 11 fd de ed b0 11 fd de ed,False,False
G,20,2010,0.6,0.65,30000.0,b0 11 fd de ed b0 11 fd de ed b0 11 fd de ed b0 11 fd de ed,False,False
G,20,2010,0.6,0.75,30000.0,b0 11 fd de ed b0 11 fd de ed b0 11 fd de ed b0 11 fd de ed,False,False
G,20,2010,0.6,0.85,30000.0,b0 11 fd de ed b0 11 fd de ed b0 11 fd de ed b0 11 fd de ed,False,False
G,20,2011,0.2,0.65,450.0,11 d5 11 d5 11 d5 11 d5 11 d5 11 d5 11 d5 11 d5 11 d5 11 d5,True,True
G,20,2011,0.2,0.75,450.0,11 d5 11 d5 11 d5 11 d5 11 d5 11 d5 11 d5 11 d5 11 d5 11 d5,True,True
G,20,2011,0.2,0.85,450.0,11 d5 11 d5 11 d5 11 d5 11 d5 11 d5 11 d5 11 d5 11 d5 11 d5,True,True
G,20,2011,0.3,0.65,450.0,11 d5 11 d5 11 d5 11 d5 11 d5 11 d5 11 d5 11 d5 11 d5 11 d5,True,True
G,20,2011,0.3,0.75,450.0,11 d5 11 d5 11 d5 11 d5 11 d5 11 d5 11 d5 11 d5 11 d5 11 d5,True,True
G,20,2011,0.3,0.85,450.0,11 d5 11 d5 11 d5 11 d5 11 d5 11 d5 11 d5 11 d5 11 d5 11 d5,True,True
G,20,2011,0.4,0.65,450.0,11 d5 11 d5 11 d5 11 d5 11 d5 11 d5 11 d5 11 d5 11 d5 11 d5,True,True
G,20,2011,0.4,0.75,450.0,11 d5 11 d5 11 d5 11 d5 11 d5 11 d5 11 d5 11 d5 11 d5 11 d5,True,True
G,20,2011,0.4,0.85,450.0,11 d5 11 d5 11 d5 11 d5 11 d5 11 d5 11 d5 11 d5 11 d5 11 d5,True,True
G,20,2011,0.5,0.65,8000.0,11 a8 ff ed b0 41 00 41 11 a8 ff ed b0 41 00 41 11 a8 ff ed,False,False
G,20,2011,0.5,0.75,8000.0,11 a8 ff ed b0 41 00 41 11 a8 ff ed b0 41 00 41 11 a8 ff ed,False,False
G,20,2011,0.5,0.85,8000.0,11 a8 ff ed b0 41 00 41 11 a8 ff ed b0 41 00 41 11 a8 ff ed,False,False
G,20,2011,0.6,0.65,8000.0,11 a8 ff ed b0 41 00 41 11 a8 ff ed b0 41 00 41 11 a8 ff ed,False,False
G,20,2011,0.6,0.75,8000.0,11 a8 ff ed b0 41 00 41 11 a8 ff ed b0 41 00 41 11 a8 ff ed,False,False
G,20,2011,0.6,0.85,8000.0,11 a8 ff ed b0 41 00 41 11 a8 ff ed b0 41 00 41 11 a8 ff ed,False,False
G,20,2012,0.2,0.65,1600.0,01 c5 01 c5 01 c5 01 c5 01 c5 01 c5 01 c5 01 c5 01 c5 01 c5,True,True
G,20,2012,0.2,0.75,1600.0,01 c5 01 c5 01 c5 01 c5 01 c5 01 c5 01 c5 01 c5 01 c5 01 c5,True,True
G,20,2012,0.2,0.85,1600.0,01 c5 01 c5 01 c5 01 c5 01 c5 01 c5 01 c5 01 c5 01 c5 01 c5,True,True
G,20,2012,0.3,0.65,1600.0,01 c5 01 c5 01 c5 01 c5 01 c5 01 c5 01 c5 01 c5 01 c5 01 c5,True,True
G,20,2012,0.3,0.75,1600.0,01 c5 01 c5 01 c5 01 c5 01 c5 01 c5 01 c5 01 c5 01 c5 01 c5,True,True
G,20,2012,0.3,0.85,1600.0,01 c5 01 c5 01 c5 01 c5 01 c5 01 c5 01 c5 01 c5 01 c5 01 c5,True,True
G,20,2012,0.4,0.65,1600.0,01 c5 01 c5 01 c5 01 c5 01 c5 01 c5 01 c5 01 c5 01 c5 01 c5,True,True
G,20,2012,0.4,0.75,1600.0,01 c5 01 c5 01 c5 01 c5 01 c5 01 c5 01 c5 01 c5 01 c5 01 c5,True,True
G,20,2012,0.4,0.85,1600.0,01 c5 01 c5 01 c5 01 c5 01 c5 01 c5 01 c5 01 c5 01 c5 01 c5,True,True
G,20,2012,0.5,0.65,536000.0,11 9d 30 ed b0 11 9d 30 ed b0 11 9d 30 ed b0 11 9d 30 ed b0,False,False
G,20,2012,0.5,0.75,536000.0,11 9d 30 ed b0 11 9d 30 ed b0 11 9d 30 ed b0 11 9d 30 ed b0,False,False
G,20,2012,0.5,0.85,536000.0,11 9d 30 ed b0 11 9d 30 ed b0 11 9d 30 ed b0 11 9d 30 ed b0,False,False
G,20,2012,0.6,0.65,536000.0,11 9d 30 ed b0 11 9d 30 ed b0 11 9d 30 ed b0 11 9d 30 ed b0,False,False
G,20,2012,0.6,0.75,536000.0,11 9d 30 ed b0 11 9d 30 ed b0 11 9d 30 ed b0 11 9d 30 ed b0,False,False
G,20,2012,0.6,0.85,536000.0,11 9d 30 ed b0 11 9d 30 ed b0 11 9d 30 ed b0 11 9d 30 ed b0,False,False
G,20,2013,0.2,0.65,650.0,11 d5 11 d5 11 d5 11 d5 11 d5 11 d5 11 d5 11 d5 11 d5 11 d5,True,True
G,20,2013,0.2,0.75,650.0,11 d5 11 d5 11 d5 11 d5 11 d5 11 d5 11 d5 11 d5 11 d5 11 d5,True,True
G,20,2013,0.2,0.85,650.0,11 d5 11 d5 11 d5 11 d5 11 d5 11 d5 11 d5 11 d5 11 d5 11 d5,True,True
G,20,2013,0.3,0.65,650.0,11 d5 11 d5 11 d5 11 d5 11 d5 11 d5 11 d5 11 d5 11 d5 11 d5,True,True
G,20,2013,0.3,0.75,650.0,11 d5 11 d5 11 d5 11 d5 11 d5 11 d5 11 d5 11 d5 11 d5 11 d5,True,True
G,20,2013,0.3,0.85,650.0,11 d5 11 d5 11 d5 11 d5 11 d5 11 d5 11 d5 11 d5 11 d5 11 d5,True,True
G,20,2013,0.4,0.65,650.0,11 d5 11 d5 11 d5 11 d5 11 d5 11 d5 11 d5 11 d5 11 d5 11 d5,True,True
G,20,2013,0.4,0.75,650.0,11 d5 11 d5 11 d5 11 d5 11 d5 11 d5 11 d5 11 d5 11 d5 11 d5,True,True
G,20,2013,0.4,0.85,650.0,11 d5 11 d5 11 d5 11 d5 11 d5 11 d5 11 d5 11 d5 11 d5 11 d5,True,True
G,20,2013,0.5,0.65,2050.0,b0 7e ed 11 11 b0 fc ed b0 7e ed 11 11 b0 fc ed b0 7e ed 11,False,False
G,20,2013,0.5,0.75,2050.0,b0 7e ed 11 11 b0 fc ed b0 7e ed 11 11 b0 fc ed b0 7e ed 11,False,False
G,20,2013,0.5,0.85,2050.0,b0 7e ed 11 11 b0 fc ed b0 7e ed 11 11 b0 fc ed b0 7e ed 11,False,False
G,20,2013,0.6,0.65,2050.0,b0 7e ed 11 11 b0 fc ed b0 7e ed 11 11 b0 fc ed b0 7e ed 11,False,False
G,20,2013,0.6,0.75,2050.0,b0 7e ed 11 11 b0 fc ed b0 7e ed 11 11 b0 fc ed b0 7e ed 11,False,False
G,20,2013,0.6,0.85,2050.0,b0 7e ed 11 11 b0 fc ed b0 7e ed 11 11 b0 fc ed b0 7e ed 11,False,False
G,20,2014,0.2,0.65,200.0,01 c5 01 c5 01 c5 01 c5 01 c5 01 c5 01 c5 01 c5 01 c5 01 c5,True,True
G,20,2014,0.2,0.75,200.0,01 c5 01 c5 01 c5 01 c5 01 c5 01 c5 01 c5 01 c5 01 c5 01 c5,True,True
G,20,2014,0.2,0.85,200.0,01 c5 01 c5 01 c5 01 c5 01 c5 01 c5 01 c5 01 c5 01 c5 01 c5,True,True
G,20,2014,0.3,0.65,200.0,01 c5 01 c5 01 c5 01 c5 01 c5 01 c5 01 c5 01 c5 01 c5 01 c5,True,True
G,20,2014,0.3,0.75,200.0,01 c5 01 c5 01 c5 01 c5 01 c5 01 c5 01 c5 01 c5 01 c5 01 c5,True,True
G,20,2014,0.3,0.85,200.0,01 c5 01 c5 01 c5 01 c5 01 c5 01 c5 01 c5 01 c5 01 c5 01 c5,True,True
G,20,2014,0.4,0.65,200.0,01 c5 01 c5 01 c5 01 c5 01 c5 01 c5 01 c5 01 c5 01 c5 01 c5,True,True
G,20,2014,0.4,0.75,200.0,01 c5 01 c5 01 c5 01 c5 01 c5 01 c5 01 c5 01 c5 01 c5 01 c5,True,True
G,20,2014,0.4,0.85,200.0,01 c5 01 c5 01 c5 01 c5 01 c5 01 c5 01 c5 01 c5 01 c5 01 c5,True,True
G,20,2014,0.5,0.65,,,False,False
G,20,2014,0.5,0.75,,,False,False
G,20,2014,0.5,0.85,,,False,False
G,20,2014,0.6,0.65,,,False,False
G,20,2014,0.6,0.75,,,False,False
G,20,2014,0.6,0.85,,,False,False
G,20,2015,0.2,0.65,1600.0,01 c5 01 c5 01 c5 01 c5 01 c5 01 c5 01 c5 01 c5 01 c5 01 c5,True,True
G,20,2015,0.2,0.75,1600.0,01 c5 01 c5 01 c5 01 c5 01 c5 01 c5 01 c5 01 c5 01 c5 01 c5,True,True
G,20,2015,0.2,0.85,1600.0,01 c5 01 c5 01 c5 01 c5 01 c5 01 c5 01 c5 01 c5 01 c5 01 c5,True,True
G,20,2015,0.3,0.65,1600.0,01 c5 01 c5 01 c5 01 c5 01 c5 01 c5 01 c5 01 c5 01 c5 01 c5,True,True
G,20,2015,0.3,0.75,1600.0,01 c5 01 c5 01 c5 01 c5 01 c5 01 c5 01 c5 01 c5 01 c5 01 c5,True,True
G,20,2015,0.3,0.85,1600.0,01 c5 01 c5 01 c5 01 c5 01 c5 01 c5 01 c5 01 c5 01 c5 01 c5,True,True
G,20,2015,0.4,0.65,1600.0,01 c5 01 c5 01 c5 01 c5 01 c5 01 c5 01 c5 01 c5 01 c5 01 c5,True,True
G,20,2015,0.4,0.75,1600.0,01 c5 01 c5 01 c5 01 c5 01 c5 01 c5 01 c5 01 c5 01 c5 01 c5,True,True
G,20,2015,0.4,0.85,1600.0,01 c5 01 c5 01 c5 01 c5 01 c5 01 c5 01 c5 01 c5 01 c5 01 c5,True,True
G,20,2015,0.5,0.65,1600.0,01 c5 01 c5 01 c5 01 c5 01 c5 01 c5 01 c5 01 c5 01 c5 01 c5,True,True
G,20,2015,0.5,0.75,1600.0,01 c5 01 c5 01 c5 01 c5 01 c5 01 c5 01 c5 01 c5 01 c5 01 c5,True,True
G,20,2015,0.5,0.85,1600.0,01 c5 01 c5 01 c5 01 c5 01 c5 01 c5 01 c5 01 c5 01 c5 01 c5,True,True
G,20,2015,0.6,0.65,387000.0,11 3a 11 ed b0 1e 95 86 01 93 11 3a 11 ed b0 1e 95 86 01 93,False,False
G,20,2015,0.6,0.75,387000.0,11 3a 11 ed b0 1e 95 86 01 93 11 3a 11 ed b0 1e 95 86 01 93,False,False
G,20,2015,0.6,0.85,387000.0,11 3a 11 ed b0 1e 95 86 01 93 11 3a 11 ed b0 1e 95 86 01 93,False,False
G,20,2016,0.2,0.65,900.0,01 c5 01 c5 01 c5 01 c5 01 c5 01 c5 01 c5 01 c5 01 c5 01 c5,True,True
G,20,2016,0.2,0.75,900.0,01 c5 01 c5 01 c5 01 c5 01 c5 01 c5 01 c5 01 c5 01 c5 01 c5,True,True
G,20,2016,0.2,0.85,900.0,01 c5 01 c5 01 c5 01 c5 01 c5 01 c5 01 c5 01 c5 01 c5 01 c5,True,True
G,20,2016,0.3,0.65,900.0,01 c5 01 c5 01 c5 01 c5 01 c5 01 c5 01 c5 01 c5 01 c5 01 c5,True,True
G,20,2016,0.3,0.75,900.0,01 c5 01 c5 01 c5 01 c5 01 c5 01 c5 01 c5 01 c5 01 c5 01 c5,True,True
G,20,2016,0.3,0.85,900.0,01 c5 01 c5 01 c5 01 c5 01 c5 01 c5 01 c5 01 c5 01 c5 01 c5,True,True
G,20,2016,0.4,0.65,7000.0,11 d5 11 d5 11 d5 11 d5 11 d5 11 d5 11 d5 11 d5 11 d5 11 d5,True,True
G,20,2016,0.4,0.75,7000.0,11 d5 11 d5 11 d5 11 d5 11 d5 11 d5 11 d5 11 d5 11 d5 11 d5,True,True
G,20,2016,0.4,0.85,7000.0,11 d5 11 d5 11 d5 11 d5 11 d5 11 d5 11 d5 11 d5 11 d5 11 d5,True,True
G,20,2016,0.5,0.65,22000.0,b0 11 75 76 ed b0 11 75 76 ed b0 11 75 76 ed b0 11 75 76 ed,False,False
G,20,2016,0.5,0.75,22000.0,b0 11 75 76 ed b0 11 75 76 ed b0 11 75 76 ed b0 11 75 76 ed,False,False
G,20,2016,0.5,0.85,22000.0,b0 11 75 76 ed b0 11 75 76 ed b0 11 75 76 ed b0 11 75 76 ed,False,False
G,20,2016,0.6,0.65,22000.0,b0 11 75 76 ed b0 11 75 76 ed b0 11 75 76 ed b0 11 75 76 ed,False,False
G,20,2016,0.6,0.75,22000.0,b0 11 75 76 ed b0 11 75 76 ed b0 11 75 76 ed b0 11 75 76 ed,False,False
G,20,2016,0.6,0.85,22000.0,b0 11 75 76 ed b0 11 75 76 ed b0 11 75 76 ed b0 11 75 76 ed,False,False
G,20,2017,0.2,0.65,550.0,01 c5 01 c5 01 c5 01 c5 01 c5 01 c5 01 c5 01 c5 01 c5 01 c5,True,True
G,20,2017,0.2,0.75,550.0,01 c5 01 c5 01 c5 01 c5 01 c5 01 c5 01 c5 01 c5 01 c5 01 c5,True,True
G,20,2017,0.2,0.85,550.0,01 c5 01 c5 01 c5 01 c5 01 c5 01 c5 01 c5 01 c5 01 c5 01 c5,True,True
G,20,2017,0.3,0.65,550.0,01 c5 01 c5 01 c5 01 c5 01 c5 01 c5 01 c5 01 c5 01 c5 01 c5,True,True
G,20,2017,0.3,0.75,550.0,01 c5 01 c5 01 c5 01 c5 01 c5 01 c5 01 c5 01 c5 01 c5 01 c5,True,True
G,20,2017,0.3,0.85,550.0,01 c5 01 c5 01 c5 01 c5 01 c5 01 c5 01 c5 01 c5 01 c5 01 c5,True,True
G,20,2017,0.4,0.65,550.0,01 c5 01 c5 01 c5 01 c5 01 c5 01 c5 01 c5 01 c5 01 c5 01 c5,True,True
G,20,2017,0.4,0.75,550.0,01 c5 01 c5 01 c5 01 c5 01 c5 01 c5 01 c5 01 c5 01 c5 01 c5,True,True
G,20,2017,0.4,0.85,550.0,01 c5 01 c5 01 c5 01 c5 01 c5 01 c5 01 c5 01 c5 01 c5 01 c5,True,True
G,20,2017,0.5,0.65,550.0,01 c5 01 c5 01 c5 01 c5 01 c5 01 c5 01 c5 01 c5 01 c5 01 c5,True,True
G,20,2017,0.5,0.75,550.0,01 c5 01 c5 01 c5 01 c5 01 c5 01 c5 01 c5 01 c5 01 c5 01 c5,True,True
G,20,2017,0.5,0.85,550.0,01 c5 01 c5 01 c5 01 c5 01 c5 01 c5 01 c5 01 c5 01 c5 01 c5,True,True
G,20,2017,0.6,0.65,59000.0,21 e5 21 e5 21 4e 30 e5 21 e5 21 e5 21 e5 21 4e 30 e5 21 e5,False,False
G,20,2017,0.6,0.75,59000.0,21 e5 21 e5 21 4e 30 e5 21 e5 21 e5 21 e5 21 4e 30 e5 21 e5,False,False
G,20,2017,0.6,0.85,59000.0,21 e5 21 e5 21 4e 30 e5 21 e5 21 e5 21 e5 21 4e 30 e5 21 e5,False,False
G,20,2018,0.2,0.65,350.0,01 c5 01 c5 01 c5 01 c5 01 c5 01 c5 01 c5 01 c5 01 c5 01 c5,True,True
G,20,2018,0.2,0.75,350.0,01 c5 01 c5 01 c5 01 c5 01 c5 01 c5 01 c5 01 c5 01 c5 01 c5,True,True
G,20,2018,0.2,0.85,350.0,01 c5 01 c5 01 c5 01 c5 01 c5 01 c5 01 c5 01 c5 01 c5 01 c5,True,True
G,20,2018,0.3,0.65,350.0,01 c5 01 c5 01 c5 01 c5 01 c5 01 c5 01 c5 01 c5 01 c5 01 c5,True,True
G,20,2018,0.3,0.75,350.0,01 c5 01 c5 01 c5 01 c5 01 c5 01 c5 01 c5 01 c5 01 c5 01 c5,True,True
G,20,2018,0.3,0.85,350.0,01 c5 01 c5 01 c5 01 c5 01 c5 01 c5 01 c5 01 c5 01 c5 01 c5,True,True
G,20,2018,0.4,0.65,350.0,01 c5 01 c5 01 c5 01 c5 01 c5 01 c5 01 c5 01 c5 01 c5 01 c5,True,True
G,20,2018,0.4,0.75,350.0,01 c5 01 c5 01 c5 01 c5 01 c5 01 c5 01 c5 01 c5 01 c5 01 c5,True,True
G,20,2018,0.4,0.85,350.0,01 c5 01 c5 01 c5 01 c5 01 c5 01 c5 01 c5 01 c5 01 c5 01 c5,True,True
G,20,2018,0.5,0.65,2450.0,11 d5 11 d5 11 d5 11 d5 11 d5 11 d5 11 d5 11 d5 11 d5 11 d5,True,True
G,20,2018,0.5,0.75,2450.0,11 d5 11 d5 11 d5 11 d5 11 d5 11 d5 11 d5 11 d5 11 d5 11 d5,True,True
G,20,2018,0.5,0.85,2450.0,11 d5 11 d5 11 d5 11 d5 11 d5 11 d5 11 d5 11 d5 11 d5 11 d5,True,True
G,20,2018,0.6,0.65,261000.0,b0 11 a5 1e ed b0 11 a5 1e ed b0 11 a5 1e ed b0 11 a5 1e ed,False,False
G,20,2018,0.6,0.75,261000.0,b0 11 a5 1e ed b0 11 a5 1e ed b0 11 a5 1e ed b0 11 a5 1e ed,False,False
G,20,2018,0.6,0.85,261000.0,b0 11 a5 1e ed b0 11 a5 1e ed b0 11 a5 1e ed b0 11 a5 1e ed,False,False
G,20,2019,0.2,0.65,950.0,01 c5 01 c5 01 c5 01 c5 01 c5 01 c5 01 c5 01 c5 01 c5 01 c5,True,True
G,20,2019,0.2,0.75,950.0,01 c5 01 c5 01 c5 01 c5 01 c5 01 c5 01 c5 01 c5 01 c5 01 c5,True,True
G,20,2019,0.2,0.85,950.0,01 c5 01 c5 01 c5 01 c5 01 c5 01 c5 01 c5 01 c5 01 c5 01 c5,True,True
G,20,2019,0.3,0.65,950.0,01 c5 01 c5 01 c5 01 c5 01 c5 01 c5 01 c5 01 c5 01 c5 01 c5,True,True
G,20,2019,0.3,0.75,950.0,01 c5 01 c5 01 c5 01 c5 01 c5 01 c5 01 c5 01 c5 01 c5 01 c5,True,True
G,20,2019,0.3,0.85,950.0,01 c5 01 c5 01 c5 01 c5 01 c5 01 c5 01 c5 01 c5 01 c5 01 c5,True,True
G,20,2019,0.4,0.65,950.0,01 c5 01 c5 01 c5 01 c5 01 c5 01 c5 01 c5 01 c5 01 c5 01 c5,True,True
G,20,2019,0.4,0.75,950.0,01 c5 01 c5 01 c5 01 c5 01 c5 01 c5 01 c5 01 c5 01 c5 01 c5,True,True
G,20,2019,0.4,0.85,950.0,01 c5 01 c5 01 c5 01 c5 01 c5 01 c5 01 c5 01 c5 01 c5 01 c5,True,True
G,20,2019,0.5,0.65,950.0,01 c5 01 c5 01 c5 01 c5 01 c5 01 c5 01 c5 01 c5 01 c5 01 c5,True,True
G,20,2019,0.5,0.75,950.0,01 c5 01 c5 01 c5 01 c5 01 c5 01 c5 01 c5 01 c5 01 c5 01 c5,True,True
G,20,2019,0.5,0.85,950.0,01 c5 01 c5 01 c5 01 c5 01 c5 01 c5 01 c5 01 c5 01 c5 01 c5,True,True
G,20,2019,0.6,0.65,144000.0,11 9d 58 ed b0 11 9d 58 ed b0 11 9d 58 ed b0 11 9d 58 ed b0,False,False
G,20,2019,0.6,0.75,144000.0,11 9d 58 ed b0 11 9d 58 ed b0 11 9d 58 ed b0 11 9d 58 ed b0,False,False
G,20,2019,0.6,0.85,144000.0,11 9d 58 ed b0 11 9d 58 ed b0 11 9d 58 ed b0 11 9d 58 ed b0,False,False
G,20,2020,0.2,0.65,700.0,01 c5 01 c5 01 c5 01 c5 01 c5 01 c5 01 c5 01 c5 01 c5 01 c5,True,True
G,20,2020,0.2,0.75,700.0,01 c5 01 c5 01 c5 01 c5 01 c5 01 c5 01 c5 01 c5 01 c5 01 c5,True,True
G,20,2020,0.2,0.85,700.0,01 c5 01 c5 01 c5 01 c5 01 c5 01 c5 01 c5 01 c5 01 c5 01 c5,True,True
G,20,2020,0.3,0.65,700.0,01 c5 01 c5 01 c5 01 c5 01 c5 01 c5 01 c5 01 c5 01 c5 01 c5,True,True
G,20,2020,0.3,0.75,700.0,01 c5 01 c5 01 c5 01 c5 01 c5 01 c5 01 c5 01 c5 01 c5 01 c5,True,True
G,20,2020,0.3,0.85,700.0,01 c5 01 c5 01 c5 01 c5 01 c5 01 c5 01 c5 01 c5 01 c5 01 c5,True,True
G,20,2020,0.4,0.65,700.0,01 c5 01 c5 01 c5 01 c5 01 c5 01 c5 01 c5 01 c5 01 c5 01 c5,True,True
G,20,2020,0.4,0.75,700.0,01 c5 01 c5 01 c5 01 c5 01 c5 01 c5 01 c5 01 c5 01 c5 01 c5,True,True
G,20,2020,0.4,0.85,700.0,01 c5 01 c5 01 c5 01 c5 01 c5 01 c5 01 c5 01 c5 01 c5 01 c5,True,True
G,20,2020,0.5,0.65,700.0,01 c5 01 c5 01 c5 01 c5 01 c5 01 c5 01 c5 01 c5 01 c5 01 c5,True,True
G,20,2020,0.5,0.75,700.0,01 c5 01 c5 01 c5 01 c5 01 c5 01 c5 01 c5 01 c5 01 c5 01 c5,True,True
G,20,2020,0.5,0.85,700.0,01 c5 01 c5 01 c5 01 c5 01 c5 01 c5 01 c5 01 c5 01 c5 01 c5,True,True
G,20,2020,0.6,0.65,657000.0,1e a4 ed b0 1e a4 ed b0 1e a4 ed b0 1e a4 ed b0 1e a4 ed b0,False,False
G,20,2020,0.6,0.75,657000.0,1e a4 ed b0 1e a4 ed b0 1e a4 ed b0 1e a4 ed b0 1e a4 ed b0,False,False
G,20,2020,0.6,0.85,657000.0,1e a4 ed b0 1e a4 ed b0 1e a4 ed b0 1e a4 ed b0 1e a4 ed b0,False,False
G,50,2001,0.2,0.65,450.0,01 c5 01 c5 01 c5 01 c5 01 c5 01 c5 01 c5 01 c5 01 c5 01 c5 01 c5 01 c5 01 c5 01 c5 01 c5 01 c5 01 c5 01 c5 01 c5 01 c5 01 c5 01 c5 01 c5 01 c5 01 c5,True,True
G,50,2001,0.2,0.75,450.0,01 c5 01 c5 01 c5 01 c5 01 c5 01 c5 01 c5 01 c5 01 c5 01 c5 01 c5 01 c5 01 c5 01 c5 01 c5 01 c5 01 c5 01 c5 01 c5 01 c5 01 c5 01 c5 01 c5 01 c5 01 c5,True,True
G,50,2001,0.2,0.85,450.0,01 c5 01 c5 01 c5 01 c5 01 c5 01 c5 01 c5 01 c5 01 c5 01 c5 01 c5 01 c5 01 c5 01 c5 01 c5 01 c5 01 c5 01 c5 01 c5 01 c5 01 c5 01 c5 01 c5 01 c5 01 c5,True,True
G,50,2001,0.3,0.65,450.0,01 c5 01 c5 01 c5 01 c5 01 c5 01 c5 01 c5 01 c5 01 c5 01 c5 01 c5 01 c5 01 c5 01 c5 01 c5 01 c5 01 c5 01 c5 01 c5 01 c5 01 c5 01 c5 01 c5 01 c5 01 c5,True,True
G,50,2001,0.3,0.75,450.0,01 c5 01 c5 01 c5 01 c5 01 c5 01 c5 01 c5 01 c5 01 c5 01 c5 01 c5 01 c5 01 c5 01 c5 01 c5 01 c5 01 c5 01 c5 01 c5 01 c5 01 c5 01 c5 01 c5 01 c5 01 c5,True,True
G,50,2001,0.3,0.85,450.0,01 c5 01 c5 01 c5 01 c5 01 c5 01 c5 01 c5 01 c5 01 c5 01 c5 01 c5 01 c5 01 c5 01 c5 01 c5 01 c5 01 c5 01 c5 01 c5 01 c5 01 c5 01 c5 01 c5 01 c5 01 c5,True,True
G,50,2001,0.4,0.65,450.0,01 c5 01 c5 01 c5 01 c5 01 c5 01 c5 01 c5 01 c5 01 c5 01 c5 01 c5 01 c5 01 c5 01 c5 01 c5 01 c5 01 c5 01 c5 01 c5 01 c5 01 c5 01 c5 01 c5 01 c5 01 c5,True,True
G,50,2001,0.4,0.75,450.0,01 c5 01 c5 01 c5 01 c5 01 c5 01 c5 01 c5 01 c5 01 c5 01 c5 01 c5 01 c5 01 c5 01 c5 01 c5 01 c5 01 c5 01 c5 01 c5 01 c5 01 c5 01 c5 01 c5 01 c5 01 c5,True,True
G,50,2001,0.4,0.85,450.0,01 c5 01 c5 01 c5 01 c5 01 c5 01 c5 01 c5 01 c5 01 c5 01 c5 01 c5 01 c5 01 c5 01 c5 01 c5 01 c5 01 c5 01 c5 01 c5 01 c5 01 c5 01 c5 01 c5 01 c5 01 c5,True,True
G,50,2001,0.5,0.65,450.0,01 c5 01 c5 01 c5 01 c5 01 c5 01 c5 01 c5 01 c5 01 c5 01 c5 01 c5 01 c5 01 c5 01 c5 01 c5 01 c5 01 c5 01 c5 01 c5 01 c5 01 c5 01 c5 01 c5 01 c5 01 c5,True,True
G,50,2001,0.5,0.75,450.0,01 c5 01 c5 01 c5 01 c5 01 c5 01 c5 01 c5 01 c5 01 c5 01 c5 01 c5 01 c5 01 c5 01 c5 01 c5 01 c5 01 c5 01 c5 01 c5 01 c5 01 c5 01 c5 01 c5 01 c5 01 c5,True,True
G,50,2001,0.5,0.85,450.0,01 c5 01 c5 01 c5 01 c5 01 c5 01 c5 01 c5 01 c5 01 c5 01 c5 01 c5 01 c5 01 c5 01 c5 01 c5 01 c5 01 c5 01 c5 01 c5 01 c5 01 c5 01 c5 01 c5 01 c5 01 c5,True,True
G,50,2001,0.6,0.65,1950.0,21 e5 21 e5 21 e5 21 e5 21 e5 21 e5 21 e5 21 e5 21 e5 21 e5 21 e5 21 e5 21 e5 21 e5 21 e5 21 e5 21 e5 21 e5 21 e5 21 e5 21 e5 21 e5 21 e5 21 e5 21 e5,True,True
G,50,2001,0.6,0.75,1950.0,21 e5 21 e5 21 e5 21 e5 21 e5 21 e5 21 e5 21 e5 21 e5 21 e5 21 e5 21 e5 21 e5 21 e5 21 e5 21 e5 21 e5 21 e5 21 e5 21 e5 21 e5 21 e5 21 e5 21 e5 21 e5,True,True
G,50,2001,0.6,0.85,1950.0,21 e5 21 e5 21 e5 21 e5 21 e5 21 e5 21 e5 21 e5 21 e5 21 e5 21 e5 21 e5 21 e5 21 e5 21 e5 21 e5 21 e5 21 e5 21 e5 21 e5 21 e5 21 e5 21 e5 21 e5 21 e5,True,True
G,50,2002,0.2,0.65,550.0,01 c5 01 c5 01 c5 01 c5 01 c5 01 c5 01 c5 01 c5 01 c5 01 c5 01 c5 01 c5 01 c5 01 c5 01 c5 01 c5 01 c5 01 c5 01 c5 01 c5 01 c5 01 c5 01 c5 01 c5 01 c5,True,True
G,50,2002,0.2,0.75,550.0,01 c5 01 c5 01 c5 01 c5 01 c5 01 c5 01 c5 01 c5 01 c5 01 c5 01 c5 01 c5 01 c5 01 c5 01 c5 01 c5 01 c5 01 c5 01 c5 01 c5 01 c5 01 c5 01 c5 01 c5 01 c5,True,True
G,50,2002,0.2,0.85,550.0,01 c5 01 c5 01 c5 01 c5 01 c5 01 c5 01 c5 01 c5 01 c5 01 c5 01 c5 01 c5 01 c5 01 c5 01 c5 01 c5 01 c5 01 c5 01 c5 01 c5 01 c5 01 c5 01 c5 01 c5 01 c5,True,True
G,50,2002,0.3,0.65,550.0,01 c5 01 c5 01 c5 01 c5 01 c5 01 c5 01 c5 01 c5 01 c5 01 c5 01 c5 01 c5 01 c5 01 c5 01 c5 01 c5 01 c5 01 c5 01 c5 01 c5 01 c5 01 c5 01 c5 01 c5 01 c5,True,True
G,50,2002,0.3,0.75,550.0,01 c5 01 c5 01 c5 01 c5 01 c5 01 c5 01 c5 01 c5 01 c5 01 c5 01 c5 01 c5 01 c5 01 c5 01 c5 01 c5 01 c5 01 c5 01 c5 01 c5 01 c5 01 c5 01 c5 01 c5 01 c5,True,True
G,50,2002,0.3,0.85,550.0,01 c5 01 c5 01 c5 01 c5 01 c5 01 c5 01 c5 01 c5 01 c5 01 c5 01 c5 01 c5 01 c5 01 c5 01 c5 01 c5 01 c5 01 c5 01 c5 01 c5 01 c5 01 c5 01 c5 01 c5 01 c5,True,True
G,50,2002,0.4,0.65,550.0,01 c5 01 c5 01 c5 01 c5 01 c5 01 c5 01 c5 01 c5 01 c5 01 c5 01 c5 01 c5 01 c5 01 c5 01 c5 01 c5 01 c5 01 c5 01 c5 01 c5 01 c5 01 c5 01 c5 01 c5 01 c5,True,True
G,50,2002,0.4,0.75,550.0,01 c5 01 c5 01 c5 01 c5 01 c5 01 c5 01 c5 01 c5 01 c5 01 c5 01 c5 01 c5 01 c5 01 c5 01 c5 01 c5 01 c5 01 c5 01 c5 01 c5 01 c5 01 c5 01 c5 01 c5 01 c5,True,True
G,50,2002,0.4,0.85,550.0,01 c5 01 c5 01 c5 01 c5 01 c5 01 c5 01 c5 01 c5 01 c5 01 c5 01 c5 01 c5 01 c5 01 c5 01 c5 01 c5 01 c5 01 c5 01 c5 01 c5 01 c5 01 c5 01 c5 01 c5 01 c5,True,True
G,50,2002,0.5,0.65,550.0,01 c5 01 c5 01 c5 01 c5 01 c5 01 c5 01 c5 01 c5 01 c5 01 c5 01 c5 01 c5 01 c5 01 c5 01 c5 01 c5 01 c5 01 c5 01 c5 01 c5 01 c5 01 c5 01 c5 01 c5 01 c5,True,True
G,50,2002,0.5,0.75,550.0,01 c5 01 c5 01 c5 01 c5 01 c5 01 c5 01 c5 01 c5 01 c5 01 c5 01 c5 01 c5 01 c5 01 c5 01 c5 01 c5 01 c5 01 c5 01 c5 01 c5 01 c5 01 c5 01 c5 01 c5 01 c5,True,True
G,50,2002,0.5,0.85,550.0,01 c5 01 c5 01 c5 01 c5 01 c5 01 c5 01 c5 01 c5 01 c5 01 c5 01 c5 01 c5 01 c5 01 c5 01 c5 01 c5 01 c5 01 c5 01 c5 01 c5 01 c5 01 c5 01 c5 01 c5 01 c5,True,True
G,50,2002,0.6,0.65,12500.0,01 c5 01 c5 01 c5 01 c5 01 20 f0 c5 01 c5 01 c5 01 c5 01 c5 01 c5 01 20 f0 c5 01 c5 01 c5 01 c5 01 c5 01 c5 01 20 f0 c5 01 c5 01 c5 01 c5 01 c5 01 c5,True,False
G,50,2002,0.6,0.75,12500.0,01 c5 01 c5 01 c5 01 c5 01 20 f0 c5 01 c5 01 c5 01 c5 01 c5 01 c5 01 20 f0 c5 01 c5 01 c5 01 c5 01 c5 01 c5 01 20 f0 c5 01 c5 01 c5 01 c5 01 c5 01 c5,True,False
G,50,2002,0.6,0.85,12500.0,01 c5 01 c5 01 c5 01 c5 01 20 f0 c5 01 c5 01 c5 01 c5 01 c5 01 c5 01 20 f0 c5 01 c5 01 c5 01 c5 01 c5 01 c5 01 20 f0 c5 01 c5 01 c5 01 c5 01 c5 01 c5,True,False
G,50,2003,0.2,0.65,1150.0,01 c5 01 c5 01 c5 01 c5 01 c5 01 c5 01 c5 01 c5 01 c5 01 c5 01 c5 01 c5 01 c5 01 c5 01 c5 01 c5 01 c5 01 c5 01 c5 01 c5 01 c5 01 c5 01 c5 01 c5 01 c5,True,True
G,50,2003,0.2,0.75,1150.0,01 c5 01 c5 01 c5 01 c5 01 c5 01 c5 01 c5 01 c5 01 c5 01 c5 01 c5 01 c5 01 c5 01 c5 01 c5 01 c5 01 c5 01 c5 01 c5 01 c5 01 c5 01 c5 01 c5 01 c5 01 c5,True,True
G,50,2003,0.2,0.85,1150.0,01 c5 01 c5 01 c5 01 c5 01 c5 01 c5 01 c5 01 c5 01 c5 01 c5 01 c5 01 c5 01 c5 01 c5 01 c5 01 c5 01 c5 01 c5 01 c5 01 c5 01 c5 01 c5 01 c5 01 c5 01 c5,True,True
G,50,2003,0.3,0.65,1150.0,01 c5 01 c5 01 c5 01 c5 01 c5 01 c5 01 c5 01 c5 01 c5 01 c5 01 c5 01 c5 01 c5 01 c5 01 c5 01 c5 01 c5 01 c5 01 c5 01 c5 01 c5 01 c5 01 c5 01 c5 01 c5,True,True
G,50,2003,0.3,0.75,1150.0,01 c5 01 c5 01 c5 01 c5 01 c5 01 c5 01 c5 01 c5 01 c5 01 c5 01 c5 01 c5 01 c5 01 c5 01 c5 01 c5 01 c5 01 c5 01 c5 01 c5 01 c5 01 c5 01 c5 01 c5 01 c5,True,True
G,50,2003,0.3,0.85,1150.0,01 c5 01 c5 01 c5 01 c5 01 c5 01 c5 01 c5 01 c5 01 c5 01 c5 01 c5 01 c5 01 c5 01 c5 01 c5 01 c5 01 c5 01 c5 01 c5 01 c5 01 c5 01 c5 01 c5 01 c5 01 c5,True,True
G,50,2003,0.4,0.65,1150.0,01 c5 01 c5 01 c5 01 c5 01 c5 01 c5 01 c5 01 c5 01 c5 01 c5 01 c5 01 c5 01 c5 01 c5 01 c5 01 c5 01 c5 01 c5 01 c5 01 c5 01 c5 01 c5 01 c5 01 c5 01 c5,True,True
G,50,2003,0.4,0.75,1150.0,01 c5 01 c5 01 c5 01 c5 01 c5 01 c5 01 c5 01 c5 01 c5 01 c5 01 c5 01 c5 01 c5 01 c5 01 c5 01 c5 01 c5 01 c5 01 c5 01 c5 01 c5 01 c5 01 c5 01 c5 01 c5,True,True
G,50,2003,0.4,0.85,1150.0,01 c5 01 c5 01 c5 01 c5 01 c5 01 c5 01 c5 01 c5 01 c5 01 c5 01 c5 01 c5 01 c5 01 c5 01 c5 01 c5 01 c5 01 c5 01 c5 01 c5 01 c5 01 c5 01 c5 01 c5 01 c5,True,True
G,50,2003,0.5,0.65,1150.0,01 c5 01 c5 01 c5 01 c5 01 c5 01 c5 01 c5 01 c5 01 c5 01 c5 01 c5 01 c5 01 c5 01 c5 01 c5 01 c5 01 c5 01 c5 01 c5 01 c5 01 c5 01 c5 01 c5 01 c5 01 c5,True,True
G,50,2003,0.5,0.75,1150.0,01 c5 01 c5 01 c5 01 c5 01 c5 01 c5 01 c5 01 c5 01 c5 01 c5 01 c5 01 c5 01 c5 01 c5 01 c5 01 c5 01 c5 01 c5 01 c5 01 c5 01 c5 01 c5 01 c5 01 c5 01 c5,True,True
G,50,2003,0.5,0.85,1150.0,01 c5 01 c5 01 c5 01 c5 01 c5 01 c5 01 c5 01 c5 01 c5 01 c5 01 c5 01 c5 01 c5 01 c5 01 c5 01 c5 01 c5 01 c5 01 c5 01 c5 01 c5 01 c5 01 c5 01 c5 01 c5,True,True
G,50,2003,0.6,0.65,1150.0,01 c5 01 c5 01 c5 01 c5 01 c5 01 c5 01 c5 01 c5 01 c5 01 c5 01 c5 01 c5 01 c5 01 c5 01 c5 01 c5 01 c5 01 c5 01 c5 01 c5 01 c5 01 c5 01 c5 01 c5 01 c5,True,True
G,50,2003,0.6,0.75,1150.0,01 c5 01 c5 01 c5 01 c5 01 c5 01 c5 01 c5 01 c5 01 c5 01 c5 01 c5 01 c5 01 c5 01 c5 01 c5 01 c5 01 c5 01 c5 01 c5 01 c5 01 c5 01 c5 01 c5 01 c5 01 c5,True,True
G,50,2003,0.6,0.85,1150.0,01 c5 01 c5 01 c5 01 c5 01 c5 01 c5 01 c5 01 c5 01 c5 01 c5 01 c5 01 c5 01 c5 01 c5 01 c5 01 c5 01 c5 01 c5 01 c5 01 c5 01 c5 01 c5 01 c5 01 c5 01 c5,True,True
G,50,2004,0.2,0.65,700.0,21 e5 21 e5 21 e5 21 e5 21 e5 21 e5 21 e5 21 e5 21 e5 21 e5 21 e5 21 e5 21 e5 21 e5 21 e5 21 e5 21 e5 21 e5 21 e5 21 e5 21 e5 21 e5 21 e5 21 e5 21 e5,True,True
G,50,2004,0.2,0.75,700.0,21 e5 21 e5 21 e5 21 e5 21 e5 21 e5 21 e5 21 e5 21 e5 21 e5 21 e5 21 e5 21 e5 21 e5 21 e5 21 e5 21 e5 21 e5 21 e5 21 e5 21 e5 21 e5 21 e5 21 e5 21 e5,True,True
G,50,2004,0.2,0.85,700.0,21 e5 21 e5 21 e5 21 e5 21 e5 21 e5 21 e5 21 e5 21 e5 21 e5 21 e5 21 e5 21 e5 21 e5 21 e5 21 e5 21 e5 21 e5 21 e5 21 e5 21 e5 21 e5 21 e5 21 e5 21 e5,True,True
G,50,2004,0.3,0.65,700.0,21 e5 21 e5 21 e5 21 e5 21 e5 21 e5 21 e5 21 e5 21 e5 21 e5 21 e5 21 e5 21 e5 21 e5 21 e5 21 e5 21 e5 21 e5 21 e5 21 e5 21 e5 21 e5 21 e5 21 e5 21 e5,True,True
G,50,2004,0.3,0.75,700.0,21 e5 21 e5 21 e5 21 e5 21 e5 21 e5 21 e5 21 e5 21 e5 21 e5 21 e5 21 e5 21 e5 21 e5 21 e5 21 e5 21 e5 21 e5 21 e5 21 e5 21 e5 21 e5 21 e5 21 e5 21 e5,True,True
G,50,2004,0.3,0.85,700.0,21 e5 21 e5 21 e5 21 e5 21 e5 21 e5 21 e5 21 e5 21 e5 21 e5 21 e5 21 e5 21 e5 21 e5 21 e5 21 e5 21 e5 21 e5 21 e5 21 e5 21 e5 21 e5 21 e5 21 e5 21 e5,True,True
G,50,2004,0.4,0.65,700.0,21 e5 21 e5 21 e5 21 e5 21 e5 21 e5 21 e5 21 e5 21 e5 21 e5 21 e5 21 e5 21 e5 21 e5 21 e5 21 e5 21 e5 21 e5 21 e5 21 e5 21 e5 21 e5 21 e5 21 e5 21 e5,True,True
G,50,2004,0.4,0.75,700.0,21 e5 21 e5 21 e5 21 e5 21 e5 21 e5 21 e5 21 e5 21 e5 21 e5 21 e5 21 e5 21 e5 21 e5 21 e5 21 e5 21 e5 21 e5 21 e5 21 e5 21 e5 21 e5 21 e5 21 e5 21 e5,True,True
G,50,2004,0.4,0.85,700.0,21 e5 21 e5 21 e5 21 e5 21 e5 21 e5 21 e5 21 e5 21 e5 21 e5 21 e5 21 e5 21 e5 21 e5 21 e5 21 e5 21 e5 21 e5 21 e5 21 e5 21 e5 21 e5 21 e5 21 e5 21 e5,True,True
G,50,2004,0.5,0.65,700.0,21 e5 21 e5 21 e5 21 e5 21 e5 21 e5 21 e5 21 e5 21 e5 21 e5 21 e5 21 e5 21 e5 21 e5 21 e5 21 e5 21 e5 21 e5 21 e5 21 e5 21 e5 21 e5 21 e5 21 e5 21 e5,True,True
G,50,2004,0.5,0.75,700.0,21 e5 21 e5 21 e5 21 e5 21 e5 21 e5 21 e5 21 e5 21 e5 21 e5 21 e5 21 e5 21 e5 21 e5 21 e5 21 e5 21 e5 21 e5 21 e5 21 e5 21 e5 21 e5 21 e5 21 e5 21 e5,True,True
G,50,2004,0.5,0.85,700.0,21 e5 21 e5 21 e5 21 e5 21 e5 21 e5 21 e5 21 e5 21 e5 21 e5 21 e5 21 e5 21 e5 21 e5 21 e5 21 e5 21 e5 21 e5 21 e5 21 e5 21 e5 21 e5 21 e5 21 e5 21 e5,True,True
G,50,2004,0.6,0.65,700.0,21 e5 21 e5 21 e5 21 e5 21 e5 21 e5 21 e5 21 e5 21 e5 21 e5 21 e5 21 e5 21 e5 21 e5 21 e5 21 e5 21 e5 21 e5 21 e5 21 e5 21 e5 21 e5 21 e5 21 e5 21 e5,True,True
G,50,2004,0.6,0.75,700.0,21 e5 21 e5 21 e5 21 e5 21 e5 21 e5 21 e5 21 e5 21 e5 21 e5 21 e5 21 e5 21 e5 21 e5 21 e5 21 e5 21 e5 21 e5 21 e5 21 e5 21 e5 21 e5 21 e5 21 e5 21 e5,True,True
G,50,2004,0.6,0.85,700.0,21 e5 21 e5 21 e5 21 e5 21 e5 21 e5 21 e5 21 e5 21 e5 21 e5 21 e5 21 e5 21 e5 21 e5 21 e5 21 e5 21 e5 21 e5 21 e5 21 e5 21 e5 21 e5 21 e5 21 e5 21 e5,True,True
G,50,2005,0.2,0.65,350.0,01 c5 01 c5 01 c5 01 c5 01 c5 01 c5 01 c5 01 c5 01 c5 01 c5 01 c5 01 c5 01 c5 01 c5 01 c5 01 c5 01 c5 01 c5 01 c5 01 c5 01 c5 01 c5 01 c5 01 c5 01 c5,True,True
G,50,2005,0.2,0.75,350.0,01 c5 01 c5 01 c5 01 c5 01 c5 01 c5 01 c5 01 c5 01 c5 01 c5 01 c5 01 c5 01 c5 01 c5 01 c5 01 c5 01 c5 01 c5 01 c5 01 c5 01 c5 01 c5 01 c5 01 c5 01 c5,True,True
G,50,2005,0.2,0.85,350.0,01 c5 01 c5 01 c5 01 c5 01 c5 01 c5 01 c5 01 c5 01 c5 01 c5 01 c5 01 c5 01 c5 01 c5 01 c5 01 c5 01 c5 01 c5 01 c5 01 c5 01 c5 01 c5 01 c5 01 c5 01 c5,True,True
G,50,2005,0.3,0.65,350.0,01 c5 01 c5 01 c5 01 c5 01 c5 01 c5 01 c5 01 c5 01 c5 01 c5 01 c5 01 c5 01 c5 01 c5 01 c5 01 c5 01 c5 01 c5 01 c5 01 c5 01 c5 01 c5 01 c5 01 c5 01 c5,True,True
G,50,2005,0.3,0.75,350.0,01 c5 01 c5 01 c5 01 c5 01 c5 01 c5 01 c5 01 c5 01 c5 01 c5 01 c5 01 c5 01 c5 01 c5 01 c5 01 c5 01 c5 01 c5 01 c5 01 c5 01 c5 01 c5 01 c5 01 c5 01 c5,True,True
G,50,2005,0.3,0.85,350.0,01 c5 01 c5 01 c5 01 c5 01 c5 01 c5 01 c5 01 c5 01 c5 01 c5 01 c5 01 c5 01 c5 01 c5 01 c5 01 c5 01 c5 01 c5 01 c5 01 c5 01 c5 01 c5 01 c5 01 c5 01 c5,True,True
G,50,2005,0.4,0.65,350.0,01 c5 01 c5 01 c5 01 c5 01 c5 01 c5 01 c5 01 c5 01 c5 01 c5 01 c5 01 c5 01 c5 01 c5 01 c5 01 c5 01 c5 01 c5 01 c5 01 c5 01 c5 01 c5 01 c5 01 c5 01 c5,True,True
G,50,2005,0.4,0.75,350.0,01 c5 01 c5 01 c5 01 c5 01 c5 01 c5 01 c5 01 c5 01 c5 01 c5 01 c5 01 c5 01 c5 01 c5 01 c5 01 c5 01 c5 01 c5 01 c5 01 c5 01 c5 01 c5 01 c5 01 c5 01 c5,True,True
G,50,2005,0.4,0.85,350.0,01 c5 01 c5 01 c5 01 c5 01 c5 01 c5 01 c5 01 c5 01 c5 01 c5 01 c5 01 c5 01 c5 01 c5 01 c5 01 c5 01 c5 01 c5 01 c5 01 c5 01 c5 01 c5 01 c5 01 c5 01 c5,True,True
G,50,2005,0.5,0.65,350.0,01 c5 01 c5 01 c5 01 c5 01 c5 01 c5 01 c5 01 c5 01 c5 01 c5 01 c5 01 c5 01 c5 01 c5 01 c5 01 c5 01 c5 01 c5 01 c5 01 c5 01 c5 01 c5 01 c5 01 c5 01 c5,True,True
G,50,2005,0.5,0.75,350.0,01 c5 01 c5 01 c5 01 c5 01 c5 01 c5 01 c5 01 c5 01 c5 01 c5 01 c5 01 c5 01 c5 01 c5 01 c5 01 c5 01 c5 01 c5 01 c5 01 c5 01 c5 01 c5 01 c5 01 c5 01 c5,True,True
G,50,2005,0.5,0.85,350.0,01 c5 01 c5 01 c5 01 c5 01 c5 01 c5 01 c5 01 c5 01 c5 01 c5 01 c5 01 c5 01 c5 01 c5 01 c5 01 c5 01 c5 01 c5 01 c5 01 c5 01 c5 01 c5 01 c5 01 c5 01 c5,True,True
G,50,2005,0.6,0.65,8000.0,01 c5 01 c5 01 c5 01 c5 01 20 f0 c5 01 c5 01 c5 01 c5 01 c5 01 c5 01 20 f0 c5 01 c5 01 c5 01 c5 01 c5 01 c5 01 20 f0 c5 01 c5 01 c5 01 c5 01 c5 01 c5,True,False
G,50,2005,0.6,0.75,8000.0,01 c5 01 c5 01 c5 01 c5 01 20 f0 c5 01 c5 01 c5 01 c5 01 c5 01 c5 01 20 f0 c5 01 c5 01 c5 01 c5 01 c5 01 c5 01 20 f0 c5 01 c5 01 c5 01 c5 01 c5 01 c5,True,False
G,50,2005,0.6,0.85,8000.0,01 c5 01 c5 01 c5 01 c5 01 20 f0 c5 01 c5 01 c5 01 c5 01 c5 01 c5 01 20 f0 c5 01 c5 01 c5 01 c5 01 c5 01 c5 01 20 f0 c5 01 c5 01 c5 01 c5 01 c5 01 c5,True,False
G,50,2006,0.2,0.65,550.0,01 c5 01 c5 01 c5 01 c5 01 c5 01 c5 01 c5 01 c5 01 c5 01 c5 01 c5 01 c5 01 c5 01 c5 01 c5 01 c5 01 c5 01 c5 01 c5 01 c5 01 c5 01 c5 01 c5 01 c5 01 c5,True,True
G,50,2006,0.2,0.75,550.0,01 c5 01 c5 01 c5 01 c5 01 c5 01 c5 01 c5 01 c5 01 c5 01 c5 01 c5 01 c5 01 c5 01 c5 01 c5 01 c5 01 c5 01 c5 01 c5 01 c5 01 c5 01 c5 01 c5 01 c5 01 c5,True,True
G,50,2006,0.2,0.85,550.0,01 c5 01 c5 01 c5 01 c5 01 c5 01 c5 01 c5 01 c5 01 c5 01 c5 01 c5 01 c5 01 c5 01 c5 01 c5 01 c5 01 c5 01 c5 01 c5 01 c5 01 c5 01 c5 01 c5 01 c5 01 c5,True,True
G,50,2006,0.3,0.65,550.0,01 c5 01 c5 01 c5 01 c5 01 c5 01 c5 01 c5 01 c5 01 c5 01 c5 01 c5 01 c5 01 c5 01 c5 01 c5 01 c5 01 c5 01 c5 01 c5 01 c5 01 c5 01 c5 01 c5 01 c5 01 c5,True,True
G,50,2006,0.3,0.75,550.0,01 c5 01 c5 01 c5 01 c5 01 c5 01 c5 01 c5 01 c5 01 c5 01 c5 01 c5 01 c5 01 c5 01 c5 01 c5 01 c5 01 c5 01 c5 01 c5 01 c5 01 c5 01 c5 01 c5 01 c5 01 c5,True,True
G,50,2006,0.3,0.85,550.0,01 c5 01 c5 01 c5 01 c5 01 c5 01 c5 01 c5 01 c5 01 c5 01 c5 01 c5 01 c5 01 c5 01 c5 01 c5 01 c5 01 c5 01 c5 01 c5 01 c5 01 c5 01 c5 01 c5 01 c5 01 c5,True,True
G,50,2006,0.4,0.65,550.0,01 c5 01 c5 01 c5 01 c5 01 c5 01 c5 01 c5 01 c5 01 c5 01 c5 01 c5 01 c5 01 c5 01 c5 01 c5 01 c5 01 c5 01 c5 01 c5 01 c5 01 c5 01 c5 01 c5 01 c5 01 c5,True,True
G,50,2006,0.4,0.75,550.0,01 c5 01 c5 01 c5 01 c5 01 c5 01 c5 01 c5 01 c5 01 c5 01 c5 01 c5 01 c5 01 c5 01 c5 01 c5 01 c5 01 c5 01 c5 01 c5 01 c5 01 c5 01 c5 01 c5 01 c5 01 c5,True,True
G,50,2006,0.4,0.85,550.0,01 c5 01 c5 01 c5 01 c5 01 c5 01 c5 01 c5 01 c5 01 c5 01 c5 01 c5 01 c5 01 c5 01 c5 01 c5 01 c5 01 c5 01 c5 01 c5 01 c5 01 c5 01 c5 01 c5 01 c5 01 c5,True,True
G,50,2006,0.5,0.65,550.0,01 c5 01 c5 01 c5 01 c5 01 c5 01 c5 01 c5 01 c5 01 c5 01 c5 01 c5 01 c5 01 c5 01 c5 01 c5 01 c5 01 c5 01 c5 01 c5 01 c5 01 c5 01 c5 01 c5 01 c5 01 c5,True,True
G,50,2006,0.5,0.75,550.0,01 c5 01 c5 01 c5 01 c5 01 c5 01 c5 01 c5 01 c5 01 c5 01 c5 01 c5 01 c5 01 c5 01 c5 01 c5 01 c5 01 c5 01 c5 01 c5 01 c5 01 c5 01 c5 01 c5 01 c5 01 c5,True,True
G,50,2006,0.5,0.85,550.0,01 c5 01 c5 01 c5 01 c5 01 c5 01 c5 01 c5 01 c5 01 c5 01 c5 01 c5 01 c5 01 c5 01 c5 01 c5 01 c5 01 c5 01 c5 01 c5 01 c5 01 c5 01 c5 01 c5 01 c5 01 c5,True,True
G,50,2006,0.6,0.65,550.0,01 c5 01 c5 01 c5 01 c5 01 c5 01 c5 01 c5 01 c5 01 c5 01 c5 01 c5 01 c5 01 c5 01 c5 01 c5 01 c5 01 c5 01 c5 01 c5 01 c5 01 c5 01 c5 01 c5 01 c5 01 c5,True,True
G,50,2006,0.6,0.75,550.0,01 c5 01 c5 01 c5 01 c5 01 c5 01 c5 01 c5 01 c5 01 c5 01 c5 01 c5 01 c5 01 c5 01 c5 01 c5 01 c5 01 c5 01 c5 01 c5 01 c5 01 c5 01 c5 01 c5 01 c5 01 c5,True,True
G,50,2006,0.6,0.85,550.0,01 c5 01 c5 01 c5 01 c5 01 c5 01 c5 01 c5 01 c5 01 c5 01 c5 01 c5 01 c5 01 c5 01 c5 01 c5 01 c5 01 c5 01 c5 01 c5 01 c5 01 c5 01 c5 01 c5 01 c5 01 c5,True,True
G,50,2007,0.2,0.65,500.0,01 c5 01 c5 01 c5 01 c5 01 c5 01 c5 01 c5 01 c5 01 c5 01 c5 01 c5 01 c5 01 c5 01 c5 01 c5 01 c5 01 c5 01 c5 01 c5 01 c5 01 c5 01 c5 01 c5 01 c5 01 c5,True,True
G,50,2007,0.2,0.75,500.0,01 c5 01 c5 01 c5 01 c5 01 c5 01 c5 01 c5 01 c5 01 c5 01 c5 01 c5 01 c5 01 c5 01 c5 01 c5 01 c5 01 c5 01 c5 01 c5 01 c5 01 c5 01 c5 01 c5 01 c5 01 c5,True,True
G,50,2007,0.2,0.85,500.0,01 c5 01 c5 01 c5 01 c5 01 c5 01 c5 01 c5 01 c5 01 c5 01 c5 01 c5 01 c5 01 c5 01 c5 01 c5 01 c5 01 c5 01 c5 01 c5 01 c5 01 c5 01 c5 01 c5 01 c5 01 c5,True,True
G,50,2007,0.3,0.65,500.0,01 c5 01 c5 01 c5 01 c5 01 c5 01 c5 01 c5 01 c5 01 c5 01 c5 01 c5 01 c5 01 c5 01 c5 01 c5 01 c5 01 c5 01 c5 01 c5 01 c5 01 c5 01 c5 01 c5 01 c5 01 c5,True,True
G,50,2007,0.3,0.75,500.0,01 c5 01 c5 01 c5 01 c5 01 c5 01 c5 01 c5 01 c5 01 c5 01 c5 01 c5 01 c5 01 c5 01 c5 01 c5 01 c5 01 c5 01 c5 01 c5 01 c5 01 c5 01 c5 01 c5 01 c5 01 c5,True,True
G,50,2007,0.3,0.85,500.0,01 c5 01 c5 01 c5 01 c5 01 c5 01 c5 01 c5 01 c5 01 c5 01 c5 01 c5 01 c5 01 c5 01 c5 01 c5 01 c5 01 c5 01 c5 01 c5 01 c5 01 c5 01 c5 01 c5 01 c5 01 c5,True,True
G,50,2007,0.4,0.65,500.0,01 c5 01 c5 01 c5 01 c5 01 c5 01 c5 01 c5 01 c5 01 c5 01 c5 01 c5 01 c5 01 c5 01 c5 01 c5 01 c5 01 c5 01 c5 01 c5 01 c5 01 c5 01 c5 01 c5 01 c5 01 c5,True,True
G,50,2007,0.4,0.75,500.0,01 c5 01 c5 01 c5 01 c5 01 c5 01 c5 01 c5 01 c5 01 c5 01 c5 01 c5 01 c5 01 c5 01 c5 01 c5 01 c5 01 c5 01 c5 01 c5 01 c5 01 c5 01 c5 01 c5 01 c5 01 c5,True,True
G,50,2007,0.4,0.85,500.0,01 c5 01 c5 01 c5 01 c5 01 c5 01 c5 01 c5 01 c5 01 c5 01 c5 01 c5 01 c5 01 c5 01 c5 01 c5 01 c5 01 c5 01 c5 01 c5 01 c5 01 c5 01 c5 01 c5 01 c5 01 c5,True,True
G,50,2007,0.5,0.65,500.0,01 c5 01 c5 01 c5 01 c5 01 c5 01 c5 01 c5 01 c5 01 c5 01 c5 01 c5 01 c5 01 c5 01 c5 01 c5 01 c5 01 c5 01 c5 01 c5 01 c5 01 c5 01 c5 01 c5 01 c5 01 c5,True,True
G,50,2007,0.5,0.75,500.0,01 c5 01 c5 01 c5 01 c5 01 c5 01 c5 01 c5 01 c5 01 c5 01 c5 01 c5 01 c5 01 c5 01 c5 01 c5 01 c5 01 c5 01 c5 01 c5 01 c5 01 c5 01 c5 01 c5 01 c5 01 c5,True,True
G,50,2007,0.5,0.85,500.0,01 c5 01 c5 01 c5 01 c5 01 c5 01 c5 01 c5 01 c5 01 c5 01 c5 01 c5 01 c5 01 c5 01 c5 01 c5 01 c5 01 c5 01 c5 01 c5 01 c5 01 c5 01 c5 01 c5 01 c5 01 c5,True,True
G,50,2007,0.6,0.65,500.0,01 c5 01 c5 01 c5 01 c5 01 c5 01 c5 01 c5 01 c5 01 c5 01 c5 01 c5 01 c5 01 c5 01 c5 01 c5 01 c5 01 c5 01 c5 01 c5 01 c5 01 c5 01 c5 01 c5 01 c5 01 c5,True,True
G,50,2007,0.6,0.75,500.0,01 c5 01 c5 01 c5 01 c5 01 c5 01 c5 01 c5 01 c5 01 c5 01 c5 01 c5 01 c5 01 c5 01 c5 01 c5 01 c5 01 c5 01 c5 01 c5 01 c5 01 c5 01 c5 01 c5 01 c5 01 c5,True,True
G,50,2007,0.6,0.85,500.0,01 c5 01 c5 01 c5 01 c5 01 c5 01 c5 01 c5 01 c5 01 c5 01 c5 01 c5 01 c5 01 c5 01 c5 01 c5 01 c5 01 c5 01 c5 01 c5 01 c5 01 c5 01 c5 01 c5 01 c5 01 c5,True,True
G,50,2008,0.2,0.65,400.0,11 d5 11 d5 11 d5 11 d5 11 d5 11 d5 11 d5 11 d5 11 d5 11 d5 11 d5 11 d5 11 d5 11 d5 11 d5 11 d5 11 d5 11 d5 11 d5 11 d5 11 d5 11 d5 11 d5 11 d5 11 d5,True,True
G,50,2008,0.2,0.75,400.0,11 d5 11 d5 11 d5 11 d5 11 d5 11 d5 11 d5 11 d5 11 d5 11 d5 11 d5 11 d5 11 d5 11 d5 11 d5 11 d5 11 d5 11 d5 11 d5 11 d5 11 d5 11 d5 11 d5 11 d5 11 d5,True,True
G,50,2008,0.2,0.85,400.0,11 d5 11 d5 11 d5 11 d5 11 d5 11 d5 11 d5 11 d5 11 d5 11 d5 11 d5 11 d5 11 d5 11 d5 11 d5 11 d5 11 d5 11 d5 11 d5 11 d5 11 d5 11 d5 11 d5 11 d5 11 d5,True,True
G,50,2008,0.3,0.65,400.0,11 d5 11 d5 11 d5 11 d5 11 d5 11 d5 11 d5 11 d5 11 d5 11 d5 11 d5 11 d5 11 d5 11 d5 11 d5 11 d5 11 d5 11 d5 11 d5 11 d5 11 d5 11 d5 11 d5 11 d5 11 d5,True,True
G,50,2008,0.3,0.75,400.0,11 d5 11 d5 11 d5 11 d5 11 d5 11 d5 11 d5 11 d5 11 d5 11 d5 11 d5 11 d5 11 d5 11 d5 11 d5 11 d5 11 d5 11 d5 11 d5 11 d5 11 d5 11 d5 11 d5 11 d5 11 d5,True,True
G,50,2008,0.3,0.85,400.0,11 d5 11 d5 11 d5 11 d5 11 d5 11 d5 11 d5 11 d5 11 d5 11 d5 11 d5 11 d5 11 d5 11 d5 11 d5 11 d5 11 d5 11 d5 11 d5 11 d5 11 d5 11 d5 11 d5 11 d5 11 d5,True,True
G,50,2008,0.4,0.65,400.0,11 d5 11 d5 11 d5 11 d5 11 d5 11 d5 11 d5 11 d5 11 d5 11 d5 11 d5 11 d5 11 d5 11 d5 11 d5 11 d5 11 d5 11 d5 11 d5 11 d5 11 d5 11 d5 11 d5 11 d5 11 d5,True,True
G,50,2008,0.4,0.75,400.0,11 d5 11 d5 11 d5 11 d5 11 d5 11 d5 11 d5 11 d5 11 d5 11 d5 11 d5 11 d5 11 d5 11 d5 11 d5 11 d5 11 d5 11 d5 11 d5 11 d5 11 d5 11 d5 11 d5 11 d5 11 d5,True,True
G,50,2008,0.4,0.85,400.0,11 d5 11 d5 11 d5 11 d5 11 d5 11 d5 11 d5 11 d5 11 d5 11 d5 11 d5 11 d5 11 d5 11 d5 11 d5 11 d5 11 d5 11 d5 11 d5 11 d5 11 d5 11 d5 11 d5 11 d5 11 d5,True,True
G,50,2008,0.5,0.65,400.0,11 d5 11 d5 11 d5 11 d5 11 d5 11 d5 11 d5 11 d5 11 d5 11 d5 11 d5 11 d5 11 d5 11 d5 11 d5 11 d5 11 d5 11 d5 11 d5 11 d5 11 d5 11 d5 11 d5 11 d5 11 d5,True,True
G,50,2008,0.5,0.75,400.0,11 d5 11 d5 11 d5 11 d5 11 d5 11 d5 11 d5 11 d5 11 d5 11 d5 11 d5 11 d5 11 d5 11 d5 11 d5 11 d5 11 d5 11 d5 11 d5 11 d5 11 d5 11 d5 11 d5 11 d5 11 d5,True,True
G,50,2008,0.5,0.85,400.0,11 d5 11 d5 11 d5 11 d5 11 d5 11 d5 11 d5 11 d5 11 d5 11 d5 11 d5 11 d5 11 d5 11 d5 11 d5 11 d5 11 d5 11 d5 11 d5 11 d5 11 d5 11 d5 11 d5 11 d5 11 d5,True,True
G,50,2008,0.6,0.65,3950.0,11 d5 11 d5 11 d5 11 d5 11 10 f0 d5 11 d5 11 d5 11 d5 11 d5 11 d5 11 10 f0 d5 11 d5 11 d5 11 d5 11 d5 11 d5 11 10 f0 d5 11 d5 11 d5 11 d5 11 d5 11 d5,True,False
G,50,2008,0.6,0.75,3950.0,11 d5 11 d5 11 d5 11 d5 11 10 f0 d5 11 d5 11 d5 11 d5 11 d5 11 d5 11 10 f0 d5 11 d5 11 d5 11 d5 11 d5 11 d5 11 10 f0 d5 11 d5 11 d5 11 d5 11 d5 11 d5,True,False
G,50,2008,0.6,0.85,3950.0,11 d5 11 d5 11 d5 11 d5 11 10 f0 d5 11 d5 11 d5 11 d5 11 d5 11 d5 11 10 f0 d5 11 d5 11 d5 11 d5 11 d5 11 d5 11 10 f0 d5 11 d5 11 d5 11 d5 11 d5 11 d5,True,False
G,50,2009,0.2,0.65,950.0,11 d5 11 d5 11 d5 11 d5 11 d5 11 d5 11 d5 11 d5 11 d5 11 d5 11 d5 11 d5 11 d5 11 d5 11 d5 11 d5 11 d5 11 d5 11 d5 11 d5 11 d5 11 d5 11 d5 11 d5 11 d5,True,True
G,50,2009,0.2,0.75,950.0,11 d5 11 d5 11 d5 11 d5 11 d5 11 d5 11 d5 11 d5 11 d5 11 d5 11 d5 11 d5 11 d5 11 d5 11 d5 11 d5 11 d5 11 d5 11 d5 11 d5 11 d5 11 d5 11 d5 11 d5 11 d5,True,True
G,50,2009,0.2,0.85,950.0,11 d5 11 d5 11 d5 11 d5 11 d5 11 d5 11 d5 11 d5 11 d5 11 d5 11 d5 11 d5 11 d5 11 d5 11 d5 11 d5 11 d5 11 d5 11 d5 11 d5 11 d5 11 d5 11 d5 11 d5 11 d5,True,True
G,50,2009,0.3,0.65,950.0,11 d5 11 d5 11 d5 11 d5 11 d5 11 d5 11 d5 11 d5 11 d5 11 d5 11 d5 11 d5 11 d5 11 d5 11 d5 11 d5 11 d5 11 d5 11 d5 11 d5 11 d5 11 d5 11 d5 11 d5 11 d5,True,True
G,50,2009,0.3,0.75,950.0,11 d5 11 d5 11 d5 11 d5 11 d5 11 d5 11 d5 11 d5 11 d5 11 d5 11 d5 11 d5 11 d5 11 d5 11 d5 11 d5 11 d5 11 d5 11 d5 11 d5 11 d5 11 d5 11 d5 11 d5 11 d5,True,True
G,50,2009,0.3,0.85,950.0,11 d5 11 d5 11 d5 11 d5 11 d5 11 d5 11 d5 11 d5 11 d5 11 d5 11 d5 11 d5 11 d5 11 d5 11 d5 11 d5 11 d5 11 d5 11 d5 11 d5 11 d5 11 d5 11 d5 11 d5 11 d5,True,True
G,50,2009,0.4,0.65,950.0,11 d5 11 d5 11 d5 11 d5 11 d5 11 d5 11 d5 11 d5 11 d5 11 d5 11 d5 11 d5 11 d5 11 d5 11 d5 11 d5 11 d5 11 d5 11 d5 11 d5 11 d5 11 d5 11 d5 11 d5 11 d5,True,True
G,50,2009,0.4,0.75,950.0,11 d5 11 d5 11 d5 11 d5 11 d5 11 d5 11 d5 11 d5 11 d5 11 d5 11 d5 11 d5 11 d5 11 d5 11 d5 11 d5 11 d5 11 d5 11 d5 11 d5 11 d5 11 d5 11 d5 11 d5 11 d5,True,True
G,50,2009,0.4,0.85,950.0,11 d5 11 d5 11 d5 11 d5 11 d5 11 d5 11 d5 11 d5 11 d5 11 d5 11 d5 11 d5 11 d5 11 d5 11 d5 11 d5 11 d5 11 d5 11 d5 11 d5 11 d5 11 d5 11 d5 11 d5 11 d5,True,True
G,50,2009,0.5,0.65,950.0,11 d5 11 d5 11 d5 11 d5 11 d5 11 d5 11 d5 11 d5 11 d5 11 d5 11 d5 11 d5 11 d5 11 d5 11 d5 11 d5 11 d5 11 d5 11 d5 11 d5 11 d5 11 d5 11 d5 11 d5 11 d5,True,True
G,50,2009,0.5,0.75,950.0,11 d5 11 d5 11 d5 11 d5 11 d5 11 d5 11 d5 11 d5 11 d5 11 d5 11 d5 11 d5 11 d5 11 d5 11 d5 11 d5 11 d5 11 d5 11 d5 11 d5 11 d5 11 d5 11 d5 11 d5 11 d5,True,True
G,50,2009,0.5,0.85,950.0,11 d5 11 d5 11 d5 11 d5 11 d5 11 d5 11 d5 11 d5 11 d5 11 d5 11 d5 11 d5 11 d5 11 d5 11 d5 11 d5 11 d5 11 d5 11 d5 11 d5 11 d5 11 d5 11 d5 11 d5 11 d5,True,True
G,50,2009,0.6,0.65,950.0,11 d5 11 d5 11 d5 11 d5 11 d5 11 d5 11 d5 11 d5 11 d5 11 d5 11 d5 11 d5 11 d5 11 d5 11 d5 11 d5 11 d5 11 d5 11 d5 11 d5 11 d5 11 d5 11 d5 11 d5 11 d5,True,True
G,50,2009,0.6,0.75,950.0,11 d5 11 d5 11 d5 11 d5 11 d5 11 d5 11 d5 11 d5 11 d5 11 d5 11 d5 11 d5 11 d5 11 d5 11 d5 11 d5 11 d5 11 d5 11 d5 11 d5 11 d5 11 d5 11 d5 11 d5 11 d5,True,True
G,50,2009,0.6,0.85,950.0,11 d5 11 d5 11 d5 11 d5 11 d5 11 d5 11 d5 11 d5 11 d5 11 d5 11 d5 11 d5 11 d5 11 d5 11 d5 11 d5 11 d5 11 d5 11 d5 11 d5 11 d5 11 d5 11 d5 11 d5 11 d5,True,True
G,50,2010,0.2,0.65,650.0,01 c5 01 c5 01 c5 01 c5 01 c5 01 c5 01 c5 01 c5 01 c5 01 c5 01 c5 01 c5 01 c5 01 c5 01 c5 01 c5 01 c5 01 c5 01 c5 01 c5 01 c5 01 c5 01 c5 01 c5 01 c5,True,True
G,50,2010,0.2,0.75,650.0,01 c5 01 c5 01 c5 01 c5 01 c5 01 c5 01 c5 01 c5 01 c5 01 c5 01 c5 01 c5 01 c5 01 c5 01 c5 01 c5 01 c5 01 c5 01 c5 01 c5 01 c5 01 c5 01 c5 01 c5 01 c5,True,True
G,50,2010,0.2,0.85,650.0,01 c5 01 c5 01 c5 01 c5 01 c5 01 c5 01 c5 01 c5 01 c5 01 c5 01 c5 01 c5 01 c5 01 c5 01 c5 01 c5 01 c5 01 c5 01 c5 01 c5 01 c5 01 c5 01 c5 01 c5 01 c5,True,True
G,50,2010,0.3,0.65,650.0,01 c5 01 c5 01 c5 01 c5 01 c5 01 c5 01 c5 01 c5 01 c5 01 c5 01 c5 01 c5 01 c5 01 c5 01 c5 01 c5 01 c5 01 c5 01 c5 01 c5 01 c5 01 c5 01 c5 01 c5 01 c5,True,True
G,50,2010,0.3,0.75,650.0,01 c5 01 c5 01 c5 01 c5 01 c5 01 c5 01 c5 01 c5 01 c5 01 c5 01 c5 01 c5 01 c5 01 c5 01 c5 01 c5 01 c5 01 c5 01 c5 01 c5 01 c5 01 c5 01 c5 01 c5 01 c5,True,True
G,50,2010,0.3,0.85,650.0,01 c5 01 c5 01 c5 01 c5 01 c5 01 c5 01 c5 01 c5 01 c5 01 c5 01 c5 01 c5 01 c5 01 c5 01 c5 01 c5 01 c5 01 c5 01 c5 01 c5 01 c5 01 c5 01 c5 01 c5 01 c5,True,True
G,50,2010,0.4,0.65,650.0,01 c5 01 c5 01 c5 01 c5 01 c5 01 c5 01 c5 01 c5 01 c5 01 c5 01 c5 01 c5 01 c5 01 c5 01 c5 01 c5 01 c5 01 c5 01 c5 01 c5 01 c5 01 c5 01 c5 01 c5 01 c5,True,True
G,50,2010,0.4,0.75,650.0,01 c5 01 c5 01 c5 01 c5 01 c5 01 c5 01 c5 01 c5 01 c5 01 c5 01 c5 01 c5 01 c5 01 c5 01 c5 01 c5 01 c5 01 c5 01 c5 01 c5 01 c5 01 c5 01 c5 01 c5 01 c5,True,True
G,50,2010,0.4,0.85,650.0,01 c5 01 c5 01 c5 01 c5 01 c5 01 c5 01 c5 01 c5 01 c5 01 c5 01 c5 01 c5 01 c5 01 c5 01 c5 01 c5 01 c5 01 c5 01 c5 01 c5 01 c5 01 c5 01 c5 01 c5 01 c5,True,True
G,50,2010,0.5,0.65,7000.0,01 c5 01 c5 01 c5 01 c5 01 18 f0 c5 01 c5 01 c5 01 c5 01 c5 01 c5 01 18 f0 c5 01 c5 01 c5 01 c5 01 c5 01 c5 01 18 f0 c5 01 c5 01 c5 01 c5 01 c5 01 c5,True,False
G,50,2010,0.5,0.75,7000.0,01 c5 01 c5 01 c5 01 c5 01 18 f0 c5 01 c5 01 c5 01 c5 01 c5 01 c5 01 18 f0 c5 01 c5 01 c5 01 c5 01 c5 01 c5 01 18 f0 c5 01 c5 01 c5 01 c5 01 c5 01 c5,True,False
G,50,2010,0.5,0.85,7000.0,01 c5 01 c5 01 c5 01 c5 01 18 f0 c5 01 c5 01 c5 01 c5 01 c5 01 c5 01 18 f0 c5 01 c5 01 c5 01 c5 01 c5 01 c5 01 18 f0 c5 01 c5 01 c5 01 c5 01 c5 01 c5,True,False
G,50,2010,0.6,0.65,7000.0,01 c5 01 c5 01 c5 01 c5 01 18 f0 c5 01 c5 01 c5 01 c5 01 c5 01 c5 01 18 f0 c5 01 c5 01 c5 01 c5 01 c5 01 c5 01 18 f0 c5 01 c5 01 c5 01 c5 01 c5 01 c5,True,False
G,50,2010,0.6,0.75,7000.0,01 c5 01 c5 01 c5 01 c5 01 18 f0 c5 01 c5 01 c5 01 c5 01 c5 01 c5 01 18 f0 c5 01 c5 01 c5 01 c5 01 c5 01 c5 01 18 f0 c5 01 c5 01 c5 01 c5 01 c5 01 c5,True,False
G,50,2010,0.6,0.85,7000.0,01 c5 01 c5 01 c5 01 c5 01 18 f0 c5 01 c5 01 c5 01 c5 01 c5 01 c5 01 18 f0 c5 01 c5 01 c5 01 c5 01 c5 01 c5 01 18 f0 c5 01 c5 01 c5 01 c5 01 c5 01 c5,True,False
G,50,2011,0.2,0.65,650.0,01 c5 01 c5 01 c5 01 c5 01 c5 01 c5 01 c5 01 c5 01 c5 01 c5 01 c5 01 c5 01 c5 01 c5 01 c5 01 c5 01 c5 01 c5 01 c5 01 c5 01 c5 01 c5 01 c5 01 c5 01 c5,True,True
G,50,2011,0.2,0.75,650.0,01 c5 01 c5 01 c5 01 c5 01 c5 01 c5 01 c5 01 c5 01 c5 01 c5 01 c5 01 c5 01 c5 01 c5 01 c5 01 c5 01 c5 01 c5 01 c5 01 c5 01 c5 01 c5 01 c5 01 c5 01 c5,True,True
G,50,2011,0.2,0.85,650.0,01 c5 01 c5 01 c5 01 c5 01 c5 01 c5 01 c5 01 c5 01 c5 01 c5 01 c5 01 c5 01 c5 01 c5 01 c5 01 c5 01 c5 01 c5 01 c5 01 c5 01 c5 01 c5 01 c5 01 c5 01 c5,True,True
G,50,2011,0.3,0.65,650.0,01 c5 01 c5 01 c5 01 c5 01 c5 01 c5 01 c5 01 c5 01 c5 01 c5 01 c5 01 c5 01 c5 01 c5 01 c5 01 c5 01 c5 01 c5 01 c5 01 c5 01 c5 01 c5 01 c5 01 c5 01 c5,True,True
G,50,2011,0.3,0.75,650.0,01 c5 01 c5 01 c5 01 c5 01 c5 01 c5 01 c5 01 c5 01 c5 01 c5 01 c5 01 c5 01 c5 01 c5 01 c5 01 c5 01 c5 01 c5 01 c5 01 c5 01 c5 01 c5 01 c5 01 c5 01 c5,True,True
G,50,2011,0.3,0.85,650.0,01 c5 01 c5 01 c5 01 c5 01 c5 01 c5 01 c5 01 c5 01 c5 01 c5 01 c5 01 c5 01 c5 01 c5 01 c5 01 c5 01 c5 01 c5 01 c5 01 c5 01 c5 01 c5 01 c5 01 c5 01 c5,True,True
G,50,2011,0.4,0.65,650.0,01 c5 01 c5 01 c5 01 c5 01 c5 01 c5 01 c5 01 c5 01 c5 01 c5 01 c5 01 c5 01 c5 01 c5 01 c5 01 c5 01 c5 01 c5 01 c5 01 c5 01 c5 01 c5 01 c5 01 c5 01 c5,True,True
G,50,2011,0.4,0.75,650.0,01 c5 01 c5 01 c5 01 c5 01 c5 01 c5 01 c5 01 c5 01 c5 01 c5 01 c5 01 c5 01 c5 01 c5 01 c5 01 c5 01 c5 01 c5 01 c5 01 c5 01 c5 01 c5 01 c5 01 c5 01 c5,True,True
G,50,2011,0.4,0.85,650.0,01 c5 01 c5 01 c5 01 c5 01 c5 01 c5 01 c5 01 c5 01 c5 01 c5 01 c5 01 c5 01 c5 01 c5 01 c5 01 c5 01 c5 01 c5 01 c5 01 c5 01 c5 01 c5 01 c5 01 c5 01 c5,True,True
G,50,2011,0.5,0.65,650.0,01 c5 01 c5 01 c5 01 c5 01 c5 01 c5 01 c5 01 c5 01 c5 01 c5 01 c5 01 c5 01 c5 01 c5 01 c5 01 c5 01 c5 01 c5 01 c5 01 c5 01 c5 01 c5 01 c5 01 c5 01 c5,True,True
G,50,2011,0.5,0.75,650.0,01 c5 01 c5 01 c5 01 c5 01 c5 01 c5 01 c5 01 c5 01 c5 01 c5 01 c5 01 c5 01 c5 01 c5 01 c5 01 c5 01 c5 01 c5 01 c5 01 c5 01 c5 01 c5 01 c5 01 c5 01 c5,True,True
G,50,2011,0.5,0.85,650.0,01 c5 01 c5 01 c5 01 c5 01 c5 01 c5 01 c5 01 c5 01 c5 01 c5 01 c5 01 c5 01 c5 01 c5 01 c5 01 c5 01 c5 01 c5 01 c5 01 c5 01 c5 01 c5 01 c5 01 c5 01 c5,True,True
G,50,2011,0.6,0.65,1950.0,01 c5 01 c5 01 c5 01 c5 01 20 f0 c5 01 c5 01 c5 01 c5 01 c5 01 c5 01 20 f0 c5 01 c5 01 c5 01 c5 01 c5 01 c5 01 20 f0 c5 01 c5 01 c5 01 c5 01 c5 01 c5,True,False
G,50,2011,0.6,0.75,1950.0,01 c5 01 c5 01 c5 01 c5 01 20 f0 c5 01 c5 01 c5 01 c5 01 c5 01 c5 01 20 f0 c5 01 c5 01 c5 01 c5 01 c5 01 c5 01 20 f0 c5 01 c5 01 c5 01 c5 01 c5 01 c5,True,False
G,50,2011,0.6,0.85,1950.0,01 c5 01 c5 01 c5 01 c5 01 20 f0 c5 01 c5 01 c5 01 c5 01 c5 01 c5 01 20 f0 c5 01 c5 01 c5 01 c5 01 c5 01 c5 01 20 f0 c5 01 c5 01 c5 01 c5 01 c5 01 c5,True,False
G,50,2012,0.2,0.65,650.0,01 c5 01 c5 01 c5 01 c5 01 c5 01 c5 01 c5 01 c5 01 c5 01 c5 01 c5 01 c5 01 c5 01 c5 01 c5 01 c5 01 c5 01 c5 01 c5 01 c5 01 c5 01 c5 01 c5 01 c5 01 c5,True,True
G,50,2012,0.2,0.75,650.0,01 c5 01 c5 01 c5 01 c5 01 c5 01 c5 01 c5 01 c5 01 c5 01 c5 01 c5 01 c5 01 c5 01 c5 01 c5 01 c5 01 c5 01 c5 01 c5 01 c5 01 c5 01 c5 01 c5 01 c5 01 c5,True,True
G,50,2012,0.2,0.85,650.0,01 c5 01 c5 01 c5 01 c5 01 c5 01 c5 01 c5 01 c5 01 c5 01 c5 01 c5 01 c5 01 c5 01 c5 01 c5 01 c5 01 c5 01 c5 01 c5 01 c5 01 c5 01 c5 01 c5 01 c5 01 c5,True,True
G,50,2012,0.3,0.65,650.0,01 c5 01 c5 01 c5 01 c5 01 c5 01 c5 01 c5 01 c5 01 c5 01 c5 01 c5 01 c5 01 c5 01 c5 01 c5 01 c5 01 c5 01 c5 01 c5 01 c5 01 c5 01 c5 01 c5 01 c5 01 c5,True,True
G,50,2012,0.3,0.75,650.0,01 c5 01 c5 01 c5 01 c5 01 c5 01 c5 01 c5 01 c5 01 c5 01 c5 01 c5 01 c5 01 c5 01 c5 01 c5 01 c5 01 c5 01 c5 01 c5 01 c5 01 c5 01 c5 01 c5 01 c5 01 c5,True,True
G,50,2012,0.3,0.85,650.0,01 c5 01 c5 01 c5 01 c5 01 c5 01 c5 01 c5 01 c5 01 c5 01 c5 01 c5 01 c5 01 c5 01 c5 01 c5 01 c5 01 c5 01 c5 01 c5 01 c5 01 c5 01 c5 01 c5 01 c5 01 c5,True,True
G,50,2012,0.4,0.65,650.0,01 c5 01 c5 01 c5 01 c5 01 c5 01 c5 01 c5 01 c5 01 c5 01 c5 01 c5 01 c5 01 c5 01 c5 01 c5 01 c5 01 c5 01 c5 01 c5 01 c5 01 c5 01 c5 01 c5 01 c5 01 c5,True,True
G,50,2012,0.4,0.75,650.0,01 c5 01 c5 01 c5 01 c5 01 c5 01 c5 01 c5 01 c5 01 c5 01 c5 01 c5 01 c5 01 c5 01 c5 01 c5 01 c5 01 c5 01 c5 01 c5 01 c5 01 c5 01 c5 01 c5 01 c5 01 c5,True,True
G,50,2012,0.4,0.85,650.0,01 c5 01 c5 01 c5 01 c5 01 c5 01 c5 01 c5 01 c5 01 c5 01 c5 01 c5 01 c5 01 c5 01 c5 01 c5 01 c5 01 c5 01 c5 01 c5 01 c5 01 c5 01 c5 01 c5 01 c5 01 c5,True,True
G,50,2012,0.5,0.65,650.0,01 c5 01 c5 01 c5 01 c5 01 c5 01 c5 01 c5 01 c5 01 c5 01 c5 01 c5 01 c5 01 c5 01 c5 01 c5 01 c5 01 c5 01 c5 01 c5 01 c5 01 c5 01 c5 01 c5 01 c5 01 c5,True,True
G,50,2012,0.5,0.75,650.0,01 c5 01 c5 01 c5 01 c5 01 c5 01 c5 01 c5 01 c5 01 c5 01 c5 01 c5 01 c5 01 c5 01 c5 01 c5 01 c5 01 c5 01 c5 01 c5 01 c5 01 c5 01 c5 01 c5 01 c5 01 c5,True,True
G,50,2012,0.5,0.85,650.0,01 c5 01 c5 01 c5 01 c5 01 c5 01 c5 01 c5 01 c5 01 c5 01 c5 01 c5 01 c5 01 c5 01 c5 01 c5 01 c5 01 c5 01 c5 01 c5 01 c5 01 c5 01 c5 01 c5 01 c5 01 c5,True,True
G,50,2012,0.6,0.65,950.0,11 d5 11 d5 11 d5 11 d5 11 d5 11 d5 11 d5 11 d5 11 d5 11 d5 11 d5 11 d5 11 d5 11 d5 11 d5 11 d5 11 d5 11 d5 11 d5 11 d5 11 d5 11 d5 11 d5 11 d5 11 d5,True,True
G,50,2012,0.6,0.75,950.0,11 d5 11 d5 11 d5 11 d5 11 d5 11 d5 11 d5 11 d5 11 d5 11 d5 11 d5 11 d5 11 d5 11 d5 11 d5 11 d5 11 d5 11 d5 11 d5 11 d5 11 d5 11 d5 11 d5 11 d5 11 d5,True,True
G,50,2012,0.6,0.85,950.0,11 d5 11 d5 11 d5 11 d5 11 d5 11 d5 11 d5 11 d5 11 d5 11 d5 11 d5 11 d5 11 d5 11 d5 11 d5 11 d5 11 d5 11 d5 11 d5 11 d5 11 d5 11 d5 11 d5 11 d5 11 d5,True,True
G,50,2013,0.2,0.65,600.0,01 c5 01 c5 01 c5 01 c5 01 c5 01 c5 01 c5 01 c5 01 c5 01 c5 01 c5 01 c5 01 c5 01 c5 01 c5 01 c5 01 c5 01 c5 01 c5 01 c5 01 c5 01 c5 01 c5 01 c5 01 c5,True,True
G,50,2013,0.2,0.75,600.0,01 c5 01 c5 01 c5 01 c5 01 c5 01 c5 01 c5 01 c5 01 c5 01 c5 01 c5 01 c5 01 c5 01 c5 01 c5 01 c5 01 c5 01 c5 01 c5 01 c5 01 c5 01 c5 01 c5 01 c5 01 c5,True,True
G,50,2013,0.2,0.85,600.0,01 c5 01 c5 01 c5 01 c5 01 c5 01 c5 01 c5 01 c5 01 c5 01 c5 01 c5 01 c5 01 c5 01 c5 01 c5 01 c5 01 c5 01 c5 01 c5 01 c5 01 c5 01 c5 01 c5 01 c5 01 c5,True,True
G,50,2013,0.3,0.65,600.0,01 c5 01 c5 01 c5 01 c5 01 c5 01 c5 01 c5 01 c5 01 c5 01 c5 01 c5 01 c5 01 c5 01 c5 01 c5 01 c5 01 c5 01 c5 01 c5 01 c5 01 c5 01 c5 01 c5 01 c5 01 c5,True,True
G,50,2013,0.3,0.75,600.0,01 c5 01 c5 01 c5 01 c5 01 c5 01 c5 01 c5 01 c5 01 c5 01 c5 01 c5 01 c5 01 c5 01 c5 01 c5 01 c5 01 c5 01 c5 01 c5 01 c5 01 c5 01 c5 01 c5 01 c5 01 c5,True,True
G,50,2013,0.3,0.85,600.0,01 c5 01 c5 01 c5 01 c5 01 c5 01 c5 01 c5 01 c5 01 c5 01 c5 01 c5 01 c5 01 c5 01 c5 01 c5 01 c5 01 c5 01 c5 01 c5 01 c5 01 c5 01 c5 01 c5 01 c5 01 c5,True,True
G,50,2013,0.4,0.65,600.0,01 c5 01 c5 01 c5 01 c5 01 c5 01 c5 01 c5 01 c5 01 c5 01 c5 01 c5 01 c5 01 c5 01 c5 01 c5 01 c5 01 c5 01 c5 01 c5 01 c5 01 c5 01 c5 01 c5 01 c5 01 c5,True,True
G,50,2013,0.4,0.75,600.0,01 c5 01 c5 01 c5 01 c5 01 c5 01 c5 01 c5 01 c5 01 c5 01 c5 01 c5 01 c5 01 c5 01 c5 01 c5 01 c5 01 c5 01 c5 01 c5 01 c5 01 c5 01 c5 01 c5 01 c5 01 c5,True,True
G,50,2013,0.4,0.85,600.0,01 c5 01 c5 01 c5 01 c5 01 c5 01 c5 01 c5 01 c5 01 c5 01 c5 01 c5 01 c5 01 c5 01 c5 01 c5 01 c5 01 c5 01 c5 01 c5 01 c5 01 c5 01 c5 01 c5 01 c5 01 c5,True,True
G,50,2013,0.5,0.65,600.0,01 c5 01 c5 01 c5 01 c5 01 c5 01 c5 01 c5 01 c5 01 c5 01 c5 01 c5 01 c5 01 c5 01 c5 01 c5 01 c5 01 c5 01 c5 01 c5 01 c5 01 c5 01 c5 01 c5 01 c5 01 c5,True,True
G,50,2013,0.5,0.75,600.0,01 c5 01 c5 01 c5 01 c5 01 c5 01 c5 01 c5 01 c5 01 c5 01 c5 01 c5 01 c5 01 c5 01 c5 01 c5 01 c5 01 c5 01 c5 01 c5 01 c5 01 c5 01 c5 01 c5 01 c5 01 c5,True,True
G,50,2013,0.5,0.85,600.0,01 c5 01 c5 01 c5 01 c5 01 c5 01 c5 01 c5 01 c5 01 c5 01 c5 01 c5 01 c5 01 c5 01 c5 01 c5 01 c5 01 c5 01 c5 01 c5 01 c5 01 c5 01 c5 01 c5 01 c5 01 c5,True,True
G,50,2013,0.6,0.65,5500.0,11 d5 11 d5 11 d5 11 d5 11 10 f0 d5 11 d5 11 d5 11 d5 11 d5 11 d5 11 10 f0 d5 11 d5 11 d5 11 d5 11 d5 11 d5 11 10 f0 d5 11 d5 11 d5 11 d5 11 d5 11 d5,True,False
G,50,2013,0.6,0.75,5500.0,11 d5 11 d5 11 d5 11 d5 11 10 f0 d5 11 d5 11 d5 11 d5 11 d5 11 d5 11 10 f0 d5 11 d5 11 d5 11 d5 11 d5 11 d5 11 10 f0 d5 11 d5 11 d5 11 d5 11 d5 11 d5,True,False
G,50,2013,0.6,0.85,5500.0,11 d5 11 d5 11 d5 11 d5 11 10 f0 d5 11 d5 11 d5 11 d5 11 d5 11 d5 11 10 f0 d5 11 d5 11 d5 11 d5 11 d5 11 d5 11 10 f0 d5 11 d5 11 d5 11 d5 11 d5 11 d5,True,False
G,50,2014,0.2,0.65,600.0,01 c5 01 c5 01 c5 01 c5 01 c5 01 c5 01 c5 01 c5 01 c5 01 c5 01 c5 01 c5 01 c5 01 c5 01 c5 01 c5 01 c5 01 c5 01 c5 01 c5 01 c5 01 c5 01 c5 01 c5 01 c5,True,True
G,50,2014,0.2,0.75,600.0,01 c5 01 c5 01 c5 01 c5 01 c5 01 c5 01 c5 01 c5 01 c5 01 c5 01 c5 01 c5 01 c5 01 c5 01 c5 01 c5 01 c5 01 c5 01 c5 01 c5 01 c5 01 c5 01 c5 01 c5 01 c5,True,True
G,50,2014,0.2,0.85,600.0,01 c5 01 c5 01 c5 01 c5 01 c5 01 c5 01 c5 01 c5 01 c5 01 c5 01 c5 01 c5 01 c5 01 c5 01 c5 01 c5 01 c5 01 c5 01 c5 01 c5 01 c5 01 c5 01 c5 01 c5 01 c5,True,True
G,50,2014,0.3,0.65,600.0,01 c5 01 c5 01 c5 01 c5 01 c5 01 c5 01 c5 01 c5 01 c5 01 c5 01 c5 01 c5 01 c5 01 c5 01 c5 01 c5 01 c5 01 c5 01 c5 01 c5 01 c5 01 c5 01 c5 01 c5 01 c5,True,True
G,50,2014,0.3,0.75,600.0,01 c5 01 c5 01 c5 01 c5 01 c5 01 c5 01 c5 01 c5 01 c5 01 c5 01 c5 01 c5 01 c5 01 c5 01 c5 01 c5 01 c5 01 c5 01 c5 01 c5 01 c5 01 c5 01 c5 01 c5 01 c5,True,True
G,50,2014,0.3,0.85,600.0,01 c5 01 c5 01 c5 01 c5 01 c5 01 c5 01 c5 01 c5 01 c5 01 c5 01 c5 01 c5 01 c5 01 c5 01 c5 01 c5 01 c5 01 c5 01 c5 01 c5 01 c5 01 c5 01 c5 01 c5 01 c5,True,True
G,50,2014,0.4,0.65,600.0,01 c5 01 c5 01 c5 01 c5 01 c5 01 c5 01 c5 01 c5 01 c5 01 c5 01 c5 01 c5 01 c5 01 c5 01 c5 01 c5 01 c5 01 c5 01 c5 01 c5 01 c5 01 c5 01 c5 01 c5 01 c5,True,True
G,50,2014,0.4,0.75,600.0,01 c5 01 c5 01 c5 01 c5 01 c5 01 c5 01 c5 01 c5 01 c5 01 c5 01 c5 01 c5 01 c5 01 c5 01 c5 01 c5 01 c5 01 c5 01 c5 01 c5 01 c5 01 c5 01 c5 01 c5 01 c5,True,True
G,50,2014,0.4,0.85,600.0,01 c5 01 c5 01 c5 01 c5 01 c5 01 c5 01 c5 01 c5 01 c5 01 c5 01 c5 01 c5 01 c5 01 c5 01 c5 01 c5 01 c5 01 c5 01 c5 01 c5 01 c5 01 c5 01 c5 01 c5 01 c5,True,True
G,50,2014,0.5,0.65,600.0,01 c5 01 c5 01 c5 01 c5 01 c5 01 c5 01 c5 01 c5 01 c5 01 c5 01 c5 01 c5 01 c5 01 c5 01 c5 01 c5 01 c5 01 c5 01 c5 01 c5 01 c5 01 c5 01 c5 01 c5 01 c5,True,True
G,50,2014,0.5,0.75,600.0,01 c5 01 c5 01 c5 01 c5 01 c5 01 c5 01 c5 01 c5 01 c5 01 c5 01 c5 01 c5 01 c5 01 c5 01 c5 01 c5 01 c5 01 c5 01 c5 01 c5 01 c5 01 c5 01 c5 01 c5 01 c5,True,True
G,50,2014,0.5,0.85,600.0,01 c5 01 c5 01 c5 01 c5 01 c5 01 c5 01 c5 01 c5 01 c5 01 c5 01 c5 01 c5 01 c5 01 c5 01 c5 01 c5 01 c5 01 c5 01 c5 01 c5 01 c5 01 c5 01 c5 01 c5 01 c5,True,True
G,50,2014,0.6,0.65,5500.0,01 c5 01 c5 01 c5 01 c5 01 20 f0 c5 01 c5 01 c5 01 c5 01 c5 01 c5 01 20 f0 c5 01 c5 01 c5 01 c5 01 c5 01 c5 01 20 f0 c5 01 c5 01 c5 01 c5 01 c5 01 c5,True,False
G,50,2014,0.6,0.75,5500.0,01 c5 01 c5 01 c5 01 c5 01 20 f0 c5 01 c5 01 c5 01 c5 01 c5 01 c5 01 20 f0 c5 01 c5 01 c5 01 c5 01 c5 01 c5 01 20 f0 c5 01 c5 01 c5 01 c5 01 c5 01 c5,True,False
G,50,2014,0.6,0.85,5500.0,01 c5 01 c5 01 c5 01 c5 01 20 f0 c5 01 c5 01 c5 01 c5 01 c5 01 c5 01 20 f0 c5 01 c5 01 c5 01 c5 01 c5 01 c5 01 20 f0 c5 01 c5 01 c5 01 c5 01 c5 01 c5,True,False
G,50,2015,0.2,0.65,500.0,11 d5 11 d5 11 d5 11 d5 11 d5 11 d5 11 d5 11 d5 11 d5 11 d5 11 d5 11 d5 11 d5 11 d5 11 d5 11 d5 11 d5 11 d5 11 d5 11 d5 11 d5 11 d5 11 d5 11 d5 11 d5,True,True
G,50,2015,0.2,0.75,500.0,11 d5 11 d5 11 d5 11 d5 11 d5 11 d5 11 d5 11 d5 11 d5 11 d5 11 d5 11 d5 11 d5 11 d5 11 d5 11 d5 11 d5 11 d5 11 d5 11 d5 11 d5 11 d5 11 d5 11 d5 11 d5,True,True
G,50,2015,0.2,0.85,500.0,11 d5 11 d5 11 d5 11 d5 11 d5 11 d5 11 d5 11 d5 11 d5 11 d5 11 d5 11 d5 11 d5 11 d5 11 d5 11 d5 11 d5 11 d5 11 d5 11 d5 11 d5 11 d5 11 d5 11 d5 11 d5,True,True
G,50,2015,0.3,0.65,500.0,11 d5 11 d5 11 d5 11 d5 11 d5 11 d5 11 d5 11 d5 11 d5 11 d5 11 d5 11 d5 11 d5 11 d5 11 d5 11 d5 11 d5 11 d5 11 d5 11 d5 11 d5 11 d5 11 d5 11 d5 11 d5,True,True
G,50,2015,0.3,0.75,500.0,11 d5 11 d5 11 d5 11 d5 11 d5 11 d5 11 d5 11 d5 11 d5 11 d5 11 d5 11 d5 11 d5 11 d5 11 d5 11 d5 11 d5 11 d5 11 d5 11 d5 11 d5 11 d5 11 d5 11 d5 11 d5,True,True
G,50,2015,0.3,0.85,500.0,11 d5 11 d5 11 d5 11 d5 11 d5 11 d5 11 d5 11 d5 11 d5 11 d5 11 d5 11 d5 11 d5 11 d5 11 d5 11 d5 11 d5 11 d5 11 d5 11 d5 11 d5 11 d5 11 d5 11 d5 11 d5,True,True
G,50,2015,0.4,0.65,500.0,11 d5 11 d5 11 d5 11 d5 11 d5 11 d5 11 d5 11 d5 11 d5 11 d5 11 d5 11 d5 11 d5 11 d5 11 d5 11 d5 11 d5 11 d5 11 d5 11 d5 11 d5 11 d5 11 d5 11 d5 11 d5,True,True
G,50,2015,0.4,0.75,500.0,11 d5 11 d5 11 d5 11 d5 11 d5 11 d5 11 d5 11 d5 11 d5 11 d5 11 d5 11 d5 11 d5 11 d5 11 d5 11 d5 11 d5 11 d5 11 d5 11 d5 11 d5 11 d5 11 d5 11 d5 11 d5,True,True
G,50,2015,0.4,0.85,500.0,11 d5 11 d5 11 d5 11 d5 11 d5 11 d5 11 d5 11 d5 11 d5 11 d5 11 d5 11 d5 11 d5 11 d5 11 d5 11 d5 11 d5 11 d5 11 d5 11 d5 11 d5 11 d5 11 d5 11 d5 11 d5,True,True
G,50,2015,0.5,0.65,500.0,11 d5 11 d5 11 d5 11 d5 11 d5 11 d5 11 d5 11 d5 11 d5 11 d5 11 d5 11 d5 11 d5 11 d5 11 d5 11 d5 11 d5 11 d5 11 d5 11 d5 11 d5 11 d5 11 d5 11 d5 11 d5,True,True
G,50,2015,0.5,0.75,500.0,11 d5 11 d5 11 d5 11 d5 11 d5 11 d5 11 d5 11 d5 11 d5 11 d5 11 d5 11 d5 11 d5 11 d5 11 d5 11 d5 11 d5 11 d5 11 d5 11 d5 11 d5 11 d5 11 d5 11 d5 11 d5,True,True
G,50,2015,0.5,0.85,500.0,11 d5 11 d5 11 d5 11 d5 11 d5 11 d5 11 d5 11 d5 11 d5 11 d5 11 d5 11 d5 11 d5 11 d5 11 d5 11 d5 11 d5 11 d5 11 d5 11 d5 11 d5 11 d5 11 d5 11 d5 11 d5,True,True
G,50,2015,0.6,0.65,500.0,11 d5 11 d5 11 d5 11 d5 11 d5 11 d5 11 d5 11 d5 11 d5 11 d5 11 d5 11 d5 11 d5 11 d5 11 d5 11 d5 11 d5 11 d5 11 d5 11 d5 11 d5 11 d5 11 d5 11 d5 11 d5,True,True
G,50,2015,0.6,0.75,500.0,11 d5 11 d5 11 d5 11 d5 11 d5 11 d5 11 d5 11 d5 11 d5 11 d5 11 d5 11 d5 11 d5 11 d5 11 d5 11 d5 11 d5 11 d5 11 d5 11 d5 11 d5 11 d5 11 d5 11 d5 11 d5,True,True
G,50,2015,0.6,0.85,500.0,11 d5 11 d5 11 d5 11 d5 11 d5 11 d5 11 d5 11 d5 11 d5 11 d5 11 d5 11 d5 11 d5 11 d5 11 d5 11 d5 11 d5 11 d5 11 d5 11 d5 11 d5 11 d5 11 d5 11 d5 11 d5,True,True
G,50,2016,0.2,0.65,350.0,21 e5 21 e5 21 e5 21 e5 21 e5 21 e5 21 e5 21 e5 21 e5 21 e5 21 e5 21 e5 21 e5 21 e5 21 e5 21 e5 21 e5 21 e5 21 e5 21 e5 21 e5 21 e5 21 e5 21 e5 21 e5,True,True
G,50,2016,0.2,0.75,350.0,21 e5 21 e5 21 e5 21 e5 21 e5 21 e5 21 e5 21 e5 21 e5 21 e5 21 e5 21 e5 21 e5 21 e5 21 e5 21 e5 21 e5 21 e5 21 e5 21 e5 21 e5 21 e5 21 e5 21 e5 21 e5,True,True
G,50,2016,0.2,0.85,350.0,21 e5 21 e5 21 e5 21 e5 21 e5 21 e5 21 e5 21 e5 21 e5 21 e5 21 e5 21 e5 21 e5 21 e5 21 e5 21 e5 21 e5 21 e5 21 e5 21 e5 21 e5 21 e5 21 e5 21 e5 21 e5,True,True
G,50,2016,0.3,0.65,350.0,21 e5 21 e5 21 e5 21 e5 21 e5 21 e5 21 e5 21 e5 21 e5 21 e5 21 e5 21 e5 21 e5 21 e5 21 e5 21 e5 21 e5 21 e5 21 e5 21 e5 21 e5 21 e5 21 e5 21 e5 21 e5,True,True
G,50,2016,0.3,0.75,350.0,21 e5 21 e5 21 e5 21 e5 21 e5 21 e5 21 e5 21 e5 21 e5 21 e5 21 e5 21 e5 21 e5 21 e5 21 e5 21 e5 21 e5 21 e5 21 e5 21 e5 21 e5 21 e5 21 e5 21 e5 21 e5,True,True
G,50,2016,0.3,0.85,350.0,21 e5 21 e5 21 e5 21 e5 21 e5 21 e5 21 e5 21 e5 21 e5 21 e5 21 e5 21 e5 21 e5 21 e5 21 e5 21 e5 21 e5 21 e5 21 e5 21 e5 21 e5 21 e5 21 e5 21 e5 21 e5,True,True
G,50,2016,0.4,0.65,350.0,21 e5 21 e5 21 e5 21 e5 21 e5 21 e5 21 e5 21 e5 21 e5 21 e5 21 e5 21 e5 21 e5 21 e5 21 e5 21 e5 21 e5 21 e5 21 e5 21 e5 21 e5 21 e5 21 e5 21 e5 21 e5,True,True
G,50,2016,0.4,0.75,350.0,21 e5 21 e5 21 e5 21 e5 21 e5 21 e5 21 e5 21 e5 21 e5 21 e5 21 e5 21 e5 21 e5 21 e5 21 e5 21 e5 21 e5 21 e5 21 e5 21 e5 21 e5 21 e5 21 e5 21 e5 21 e5,True,True
G,50,2016,0.4,0.85,350.0,21 e5 21 e5 21 e5 21 e5 21 e5 21 e5 21 e5 21 e5 21 e5 21 e5 21 e5 21 e5 21 e5 21 e5 21 e5 21 e5 21 e5 21 e5 21 e5 21 e5 21 e5 21 e5 21 e5 21 e5 21 e5,True,True
G,50,2016,0.5,0.65,350.0,21 e5 21 e5 21 e5 21 e5 21 e5 21 e5 21 e5 21 e5 21 e5 21 e5 21 e5 21 e5 21 e5 21 e5 21 e5 21 e5 21 e5 21 e5 21 e5 21 e5 21 e5 21 e5 21 e5 21 e5 21 e5,True,True
G,50,2016,0.5,0.75,350.0,21 e5 21 e5 21 e5 21 e5 21 e5 21 e5 21 e5 21 e5 21 e5 21 e5 21 e5 21 e5 21 e5 21 e5 21 e5 21 e5 21 e5 21 e5 21 e5 21 e5 21 e5 21 e5 21 e5 21 e5 21 e5,True,True
G,50,2016,0.5,0.85,350.0,21 e5 21 e5 21 e5 21 e5 21 e5 21 e5 21 e5 21 e5 21 e5 21 e5 21 e5 21 e5 21 e5 21 e5 21 e5 21 e5 21 e5 21 e5 21 e5 21 e5 21 e5 21 e5 21 e5 21 e5 21 e5,True,True
G,50,2016,0.6,0.65,350.0,21 e5 21 e5 21 e5 21 e5 21 e5 21 e5 21 e5 21 e5 21 e5 21 e5 21 e5 21 e5 21 e5 21 e5 21 e5 21 e5 21 e5 21 e5 21 e5 21 e5 21 e5 21 e5 21 e5 21 e5 21 e5,True,True
G,50,2016,0.6,0.75,350.0,21 e5 21 e5 21 e5 21 e5 21 e5 21 e5 21 e5 21 e5 21 e5 21 e5 21 e5 21 e5 21 e5 21 e5 21 e5 21 e5 21 e5 21 e5 21 e5 21 e5 21 e5 21 e5 21 e5 21 e5 21 e5,True,True
G,50,2016,0.6,0.85,350.0,21 e5 21 e5 21 e5 21 e5 21 e5 21 e5 21 e5 21 e5 21 e5 21 e5 21 e5 21 e5 21 e5 21 e5 21 e5 21 e5 21 e5 21 e5 21 e5 21 e5 21 e5 21 e5 21 e5 21 e5 21 e5,True,True
G,50,2017,0.2,0.65,800.0,01 c5 01 c5 01 c5 01 c5 01 c5 01 c5 01 c5 01 c5 01 c5 01 c5 01 c5 01 c5 01 c5 01 c5 01 c5 01 c5 01 c5 01 c5 01 c5 01 c5 01 c5 01 c5 01 c5 01 c5 01 c5,True,True
G,50,2017,0.2,0.75,800.0,01 c5 01 c5 01 c5 01 c5 01 c5 01 c5 01 c5 01 c5 01 c5 01 c5 01 c5 01 c5 01 c5 01 c5 01 c5 01 c5 01 c5 01 c5 01 c5 01 c5 01 c5 01 c5 01 c5 01 c5 01 c5,True,True
G,50,2017,0.2,0.85,800.0,01 c5 01 c5 01 c5 01 c5 01 c5 01 c5 01 c5 01 c5 01 c5 01 c5 01 c5 01 c5 01 c5 01 c5 01 c5 01 c5 01 c5 01 c5 01 c5 01 c5 01 c5 01 c5 01 c5 01 c5 01 c5,True,True
G,50,2017,0.3,0.65,800.0,01 c5 01 c5 01 c5 01 c5 01 c5 01 c5 01 c5 01 c5 01 c5 01 c5 01 c5 01 c5 01 c5 01 c5 01 c5 01 c5 01 c5 01 c5 01 c5 01 c5 01 c5 01 c5 01 c5 01 c5 01 c5,True,True
G,50,2017,0.3,0.75,800.0,01 c5 01 c5 01 c5 01 c5 01 c5 01 c5 01 c5 01 c5 01 c5 01 c5 01 c5 01 c5 01 c5 01 c5 01 c5 01 c5 01 c5 01 c5 01 c5 01 c5 01 c5 01 c5 01 c5 01 c5 01 c5,True,True
G,50,2017,0.3,0.85,800.0,01 c5 01 c5 01 c5 01 c5 01 c5 01 c5 01 c5 01 c5 01 c5 01 c5 01 c5 01 c5 01 c5 01 c5 01 c5 01 c5 01 c5 01 c5 01 c5 01 c5 01 c5 01 c5 01 c5 01 c5 01 c5,True,True
G,50,2017,0.4,0.65,800.0,01 c5 01 c5 01 c5 01 c5 01 c5 01 c5 01 c5 01 c5 01 c5 01 c5 01 c5 01 c5 01 c5 01 c5 01 c5 01 c5 01 c5 01 c5 01 c5 01 c5 01 c5 01 c5 01 c5 01 c5 01 c5,True,True
G,50,2017,0.4,0.75,800.0,01 c5 01 c5 01 c5 01 c5 01 c5 01 c5 01 c5 01 c5 01 c5 01 c5 01 c5 01 c5 01 c5 01 c5 01 c5 01 c5 01 c5 01 c5 01 c5 01 c5 01 c5 01 c5 01 c5 01 c5 01 c5,True,True
G,50,2017,0.4,0.85,800.0,01 c5 01 c5 01 c5 01 c5 01 c5 01 c5 01 c5 01 c5 01 c5 01 c5 01 c5 01 c5 01 c5 01 c5 01 c5 01 c5 01 c5 01 c5 01 c5 01 c5 01 c5 01 c5 01 c5 01 c5 01 c5,True,True
G,50,2017,0.5,0.65,800.0,01 c5 01 c5 01 c5 01 c5 01 c5 01 c5 01 c5 01 c5 01 c5 01 c5 01 c5 01 c5 01 c5 01 c5 01 c5 01 c5 01 c5 01 c5 01 c5 01 c5 01 c5 01 c5 01 c5 01 c5 01 c5,True,True
G,50,2017,0.5,0.75,800.0,01 c5 01 c5 01 c5 01 c5 01 c5 01 c5 01 c5 01 c5 01 c5 01 c5 01 c5 01 c5 01 c5 01 c5 01 c5 01 c5 01 c5 01 c5 01 c5 01 c5 01 c5 01 c5 01 c5 01 c5 01 c5,True,True
G,50,2017,0.5,0.85,800.0,01 c5 01 c5 01 c5 01 c5 01 c5 01 c5 01 c5 01 c5 01 c5 01 c5 01 c5 01 c5 01 c5 01 c5 01 c5 01 c5 01 c5 01 c5 01 c5 01 c5 01 c5 01 c5 01 c5 01 c5 01 c5,True,True
G,50,2017,0.6,0.65,5500.0,01 c5 01 c5 01 c5 01 c5 01 18 f0 c5 01 c5 01 c5 01 c5 01 c5 01 c5 01 18 f0 c5 01 c5 01 c5 01 c5 01 c5 01 c5 01 18 f0 c5 01 c5 01 c5 01 c5 01 c5 01 c5,True,False
G,50,2017,0.6,0.75,5500.0,01 c5 01 c5 01 c5 01 c5 01 18 f0 c5 01 c5 01 c5 01 c5 01 c5 01 c5 01 18 f0 c5 01 c5 01 c5 01 c5 01 c5 01 c5 01 18 f0 c5 01 c5 01 c5 01 c5 01 c5 01 c5,True,False
G,50,2017,0.6,0.85,5500.0,01 c5 01 c5 01 c5 01 c5 01 18 f0 c5 01 c5 01 c5 01 c5 01 c5 01 c5 01 18 f0 c5 01 c5 01 c5 01 c5 01 c5 01 c5 01 18 f0 c5 01 c5 01 c5 01 c5 01 c5 01 c5,True,False
G,50,2018,0.2,0.65,2100.0,21 e5 21 e5 21 e5 21 e5 21 e5 21 e5 21 e5 21 e5 21 e5 21 e5 21 e5 21 e5 21 e5 21 e5 21 e5 21 e5 21 e5 21 e5 21 e5 21 e5 21 e5 21 e5 21 e5 21 e5 21 e5,True,True
G,50,2018,0.2,0.75,2100.0,21 e5 21 e5 21 e5 21 e5 21 e5 21 e5 21 e5 21 e5 21 e5 21 e5 21 e5 21 e5 21 e5 21 e5 21 e5 21 e5 21 e5 21 e5 21 e5 21 e5 21 e5 21 e5 21 e5 21 e5 21 e5,True,True
G,50,2018,0.2,0.85,2100.0,21 e5 21 e5 21 e5 21 e5 21 e5 21 e5 21 e5 21 e5 21 e5 21 e5 21 e5 21 e5 21 e5 21 e5 21 e5 21 e5 21 e5 21 e5 21 e5 21 e5 21 e5 21 e5 21 e5 21 e5 21 e5,True,True
G,50,2018,0.3,0.65,2100.0,21 e5 21 e5 21 e5 21 e5 21 e5 21 e5 21 e5 21 e5 21 e5 21 e5 21 e5 21 e5 21 e5 21 e5 21 e5 21 e5 21 e5 21 e5 21 e5 21 e5 21 e5 21 e5 21 e5 21 e5 21 e5,True,True
G,50,2018,0.3,0.75,2100.0,21 e5 21 e5 21 e5 21 e5 21 e5 21 e5 21 e5 21 e5 21 e5 21 e5 21 e5 21 e5 21 e5 21 e5 21 e5 21 e5 21 e5 21 e5 21 e5 21 e5 21 e5 21 e5 21 e5 21 e5 21 e5,True,True
G,50,2018,0.3,0.85,2100.0,21 e5 21 e5 21 e5 21 e5 21 e5 21 e5 21 e5 21 e5 21 e5 21 e5 21 e5 21 e5 21 e5 21 e5 21 e5 21 e5 21 e5 21 e5 21 e5 21 e5 21 e5 21 e5 21 e5 21 e5 21 e5,True,True
G,50,2018,0.4,0.65,2100.0,21 e5 21 e5 21 e5 21 e5 21 e5 21 e5 21 e5 21 e5 21 e5 21 e5 21 e5 21 e5 21 e5 21 e5 21 e5 21 e5 21 e5 21 e5 21 e5 21 e5 21 e5 21 e5 21 e5 21 e5 21 e5,True,True
G,50,2018,0.4,0.75,2100.0,21 e5 21 e5 21 e5 21 e5 21 e5 21 e5 21 e5 21 e5 21 e5 21 e5 21 e5 21 e5 21 e5 21 e5 21 e5 21 e5 21 e5 21 e5 21 e5 21 e5 21 e5 21 e5 21 e5 21 e5 21 e5,True,True
G,50,2018,0.4,0.85,2100.0,21 e5 21 e5 21 e5 21 e5 21 e5 21 e5 21 e5 21 e5 21 e5 21 e5 21 e5 21 e5 21 e5 21 e5 21 e5 21 e5 21 e5 21 e5 21 e5 21 e5 21 e5 21 e5 21 e5 21 e5 21 e5,True,True
G,50,2018,0.5,0.65,2100.0,21 e5 21 e5 21 e5 21 e5 21 e5 21 e5 21 e5 21 e5 21 e5 21 e5 21 e5 21 e5 21 e5 21 e5 21 e5 21 e5 21 e5 21 e5 21 e5 21 e5 21 e5 21 e5 21 e5 21 e5 21 e5,True,True
G,50,2018,0.5,0.75,2100.0,21 e5 21 e5 21 e5 21 e5 21 e5 21 e5 21 e5 21 e5 21 e5 21 e5 21 e5 21 e5 21 e5 21 e5 21 e5 21 e5 21 e5 21 e5 21 e5 21 e5 21 e5 21 e5 21 e5 21 e5 21 e5,True,True
G,50,2018,0.5,0.85,2100.0,21 e5 21 e5 21 e5 21 e5 21 e5 21 e5 21 e5 21 e5 21 e5 21 e5 21 e5 21 e5 21 e5 21 e5 21 e5 21 e5 21 e5 21 e5 21 e5 21 e5 21 e5 21 e5 21 e5 21 e5 21 e5,True,True
G,50,2018,0.6,0.65,2100.0,21 e5 21 e5 21 e5 21 e5 21 e5 21 e5 21 e5 21 e5 21 e5 21 e5 21 e5 21 e5 21 e5 21 e5 21 e5 21 e5 21 e5 21 e5 21 e5 21 e5 21 e5 21 e5 21 e5 21 e5 21 e5,True,True
G,50,2018,0.6,0.75,2100.0,21 e5 21 e5 21 e5 21 e5 21 e5 21 e5 21 e5 21 e5 21 e5 21 e5 21 e5 21 e5 21 e5 21 e5 21 e5 21 e5 21 e5 21 e5 21 e5 21 e5 21 e5 21 e5 21 e5 21 e5 21 e5,True,True
G,50,2018,0.6,0.85,2100.0,21 e5 21 e5 21 e5 21 e5 21 e5 21 e5 21 e5 21 e5 21 e5 21 e5 21 e5 21 e5 21 e5 21 e5 21 e5 21 e5 21 e5 21 e5 21 e5 21 e5 21 e5 21 e5 21 e5 21 e5 21 e5,True,True
G,50,2019,0.2,0.65,550.0,01 c5 01 c5 01 c5 01 c5 01 c5 01 c5 01 c5 01 c5 01 c5 01 c5 01 c5 01 c5 01 c5 01 c5 01 c5 01 c5 01 c5 01 c5 01 c5 01 c5 01 c5 01 c5 01 c5 01 c5 01 c5,True,True
G,50,2019,0.2,0.75,550.0,01 c5 01 c5 01 c5 01 c5 01 c5 01 c5 01 c5 01 c5 01 c5 01 c5 01 c5 01 c5 01 c5 01 c5 01 c5 01 c5 01 c5 01 c5 01 c5 01 c5 01 c5 01 c5 01 c5 01 c5 01 c5,True,True
G,50,2019,0.2,0.85,550.0,01 c5 01 c5 01 c5 01 c5 01 c5 01 c5 01 c5 01 c5 01 c5 01 c5 01 c5 01 c5 01 c5 01 c5 01 c5 01 c5 01 c5 01 c5 01 c5 01 c5 01 c5 01 c5 01 c5 01 c5 01 c5,True,True
G,50,2019,0.3,0.65,550.0,01 c5 01 c5 01 c5 01 c5 01 c5 01 c5 01 c5 01 c5 01 c5 01 c5 01 c5 01 c5 01 c5 01 c5 01 c5 01 c5 01 c5 01 c5 01 c5 01 c5 01 c5 01 c5 01 c5 01 c5 01 c5,True,True
G,50,2019,0.3,0.75,550.0,01 c5 01 c5 01 c5 01 c5 01 c5 01 c5 01 c5 01 c5 01 c5 01 c5 01 c5 01 c5 01 c5 01 c5 01 c5 01 c5 01 c5 01 c5 01 c5 01 c5 01 c5 01 c5 01 c5 01 c5 01 c5,True,True
G,50,2019,0.3,0.85,550.0,01 c5 01 c5 01 c5 01 c5 01 c5 01 c5 01 c5 01 c5 01 c5 01 c5 01 c5 01 c5 01 c5 01 c5 01 c5 01 c5 01 c5 01 c5 01 c5 01 c5 01 c5 01 c5 01 c5 01 c5 01 c5,True,True
G,50,2019,0.4,0.65,550.0,01 c5 01 c5 01 c5 01 c5 01 c5 01 c5 01 c5 01 c5 01 c5 01 c5 01 c5 01 c5 01 c5 01 c5 01 c5 01 c5 01 c5 01 c5 01 c5 01 c5 01 c5 01 c5 01 c5 01 c5 01 c5,True,True
G,50,2019,0.4,0.75,550.0,01 c5 01 c5 01 c5 01 c5 01 c5 01 c5 01 c5 01 c5 01 c5 01 c5 01 c5 01 c5 01 c5 01 c5 01 c5 01 c5 01 c5 01 c5 01 c5 01 c5 01 c5 01 c5 01 c5 01 c5 01 c5,True,True
G,50,2019,0.4,0.85,550.0,01 c5 01 c5 01 c5 01 c5 01 c5 01 c5 01 c5 01 c5 01 c5 01 c5 01 c5 01 c5 01 c5 01 c5 01 c5 01 c5 01 c5 01 c5 01 c5 01 c5 01 c5 01 c5 01 c5 01 c5 01 c5,True,True
G,50,2019,0.5,0.65,550.0,01 c5 01 c5 01 c5 01 c5 01 c5 01 c5 01 c5 01 c5 01 c5 01 c5 01 c5 01 c5 01 c5 01 c5 01 c5 01 c5 01 c5 01 c5 01 c5 01 c5 01 c5 01 c5 01 c5 01 c5 01 c5,True,True
G,50,2019,0.5,0.75,550.0,01 c5 01 c5 01 c5 01 c5 01 c5 01 c5 01 c5 01 c5 01 c5 01 c5 01 c5 01 c5 01 c5 01 c5 01 c5 01 c5 01 c5 01 c5 01 c5 01 c5 01 c5 01 c5 01 c5 01 c5 01 c5,True,True
G,50,2019,0.5,0.85,550.0,01 c5 01 c5 01 c5 01 c5 01 c5 01 c5 01 c5 01 c5 01 c5 01 c5 01 c5 01 c5 01 c5 01 c5 01 c5 01 c5 01 c5 01 c5 01 c5 01 c5 01 c5 01 c5 01 c5 01 c5 01 c5,True,True
G,50,2019,0.6,0.65,2600.0,11 d5 11 d5 11 d5 11 d5 11 18 f0 d5 11 d5 11 d5 11 d5 11 d5 11 d5 11 18 f0 d5 11 d5 11 d5 11 d5 11 d5 11 d5 11 18 f0 d5 11 d5 11 d5 11 d5 11 d5 11 d5,True,False
G,50,2019,0.6,0.75,2600.0,11 d5 11 d5 11 d5 11 d5 11 18 f0 d5 11 d5 11 d5 11 d5 11 d5 11 d5 11 18 f0 d5 11 d5 11 d5 11 d5 11 d5 11 d5 11 18 f0 d5 11 d5 11 d5 11 d5 11 d5 11 d5,True,False
G,50,2019,0.6,0.85,2600.0,11 d5 11 d5 11 d5 11 d5 11 18 f0 d5 11 d5 11 d5 11 d5 11 d5 11 d5 11 18 f0 d5 11 d5 11 d5 11 d5 11 d5 11 d5 11 18 f0 d5 11 d5 11 d5 11 d5 11 d5 11 d5,True,False
G,50,2020,0.2,0.65,650.0,01 c5 01 c5 01 c5 01 c5 01 c5 01 c5 01 c5 01 c5 01 c5 01 c5 01 c5 01 c5 01 c5 01 c5 01 c5 01 c5 01 c5 01 c5 01 c5 01 c5 01 c5 01 c5 01 c5 01 c5 01 c5,True,True
G,50,2020,0.2,0.75,650.0,01 c5 01 c5 01 c5 01 c5 01 c5 01 c5 01 c5 01 c5 01 c5 01 c5 01 c5 01 c5 01 c5 01 c5 01 c5 01 c5 01 c5 01 c5 01 c5 01 c5 01 c5 01 c5 01 c5 01 c5 01 c5,True,True
G,50,2020,0.2,0.85,650.0,01 c5 01 c5 01 c5 01 c5 01 c5 01 c5 01 c5 01 c5 01 c5 01 c5 01 c5 01 c5 01 c5 01 c5 01 c5 01 c5 01 c5 01 c5 01 c5 01 c5 01 c5 01 c5 01 c5 01 c5 01 c5,True,True
G,50,2020,0.3,0.65,650.0,01 c5 01 c5 01 c5 01 c5 01 c5 01 c5 01 c5 01 c5 01 c5 01 c5 01 c5 01 c5 01 c5 01 c5 01 c5 01 c5 01 c5 01 c5 01 c5 01 c5 01 c5 01 c5 01 c5 01 c5 01 c5,True,True
G,50,2020,0.3,0.75,650.0,01 c5 01 c5 01 c5 01 c5 01 c5 01 c5 01 c5 01 c5 01 c5 01 c5 01 c5 01 c5 01 c5 01 c5 01 c5 01 c5 01 c5 01 c5 01 c5 01 c5 01 c5 01 c5 01 c5 01 c5 01 c5,True,True
G,50,2020,0.3,0.85,650.0,01 c5 01 c5 01 c5 01 c5 01 c5 01 c5 01 c5 01 c5 01 c5 01 c5 01 c5 01 c5 01 c5 01 c5 01 c5 01 c5 01 c5 01 c5 01 c5 01 c5 01 c5 01 c5 01 c5 01 c5 01 c5,True,True
G,50,2020,0.4,0.65,650.0,01 c5 01 c5 01 c5 01 c5 01 c5 01 c5 01 c5 01 c5 01 c5 01 c5 01 c5 01 c5 01 c5 01 c5 01 c5 01 c5 01 c5 01 c5 01 c5 01 c5 01 c5 01 c5 01 c5 01 c5 01 c5,True,True
G,50,2020,0.4,0.75,650.0,01 c5 01 c5 01 c5 01 c5 01 c5 01 c5 01 c5 01 c5 01 c5 01 c5 01 c5 01 c5 01 c5 01 c5 01 c5 01 c5 01 c5 01 c5 01 c5 01 c5 01 c5 01 c5 01 c5 01 c5 01 c5,True,True
G,50,2020,0.4,0.85,650.0,01 c5 01 c5 01 c5 01 c5 01 c5 01 c5 01 c5 01 c5 01 c5 01 c5 01 c5 01 c5 01 c5 01 c5 01 c5 01 c5 01 c5 01 c5 01 c5 01 c5 01 c5 01 c5 01 c5 01 c5 01 c5,True,True
G,50,2020,0.5,0.65,650.0,01 c5 01 c5 01 c5 01 c5 01 c5 01 c5 01 c5 01 c5 01 c5 01 c5 01 c5 01 c5 01 c5 01 c5 01 c5 01 c5 01 c5 01 c5 01 c5 01 c5 01 c5 01 c5 01 c5 01 c5 01 c5,True,True
G,50,2020,0.5,0.75,650.0,01 c5 01 c5 01 c5 01 c5 01 c5 01 c5 01 c5 01 c5 01 c5 01 c5 01 c5 01 c5 01 c5 01 c5 01 c5 01 c5 01 c5 01 c5 01 c5 01 c5 01 c5 01 c5 01 c5 01 c5 01 c5,True,True
G,50,2020,0.5,0.85,650.0,01 c5 01 c5 01 c5 01 c5 01 c5 01 c5 01 c5 01 c5 01 c5 01 c5 01 c5 01 c5 01 c5 01 c5 01 c5 01 c5 01 c5 01 c5 01 c5 01 c5 01 c5 01 c5 01 c5 01 c5 01 c5,True,True
G,50,2020,0.6,0.65,1400.0,21 e5 21 e5 21 e5 21 e5 21 e5 21 e5 21 e5 21 e5 21 e5 21 e5 21 e5 21 e5 21 e5 21 e5 21 e5 21 e5 21 e5 21 e5 21 e5 21 e5 21 e5 21 e5 21 e5 21 e5 21 e5,True,True
G,50,2020,0.6,0.75,1400.0,21 e5 21 e5 21 e5 21 e5 21 e5 21 e5 21 e5 21 e5 21 e5 21 e5 21 e5 21 e5 21 e5 21 e5 21 e5 21 e5 21 e5 21 e5 21 e5 21 e5 21 e5 21 e5 21 e5 21 e5 21 e5,True,True
G,50,2020,0.6,0.85,1400.0,21 e5 21 e5 21 e5 21 e5 21 e5 21 e5 21 e5 21 e5 21 e5 21 e5 21 e5 21 e5 21 e5 21 e5 21 e5 21 e5 21 e5 21 e5 21 e5 21 e5 21 e5 21 e5 21 e5 21 e5 21 e5,True,True
G,64,2001,0.2,0.65,900.0,01 c5 01 c5 01 c5 01 c5 01 c5 01 c5 01 c5 01 c5 01 c5 01 c5 01 c5 01 c5 01 c5 01 c5 01 c5 01 c5 01 c5 01 c5 01 c5 01 c5 01 c5 01 c5 01 c5 01 c5 01 c5 01 c5 01 c5 01 c5 01 c5 01 c5 01 c5 01 c5,True,True
G,64,2001,0.2,0.75,900.0,01 c5 01 c5 01 c5 01 c5 01 c5 01 c5 01 c5 01 c5 01 c5 01 c5 01 c5 01 c5 01 c5 01 c5 01 c5 01 c5 01 c5 01 c5 01 c5 01 c5 01 c5 01 c5 01 c5 01 c5 01 c5 01 c5 01 c5 01 c5 01 c5 01 c5 01 c5 01 c5,True,True
G,64,2001,0.2,0.85,900.0,01 c5 01 c5 01 c5 01 c5 01 c5 01 c5 01 c5 01 c5 01 c5 01 c5 01 c5 01 c5 01 c5 01 c5 01 c5 01 c5 01 c5 01 c5 01 c5 01 c5 01 c5 01 c5 01 c5 01 c5 01 c5 01 c5 01 c5 01 c5 01 c5 01 c5 01 c5 01 c5,True,True
G,64,2001,0.3,0.65,900.0,01 c5 01 c5 01 c5 01 c5 01 c5 01 c5 01 c5 01 c5 01 c5 01 c5 01 c5 01 c5 01 c5 01 c5 01 c5 01 c5 01 c5 01 c5 01 c5 01 c5 01 c5 01 c5 01 c5 01 c5 01 c5 01 c5 01 c5 01 c5 01 c5 01 c5 01 c5 01 c5,True,True
G,64,2001,0.3,0.75,900.0,01 c5 01 c5 01 c5 01 c5 01 c5 01 c5 01 c5 01 c5 01 c5 01 c5 01 c5 01 c5 01 c5 01 c5 01 c5 01 c5 01 c5 01 c5 01 c5 01 c5 01 c5 01 c5 01 c5 01 c5 01 c5 01 c5 01 c5 01 c5 01 c5 01 c5 01 c5 01 c5,True,True
G,64,2001,0.3,0.85,900.0,01 c5 01 c5 01 c5 01 c5 01 c5 01 c5 01 c5 01 c5 01 c5 01 c5 01 c5 01 c5 01 c5 01 c5 01 c5 01 c5 01 c5 01 c5 01 c5 01 c5 01 c5 01 c5 01 c5 01 c5 01 c5 01 c5 01 c5 01 c5 01 c5 01 c5 01 c5 01 c5,True,True
G,64,2001,0.4,0.65,900.0,01 c5 01 c5 01 c5 01 c5 01 c5 01 c5 01 c5 01 c5 01 c5 01 c5 01 c5 01 c5 01 c5 01 c5 01 c5 01 c5 01 c5 01 c5 01 c5 01 c5 01 c5 01 c5 01 c5 01 c5 01 c5 01 c5 01 c5 01 c5 01 c5 01 c5 01 c5 01 c5,True,True
G,64,2001,0.4,0.75,900.0,01 c5 01 c5 01 c5 01 c5 01 c5 01 c5 01 c5 01 c5 01 c5 01 c5 01 c5 01 c5 01 c5 01 c5 01 c5 01 c5 01 c5 01 c5 01 c5 01 c5 01 c5 01 c5 01 c5 01 c5 01 c5 01 c5 01 c5 01 c5 01 c5 01 c5 01 c5 01 c5,True,True
G,64,2001,0.4,0.85,900.0,01 c5 01 c5 01 c5 01 c5 01 c5 01 c5 01 c5 01 c5 01 c5 01 c5 01 c5 01 c5 01 c5 01 c5 01 c5 01 c5 01 c5 01 c5 01 c5 01 c5 01 c5 01 c5 01 c5 01 c5 01 c5 01 c5 01 c5 01 c5 01 c5 01 c5 01 c5 01 c5,True,True
G,64,2001,0.5,0.65,900.0,01 c5 01 c5 01 c5 01 c5 01 c5 01 c5 01 c5 01 c5 01 c5 01 c5 01 c5 01 c5 01 c5 01 c5 01 c5 01 c5 01 c5 01 c5 01 c5 01 c5 01 c5 01 c5 01 c5 01 c5 01 c5 01 c5 01 c5 01 c5 01 c5 01 c5 01 c5 01 c5,True,True
G,64,2001,0.5,0.75,900.0,01 c5 01 c5 01 c5 01 c5 01 c5 01 c5 01 c5 01 c5 01 c5 01 c5 01 c5 01 c5 01 c5 01 c5 01 c5 01 c5 01 c5 01 c5 01 c5 01 c5 01 c5 01 c5 01 c5 01 c5 01 c5 01 c5 01 c5 01 c5 01 c5 01 c5 01 c5 01 c5,True,True
G,64,2001,0.5,0.85,900.0,01 c5 01 c5 01 c5 01 c5 01 c5 01 c5 01 c5 01 c5 01 c5 01 c5 01 c5 01 c5 01 c5 01 c5 01 c5 01 c5 01 c5 01 c5 01 c5 01 c5 01 c5 01 c5 01 c5 01 c5 01 c5 01 c5 01 c5 01 c5 01 c5 01 c5 01 c5 01 c5,True,True
G,64,2001,0.6,0.65,900.0,01 c5 01 c5 01 c5 01 c5 01 c5 01 c5 01 c5 01 c5 01 c5 01 c5 01 c5 01 c5 01 c5 01 c5 01 c5 01 c5 01 c5 01 c5 01 c5 01 c5 01 c5 01 c5 01 c5 01 c5 01 c5 01 c5 01 c5 01 c5 01 c5 01 c5 01 c5 01 c5,True,True
G,64,2001,0.6,0.75,900.0,01 c5 01 c5 01 c5 01 c5 01 c5 01 c5 01 c5 01 c5 01 c5 01 c5 01 c5 01 c5 01 c5 01 c5 01 c5 01 c5 01 c5 01 c5 01 c5 01 c5 01 c5 01 c5 01 c5 01 c5 01 c5 01 c5 01 c5 01 c5 01 c5 01 c5 01 c5 01 c5,True,True
G,64,2001,0.6,0.85,900.0,01 c5 01 c5 01 c5 01 c5 01 c5 01 c5 01 c5 01 c5 01 c5 01 c5 01 c5 01 c5 01 c5 01 c5 01 c5 01 c5 01 c5 01 c5 01 c5 01 c5 01 c5 01 c5 01 c5 01 c5 01 c5 01 c5 01 c5 01 c5 01 c5 01 c5 01 c5 01 c5,True,True
G,64,2002,0.2,0.65,1050.0,21 e5 21 e5 21 e5 21 e5 21 e5 21 e5 21 e5 21 e5 21 e5 21 e5 21 e5 21 e5 21 e5 21 e5 21 e5 21 e5 21 e5 21 e5 21 e5 21 e5 21 e5 21 e5 21 e5 21 e5 21 e5 21 e5 21 e5 21 e5 21 e5 21 e5 21 e5 21 e5,True,True
G,64,2002,0.2,0.75,1050.0,21 e5 21 e5 21 e5 21 e5 21 e5 21 e5 21 e5 21 e5 21 e5 21 e5 21 e5 21 e5 21 e5 21 e5 21 e5 21 e5 21 e5 21 e5 21 e5 21 e5 21 e5 21 e5 21 e5 21 e5 21 e5 21 e5 21 e5 21 e5 21 e5 21 e5 21 e5 21 e5,True,True
G,64,2002,0.2,0.85,1050.0,21 e5 21 e5 21 e5 21 e5 21 e5 21 e5 21 e5 21 e5 21 e5 21 e5 21 e5 21 e5 21 e5 21 e5 21 e5 21 e5 21 e5 21 e5 21 e5 21 e5 21 e5 21 e5 21 e5 21 e5 21 e5 21 e5 21 e5 21 e5 21 e5 21 e5 21 e5 21 e5,True,True
G,64,2002,0.3,0.65,1050.0,21 e5 21 e5 21 e5 21 e5 21 e5 21 e5 21 e5 21 e5 21 e5 21 e5 21 e5 21 e5 21 e5 21 e5 21 e5 21 e5 21 e5 21 e5 21 e5 21 e5 21 e5 21 e5 21 e5 21 e5 21 e5 21 e5 21 e5 21 e5 21 e5 21 e5 21 e5 21 e5,True,True
G,64,2002,0.3,0.75,1050.0,21 e5 21 e5 21 e5 21 e5 21 e5 21 e5 21 e5 21 e5 21 e5 21 e5 21 e5 21 e5 21 e5 21 e5 21 e5 21 e5 21 e5 21 e5 21 e5 21 e5 21 e5 21 e5 21 e5 21 e5 21 e5 21 e5 21 e5 21 e5 21 e5 21 e5 21 e5 21 e5,True,True
G,64,2002,0.3,0.85,1050.0,21 e5 21 e5 21 e5 21 e5 21 e5 21 e5 21 e5 21 e5 21 e5 21 e5 21 e5 21 e5 21 e5 21 e5 21 e5 21 e5 21 e5 21 e5 21 e5 21 e5 21 e5 21 e5 21 e5 21 e5 21 e5 21 e5 21 e5 21 e5 21 e5 21 e5 21 e5 21 e5,True,True
G,64,2002,0.4,0.65,1050.0,21 e5 21 e5 21 e5 21 e5 21 e5 21 e5 21 e5 21 e5 21 e5 21 e5 21 e5 21 e5 21 e5 21 e5 21 e5 21 e5 21 e5 21 e5 21 e5 21 e5 21 e5 21 e5 21 e5 21 e5 21 e5 21 e5 21 e5 21 e5 21 e5 21 e5 21 e5 21 e5,True,True
G,64,2002,0.4,0.75,1050.0,21 e5 21 e5 21 e5 21 e5 21 e5 21 e5 21 e5 21 e5 21 e5 21 e5 21 e5 21 e5 21 e5 21 e5 21 e5 21 e5 21 e5 21 e5 21 e5 21 e5 21 e5 21 e5 21 e5 21 e5 21 e5 21 e5 21 e5 21 e5 21 e5 21 e5 21 e5 21 e5,True,True
G,64,2002,0.4,0.85,1050.0,21 e5 21 e5 21 e5 21 e5 21 e5 21 e5 21 e5 21 e5 21 e5 21 e5 21 e5 21 e5 21 e5 21 e5 21 e5 21 e5 21 e5 21 e5 21 e5 21 e5 21 e5 21 e5 21 e5 21 e5 21 e5 21 e5 21 e5 21 e5 21 e5 21 e5 21 e5 21 e5,True,True
G,64,2002,0.5,0.65,1050.0,21 e5 21 e5 21 e5 21 e5 21 e5 21 e5 21 e5 21 e5 21 e5 21 e5 21 e5 21 e5 21 e5 21 e5 21 e5 21 e5 21 e5 21 e5 21 e5 21 e5 21 e5 21 e5 21 e5 21 e5 21 e5 21 e5 21 e5 21 e5 21 e5 21 e5 21 e5 21 e5,True,True
G,64,2002,0.5,0.75,1050.0,21 e5 21 e5 21 e5 21 e5 21 e5 21 e5 21 e5 21 e5 21 e5 21 e5 21 e5 21 e5 21 e5 21 e5 21 e5 21 e5 21 e5 21 e5 21 e5 21 e5 21 e5 21 e5 21 e5 21 e5 21 e5 21 e5 21 e5 21 e5 21 e5 21 e5 21 e5 21 e5,True,True
G,64,2002,0.5,0.85,1050.0,21 e5 21 e5 21 e5 21 e5 21 e5 21 e5 21 e5 21 e5 21 e5 21 e5 21 e5 21 e5 21 e5 21 e5 21 e5 21 e5 21 e5 21 e5 21 e5 21 e5 21 e5 21 e5 21 e5 21 e5 21 e5 21 e5 21 e5 21 e5 21 e5 21 e5 21 e5 21 e5,True,True
G,64,2002,0.6,0.65,1050.0,21 e5 21 e5 21 e5 21 e5 21 e5 21 e5 21 e5 21 e5 21 e5 21 e5 21 e5 21 e5 21 e5 21 e5 21 e5 21 e5 21 e5 21 e5 21 e5 21 e5 21 e5 21 e5 21 e5 21 e5 21 e5 21 e5 21 e5 21 e5 21 e5 21 e5 21 e5 21 e5,True,True
G,64,2002,0.6,0.75,1050.0,21 e5 21 e5 21 e5 21 e5 21 e5 21 e5 21 e5 21 e5 21 e5 21 e5 21 e5 21 e5 21 e5 21 e5 21 e5 21 e5 21 e5 21 e5 21 e5 21 e5 21 e5 21 e5 21 e5 21 e5 21 e5 21 e5 21 e5 21 e5 21 e5 21 e5 21 e5 21 e5,True,True
G,64,2002,0.6,0.85,1050.0,21 e5 21 e5 21 e5 21 e5 21 e5 21 e5 21 e5 21 e5 21 e5 21 e5 21 e5 21 e5 21 e5 21 e5 21 e5 21 e5 21 e5 21 e5 21 e5 21 e5 21 e5 21 e5 21 e5 21 e5 21 e5 21 e5 21 e5 21 e5 21 e5 21 e5 21 e5 21 e5,True,True
G,64,2003,0.2,0.65,700.0,01 c5 01 c5 01 c5 01 c5 01 c5 01 c5 01 c5 01 c5 01 c5 01 c5 01 c5 01 c5 01 c5 01 c5 01 c5 01 c5 01 c5 01 c5 01 c5 01 c5 01 c5 01 c5 01 c5 01 c5 01 c5 01 c5 01 c5 01 c5 01 c5 01 c5 01 c5 01 c5,True,True
G,64,2003,0.2,0.75,700.0,01 c5 01 c5 01 c5 01 c5 01 c5 01 c5 01 c5 01 c5 01 c5 01 c5 01 c5 01 c5 01 c5 01 c5 01 c5 01 c5 01 c5 01 c5 01 c5 01 c5 01 c5 01 c5 01 c5 01 c5 01 c5 01 c5 01 c5 01 c5 01 c5 01 c5 01 c5 01 c5,True,True
G,64,2003,0.2,0.85,700.0,01 c5 01 c5 01 c5 01 c5 01 c5 01 c5 01 c5 01 c5 01 c5 01 c5 01 c5 01 c5 01 c5 01 c5 01 c5 01 c5 01 c5 01 c5 01 c5 01 c5 01 c5 01 c5 01 c5 01 c5 01 c5 01 c5 01 c5 01 c5 01 c5 01 c5 01 c5 01 c5,True,True
G,64,2003,0.3,0.65,700.0,01 c5 01 c5 01 c5 01 c5 01 c5 01 c5 01 c5 01 c5 01 c5 01 c5 01 c5 01 c5 01 c5 01 c5 01 c5 01 c5 01 c5 01 c5 01 c5 01 c5 01 c5 01 c5 01 c5 01 c5 01 c5 01 c5 01 c5 01 c5 01 c5 01 c5 01 c5 01 c5,True,True
G,64,2003,0.3,0.75,700.0,01 c5 01 c5 01 c5 01 c5 01 c5 01 c5 01 c5 01 c5 01 c5 01 c5 01 c5 01 c5 01 c5 01 c5 01 c5 01 c5 01 c5 01 c5 01 c5 01 c5 01 c5 01 c5 01 c5 01 c5 01 c5 01 c5 01 c5 01 c5 01 c5 01 c5 01 c5 01 c5,True,True
G,64,2003,0.3,0.85,700.0,01 c5 01 c5 01 c5 01 c5 01 c5 01 c5 01 c5 01 c5 01 c5 01 c5 01 c5 01 c5 01 c5 01 c5 01 c5 01 c5 01 c5 01 c5 01 c5 01 c5 01 c5 01 c5 01 c5 01 c5 01 c5 01 c5 01 c5 01 c5 01 c5 01 c5 01 c5 01 c5,True,True
G,64,2003,0.4,0.65,700.0,01 c5 01 c5 01 c5 01 c5 01 c5 01 c5 01 c5 01 c5 01 c5 01 c5 01 c5 01 c5 01 c5 01 c5 01 c5 01 c5 01 c5 01 c5 01 c5 01 c5 01 c5 01 c5 01 c5 01 c5 01 c5 01 c5 01 c5 01 c5 01 c5 01 c5 01 c5 01 c5,True,True
G,64,2003,0.4,0.75,700.0,01 c5 01 c5 01 c5 01 c5 01 c5 01 c5 01 c5 01 c5 01 c5 01 c5 01 c5 01 c5 01 c5 01 c5 01 c5 01 c5 01 c5 01 c5 01 c5 01 c5 01 c5 01 c5 01 c5 01 c5 01 c5 01 c5 01 c5 01 c5 01 c5 01 c5 01 c5 01 c5,True,True
G,64,2003,0.4,0.85,700.0,01 c5 01 c5 01 c5 01 c5 01 c5 01 c5 01 c5 01 c5 01 c5 01 c5 01 c5 01 c5 01 c5 01 c5 01 c5 01 c5 01 c5 01 c5 01 c5 01 c5 01 c5 01 c5 01 c5 01 c5 01 c5 01 c5 01 c5 01 c5 01 c5 01 c5 01 c5 01 c5,True,True
G,64,2003,0.5,0.65,700.0,01 c5 01 c5 01 c5 01 c5 01 c5 01 c5 01 c5 01 c5 01 c5 01 c5 01 c5 01 c5 01 c5 01 c5 01 c5 01 c5 01 c5 01 c5 01 c5 01 c5 01 c5 01 c5 01 c5 01 c5 01 c5 01 c5 01 c5 01 c5 01 c5 01 c5 01 c5 01 c5,True,True
G,64,2003,0.5,0.75,700.0,01 c5 01 c5 01 c5 01 c5 01 c5 01 c5 01 c5 01 c5 01 c5 01 c5 01 c5 01 c5 01 c5 01 c5 01 c5 01 c5 01 c5 01 c5 01 c5 01 c5 01 c5 01 c5 01 c5 01 c5 01 c5 01 c5 01 c5 01 c5 01 c5 01 c5 01 c5 01 c5,True,True
G,64,2003,0.5,0.85,700.0,01 c5 01 c5 01 c5 01 c5 01 c5 01 c5 01 c5 01 c5 01 c5 01 c5 01 c5 01 c5 01 c5 01 c5 01 c5 01 c5 01 c5 01 c5 01 c5 01 c5 01 c5 01 c5 01 c5 01 c5 01 c5 01 c5 01 c5 01 c5 01 c5 01 c5 01 c5 01 c5,True,True
G,64,2003,0.6,0.65,700.0,01 c5 01 c5 01 c5 01 c5 01 c5 01 c5 01 c5 01 c5 01 c5 01 c5 01 c5 01 c5 01 c5 01 c5 01 c5 01 c5 01 c5 01 c5 01 c5 01 c5 01 c5 01 c5 01 c5 01 c5 01 c5 01 c5 01 c5 01 c5 01 c5 01 c5 01 c5 01 c5,True,True
G,64,2003,0.6,0.75,700.0,01 c5 01 c5 01 c5 01 c5 01 c5 01 c5 01 c5 01 c5 01 c5 01 c5 01 c5 01 c5 01 c5 01 c5 01 c5 01 c5 01 c5 01 c5 01 c5 01 c5 01 c5 01 c5 01 c5 01 c5 01 c5 01 c5 01 c5 01 c5 01 c5 01 c5 01 c5 01 c5,True,True
G,64,2003,0.6,0.85,700.0,01 c5 01 c5 01 c5 01 c5 01 c5 01 c5 01 c5 01 c5 01 c5 01 c5 01 c5 01 c5 01 c5 01 c5 01 c5 01 c5 01 c5 01 c5 01 c5 01 c5 01 c5 01 c5 01 c5 01 c5 01 c5 01 c5 01 c5 01 c5 01 c5 01 c5 01 c5 01 c5,True,True
G,64,2004,0.2,0.65,750.0,01 c5 01 c5 01 c5 01 c5 01 c5 01 c5 01 c5 01 c5 01 c5 01 c5 01 c5 01 c5 01 c5 01 c5 01 c5 01 c5 01 c5 01 c5 01 c5 01 c5 01 c5 01 c5 01 c5 01 c5 01 c5 01 c5 01 c5 01 c5 01 c5 01 c5 01 c5 01 c5,True,True
G,64,2004,0.2,0.75,750.0,01 c5 01 c5 01 c5 01 c5 01 c5 01 c5 01 c5 01 c5 01 c5 01 c5 01 c5 01 c5 01 c5 01 c5 01 c5 01 c5 01 c5 01 c5 01 c5 01 c5 01 c5 01 c5 01 c5 01 c5 01 c5 01 c5 01 c5 01 c5 01 c5 01 c5 01 c5 01 c5,True,True
G,64,2004,0.2,0.85,750.0,01 c5 01 c5 01 c5 01 c5 01 c5 01 c5 01 c5 01 c5 01 c5 01 c5 01 c5 01 c5 01 c5 01 c5 01 c5 01 c5 01 c5 01 c5 01 c5 01 c5 01 c5 01 c5 01 c5 01 c5 01 c5 01 c5 01 c5 01 c5 01 c5 01 c5 01 c5 01 c5,True,True
G,64,2004,0.3,0.65,750.0,01 c5 01 c5 01 c5 01 c5 01 c5 01 c5 01 c5 01 c5 01 c5 01 c5 01 c5 01 c5 01 c5 01 c5 01 c5 01 c5 01 c5 01 c5 01 c5 01 c5 01 c5 01 c5 01 c5 01 c5 01 c5 01 c5 01 c5 01 c5 01 c5 01 c5 01 c5 01 c5,True,True
G,64,2004,0.3,0.75,750.0,01 c5 01 c5 01 c5 01 c5 01 c5 01 c5 01 c5 01 c5 01 c5 01 c5 01 c5 01 c5 01 c5 01 c5 01 c5 01 c5 01 c5 01 c5 01 c5 01 c5 01 c5 01 c5 01 c5 01 c5 01 c5 01 c5 01 c5 01 c5 01 c5 01 c5 01 c5 01 c5,True,True
G,64,2004,0.3,0.85,750.0,01 c5 01 c5 01 c5 01 c5 01 c5 01 c5 01 c5 01 c5 01 c5 01 c5 01 c5 01 c5 01 c5 01 c5 01 c5 01 c5 01 c5 01 c5 01 c5 01 c5 01 c5 01 c5 01 c5 01 c5 01 c5 01 c5 01 c5 01 c5 01 c5 01 c5 01 c5 01 c5,True,True
G,64,2004,0.4,0.65,750.0,01 c5 01 c5 01 c5 01 c5 01 c5 01 c5 01 c5 01 c5 01 c5 01 c5 01 c5 01 c5 01 c5 01 c5 01 c5 01 c5 01 c5 01 c5 01 c5 01 c5 01 c5 01 c5 01 c5 01 c5 01 c5 01 c5 01 c5 01 c5 01 c5 01 c5 01 c5 01 c5,True,True
G,64,2004,0.4,0.75,750.0,01 c5 01 c5 01 c5 01 c5 01 c5 01 c5 01 c5 01 c5 01 c5 01 c5 01 c5 01 c5 01 c5 01 c5 01 c5 01 c5 01 c5 01 c5 01 c5 01 c5 01 c5 01 c5 01 c5 01 c5 01 c5 01 c5 01 c5 01 c5 01 c5 01 c5 01 c5 01 c5,True,True
G,64,2004,0.4,0.85,750.0,01 c5 01 c5 01 c5 01 c5 01 c5 01 c5 01 c5 01 c5 01 c5 01 c5 01 c5 01 c5 01 c5 01 c5 01 c5 01 c5 01 c5 01 c5 01 c5 01 c5 01 c5 01 c5 01 c5 01 c5 01 c5 01 c5 01 c5 01 c5 01 c5 01 c5 01 c5 01 c5,True,True
G,64,2004,0.5,0.65,750.0,01 c5 01 c5 01 c5 01 c5 01 c5 01 c5 01 c5 01 c5 01 c5 01 c5 01 c5 01 c5 01 c5 01 c5 01 c5 01 c5 01 c5 01 c5 01 c5 01 c5 01 c5 01 c5 01 c5 01 c5 01 c5 01 c5 01 c5 01 c5 01 c5 01 c5 01 c5 01 c5,True,True
G,64,2004,0.5,0.75,750.0,01 c5 01 c5 01 c5 01 c5 01 c5 01 c5 01 c5 01 c5 01 c5 01 c5 01 c5 01 c5 01 c5 01 c5 01 c5 01 c5 01 c5 01 c5 01 c5 01 c5 01 c5 01 c5 01 c5 01 c5 01 c5 01 c5 01 c5 01 c5 01 c5 01 c5 01 c5 01 c5,True,True
G,64,2004,0.5,0.85,750.0,01 c5 01 c5 01 c5 01 c5 01 c5 01 c5 01 c5 01 c5 01 c5 01 c5 01 c5 01 c5 01 c5 01 c5 01 c5 01 c5 01 c5 01 c5 01 c5 01 c5 01 c5 01 c5 01 c5 01 c5 01 c5 01 c5 01 c5 01 c5 01 c5 01 c5 01 c5 01 c5,True,True
G,64,2004,0.6,0.65,750.0,01 c5 01 c5 01 c5 01 c5 01 c5 01 c5 01 c5 01 c5 01 c5 01 c5 01 c5 01 c5 01 c5 01 c5 01 c5 01 c5 01 c5 01 c5 01 c5 01 c5 01 c5 01 c5 01 c5 01 c5 01 c5 01 c5 01 c5 01 c5 01 c5 01 c5 01 c5 01 c5,True,True
G,64,2004,0.6,0.75,750.0,01 c5 01 c5 01 c5 01 c5 01 c5 01 c5 01 c5 01 c5 01 c5 01 c5 01 c5 01 c5 01 c5 01 c5 01 c5 01 c5 01 c5 01 c5 01 c5 01 c5 01 c5 01 c5 01 c5 01 c5 01 c5 01 c5 01 c5 01 c5 01 c5 01 c5 01 c5 01 c5,True,True
G,64,2004,0.6,0.85,750.0,01 c5 01 c5 01 c5 01 c5 01 c5 01 c5 01 c5 01 c5 01 c5 01 c5 01 c5 01 c5 01 c5 01 c5 01 c5 01 c5 01 c5 01 c5 01 c5 01 c5 01 c5 01 c5 01 c5 01 c5 01 c5 01 c5 01 c5 01 c5 01 c5 01 c5 01 c5 01 c5,True,True
G,64,2005,0.2,0.65,600.0,01 c5 01 c5 01 c5 01 c5 01 c5 01 c5 01 c5 01 c5 01 c5 01 c5 01 c5 01 c5 01 c5 01 c5 01 c5 01 c5 01 c5 01 c5 01 c5 01 c5 01 c5 01 c5 01 c5 01 c5 01 c5 01 c5 01 c5 01 c5 01 c5 01 c5 01 c5 01 c5,True,True
G,64,2005,0.2,0.75,600.0,01 c5 01 c5 01 c5 01 c5 01 c5 01 c5 01 c5 01 c5 01 c5 01 c5 01 c5 01 c5 01 c5 01 c5 01 c5 01 c5 01 c5 01 c5 01 c5 01 c5 01 c5 01 c5 01 c5 01 c5 01 c5 01 c5 01 c5 01 c5 01 c5 01 c5 01 c5 01 c5,True,True
G,64,2005,0.2,0.85,600.0,01 c5 01 c5 01 c5 01 c5 01 c5 01 c5 01 c5 01 c5 01 c5 01 c5 01 c5 01 c5 01 c5 01 c5 01 c5 01 c5 01 c5 01 c5 01 c5 01 c5 01 c5 01 c5 01 c5 01 c5 01 c5 01 c5 01 c5 01 c5 01 c5 01 c5 01 c5 01 c5,True,True
G,64,2005,0.3,0.65,600.0,01 c5 01 c5 01 c5 01 c5 01 c5 01 c5 01 c5 01 c5 01 c5 01 c5 01 c5 01 c5 01 c5 01 c5 01 c5 01 c5 01 c5 01 c5 01 c5 01 c5 01 c5 01 c5 01 c5 01 c5 01 c5 01 c5 01 c5 01 c5 01 c5 01 c5 01 c5 01 c5,True,True
G,64,2005,0.3,0.75,600.0,01 c5 01 c5 01 c5 01 c5 01 c5 01 c5 01 c5 01 c5 01 c5 01 c5 01 c5 01 c5 01 c5 01 c5 01 c5 01 c5 01 c5 01 c5 01 c5 01 c5 01 c5 01 c5 01 c5 01 c5 01 c5 01 c5 01 c5 01 c5 01 c5 01 c5 01 c5 01 c5,True,True
G,64,2005,0.3,0.85,600.0,01 c5 01 c5 01 c5 01 c5 01 c5 01 c5 01 c5 01 c5 01 c5 01 c5 01 c5 01 c5 01 c5 01 c5 01 c5 01 c5 01 c5 01 c5 01 c5 01 c5 01 c5 01 c5 01 c5 01 c5 01 c5 01 c5 01 c5 01 c5 01 c5 01 c5 01 c5 01 c5,True,True
G,64,2005,0.4,0.65,600.0,01 c5 01 c5 01 c5 01 c5 01 c5 01 c5 01 c5 01 c5 01 c5 01 c5 01 c5 01 c5 01 c5 01 c5 01 c5 01 c5 01 c5 01 c5 01 c5 01 c5 01 c5 01 c5 01 c5 01 c5 01 c5 01 c5 01 c5 01 c5 01 c5 01 c5 01 c5 01 c5,True,True
G,64,2005,0.4,0.75,600.0,01 c5 01 c5 01 c5 01 c5 01 c5 01 c5 01 c5 01 c5 01 c5 01 c5 01 c5 01 c5 01 c5 01 c5 01 c5 01 c5 01 c5 01 c5 01 c5 01 c5 01 c5 01 c5 01 c5 01 c5 01 c5 01 c5 01 c5 01 c5 01 c5 01 c5 01 c5 01 c5,True,True
G,64,2005,0.4,0.85,600.0,01 c5 01 c5 01 c5 01 c5 01 c5 01 c5 01 c5 01 c5 01 c5 01 c5 01 c5 01 c5 01 c5 01 c5 01 c5 01 c5 01 c5 01 c5 01 c5 01 c5 01 c5 01 c5 01 c5 01 c5 01 c5 01 c5 01 c5 01 c5 01 c5 01 c5 01 c5 01 c5,True,True
G,64,2005,0.5,0.65,600.0,01 c5 01 c5 01 c5 01 c5 01 c5 01 c5 01 c5 01 c5 01 c5 01 c5 01 c5 01 c5 01 c5 01 c5 01 c5 01 c5 01 c5 01 c5 01 c5 01 c5 01 c5 01 c5 01 c5 01 c5 01 c5 01 c5 01 c5 01 c5 01 c5 01 c5 01 c5 01 c5,True,True
G,64,2005,0.5,0.75,600.0,01 c5 01 c5 01 c5 01 c5 01 c5 01 c5 01 c5 01 c5 01 c5 01 c5 01 c5 01 c5 01 c5 01 c5 01 c5 01 c5 01 c5 01 c5 01 c5 01 c5 01 c5 01 c5 01 c5 01 c5 01 c5 01 c5 01 c5 01 c5 01 c5 01 c5 01 c5 01 c5,True,True
G,64,2005,0.5,0.85,600.0,01 c5 01 c5 01 c5 01 c5 01 c5 01 c5 01 c5 01 c5 01 c5 01 c5 01 c5 01 c5 01 c5 01 c5 01 c5 01 c5 01 c5 01 c5 01 c5 01 c5 01 c5 01 c5 01 c5 01 c5 01 c5 01 c5 01 c5 01 c5 01 c5 01 c5 01 c5 01 c5,True,True
G,64,2005,0.6,0.65,600.0,01 c5 01 c5 01 c5 01 c5 01 c5 01 c5 01 c5 01 c5 01 c5 01 c5 01 c5 01 c5 01 c5 01 c5 01 c5 01 c5 01 c5 01 c5 01 c5 01 c5 01 c5 01 c5 01 c5 01 c5 01 c5 01 c5 01 c5 01 c5 01 c5 01 c5 01 c5 01 c5,True,True
G,64,2005,0.6,0.75,600.0,01 c5 01 c5 01 c5 01 c5 01 c5 01 c5 01 c5 01 c5 01 c5 01 c5 01 c5 01 c5 01 c5 01 c5 01 c5 01 c5 01 c5 01 c5 01 c5 01 c5 01 c5 01 c5 01 c5 01 c5 01 c5 01 c5 01 c5 01 c5 01 c5 01 c5 01 c5 01 c5,True,True
G,64,2005,0.6,0.85,600.0,01 c5 01 c5 01 c5 01 c5 01 c5 01 c5 01 c5 01 c5 01 c5 01 c5 01 c5 01 c5 01 c5 01 c5 01 c5 01 c5 01 c5 01 c5 01 c5 01 c5 01 c5 01 c5 01 c5 01 c5 01 c5 01 c5 01 c5 01 c5 01 c5 01 c5 01 c5 01 c5,True,True
G,64,2006,0.2,0.65,1000.0,01 c5 01 c5 01 c5 01 c5 01 c5 01 c5 01 c5 01 c5 01 c5 01 c5 01 c5 01 c5 01 c5 01 c5 01 c5 01 c5 01 c5 01 c5 01 c5 01 c5 01 c5 01 c5 01 c5 01 c5 01 c5 01 c5 01 c5 01 c5 01 c5 01 c5 01 c5 01 c5,True,True
G,64,2006,0.2,0.75,1000.0,01 c5 01 c5 01 c5 01 c5 01 c5 01 c5 01 c5 01 c5 01 c5 01 c5 01 c5 01 c5 01 c5 01 c5 01 c5 01 c5 01 c5 01 c5 01 c5 01 c5 01 c5 01 c5 01 c5 01 c5 01 c5 01 c5 01 c5 01 c5 01 c5 01 c5 01 c5 01 c5,True,True
G,64,2006,0.2,0.85,1000.0,01 c5 01 c5 01 c5 01 c5 01 c5 01 c5 01 c5 01 c5 01 c5 01 c5 01 c5 01 c5 01 c5 01 c5 01 c5 01 c5 01 c5 01 c5 01 c5 01 c5 01 c5 01 c5 01 c5 01 c5 01 c5 01 c5 01 c5 01 c5 01 c5 01 c5 01 c5 01 c5,True,True
G,64,2006,0.3,0.65,1000.0,01 c5 01 c5 01 c5 01 c5 01 c5 01 c5 01 c5 01 c5 01 c5 01 c5 01 c5 01 c5 01 c5 01 c5 01 c5 01 c5 01 c5 01 c5 01 c5 01 c5 01 c5 01 c5 01 c5 01 c5 01 c5 01 c5 01 c5 01 c5 01 c5 01 c5 01 c5 01 c5,True,True
G,64,2006,0.3,0.75,1000.0,01 c5 01 c5 01 c5 01 c5 01 c5 01 c5 01 c5 01 c5 01 c5 01 c5 01 c5 01 c5 01 c5 01 c5 01 c5 01 c5 01 c5 01 c5 01 c5 01 c5 01 c5 01 c5 01 c5 01 c5 01 c5 01 c5 01 c5 01 c5 01 c5 01 c5 01 c5 01 c5,True,True
G,64,2006,0.3,0.85,1000.0,01 c5 01 c5 01 c5 01 c5 01 c5 01 c5 01 c5 01 c5 01 c5 01 c5 01 c5 01 c5 01 c5 01 c5 01 c5 01 c5 01 c5 01 c5 01 c5 01 c5 01 c5 01 c5 01 c5 01 c5 01 c5 01 c5 01 c5 01 c5 01 c5 01 c5 01 c5 01 c5,True,True
G,64,2006,0.4,0.65,1000.0,01 c5 01 c5 01 c5 01 c5 01 c5 01 c5 01 c5 01 c5 01 c5 01 c5 01 c5 01 c5 01 c5 01 c5 01 c5 01 c5 01 c5 01 c5 01 c5 01 c5 01 c5 01 c5 01 c5 01 c5 01 c5 01 c5 01 c5 01 c5 01 c5 01 c5 01 c5 01 c5,True,True
G,64,2006,0.4,0.75,1000.0,01 c5 01 c5 01 c5 01 c5 01 c5 01 c5 01 c5 01 c5 01 c5 01 c5 01 c5 01 c5 01 c5 01 c5 01 c5 01 c5 01 c5 01 c5 01 c5 01 c5 01 c5 01 c5 01 c5 01 c5 01 c5 01 c5 01 c5 01 c5 01 c5 01 c5 01 c5 01 c5,True,True
G,64,2006,0.4,0.85,1000.0,01 c5 01 c5 01 c5 01 c5 01 c5 01 c5 01 c5 01 c5 01 c5 01 c5 01 c5 01 c5 01 c5 01 c5 01 c5 01 c5 01 c5 01 c5 01 c5 01 c5 01 c5 01 c5 01 c5 01 c5 01 c5 01 c5 01 c5 01 c5 01 c5 01 c5 01 c5 01 c5,True,True
G,64,2006,0.5,0.65,1000.0,01 c5 01 c5 01 c5 01 c5 01 c5 01 c5 01 c5 01 c5 01 c5 01 c5 01 c5 01 c5 01 c5 01 c5 01 c5 01 c5 01 c5 01 c5 01 c5 01 c5 01 c5 01 c5 01 c5 01 c5 01 c5 01 c5 01 c5 01 c5 01 c5 01 c5 01 c5 01 c5,True,True
G,64,2006,0.5,0.75,1000.0,01 c5 01 c5 01 c5 01 c5 01 c5 01 c5 01 c5 01 c5 01 c5 01 c5 01 c5 01 c5 01 c5 01 c5 01 c5 01 c5 01 c5 01 c5 01 c5 01 c5 01 c5 01 c5 01 c5 01 c5 01 c5 01 c5 01 c5 01 c5 01 c5 01 c5 01 c5 01 c5,True,True
G,64,2006,0.5,0.85,1000.0,01 c5 01 c5 01 c5 01 c5 01 c5 01 c5 01 c5 01 c5 01 c5 01 c5 01 c5 01 c5 01 c5 01 c5 01 c5 01 c5 01 c5 01 c5 01 c5 01 c5 01 c5 01 c5 01 c5 01 c5 01 c5 01 c5 01 c5 01 c5 01 c5 01 c5 01 c5 01 c5,True,True
G,64,2006,0.6,0.65,2650.0,11 d5 11 d5 11 d5 11 d5 11 d5 11 d5 11 d5 11 d5 11 d5 11 d5 11 d5 11 d5 11 d5 11 d5 11 d5 11 d5 11 d5 11 d5 11 d5 11 d5 11 d5 11 d5 11 d5 11 d5 11 d5 11 d5 11 d5 11 d5 11 d5 11 d5 11 d5 11 d5,True,True
G,64,2006,0.6,0.75,2650.0,11 d5 11 d5 11 d5 11 d5 11 d5 11 d5 11 d5 11 d5 11 d5 11 d5 11 d5 11 d5 11 d5 11 d5 11 d5 11 d5 11 d5 11 d5 11 d5 11 d5 11 d5 11 d5 11 d5 11 d5 11 d5 11 d5 11 d5 11 d5 11 d5 11 d5 11 d5 11 d5,True,True
G,64,2006,0.6,0.85,2650.0,11 d5 11 d5 11 d5 11 d5 11 d5 11 d5 11 d5 11 d5 11 d5 11 d5 11 d5 11 d5 11 d5 11 d5 11 d5 11 d5 11 d5 11 d5 11 d5 11 d5 11 d5 11 d5 11 d5 11 d5 11 d5 11 d5 11 d5 11 d5 11 d5 11 d5 11 d5 11 d5,True,True
G,64,2007,0.2,0.65,1850.0,01 c5 01 c5 01 c5 01 c5 01 c5 01 c5 01 c5 01 c5 01 c5 01 c5 01 c5 01 c5 01 c5 01 c5 01 c5 01 c5 01 c5 01 c5 01 c5 01 c5 01 c5 01 c5 01 c5 01 c5 01 c5 01 c5 01 c5 01 c5 01 c5 01 c5 01 c5 01 c5,True,True
G,64,2007,0.2,0.75,1850.0,01 c5 01 c5 01 c5 01 c5 01 c5 01 c5 01 c5 01 c5 01 c5 01 c5 01 c5 01 c5 01 c5 01 c5 01 c5 01 c5 01 c5 01 c5 01 c5 01 c5 01 c5 01 c5 01 c5 01 c5 01 c5 01 c5 01 c5 01 c5 01 c5 01 c5 01 c5 01 c5,True,True
G,64,2007,0.2,0.85,1850.0,01 c5 01 c5 01 c5 01 c5 01 c5 01 c5 01 c5 01 c5 01 c5 01 c5 01 c5 01 c5 01 c5 01 c5 01 c5 01 c5 01 c5 01 c5 01 c5 01 c5 01 c5 01 c5 01 c5 01 c5 01 c5 01 c5 01 c5 01 c5 01 c5 01 c5 01 c5 01 c5,True,True
G,64,2007,0.3,0.65,1850.0,01 c5 01 c5 01 c5 01 c5 01 c5 01 c5 01 c5 01 c5 01 c5 01 c5 01 c5 01 c5 01 c5 01 c5 01 c5 01 c5 01 c5 01 c5 01 c5 01 c5 01 c5 01 c5 01 c5 01 c5 01 c5 01 c5 01 c5 01 c5 01 c5 01 c5 01 c5 01 c5,True,True
G,64,2007,0.3,0.75,1850.0,01 c5 01 c5 01 c5 01 c5 01 c5 01 c5 01 c5 01 c5 01 c5 01 c5 01 c5 01 c5 01 c5 01 c5 01 c5 01 c5 01 c5 01 c5 01 c5 01 c5 01 c5 01 c5 01 c5 01 c5 01 c5 01 c5 01 c5 01 c5 01 c5 01 c5 01 c5 01 c5,True,True
G,64,2007,0.3,0.85,1850.0,01 c5 01 c5 01 c5 01 c5 01 c5 01 c5 01 c5 01 c5 01 c5 01 c5 01 c5 01 c5 01 c5 01 c5 01 c5 01 c5 01 c5 01 c5 01 c5 01 c5 01 c5 01 c5 01 c5 01 c5 01 c5 01 c5 01 c5 01 c5 01 c5 01 c5 01 c5 01 c5,True,True
G,64,2007,0.4,0.65,1850.0,01 c5 01 c5 01 c5 01 c5 01 c5 01 c5 01 c5 01 c5 01 c5 01 c5 01 c5 01 c5 01 c5 01 c5 01 c5 01 c5 01 c5 01 c5 01 c5 01 c5 01 c5 01 c5 01 c5 01 c5 01 c5 01 c5 01 c5 01 c5 01 c5 01 c5 01 c5 01 c5,True,True
G,64,2007,0.4,0.75,1850.0,01 c5 01 c5 01 c5 01 c5 01 c5 01 c5 01 c5 01 c5 01 c5 01 c5 01 c5 01 c5 01 c5 01 c5 01 c5 01 c5 01 c5 01 c5 01 c5 01 c5 01 c5 01 c5 01 c5 01 c5 01 c5 01 c5 01 c5 01 c5 01 c5 01 c5 01 c5 01 c5,True,True
G,64,2007,0.4,0.85,1850.0,01 c5 01 c5 01 c5 01 c5 01 c5 01 c5 01 c5 01 c5 01 c5 01 c5 01 c5 01 c5 01 c5 01 c5 01 c5 01 c5 01 c5 01 c5 01 c5 01 c5 01 c5 01 c5 01 c5 01 c5 01 c5 01 c5 01 c5 01 c5 01 c5 01 c5 01 c5 01 c5,True,True
G,64,2007,0.5,0.65,1850.0,01 c5 01 c5 01 c5 01 c5 01 c5 01 c5 01 c5 01 c5 01 c5 01 c5 01 c5 01 c5 01 c5 01 c5 01 c5 01 c5 01 c5 01 c5 01 c5 01 c5 01 c5 01 c5 01 c5 01 c5 01 c5 01 c5 01 c5 01 c5 01 c5 01 c5 01 c5 01 c5,True,True
G,64,2007,0.5,0.75,1850.0,01 c5 01 c5 01 c5 01 c5 01 c5 01 c5 01 c5 01 c5 01 c5 01 c5 01 c5 01 c5 01 c5 01 c5 01 c5 01 c5 01 c5 01 c5 01 c5 01 c5 01 c5 01 c5 01 c5 01 c5 01 c5 01 c5 01 c5 01 c5 01 c5 01 c5 01 c5 01 c5,True,True
G,64,2007,0.5,0.85,1850.0,01 c5 01 c5 01 c5 01 c5 01 c5 01 c5 01 c5 01 c5 01 c5 01 c5 01 c5 01 c5 01 c5 01 c5 01 c5 01 c5 01 c5 01 c5 01 c5 01 c5 01 c5 01 c5 01 c5 01 c5 01 c5 01 c5 01 c5 01 c5 01 c5 01 c5 01 c5 01 c5,True,True
G,64,2007,0.6,0.65,2350.0,11 d5 11 d5 11 d5 11 d5 11 d5 11 d5 11 d5 11 d5 11 d5 11 d5 11 d5 11 d5 11 d5 11 d5 11 d5 11 d5 11 d5 11 d5 11 d5 11 d5 11 d5 11 d5 11 d5 11 d5 11 d5 11 d5 11 d5 11 d5 11 d5 11 d5 11 d5 11 d5,True,True
G,64,2007,0.6,0.75,2350.0,11 d5 11 d5 11 d5 11 d5 11 d5 11 d5 11 d5 11 d5 11 d5 11 d5 11 d5 11 d5 11 d5 11 d5 11 d5 11 d5 11 d5 11 d5 11 d5 11 d5 11 d5 11 d5 11 d5 11 d5 11 d5 11 d5 11 d5 11 d5 11 d5 11 d5 11 d5 11 d5,True,True
G,64,2007,0.6,0.85,2350.0,11 d5 11 d5 11 d5 11 d5 11 d5 11 d5 11 d5 11 d5 11 d5 11 d5 11 d5 11 d5 11 d5 11 d5 11 d5 11 d5 11 d5 11 d5 11 d5 11 d5 11 d5 11 d5 11 d5 11 d5 11 d5 11 d5 11 d5 11 d5 11 d5 11 d5 11 d5 11 d5,True,True
G,64,2008,0.2,0.65,600.0,01 c5 01 c5 01 c5 01 c5 01 c5 01 c5 01 c5 01 c5 01 c5 01 c5 01 c5 01 c5 01 c5 01 c5 01 c5 01 c5 01 c5 01 c5 01 c5 01 c5 01 c5 01 c5 01 c5 01 c5 01 c5 01 c5 01 c5 01 c5 01 c5 01 c5 01 c5 01 c5,True,True
G,64,2008,0.2,0.75,600.0,01 c5 01 c5 01 c5 01 c5 01 c5 01 c5 01 c5 01 c5 01 c5 01 c5 01 c5 01 c5 01 c5 01 c5 01 c5 01 c5 01 c5 01 c5 01 c5 01 c5 01 c5 01 c5 01 c5 01 c5 01 c5 01 c5 01 c5 01 c5 01 c5 01 c5 01 c5 01 c5,True,True
G,64,2008,0.2,0.85,600.0,01 c5 01 c5 01 c5 01 c5 01 c5 01 c5 01 c5 01 c5 01 c5 01 c5 01 c5 01 c5 01 c5 01 c5 01 c5 01 c5 01 c5 01 c5 01 c5 01 c5 01 c5 01 c5 01 c5 01 c5 01 c5 01 c5 01 c5 01 c5 01 c5 01 c5 01 c5 01 c5,True,True
G,64,2008,0.3,0.65,600.0,01 c5 01 c5 01 c5 01 c5 01 c5 01 c5 01 c5 01 c5 01 c5 01 c5 01 c5 01 c5 01 c5 01 c5 01 c5 01 c5 01 c5 01 c5 01 c5 01 c5 01 c5 01 c5 01 c5 01 c5 01 c5 01 c5 01 c5 01 c5 01 c5 01 c5 01 c5 01 c5,True,True
G,64,2008,0.3,0.75,600.0,01 c5 01 c5 01 c5 01 c5 01 c5 01 c5 01 c5 01 c5 01 c5 01 c5 01 c5 01 c5 01 c5 01 c5 01 c5 01 c5 01 c5 01 c5 01 c5 01 c5 01 c5 01 c5 01 c5 01 c5 01 c5 01 c5 01 c5 01 c5 01 c5 01 c5 01 c5 01 c5,True,True
G,64,2008,0.3,0.85,600.0,01 c5 01 c5 01 c5 01 c5 01 c5 01 c5 01 c5 01 c5 01 c5 01 c5 01 c5 01 c5 01 c5 01 c5 01 c5 01 c5 01 c5 01 c5 01 c5 01 c5 01 c5 01 c5 01 c5 01 c5 01 c5 01 c5 01 c5 01 c5 01 c5 01 c5 01 c5 01 c5,True,True
G,64,2008,0.4,0.65,600.0,01 c5 01 c5 01 c5 01 c5 01 c5 01 c5 01 c5 01 c5 01 c5 01 c5 01 c5 01 c5 01 c5 01 c5 01 c5 01 c5 01 c5 01 c5 01 c5 01 c5 01 c5 01 c5 01 c5 01 c5 01 c5 01 c5 01 c5 01 c5 01 c5 01 c5 01 c5 01 c5,True,True
G,64,2008,0.4,0.75,600.0,01 c5 01 c5 01 c5 01 c5 01 c5 01 c5 01 c5 01 c5 01 c5 01 c5 01 c5 01 c5 01 c5 01 c5 01 c5 01 c5 01 c5 01 c5 01 c5 01 c5 01 c5 01 c5 01 c5 01 c5 01 c5 01 c5 01 c5 01 c5 01 c5 01 c5 01 c5 01 c5,True,True
G,64,2008,0.4,0.85,600.0,01 c5 01 c5 01 c5 01 c5 01 c5 01 c5 01 c5 01 c5 01 c5 01 c5 01 c5 01 c5 01 c5 01 c5 01 c5 01 c5 01 c5 01 c5 01 c5 01 c5 01 c5 01 c5 01 c5 01 c5 01 c5 01 c5 01 c5 01 c5 01 c5 01 c5 01 c5 01 c5,True,True
G,64,2008,0.5,0.65,600.0,01 c5 01 c5 01 c5 01 c5 01 c5 01 c5 01 c5 01 c5 01 c5 01 c5 01 c5 01 c5 01 c5 01 c5 01 c5 01 c5 01 c5 01 c5 01 c5 01 c5 01 c5 01 c5 01 c5 01 c5 01 c5 01 c5 01 c5 01 c5 01 c5 01 c5 01 c5 01 c5,True,True
G,64,2008,0.5,0.75,600.0,01 c5 01 c5 01 c5 01 c5 01 c5 01 c5 01 c5 01 c5 01 c5 01 c5 01 c5 01 c5 01 c5 01 c5 01 c5 01 c5 01 c5 01 c5 01 c5 01 c5 01 c5 01 c5 01 c5 01 c5 01 c5 01 c5 01 c5 01 c5 01 c5 01 c5 01 c5 01 c5,True,True
G,64,2008,0.5,0.85,600.0,01 c5 01 c5 01 c5 01 c5 01 c5 01 c5 01 c5 01 c5 01 c5 01 c5 01 c5 01 c5 01 c5 01 c5 01 c5 01 c5 01 c5 01 c5 01 c5 01 c5 01 c5 01 c5 01 c5 01 c5 01 c5 01 c5 01 c5 01 c5 01 c5 01 c5 01 c5 01 c5,True,True
G,64,2008,0.6,0.65,600.0,01 c5 01 c5 01 c5 01 c5 01 c5 01 c5 01 c5 01 c5 01 c5 01 c5 01 c5 01 c5 01 c5 01 c5 01 c5 01 c5 01 c5 01 c5 01 c5 01 c5 01 c5 01 c5 01 c5 01 c5 01 c5 01 c5 01 c5 01 c5 01 c5 01 c5 01 c5 01 c5,True,True
G,64,2008,0.6,0.75,600.0,01 c5 01 c5 01 c5 01 c5 01 c5 01 c5 01 c5 01 c5 01 c5 01 c5 01 c5 01 c5 01 c5 01 c5 01 c5 01 c5 01 c5 01 c5 01 c5 01 c5 01 c5 01 c5 01 c5 01 c5 01 c5 01 c5 01 c5 01 c5 01 c5 01 c5 01 c5 01 c5,True,True
G,64,2008,0.6,0.85,600.0,01 c5 01 c5 01 c5 01 c5 01 c5 01 c5 01 c5 01 c5 01 c5 01 c5 01 c5 01 c5 01 c5 01 c5 01 c5 01 c5 01 c5 01 c5 01 c5 01 c5 01 c5 01 c5 01 c5 01 c5 01 c5 01 c5 01 c5 01 c5 01 c5 01 c5 01 c5 01 c5,True,True
G,64,2009,0.2,0.65,1200.0,01 c5 01 c5 01 c5 01 c5 01 c5 01 c5 01 c5 01 c5 01 c5 01 c5 01 c5 01 c5 01 c5 01 c5 01 c5 01 c5 01 c5 01 c5 01 c5 01 c5 01 c5 01 c5 01 c5 01 c5 01 c5 01 c5 01 c5 01 c5 01 c5 01 c5 01 c5 01 c5,True,True
G,64,2009,0.2,0.75,1200.0,01 c5 01 c5 01 c5 01 c5 01 c5 01 c5 01 c5 01 c5 01 c5 01 c5 01 c5 01 c5 01 c5 01 c5 01 c5 01 c5 01 c5 01 c5 01 c5 01 c5 01 c5 01 c5 01 c5 01 c5 01 c5 01 c5 01 c5 01 c5 01 c5 01 c5 01 c5 01 c5,True,True
G,64,2009,0.2,0.85,1200.0,01 c5 01 c5 01 c5 01 c5 01 c5 01 c5 01 c5 01 c5 01 c5 01 c5 01 c5 01 c5 01 c5 01 c5 01 c5 01 c5 01 c5 01 c5 01 c5 01 c5 01 c5 01 c5 01 c5 01 c5 01 c5 01 c5 01 c5 01 c5 01 c5 01 c5 01 c5 01 c5,True,True
G,64,2009,0.3,0.65,1200.0,01 c5 01 c5 01 c5 01 c5 01 c5 01 c5 01 c5 01 c5 01 c5 01 c5 01 c5 01 c5 01 c5 01 c5 01 c5 01 c5 01 c5 01 c5 01 c5 01 c5 01 c5 01 c5 01 c5 01 c5 01 c5 01 c5 01 c5 01 c5 01 c5 01 c5 01 c5 01 c5,True,True
G,64,2009,0.3,0.75,1200.0,01 c5 01 c5 01 c5 01 c5 01 c5 01 c5 01 c5 01 c5 01 c5 01 c5 01 c5 01 c5 01 c5 01 c5 01 c5 01 c5 01 c5 01 c5 01 c5 01 c5 01 c5 01 c5 01 c5 01 c5 01 c5 01 c5 01 c5 01 c5 01 c5 01 c5 01 c5 01 c5,True,True
G,64,2009,0.3,0.85,1200.0,01 c5 01 c5 01 c5 01 c5 01 c5 01 c5 01 c5 01 c5 01 c5 01 c5 01 c5 01 c5 01 c5 01 c5 01 c5 01 c5 01 c5 01 c5 01 c5 01 c5 01 c5 01 c5 01 c5 01 c5 01 c5 01 c5 01 c5 01 c5 01 c5 01 c5 01 c5 01 c5,True,True
G,64,2009,0.4,0.65,1200.0,01 c5 01 c5 01 c5 01 c5 01 c5 01 c5 01 c5 01 c5 01 c5 01 c5 01 c5 01 c5 01 c5 01 c5 01 c5 01 c5 01 c5 01 c5 01 c5 01 c5 01 c5 01 c5 01 c5 01 c5 01 c5 01 c5 01 c5 01 c5 01 c5 01 c5 01 c5 01 c5,True,True
G,64,2009,0.4,0.75,1200.0,01 c5 01 c5 01 c5 01 c5 01 c5 01 c5 01 c5 01 c5 01 c5 01 c5 01 c5 01 c5 01 c5 01 c5 01 c5 01 c5 01 c5 01 c5 01 c5 01 c5 01 c5 01 c5 01 c5 01 c5 01 c5 01 c5 01 c5 01 c5 01 c5 01 c5 01 c5 01 c5,True,True
G,64,2009,0.4,0.85,1200.0,01 c5 01 c5 01 c5 01 c5 01 c5 01 c5 01 c5 01 c5 01 c5 01 c5 01 c5 01 c5 01 c5 01 c5 01 c5 01 c5 01 c5 01 c5 01 c5 01 c5 01 c5 01 c5 01 c5 01 c5 01 c5 01 c5 01 c5 01 c5 01 c5 01 c5 01 c5 01 c5,True,True
G,64,2009,0.5,0.65,1200.0,01 c5 01 c5 01 c5 01 c5 01 c5 01 c5 01 c5 01 c5 01 c5 01 c5 01 c5 01 c5 01 c5 01 c5 01 c5 01 c5 01 c5 01 c5 01 c5 01 c5 01 c5 01 c5 01 c5 01 c5 01 c5 01 c5 01 c5 01 c5 01 c5 01 c5 01 c5 01 c5,True,True
G,64,2009,0.5,0.75,1200.0,01 c5 01 c5 01 c5 01 c5 01 c5 01 c5 01 c5 01 c5 01 c5 01 c5 01 c5 01 c5 01 c5 01 c5 01 c5 01 c5 01 c5 01 c5 01 c5 01 c5 01 c5 01 c5 01 c5 01 c5 01 c5 01 c5 01 c5 01 c5 01 c5 01 c5 01 c5 01 c5,True,True
G,64,2009,0.5,0.85,1200.0,01 c5 01 c5 01 c5 01 c5 01 c5 01 c5 01 c5 01 c5 01 c5 01 c5 01 c5 01 c5 01 c5 01 c5 01 c5 01 c5 01 c5 01 c5 01 c5 01 c5 01 c5 01 c5 01 c5 01 c5 01 c5 01 c5 01 c5 01 c5 01 c5 01 c5 01 c5 01 c5,True,True
G,64,2009,0.6,0.65,1200.0,01 c5 01 c5 01 c5 01 c5 01 c5 01 c5 01 c5 01 c5 01 c5 01 c5 01 c5 01 c5 01 c5 01 c5 01 c5 01 c5 01 c5 01 c5 01 c5 01 c5 01 c5 01 c5 01 c5 01 c5 01 c5 01 c5 01 c5 01 c5 01 c5 01 c5 01 c5 01 c5,True,True
G,64,2009,0.6,0.75,1200.0,01 c5 01 c5 01 c5 01 c5 01 c5 01 c5 01 c5 01 c5 01 c5 01 c5 01 c5 01 c5 01 c5 01 c5 01 c5 01 c5 01 c5 01 c5 01 c5 01 c5 01 c5 01 c5 01 c5 01 c5 01 c5 01 c5 01 c5 01 c5 01 c5 01 c5 01 c5 01 c5,True,True
G,64,2009,0.6,0.85,1200.0,01 c5 01 c5 01 c5 01 c5 01 c5 01 c5 01 c5 01 c5 01 c5 01 c5 01 c5 01 c5 01 c5 01 c5 01 c5 01 c5 01 c5 01 c5 01 c5 01 c5 01 c5 01 c5 01 c5 01 c5 01 c5 01 c5 01 c5 01 c5 01 c5 01 c5 01 c5 01 c5,True,True
G,64,2010,0.2,0.65,1850.0,01 c5 01 c5 01 c5 01 c5 01 c5 01 c5 01 c5 01 c5 01 c5 01 c5 01 c5 01 c5 01 c5 01 c5 01 c5 01 c5 01 c5 01 c5 01 c5 01 c5 01 c5 01 c5 01 c5 01 c5 01 c5 01 c5 01 c5 01 c5 01 c5 01 c5 01 c5 01 c5,True,True
G,64,2010,0.2,0.75,1850.0,01 c5 01 c5 01 c5 01 c5 01 c5 01 c5 01 c5 01 c5 01 c5 01 c5 01 c5 01 c5 01 c5 01 c5 01 c5 01 c5 01 c5 01 c5 01 c5 01 c5 01 c5 01 c5 01 c5 01 c5 01 c5 01 c5 01 c5 01 c5 01 c5 01 c5 01 c5 01 c5,True,True
G,64,2010,0.2,0.85,1850.0,01 c5 01 c5 01 c5 01 c5 01 c5 01 c5 01 c5 01 c5 01 c5 01 c5 01 c5 01 c5 01 c5 01 c5 01 c5 01 c5 01 c5 01 c5 01 c5 01 c5 01 c5 01 c5 01 c5 01 c5 01 c5 01 c5 01 c5 01 c5 01 c5 01 c5 01 c5 01 c5,True,True
G,64,2010,0.3,0.65,1850.0,01 c5 01 c5 01 c5 01 c5 01 c5 01 c5 01 c5 01 c5 01 c5 01 c5 01 c5 01 c5 01 c5 01 c5 01 c5 01 c5 01 c5 01 c5 01 c5 01 c5 01 c5 01 c5 01 c5 01 c5 01 c5 01 c5 01 c5 01 c5 01 c5 01 c5 01 c5 01 c5,True,True
G,64,2010,0.3,0.75,1850.0,01 c5 01 c5 01 c5 01 c5 01 c5 01 c5 01 c5 01 c5 01 c5 01 c5 01 c5 01 c5 01 c5 01 c5 01 c5 01 c5 01 c5 01 c5 01 c5 01 c5 01 c5 01 c5 01 c5 01 c5 01 c5 01 c5 01 c5 01 c5 01 c5 01 c5 01 c5 01 c5,True,True
G,64,2010,0.3,0.85,1850.0,01 c5 01 c5 01 c5 01 c5 01 c5 01 c5 01 c5 01 c5 01 c5 01 c5 01 c5 01 c5 01 c5 01 c5 01 c5 01 c5 01 c5 01 c5 01 c5 01 c5 01 c5 01 c5 01 c5 01 c5 01 c5 01 c5 01 c5 01 c5 01 c5 01 c5 01 c5 01 c5,True,True
G,64,2010,0.4,0.65,1850.0,01 c5 01 c5 01 c5 01 c5 01 c5 01 c5 01 c5 01 c5 01 c5 01 c5 01 c5 01 c5 01 c5 01 c5 01 c5 01 c5 01 c5 01 c5 01 c5 01 c5 01 c5 01 c5 01 c5 01 c5 01 c5 01 c5 01 c5 01 c5 01 c5 01 c5 01 c5 01 c5,True,True
G,64,2010,0.4,0.75,1850.0,01 c5 01 c5 01 c5 01 c5 01 c5 01 c5 01 c5 01 c5 01 c5 01 c5 01 c5 01 c5 01 c5 01 c5 01 c5 01 c5 01 c5 01 c5 01 c5 01 c5 01 c5 01 c5 01 c5 01 c5 01 c5 01 c5 01 c5 01 c5 01 c5 01 c5 01 c5 01 c5,True,True
G,64,2010,0.4,0.85,1850.0,01 c5 01 c5 01 c5 01 c5 01 c5 01 c5 01 c5 01 c5 01 c5 01 c5 01 c5 01 c5 01 c5 01 c5 01 c5 01 c5 01 c5 01 c5 01 c5 01 c5 01 c5 01 c5 01 c5 01 c5 01 c5 01 c5 01 c5 01 c5 01 c5 01 c5 01 c5 01 c5,True,True
G,64,2010,0.5,0.65,1850.0,01 c5 01 c5 01 c5 01 c5 01 c5 01 c5 01 c5 01 c5 01 c5 01 c5 01 c5 01 c5 01 c5 01 c5 01 c5 01 c5 01 c5 01 c5 01 c5 01 c5 01 c5 01 c5 01 c5 01 c5 01 c5 01 c5 01 c5 01 c5 01 c5 01 c5 01 c5 01 c5,True,True
G,64,2010,0.5,0.75,1850.0,01 c5 01 c5 01 c5 01 c5 01 c5 01 c5 01 c5 01 c5 01 c5 01 c5 01 c5 01 c5 01 c5 01 c5 01 c5 01 c5 01 c5 01 c5 01 c5 01 c5 01 c5 01 c5 01 c5 01 c5 01 c5 01 c5 01 c5 01 c5 01 c5 01 c5 01 c5 01 c5,True,True
G,64,2010,0.5,0.85,1850.0,01 c5 01 c5 01 c5 01 c5 01 c5 01 c5 01 c5 01 c5 01 c5 01 c5 01 c5 01 c5 01 c5 01 c5 01 c5 01 c5 01 c5 01 c5 01 c5 01 c5 01 c5 01 c5 01 c5 01 c5 01 c5 01 c5 01 c5 01 c5 01 c5 01 c5 01 c5 01 c5,True,True
G,64,2010,0.6,0.65,2450.0,11 d5 11 d5 11 d5 11 d5 11 d5 11 d5 11 d5 11 d5 11 d5 11 d5 11 d5 11 d5 11 d5 11 d5 11 d5 11 d5 11 d5 11 d5 11 d5 11 d5 11 d5 11 d5 11 d5 11 d5 11 d5 11 d5 11 d5 11 d5 11 d5 11 d5 11 d5 11 d5,True,True
G,64,2010,0.6,0.75,2450.0,11 d5 11 d5 11 d5 11 d5 11 d5 11 d5 11 d5 11 d5 11 d5 11 d5 11 d5 11 d5 11 d5 11 d5 11 d5 11 d5 11 d5 11 d5 11 d5 11 d5 11 d5 11 d5 11 d5 11 d5 11 d5 11 d5 11 d5 11 d5 11 d5 11 d5 11 d5 11 d5,True,True
G,64,2010,0.6,0.85,2450.0,11 d5 11 d5 11 d5 11 d5 11 d5 11 d5 11 d5 11 d5 11 d5 11 d5 11 d5 11 d5 11 d5 11 d5 11 d5 11 d5 11 d5 11 d5 11 d5 11 d5 11 d5 11 d5 11 d5 11 d5 11 d5 11 d5 11 d5 11 d5 11 d5 11 d5 11 d5 11 d5,True,True
G,64,2011,0.2,0.65,1200.0,01 c5 01 c5 01 c5 01 c5 01 c5 01 c5 01 c5 01 c5 01 c5 01 c5 01 c5 01 c5 01 c5 01 c5 01 c5 01 c5 01 c5 01 c5 01 c5 01 c5 01 c5 01 c5 01 c5 01 c5 01 c5 01 c5 01 c5 01 c5 01 c5 01 c5 01 c5 01 c5,True,True
G,64,2011,0.2,0.75,1200.0,01 c5 01 c5 01 c5 01 c5 01 c5 01 c5 01 c5 01 c5 01 c5 01 c5 01 c5 01 c5 01 c5 01 c5 01 c5 01 c5 01 c5 01 c5 01 c5 01 c5 01 c5 01 c5 01 c5 01 c5 01 c5 01 c5 01 c5 01 c5 01 c5 01 c5 01 c5 01 c5,True,True
G,64,2011,0.2,0.85,1200.0,01 c5 01 c5 01 c5 01 c5 01 c5 01 c5 01 c5 01 c5 01 c5 01 c5 01 c5 01 c5 01 c5 01 c5 01 c5 01 c5 01 c5 01 c5 01 c5 01 c5 01 c5 01 c5 01 c5 01 c5 01 c5 01 c5 01 c5 01 c5 01 c5 01 c5 01 c5 01 c5,True,True
G,64,2011,0.3,0.65,1200.0,01 c5 01 c5 01 c5 01 c5 01 c5 01 c5 01 c5 01 c5 01 c5 01 c5 01 c5 01 c5 01 c5 01 c5 01 c5 01 c5 01 c5 01 c5 01 c5 01 c5 01 c5 01 c5 01 c5 01 c5 01 c5 01 c5 01 c5 01 c5 01 c5 01 c5 01 c5 01 c5,True,True
G,64,2011,0.3,0.75,1200.0,01 c5 01 c5 01 c5 01 c5 01 c5 01 c5 01 c5 01 c5 01 c5 01 c5 01 c5 01 c5 01 c5 01 c5 01 c5 01 c5 01 c5 01 c5 01 c5 01 c5 01 c5 01 c5 01 c5 01 c5 01 c5 01 c5 01 c5 01 c5 01 c5 01 c5 01 c5 01 c5,True,True
G,64,2011,0.3,0.85,1200.0,01 c5 01 c5 01 c5 01 c5 01 c5 01 c5 01 c5 01 c5 01 c5 01 c5 01 c5 01 c5 01 c5 01 c5 01 c5 01 c5 01 c5 01 c5 01 c5 01 c5 01 c5 01 c5 01 c5 01 c5 01 c5 01 c5 01 c5 01 c5 01 c5 01 c5 01 c5 01 c5,True,True
G,64,2011,0.4,0.65,1200.0,01 c5 01 c5 01 c5 01 c5 01 c5 01 c5 01 c5 01 c5 01 c5 01 c5 01 c5 01 c5 01 c5 01 c5 01 c5 01 c5 01 c5 01 c5 01 c5 01 c5 01 c5 01 c5 01 c5 01 c5 01 c5 01 c5 01 c5 01 c5 01 c5 01 c5 01 c5 01 c5,True,True
G,64,2011,0.4,0.75,1200.0,01 c5 01 c5 01 c5 01 c5 01 c5 01 c5 01 c5 01 c5 01 c5 01 c5 01 c5 01 c5 01 c5 01 c5 01 c5 01 c5 01 c5 01 c5 01 c5 01 c5 01 c5 01 c5 01 c5 01 c5 01 c5 01 c5 01 c5 01 c5 01 c5 01 c5 01 c5 01 c5,True,True
G,64,2011,0.4,0.85,1200.0,01 c5 01 c5 01 c5 01 c5 01 c5 01 c5 01 c5 01 c5 01 c5 01 c5 01 c5 01 c5 01 c5 01 c5 01 c5 01 c5 01 c5 01 c5 01 c5 01 c5 01 c5 01 c5 01 c5 01 c5 01 c5 01 c5 01 c5 01 c5 01 c5 01 c5 01 c5 01 c5,True,True
G,64,2011,0.5,0.65,1200.0,01 c5 01 c5 01 c5 01 c5 01 c5 01 c5 01 c5 01 c5 01 c5 01 c5 01 c5 01 c5 01 c5 01 c5 01 c5 01 c5 01 c5 01 c5 01 c5 01 c5 01 c5 01 c5 01 c5 01 c5 01 c5 01 c5 01 c5 01 c5 01 c5 01 c5 01 c5 01 c5,True,True
G,64,2011,0.5,0.75,1200.0,01 c5 01 c5 01 c5 01 c5 01 c5 01 c5 01 c5 01 c5 01 c5 01 c5 01 c5 01 c5 01 c5 01 c5 01 c5 01 c5 01 c5 01 c5 01 c5 01 c5 01 c5 01 c5 01 c5 01 c5 01 c5 01 c5 01 c5 01 c5 01 c5 01 c5 01 c5 01 c5,True,True
G,64,2011,0.5,0.85,1200.0,01 c5 01 c5 01 c5 01 c5 01 c5 01 c5 01 c5 01 c5 01 c5 01 c5 01 c5 01 c5 01 c5 01 c5 01 c5 01 c5 01 c5 01 c5 01 c5 01 c5 01 c5 01 c5 01 c5 01 c5 01 c5 01 c5 01 c5 01 c5 01 c5 01 c5 01 c5 01 c5,True,True
G,64,2011,0.6,0.65,1450.0,21 e5 21 e5 21 e5 21 e5 21 e5 21 e5 21 e5 21 e5 21 e5 21 e5 21 e5 21 e5 21 e5 21 e5 21 e5 21 e5 21 e5 21 e5 21 e5 21 e5 21 e5 21 e5 21 e5 21 e5 21 e5 21 e5 21 e5 21 e5 21 e5 21 e5 21 e5 21 e5,True,True
G,64,2011,0.6,0.75,1450.0,21 e5 21 e5 21 e5 21 e5 21 e5 21 e5 21 e5 21 e5 21 e5 21 e5 21 e5 21 e5 21 e5 21 e5 21 e5 21 e5 21 e5 21 e5 21 e5 21 e5 21 e5 21 e5 21 e5 21 e5 21 e5 21 e5 21 e5 21 e5 21 e5 21 e5 21 e5 21 e5,True,True
G,64,2011,0.6,0.85,1450.0,21 e5 21 e5 21 e5 21 e5 21 e5 21 e5 21 e5 21 e5 21 e5 21 e5 21 e5 21 e5 21 e5 21 e5 21 e5 21 e5 21 e5 21 e5 21 e5 21 e5 21 e5 21 e5 21 e5 21 e5 21 e5 21 e5 21 e5 21 e5 21 e5 21 e5 21 e5 21 e5,True,True
G,64,2012,0.2,0.65,600.0,01 c5 01 c5 01 c5 01 c5 01 c5 01 c5 01 c5 01 c5 01 c5 01 c5 01 c5 01 c5 01 c5 01 c5 01 c5 01 c5 01 c5 01 c5 01 c5 01 c5 01 c5 01 c5 01 c5 01 c5 01 c5 01 c5 01 c5 01 c5 01 c5 01 c5 01 c5 01 c5,True,True
G,64,2012,0.2,0.75,600.0,01 c5 01 c5 01 c5 01 c5 01 c5 01 c5 01 c5 01 c5 01 c5 01 c5 01 c5 01 c5 01 c5 01 c5 01 c5 01 c5 01 c5 01 c5 01 c5 01 c5 01 c5 01 c5 01 c5 01 c5 01 c5 01 c5 01 c5 01 c5 01 c5 01 c5 01 c5 01 c5,True,True
G,64,2012,0.2,0.85,600.0,01 c5 01 c5 01 c5 01 c5 01 c5 01 c5 01 c5 01 c5 01 c5 01 c5 01 c5 01 c5 01 c5 01 c5 01 c5 01 c5 01 c5 01 c5 01 c5 01 c5 01 c5 01 c5 01 c5 01 c5 01 c5 01 c5 01 c5 01 c5 01 c5 01 c5 01 c5 01 c5,True,True
G,64,2012,0.3,0.65,600.0,01 c5 01 c5 01 c5 01 c5 01 c5 01 c5 01 c5 01 c5 01 c5 01 c5 01 c5 01 c5 01 c5 01 c5 01 c5 01 c5 01 c5 01 c5 01 c5 01 c5 01 c5 01 c5 01 c5 01 c5 01 c5 01 c5 01 c5 01 c5 01 c5 01 c5 01 c5 01 c5,True,True
G,64,2012,0.3,0.75,600.0,01 c5 01 c5 01 c5 01 c5 01 c5 01 c5 01 c5 01 c5 01 c5 01 c5 01 c5 01 c5 01 c5 01 c5 01 c5 01 c5 01 c5 01 c5 01 c5 01 c5 01 c5 01 c5 01 c5 01 c5 01 c5 01 c5 01 c5 01 c5 01 c5 01 c5 01 c5 01 c5,True,True
G,64,2012,0.3,0.85,600.0,01 c5 01 c5 01 c5 01 c5 01 c5 01 c5 01 c5 01 c5 01 c5 01 c5 01 c5 01 c5 01 c5 01 c5 01 c5 01 c5 01 c5 01 c5 01 c5 01 c5 01 c5 01 c5 01 c5 01 c5 01 c5 01 c5 01 c5 01 c5 01 c5 01 c5 01 c5 01 c5,True,True
G,64,2012,0.4,0.65,600.0,01 c5 01 c5 01 c5 01 c5 01 c5 01 c5 01 c5 01 c5 01 c5 01 c5 01 c5 01 c5 01 c5 01 c5 01 c5 01 c5 01 c5 01 c5 01 c5 01 c5 01 c5 01 c5 01 c5 01 c5 01 c5 01 c5 01 c5 01 c5 01 c5 01 c5 01 c5 01 c5,True,True
G,64,2012,0.4,0.75,600.0,01 c5 01 c5 01 c5 01 c5 01 c5 01 c5 01 c5 01 c5 01 c5 01 c5 01 c5 01 c5 01 c5 01 c5 01 c5 01 c5 01 c5 01 c5 01 c5 01 c5 01 c5 01 c5 01 c5 01 c5 01 c5 01 c5 01 c5 01 c5 01 c5 01 c5 01 c5 01 c5,True,True
G,64,2012,0.4,0.85,600.0,01 c5 01 c5 01 c5 01 c5 01 c5 01 c5 01 c5 01 c5 01 c5 01 c5 01 c5 01 c5 01 c5 01 c5 01 c5 01 c5 01 c5 01 c5 01 c5 01 c5 01 c5 01 c5 01 c5 01 c5 01 c5 01 c5 01 c5 01 c5 01 c5 01 c5 01 c5 01 c5,True,True
G,64,2012,0.5,0.65,600.0,01 c5 01 c5 01 c5 01 c5 01 c5 01 c5 01 c5 01 c5 01 c5 01 c5 01 c5 01 c5 01 c5 01 c5 01 c5 01 c5 01 c5 01 c5 01 c5 01 c5 01 c5 01 c5 01 c5 01 c5 01 c5 01 c5 01 c5 01 c5 01 c5 01 c5 01 c5 01 c5,True,True
G,64,2012,0.5,0.75,600.0,01 c5 01 c5 01 c5 01 c5 01 c5 01 c5 01 c5 01 c5 01 c5 01 c5 01 c5 01 c5 01 c5 01 c5 01 c5 01 c5 01 c5 01 c5 01 c5 01 c5 01 c5 01 c5 01 c5 01 c5 01 c5 01 c5 01 c5 01 c5 01 c5 01 c5 01 c5 01 c5,True,True
G,64,2012,0.5,0.85,600.0,01 c5 01 c5 01 c5 01 c5 01 c5 01 c5 01 c5 01 c5 01 c5 01 c5 01 c5 01 c5 01 c5 01 c5 01 c5 01 c5 01 c5 01 c5 01 c5 01 c5 01 c5 01 c5 01 c5 01 c5 01 c5 01 c5 01 c5 01 c5 01 c5 01 c5 01 c5 01 c5,True,True
G,64,2012,0.6,0.65,950.0,11 d5 11 d5 11 d5 11 d5 11 d5 11 d5 11 d5 11 d5 11 d5 11 d5 11 d5 11 d5 11 d5 11 d5 11 d5 11 d5 11 d5 11 d5 11 d5 11 d5 11 d5 11 d5 11 d5 11 d5 11 d5 11 d5 11 d5 11 d5 11 d5 11 d5 11 d5 11 d5,True,True
G,64,2012,0.6,0.75,950.0,11 d5 11 d5 11 d5 11 d5 11 d5 11 d5 11 d5 11 d5 11 d5 11 d5 11 d5 11 d5 11 d5 11 d5 11 d5 11 d5 11 d5 11 d5 11 d5 11 d5 11 d5 11 d5 11 d5 11 d5 11 d5 11 d5 11 d5 11 d5 11 d5 11 d5 11 d5 11 d5,True,True
G,64,2012,0.6,0.85,950.0,11 d5 11 d5 11 d5 11 d5 11 d5 11 d5 11 d5 11 d5 11 d5 11 d5 11 d5 11 d5 11 d5 11 d5 11 d5 11 d5 11 d5 11 d5 11 d5 11 d5 11 d5 11 d5 11 d5 11 d5 11 d5 11 d5 11 d5 11 d5 11 d5 11 d5 11 d5 11 d5,True,True
G,64,2013,0.2,0.65,650.0,01 c5 01 c5 01 c5 01 c5 01 c5 01 c5 01 c5 01 c5 01 c5 01 c5 01 c5 01 c5 01 c5 01 c5 01 c5 01 c5 01 c5 01 c5 01 c5 01 c5 01 c5 01 c5 01 c5 01 c5 01 c5 01 c5 01 c5 01 c5 01 c5 01 c5 01 c5 01 c5,True,True
G,64,2013,0.2,0.75,650.0,01 c5 01 c5 01 c5 01 c5 01 c5 01 c5 01 c5 01 c5 01 c5 01 c5 01 c5 01 c5 01 c5 01 c5 01 c5 01 c5 01 c5 01 c5 01 c5 01 c5 01 c5 01 c5 01 c5 01 c5 01 c5 01 c5 01 c5 01 c5 01 c5 01 c5 01 c5 01 c5,True,True
G,64,2013,0.2,0.85,650.0,01 c5 01 c5 01 c5 01 c5 01 c5 01 c5 01 c5 01 c5 01 c5 01 c5 01 c5 01 c5 01 c5 01 c5 01 c5 01 c5 01 c5 01 c5 01 c5 01 c5 01 c5 01 c5 01 c5 01 c5 01 c5 01 c5 01 c5 01 c5 01 c5 01 c5 01 c5 01 c5,True,True
G,64,2013,0.3,0.65,650.0,01 c5 01 c5 01 c5 01 c5 01 c5 01 c5 01 c5 01 c5 01 c5 01 c5 01 c5 01 c5 01 c5 01 c5 01 c5 01 c5 01 c5 01 c5 01 c5 01 c5 01 c5 01 c5 01 c5 01 c5 01 c5 01 c5 01 c5 01 c5 01 c5 01 c5 01 c5 01 c5,True,True
G,64,2013,0.3,0.75,650.0,01 c5 01 c5 01 c5 01 c5 01 c5 01 c5 01 c5 01 c5 01 c5 01 c5 01 c5 01 c5 01 c5 01 c5 01 c5 01 c5 01 c5 01 c5 01 c5 01 c5 01 c5 01 c5 01 c5 01 c5 01 c5 01 c5 01 c5 01 c5 01 c5 01 c5 01 c5 01 c5,True,True
G,64,2013,0.3,0.85,650.0,01 c5 01 c5 01 c5 01 c5 01 c5 01 c5 01 c5 01 c5 01 c5 01 c5 01 c5 01 c5 01 c5 01 c5 01 c5 01 c5 01 c5 01 c5 01 c5 01 c5 01 c5 01 c5 01 c5 01 c5 01 c5 01 c5 01 c5 01 c5 01 c5 01 c5 01 c5 01 c5,True,True
G,64,2013,0.4,0.65,650.0,01 c5 01 c5 01 c5 01 c5 01 c5 01 c5 01 c5 01 c5 01 c5 01 c5 01 c5 01 c5 01 c5 01 c5 01 c5 01 c5 01 c5 01 c5 01 c5 01 c5 01 c5 01 c5 01 c5 01 c5 01 c5 01 c5 01 c5 01 c5 01 c5 01 c5 01 c5 01 c5,True,True
G,64,2013,0.4,0.75,650.0,01 c5 01 c5 01 c5 01 c5 01 c5 01 c5 01 c5 01 c5 01 c5 01 c5 01 c5 01 c5 01 c5 01 c5 01 c5 01 c5 01 c5 01 c5 01 c5 01 c5 01 c5 01 c5 01 c5 01 c5 01 c5 01 c5 01 c5 01 c5 01 c5 01 c5 01 c5 01 c5,True,True
G,64,2013,0.4,0.85,650.0,01 c5 01 c5 01 c5 01 c5 01 c5 01 c5 01 c5 01 c5 01 c5 01 c5 01 c5 01 c5 01 c5 01 c5 01 c5 01 c5 01 c5 01 c5 01 c5 01 c5 01 c5 01 c5 01 c5 01 c5 01 c5 01 c5 01 c5 01 c5 01 c5 01 c5 01 c5 01 c5,True,True
G,64,2013,0.5,0.65,650.0,01 c5 01 c5 01 c5 01 c5 01 c5 01 c5 01 c5 01 c5 01 c5 01 c5 01 c5 01 c5 01 c5 01 c5 01 c5 01 c5 01 c5 01 c5 01 c5 01 c5 01 c5 01 c5 01 c5 01 c5 01 c5 01 c5 01 c5 01 c5 01 c5 01 c5 01 c5 01 c5,True,True
G,64,2013,0.5,0.75,650.0,01 c5 01 c5 01 c5 01 c5 01 c5 01 c5 01 c5 01 c5 01 c5 01 c5 01 c5 01 c5 01 c5 01 c5 01 c5 01 c5 01 c5 01 c5 01 c5 01 c5 01 c5 01 c5 01 c5 01 c5 01 c5 01 c5 01 c5 01 c5 01 c5 01 c5 01 c5 01 c5,True,True
G,64,2013,0.5,0.85,650.0,01 c5 01 c5 01 c5 01 c5 01 c5 01 c5 01 c5 01 c5 01 c5 01 c5 01 c5 01 c5 01 c5 01 c5 01 c5 01 c5 01 c5 01 c5 01 c5 01 c5 01 c5 01 c5 01 c5 01 c5 01 c5 01 c5 01 c5 01 c5 01 c5 01 c5 01 c5 01 c5,True,True
G,64,2013,0.6,0.65,650.0,01 c5 01 c5 01 c5 01 c5 01 c5 01 c5 01 c5 01 c5 01 c5 01 c5 01 c5 01 c5 01 c5 01 c5 01 c5 01 c5 01 c5 01 c5 01 c5 01 c5 01 c5 01 c5 01 c5 01 c5 01 c5 01 c5 01 c5 01 c5 01 c5 01 c5 01 c5 01 c5,True,True
G,64,2013,0.6,0.75,650.0,01 c5 01 c5 01 c5 01 c5 01 c5 01 c5 01 c5 01 c5 01 c5 01 c5 01 c5 01 c5 01 c5 01 c5 01 c5 01 c5 01 c5 01 c5 01 c5 01 c5 01 c5 01 c5 01 c5 01 c5 01 c5 01 c5 01 c5 01 c5 01 c5 01 c5 01 c5 01 c5,True,True
G,64,2013,0.6,0.85,650.0,01 c5 01 c5 01 c5 01 c5 01 c5 01 c5 01 c5 01 c5 01 c5 01 c5 01 c5 01 c5 01 c5 01 c5 01 c5 01 c5 01 c5 01 c5 01 c5 01 c5 01 c5 01 c5 01 c5 01 c5 01 c5 01 c5 01 c5 01 c5 01 c5 01 c5 01 c5 01 c5,True,True
G,64,2014,0.2,0.65,600.0,01 c5 01 c5 01 c5 01 c5 01 c5 01 c5 01 c5 01 c5 01 c5 01 c5 01 c5 01 c5 01 c5 01 c5 01 c5 01 c5 01 c5 01 c5 01 c5 01 c5 01 c5 01 c5 01 c5 01 c5 01 c5 01 c5 01 c5 01 c5 01 c5 01 c5 01 c5 01 c5,True,True
G,64,2014,0.2,0.75,600.0,01 c5 01 c5 01 c5 01 c5 01 c5 01 c5 01 c5 01 c5 01 c5 01 c5 01 c5 01 c5 01 c5 01 c5 01 c5 01 c5 01 c5 01 c5 01 c5 01 c5 01 c5 01 c5 01 c5 01 c5 01 c5 01 c5 01 c5 01 c5 01 c5 01 c5 01 c5 01 c5,True,True
G,64,2014,0.2,0.85,600.0,01 c5 01 c5 01 c5 01 c5 01 c5 01 c5 01 c5 01 c5 01 c5 01 c5 01 c5 01 c5 01 c5 01 c5 01 c5 01 c5 01 c5 01 c5 01 c5 01 c5 01 c5 01 c5 01 c5 01 c5 01 c5 01 c5 01 c5 01 c5 01 c5 01 c5 01 c5 01 c5,True,True
G,64,2014,0.3,0.65,600.0,01 c5 01 c5 01 c5 01 c5 01 c5 01 c5 01 c5 01 c5 01 c5 01 c5 01 c5 01 c5 01 c5 01 c5 01 c5 01 c5 01 c5 01 c5 01 c5 01 c5 01 c5 01 c5 01 c5 01 c5 01 c5 01 c5 01 c5 01 c5 01 c5 01 c5 01 c5 01 c5,True,True
G,64,2014,0.3,0.75,600.0,01 c5 01 c5 01 c5 01 c5 01 c5 01 c5 01 c5 01 c5 01 c5 01 c5 01 c5 01 c5 01 c5 01 c5 01 c5 01 c5 01 c5 01 c5 01 c5 01 c5 01 c5 01 c5 01 c5 01 c5 01 c5 01 c5 01 c5 01 c5 01 c5 01 c5 01 c5 01 c5,True,True
G,64,2014,0.3,0.85,600.0,01 c5 01 c5 01 c5 01 c5 01 c5 01 c5 01 c5 01 c5 01 c5 01 c5 01 c5 01 c5 01 c5 01 c5 01 c5 01 c5 01 c5 01 c5 01 c5 01 c5 01 c5 01 c5 01 c5 01 c5 01 c5 01 c5 01 c5 01 c5 01 c5 01 c5 01 c5 01 c5,True,True
G,64,2014,0.4,0.65,600.0,01 c5 01 c5 01 c5 01 c5 01 c5 01 c5 01 c5 01 c5 01 c5 01 c5 01 c5 01 c5 01 c5 01 c5 01 c5 01 c5 01 c5 01 c5 01 c5 01 c5 01 c5 01 c5 01 c5 01 c5 01 c5 01 c5 01 c5 01 c5 01 c5 01 c5 01 c5 01 c5,True,True
G,64,2014,0.4,0.75,600.0,01 c5 01 c5 01 c5 01 c5 01 c5 01 c5 01 c5 01 c5 01 c5 01 c5 01 c5 01 c5 01 c5 01 c5 01 c5 01 c5 01 c5 01 c5 01 c5 01 c5 01 c5 01 c5 01 c5 01 c5 01 c5 01 c5 01 c5 01 c5 01 c5 01 c5 01 c5 01 c5,True,True
G,64,2014,0.4,0.85,600.0,01 c5 01 c5 01 c5 01 c5 01 c5 01 c5 01 c5 01 c5 01 c5 01 c5 01 c5 01 c5 01 c5 01 c5 01 c5 01 c5 01 c5 01 c5 01 c5 01 c5 01 c5 01 c5 01 c5 01 c5 01 c5 01 c5 01 c5 01 c5 01 c5 01 c5 01 c5 01 c5,True,True
G,64,2014,0.5,0.65,600.0,01 c5 01 c5 01 c5 01 c5 01 c5 01 c5 01 c5 01 c5 01 c5 01 c5 01 c5 01 c5 01 c5 01 c5 01 c5 01 c5 01 c5 01 c5 01 c5 01 c5 01 c5 01 c5 01 c5 01 c5 01 c5 01 c5 01 c5 01 c5 01 c5 01 c5 01 c5 01 c5,True,True
G,64,2014,0.5,0.75,600.0,01 c5 01 c5 01 c5 01 c5 01 c5 01 c5 01 c5 01 c5 01 c5 01 c5 01 c5 01 c5 01 c5 01 c5 01 c5 01 c5 01 c5 01 c5 01 c5 01 c5 01 c5 01 c5 01 c5 01 c5 01 c5 01 c5 01 c5 01 c5 01 c5 01 c5 01 c5 01 c5,True,True
G,64,2014,0.5,0.85,600.0,01 c5 01 c5 01 c5 01 c5 01 c5 01 c5 01 c5 01 c5 01 c5 01 c5 01 c5 01 c5 01 c5 01 c5 01 c5 01 c5 01 c5 01 c5 01 c5 01 c5 01 c5 01 c5 01 c5 01 c5 01 c5 01 c5 01 c5 01 c5 01 c5 01 c5 01 c5 01 c5,True,True
G,64,2014,0.6,0.65,600.0,01 c5 01 c5 01 c5 01 c5 01 c5 01 c5 01 c5 01 c5 01 c5 01 c5 01 c5 01 c5 01 c5 01 c5 01 c5 01 c5 01 c5 01 c5 01 c5 01 c5 01 c5 01 c5 01 c5 01 c5 01 c5 01 c5 01 c5 01 c5 01 c5 01 c5 01 c5 01 c5,True,True
G,64,2014,0.6,0.75,600.0,01 c5 01 c5 01 c5 01 c5 01 c5 01 c5 01 c5 01 c5 01 c5 01 c5 01 c5 01 c5 01 c5 01 c5 01 c5 01 c5 01 c5 01 c5 01 c5 01 c5 01 c5 01 c5 01 c5 01 c5 01 c5 01 c5 01 c5 01 c5 01 c5 01 c5 01 c5 01 c5,True,True
G,64,2014,0.6,0.85,600.0,01 c5 01 c5 01 c5 01 c5 01 c5 01 c5 01 c5 01 c5 01 c5 01 c5 01 c5 01 c5 01 c5 01 c5 01 c5 01 c5 01 c5 01 c5 01 c5 01 c5 01 c5 01 c5 01 c5 01 c5 01 c5 01 c5 01 c5 01 c5 01 c5 01 c5 01 c5 01 c5,True,True
G,64,2015,0.2,0.65,1850.0,11 d5 11 d5 11 d5 11 d5 11 d5 11 d5 11 d5 11 d5 11 d5 11 d5 11 d5 11 d5 11 d5 11 d5 11 d5 11 d5 11 d5 11 d5 11 d5 11 d5 11 d5 11 d5 11 d5 11 d5 11 d5 11 d5 11 d5 11 d5 11 d5 11 d5 11 d5 11 d5,True,True
G,64,2015,0.2,0.75,1850.0,11 d5 11 d5 11 d5 11 d5 11 d5 11 d5 11 d5 11 d5 11 d5 11 d5 11 d5 11 d5 11 d5 11 d5 11 d5 11 d5 11 d5 11 d5 11 d5 11 d5 11 d5 11 d5 11 d5 11 d5 11 d5 11 d5 11 d5 11 d5 11 d5 11 d5 11 d5 11 d5,True,True
G,64,2015,0.2,0.85,1850.0,11 d5 11 d5 11 d5 11 d5 11 d5 11 d5 11 d5 11 d5 11 d5 11 d5 11 d5 11 d5 11 d5 11 d5 11 d5 11 d5 11 d5 11 d5 11 d5 11 d5 11 d5 11 d5 11 d5 11 d5 11 d5 11 d5 11 d5 11 d5 11 d5 11 d5 11 d5 11 d5,True,True
G,64,2015,0.3,0.65,1850.0,11 d5 11 d5 11 d5 11 d5 11 d5 11 d5 11 d5 11 d5 11 d5 11 d5 11 d5 11 d5 11 d5 11 d5 11 d5 11 d5 11 d5 11 d5 11 d5 11 d5 11 d5 11 d5 11 d5 11 d5 11 d5 11 d5 11 d5 11 d5 11 d5 11 d5 11 d5 11 d5,True,True
G,64,2015,0.3,0.75,1850.0,11 d5 11 d5 11 d5 11 d5 11 d5 11 d5 11 d5 11 d5 11 d5 11 d5 11 d5 11 d5 11 d5 11 d5 11 d5 11 d5 11 d5 11 d5 11 d5 11 d5 11 d5 11 d5 11 d5 11 d5 11 d5 11 d5 11 d5 11 d5 11 d5 11 d5 11 d5 11 d5,True,True
G,64,2015,0.3,0.85,1850.0,11 d5 11 d5 11 d5 11 d5 11 d5 11 d5 11 d5 11 d5 11 d5 11 d5 11 d5 11 d5 11 d5 11 d5 11 d5 11 d5 11 d5 11 d5 11 d5 11 d5 11 d5 11 d5 11 d5 11 d5 11 d5 11 d5 11 d5 11 d5 11 d5 11 d5 11 d5 11 d5,True,True
G,64,2015,0.4,0.65,1850.0,11 d5 11 d5 11 d5 11 d5 11 d5 11 d5 11 d5 11 d5 11 d5 11 d5 11 d5 11 d5 11 d5 11 d5 11 d5 11 d5 11 d5 11 d5 11 d5 11 d5 11 d5 11 d5 11 d5 11 d5 11 d5 11 d5 11 d5 11 d5 11 d5 11 d5 11 d5 11 d5,True,True
G,64,2015,0.4,0.75,1850.0,11 d5 11 d5 11 d5 11 d5 11 d5 11 d5 11 d5 11 d5 11 d5 11 d5 11 d5 11 d5 11 d5 11 d5 11 d5 11 d5 11 d5 11 d5 11 d5 11 d5 11 d5 11 d5 11 d5 11 d5 11 d5 11 d5 11 d5 11 d5 11 d5 11 d5 11 d5 11 d5,True,True
G,64,2015,0.4,0.85,1850.0,11 d5 11 d5 11 d5 11 d5 11 d5 11 d5 11 d5 11 d5 11 d5 11 d5 11 d5 11 d5 11 d5 11 d5 11 d5 11 d5 11 d5 11 d5 11 d5 11 d5 11 d5 11 d5 11 d5 11 d5 11 d5 11 d5 11 d5 11 d5 11 d5 11 d5 11 d5 11 d5,True,True
G,64,2015,0.5,0.65,1850.0,11 d5 11 d5 11 d5 11 d5 11 d5 11 d5 11 d5 11 d5 11 d5 11 d5 11 d5 11 d5 11 d5 11 d5 11 d5 11 d5 11 d5 11 d5 11 d5 11 d5 11 d5 11 d5 11 d5 11 d5 11 d5 11 d5 11 d5 11 d5 11 d5 11 d5 11 d5 11 d5,True,True
G,64,2015,0.5,0.75,1850.0,11 d5 11 d5 11 d5 11 d5 11 d5 11 d5 11 d5 11 d5 11 d5 11 d5 11 d5 11 d5 11 d5 11 d5 11 d5 11 d5 11 d5 11 d5 11 d5 11 d5 11 d5 11 d5 11 d5 11 d5 11 d5 11 d5 11 d5 11 d5 11 d5 11 d5 11 d5 11 d5,True,True
G,64,2015,0.5,0.85,1850.0,11 d5 11 d5 11 d5 11 d5 11 d5 11 d5 11 d5 11 d5 11 d5 11 d5 11 d5 11 d5 11 d5 11 d5 11 d5 11 d5 11 d5 11 d5 11 d5 11 d5 11 d5 11 d5 11 d5 11 d5 11 d5 11 d5 11 d5 11 d5 11 d5 11 d5 11 d5 11 d5,True,True
G,64,2015,0.6,0.65,1850.0,11 d5 11 d5 11 d5 11 d5 11 d5 11 d5 11 d5 11 d5 11 d5 11 d5 11 d5 11 d5 11 d5 11 d5 11 d5 11 d5 11 d5 11 d5 11 d5 11 d5 11 d5 11 d5 11 d5 11 d5 11 d5 11 d5 11 d5 11 d5 11 d5 11 d5 11 d5 11 d5,True,True
G,64,2015,0.6,0.75,1850.0,11 d5 11 d5 11 d5 11 d5 11 d5 11 d5 11 d5 11 d5 11 d5 11 d5 11 d5 11 d5 11 d5 11 d5 11 d5 11 d5 11 d5 11 d5 11 d5 11 d5 11 d5 11 d5 11 d5 11 d5 11 d5 11 d5 11 d5 11 d5 11 d5 11 d5 11 d5 11 d5,True,True
G,64,2015,0.6,0.85,1850.0,11 d5 11 d5 11 d5 11 d5 11 d5 11 d5 11 d5 11 d5 11 d5 11 d5 11 d5 11 d5 11 d5 11 d5 11 d5 11 d5 11 d5 11 d5 11 d5 11 d5 11 d5 11 d5 11 d5 11 d5 11 d5 11 d5 11 d5 11 d5 11 d5 11 d5 11 d5 11 d5,True,True
G,64,2016,0.2,0.65,600.0,01 c5 01 c5 01 c5 01 c5 01 c5 01 c5 01 c5 01 c5 01 c5 01 c5 01 c5 01 c5 01 c5 01 c5 01 c5 01 c5 01 c5 01 c5 01 c5 01 c5 01 c5 01 c5 01 c5 01 c5 01 c5 01 c5 01 c5 01 c5 01 c5 01 c5 01 c5 01 c5,True,True
G,64,2016,0.2,0.75,600.0,01 c5 01 c5 01 c5 01 c5 01 c5 01 c5 01 c5 01 c5 01 c5 01 c5 01 c5 01 c5 01 c5 01 c5 01 c5 01 c5 01 c5 01 c5 01 c5 01 c5 01 c5 01 c5 01 c5 01 c5 01 c5 01 c5 01 c5 01 c5 01 c5 01 c5 01 c5 01 c5,True,True
G,64,2016,0.2,0.85,600.0,01 c5 01 c5 01 c5 01 c5 01 c5 01 c5 01 c5 01 c5 01 c5 01 c5 01 c5 01 c5 01 c5 01 c5 01 c5 01 c5 01 c5 01 c5 01 c5 01 c5 01 c5 01 c5 01 c5 01 c5 01 c5 01 c5 01 c5 01 c5 01 c5 01 c5 01 c5 01 c5,True,True
G,64,2016,0.3,0.65,600.0,01 c5 01 c5 01 c5 01 c5 01 c5 01 c5 01 c5 01 c5 01 c5 01 c5 01 c5 01 c5 01 c5 01 c5 01 c5 01 c5 01 c5 01 c5 01 c5 01 c5 01 c5 01 c5 01 c5 01 c5 01 c5 01 c5 01 c5 01 c5 01 c5 01 c5 01 c5 01 c5,True,True
G,64,2016,0.3,0.75,600.0,01 c5 01 c5 01 c5 01 c5 01 c5 01 c5 01 c5 01 c5 01 c5 01 c5 01 c5 01 c5 01 c5 01 c5 01 c5 01 c5 01 c5 01 c5 01 c5 01 c5 01 c5 01 c5 01 c5 01 c5 01 c5 01 c5 01 c5 01 c5 01 c5 01 c5 01 c5 01 c5,True,True
G,64,2016,0.3,0.85,600.0,01 c5 01 c5 01 c5 01 c5 01 c5 01 c5 01 c5 01 c5 01 c5 01 c5 01 c5 01 c5 01 c5 01 c5 01 c5 01 c5 01 c5 01 c5 01 c5 01 c5 01 c5 01 c5 01 c5 01 c5 01 c5 01 c5 01 c5 01 c5 01 c5 01 c5 01 c5 01 c5,True,True
G,64,2016,0.4,0.65,600.0,01 c5 01 c5 01 c5 01 c5 01 c5 01 c5 01 c5 01 c5 01 c5 01 c5 01 c5 01 c5 01 c5 01 c5 01 c5 01 c5 01 c5 01 c5 01 c5 01 c5 01 c5 01 c5 01 c5 01 c5 01 c5 01 c5 01 c5 01 c5 01 c5 01 c5 01 c5 01 c5,True,True
G,64,2016,0.4,0.75,600.0,01 c5 01 c5 01 c5 01 c5 01 c5 01 c5 01 c5 01 c5 01 c5 01 c5 01 c5 01 c5 01 c5 01 c5 01 c5 01 c5 01 c5 01 c5 01 c5 01 c5 01 c5 01 c5 01 c5 01 c5 01 c5 01 c5 01 c5 01 c5 01 c5 01 c5 01 c5 01 c5,True,True
G,64,2016,0.4,0.85,600.0,01 c5 01 c5 01 c5 01 c5 01 c5 01 c5 01 c5 01 c5 01 c5 01 c5 01 c5 01 c5 01 c5 01 c5 01 c5 01 c5 01 c5 01 c5 01 c5 01 c5 01 c5 01 c5 01 c5 01 c5 01 c5 01 c5 01 c5 01 c5 01 c5 01 c5 01 c5 01 c5,True,True
G,64,2016,0.5,0.65,600.0,01 c5 01 c5 01 c5 01 c5 01 c5 01 c5 01 c5 01 c5 01 c5 01 c5 01 c5 01 c5 01 c5 01 c5 01 c5 01 c5 01 c5 01 c5 01 c5 01 c5 01 c5 01 c5 01 c5 01 c5 01 c5 01 c5 01 c5 01 c5 01 c5 01 c5 01 c5 01 c5,True,True
G,64,2016,0.5,0.75,600.0,01 c5 01 c5 01 c5 01 c5 01 c5 01 c5 01 c5 01 c5 01 c5 01 c5 01 c5 01 c5 01 c5 01 c5 01 c5 01 c5 01 c5 01 c5 01 c5 01 c5 01 c5 01 c5 01 c5 01 c5 01 c5 01 c5 01 c5 01 c5 01 c5 01 c5 01 c5 01 c5,True,True
G,64,2016,0.5,0.85,600.0,01 c5 01 c5 01 c5 01 c5 01 c5 01 c5 01 c5 01 c5 01 c5 01 c5 01 c5 01 c5 01 c5 01 c5 01 c5 01 c5 01 c5 01 c5 01 c5 01 c5 01 c5 01 c5 01 c5 01 c5 01 c5 01 c5 01 c5 01 c5 01 c5 01 c5 01 c5 01 c5,True,True
G,64,2016,0.6,0.65,600.0,01 c5 01 c5 01 c5 01 c5 01 c5 01 c5 01 c5 01 c5 01 c5 01 c5 01 c5 01 c5 01 c5 01 c5 01 c5 01 c5 01 c5 01 c5 01 c5 01 c5 01 c5 01 c5 01 c5 01 c5 01 c5 01 c5 01 c5 01 c5 01 c5 01 c5 01 c5 01 c5,True,True
G,64,2016,0.6,0.75,600.0,01 c5 01 c5 01 c5 01 c5 01 c5 01 c5 01 c5 01 c5 01 c5 01 c5 01 c5 01 c5 01 c5 01 c5 01 c5 01 c5 01 c5 01 c5 01 c5 01 c5 01 c5 01 c5 01 c5 01 c5 01 c5 01 c5 01 c5 01 c5 01 c5 01 c5 01 c5 01 c5,True,True
G,64,2016,0.6,0.85,600.0,01 c5 01 c5 01 c5 01 c5 01 c5 01 c5 01 c5 01 c5 01 c5 01 c5 01 c5 01 c5 01 c5 01 c5 01 c5 01 c5 01 c5 01 c5 01 c5 01 c5 01 c5 01 c5 01 c5 01 c5 01 c5 01 c5 01 c5 01 c5 01 c5 01 c5 01 c5 01 c5,True,True
G,64,2017,0.2,0.65,1000.0,01 c5 01 c5 01 c5 01 c5 01 c5 01 c5 01 c5 01 c5 01 c5 01 c5 01 c5 01 c5 01 c5 01 c5 01 c5 01 c5 01 c5 01 c5 01 c5 01 c5 01 c5 01 c5 01 c5 01 c5 01 c5 01 c5 01 c5 01 c5 01 c5 01 c5 01 c5 01 c5,True,True
G,64,2017,0.2,0.75,1000.0,01 c5 01 c5 01 c5 01 c5 01 c5 01 c5 01 c5 01 c5 01 c5 01 c5 01 c5 01 c5 01 c5 01 c5 01 c5 01 c5 01 c5 01 c5 01 c5 01 c5 01 c5 01 c5 01 c5 01 c5 01 c5 01 c5 01 c5 01 c5 01 c5 01 c5 01 c5 01 c5,True,True
G,64,2017,0.2,0.85,1000.0,01 c5 01 c5 01 c5 01 c5 01 c5 01 c5 01 c5 01 c5 01 c5 01 c5 01 c5 01 c5 01 c5 01 c5 01 c5 01 c5 01 c5 01 c5 01 c5 01 c5 01 c5 01 c5 01 c5 01 c5 01 c5 01 c5 01 c5 01 c5 01 c5 01 c5 01 c5 01 c5,True,True
G,64,2017,0.3,0.65,1000.0,01 c5 01 c5 01 c5 01 c5 01 c5 01 c5 01 c5 01 c5 01 c5 01 c5 01 c5 01 c5 01 c5 01 c5 01 c5 01 c5 01 c5 01 c5 01 c5 01 c5 01 c5 01 c5 01 c5 01 c5 01 c5 01 c5 01 c5 01 c5 01 c5 01 c5 01 c5 01 c5,True,True
G,64,2017,0.3,0.75,1000.0,01 c5 01 c5 01 c5 01 c5 01 c5 01 c5 01 c5 01 c5 01 c5 01 c5 01 c5 01 c5 01 c5 01 c5 01 c5 01 c5 01 c5 01 c5 01 c5 01 c5 01 c5 01 c5 01 c5 01 c5 01 c5 01 c5 01 c5 01 c5 01 c5 01 c5 01 c5 01 c5,True,True
G,64,2017,0.3,0.85,1000.0,01 c5 01 c5 01 c5 01 c5 01 c5 01 c5 01 c5 01 c5 01 c5 01 c5 01 c5 01 c5 01 c5 01 c5 01 c5 01 c5 01 c5 01 c5 01 c5 01 c5 01 c5 01 c5 01 c5 01 c5 01 c5 01 c5 01 c5 01 c5 01 c5 01 c5 01 c5 01 c5,True,True
G,64,2017,0.4,0.65,1000.0,01 c5 01 c5 01 c5 01 c5 01 c5 01 c5 01 c5 01 c5 01 c5 01 c5 01 c5 01 c5 01 c5 01 c5 01 c5 01 c5 01 c5 01 c5 01 c5 01 c5 01 c5 01 c5 01 c5 01 c5 01 c5 01 c5 01 c5 01 c5 01 c5 01 c5 01 c5 01 c5,True,True
G,64,2017,0.4,0.75,1000.0,01 c5 01 c5 01 c5 01 c5 01 c5 01 c5 01 c5 01 c5 01 c5 01 c5 01 c5 01 c5 01 c5 01 c5 01 c5 01 c5 01 c5 01 c5 01 c5 01 c5 01 c5 01 c5 01 c5 01 c5 01 c5 01 c5 01 c5 01 c5 01 c5 01 c5 01 c5 01 c5,True,True
G,64,2017,0.4,0.85,1000.0,01 c5 01 c5 01 c5 01 c5 01 c5 01 c5 01 c5 01 c5 01 c5 01 c5 01 c5 01 c5 01 c5 01 c5 01 c5 01 c5 01 c5 01 c5 01 c5 01 c5 01 c5 01 c5 01 c5 01 c5 01 c5 01 c5 01 c5 01 c5 01 c5 01 c5 01 c5 01 c5,True,True
G,64,2017,0.5,0.65,1000.0,01 c5 01 c5 01 c5 01 c5 01 c5 01 c5 01 c5 01 c5 01 c5 01 c5 01 c5 01 c5 01 c5 01 c5 01 c5 01 c5 01 c5 01 c5 01 c5 01 c5 01 c5 01 c5 01 c5 01 c5 01 c5 01 c5 01 c5 01 c5 01 c5 01 c5 01 c5 01 c5,True,True
G,64,2017,0.5,0.75,1000.0,01 c5 01 c5 01 c5 01 c5 01 c5 01 c5 01 c5 01 c5 01 c5 01 c5 01 c5 01 c5 01 c5 01 c5 01 c5 01 c5 01 c5 01 c5 01 c5 01 c5 01 c5 01 c5 01 c5 01 c5 01 c5 01 c5 01 c5 01 c5 01 c5 01 c5 01 c5 01 c5,True,True
G,64,2017,0.5,0.85,1000.0,01 c5 01 c5 01 c5 01 c5 01 c5 01 c5 01 c5 01 c5 01 c5 01 c5 01 c5 01 c5 01 c5 01 c5 01 c5 01 c5 01 c5 01 c5 01 c5 01 c5 01 c5 01 c5 01 c5 01 c5 01 c5 01 c5 01 c5 01 c5 01 c5 01 c5 01 c5 01 c5,True,True
G,64,2017,0.6,0.65,1550.0,21 e5 21 e5 21 e5 21 e5 21 e5 21 e5 21 e5 21 e5 21 e5 21 e5 21 e5 21 e5 21 e5 21 e5 21 e5 21 e5 21 e5 21 e5 21 e5 21 e5 21 e5 21 e5 21 e5 21 e5 21 e5 21 e5 21 e5 21 e5 21 e5 21 e5 21 e5 21 e5,True,True
G,64,2017,0.6,0.75,1550.0,21 e5 21 e5 21 e5 21 e5 21 e5 21 e5 21 e5 21 e5 21 e5 21 e5 21 e5 21 e5 21 e5 21 e5 21 e5 21 e5 21 e5 21 e5 21 e5 21 e5 21 e5 21 e5 21 e5 21 e5 21 e5 21 e5 21 e5 21 e5 21 e5 21 e5 21 e5 21 e5,True,True
G,64,2017,0.6,0.85,1550.0,21 e5 21 e5 21 e5 21 e5 21 e5 21 e5 21 e5 21 e5 21 e5 21 e5 21 e5 21 e5 21 e5 21 e5 21 e5 21 e5 21 e5 21 e5 21 e5 21 e5 21 e5 21 e5 21 e5 21 e5 21 e5 21 e5 21 e5 21 e5 21 e5 21 e5 21 e5 21 e5,True,True
G,64,2018,0.2,0.65,600.0,01 c5 01 c5 01 c5 01 c5 01 c5 01 c5 01 c5 01 c5 01 c5 01 c5 01 c5 01 c5 01 c5 01 c5 01 c5 01 c5 01 c5 01 c5 01 c5 01 c5 01 c5 01 c5 01 c5 01 c5 01 c5 01 c5 01 c5 01 c5 01 c5 01 c5 01 c5 01 c5,True,True
G,64,2018,0.2,0.75,600.0,01 c5 01 c5 01 c5 01 c5 01 c5 01 c5 01 c5 01 c5 01 c5 01 c5 01 c5 01 c5 01 c5 01 c5 01 c5 01 c5 01 c5 01 c5 01 c5 01 c5 01 c5 01 c5 01 c5 01 c5 01 c5 01 c5 01 c5 01 c5 01 c5 01 c5 01 c5 01 c5,True,True
G,64,2018,0.2,0.85,600.0,01 c5 01 c5 01 c5 01 c5 01 c5 01 c5 01 c5 01 c5 01 c5 01 c5 01 c5 01 c5 01 c5 01 c5 01 c5 01 c5 01 c5 01 c5 01 c5 01 c5 01 c5 01 c5 01 c5 01 c5 01 c5 01 c5 01 c5 01 c5 01 c5 01 c5 01 c5 01 c5,True,True
G,64,2018,0.3,0.65,600.0,01 c5 01 c5 01 c5 01 c5 01 c5 01 c5 01 c5 01 c5 01 c5 01 c5 01 c5 01 c5 01 c5 01 c5 01 c5 01 c5 01 c5 01 c5 01 c5 01 c5 01 c5 01 c5 01 c5 01 c5 01 c5 01 c5 01 c5 01 c5 01 c5 01 c5 01 c5 01 c5,True,True
G,64,2018,0.3,0.75,600.0,01 c5 01 c5 01 c5 01 c5 01 c5 01 c5 01 c5 01 c5 01 c5 01 c5 01 c5 01 c5 01 c5 01 c5 01 c5 01 c5 01 c5 01 c5 01 c5 01 c5 01 c5 01 c5 01 c5 01 c5 01 c5 01 c5 01 c5 01 c5 01 c5 01 c5 01 c5 01 c5,True,True
G,64,2018,0.3,0.85,600.0,01 c5 01 c5 01 c5 01 c5 01 c5 01 c5 01 c5 01 c5 01 c5 01 c5 01 c5 01 c5 01 c5 01 c5 01 c5 01 c5 01 c5 01 c5 01 c5 01 c5 01 c5 01 c5 01 c5 01 c5 01 c5 01 c5 01 c5 01 c5 01 c5 01 c5 01 c5 01 c5,True,True
G,64,2018,0.4,0.65,600.0,01 c5 01 c5 01 c5 01 c5 01 c5 01 c5 01 c5 01 c5 01 c5 01 c5 01 c5 01 c5 01 c5 01 c5 01 c5 01 c5 01 c5 01 c5 01 c5 01 c5 01 c5 01 c5 01 c5 01 c5 01 c5 01 c5 01 c5 01 c5 01 c5 01 c5 01 c5 01 c5,True,True
G,64,2018,0.4,0.75,600.0,01 c5 01 c5 01 c5 01 c5 01 c5 01 c5 01 c5 01 c5 01 c5 01 c5 01 c5 01 c5 01 c5 01 c5 01 c5 01 c5 01 c5 01 c5 01 c5 01 c5 01 c5 01 c5 01 c5 01 c5 01 c5 01 c5 01 c5 01 c5 01 c5 01 c5 01 c5 01 c5,True,True
G,64,2018,0.4,0.85,600.0,01 c5 01 c5 01 c5 01 c5 01 c5 01 c5 01 c5 01 c5 01 c5 01 c5 01 c5 01 c5 01 c5 01 c5 01 c5 01 c5 01 c5 01 c5 01 c5 01 c5 01 c5 01 c5 01 c5 01 c5 01 c5 01 c5 01 c5 01 c5 01 c5 01 c5 01 c5 01 c5,True,True
G,64,2018,0.5,0.65,600.0,01 c5 01 c5 01 c5 01 c5 01 c5 01 c5 01 c5 01 c5 01 c5 01 c5 01 c5 01 c5 01 c5 01 c5 01 c5 01 c5 01 c5 01 c5 01 c5 01 c5 01 c5 01 c5 01 c5 01 c5 01 c5 01 c5 01 c5 01 c5 01 c5 01 c5 01 c5 01 c5,True,True
G,64,2018,0.5,0.75,600.0,01 c5 01 c5 01 c5 01 c5 01 c5 01 c5 01 c5 01 c5 01 c5 01 c5 01 c5 01 c5 01 c5 01 c5 01 c5 01 c5 01 c5 01 c5 01 c5 01 c5 01 c5 01 c5 01 c5 01 c5 01 c5 01 c5 01 c5 01 c5 01 c5 01 c5 01 c5 01 c5,True,True
G,64,2018,0.5,0.85,600.0,01 c5 01 c5 01 c5 01 c5 01 c5 01 c5 01 c5 01 c5 01 c5 01 c5 01 c5 01 c5 01 c5 01 c5 01 c5 01 c5 01 c5 01 c5 01 c5 01 c5 01 c5 01 c5 01 c5 01 c5 01 c5 01 c5 01 c5 01 c5 01 c5 01 c5 01 c5 01 c5,True,True
G,64,2018,0.6,0.65,600.0,01 c5 01 c5 01 c5 01 c5 01 c5 01 c5 01 c5 01 c5 01 c5 01 c5 01 c5 01 c5 01 c5 01 c5 01 c5 01 c5 01 c5 01 c5 01 c5 01 c5 01 c5 01 c5 01 c5 01 c5 01 c5 01 c5 01 c5 01 c5 01 c5 01 c5 01 c5 01 c5,True,True
G,64,2018,0.6,0.75,600.0,01 c5 01 c5 01 c5 01 c5 01 c5 01 c5 01 c5 01 c5 01 c5 01 c5 01 c5 01 c5 01 c5 01 c5 01 c5 01 c5 01 c5 01 c5 01 c5 01 c5 01 c5 01 c5 01 c5 01 c5 01 c5 01 c5 01 c5 01 c5 01 c5 01 c5 01 c5 01 c5,True,True
G,64,2018,0.6,0.85,600.0,01 c5 01 c5 01 c5 01 c5 01 c5 01 c5 01 c5 01 c5 01 c5 01 c5 01 c5 01 c5 01 c5 01 c5 01 c5 01 c5 01 c5 01 c5 01 c5 01 c5 01 c5 01 c5 01 c5 01 c5 01 c5 01 c5 01 c5 01 c5 01 c5 01 c5 01 c5 01 c5,True,True
G,64,2019,0.2,0.65,450.0,01 c5 01 c5 01 c5 01 c5 01 c5 01 c5 01 c5 01 c5 01 c5 01 c5 01 c5 01 c5 01 c5 01 c5 01 c5 01 c5 01 c5 01 c5 01 c5 01 c5 01 c5 01 c5 01 c5 01 c5 01 c5 01 c5 01 c5 01 c5 01 c5 01 c5 01 c5 01 c5,True,True
G,64,2019,0.2,0.75,450.0,01 c5 01 c5 01 c5 01 c5 01 c5 01 c5 01 c5 01 c5 01 c5 01 c5 01 c5 01 c5 01 c5 01 c5 01 c5 01 c5 01 c5 01 c5 01 c5 01 c5 01 c5 01 c5 01 c5 01 c5 01 c5 01 c5 01 c5 01 c5 01 c5 01 c5 01 c5 01 c5,True,True
G,64,2019,0.2,0.85,450.0,01 c5 01 c5 01 c5 01 c5 01 c5 01 c5 01 c5 01 c5 01 c5 01 c5 01 c5 01 c5 01 c5 01 c5 01 c5 01 c5 01 c5 01 c5 01 c5 01 c5 01 c5 01 c5 01 c5 01 c5 01 c5 01 c5 01 c5 01 c5 01 c5 01 c5 01 c5 01 c5,True,True
G,64,2019,0.3,0.65,450.0,01 c5 01 c5 01 c5 01 c5 01 c5 01 c5 01 c5 01 c5 01 c5 01 c5 01 c5 01 c5 01 c5 01 c5 01 c5 01 c5 01 c5 01 c5 01 c5 01 c5 01 c5 01 c5 01 c5 01 c5 01 c5 01 c5 01 c5 01 c5 01 c5 01 c5 01 c5 01 c5,True,True
G,64,2019,0.3,0.75,450.0,01 c5 01 c5 01 c5 01 c5 01 c5 01 c5 01 c5 01 c5 01 c5 01 c5 01 c5 01 c5 01 c5 01 c5 01 c5 01 c5 01 c5 01 c5 01 c5 01 c5 01 c5 01 c5 01 c5 01 c5 01 c5 01 c5 01 c5 01 c5 01 c5 01 c5 01 c5 01 c5,True,True
G,64,2019,0.3,0.85,450.0,01 c5 01 c5 01 c5 01 c5 01 c5 01 c5 01 c5 01 c5 01 c5 01 c5 01 c5 01 c5 01 c5 01 c5 01 c5 01 c5 01 c5 01 c5 01 c5 01 c5 01 c5 01 c5 01 c5 01 c5 01 c5 01 c5 01 c5 01 c5 01 c5 01 c5 01 c5 01 c5,True,True
G,64,2019,0.4,0.65,450.0,01 c5 01 c5 01 c5 01 c5 01 c5 01 c5 01 c5 01 c5 01 c5 01 c5 01 c5 01 c5 01 c5 01 c5 01 c5 01 c5 01 c5 01 c5 01 c5 01 c5 01 c5 01 c5 01 c5 01 c5 01 c5 01 c5 01 c5 01 c5 01 c5 01 c5 01 c5 01 c5,True,True
G,64,2019,0.4,0.75,450.0,01 c5 01 c5 01 c5 01 c5 01 c5 01 c5 01 c5 01 c5 01 c5 01 c5 01 c5 01 c5 01 c5 01 c5 01 c5 01 c5 01 c5 01 c5 01 c5 01 c5 01 c5 01 c5 01 c5 01 c5 01 c5 01 c5 01 c5 01 c5 01 c5 01 c5 01 c5 01 c5,True,True
G,64,2019,0.4,0.85,450.0,01 c5 01 c5 01 c5 01 c5 01 c5 01 c5 01 c5 01 c5 01 c5 01 c5 01 c5 01 c5 01 c5 01 c5 01 c5 01 c5 01 c5 01 c5 01 c5 01 c5 01 c5 01 c5 01 c5 01 c5 01 c5 01 c5 01 c5 01 c5 01 c5 01 c5 01 c5 01 c5,True,True
G,64,2019,0.5,0.65,450.0,01 c5 01 c5 01 c5 01 c5 01 c5 01 c5 01 c5 01 c5 01 c5 01 c5 01 c5 01 c5 01 c5 01 c5 01 c5 01 c5 01 c5 01 c5 01 c5 01 c5 01 c5 01 c5 01 c5 01 c5 01 c5 01 c5 01 c5 01 c5 01 c5 01 c5 01 c5 01 c5,True,True
G,64,2019,0.5,0.75,450.0,01 c5 01 c5 01 c5 01 c5 01 c5 01 c5 01 c5 01 c5 01 c5 01 c5 01 c5 01 c5 01 c5 01 c5 01 c5 01 c5 01 c5 01 c5 01 c5 01 c5 01 c5 01 c5 01 c5 01 c5 01 c5 01 c5 01 c5 01 c5 01 c5 01 c5 01 c5 01 c5,True,True
G,64,2019,0.5,0.85,450.0,01 c5 01 c5 01 c5 01 c5 01 c5 01 c5 01 c5 01 c5 01 c5 01 c5 01 c5 01 c5 01 c5 01 c5 01 c5 01 c5 01 c5 01 c5 01 c5 01 c5 01 c5 01 c5 01 c5 01 c5 01 c5 01 c5 01 c5 01 c5 01 c5 01 c5 01 c5 01 c5,True,True
G,64,2019,0.6,0.65,,,False,False
G,64,2019,0.6,0.75,,,False,False
G,64,2019,0.6,0.85,,,False,False
G,64,2020,0.2,0.65,850.0,01 c5 01 c5 01 c5 01 c5 01 c5 01 c5 01 c5 01 c5 01 c5 01 c5 01 c5 01 c5 01 c5 01 c5 01 c5 01 c5 01 c5 01 c5 01 c5 01 c5 01 c5 01 c5 01 c5 01 c5 01 c5 01 c5 01 c5 01 c5 01 c5 01 c5 01 c5 01 c5,True,True
G,64,2020,0.2,0.75,850.0,01 c5 01 c5 01 c5 01 c5 01 c5 01 c5 01 c5 01 c5 01 c5 01 c5 01 c5 01 c5 01 c5 01 c5 01 c5 01 c5 01 c5 01 c5 01 c5 01 c5 01 c5 01 c5 01 c5 01 c5 01 c5 01 c5 01 c5 01 c5 01 c5 01 c5 01 c5 01 c5,True,True
G,64,2020,0.2,0.85,850.0,01 c5 01 c5 01 c5 01 c5 01 c5 01 c5 01 c5 01 c5 01 c5 01 c5 01 c5 01 c5 01 c5 01 c5 01 c5 01 c5 01 c5 01 c5 01 c5 01 c5 01 c5 01 c5 01 c5 01 c5 01 c5 01 c5 01 c5 01 c5 01 c5 01 c5 01 c5 01 c5,True,True
G,64,2020,0.3,0.65,850.0,01 c5 01 c5 01 c5 01 c5 01 c5 01 c5 01 c5 01 c5 01 c5 01 c5 01 c5 01 c5 01 c5 01 c5 01 c5 01 c5 01 c5 01 c5 01 c5 01 c5 01 c5 01 c5 01 c5 01 c5 01 c5 01 c5 01 c5 01 c5 01 c5 01 c5 01 c5 01 c5,True,True
G,64,2020,0.3,0.75,850.0,01 c5 01 c5 01 c5 01 c5 01 c5 01 c5 01 c5 01 c5 01 c5 01 c5 01 c5 01 c5 01 c5 01 c5 01 c5 01 c5 01 c5 01 c5 01 c5 01 c5 01 c5 01 c5 01 c5 01 c5 01 c5 01 c5 01 c5 01 c5 01 c5 01 c5 01 c5 01 c5,True,True
G,64,2020,0.3,0.85,850.0,01 c5 01 c5 01 c5 01 c5 01 c5 01 c5 01 c5 01 c5 01 c5 01 c5 01 c5 01 c5 01 c5 01 c5 01 c5 01 c5 01 c5 01 c5 01 c5 01 c5 01 c5 01 c5 01 c5 01 c5 01 c5 01 c5 01 c5 01 c5 01 c5 01 c5 01 c5 01 c5,True,True
G,64,2020,0.4,0.65,850.0,01 c5 01 c5 01 c5 01 c5 01 c5 01 c5 01 c5 01 c5 01 c5 01 c5 01 c5 01 c5 01 c5 01 c5 01 c5 01 c5 01 c5 01 c5 01 c5 01 c5 01 c5 01 c5 01 c5 01 c5 01 c5 01 c5 01 c5 01 c5 01 c5 01 c5 01 c5 01 c5,True,True
G,64,2020,0.4,0.75,850.0,01 c5 01 c5 01 c5 01 c5 01 c5 01 c5 01 c5 01 c5 01 c5 01 c5 01 c5 01 c5 01 c5 01 c5 01 c5 01 c5 01 c5 01 c5 01 c5 01 c5 01 c5 01 c5 01 c5 01 c5 01 c5 01 c5 01 c5 01 c5 01 c5 01 c5 01 c5 01 c5,True,True
G,64,2020,0.4,0.85,850.0,01 c5 01 c5 01 c5 01 c5 01 c5 01 c5 01 c5 01 c5 01 c5 01 c5 01 c5 01 c5 01 c5 01 c5 01 c5 01 c5 01 c5 01 c5 01 c5 01 c5 01 c5 01 c5 01 c5 01 c5 01 c5 01 c5 01 c5 01 c5 01 c5 01 c5 01 c5 01 c5,True,True
G,64,2020,0.5,0.65,850.0,01 c5 01 c5 01 c5 01 c5 01 c5 01 c5 01 c5 01 c5 01 c5 01 c5 01 c5 01 c5 01 c5 01 c5 01 c5 01 c5 01 c5 01 c5 01 c5 01 c5 01 c5 01 c5 01 c5 01 c5 01 c5 01 c5 01 c5 01 c5 01 c5 01 c5 01 c5 01 c5,True,True
G,64,2020,0.5,0.75,850.0,01 c5 01 c5 01 c5 01 c5 01 c5 01 c5 01 c5 01 c5 01 c5 01 c5 01 c5 01 c5 01 c5 01 c5 01 c5 01 c5 01 c5 01 c5 01 c5 01 c5 01 c5 01 c5 01 c5 01 c5 01 c5 01 c5 01 c5 01 c5 01 c5 01 c5 01 c5 01 c5,True,True
G,64,2020,0.5,0.85,850.0,01 c5 01 c5 01 c5 01 c5 01 c5 01 c5 01 c5 01 c5 01 c5 01 c5 01 c5 01 c5 01 c5 01 c5 01 c5 01 c5 01 c5 01 c5 01 c5 01 c5 01 c5 01 c5 01 c5 01 c5 01 c5 01 c5 01 c5 01 c5 01 c5 01 c5 01 c5 01 c5,True,True
G,64,2020,0.6,0.65,1100.0,11 d5 11 d5 11 d5 11 d5 11 d5 11 d5 11 d5 11 d5 11 d5 11 d5 11 d5 11 d5 11 d5 11 d5 11 d5 11 d5 11 d5 11 d5 11 d5 11 d5 11 d5 11 d5 11 d5 11 d5 11 d5 11 d5 11 d5 11 d5 11 d5 11 d5 11 d5 11 d5,True,True
G,64,2020,0.6,0.75,1100.0,11 d5 11 d5 11 d5 11 d5 11 d5 11 d5 11 d5 11 d5 11 d5 11 d5 11 d5 11 d5 11 d5 11 d5 11 d5 11 d5 11 d5 11 d5 11 d5 11 d5 11 d5 11 d5 11 d5 11 d5 11 d5 11 d5 11 d5 11 d5 11 d5 11 d5 11 d5 11 d5,True,True
G,64,2020,0.6,0.85,1100.0,11 d5 11 d5 11 d5 11 d5 11 d5 11 d5 11 d5 11 d5 11 d5 11 d5 11 d5 11 d5 11 d5 11 d5 11 d5 11 d5 11 d5 11 d5 11 d5 11 d5 11 d5 11 d5 11 d5 11 d5 11 d5 11 d5 11 d5 11 d5 11 d5 11 d5 11 d5 11 d5,True,True
H,16,3001,0.2,0.65,50.0,01 c5 01 c5 01 c5 01 c5 01 c5 01 c5 01 c5 01 c5,True,True
H,16,3001,0.2,0.75,50.0,01 c5 01 c5 01 c5 01 c5 01 c5 01 c5 01 c5 01 c5,True,True
H,16,3001,0.2,0.85,50.0,01 c5 01 c5 01 c5 01 c5 01 c5 01 c5 01 c5 01 c5,True,True
H,16,3001,0.3,0.65,50.0,01 c5 01 c5 01 c5 01 c5 01 c5 01 c5 01 c5 01 c5,True,True
H,16,3001,0.3,0.75,50.0,01 c5 01 c5 01 c5 01 c5 01 c5 01 c5 01 c5 01 c5,True,True
H,16,3001,0.3,0.85,50.0,01 c5 01 c5 01 c5 01 c5 01 c5 01 c5 01 c5 01 c5,True,True
H,16,3001,0.4,0.65,50.0,01 c5 01 c5 01 c5 01 c5 01 c5 01 c5 01 c5 01 c5,True,True
H,16,3001,0.4,0.75,50.0,01 c5 01 c5 01 c5 01 c5 01 c5 01 c5 01 c5 01 c5,True,True
H,16,3001,0.4,0.85,50.0,01 c5 01 c5 01 c5 01 c5 01 c5 01 c5 01 c5 01 c5,True,True
H,16,3001,0.5,0.65,50.0,01 c5 01 c5 01 c5 01 c5 01 c5 01 c5 01 c5 01 c5,True,True
H,16,3001,0.5,0.75,50.0,01 c5 01 c5 01 c5 01 c5 01 c5 01 c5 01 c5 01 c5,True,True
H,16,3001,0.5,0.85,50.0,01 c5 01 c5 01 c5 01 c5 01 c5 01 c5 01 c5 01 c5,True,True
H,16,3001,0.6,0.65,2500.0,e5 2a e5 2a e5 2a e5 2a e5 2a e5 2a e5 2a e5 2a,True,True
H,16,3001,0.6,0.75,2500.0,e5 2a e5 2a e5 2a e5 2a e5 2a e5 2a e5 2a e5 2a,True,True
H,16,3001,0.6,0.85,2500.0,e5 2a e5 2a e5 2a e5 2a e5 2a e5 2a e5 2a e5 2a,True,True
H,16,3002,0.2,0.65,100.0,01 c5 01 c5 01 c5 01 c5 01 c5 01 c5 01 c5 01 c5,True,True
H,16,3002,0.2,0.75,100.0,01 c5 01 c5 01 c5 01 c5 01 c5 01 c5 01 c5 01 c5,True,True
H,16,3002,0.2,0.85,100.0,01 c5 01 c5 01 c5 01 c5 01 c5 01 c5 01 c5 01 c5,True,True
H,16,3002,0.3,0.65,100.0,01 c5 01 c5 01 c5 01 c5 01 c5 01 c5 01 c5 01 c5,True,True
H,16,3002,0.3,0.75,100.0,01 c5 01 c5 01 c5 01 c5 01 c5 01 c5 01 c5 01 c5,True,True
H,16,3002,0.3,0.85,100.0,01 c5 01 c5 01 c5 01 c5 01 c5 01 c5 01 c5 01 c5,True,True
H,16,3002,0.4,0.65,100.0,01 c5 01 c5 01 c5 01 c5 01 c5 01 c5 01 c5 01 c5,True,True
H,16,3002,0.4,0.75,100.0,01 c5 01 c5 01 c5 01 c5 01 c5 01 c5 01 c5 01 c5,True,True
H,16,3002,0.4,0.85,100.0,01 c5 01 c5 01 c5 01 c5 01 c5 01 c5 01 c5 01 c5,True,True
H,16,3002,0.5,0.65,100.0,01 c5 01 c5 01 c5 01 c5 01 c5 01 c5 01 c5 01 c5,True,True
H,16,3002,0.5,0.75,100.0,01 c5 01 c5 01 c5 01 c5 01 c5 01 c5 01 c5 01 c5,True,True
H,16,3002,0.5,0.85,100.0,01 c5 01 c5 01 c5 01 c5 01 c5 01 c5 01 c5 01 c5,True,True
H,16,3002,0.6,0.65,100.0,01 c5 01 c5 01 c5 01 c5 01 c5 01 c5 01 c5 01 c5,True,True
H,16,3002,0.6,0.75,100.0,01 c5 01 c5 01 c5 01 c5 01 c5 01 c5 01 c5 01 c5,True,True
H,16,3002,0.6,0.85,100.0,01 c5 01 c5 01 c5 01 c5 01 c5 01 c5 01 c5 01 c5,True,True
H,16,3003,0.2,0.65,150.0,01 c5 01 c5 01 c5 01 c5 01 c5 01 c5 01 c5 01 c5,True,True
H,16,3003,0.2,0.75,150.0,01 c5 01 c5 01 c5 01 c5 01 c5 01 c5 01 c5 01 c5,True,True
H,16,3003,0.2,0.85,150.0,01 c5 01 c5 01 c5 01 c5 01 c5 01 c5 01 c5 01 c5,True,True
H,16,3003,0.3,0.65,150.0,01 c5 01 c5 01 c5 01 c5 01 c5 01 c5 01 c5 01 c5,True,True
H,16,3003,0.3,0.75,150.0,01 c5 01 c5 01 c5 01 c5 01 c5 01 c5 01 c5 01 c5,True,True
H,16,3003,0.3,0.85,150.0,01 c5 01 c5 01 c5 01 c5 01 c5 01 c5 01 c5 01 c5,True,True
H,16,3003,0.4,0.65,150.0,01 c5 01 c5 01 c5 01 c5 01 c5 01 c5 01 c5 01 c5,True,True
H,16,3003,0.4,0.75,150.0,01 c5 01 c5 01 c5 01 c5 01 c5 01 c5 01 c5 01 c5,True,True
H,16,3003,0.4,0.85,150.0,01 c5 01 c5 01 c5 01 c5 01 c5 01 c5 01 c5 01 c5,True,True
H,16,3003,0.5,0.65,150.0,01 c5 01 c5 01 c5 01 c5 01 c5 01 c5 01 c5 01 c5,True,True
H,16,3003,0.5,0.75,150.0,01 c5 01 c5 01 c5 01 c5 01 c5 01 c5 01 c5 01 c5,True,True
H,16,3003,0.5,0.85,150.0,01 c5 01 c5 01 c5 01 c5 01 c5 01 c5 01 c5 01 c5,True,True
H,16,3003,0.6,0.65,10000.0,e5 2a e5 2a e5 2a e5 2a e5 2a e5 2a e5 2a e5 2a,True,True
H,16,3003,0.6,0.75,10000.0,e5 2a e5 2a e5 2a e5 2a e5 2a e5 2a e5 2a e5 2a,True,True
H,16,3003,0.6,0.85,10000.0,e5 2a e5 2a e5 2a e5 2a e5 2a e5 2a e5 2a e5 2a,True,True
H,16,3004,0.2,0.65,100.0,11 d5 11 d5 11 d5 11 d5 11 d5 11 d5 11 d5 11 d5,True,True
H,16,3004,0.2,0.75,100.0,11 d5 11 d5 11 d5 11 d5 11 d5 11 d5 11 d5 11 d5,True,True
H,16,3004,0.2,0.85,100.0,11 d5 11 d5 11 d5 11 d5 11 d5 11 d5 11 d5 11 d5,True,True
H,16,3004,0.3,0.65,100.0,11 d5 11 d5 11 d5 11 d5 11 d5 11 d5 11 d5 11 d5,True,True
H,16,3004,0.3,0.75,100.0,11 d5 11 d5 11 d5 11 d5 11 d5 11 d5 11 d5 11 d5,True,True
H,16,3004,0.3,0.85,100.0,11 d5 11 d5 11 d5 11 d5 11 d5 11 d5 11 d5 11 d5,True,True
H,16,3004,0.4,0.65,100.0,11 d5 11 d5 11 d5 11 d5 11 d5 11 d5 11 d5 11 d5,True,True
H,16,3004,0.4,0.75,100.0,11 d5 11 d5 11 d5 11 d5 11 d5 11 d5 11 d5 11 d5,True,True
H,16,3004,0.4,0.85,100.0,11 d5 11 d5 11 d5 11 d5 11 d5 11 d5 11 d5 11 d5,True,True
H,16,3004,0.5,0.65,100.0,11 d5 11 d5 11 d5 11 d5 11 d5 11 d5 11 d5 11 d5,True,True
H,16,3004,0.5,0.75,100.0,11 d5 11 d5 11 d5 11 d5 11 d5 11 d5 11 d5 11 d5,True,True
H,16,3004,0.5,0.85,100.0,11 d5 11 d5 11 d5 11 d5 11 d5 11 d5 11 d5 11 d5,True,True
H,16,3004,0.6,0.65,300.0,11 b0 11 b0 11 b0 11 b0 ed b0 7d 21 30 c0 05 c0,False,False
H,16,3004,0.6,0.75,300.0,11 b0 11 b0 11 b0 11 b0 ed b0 7d 21 30 c0 05 c0,False,False
H,16,3004,0.6,0.85,300.0,11 b0 11 b0 11 b0 11 b0 ed b0 7d 21 30 c0 05 c0,False,False
H,16,3005,0.2,0.65,100.0,01 c5 01 c5 01 c5 01 c5 01 c5 01 c5 01 c5 01 c5,True,True
H,16,3005,0.2,0.75,100.0,01 c5 01 c5 01 c5 01 c5 01 c5 01 c5 01 c5 01 c5,True,True
H,16,3005,0.2,0.85,100.0,01 c5 01 c5 01 c5 01 c5 01 c5 01 c5 01 c5 01 c5,True,True
H,16,3005,0.3,0.65,100.0,01 c5 01 c5 01 c5 01 c5 01 c5 01 c5 01 c5 01 c5,True,True
H,16,3005,0.3,0.75,100.0,01 c5 01 c5 01 c5 01 c5 01 c5 01 c5 01 c5 01 c5,True,True
H,16,3005,0.3,0.85,100.0,01 c5 01 c5 01 c5 01 c5 01 c5 01 c5 01 c5 01 c5,True,True
H,16,3005,0.4,0.65,100.0,01 c5 01 c5 01 c5 01 c5 01 c5 01 c5 01 c5 01 c5,True,True
H,16,3005,0.4,0.75,100.0,01 c5 01 c5 01 c5 01 c5 01 c5 01 c5 01 c5 01 c5,True,True
H,16,3005,0.4,0.85,100.0,01 c5 01 c5 01 c5 01 c5 01 c5 01 c5 01 c5 01 c5,True,True
H,16,3005,0.5,0.65,100.0,01 c5 01 c5 01 c5 01 c5 01 c5 01 c5 01 c5 01 c5,True,True
H,16,3005,0.5,0.75,100.0,01 c5 01 c5 01 c5 01 c5 01 c5 01 c5 01 c5 01 c5,True,True
H,16,3005,0.5,0.85,100.0,01 c5 01 c5 01 c5 01 c5 01 c5 01 c5 01 c5 01 c5,True,True
H,16,3005,0.6,0.65,100.0,01 c5 01 c5 01 c5 01 c5 01 c5 01 c5 01 c5 01 c5,True,True
H,16,3005,0.6,0.75,100.0,01 c5 01 c5 01 c5 01 c5 01 c5 01 c5 01 c5 01 c5,True,True
H,16,3005,0.6,0.85,100.0,01 c5 01 c5 01 c5 01 c5 01 c5 01 c5 01 c5 01 c5,True,True
H,16,3006,0.2,0.65,250.0,01 c5 01 c5 01 c5 01 c5 01 c5 01 c5 01 c5 01 c5,True,True
H,16,3006,0.2,0.75,250.0,01 c5 01 c5 01 c5 01 c5 01 c5 01 c5 01 c5 01 c5,True,True
H,16,3006,0.2,0.85,250.0,01 c5 01 c5 01 c5 01 c5 01 c5 01 c5 01 c5 01 c5,True,True
H,16,3006,0.3,0.65,250.0,01 c5 01 c5 01 c5 01 c5 01 c5 01 c5 01 c5 01 c5,True,True
H,16,3006,0.3,0.75,250.0,01 c5 01 c5 01 c5 01 c5 01 c5 01 c5 01 c5 01 c5,True,True
H,16,3006,0.3,0.85,250.0,01 c5 01 c5 01 c5 01 c5 01 c5 01 c5 01 c5 01 c5,True,True
H,16,3006,0.4,0.65,250.0,01 c5 01 c5 01 c5 01 c5 01 c5 01 c5 01 c5 01 c5,True,True
H,16,3006,0.4,0.75,250.0,01 c5 01 c5 01 c5 01 c5 01 c5 01 c5 01 c5 01 c5,True,True
H,16,3006,0.4,0.85,250.0,01 c5 01 c5 01 c5 01 c5 01 c5 01 c5 01 c5 01 c5,True,True
H,16,3006,0.5,0.65,250.0,01 c5 01 c5 01 c5 01 c5 01 c5 01 c5 01 c5 01 c5,True,True
H,16,3006,0.5,0.75,250.0,01 c5 01 c5 01 c5 01 c5 01 c5 01 c5 01 c5 01 c5,True,True
H,16,3006,0.5,0.85,250.0,01 c5 01 c5 01 c5 01 c5 01 c5 01 c5 01 c5 01 c5,True,True
H,16,3006,0.6,0.65,250.0,01 c5 01 c5 01 c5 01 c5 01 c5 01 c5 01 c5 01 c5,True,True
H,16,3006,0.6,0.75,250.0,01 c5 01 c5 01 c5 01 c5 01 c5 01 c5 01 c5 01 c5,True,True
H,16,3006,0.6,0.85,250.0,01 c5 01 c5 01 c5 01 c5 01 c5 01 c5 01 c5 01 c5,True,True
H,16,3007,0.2,0.65,300.0,01 c5 01 c5 01 c5 01 c5 01 c5 01 c5 01 c5 01 c5,True,True
H,16,3007,0.2,0.75,300.0,01 c5 01 c5 01 c5 01 c5 01 c5 01 c5 01 c5 01 c5,True,True
H,16,3007,0.2,0.85,300.0,01 c5 01 c5 01 c5 01 c5 01 c5 01 c5 01 c5 01 c5,True,True
H,16,3007,0.3,0.65,300.0,01 c5 01 c5 01 c5 01 c5 01 c5 01 c5 01 c5 01 c5,True,True
H,16,3007,0.3,0.75,300.0,01 c5 01 c5 01 c5 01 c5 01 c5 01 c5 01 c5 01 c5,True,True
H,16,3007,0.3,0.85,300.0,01 c5 01 c5 01 c5 01 c5 01 c5 01 c5 01 c5 01 c5,True,True
H,16,3007,0.4,0.65,300.0,01 c5 01 c5 01 c5 01 c5 01 c5 01 c5 01 c5 01 c5,True,True
H,16,3007,0.4,0.75,300.0,01 c5 01 c5 01 c5 01 c5 01 c5 01 c5 01 c5 01 c5,True,True
H,16,3007,0.4,0.85,300.0,01 c5 01 c5 01 c5 01 c5 01 c5 01 c5 01 c5 01 c5,True,True
H,16,3007,0.5,0.65,300.0,01 c5 01 c5 01 c5 01 c5 01 c5 01 c5 01 c5 01 c5,True,True
H,16,3007,0.5,0.75,300.0,01 c5 01 c5 01 c5 01 c5 01 c5 01 c5 01 c5 01 c5,True,True
H,16,3007,0.5,0.85,300.0,01 c5 01 c5 01 c5 01 c5 01 c5 01 c5 01 c5 01 c5,True,True
H,16,3007,0.6,0.65,300.0,01 c5 01 c5 01 c5 01 c5 01 c5 01 c5 01 c5 01 c5,True,True
H,16,3007,0.6,0.75,300.0,01 c5 01 c5 01 c5 01 c5 01 c5 01 c5 01 c5 01 c5,True,True
H,16,3007,0.6,0.85,300.0,01 c5 01 c5 01 c5 01 c5 01 c5 01 c5 01 c5 01 c5,True,True
H,16,3008,0.2,0.65,150.0,01 c5 01 c5 01 c5 01 c5 01 c5 01 c5 01 c5 01 c5,True,True
H,16,3008,0.2,0.75,150.0,01 c5 01 c5 01 c5 01 c5 01 c5 01 c5 01 c5 01 c5,True,True
H,16,3008,0.2,0.85,150.0,01 c5 01 c5 01 c5 01 c5 01 c5 01 c5 01 c5 01 c5,True,True
H,16,3008,0.3,0.65,150.0,01 c5 01 c5 01 c5 01 c5 01 c5 01 c5 01 c5 01 c5,True,True
H,16,3008,0.3,0.75,150.0,01 c5 01 c5 01 c5 01 c5 01 c5 01 c5 01 c5 01 c5,True,True
H,16,3008,0.3,0.85,150.0,01 c5 01 c5 01 c5 01 c5 01 c5 01 c5 01 c5 01 c5,True,True
H,16,3008,0.4,0.65,150.0,01 c5 01 c5 01 c5 01 c5 01 c5 01 c5 01 c5 01 c5,True,True
H,16,3008,0.4,0.75,150.0,01 c5 01 c5 01 c5 01 c5 01 c5 01 c5 01 c5 01 c5,True,True
H,16,3008,0.4,0.85,150.0,01 c5 01 c5 01 c5 01 c5 01 c5 01 c5 01 c5 01 c5,True,True
H,16,3008,0.5,0.65,150.0,01 c5 01 c5 01 c5 01 c5 01 c5 01 c5 01 c5 01 c5,True,True
H,16,3008,0.5,0.75,150.0,01 c5 01 c5 01 c5 01 c5 01 c5 01 c5 01 c5 01 c5,True,True
H,16,3008,0.5,0.85,150.0,01 c5 01 c5 01 c5 01 c5 01 c5 01 c5 01 c5 01 c5,True,True
H,16,3008,0.6,0.65,3800.0,e5 2a e5 2a e5 2a e5 2a e5 2a e5 2a e5 2a e5 2a,True,True
H,16,3008,0.6,0.75,3800.0,e5 2a e5 2a e5 2a e5 2a e5 2a e5 2a e5 2a e5 2a,True,True
H,16,3008,0.6,0.85,3800.0,e5 2a e5 2a e5 2a e5 2a e5 2a e5 2a e5 2a e5 2a,True,True
H,16,3009,0.2,0.65,50.0,01 c5 01 c5 01 c5 01 c5 01 c5 01 c5 01 c5 01 c5,True,True
H,16,3009,0.2,0.75,50.0,01 c5 01 c5 01 c5 01 c5 01 c5 01 c5 01 c5 01 c5,True,True
H,16,3009,0.2,0.85,50.0,01 c5 01 c5 01 c5 01 c5 01 c5 01 c5 01 c5 01 c5,True,True
H,16,3009,0.3,0.65,50.0,01 c5 01 c5 01 c5 01 c5 01 c5 01 c5 01 c5 01 c5,True,True
H,16,3009,0.3,0.75,50.0,01 c5 01 c5 01 c5 01 c5 01 c5 01 c5 01 c5 01 c5,True,True
H,16,3009,0.3,0.85,50.0,01 c5 01 c5 01 c5 01 c5 01 c5 01 c5 01 c5 01 c5,True,True
H,16,3009,0.4,0.65,50.0,01 c5 01 c5 01 c5 01 c5 01 c5 01 c5 01 c5 01 c5,True,True
H,16,3009,0.4,0.75,50.0,01 c5 01 c5 01 c5 01 c5 01 c5 01 c5 01 c5 01 c5,True,True
H,16,3009,0.4,0.85,50.0,01 c5 01 c5 01 c5 01 c5 01 c5 01 c5 01 c5 01 c5,True,True
H,16,3009,0.5,0.65,50.0,01 c5 01 c5 01 c5 01 c5 01 c5 01 c5 01 c5 01 c5,True,True
H,16,3009,0.5,0.75,50.0,01 c5 01 c5 01 c5 01 c5 01 c5 01 c5 01 c5 01 c5,True,True
H,16,3009,0.5,0.85,50.0,01 c5 01 c5 01 c5 01 c5 01 c5 01 c5 01 c5 01 c5,True,True
H,16,3009,0.6,0.65,,,False,False
H,16,3009,0.6,0.75,,,False,False
H,16,3009,0.6,0.85,,,False,False
H,16,3010,0.2,0.65,150.0,01 c5 01 c5 01 c5 01 c5 01 c5 01 c5 01 c5 01 c5,True,True
H,16,3010,0.2,0.75,150.0,01 c5 01 c5 01 c5 01 c5 01 c5 01 c5 01 c5 01 c5,True,True
H,16,3010,0.2,0.85,150.0,01 c5 01 c5 01 c5 01 c5 01 c5 01 c5 01 c5 01 c5,True,True
H,16,3010,0.3,0.65,150.0,01 c5 01 c5 01 c5 01 c5 01 c5 01 c5 01 c5 01 c5,True,True
H,16,3010,0.3,0.75,150.0,01 c5 01 c5 01 c5 01 c5 01 c5 01 c5 01 c5 01 c5,True,True
H,16,3010,0.3,0.85,150.0,01 c5 01 c5 01 c5 01 c5 01 c5 01 c5 01 c5 01 c5,True,True
H,16,3010,0.4,0.65,150.0,01 c5 01 c5 01 c5 01 c5 01 c5 01 c5 01 c5 01 c5,True,True
H,16,3010,0.4,0.75,150.0,01 c5 01 c5 01 c5 01 c5 01 c5 01 c5 01 c5 01 c5,True,True
H,16,3010,0.4,0.85,150.0,01 c5 01 c5 01 c5 01 c5 01 c5 01 c5 01 c5 01 c5,True,True
H,16,3010,0.5,0.65,150.0,01 c5 01 c5 01 c5 01 c5 01 c5 01 c5 01 c5 01 c5,True,True
H,16,3010,0.5,0.75,150.0,01 c5 01 c5 01 c5 01 c5 01 c5 01 c5 01 c5 01 c5,True,True
H,16,3010,0.5,0.85,150.0,01 c5 01 c5 01 c5 01 c5 01 c5 01 c5 01 c5 01 c5,True,True
H,16,3010,0.6,0.65,30500.0,ad e3 21 e3 21 e0 ad e0 ad e3 21 e3 21 e0 ad e0,False,False
H,16,3010,0.6,0.75,30500.0,ad e3 21 e3 21 e0 ad e0 ad e3 21 e3 21 e0 ad e0,False,False
H,16,3010,0.6,0.85,30500.0,ad e3 21 e3 21 e0 ad e0 ad e3 21 e3 21 e0 ad e0,False,False
I,16,4001,0.2,0.65,70500.0,84 5e ed b0 84 5e ed b0 84 5e ed b0 84 5e ed b0,False,False
I,16,4001,0.2,0.75,70500.0,84 5e ed b0 84 5e ed b0 84 5e ed b0 84 5e ed b0,False,False
I,16,4001,0.2,0.85,70500.0,84 5e ed b0 84 5e ed b0 84 5e ed b0 84 5e ed b0,False,False
I,16,4001,0.3,0.65,70500.0,84 5e ed b0 84 5e ed b0 84 5e ed b0 84 5e ed b0,False,False
I,16,4001,0.3,0.75,70500.0,84 5e ed b0 84 5e ed b0 84 5e ed b0 84 5e ed b0,False,False
I,16,4001,0.3,0.85,70500.0,84 5e ed b0 84 5e ed b0 84 5e ed b0 84 5e ed b0,False,False
I,16,4001,0.4,0.65,70500.0,84 5e ed b0 84 5e ed b0 84 5e ed b0 84 5e ed b0,False,False
I,16,4001,0.4,0.75,70500.0,84 5e ed b0 84 5e ed b0 84 5e ed b0 84 5e ed b0,False,False
I,16,4001,0.4,0.85,70500.0,84 5e ed b0 84 5e ed b0 84 5e ed b0 84 5e ed b0,False,False
I,16,4001,0.5,0.65,70500.0,84 5e ed b0 84 5e ed b0 84 5e ed b0 84 5e ed b0,False,False
I,16,4001,0.5,0.75,70500.0,84 5e ed b0 84 5e ed b0 84 5e ed b0 84 5e ed b0,False,False
I,16,4001,0.5,0.85,70500.0,84 5e ed b0 84 5e ed b0 84 5e ed b0 84 5e ed b0,False,False
I,16,4001,0.6,0.65,70500.0,84 5e ed b0 84 5e ed b0 84 5e ed b0 84 5e ed b0,False,False
I,16,4001,0.6,0.75,70500.0,84 5e ed b0 84 5e ed b0 84 5e ed b0 84 5e ed b0,False,False
I,16,4001,0.6,0.85,70500.0,84 5e ed b0 84 5e ed b0 84 5e ed b0 84 5e ed b0,False,False
I,16,4002,0.2,0.65,219000.0,a8 6e eb a0 ed b0 28 56 a8 6e eb a0 ed b0 28 56,False,False
I,16,4002,0.2,0.75,219000.0,a8 6e eb a0 ed b0 28 56 a8 6e eb a0 ed b0 28 56,False,False
I,16,4002,0.2,0.85,219000.0,a8 6e eb a0 ed b0 28 56 a8 6e eb a0 ed b0 28 56,False,False
I,16,4002,0.3,0.65,219000.0,a8 6e eb a0 ed b0 28 56 a8 6e eb a0 ed b0 28 56,False,False
I,16,4002,0.3,0.75,219000.0,a8 6e eb a0 ed b0 28 56 a8 6e eb a0 ed b0 28 56,False,False
I,16,4002,0.3,0.85,219000.0,a8 6e eb a0 ed b0 28 56 a8 6e eb a0 ed b0 28 56,False,False
I,16,4002,0.4,0.65,219000.0,a8 6e eb a0 ed b0 28 56 a8 6e eb a0 ed b0 28 56,False,False
I,16,4002,0.4,0.75,219000.0,a8 6e eb a0 ed b0 28 56 a8 6e eb a0 ed b0 28 56,False,False
I,16,4002,0.4,0.85,219000.0,a8 6e eb a0 ed b0 28 56 a8 6e eb a0 ed b0 28 56,False,False
I,16,4002,0.5,0.65,219000.0,a8 6e eb a0 ed b0 28 56 a8 6e eb a0 ed b0 28 56,False,False
I,16,4002,0.5,0.75,219000.0,a8 6e eb a0 ed b0 28 56 a8 6e eb a0 ed b0 28 56,False,False
I,16,4002,0.5,0.85,219000.0,a8 6e eb a0 ed b0 28 56 a8 6e eb a0 ed b0 28 56,False,False
I,16,4002,0.6,0.65,219000.0,a8 6e eb a0 ed b0 28 56 a8 6e eb a0 ed b0 28 56,False,False
I,16,4002,0.6,0.75,219000.0,a8 6e eb a0 ed b0 28 56 a8 6e eb a0 ed b0 28 56,False,False
I,16,4002,0.6,0.85,219000.0,a8 6e eb a0 ed b0 28 56 a8 6e eb a0 ed b0 28 56,False,False
I,16,4003,0.2,0.65,34000.0,31 a4 02 d1 e8 9e ed b0 31 a4 02 d1 e8 9e ed b0,False,False
I,16,4003,0.2,0.75,34000.0,31 a4 02 d1 e8 9e ed b0 31 a4 02 d1 e8 9e ed b0,False,False
I,16,4003,0.2,0.85,34000.0,31 a4 02 d1 e8 9e ed b0 31 a4 02 d1 e8 9e ed b0,False,False
I,16,4003,0.3,0.65,34000.0,31 a4 02 d1 e8 9e ed b0 31 a4 02 d1 e8 9e ed b0,False,False
I,16,4003,0.3,0.75,34000.0,31 a4 02 d1 e8 9e ed b0 31 a4 02 d1 e8 9e ed b0,False,False
I,16,4003,0.3,0.85,34000.0,31 a4 02 d1 e8 9e ed b0 31 a4 02 d1 e8 9e ed b0,False,False
I,16,4003,0.4,0.65,34000.0,31 a4 02 d1 e8 9e ed b0 31 a4 02 d1 e8 9e ed b0,False,False
I,16,4003,0.4,0.75,34000.0,31 a4 02 d1 e8 9e ed b0 31 a4 02 d1 e8 9e ed b0,False,False
I,16,4003,0.4,0.85,34000.0,31 a4 02 d1 e8 9e ed b0 31 a4 02 d1 e8 9e ed b0,False,False
I,16,4003,0.5,0.65,34000.0,31 a4 02 d1 e8 9e ed b0 31 a4 02 d1 e8 9e ed b0,False,False
I,16,4003,0.5,0.75,34000.0,31 a4 02 d1 e8 9e ed b0 31 a4 02 d1 e8 9e ed b0,False,False
I,16,4003,0.5,0.85,34000.0,31 a4 02 d1 e8 9e ed b0 31 a4 02 d1 e8 9e ed b0,False,False
I,16,4003,0.6,0.65,34000.0,31 a4 02 d1 e8 9e ed b0 31 a4 02 d1 e8 9e ed b0,False,False
I,16,4003,0.6,0.75,34000.0,31 a4 02 d1 e8 9e ed b0 31 a4 02 d1 e8 9e ed b0,False,False
I,16,4003,0.6,0.85,34000.0,31 a4 02 d1 e8 9e ed b0 31 a4 02 d1 e8 9e ed b0,False,False
I,16,4004,0.2,0.65,132500.0,a4 5e ed b0 a4 5e ed b0 a4 5e ed b0 a4 5e ed b0,False,False
I,16,4004,0.2,0.75,132500.0,a4 5e ed b0 a4 5e ed b0 a4 5e ed b0 a4 5e ed b0,False,False
I,16,4004,0.2,0.85,132500.0,a4 5e ed b0 a4 5e ed b0 a4 5e ed b0 a4 5e ed b0,False,False
I,16,4004,0.3,0.65,132500.0,a4 5e ed b0 a4 5e ed b0 a4 5e ed b0 a4 5e ed b0,False,False
I,16,4004,0.3,0.75,132500.0,a4 5e ed b0 a4 5e ed b0 a4 5e ed b0 a4 5e ed b0,False,False
I,16,4004,0.3,0.85,132500.0,a4 5e ed b0 a4 5e ed b0 a4 5e ed b0 a4 5e ed b0,False,False
I,16,4004,0.4,0.65,132500.0,a4 5e ed b0 a4 5e ed b0 a4 5e ed b0 a4 5e ed b0,False,False
I,16,4004,0.4,0.75,132500.0,a4 5e ed b0 a4 5e ed b0 a4 5e ed b0 a4 5e ed b0,False,False
I,16,4004,0.4,0.85,132500.0,a4 5e ed b0 a4 5e ed b0 a4 5e ed b0 a4 5e ed b0,False,False
I,16,4004,0.5,0.65,132500.0,a4 5e ed b0 a4 5e ed b0 a4 5e ed b0 a4 5e ed b0,False,False
I,16,4004,0.5,0.75,132500.0,a4 5e ed b0 a4 5e ed b0 a4 5e ed b0 a4 5e ed b0,False,False
I,16,4004,0.5,0.85,132500.0,a4 5e ed b0 a4 5e ed b0 a4 5e ed b0 a4 5e ed b0,False,False
I,16,4004,0.6,0.65,132500.0,a4 5e ed b0 a4 5e ed b0 a4 5e ed b0 a4 5e ed b0,False,False
I,16,4004,0.6,0.75,132500.0,a4 5e ed b0 a4 5e ed b0 a4 5e ed b0 a4 5e ed b0,False,False
I,16,4004,0.6,0.85,132500.0,a4 5e ed b0 a4 5e ed b0 a4 5e ed b0 a4 5e ed b0,False,False
I,16,4005,0.2,0.65,20000.0,b7 11 88 d9 69 ed b0 a0 b7 11 88 d9 69 ed b0 a0,False,False
I,16,4005,0.2,0.75,20000.0,b7 11 88 d9 69 ed b0 a0 b7 11 88 d9 69 ed b0 a0,False,False
I,16,4005,0.2,0.85,20000.0,b7 11 88 d9 69 ed b0 a0 b7 11 88 d9 69 ed b0 a0,False,False
I,16,4005,0.3,0.65,20000.0,b7 11 88 d9 69 ed b0 a0 b7 11 88 d9 69 ed b0 a0,False,False
I,16,4005,0.3,0.75,20000.0,b7 11 88 d9 69 ed b0 a0 b7 11 88 d9 69 ed b0 a0,False,False
I,16,4005,0.3,0.85,20000.0,b7 11 88 d9 69 ed b0 a0 b7 11 88 d9 69 ed b0 a0,False,False
I,16,4005,0.4,0.65,20000.0,b7 11 88 d9 69 ed b0 a0 b7 11 88 d9 69 ed b0 a0,False,False
I,16,4005,0.4,0.75,20000.0,b7 11 88 d9 69 ed b0 a0 b7 11 88 d9 69 ed b0 a0,False,False
I,16,4005,0.4,0.85,20000.0,b7 11 88 d9 69 ed b0 a0 b7 11 88 d9 69 ed b0 a0,False,False
I,16,4005,0.5,0.65,20000.0,b7 11 88 d9 69 ed b0 a0 b7 11 88 d9 69 ed b0 a0,False,False
I,16,4005,0.5,0.75,20000.0,b7 11 88 d9 69 ed b0 a0 b7 11 88 d9 69 ed b0 a0,False,False
I,16,4005,0.5,0.85,20000.0,b7 11 88 d9 69 ed b0 a0 b7 11 88 d9 69 ed b0 a0,False,False
I,16,4005,0.6,0.65,20000.0,b7 11 88 d9 69 ed b0 a0 b7 11 88 d9 69 ed b0 a0,False,False
I,16,4005,0.6,0.75,20000.0,b7 11 88 d9 69 ed b0 a0 b7 11 88 d9 69 ed b0 a0,False,False
I,16,4005,0.6,0.85,20000.0,b7 11 88 d9 69 ed b0 a0 b7 11 88 d9 69 ed b0 a0,False,False
I,16,4006,0.2,0.65,54500.0,11 68 4f ed b0 9b 11 dc 11 68 4f ed b0 9b 11 dc,False,False
I,16,4006,0.2,0.75,54500.0,11 68 4f ed b0 9b 11 dc 11 68 4f ed b0 9b 11 dc,False,False
I,16,4006,0.2,0.85,54500.0,11 68 4f ed b0 9b 11 dc 11 68 4f ed b0 9b 11 dc,False,False
I,16,4006,0.3,0.65,54500.0,11 68 4f ed b0 9b 11 dc 11 68 4f ed b0 9b 11 dc,False,False
I,16,4006,0.3,0.75,54500.0,11 68 4f ed b0 9b 11 dc 11 68 4f ed b0 9b 11 dc,False,False
I,16,4006,0.3,0.85,54500.0,11 68 4f ed b0 9b 11 dc 11 68 4f ed b0 9b 11 dc,False,False
I,16,4006,0.4,0.65,54500.0,11 68 4f ed b0 9b 11 dc 11 68 4f ed b0 9b 11 dc,False,False
I,16,4006,0.4,0.75,54500.0,11 68 4f ed b0 9b 11 dc 11 68 4f ed b0 9b 11 dc,False,False
I,16,4006,0.4,0.85,54500.0,11 68 4f ed b0 9b 11 dc 11 68 4f ed b0 9b 11 dc,False,False
I,16,4006,0.5,0.65,54500.0,11 68 4f ed b0 9b 11 dc 11 68 4f ed b0 9b 11 dc,False,False
I,16,4006,0.5,0.75,54500.0,11 68 4f ed b0 9b 11 dc 11 68 4f ed b0 9b 11 dc,False,False
I,16,4006,0.5,0.85,54500.0,11 68 4f ed b0 9b 11 dc 11 68 4f ed b0 9b 11 dc,False,False
I,16,4006,0.6,0.65,54500.0,11 68 4f ed b0 9b 11 dc 11 68 4f ed b0 9b 11 dc,False,False
I,16,4006,0.6,0.75,54500.0,11 68 4f ed b0 9b 11 dc 11 68 4f ed b0 9b 11 dc,False,False
I,16,4006,0.6,0.85,54500.0,11 68 4f ed b0 9b 11 dc 11 68 4f ed b0 9b 11 dc,False,False
I,16,4007,0.2,0.65,26000.0,b8 2e c8 d8 9f 5b 37 ed b8 2e c8 d8 9f 5b 37 ed,False,False
I,16,4007,0.2,0.75,26000.0,b8 2e c8 d8 9f 5b 37 ed b8 2e c8 d8 9f 5b 37 ed,False,False
I,16,4007,0.2,0.85,26000.0,b8 2e c8 d8 9f 5b 37 ed b8 2e c8 d8 9f 5b 37 ed,False,False
I,16,4007,0.3,0.65,26000.0,b8 2e c8 d8 9f 5b 37 ed b8 2e c8 d8 9f 5b 37 ed,False,False
I,16,4007,0.3,0.75,26000.0,b8 2e c8 d8 9f 5b 37 ed b8 2e c8 d8 9f 5b 37 ed,False,False
I,16,4007,0.3,0.85,26000.0,b8 2e c8 d8 9f 5b 37 ed b8 2e c8 d8 9f 5b 37 ed,False,False
I,16,4007,0.4,0.65,26000.0,b8 2e c8 d8 9f 5b 37 ed b8 2e c8 d8 9f 5b 37 ed,False,False
I,16,4007,0.4,0.75,26000.0,b8 2e c8 d8 9f 5b 37 ed b8 2e c8 d8 9f 5b 37 ed,False,False
I,16,4007,0.4,0.85,26000.0,b8 2e c8 d8 9f 5b 37 ed b8 2e c8 d8 9f 5b 37 ed,False,False
I,16,4007,0.5,0.65,26000.0,b8 2e c8 d8 9f 5b 37 ed b8 2e c8 d8 9f 5b 37 ed,False,False
I,16,4007,0.5,0.75,26000.0,b8 2e c8 d8 9f 5b 37 ed b8 2e c8 d8 9f 5b 37 ed,False,False
I,16,4007,0.5,0.85,26000.0,b8 2e c8 d8 9f 5b 37 ed b8 2e c8 d8 9f 5b 37 ed,False,False
I,16,4007,0.6,0.65,26000.0,b8 2e c8 d8 9f 5b 37 ed b8 2e c8 d8 9f 5b 37 ed,False,False
I,16,4007,0.6,0.75,26000.0,b8 2e c8 d8 9f 5b 37 ed b8 2e c8 d8 9f 5b 37 ed,False,False
I,16,4007,0.6,0.85,26000.0,b8 2e c8 d8 9f 5b 37 ed b8 2e c8 d8 9f 5b 37 ed,False,False
I,16,4008,0.2,0.65,21000.0,44 5e ed b0 44 5e ed b0 44 5e ed b0 44 5e ed b0,False,False
I,16,4008,0.2,0.75,21000.0,44 5e ed b0 44 5e ed b0 44 5e ed b0 44 5e ed b0,False,False
I,16,4008,0.2,0.85,21000.0,44 5e ed b0 44 5e ed b0 44 5e ed b0 44 5e ed b0,False,False
I,16,4008,0.3,0.65,21000.0,44 5e ed b0 44 5e ed b0 44 5e ed b0 44 5e ed b0,False,False
I,16,4008,0.3,0.75,21000.0,44 5e ed b0 44 5e ed b0 44 5e ed b0 44 5e ed b0,False,False
I,16,4008,0.3,0.85,21000.0,44 5e ed b0 44 5e ed b0 44 5e ed b0 44 5e ed b0,False,False
I,16,4008,0.4,0.65,21000.0,44 5e ed b0 44 5e ed b0 44 5e ed b0 44 5e ed b0,False,False
I,16,4008,0.4,0.75,21000.0,44 5e ed b0 44 5e ed b0 44 5e ed b0 44 5e ed b0,False,False
I,16,4008,0.4,0.85,21000.0,44 5e ed b0 44 5e ed b0 44 5e ed b0 44 5e ed b0,False,False
I,16,4008,0.5,0.65,21000.0,44 5e ed b0 44 5e ed b0 44 5e ed b0 44 5e ed b0,False,False
I,16,4008,0.5,0.75,21000.0,44 5e ed b0 44 5e ed b0 44 5e ed b0 44 5e ed b0,False,False
I,16,4008,0.5,0.85,21000.0,44 5e ed b0 44 5e ed b0 44 5e ed b0 44 5e ed b0,False,False
I,16,4008,0.6,0.65,21000.0,44 5e ed b0 44 5e ed b0 44 5e ed b0 44 5e ed b0,False,False
I,16,4008,0.6,0.75,21000.0,44 5e ed b0 44 5e ed b0 44 5e ed b0 44 5e ed b0,False,False
I,16,4008,0.6,0.85,21000.0,44 5e ed b0 44 5e ed b0 44 5e ed b0 44 5e ed b0,False,False
I,16,4009,0.2,0.65,206000.0,b8 2e 84 ed b8 2e 84 ed b8 2e 84 ed b8 2e 84 ed,False,False
I,16,4009,0.2,0.75,206000.0,b8 2e 84 ed b8 2e 84 ed b8 2e 84 ed b8 2e 84 ed,False,False
I,16,4009,0.2,0.85,206000.0,b8 2e 84 ed b8 2e 84 ed b8 2e 84 ed b8 2e 84 ed,False,False
I,16,4009,0.3,0.65,206000.0,b8 2e 84 ed b8 2e 84 ed b8 2e 84 ed b8 2e 84 ed,False,False
I,16,4009,0.3,0.75,206000.0,b8 2e 84 ed b8 2e 84 ed b8 2e 84 ed b8 2e 84 ed,False,False
I,16,4009,0.3,0.85,206000.0,b8 2e 84 ed b8 2e 84 ed b8 2e 84 ed b8 2e 84 ed,False,False
I,16,4009,0.4,0.65,206000.0,b8 2e 84 ed b8 2e 84 ed b8 2e 84 ed b8 2e 84 ed,False,False
I,16,4009,0.4,0.75,206000.0,b8 2e 84 ed b8 2e 84 ed b8 2e 84 ed b8 2e 84 ed,False,False
I,16,4009,0.4,0.85,206000.0,b8 2e 84 ed b8 2e 84 ed b8 2e 84 ed b8 2e 84 ed,False,False
I,16,4009,0.5,0.65,206000.0,b8 2e 84 ed b8 2e 84 ed b8 2e 84 ed b8 2e 84 ed,False,False
I,16,4009,0.5,0.75,206000.0,b8 2e 84 ed b8 2e 84 ed b8 2e 84 ed b8 2e 84 ed,False,False
I,16,4009,0.5,0.85,206000.0,b8 2e 84 ed b8 2e 84 ed b8 2e 84 ed b8 2e 84 ed,False,False
I,16,4009,0.6,0.65,206000.0,b8 2e 84 ed b8 2e 84 ed b8 2e 84 ed b8 2e 84 ed,False,False
I,16,4009,0.6,0.75,206000.0,b8 2e 84 ed b8 2e 84 ed b8 2e 84 ed b8 2e 84 ed,False,False
I,16,4009,0.6,0.85,206000.0,b8 2e 84 ed b8 2e 84 ed b8 2e 84 ed b8 2e 84 ed,False,False
I,16,4010,0.2,0.65,38000.0,48 16 d0 5e 7a 7b ed b0 48 16 d0 5e 7a 7b ed b0,False,False
I,16,4010,0.2,0.75,38000.0,48 16 d0 5e 7a 7b ed b0 48 16 d0 5e 7a 7b ed b0,False,False
I,16,4010,0.2,0.85,38000.0,48 16 d0 5e 7a 7b ed b0 48 16 d0 5e 7a 7b ed b0,False,False
I,16,4010,0.3,0.65,38000.0,48 16 d0 5e 7a 7b ed b0 48 16 d0 5e 7a 7b ed b0,False,False
I,16,4010,0.3,0.75,38000.0,48 16 d0 5e 7a 7b ed b0 48 16 d0 5e 7a 7b ed b0,False,False
I,16,4010,0.3,0.85,38000.0,48 16 d0 5e 7a 7b ed b0 48 16 d0 5e 7a 7b ed b0,False,False
I,16,4010,0.4,0.65,38000.0,48 16 d0 5e 7a 7b ed b0 48 16 d0 5e 7a 7b ed b0,False,False
I,16,4010,0.4,0.75,38000.0,48 16 d0 5e 7a 7b ed b0 48 16 d0 5e 7a 7b ed b0,False,False
I,16,4010,0.4,0.85,38000.0,48 16 d0 5e 7a 7b ed b0 48 16 d0 5e 7a 7b ed b0,False,False
I,16,4010,0.5,0.65,38000.0,48 16 d0 5e 7a 7b ed b0 48 16 d0 5e 7a 7b ed b0,False,False
I,16,4010,0.5,0.75,38000.0,48 16 d0 5e 7a 7b ed b0 48 16 d0 5e 7a 7b ed b0,False,False
I,16,4010,0.5,0.85,38000.0,48 16 d0 5e 7a 7b ed b0 48 16 d0 5e 7a 7b ed b0,False,False
I,16,4010,0.6,0.65,38000.0,48 16 d0 5e 7a 7b ed b0 48 16 d0 5e 7a 7b ed b0,False,False
I,16,4010,0.6,0.75,38000.0,48 16 d0 5e 7a 7b ed b0 48 16 d0 5e 7a 7b ed b0,False,False
I,16,4010,0.6,0.85,38000.0,48 16 d0 5e 7a 7b ed b0 48 16 d0 5e 7a 7b ed b0,False,False
K,32,5001,0.2,0.65,1150.0,01 c5 01 c5 01 c5 01 c5 01 c5 01 c5 01 c5 01 c5 01 c5 01 c5 01 c5 01 c5 01 c5 01 c5 01 c5 01 c5,True,True
K,32,5001,0.2,0.75,1150.0,01 c5 01 c5 01 c5 01 c5 01 c5 01 c5 01 c5 01 c5 01 c5 01 c5 01 c5 01 c5 01 c5 01 c5 01 c5 01 c5,True,True
K,32,5001,0.2,0.85,1150.0,01 c5 01 c5 01 c5 01 c5 01 c5 01 c5 01 c5 01 c5 01 c5 01 c5 01 c5 01 c5 01 c5 01 c5 01 c5 01 c5,True,True
K,32,5001,0.3,0.65,1150.0,01 c5 01 c5 01 c5 01 c5 01 c5 01 c5 01 c5 01 c5 01 c5 01 c5 01 c5 01 c5 01 c5 01 c5 01 c5 01 c5,True,True
K,32,5001,0.3,0.75,1150.0,01 c5 01 c5 01 c5 01 c5 01 c5 01 c5 01 c5 01 c5 01 c5 01 c5 01 c5 01 c5 01 c5 01 c5 01 c5 01 c5,True,True
K,32,5001,0.3,0.85,1150.0,01 c5 01 c5 01 c5 01 c5 01 c5 01 c5 01 c5 01 c5 01 c5 01 c5 01 c5 01 c5 01 c5 01 c5 01 c5 01 c5,True,True
K,32,5001,0.4,0.65,1150.0,01 c5 01 c5 01 c5 01 c5 01 c5 01 c5 01 c5 01 c5 01 c5 01 c5 01 c5 01 c5 01 c5 01 c5 01 c5 01 c5,True,True
K,32,5001,0.4,0.75,1150.0,01 c5 01 c5 01 c5 01 c5 01 c5 01 c5 01 c5 01 c5 01 c5 01 c5 01 c5 01 c5 01 c5 01 c5 01 c5 01 c5,True,True
K,32,5001,0.4,0.85,1150.0,01 c5 01 c5 01 c5 01 c5 01 c5 01 c5 01 c5 01 c5 01 c5 01 c5 01 c5 01 c5 01 c5 01 c5 01 c5 01 c5,True,True
K,32,5001,0.5,0.65,1150.0,01 c5 01 c5 01 c5 01 c5 01 c5 01 c5 01 c5 01 c5 01 c5 01 c5 01 c5 01 c5 01 c5 01 c5 01 c5 01 c5,True,True
K,32,5001,0.5,0.75,1150.0,01 c5 01 c5 01 c5 01 c5 01 c5 01 c5 01 c5 01 c5 01 c5 01 c5 01 c5 01 c5 01 c5 01 c5 01 c5 01 c5,True,True
K,32,5001,0.5,0.85,1150.0,01 c5 01 c5 01 c5 01 c5 01 c5 01 c5 01 c5 01 c5 01 c5 01 c5 01 c5 01 c5 01 c5 01 c5 01 c5 01 c5,True,True
K,32,5001,0.6,0.65,1150.0,01 c5 01 c5 01 c5 01 c5 01 c5 01 c5 01 c5 01 c5 01 c5 01 c5 01 c5 01 c5 01 c5 01 c5 01 c5 01 c5,True,True
K,32,5001,0.6,0.75,1150.0,01 c5 01 c5 01 c5 01 c5 01 c5 01 c5 01 c5 01 c5 01 c5 01 c5 01 c5 01 c5 01 c5 01 c5 01 c5 01 c5,True,True
K,32,5001,0.6,0.85,1150.0,01 c5 01 c5 01 c5 01 c5 01 c5 01 c5 01 c5 01 c5 01 c5 01 c5 01 c5 01 c5 01 c5 01 c5 01 c5 01 c5,True,True
K,32,5002,0.2,0.65,750.0,01 c5 01 c5 01 c5 01 c5 01 c5 01 c5 01 c5 01 c5 01 c5 01 c5 01 c5 01 c5 01 c5 01 c5 01 c5 01 c5,True,True
K,32,5002,0.2,0.75,750.0,01 c5 01 c5 01 c5 01 c5 01 c5 01 c5 01 c5 01 c5 01 c5 01 c5 01 c5 01 c5 01 c5 01 c5 01 c5 01 c5,True,True
K,32,5002,0.2,0.85,750.0,01 c5 01 c5 01 c5 01 c5 01 c5 01 c5 01 c5 01 c5 01 c5 01 c5 01 c5 01 c5 01 c5 01 c5 01 c5 01 c5,True,True
K,32,5002,0.3,0.65,750.0,01 c5 01 c5 01 c5 01 c5 01 c5 01 c5 01 c5 01 c5 01 c5 01 c5 01 c5 01 c5 01 c5 01 c5 01 c5 01 c5,True,True
K,32,5002,0.3,0.75,750.0,01 c5 01 c5 01 c5 01 c5 01 c5 01 c5 01 c5 01 c5 01 c5 01 c5 01 c5 01 c5 01 c5 01 c5 01 c5 01 c5,True,True
K,32,5002,0.3,0.85,750.0,01 c5 01 c5 01 c5 01 c5 01 c5 01 c5 01 c5 01 c5 01 c5 01 c5 01 c5 01 c5 01 c5 01 c5 01 c5 01 c5,True,True
K,32,5002,0.4,0.65,750.0,01 c5 01 c5 01 c5 01 c5 01 c5 01 c5 01 c5 01 c5 01 c5 01 c5 01 c5 01 c5 01 c5 01 c5 01 c5 01 c5,True,True
K,32,5002,0.4,0.75,750.0,01 c5 01 c5 01 c5 01 c5 01 c5 01 c5 01 c5 01 c5 01 c5 01 c5 01 c5 01 c5 01 c5 01 c5 01 c5 01 c5,True,True
K,32,5002,0.4,0.85,750.0,01 c5 01 c5 01 c5 01 c5 01 c5 01 c5 01 c5 01 c5 01 c5 01 c5 01 c5 01 c5 01 c5 01 c5 01 c5 01 c5,True,True
K,32,5002,0.5,0.65,750.0,01 c5 01 c5 01 c5 01 c5 01 c5 01 c5 01 c5 01 c5 01 c5 01 c5 01 c5 01 c5 01 c5 01 c5 01 c5 01 c5,True,True
K,32,5002,0.5,0.75,750.0,01 c5 01 c5 01 c5 01 c5 01 c5 01 c5 01 c5 01 c5 01 c5 01 c5 01 c5 01 c5 01 c5 01 c5 01 c5 01 c5,True,True
K,32,5002,0.5,0.85,750.0,01 c5 01 c5 01 c5 01 c5 01 c5 01 c5 01 c5 01 c5 01 c5 01 c5 01 c5 01 c5 01 c5 01 c5 01 c5 01 c5,True,True
K,32,5002,0.6,0.65,750.0,01 c5 01 c5 01 c5 01 c5 01 c5 01 c5 01 c5 01 c5 01 c5 01 c5 01 c5 01 c5 01 c5 01 c5 01 c5 01 c5,True,True
K,32,5002,0.6,0.75,750.0,01 c5 01 c5 01 c5 01 c5 01 c5 01 c5 01 c5 01 c5 01 c5 01 c5 01 c5 01 c5 01 c5 01 c5 01 c5 01 c5,True,True
K,32,5002,0.6,0.85,750.0,01 c5 01 c5 01 c5 01 c5 01 c5 01 c5 01 c5 01 c5 01 c5 01 c5 01 c5 01 c5 01 c5 01 c5 01 c5 01 c5,True,True
K,32,5003,0.2,0.65,350.0,11 d5 11 d5 11 d5 11 d5 11 d5 11 d5 11 d5 11 d5 11 d5 11 d5 11 d5 11 d5 11 d5 11 d5 11 d5 11 d5,True,True
K,32,5003,0.2,0.75,350.0,11 d5 11 d5 11 d5 11 d5 11 d5 11 d5 11 d5 11 d5 11 d5 11 d5 11 d5 11 d5 11 d5 11 d5 11 d5 11 d5,True,True
K,32,5003,0.2,0.85,350.0,11 d5 11 d5 11 d5 11 d5 11 d5 11 d5 11 d5 11 d5 11 d5 11 d5 11 d5 11 d5 11 d5 11 d5 11 d5 11 d5,True,True
K,32,5003,0.3,0.65,350.0,11 d5 11 d5 11 d5 11 d5 11 d5 11 d5 11 d5 11 d5 11 d5 11 d5 11 d5 11 d5 11 d5 11 d5 11 d5 11 d5,True,True
K,32,5003,0.3,0.75,350.0,11 d5 11 d5 11 d5 11 d5 11 d5 11 d5 11 d5 11 d5 11 d5 11 d5 11 d5 11 d5 11 d5 11 d5 11 d5 11 d5,True,True
K,32,5003,0.3,0.85,350.0,11 d5 11 d5 11 d5 11 d5 11 d5 11 d5 11 d5 11 d5 11 d5 11 d5 11 d5 11 d5 11 d5 11 d5 11 d5 11 d5,True,True
K,32,5003,0.4,0.65,350.0,11 d5 11 d5 11 d5 11 d5 11 d5 11 d5 11 d5 11 d5 11 d5 11 d5 11 d5 11 d5 11 d5 11 d5 11 d5 11 d5,True,True
K,32,5003,0.4,0.75,350.0,11 d5 11 d5 11 d5 11 d5 11 d5 11 d5 11 d5 11 d5 11 d5 11 d5 11 d5 11 d5 11 d5 11 d5 11 d5 11 d5,True,True
K,32,5003,0.4,0.85,350.0,11 d5 11 d5 11 d5 11 d5 11 d5 11 d5 11 d5 11 d5 11 d5 11 d5 11 d5 11 d5 11 d5 11 d5 11 d5 11 d5,True,True
K,32,5003,0.5,0.65,350.0,11 d5 11 d5 11 d5 11 d5 11 d5 11 d5 11 d5 11 d5 11 d5 11 d5 11 d5 11 d5 11 d5 11 d5 11 d5 11 d5,True,True
K,32,5003,0.5,0.75,350.0,11 d5 11 d5 11 d5 11 d5 11 d5 11 d5 11 d5 11 d5 11 d5 11 d5 11 d5 11 d5 11 d5 11 d5 11 d5 11 d5,True,True
K,32,5003,0.5,0.85,350.0,11 d5 11 d5 11 d5 11 d5 11 d5 11 d5 11 d5 11 d5 11 d5 11 d5 11 d5 11 d5 11 d5 11 d5 11 d5 11 d5,True,True
K,32,5003,0.6,0.65,500.0,01 c5 01 c5 01 c5 01 c5 01 c5 01 c5 01 c5 01 c5 01 c5 01 c5 01 c5 01 c5 01 c5 01 c5 01 c5 01 c5,True,True
K,32,5003,0.6,0.75,500.0,01 c5 01 c5 01 c5 01 c5 01 c5 01 c5 01 c5 01 c5 01 c5 01 c5 01 c5 01 c5 01 c5 01 c5 01 c5 01 c5,True,True
K,32,5003,0.6,0.85,500.0,01 c5 01 c5 01 c5 01 c5 01 c5 01 c5 01 c5 01 c5 01 c5 01 c5 01 c5 01 c5 01 c5 01 c5 01 c5 01 c5,True,True
K,32,5004,0.2,0.65,650.0,01 c5 01 c5 01 c5 01 c5 01 c5 01 c5 01 c5 01 c5 01 c5 01 c5 01 c5 01 c5 01 c5 01 c5 01 c5 01 c5,True,True
K,32,5004,0.2,0.75,650.0,01 c5 01 c5 01 c5 01 c5 01 c5 01 c5 01 c5 01 c5 01 c5 01 c5 01 c5 01 c5 01 c5 01 c5 01 c5 01 c5,True,True
K,32,5004,0.2,0.85,650.0,01 c5 01 c5 01 c5 01 c5 01 c5 01 c5 01 c5 01 c5 01 c5 01 c5 01 c5 01 c5 01 c5 01 c5 01 c5 01 c5,True,True
K,32,5004,0.3,0.65,650.0,01 c5 01 c5 01 c5 01 c5 01 c5 01 c5 01 c5 01 c5 01 c5 01 c5 01 c5 01 c5 01 c5 01 c5 01 c5 01 c5,True,True
K,32,5004,0.3,0.75,650.0,01 c5 01 c5 01 c5 01 c5 01 c5 01 c5 01 c5 01 c5 01 c5 01 c5 01 c5 01 c5 01 c5 01 c5 01 c5 01 c5,True,True
K,32,5004,0.3,0.85,650.0,01 c5 01 c5 01 c5 01 c5 01 c5 01 c5 01 c5 01 c5 01 c5 01 c5 01 c5 01 c5 01 c5 01 c5 01 c5 01 c5,True,True
K,32,5004,0.4,0.65,650.0,01 c5 01 c5 01 c5 01 c5 01 c5 01 c5 01 c5 01 c5 01 c5 01 c5 01 c5 01 c5 01 c5 01 c5 01 c5 01 c5,True,True
K,32,5004,0.4,0.75,650.0,01 c5 01 c5 01 c5 01 c5 01 c5 01 c5 01 c5 01 c5 01 c5 01 c5 01 c5 01 c5 01 c5 01 c5 01 c5 01 c5,True,True
K,32,5004,0.4,0.85,650.0,01 c5 01 c5 01 c5 01 c5 01 c5 01 c5 01 c5 01 c5 01 c5 01 c5 01 c5 01 c5 01 c5 01 c5 01 c5 01 c5,True,True
K,32,5004,0.5,0.65,650.0,01 c5 01 c5 01 c5 01 c5 01 c5 01 c5 01 c5 01 c5 01 c5 01 c5 01 c5 01 c5 01 c5 01 c5 01 c5 01 c5,True,True
K,32,5004,0.5,0.75,650.0,01 c5 01 c5 01 c5 01 c5 01 c5 01 c5 01 c5 01 c5 01 c5 01 c5 01 c5 01 c5 01 c5 01 c5 01 c5 01 c5,True,True
K,32,5004,0.5,0.85,650.0,01 c5 01 c5 01 c5 01 c5 01 c5 01 c5 01 c5 01 c5 01 c5 01 c5 01 c5 01 c5 01 c5 01 c5 01 c5 01 c5,True,True
K,32,5004,0.6,0.65,650.0,01 c5 01 c5 01 c5 01 c5 01 c5 01 c5 01 c5 01 c5 01 c5 01 c5 01 c5 01 c5 01 c5 01 c5 01 c5 01 c5,True,True
K,32,5004,0.6,0.75,650.0,01 c5 01 c5 01 c5 01 c5 01 c5 01 c5 01 c5 01 c5 01 c5 01 c5 01 c5 01 c5 01 c5 01 c5 01 c5 01 c5,True,True
K,32,5004,0.6,0.85,650.0,01 c5 01 c5 01 c5 01 c5 01 c5 01 c5 01 c5 01 c5 01 c5 01 c5 01 c5 01 c5 01 c5 01 c5 01 c5 01 c5,True,True
K,32,5005,0.2,0.65,350.0,01 c5 01 c5 01 c5 01 c5 01 c5 01 c5 01 c5 01 c5 01 c5 01 c5 01 c5 01 c5 01 c5 01 c5 01 c5 01 c5,True,True
K,32,5005,0.2,0.75,350.0,01 c5 01 c5 01 c5 01 c5 01 c5 01 c5 01 c5 01 c5 01 c5 01 c5 01 c5 01 c5 01 c5 01 c5 01 c5 01 c5,True,True
K,32,5005,0.2,0.85,350.0,01 c5 01 c5 01 c5 01 c5 01 c5 01 c5 01 c5 01 c5 01 c5 01 c5 01 c5 01 c5 01 c5 01 c5 01 c5 01 c5,True,True
K,32,5005,0.3,0.65,350.0,01 c5 01 c5 01 c5 01 c5 01 c5 01 c5 01 c5 01 c5 01 c5 01 c5 01 c5 01 c5 01 c5 01 c5 01 c5 01 c5,True,True
K,32,5005,0.3,0.75,350.0,01 c5 01 c5 01 c5 01 c5 01 c5 01 c5 01 c5 01 c5 01 c5 01 c5 01 c5 01 c5 01 c5 01 c5 01 c5 01 c5,True,True
K,32,5005,0.3,0.85,350.0,01 c5 01 c5 01 c5 01 c5 01 c5 01 c5 01 c5 01 c5 01 c5 01 c5 01 c5 01 c5 01 c5 01 c5 01 c5 01 c5,True,True
K,32,5005,0.4,0.65,350.0,01 c5 01 c5 01 c5 01 c5 01 c5 01 c5 01 c5 01 c5 01 c5 01 c5 01 c5 01 c5 01 c5 01 c5 01 c5 01 c5,True,True
K,32,5005,0.4,0.75,350.0,01 c5 01 c5 01 c5 01 c5 01 c5 01 c5 01 c5 01 c5 01 c5 01 c5 01 c5 01 c5 01 c5 01 c5 01 c5 01 c5,True,True
K,32,5005,0.4,0.85,350.0,01 c5 01 c5 01 c5 01 c5 01 c5 01 c5 01 c5 01 c5 01 c5 01 c5 01 c5 01 c5 01 c5 01 c5 01 c5 01 c5,True,True
K,32,5005,0.5,0.65,350.0,01 c5 01 c5 01 c5 01 c5 01 c5 01 c5 01 c5 01 c5 01 c5 01 c5 01 c5 01 c5 01 c5 01 c5 01 c5 01 c5,True,True
K,32,5005,0.5,0.75,350.0,01 c5 01 c5 01 c5 01 c5 01 c5 01 c5 01 c5 01 c5 01 c5 01 c5 01 c5 01 c5 01 c5 01 c5 01 c5 01 c5,True,True
K,32,5005,0.5,0.85,350.0,01 c5 01 c5 01 c5 01 c5 01 c5 01 c5 01 c5 01 c5 01 c5 01 c5 01 c5 01 c5 01 c5 01 c5 01 c5 01 c5,True,True
K,32,5005,0.6,0.65,350.0,01 c5 01 c5 01 c5 01 c5 01 c5 01 c5 01 c5 01 c5 01 c5 01 c5 01 c5 01 c5 01 c5 01 c5 01 c5 01 c5,True,True
K,32,5005,0.6,0.75,350.0,01 c5 01 c5 01 c5 01 c5 01 c5 01 c5 01 c5 01 c5 01 c5 01 c5 01 c5 01 c5 01 c5 01 c5 01 c5 01 c5,True,True
K,32,5005,0.6,0.85,350.0,01 c5 01 c5 01 c5 01 c5 01 c5 01 c5 01 c5 01 c5 01 c5 01 c5 01 c5 01 c5 01 c5 01 c5 01 c5 01 c5,True,True
K,32,5006,0.2,0.65,400.0,01 c5 01 c5 01 c5 01 c5 01 c5 01 c5 01 c5 01 c5 01 c5 01 c5 01 c5 01 c5 01 c5 01 c5 01 c5 01 c5,True,True
K,32,5006,0.2,0.75,400.0,01 c5 01 c5 01 c5 01 c5 01 c5 01 c5 01 c5 01 c5 01 c5 01 c5 01 c5 01 c5 01 c5 01 c5 01 c5 01 c5,True,True
K,32,5006,0.2,0.85,400.0,01 c5 01 c5 01 c5 01 c5 01 c5 01 c5 01 c5 01 c5 01 c5 01 c5 01 c5 01 c5 01 c5 01 c5 01 c5 01 c5,True,True
K,32,5006,0.3,0.65,400.0,01 c5 01 c5 01 c5 01 c5 01 c5 01 c5 01 c5 01 c5 01 c5 01 c5 01 c5 01 c5 01 c5 01 c5 01 c5 01 c5,True,True
K,32,5006,0.3,0.75,400.0,01 c5 01 c5 01 c5 01 c5 01 c5 01 c5 01 c5 01 c5 01 c5 01 c5 01 c5 01 c5 01 c5 01 c5 01 c5 01 c5,True,True
K,32,5006,0.3,0.85,400.0,01 c5 01 c5 01 c5 01 c5 01 c5 01 c5 01 c5 01 c5 01 c5 01 c5 01 c5 01 c5 01 c5 01 c5 01 c5 01 c5,True,True
K,32,5006,0.4,0.65,400.0,01 c5 01 c5 01 c5 01 c5 01 c5 01 c5 01 c5 01 c5 01 c5 01 c5 01 c5 01 c5 01 c5 01 c5 01 c5 01 c5,True,True
K,32,5006,0.4,0.75,400.0,01 c5 01 c5 01 c5 01 c5 01 c5 01 c5 01 c5 01 c5 01 c5 01 c5 01 c5 01 c5 01 c5 01 c5 01 c5 01 c5,True,True
K,32,5006,0.4,0.85,400.0,01 c5 01 c5 01 c5 01 c5 01 c5 01 c5 01 c5 01 c5 01 c5 01 c5 01 c5 01 c5 01 c5 01 c5 01 c5 01 c5,True,True
K,32,5006,0.5,0.65,400.0,01 c5 01 c5 01 c5 01 c5 01 c5 01 c5 01 c5 01 c5 01 c5 01 c5 01 c5 01 c5 01 c5 01 c5 01 c5 01 c5,True,True
K,32,5006,0.5,0.75,400.0,01 c5 01 c5 01 c5 01 c5 01 c5 01 c5 01 c5 01 c5 01 c5 01 c5 01 c5 01 c5 01 c5 01 c5 01 c5 01 c5,True,True
K,32,5006,0.5,0.85,400.0,01 c5 01 c5 01 c5 01 c5 01 c5 01 c5 01 c5 01 c5 01 c5 01 c5 01 c5 01 c5 01 c5 01 c5 01 c5 01 c5,True,True
K,32,5006,0.6,0.65,400.0,01 c5 01 c5 01 c5 01 c5 01 c5 01 c5 01 c5 01 c5 01 c5 01 c5 01 c5 01 c5 01 c5 01 c5 01 c5 01 c5,True,True
K,32,5006,0.6,0.75,400.0,01 c5 01 c5 01 c5 01 c5 01 c5 01 c5 01 c5 01 c5 01 c5 01 c5 01 c5 01 c5 01 c5 01 c5 01 c5 01 c5,True,True
K,32,5006,0.6,0.85,400.0,01 c5 01 c5 01 c5 01 c5 01 c5 01 c5 01 c5 01 c5 01 c5 01 c5 01 c5 01 c5 01 c5 01 c5 01 c5 01 c5,True,True
K,32,5007,0.2,0.65,350.0,01 c5 01 c5 01 c5 01 c5 01 c5 01 c5 01 c5 01 c5 01 c5 01 c5 01 c5 01 c5 01 c5 01 c5 01 c5 01 c5,True,True
K,32,5007,0.2,0.75,350.0,01 c5 01 c5 01 c5 01 c5 01 c5 01 c5 01 c5 01 c5 01 c5 01 c5 01 c5 01 c5 01 c5 01 c5 01 c5 01 c5,True,True
K,32,5007,0.2,0.85,350.0,01 c5 01 c5 01 c5 01 c5 01 c5 01 c5 01 c5 01 c5 01 c5 01 c5 01 c5 01 c5 01 c5 01 c5 01 c5 01 c5,True,True
K,32,5007,0.3,0.65,350.0,01 c5 01 c5 01 c5 01 c5 01 c5 01 c5 01 c5 01 c5 01 c5 01 c5 01 c5 01 c5 01 c5 01 c5 01 c5 01 c5,True,True
K,32,5007,0.3,0.75,350.0,01 c5 01 c5 01 c5 01 c5 01 c5 01 c5 01 c5 01 c5 01 c5 01 c5 01 c5 01 c5 01 c5 01 c5 01 c5 01 c5,True,True
K,32,5007,0.3,0.85,350.0,01 c5 01 c5 01 c5 01 c5 01 c5 01 c5 01 c5 01 c5 01 c5 01 c5 01 c5 01 c5 01 c5 01 c5 01 c5 01 c5,True,True
K,32,5007,0.4,0.65,350.0,01 c5 01 c5 01 c5 01 c5 01 c5 01 c5 01 c5 01 c5 01 c5 01 c5 01 c5 01 c5 01 c5 01 c5 01 c5 01 c5,True,True
K,32,5007,0.4,0.75,350.0,01 c5 01 c5 01 c5 01 c5 01 c5 01 c5 01 c5 01 c5 01 c5 01 c5 01 c5 01 c5 01 c5 01 c5 01 c5 01 c5,True,True
K,32,5007,0.4,0.85,350.0,01 c5 01 c5 01 c5 01 c5 01 c5 01 c5 01 c5 01 c5 01 c5 01 c5 01 c5 01 c5 01 c5 01 c5 01 c5 01 c5,True,True
K,32,5007,0.5,0.65,350.0,01 c5 01 c5 01 c5 01 c5 01 c5 01 c5 01 c5 01 c5 01 c5 01 c5 01 c5 01 c5 01 c5 01 c5 01 c5 01 c5,True,True
K,32,5007,0.5,0.75,350.0,01 c5 01 c5 01 c5 01 c5 01 c5 01 c5 01 c5 01 c5 01 c5 01 c5 01 c5 01 c5 01 c5 01 c5 01 c5 01 c5,True,True
K,32,5007,0.5,0.85,350.0,01 c5 01 c5 01 c5 01 c5 01 c5 01 c5 01 c5 01 c5 01 c5 01 c5 01 c5 01 c5 01 c5 01 c5 01 c5 01 c5,True,True
K,32,5007,0.6,0.65,350.0,01 c5 01 c5 01 c5 01 c5 01 c5 01 c5 01 c5 01 c5 01 c5 01 c5 01 c5 01 c5 01 c5 01 c5 01 c5 01 c5,True,True
K,32,5007,0.6,0.75,350.0,01 c5 01 c5 01 c5 01 c5 01 c5 01 c5 01 c5 01 c5 01 c5 01 c5 01 c5 01 c5 01 c5 01 c5 01 c5 01 c5,True,True
K,32,5007,0.6,0.85,350.0,01 c5 01 c5 01 c5 01 c5 01 c5 01 c5 01 c5 01 c5 01 c5 01 c5 01 c5 01 c5 01 c5 01 c5 01 c5 01 c5,True,True
K,32,5008,0.2,0.65,3750.0,01 c5 01 c5 01 c5 01 c5 01 c5 01 c5 01 c5 01 c5 01 c5 01 c5 01 c5 01 c5 01 c5 01 c5 01 c5 01 c5,True,True
K,32,5008,0.2,0.75,3750.0,01 c5 01 c5 01 c5 01 c5 01 c5 01 c5 01 c5 01 c5 01 c5 01 c5 01 c5 01 c5 01 c5 01 c5 01 c5 01 c5,True,True
K,32,5008,0.2,0.85,3750.0,01 c5 01 c5 01 c5 01 c5 01 c5 01 c5 01 c5 01 c5 01 c5 01 c5 01 c5 01 c5 01 c5 01 c5 01 c5 01 c5,True,True
K,32,5008,0.3,0.65,3750.0,01 c5 01 c5 01 c5 01 c5 01 c5 01 c5 01 c5 01 c5 01 c5 01 c5 01 c5 01 c5 01 c5 01 c5 01 c5 01 c5,True,True
K,32,5008,0.3,0.75,3750.0,01 c5 01 c5 01 c5 01 c5 01 c5 01 c5 01 c5 01 c5 01 c5 01 c5 01 c5 01 c5 01 c5 01 c5 01 c5 01 c5,True,True
K,32,5008,0.3,0.85,3750.0,01 c5 01 c5 01 c5 01 c5 01 c5 01 c5 01 c5 01 c5 01 c5 01 c5 01 c5 01 c5 01 c5 01 c5 01 c5 01 c5,True,True
K,32,5008,0.4,0.65,3750.0,01 c5 01 c5 01 c5 01 c5 01 c5 01 c5 01 c5 01 c5 01 c5 01 c5 01 c5 01 c5 01 c5 01 c5 01 c5 01 c5,True,True
K,32,5008,0.4,0.75,3750.0,01 c5 01 c5 01 c5 01 c5 01 c5 01 c5 01 c5 01 c5 01 c5 01 c5 01 c5 01 c5 01 c5 01 c5 01 c5 01 c5,True,True
K,32,5008,0.4,0.85,3750.0,01 c5 01 c5 01 c5 01 c5 01 c5 01 c5 01 c5 01 c5 01 c5 01 c5 01 c5 01 c5 01 c5 01 c5 01 c5 01 c5,True,True
K,32,5008,0.5,0.65,3750.0,01 c5 01 c5 01 c5 01 c5 01 c5 01 c5 01 c5 01 c5 01 c5 01 c5 01 c5 01 c5 01 c5 01 c5 01 c5 01 c5,True,True
K,32,5008,0.5,0.75,3750.0,01 c5 01 c5 01 c5 01 c5 01 c5 01 c5 01 c5 01 c5 01 c5 01 c5 01 c5 01 c5 01 c5 01 c5 01 c5 01 c5,True,True
K,32,5008,0.5,0.85,3750.0,01 c5 01 c5 01 c5 01 c5 01 c5 01 c5 01 c5 01 c5 01 c5 01 c5 01 c5 01 c5 01 c5 01 c5 01 c5 01 c5,True,True
K,32,5008,0.6,0.65,3750.0,01 c5 01 c5 01 c5 01 c5 01 c5 01 c5 01 c5 01 c5 01 c5 01 c5 01 c5 01 c5 01 c5 01 c5 01 c5 01 c5,True,True
K,32,5008,0.6,0.75,3750.0,01 c5 01 c5 01 c5 01 c5 01 c5 01 c5 01 c5 01 c5 01 c5 01 c5 01 c5 01 c5 01 c5 01 c5 01 c5 01 c5,True,True
K,32,5008,0.6,0.85,3750.0,01 c5 01 c5 01 c5 01 c5 01 c5 01 c5 01 c5 01 c5 01 c5 01 c5 01 c5 01 c5 01 c5 01 c5 01 c5 01 c5,True,True
K,32,5009,0.2,0.65,350.0,21 e5 21 e5 21 e5 21 e5 21 e5 21 e5 21 e5 21 e5 21 e5 21 e5 21 e5 21 e5 21 e5 21 e5 21 e5 21 e5,True,True
K,32,5009,0.2,0.75,350.0,21 e5 21 e5 21 e5 21 e5 21 e5 21 e5 21 e5 21 e5 21 e5 21 e5 21 e5 21 e5 21 e5 21 e5 21 e5 21 e5,True,True
K,32,5009,0.2,0.85,350.0,21 e5 21 e5 21 e5 21 e5 21 e5 21 e5 21 e5 21 e5 21 e5 21 e5 21 e5 21 e5 21 e5 21 e5 21 e5 21 e5,True,True
K,32,5009,0.3,0.65,350.0,21 e5 21 e5 21 e5 21 e5 21 e5 21 e5 21 e5 21 e5 21 e5 21 e5 21 e5 21 e5 21 e5 21 e5 21 e5 21 e5,True,True
K,32,5009,0.3,0.75,350.0,21 e5 21 e5 21 e5 21 e5 21 e5 21 e5 21 e5 21 e5 21 e5 21 e5 21 e5 21 e5 21 e5 21 e5 21 e5 21 e5,True,True
K,32,5009,0.3,0.85,350.0,21 e5 21 e5 21 e5 21 e5 21 e5 21 e5 21 e5 21 e5 21 e5 21 e5 21 e5 21 e5 21 e5 21 e5 21 e5 21 e5,True,True
K,32,5009,0.4,0.65,350.0,21 e5 21 e5 21 e5 21 e5 21 e5 21 e5 21 e5 21 e5 21 e5 21 e5 21 e5 21 e5 21 e5 21 e5 21 e5 21 e5,True,True
K,32,5009,0.4,0.75,350.0,21 e5 21 e5 21 e5 21 e5 21 e5 21 e5 21 e5 21 e5 21 e5 21 e5 21 e5 21 e5 21 e5 21 e5 21 e5 21 e5,True,True
K,32,5009,0.4,0.85,350.0,21 e5 21 e5 21 e5 21 e5 21 e5 21 e5 21 e5 21 e5 21 e5 21 e5 21 e5 21 e5 21 e5 21 e5 21 e5 21 e5,True,True
K,32,5009,0.5,0.65,350.0,21 e5 21 e5 21 e5 21 e5 21 e5 21 e5 21 e5 21 e5 21 e5 21 e5 21 e5 21 e5 21 e5 21 e5 21 e5 21 e5,True,True
K,32,5009,0.5,0.75,350.0,21 e5 21 e5 21 e5 21 e5 21 e5 21 e5 21 e5 21 e5 21 e5 21 e5 21 e5 21 e5 21 e5 21 e5 21 e5 21 e5,True,True
K,32,5009,0.5,0.85,350.0,21 e5 21 e5 21 e5 21 e5 21 e5 21 e5 21 e5 21 e5 21 e5 21 e5 21 e5 21 e5 21 e5 21 e5 21 e5 21 e5,True,True
K,32,5009,0.6,0.65,650.0,01 c5 01 c5 01 c5 01 c5 01 c5 01 c5 01 c5 01 c5 01 c5 01 c5 01 c5 01 c5 01 c5 01 c5 01 c5 01 c5,True,True
K,32,5009,0.6,0.75,650.0,01 c5 01 c5 01 c5 01 c5 01 c5 01 c5 01 c5 01 c5 01 c5 01 c5 01 c5 01 c5 01 c5 01 c5 01 c5 01 c5,True,True
K,32,5009,0.6,0.85,650.0,01 c5 01 c5 01 c5 01 c5 01 c5 01 c5 01 c5 01 c5 01 c5 01 c5 01 c5 01 c5 01 c5 01 c5 01 c5 01 c5,True,True
K,32,5010,0.2,0.65,200.0,01 c5 01 c5 01 c5 01 c5 01 c5 01 c5 01 c5 01 c5 01 c5 01 c5 01 c5 01 c5 01 c5 01 c5 01 c5 01 c5,True,True
K,32,5010,0.2,0.75,200.0,01 c5 01 c5 01 c5 01 c5 01 c5 01 c5 01 c5 01 c5 01 c5 01 c5 01 c5 01 c5 01 c5 01 c5 01 c5 01 c5,True,True
K,32,5010,0.2,0.85,200.0,01 c5 01 c5 01 c5 01 c5 01 c5 01 c5 01 c5 01 c5 01 c5 01 c5 01 c5 01 c5 01 c5 01 c5 01 c5 01 c5,True,True
K,32,5010,0.3,0.65,200.0,01 c5 01 c5 01 c5 01 c5 01 c5 01 c5 01 c5 01 c5 01 c5 01 c5 01 c5 01 c5 01 c5 01 c5 01 c5 01 c5,True,True
K,32,5010,0.3,0.75,200.0,01 c5 01 c5 01 c5 01 c5 01 c5 01 c5 01 c5 01 c5 01 c5 01 c5 01 c5 01 c5 01 c5 01 c5 01 c5 01 c5,True,True
K,32,5010,0.3,0.85,200.0,01 c5 01 c5 01 c5 01 c5 01 c5 01 c5 01 c5 01 c5 01 c5 01 c5 01 c5 01 c5 01 c5 01 c5 01 c5 01 c5,True,True
K,32,5010,0.4,0.65,200.0,01 c5 01 c5 01 c5 01 c5 01 c5 01 c5 01 c5 01 c5 01 c5 01 c5 01 c5 01 c5 01 c5 01 c5 01 c5 01 c5,True,True
K,32,5010,0.4,0.75,200.0,01 c5 01 c5 01 c5 01 c5 01 c5 01 c5 01 c5 01 c5 01 c5 01 c5 01 c5 01 c5 01 c5 01 c5 01 c5 01 c5,True,True
K,32,5010,0.4,0.85,200.0,01 c5 01 c5 01 c5 01 c5 01 c5 01 c5 01 c5 01 c5 01 c5 01 c5 01 c5 01 c5 01 c5 01 c5 01 c5 01 c5,True,True
K,32,5010,0.5,0.65,200.0,01 c5 01 c5 01 c5 01 c5 01 c5 01 c5 01 c5 01 c5 01 c5 01 c5 01 c5 01 c5 01 c5 01 c5 01 c5 01 c5,True,True
K,32,5010,0.5,0.75,200.0,01 c5 01 c5 01 c5 01 c5 01 c5 01 c5 01 c5 01 c5 01 c5 01 c5 01 c5 01 c5 01 c5 01 c5 01 c5 01 c5,True,True
K,32,5010,0.5,0.85,200.0,01 c5 01 c5 01 c5 01 c5 01 c5 01 c5 01 c5 01 c5 01 c5 01 c5 01 c5 01 c5 01 c5 01 c5 01 c5 01 c5,True,True
K,32,5010,0.6,0.65,200.0,01 c5 01 c5 01 c5 01 c5 01 c5 01 c5 01 c5 01 c5 01 c5 01 c5 01 c5 01 c5 01 c5 01 c5 01 c5 01 c5,True,True
K,32,5010,0.6,0.75,200.0,01 c5 01 c5 01 c5 01 c5 01 c5 01 c5 01 c5 01 c5 01 c5 01 c5 01 c5 01 c5 01 c5 01 c5 01 c5 01 c5,True,True
K,32,5010,0.6,0.85,200.0,01 c5 01 c5 01 c5 01 c5 01 c5 01 c5 01 c5 01 c5 01 c5 01 c5 01 c5 01 c5 01 c5 01 c5 01 c5 01 c5,True,True
K,32,5011,0.2,0.65,250.0,01 c5 01 c5 01 c5 01 c5 01 c5 01 c5 01 c5 01 c5 01 c5 01 c5 01 c5 01 c5 01 c5 01 c5 01 c5 01 c5,True,True
K,32,5011,0.2,0.75,250.0,01 c5 01 c5 01 c5 01 c5 01 c5 01 c5 01 c5 01 c5 01 c5 01 c5 01 c5 01 c5 01 c5 01 c5 01 c5 01 c5,True,True
K,32,5011,0.2,0.85,250.0,01 c5 01 c5 01 c5 01 c5 01 c5 01 c5 01 c5 01 c5 01 c5 01 c5 01 c5 01 c5 01 c5 01 c5 01 c5 01 c5,True,True
K,32,5011,0.3,0.65,250.0,01 c5 01 c5 01 c5 01 c5 01 c5 01 c5 01 c5 01 c5 01 c5 01 c5 01 c5 01 c5 01 c5 01 c5 01 c5 01 c5,True,True
K,32,5011,0.3,0.75,250.0,01 c5 01 c5 01 c5 01 c5 01 c5 01 c5 01 c5 01 c5 01 c5 01 c5 01 c5 01 c5 01 c5 01 c5 01 c5 01 c5,True,True
K,32,5011,0.3,0.85,250.0,01 c5 01 c5 01 c5 01 c5 01 c5 01 c5 01 c5 01 c5 01 c5 01 c5 01 c5 01 c5 01 c5 01 c5 01 c5 01 c5,True,True
K,32,5011,0.4,0.65,250.0,01 c5 01 c5 01 c5 01 c5 01 c5 01 c5 01 c5 01 c5 01 c5 01 c5 01 c5 01 c5 01 c5 01 c5 01 c5 01 c5,True,True
K,32,5011,0.4,0.75,250.0,01 c5 01 c5 01 c5 01 c5 01 c5 01 c5 01 c5 01 c5 01 c5 01 c5 01 c5 01 c5 01 c5 01 c5 01 c5 01 c5,True,True
K,32,5011,0.4,0.85,250.0,01 c5 01 c5 01 c5 01 c5 01 c5 01 c5 01 c5 01 c5 01 c5 01 c5 01 c5 01 c5 01 c5 01 c5 01 c5 01 c5,True,True
K,32,5011,0.5,0.65,250.0,01 c5 01 c5 01 c5 01 c5 01 c5 01 c5 01 c5 01 c5 01 c5 01 c5 01 c5 01 c5 01 c5 01 c5 01 c5 01 c5,True,True
K,32,5011,0.5,0.75,250.0,01 c5 01 c5 01 c5 01 c5 01 c5 01 c5 01 c5 01 c5 01 c5 01 c5 01 c5 01 c5 01 c5 01 c5 01 c5 01 c5,True,True
K,32,5011,0.5,0.85,250.0,01 c5 01 c5 01 c5 01 c5 01 c5 01 c5 01 c5 01 c5 01 c5 01 c5 01 c5 01 c5 01 c5 01 c5 01 c5 01 c5,True,True
K,32,5011,0.6,0.65,250.0,01 c5 01 c5 01 c5 01 c5 01 c5 01 c5 01 c5 01 c5 01 c5 01 c5 01 c5 01 c5 01 c5 01 c5 01 c5 01 c5,True,True
K,32,5011,0.6,0.75,250.0,01 c5 01 c5 01 c5 01 c5 01 c5 01 c5 01 c5 01 c5 01 c5 01 c5 01 c5 01 c5 01 c5 01 c5 01 c5 01 c5,True,True
K,32,5011,0.6,0.85,250.0,01 c5 01 c5 01 c5 01 c5 01 c5 01 c5 01 c5 01 c5 01 c5 01 c5 01 c5 01 c5 01 c5 01 c5 01 c5 01 c5,True,True
K,32,5012,0.2,0.65,3000.0,01 c5 01 c5 01 c5 01 c5 01 c5 01 c5 01 c5 01 c5 01 c5 01 c5 01 c5 01 c5 01 c5 01 c5 01 c5 01 c5,True,True
K,32,5012,0.2,0.75,3000.0,01 c5 01 c5 01 c5 01 c5 01 c5 01 c5 01 c5 01 c5 01 c5 01 c5 01 c5 01 c5 01 c5 01 c5 01 c5 01 c5,True,True
K,32,5012,0.2,0.85,3000.0,01 c5 01 c5 01 c5 01 c5 01 c5 01 c5 01 c5 01 c5 01 c5 01 c5 01 c5 01 c5 01 c5 01 c5 01 c5 01 c5,True,True
K,32,5012,0.3,0.65,3000.0,01 c5 01 c5 01 c5 01 c5 01 c5 01 c5 01 c5 01 c5 01 c5 01 c5 01 c5 01 c5 01 c5 01 c5 01 c5 01 c5,True,True
K,32,5012,0.3,0.75,3000.0,01 c5 01 c5 01 c5 01 c5 01 c5 01 c5 01 c5 01 c5 01 c5 01 c5 01 c5 01 c5 01 c5 01 c5 01 c5 01 c5,True,True
K,32,5012,0.3,0.85,3000.0,01 c5 01 c5 01 c5 01 c5 01 c5 01 c5 01 c5 01 c5 01 c5 01 c5 01 c5 01 c5 01 c5 01 c5 01 c5 01 c5,True,True
K,32,5012,0.4,0.65,3000.0,01 c5 01 c5 01 c5 01 c5 01 c5 01 c5 01 c5 01 c5 01 c5 01 c5 01 c5 01 c5 01 c5 01 c5 01 c5 01 c5,True,True
K,32,5012,0.4,0.75,3000.0,01 c5 01 c5 01 c5 01 c5 01 c5 01 c5 01 c5 01 c5 01 c5 01 c5 01 c5 01 c5 01 c5 01 c5 01 c5 01 c5,True,True
K,32,5012,0.4,0.85,3000.0,01 c5 01 c5 01 c5 01 c5 01 c5 01 c5 01 c5 01 c5 01 c5 01 c5 01 c5 01 c5 01 c5 01 c5 01 c5 01 c5,True,True
K,32,5012,0.5,0.65,3000.0,01 c5 01 c5 01 c5 01 c5 01 c5 01 c5 01 c5 01 c5 01 c5 01 c5 01 c5 01 c5 01 c5 01 c5 01 c5 01 c5,True,True
K,32,5012,0.5,0.75,3000.0,01 c5 01 c5 01 c5 01 c5 01 c5 01 c5 01 c5 01 c5 01 c5 01 c5 01 c5 01 c5 01 c5 01 c5 01 c5 01 c5,True,True
K,32,5012,0.5,0.85,3000.0,01 c5 01 c5 01 c5 01 c5 01 c5 01 c5 01 c5 01 c5 01 c5 01 c5 01 c5 01 c5 01 c5 01 c5 01 c5 01 c5,True,True
K,32,5012,0.6,0.65,3000.0,01 c5 01 c5 01 c5 01 c5 01 c5 01 c5 01 c5 01 c5 01 c5 01 c5 01 c5 01 c5 01 c5 01 c5 01 c5 01 c5,True,True
K,32,5012,0.6,0.75,3000.0,01 c5 01 c5 01 c5 01 c5 01 c5 01 c5 01 c5 01 c5 01 c5 01 c5 01 c5 01 c5 01 c5 01 c5 01 c5 01 c5,True,True
K,32,5012,0.6,0.85,3000.0,01 c5 01 c5 01 c5 01 c5 01 c5 01 c5 01 c5 01 c5 01 c5 01 c5 01 c5 01 c5 01 c5 01 c5 01 c5 01 c5,True,True
K,32,5013,0.2,0.65,1600.0,01 c5 01 c5 01 c5 01 c5 01 c5 01 c5 01 c5 01 c5 01 c5 01 c5 01 c5 01 c5 01 c5 01 c5 01 c5 01 c5,True,True
K,32,5013,0.2,0.75,1600.0,01 c5 01 c5 01 c5 01 c5 01 c5 01 c5 01 c5 01 c5 01 c5 01 c5 01 c5 01 c5 01 c5 01 c5 01 c5 01 c5,True,True
K,32,5013,0.2,0.85,1600.0,01 c5 01 c5 01 c5 01 c5 01 c5 01 c5 01 c5 01 c5 01 c5 01 c5 01 c5 01 c5 01 c5 01 c5 01 c5 01 c5,True,True
K,32,5013,0.3,0.65,1600.0,01 c5 01 c5 01 c5 01 c5 01 c5 01 c5 01 c5 01 c5 01 c5 01 c5 01 c5 01 c5 01 c5 01 c5 01 c5 01 c5,True,True
K,32,5013,0.3,0.75,1600.0,01 c5 01 c5 01 c5 01 c5 01 c5 01 c5 01 c5 01 c5 01 c5 01 c5 01 c5 01 c5 01 c5 01 c5 01 c5 01 c5,True,True
K,32,5013,0.3,0.85,1600.0,01 c5 01 c5 01 c5 01 c5 01 c5 01 c5 01 c5 01 c5 01 c5 01 c5 01 c5 01 c5 01 c5 01 c5 01 c5 01 c5,True,True
K,32,5013,0.4,0.65,1600.0,01 c5 01 c5 01 c5 01 c5 01 c5 01 c5 01 c5 01 c5 01 c5 01 c5 01 c5 01 c5 01 c5 01 c5 01 c5 01 c5,True,True
K,32,5013,0.4,0.75,1600.0,01 c5 01 c5 01 c5 01 c5 01 c5 01 c5 01 c5 01 c5 01 c5 01 c5 01 c5 01 c5 01 c5 01 c5 01 c5 01 c5,True,True
K,32,5013,0.4,0.85,1600.0,01 c5 01 c5 01 c5 01 c5 01 c5 01 c5 01 c5 01 c5 01 c5 01 c5 01 c5 01 c5 01 c5 01 c5 01 c5 01 c5,True,True
K,32,5013,0.5,0.65,1600.0,01 c5 01 c5 01 c5 01 c5 01 c5 01 c5 01 c5 01 c5 01 c5 01 c5 01 c5 01 c5 01 c5 01 c5 01 c5 01 c5,True,True
K,32,5013,0.5,0.75,1600.0,01 c5 01 c5 01 c5 01 c5 01 c5 01 c5 01 c5 01 c5 01 c5 01 c5 01 c5 01 c5 01 c5 01 c5 01 c5 01 c5,True,True
K,32,5013,0.5,0.85,1600.0,01 c5 01 c5 01 c5 01 c5 01 c5 01 c5 01 c5 01 c5 01 c5 01 c5 01 c5 01 c5 01 c5 01 c5 01 c5 01 c5,True,True
K,32,5013,0.6,0.65,1600.0,01 c5 01 c5 01 c5 01 c5 01 c5 01 c5 01 c5 01 c5 01 c5 01 c5 01 c5 01 c5 01 c5 01 c5 01 c5 01 c5,True,True
K,32,5013,0.6,0.75,1600.0,01 c5 01 c5 01 c5 01 c5 01 c5 01 c5 01 c5 01 c5 01 c5 01 c5 01 c5 01 c5 01 c5 01 c5 01 c5 01 c5,True,True
K,32,5013,0.6,0.85,1600.0,01 c5 01 c5 01 c5 01 c5 01 c5 01 c5 01 c5 01 c5 01 c5 01 c5 01 c5 01 c5 01 c5 01 c5 01 c5 01 c5,True,True
K,32,5014,0.2,0.65,1550.0,11 d5 11 d5 11 d5 11 d5 11 d5 11 d5 11 d5 11 d5 11 d5 11 d5 11 d5 11 d5 11 d5 11 d5 11 d5 11 d5,True,True
K,32,5014,0.2,0.75,1550.0,11 d5 11 d5 11 d5 11 d5 11 d5 11 d5 11 d5 11 d5 11 d5 11 d5 11 d5 11 d5 11 d5 11 d5 11 d5 11 d5,True,True
K,32,5014,0.2,0.85,1550.0,11 d5 11 d5 11 d5 11 d5 11 d5 11 d5 11 d5 11 d5 11 d5 11 d5 11 d5 11 d5 11 d5 11 d5 11 d5 11 d5,True,True
K,32,5014,0.3,0.65,1550.0,11 d5 11 d5 11 d5 11 d5 11 d5 11 d5 11 d5 11 d5 11 d5 11 d5 11 d5 11 d5 11 d5 11 d5 11 d5 11 d5,True,True
K,32,5014,0.3,0.75,1550.0,11 d5 11 d5 11 d5 11 d5 11 d5 11 d5 11 d5 11 d5 11 d5 11 d5 11 d5 11 d5 11 d5 11 d5 11 d5 11 d5,True,True
K,32,5014,0.3,0.85,1550.0,11 d5 11 d5 11 d5 11 d5 11 d5 11 d5 11 d5 11 d5 11 d5 11 d5 11 d5 11 d5 11 d5 11 d5 11 d5 11 d5,True,True
K,32,5014,0.4,0.65,1550.0,11 d5 11 d5 11 d5 11 d5 11 d5 11 d5 11 d5 11 d5 11 d5 11 d5 11 d5 11 d5 11 d5 11 d5 11 d5 11 d5,True,True
K,32,5014,0.4,0.75,1550.0,11 d5 11 d5 11 d5 11 d5 11 d5 11 d5 11 d5 11 d5 11 d5 11 d5 11 d5 11 d5 11 d5 11 d5 11 d5 11 d5,True,True
K,32,5014,0.4,0.85,1550.0,11 d5 11 d5 11 d5 11 d5 11 d5 11 d5 11 d5 11 d5 11 d5 11 d5 11 d5 11 d5 11 d5 11 d5 11 d5 11 d5,True,True
K,32,5014,0.5,0.65,1550.0,11 d5 11 d5 11 d5 11 d5 11 d5 11 d5 11 d5 11 d5 11 d5 11 d5 11 d5 11 d5 11 d5 11 d5 11 d5 11 d5,True,True
K,32,5014,0.5,0.75,1550.0,11 d5 11 d5 11 d5 11 d5 11 d5 11 d5 11 d5 11 d5 11 d5 11 d5 11 d5 11 d5 11 d5 11 d5 11 d5 11 d5,True,True
K,32,5014,0.5,0.85,1550.0,11 d5 11 d5 11 d5 11 d5 11 d5 11 d5 11 d5 11 d5 11 d5 11 d5 11 d5 11 d5 11 d5 11 d5 11 d5 11 d5,True,True
K,32,5014,0.6,0.65,1550.0,11 d5 11 d5 11 d5 11 d5 11 d5 11 d5 11 d5 11 d5 11 d5 11 d5 11 d5 11 d5 11 d5 11 d5 11 d5 11 d5,True,True
K,32,5014,0.6,0.75,1550.0,11 d5 11 d5 11 d5 11 d5 11 d5 11 d5 11 d5 11 d5 11 d5 11 d5 11 d5 11 d5 11 d5 11 d5 11 d5 11 d5,True,True
K,32,5014,0.6,0.85,1550.0,11 d5 11 d5 11 d5 11 d5 11 d5 11 d5 11 d5 11 d5 11 d5 11 d5 11 d5 11 d5 11 d5 11 d5 11 d5 11 d5,True,True
K,32,5015,0.2,0.65,200.0,01 c5 01 c5 01 c5 01 c5 01 c5 01 c5 01 c5 01 c5 01 c5 01 c5 01 c5 01 c5 01 c5 01 c5 01 c5 01 c5,True,True
K,32,5015,0.2,0.75,200.0,01 c5 01 c5 01 c5 01 c5 01 c5 01 c5 01 c5 01 c5 01 c5 01 c5 01 c5 01 c5 01 c5 01 c5 01 c5 01 c5,True,True
K,32,5015,0.2,0.85,200.0,01 c5 01 c5 01 c5 01 c5 01 c5 01 c5 01 c5 01 c5 01 c5 01 c5 01 c5 01 c5 01 c5 01 c5 01 c5 01 c5,True,True
K,32,5015,0.3,0.65,200.0,01 c5 01 c5 01 c5 01 c5 01 c5 01 c5 01 c5 01 c5 01 c5 01 c5 01 c5 01 c5 01 c5 01 c5 01 c5 01 c5,True,True
K,32,5015,0.3,0.75,200.0,01 c5 01 c5 01 c5 01 c5 01 c5 01 c5 01 c5 01 c5 01 c5 01 c5 01 c5 01 c5 01 c5 01 c5 01 c5 01 c5,True,True
K,32,5015,0.3,0.85,200.0,01 c5 01 c5 01 c5 01 c5 01 c5 01 c5 01 c5 01 c5 01 c5 01 c5 01 c5 01 c5 01 c5 01 c5 01 c5 01 c5,True,True
K,32,5015,0.4,0.65,200.0,01 c5 01 c5 01 c5 01 c5 01 c5 01 c5 01 c5 01 c5 01 c5 01 c5 01 c5 01 c5 01 c5 01 c5 01 c5 01 c5,True,True
K,32,5015,0.4,0.75,200.0,01 c5 01 c5 01 c5 01 c5 01 c5 01 c5 01 c5 01 c5 01 c5 01 c5 01 c5 01 c5 01 c5 01 c5 01 c5 01 c5,True,True
K,32,5015,0.4,0.85,200.0,01 c5 01 c5 01 c5 01 c5 01 c5 01 c5 01 c5 01 c5 01 c5 01 c5 01 c5 01 c5 01 c5 01 c5 01 c5 01 c5,True,True
K,32,5015,0.5,0.65,200.0,01 c5 01 c5 01 c5 01 c5 01 c5 01 c5 01 c5 01 c5 01 c5 01 c5 01 c5 01 c5 01 c5 01 c5 01 c5 01 c5,True,True
K,32,5015,0.5,0.75,200.0,01 c5 01 c5 01 c5 01 c5 01 c5 01 c5 01 c5 01 c5 01 c5 01 c5 01 c5 01 c5 01 c5 01 c5 01 c5 01 c5,True,True
K,32,5015,0.5,0.85,200.0,01 c5 01 c5 01 c5 01 c5 01 c5 01 c5 01 c5 01 c5 01 c5 01 c5 01 c5 01 c5 01 c5 01 c5 01 c5 01 c5,True,True
K,32,5015,0.6,0.65,200.0,01 c5 01 c5 01 c5 01 c5 01 c5 01 c5 01 c5 01 c5 01 c5 01 c5 01 c5 01 c5 01 c5 01 c5 01 c5 01 c5,True,True
K,32,5015,0.6,0.75,200.0,01 c5 01 c5 01 c5 01 c5 01 c5 01 c5 01 c5 01 c5 01 c5 01 c5 01 c5 01 c5 01 c5 01 c5 01 c5 01 c5,True,True
K,32,5015,0.6,0.85,200.0,01 c5 01 c5 01 c5 01 c5 01 c5 01 c5 01 c5 01 c5 01 c5 01 c5 01 c5 01 c5 01 c5 01 c5 01 c5 01 c5,True,True
K,32,5016,0.2,0.65,250.0,01 c5 01 c5 01 c5 01 c5 01 c5 01 c5 01 c5 01 c5 01 c5 01 c5 01 c5 01 c5 01 c5 01 c5 01 c5 01 c5,True,True
K,32,5016,0.2,0.75,250.0,01 c5 01 c5 01 c5 01 c5 01 c5 01 c5 01 c5 01 c5 01 c5 01 c5 01 c5 01 c5 01 c5 01 c5 01 c5 01 c5,True,True
K,32,5016,0.2,0.85,250.0,01 c5 01 c5 01 c5 01 c5 01 c5 01 c5 01 c5 01 c5 01 c5 01 c5 01 c5 01 c5 01 c5 01 c5 01 c5 01 c5,True,True
K,32,5016,0.3,0.65,250.0,01 c5 01 c5 01 c5 01 c5 01 c5 01 c5 01 c5 01 c5 01 c5 01 c5 01 c5 01 c5 01 c5 01 c5 01 c5 01 c5,True,True
K,32,5016,0.3,0.75,250.0,01 c5 01 c5 01 c5 01 c5 01 c5 01 c5 01 c5 01 c5 01 c5 01 c5 01 c5 01 c5 01 c5 01 c5 01 c5 01 c5,True,True
K,32,5016,0.3,0.85,250.0,01 c5 01 c5 01 c5 01 c5 01 c5 01 c5 01 c5 01 c5 01 c5 01 c5 01 c5 01 c5 01 c5 01 c5 01 c5 01 c5,True,True
K,32,5016,0.4,0.65,250.0,01 c5 01 c5 01 c5 01 c5 01 c5 01 c5 01 c5 01 c5 01 c5 01 c5 01 c5 01 c5 01 c5 01 c5 01 c5 01 c5,True,True
K,32,5016,0.4,0.75,250.0,01 c5 01 c5 01 c5 01 c5 01 c5 01 c5 01 c5 01 c5 01 c5 01 c5 01 c5 01 c5 01 c5 01 c5 01 c5 01 c5,True,True
K,32,5016,0.4,0.85,250.0,01 c5 01 c5 01 c5 01 c5 01 c5 01 c5 01 c5 01 c5 01 c5 01 c5 01 c5 01 c5 01 c5 01 c5 01 c5 01 c5,True,True
K,32,5016,0.5,0.65,250.0,01 c5 01 c5 01 c5 01 c5 01 c5 01 c5 01 c5 01 c5 01 c5 01 c5 01 c5 01 c5 01 c5 01 c5 01 c5 01 c5,True,True
K,32,5016,0.5,0.75,250.0,01 c5 01 c5 01 c5 01 c5 01 c5 01 c5 01 c5 01 c5 01 c5 01 c5 01 c5 01 c5 01 c5 01 c5 01 c5 01 c5,True,True
K,32,5016,0.5,0.85,250.0,01 c5 01 c5 01 c5 01 c5 01 c5 01 c5 01 c5 01 c5 01 c5 01 c5 01 c5 01 c5 01 c5 01 c5 01 c5 01 c5,True,True
K,32,5016,0.6,0.65,250.0,01 c5 01 c5 01 c5 01 c5 01 c5 01 c5 01 c5 01 c5 01 c5 01 c5 01 c5 01 c5 01 c5 01 c5 01 c5 01 c5,True,True
K,32,5016,0.6,0.75,250.0,01 c5 01 c5 01 c5 01 c5 01 c5 01 c5 01 c5 01 c5 01 c5 01 c5 01 c5 01 c5 01 c5 01 c5 01 c5 01 c5,True,True
K,32,5016,0.6,0.85,250.0,01 c5 01 c5 01 c5 01 c5 01 c5 01 c5 01 c5 01 c5 01 c5 01 c5 01 c5 01 c5 01 c5 01 c5 01 c5 01 c5,True,True
K,32,5017,0.2,0.65,600.0,01 c5 01 c5 01 c5 01 c5 01 c5 01 c5 01 c5 01 c5 01 c5 01 c5 01 c5 01 c5 01 c5 01 c5 01 c5 01 c5,True,True
K,32,5017,0.2,0.75,600.0,01 c5 01 c5 01 c5 01 c5 01 c5 01 c5 01 c5 01 c5 01 c5 01 c5 01 c5 01 c5 01 c5 01 c5 01 c5 01 c5,True,True
K,32,5017,0.2,0.85,600.0,01 c5 01 c5 01 c5 01 c5 01 c5 01 c5 01 c5 01 c5 01 c5 01 c5 01 c5 01 c5 01 c5 01 c5 01 c5 01 c5,True,True
K,32,5017,0.3,0.65,600.0,01 c5 01 c5 01 c5 01 c5 01 c5 01 c5 01 c5 01 c5 01 c5 01 c5 01 c5 01 c5 01 c5 01 c5 01 c5 01 c5,True,True
K,32,5017,0.3,0.75,600.0,01 c5 01 c5 01 c5 01 c5 01 c5 01 c5 01 c5 01 c5 01 c5 01 c5 01 c5 01 c5 01 c5 01 c5 01 c5 01 c5,True,True
K,32,5017,0.3,0.85,600.0,01 c5 01 c5 01 c5 01 c5 01 c5 01 c5 01 c5 01 c5 01 c5 01 c5 01 c5 01 c5 01 c5 01 c5 01 c5 01 c5,True,True
K,32,5017,0.4,0.65,600.0,01 c5 01 c5 01 c5 01 c5 01 c5 01 c5 01 c5 01 c5 01 c5 01 c5 01 c5 01 c5 01 c5 01 c5 01 c5 01 c5,True,True
K,32,5017,0.4,0.75,600.0,01 c5 01 c5 01 c5 01 c5 01 c5 01 c5 01 c5 01 c5 01 c5 01 c5 01 c5 01 c5 01 c5 01 c5 01 c5 01 c5,True,True
K,32,5017,0.4,0.85,600.0,01 c5 01 c5 01 c5 01 c5 01 c5 01 c5 01 c5 01 c5 01 c5 01 c5 01 c5 01 c5 01 c5 01 c5 01 c5 01 c5,True,True
K,32,5017,0.5,0.65,600.0,01 c5 01 c5 01 c5 01 c5 01 c5 01 c5 01 c5 01 c5 01 c5 01 c5 01 c5 01 c5 01 c5 01 c5 01 c5 01 c5,True,True
K,32,5017,0.5,0.75,600.0,01 c5 01 c5 01 c5 01 c5 01 c5 01 c5 01 c5 01 c5 01 c5 01 c5 01 c5 01 c5 01 c5 01 c5 01 c5 01 c5,True,True
K,32,5017,0.5,0.85,600.0,01 c5 01 c5 01 c5 01 c5 01 c5 01 c5 01 c5 01 c5 01 c5 01 c5 01 c5 01 c5 01 c5 01 c5 01 c5 01 c5,True,True
K,32,5017,0.6,0.65,600.0,01 c5 01 c5 01 c5 01 c5 01 c5 01 c5 01 c5 01 c5 01 c5 01 c5 01 c5 01 c5 01 c5 01 c5 01 c5 01 c5,True,True
K,32,5017,0.6,0.75,600.0,01 c5 01 c5 01 c5 01 c5 01 c5 01 c5 01 c5 01 c5 01 c5 01 c5 01 c5 01 c5 01 c5 01 c5 01 c5 01 c5,True,True
K,32,5017,0.6,0.85,600.0,01 c5 01 c5 01 c5 01 c5 01 c5 01 c5 01 c5 01 c5 01 c5 01 c5 01 c5 01 c5 01 c5 01 c5 01 c5 01 c5,True,True
K,32,5018,0.2,0.65,150.0,11 d5 11 d5 11 d5 11 d5 11 d5 11 d5 11 d5 11 d5 11 d5 11 d5 11 d5 11 d5 11 d5 11 d5 11 d5 11 d5,True,True
K,32,5018,0.2,0.75,150.0,11 d5 11 d5 11 d5 11 d5 11 d5 11 d5 11 d5 11 d5 11 d5 11 d5 11 d5 11 d5 11 d5 11 d5 11 d5 11 d5,True,True
K,32,5018,0.2,0.85,150.0,11 d5 11 d5 11 d5 11 d5 11 d5 11 d5 11 d5 11 d5 11 d5 11 d5 11 d5 11 d5 11 d5 11 d5 11 d5 11 d5,True,True
K,32,5018,0.3,0.65,150.0,11 d5 11 d5 11 d5 11 d5 11 d5 11 d5 11 d5 11 d5 11 d5 11 d5 11 d5 11 d5 11 d5 11 d5 11 d5 11 d5,True,True
K,32,5018,0.3,0.75,150.0,11 d5 11 d5 11 d5 11 d5 11 d5 11 d5 11 d5 11 d5 11 d5 11 d5 11 d5 11 d5 11 d5 11 d5 11 d5 11 d5,True,True
K,32,5018,0.3,0.85,150.0,11 d5 11 d5 11 d5 11 d5 11 d5 11 d5 11 d5 11 d5 11 d5 11 d5 11 d5 11 d5 11 d5 11 d5 11 d5 11 d5,True,True
K,32,5018,0.4,0.65,150.0,11 d5 11 d5 11 d5 11 d5 11 d5 11 d5 11 d5 11 d5 11 d5 11 d5 11 d5 11 d5 11 d5 11 d5 11 d5 11 d5,True,True
K,32,5018,0.4,0.75,150.0,11 d5 11 d5 11 d5 11 d5 11 d5 11 d5 11 d5 11 d5 11 d5 11 d5 11 d5 11 d5 11 d5 11 d5 11 d5 11 d5,True,True
K,32,5018,0.4,0.85,150.0,11 d5 11 d5 11 d5 11 d5 11 d5 11 d5 11 d5 11 d5 11 d5 11 d5 11 d5 11 d5 11 d5 11 d5 11 d5 11 d5,True,True
K,32,5018,0.5,0.65,150.0,11 d5 11 d5 11 d5 11 d5 11 d5 11 d5 11 d5 11 d5 11 d5 11 d5 11 d5 11 d5 11 d5 11 d5 11 d5 11 d5,True,True
K,32,5018,0.5,0.75,150.0,11 d5 11 d5 11 d5 11 d5 11 d5 11 d5 11 d5 11 d5 11 d5 11 d5 11 d5 11 d5 11 d5 11 d5 11 d5 11 d5,True,True
K,32,5018,0.5,0.85,150.0,11 d5 11 d5 11 d5 11 d5 11 d5 11 d5 11 d5 11 d5 11 d5 11 d5 11 d5 11 d5 11 d5 11 d5 11 d5 11 d5,True,True
K,32,5018,0.6,0.65,150.0,11 d5 11 d5 11 d5 11 d5 11 d5 11 d5 11 d5 11 d5 11 d5 11 d5 11 d5 11 d5 11 d5 11 d5 11 d5 11 d5,True,True
K,32,5018,0.6,0.75,150.0,11 d5 11 d5 11 d5 11 d5 11 d5 11 d5 11 d5 11 d5 11 d5 11 d5 11 d5 11 d5 11 d5 11 d5 11 d5 11 d5,True,True
K,32,5018,0.6,0.85,150.0,11 d5 11 d5 11 d5 11 d5 11 d5 11 d5 11 d5 11 d5 11 d5 11 d5 11 d5 11 d5 11 d5 11 d5 11 d5 11 d5,True,True
K,32,5019,0.2,0.65,450.0,01 c5 01 c5 01 c5 01 c5 01 c5 01 c5 01 c5 01 c5 01 c5 01 c5 01 c5 01 c5 01 c5 01 c5 01 c5 01 c5,True,True
K,32,5019,0.2,0.75,450.0,01 c5 01 c5 01 c5 01 c5 01 c5 01 c5 01 c5 01 c5 01 c5 01 c5 01 c5 01 c5 01 c5 01 c5 01 c5 01 c5,True,True
K,32,5019,0.2,0.85,450.0,01 c5 01 c5 01 c5 01 c5 01 c5 01 c5 01 c5 01 c5 01 c5 01 c5 01 c5 01 c5 01 c5 01 c5 01 c5 01 c5,True,True
K,32,5019,0.3,0.65,450.0,01 c5 01 c5 01 c5 01 c5 01 c5 01 c5 01 c5 01 c5 01 c5 01 c5 01 c5 01 c5 01 c5 01 c5 01 c5 01 c5,True,True
K,32,5019,0.3,0.75,450.0,01 c5 01 c5 01 c5 01 c5 01 c5 01 c5 01 c5 01 c5 01 c5 01 c5 01 c5 01 c5 01 c5 01 c5 01 c5 01 c5,True,True
K,32,5019,0.3,0.85,450.0,01 c5 01 c5 01 c5 01 c5 01 c5 01 c5 01 c5 01 c5 01 c5 01 c5 01 c5 01 c5 01 c5 01 c5 01 c5 01 c5,True,True
K,32,5019,0.4,0.65,450.0,01 c5 01 c5 01 c5 01 c5 01 c5 01 c5 01 c5 01 c5 01 c5 01 c5 01 c5 01 c5 01 c5 01 c5 01 c5 01 c5,True,True
K,32,5019,0.4,0.75,450.0,01 c5 01 c5 01 c5 01 c5 01 c5 01 c5 01 c5 01 c5 01 c5 01 c5 01 c5 01 c5 01 c5 01 c5 01 c5 01 c5,True,True
K,32,5019,0.4,0.85,450.0,01 c5 01 c5 01 c5 01 c5 01 c5 01 c5 01 c5 01 c5 01 c5 01 c5 01 c5 01 c5 01 c5 01 c5 01 c5 01 c5,True,True
K,32,5019,0.5,0.65,450.0,01 c5 01 c5 01 c5 01 c5 01 c5 01 c5 01 c5 01 c5 01 c5 01 c5 01 c5 01 c5 01 c5 01 c5 01 c5 01 c5,True,True
K,32,5019,0.5,0.75,450.0,01 c5 01 c5 01 c5 01 c5 01 c5 01 c5 01 c5 01 c5 01 c5 01 c5 01 c5 01 c5 01 c5 01 c5 01 c5 01 c5,True,True
K,32,5019,0.5,0.85,450.0,01 c5 01 c5 01 c5 01 c5 01 c5 01 c5 01 c5 01 c5 01 c5 01 c5 01 c5 01 c5 01 c5 01 c5 01 c5 01 c5,True,True
K,32,5019,0.6,0.65,450.0,01 c5 01 c5 01 c5 01 c5 01 c5 01 c5 01 c5 01 c5 01 c5 01 c5 01 c5 01 c5 01 c5 01 c5 01 c5 01 c5,True,True
K,32,5019,0.6,0.75,450.0,01 c5 01 c5 01 c5 01 c5 01 c5 01 c5 01 c5 01 c5 01 c5 01 c5 01 c5 01 c5 01 c5 01 c5 01 c5 01 c5,True,True
K,32,5019,0.6,0.85,450.0,01 c5 01 c5 01 c5 01 c5 01 c5 01 c5 01 c5 01 c5 01 c5 01 c5 01 c5 01 c5 01 c5 01 c5 01 c5 01 c5,True,True
K,32,5020,0.2,0.65,1950.0,01 c5 01 c5 01 c5 01 c5 01 c5 01 c5 01 c5 01 c5 01 c5 01 c5 01 c5 01 c5 01 c5 01 c5 01 c5 01 c5,True,True
K,32,5020,0.2,0.75,1950.0,01 c5 01 c5 01 c5 01 c5 01 c5 01 c5 01 c5 01 c5 01 c5 01 c5 01 c5 01 c5 01 c5 01 c5 01 c5 01 c5,True,True
K,32,5020,0.2,0.85,1950.0,01 c5 01 c5 01 c5 01 c5 01 c5 01 c5 01 c5 01 c5 01 c5 01 c5 01 c5 01 c5 01 c5 01 c5 01 c5 01 c5,True,True
K,32,5020,0.3,0.65,1950.0,01 c5 01 c5 01 c5 01 c5 01 c5 01 c5 01 c5 01 c5 01 c5 01 c5 01 c5 01 c5 01 c5 01 c5 01 c5 01 c5,True,True
K,32,5020,0.3,0.75,1950.0,01 c5 01 c5 01 c5 01 c5 01 c5 01 c5 01 c5 01 c5 01 c5 01 c5 01 c5 01 c5 01 c5 01 c5 01 c5 01 c5,True,True
K,32,5020,0.3,0.85,1950.0,01 c5 01 c5 01 c5 01 c5 01 c5 01 c5 01 c5 01 c5 01 c5 01 c5 01 c5 01 c5 01 c5 01 c5 01 c5 01 c5,True,True
K,32,5020,0.4,0.65,1950.0,01 c5 01 c5 01 c5 01 c5 01 c5 01 c5 01 c5 01 c5 01 c5 01 c5 01 c5 01 c5 01 c5 01 c5 01 c5 01 c5,True,True
K,32,5020,0.4,0.75,1950.0,01 c5 01 c5 01 c5 01 c5 01 c5 01 c5 01 c5 01 c5 01 c5 01 c5 01 c5 01 c5 01 c5 01 c5 01 c5 01 c5,True,True
K,32,5020,0.4,0.85,1950.0,01 c5 01 c5 01 c5 01 c5 01 c5 01 c5 01 c5 01 c5 01 c5 01 c5 01 c5 01 c5 01 c5 01 c5 01 c5 01 c5,True,True
K,32,5020,0.5,0.65,1950.0,01 c5 01 c5 01 c5 01 c5 01 c5 01 c5 01 c5 01 c5 01 c5 01 c5 01 c5 01 c5 01 c5 01 c5 01 c5 01 c5,True,True
K,32,5020,0.5,0.75,1950.0,01 c5 01 c5 01 c5 01 c5 01 c5 01 c5 01 c5 01 c5 01 c5 01 c5 01 c5 01 c5 01 c5 01 c5 01 c5 01 c5,True,True
K,32,5020,0.5,0.85,1950.0,01 c5 01 c5 01 c5 01 c5 01 c5 01 c5 01 c5 01 c5 01 c5 01 c5 01 c5 01 c5 01 c5 01 c5 01 c5 01 c5,True,True
K,32,5020,0.6,0.65,1950.0,01 c5 01 c5 01 c5 01 c5 01 c5 01 c5 01 c5 01 c5 01 c5 01 c5 01 c5 01 c5 01 c5 01 c5 01 c5 01 c5,True,True
K,32,5020,0.6,0.75,1950.0,01 c5 01 c5 01 c5 01 c5 01 c5 01 c5 01 c5 01 c5 01 c5 01 c5 01 c5 01 c5 01 c5 01 c5 01 c5 01 c5,True,True
K,32,5020,0.6,0.85,1950.0,01 c5 01 c5 01 c5 01 c5 01 c5 01 c5 01 c5 01 c5 01 c5 01 c5 01 c5 01 c5 01 c5 01 c5 01 c5 01 c5,True,True
L,16,6001,0.2,0.65,1100.0,21 e5 21 e5 21 e5 21 e5 21 e5 21 e5 21 e5 21 e5,True,True
L,16,6001,0.2,0.75,1100.0,21 e5 21 e5 21 e5 21 e5 21 e5 21 e5 21 e5 21 e5,True,True
L,16,6001,0.2,0.85,1100.0,21 e5 21 e5 21 e5 21 e5 21 e5 21 e5 21 e5 21 e5,True,True
L,16,6001,0.3,0.65,1100.0,21 e5 21 e5 21 e5 21 e5 21 e5 21 e5 21 e5 21 e5,True,True
L,16,6001,0.3,0.75,1100.0,21 e5 21 e5 21 e5 21 e5 21 e5 21 e5 21 e5 21 e5,True,True
L,16,6001,0.3,0.85,1100.0,21 e5 21 e5 21 e5 21 e5 21 e5 21 e5 21 e5 21 e5,True,True
L,16,6001,0.4,0.65,1100.0,21 e5 21 e5 21 e5 21 e5 21 e5 21 e5 21 e5 21 e5,True,True
L,16,6001,0.4,0.75,1100.0,21 e5 21 e5 21 e5 21 e5 21 e5 21 e5 21 e5 21 e5,True,True
L,16,6001,0.4,0.85,1100.0,21 e5 21 e5 21 e5 21 e5 21 e5 21 e5 21 e5 21 e5,True,True
L,16,6001,0.5,0.65,1100.0,21 e5 21 e5 21 e5 21 e5 21 e5 21 e5 21 e5 21 e5,True,True
L,16,6001,0.5,0.75,1100.0,21 e5 21 e5 21 e5 21 e5 21 e5 21 e5 21 e5 21 e5,True,True
L,16,6001,0.5,0.85,1100.0,21 e5 21 e5 21 e5 21 e5 21 e5 21 e5 21 e5 21 e5,True,True
L,16,6001,0.6,0.65,1150.0,01 c5 01 c5 01 c5 01 c5 01 c5 01 c5 01 c5 01 c5,True,True
L,16,6001,0.6,0.75,1150.0,01 c5 01 c5 01 c5 01 c5 01 c5 01 c5 01 c5 01 c5,True,True
L,16,6001,0.6,0.85,1150.0,01 c5 01 c5 01 c5 01 c5 01 c5 01 c5 01 c5 01 c5,True,True
L,16,6002,0.2,0.65,3700.0,21 e5 21 e5 21 e5 21 e5 21 e5 21 e5 21 e5 21 e5,True,True
L,16,6002,0.2,0.75,3700.0,21 e5 21 e5 21 e5 21 e5 21 e5 21 e5 21 e5 21 e5,True,True
L,16,6002,0.2,0.85,3700.0,21 e5 21 e5 21 e5 21 e5 21 e5 21 e5 21 e5 21 e5,True,True
L,16,6002,0.3,0.65,3700.0,21 e5 21 e5 21 e5 21 e5 21 e5 21 e5 21 e5 21 e5,True,True
L,16,6002,0.3,0.75,3700.0,21 e5 21 e5 21 e5 21 e5 21 e5 21 e5 21 e5 21 e5,True,True
L,16,6002,0.3,0.85,3700.0,21 e5 21 e5 21 e5 21 e5 21 e5 21 e5 21 e5 21 e5,True,True
L,16,6002,0.4,0.65,3700.0,21 e5 21 e5 21 e5 21 e5 21 e5 21 e5 21 e5 21 e5,True,True
L,16,6002,0.4,0.75,3700.0,21 e5 21 e5 21 e5 21 e5 21 e5 21 e5 21 e5 21 e5,True,True
L,16,6002,0.4,0.85,3700.0,21 e5 21 e5 21 e5 21 e5 21 e5 21 e5 21 e5 21 e5,True,True
L,16,6002,0.5,0.65,3700.0,21 e5 21 e5 21 e5 21 e5 21 e5 21 e5 21 e5 21 e5,True,True
L,16,6002,0.5,0.75,3700.0,21 e5 21 e5 21 e5 21 e5 21 e5 21 e5 21 e5 21 e5,True,True
L,16,6002,0.5,0.85,3700.0,21 e5 21 e5 21 e5 21 e5 21 e5 21 e5 21 e5 21 e5,True,True
L,16,6002,0.6,0.65,35000.0,ad e3 21 e3 21 e0 ad e0 ad e3 21 e3 21 e0 ad e0,False,False
L,16,6002,0.6,0.75,35000.0,ad e3 21 e3 21 e0 ad e0 ad e3 21 e3 21 e0 ad e0,False,False
L,16,6002,0.6,0.85,35000.0,ad e3 21 e3 21 e0 ad e0 ad e3 21 e3 21 e0 ad e0,False,False
L,16,6003,0.2,0.65,1400.0,01 c5 01 c5 01 c5 01 c5 01 c5 01 c5 01 c5 01 c5,True,True
L,16,6003,0.2,0.75,1400.0,01 c5 01 c5 01 c5 01 c5 01 c5 01 c5 01 c5 01 c5,True,True
L,16,6003,0.2,0.85,1400.0,01 c5 01 c5 01 c5 01 c5 01 c5 01 c5 01 c5 01 c5,True,True
L,16,6003,0.3,0.65,1400.0,01 c5 01 c5 01 c5 01 c5 01 c5 01 c5 01 c5 01 c5,True,True
L,16,6003,0.3,0.75,1400.0,01 c5 01 c5 01 c5 01 c5 01 c5 01 c5 01 c5 01 c5,True,True
L,16,6003,0.3,0.85,1400.0,01 c5 01 c5 01 c5 01 c5 01 c5 01 c5 01 c5 01 c5,True,True
L,16,6003,0.4,0.65,1400.0,01 c5 01 c5 01 c5 01 c5 01 c5 01 c5 01 c5 01 c5,True,True
L,16,6003,0.4,0.75,1400.0,01 c5 01 c5 01 c5 01 c5 01 c5 01 c5 01 c5 01 c5,True,True
L,16,6003,0.4,0.85,1400.0,01 c5 01 c5 01 c5 01 c5 01 c5 01 c5 01 c5 01 c5,True,True
L,16,6003,0.5,0.65,15000.0,21 e5 21 e5 21 e5 21 e5 21 e5 21 e5 21 e5 21 e5,True,True
L,16,6003,0.5,0.75,15000.0,21 e5 21 e5 21 e5 21 e5 21 e5 21 e5 21 e5 21 e5,True,True
L,16,6003,0.5,0.85,15000.0,21 e5 21 e5 21 e5 21 e5 21 e5 21 e5 21 e5 21 e5,True,True
L,16,6003,0.6,0.65,50000.0,4e e3 21 e3 21 e0 4e e0 4e e3 21 e3 21 e0 4e e0,False,False
L,16,6003,0.6,0.75,50000.0,4e e3 21 e3 21 e0 4e e0 4e e3 21 e3 21 e0 4e e0,False,False
L,16,6003,0.6,0.85,50000.0,4e e3 21 e3 21 e0 4e e0 4e e3 21 e3 21 e0 4e e0,False,False
L,16,6004,0.2,0.65,200.0,01 c5 01 c5 01 c5 01 c5 01 c5 01 c5 01 c5 01 c5,True,True
L,16,6004,0.2,0.75,200.0,01 c5 01 c5 01 c5 01 c5 01 c5 01 c5 01 c5 01 c5,True,True
L,16,6004,0.2,0.85,200.0,01 c5 01 c5 01 c5 01 c5 01 c5 01 c5 01 c5 01 c5,True,True
L,16,6004,0.3,0.65,200.0,01 c5 01 c5 01 c5 01 c5 01 c5 01 c5 01 c5 01 c5,True,True
L,16,6004,0.3,0.75,200.0,01 c5 01 c5 01 c5 01 c5 01 c5 01 c5 01 c5 01 c5,True,True
L,16,6004,0.3,0.85,200.0,01 c5 01 c5 01 c5 01 c5 01 c5 01 c5 01 c5 01 c5,True,True
L,16,6004,0.4,0.65,200.0,01 c5 01 c5 01 c5 01 c5 01 c5 01 c5 01 c5 01 c5,True,True
L,16,6004,0.4,0.75,200.0,01 c5 01 c5 01 c5 01 c5 01 c5 01 c5 01 c5 01 c5,True,True
L,16,6004,0.4,0.85,200.0,01 c5 01 c5 01 c5 01 c5 01 c5 01 c5 01 c5 01 c5,True,True
L,16,6004,0.5,0.65,200.0,01 c5 01 c5 01 c5 01 c5 01 c5 01 c5 01 c5 01 c5,True,True
L,16,6004,0.5,0.75,200.0,01 c5 01 c5 01 c5 01 c5 01 c5 01 c5 01 c5 01 c5,True,True
L,16,6004,0.5,0.85,200.0,01 c5 01 c5 01 c5 01 c5 01 c5 01 c5 01 c5 01 c5,True,True
L,16,6004,0.6,0.65,10000.0,5c e3 21 e3 21 c0 5c c0 5c e3 21 e3 21 c0 5c c0,False,False
L,16,6004,0.6,0.75,10000.0,5c e3 21 e3 21 c0 5c c0 5c e3 21 e3 21 c0 5c c0,False,False
L,16,6004,0.6,0.85,10000.0,5c e3 21 e3 21 c0 5c c0 5c e3 21 e3 21 c0 5c c0,False,False
L,16,6005,0.2,0.65,500.0,01 c5 01 c5 01 c5 01 c5 01 c5 01 c5 01 c5 01 c5,True,True
L,16,6005,0.2,0.75,500.0,01 c5 01 c5 01 c5 01 c5 01 c5 01 c5 01 c5 01 c5,True,True
L,16,6005,0.2,0.85,500.0,01 c5 01 c5 01 c5 01 c5 01 c5 01 c5 01 c5 01 c5,True,True
L,16,6005,0.3,0.65,500.0,01 c5 01 c5 01 c5 01 c5 01 c5 01 c5 01 c5 01 c5,True,True
L,16,6005,0.3,0.75,500.0,01 c5 01 c5 01 c5 01 c5 01 c5 01 c5 01 c5 01 c5,True,True
L,16,6005,0.3,0.85,500.0,01 c5 01 c5 01 c5 01 c5 01 c5 01 c5 01 c5 01 c5,True,True
L,16,6005,0.4,0.65,500.0,01 c5 01 c5 01 c5 01 c5 01 c5 01 c5 01 c5 01 c5,True,True
L,16,6005,0.4,0.75,500.0,01 c5 01 c5 01 c5 01 c5 01 c5 01 c5 01 c5 01 c5,True,True
L,16,6005,0.4,0.85,500.0,01 c5 01 c5 01 c5 01 c5 01 c5 01 c5 01 c5 01 c5,True,True
L,16,6005,0.5,0.65,500.0,01 c5 01 c5 01 c5 01 c5 01 c5 01 c5 01 c5 01 c5,True,True
L,16,6005,0.5,0.75,500.0,01 c5 01 c5 01 c5 01 c5 01 c5 01 c5 01 c5 01 c5,True,True
L,16,6005,0.5,0.85,500.0,01 c5 01 c5 01 c5 01 c5 01 c5 01 c5 01 c5 01 c5,True,True
L,16,6005,0.6,0.65,30000.0,ad e3 21 e3 21 c0 ad c0 ad e3 21 e3 21 c0 ad c0,False,False
L,16,6005,0.6,0.75,30000.0,ad e3 21 e3 21 c0 ad c0 ad e3 21 e3 21 c0 ad c0,False,False
L,16,6005,0.6,0.85,30000.0,ad e3 21 e3 21 c0 ad c0 ad e3 21 e3 21 c0 ad c0,False,False
L,16,6006,0.2,0.65,550.0,01 c5 01 c5 01 c5 01 c5 01 c5 01 c5 01 c5 01 c5,True,True
L,16,6006,0.2,0.75,550.0,01 c5 01 c5 01 c5 01 c5 01 c5 01 c5 01 c5 01 c5,True,True
L,16,6006,0.2,0.85,550.0,01 c5 01 c5 01 c5 01 c5 01 c5 01 c5 01 c5 01 c5,True,True
L,16,6006,0.3,0.65,550.0,01 c5 01 c5 01 c5 01 c5 01 c5 01 c5 01 c5 01 c5,True,True
L,16,6006,0.3,0.75,550.0,01 c5 01 c5 01 c5 01 c5 01 c5 01 c5 01 c5 01 c5,True,True
L,16,6006,0.3,0.85,550.0,01 c5 01 c5 01 c5 01 c5 01 c5 01 c5 01 c5 01 c5,True,True
L,16,6006,0.4,0.65,550.0,01 c5 01 c5 01 c5 01 c5 01 c5 01 c5 01 c5 01 c5,True,True
L,16,6006,0.4,0.75,550.0,01 c5 01 c5 01 c5 01 c5 01 c5 01 c5 01 c5 01 c5,True,True
L,16,6006,0.4,0.85,550.0,01 c5 01 c5 01 c5 01 c5 01 c5 01 c5 01 c5 01 c5,True,True
L,16,6006,0.5,0.65,550.0,01 c5 01 c5 01 c5 01 c5 01 c5 01 c5 01 c5 01 c5,True,True
L,16,6006,0.5,0.75,550.0,01 c5 01 c5 01 c5 01 c5 01 c5 01 c5 01 c5 01 c5,True,True
L,16,6006,0.5,0.85,550.0,01 c5 01 c5 01 c5 01 c5 01 c5 01 c5 01 c5 01 c5,True,True
L,16,6006,0.6,0.65,550.0,01 c5 01 c5 01 c5 01 c5 01 c5 01 c5 01 c5 01 c5,True,True
L,16,6006,0.6,0.75,550.0,01 c5 01 c5 01 c5 01 c5 01 c5 01 c5 01 c5 01 c5,True,True
L,16,6006,0.6,0.85,550.0,01 c5 01 c5 01 c5 01 c5 01 c5 01 c5 01 c5 01 c5,True,True
L,16,6007,0.2,0.65,150.0,01 c5 01 c5 01 c5 01 c5 01 c5 01 c5 01 c5 01 c5,True,True
L,16,6007,0.2,0.75,150.0,01 c5 01 c5 01 c5 01 c5 01 c5 01 c5 01 c5 01 c5,True,True
L,16,6007,0.2,0.85,150.0,01 c5 01 c5 01 c5 01 c5 01 c5 01 c5 01 c5 01 c5,True,True
L,16,6007,0.3,0.65,150.0,01 c5 01 c5 01 c5 01 c5 01 c5 01 c5 01 c5 01 c5,True,True
L,16,6007,0.3,0.75,150.0,01 c5 01 c5 01 c5 01 c5 01 c5 01 c5 01 c5 01 c5,True,True
L,16,6007,0.3,0.85,150.0,01 c5 01 c5 01 c5 01 c5 01 c5 01 c5 01 c5 01 c5,True,True
L,16,6007,0.4,0.65,150.0,01 c5 01 c5 01 c5 01 c5 01 c5 01 c5 01 c5 01 c5,True,True
L,16,6007,0.4,0.75,150.0,01 c5 01 c5 01 c5 01 c5 01 c5 01 c5 01 c5 01 c5,True,True
L,16,6007,0.4,0.85,150.0,01 c5 01 c5 01 c5 01 c5 01 c5 01 c5 01 c5 01 c5,True,True
L,16,6007,0.5,0.65,150.0,01 c5 01 c5 01 c5 01 c5 01 c5 01 c5 01 c5 01 c5,True,True
L,16,6007,0.5,0.75,150.0,01 c5 01 c5 01 c5 01 c5 01 c5 01 c5 01 c5 01 c5,True,True
L,16,6007,0.5,0.85,150.0,01 c5 01 c5 01 c5 01 c5 01 c5 01 c5 01 c5 01 c5,True,True
L,16,6007,0.6,0.65,15000.0,ae e3 21 e3 21 e0 ae e0 ae e3 21 e3 21 e0 ae e0,False,False
L,16,6007,0.6,0.75,15000.0,ae e3 21 e3 21 e0 ae e0 ae e3 21 e3 21 e0 ae e0,False,False
L,16,6007,0.6,0.85,15000.0,ae e3 21 e3 21 e0 ae e0 ae e3 21 e3 21 e0 ae e0,False,False
L,16,6008,0.2,0.65,200.0,01 c5 01 c5 01 c5 01 c5 01 c5 01 c5 01 c5 01 c5,True,True
L,16,6008,0.2,0.75,200.0,01 c5 01 c5 01 c5 01 c5 01 c5 01 c5 01 c5 01 c5,True,True
L,16,6008,0.2,0.85,200.0,01 c5 01 c5 01 c5 01 c5 01 c5 01 c5 01 c5 01 c5,True,True
L,16,6008,0.3,0.65,200.0,01 c5 01 c5 01 c5 01 c5 01 c5 01 c5 01 c5 01 c5,True,True
L,16,6008,0.3,0.75,200.0,01 c5 01 c5 01 c5 01 c5 01 c5 01 c5 01 c5 01 c5,True,True
L,16,6008,0.3,0.85,200.0,01 c5 01 c5 01 c5 01 c5 01 c5 01 c5 01 c5 01 c5,True,True
L,16,6008,0.4,0.65,200.0,01 c5 01 c5 01 c5 01 c5 01 c5 01 c5 01 c5 01 c5,True,True
L,16,6008,0.4,0.75,200.0,01 c5 01 c5 01 c5 01 c5 01 c5 01 c5 01 c5 01 c5,True,True
L,16,6008,0.4,0.85,200.0,01 c5 01 c5 01 c5 01 c5 01 c5 01 c5 01 c5 01 c5,True,True
L,16,6008,0.5,0.65,200.0,01 c5 01 c5 01 c5 01 c5 01 c5 01 c5 01 c5 01 c5,True,True
L,16,6008,0.5,0.75,200.0,01 c5 01 c5 01 c5 01 c5 01 c5 01 c5 01 c5 01 c5,True,True
L,16,6008,0.5,0.85,200.0,01 c5 01 c5 01 c5 01 c5 01 c5 01 c5 01 c5 01 c5,True,True
L,16,6008,0.6,0.65,65000.0,ad e3 21 e3 21 e0 ad e0 ad e3 21 e3 21 e0 ad e0,False,False
L,16,6008,0.6,0.75,65000.0,ad e3 21 e3 21 e0 ad e0 ad e3 21 e3 21 e0 ad e0,False,False
L,16,6008,0.6,0.85,65000.0,ad e3 21 e3 21 e0 ad e0 ad e3 21 e3 21 e0 ad e0,False,False
L,16,6009,0.2,0.65,150.0,11 d5 11 d5 11 d5 11 d5 11 d5 11 d5 11 d5 11 d5,True,True
L,16,6009,0.2,0.75,150.0,11 d5 11 d5 11 d5 11 d5 11 d5 11 d5 11 d5 11 d5,True,True
L,16,6009,0.2,0.85,150.0,11 d5 11 d5 11 d5 11 d5 11 d5 11 d5 11 d5 11 d5,True,True
L,16,6009,0.3,0.65,150.0,11 d5 11 d5 11 d5 11 d5 11 d5 11 d5 11 d5 11 d5,True,True
L,16,6009,0.3,0.75,150.0,11 d5 11 d5 11 d5 11 d5 11 d5 11 d5 11 d5 11 d5,True,True
L,16,6009,0.3,0.85,150.0,11 d5 11 d5 11 d5 11 d5 11 d5 11 d5 11 d5 11 d5,True,True
L,16,6009,0.4,0.65,150.0,11 d5 11 d5 11 d5 11 d5 11 d5 11 d5 11 d5 11 d5,True,True
L,16,6009,0.4,0.75,150.0,11 d5 11 d5 11 d5 11 d5 11 d5 11 d5 11 d5 11 d5,True,True
L,16,6009,0.4,0.85,150.0,11 d5 11 d5 11 d5 11 d5 11 d5 11 d5 11 d5 11 d5,True,True
L,16,6009,0.5,0.65,2650.0,01 c5 01 c5 01 c5 01 c5 01 c5 01 c5 01 c5 01 c5,True,True
L,16,6009,0.5,0.75,2650.0,01 c5 01 c5 01 c5 01 c5 01 c5 01 c5 01 c5 01 c5,True,True
L,16,6009,0.5,0.85,2650.0,01 c5 01 c5 01 c5 01 c5 01 c5 01 c5 01 c5 01 c5,True,True
L,16,6009,0.6,0.65,20000.0,00 e3 21 e3 21 e0 02 e0 02 e3 21 e3 21 e0 02 e0,False,False
L,16,6009,0.6,0.75,20000.0,00 e3 21 e3 21 e0 02 e0 02 e3 21 e3 21 e0 02 e0,False,False
L,16,6009,0.6,0.85,20000.0,00 e3 21 e3 21 e0 02 e0 02 e3 21 e3 21 e0 02 e0,False,False
L,16,6010,0.2,0.65,3450.0,01 c5 01 c5 01 c5 01 c5 01 c5 01 c5 01 c5 01 c5,True,True
L,16,6010,0.2,0.75,3450.0,01 c5 01 c5 01 c5 01 c5 01 c5 01 c5 01 c5 01 c5,True,True
L,16,6010,0.2,0.85,3450.0,01 c5 01 c5 01 c5 01 c5 01 c5 01 c5 01 c5 01 c5,True,True
L,16,6010,0.3,0.65,3450.0,01 c5 01 c5 01 c5 01 c5 01 c5 01 c5 01 c5 01 c5,True,True
L,16,6010,0.3,0.75,3450.0,01 c5 01 c5 01 c5 01 c5 01 c5 01 c5 01 c5 01 c5,True,True
L,16,6010,0.3,0.85,3450.0,01 c5 01 c5 01 c5 01 c5 01 c5 01 c5 01 c5 01 c5,True,True
L,16,6010,0.4,0.65,3450.0,01 c5 01 c5 01 c5 01 c5 01 c5 01 c5 01 c5 01 c5,True,True
L,16,6010,0.4,0.75,3450.0,01 c5 01 c5 01 c5 01 c5 01 c5 01 c5 01 c5 01 c5,True,True
L,16,6010,0.4,0.85,3450.0,01 c5 01 c5 01 c5 01 c5 01 c5 01 c5 01 c5 01 c5,True,True
L,16,6010,0.5,0.65,3450.0,01 c5 01 c5 01 c5 01 c5 01 c5 01 c5 01 c5 01 c5,True,True
L,16,6010,0.5,0.75,3450.0,01 c5 01 c5 01 c5 01 c5 01 c5 01 c5 01 c5 01 c5,True,True
L,16,6010,0.5,0.85,3450.0,01 c5 01 c5 01 c5 01 c5 01 c5 01 c5 01 c5 01 c5,True,True
L,16,6010,0.6,0.65,3450.0,01 c5 01 c5 01 c5 01 c5 01 c5 01 c5 01 c5 01 c5,True,True
L,16,6010,0.6,0.75,3450.0,01 c5 01 c5 01 c5 01 c5 01 c5 01 c5 01 c5 01 c5,True,True
L,16,6010,0.6,0.85,3450.0,01 c5 01 c5 01 c5 01 c5 01 c5 01 c5 01 c5 01 c5,True,True
L,20,6001,0.2,0.65,550.0,21 e5 21 e5 21 e5 21 e5 21 e5 21 e5 21 e5 21 e5 21 e5 21 e5,True,True
L,20,6001,0.2,0.75,550.0,21 e5 21 e5 21 e5 21 e5 21 e5 21 e5 21 e5 21 e5 21 e5 21 e5,True,True
L,20,6001,0.2,0.85,550.0,21 e5 21 e5 21 e5 21 e5 21 e5 21 e5 21 e5 21 e5 21 e5 21 e5,True,True
L,20,6001,0.3,0.65,550.0,21 e5 21 e5 21 e5 21 e5 21 e5 21 e5 21 e5 21 e5 21 e5 21 e5,True,True
L,20,6001,0.3,0.75,550.0,21 e5 21 e5 21 e5 21 e5 21 e5 21 e5 21 e5 21 e5 21 e5 21 e5,True,True
L,20,6001,0.3,0.85,550.0,21 e5 21 e5 21 e5 21 e5 21 e5 21 e5 21 e5 21 e5 21 e5 21 e5,True,True
L,20,6001,0.4,0.65,550.0,21 e5 21 e5 21 e5 21 e5 21 e5 21 e5 21 e5 21 e5 21 e5 21 e5,True,True
L,20,6001,0.4,0.75,550.0,21 e5 21 e5 21 e5 21 e5 21 e5 21 e5 21 e5 21 e5 21 e5 21 e5,True,True
L,20,6001,0.4,0.85,550.0,21 e5 21 e5 21 e5 21 e5 21 e5 21 e5 21 e5 21 e5 21 e5 21 e5,True,True
L,20,6001,0.5,0.65,175000.0,b0 11 ed b2 ed b0 11 ed b2 ed b0 11 ed b2 ed b0 11 ed b2 ed,False,False
L,20,6001,0.5,0.75,175000.0,b0 11 ed b2 ed b0 11 ed b2 ed b0 11 ed b2 ed b0 11 ed b2 ed,False,False
L,20,6001,0.5,0.85,175000.0,b0 11 ed b2 ed b0 11 ed b2 ed b0 11 ed b2 ed b0 11 ed b2 ed,False,False
L,20,6001,0.6,0.65,175000.0,b0 11 ed b2 ed b0 11 ed b2 ed b0 11 ed b2 ed b0 11 ed b2 ed,False,False
L,20,6001,0.6,0.75,175000.0,b0 11 ed b2 ed b0 11 ed b2 ed b0 11 ed b2 ed b0 11 ed b2 ed,False,False
L,20,6001,0.6,0.85,175000.0,b0 11 ed b2 ed b0 11 ed b2 ed b0 11 ed b2 ed b0 11 ed b2 ed,False,False
L,20,6002,0.2,0.65,400.0,01 c5 01 c5 01 c5 01 c5 01 c5 01 c5 01 c5 01 c5 01 c5 01 c5,True,True
L,20,6002,0.2,0.75,400.0,01 c5 01 c5 01 c5 01 c5 01 c5 01 c5 01 c5 01 c5 01 c5 01 c5,True,True
L,20,6002,0.2,0.85,400.0,01 c5 01 c5 01 c5 01 c5 01 c5 01 c5 01 c5 01 c5 01 c5 01 c5,True,True
L,20,6002,0.3,0.65,400.0,01 c5 01 c5 01 c5 01 c5 01 c5 01 c5 01 c5 01 c5 01 c5 01 c5,True,True
L,20,6002,0.3,0.75,400.0,01 c5 01 c5 01 c5 01 c5 01 c5 01 c5 01 c5 01 c5 01 c5 01 c5,True,True
L,20,6002,0.3,0.85,400.0,01 c5 01 c5 01 c5 01 c5 01 c5 01 c5 01 c5 01 c5 01 c5 01 c5,True,True
L,20,6002,0.4,0.65,400.0,01 c5 01 c5 01 c5 01 c5 01 c5 01 c5 01 c5 01 c5 01 c5 01 c5,True,True
L,20,6002,0.4,0.75,400.0,01 c5 01 c5 01 c5 01 c5 01 c5 01 c5 01 c5 01 c5 01 c5 01 c5,True,True
L,20,6002,0.4,0.85,400.0,01 c5 01 c5 01 c5 01 c5 01 c5 01 c5 01 c5 01 c5 01 c5 01 c5,True,True
L,20,6002,0.5,0.65,25000.0,21 e5 21 e5 21 e5 21 e5 21 e5 21 e5 21 e5 21 e5 21 e5 21 e5,True,True
L,20,6002,0.5,0.75,25000.0,21 e5 21 e5 21 e5 21 e5 21 e5 21 e5 21 e5 21 e5 21 e5 21 e5,True,True
L,20,6002,0.5,0.85,25000.0,21 e5 21 e5 21 e5 21 e5 21 e5 21 e5 21 e5 21 e5 21 e5 21 e5,True,True
L,20,6002,0.6,0.65,175000.0,b0 11 35 11 ed b0 11 35 11 ed b0 11 35 11 ed b0 11 35 11 ed,False,False
L,20,6002,0.6,0.75,175000.0,b0 11 35 11 ed b0 11 35 11 ed b0 11 35 11 ed b0 11 35 11 ed,False,False
L,20,6002,0.6,0.85,175000.0,b0 11 35 11 ed b0 11 35 11 ed b0 11 35 11 ed b0 11 35 11 ed,False,False
L,20,6003,0.2,0.65,1200.0,01 c5 01 c5 01 c5 01 c5 01 c5 01 c5 01 c5 01 c5 01 c5 01 c5,True,True
L,20,6003,0.2,0.75,1200.0,01 c5 01 c5 01 c5 01 c5 01 c5 01 c5 01 c5 01 c5 01 c5 01 c5,True,True
L,20,6003,0.2,0.85,1200.0,01 c5 01 c5 01 c5 01 c5 01 c5 01 c5 01 c5 01 c5 01 c5 01 c5,True,True
L,20,6003,0.3,0.65,1200.0,01 c5 01 c5 01 c5 01 c5 01 c5 01 c5 01 c5 01 c5 01 c5 01 c5,True,True
L,20,6003,0.3,0.75,1200.0,01 c5 01 c5 01 c5 01 c5 01 c5 01 c5 01 c5 01 c5 01 c5 01 c5,True,True
L,20,6003,0.3,0.85,1200.0,01 c5 01 c5 01 c5 01 c5 01 c5 01 c5 01 c5 01 c5 01 c5 01 c5,True,True
L,20,6003,0.4,0.65,1200.0,01 c5 01 c5 01 c5 01 c5 01 c5 01 c5 01 c5 01 c5 01 c5 01 c5,True,True
L,20,6003,0.4,0.75,1200.0,01 c5 01 c5 01 c5 01 c5 01 c5 01 c5 01 c5 01 c5 01 c5 01 c5,True,True
L,20,6003,0.4,0.85,1200.0,01 c5 01 c5 01 c5 01 c5 01 c5 01 c5 01 c5 01 c5 01 c5 01 c5,True,True
L,20,6003,0.5,0.65,710000.0,11 d5 6b ed b0 11 d5 6b ed b0 11 d5 6b ed b0 11 d5 6b ed b0,False,False
L,20,6003,0.5,0.75,710000.0,11 d5 6b ed b0 11 d5 6b ed b0 11 d5 6b ed b0 11 d5 6b ed b0,False,False
L,20,6003,0.5,0.85,710000.0,11 d5 6b ed b0 11 d5 6b ed b0 11 d5 6b ed b0 11 d5 6b ed b0,False,False
L,20,6003,0.6,0.65,710000.0,11 d5 6b ed b0 11 d5 6b ed b0 11 d5 6b ed b0 11 d5 6b ed b0,False,False
L,20,6003,0.6,0.75,710000.0,11 d5 6b ed b0 11 d5 6b ed b0 11 d5 6b ed b0 11 d5 6b ed b0,False,False
L,20,6003,0.6,0.85,710000.0,11 d5 6b ed b0 11 d5 6b ed b0 11 d5 6b ed b0 11 d5 6b ed b0,False,False
L,20,6004,0.2,0.65,450.0,01 c5 01 c5 01 c5 01 c5 01 c5 01 c5 01 c5 01 c5 01 c5 01 c5,True,True
L,20,6004,0.2,0.75,450.0,01 c5 01 c5 01 c5 01 c5 01 c5 01 c5 01 c5 01 c5 01 c5 01 c5,True,True
L,20,6004,0.2,0.85,450.0,01 c5 01 c5 01 c5 01 c5 01 c5 01 c5 01 c5 01 c5 01 c5 01 c5,True,True
L,20,6004,0.3,0.65,450.0,01 c5 01 c5 01 c5 01 c5 01 c5 01 c5 01 c5 01 c5 01 c5 01 c5,True,True
L,20,6004,0.3,0.75,450.0,01 c5 01 c5 01 c5 01 c5 01 c5 01 c5 01 c5 01 c5 01 c5 01 c5,True,True
L,20,6004,0.3,0.85,450.0,01 c5 01 c5 01 c5 01 c5 01 c5 01 c5 01 c5 01 c5 01 c5 01 c5,True,True
L,20,6004,0.4,0.65,450.0,01 c5 01 c5 01 c5 01 c5 01 c5 01 c5 01 c5 01 c5 01 c5 01 c5,True,True
L,20,6004,0.4,0.75,450.0,01 c5 01 c5 01 c5 01 c5 01 c5 01 c5 01 c5 01 c5 01 c5 01 c5,True,True
L,20,6004,0.4,0.85,450.0,01 c5 01 c5 01 c5 01 c5 01 c5 01 c5 01 c5 01 c5 01 c5 01 c5,True,True
L,20,6004,0.5,0.65,1265000.0,4e 11 38 3e 18 ed b0 90 b0 90 4e 11 38 3e 18 ed b0 90 b0 90,False,True
L,20,6004,0.5,0.75,1265000.0,4e 11 38 3e 18 ed b0 90 b0 90 4e 11 38 3e 18 ed b0 90 b0 90,False,True
L,20,6004,0.5,0.85,1265000.0,4e 11 38 3e 18 ed b0 90 b0 90 4e 11 38 3e 18 ed b0 90 b0 90,False,True
L,20,6004,0.6,0.65,1265000.0,4e 11 38 3e 18 ed b0 90 b0 90 4e 11 38 3e 18 ed b0 90 b0 90,False,True
L,20,6004,0.6,0.75,1265000.0,4e 11 38 3e 18 ed b0 90 b0 90 4e 11 38 3e 18 ed b0 90 b0 90,False,True
L,20,6004,0.6,0.85,1265000.0,4e 11 38 3e 18 ed b0 90 b0 90 4e 11 38 3e 18 ed b0 90 b0 90,False,True
L,20,6005,0.2,0.65,450.0,01 c5 01 c5 01 c5 01 c5 01 c5 01 c5 01 c5 01 c5 01 c5 01 c5,True,True
L,20,6005,0.2,0.75,450.0,01 c5 01 c5 01 c5 01 c5 01 c5 01 c5 01 c5 01 c5 01 c5 01 c5,True,True
L,20,6005,0.2,0.85,450.0,01 c5 01 c5 01 c5 01 c5 01 c5 01 c5 01 c5 01 c5 01 c5 01 c5,True,True
L,20,6005,0.3,0.65,450.0,01 c5 01 c5 01 c5 01 c5 01 c5 01 c5 01 c5 01 c5 01 c5 01 c5,True,True
L,20,6005,0.3,0.75,450.0,01 c5 01 c5 01 c5 01 c5 01 c5 01 c5 01 c5 01 c5 01 c5 01 c5,True,True
L,20,6005,0.3,0.85,450.0,01 c5 01 c5 01 c5 01 c5 01 c5 01 c5 01 c5 01 c5 01 c5 01 c5,True,True
L,20,6005,0.4,0.65,450.0,01 c5 01 c5 01 c5 01 c5 01 c5 01 c5 01 c5 01 c5 01 c5 01 c5,True,True
L,20,6005,0.4,0.75,450.0,01 c5 01 c5 01 c5 01 c5 01 c5 01 c5 01 c5 01 c5 01 c5 01 c5,True,True
L,20,6005,0.4,0.85,450.0,01 c5 01 c5 01 c5 01 c5 01 c5 01 c5 01 c5 01 c5 01 c5 01 c5,True,True
L,20,6005,0.5,0.65,450.0,01 c5 01 c5 01 c5 01 c5 01 c5 01 c5 01 c5 01 c5 01 c5 01 c5,True,True
L,20,6005,0.5,0.75,450.0,01 c5 01 c5 01 c5 01 c5 01 c5 01 c5 01 c5 01 c5 01 c5 01 c5,True,True
L,20,6005,0.5,0.85,450.0,01 c5 01 c5 01 c5 01 c5 01 c5 01 c5 01 c5 01 c5 01 c5 01 c5,True,True
L,20,6005,0.6,0.65,15000.0,21 e5 21 e5 21 4e 20 e5 21 e5 21 e5 21 e5 21 4e 20 e5 21 e5,False,False
L,20,6005,0.6,0.75,15000.0,21 e5 21 e5 21 4e 20 e5 21 e5 21 e5 21 e5 21 4e 20 e5 21 e5,False,False
L,20,6005,0.6,0.85,15000.0,21 e5 21 e5 21 4e 20 e5 21 e5 21 e5 21 e5 21 4e 20 e5 21 e5,False,False
L,20,6006,0.2,0.65,450.0,01 c5 01 c5 01 c5 01 c5 01 c5 01 c5 01 c5 01 c5 01 c5 01 c5,True,True
L,20,6006,0.2,0.75,450.0,01 c5 01 c5 01 c5 01 c5 01 c5 01 c5 01 c5 01 c5 01 c5 01 c5,True,True
L,20,6006,0.2,0.85,450.0,01 c5 01 c5 01 c5 01 c5 01 c5 01 c5 01 c5 01 c5 01 c5 01 c5,True,True
L,20,6006,0.3,0.65,450.0,01 c5 01 c5 01 c5 01 c5 01 c5 01 c5 01 c5 01 c5 01 c5 01 c5,True,True
L,20,6006,0.3,0.75,450.0,01 c5 01 c5 01 c5 01 c5 01 c5 01 c5 01 c5 01 c5 01 c5 01 c5,True,True
L,20,6006,0.3,0.85,450.0,01 c5 01 c5 01 c5 01 c5 01 c5 01 c5 01 c5 01 c5 01 c5 01 c5,True,True
L,20,6006,0.4,0.65,450.0,01 c5 01 c5 01 c5 01 c5 01 c5 01 c5 01 c5 01 c5 01 c5 01 c5,True,True
L,20,6006,0.4,0.75,450.0,01 c5 01 c5 01 c5 01 c5 01 c5 01 c5 01 c5 01 c5 01 c5 01 c5,True,True
L,20,6006,0.4,0.85,450.0,01 c5 01 c5 01 c5 01 c5 01 c5 01 c5 01 c5 01 c5 01 c5 01 c5,True,True
L,20,6006,0.5,0.65,390000.0,11 85 d9 ed b0 11 85 d9 ed b0 11 85 d9 ed b0 11 85 d9 ed b0,False,False
L,20,6006,0.5,0.75,390000.0,11 85 d9 ed b0 11 85 d9 ed b0 11 85 d9 ed b0 11 85 d9 ed b0,False,False
L,20,6006,0.5,0.85,390000.0,11 85 d9 ed b0 11 85 d9 ed b0 11 85 d9 ed b0 11 85 d9 ed b0,False,False
L,20,6006,0.6,0.65,390000.0,11 85 d9 ed b0 11 85 d9 ed b0 11 85 d9 ed b0 11 85 d9 ed b0,False,False
L,20,6006,0.6,0.75,390000.0,11 85 d9 ed b0 11 85 d9 ed b0 11 85 d9 ed b0 11 85 d9 ed b0,False,False
L,20,6006,0.6,0.85,390000.0,11 85 d9 ed b0 11 85 d9 ed b0 11 85 d9 ed b0 11 85 d9 ed b0,False,False
L,20,6007,0.2,0.65,400.0,01 c5 01 c5 01 c5 01 c5 01 c5 01 c5 01 c5 01 c5 01 c5 01 c5,True,True
L,20,6007,0.2,0.75,400.0,01 c5 01 c5 01 c5 01 c5 01 c5 01 c5 01 c5 01 c5 01 c5 01 c5,True,True
L,20,6007,0.2,0.85,400.0,01 c5 01 c5 01 c5 01 c5 01 c5 01 c5 01 c5 01 c5 01 c5 01 c5,True,True
L,20,6007,0.3,0.65,400.0,01 c5 01 c5 01 c5 01 c5 01 c5 01 c5 01 c5 01 c5 01 c5 01 c5,True,True
L,20,6007,0.3,0.75,400.0,01 c5 01 c5 01 c5 01 c5 01 c5 01 c5 01 c5 01 c5 01 c5 01 c5,True,True
L,20,6007,0.3,0.85,400.0,01 c5 01 c5 01 c5 01 c5 01 c5 01 c5 01 c5 01 c5 01 c5 01 c5,True,True
L,20,6007,0.4,0.65,400.0,01 c5 01 c5 01 c5 01 c5 01 c5 01 c5 01 c5 01 c5 01 c5 01 c5,True,True
L,20,6007,0.4,0.75,400.0,01 c5 01 c5 01 c5 01 c5 01 c5 01 c5 01 c5 01 c5 01 c5 01 c5,True,True
L,20,6007,0.4,0.85,400.0,01 c5 01 c5 01 c5 01 c5 01 c5 01 c5 01 c5 01 c5 01 c5 01 c5,True,True
L,20,6007,0.5,0.65,400.0,01 c5 01 c5 01 c5 01 c5 01 c5 01 c5 01 c5 01 c5 01 c5 01 c5,True,True
L,20,6007,0.5,0.75,400.0,01 c5 01 c5 01 c5 01 c5 01 c5 01 c5 01 c5 01 c5 01 c5 01 c5,True,True
L,20,6007,0.5,0.85,400.0,01 c5 01 c5 01 c5 01 c5 01 c5 01 c5 01 c5 01 c5 01 c5 01 c5,True,True
L,20,6007,0.6,0.65,295000.0,b0 11 ed ee ed b0 11 ed ee ed b0 11 ed ee ed b0 11 ed ee ed,False,False
L,20,6007,0.6,0.75,295000.0,b0 11 ed ee ed b0 11 ed ee ed b0 11 ed ee ed b0 11 ed ee ed,False,False
L,20,6007,0.6,0.85,295000.0,b0 11 ed ee ed b0 11 ed ee ed b0 11 ed ee ed b0 11 ed ee ed,False,False
L,20,6008,0.2,0.65,400.0,01 c5 01 c5 01 c5 01 c5 01 c5 01 c5 01 c5 01 c5 01 c5 01 c5,True,True
L,20,6008,0.2,0.75,400.0,01 c5 01 c5 01 c5 01 c5 01 c5 01 c5 01 c5 01 c5 01 c5 01 c5,True,True
L,20,6008,0.2,0.85,400.0,01 c5 01 c5 01 c5 01 c5 01 c5 01 c5 01 c5 01 c5 01 c5 01 c5,True,True
L,20,6008,0.3,0.65,400.0,01 c5 01 c5 01 c5 01 c5 01 c5 01 c5 01 c5 01 c5 01 c5 01 c5,True,True
L,20,6008,0.3,0.75,400.0,01 c5 01 c5 01 c5 01 c5 01 c5 01 c5 01 c5 01 c5 01 c5 01 c5,True,True
L,20,6008,0.3,0.85,400.0,01 c5 01 c5 01 c5 01 c5 01 c5 01 c5 01 c5 01 c5 01 c5 01 c5,True,True
L,20,6008,0.4,0.65,400.0,01 c5 01 c5 01 c5 01 c5 01 c5 01 c5 01 c5 01 c5 01 c5 01 c5,True,True
L,20,6008,0.4,0.75,400.0,01 c5 01 c5 01 c5 01 c5 01 c5 01 c5 01 c5 01 c5 01 c5 01 c5,True,True
L,20,6008,0.4,0.85,400.0,01 c5 01 c5 01 c5 01 c5 01 c5 01 c5 01 c5 01 c5 01 c5 01 c5,True,True
L,20,6008,0.5,0.65,455000.0,21 e5 21 e5 21 fd 20 e5 21 e5 21 e5 21 e5 21 fd 20 e5 21 e5,False,False
L,20,6008,0.5,0.75,455000.0,21 e5 21 e5 21 fd 20 e5 21 e5 21 e5 21 e5 21 fd 20 e5 21 e5,False,False
L,20,6008,0.5,0.85,455000.0,21 e5 21 e5 21 fd 20 e5 21 e5 21 e5 21 e5 21 fd 20 e5 21 e5,False,False
L,20,6008,0.6,0.65,455000.0,21 e5 21 e5 21 fd 20 e5 21 e5 21 e5 21 e5 21 fd 20 e5 21 e5,False,False
L,20,6008,0.6,0.75,455000.0,21 e5 21 e5 21 fd 20 e5 21 e5 21 e5 21 e5 21 fd 20 e5 21 e5,False,False
L,20,6008,0.6,0.85,455000.0,21 e5 21 e5 21 fd 20 e5 21 e5 21 e5 21 e5 21 fd 20 e5 21 e5,False,False
L,20,6009,0.2,0.65,250.0,01 c5 01 c5 01 c5 01 c5 01 c5 01 c5 01 c5 01 c5 01 c5 01 c5,True,True
L,20,6009,0.2,0.75,250.0,01 c5 01 c5 01 c5 01 c5 01 c5 01 c5 01 c5 01 c5 01 c5 01 c5,True,True
L,20,6009,0.2,0.85,250.0,01 c5 01 c5 01 c5 01 c5 01 c5 01 c5 01 c5 01 c5 01 c5 01 c5,True,True
L,20,6009,0.3,0.65,250.0,01 c5 01 c5 01 c5 01 c5 01 c5 01 c5 01 c5 01 c5 01 c5 01 c5,True,True
L,20,6009,0.3,0.75,250.0,01 c5 01 c5 01 c5 01 c5 01 c5 01 c5 01 c5 01 c5 01 c5 01 c5,True,True
L,20,6009,0.3,0.85,250.0,01 c5 01 c5 01 c5 01 c5 01 c5 01 c5 01 c5 01 c5 01 c5 01 c5,True,True
L,20,6009,0.4,0.65,250.0,01 c5 01 c5 01 c5 01 c5 01 c5 01 c5 01 c5 01 c5 01 c5 01 c5,True,True
L,20,6009,0.4,0.75,250.0,01 c5 01 c5 01 c5 01 c5 01 c5 01 c5 01 c5 01 c5 01 c5 01 c5,True,True
L,20,6009,0.4,0.85,250.0,01 c5 01 c5 01 c5 01 c5 01 c5 01 c5 01 c5 01 c5 01 c5 01 c5,True,True
L,20,6009,0.5,0.65,110000.0,b0 11 85 11 ed b0 11 85 11 ed b0 11 85 11 ed b0 11 85 11 ed,False,False
L,20,6009,0.5,0.75,110000.0,b0 11 85 11 ed b0 11 85 11 ed b0 11 85 11 ed b0 11 85 11 ed,False,False
L,20,6009,0.5,0.85,110000.0,b0 11 85 11 ed b0 11 85 11 ed b0 11 85 11 ed b0 11 85 11 ed,False,False
L,20,6009,0.6,0.65,110000.0,b0 11 85 11 ed b0 11 85 11 ed b0 11 85 11 ed b0 11 85 11 ed,False,False
L,20,6009,0.6,0.75,110000.0,b0 11 85 11 ed b0 11 85 11 ed b0 11 85 11 ed b0 11 85 11 ed,False,False
L,20,6009,0.6,0.85,110000.0,b0 11 85 11 ed b0 11 85 11 ed b0 11 85 11 ed b0 11 85 11 ed,False,False
L,20,6010,0.2,0.65,300.0,01 c5 01 c5 01 c5 01 c5 01 c5 01 c5 01 c5 01 c5 01 c5 01 c5,True,True
L,20,6010,0.2,0.75,300.0,01 c5 01 c5 01 c5 01 c5 01 c5 01 c5 01 c5 01 c5 01 c5 01 c5,True,True
L,20,6010,0.2,0.85,300.0,01 c5 01 c5 01 c5 01 c5 01 c5 01 c5 01 c5 01 c5 01 c5 01 c5,True,True
L,20,6010,0.3,0.65,300.0,01 c5 01 c5 01 c5 01 c5 01 c5 01 c5 01 c5 01 c5 01 c5 01 c5,True,True
L,20,6010,0.3,0.75,300.0,01 c5 01 c5 01 c5 01 c5 01 c5 01 c5 01 c5 01 c5 01 c5 01 c5,True,True
L,20,6010,0.3,0.85,300.0,01 c5 01 c5 01 c5 01 c5 01 c5 01 c5 01 c5 01 c5 01 c5 01 c5,True,True
L,20,6010,0.4,0.65,300.0,01 c5 01 c5 01 c5 01 c5 01 c5 01 c5 01 c5 01 c5 01 c5 01 c5,True,True
L,20,6010,0.4,0.75,300.0,01 c5 01 c5 01 c5 01 c5 01 c5 01 c5 01 c5 01 c5 01 c5 01 c5,True,True
L,20,6010,0.4,0.85,300.0,01 c5 01 c5 01 c5 01 c5 01 c5 01 c5 01 c5 01 c5 01 c5 01 c5,True,True
L,20,6010,0.5,0.65,300.0,01 c5 01 c5 01 c5 01 c5 01 c5 01 c5 01 c5 01 c5 01 c5 01 c5,True,True
L,20,6010,0.5,0.75,300.0,01 c5 01 c5 01 c5 01 c5 01 c5 01 c5 01 c5 01 c5 01 c5 01 c5,True,True
L,20,6010,0.5,0.85,300.0,01 c5 01 c5 01 c5 01 c5 01 c5 01 c5 01 c5 01 c5 01 c5 01 c5,True,True
L,20,6010,0.6,0.65,,,False,False
L,20,6010,0.6,0.75,,,False,False
L,20,6010,0.6,0.85,,,False,False
M,16,7001,0.2,0.65,300.0,01 c5 01 c5 01 c5 01 c5 01 c5 01 c5 01 c5 01 c5,True,True
M,16,7001,0.2,0.75,300.0,01 c5 01 c5 01 c5 01 c5 01 c5 01 c5 01 c5 01 c5,True,True
M,16,7001,0.2,0.85,300.0,01 c5 01 c5 01 c5 01 c5 01 c5 01 c5 01 c5 01 c5,True,True
M,16,7001,0.3,0.65,300.0,01 c5 01 c5 01 c5 01 c5 01 c5 01 c5 01 c5 01 c5,True,True
M,16,7001,0.3,0.75,300.0,01 c5 01 c5 01 c5 01 c5 01 c5 01 c5 01 c5 01 c5,True,True
M,16,7001,0.3,0.85,300.0,01 c5 01 c5 01 c5 01 c5 01 c5 01 c5 01 c5 01 c5,True,True
M,16,7001,0.4,0.65,300.0,01 c5 01 c5 01 c5 01 c5 01 c5 01 c5 01 c5 01 c5,True,True
M,16,7001,0.4,0.75,300.0,01 c5 01 c5 01 c5 01 c5 01 c5 01 c5 01 c5 01 c5,True,True
M,16,7001,0.4,0.85,300.0,01 c5 01 c5 01 c5 01 c5 01 c5 01 c5 01 c5 01 c5,True,True
M,16,7001,0.5,0.65,300.0,01 c5 01 c5 01 c5 01 c5 01 c5 01 c5 01 c5 01 c5,True,True
M,16,7001,0.5,0.75,300.0,01 c5 01 c5 01 c5 01 c5 01 c5 01 c5 01 c5 01 c5,True,True
M,16,7001,0.5,0.85,300.0,01 c5 01 c5 01 c5 01 c5 01 c5 01 c5 01 c5 01 c5,True,True
M,16,7001,0.6,0.65,44000.0,00 e3 21 e3 21 c0 00 c0 00 e3 21 e3 21 c0 00 c0,False,False
M,16,7001,0.6,0.75,44000.0,00 e3 21 e3 21 c0 00 c0 00 e3 21 e3 21 c0 00 c0,False,False
M,16,7001,0.6,0.85,44000.0,00 e3 21 e3 21 c0 00 c0 00 e3 21 e3 21 c0 00 c0,False,False
M,16,7002,0.2,0.65,1200.0,21 e5 21 e5 21 e5 21 e5 21 e5 21 e5 21 e5 21 e5,True,True
M,16,7002,0.2,0.75,1200.0,21 e5 21 e5 21 e5 21 e5 21 e5 21 e5 21 e5 21 e5,True,True
M,16,7002,0.2,0.85,1200.0,21 e5 21 e5 21 e5 21 e5 21 e5 21 e5 21 e5 21 e5,True,True
M,16,7002,0.3,0.65,1200.0,21 e5 21 e5 21 e5 21 e5 21 e5 21 e5 21 e5 21 e5,True,True
M,16,7002,0.3,0.75,1200.0,21 e5 21 e5 21 e5 21 e5 21 e5 21 e5 21 e5 21 e5,True,True
M,16,7002,0.3,0.85,1200.0,21 e5 21 e5 21 e5 21 e5 21 e5 21 e5 21 e5 21 e5,True,True
M,16,7002,0.4,0.65,1200.0,21 e5 21 e5 21 e5 21 e5 21 e5 21 e5 21 e5 21 e5,True,True
M,16,7002,0.4,0.75,1200.0,21 e5 21 e5 21 e5 21 e5 21 e5 21 e5 21 e5 21 e5,True,True
M,16,7002,0.4,0.85,1200.0,21 e5 21 e5 21 e5 21 e5 21 e5 21 e5 21 e5 21 e5,True,True
M,16,7002,0.5,0.65,2350.0,01 c5 01 c5 01 c5 01 c5 01 c5 01 c5 01 c5 01 c5,True,True
M,16,7002,0.5,0.75,2350.0,01 c5 01 c5 01 c5 01 c5 01 c5 01 c5 01 c5 01 c5,True,True
M,16,7002,0.5,0.85,2350.0,01 c5 01 c5 01 c5 01 c5 01 c5 01 c5 01 c5 01 c5,True,True
M,16,7002,0.6,0.65,3450.0,e5 2a e5 2a e5 2a e5 2a e5 2a e5 2a e5 2a e5 2a,True,True
M,16,7002,0.6,0.75,3450.0,e5 2a e5 2a e5 2a e5 2a e5 2a e5 2a e5 2a e5 2a,True,True
M,16,7002,0.6,0.85,3450.0,e5 2a e5 2a e5 2a e5 2a e5 2a e5 2a e5 2a e5 2a,True,True
M,16,7003,0.2,0.65,2050.0,21 e5 21 e5 21 e5 21 e5 21 e5 21 e5 21 e5 21 e5,True,True
M,16,7003,0.2,0.75,2050.0,21 e5 21 e5 21 e5 21 e5 21 e5 21 e5 21 e5 21 e5,True,True
M,16,7003,0.2,0.85,2050.0,21 e5 21 e5 21 e5 21 e5 21 e5 21 e5 21 e5 21 e5,True,True
M,16,7003,0.3,0.65,2050.0,21 e5 21 e5 21 e5 21 e5 21 e5 21 e5 21 e5 21 e5,True,True
M,16,7003,0.3,0.75,2050.0,21 e5 21 e5 21 e5 21 e5 21 e5 21 e5 21 e5 21 e5,True,True
M,16,7003,0.3,0.85,2050.0,21 e5 21 e5 21 e5 21 e5 21 e5 21 e5 21 e5 21 e5,True,True
M,16,7003,0.4,0.65,2050.0,21 e5 21 e5 21 e5 21 e5 21 e5 21 e5 21 e5 21 e5,True,True
M,16,7003,0.4,0.75,2050.0,21 e5 21 e5 21 e5 21 e5 21 e5 21 e5 21 e5 21 e5,True,True
M,16,7003,0.4,0.85,2050.0,21 e5 21 e5 21 e5 21 e5 21 e5 21 e5 21 e5 21 e5,True,True
M,16,7003,0.5,0.65,2050.0,21 e5 21 e5 21 e5 21 e5 21 e5 21 e5 21 e5 21 e5,True,True
M,16,7003,0.5,0.75,2050.0,21 e5 21 e5 21 e5 21 e5 21 e5 21 e5 21 e5 21 e5,True,True
M,16,7003,0.5,0.85,2050.0,21 e5 21 e5 21 e5 21 e5 21 e5 21 e5 21 e5 21 e5,True,True
M,16,7003,0.6,0.65,8000.0,20 e3 21 e3 21 e0 20 e0 20 e3 21 e3 21 e0 20 e0,False,False
M,16,7003,0.6,0.75,8000.0,20 e3 21 e3 21 e0 20 e0 20 e3 21 e3 21 e0 20 e0,False,False
M,16,7003,0.6,0.85,8000.0,20 e3 21 e3 21 e0 20 e0 20 e3 21 e3 21 e0 20 e0,False,False
M,16,7004,0.2,0.65,150.0,01 c5 01 c5 01 c5 01 c5 01 c5 01 c5 01 c5 01 c5,True,True
M,16,7004,0.2,0.75,150.0,01 c5 01 c5 01 c5 01 c5 01 c5 01 c5 01 c5 01 c5,True,True
M,16,7004,0.2,0.85,150.0,01 c5 01 c5 01 c5 01 c5 01 c5 01 c5 01 c5 01 c5,True,True
M,16,7004,0.3,0.65,150.0,01 c5 01 c5 01 c5 01 c5 01 c5 01 c5 01 c5 01 c5,True,True
M,16,7004,0.3,0.75,150.0,01 c5 01 c5 01 c5 01 c5 01 c5 01 c5 01 c5 01 c5,True,True
M,16,7004,0.3,0.85,150.0,01 c5 01 c5 01 c5 01 c5 01 c5 01 c5 01 c5 01 c5,True,True
M,16,7004,0.4,0.65,150.0,01 c5 01 c5 01 c5 01 c5 01 c5 01 c5 01 c5 01 c5,True,True
M,16,7004,0.4,0.75,150.0,01 c5 01 c5 01 c5 01 c5 01 c5 01 c5 01 c5 01 c5,True,True
M,16,7004,0.4,0.85,150.0,01 c5 01 c5 01 c5 01 c5 01 c5 01 c5 01 c5 01 c5,True,True
M,16,7004,0.5,0.65,150.0,01 c5 01 c5 01 c5 01 c5 01 c5 01 c5 01 c5 01 c5,True,True
M,16,7004,0.5,0.75,150.0,01 c5 01 c5 01 c5 01 c5 01 c5 01 c5 01 c5 01 c5,True,True
M,16,7004,0.5,0.85,150.0,01 c5 01 c5 01 c5 01 c5 01 c5 01 c5 01 c5 01 c5,True,True
M,16,7004,0.6,0.65,150.0,01 c5 01 c5 01 c5 01 c5 01 c5 01 c5 01 c5 01 c5,True,True
M,16,7004,0.6,0.75,150.0,01 c5 01 c5 01 c5 01 c5 01 c5 01 c5 01 c5 01 c5,True,True
M,16,7004,0.6,0.85,150.0,01 c5 01 c5 01 c5 01 c5 01 c5 01 c5 01 c5 01 c5,True,True
M,16,7005,0.2,0.65,2700.0,01 c5 01 c5 01 c5 01 c5 01 c5 01 c5 01 c5 01 c5,True,True
M,16,7005,0.2,0.75,2700.0,01 c5 01 c5 01 c5 01 c5 01 c5 01 c5 01 c5 01 c5,True,True
M,16,7005,0.2,0.85,2700.0,01 c5 01 c5 01 c5 01 c5 01 c5 01 c5 01 c5 01 c5,True,True
M,16,7005,0.3,0.65,2700.0,01 c5 01 c5 01 c5 01 c5 01 c5 01 c5 01 c5 01 c5,True,True
M,16,7005,0.3,0.75,2700.0,01 c5 01 c5 01 c5 01 c5 01 c5 01 c5 01 c5 01 c5,True,True
M,16,7005,0.3,0.85,2700.0,01 c5 01 c5 01 c5 01 c5 01 c5 01 c5 01 c5 01 c5,True,True
M,16,7005,0.4,0.65,2700.0,01 c5 01 c5 01 c5 01 c5 01 c5 01 c5 01 c5 01 c5,True,True
M,16,7005,0.4,0.75,2700.0,01 c5 01 c5 01 c5 01 c5 01 c5 01 c5 01 c5 01 c5,True,True
M,16,7005,0.4,0.85,2700.0,01 c5 01 c5 01 c5 01 c5 01 c5 01 c5 01 c5 01 c5,True,True
M,16,7005,0.5,0.65,2700.0,01 c5 01 c5 01 c5 01 c5 01 c5 01 c5 01 c5 01 c5,True,True
M,16,7005,0.5,0.75,2700.0,01 c5 01 c5 01 c5 01 c5 01 c5 01 c5 01 c5 01 c5,True,True
M,16,7005,0.5,0.85,2700.0,01 c5 01 c5 01 c5 01 c5 01 c5 01 c5 01 c5 01 c5,True,True
M,16,7005,0.6,0.65,2700.0,01 c5 01 c5 01 c5 01 c5 01 c5 01 c5 01 c5 01 c5,True,True
M,16,7005,0.6,0.75,2700.0,01 c5 01 c5 01 c5 01 c5 01 c5 01 c5 01 c5 01 c5,True,True
M,16,7005,0.6,0.85,2700.0,01 c5 01 c5 01 c5 01 c5 01 c5 01 c5 01 c5 01 c5,True,True
M,16,7006,0.2,0.65,150.0,21 e5 21 e5 21 e5 21 e5 21 e5 21 e5 21 e5 21 e5,True,True
M,16,7006,0.2,0.75,150.0,21 e5 21 e5 21 e5 21 e5 21 e5 21 e5 21 e5 21 e5,True,True
M,16,7006,0.2,0.85,150.0,21 e5 21 e5 21 e5 21 e5 21 e5 21 e5 21 e5 21 e5,True,True
M,16,7006,0.3,0.65,150.0,21 e5 21 e5 21 e5 21 e5 21 e5 21 e5 21 e5 21 e5,True,True
M,16,7006,0.3,0.75,150.0,21 e5 21 e5 21 e5 21 e5 21 e5 21 e5 21 e5 21 e5,True,True
M,16,7006,0.3,0.85,150.0,21 e5 21 e5 21 e5 21 e5 21 e5 21 e5 21 e5 21 e5,True,True
M,16,7006,0.4,0.65,150.0,21 e5 21 e5 21 e5 21 e5 21 e5 21 e5 21 e5 21 e5,True,True
M,16,7006,0.4,0.75,150.0,21 e5 21 e5 21 e5 21 e5 21 e5 21 e5 21 e5 21 e5,True,True
M,16,7006,0.4,0.85,150.0,21 e5 21 e5 21 e5 21 e5 21 e5 21 e5 21 e5 21 e5,True,True
M,16,7006,0.5,0.65,150.0,21 e5 21 e5 21 e5 21 e5 21 e5 21 e5 21 e5 21 e5,True,True
M,16,7006,0.5,0.75,150.0,21 e5 21 e5 21 e5 21 e5 21 e5 21 e5 21 e5 21 e5,True,True
M,16,7006,0.5,0.85,150.0,21 e5 21 e5 21 e5 21 e5 21 e5 21 e5 21 e5 21 e5,True,True
M,16,7006,0.6,0.65,57500.0,18 e3 21 e3 21 e0 18 e0 18 e3 21 e3 21 e0 18 e0,False,False
M,16,7006,0.6,0.75,57500.0,18 e3 21 e3 21 e0 18 e0 18 e3 21 e3 21 e0 18 e0,False,False
M,16,7006,0.6,0.85,57500.0,18 e3 21 e3 21 e0 18 e0 18 e3 21 e3 21 e0 18 e0,False,False
M,16,7007,0.2,0.65,800.0,11 d5 11 d5 11 d5 11 d5 11 d5 11 d5 11 d5 11 d5,True,True
M,16,7007,0.2,0.75,800.0,11 d5 11 d5 11 d5 11 d5 11 d5 11 d5 11 d5 11 d5,True,True
M,16,7007,0.2,0.85,800.0,11 d5 11 d5 11 d5 11 d5 11 d5 11 d5 11 d5 11 d5,True,True
M,16,7007,0.3,0.65,800.0,11 d5 11 d5 11 d5 11 d5 11 d5 11 d5 11 d5 11 d5,True,True
M,16,7007,0.3,0.75,800.0,11 d5 11 d5 11 d5 11 d5 11 d5 11 d5 11 d5 11 d5,True,True
M,16,7007,0.3,0.85,800.0,11 d5 11 d5 11 d5 11 d5 11 d5 11 d5 11 d5 11 d5,True,True
M,16,7007,0.4,0.65,800.0,11 d5 11 d5 11 d5 11 d5 11 d5 11 d5 11 d5 11 d5,True,True
M,16,7007,0.4,0.75,800.0,11 d5 11 d5 11 d5 11 d5 11 d5 11 d5 11 d5 11 d5,True,True
M,16,7007,0.4,0.85,800.0,11 d5 11 d5 11 d5 11 d5 11 d5 11 d5 11 d5 11 d5,True,True
M,16,7007,0.5,0.65,800.0,11 d5 11 d5 11 d5 11 d5 11 d5 11 d5 11 d5 11 d5,True,True
M,16,7007,0.5,0.75,800.0,11 d5 11 d5 11 d5 11 d5 11 d5 11 d5 11 d5 11 d5,True,True
M,16,7007,0.5,0.85,800.0,11 d5 11 d5 11 d5 11 d5 11 d5 11 d5 11 d5 11 d5,True,True
M,16,7007,0.6,0.65,30500.0,00 e3 21 e3 21 e0 00 e0 00 e3 21 e3 21 e0 00 e0,False,False
M,16,7007,0.6,0.75,30500.0,00 e3 21 e3 21 e0 00 e0 00 e3 21 e3 21 e0 00 e0,False,False
M,16,7007,0.6,0.85,30500.0,00 e3 21 e3 21 e0 00 e0 00 e3 21 e3 21 e0 00 e0,False,False
M,16,7008,0.2,0.65,150.0,21 e5 21 e5 21 e5 21 e5 21 e5 21 e5 21 e5 21 e5,True,True
M,16,7008,0.2,0.75,150.0,21 e5 21 e5 21 e5 21 e5 21 e5 21 e5 21 e5 21 e5,True,True
M,16,7008,0.2,0.85,150.0,21 e5 21 e5 21 e5 21 e5 21 e5 21 e5 21 e5 21 e5,True,True
M,16,7008,0.3,0.65,150.0,21 e5 21 e5 21 e5 21 e5 21 e5 21 e5 21 e5 21 e5,True,True
M,16,7008,0.3,0.75,150.0,21 e5 21 e5 21 e5 21 e5 21 e5 21 e5 21 e5 21 e5,True,True
M,16,7008,0.3,0.85,150.0,21 e5 21 e5 21 e5 21 e5 21 e5 21 e5 21 e5 21 e5,True,True
M,16,7008,0.4,0.65,150.0,21 e5 21 e5 21 e5 21 e5 21 e5 21 e5 21 e5 21 e5,True,True
M,16,7008,0.4,0.75,150.0,21 e5 21 e5 21 e5 21 e5 21 e5 21 e5 21 e5 21 e5,True,True
M,16,7008,0.4,0.85,150.0,21 e5 21 e5 21 e5 21 e5 21 e5 21 e5 21 e5 21 e5,True,True
M,16,7008,0.5,0.65,150.0,21 e5 21 e5 21 e5 21 e5 21 e5 21 e5 21 e5 21 e5,True,True
M,16,7008,0.5,0.75,150.0,21 e5 21 e5 21 e5 21 e5 21 e5 21 e5 21 e5 21 e5,True,True
M,16,7008,0.5,0.85,150.0,21 e5 21 e5 21 e5 21 e5 21 e5 21 e5 21 e5 21 e5,True,True
M,16,7008,0.6,0.65,5500.0,00 e3 21 e3 21 c0 00 c0 00 e3 21 e3 21 c0 00 c0,False,False
M,16,7008,0.6,0.75,5500.0,00 e3 21 e3 21 c0 00 c0 00 e3 21 e3 21 c0 00 c0,False,False
M,16,7008,0.6,0.85,5500.0,00 e3 21 e3 21 c0 00 c0 00 e3 21 e3 21 c0 00 c0,False,False
M,16,7009,0.2,0.65,150.0,01 c5 01 c5 01 c5 01 c5 01 c5 01 c5 01 c5 01 c5,True,True
M,16,7009,0.2,0.75,150.0,01 c5 01 c5 01 c5 01 c5 01 c5 01 c5 01 c5 01 c5,True,True
M,16,7009,0.2,0.85,150.0,01 c5 01 c5 01 c5 01 c5 01 c5 01 c5 01 c5 01 c5,True,True
M,16,7009,0.3,0.65,150.0,01 c5 01 c5 01 c5 01 c5 01 c5 01 c5 01 c5 01 c5,True,True
M,16,7009,0.3,0.75,150.0,01 c5 01 c5 01 c5 01 c5 01 c5 01 c5 01 c5 01 c5,True,True
M,16,7009,0.3,0.85,150.0,01 c5 01 c5 01 c5 01 c5 01 c5 01 c5 01 c5 01 c5,True,True
M,16,7009,0.4,0.65,150.0,01 c5 01 c5 01 c5 01 c5 01 c5 01 c5 01 c5 01 c5,True,True
M,16,7009,0.4,0.75,150.0,01 c5 01 c5 01 c5 01 c5 01 c5 01 c5 01 c5 01 c5,True,True
M,16,7009,0.4,0.85,150.0,01 c5 01 c5 01 c5 01 c5 01 c5 01 c5 01 c5 01 c5,True,True
M,16,7009,0.5,0.65,150.0,01 c5 01 c5 01 c5 01 c5 01 c5 01 c5 01 c5 01 c5,True,True
M,16,7009,0.5,0.75,150.0,01 c5 01 c5 01 c5 01 c5 01 c5 01 c5 01 c5 01 c5,True,True
M,16,7009,0.5,0.85,150.0,01 c5 01 c5 01 c5 01 c5 01 c5 01 c5 01 c5 01 c5,True,True
M,16,7009,0.6,0.65,150.0,01 c5 01 c5 01 c5 01 c5 01 c5 01 c5 01 c5 01 c5,True,True
M,16,7009,0.6,0.75,150.0,01 c5 01 c5 01 c5 01 c5 01 c5 01 c5 01 c5 01 c5,True,True
M,16,7009,0.6,0.85,150.0,01 c5 01 c5 01 c5 01 c5 01 c5 01 c5 01 c5 01 c5,True,True
M,16,7010,0.2,0.65,300.0,01 c5 01 c5 01 c5 01 c5 01 c5 01 c5 01 c5 01 c5,True,True
M,16,7010,0.2,0.75,300.0,01 c5 01 c5 01 c5 01 c5 01 c5 01 c5 01 c5 01 c5,True,True
M,16,7010,0.2,0.85,300.0,01 c5 01 c5 01 c5 01 c5 01 c5 01 c5 01 c5 01 c5,True,True
M,16,7010,0.3,0.65,300.0,01 c5 01 c5 01 c5 01 c5 01 c5 01 c5 01 c5 01 c5,True,True
M,16,7010,0.3,0.75,300.0,01 c5 01 c5 01 c5 01 c5 01 c5 01 c5 01 c5 01 c5,True,True
M,16,7010,0.3,0.85,300.0,01 c5 01 c5 01 c5 01 c5 01 c5 01 c5 01 c5 01 c5,True,True
M,16,7010,0.4,0.65,300.0,01 c5 01 c5 01 c5 01 c5 01 c5 01 c5 01 c5 01 c5,True,True
M,16,7010,0.4,0.75,300.0,01 c5 01 c5 01 c5 01 c5 01 c5 01 c5 01 c5 01 c5,True,True
M,16,7010,0.4,0.85,300.0,01 c5 01 c5 01 c5 01 c5 01 c5 01 c5 01 c5 01 c5,True,True
M,16,7010,0.5,0.65,300.0,01 c5 01 c5 01 c5 01 c5 01 c5 01 c5 01 c5 01 c5,True,True
M,16,7010,0.5,0.75,300.0,01 c5 01 c5 01 c5 01 c5 01 c5 01 c5 01 c5 01 c5,True,True
M,16,7010,0.5,0.85,300.0,01 c5 01 c5 01 c5 01 c5 01 c5 01 c5 01 c5 01 c5,True,True
M,16,7010,0.6,0.65,17000.0,46 e3 21 e3 21 e0 46 e0 46 e3 21 e3 21 e0 46 e0,False,False
M,16,7010,0.6,0.75,17000.0,46 e3 21 e3 21 e0 46 e0 46 e3 21 e3 21 e0 46 e0,False,False
M,16,7010,0.6,0.85,17000.0,46 e3 21 e3 21 e0 46 e0 46 e3 21 e3 21 e0 46 e0,False,False
M,16,7011,0.2,0.65,650.0,01 c5 01 c5 01 c5 01 c5 01 c5 01 c5 01 c5 01 c5,True,True
M,16,7011,0.2,0.75,650.0,01 c5 01 c5 01 c5 01 c5 01 c5 01 c5 01 c5 01 c5,True,True
M,16,7011,0.2,0.85,650.0,01 c5 01 c5 01 c5 01 c5 01 c5 01 c5 01 c5 01 c5,True,True
M,16,7011,0.3,0.65,650.0,01 c5 01 c5 01 c5 01 c5 01 c5 01 c5 01 c5 01 c5,True,True
M,16,7011,0.3,0.75,650.0,01 c5 01 c5 01 c5 01 c5 01 c5 01 c5 01 c5 01 c5,True,True
M,16,7011,0.3,0.85,650.0,01 c5 01 c5 01 c5 01 c5 01 c5 01 c5 01 c5 01 c5,True,True
M,16,7011,0.4,0.65,650.0,01 c5 01 c5 01 c5 01 c5 01 c5 01 c5 01 c5 01 c5,True,True
M,16,7011,0.4,0.75,650.0,01 c5 01 c5 01 c5 01 c5 01 c5 01 c5 01 c5 01 c5,True,True
M,16,7011,0.4,0.85,650.0,01 c5 01 c5 01 c5 01 c5 01 c5 01 c5 01 c5 01 c5,True,True
M,16,7011,0.5,0.65,650.0,01 c5 01 c5 01 c5 01 c5 01 c5 01 c5 01 c5 01 c5,True,True
M,16,7011,0.5,0.75,650.0,01 c5 01 c5 01 c5 01 c5 01 c5 01 c5 01 c5 01 c5,True,True
M,16,7011,0.5,0.85,650.0,01 c5 01 c5 01 c5 01 c5 01 c5 01 c5 01 c5 01 c5,True,True
M,16,7011,0.6,0.65,68000.0,51 e3 21 e3 21 e0 51 e0 51 e3 21 e3 21 e0 51 e0,False,False
M,16,7011,0.6,0.75,68000.0,51 e3 21 e3 21 e0 51 e0 51 e3 21 e3 21 e0 51 e0,False,False
M,16,7011,0.6,0.85,68000.0,51 e3 21 e3 21 e0 51 e0 51 e3 21 e3 21 e0 51 e0,False,False
M,16,7012,0.2,0.65,5500.0,01 c5 01 c5 01 c5 01 c5 01 c5 01 c5 01 c5 01 c5,True,True
M,16,7012,0.2,0.75,5500.0,01 c5 01 c5 01 c5 01 c5 01 c5 01 c5 01 c5 01 c5,True,True
M,16,7012,0.2,0.85,5500.0,01 c5 01 c5 01 c5 01 c5 01 c5 01 c5 01 c5 01 c5,True,True
M,16,7012,0.3,0.65,5500.0,01 c5 01 c5 01 c5 01 c5 01 c5 01 c5 01 c5 01 c5,True,True
M,16,7012,0.3,0.75,5500.0,01 c5 01 c5 01 c5 01 c5 01 c5 01 c5 01 c5 01 c5,True,True
M,16,7012,0.3,0.85,5500.0,01 c5 01 c5 01 c5 01 c5 01 c5 01 c5 01 c5 01 c5,True,True
M,16,7012,0.4,0.65,5500.0,01 c5 01 c5 01 c5 01 c5 01 c5 01 c5 01 c5 01 c5,True,True
M,16,7012,0.4,0.75,5500.0,01 c5 01 c5 01 c5 01 c5 01 c5 01 c5 01 c5 01 c5,True,True
M,16,7012,0.4,0.85,5500.0,01 c5 01 c5 01 c5 01 c5 01 c5 01 c5 01 c5 01 c5,True,True
M,16,7012,0.5,0.65,5500.0,01 c5 01 c5 01 c5 01 c5 01 c5 01 c5 01 c5 01 c5,True,True
M,16,7012,0.5,0.75,5500.0,01 c5 01 c5 01 c5 01 c5 01 c5 01 c5 01 c5 01 c5,True,True
M,16,7012,0.5,0.85,5500.0,01 c5 01 c5 01 c5 01 c5 01 c5 01 c5 01 c5 01 c5,True,True
M,16,7012,0.6,0.65,68500.0,00 e3 21 e3 21 c0 00 c0 00 e3 21 e3 21 c0 00 c0,False,False
M,16,7012,0.6,0.75,68500.0,00 e3 21 e3 21 c0 00 c0 00 e3 21 e3 21 c0 00 c0,False,False
M,16,7012,0.6,0.85,68500.0,00 e3 21 e3 21 c0 00 c0 00 e3 21 e3 21 c0 00 c0,False,False
M,16,7013,0.2,0.65,2100.0,01 c5 01 c5 01 c5 01 c5 01 c5 01 c5 01 c5 01 c5,True,True
M,16,7013,0.2,0.75,2100.0,01 c5 01 c5 01 c5 01 c5 01 c5 01 c5 01 c5 01 c5,True,True
M,16,7013,0.2,0.85,2100.0,01 c5 01 c5 01 c5 01 c5 01 c5 01 c5 01 c5 01 c5,True,True
M,16,7013,0.3,0.65,2100.0,01 c5 01 c5 01 c5 01 c5 01 c5 01 c5 01 c5 01 c5,True,True
M,16,7013,0.3,0.75,2100.0,01 c5 01 c5 01 c5 01 c5 01 c5 01 c5 01 c5 01 c5,True,True
M,16,7013,0.3,0.85,2100.0,01 c5 01 c5 01 c5 01 c5 01 c5 01 c5 01 c5 01 c5,True,True
M,16,7013,0.4,0.65,2100.0,01 c5 01 c5 01 c5 01 c5 01 c5 01 c5 01 c5 01 c5,True,True
M,16,7013,0.4,0.75,2100.0,01 c5 01 c5 01 c5 01 c5 01 c5 01 c5 01 c5 01 c5,True,True
M,16,7013,0.4,0.85,2100.0,01 c5 01 c5 01 c5 01 c5 01 c5 01 c5 01 c5 01 c5,True,True
M,16,7013,0.5,0.65,2100.0,01 c5 01 c5 01 c5 01 c5 01 c5 01 c5 01 c5 01 c5,True,True
M,16,7013,0.5,0.75,2100.0,01 c5 01 c5 01 c5 01 c5 01 c5 01 c5 01 c5 01 c5,True,True
M,16,7013,0.5,0.85,2100.0,01 c5 01 c5 01 c5 01 c5 01 c5 01 c5 01 c5 01 c5,True,True
M,16,7013,0.6,0.65,4950.0,e5 2a e5 2a e5 2a e5 2a e5 2a e5 2a e5 2a e5 2a,True,True
M,16,7013,0.6,0.75,4950.0,e5 2a e5 2a e5 2a e5 2a e5 2a e5 2a e5 2a e5 2a,True,True
M,16,7013,0.6,0.85,4950.0,e5 2a e5 2a e5 2a e5 2a e5 2a e5 2a e5 2a e5 2a,True,True
M,16,7014,0.2,0.65,1300.0,01 c5 01 c5 01 c5 01 c5 01 c5 01 c5 01 c5 01 c5,True,True
M,16,7014,0.2,0.75,1300.0,01 c5 01 c5 01 c5 01 c5 01 c5 01 c5 01 c5 01 c5,True,True
M,16,7014,0.2,0.85,1300.0,01 c5 01 c5 01 c5 01 c5 01 c5 01 c5 01 c5 01 c5,True,True
M,16,7014,0.3,0.65,1300.0,01 c5 01 c5 01 c5 01 c5 01 c5 01 c5 01 c5 01 c5,True,True
M,16,7014,0.3,0.75,1300.0,01 c5 01 c5 01 c5 01 c5 01 c5 01 c5 01 c5 01 c5,True,True
M,16,7014,0.3,0.85,1300.0,01 c5 01 c5 01 c5 01 c5 01 c5 01 c5 01 c5 01 c5,True,True
M,16,7014,0.4,0.65,1300.0,01 c5 01 c5 01 c5 01 c5 01 c5 01 c5 01 c5 01 c5,True,True
M,16,7014,0.4,0.75,1300.0,01 c5 01 c5 01 c5 01 c5 01 c5 01 c5 01 c5 01 c5,True,True
M,16,7014,0.4,0.85,1300.0,01 c5 01 c5 01 c5 01 c5 01 c5 01 c5 01 c5 01 c5,True,True
M,16,7014,0.5,0.65,1300.0,01 c5 01 c5 01 c5 01 c5 01 c5 01 c5 01 c5 01 c5,True,True
M,16,7014,0.5,0.75,1300.0,01 c5 01 c5 01 c5 01 c5 01 c5 01 c5 01 c5 01 c5,True,True
M,16,7014,0.5,0.85,1300.0,01 c5 01 c5 01 c5 01 c5 01 c5 01 c5 01 c5 01 c5,True,True
M,16,7014,0.6,0.65,16000.0,00 e3 21 e3 21 e0 00 e0 00 e3 21 e3 21 e0 00 e0,False,False
M,16,7014,0.6,0.75,16000.0,00 e3 21 e3 21 e0 00 e0 00 e3 21 e3 21 e0 00 e0,False,False
M,16,7014,0.6,0.85,16000.0,00 e3 21 e3 21 e0 00 e0 00 e3 21 e3 21 e0 00 e0,False,False
M,16,7015,0.2,0.65,150.0,01 c5 01 c5 01 c5 01 c5 01 c5 01 c5 01 c5 01 c5,True,True
M,16,7015,0.2,0.75,150.0,01 c5 01 c5 01 c5 01 c5 01 c5 01 c5 01 c5 01 c5,True,True
M,16,7015,0.2,0.85,150.0,01 c5 01 c5 01 c5 01 c5 01 c5 01 c5 01 c5 01 c5,True,True
M,16,7015,0.3,0.65,150.0,01 c5 01 c5 01 c5 01 c5 01 c5 01 c5 01 c5 01 c5,True,True
M,16,7015,0.3,0.75,150.0,01 c5 01 c5 01 c5 01 c5 01 c5 01 c5 01 c5 01 c5,True,True
M,16,7015,0.3,0.85,150.0,01 c5 01 c5 01 c5 01 c5 01 c5 01 c5 01 c5 01 c5,True,True
M,16,7015,0.4,0.65,150.0,01 c5 01 c5 01 c5 01 c5 01 c5 01 c5 01 c5 01 c5,True,True
M,16,7015,0.4,0.75,150.0,01 c5 01 c5 01 c5 01 c5 01 c5 01 c5 01 c5 01 c5,True,True
M,16,7015,0.4,0.85,150.0,01 c5 01 c5 01 c5 01 c5 01 c5 01 c5 01 c5 01 c5,True,True
M,16,7015,0.5,0.65,150.0,01 c5 01 c5 01 c5 01 c5 01 c5 01 c5 01 c5 01 c5,True,True
M,16,7015,0.5,0.75,150.0,01 c5 01 c5 01 c5 01 c5 01 c5 01 c5 01 c5 01 c5,True,True
M,16,7015,0.5,0.85,150.0,01 c5 01 c5 01 c5 01 c5 01 c5 01 c5 01 c5 01 c5,True,True
M,16,7015,0.6,0.65,39000.0,84 e3 21 e3 21 e0 84 e0 84 e3 21 e3 21 e0 84 e0,False,False
M,16,7015,0.6,0.75,39000.0,84 e3 21 e3 21 e0 84 e0 84 e3 21 e3 21 e0 84 e0,False,False
M,16,7015,0.6,0.85,39000.0,84 e3 21 e3 21 e0 84 e0 84 e3 21 e3 21 e0 84 e0,False,False
M,16,7016,0.2,0.65,700.0,21 e5 21 e5 21 e5 21 e5 21 e5 21 e5 21 e5 21 e5,True,True
M,16,7016,0.2,0.75,700.0,21 e5 21 e5 21 e5 21 e5 21 e5 21 e5 21 e5 21 e5,True,True
M,16,7016,0.2,0.85,700.0,21 e5 21 e5 21 e5 21 e5 21 e5 21 e5 21 e5 21 e5,True,True
M,16,7016,0.3,0.65,700.0,21 e5 21 e5 21 e5 21 e5 21 e5 21 e5 21 e5 21 e5,True,True
M,16,7016,0.3,0.75,700.0,21 e5 21 e5 21 e5 21 e5 21 e5 21 e5 21 e5 21 e5,True,True
M,16,7016,0.3,0.85,700.0,21 e5 21 e5 21 e5 21 e5 21 e5 21 e5 21 e5 21 e5,True,True
M,16,7016,0.4,0.65,700.0,21 e5 21 e5 21 e5 21 e5 21 e5 21 e5 21 e5 21 e5,True,True
M,16,7016,0.4,0.75,700.0,21 e5 21 e5 21 e5 21 e5 21 e5 21 e5 21 e5 21 e5,True,True
M,16,7016,0.4,0.85,700.0,21 e5 21 e5 21 e5 21 e5 21 e5 21 e5 21 e5 21 e5,True,True
M,16,7016,0.5,0.65,700.0,21 e5 21 e5 21 e5 21 e5 21 e5 21 e5 21 e5 21 e5,True,True
M,16,7016,0.5,0.75,700.0,21 e5 21 e5 21 e5 21 e5 21 e5 21 e5 21 e5 21 e5,True,True
M,16,7016,0.5,0.85,700.0,21 e5 21 e5 21 e5 21 e5 21 e5 21 e5 21 e5 21 e5,True,True
M,16,7016,0.6,0.65,43000.0,00 e3 21 e3 21 e0 00 e0 00 e3 21 e3 21 e0 00 e0,False,False
M,16,7016,0.6,0.75,43000.0,00 e3 21 e3 21 e0 00 e0 00 e3 21 e3 21 e0 00 e0,False,False
M,16,7016,0.6,0.85,43000.0,00 e3 21 e3 21 e0 00 e0 00 e3 21 e3 21 e0 00 e0,False,False
M,16,7017,0.2,0.65,150.0,01 c5 01 c5 01 c5 01 c5 01 c5 01 c5 01 c5 01 c5,True,True
M,16,7017,0.2,0.75,150.0,01 c5 01 c5 01 c5 01 c5 01 c5 01 c5 01 c5 01 c5,True,True
M,16,7017,0.2,0.85,150.0,01 c5 01 c5 01 c5 01 c5 01 c5 01 c5 01 c5 01 c5,True,True
M,16,7017,0.3,0.65,150.0,01 c5 01 c5 01 c5 01 c5 01 c5 01 c5 01 c5 01 c5,True,True
M,16,7017,0.3,0.75,150.0,01 c5 01 c5 01 c5 01 c5 01 c5 01 c5 01 c5 01 c5,True,True
M,16,7017,0.3,0.85,150.0,01 c5 01 c5 01 c5 01 c5 01 c5 01 c5 01 c5 01 c5,True,True
M,16,7017,0.4,0.65,150.0,01 c5 01 c5 01 c5 01 c5 01 c5 01 c5 01 c5 01 c5,True,True
M,16,7017,0.4,0.75,150.0,01 c5 01 c5 01 c5 01 c5 01 c5 01 c5 01 c5 01 c5,True,True
M,16,7017,0.4,0.85,150.0,01 c5 01 c5 01 c5 01 c5 01 c5 01 c5 01 c5 01 c5,True,True
M,16,7017,0.5,0.65,150.0,01 c5 01 c5 01 c5 01 c5 01 c5 01 c5 01 c5 01 c5,True,True
M,16,7017,0.5,0.75,150.0,01 c5 01 c5 01 c5 01 c5 01 c5 01 c5 01 c5 01 c5,True,True
M,16,7017,0.5,0.85,150.0,01 c5 01 c5 01 c5 01 c5 01 c5 01 c5 01 c5 01 c5,True,True
M,16,7017,0.6,0.65,150.0,01 c5 01 c5 01 c5 01 c5 01 c5 01 c5 01 c5 01 c5,True,True
M,16,7017,0.6,0.75,150.0,01 c5 01 c5 01 c5 01 c5 01 c5 01 c5 01 c5 01 c5,True,True
M,16,7017,0.6,0.85,150.0,01 c5 01 c5 01 c5 01 c5 01 c5 01 c5 01 c5 01 c5,True,True
M,16,7018,0.2,0.65,650.0,01 c5 01 c5 01 c5 01 c5 01 c5 01 c5 01 c5 01 c5,True,True
M,16,7018,0.2,0.75,650.0,01 c5 01 c5 01 c5 01 c5 01 c5 01 c5 01 c5 01 c5,True,True
M,16,7018,0.2,0.85,650.0,01 c5 01 c5 01 c5 01 c5 01 c5 01 c5 01 c5 01 c5,True,True
M,16,7018,0.3,0.65,650.0,01 c5 01 c5 01 c5 01 c5 01 c5 01 c5 01 c5 01 c5,True,True
M,16,7018,0.3,0.75,650.0,01 c5 01 c5 01 c5 01 c5 01 c5 01 c5 01 c5 01 c5,True,True
M,16,7018,0.3,0.85,650.0,01 c5 01 c5 01 c5 01 c5 01 c5 01 c5 01 c5 01 c5,True,True
M,16,7018,0.4,0.65,650.0,01 c5 01 c5 01 c5 01 c5 01 c5 01 c5 01 c5 01 c5,True,True
M,16,7018,0.4,0.75,650.0,01 c5 01 c5 01 c5 01 c5 01 c5 01 c5 01 c5 01 c5,True,True
M,16,7018,0.4,0.85,650.0,01 c5 01 c5 01 c5 01 c5 01 c5 01 c5 01 c5 01 c5,True,True
M,16,7018,0.5,0.65,650.0,01 c5 01 c5 01 c5 01 c5 01 c5 01 c5 01 c5 01 c5,True,True
M,16,7018,0.5,0.75,650.0,01 c5 01 c5 01 c5 01 c5 01 c5 01 c5 01 c5 01 c5,True,True
M,16,7018,0.5,0.85,650.0,01 c5 01 c5 01 c5 01 c5 01 c5 01 c5 01 c5 01 c5,True,True
M,16,7018,0.6,0.65,6500.0,21 e5 21 e5 21 e5 21 e5 21 e5 21 e5 21 e5 21 e5,True,True
M,16,7018,0.6,0.75,6500.0,21 e5 21 e5 21 e5 21 e5 21 e5 21 e5 21 e5 21 e5,True,True
M,16,7018,0.6,0.85,6500.0,21 e5 21 e5 21 e5 21 e5 21 e5 21 e5 21 e5 21 e5,True,True
M,16,7019,0.2,0.65,150.0,21 e5 21 e5 21 e5 21 e5 21 e5 21 e5 21 e5 21 e5,True,True
M,16,7019,0.2,0.75,150.0,21 e5 21 e5 21 e5 21 e5 21 e5 21 e5 21 e5 21 e5,True,True
M,16,7019,0.2,0.85,150.0,21 e5 21 e5 21 e5 21 e5 21 e5 21 e5 21 e5 21 e5,True,True
M,16,7019,0.3,0.65,150.0,21 e5 21 e5 21 e5 21 e5 21 e5 21 e5 21 e5 21 e5,True,True
M,16,7019,0.3,0.75,150.0,21 e5 21 e5 21 e5 21 e5 21 e5 21 e5 21 e5 21 e5,True,True
M,16,7019,0.3,0.85,150.0,21 e5 21 e5 21 e5 21 e5 21 e5 21 e5 21 e5 21 e5,True,True
M,16,7019,0.4,0.65,150.0,21 e5 21 e5 21 e5 21 e5 21 e5 21 e5 21 e5 21 e5,True,True
M,16,7019,0.4,0.75,150.0,21 e5 21 e5 21 e5 21 e5 21 e5 21 e5 21 e5 21 e5,True,True
M,16,7019,0.4,0.85,150.0,21 e5 21 e5 21 e5 21 e5 21 e5 21 e5 21 e5 21 e5,True,True
M,16,7019,0.5,0.65,150.0,21 e5 21 e5 21 e5 21 e5 21 e5 21 e5 21 e5 21 e5,True,True
M,16,7019,0.5,0.75,150.0,21 e5 21 e5 21 e5 21 e5 21 e5 21 e5 21 e5 21 e5,True,True
M,16,7019,0.5,0.85,150.0,21 e5 21 e5 21 e5 21 e5 21 e5 21 e5 21 e5 21 e5,True,True
M,16,7019,0.6,0.65,18500.0,00 e3 21 e3 21 e0 00 e0 00 e3 21 e3 21 e0 00 e0,False,False
M,16,7019,0.6,0.75,18500.0,00 e3 21 e3 21 e0 00 e0 00 e3 21 e3 21 e0 00 e0,False,False
M,16,7019,0.6,0.85,18500.0,00 e3 21 e3 21 e0 00 e0 00 e3 21 e3 21 e0 00 e0,False,False
M,16,7020,0.2,0.65,850.0,01 c5 01 c5 01 c5 01 c5 01 c5 01 c5 01 c5 01 c5,True,True
M,16,7020,0.2,0.75,850.0,01 c5 01 c5 01 c5 01 c5 01 c5 01 c5 01 c5 01 c5,True,True
M,16,7020,0.2,0.85,850.0,01 c5 01 c5 01 c5 01 c5 01 c5 01 c5 01 c5 01 c5,True,True
M,16,7020,0.3,0.65,850.0,01 c5 01 c5 01 c5 01 c5 01 c5 01 c5 01 c5 01 c5,True,True
M,16,7020,0.3,0.75,850.0,01 c5 01 c5 01 c5 01 c5 01 c5 01 c5 01 c5 01 c5,True,True
M,16,7020,0.3,0.85,850.0,01 c5 01 c5 01 c5 01 c5 01 c5 01 c5 01 c5 01 c5,True,True
M,16,7020,0.4,0.65,850.0,01 c5 01 c5 01 c5 01 c5 01 c5 01 c5 01 c5 01 c5,True,True
M,16,7020,0.4,0.75,850.0,01 c5 01 c5 01 c5 01 c5 01 c5 01 c5 01 c5 01 c5,True,True
M,16,7020,0.4,0.85,850.0,01 c5 01 c5 01 c5 01 c5 01 c5 01 c5 01 c5 01 c5,True,True
M,16,7020,0.5,0.65,850.0,01 c5 01 c5 01 c5 01 c5 01 c5 01 c5 01 c5 01 c5,True,True
M,16,7020,0.5,0.75,850.0,01 c5 01 c5 01 c5 01 c5 01 c5 01 c5 01 c5 01 c5,True,True
M,16,7020,0.5,0.85,850.0,01 c5 01 c5 01 c5 01 c5 01 c5 01 c5 01 c5 01 c5,True,True
M,16,7020,0.6,0.65,4450.0,28 e3 21 e3 21 e0 28 e0 28 e3 21 e3 21 e0 28 e0,False,False
M,16,7020,0.6,0.75,4450.0,28 e3 21 e3 21 e0 28 e0 28 e3 21 e3 21 e0 28 e0,False,False
M,16,7020,0.6,0.85,4450.0,28 e3 21 e3 21 e0 28 e0 28 e3 21 e3 21 e0 28 e0,False,False
M,32,7001,0.2,0.65,300.0,01 c5 01 c5 01 c5 01 c5 01 c5 01 c5 01 c5 01 c5 01 c5 01 c5 01 c5 01 c5 01 c5 01 c5 01 c5 01 c5,True,True
M,32,7001,0.2,0.75,300.0,01 c5 01 c5 01 c5 01 c5 01 c5 01 c5 01 c5 01 c5 01 c5 01 c5 01 c5 01 c5 01 c5 01 c5 01 c5 01 c5,True,True
M,32,7001,0.2,0.85,300.0,01 c5 01 c5 01 c5 01 c5 01 c5 01 c5 01 c5 01 c5 01 c5 01 c5 01 c5 01 c5 01 c5 01 c5 01 c5 01 c5,True,True
M,32,7001,0.3,0.65,300.0,01 c5 01 c5 01 c5 01 c5 01 c5 01 c5 01 c5 01 c5 01 c5 01 c5 01 c5 01 c5 01 c5 01 c5 01 c5 01 c5,True,True
M,32,7001,0.3,0.75,300.0,01 c5 01 c5 01 c5 01 c5 01 c5 01 c5 01 c5 01 c5 01 c5 01 c5 01 c5 01 c5 01 c5 01 c5 01 c5 01 c5,True,True
M,32,7001,0.3,0.85,300.0,01 c5 01 c5 01 c5 01 c5 01 c5 01 c5 01 c5 01 c5 01 c5 01 c5 01 c5 01 c5 01 c5 01 c5 01 c5 01 c5,True,True
M,32,7001,0.4,0.65,300.0,01 c5 01 c5 01 c5 01 c5 01 c5 01 c5 01 c5 01 c5 01 c5 01 c5 01 c5 01 c5 01 c5 01 c5 01 c5 01 c5,True,True
M,32,7001,0.4,0.75,300.0,01 c5 01 c5 01 c5 01 c5 01 c5 01 c5 01 c5 01 c5 01 c5 01 c5 01 c5 01 c5 01 c5 01 c5 01 c5 01 c5,True,True
M,32,7001,0.4,0.85,300.0,01 c5 01 c5 01 c5 01 c5 01 c5 01 c5 01 c5 01 c5 01 c5 01 c5 01 c5 01 c5 01 c5 01 c5 01 c5 01 c5,True,True
M,32,7001,0.5,0.65,300.0,01 c5 01 c5 01 c5 01 c5 01 c5 01 c5 01 c5 01 c5 01 c5 01 c5 01 c5 01 c5 01 c5 01 c5 01 c5 01 c5,True,True
M,32,7001,0.5,0.75,300.0,01 c5 01 c5 01 c5 01 c5 01 c5 01 c5 01 c5 01 c5 01 c5 01 c5 01 c5 01 c5 01 c5 01 c5 01 c5 01 c5,True,True
M,32,7001,0.5,0.85,300.0,01 c5 01 c5 01 c5 01 c5 01 c5 01 c5 01 c5 01 c5 01 c5 01 c5 01 c5 01 c5 01 c5 01 c5 01 c5 01 c5,True,True
M,32,7001,0.6,0.65,300.0,01 c5 01 c5 01 c5 01 c5 01 c5 01 c5 01 c5 01 c5 01 c5 01 c5 01 c5 01 c5 01 c5 01 c5 01 c5 01 c5,True,True
M,32,7001,0.6,0.75,300.0,01 c5 01 c5 01 c5 01 c5 01 c5 01 c5 01 c5 01 c5 01 c5 01 c5 01 c5 01 c5 01 c5 01 c5 01 c5 01 c5,True,True
M,32,7001,0.6,0.85,300.0,01 c5 01 c5 01 c5 01 c5 01 c5 01 c5 01 c5 01 c5 01 c5 01 c5 01 c5 01 c5 01 c5 01 c5 01 c5 01 c5,True,True
M,32,7002,0.2,0.65,800.0,01 c5 01 c5 01 c5 01 c5 01 c5 01 c5 01 c5 01 c5 01 c5 01 c5 01 c5 01 c5 01 c5 01 c5 01 c5 01 c5,True,True
M,32,7002,0.2,0.75,800.0,01 c5 01 c5 01 c5 01 c5 01 c5 01 c5 01 c5 01 c5 01 c5 01 c5 01 c5 01 c5 01 c5 01 c5 01 c5 01 c5,True,True
M,32,7002,0.2,0.85,800.0,01 c5 01 c5 01 c5 01 c5 01 c5 01 c5 01 c5 01 c5 01 c5 01 c5 01 c5 01 c5 01 c5 01 c5 01 c5 01 c5,True,True
M,32,7002,0.3,0.65,800.0,01 c5 01 c5 01 c5 01 c5 01 c5 01 c5 01 c5 01 c5 01 c5 01 c5 01 c5 01 c5 01 c5 01 c5 01 c5 01 c5,True,True
M,32,7002,0.3,0.75,800.0,01 c5 01 c5 01 c5 01 c5 01 c5 01 c5 01 c5 01 c5 01 c5 01 c5 01 c5 01 c5 01 c5 01 c5 01 c5 01 c5,True,True
M,32,7002,0.3,0.85,800.0,01 c5 01 c5 01 c5 01 c5 01 c5 01 c5 01 c5 01 c5 01 c5 01 c5 01 c5 01 c5 01 c5 01 c5 01 c5 01 c5,True,True
M,32,7002,0.4,0.65,800.0,01 c5 01 c5 01 c5 01 c5 01 c5 01 c5 01 c5 01 c5 01 c5 01 c5 01 c5 01 c5 01 c5 01 c5 01 c5 01 c5,True,True
M,32,7002,0.4,0.75,800.0,01 c5 01 c5 01 c5 01 c5 01 c5 01 c5 01 c5 01 c5 01 c5 01 c5 01 c5 01 c5 01 c5 01 c5 01 c5 01 c5,True,True
M,32,7002,0.4,0.85,800.0,01 c5 01 c5 01 c5 01 c5 01 c5 01 c5 01 c5 01 c5 01 c5 01 c5 01 c5 01 c5 01 c5 01 c5 01 c5 01 c5,True,True
M,32,7002,0.5,0.65,800.0,01 c5 01 c5 01 c5 01 c5 01 c5 01 c5 01 c5 01 c5 01 c5 01 c5 01 c5 01 c5 01 c5 01 c5 01 c5 01 c5,True,True
M,32,7002,0.5,0.75,800.0,01 c5 01 c5 01 c5 01 c5 01 c5 01 c5 01 c5 01 c5 01 c5 01 c5 01 c5 01 c5 01 c5 01 c5 01 c5 01 c5,True,True
M,32,7002,0.5,0.85,800.0,01 c5 01 c5 01 c5 01 c5 01 c5 01 c5 01 c5 01 c5 01 c5 01 c5 01 c5 01 c5 01 c5 01 c5 01 c5 01 c5,True,True
M,32,7002,0.6,0.65,800.0,01 c5 01 c5 01 c5 01 c5 01 c5 01 c5 01 c5 01 c5 01 c5 01 c5 01 c5 01 c5 01 c5 01 c5 01 c5 01 c5,True,True
M,32,7002,0.6,0.75,800.0,01 c5 01 c5 01 c5 01 c5 01 c5 01 c5 01 c5 01 c5 01 c5 01 c5 01 c5 01 c5 01 c5 01 c5 01 c5 01 c5,True,True
M,32,7002,0.6,0.85,800.0,01 c5 01 c5 01 c5 01 c5 01 c5 01 c5 01 c5 01 c5 01 c5 01 c5 01 c5 01 c5 01 c5 01 c5 01 c5 01 c5,True,True
M,32,7003,0.2,0.65,250.0,01 c5 01 c5 01 c5 01 c5 01 c5 01 c5 01 c5 01 c5 01 c5 01 c5 01 c5 01 c5 01 c5 01 c5 01 c5 01 c5,True,True
M,32,7003,0.2,0.75,250.0,01 c5 01 c5 01 c5 01 c5 01 c5 01 c5 01 c5 01 c5 01 c5 01 c5 01 c5 01 c5 01 c5 01 c5 01 c5 01 c5,True,True
M,32,7003,0.2,0.85,250.0,01 c5 01 c5 01 c5 01 c5 01 c5 01 c5 01 c5 01 c5 01 c5 01 c5 01 c5 01 c5 01 c5 01 c5 01 c5 01 c5,True,True
M,32,7003,0.3,0.65,250.0,01 c5 01 c5 01 c5 01 c5 01 c5 01 c5 01 c5 01 c5 01 c5 01 c5 01 c5 01 c5 01 c5 01 c5 01 c5 01 c5,True,True
M,32,7003,0.3,0.75,250.0,01 c5 01 c5 01 c5 01 c5 01 c5 01 c5 01 c5 01 c5 01 c5 01 c5 01 c5 01 c5 01 c5 01 c5 01 c5 01 c5,True,True
M,32,7003,0.3,0.85,250.0,01 c5 01 c5 01 c5 01 c5 01 c5 01 c5 01 c5 01 c5 01 c5 01 c5 01 c5 01 c5 01 c5 01 c5 01 c5 01 c5,True,True
M,32,7003,0.4,0.65,250.0,01 c5 01 c5 01 c5 01 c5 01 c5 01 c5 01 c5 01 c5 01 c5 01 c5 01 c5 01 c5 01 c5 01 c5 01 c5 01 c5,True,True
M,32,7003,0.4,0.75,250.0,01 c5 01 c5 01 c5 01 c5 01 c5 01 c5 01 c5 01 c5 01 c5 01 c5 01 c5 01 c5 01 c5 01 c5 01 c5 01 c5,True,True
M,32,7003,0.4,0.85,250.0,01 c5 01 c5 01 c5 01 c5 01 c5 01 c5 01 c5 01 c5 01 c5 01 c5 01 c5 01 c5 01 c5 01 c5 01 c5 01 c5,True,True
M,32,7003,0.5,0.65,250.0,01 c5 01 c5 01 c5 01 c5 01 c5 01 c5 01 c5 01 c5 01 c5 01 c5 01 c5 01 c5 01 c5 01 c5 01 c5 01 c5,True,True
M,32,7003,0.5,0.75,250.0,01 c5 01 c5 01 c5 01 c5 01 c5 01 c5 01 c5 01 c5 01 c5 01 c5 01 c5 01 c5 01 c5 01 c5 01 c5 01 c5,True,True
M,32,7003,0.5,0.85,250.0,01 c5 01 c5 01 c5 01 c5 01 c5 01 c5 01 c5 01 c5 01 c5 01 c5 01 c5 01 c5 01 c5 01 c5 01 c5 01 c5,True,True
M,32,7003,0.6,0.65,250.0,01 c5 01 c5 01 c5 01 c5 01 c5 01 c5 01 c5 01 c5 01 c5 01 c5 01 c5 01 c5 01 c5 01 c5 01 c5 01 c5,True,True
M,32,7003,0.6,0.75,250.0,01 c5 01 c5 01 c5 01 c5 01 c5 01 c5 01 c5 01 c5 01 c5 01 c5 01 c5 01 c5 01 c5 01 c5 01 c5 01 c5,True,True
M,32,7003,0.6,0.85,250.0,01 c5 01 c5 01 c5 01 c5 01 c5 01 c5 01 c5 01 c5 01 c5 01 c5 01 c5 01 c5 01 c5 01 c5 01 c5 01 c5,True,True
M,32,7004,0.2,0.65,2700.0,01 c5 01 c5 01 c5 01 c5 01 c5 01 c5 01 c5 01 c5 01 c5 01 c5 01 c5 01 c5 01 c5 01 c5 01 c5 01 c5,True,True
M,32,7004,0.2,0.75,2700.0,01 c5 01 c5 01 c5 01 c5 01 c5 01 c5 01 c5 01 c5 01 c5 01 c5 01 c5 01 c5 01 c5 01 c5 01 c5 01 c5,True,True
M,32,7004,0.2,0.85,2700.0,01 c5 01 c5 01 c5 01 c5 01 c5 01 c5 01 c5 01 c5 01 c5 01 c5 01 c5 01 c5 01 c5 01 c5 01 c5 01 c5,True,True
M,32,7004,0.3,0.65,2700.0,01 c5 01 c5 01 c5 01 c5 01 c5 01 c5 01 c5 01 c5 01 c5 01 c5 01 c5 01 c5 01 c5 01 c5 01 c5 01 c5,True,True
M,32,7004,0.3,0.75,2700.0,01 c5 01 c5 01 c5 01 c5 01 c5 01 c5 01 c5 01 c5 01 c5 01 c5 01 c5 01 c5 01 c5 01 c5 01 c5 01 c5,True,True
M,32,7004,0.3,0.85,2700.0,01 c5 01 c5 01 c5 01 c5 01 c5 01 c5 01 c5 01 c5 01 c5 01 c5 01 c5 01 c5 01 c5 01 c5 01 c5 01 c5,True,True
M,32,7004,0.4,0.65,2700.0,01 c5 01 c5 01 c5 01 c5 01 c5 01 c5 01 c5 01 c5 01 c5 01 c5 01 c5 01 c5 01 c5 01 c5 01 c5 01 c5,True,True
M,32,7004,0.4,0.75,2700.0,01 c5 01 c5 01 c5 01 c5 01 c5 01 c5 01 c5 01 c5 01 c5 01 c5 01 c5 01 c5 01 c5 01 c5 01 c5 01 c5,True,True
M,32,7004,0.4,0.85,2700.0,01 c5 01 c5 01 c5 01 c5 01 c5 01 c5 01 c5 01 c5 01 c5 01 c5 01 c5 01 c5 01 c5 01 c5 01 c5 01 c5,True,True
M,32,7004,0.5,0.65,2700.0,01 c5 01 c5 01 c5 01 c5 01 c5 01 c5 01 c5 01 c5 01 c5 01 c5 01 c5 01 c5 01 c5 01 c5 01 c5 01 c5,True,True
M,32,7004,0.5,0.75,2700.0,01 c5 01 c5 01 c5 01 c5 01 c5 01 c5 01 c5 01 c5 01 c5 01 c5 01 c5 01 c5 01 c5 01 c5 01 c5 01 c5,True,True
M,32,7004,0.5,0.85,2700.0,01 c5 01 c5 01 c5 01 c5 01 c5 01 c5 01 c5 01 c5 01 c5 01 c5 01 c5 01 c5 01 c5 01 c5 01 c5 01 c5,True,True
M,32,7004,0.6,0.65,2700.0,01 c5 01 c5 01 c5 01 c5 01 c5 01 c5 01 c5 01 c5 01 c5 01 c5 01 c5 01 c5 01 c5 01 c5 01 c5 01 c5,True,True
M,32,7004,0.6,0.75,2700.0,01 c5 01 c5 01 c5 01 c5 01 c5 01 c5 01 c5 01 c5 01 c5 01 c5 01 c5 01 c5 01 c5 01 c5 01 c5 01 c5,True,True
M,32,7004,0.6,0.85,2700.0,01 c5 01 c5 01 c5 01 c5 01 c5 01 c5 01 c5 01 c5 01 c5 01 c5 01 c5 01 c5 01 c5 01 c5 01 c5 01 c5,True,True
M,32,7005,0.2,0.65,300.0,11 d5 11 d5 11 d5 11 d5 11 d5 11 d5 11 d5 11 d5 11 d5 11 d5 11 d5 11 d5 11 d5 11 d5 11 d5 11 d5,True,True
M,32,7005,0.2,0.75,300.0,11 d5 11 d5 11 d5 11 d5 11 d5 11 d5 11 d5 11 d5 11 d5 11 d5 11 d5 11 d5 11 d5 11 d5 11 d5 11 d5,True,True
M,32,7005,0.2,0.85,300.0,11 d5 11 d5 11 d5 11 d5 11 d5 11 d5 11 d5 11 d5 11 d5 11 d5 11 d5 11 d5 11 d5 11 d5 11 d5 11 d5,True,True
M,32,7005,0.3,0.65,300.0,11 d5 11 d5 11 d5 11 d5 11 d5 11 d5 11 d5 11 d5 11 d5 11 d5 11 d5 11 d5 11 d5 11 d5 11 d5 11 d5,True,True
M,32,7005,0.3,0.75,300.0,11 d5 11 d5 11 d5 11 d5 11 d5 11 d5 11 d5 11 d5 11 d5 11 d5 11 d5 11 d5 11 d5 11 d5 11 d5 11 d5,True,True
M,32,7005,0.3,0.85,300.0,11 d5 11 d5 11 d5 11 d5 11 d5 11 d5 11 d5 11 d5 11 d5 11 d5 11 d5 11 d5 11 d5 11 d5 11 d5 11 d5,True,True
M,32,7005,0.4,0.65,300.0,11 d5 11 d5 11 d5 11 d5 11 d5 11 d5 11 d5 11 d5 11 d5 11 d5 11 d5 11 d5 11 d5 11 d5 11 d5 11 d5,True,True
M,32,7005,0.4,0.75,300.0,11 d5 11 d5 11 d5 11 d5 11 d5 11 d5 11 d5 11 d5 11 d5 11 d5 11 d5 11 d5 11 d5 11 d5 11 d5 11 d5,True,True
M,32,7005,0.4,0.85,300.0,11 d5 11 d5 11 d5 11 d5 11 d5 11 d5 11 d5 11 d5 11 d5 11 d5 11 d5 11 d5 11 d5 11 d5 11 d5 11 d5,True,True
M,32,7005,0.5,0.65,300.0,11 d5 11 d5 11 d5 11 d5 11 d5 11 d5 11 d5 11 d5 11 d5 11 d5 11 d5 11 d5 11 d5 11 d5 11 d5 11 d5,True,True
M,32,7005,0.5,0.75,300.0,11 d5 11 d5 11 d5 11 d5 11 d5 11 d5 11 d5 11 d5 11 d5 11 d5 11 d5 11 d5 11 d5 11 d5 11 d5 11 d5,True,True
M,32,7005,0.5,0.85,300.0,11 d5 11 d5 11 d5 11 d5 11 d5 11 d5 11 d5 11 d5 11 d5 11 d5 11 d5 11 d5 11 d5 11 d5 11 d5 11 d5,True,True
M,32,7005,0.6,0.65,300.0,11 d5 11 d5 11 d5 11 d5 11 d5 11 d5 11 d5 11 d5 11 d5 11 d5 11 d5 11 d5 11 d5 11 d5 11 d5 11 d5,True,True
M,32,7005,0.6,0.75,300.0,11 d5 11 d5 11 d5 11 d5 11 d5 11 d5 11 d5 11 d5 11 d5 11 d5 11 d5 11 d5 11 d5 11 d5 11 d5 11 d5,True,True
M,32,7005,0.6,0.85,300.0,11 d5 11 d5 11 d5 11 d5 11 d5 11 d5 11 d5 11 d5 11 d5 11 d5 11 d5 11 d5 11 d5 11 d5 11 d5 11 d5,True,True
M,32,7006,0.2,0.65,450.0,21 e5 21 e5 21 e5 21 e5 21 e5 21 e5 21 e5 21 e5 21 e5 21 e5 21 e5 21 e5 21 e5 21 e5 21 e5 21 e5,True,True
M,32,7006,0.2,0.75,450.0,21 e5 21 e5 21 e5 21 e5 21 e5 21 e5 21 e5 21 e5 21 e5 21 e5 21 e5 21 e5 21 e5 21 e5 21 e5 21 e5,True,True
M,32,7006,0.2,0.85,450.0,21 e5 21 e5 21 e5 21 e5 21 e5 21 e5 21 e5 21 e5 21 e5 21 e5 21 e5 21 e5 21 e5 21 e5 21 e5 21 e5,True,True
M,32,7006,0.3,0.65,450.0,21 e5 21 e5 21 e5 21 e5 21 e5 21 e5 21 e5 21 e5 21 e5 21 e5 21 e5 21 e5 21 e5 21 e5 21 e5 21 e5,True,True
M,32,7006,0.3,0.75,450.0,21 e5 21 e5 21 e5 21 e5 21 e5 21 e5 21 e5 21 e5 21 e5 21 e5 21 e5 21 e5 21 e5 21 e5 21 e5 21 e5,True,True
M,32,7006,0.3,0.85,450.0,21 e5 21 e5 21 e5 21 e5 21 e5 21 e5 21 e5 21 e5 21 e5 21 e5 21 e5 21 e5 21 e5 21 e5 21 e5 21 e5,True,True
M,32,7006,0.4,0.65,450.0,21 e5 21 e5 21 e5 21 e5 21 e5 21 e5 21 e5 21 e5 21 e5 21 e5 21 e5 21 e5 21 e5 21 e5 21 e5 21 e5,True,True
M,32,7006,0.4,0.75,450.0,21 e5 21 e5 21 e5 21 e5 21 e5 21 e5 21 e5 21 e5 21 e5 21 e5 21 e5 21 e5 21 e5 21 e5 21 e5 21 e5,True,True
M,32,7006,0.4,0.85,450.0,21 e5 21 e5 21 e5 21 e5 21 e5 21 e5 21 e5 21 e5 21 e5 21 e5 21 e5 21 e5 21 e5 21 e5 21 e5 21 e5,True,True
M,32,7006,0.5,0.65,450.0,21 e5 21 e5 21 e5 21 e5 21 e5 21 e5 21 e5 21 e5 21 e5 21 e5 21 e5 21 e5 21 e5 21 e5 21 e5 21 e5,True,True
M,32,7006,0.5,0.75,450.0,21 e5 21 e5 21 e5 21 e5 21 e5 21 e5 21 e5 21 e5 21 e5 21 e5 21 e5 21 e5 21 e5 21 e5 21 e5 21 e5,True,True
M,32,7006,0.5,0.85,450.0,21 e5 21 e5 21 e5 21 e5 21 e5 21 e5 21 e5 21 e5 21 e5 21 e5 21 e5 21 e5 21 e5 21 e5 21 e5 21 e5,True,True
M,32,7006,0.6,0.65,800.0,11 d5 11 d5 11 d5 11 d5 11 d5 11 d5 11 d5 11 d5 11 d5 11 d5 11 d5 11 d5 11 d5 11 d5 11 d5 11 d5,True,True
M,32,7006,0.6,0.75,800.0,11 d5 11 d5 11 d5 11 d5 11 d5 11 d5 11 d5 11 d5 11 d5 11 d5 11 d5 11 d5 11 d5 11 d5 11 d5 11 d5,True,True
M,32,7006,0.6,0.85,800.0,11 d5 11 d5 11 d5 11 d5 11 d5 11 d5 11 d5 11 d5 11 d5 11 d5 11 d5 11 d5 11 d5 11 d5 11 d5 11 d5,True,True
M,32,7007,0.2,0.65,300.0,01 c5 01 c5 01 c5 01 c5 01 c5 01 c5 01 c5 01 c5 01 c5 01 c5 01 c5 01 c5 01 c5 01 c5 01 c5 01 c5,True,True
M,32,7007,0.2,0.75,300.0,01 c5 01 c5 01 c5 01 c5 01 c5 01 c5 01 c5 01 c5 01 c5 01 c5 01 c5 01 c5 01 c5 01 c5 01 c5 01 c5,True,True
M,32,7007,0.2,0.85,300.0,01 c5 01 c5 01 c5 01 c5 01 c5 01 c5 01 c5 01 c5 01 c5 01 c5 01 c5 01 c5 01 c5 01 c5 01 c5 01 c5,True,True
M,32,7007,0.3,0.65,300.0,01 c5 01 c5 01 c5 01 c5 01 c5 01 c5 01 c5 01 c5 01 c5 01 c5 01 c5 01 c5 01 c5 01 c5 01 c5 01 c5,True,True
M,32,7007,0.3,0.75,300.0,01 c5 01 c5 01 c5 01 c5 01 c5 01 c5 01 c5 01 c5 01 c5 01 c5 01 c5 01 c5 01 c5 01 c5 01 c5 01 c5,True,True
M,32,7007,0.3,0.85,300.0,01 c5 01 c5 01 c5 01 c5 01 c5 01 c5 01 c5 01 c5 01 c5 01 c5 01 c5 01 c5 01 c5 01 c5 01 c5 01 c5,True,True
M,32,7007,0.4,0.65,300.0,01 c5 01 c5 01 c5 01 c5 01 c5 01 c5 01 c5 01 c5 01 c5 01 c5 01 c5 01 c5 01 c5 01 c5 01 c5 01 c5,True,True
M,32,7007,0.4,0.75,300.0,01 c5 01 c5 01 c5 01 c5 01 c5 01 c5 01 c5 01 c5 01 c5 01 c5 01 c5 01 c5 01 c5 01 c5 01 c5 01 c5,True,True
M,32,7007,0.4,0.85,300.0,01 c5 01 c5 01 c5 01 c5 01 c5 01 c5 01 c5 01 c5 01 c5 01 c5 01 c5 01 c5 01 c5 01 c5 01 c5 01 c5,True,True
M,32,7007,0.5,0.65,300.0,01 c5 01 c5 01 c5 01 c5 01 c5 01 c5 01 c5 01 c5 01 c5 01 c5 01 c5 01 c5 01 c5 01 c5 01 c5 01 c5,True,True
M,32,7007,0.5,0.75,300.0,01 c5 01 c5 01 c5 01 c5 01 c5 01 c5 01 c5 01 c5 01 c5 01 c5 01 c5 01 c5 01 c5 01 c5 01 c5 01 c5,True,True
M,32,7007,0.5,0.85,300.0,01 c5 01 c5 01 c5 01 c5 01 c5 01 c5 01 c5 01 c5 01 c5 01 c5 01 c5 01 c5 01 c5 01 c5 01 c5 01 c5,True,True
M,32,7007,0.6,0.65,300.0,01 c5 01 c5 01 c5 01 c5 01 c5 01 c5 01 c5 01 c5 01 c5 01 c5 01 c5 01 c5 01 c5 01 c5 01 c5 01 c5,True,True
M,32,7007,0.6,0.75,300.0,01 c5 01 c5 01 c5 01 c5 01 c5 01 c5 01 c5 01 c5 01 c5 01 c5 01 c5 01 c5 01 c5 01 c5 01 c5 01 c5,True,True
M,32,7007,0.6,0.85,300.0,01 c5 01 c5 01 c5 01 c5 01 c5 01 c5 01 c5 01 c5 01 c5 01 c5 01 c5 01 c5 01 c5 01 c5 01 c5 01 c5,True,True
M,32,7008,0.2,0.65,250.0,01 c5 01 c5 01 c5 01 c5 01 c5 01 c5 01 c5 01 c5 01 c5 01 c5 01 c5 01 c5 01 c5 01 c5 01 c5 01 c5,True,True
M,32,7008,0.2,0.75,250.0,01 c5 01 c5 01 c5 01 c5 01 c5 01 c5 01 c5 01 c5 01 c5 01 c5 01 c5 01 c5 01 c5 01 c5 01 c5 01 c5,True,True
M,32,7008,0.2,0.85,250.0,01 c5 01 c5 01 c5 01 c5 01 c5 01 c5 01 c5 01 c5 01 c5 01 c5 01 c5 01 c5 01 c5 01 c5 01 c5 01 c5,True,True
M,32,7008,0.3,0.65,250.0,01 c5 01 c5 01 c5 01 c5 01 c5 01 c5 01 c5 01 c5 01 c5 01 c5 01 c5 01 c5 01 c5 01 c5 01 c5 01 c5,True,True
M,32,7008,0.3,0.75,250.0,01 c5 01 c5 01 c5 01 c5 01 c5 01 c5 01 c5 01 c5 01 c5 01 c5 01 c5 01 c5 01 c5 01 c5 01 c5 01 c5,True,True
M,32,7008,0.3,0.85,250.0,01 c5 01 c5 01 c5 01 c5 01 c5 01 c5 01 c5 01 c5 01 c5 01 c5 01 c5 01 c5 01 c5 01 c5 01 c5 01 c5,True,True
M,32,7008,0.4,0.65,250.0,01 c5 01 c5 01 c5 01 c5 01 c5 01 c5 01 c5 01 c5 01 c5 01 c5 01 c5 01 c5 01 c5 01 c5 01 c5 01 c5,True,True
M,32,7008,0.4,0.75,250.0,01 c5 01 c5 01 c5 01 c5 01 c5 01 c5 01 c5 01 c5 01 c5 01 c5 01 c5 01 c5 01 c5 01 c5 01 c5 01 c5,True,True
M,32,7008,0.4,0.85,250.0,01 c5 01 c5 01 c5 01 c5 01 c5 01 c5 01 c5 01 c5 01 c5 01 c5 01 c5 01 c5 01 c5 01 c5 01 c5 01 c5,True,True
M,32,7008,0.5,0.65,250.0,01 c5 01 c5 01 c5 01 c5 01 c5 01 c5 01 c5 01 c5 01 c5 01 c5 01 c5 01 c5 01 c5 01 c5 01 c5 01 c5,True,True
M,32,7008,0.5,0.75,250.0,01 c5 01 c5 01 c5 01 c5 01 c5 01 c5 01 c5 01 c5 01 c5 01 c5 01 c5 01 c5 01 c5 01 c5 01 c5 01 c5,True,True
M,32,7008,0.5,0.85,250.0,01 c5 01 c5 01 c5 01 c5 01 c5 01 c5 01 c5 01 c5 01 c5 01 c5 01 c5 01 c5 01 c5 01 c5 01 c5 01 c5,True,True
M,32,7008,0.6,0.65,250.0,01 c5 01 c5 01 c5 01 c5 01 c5 01 c5 01 c5 01 c5 01 c5 01 c5 01 c5 01 c5 01 c5 01 c5 01 c5 01 c5,True,True
M,32,7008,0.6,0.75,250.0,01 c5 01 c5 01 c5 01 c5 01 c5 01 c5 01 c5 01 c5 01 c5 01 c5 01 c5 01 c5 01 c5 01 c5 01 c5 01 c5,True,True
M,32,7008,0.6,0.85,250.0,01 c5 01 c5 01 c5 01 c5 01 c5 01 c5 01 c5 01 c5 01 c5 01 c5 01 c5 01 c5 01 c5 01 c5 01 c5 01 c5,True,True
M,32,7009,0.2,0.65,250.0,01 c5 01 c5 01 c5 01 c5 01 c5 01 c5 01 c5 01 c5 01 c5 01 c5 01 c5 01 c5 01 c5 01 c5 01 c5 01 c5,True,True
M,32,7009,0.2,0.75,250.0,01 c5 01 c5 01 c5 01 c5 01 c5 01 c5 01 c5 01 c5 01 c5 01 c5 01 c5 01 c5 01 c5 01 c5 01 c5 01 c5,True,True
M,32,7009,0.2,0.85,250.0,01 c5 01 c5 01 c5 01 c5 01 c5 01 c5 01 c5 01 c5 01 c5 01 c5 01 c5 01 c5 01 c5 01 c5 01 c5 01 c5,True,True
M,32,7009,0.3,0.65,250.0,01 c5 01 c5 01 c5 01 c5 01 c5 01 c5 01 c5 01 c5 01 c5 01 c5 01 c5 01 c5 01 c5 01 c5 01 c5 01 c5,True,True
M,32,7009,0.3,0.75,250.0,01 c5 01 c5 01 c5 01 c5 01 c5 01 c5 01 c5 01 c5 01 c5 01 c5 01 c5 01 c5 01 c5 01 c5 01 c5 01 c5,True,True
M,32,7009,0.3,0.85,250.0,01 c5 01 c5 01 c5 01 c5 01 c5 01 c5 01 c5 01 c5 01 c5 01 c5 01 c5 01 c5 01 c5 01 c5 01 c5 01 c5,True,True
M,32,7009,0.4,0.65,250.0,01 c5 01 c5 01 c5 01 c5 01 c5 01 c5 01 c5 01 c5 01 c5 01 c5 01 c5 01 c5 01 c5 01 c5 01 c5 01 c5,True,True
M,32,7009,0.4,0.75,250.0,01 c5 01 c5 01 c5 01 c5 01 c5 01 c5 01 c5 01 c5 01 c5 01 c5 01 c5 01 c5 01 c5 01 c5 01 c5 01 c5,True,True
M,32,7009,0.4,0.85,250.0,01 c5 01 c5 01 c5 01 c5 01 c5 01 c5 01 c5 01 c5 01 c5 01 c5 01 c5 01 c5 01 c5 01 c5 01 c5 01 c5,True,True
M,32,7009,0.5,0.65,250.0,01 c5 01 c5 01 c5 01 c5 01 c5 01 c5 01 c5 01 c5 01 c5 01 c5 01 c5 01 c5 01 c5 01 c5 01 c5 01 c5,True,True
M,32,7009,0.5,0.75,250.0,01 c5 01 c5 01 c5 01 c5 01 c5 01 c5 01 c5 01 c5 01 c5 01 c5 01 c5 01 c5 01 c5 01 c5 01 c5 01 c5,True,True
M,32,7009,0.5,0.85,250.0,01 c5 01 c5 01 c5 01 c5 01 c5 01 c5 01 c5 01 c5 01 c5 01 c5 01 c5 01 c5 01 c5 01 c5 01 c5 01 c5,True,True
M,32,7009,0.6,0.65,250.0,01 c5 01 c5 01 c5 01 c5 01 c5 01 c5 01 c5 01 c5 01 c5 01 c5 01 c5 01 c5 01 c5 01 c5 01 c5 01 c5,True,True
M,32,7009,0.6,0.75,250.0,01 c5 01 c5 01 c5 01 c5 01 c5 01 c5 01 c5 01 c5 01 c5 01 c5 01 c5 01 c5 01 c5 01 c5 01 c5 01 c5,True,True
M,32,7009,0.6,0.85,250.0,01 c5 01 c5 01 c5 01 c5 01 c5 01 c5 01 c5 01 c5 01 c5 01 c5 01 c5 01 c5 01 c5 01 c5 01 c5 01 c5,True,True
M,32,7010,0.2,0.65,1350.0,11 d5 11 d5 11 d5 11 d5 11 d5 11 d5 11 d5 11 d5 11 d5 11 d5 11 d5 11 d5 11 d5 11 d5 11 d5 11 d5,True,True
M,32,7010,0.2,0.75,1350.0,11 d5 11 d5 11 d5 11 d5 11 d5 11 d5 11 d5 11 d5 11 d5 11 d5 11 d5 11 d5 11 d5 11 d5 11 d5 11 d5,True,True
M,32,7010,0.2,0.85,1350.0,11 d5 11 d5 11 d5 11 d5 11 d5 11 d5 11 d5 11 d5 11 d5 11 d5 11 d5 11 d5 11 d5 11 d5 11 d5 11 d5,True,True
M,32,7010,0.3,0.65,1350.0,11 d5 11 d5 11 d5 11 d5 11 d5 11 d5 11 d5 11 d5 11 d5 11 d5 11 d5 11 d5 11 d5 11 d5 11 d5 11 d5,True,True
M,32,7010,0.3,0.75,1350.0,11 d5 11 d5 11 d5 11 d5 11 d5 11 d5 11 d5 11 d5 11 d5 11 d5 11 d5 11 d5 11 d5 11 d5 11 d5 11 d5,True,True
M,32,7010,0.3,0.85,1350.0,11 d5 11 d5 11 d5 11 d5 11 d5 11 d5 11 d5 11 d5 11 d5 11 d5 11 d5 11 d5 11 d5 11 d5 11 d5 11 d5,True,True
M,32,7010,0.4,0.65,1350.0,11 d5 11 d5 11 d5 11 d5 11 d5 11 d5 11 d5 11 d5 11 d5 11 d5 11 d5 11 d5 11 d5 11 d5 11 d5 11 d5,True,True
M,32,7010,0.4,0.75,1350.0,11 d5 11 d5 11 d5 11 d5 11 d5 11 d5 11 d5 11 d5 11 d5 11 d5 11 d5 11 d5 11 d5 11 d5 11 d5 11 d5,True,True
M,32,7010,0.4,0.85,1350.0,11 d5 11 d5 11 d5 11 d5 11 d5 11 d5 11 d5 11 d5 11 d5 11 d5 11 d5 11 d5 11 d5 11 d5 11 d5 11 d5,True,True
M,32,7010,0.5,0.65,1350.0,11 d5 11 d5 11 d5 11 d5 11 d5 11 d5 11 d5 11 d5 11 d5 11 d5 11 d5 11 d5 11 d5 11 d5 11 d5 11 d5,True,True
M,32,7010,0.5,0.75,1350.0,11 d5 11 d5 11 d5 11 d5 11 d5 11 d5 11 d5 11 d5 11 d5 11 d5 11 d5 11 d5 11 d5 11 d5 11 d5 11 d5,True,True
M,32,7010,0.5,0.85,1350.0,11 d5 11 d5 11 d5 11 d5 11 d5 11 d5 11 d5 11 d5 11 d5 11 d5 11 d5 11 d5 11 d5 11 d5 11 d5 11 d5,True,True
M,32,7010,0.6,0.65,1350.0,11 d5 11 d5 11 d5 11 d5 11 d5 11 d5 11 d5 11 d5 11 d5 11 d5 11 d5 11 d5 11 d5 11 d5 11 d5 11 d5,True,True
M,32,7010,0.6,0.75,1350.0,11 d5 11 d5 11 d5 11 d5 11 d5 11 d5 11 d5 11 d5 11 d5 11 d5 11 d5 11 d5 11 d5 11 d5 11 d5 11 d5,True,True
M,32,7010,0.6,0.85,1350.0,11 d5 11 d5 11 d5 11 d5 11 d5 11 d5 11 d5 11 d5 11 d5 11 d5 11 d5 11 d5 11 d5 11 d5 11 d5 11 d5,True,True
M,32,7011,0.2,0.65,1200.0,01 c5 01 c5 01 c5 01 c5 01 c5 01 c5 01 c5 01 c5 01 c5 01 c5 01 c5 01 c5 01 c5 01 c5 01 c5 01 c5,True,True
M,32,7011,0.2,0.75,1200.0,01 c5 01 c5 01 c5 01 c5 01 c5 01 c5 01 c5 01 c5 01 c5 01 c5 01 c5 01 c5 01 c5 01 c5 01 c5 01 c5,True,True
M,32,7011,0.2,0.85,1200.0,01 c5 01 c5 01 c5 01 c5 01 c5 01 c5 01 c5 01 c5 01 c5 01 c5 01 c5 01 c5 01 c5 01 c5 01 c5 01 c5,True,True
M,32,7011,0.3,0.65,1200.0,01 c5 01 c5 01 c5 01 c5 01 c5 01 c5 01 c5 01 c5 01 c5 01 c5 01 c5 01 c5 01 c5 01 c5 01 c5 01 c5,True,True
M,32,7011,0.3,0.75,1200.0,01 c5 01 c5 01 c5 01 c5 01 c5 01 c5 01 c5 01 c5 01 c5 01 c5 01 c5 01 c5 01 c5 01 c5 01 c5 01 c5,True,True
M,32,7011,0.3,0.85,1200.0,01 c5 01 c5 01 c5 01 c5 01 c5 01 c5 01 c5 01 c5 01 c5 01 c5 01 c5 01 c5 01 c5 01 c5 01 c5 01 c5,True,True
M,32,7011,0.4,0.65,1200.0,01 c5 01 c5 01 c5 01 c5 01 c5 01 c5 01 c5 01 c5 01 c5 01 c5 01 c5 01 c5 01 c5 01 c5 01 c5 01 c5,True,True
M,32,7011,0.4,0.75,1200.0,01 c5 01 c5 01 c5 01 c5 01 c5 01 c5 01 c5 01 c5 01 c5 01 c5 01 c5 01 c5 01 c5 01 c5 01 c5 01 c5,True,True
M,32,7011,0.4,0.85,1200.0,01 c5 01 c5 01 c5 01 c5 01 c5 01 c5 01 c5 01 c5 01 c5 01 c5 01 c5 01 c5 01 c5 01 c5 01 c5 01 c5,True,True
M,32,7011,0.5,0.65,1200.0,01 c5 01 c5 01 c5 01 c5 01 c5 01 c5 01 c5 01 c5 01 c5 01 c5 01 c5 01 c5 01 c5 01 c5 01 c5 01 c5,True,True
M,32,7011,0.5,0.75,1200.0,01 c5 01 c5 01 c5 01 c5 01 c5 01 c5 01 c5 01 c5 01 c5 01 c5 01 c5 01 c5 01 c5 01 c5 01 c5 01 c5,True,True
M,32,7011,0.5,0.85,1200.0,01 c5 01 c5 01 c5 01 c5 01 c5 01 c5 01 c5 01 c5 01 c5 01 c5 01 c5 01 c5 01 c5 01 c5 01 c5 01 c5,True,True
M,32,7011,0.6,0.65,1200.0,01 c5 01 c5 01 c5 01 c5 01 c5 01 c5 01 c5 01 c5 01 c5 01 c5 01 c5 01 c5 01 c5 01 c5 01 c5 01 c5,True,True
M,32,7011,0.6,0.75,1200.0,01 c5 01 c5 01 c5 01 c5 01 c5 01 c5 01 c5 01 c5 01 c5 01 c5 01 c5 01 c5 01 c5 01 c5 01 c5 01 c5,True,True
M,32,7011,0.6,0.85,1200.0,01 c5 01 c5 01 c5 01 c5 01 c5 01 c5 01 c5 01 c5 01 c5 01 c5 01 c5 01 c5 01 c5 01 c5 01 c5 01 c5,True,True
M,32,7012,0.2,0.65,350.0,01 c5 01 c5 01 c5 01 c5 01 c5 01 c5 01 c5 01 c5 01 c5 01 c5 01 c5 01 c5 01 c5 01 c5 01 c5 01 c5,True,True
M,32,7012,0.2,0.75,350.0,01 c5 01 c5 01 c5 01 c5 01 c5 01 c5 01 c5 01 c5 01 c5 01 c5 01 c5 01 c5 01 c5 01 c5 01 c5 01 c5,True,True
M,32,7012,0.2,0.85,350.0,01 c5 01 c5 01 c5 01 c5 01 c5 01 c5 01 c5 01 c5 01 c5 01 c5 01 c5 01 c5 01 c5 01 c5 01 c5 01 c5,True,True
M,32,7012,0.3,0.65,350.0,01 c5 01 c5 01 c5 01 c5 01 c5 01 c5 01 c5 01 c5 01 c5 01 c5 01 c5 01 c5 01 c5 01 c5 01 c5 01 c5,True,True
M,32,7012,0.3,0.75,350.0,01 c5 01 c5 01 c5 01 c5 01 c5 01 c5 01 c5 01 c5 01 c5 01 c5 01 c5 01 c5 01 c5 01 c5 01 c5 01 c5,True,True
M,32,7012,0.3,0.85,350.0,01 c5 01 c5 01 c5 01 c5 01 c5 01 c5 01 c5 01 c5 01 c5 01 c5 01 c5 01 c5 01 c5 01 c5 01 c5 01 c5,True,True
M,32,7012,0.4,0.65,350.0,01 c5 01 c5 01 c5 01 c5 01 c5 01 c5 01 c5 01 c5 01 c5 01 c5 01 c5 01 c5 01 c5 01 c5 01 c5 01 c5,True,True
M,32,7012,0.4,0.75,350.0,01 c5 01 c5 01 c5 01 c5 01 c5 01 c5 01 c5 01 c5 01 c5 01 c5 01 c5 01 c5 01 c5 01 c5 01 c5 01 c5,True,True
M,32,7012,0.4,0.85,350.0,01 c5 01 c5 01 c5 01 c5 01 c5 01 c5 01 c5 01 c5 01 c5 01 c5 01 c5 01 c5 01 c5 01 c5 01 c5 01 c5,True,True
M,32,7012,0.5,0.65,350.0,01 c5 01 c5 01 c5 01 c5 01 c5 01 c5 01 c5 01 c5 01 c5 01 c5 01 c5 01 c5 01 c5 01 c5 01 c5 01 c5,True,True
M,32,7012,0.5,0.75,350.0,01 c5 01 c5 01 c5 01 c5 01 c5 01 c5 01 c5 01 c5 01 c5 01 c5 01 c5 01 c5 01 c5 01 c5 01 c5 01 c5,True,True
M,32,7012,0.5,0.85,350.0,01 c5 01 c5 01 c5 01 c5 01 c5 01 c5 01 c5 01 c5 01 c5 01 c5 01 c5 01 c5 01 c5 01 c5 01 c5 01 c5,True,True
M,32,7012,0.6,0.65,350.0,01 c5 01 c5 01 c5 01 c5 01 c5 01 c5 01 c5 01 c5 01 c5 01 c5 01 c5 01 c5 01 c5 01 c5 01 c5 01 c5,True,True
M,32,7012,0.6,0.75,350.0,01 c5 01 c5 01 c5 01 c5 01 c5 01 c5 01 c5 01 c5 01 c5 01 c5 01 c5 01 c5 01 c5 01 c5 01 c5 01 c5,True,True
M,32,7012,0.6,0.85,350.0,01 c5 01 c5 01 c5 01 c5 01 c5 01 c5 01 c5 01 c5 01 c5 01 c5 01 c5 01 c5 01 c5 01 c5 01 c5 01 c5,True,True
M,32,7013,0.2,0.65,250.0,21 e5 21 e5 21 e5 21 e5 21 e5 21 e5 21 e5 21 e5 21 e5 21 e5 21 e5 21 e5 21 e5 21 e5 21 e5 21 e5,True,True
M,32,7013,0.2,0.75,250.0,21 e5 21 e5 21 e5 21 e5 21 e5 21 e5 21 e5 21 e5 21 e5 21 e5 21 e5 21 e5 21 e5 21 e5 21 e5 21 e5,True,True
M,32,7013,0.2,0.85,250.0,21 e5 21 e5 21 e5 21 e5 21 e5 21 e5 21 e5 21 e5 21 e5 21 e5 21 e5 21 e5 21 e5 21 e5 21 e5 21 e5,True,True
M,32,7013,0.3,0.65,250.0,21 e5 21 e5 21 e5 21 e5 21 e5 21 e5 21 e5 21 e5 21 e5 21 e5 21 e5 21 e5 21 e5 21 e5 21 e5 21 e5,True,True
M,32,7013,0.3,0.75,250.0,21 e5 21 e5 21 e5 21 e5 21 e5 21 e5 21 e5 21 e5 21 e5 21 e5 21 e5 21 e5 21 e5 21 e5 21 e5 21 e5,True,True
M,32,7013,0.3,0.85,250.0,21 e5 21 e5 21 e5 21 e5 21 e5 21 e5 21 e5 21 e5 21 e5 21 e5 21 e5 21 e5 21 e5 21 e5 21 e5 21 e5,True,True
M,32,7013,0.4,0.65,250.0,21 e5 21 e5 21 e5 21 e5 21 e5 21 e5 21 e5 21 e5 21 e5 21 e5 21 e5 21 e5 21 e5 21 e5 21 e5 21 e5,True,True
M,32,7013,0.4,0.75,250.0,21 e5 21 e5 21 e5 21 e5 21 e5 21 e5 21 e5 21 e5 21 e5 21 e5 21 e5 21 e5 21 e5 21 e5 21 e5 21 e5,True,True
M,32,7013,0.4,0.85,250.0,21 e5 21 e5 21 e5 21 e5 21 e5 21 e5 21 e5 21 e5 21 e5 21 e5 21 e5 21 e5 21 e5 21 e5 21 e5 21 e5,True,True
M,32,7013,0.5,0.65,250.0,21 e5 21 e5 21 e5 21 e5 21 e5 21 e5 21 e5 21 e5 21 e5 21 e5 21 e5 21 e5 21 e5 21 e5 21 e5 21 e5,True,True
M,32,7013,0.5,0.75,250.0,21 e5 21 e5 21 e5 21 e5 21 e5 21 e5 21 e5 21 e5 21 e5 21 e5 21 e5 21 e5 21 e5 21 e5 21 e5 21 e5,True,True
M,32,7013,0.5,0.85,250.0,21 e5 21 e5 21 e5 21 e5 21 e5 21 e5 21 e5 21 e5 21 e5 21 e5 21 e5 21 e5 21 e5 21 e5 21 e5 21 e5,True,True
M,32,7013,0.6,0.65,1000.0,11 d5 11 d5 11 d5 11 d5 11 d5 11 d5 11 d5 11 d5 11 d5 11 d5 11 d5 11 d5 11 d5 11 d5 11 d5 11 d5,True,True
M,32,7013,0.6,0.75,1000.0,11 d5 11 d5 11 d5 11 d5 11 d5 11 d5 11 d5 11 d5 11 d5 11 d5 11 d5 11 d5 11 d5 11 d5 11 d5 11 d5,True,True
M,32,7013,0.6,0.85,1000.0,11 d5 11 d5 11 d5 11 d5 11 d5 11 d5 11 d5 11 d5 11 d5 11 d5 11 d5 11 d5 11 d5 11 d5 11 d5 11 d5,True,True
M,32,7014,0.2,0.65,300.0,01 c5 01 c5 01 c5 01 c5 01 c5 01 c5 01 c5 01 c5 01 c5 01 c5 01 c5 01 c5 01 c5 01 c5 01 c5 01 c5,True,True
M,32,7014,0.2,0.75,300.0,01 c5 01 c5 01 c5 01 c5 01 c5 01 c5 01 c5 01 c5 01 c5 01 c5 01 c5 01 c5 01 c5 01 c5 01 c5 01 c5,True,True
M,32,7014,0.2,0.85,300.0,01 c5 01 c5 01 c5 01 c5 01 c5 01 c5 01 c5 01 c5 01 c5 01 c5 01 c5 01 c5 01 c5 01 c5 01 c5 01 c5,True,True
M,32,7014,0.3,0.65,300.0,01 c5 01 c5 01 c5 01 c5 01 c5 01 c5 01 c5 01 c5 01 c5 01 c5 01 c5 01 c5 01 c5 01 c5 01 c5 01 c5,True,True
M,32,7014,0.3,0.75,300.0,01 c5 01 c5 01 c5 01 c5 01 c5 01 c5 01 c5 01 c5 01 c5 01 c5 01 c5 01 c5 01 c5 01 c5 01 c5 01 c5,True,True
M,32,7014,0.3,0.85,300.0,01 c5 01 c5 01 c5 01 c5 01 c5 01 c5 01 c5 01 c5 01 c5 01 c5 01 c5 01 c5 01 c5 01 c5 01 c5 01 c5,True,True
M,32,7014,0.4,0.65,300.0,01 c5 01 c5 01 c5 01 c5 01 c5 01 c5 01 c5 01 c5 01 c5 01 c5 01 c5 01 c5 01 c5 01 c5 01 c5 01 c5,True,True
M,32,7014,0.4,0.75,300.0,01 c5 01 c5 01 c5 01 c5 01 c5 01 c5 01 c5 01 c5 01 c5 01 c5 01 c5 01 c5 01 c5 01 c5 01 c5 01 c5,True,True
M,32,7014,0.4,0.85,300.0,01 c5 01 c5 01 c5 01 c5 01 c5 01 c5 01 c5 01 c5 01 c5 01 c5 01 c5 01 c5 01 c5 01 c5 01 c5 01 c5,True,True
M,32,7014,0.5,0.65,300.0,01 c5 01 c5 01 c5 01 c5 01 c5 01 c5 01 c5 01 c5 01 c5 01 c5 01 c5 01 c5 01 c5 01 c5 01 c5 01 c5,True,True
M,32,7014,0.5,0.75,300.0,01 c5 01 c5 01 c5 01 c5 01 c5 01 c5 01 c5 01 c5 01 c5 01 c5 01 c5 01 c5 01 c5 01 c5 01 c5 01 c5,True,True
M,32,7014,0.5,0.85,300.0,01 c5 01 c5 01 c5 01 c5 01 c5 01 c5 01 c5 01 c5 01 c5 01 c5 01 c5 01 c5 01 c5 01 c5 01 c5 01 c5,True,True
M,32,7014,0.6,0.65,300.0,01 c5 01 c5 01 c5 01 c5 01 c5 01 c5 01 c5 01 c5 01 c5 01 c5 01 c5 01 c5 01 c5 01 c5 01 c5 01 c5,True,True
M,32,7014,0.6,0.75,300.0,01 c5 01 c5 01 c5 01 c5 01 c5 01 c5 01 c5 01 c5 01 c5 01 c5 01 c5 01 c5 01 c5 01 c5 01 c5 01 c5,True,True
M,32,7014,0.6,0.85,300.0,01 c5 01 c5 01 c5 01 c5 01 c5 01 c5 01 c5 01 c5 01 c5 01 c5 01 c5 01 c5 01 c5 01 c5 01 c5 01 c5,True,True
M,32,7015,0.2,0.65,850.0,01 c5 01 c5 01 c5 01 c5 01 c5 01 c5 01 c5 01 c5 01 c5 01 c5 01 c5 01 c5 01 c5 01 c5 01 c5 01 c5,True,True
M,32,7015,0.2,0.75,850.0,01 c5 01 c5 01 c5 01 c5 01 c5 01 c5 01 c5 01 c5 01 c5 01 c5 01 c5 01 c5 01 c5 01 c5 01 c5 01 c5,True,True
M,32,7015,0.2,0.85,850.0,01 c5 01 c5 01 c5 01 c5 01 c5 01 c5 01 c5 01 c5 01 c5 01 c5 01 c5 01 c5 01 c5 01 c5 01 c5 01 c5,True,True
M,32,7015,0.3,0.65,850.0,01 c5 01 c5 01 c5 01 c5 01 c5 01 c5 01 c5 01 c5 01 c5 01 c5 01 c5 01 c5 01 c5 01 c5 01 c5 01 c5,True,True
M,32,7015,0.3,0.75,850.0,01 c5 01 c5 01 c5 01 c5 01 c5 01 c5 01 c5 01 c5 01 c5 01 c5 01 c5 01 c5 01 c5 01 c5 01 c5 01 c5,True,True
M,32,7015,0.3,0.85,850.0,01 c5 01 c5 01 c5 01 c5 01 c5 01 c5 01 c5 01 c5 01 c5 01 c5 01 c5 01 c5 01 c5 01 c5 01 c5 01 c5,True,True
M,32,7015,0.4,0.65,850.0,01 c5 01 c5 01 c5 01 c5 01 c5 01 c5 01 c5 01 c5 01 c5 01 c5 01 c5 01 c5 01 c5 01 c5 01 c5 01 c5,True,True
M,32,7015,0.4,0.75,850.0,01 c5 01 c5 01 c5 01 c5 01 c5 01 c5 01 c5 01 c5 01 c5 01 c5 01 c5 01 c5 01 c5 01 c5 01 c5 01 c5,True,True
M,32,7015,0.4,0.85,850.0,01 c5 01 c5 01 c5 01 c5 01 c5 01 c5 01 c5 01 c5 01 c5 01 c5 01 c5 01 c5 01 c5 01 c5 01 c5 01 c5,True,True
M,32,7015,0.5,0.65,850.0,01 c5 01 c5 01 c5 01 c5 01 c5 01 c5 01 c5 01 c5 01 c5 01 c5 01 c5 01 c5 01 c5 01 c5 01 c5 01 c5,True,True
M,32,7015,0.5,0.75,850.0,01 c5 01 c5 01 c5 01 c5 01 c5 01 c5 01 c5 01 c5 01 c5 01 c5 01 c5 01 c5 01 c5 01 c5 01 c5 01 c5,True,True
M,32,7015,0.5,0.85,850.0,01 c5 01 c5 01 c5 01 c5 01 c5 01 c5 01 c5 01 c5 01 c5 01 c5 01 c5 01 c5 01 c5 01 c5 01 c5 01 c5,True,True
M,32,7015,0.6,0.65,850.0,01 c5 01 c5 01 c5 01 c5 01 c5 01 c5 01 c5 01 c5 01 c5 01 c5 01 c5 01 c5 01 c5 01 c5 01 c5 01 c5,True,True
M,32,7015,0.6,0.75,850.0,01 c5 01 c5 01 c5 01 c5 01 c5 01 c5 01 c5 01 c5 01 c5 01 c5 01 c5 01 c5 01 c5 01 c5 01 c5 01 c5,True,True
M,32,7015,0.6,0.85,850.0,01 c5 01 c5 01 c5 01 c5 01 c5 01 c5 01 c5 01 c5 01 c5 01 c5 01 c5 01 c5 01 c5 01 c5 01 c5 01 c5,True,True
M,32,7016,0.2,0.65,1500.0,01 c5 01 c5 01 c5 01 c5 01 c5 01 c5 01 c5 01 c5 01 c5 01 c5 01 c5 01 c5 01 c5 01 c5 01 c5 01 c5,True,True
M,32,7016,0.2,0.75,1500.0,01 c5 01 c5 01 c5 01 c5 01 c5 01 c5 01 c5 01 c5 01 c5 01 c5 01 c5 01 c5 01 c5 01 c5 01 c5 01 c5,True,True
M,32,7016,0.2,0.85,1500.0,01 c5 01 c5 01 c5 01 c5 01 c5 01 c5 01 c5 01 c5 01 c5 01 c5 01 c5 01 c5 01 c5 01 c5 01 c5 01 c5,True,True
M,32,7016,0.3,0.65,1500.0,01 c5 01 c5 01 c5 01 c5 01 c5 01 c5 01 c5 01 c5 01 c5 01 c5 01 c5 01 c5 01 c5 01 c5 01 c5 01 c5,True,True
M,32,7016,0.3,0.75,1500.0,01 c5 01 c5 01 c5 01 c5 01 c5 01 c5 01 c5 01 c5 01 c5 01 c5 01 c5 01 c5 01 c5 01 c5 01 c5 01 c5,True,True
M,32,7016,0.3,0.85,1500.0,01 c5 01 c5 01 c5 01 c5 01 c5 01 c5 01 c5 01 c5 01 c5 01 c5 01 c5 01 c5 01 c5 01 c5 01 c5 01 c5,True,True
M,32,7016,0.4,0.65,1500.0,01 c5 01 c5 01 c5 01 c5 01 c5 01 c5 01 c5 01 c5 01 c5 01 c5 01 c5 01 c5 01 c5 01 c5 01 c5 01 c5,True,True
M,32,7016,0.4,0.75,1500.0,01 c5 01 c5 01 c5 01 c5 01 c5 01 c5 01 c5 01 c5 01 c5 01 c5 01 c5 01 c5 01 c5 01 c5 01 c5 01 c5,True,True
M,32,7016,0.4,0.85,1500.0,01 c5 01 c5 01 c5 01 c5 01 c5 01 c5 01 c5 01 c5 01 c5 01 c5 01 c5 01 c5 01 c5 01 c5 01 c5 01 c5,True,True
M,32,7016,0.5,0.65,1500.0,01 c5 01 c5 01 c5 01 c5 01 c5 01 c5 01 c5 01 c5 01 c5 01 c5 01 c5 01 c5 01 c5 01 c5 01 c5 01 c5,True,True
M,32,7016,0.5,0.75,1500.0,01 c5 01 c5 01 c5 01 c5 01 c5 01 c5 01 c5 01 c5 01 c5 01 c5 01 c5 01 c5 01 c5 01 c5 01 c5 01 c5,True,True
M,32,7016,0.5,0.85,1500.0,01 c5 01 c5 01 c5 01 c5 01 c5 01 c5 01 c5 01 c5 01 c5 01 c5 01 c5 01 c5 01 c5 01 c5 01 c5 01 c5,True,True
M,32,7016,0.6,0.65,1500.0,01 c5 01 c5 01 c5 01 c5 01 c5 01 c5 01 c5 01 c5 01 c5 01 c5 01 c5 01 c5 01 c5 01 c5 01 c5 01 c5,True,True
M,32,7016,0.6,0.75,1500.0,01 c5 01 c5 01 c5 01 c5 01 c5 01 c5 01 c5 01 c5 01 c5 01 c5 01 c5 01 c5 01 c5 01 c5 01 c5 01 c5,True,True
M,32,7016,0.6,0.85,1500.0,01 c5 01 c5 01 c5 01 c5 01 c5 01 c5 01 c5 01 c5 01 c5 01 c5 01 c5 01 c5 01 c5 01 c5 01 c5 01 c5,True,True
M,32,7017,0.2,0.65,250.0,11 d5 11 d5 11 d5 11 d5 11 d5 11 d5 11 d5 11 d5 11 d5 11 d5 11 d5 11 d5 11 d5 11 d5 11 d5 11 d5,True,True
M,32,7017,0.2,0.75,250.0,11 d5 11 d5 11 d5 11 d5 11 d5 11 d5 11 d5 11 d5 11 d5 11 d5 11 d5 11 d5 11 d5 11 d5 11 d5 11 d5,True,True
M,32,7017,0.2,0.85,250.0,11 d5 11 d5 11 d5 11 d5 11 d5 11 d5 11 d5 11 d5 11 d5 11 d5 11 d5 11 d5 11 d5 11 d5 11 d5 11 d5,True,True
M,32,7017,0.3,0.65,250.0,11 d5 11 d5 11 d5 11 d5 11 d5 11 d5 11 d5 11 d5 11 d5 11 d5 11 d5 11 d5 11 d5 11 d5 11 d5 11 d5,True,True
M,32,7017,0.3,0.75,250.0,11 d5 11 d5 11 d5 11 d5 11 d5 11 d5 11 d5 11 d5 11 d5 11 d5 11 d5 11 d5 11 d5 11 d5 11 d5 11 d5,True,True
M,32,7017,0.3,0.85,250.0,11 d5 11 d5 11 d5 11 d5 11 d5 11 d5 11 d5 11 d5 11 d5 11 d5 11 d5 11 d5 11 d5 11 d5 11 d5 11 d5,True,True
M,32,7017,0.4,0.65,250.0,11 d5 11 d5 11 d5 11 d5 11 d5 11 d5 11 d5 11 d5 11 d5 11 d5 11 d5 11 d5 11 d5 11 d5 11 d5 11 d5,True,True
M,32,7017,0.4,0.75,250.0,11 d5 11 d5 11 d5 11 d5 11 d5 11 d5 11 d5 11 d5 11 d5 11 d5 11 d5 11 d5 11 d5 11 d5 11 d5 11 d5,True,True
M,32,7017,0.4,0.85,250.0,11 d5 11 d5 11 d5 11 d5 11 d5 11 d5 11 d5 11 d5 11 d5 11 d5 11 d5 11 d5 11 d5 11 d5 11 d5 11 d5,True,True
M,32,7017,0.5,0.65,250.0,11 d5 11 d5 11 d5 11 d5 11 d5 11 d5 11 d5 11 d5 11 d5 11 d5 11 d5 11 d5 11 d5 11 d5 11 d5 11 d5,True,True
M,32,7017,0.5,0.75,250.0,11 d5 11 d5 11 d5 11 d5 11 d5 11 d5 11 d5 11 d5 11 d5 11 d5 11 d5 11 d5 11 d5 11 d5 11 d5 11 d5,True,True
M,32,7017,0.5,0.85,250.0,11 d5 11 d5 11 d5 11 d5 11 d5 11 d5 11 d5 11 d5 11 d5 11 d5 11 d5 11 d5 11 d5 11 d5 11 d5 11 d5,True,True
M,32,7017,0.6,0.65,250.0,11 d5 11 d5 11 d5 11 d5 11 d5 11 d5 11 d5 11 d5 11 d5 11 d5 11 d5 11 d5 11 d5 11 d5 11 d5 11 d5,True,True
M,32,7017,0.6,0.75,250.0,11 d5 11 d5 11 d5 11 d5 11 d5 11 d5 11 d5 11 d5 11 d5 11 d5 11 d5 11 d5 11 d5 11 d5 11 d5 11 d5,True,True
M,32,7017,0.6,0.85,250.0,11 d5 11 d5 11 d5 11 d5 11 d5 11 d5 11 d5 11 d5 11 d5 11 d5 11 d5 11 d5 11 d5 11 d5 11 d5 11 d5,True,True
M,32,7018,0.2,0.65,750.0,01 c5 01 c5 01 c5 01 c5 01 c5 01 c5 01 c5 01 c5 01 c5 01 c5 01 c5 01 c5 01 c5 01 c5 01 c5 01 c5,True,True
M,32,7018,0.2,0.75,750.0,01 c5 01 c5 01 c5 01 c5 01 c5 01 c5 01 c5 01 c5 01 c5 01 c5 01 c5 01 c5 01 c5 01 c5 01 c5 01 c5,True,True
M,32,7018,0.2,0.85,750.0,01 c5 01 c5 01 c5 01 c5 01 c5 01 c5 01 c5 01 c5 01 c5 01 c5 01 c5 01 c5 01 c5 01 c5 01 c5 01 c5,True,True
M,32,7018,0.3,0.65,750.0,01 c5 01 c5 01 c5 01 c5 01 c5 01 c5 01 c5 01 c5 01 c5 01 c5 01 c5 01 c5 01 c5 01 c5 01 c5 01 c5,True,True
M,32,7018,0.3,0.75,750.0,01 c5 01 c5 01 c5 01 c5 01 c5 01 c5 01 c5 01 c5 01 c5 01 c5 01 c5 01 c5 01 c5 01 c5 01 c5 01 c5,True,True
M,32,7018,0.3,0.85,750.0,01 c5 01 c5 01 c5 01 c5 01 c5 01 c5 01 c5 01 c5 01 c5 01 c5 01 c5 01 c5 01 c5 01 c5 01 c5 01 c5,True,True
M,32,7018,0.4,0.65,750.0,01 c5 01 c5 01 c5 01 c5 01 c5 01 c5 01 c5 01 c5 01 c5 01 c5 01 c5 01 c5 01 c5 01 c5 01 c5 01 c5,True,True
M,32,7018,0.4,0.75,750.0,01 c5 01 c5 01 c5 01 c5 01 c5 01 c5 01 c5 01 c5 01 c5 01 c5 01 c5 01 c5 01 c5 01 c5 01 c5 01 c5,True,True
M,32,7018,0.4,0.85,750.0,01 c5 01 c5 01 c5 01 c5 01 c5 01 c5 01 c5 01 c5 01 c5 01 c5 01 c5 01 c5 01 c5 01 c5 01 c5 01 c5,True,True
M,32,7018,0.5,0.65,750.0,01 c5 01 c5 01 c5 01 c5 01 c5 01 c5 01 c5 01 c5 01 c5 01 c5 01 c5 01 c5 01 c5 01 c5 01 c5 01 c5,True,True
M,32,7018,0.5,0.75,750.0,01 c5 01 c5 01 c5 01 c5 01 c5 01 c5 01 c5 01 c5 01 c5 01 c5 01 c5 01 c5 01 c5 01 c5 01 c5 01 c5,True,True
M,32,7018,0.5,0.85,750.0,01 c5 01 c5 01 c5 01 c5 01 c5 01 c5 01 c5 01 c5 01 c5 01 c5 01 c5 01 c5 01 c5 01 c5 01 c5 01 c5,True,True
M,32,7018,0.6,0.65,750.0,01 c5 01 c5 01 c5 01 c5 01 c5 01 c5 01 c5 01 c5 01 c5 01 c5 01 c5 01 c5 01 c5 01 c5 01 c5 01 c5,True,True
M,32,7018,0.6,0.75,750.0,01 c5 01 c5 01 c5 01 c5 01 c5 01 c5 01 c5 01 c5 01 c5 01 c5 01 c5 01 c5 01 c5 01 c5 01 c5 01 c5,True,True
M,32,7018,0.6,0.85,750.0,01 c5 01 c5 01 c5 01 c5 01 c5 01 c5 01 c5 01 c5 01 c5 01 c5 01 c5 01 c5 01 c5 01 c5 01 c5 01 c5,True,True
M,32,7019,0.2,0.65,250.0,11 d5 11 d5 11 d5 11 d5 11 d5 11 d5 11 d5 11 d5 11 d5 11 d5 11 d5 11 d5 11 d5 11 d5 11 d5 11 d5,True,True
M,32,7019,0.2,0.75,250.0,11 d5 11 d5 11 d5 11 d5 11 d5 11 d5 11 d5 11 d5 11 d5 11 d5 11 d5 11 d5 11 d5 11 d5 11 d5 11 d5,True,True
M,32,7019,0.2,0.85,250.0,11 d5 11 d5 11 d5 11 d5 11 d5 11 d5 11 d5 11 d5 11 d5 11 d5 11 d5 11 d5 11 d5 11 d5 11 d5 11 d5,True,True
M,32,7019,0.3,0.65,250.0,11 d5 11 d5 11 d5 11 d5 11 d5 11 d5 11 d5 11 d5 11 d5 11 d5 11 d5 11 d5 11 d5 11 d5 11 d5 11 d5,True,True
M,32,7019,0.3,0.75,250.0,11 d5 11 d5 11 d5 11 d5 11 d5 11 d5 11 d5 11 d5 11 d5 11 d5 11 d5 11 d5 11 d5 11 d5 11 d5 11 d5,True,True
M,32,7019,0.3,0.85,250.0,11 d5 11 d5 11 d5 11 d5 11 d5 11 d5 11 d5 11 d5 11 d5 11 d5 11 d5 11 d5 11 d5 11 d5 11 d5 11 d5,True,True
M,32,7019,0.4,0.65,250.0,11 d5 11 d5 11 d5 11 d5 11 d5 11 d5 11 d5 11 d5 11 d5 11 d5 11 d5 11 d5 11 d5 11 d5 11 d5 11 d5,True,True
M,32,7019,0.4,0.75,250.0,11 d5 11 d5 11 d5 11 d5 11 d5 11 d5 11 d5 11 d5 11 d5 11 d5 11 d5 11 d5 11 d5 11 d5 11 d5 11 d5,True,True
M,32,7019,0.4,0.85,250.0,11 d5 11 d5 11 d5 11 d5 11 d5 11 d5 11 d5 11 d5 11 d5 11 d5 11 d5 11 d5 11 d5 11 d5 11 d5 11 d5,True,True
M,32,7019,0.5,0.65,250.0,11 d5 11 d5 11 d5 11 d5 11 d5 11 d5 11 d5 11 d5 11 d5 11 d5 11 d5 11 d5 11 d5 11 d5 11 d5 11 d5,True,True
M,32,7019,0.5,0.75,250.0,11 d5 11 d5 11 d5 11 d5 11 d5 11 d5 11 d5 11 d5 11 d5 11 d5 11 d5 11 d5 11 d5 11 d5 11 d5 11 d5,True,True
M,32,7019,0.5,0.85,250.0,11 d5 11 d5 11 d5 11 d5 11 d5 11 d5 11 d5 11 d5 11 d5 11 d5 11 d5 11 d5 11 d5 11 d5 11 d5 11 d5,True,True
M,32,7019,0.6,0.65,250.0,11 d5 11 d5 11 d5 11 d5 11 d5 11 d5 11 d5 11 d5 11 d5 11 d5 11 d5 11 d5 11 d5 11 d5 11 d5 11 d5,True,True
M,32,7019,0.6,0.75,250.0,11 d5 11 d5 11 d5 11 d5 11 d5 11 d5 11 d5 11 d5 11 d5 11 d5 11 d5 11 d5 11 d5 11 d5 11 d5 11 d5,True,True
M,32,7019,0.6,0.85,250.0,11 d5 11 d5 11 d5 11 d5 11 d5 11 d5 11 d5 11 d5 11 d5 11 d5 11 d5 11 d5 11 d5 11 d5 11 d5 11 d5,True,True
M,32,7020,0.2,0.65,450.0,01 c5 01 c5 01 c5 01 c5 01 c5 01 c5 01 c5 01 c5 01 c5 01 c5 01 c5 01 c5 01 c5 01 c5 01 c5 01 c5,True,True
M,32,7020,0.2,0.75,450.0,01 c5 01 c5 01 c5 01 c5 01 c5 01 c5 01 c5 01 c5 01 c5 01 c5 01 c5 01 c5 01 c5 01 c5 01 c5 01 c5,True,True
M,32,7020,0.2,0.85,450.0,01 c5 01 c5 01 c5 01 c5 01 c5 01 c5 01 c5 01 c5 01 c5 01 c5 01 c5 01 c5 01 c5 01 c5 01 c5 01 c5,True,True
M,32,7020,0.3,0.65,450.0,01 c5 01 c5 01 c5 01 c5 01 c5 01 c5 01 c5 01 c5 01 c5 01 c5 01 c5 01 c5 01 c5 01 c5 01 c5 01 c5,True,True
M,32,7020,0.3,0.75,450.0,01 c5 01 c5 01 c5 01 c5 01 c5 01 c5 01 c5 01 c5 01 c5 01 c5 01 c5 01 c5 01 c5 01 c5 01 c5 01 c5,True,True
M,32,7020,0.3,0.85,450.0,01 c5 01 c5 01 c5 01 c5 01 c5 01 c5 01 c5 01 c5 01 c5 01 c5 01 c5 01 c5 01 c5 01 c5 01 c5 01 c5,True,True
M,32,7020,0.4,0.65,450.0,01 c5 01 c5 01 c5 01 c5 01 c5 01 c5 01 c5 01 c5 01 c5 01 c5 01 c5 01 c5 01 c5 01 c5 01 c5 01 c5,True,True
M,32,7020,0.4,0.75,450.0,01 c5 01 c5 01 c5 01 c5 01 c5 01 c5 01 c5 01 c5 01 c5 01 c5 01 c5 01 c5 01 c5 01 c5 01 c5 01 c5,True,True
M,32,7020,0.4,0.85,450.0,01 c5 01 c5 01 c5 01 c5 01 c5 01 c5 01 c5 01 c5 01 c5 01 c5 01 c5 01 c5 01 c5 01 c5 01 c5 01 c5,True,True
M,32,7020,0.5,0.65,450.0,01 c5 01 c5 01 c5 01 c5 01 c5 01 c5 01 c5 01 c5 01 c5 01 c5 01 c5 01 c5 01 c5 01 c5 01 c5 01 c5,True,True
M,32,7020,0.5,0.75,450.0,01 c5 01 c5 01 c5 01 c5 01 c5 01 c5 01 c5 01 c5 01 c5 01 c5 01 c5 01 c5 01 c5 01 c5 01 c5 01 c5,True,True
M,32,7020,0.5,0.85,450.0,01 c5 01 c5 01 c5 01 c5 01 c5 01 c5 01 c5 01 c5 01 c5 01 c5 01 c5 01 c5 01 c5 01 c5 01 c5 01 c5,True,True
M,32,7020,0.6,0.65,450.0,01 c5 01 c5 01 c5 01 c5 01 c5 01 c5 01 c5 01 c5 01 c5 01 c5 01 c5 01 c5 01 c5 01 c5 01 c5 01 c5,True,True
M,32,7020,0.6,0.75,450.0,01 c5 01 c5 01 c5 01 c5 01 c5 01 c5 01 c5 01 c5 01 c5 01 c5 01 c5 01 c5 01 c5 01 c5 01 c5 01 c5,True,True
M,32,7020,0.6,0.85,450.0,01 c5 01 c5 01 c5 01 c5 01 c5 01 c5 01 c5 01 c5 01 c5 01 c5 01 c5 01 c5 01 c5 01 c5 01 c5 01 c5,True,True
